# Blender v2.79 (sub 0) OBJ File: ''
# www.blender.org
mtllib meganob Killsaws 2.mtl
o 40mm_Cylinder.001_40mm_Cylinder.006
v -0.438581 0.000147 -0.657878
v -0.001124 0.000147 -0.003096
v -0.302450 0.000147 -0.730651
v -0.302450 0.000147 0.724459
v -0.438581 0.000147 0.651687
v 0.786277 0.000147 -0.003095
v 0.771147 0.000147 0.150539
v -0.728589 0.000147 -0.304459
v -0.655825 0.000147 -0.440607
v 0.653576 0.000147 -0.440607
v 0.726340 0.000147 -0.304458
v -0.773396 0.000147 0.150538
v -0.788526 0.000147 -0.003096
v -0.001124 0.000147 0.784404
v -0.154739 0.000147 0.769273
v 0.300202 0.000147 -0.730651
v 0.436333 0.000147 -0.657878
v 0.436332 0.000147 0.651687
v 0.300200 0.000147 0.724460
v -0.154739 0.000147 -0.775464
v -0.001124 0.000147 -0.790596
v -0.557901 0.000147 0.553751
v -0.655825 0.000147 0.434416
v 0.726340 0.000147 0.298268
v 0.653576 0.000147 0.434417
v -0.557901 0.000147 -0.559942
v 0.771148 0.000147 -0.156729
v -0.773396 0.000147 -0.156729
v 0.555653 0.000147 -0.559942
v 0.152489 0.000147 0.769273
v -0.728588 0.000147 0.298267
v 0.152490 0.000147 -0.775464
v 0.555652 0.000147 0.553751
v -0.001124 0.015383 0.737468
v 0.143333 0.015383 0.723238
v -0.685230 0.015383 0.280306
v -0.616804 0.015383 0.408339
v 0.143335 0.015383 -0.729430
v -0.001124 0.015383 -0.743660
v 0.282241 0.015383 0.681096
v 0.522468 0.015383 -0.526753
v 0.410260 0.015383 -0.618852
v -0.284490 0.015383 0.681096
v -0.145583 0.015383 0.723238
v -0.727368 0.015383 -0.147573
v -0.741595 0.015383 -0.003096
v 0.725119 0.015383 -0.147572
v 0.682982 0.015383 -0.286497
v -0.524716 0.015383 -0.526753
v -0.616804 0.015383 -0.414531
v 0.682982 0.015383 0.280306
v 0.725119 0.015383 0.141382
v -0.524716 0.015383 0.520562
v -0.412508 0.015383 0.612660
v -0.145583 0.015383 -0.729430
v -0.284490 0.015383 -0.687288
v 0.410259 0.015383 0.612661
v 0.522467 0.015383 0.520563
v 0.282242 0.015383 -0.687287
v -0.727367 0.015383 0.141381
v 0.614555 0.015383 -0.414531
v -0.685231 0.015383 -0.286497
v 0.739347 0.015383 -0.003095
v -0.412508 0.015383 -0.618852
v 0.614554 0.015383 0.408340
v -0.134719 0.015410 0.669152
v -0.001054 0.015410 0.682319
v -0.263245 0.015410 0.630159
v -0.381697 0.015410 0.566838
v -0.485520 0.015410 0.481622
v -0.570726 0.015410 0.377785
v -0.634039 0.015410 0.259319
v -0.673028 0.015410 0.130776
v -0.686193 0.015410 -0.002905
v -0.673028 0.015410 -0.136585
v -0.634039 0.015410 -0.265129
v -0.570726 0.015410 -0.383594
v -0.485520 0.015410 -0.487431
v -0.381697 0.015410 -0.572647
v -0.263245 0.015410 -0.635969
v -0.134718 0.015410 -0.674962
v -0.001054 0.015410 -0.688128
v 0.132609 0.015410 -0.674962
v 0.261137 0.015410 -0.635969
v 0.379588 0.015410 -0.572647
v 0.483411 0.015410 -0.487431
v 0.568616 0.015410 -0.383594
v 0.631930 0.015410 -0.265128
v 0.670918 0.015410 -0.136584
v 0.684083 0.015410 -0.002904
v 0.670918 0.015410 0.130776
v 0.631930 0.015410 0.259320
v 0.568616 0.015410 0.377786
v 0.483410 0.015410 0.481622
v 0.379587 0.015410 0.566838
v 0.261136 0.015410 0.630160
v 0.132608 0.015410 0.669153
v 0.152489 0.102457 0.769273
v -0.001124 0.102457 0.784404
v -0.001124 0.117692 0.737468
v 0.143333 0.117692 0.723238
v -0.655825 0.102457 0.434416
v -0.728588 0.102457 0.298267
v -0.685230 0.117692 0.280306
v -0.616804 0.117692 0.408339
v -0.001124 0.102457 -0.790596
v 0.152490 0.102457 -0.775464
v 0.143335 0.117692 -0.729430
v -0.001124 0.117692 -0.743660
v 0.300200 0.102457 0.724460
v 0.282241 0.117692 0.681096
v 0.436333 0.102457 -0.657878
v 0.555653 0.102457 -0.559942
v 0.522468 0.117692 -0.526753
v 0.410260 0.117692 -0.618852
v -0.154739 0.102457 0.769273
v -0.302450 0.102457 0.724459
v -0.284490 0.117692 0.681096
v -0.145583 0.117692 0.723238
v -0.788526 0.102457 -0.003096
v -0.773396 0.102457 -0.156729
v -0.727368 0.117692 -0.147573
v -0.741595 0.117692 -0.003096
v 0.726340 0.102457 -0.304458
v 0.771148 0.102457 -0.156729
v 0.725119 0.117692 -0.147572
v 0.682982 0.117692 -0.286497
v -0.655825 0.102457 -0.440607
v -0.557901 0.102457 -0.559942
v -0.524716 0.117692 -0.526753
v -0.616804 0.117692 -0.414531
v 0.771147 0.102457 0.150539
v 0.726340 0.102457 0.298268
v 0.682982 0.117692 0.280306
v 0.725119 0.117692 0.141382
v -0.438581 0.102457 0.651687
v -0.557901 0.102457 0.553751
v -0.524716 0.117692 0.520562
v -0.412508 0.117692 0.612660
v -0.302450 0.102457 -0.730651
v -0.154739 0.102457 -0.775464
v -0.145583 0.117692 -0.729430
v -0.284490 0.117692 -0.687288
v 0.555652 0.102457 0.553751
v 0.436332 0.102457 0.651687
v 0.410259 0.117692 0.612661
v 0.522467 0.117692 0.520563
v 0.300202 0.102457 -0.730651
v 0.282242 0.117692 -0.687287
v -0.773396 0.102457 0.150538
v -0.727367 0.117692 0.141381
v 0.653576 0.102457 -0.440607
v 0.614555 0.117692 -0.414531
v -0.728589 0.102457 -0.304459
v -0.685231 0.117692 -0.286497
v 0.786277 0.102457 -0.003095
v 0.739347 0.117692 -0.003095
v -0.438581 0.102457 -0.657878
v -0.412508 0.117692 -0.618852
v 0.653576 0.102457 0.434417
v 0.614554 0.117692 0.408340
v -0.134719 0.117719 0.669152
v -0.001054 0.117719 0.682319
v -0.263245 0.117719 0.630159
v -0.381697 0.117719 0.566838
v -0.485520 0.117719 0.481622
v -0.570726 0.117719 0.377785
v -0.634039 0.117719 0.259319
v -0.673028 0.117719 0.130776
v -0.686193 0.117719 -0.002905
v -0.673028 0.117719 -0.136585
v -0.634039 0.117719 -0.265129
v -0.570726 0.117719 -0.383594
v -0.485520 0.117719 -0.487431
v -0.381697 0.117719 -0.572647
v -0.263245 0.117719 -0.635969
v -0.134718 0.117719 -0.674962
v -0.001054 0.117719 -0.688128
v 0.132609 0.117719 -0.674962
v 0.261137 0.117719 -0.635969
v 0.379588 0.117719 -0.572647
v 0.483411 0.117719 -0.487431
v 0.568616 0.117719 -0.383594
v 0.631930 0.117719 -0.265128
v 0.670918 0.117719 -0.136584
v 0.684083 0.117719 -0.002904
v 0.670918 0.117719 0.130776
v 0.631930 0.117719 0.259320
v 0.568616 0.117719 0.377786
v 0.483410 0.117719 0.481622
v 0.379587 0.117719 0.566838
v 0.261136 0.117719 0.630160
v 0.132608 0.117719 0.669153
vt 0.371696 0.725643
vt 0.371338 0.724565
vt 0.375894 0.722838
vt 0.380092 0.725643
vt 0.379574 0.726613
vt 0.376361 0.716917
vt 0.377276 0.717145
vt 0.373650 0.728086
vt 0.372874 0.727437
vt 0.373650 0.717591
vt 0.374512 0.717145
vt 0.376361 0.728759
vt 0.375427 0.728759
vt 0.380632 0.723422
vt 0.380450 0.724566
vt 0.371696 0.720033
vt 0.372214 0.719064
vt 0.380092 0.720034
vt 0.380450 0.721111
vt 0.371156 0.723421
vt 0.371156 0.722255
vt 0.378914 0.727438
vt 0.378138 0.728086
vt 0.378138 0.717591
vt 0.378914 0.718239
vt 0.372214 0.726613
vt 0.375427 0.716917
vt 0.374512 0.728532
vt 0.372874 0.718239
vt 0.380632 0.722255
vt 0.377276 0.728532
vt 0.371338 0.721111
vt 0.379574 0.719064
vt 0.356389 0.722925
vt 0.356800 0.722966
vt 0.356784 0.723432
vt 0.356372 0.723432
vt 0.356789 0.725901
vt 0.357169 0.725692
vt 0.357335 0.726111
vt 0.356969 0.726358
vt 0.360114 0.717494
vt 0.360219 0.717998
vt 0.359856 0.718125
vt 0.359727 0.717635
vt 0.356439 0.722422
vt 0.356847 0.722506
vt 0.358980 0.718031
vt 0.359172 0.718490
vt 0.358850 0.718724
vt 0.358628 0.718286
vt 0.356389 0.723938
vt 0.356800 0.723897
vt 0.356847 0.724358
vt 0.356439 0.724441
vt 0.357419 0.727213
vt 0.357749 0.726888
vt 0.357991 0.727243
vt 0.357687 0.727601
vt 0.357979 0.718904
vt 0.358257 0.719291
vt 0.357991 0.719620
vt 0.357687 0.719262
vt 0.358293 0.728285
vt 0.358544 0.727871
vt 0.358850 0.728139
vt 0.358628 0.728577
vt 0.357180 0.720066
vt 0.357529 0.720352
vt 0.357335 0.720752
vt 0.356969 0.720505
vt 0.356523 0.724939
vt 0.356925 0.724812
vt 0.357032 0.725258
vt 0.356639 0.725426
vt 0.359347 0.729050
vt 0.359508 0.728573
vt 0.359856 0.728739
vt 0.359727 0.729228
vt 0.356639 0.721437
vt 0.357032 0.721605
vt 0.356925 0.722051
vt 0.356523 0.721924
vt 0.359508 0.718290
vt 0.359347 0.717813
vt 0.357529 0.726511
vt 0.357180 0.726797
vt 0.358544 0.718992
vt 0.358293 0.718578
vt 0.358257 0.727572
vt 0.357979 0.727959
vt 0.357749 0.719975
vt 0.357419 0.719650
vt 0.359172 0.728373
vt 0.358980 0.728832
vt 0.357169 0.721171
vt 0.356789 0.720962
vt 0.360219 0.728866
vt 0.360114 0.729369
vt 0.356822 0.723432
vt 0.356838 0.723893
vt 0.356884 0.724350
vt 0.356961 0.724801
vt 0.357068 0.725243
vt 0.357204 0.725673
vt 0.357368 0.726088
vt 0.357560 0.726485
vt 0.357778 0.726859
vt 0.358019 0.727211
vt 0.358283 0.727537
vt 0.358567 0.727833
vt 0.358870 0.728099
vt 0.359189 0.728331
vt 0.359522 0.728530
vt 0.359868 0.728693
vt 0.360227 0.728818
vt 0.360227 0.718045
vt 0.359868 0.718170
vt 0.359522 0.718333
vt 0.359189 0.718532
vt 0.358870 0.718764
vt 0.358567 0.719030
vt 0.358283 0.719326
vt 0.358019 0.719652
vt 0.357778 0.720004
vt 0.357560 0.720378
vt 0.357368 0.720775
vt 0.357204 0.721190
vt 0.357068 0.721620
vt 0.356961 0.722062
vt 0.356884 0.722513
vt 0.356838 0.722970
vt 0.356389 0.722925
vt 0.356800 0.722966
vt 0.356784 0.723432
vt 0.356372 0.723432
vt 0.356789 0.725901
vt 0.357169 0.725692
vt 0.357335 0.726111
vt 0.356969 0.726358
vt 0.360114 0.717494
vt 0.360219 0.717998
vt 0.359856 0.718125
vt 0.359727 0.717635
vt 0.356439 0.722422
vt 0.356847 0.722506
vt 0.358980 0.718031
vt 0.359172 0.718490
vt 0.358850 0.718724
vt 0.358628 0.718286
vt 0.356389 0.723938
vt 0.356800 0.723897
vt 0.356847 0.724358
vt 0.356439 0.724441
vt 0.357419 0.727213
vt 0.357749 0.726888
vt 0.357991 0.727243
vt 0.357687 0.727601
vt 0.357979 0.718904
vt 0.358257 0.719291
vt 0.357991 0.719620
vt 0.357687 0.719262
vt 0.358293 0.728285
vt 0.358544 0.727871
vt 0.358850 0.728139
vt 0.358628 0.728577
vt 0.357180 0.720066
vt 0.357529 0.720352
vt 0.357335 0.720752
vt 0.356969 0.720505
vt 0.356523 0.724939
vt 0.356925 0.724812
vt 0.357032 0.725258
vt 0.356639 0.725426
vt 0.359347 0.729050
vt 0.359508 0.728573
vt 0.359856 0.728739
vt 0.359727 0.729228
vt 0.356639 0.721437
vt 0.357032 0.721605
vt 0.356925 0.722051
vt 0.356523 0.721924
vt 0.359508 0.718290
vt 0.359347 0.717813
vt 0.357529 0.726511
vt 0.357180 0.726797
vt 0.358544 0.718992
vt 0.358293 0.718578
vt 0.358257 0.727572
vt 0.357979 0.727959
vt 0.357749 0.719975
vt 0.357419 0.719650
vt 0.359172 0.728373
vt 0.358980 0.728832
vt 0.357169 0.721171
vt 0.356789 0.720962
vt 0.360219 0.728866
vt 0.360114 0.729369
vt 0.356822 0.723432
vt 0.356838 0.723893
vt 0.356884 0.724350
vt 0.356961 0.724801
vt 0.357068 0.725243
vt 0.357204 0.725673
vt 0.357368 0.726088
vt 0.357560 0.726485
vt 0.357778 0.726859
vt 0.358019 0.727211
vt 0.358283 0.727537
vt 0.358567 0.727833
vt 0.358870 0.728099
vt 0.359189 0.728331
vt 0.359522 0.728530
vt 0.359868 0.728693
vt 0.360227 0.728818
vt 0.360227 0.718045
vt 0.359868 0.718170
vt 0.359522 0.718333
vt 0.359189 0.718532
vt 0.358870 0.718764
vt 0.358567 0.719030
vt 0.358283 0.719326
vt 0.358019 0.719652
vt 0.357778 0.720004
vt 0.357560 0.720378
vt 0.357368 0.720775
vt 0.357204 0.721190
vt 0.357068 0.721620
vt 0.356961 0.722062
vt 0.356884 0.722513
vt 0.356838 0.722970
vn 0.0000 -1.0000 -0.0000
vn 0.1817 0.3651 0.9131
vn 0.0324 0.9861 0.1628
vn 0.0000 0.9861 0.1660
vn 0.0000 0.3651 0.9310
vn -0.7741 0.3651 0.5172
vn -0.1381 0.9861 0.0922
vn -0.1534 0.9861 0.0635
vn -0.8601 0.3651 0.3562
vn 0.0000 0.3651 -0.9310
vn 0.0000 0.9861 -0.1660
vn 0.0324 0.9861 -0.1628
vn 0.1817 0.3651 -0.9131
vn 0.3563 0.3651 0.8601
vn 0.0635 0.9861 0.1534
vn 0.5174 0.3651 -0.7740
vn 0.0922 0.9861 -0.1380
vn 0.1174 0.9861 -0.1174
vn 0.6584 0.3651 -0.6582
vn -0.1817 0.3651 0.9131
vn -0.0324 0.9861 0.1628
vn -0.0635 0.9861 0.1534
vn -0.3563 0.3651 0.8601
vn -0.9310 0.3651 0.0000
vn -0.1660 0.9861 0.0000
vn -0.1629 0.9861 -0.0324
vn -0.9131 0.3651 -0.1816
vn 0.8601 0.3651 -0.3562
vn 0.1534 0.9861 -0.0635
vn 0.1628 0.9861 -0.0324
vn 0.9131 0.3651 -0.1816
vn -0.7741 0.3651 -0.5171
vn -0.1381 0.9861 -0.0922
vn -0.1174 0.9861 -0.1174
vn -0.6584 0.3651 -0.6582
vn 0.9131 0.3651 0.1816
vn 0.1629 0.9861 0.0324
vn 0.1534 0.9861 0.0635
vn 0.8601 0.3651 0.3562
vn -0.5174 0.3651 0.7740
vn -0.0922 0.9861 0.1380
vn -0.1174 0.9861 0.1174
vn -0.6584 0.3651 0.6582
vn -0.3563 0.3651 -0.8601
vn -0.0635 0.9861 -0.1534
vn -0.0324 0.9861 -0.1628
vn -0.1817 0.3651 -0.9131
vn 0.6584 0.3651 0.6582
vn 0.1174 0.9861 0.1174
vn 0.0922 0.9861 0.1380
vn 0.5174 0.3651 0.7740
vn 0.0635 0.9861 -0.1534
vn 0.3563 0.3651 -0.8601
vn -0.1628 0.9861 0.0324
vn -0.9131 0.3651 0.1816
vn 0.1381 0.9861 -0.0922
vn 0.7741 0.3651 -0.5172
vn -0.1534 0.9861 -0.0635
vn -0.8601 0.3651 -0.3562
vn 0.1660 0.9861 0.0000
vn 0.9310 0.3651 0.0000
vn -0.0922 0.9861 -0.1380
vn -0.5174 0.3651 -0.7740
vn 0.1381 0.9861 0.0922
vn 0.7741 0.3651 0.5171
vn 0.0000 0.9348 -0.3551
vn 0.0693 0.9348 -0.3483
vn 0.1359 0.9348 -0.3281
vn 0.1973 0.9348 -0.2952
vn 0.2511 0.9348 -0.2511
vn 0.2953 0.9348 -0.1972
vn 0.3281 0.9348 -0.1359
vn 0.3484 0.9348 -0.0693
vn 0.3552 0.9348 0.0000
vn 0.3483 0.9348 0.0693
vn 0.3281 0.9348 0.1359
vn 0.2953 0.9348 0.1972
vn 0.2511 0.9348 0.2511
vn 0.1973 0.9348 0.2952
vn 0.1359 0.9348 0.3281
vn 0.0693 0.9348 0.3483
vn 0.0000 0.9348 0.3551
vn -0.0693 0.9348 0.3483
vn -0.1359 0.9348 0.3280
vn -0.1973 0.9348 0.2952
vn -0.2511 0.9348 0.2511
vn -0.2953 0.9348 0.1972
vn -0.3281 0.9348 0.1359
vn -0.3483 0.9348 0.0693
vn -0.3552 0.9348 0.0000
vn -0.3483 0.9348 -0.0693
vn -0.3281 0.9348 -0.1359
vn -0.2953 0.9348 -0.1973
vn -0.2511 0.9348 -0.2511
vn -0.1973 0.9348 -0.2952
vn -0.1359 0.9348 -0.3281
vn -0.0693 0.9348 -0.3483
vn -0.1628 0.9861 -0.0324
vn 0.1628 0.9861 0.0324
vn 0.1380 0.9861 0.0922
vn 0.7741 0.3651 0.5172
usemtl BaseMaterial.001
s off
f 1/1/1 3/2/1 2/3/1
f 4/4/1 5/5/1 2/3/1
f 6/6/1 7/7/1 2/3/1
f 8/8/1 9/9/1 2/3/1
f 10/10/1 11/11/1 2/3/1
f 12/12/1 13/13/1 2/3/1
f 14/14/1 15/15/1 2/3/1
f 16/16/1 17/17/1 2/3/1
f 18/18/1 19/19/1 2/3/1
f 20/20/1 21/21/1 2/3/1
f 22/22/1 23/23/1 2/3/1
f 24/24/1 25/25/1 2/3/1
f 26/26/1 1/1/1 2/3/1
f 15/15/1 4/4/1 2/3/1
f 27/27/1 6/6/1 2/3/1
f 28/28/1 8/8/1 2/3/1
f 29/29/1 10/10/1 2/3/1
f 30/30/1 14/14/1 2/3/1
f 31/31/1 12/12/1 2/3/1
f 32/32/1 16/16/1 2/3/1
f 33/33/1 18/18/1 2/3/1
f 3/2/1 20/20/1 2/3/1
f 5/5/1 22/22/1 2/3/1
f 7/7/1 24/24/1 2/3/1
f 9/9/1 26/26/1 2/3/1
f 11/11/1 27/27/1 2/3/1
f 13/13/1 28/28/1 2/3/1
f 17/17/1 29/29/1 2/3/1
f 19/19/1 30/30/1 2/3/1
f 23/23/1 31/31/1 2/3/1
f 21/21/1 32/32/1 2/3/1
f 25/25/1 33/33/1 2/3/1
s 1
f 30/34/2 35/35/3 34/36/4 14/37/5
f 23/38/6 37/39/7 36/40/8 31/41/9
f 21/42/10 39/43/11 38/44/12 32/45/13
f 19/46/14 40/47/15 35/35/3 30/34/2
f 17/48/16 42/49/17 41/50/18 29/51/19
f 15/52/20 44/53/21 43/54/22 4/55/23
f 13/56/24 46/57/25 45/58/26 28/59/27
f 11/60/28 48/61/29 47/62/30 27/63/31
f 9/64/32 50/65/33 49/66/34 26/67/35
f 7/68/36 52/69/37 51/70/38 24/71/39
f 5/72/40 54/73/41 53/74/42 22/75/43
f 3/76/44 56/77/45 55/78/46 20/79/47
f 33/80/48 58/81/49 57/82/50 18/83/51
f 32/45/13 38/44/12 59/84/52 16/85/53
f 31/41/9 36/40/8 60/86/54 12/87/55
f 29/51/19 41/50/18 61/88/56 10/89/57
f 28/59/27 45/58/26 62/90/58 8/91/59
f 27/63/31 47/62/30 63/92/60 6/93/61
f 26/67/35 49/66/34 64/94/62 1/95/63
f 24/71/39 51/70/38 65/96/64 25/97/65
f 22/75/43 53/74/42 37/39/7 23/38/6
f 20/79/47 55/78/46 39/98/11 21/99/10
f 18/83/51 57/82/50 40/47/15 19/46/14
f 16/85/53 59/84/52 42/49/17 17/48/16
f 12/87/55 60/86/54 46/57/25 13/56/24
f 10/89/57 61/88/56 48/61/29 11/60/28
f 8/91/59 62/90/58 50/65/33 9/64/32
f 25/97/65 65/96/64 58/81/49 33/80/48
f 1/95/63 64/94/62 56/77/45 3/76/44
f 4/55/23 43/54/22 54/73/41 5/72/40
f 6/93/61 63/92/60 52/69/37 7/68/36
f 44/53/21 34/36/4 67/100/66 66/101/67
f 43/54/22 44/53/21 66/101/67 68/102/68
f 54/73/41 43/54/22 68/102/68 69/103/69
f 53/74/42 54/73/41 69/103/69 70/104/70
f 37/39/7 53/74/42 70/104/70 71/105/71
f 36/40/8 37/39/7 71/105/71 72/106/72
f 60/86/54 36/40/8 72/106/72 73/107/73
f 46/57/25 60/86/54 73/107/73 74/108/74
f 45/58/26 46/57/25 74/108/74 75/109/75
f 62/90/58 45/58/26 75/109/75 76/110/76
f 50/65/33 62/90/58 76/110/76 77/111/77
f 49/66/34 50/65/33 77/111/77 78/112/78
f 64/94/62 49/66/34 78/112/78 79/113/79
f 56/77/45 64/94/62 79/113/79 80/114/80
f 55/78/46 56/77/45 80/114/80 81/115/81
f 39/98/11 55/78/46 81/115/81 82/116/82
f 38/44/12 39/43/11 82/117/82 83/118/83
f 59/84/52 38/44/12 83/118/83 84/119/84
f 42/49/17 59/84/52 84/119/84 85/120/85
f 41/50/18 42/49/17 85/120/85 86/121/86
f 61/88/56 41/50/18 86/121/86 87/122/87
f 48/61/29 61/88/56 87/122/87 88/123/88
f 47/62/30 48/61/29 88/123/88 89/124/89
f 63/92/60 47/62/30 89/124/89 90/125/90
f 52/69/37 63/92/60 90/125/90 91/126/91
f 51/70/38 52/69/37 91/126/91 92/127/92
f 65/96/64 51/70/38 92/127/92 93/128/93
f 58/81/49 65/96/64 93/128/93 94/129/94
f 57/82/50 58/81/49 94/129/94 95/130/95
f 40/47/15 57/82/50 95/130/95 96/131/96
f 35/35/3 40/47/15 96/131/96 97/132/97
f 34/36/4 35/35/3 97/132/97 67/100/66
f 14/37/5 34/36/4 44/53/21 15/52/20
f 98/133/2 101/134/3 100/135/4 99/136/5
f 102/137/6 105/138/7 104/139/8 103/140/9
f 106/141/10 109/142/11 108/143/12 107/144/13
f 110/145/14 111/146/15 101/134/3 98/133/2
f 112/147/16 115/148/17 114/149/18 113/150/19
f 116/151/20 119/152/21 118/153/22 117/154/23
f 120/155/24 123/156/25 122/157/98 121/158/27
f 124/159/28 127/160/29 126/161/30 125/162/31
f 128/163/32 131/164/33 130/165/34 129/166/35
f 132/167/36 135/168/99 134/169/38 133/170/39
f 136/171/40 139/172/41 138/173/42 137/174/43
f 140/175/44 143/176/45 142/177/46 141/178/47
f 144/179/48 147/180/49 146/181/50 145/182/51
f 107/144/13 108/143/12 149/183/52 148/184/53
f 103/140/9 104/139/8 151/185/54 150/186/55
f 113/150/19 114/149/18 153/187/56 152/188/57
f 121/158/27 122/157/98 155/189/58 154/190/59
f 125/162/31 126/161/30 157/191/60 156/192/61
f 129/166/35 130/165/34 159/193/62 158/194/63
f 133/170/39 134/169/38 161/195/100 160/196/101
f 137/174/43 138/173/42 105/138/7 102/137/6
f 141/178/47 142/177/46 109/197/11 106/198/10
f 145/182/51 146/181/50 111/146/15 110/145/14
f 148/184/53 149/183/52 115/148/17 112/147/16
f 150/186/55 151/185/54 123/156/25 120/155/24
f 152/188/57 153/187/56 127/160/29 124/159/28
f 154/190/59 155/189/58 131/164/33 128/163/32
f 160/196/101 161/195/100 147/180/49 144/179/48
f 158/194/63 159/193/62 143/176/45 140/175/44
f 117/154/23 118/153/22 139/172/41 136/171/40
f 156/192/61 157/191/60 135/168/99 132/167/36
f 119/152/21 100/135/4 163/199/66 162/200/67
f 118/153/22 119/152/21 162/200/67 164/201/68
f 139/172/41 118/153/22 164/201/68 165/202/69
f 138/173/42 139/172/41 165/202/69 166/203/70
f 105/138/7 138/173/42 166/203/70 167/204/71
f 104/139/8 105/138/7 167/204/71 168/205/72
f 151/185/54 104/139/8 168/205/72 169/206/73
f 123/156/25 151/185/54 169/206/73 170/207/74
f 122/157/98 123/156/25 170/207/74 171/208/75
f 155/189/58 122/157/98 171/208/75 172/209/76
f 131/164/33 155/189/58 172/209/76 173/210/77
f 130/165/34 131/164/33 173/210/77 174/211/78
f 159/193/62 130/165/34 174/211/78 175/212/79
f 143/176/45 159/193/62 175/212/79 176/213/80
f 142/177/46 143/176/45 176/213/80 177/214/81
f 109/197/11 142/177/46 177/214/81 178/215/82
f 108/143/12 109/142/11 178/216/82 179/217/83
f 149/183/52 108/143/12 179/217/83 180/218/84
f 115/148/17 149/183/52 180/218/84 181/219/85
f 114/149/18 115/148/17 181/219/85 182/220/86
f 153/187/56 114/149/18 182/220/86 183/221/87
f 127/160/29 153/187/56 183/221/87 184/222/88
f 126/161/30 127/160/29 184/222/88 185/223/89
f 157/191/60 126/161/30 185/223/89 186/224/90
f 135/168/99 157/191/60 186/224/90 187/225/91
f 134/169/38 135/168/99 187/225/91 188/226/92
f 161/195/100 134/169/38 188/226/92 189/227/93
f 147/180/49 161/195/100 189/227/93 190/228/94
f 146/181/50 147/180/49 190/228/94 191/229/95
f 111/146/15 146/181/50 191/229/95 192/230/96
f 101/134/3 111/146/15 192/230/96 193/231/97
f 100/135/4 101/134/3 193/231/97 163/199/66
f 99/136/5 100/135/4 119/152/21 116/151/20
o b_killsaw_2_power_klaw_reference.000
v 0.862509 0.951375 0.387603
v 0.954235 0.983525 0.323499
v 0.825445 0.978370 0.322615
v 0.459136 0.804416 0.388782
v 0.451899 0.810049 0.373509
v 0.496957 0.820406 0.356914
v 0.498930 0.813876 0.373416
v 0.766467 0.931321 -0.018698
v 0.816015 0.948475 -0.043383
v 0.817537 1.014105 -0.012738
v 0.591866 0.819450 0.018314
v 0.769260 0.863036 -0.052777
v 0.761409 1.000474 0.011037
v 0.754738 1.073127 0.042658
v 0.577058 1.028548 0.115999
v 0.541961 0.844858 0.056427
v 0.532994 0.982652 0.113387
v 0.502078 0.767531 0.353038
v 0.500038 0.775048 0.336970
v 0.454980 0.764691 0.353566
v 0.462284 0.758072 0.368405
v 0.574861 0.736671 0.205679
v 0.603229 0.764069 0.149544
v 0.600174 0.801178 0.166573
v 0.648244 0.789132 0.096929
v 0.560210 0.950742 0.292080
v 0.569808 0.893687 0.292542
v 0.571579 0.864410 0.280674
v 0.584435 0.937362 0.226149
v 0.584396 0.974385 0.243839
v 0.624127 1.002861 0.182646
v 0.628030 0.817442 0.396478
v 0.633182 0.763685 0.376257
v 0.576625 0.810628 0.260494
v 0.578672 0.777426 0.248264
v 0.635098 0.730451 0.364078
v 0.639510 0.681377 0.341725
v 0.698422 0.679086 0.355178
v 0.694834 0.728223 0.377515
v 0.759753 0.694608 0.350748
v 0.692799 0.761029 0.390648
v 0.748659 0.889620 0.441192
v 0.686168 0.814997 0.410163
v 0.685945 0.842678 0.425898
v 0.683367 0.890353 0.447892
v 0.625644 0.846572 0.408585
v 0.621774 0.894714 0.429317
v 0.894244 0.947831 0.329250
v 0.907108 0.751850 0.241281
v 0.696764 1.016001 0.212958
v 0.801199 1.057439 0.176392
v 0.835480 1.014461 0.245447
v 0.681730 0.908396 0.454768
v 0.587015 0.992744 0.250654
v 0.747532 0.915066 0.451241
v 0.855872 0.899006 0.502320
v 0.954246 0.923017 0.464093
v 0.883445 0.980986 0.322899
v 0.978148 1.050518 0.168389
v 0.783456 1.008983 0.247755
v 0.556050 0.818766 0.460562
v 0.559381 0.789365 0.449220
v 0.507325 0.832679 0.341944
v 0.505095 0.862342 0.352861
v 0.908170 0.877750 0.132549
v 0.904429 0.942129 0.165226
v 0.843082 0.927554 0.191138
v 0.850778 0.862048 0.161612
v 0.699902 0.661950 0.346215
v 0.602633 0.746431 0.141400
v 0.824561 0.799612 0.051226
v 0.824550 0.817762 0.058109
v 0.942178 0.997479 0.332455
v 0.861222 0.969151 0.389690
v 0.827848 0.991518 0.334483
v 0.485431 0.817562 0.296933
v 0.497626 0.796495 0.346727
v 0.480267 0.814626 0.362343
v 0.446567 0.839218 0.204885
v 0.474591 0.829476 0.208631
v 0.513651 0.857021 0.146836
v 0.527233 0.876657 0.168989
v 0.570091 0.892072 0.140552
v 0.563218 0.873507 0.112390
v 0.488448 0.872753 0.131881
v 0.548641 0.894357 0.089200
v 0.486454 0.902115 0.144791
v 0.546505 0.925808 0.103029
v 0.510424 0.904527 0.167725
v 0.559762 0.924396 0.134766
v 0.490076 0.850464 0.222822
v 0.471623 0.873177 0.227847
v 0.465860 0.838111 0.306706
v 0.455148 0.800261 0.368393
v 0.444733 0.866227 0.216761
v 0.437163 0.827660 0.303302
v 0.438998 0.800651 0.291426
v 0.468829 0.794410 0.287490
v 0.483235 0.770925 0.343127
v 0.456983 0.773252 0.356517
v 0.644677 0.783525 0.473807
v 0.657575 0.749915 0.482043
v 0.610168 0.738128 0.571722
v 0.572205 0.702582 0.646700
v 0.452062 0.806140 0.392622
v 0.505778 0.818612 0.372553
v 0.610184 0.815613 0.395502
v 0.708515 0.706978 0.587560
v 0.630497 0.716171 0.624799
v 0.673308 0.685525 0.701109
v 0.675180 0.706044 0.654733
v 0.809100 0.682714 0.658281
v 0.613028 0.763449 0.374185
v 0.651836 0.732387 0.450824
v 0.612072 0.686251 0.549608
v 0.632249 0.664257 0.602744
v 0.676975 0.653832 0.633362
v 0.675013 0.634022 0.678113
v 0.573450 0.651097 0.623593
v 0.454281 0.754886 0.369138
v 0.508427 0.766995 0.349960
v 0.960855 1.061267 0.184505
v 0.878182 1.001952 0.324080
v 0.790334 1.023160 0.259902
v 0.799023 0.993674 0.323616
v 0.706620 1.066370 0.086512
v 0.741559 1.036970 0.161442
v 0.601214 1.044811 0.118425
v 0.652478 1.031446 0.209920
v 0.806721 1.027214 0.154525
v 0.508575 0.782095 0.313903
v 0.561717 0.739039 0.420759
v 0.886521 0.914262 0.207031
v 0.880084 0.891037 0.258857
v 0.867213 0.876395 0.220714
v 0.869689 0.885742 0.199840
v 0.869820 0.928158 0.172847
v 0.853089 0.898277 0.168767
v 0.892342 0.840367 0.263608
v 0.922204 0.851278 0.243407
v 0.883547 0.840052 0.236439
v 0.890804 0.861642 0.188457
v 0.925079 0.875509 0.188742
v 0.873283 0.877173 0.150429
v 0.902494 0.894011 0.143175
v 0.922939 0.907020 0.202597
v 0.900354 0.925522 0.157030
v 0.920064 0.882788 0.257262
v 0.890202 0.871878 0.277463
v 0.602152 1.030999 0.112352
v 0.649218 0.994228 0.205840
v 0.751049 1.022038 0.156847
v 0.710246 1.054244 0.077024
v 0.636895 0.951704 0.006694
v 0.632847 0.852395 -0.064922
v 0.722051 0.895329 -0.079842
v 0.750588 0.986748 -0.054928
v 0.694758 1.058476 0.002047
v 0.620754 1.063564 0.038734
v 0.544507 1.016592 0.050630
v 0.512351 0.934467 0.026659
v 0.545053 0.864069 -0.017777
v 0.738828 0.877236 -0.024239
v 0.766183 0.964362 -0.001997
v 0.710790 1.029123 0.051103
v 0.641886 1.038315 0.088115
v 0.570460 0.989181 0.104401
v 0.542895 0.911091 0.084149
v 0.579215 0.846135 0.040180
v 0.655661 0.838752 0.000261
v 0.762216 0.669536 0.340054
v 0.869181 0.651364 0.395715
v 0.966276 0.676405 0.354947
v 0.563671 0.705440 0.409417
v 0.510969 0.748600 0.302391
v 0.866961 0.676545 0.406203
v 0.964195 0.701457 0.365750
v 0.857558 0.873955 0.491455
v 0.955397 0.898408 0.452139
v 0.791891 0.975546 0.324531
v 0.928933 0.677321 0.343191
v 0.931393 0.655124 0.334304
v 0.870319 0.639090 0.360478
v 0.868655 0.660765 0.370673
v 0.900881 0.700549 0.285711
v 0.904050 0.678549 0.276487
v 0.840065 0.684071 0.313099
v 0.842612 0.662635 0.302494
v 0.890088 0.946450 0.394889
v 0.888673 0.968426 0.404439
v 0.824636 0.954901 0.424469
v 0.826288 0.932734 0.415389
v 0.915292 0.922477 0.453651
v 0.913000 0.944269 0.463484
v 0.851415 0.908629 0.474362
v 0.848986 0.930582 0.483810
v 0.967997 0.498426 0.466155
v 1.011238 0.507330 0.449322
v 0.965464 0.576308 0.368218
v 0.922222 0.567404 0.385050
v 0.929483 0.688198 0.334972
v 0.886241 0.679294 0.351804
v 0.912936 0.813020 0.358492
v 0.869694 0.804116 0.375324
v 0.920257 0.917328 0.432477
v 0.877017 0.908425 0.449309
v 0.949485 0.973173 0.537102
v 0.906244 0.964269 0.553934
v 0.992788 0.965591 0.644332
v 0.949546 0.956687 0.661165
v 0.946519 0.797573 0.358924
v 0.967792 0.801954 0.350643
v 0.971493 0.824687 0.372175
v 0.950219 0.820306 0.380456
v 0.950219 0.820306 0.380456
v 0.971493 0.824687 0.372175
v 0.984197 0.811716 0.397953
v 0.962924 0.807336 0.406233
v 0.967076 0.776588 0.400633
v 0.988349 0.780968 0.392352
v 0.978210 0.774934 0.363114
v 0.956937 0.770553 0.371395
v 1.057408 0.729091 0.636216
v 1.062887 0.707240 0.640715
v 0.992283 0.692702 0.668199
v 0.985711 0.714458 0.664230
v 0.897607 0.832984 0.246621
v 0.895000 0.919734 0.284316
v 0.868327 0.914241 0.294699
v 0.822792 0.904865 0.312424
v 0.830413 0.764051 0.250643
v 0.899335 0.778242 0.223814
v 0.830413 0.764051 0.250643
v 0.870171 0.727014 0.340060
v 0.938975 0.743721 0.307387
v 0.899335 0.778242 0.223814
v 0.993367 0.670551 0.659265
v 0.992283 0.692702 0.668199
v 1.062887 0.707240 0.640715
v 1.063970 0.685089 0.631781
v 0.988452 0.657688 0.641235
v 1.060119 0.672651 0.613364
v 0.974670 0.711246 0.383115
v 0.894699 0.682533 0.442644
v 0.898427 0.888039 0.358133
v 0.923519 0.893771 0.347055
v 0.935315 0.883498 0.371925
v 0.909711 0.878216 0.381914
v 0.821150 0.947950 0.330999
v 0.863147 0.911376 0.419540
v 0.864789 0.868291 0.400965
v 0.822792 0.904865 0.312424
v 0.866686 0.957326 0.313273
v 0.821150 0.947950 0.330999
v 0.822792 0.904865 0.312424
v 0.867645 0.930458 0.301720
v 0.868327 0.914241 0.294699
v 0.864789 0.868291 0.400965
v 0.870171 0.727014 0.340060
v 0.830413 0.764051 0.250643
v 0.822792 0.904865 0.312424
v 0.867645 0.930458 0.301720
v 0.897819 0.903507 0.364945
v 0.897052 0.930892 0.377269
v 0.866686 0.957326 0.313273
v 1.057408 0.729091 0.636216
v 0.985711 0.714458 0.664230
v 0.889317 0.823811 0.503549
v 0.971010 0.851022 0.447651
v 0.864789 0.868291 0.400965
v 0.987171 0.534876 0.506645
v 0.947741 0.613083 0.447716
v 0.922565 0.714921 0.435950
v 1.065543 0.521236 0.694421
v 1.030290 0.501257 0.596944
v 0.918388 0.813106 0.474498
v 0.936331 0.881327 0.553032
v 1.014703 0.867687 0.740808
v 1.079309 0.687641 0.811503
v 1.083485 0.589457 0.772954
v 0.971584 0.901305 0.650508
v 1.054132 0.789479 0.799737
v 1.068375 0.715263 0.625555
v 1.055050 0.745095 0.604796
v 1.077836 0.717087 0.586011
v 1.043002 0.731460 0.570631
v 1.048880 0.693202 0.570275
v 1.064562 0.683193 0.604219
v 1.032489 0.905387 0.758580
v 1.034893 0.871738 0.732675
v 1.014703 0.867687 0.740808
v 1.063970 0.685089 0.631781
v 1.062887 0.707240 0.640715
v 1.057408 0.729091 0.636216
v 1.060119 0.672651 0.613364
v 0.974670 0.711246 0.383115
v 0.971010 0.851022 0.447651
v 0.938975 0.743721 0.307387
v 0.935315 0.883498 0.371925
v 0.923519 0.893771 0.347055
v 0.926305 0.806928 0.308273
v 0.897607 0.832984 0.246621
v 0.899335 0.778242 0.223814
v 1.032558 0.730836 0.573435
v 1.038739 0.690610 0.573059
v 1.048880 0.693202 0.570275
v 1.043002 0.731460 0.570631
v 1.045226 0.745173 0.609358
v 1.055050 0.745095 0.604796
v 1.059236 0.713807 0.631184
v 1.068375 0.715263 0.625555
v 1.055227 0.680086 0.608751
v 1.064562 0.683193 0.604219
v 1.038739 0.690610 0.573059
v 1.048880 0.693202 0.570275
v 1.032489 0.905387 0.758580
v 1.014703 0.867687 0.740808
v 0.971584 0.901305 0.650508
v 1.032489 0.905387 0.758580
v 0.971584 0.901305 0.650508
v 0.991775 0.905356 0.642375
v 1.032489 0.905387 0.758580
v 0.991775 0.905356 0.642375
v 1.034893 0.871738 0.732675
v 1.077633 0.810723 0.830952
v 1.074324 0.793531 0.791604
v 1.054132 0.789479 0.799737
v 1.077633 0.810723 0.830952
v 1.054132 0.789479 0.799737
v 1.014703 0.867687 0.740808
v 1.045226 0.745173 0.609358
v 1.059236 0.713807 0.631184
v 1.046197 0.712102 0.599158
v 1.055227 0.680086 0.608751
v 1.038739 0.690610 0.573059
v 1.032558 0.730836 0.573435
v 1.077633 0.810723 0.830952
v 1.014703 0.867687 0.740808
v 1.034893 0.871738 0.732675
v 0.980580 0.683694 0.656805
v 0.970208 0.670395 0.621963
v 0.945122 0.696084 0.641128
v 0.955207 0.699890 0.601882
v 0.956307 0.731418 0.624310
v 0.971988 0.721408 0.658254
v 1.077633 0.810723 0.830952
v 1.034893 0.871738 0.732675
v 1.074324 0.793531 0.791604
v 0.971988 0.721408 0.658254
v 0.956307 0.731418 0.624310
v 0.965485 0.735325 0.620086
v 0.981973 0.724800 0.655777
v 0.980580 0.683694 0.656805
v 0.991006 0.685145 0.654253
v 0.970208 0.670395 0.621963
v 0.980101 0.671161 0.617619
v 0.955207 0.699890 0.601882
v 0.964328 0.702175 0.596503
v 0.956307 0.731418 0.624310
v 0.965485 0.735325 0.620086
v 0.980101 0.671161 0.617619
v 0.991006 0.685145 0.654253
v 0.976579 0.703721 0.628848
v 0.981973 0.724800 0.655777
v 0.965485 0.735325 0.620086
v 0.964328 0.702175 0.596503
v 1.104932 0.687277 0.846709
v 1.099500 0.691692 0.803370
v 1.079309 0.687641 0.811503
v 0.967932 0.617134 0.439584
v 1.007361 0.538928 0.498512
v 1.050480 0.505309 0.588812
v 1.103675 0.593508 0.764822
v 0.991775 0.905356 0.642375
v 1.074324 0.793531 0.791604
v 1.034893 0.871738 0.732675
v 1.085734 0.525288 0.686289
v 1.099500 0.691692 0.803370
v 0.938579 0.817158 0.466366
v 0.942755 0.718974 0.427817
v 0.956520 0.885378 0.544899
v 0.909711 0.878216 0.381914
v 0.908070 0.921301 0.400489
v 0.897052 0.930892 0.377269
v 0.897819 0.903507 0.364945
v 0.898427 0.888039 0.358133
v 1.104932 0.687277 0.846709
v 1.079309 0.687641 0.811503
v 1.054132 0.789479 0.799737
v 1.104932 0.687277 0.846709
v 1.054132 0.789479 0.799737
v 1.074324 0.793531 0.791604
v 1.104932 0.687277 0.846709
v 1.074324 0.793531 0.791604
v 1.099500 0.691692 0.803370
v 1.107070 0.568126 0.801629
v 1.103675 0.593508 0.764822
v 1.083485 0.589457 0.772954
v 1.107070 0.568126 0.801629
v 1.083485 0.589457 0.772954
v 1.079309 0.687641 0.811503
v 0.911670 0.939440 0.284547
v 0.867645 0.930458 0.301720
v 0.868327 0.914241 0.294699
v 0.895000 0.919734 0.284316
v 0.915542 0.837803 0.240727
v 0.897607 0.832984 0.246621
v 1.107070 0.568126 0.801629
v 1.079309 0.687641 0.811503
v 1.099500 0.691692 0.803370
v 1.107070 0.568126 0.801629
v 1.099500 0.691692 0.803370
v 1.103675 0.593508 0.764822
v 1.083475 0.485198 0.707791
v 1.085734 0.525288 0.686289
v 1.065543 0.521236 0.694421
v 1.083475 0.485198 0.707791
v 1.065543 0.521236 0.694421
v 1.083485 0.589457 0.772954
v 1.083475 0.485198 0.707791
v 1.083485 0.589457 0.772954
v 1.103675 0.593508 0.764822
v 1.083475 0.485198 0.707791
v 1.103675 0.593508 0.764822
v 1.085734 0.525288 0.686289
v 1.040469 0.460711 0.590337
v 1.050480 0.505309 0.588812
v 1.030290 0.501257 0.596944
v 1.040469 0.460711 0.590337
v 1.030290 0.501257 0.596944
v 1.065543 0.521236 0.694421
v 1.040469 0.460711 0.590337
v 1.065543 0.521236 0.694421
v 1.085734 0.525288 0.686289
v 1.040469 0.460711 0.590337
v 1.085734 0.525288 0.686289
v 1.050480 0.505309 0.588812
v 0.989576 0.501227 0.480741
v 1.007361 0.538928 0.498512
v 0.987171 0.534876 0.506645
v 0.989576 0.501227 0.480741
v 0.987171 0.534876 0.506645
v 1.030290 0.501257 0.596944
v 0.989576 0.501227 0.480741
v 1.030290 0.501257 0.596944
v 1.050480 0.505309 0.588812
v 0.989576 0.501227 0.480741
v 1.050480 0.505309 0.588812
v 1.007361 0.538928 0.498512
v 0.944431 0.595891 0.408368
v 0.967932 0.617134 0.439584
v 0.947741 0.613083 0.447716
v 0.944431 0.595891 0.408368
v 0.947741 0.613083 0.447716
v 0.987171 0.534876 0.506645
v 0.944431 0.595891 0.408368
v 0.987171 0.534876 0.506645
v 1.007361 0.538928 0.498512
v 0.944431 0.595891 0.408368
v 1.007361 0.538928 0.498512
v 0.967932 0.617134 0.439584
v 0.917132 0.719337 0.392610
v 0.942755 0.718974 0.427817
v 0.922565 0.714921 0.435950
v 0.917132 0.719337 0.392610
v 0.922565 0.714921 0.435950
v 0.947741 0.613083 0.447716
v 0.917132 0.719337 0.392610
v 0.947741 0.613083 0.447716
v 0.967932 0.617134 0.439584
v 0.917132 0.719337 0.392610
v 0.967932 0.617134 0.439584
v 0.942755 0.718974 0.427817
v 0.914994 0.838487 0.437691
v 0.938579 0.817158 0.466366
v 0.918388 0.813106 0.474498
v 0.914994 0.838487 0.437691
v 0.918388 0.813106 0.474498
v 0.922565 0.714921 0.435950
v 0.914994 0.838487 0.437691
v 0.922565 0.714921 0.435950
v 0.942755 0.718974 0.427817
v 0.914994 0.838487 0.437691
v 0.942755 0.718974 0.427817
v 0.938579 0.817158 0.466366
v 0.938589 0.921416 0.531530
v 0.956520 0.885378 0.544899
v 0.936331 0.881327 0.553032
v 0.938589 0.921416 0.531530
v 0.936331 0.881327 0.553032
v 0.918388 0.813106 0.474498
v 0.938589 0.921416 0.531530
v 0.918388 0.813106 0.474498
v 0.938579 0.817158 0.466366
v 0.938589 0.921416 0.531530
v 0.938579 0.817158 0.466366
v 0.956520 0.885378 0.544899
v 0.981595 0.945904 0.648983
v 0.991775 0.905356 0.642375
v 0.971584 0.901305 0.650508
v 0.981595 0.945904 0.648983
v 0.971584 0.901305 0.650508
v 0.936331 0.881327 0.553032
v 0.981595 0.945904 0.648983
v 0.936331 0.881327 0.553032
v 0.956520 0.885378 0.544899
v 0.981595 0.945904 0.648983
v 0.956520 0.885378 0.544899
v 0.991775 0.905356 0.642375
v 0.992788 0.965591 0.644332
v 1.011238 0.507330 0.449322
v 0.967997 0.498426 0.466155
v 0.967997 0.498426 0.466155
v 0.949546 0.956687 0.661165
v 0.992788 0.965591 0.644332
v 0.922222 0.567404 0.385050
v 0.949546 0.956687 0.661165
v 0.967997 0.498426 0.466155
v 0.877017 0.908425 0.449309
v 0.906244 0.964269 0.553934
v 0.886241 0.679294 0.351804
v 0.869694 0.804116 0.375324
v 1.011238 0.507330 0.449322
v 0.929483 0.688198 0.334972
v 0.965464 0.576308 0.368218
v 0.920257 0.917328 0.432477
v 0.912936 0.813020 0.358492
v 0.992788 0.965591 0.644332
v 0.949485 0.973173 0.537102
v 0.978210 0.774934 0.363114
v 0.971493 0.824687 0.372175
v 0.967792 0.801954 0.350643
v 0.978210 0.774934 0.363114
v 0.984197 0.811716 0.397953
v 0.971493 0.824687 0.372175
v 0.978210 0.774934 0.363114
v 0.988349 0.780968 0.392352
v 0.984197 0.811716 0.397953
v 0.967792 0.801954 0.350643
v 0.946519 0.797573 0.358924
v 0.956937 0.770553 0.371395
v 0.978210 0.774934 0.363114
v 0.967792 0.801954 0.350643
v 0.988349 0.780968 0.392352
v 0.967076 0.776588 0.400633
v 0.962924 0.807336 0.406233
v 0.962924 0.807336 0.406233
v 0.984197 0.811716 0.397953
v 0.988349 0.780968 0.392352
v 0.889317 0.823811 0.503549
v 0.992283 0.692702 0.668199
v 0.894699 0.682533 0.442644
v 0.889317 0.823811 0.503549
v 0.985711 0.714458 0.664230
v 0.992283 0.692702 0.668199
v 0.992283 0.692702 0.668199
v 0.988452 0.657688 0.641235
v 0.894699 0.682533 0.442644
v 0.992283 0.692702 0.668199
v 0.993367 0.670551 0.659265
v 0.988452 0.657688 0.641235
v 0.870171 0.727014 0.340060
v 0.864789 0.868291 0.400965
v 0.889317 0.823811 0.503549
v 0.889317 0.823811 0.503549
v 0.894699 0.682533 0.442644
v 0.870171 0.727014 0.340060
v 0.974670 0.711246 0.383115
v 0.938975 0.743721 0.307387
v 0.870171 0.727014 0.340060
v 0.935315 0.883498 0.371925
v 0.971010 0.851022 0.447651
v 0.864789 0.868291 0.400965
v 0.864789 0.868291 0.400965
v 0.909711 0.878216 0.381914
v 0.935315 0.883498 0.371925
v 0.923519 0.893771 0.347055
v 0.898427 0.888039 0.358133
v 0.897819 0.903507 0.364945
v 0.897819 0.903507 0.364945
v 0.941236 0.913692 0.346879
v 0.923519 0.893771 0.347055
v 0.926305 0.806928 0.308273
v 0.923519 0.893771 0.347055
v 0.941236 0.913692 0.346879
v 0.941236 0.913692 0.346879
v 0.944609 0.811456 0.301461
v 0.926305 0.806928 0.308273
v 0.897052 0.930892 0.377269
v 0.908070 0.921301 0.400489
v 0.863147 0.911376 0.419540
v 0.897607 0.832984 0.246621
v 0.926305 0.806928 0.308273
v 0.944609 0.811456 0.301461
v 0.866686 0.957326 0.313273
v 0.897052 0.930892 0.377269
v 0.863147 0.911376 0.419540
v 0.944609 0.811456 0.301461
v 0.915542 0.837803 0.240727
v 0.897607 0.832984 0.246621
v 0.866686 0.957326 0.313273
v 0.863147 0.911376 0.419540
v 0.821150 0.947950 0.330999
v 0.911670 0.939440 0.284547
v 0.915542 0.837803 0.240727
v 0.944609 0.811456 0.301461
v 0.941236 0.913692 0.346879
v 0.897819 0.903507 0.364945
v 0.867645 0.930458 0.301720
v 0.944609 0.811456 0.301461
v 0.941236 0.913692 0.346879
v 0.911670 0.939440 0.284547
v 0.867645 0.930458 0.301720
v 0.911670 0.939440 0.284547
v 0.941236 0.913692 0.346879
v 0.909711 0.878216 0.381914
v 0.864789 0.868291 0.400965
v 0.863147 0.911376 0.419540
v 0.863147 0.911376 0.419540
v 0.908070 0.921301 0.400489
v 0.909711 0.878216 0.381914
v 0.907396 0.485783 0.489955
v 0.950638 0.494687 0.473123
v 0.904863 0.563665 0.392018
v 0.861622 0.554761 0.408850
v 0.868882 0.675555 0.358772
v 0.825641 0.666651 0.375604
v 0.852335 0.800377 0.382292
v 0.809094 0.791473 0.399125
v 0.859657 0.904685 0.456277
v 0.816416 0.895781 0.473109
v 0.888885 0.960530 0.560902
v 0.845644 0.951626 0.577734
v 0.932188 0.952948 0.668132
v 0.888945 0.944044 0.684965
v 0.885918 0.784930 0.382725
v 0.907192 0.789311 0.374443
v 0.910892 0.812043 0.395975
v 0.889619 0.807663 0.404256
v 0.889619 0.807663 0.404256
v 0.910892 0.812043 0.395975
v 0.923597 0.799073 0.421753
v 0.902324 0.794693 0.430033
v 0.906475 0.763945 0.424433
v 0.927748 0.768325 0.416152
v 0.917609 0.762291 0.386915
v 0.896337 0.757910 0.395195
v 0.996807 0.716448 0.660016
v 1.002287 0.694597 0.664515
v 0.931683 0.680059 0.691999
v 0.925110 0.701815 0.688030
v 0.837007 0.820341 0.270421
v 0.834399 0.907090 0.308116
v 0.807727 0.901598 0.318499
v 0.762191 0.892222 0.336224
v 0.769812 0.751407 0.274443
v 0.838734 0.765599 0.247615
v 0.769812 0.751407 0.274443
v 0.809571 0.714371 0.363860
v 0.878375 0.731078 0.331187
v 0.838734 0.765599 0.247615
v 0.932767 0.657908 0.683065
v 0.931683 0.680059 0.691999
v 1.002287 0.694597 0.664515
v 1.003370 0.672446 0.655581
v 0.927851 0.645045 0.665035
v 0.999519 0.660008 0.637164
v 0.914069 0.698603 0.406915
v 0.834099 0.669891 0.466445
v 0.837827 0.875396 0.381933
v 0.862918 0.881128 0.370855
v 0.874715 0.870855 0.395725
v 0.849111 0.865573 0.405714
v 0.760550 0.935307 0.354799
v 0.802547 0.898733 0.443340
v 0.804188 0.855648 0.424766
v 0.762191 0.892222 0.336224
v 0.806086 0.944683 0.337073
v 0.760550 0.935307 0.354799
v 0.762191 0.892222 0.336224
v 0.807045 0.917815 0.325520
v 0.807727 0.901598 0.318499
v 0.804188 0.855648 0.424766
v 0.809571 0.714371 0.363860
v 0.769812 0.751407 0.274443
v 0.762191 0.892222 0.336224
v 0.807045 0.917815 0.325520
v 0.837219 0.890864 0.388745
v 0.836452 0.918249 0.401069
v 0.806086 0.944683 0.337073
v 0.996807 0.716448 0.660016
v 0.925110 0.701815 0.688030
v 0.828716 0.811168 0.527349
v 0.910410 0.838379 0.471452
v 0.804188 0.855648 0.424766
v 0.926570 0.522233 0.530445
v 0.887140 0.600440 0.471516
v 0.861964 0.702278 0.459750
v 1.004942 0.508593 0.718221
v 0.969689 0.488614 0.620745
v 0.857787 0.800463 0.498299
v 0.875730 0.868684 0.576832
v 0.954103 0.855043 0.764608
v 1.018708 0.674997 0.835303
v 1.022885 0.576814 0.796754
v 0.910983 0.888662 0.674309
v 0.993532 0.776836 0.823537
v 1.007774 0.702620 0.649355
v 0.994450 0.732452 0.628596
v 1.017236 0.704444 0.609811
v 0.982402 0.718817 0.594432
v 0.988280 0.680559 0.594075
v 1.003961 0.670550 0.628019
v 0.971888 0.892744 0.782380
v 0.974293 0.859095 0.756475
v 0.954103 0.855043 0.764608
v 1.003370 0.672446 0.655581
v 1.002287 0.694597 0.664515
v 0.996807 0.716448 0.660016
v 0.999519 0.660008 0.637164
v 0.914069 0.698603 0.406915
v 0.910410 0.838379 0.471452
v 0.878375 0.731078 0.331187
v 0.874715 0.870855 0.395725
v 0.862918 0.881128 0.370855
v 0.865704 0.794285 0.332074
v 0.837007 0.820341 0.270421
v 0.838734 0.765599 0.247615
v 0.971958 0.718193 0.597235
v 0.978138 0.677967 0.596860
v 0.988280 0.680559 0.594075
v 0.982402 0.718817 0.594432
v 0.984626 0.732530 0.633158
v 0.994450 0.732452 0.628596
v 0.998635 0.701164 0.654985
v 1.007774 0.702620 0.649355
v 0.994627 0.667443 0.632551
v 1.003961 0.670550 0.628019
v 0.978138 0.677967 0.596860
v 0.988280 0.680559 0.594075
v 0.971888 0.892744 0.782380
v 0.954103 0.855043 0.764608
v 0.910983 0.888662 0.674309
v 0.971888 0.892744 0.782380
v 0.910983 0.888662 0.674309
v 0.931175 0.892713 0.666175
v 0.971888 0.892744 0.782380
v 0.931175 0.892713 0.666175
v 0.974293 0.859095 0.756475
v 1.017032 0.798079 0.854752
v 1.013723 0.780888 0.815404
v 0.993532 0.776836 0.823537
v 1.017032 0.798079 0.854752
v 0.993532 0.776836 0.823537
v 0.954103 0.855043 0.764608
v 0.984626 0.732530 0.633158
v 0.998635 0.701164 0.654985
v 0.985597 0.699459 0.622958
v 0.994627 0.667443 0.632551
v 0.978138 0.677967 0.596860
v 0.971958 0.718193 0.597235
v 1.017032 0.798079 0.854752
v 0.954103 0.855043 0.764608
v 0.974293 0.859095 0.756475
v 0.919979 0.671051 0.680605
v 0.909607 0.657751 0.645764
v 0.884521 0.683441 0.664928
v 0.894606 0.687247 0.625682
v 0.895707 0.718775 0.648110
v 0.911388 0.708765 0.682054
v 1.017032 0.798079 0.854752
v 0.974293 0.859095 0.756475
v 1.013723 0.780888 0.815404
v 0.911388 0.708765 0.682054
v 0.895707 0.718775 0.648110
v 0.904885 0.722682 0.643886
v 0.921373 0.712157 0.679578
v 0.919979 0.671051 0.680605
v 0.930406 0.672502 0.678053
v 0.909607 0.657751 0.645764
v 0.919501 0.658518 0.641419
v 0.894606 0.687247 0.625682
v 0.903727 0.689531 0.620303
v 0.895707 0.718775 0.648110
v 0.904885 0.722682 0.643886
v 0.919501 0.658518 0.641419
v 0.930406 0.672502 0.678053
v 0.915978 0.691078 0.652648
v 0.921373 0.712157 0.679578
v 0.904885 0.722682 0.643886
v 0.903727 0.689531 0.620303
v 1.044331 0.674634 0.870510
v 1.038899 0.679049 0.827170
v 1.018708 0.674997 0.835303
v 0.907331 0.604491 0.463384
v 0.946761 0.526285 0.522313
v 0.989880 0.492666 0.612613
v 1.043075 0.580865 0.788622
v 0.931175 0.892713 0.666175
v 1.013723 0.780888 0.815404
v 0.974293 0.859095 0.756475
v 1.025133 0.512644 0.710089
v 1.038899 0.679049 0.827170
v 0.877979 0.804515 0.490166
v 0.882155 0.706330 0.451618
v 0.895920 0.872735 0.568699
v 0.849111 0.865573 0.405714
v 0.847469 0.908658 0.424289
v 0.836452 0.918249 0.401069
v 0.837219 0.890864 0.388745
v 0.837827 0.875396 0.381933
v 1.044331 0.674634 0.870510
v 1.018708 0.674997 0.835303
v 0.993532 0.776836 0.823537
v 1.044331 0.674634 0.870510
v 0.993532 0.776836 0.823537
v 1.013723 0.780888 0.815404
v 1.044331 0.674634 0.870510
v 1.013723 0.780888 0.815404
v 1.038899 0.679049 0.827170
v 1.046469 0.555483 0.825429
v 1.043075 0.580865 0.788622
v 1.022885 0.576814 0.796754
v 1.046469 0.555483 0.825429
v 1.022885 0.576814 0.796754
v 1.018708 0.674997 0.835303
v 0.851070 0.926797 0.308347
v 0.807045 0.917815 0.325520
v 0.807727 0.901598 0.318499
v 0.834399 0.907090 0.308116
v 0.854942 0.825160 0.264527
v 0.837007 0.820341 0.270421
v 1.046469 0.555483 0.825429
v 1.018708 0.674997 0.835303
v 1.038899 0.679049 0.827170
v 1.046469 0.555483 0.825429
v 1.038899 0.679049 0.827170
v 1.043075 0.580865 0.788622
v 1.022875 0.472554 0.731591
v 1.025133 0.512644 0.710089
v 1.004942 0.508593 0.718221
v 1.022875 0.472554 0.731591
v 1.004942 0.508593 0.718221
v 1.022885 0.576814 0.796754
v 1.022875 0.472554 0.731591
v 1.022885 0.576814 0.796754
v 1.043075 0.580865 0.788622
v 1.022875 0.472554 0.731591
v 1.043075 0.580865 0.788622
v 1.025133 0.512644 0.710089
v 0.979869 0.448068 0.614137
v 0.989880 0.492666 0.612613
v 0.969689 0.488614 0.620745
v 0.979869 0.448068 0.614137
v 0.969689 0.488614 0.620745
v 1.004942 0.508593 0.718221
v 0.979869 0.448068 0.614137
v 1.004942 0.508593 0.718221
v 1.025133 0.512644 0.710089
v 0.979869 0.448068 0.614137
v 1.025133 0.512644 0.710089
v 0.989880 0.492666 0.612613
v 0.928976 0.488584 0.504541
v 0.946761 0.526285 0.522313
v 0.926570 0.522233 0.530445
v 0.928976 0.488584 0.504541
v 0.926570 0.522233 0.530445
v 0.969689 0.488614 0.620745
v 0.928976 0.488584 0.504541
v 0.969689 0.488614 0.620745
v 0.989880 0.492666 0.612613
v 0.928976 0.488584 0.504541
v 0.989880 0.492666 0.612613
v 0.946761 0.526285 0.522313
v 0.883831 0.583248 0.432168
v 0.907331 0.604491 0.463384
v 0.887140 0.600440 0.471516
v 0.883831 0.583248 0.432168
v 0.887140 0.600440 0.471516
v 0.926570 0.522233 0.530445
v 0.883831 0.583248 0.432168
v 0.926570 0.522233 0.530445
v 0.946761 0.526285 0.522313
v 0.883831 0.583248 0.432168
v 0.946761 0.526285 0.522313
v 0.907331 0.604491 0.463384
v 0.856532 0.706694 0.416411
v 0.882155 0.706330 0.451618
v 0.861964 0.702278 0.459750
v 0.856532 0.706694 0.416411
v 0.861964 0.702278 0.459750
v 0.887140 0.600440 0.471516
v 0.856532 0.706694 0.416411
v 0.887140 0.600440 0.471516
v 0.907331 0.604491 0.463384
v 0.856532 0.706694 0.416411
v 0.907331 0.604491 0.463384
v 0.882155 0.706330 0.451618
v 0.854393 0.825844 0.461492
v 0.877979 0.804515 0.490166
v 0.857787 0.800463 0.498299
v 0.854393 0.825844 0.461492
v 0.857787 0.800463 0.498299
v 0.861964 0.702278 0.459750
v 0.854393 0.825844 0.461492
v 0.861964 0.702278 0.459750
v 0.882155 0.706330 0.451618
v 0.854393 0.825844 0.461492
v 0.882155 0.706330 0.451618
v 0.877979 0.804515 0.490166
v 0.877988 0.908773 0.555330
v 0.895920 0.872735 0.568699
v 0.875730 0.868684 0.576832
v 0.877988 0.908773 0.555330
v 0.875730 0.868684 0.576832
v 0.857787 0.800463 0.498299
v 0.877988 0.908773 0.555330
v 0.857787 0.800463 0.498299
v 0.877979 0.804515 0.490166
v 0.877988 0.908773 0.555330
v 0.877979 0.804515 0.490166
v 0.895920 0.872735 0.568699
v 0.920995 0.933261 0.672783
v 0.931175 0.892713 0.666175
v 0.910983 0.888662 0.674309
v 0.920995 0.933261 0.672783
v 0.910983 0.888662 0.674309
v 0.875730 0.868684 0.576832
v 0.920995 0.933261 0.672783
v 0.875730 0.868684 0.576832
v 0.895920 0.872735 0.568699
v 0.920995 0.933261 0.672783
v 0.895920 0.872735 0.568699
v 0.931175 0.892713 0.666175
v 0.932188 0.952948 0.668132
v 0.950638 0.494687 0.473123
v 0.907396 0.485783 0.489955
v 0.907396 0.485783 0.489955
v 0.888945 0.944044 0.684965
v 0.932188 0.952948 0.668132
v 0.861622 0.554761 0.408850
v 0.888945 0.944044 0.684965
v 0.907396 0.485783 0.489955
v 0.816416 0.895781 0.473109
v 0.845644 0.951626 0.577734
v 0.825641 0.666651 0.375604
v 0.809094 0.791473 0.399125
v 0.950638 0.494687 0.473123
v 0.868882 0.675555 0.358772
v 0.904863 0.563665 0.392018
v 0.859657 0.904685 0.456277
v 0.852335 0.800377 0.382292
v 0.932188 0.952948 0.668132
v 0.888885 0.960530 0.560902
v 0.917609 0.762291 0.386915
v 0.910892 0.812043 0.395975
v 0.907192 0.789311 0.374443
v 0.917609 0.762291 0.386915
v 0.923597 0.799073 0.421753
v 0.910892 0.812043 0.395975
v 0.917609 0.762291 0.386915
v 0.927748 0.768325 0.416152
v 0.923597 0.799073 0.421753
v 0.907192 0.789311 0.374443
v 0.885918 0.784930 0.382725
v 0.896337 0.757910 0.395195
v 0.917609 0.762291 0.386915
v 0.907192 0.789311 0.374443
v 0.927748 0.768325 0.416152
v 0.906475 0.763945 0.424433
v 0.902324 0.794693 0.430033
v 0.902324 0.794693 0.430033
v 0.923597 0.799073 0.421753
v 0.927748 0.768325 0.416152
v 0.828716 0.811168 0.527349
v 0.931683 0.680059 0.691999
v 0.834099 0.669891 0.466445
v 0.828716 0.811168 0.527349
v 0.925110 0.701815 0.688030
v 0.931683 0.680059 0.691999
v 0.931683 0.680059 0.691999
v 0.927851 0.645045 0.665035
v 0.834099 0.669891 0.466445
v 0.931683 0.680059 0.691999
v 0.932767 0.657908 0.683065
v 0.927851 0.645045 0.665035
v 0.809571 0.714371 0.363860
v 0.804188 0.855648 0.424766
v 0.828716 0.811168 0.527349
v 0.828716 0.811168 0.527349
v 0.834099 0.669891 0.466445
v 0.809571 0.714371 0.363860
v 0.914069 0.698603 0.406915
v 0.878375 0.731078 0.331187
v 0.809571 0.714371 0.363860
v 0.874715 0.870855 0.395725
v 0.910410 0.838379 0.471452
v 0.804188 0.855648 0.424766
v 0.804188 0.855648 0.424766
v 0.849111 0.865573 0.405714
v 0.874715 0.870855 0.395725
v 0.862918 0.881128 0.370855
v 0.837827 0.875396 0.381933
v 0.837219 0.890864 0.388745
v 0.837219 0.890864 0.388745
v 0.880636 0.901049 0.370679
v 0.862918 0.881128 0.370855
v 0.865704 0.794285 0.332074
v 0.862918 0.881128 0.370855
v 0.880636 0.901049 0.370679
v 0.880636 0.901049 0.370679
v 0.884008 0.798813 0.325261
v 0.865704 0.794285 0.332074
v 0.836452 0.918249 0.401069
v 0.847469 0.908658 0.424289
v 0.802547 0.898733 0.443340
v 0.837007 0.820341 0.270421
v 0.865704 0.794285 0.332074
v 0.884008 0.798813 0.325261
v 0.806086 0.944683 0.337073
v 0.836452 0.918249 0.401069
v 0.802547 0.898733 0.443340
v 0.884008 0.798813 0.325261
v 0.854942 0.825160 0.264527
v 0.837007 0.820341 0.270421
v 0.806086 0.944683 0.337073
v 0.802547 0.898733 0.443340
v 0.760550 0.935307 0.354799
v 0.851070 0.926797 0.308347
v 0.854942 0.825160 0.264527
v 0.884008 0.798813 0.325261
v 0.880636 0.901049 0.370679
v 0.837219 0.890864 0.388745
v 0.807045 0.917815 0.325520
v 0.884008 0.798813 0.325261
v 0.880636 0.901049 0.370679
v 0.851070 0.926797 0.308347
v 0.807045 0.917815 0.325520
v 0.851070 0.926797 0.308347
v 0.880636 0.901049 0.370679
v 0.849111 0.865573 0.405714
v 0.804188 0.855648 0.424766
v 0.802547 0.898733 0.443340
v 0.802547 0.898733 0.443340
v 0.847469 0.908658 0.424289
v 0.849111 0.865573 0.405714
vt 0.244819 0.414868
vt 0.231375 0.414189
vt 0.243338 0.377212
vt 0.020967 0.070502
vt 0.011466 0.067270
vt 0.020919 0.067266
vt 0.011435 0.070507
vt 0.051853 0.080150
vt 0.039115 0.062559
vt 0.051853 0.062562
vt 0.064583 0.079964
vt 0.065286 0.125047
vt 0.039041 0.080550
vt 0.026376 0.130663
vt 0.025659 0.080967
vt 0.058736 0.143139
vt 0.033042 0.143467
vt 0.011485 0.049503
vt 0.020916 0.052877
vt 0.011463 0.052881
vt 0.020910 0.049498
vt 0.066739 0.197348
vt 0.059533 0.177997
vt 0.066628 0.177886
vt 0.066893 0.158789
vt 0.026071 0.194361
vt 0.041404 0.204772
vt 0.036379 0.205188
vt 0.033348 0.178371
vt 0.026244 0.178250
vt 0.026548 0.157689
vt 0.041276 0.237436
vt 0.050550 0.205700
vt 0.050450 0.238121
vt 0.056170 0.206231
vt 0.056089 0.238372
vt 0.064777 0.237292
vt 0.064792 0.252215
vt 0.056138 0.252066
vt 0.063361 0.267308
vt 0.050480 0.252059
vt 0.028926 0.267621
vt 0.041280 0.251266
vt 0.036214 0.251604
vt 0.027804 0.251675
vt 0.036234 0.237248
vt 0.027834 0.236545
vt 0.063290 0.304232
vt 0.029360 0.303736
vt 0.102590 0.240678
vt 0.123283 0.219465
vt 0.123244 0.242440
vt 0.082637 0.177510
vt 0.082057 0.237529
vt 0.093923 0.171747
vt 0.107625 0.148710
vt 0.127147 0.149923
vt 0.300707 0.342556
vt 0.291912 0.322608
vt 0.324077 0.323152
vt 0.123679 0.037670
vt 0.141845 0.045395
vt 0.124089 0.045746
vt 0.142724 0.037322
vt 0.051859 0.019624
vt 0.039377 0.019623
vt 0.039369 0.004331
vt 0.051859 0.004437
vt 0.060064 0.019619
vt 0.060122 0.062561
vt 0.020295 0.248001
vt 0.018779 0.186037
vt 0.070767 0.245787
vt 0.073865 0.189743
vt 0.131099 0.299559
vt 0.124810 0.360444
vt 0.126235 0.298947
vt 0.129475 0.360817
vt 0.124655 0.367202
vt 0.083292 0.359732
vt 0.082882 0.366149
vt 0.271517 0.329634
vt 0.250321 0.337817
vt 0.253501 0.318500
vt 0.169765 0.288644
vt 0.185111 0.280235
vt 0.182780 0.288692
vt 0.157776 0.263366
vt 0.142877 0.255591
vt 0.157723 0.255450
vt 0.143598 0.248673
vt 0.129565 0.248693
vt 0.128060 0.255675
vt 0.142304 0.263342
vt 0.126864 0.263559
vt 0.142232 0.272025
vt 0.126867 0.272010
vt 0.142797 0.280339
vt 0.127958 0.280358
vt 0.130230 0.288826
vt 0.143881 0.288737
vt 0.157586 0.288682
vt 0.157703 0.280237
vt 0.170893 0.280135
vt 0.186323 0.271859
vt 0.157751 0.271960
vt 0.171517 0.271944
vt 0.171361 0.263497
vt 0.170665 0.255561
vt 0.157657 0.248688
vt 0.169930 0.248687
vt 0.184950 0.255741
vt 0.183444 0.248698
vt 0.186148 0.263667
vt 0.298463 0.263504
vt 0.285000 0.239928
vt 0.299779 0.256721
vt 0.273106 0.305683
vt 0.273033 0.222797
vt 0.283001 0.305673
vt 0.298843 0.289997
vt 0.300013 0.222335
vt 0.284232 0.223170
vt 0.285401 0.197693
vt 0.289356 0.210335
vt 0.311285 0.192518
vt 0.225849 0.262883
vt 0.234369 0.287693
vt 0.225930 0.287863
vt 0.233151 0.256087
vt 0.248273 0.239217
vt 0.234094 0.262596
vt 0.249046 0.222398
vt 0.232860 0.221587
vt 0.243933 0.209356
vt 0.221507 0.191737
vt 0.247767 0.197110
vt 0.260785 0.222879
vt 0.260795 0.305784
vt 0.250043 0.305229
vt 0.230075 0.256350
vt 0.251371 0.316953
vt 0.247920 0.336384
vt 0.282746 0.314487
vt 0.273205 0.314299
vt 0.298725 0.305509
vt 0.298585 0.314576
vt 0.317663 0.310730
vt 0.306852 0.258671
vt 0.328007 0.264050
vt 0.317882 0.246642
vt 0.124095 0.121130
vt 0.102179 0.126774
vt 0.122368 0.094997
vt 0.102235 0.095570
vt 0.267244 0.160265
vt 0.273397 0.195023
vt 0.261109 0.195487
vt 0.123037 0.252331
vt 0.081376 0.247976
vt 0.092433 0.046147
vt 0.107553 0.069276
vt 0.089689 0.068387
vt 0.111464 0.047399
vt 0.112236 0.081968
vt 0.023513 0.052848
vt 0.023505 0.067327
vt 0.088569 0.145432
vt 0.069401 0.150650
vt 0.079593 0.117904
vt 0.085422 0.080235
vt 0.088741 0.132314
vt 0.282276 0.165800
vt 0.276541 0.160580
vt 0.283022 0.151588
vt 0.276078 0.166589
vt 0.281672 0.177957
vt 0.275512 0.176052
vt 0.296318 0.137990
vt 0.301633 0.151325
vt 0.295299 0.150463
vt 0.302087 0.165156
vt 0.295666 0.162921
vt 0.302548 0.177603
vt 0.295252 0.176823
vt 0.288582 0.162527
vt 0.288290 0.177012
vt 0.288958 0.149405
vt 0.289279 0.138616
vt 0.011180 0.129130
vt 0.027012 0.150298
vt 0.004114 0.152084
vt 0.024683 0.125678
vt 0.005408 0.126072
vt 0.001892 0.145843
vt 0.006400 0.095799
vt 0.001937 0.080933
vt 0.022951 0.095543
vt 0.236715 0.161783
vt 0.223428 0.139998
vt 0.237937 0.135029
vt 0.217142 0.160006
vt 0.224561 0.181249
vt 0.236110 0.187637
vt 0.248861 0.181254
vt 0.255336 0.163281
vt 0.251582 0.144087
vt 0.329193 0.049041
vt 0.314263 0.082161
vt 0.313925 0.050640
vt 0.329205 0.079181
vt 0.314531 0.100155
vt 0.329257 0.098097
vt 0.314359 0.124709
vt 0.329614 0.124905
vt 0.314625 0.153932
vt 0.329569 0.154810
vt 0.314621 0.182513
vt 0.329702 0.182184
vt 0.314657 0.201919
vt 0.329824 0.201976
vt 0.314711 0.231344
vt 0.329999 0.230528
vt 0.116074 0.294037
vt 0.085710 0.268978
vt 0.104026 0.268866
vt 0.093798 0.037293
vt 0.111538 0.038369
vt 0.052299 0.383860
vt 0.064261 0.354092
vt 0.064142 0.384907
vt 0.051819 0.334633
vt 0.040603 0.334735
vt 0.028343 0.353372
vt 0.040579 0.383958
vt 0.028228 0.384115
vt 0.108508 0.015961
vt 0.112911 0.003667
vt 0.093506 0.014765
vt 0.272568 0.332551
vt 0.250860 0.341666
vt 0.254120 0.314944
vt 0.272492 0.326867
vt 0.072501 0.278234
vt 0.074609 0.298561
vt 0.020616 0.280582
vt 0.018371 0.300609
vt 0.308771 0.167767
vt 0.308580 0.158973
vt 0.308738 0.176890
vt 0.080006 0.305354
vt 0.080554 0.268537
vt 0.078981 0.359246
vt 0.009209 0.067319
vt 0.009258 0.052851
vt 0.314879 0.314799
vt 0.303097 0.259478
vt 0.331262 0.265872
vt 0.321883 0.312899
vt 0.317976 0.240446
vt 0.329682 0.261585
vt 0.304820 0.255885
vt 0.100808 0.088119
vt 0.122171 0.087164
vt 0.126609 0.094524
vt 0.129810 0.120608
vt 0.124981 0.131698
vt 0.102819 0.132820
vt 0.097272 0.128698
vt 0.096893 0.095283
vt 0.068384 0.005220
vt 0.080560 0.010760
vt 0.068360 0.010773
vt 0.080573 0.005162
vt 0.064692 0.030016
vt 0.068374 0.029948
vt 0.064710 0.010744
vt 0.080610 0.035323
vt 0.080618 0.029926
vt 0.068365 0.035347
vt 0.084376 0.010783
vt 0.084348 0.029992
vt 0.080509 0.069129
vt 0.067392 0.063448
vt 0.080501 0.063433
vt 0.067361 0.069078
vt 0.084671 0.044113
vt 0.080627 0.043769
vt 0.084664 0.063484
vt 0.067476 0.038720
vt 0.067499 0.043691
vt 0.080722 0.038774
vt 0.063903 0.063388
vt 0.063848 0.043670
vt 0.128990 0.067976
vt 0.125155 0.080217
vt 0.144007 0.067631
vt 0.128188 0.015167
vt 0.146064 0.014983
vt 0.122825 0.002901
vt 0.084340 0.261980
vt 0.104115 0.261959
vt 0.117890 0.289269
vt 0.107902 0.263857
vt 0.126853 0.293519
vt 0.030472 0.062559
vt 0.030490 0.019621
vt 0.131329 0.193190
vt 0.132318 0.149672
vt 0.130228 0.242214
vt 0.118329 0.003696
vt 0.119773 0.038160
vt 0.115839 0.037811
vt 0.117409 0.003303
vt 0.146637 0.037321
vt 0.150113 0.014891
vt 0.089171 0.015901
vt 0.089555 0.038514
vt 0.079721 0.170284
vt 0.089856 0.165564
vt 0.103845 0.142369
vt 0.107779 0.143055
vt 0.127278 0.144041
vt 0.077011 0.237075
vt 0.077582 0.177159
vt 0.868066 0.136752
vt 0.874198 0.113997
vt 0.874198 0.136752
vt 0.868066 0.113997
vt 0.874198 0.090583
vt 0.868066 0.090583
vt 0.874198 0.071840
vt 0.868066 0.071840
vt 0.874198 0.047079
vt 0.868066 0.047079
vt 0.874198 0.022933
vt 0.868066 0.022933
vt 0.874198 0.005872
vt 0.868066 0.005872
vt 0.752005 0.204390
vt 0.746852 0.198583
vt 0.752005 0.198583
vt 0.746852 0.204390
vt 0.770146 0.204390
vt 0.765466 0.198583
vt 0.770146 0.198583
vt 0.765466 0.204390
vt 0.761716 0.204390
vt 0.757128 0.198583
vt 0.761716 0.198583
vt 0.757128 0.204390
vt 0.795872 0.053942
vt 0.793393 0.068602
vt 0.793357 0.054091
vt 0.795908 0.068459
vt 0.849986 0.022030
vt 0.858989 0.016797
vt 0.859010 0.022018
vt 0.858955 0.007883
vt 0.844823 0.007912
vt 0.844825 0.022140
vt 0.844823 0.007912
vt 0.832706 0.022194
vt 0.831620 0.007902
vt 0.844825 0.022140
vt 0.798065 0.006578
vt 0.795765 0.021147
vt 0.795621 0.006637
vt 0.798209 0.021088
vt 0.800741 0.006418
vt 0.800898 0.021152
vt 0.822641 0.022218
vt 0.819863 0.004021
vt 0.835178 0.056802
vt 0.832590 0.051549
vt 0.835301 0.051535
vt 0.832262 0.056819
vt 0.850306 0.031404
vt 0.860071 0.024536
vt 0.860083 0.031392
vt 0.850312 0.024550
vt 0.850316 0.038280
vt 0.846251 0.031392
vt 0.850306 0.031404
vt 0.848071 0.038270
vt 0.846237 0.038265
vt 0.832465 0.066056
vt 0.849038 0.089900
vt 0.836824 0.094190
vt 0.845023 0.061640
vt 0.850327 0.042605
vt 0.857218 0.038283
vt 0.857210 0.042584
vt 0.850316 0.038280
vt 0.795872 0.053942
vt 0.820073 0.070607
vt 0.795908 0.068459
vt 0.822524 0.051697
vt 0.832465 0.066056
vt 0.727153 0.171627
vt 0.733468 0.128543
vt 0.733467 0.150585
vt 0.696924 0.183032
vt 0.713023 0.182479
vt 0.713190 0.095940
vt 0.727044 0.107794
vt 0.683190 0.107803
vt 0.676740 0.150601
vt 0.684327 0.173274
vt 0.697200 0.096712
vt 0.676771 0.128566
vt 0.755835 0.122022
vt 0.748752 0.125677
vt 0.748752 0.114566
vt 0.741671 0.122022
vt 0.744376 0.134086
vt 0.753130 0.134086
vt 0.679294 0.101921
vt 0.683190 0.107803
vt 0.676554 0.106321
vt 0.791922 0.037169
vt 0.793738 0.045079
vt 0.792058 0.041661
vt 0.793405 0.033625
vt 0.822641 0.022218
vt 0.822524 0.051697
vt 0.832706 0.022194
vt 0.832590 0.051549
vt 0.836444 0.051426
vt 0.836518 0.033458
vt 0.844727 0.033401
vt 0.844825 0.022140
vt 0.878706 0.076844
vt 0.880645 0.086873
vt 0.878719 0.086897
vt 0.880639 0.076793
vt 0.878698 0.066499
vt 0.880637 0.066493
vt 0.878691 0.055692
vt 0.880634 0.055679
vt 0.878690 0.045050
vt 0.880634 0.045012
vt 0.878690 0.034312
vt 0.880634 0.034320
vt 0.679294 0.101921
vt 0.697200 0.096712
vt 0.683190 0.107803
vt 0.742399 0.108685
vt 0.759575 0.099553
vt 0.760331 0.104194
vt 0.742399 0.108685
vt 0.743509 0.099729
vt 0.759575 0.099553
vt 0.670159 0.126736
vt 0.676771 0.128566
vt 0.671386 0.135182
vt 0.670159 0.126736
vt 0.683190 0.107803
vt 0.676771 0.128566
vt 0.668418 0.181082
vt 0.674659 0.183974
vt 0.670832 0.191923
vt 0.678534 0.191778
vt 0.680881 0.180847
vt 0.674628 0.174236
vt 0.725891 0.095304
vt 0.743509 0.099729
vt 0.741221 0.104230
vt 0.876723 0.193874
vt 0.870720 0.196972
vt 0.870720 0.187555
vt 0.864718 0.193874
vt 0.867011 0.204098
vt 0.874430 0.204098
vt 0.725891 0.095304
vt 0.729679 0.088209
vt 0.743509 0.099729
vt 0.875626 0.076798
vt 0.877567 0.086903
vt 0.875626 0.086879
vt 0.877569 0.076845
vt 0.875629 0.066496
vt 0.877573 0.066502
vt 0.875629 0.055689
vt 0.877576 0.055700
vt 0.875631 0.045010
vt 0.877578 0.045033
vt 0.875632 0.034332
vt 0.877578 0.034323
vt 0.763270 0.149386
vt 0.763270 0.138041
vt 0.770717 0.141548
vt 0.767873 0.128863
vt 0.758668 0.128863
vt 0.755824 0.141548
vt 0.670131 0.152500
vt 0.676740 0.150601
vt 0.673925 0.157492
vt 0.772751 0.024959
vt 0.743109 0.013960
vt 0.759104 0.013749
vt 0.721739 0.045178
vt 0.759575 0.099553
vt 0.729679 0.088209
vt 0.743509 0.099729
vt 0.729468 0.025655
vt 0.721751 0.068337
vt 0.781023 0.067848
vt 0.780971 0.045229
vt 0.773882 0.086727
vt 0.864191 0.038282
vt 0.860094 0.042204
vt 0.860096 0.038282
vt 0.862901 0.042207
vt 0.864196 0.042185
vt 0.670131 0.152500
vt 0.676771 0.128566
vt 0.676740 0.150601
vt 0.716071 0.071772
vt 0.729679 0.088209
vt 0.726718 0.091474
vt 0.716071 0.071772
vt 0.721751 0.068337
vt 0.729679 0.088209
vt 0.679209 0.177126
vt 0.684327 0.173274
vt 0.684937 0.180351
vt 0.679209 0.177126
vt 0.676740 0.150601
vt 0.684327 0.173274
vt 0.849016 0.046835
vt 0.847161 0.039855
vt 0.849018 0.039843
vt 0.847165 0.043962
vt 0.838992 0.046782
vt 0.839019 0.043996
vt 0.715611 0.044137
vt 0.721751 0.068337
vt 0.718375 0.069533
vt 0.715611 0.044137
vt 0.721739 0.045178
vt 0.721751 0.068337
vt 0.694462 0.188687
vt 0.696924 0.183032
vt 0.700910 0.188974
vt 0.694462 0.188687
vt 0.684327 0.173274
vt 0.696924 0.183032
vt 0.724742 0.020067
vt 0.721739 0.045178
vt 0.717436 0.040626
vt 0.724742 0.020067
vt 0.729468 0.025655
vt 0.721739 0.045178
vt 0.714580 0.189281
vt 0.713023 0.182479
vt 0.716909 0.184808
vt 0.714580 0.189281
vt 0.696924 0.183032
vt 0.713023 0.182479
vt 0.741199 0.005288
vt 0.729468 0.025655
vt 0.727268 0.021817
vt 0.741199 0.005288
vt 0.743109 0.013960
vt 0.729468 0.025655
vt 0.730791 0.176932
vt 0.727153 0.171627
vt 0.734002 0.171273
vt 0.730791 0.176932
vt 0.713023 0.182479
vt 0.727153 0.171627
vt 0.760328 0.004805
vt 0.743109 0.013960
vt 0.742596 0.009214
vt 0.760328 0.004805
vt 0.759104 0.013749
vt 0.743109 0.013960
vt 0.736606 0.155751
vt 0.733467 0.150585
vt 0.737274 0.147658
vt 0.736606 0.155751
vt 0.727153 0.171627
vt 0.733467 0.150585
vt 0.776906 0.018220
vt 0.759104 0.013749
vt 0.762767 0.009701
vt 0.776906 0.018220
vt 0.772751 0.024959
vt 0.759104 0.013749
vt 0.738948 0.129574
vt 0.733468 0.128543
vt 0.736901 0.123319
vt 0.738948 0.129574
vt 0.733467 0.150585
vt 0.733468 0.128543
vt 0.786909 0.042062
vt 0.772751 0.024959
vt 0.775098 0.021486
vt 0.786909 0.042062
vt 0.780971 0.045229
vt 0.772751 0.024959
vt 0.731063 0.102148
vt 0.727044 0.107794
vt 0.727014 0.100562
vt 0.731063 0.102148
vt 0.733468 0.128543
vt 0.727044 0.107794
vt 0.787078 0.069299
vt 0.780971 0.045229
vt 0.784320 0.043766
vt 0.787078 0.069299
vt 0.781023 0.067848
vt 0.780971 0.045229
vt 0.714637 0.088564
vt 0.713190 0.095940
vt 0.710015 0.090416
vt 0.714637 0.088564
vt 0.727044 0.107794
vt 0.713190 0.095940
vt 0.777906 0.093911
vt 0.781023 0.067848
vt 0.784215 0.069159
vt 0.777906 0.093911
vt 0.773882 0.086727
vt 0.781023 0.067848
vt 0.695625 0.087713
vt 0.697200 0.096712
vt 0.692755 0.093614
vt 0.695625 0.087713
vt 0.713190 0.095940
vt 0.697200 0.096712
vt 0.760861 0.109332
vt 0.773882 0.086727
vt 0.771584 0.101211
vt 0.760861 0.109332
vt 0.759575 0.099553
vt 0.773882 0.086727
vt 0.944518 0.012229
vt 0.996047 0.005119
vt 0.996055 0.012220
vt 0.996047 0.005119
vt 0.944518 0.012229
vt 0.944472 0.005128
vt 0.992408 0.035033
vt 0.996300 0.056067
vt 0.931281 0.056079
vt 0.947498 0.019643
vt 0.936095 0.035044
vt 0.980010 0.019637
vt 0.963571 0.014003
vt 0.942242 0.005598
vt 0.937151 0.026616
vt 0.925249 0.042003
vt 0.892709 0.042009
vt 0.908983 0.047638
vt 0.877196 0.005609
vt 0.880790 0.026627
vt 0.758835 0.214880
vt 0.756888 0.224686
vt 0.750125 0.224912
vt 0.758835 0.214880
vt 0.750125 0.224912
vt 0.747894 0.215246
vt 0.758835 0.214880
vt 0.747894 0.215246
vt 0.753277 0.209046
vt 0.752005 0.198583
vt 0.757128 0.204390
vt 0.752005 0.204390
vt 0.752005 0.198583
vt 0.757128 0.198583
vt 0.761716 0.198583
vt 0.765466 0.204390
vt 0.761716 0.204390
vt 0.765466 0.204390
vt 0.761716 0.198583
vt 0.765466 0.198583
vt 0.820073 0.070607
vt 0.823746 0.098994
vt 0.794807 0.090817
vt 0.820073 0.070607
vt 0.794807 0.090817
vt 0.795911 0.086839
vt 0.794807 0.090817
vt 0.823746 0.098994
vt 0.797336 0.098153
vt 0.794807 0.090817
vt 0.797336 0.098153
vt 0.795359 0.095229
vt 0.836824 0.094190
vt 0.820073 0.070607
vt 0.832465 0.066056
vt 0.820073 0.070607
vt 0.836824 0.094190
vt 0.823746 0.098994
vt 0.822641 0.022218
vt 0.831620 0.007902
vt 0.832706 0.022194
vt 0.832590 0.051549
vt 0.832465 0.066056
vt 0.822524 0.051697
vt 0.832465 0.066056
vt 0.832590 0.051549
vt 0.832262 0.056819
vt 0.847470 0.059052
vt 0.849079 0.062783
vt 0.847229 0.062792
vt 0.849079 0.062783
vt 0.847470 0.059052
vt 0.849062 0.056499
vt 0.839034 0.059074
vt 0.849062 0.056499
vt 0.847470 0.059052
vt 0.849062 0.056499
vt 0.839034 0.059074
vt 0.838995 0.056499
vt 0.857218 0.038283
vt 0.860083 0.031392
vt 0.860096 0.038282
vt 0.844727 0.033401
vt 0.837849 0.036120
vt 0.836518 0.033458
vt 0.850316 0.038280
vt 0.860083 0.031392
vt 0.857218 0.038283
vt 0.837849 0.036120
vt 0.844727 0.033401
vt 0.844004 0.036061
vt 0.850316 0.038280
vt 0.850306 0.031404
vt 0.860083 0.031392
vt 0.849016 0.046835
vt 0.838995 0.056499
vt 0.838992 0.046782
vt 0.849062 0.056499
vt 0.853364 0.046836
vt 0.853453 0.056538
vt 0.838995 0.056499
vt 0.849016 0.046835
vt 0.849062 0.056499
vt 0.853364 0.046836
vt 0.849062 0.056499
vt 0.849016 0.046835
vt 0.864191 0.038282
vt 0.860083 0.031392
vt 0.864184 0.031386
vt 0.860083 0.031392
vt 0.864191 0.038282
vt 0.860096 0.038282
vt 0.868066 0.136752
vt 0.874198 0.113997
vt 0.874198 0.136752
vt 0.868066 0.113997
vt 0.874198 0.090583
vt 0.868066 0.090583
vt 0.874198 0.071840
vt 0.868066 0.071840
vt 0.874198 0.047079
vt 0.868066 0.047079
vt 0.874198 0.022933
vt 0.868066 0.022933
vt 0.874198 0.005872
vt 0.868066 0.005872
vt 0.752005 0.204390
vt 0.746852 0.198583
vt 0.752005 0.198583
vt 0.746852 0.204390
vt 0.770146 0.204390
vt 0.765466 0.198583
vt 0.770146 0.198583
vt 0.765466 0.204390
vt 0.761716 0.204390
vt 0.757128 0.198583
vt 0.761716 0.198583
vt 0.757128 0.204390
vt 0.795872 0.053942
vt 0.793393 0.068602
vt 0.793357 0.054091
vt 0.795908 0.068459
vt 0.849986 0.022030
vt 0.858989 0.016797
vt 0.859010 0.022018
vt 0.858955 0.007883
vt 0.844823 0.007912
vt 0.844825 0.022140
vt 0.844823 0.007912
vt 0.832706 0.022194
vt 0.831620 0.007902
vt 0.844825 0.022140
vt 0.798065 0.006578
vt 0.795765 0.021147
vt 0.795621 0.006637
vt 0.798209 0.021088
vt 0.800741 0.006418
vt 0.800898 0.021152
vt 0.822641 0.022218
vt 0.819863 0.004021
vt 0.835178 0.056802
vt 0.832590 0.051549
vt 0.835301 0.051535
vt 0.832262 0.056819
vt 0.850306 0.031404
vt 0.860071 0.024536
vt 0.860083 0.031392
vt 0.850312 0.024550
vt 0.850316 0.038280
vt 0.846251 0.031392
vt 0.850306 0.031404
vt 0.848071 0.038270
vt 0.846237 0.038265
vt 0.832465 0.066056
vt 0.849038 0.089900
vt 0.836824 0.094190
vt 0.845023 0.061640
vt 0.850327 0.042605
vt 0.857218 0.038283
vt 0.857210 0.042584
vt 0.850316 0.038280
vt 0.795872 0.053942
vt 0.820073 0.070607
vt 0.795908 0.068459
vt 0.822524 0.051697
vt 0.832465 0.066056
vt 0.727153 0.171627
vt 0.733468 0.128543
vt 0.733467 0.150585
vt 0.696924 0.183032
vt 0.713023 0.182479
vt 0.713190 0.095940
vt 0.727044 0.107794
vt 0.683190 0.107803
vt 0.676740 0.150601
vt 0.684327 0.173274
vt 0.697200 0.096712
vt 0.676771 0.128566
vt 0.755835 0.122022
vt 0.748752 0.125677
vt 0.748752 0.114566
vt 0.741671 0.122022
vt 0.744376 0.134086
vt 0.753130 0.134086
vt 0.679294 0.101921
vt 0.683190 0.107803
vt 0.676554 0.106321
vt 0.791922 0.037169
vt 0.793738 0.045079
vt 0.792058 0.041661
vt 0.793405 0.033625
vt 0.822641 0.022218
vt 0.822524 0.051697
vt 0.832706 0.022194
vt 0.832590 0.051549
vt 0.836444 0.051426
vt 0.836518 0.033458
vt 0.844727 0.033401
vt 0.844825 0.022140
vt 0.878706 0.076844
vt 0.880645 0.086873
vt 0.878719 0.086897
vt 0.880639 0.076793
vt 0.878698 0.066499
vt 0.880637 0.066493
vt 0.878691 0.055692
vt 0.880634 0.055679
vt 0.878690 0.045050
vt 0.880634 0.045012
vt 0.878690 0.034312
vt 0.880634 0.034320
vt 0.679294 0.101921
vt 0.697200 0.096712
vt 0.683190 0.107803
vt 0.742399 0.108685
vt 0.759575 0.099553
vt 0.760331 0.104194
vt 0.742399 0.108685
vt 0.743509 0.099729
vt 0.759575 0.099553
vt 0.670159 0.126736
vt 0.676771 0.128566
vt 0.671386 0.135182
vt 0.670159 0.126736
vt 0.683190 0.107803
vt 0.676771 0.128566
vt 0.668418 0.181082
vt 0.674659 0.183974
vt 0.670832 0.191923
vt 0.678534 0.191778
vt 0.680881 0.180847
vt 0.674628 0.174236
vt 0.725891 0.095304
vt 0.743509 0.099729
vt 0.741221 0.104230
vt 0.876723 0.193874
vt 0.870720 0.196972
vt 0.870720 0.187555
vt 0.864718 0.193874
vt 0.867011 0.204098
vt 0.874430 0.204098
vt 0.725891 0.095304
vt 0.729679 0.088209
vt 0.743509 0.099729
vt 0.875626 0.076798
vt 0.877567 0.086903
vt 0.875626 0.086879
vt 0.877569 0.076845
vt 0.875629 0.066496
vt 0.877573 0.066502
vt 0.875629 0.055689
vt 0.877576 0.055700
vt 0.875631 0.045010
vt 0.877578 0.045033
vt 0.875632 0.034332
vt 0.877578 0.034323
vt 0.763270 0.149386
vt 0.763270 0.138041
vt 0.770717 0.141548
vt 0.767873 0.128863
vt 0.758668 0.128863
vt 0.755824 0.141548
vt 0.670131 0.152500
vt 0.676740 0.150601
vt 0.673925 0.157492
vt 0.772751 0.024959
vt 0.743109 0.013960
vt 0.759104 0.013749
vt 0.721739 0.045178
vt 0.759575 0.099553
vt 0.729679 0.088209
vt 0.743509 0.099729
vt 0.729468 0.025655
vt 0.721751 0.068337
vt 0.781023 0.067848
vt 0.780971 0.045229
vt 0.773882 0.086727
vt 0.864191 0.038282
vt 0.860094 0.042204
vt 0.860096 0.038282
vt 0.862901 0.042207
vt 0.864196 0.042185
vt 0.670131 0.152500
vt 0.676771 0.128566
vt 0.676740 0.150601
vt 0.716071 0.071772
vt 0.729679 0.088209
vt 0.726718 0.091474
vt 0.716071 0.071772
vt 0.721751 0.068337
vt 0.729679 0.088209
vt 0.679209 0.177126
vt 0.684327 0.173274
vt 0.684937 0.180351
vt 0.679209 0.177126
vt 0.676740 0.150601
vt 0.684327 0.173274
vt 0.849016 0.046835
vt 0.847161 0.039855
vt 0.849018 0.039843
vt 0.847165 0.043962
vt 0.838992 0.046782
vt 0.839019 0.043996
vt 0.715611 0.044137
vt 0.721751 0.068337
vt 0.718375 0.069533
vt 0.715611 0.044137
vt 0.721739 0.045178
vt 0.721751 0.068337
vt 0.694462 0.188687
vt 0.696924 0.183032
vt 0.700910 0.188974
vt 0.694462 0.188687
vt 0.684327 0.173274
vt 0.696924 0.183032
vt 0.724742 0.020067
vt 0.721739 0.045178
vt 0.717436 0.040626
vt 0.724742 0.020067
vt 0.729468 0.025655
vt 0.721739 0.045178
vt 0.714580 0.189281
vt 0.713023 0.182479
vt 0.716909 0.184808
vt 0.714580 0.189281
vt 0.696924 0.183032
vt 0.713023 0.182479
vt 0.741199 0.005288
vt 0.729468 0.025655
vt 0.727268 0.021817
vt 0.741199 0.005288
vt 0.743109 0.013960
vt 0.729468 0.025655
vt 0.730791 0.176932
vt 0.727153 0.171627
vt 0.734002 0.171273
vt 0.730791 0.176932
vt 0.713023 0.182479
vt 0.727153 0.171627
vt 0.760328 0.004805
vt 0.743109 0.013960
vt 0.742596 0.009214
vt 0.760328 0.004805
vt 0.759104 0.013749
vt 0.743109 0.013960
vt 0.736606 0.155751
vt 0.733467 0.150585
vt 0.737274 0.147658
vt 0.736606 0.155751
vt 0.727153 0.171627
vt 0.733467 0.150585
vt 0.776906 0.018220
vt 0.759104 0.013749
vt 0.762767 0.009701
vt 0.776906 0.018220
vt 0.772751 0.024959
vt 0.759104 0.013749
vt 0.738948 0.129574
vt 0.733468 0.128543
vt 0.736901 0.123319
vt 0.738948 0.129574
vt 0.733467 0.150585
vt 0.733468 0.128543
vt 0.786909 0.042062
vt 0.772751 0.024959
vt 0.775098 0.021486
vt 0.786909 0.042062
vt 0.780971 0.045229
vt 0.772751 0.024959
vt 0.731063 0.102148
vt 0.727044 0.107794
vt 0.727014 0.100562
vt 0.731063 0.102148
vt 0.733468 0.128543
vt 0.727044 0.107794
vt 0.787078 0.069299
vt 0.780971 0.045229
vt 0.784320 0.043766
vt 0.787078 0.069299
vt 0.781023 0.067848
vt 0.780971 0.045229
vt 0.714637 0.088564
vt 0.713190 0.095940
vt 0.710015 0.090416
vt 0.714637 0.088564
vt 0.727044 0.107794
vt 0.713190 0.095940
vt 0.777906 0.093911
vt 0.781023 0.067848
vt 0.784215 0.069159
vt 0.777906 0.093911
vt 0.773882 0.086727
vt 0.781023 0.067848
vt 0.695625 0.087713
vt 0.697200 0.096712
vt 0.692755 0.093614
vt 0.695625 0.087713
vt 0.713190 0.095940
vt 0.697200 0.096712
vt 0.760861 0.109332
vt 0.773882 0.086727
vt 0.771584 0.101211
vt 0.760861 0.109332
vt 0.759575 0.099553
vt 0.773882 0.086727
vt 0.944518 0.012229
vt 0.996047 0.005119
vt 0.996055 0.012220
vt 0.996047 0.005119
vt 0.944518 0.012229
vt 0.944472 0.005128
vt 0.992408 0.035033
vt 0.996300 0.056067
vt 0.931281 0.056079
vt 0.947498 0.019643
vt 0.936095 0.035044
vt 0.980010 0.019637
vt 0.963571 0.014003
vt 0.942242 0.005598
vt 0.937151 0.026616
vt 0.925249 0.042003
vt 0.892709 0.042009
vt 0.908983 0.047638
vt 0.877196 0.005609
vt 0.880790 0.026627
vt 0.758835 0.214880
vt 0.756888 0.224686
vt 0.750125 0.224912
vt 0.758835 0.214880
vt 0.750125 0.224912
vt 0.747894 0.215246
vt 0.758835 0.214880
vt 0.747894 0.215246
vt 0.753277 0.209046
vt 0.752005 0.198583
vt 0.757128 0.204390
vt 0.752005 0.204390
vt 0.752005 0.198583
vt 0.757128 0.198583
vt 0.761716 0.198583
vt 0.765466 0.204390
vt 0.761716 0.204390
vt 0.765466 0.204390
vt 0.761716 0.198583
vt 0.765466 0.198583
vt 0.820073 0.070607
vt 0.823746 0.098994
vt 0.794807 0.090817
vt 0.820073 0.070607
vt 0.794807 0.090817
vt 0.795911 0.086839
vt 0.794807 0.090817
vt 0.823746 0.098994
vt 0.797336 0.098153
vt 0.794807 0.090817
vt 0.797336 0.098153
vt 0.795359 0.095229
vt 0.836824 0.094190
vt 0.820073 0.070607
vt 0.832465 0.066056
vt 0.820073 0.070607
vt 0.836824 0.094190
vt 0.823746 0.098994
vt 0.822641 0.022218
vt 0.831620 0.007902
vt 0.832706 0.022194
vt 0.832590 0.051549
vt 0.832465 0.066056
vt 0.822524 0.051697
vt 0.832465 0.066056
vt 0.832590 0.051549
vt 0.832262 0.056819
vt 0.847470 0.059052
vt 0.849079 0.062783
vt 0.847229 0.062792
vt 0.849079 0.062783
vt 0.847470 0.059052
vt 0.849062 0.056499
vt 0.839034 0.059074
vt 0.849062 0.056499
vt 0.847470 0.059052
vt 0.849062 0.056499
vt 0.839034 0.059074
vt 0.838995 0.056499
vt 0.857218 0.038283
vt 0.860083 0.031392
vt 0.860096 0.038282
vt 0.844727 0.033401
vt 0.837849 0.036120
vt 0.836518 0.033458
vt 0.850316 0.038280
vt 0.860083 0.031392
vt 0.857218 0.038283
vt 0.837849 0.036120
vt 0.844727 0.033401
vt 0.844004 0.036061
vt 0.850316 0.038280
vt 0.850306 0.031404
vt 0.860083 0.031392
vt 0.849016 0.046835
vt 0.838995 0.056499
vt 0.838992 0.046782
vt 0.849062 0.056499
vt 0.853364 0.046836
vt 0.853453 0.056538
vt 0.838995 0.056499
vt 0.849016 0.046835
vt 0.849062 0.056499
vt 0.853364 0.046836
vt 0.849062 0.056499
vt 0.849016 0.046835
vt 0.864191 0.038282
vt 0.860083 0.031392
vt 0.864184 0.031386
vt 0.860083 0.031392
vt 0.864191 0.038282
vt 0.860096 0.038282
vn -0.1244 -0.7814 0.6114
vn -0.7166 -0.2158 -0.6633
vn 0.9093 -0.1484 -0.3888
vn -0.6908 0.5081 0.5145
vn 0.3796 0.8208 -0.4268
vn -0.7995 0.5967 -0.0693
vn 0.5734 0.7829 0.2413
vn -0.0625 0.0964 -0.9934
vn 0.2538 0.8432 -0.4738
vn 0.2470 -0.1816 -0.9519
vn 0.3046 -0.1846 -0.9344
vn -0.4588 -0.4994 -0.7349
vn -0.1202 0.6621 -0.7397
vn -0.5488 0.8286 -0.1104
vn 0.2412 0.8543 -0.4605
vn -0.8820 -0.2663 -0.3889
vn -0.8929 0.4111 -0.1837
vn 0.6701 -0.6362 -0.3824
vn -0.7292 -0.4392 -0.5247
vn 0.4486 -0.1931 -0.8726
vn -0.6022 -0.7962 -0.0587
vn -0.7278 -0.6227 -0.2873
vn -0.9529 -0.1661 -0.2536
vn -0.8597 -0.0508 -0.5082
vn -0.1298 -0.9251 -0.3568
vn -0.8105 0.5408 0.2251
vn -0.9613 -0.2721 -0.0427
vn -0.9826 0.1121 0.1480
vn -0.9831 0.1552 -0.0966
vn -0.8747 0.4319 -0.2199
vn -0.2746 0.8697 0.4101
vn -0.3238 -0.9440 0.0635
vn -0.9821 0.0935 0.1634
vn -0.3993 0.5562 0.7288
vn -0.9510 -0.3004 -0.0727
vn -0.3036 -0.9516 0.0478
vn -0.4562 -0.8413 0.2899
vn -0.2066 -0.5872 0.7826
vn 0.1120 -0.4524 0.8848
vn 0.1186 -0.2064 0.9712
vn 0.0647 -0.3003 0.9516
vn 0.1123 -0.5587 0.8217
vn 0.0208 -0.4829 0.8754
vn 0.0706 -0.3781 0.9231
vn -0.2859 -0.2496 0.9252
vn -0.4311 0.5419 0.7215
vn -0.5563 0.3094 0.7712
vn 0.9528 0.3035 -0.0029
vn 0.9837 -0.0219 -0.1782
vn -0.2487 0.9677 -0.0413
vn 0.4911 0.8576 0.1526
vn 0.1976 0.9400 -0.2781
vn -0.4517 0.2571 0.8543
vn -0.7379 0.6727 -0.0539
vn -0.1655 0.4656 0.8694
vn -0.0469 0.2502 0.9671
vn 0.7349 0.4409 0.5153
vn 0.5240 -0.4841 0.7008
vn -0.8652 0.1377 -0.4822
vn 0.7480 0.0511 -0.6617
vn -0.3720 0.2239 0.9008
vn -0.7440 -0.5535 -0.3743
vn -0.2640 -0.8468 0.4619
vn -0.8264 0.5580 0.0751
vn 0.8044 -0.5940 0.0059
vn 0.7344 0.4401 0.5167
vn 0.9275 0.3729 0.0251
vn 0.9766 -0.1399 -0.1635
vn -0.7527 -0.4210 -0.5062
vn -0.3404 -0.8623 0.3749
vn 0.3054 -0.2323 -0.9234
vn 0.7276 -0.0039 -0.6859
vn 0.5600 0.8264 0.0595
vn -0.7152 0.6987 -0.0173
vn -0.2103 0.3226 0.9229
vn 0.9943 0.0909 -0.0561
vn 0.1809 0.9206 0.3461
vn 0.9735 0.1441 -0.1774
vn -0.7647 -0.4609 -0.4504
vn 0.2233 -0.9488 -0.2236
vn 0.2742 -0.9089 -0.3143
vn 0.7345 -0.2290 0.6388
vn 0.5943 -0.2895 0.7503
vn 0.1836 -0.9614 -0.2049
vn -0.6105 -0.3346 -0.7179
vn -0.4935 -0.2629 -0.8291
vn -0.6780 0.6832 -0.2712
vn -0.5632 0.7288 -0.3896
vn 0.1035 0.8250 0.5556
vn 0.0566 0.8153 0.5762
vn 0.9502 -0.0682 0.3041
vn 0.1540 0.8712 0.4660
vn 0.1911 0.9060 0.3778
vn -0.8388 0.3802 0.3896
vn -0.8335 0.5526 -0.0038
vn -0.8558 0.4414 0.2698
vn -0.7860 -0.5905 -0.1830
vn 0.3129 -0.8615 -0.4000
vn 0.3012 -0.8499 -0.4324
vn -0.7698 -0.6357 -0.0571
vn 0.6375 0.7513 0.1709
vn 0.0958 0.9239 0.3704
vn 0.9953 0.0865 0.0442
vn -0.7891 0.6117 -0.0559
vn -0.5987 0.3561 0.7175
vn -0.1142 0.8909 -0.4396
vn 0.4726 0.8281 -0.3015
vn 0.7419 0.3048 -0.5972
vn 0.0498 0.9429 0.3294
vn -0.0717 0.2900 0.9543
vn 0.0835 0.9562 0.2805
vn 0.9957 0.0265 0.0885
vn 0.5376 -0.3024 -0.7871
vn 0.2269 -0.8798 -0.4177
vn 0.7669 -0.5094 -0.3903
vn 0.1729 -0.8660 -0.4693
vn 0.2026 -0.8399 -0.5035
vn -0.0036 -0.9042 0.4272
vn -0.5373 -0.8183 0.2041
vn -0.7272 -0.4360 -0.5302
vn -0.0339 -0.2870 -0.9573
vn 0.2549 0.9597 -0.1180
vn -0.6003 0.7993 0.0292
vn 0.3051 0.5020 0.8092
vn -0.4407 0.5160 0.7345
vn 0.2097 0.9164 -0.3409
vn -0.8191 0.5681 -0.0800
vn 0.5850 0.6320 0.5083
vn -0.2070 0.4831 0.8508
vn 0.6685 0.6545 -0.3532
vn -0.8247 0.5641 0.0404
vn -0.3756 0.2569 0.8905
vn -0.2941 0.8602 0.4166
vn -0.9922 -0.0102 -0.1240
vn -0.0873 0.8692 0.4867
vn -0.9842 -0.1171 0.1326
vn -0.3436 0.7939 0.5017
vn -0.9019 -0.2129 0.3758
vn 0.5557 -0.7050 0.4407
vn 0.0291 -0.9506 -0.3089
vn 0.7867 -0.5966 0.1584
vn -0.1705 -0.9123 -0.3724
vn 0.8493 -0.3986 -0.3462
vn -0.2225 -0.9331 -0.2824
vn 0.7689 -0.3610 -0.5277
vn 0.7786 0.6185 0.1060
vn 0.6957 0.7163 -0.0533
vn 0.7198 0.3774 0.5826
vn 0.4934 0.2115 0.8437
vn -0.3897 0.8630 0.3216
vn -0.1846 0.7796 0.5985
vn 0.2146 0.8624 0.4585
vn 0.0902 0.9910 0.0990
vn -0.3696 0.3767 -0.8494
vn 0.2989 -0.2138 -0.9300
vn -0.2301 -0.4467 -0.8646
vn 0.4785 0.4493 -0.7545
vn 0.1760 0.8784 -0.4444
vn -0.3208 0.9146 -0.2461
vn -0.7459 0.6435 -0.1719
vn -0.9446 0.1082 -0.3099
vn -0.7220 -0.3905 -0.5711
vn 0.9529 0.2492 -0.1728
vn 0.6914 -0.6134 -0.3817
vn 0.5929 0.7655 0.2500
vn -0.0737 0.8653 0.4958
vn -0.6710 0.4803 0.5649
vn -0.8977 -0.2168 0.3836
vn -0.5359 -0.8437 0.0316
vn 0.0594 -0.9656 -0.2531
vn -0.0632 -0.9672 0.2461
vn 0.8010 -0.5964 0.0508
vn 0.0241 -0.8804 0.4736
vn -0.7460 -0.5402 -0.3895
vn -0.3012 -0.8321 0.4657
vn -0.0601 0.2533 0.9655
vn 0.7197 0.4667 0.5140
vn 0.0298 -0.8846 0.4654
vn 0.7992 -0.6004 0.0280
vn -0.5755 0.2537 0.7775
vn 0.9410 -0.0410 0.3360
vn -0.2312 -0.8572 0.4603
vn 0.8125 -0.5803 0.0558
vn -0.3210 -0.4290 0.8443
vn 0.3006 0.4005 -0.8656
vn 0.3360 -0.1944 -0.9216
vn -0.9460 0.0358 -0.3222
vn -0.7157 -0.4636 -0.5223
vn 0.4029 0.3833 -0.8311
vn -0.7807 0.6160 -0.1047
vn 0.2956 0.8470 -0.4418
vn -0.9136 0.0884 -0.3968
vn 0.9140 -0.0890 0.3957
vn 0.6957 0.4444 0.5644
vn -0.3892 -0.4027 0.8285
vn -0.3818 0.2061 0.9010
vn -0.0802 -0.7812 -0.6191
vn -0.1846 -0.5898 -0.7861
vn -0.3386 -0.1196 -0.9333
vn -0.4013 0.3449 -0.8485
vn -0.3729 0.7312 -0.5712
vn -0.2470 0.9608 -0.1263
vn -0.1511 0.9799 0.1303
vn -0.3856 0.6668 -0.6377
vn -0.0075 0.8918 0.4524
vn 0.2429 -0.9633 0.1146
vn 0.2430 -0.9632 0.1146
vn 0.3027 0.2634 0.9160
vn 0.3046 0.2602 0.9163
vn 0.3021 0.2643 0.9159
vn 0.3051 0.2593 0.9163
vn -0.4045 0.3478 -0.8458
vn -0.4017 0.3548 -0.8443
vn -0.4043 0.3519 -0.8442
vn -0.4050 0.3454 -0.8465
vn -0.4012 0.3415 -0.8500
vn 0.0349 -0.9177 -0.3957
vn 0.0390 -0.9173 -0.3963
vn 0.3949 -0.5955 0.6996
vn 0.4005 -0.3258 0.8564
vn 0.3954 -0.5982 0.6970
vn 0.2610 -0.9557 0.1363
vn 0.2520 -0.9585 0.1335
vn 0.1060 -0.9474 -0.3021
vn 0.1288 -0.9498 -0.2851
vn 0.0323 -0.9165 -0.3986
vn -0.0350 0.9177 0.3957
vn -0.9152 -0.1885 0.3562
vn -0.4015 0.3496 -0.8465
vn -0.9183 -0.1944 0.3448
vn -0.9207 -0.1889 0.3415
vn -0.9243 -0.1802 0.3363
vn -0.9145 -0.2030 0.3499
vn 0.9152 0.1863 -0.3573
vn 0.9152 0.1864 -0.3573
vn 0.0498 0.8416 0.5378
vn 0.0285 0.8779 0.4780
vn 0.0419 0.8375 0.5448
vn 0.0255 0.8836 0.4675
vn -0.0286 0.9146 0.4034
vn -0.9119 -0.1830 0.3673
vn 0.9607 0.1454 0.2366
vn 0.9138 0.1440 -0.3797
vn 0.7228 0.6779 -0.1340
vn 0.5077 0.4345 -0.7439
vn 0.6127 -0.2484 -0.7503
vn 0.8926 -0.4271 -0.1443
vn 0.4055 -0.5392 0.7381
vn 0.9350 0.1708 -0.3107
vn 0.9333 0.1719 -0.3153
vn 0.9353 0.1707 -0.3099
vn 0.9331 0.1725 -0.3154
vn 0.9245 0.1796 -0.3363
vn 0.9249 0.1791 -0.3354
vn 0.9168 0.1861 -0.3533
vn 0.9162 0.1875 -0.3542
vn 0.9152 0.1884 -0.3562
vn 0.9166 0.1887 -0.3526
vn 0.9165 0.1824 -0.3560
vn 0.9155 0.1790 -0.3603
vn -0.2462 0.5569 -0.7932
vn -0.2574 -0.0305 -0.9658
vn -0.2462 0.5570 -0.7932
vn 0.1152 0.9660 0.2316
vn 0.5149 0.0712 0.8543
vn 0.5149 0.0711 0.8543
vn 0.4005 -0.8909 0.2143
vn 0.1440 -0.9292 -0.3405
vn 0.1440 -0.9291 -0.3405
vn -0.8598 0.1804 0.4777
vn -0.1729 0.9831 0.0603
vn 0.8983 0.3065 -0.3148
vn 0.3198 -0.8778 0.3566
vn -0.8093 0.0338 0.5864
vn -0.9138 -0.1439 0.3797
vn -0.9138 -0.1440 0.3797
vn 0.0360 0.8560 0.5158
vn -0.4901 -0.4939 0.7182
vn -0.9086 -0.2206 0.3547
vn -0.6753 -0.7313 0.0963
vn -0.9430 -0.2047 -0.2622
vn -0.9234 0.3581 0.1382
vn -0.6435 0.1794 0.7442
vn 0.9275 0.3076 -0.2124
vn 0.0118 0.5669 0.8237
vn -0.2164 0.9048 0.3668
vn 0.2695 -0.5644 0.7802
vn 0.2695 -0.5645 0.7802
vn -0.0417 -0.9634 -0.2649
vn -0.0417 -0.9634 -0.2648
vn -0.4917 -0.0787 -0.8672
vn -0.4917 -0.0786 -0.8672
vn -0.5289 0.5042 -0.6827
vn -0.5288 0.5042 -0.6827
vn 0.9086 0.2206 -0.3547
vn 0.1491 -0.9817 -0.1187
vn 0.9119 0.1830 -0.3673
vn 0.9146 0.1896 -0.3571
vn 0.9146 0.1883 -0.3578
vn 0.9151 0.1885 -0.3564
vn 0.9141 0.1893 -0.3586
vn 0.9150 0.1922 -0.3548
vn -0.8022 -0.1310 0.5825
vn 0.2353 0.5000 0.8334
vn 0.9687 0.2281 -0.0982
vn -0.0613 -0.8243 -0.5628
vn -0.8291 -0.2345 0.5075
vn -0.4016 0.3496 -0.8465
vn -0.4005 0.3500 -0.8468
vn -0.3801 0.3584 -0.8527
vn -0.3771 0.3595 -0.8535
vn 0.3719 0.0097 0.9282
vn 0.9969 0.0618 -0.0494
vn -0.2560 -0.4456 -0.8578
vn -0.8616 -0.2690 0.4305
vn 0.4088 -0.4837 0.7739
vn 0.9854 -0.1202 -0.1207
vn -0.3824 0.0543 -0.9224
vn -0.8820 -0.2828 0.3769
vn 0.3358 -0.8472 0.4117
vn 0.9311 -0.2190 -0.2919
vn -0.4055 0.5392 -0.7381
vn -0.8983 -0.3066 0.3148
vn 0.1730 -0.9831 -0.0604
vn 0.8598 -0.1804 -0.4777
vn -0.3198 0.8778 -0.3566
vn -0.9275 -0.3076 0.2124
vn -0.0360 -0.8560 -0.5158
vn 0.8094 -0.0338 -0.5863
vn -0.1492 0.9816 0.1187
vn -0.9687 -0.2281 0.0982
vn -0.2353 -0.5000 -0.8334
vn 0.8022 0.1310 -0.5825
vn 0.0612 0.8243 0.5628
vn -0.9969 -0.0618 0.0493
vn -0.3720 -0.0097 -0.9282
vn 0.8291 0.2345 -0.5075
vn 0.2561 0.4456 0.8578
vn -0.9854 0.1202 0.1207
vn -0.4088 0.4837 -0.7739
vn 0.8616 0.2690 -0.4305
vn 0.3824 -0.0543 0.9224
vn -0.9311 0.2190 0.2918
vn -0.3358 0.8472 -0.4117
vn 0.8820 0.2829 -0.3770
vn 0.4013 -0.3449 0.8485
vn -0.9152 -0.1884 0.3563
vn -0.9152 -0.1884 0.3562
vn -0.9152 -0.1885 0.3563
vn 0.9152 0.1884 -0.3563
vn 0.9152 0.1885 -0.3562
vn 0.9152 0.1885 -0.3563
vn -0.2307 -0.4797 -0.8466
vn -0.2308 -0.4797 -0.8466
vn 0.3809 -0.1156 0.9174
vn 0.3809 -0.1157 0.9174
vn -0.8949 -0.2050 0.3964
vn -0.8940 -0.1966 0.4025
vn -0.8944 -0.2073 0.3963
vn -0.8994 -0.2006 0.3883
vn -0.9762 -0.1161 0.1831
vn 0.0292 -0.9136 -0.4056
vn -0.0299 0.9135 0.4058
vn -0.0345 0.9173 0.3968
vn -0.0353 0.9181 0.3949
vn 0.4440 -0.3465 0.8263
vn 0.4298 -0.3750 0.8214
vn 0.4133 -0.3602 0.8363
vn 0.4024 -0.3606 0.8415
vn 0.0696 -0.9068 -0.4157
vn 0.0976 -0.8951 -0.4350
vn -0.0349 0.9177 0.3957
vn -0.0435 0.9114 0.4093
vn -0.0332 0.9181 0.3950
vn 0.4300 -0.3436 0.8349
vn -0.0801 -0.7812 -0.6191
vn -0.3387 -0.1196 -0.9333
vn -0.3856 0.6668 -0.6378
vn -0.4043 0.3520 -0.8442
vn 0.0350 -0.9177 -0.3957
vn 0.2609 -0.9557 0.1363
vn -0.9243 -0.1802 0.3364
vn 0.9353 0.1708 -0.3100
vn 0.4006 -0.8909 0.2143
vn 0.8983 0.3066 -0.3148
vn -0.8094 0.0338 0.5863
vn -0.4901 -0.4938 0.7183
vn -0.9431 -0.2047 -0.2622
vn 0.0117 0.5668 0.8237
vn -0.0416 -0.9634 -0.2649
vn 0.1492 -0.9817 -0.1187
vn 0.9146 0.1883 -0.3577
vn 0.9151 0.1885 -0.3563
vn 0.2354 0.5000 0.8334
vn -0.4005 0.3501 -0.8468
vn 0.9969 0.0618 -0.0493
vn -0.2561 -0.4457 -0.8578
vn -0.8820 -0.2829 0.3770
vn 0.9311 -0.2190 -0.2918
vn 0.8094 -0.0337 -0.5863
vn -0.1492 0.9817 0.1187
vn 0.0613 0.8243 0.5628
vn -0.3719 -0.0097 -0.9282
vn 0.2561 0.4457 0.8578
vn 0.3825 -0.0543 0.9224
vn -0.2308 -0.4797 -0.8465
vn 0.3809 -0.1156 0.9173
vn -0.8940 -0.1967 0.4025
vn -0.8994 -0.2007 0.3884
vn -0.0348 0.9177 0.3958
vn -0.0352 0.9180 0.3950
vn 0.4024 -0.3605 0.8415
vn 0.0696 -0.9069 -0.4157
usemtl power_klaw_dif.002
s 1
f 194/232/102 196/233/103 195/234/104
f 197/235/105 199/236/106 198/237/107
f 199/236/106 197/235/105 200/238/108
f 201/239/109 203/240/110 202/241/111
f 201/239/109 205/242/112 204/243/113
f 204/243/113 206/244/114 201/239/109
f 203/240/110 201/239/109 206/244/114
f 206/244/114 208/245/115 207/246/116
f 206/244/114 204/243/113 208/245/115
f 209/247/117 208/245/115 204/243/113
f 208/245/115 209/247/117 210/248/118
f 211/249/119 213/250/120 212/251/121
f 213/250/120 211/249/119 214/252/122
f 215/253/123 217/254/124 216/255/125
f 216/255/125 217/254/124 218/256/126
f 219/257/127 221/258/128 220/259/129
f 215/253/123 221/258/128 219/257/127
f 222/260/130 215/253/123 219/257/127
f 215/253/123 222/260/130 217/254/124
f 222/260/130 209/247/117 217/254/124
f 209/247/117 222/260/130 210/248/118
f 223/261/131 222/260/130 219/257/127
f 223/261/131 224/262/132 222/260/130
f 225/263/133 227/264/134 226/265/135
f 227/264/134 225/263/133 221/258/128
f 221/258/128 215/253/123 227/264/134
f 227/264/134 215/253/123 228/266/136
f 215/253/123 229/267/137 228/266/136
f 229/267/137 215/253/123 230/268/138
f 231/269/139 229/267/137 230/268/138
f 229/267/137 231/269/139 232/270/140
f 232/270/140 231/269/139 233/271/141
f 233/271/141 234/272/142 232/270/140
f 233/271/141 235/273/143 234/272/142
f 234/272/142 235/273/143 236/274/144
f 236/274/144 235/273/143 237/275/145
f 237/275/145 235/273/143 238/276/146
f 238/276/146 239/277/147 237/275/145
f 239/277/147 238/276/146 240/278/148
f 240/278/148 220/259/129 239/277/147
f 220/259/129 240/278/148 219/257/127
f 236/274/144 226/265/135 234/272/142
f 226/265/135 236/274/144 225/263/133
f 235/273/143 242/279/149 241/280/150
f 242/279/149 235/273/143 233/271/141
f 243/281/151 245/282/152 244/283/153
f 246/284/154 243/281/151 247/285/155
f 243/281/151 246/284/154 248/286/156
f 243/281/151 248/286/156 245/282/152
f 249/287/157 245/282/152 248/286/156
f 245/282/152 249/287/157 250/288/158
f 251/289/159 253/290/160 252/291/161
f 254/292/162 256/293/163 255/294/164
f 256/293/163 254/292/162 257/295/165
f 203/240/110 258/296/166 202/241/111
f 258/296/166 203/240/110 259/297/167
f 260/298/168 258/296/166 259/297/167
f 258/296/166 260/298/168 261/299/169
f 261/300/169 202/241/111 258/296/166
f 202/241/111 261/300/169 201/301/109
f 219/257/127 238/302/146 223/303/131
f 238/302/146 219/257/127 240/278/148
f 231/304/139 215/253/123 216/305/125
f 215/253/123 231/304/139 230/268/138
f 231/306/139 263/307/170 262/308/171
f 263/307/170 231/306/139 216/309/125
f 216/310/125 264/311/172 263/307/170
f 264/311/172 216/310/125 265/312/173
f 266/313/174 268/314/175 267/315/176
f 269/316/177 271/317/178 270/318/179
f 272/319/180 274/320/181 273/321/182
f 275/322/183 273/321/182 274/320/181
f 274/320/181 276/323/184 275/322/183
f 276/323/184 274/320/181 277/324/185
f 278/325/186 277/324/185 274/320/181
f 277/324/185 278/325/186 279/326/187
f 280/327/188 279/326/187 278/325/186
f 279/326/187 280/327/188 281/328/189
f 282/329/190 281/328/189 280/327/188
f 281/328/189 282/329/190 283/330/191
f 282/329/190 276/331/184 283/330/191
f 276/331/184 282/329/190 275/332/183
f 282/329/190 284/333/192 275/332/183
f 284/333/192 282/329/190 285/334/193
f 285/334/193 269/316/177 284/333/192
f 269/316/177 285/334/193 286/335/194
f 271/317/178 269/316/177 286/335/194
f 286/335/194 287/336/195 271/317/178
f 274/320/181 272/319/180 278/325/186
f 288/337/196 278/325/186 272/319/180
f 272/319/180 289/338/197 288/337/196
f 286/335/194 288/337/196 289/338/197
f 288/337/196 286/335/194 285/334/193
f 282/329/190 288/337/196 285/334/193
f 288/337/196 282/329/190 280/327/188
f 278/325/186 288/337/196 280/327/188
f 287/336/195 286/335/194 289/338/197
f 290/339/198 287/336/195 289/338/197
f 289/338/197 272/319/180 290/339/198
f 273/321/182 290/339/198 272/319/180
f 290/339/198 273/321/182 291/340/199
f 284/341/192 291/340/199 273/321/182
f 291/340/199 284/341/192 269/342/177
f 269/342/177 292/343/200 291/340/199
f 292/343/200 269/342/177 270/344/179
f 273/321/182 275/322/183 284/341/192
f 287/336/195 290/339/198 293/345/201
f 291/340/199 293/345/201 290/339/198
f 293/345/201 291/340/199 292/343/200
f 294/346/202 296/347/203 295/348/204
f 296/347/203 298/349/205 297/350/206
f 296/347/203 299/351/207 298/349/205
f 294/346/202 299/351/207 296/347/203
f 299/351/207 294/346/202 300/352/208
f 296/347/203 301/353/209 295/348/204
f 301/353/209 296/347/203 302/354/210
f 296/347/203 297/350/206 302/354/210
f 303/355/211 302/354/210 297/350/206
f 302/354/210 303/355/211 304/356/212
f 305/357/213 304/356/212 303/355/211
f 305/357/213 301/353/209 304/356/212
f 304/356/212 301/353/209 302/354/210
f 294/358/202 306/359/214 300/360/208
f 295/361/204 308/362/215 307/363/216
f 295/361/204 309/364/217 308/362/215
f 309/364/217 295/361/204 301/365/209
f 310/366/218 309/364/217 301/365/209
f 305/367/213 310/366/218 301/365/209
f 305/367/213 311/368/219 310/366/218
f 312/369/220 310/366/218 311/368/219
f 310/366/218 312/369/220 309/364/217
f 312/369/220 308/362/215 309/364/217
f 313/370/221 308/362/215 312/369/220
f 313/370/221 314/371/222 308/362/215
f 306/359/214 308/362/215 314/371/222
f 308/362/215 306/359/214 307/363/216
f 306/359/214 294/358/202 307/363/216
f 307/363/216 294/358/202 295/372/204
f 268/314/175 194/373/102 267/315/176
f 194/373/102 268/314/175 196/374/103
f 298/349/205 314/375/222 313/376/221
f 314/375/222 298/349/205 299/351/207
f 300/377/208 314/375/222 299/351/207
f 314/375/222 300/377/208 306/378/214
f 315/379/223 317/380/224 316/381/225
f 316/381/225 317/380/224 318/382/226
f 319/383/227 321/384/228 320/385/229
f 320/385/229 321/384/228 322/386/230
f 305/387/213 303/388/211 311/389/219
f 297/350/206 311/389/219 303/388/211
f 311/389/219 297/350/206 312/369/220
f 297/350/206 313/370/221 312/369/220
f 313/370/221 297/350/206 298/349/205
f 244/283/153 323/390/231 243/281/151
f 323/390/231 247/285/155 243/281/151
f 247/285/155 323/390/231 223/391/131
f 324/392/232 226/393/135 227/394/134
f 226/393/135 324/392/232 325/395/233
f 325/395/233 234/396/142 226/393/135
f 198/237/107 214/397/122 197/398/105
f 214/397/122 198/237/107 213/250/120
f 204/243/113 217/399/124 209/400/117
f 217/399/124 204/243/113 218/401/126
f 218/401/126 204/243/113 205/242/112
f 265/402/173 218/401/126 205/242/112
f 218/401/126 265/402/173 216/403/125
f 326/404/234 328/405/235 327/406/236
f 328/405/235 326/404/234 329/407/237
f 330/408/238 329/407/237 326/404/234
f 329/407/237 330/408/238 331/409/239
f 332/410/240 334/411/241 333/412/242
f 335/413/243 333/412/242 334/411/241
f 333/412/242 335/413/243 336/414/244
f 337/415/245 336/414/244 335/413/243
f 336/414/244 337/415/245 338/416/246
f 339/417/247 338/416/246 340/418/248
f 338/416/246 339/417/247 336/414/244
f 341/419/249 336/414/244 339/417/247
f 336/414/244 341/419/249 333/412/242
f 342/420/250 333/412/242 341/419/249
f 333/412/242 342/420/250 332/410/240
f 342/420/250 341/419/249 327/406/236
f 339/417/247 327/406/236 341/419/249
f 327/406/236 339/417/247 326/404/234
f 340/418/248 326/404/234 339/417/247
f 326/404/234 340/418/248 330/408/238
f 224/421/132 210/422/118 222/423/130
f 210/422/118 224/421/132 208/245/115
f 224/421/132 343/424/251 208/245/115
f 343/424/251 224/421/132 344/425/252
f 223/426/131 344/425/252 224/421/132
f 223/426/131 345/427/253 344/425/252
f 345/427/253 223/426/131 323/428/231
f 323/428/231 346/429/254 345/427/253
f 346/429/254 323/428/231 207/246/116
f 208/245/115 346/429/254 207/246/116
f 346/429/254 208/245/115 343/424/251
f 347/430/255 349/431/256 348/432/257
f 347/430/255 350/433/258 349/431/256
f 347/430/255 351/434/259 350/433/258
f 347/430/255 352/435/260 351/434/259
f 347/430/255 353/436/261 352/435/260
f 347/430/255 354/437/262 353/436/261
f 347/430/255 355/438/263 354/437/262
f 347/430/255 348/432/257 355/438/263
f 349/439/256 357/440/264 356/441/265
f 357/440/264 349/439/256 350/442/258
f 350/442/258 358/443/266 357/440/264
f 358/443/266 350/442/258 351/444/259
f 351/444/259 359/445/267 358/443/266
f 359/445/267 351/444/259 352/446/260
f 352/446/260 360/447/268 359/445/267
f 360/447/268 352/446/260 353/448/261
f 353/448/261 361/449/269 360/447/268
f 361/449/269 353/448/261 354/450/262
f 354/450/262 362/451/270 361/449/269
f 362/451/270 354/450/262 355/452/263
f 355/452/263 363/453/271 362/451/270
f 363/453/271 355/452/263 348/454/257
f 364/455/272 366/456/273 365/457/274
f 366/456/273 364/455/272 264/311/172
f 262/308/171 264/311/172 364/455/272
f 264/311/172 262/308/171 263/307/170
f 325/395/233 368/458/275 367/459/276
f 368/458/275 325/395/233 324/392/232
f 201/460/109 265/461/173 205/462/112
f 265/461/173 201/460/109 261/463/169
f 261/463/169 242/279/149 265/461/173
f 261/463/169 241/280/150 242/279/149
f 241/280/150 261/463/169 260/464/168
f 260/464/168 323/465/231 241/280/150
f 206/466/114 323/465/231 260/464/168
f 323/465/231 206/466/114 207/467/116
f 367/459/276 229/468/137 232/469/140
f 367/459/276 228/470/136 229/468/137
f 228/470/136 367/459/276 368/458/275
f 195/471/104 268/314/175 266/313/174
f 268/314/175 195/471/104 196/472/103
f 194/473/102 266/313/174 267/315/176
f 266/313/174 194/473/102 195/474/104
f 369/475/277 242/279/149 233/271/141
f 242/279/149 369/475/277 370/476/278
f 241/280/150 371/477/279 235/273/143
f 371/477/279 241/280/150 372/478/280
f 329/479/237 334/411/241 328/480/235
f 334/411/241 329/479/237 335/413/243
f 331/481/239 335/413/243 329/479/237
f 335/413/243 331/481/239 337/415/245
f 366/456/273 242/482/149 370/483/278
f 264/311/172 242/482/149 366/456/273
f 242/482/149 264/311/172 265/484/173
f 199/236/106 213/250/120 198/237/107
f 213/250/120 199/236/106 212/251/121
f 200/485/108 212/251/121 199/236/106
f 212/251/121 200/485/108 211/486/119
f 317/380/224 252/487/161 253/488/160
f 252/487/161 317/380/224 315/379/223
f 251/489/159 315/379/223 316/381/225
f 315/379/223 251/489/159 252/490/161
f 373/491/281 316/381/225 318/382/226
f 316/381/225 373/491/281 251/492/159
f 253/493/160 318/382/226 317/380/224
f 318/382/226 253/493/160 373/491/281
f 320/385/229 344/494/252 345/495/253
f 344/494/252 320/385/229 322/386/230
f 319/383/227 345/496/253 346/497/254
f 345/496/253 319/383/227 320/385/229
f 321/384/228 346/498/254 343/499/251
f 346/498/254 321/384/228 319/383/227
f 322/386/230 343/500/251 344/501/252
f 343/500/251 322/386/230 321/384/228
f 374/502/282 376/503/283 375/504/284
f 376/503/283 374/502/282 377/505/285
f 378/506/286 375/504/284 379/507/287
f 375/504/284 378/506/286 374/508/282
f 380/509/288 379/507/287 381/510/289
f 379/507/287 380/509/288 378/511/286
f 377/512/285 381/510/289 376/503/283
f 381/510/289 377/512/285 380/513/288
f 376/503/283 379/507/287 375/504/284
f 379/507/287 376/503/283 381/510/289
f 382/514/290 384/515/291 383/516/292
f 384/515/291 382/514/290 385/517/293
f 386/518/294 383/516/292 387/519/295
f 383/516/292 386/518/294 382/520/290
f 388/521/296 387/519/295 389/522/297
f 387/519/295 388/521/296 386/523/294
f 385/524/293 389/522/297 384/515/291
f 389/522/297 385/524/293 388/525/296
f 384/515/291 387/519/295 383/516/292
f 387/519/295 384/515/291 389/522/297
f 255/294/164 225/526/133 236/527/144
f 255/294/164 221/528/128 225/526/133
f 221/528/128 255/294/164 256/293/163
f 257/295/165 239/529/147 220/530/129
f 239/529/147 257/295/165 254/292/162
f 254/292/162 237/531/145 239/529/147
f 370/532/278 365/457/274 366/456/273
f 365/457/274 370/532/278 369/533/277
f 233/534/141 365/457/274 369/535/277
f 365/457/274 233/534/141 364/455/272
f 233/534/141 262/308/171 364/455/272
f 262/308/171 233/534/141 231/536/139
f 259/297/167 206/537/114 260/538/168
f 206/537/114 259/297/167 203/240/110
f 241/539/150 250/288/158 372/540/280
f 250/288/158 241/539/150 245/282/152
f 245/282/152 241/539/150 323/541/231
f 245/282/152 323/541/231 244/283/153
f 236/542/144 254/292/162 255/543/164
f 254/292/162 236/542/144 237/531/145
f 232/469/140 325/544/233 367/459/276
f 325/544/233 232/469/140 234/545/142
f 220/530/129 256/546/163 257/295/165
f 256/546/163 220/530/129 221/547/128
f 227/548/134 368/458/275 324/549/232
f 368/458/275 227/548/134 228/470/136
f 238/550/146 248/286/156 246/284/154
f 248/286/156 238/550/146 235/551/143
f 235/551/143 249/287/157 248/286/156
f 249/287/157 235/551/143 371/552/279
f 371/553/279 250/288/158 249/287/157
f 250/288/158 371/553/279 372/554/280
f 223/555/131 246/284/154 247/285/155
f 246/284/154 223/555/131 238/556/146
f 348/454/257 349/439/256 356/441/265 363/453/271
usemtl Tex_0021_7.dds.001
f 390/557/298 392/558/299 391/559/298
f 392/558/299 390/557/298 393/560/299
f 393/560/299 394/561/300 392/558/299
f 394/561/300 393/560/299 395/562/300
f 395/562/300 396/563/301 394/561/300
f 396/563/301 395/562/300 397/564/301
f 397/564/301 398/565/302 396/563/301
f 398/565/302 397/564/301 399/566/302
f 399/566/302 400/567/303 398/565/302
f 400/567/303 399/566/302 401/568/303
f 401/568/303 402/569/304 400/567/303
f 402/569/304 401/568/303 403/570/304
f 404/571/305 406/572/305 405/573/305
f 406/572/305 404/571/305 407/574/305
f 408/575/306 410/576/306 409/577/306
f 410/576/306 408/575/306 411/578/306
f 412/579/307 414/580/308 413/581/307
f 414/580/308 412/579/307 415/582/308
f 416/583/309 418/584/310 417/585/311
f 418/584/310 416/583/309 419/586/312
f 420/587/313 422/588/314 421/589/314
f 420/587/313 423/590/315 422/588/314
f 424/591/316 423/590/315 420/587/313
f 424/591/316 420/587/313 425/592/317
f 426/593/318 428/594/318 427/595/319
f 428/594/318 426/593/318 429/596/318
f 430/597/320 432/598/321 431/599/321
f 432/598/321 430/597/320 433/600/322
f 434/601/323 433/600/322 430/597/320
f 433/600/322 434/601/323 435/602/324
f 434/601/323 436/603/325 435/602/324
f 436/603/325 434/601/323 437/604/326
f 437/604/326 427/595/327 436/603/325
f 438/605/328 440/606/328 439/607/328
f 440/606/328 438/605/328 441/608/328
f 442/609/329 444/610/329 443/611/329
f 444/610/329 442/609/329 445/612/329
f 446/613/330 448/614/330 447/615/330
f 449/616/330 448/614/330 446/613/330
f 450/617/330 448/614/330 449/616/330
f 451/618/331 453/619/332 452/620/333
f 453/619/332 451/618/331 454/621/334
f 455/622/335 457/623/336 456/624/336
f 457/623/336 455/622/335 458/625/335
f 459/626/337 461/627/338 460/628/339
f 461/627/338 459/626/337 462/629/340
f 463/630/341 461/627/338 462/629/340
f 464/631/342 466/632/342 465/633/342
f 467/634/342 466/632/342 464/631/342
f 467/634/342 464/631/342 468/635/342
f 466/632/342 470/636/342 469/637/342
f 471/638/342 470/636/342 466/632/342
f 471/638/342 466/632/342 467/634/342
f 471/638/342 467/634/342 472/639/342
f 472/639/342 467/634/342 473/640/342
f 471/638/342 474/641/342 470/636/342
f 471/638/342 472/639/342 475/642/342
f 476/643/343 478/644/344 477/645/345
f 477/645/345 478/644/344 479/646/346
f 479/646/346 478/644/344 480/647/347
f 480/647/347 478/644/344 481/648/348
f 481/648/348 478/644/344 476/643/343
f 482/649/349 484/650/349 483/651/349
f 485/652/350 487/653/351 486/654/352
f 488/655/353 487/653/351 485/652/350
f 489/656/354 487/653/351 488/655/353
f 489/656/354 490/657/355 487/653/351
f 491/658/356 490/657/355 489/656/354
f 490/657/355 491/658/356 492/659/357
f 491/658/356 493/660/358 492/659/357
f 493/660/358 491/658/356 494/661/359
f 491/658/356 495/662/360 494/661/359
f 495/662/360 491/658/356 496/663/361
f 497/664/362 499/665/363 498/666/363
f 499/665/363 497/664/362 500/667/364
f 501/668/365 500/667/364 497/664/362
f 500/667/364 501/668/365 502/669/365
f 503/670/366 502/669/365 501/668/365
f 502/669/365 503/670/366 504/671/367
f 505/672/368 504/671/367 503/670/366
f 504/671/367 505/672/368 506/673/368
f 507/674/369 506/673/368 505/672/368
f 506/673/368 507/674/369 508/675/370
f 509/676/371 511/677/371 510/678/371
f 512/679/372 514/680/372 513/681/372
f 515/682/373 517/683/373 516/684/373
f 518/685/374 520/686/374 519/687/374
f 521/688/375 523/689/375 522/690/375
f 524/691/376 526/692/377 525/693/377
f 525/693/377 526/692/377 527/694/377
f 527/694/377 526/692/377 528/695/377
f 528/695/377 526/692/377 529/696/377
f 529/696/377 526/692/377 524/691/376
f 530/697/378 532/698/378 531/699/378
f 533/700/379 535/701/380 534/702/381
f 534/702/381 535/701/380 536/703/382
f 536/703/382 535/701/380 537/704/383
f 537/704/383 535/701/380 538/705/384
f 538/705/384 535/701/380 533/700/379
f 539/706/385 541/707/385 540/708/385
f 542/709/386 544/710/387 543/711/387
f 544/710/387 542/709/386 545/712/386
f 546/713/388 545/712/386 542/709/386
f 545/712/386 546/713/388 547/714/389
f 548/715/390 547/714/389 546/713/388
f 547/714/389 548/715/390 549/716/391
f 550/717/392 549/716/391 548/715/390
f 549/716/391 550/717/392 551/718/393
f 552/719/394 551/718/393 550/717/392
f 551/718/393 552/719/394 553/720/395
f 554/721/396 556/722/396 555/723/396
f 555/723/396 556/722/396 557/724/396
f 557/724/396 556/722/396 558/725/396
f 558/725/396 556/722/396 559/726/396
f 559/726/396 556/722/396 554/721/396
f 560/727/397 562/728/397 561/729/397
f 563/730/398 565/731/398 564/732/398
f 563/730/398 566/733/398 565/731/398
f 567/734/398 566/733/398 563/730/398
f 567/734/398 568/735/398 566/733/398
f 567/734/398 569/736/398 568/735/398
f 565/731/398 566/733/398 570/737/398
f 566/733/398 568/735/398 571/738/398
f 572/739/398 563/730/398 573/740/398
f 567/734/398 563/730/398 572/739/398
f 567/734/398 572/739/398 574/741/398
f 575/742/399 577/743/400 576/744/401
f 575/742/399 578/745/402 577/743/400
f 575/742/399 579/746/403 578/745/402
f 580/747/404 582/748/404 581/749/404
f 583/750/405 585/751/405 584/752/405
f 586/753/406 588/754/406 587/755/406
f 589/756/407 591/757/407 590/758/407
f 592/759/408 594/760/408 593/761/408
f 595/762/409 597/763/330 596/764/330
f 597/763/330 595/762/409 598/765/410
f 599/766/411 598/765/410 595/762/409
f 598/765/410 599/766/411 600/767/412
f 601/768/413 603/769/413 602/770/413
f 604/771/414 606/772/414 605/773/414
f 607/774/415 609/775/415 608/776/415
f 610/777/416 612/778/416 611/779/416
f 613/780/417 615/781/417 614/782/417
f 616/783/418 618/784/418 617/785/418
f 619/786/419 621/787/419 620/788/419
f 622/789/420 624/790/420 623/791/420
f 625/792/421 627/793/421 626/794/421
f 628/795/422 630/796/422 629/797/422
f 631/798/423 633/799/423 632/800/423
f 634/801/424 636/802/424 635/803/424
f 637/804/425 639/805/425 638/806/425
f 640/807/426 642/808/426 641/809/426
f 643/810/427 645/811/427 644/812/427
f 646/813/428 648/814/428 647/815/428
f 649/816/429 651/817/429 650/818/429
f 652/819/430 654/820/430 653/821/430
f 655/822/431 657/823/431 656/824/431
f 658/825/432 660/826/432 659/827/432
f 661/828/433 663/829/433 662/830/433
f 664/831/434 666/832/434 665/833/434
f 667/834/435 669/835/435 668/836/435
f 670/837/436 672/838/436 671/839/436
f 673/840/437 675/841/437 674/842/437
f 676/843/438 678/844/438 677/845/438
f 679/846/439 681/847/439 680/848/439
f 682/849/440 684/850/440 683/851/440
f 685/852/441 687/853/441 686/854/441
f 688/855/442 690/856/442 689/857/442
f 691/858/443 693/859/443 692/860/443
f 694/861/444 696/862/444 695/863/444
f 697/864/445 699/865/445 698/866/445
f 700/867/446 702/868/446 701/869/446
f 703/870/447 705/871/447 704/872/447
f 706/873/447 708/874/447 707/875/447
f 709/876/448 711/877/448 710/878/449
f 712/879/449 710/878/449 713/880/329
f 709/876/448 710/878/449 712/879/449
f 709/876/448 712/879/449 714/881/448
f 714/881/448 712/879/449 715/882/450
f 716/883/451 718/884/452 717/885/452
f 719/886/451 717/885/452 720/887/452
f 716/883/451 717/885/452 719/886/451
f 716/883/451 719/886/451 721/888/453
f 721/888/453 719/886/451 722/889/453
f 723/890/451 725/891/451 724/892/451
f 726/893/358 728/894/358 727/895/358
f 729/896/453 731/897/453 730/898/453
f 732/899/454 734/900/454 733/901/454
f 734/900/455 736/902/455 735/903/455
f 737/904/456 739/905/456 738/906/456
f 740/907/457 742/908/457 741/909/457
f 743/910/458 745/911/458 744/912/458
f 746/913/459 748/914/459 747/915/459
f 749/916/460 751/917/460 750/918/460
f 752/919/461 754/920/461 753/921/461
f 755/922/462 757/923/462 756/924/462
f 758/925/462 760/926/462 759/927/462
f 761/928/463 763/929/463 762/930/463
f 764/931/464 766/932/464 765/933/464
f 767/934/465 769/935/465 768/936/466
f 770/937/467 772/938/467 771/939/467
f 773/940/468 775/941/468 774/942/468
f 776/943/469 778/944/469 777/945/469
f 779/946/470 781/947/470 780/948/470
f 782/949/328 784/950/328 783/951/328
f 785/952/471 787/953/471 786/954/471
f 788/955/328 790/956/328 789/957/328
f 791/958/472 793/959/472 792/960/472
f 794/961/473 796/962/473 795/963/473
f 797/964/452 799/965/452 798/966/452
f 800/967/474 802/968/474 801/969/474
f 803/970/453 805/971/453 804/972/453
f 806/973/475 808/974/475 807/975/475
f 809/976/476 811/977/476 810/978/476
f 812/979/476 814/980/476 813/981/476
f 815/982/477 817/983/299 816/984/477
f 817/983/299 815/982/477 818/985/299
f 818/985/299 819/986/478 817/983/299
f 819/986/478 818/985/299 820/987/478
f 820/987/478 821/988/301 819/986/478
f 821/988/301 820/987/478 822/989/301
f 822/989/301 823/990/302 821/988/301
f 823/990/302 822/989/301 824/991/302
f 824/991/302 825/992/303 823/990/302
f 825/992/303 824/991/302 826/993/303
f 826/993/303 827/994/304 825/992/303
f 827/994/304 826/993/303 828/995/304
f 829/996/305 831/997/305 830/998/305
f 831/997/305 829/996/305 832/999/479
f 833/1000/306 835/1001/306 834/1002/306
f 835/1001/306 833/1000/306 836/1003/306
f 837/1004/307 839/1005/308 838/1006/307
f 839/1005/308 837/1004/307 840/1007/308
f 841/1008/309 843/1009/310 842/1010/311
f 843/1009/310 841/1008/309 844/1011/312
f 845/1012/313 847/1013/314 846/1014/314
f 845/1012/313 848/1015/480 847/1013/314
f 849/1016/316 848/1015/480 845/1012/313
f 849/1016/316 845/1012/313 850/1017/317
f 851/1018/481 853/1019/481 852/1020/319
f 853/1019/481 851/1018/481 854/1021/481
f 855/1022/320 857/1023/321 856/1024/321
f 857/1023/321 855/1022/320 858/1025/322
f 859/1026/482 858/1025/322 855/1022/320
f 858/1025/322 859/1026/482 860/1027/324
f 859/1026/482 861/1028/325 860/1027/324
f 861/1028/325 859/1026/482 862/1029/326
f 862/1029/326 852/1020/327 861/1028/325
f 863/1030/328 865/1031/328 864/1032/328
f 865/1031/328 863/1030/328 866/1033/328
f 867/1034/448 869/1035/448 868/1036/448
f 869/1035/448 867/1034/448 870/1037/449
f 871/1038/330 873/1039/330 872/1040/330
f 874/1041/330 873/1039/330 871/1038/330
f 875/1042/330 873/1039/330 874/1041/330
f 876/1043/331 878/1044/332 877/1045/483
f 878/1044/332 876/1043/331 879/1046/334
f 880/1047/335 882/1048/336 881/1049/336
f 882/1048/336 880/1047/335 883/1050/335
f 884/1051/337 886/1052/338 885/1053/339
f 886/1052/338 884/1051/337 887/1054/340
f 888/1055/341 886/1052/338 887/1054/340
f 889/1056/342 891/1057/342 890/1058/342
f 892/1059/342 891/1057/342 889/1056/342
f 892/1059/342 889/1056/342 893/1060/342
f 891/1057/342 895/1061/342 894/1062/342
f 896/1063/342 895/1061/342 891/1057/342
f 896/1063/342 891/1057/342 892/1059/342
f 896/1063/342 892/1059/342 897/1064/342
f 897/1064/342 892/1059/342 898/1065/342
f 896/1063/342 899/1066/342 895/1061/342
f 896/1063/342 897/1064/342 900/1067/342
f 901/1068/343 903/1069/344 902/1070/345
f 902/1070/345 903/1069/344 904/1071/346
f 904/1071/346 903/1069/344 905/1072/347
f 905/1072/347 903/1069/344 906/1073/348
f 906/1073/348 903/1069/344 901/1068/343
f 907/1074/349 909/1075/349 908/1076/349
f 910/1077/350 912/1078/351 911/1079/484
f 913/1080/353 912/1078/351 910/1077/350
f 914/1081/354 912/1078/351 913/1080/353
f 914/1081/354 915/1082/355 912/1078/351
f 916/1083/356 915/1082/355 914/1081/354
f 915/1082/355 916/1083/356 917/1084/357
f 916/1083/356 918/1085/453 917/1084/357
f 918/1085/453 916/1083/356 919/1086/359
f 916/1083/356 920/1087/360 919/1086/359
f 920/1087/360 916/1083/356 921/1088/361
f 922/1089/362 924/1090/363 923/1091/363
f 924/1090/363 922/1089/362 925/1092/364
f 926/1093/365 925/1092/364 922/1089/362
f 925/1092/364 926/1093/365 927/1094/365
f 928/1095/366 927/1094/365 926/1093/365
f 927/1094/365 928/1095/366 929/1096/367
f 930/1097/485 929/1096/367 928/1095/366
f 929/1096/367 930/1097/485 931/1098/485
f 932/1099/369 931/1098/485 930/1097/485
f 931/1098/485 932/1099/369 933/1100/369
f 934/1101/371 936/1102/371 935/1103/371
f 937/1104/372 939/1105/372 938/1106/372
f 940/1107/486 942/1108/486 941/1109/486
f 943/1110/374 945/1111/374 944/1112/374
f 946/1113/487 948/1114/487 947/1115/487
f 949/1116/376 951/1117/377 950/1118/377
f 950/1118/377 951/1117/377 952/1119/377
f 952/1119/377 951/1117/377 953/1120/376
f 953/1120/376 951/1117/377 954/1121/376
f 954/1121/376 951/1117/377 949/1116/376
f 955/1122/378 957/1123/378 956/1124/378
f 958/1125/488 960/1126/380 959/1127/381
f 959/1127/381 960/1126/380 961/1128/489
f 961/1128/489 960/1126/380 962/1129/383
f 962/1129/383 960/1126/380 963/1130/384
f 963/1130/384 960/1126/380 958/1125/488
f 964/1131/385 966/1132/385 965/1133/385
f 967/1134/490 969/1135/387 968/1136/387
f 969/1135/387 967/1134/490 970/1137/490
f 971/1138/388 970/1137/490 967/1134/490
f 970/1137/490 971/1138/388 972/1139/389
f 973/1140/491 972/1139/389 971/1138/388
f 972/1139/389 973/1140/491 974/1141/491
f 975/1142/392 974/1141/491 973/1140/491
f 974/1141/491 975/1142/392 976/1143/392
f 977/1144/395 976/1143/392 975/1142/392
f 976/1143/392 977/1144/395 978/1145/395
f 979/1146/396 981/1147/396 980/1148/396
f 980/1148/396 981/1147/396 982/1149/396
f 982/1149/396 981/1147/396 983/1150/396
f 983/1150/396 981/1147/396 984/1151/396
f 984/1151/396 981/1147/396 979/1146/396
f 985/1152/492 987/1153/492 986/1154/492
f 988/1155/398 990/1156/398 989/1157/398
f 988/1155/398 991/1158/398 990/1156/398
f 992/1159/398 991/1158/398 988/1155/398
f 992/1159/398 993/1160/398 991/1158/398
f 992/1159/398 994/1161/398 993/1160/398
f 990/1156/398 991/1158/398 995/1162/398
f 991/1158/398 993/1160/398 996/1163/398
f 997/1164/398 988/1155/398 998/1165/398
f 992/1159/398 988/1155/398 997/1164/398
f 992/1159/398 997/1164/398 999/1166/398
f 1000/1167/399 1002/1168/493 1001/1169/494
f 1000/1167/399 1003/1170/402 1002/1168/493
f 1000/1167/399 1004/1171/403 1003/1170/402
f 1005/1172/404 1007/1173/404 1006/1174/404
f 1008/1175/495 1010/1176/495 1009/1177/495
f 1011/1178/406 1013/1179/406 1012/1180/406
f 1014/1181/407 1016/1182/407 1015/1183/407
f 1017/1184/408 1019/1185/408 1018/1186/408
f 1020/1187/409 1022/1188/330 1021/1189/330
f 1022/1188/330 1020/1187/409 1023/1190/496
f 1024/1191/411 1023/1190/496 1020/1187/409
f 1023/1190/496 1024/1191/411 1025/1192/412
f 1026/1193/413 1028/1194/413 1027/1195/413
f 1029/1196/497 1031/1197/497 1030/1198/497
f 1032/1199/498 1034/1200/498 1033/1201/498
f 1035/1202/416 1037/1203/416 1036/1204/416
f 1038/1205/417 1040/1206/417 1039/1207/417
f 1041/1208/418 1043/1209/418 1042/1210/418
f 1044/1211/419 1046/1212/419 1045/1213/419
f 1047/1214/499 1049/1215/499 1048/1216/499
f 1050/1217/421 1052/1218/421 1051/1219/421
f 1053/1220/500 1055/1221/500 1054/1222/500
f 1056/1223/423 1058/1224/423 1057/1225/423
f 1059/1226/424 1061/1227/424 1060/1228/424
f 1062/1229/425 1064/1230/425 1063/1231/425
f 1065/1232/426 1067/1233/426 1066/1234/426
f 1068/1235/427 1070/1236/427 1069/1237/427
f 1071/1238/428 1073/1239/428 1072/1240/428
f 1074/1241/429 1076/1242/429 1075/1243/429
f 1077/1244/501 1079/1245/501 1078/1246/501
f 1080/1247/502 1082/1248/502 1081/1249/502
f 1083/1250/432 1085/1251/432 1084/1252/432
f 1086/1253/433 1088/1254/433 1087/1255/433
f 1089/1256/434 1091/1257/434 1090/1258/434
f 1092/1259/503 1094/1260/503 1093/1261/503
f 1095/1262/436 1097/1263/436 1096/1264/436
f 1098/1265/504 1100/1266/504 1099/1267/504
f 1101/1268/438 1103/1269/438 1102/1270/438
f 1104/1271/505 1106/1272/505 1105/1273/505
f 1107/1274/440 1109/1275/440 1108/1276/440
f 1110/1277/441 1112/1278/441 1111/1279/441
f 1113/1280/442 1115/1281/442 1114/1282/442
f 1116/1283/506 1118/1284/506 1117/1285/506
f 1119/1286/444 1121/1287/444 1120/1288/444
f 1122/1289/445 1124/1290/445 1123/1291/445
f 1125/1292/446 1127/1293/446 1126/1294/446
f 1128/1295/447 1130/1296/447 1129/1297/447
f 1131/1298/447 1133/1299/447 1132/1300/447
f 1134/1301/449 1136/1302/449 1135/1303/449
f 1137/1304/449 1135/1303/449 1138/1305/449
f 1134/1301/449 1135/1303/449 1137/1304/449
f 1134/1301/449 1137/1304/449 1139/1306/448
f 1139/1306/448 1137/1304/449 1140/1307/450
f 1141/1308/451 1143/1309/451 1142/1310/451
f 1144/1311/451 1142/1310/451 1145/1312/453
f 1141/1308/451 1142/1310/451 1144/1311/451
f 1141/1308/451 1144/1311/451 1146/1313/451
f 1146/1313/451 1144/1311/451 1147/1314/453
f 1148/1315/358 1150/1316/358 1149/1317/358
f 1151/1318/451 1153/1319/451 1152/1320/451
f 1154/1321/451 1156/1322/451 1155/1323/451
f 1157/1324/507 1159/1325/507 1158/1326/507
f 1159/1325/454 1161/1327/454 1160/1328/454
f 1162/1329/508 1164/1330/508 1163/1331/508
f 1165/1332/457 1167/1333/457 1166/1334/457
f 1168/1335/458 1170/1336/458 1169/1337/458
f 1171/1338/509 1173/1339/509 1172/1340/509
f 1174/1341/460 1176/1342/460 1175/1343/460
f 1177/1344/510 1179/1345/510 1178/1346/510
f 1180/1347/462 1182/1348/462 1181/1349/462
f 1183/1350/462 1185/1351/462 1184/1352/462
f 1186/1353/463 1188/1354/463 1187/1355/463
f 1189/1356/464 1191/1357/464 1190/1358/464
f 1192/1359/511 1194/1360/511 1193/1361/512
f 1195/1362/467 1197/1363/467 1196/1364/467
f 1198/1365/468 1200/1366/468 1199/1367/468
f 1201/1368/469 1203/1369/469 1202/1370/469
f 1204/1371/513 1206/1372/513 1205/1373/513
f 1207/1374/328 1209/1375/328 1208/1376/328
f 1210/1377/514 1212/1378/514 1211/1379/514
f 1213/1380/328 1215/1381/328 1214/1382/328
f 1216/1383/472 1218/1384/472 1217/1385/472
f 1219/1386/473 1221/1387/473 1220/1388/473
f 1222/1389/452 1224/1390/452 1223/1391/452
f 1225/1392/474 1227/1393/474 1226/1394/474
f 1228/1395/453 1230/1396/453 1229/1397/453
f 1231/1398/475 1233/1399/475 1232/1400/475
f 1234/1401/476 1236/1402/476 1235/1403/476
f 1237/1404/476 1239/1405/476 1238/1406/476
o b_killsaw_power_klaw_reference.000
v -0.859103 0.649760 0.218247
v -0.840278 0.717498 0.181059
v -0.957272 0.668347 0.158465
v -0.433148 0.700997 0.233912
v -0.475028 0.713426 0.205747
v -0.429713 0.715766 0.224560
v -0.473332 0.699518 0.216817
v -0.776473 0.872280 -0.125793
v -0.859367 0.912248 -0.093731
v -0.829111 0.877295 -0.149513
v -0.748955 0.835197 -0.186617
v -0.569103 0.839431 -0.108787
v -0.802496 0.913084 -0.067917
v -0.647992 0.958811 0.072897
v -0.828616 0.956323 -0.006507
v -0.535078 0.860786 -0.054243
v -0.587990 0.942758 0.058864
v -0.455689 0.672492 0.177686
v -0.412446 0.689315 0.186262
v -0.457762 0.686975 0.167448
v -0.415506 0.673971 0.194781
v -0.510835 0.690998 0.020902
v -0.563824 0.749458 0.010632
v -0.550195 0.727948 -0.021430
v -0.603214 0.754568 -0.065055
v -0.592456 0.819661 0.194942
v -0.563709 0.754077 0.144100
v -0.575078 0.771553 0.167900
v -0.609897 0.831681 0.126649
v -0.626153 0.851569 0.158645
v -0.676271 0.887174 0.110122
v -0.589227 0.638171 0.212786
v -0.544374 0.720447 0.101433
v -0.569998 0.604537 0.170075
v -0.531480 0.700012 0.075505
v -0.556971 0.584106 0.144203
v -0.539273 0.555424 0.101876
v -0.590293 0.522979 0.100836
v -0.608754 0.551378 0.143014
v -0.652085 0.512010 0.091696
v -0.621453 0.571063 0.169549
v -0.728099 0.622558 0.260023
v -0.639480 0.605810 0.212034
v -0.651388 0.619531 0.238183
v -0.670094 0.646560 0.279206
v -0.599974 0.655668 0.236851
v -0.617779 0.684202 0.277241
v -0.812524 0.549351 -0.007491
v -0.887474 0.662580 0.159464
v -0.746022 0.852758 0.127950
v -0.867881 0.778932 0.127935
v -0.858914 0.859834 0.093799
v -0.676628 0.657768 0.293601
v -0.636622 0.861309 0.172280
v -0.738354 0.637709 0.280395
v -0.826023 0.556035 0.296144
v -0.925652 0.552979 0.253954
v -0.893103 0.695646 0.170917
v -0.819002 0.794867 0.137865
v -1.013570 0.786021 0.048455
v -0.523842 0.637303 0.283593
v -0.490276 0.725959 0.196122
v -0.513791 0.618836 0.259884
v -0.501439 0.744385 0.219358
v -0.873856 0.699078 -0.046155
v -0.898798 0.734227 0.011888
v -0.836787 0.735426 0.040183
v -0.814763 0.696250 -0.016405
v -0.541895 0.718585 -0.036303
v -0.584094 0.513554 0.085059
v -0.766323 0.712853 -0.135353
v -0.774353 0.723475 -0.121228
v -0.952610 0.679650 0.174921
v -0.848037 0.720841 0.196809
v -0.865968 0.662961 0.228277
v -0.465244 0.745280 0.154480
v -0.457381 0.713147 0.211219
v -0.465065 0.699712 0.186033
v -0.443191 0.822875 0.091671
v -0.512724 0.837530 0.035660
v -0.463610 0.802073 0.084992
v -0.533081 0.836269 0.061053
v -0.579084 0.844515 0.034618
v -0.565364 0.846795 0.003129
v -0.497868 0.867274 0.034687
v -0.562538 0.880161 -0.004853
v -0.509046 0.884397 0.059478
v -0.574511 0.898502 0.021703
v -0.530808 0.865234 0.075773
v -0.584737 0.876472 0.046098
v -0.486511 0.804967 0.103669
v -0.480246 0.827558 0.121892
v -0.456862 0.764340 0.176097
v -0.428312 0.709399 0.215072
v -0.453473 0.838626 0.114476
v -0.426662 0.769693 0.174173
v -0.416381 0.753943 0.151368
v -0.440226 0.738855 0.139197
v -0.440745 0.687662 0.174320
v -0.418031 0.693648 0.192267
v -0.586363 0.567418 0.261705
v -0.532127 0.498683 0.333629
v -0.582342 0.532220 0.251273
v -0.427519 0.703342 0.239441
v -0.479968 0.450167 0.390654
v -0.481606 0.700788 0.216820
v -0.572534 0.644540 0.214674
v -0.605086 0.426705 0.313895
v -0.538690 0.447496 0.366024
v -0.560641 0.369057 0.410303
v -0.572995 0.406776 0.378682
v -0.681544 0.332278 0.344642
v -0.552006 0.613613 0.172180
v -0.510917 0.468752 0.290756
v -0.570193 0.536331 0.217357
v -0.517326 0.417570 0.323216
v -0.551513 0.376269 0.336328
v -0.539448 0.339927 0.366867
v -0.458377 0.421292 0.347222
v -0.406912 0.674432 0.195590
v -0.461191 0.670987 0.173497
v -1.002578 0.793496 0.070762
v -0.831205 0.797036 0.153428
v -0.897903 0.713374 0.182377
v -0.823671 0.739609 0.194046
v -0.781407 0.949360 0.038291
v -0.676815 0.960270 0.077474
v -0.796954 0.875776 0.083493
v -0.713692 0.884260 0.141040
v -0.850750 0.844983 0.060110
v -0.469245 0.700190 0.148790
v -0.493856 0.593027 0.212086
v -0.868961 0.699642 0.039432
v -0.834168 0.671678 0.038263
v -0.851152 0.659041 0.075503
v -0.841234 0.688073 0.023755
v -0.861410 0.733896 0.019178
v -0.833062 0.719716 0.005584
v -0.838916 0.612667 0.054527
v -0.831743 0.629308 0.032453
v -0.871057 0.618733 0.035847
v -0.849426 0.666434 -0.001161
v -0.886236 0.662955 -0.001539
v -0.842001 0.704163 -0.023872
v -0.875873 0.708731 -0.028483
v -0.898231 0.681331 0.025067
v -0.887869 0.727107 -0.001877
v -0.883053 0.637109 0.062453
v -0.850911 0.631043 0.081134
v -0.671558 0.952216 0.065812
v -0.694008 0.858917 0.121478
v -0.798758 0.862636 0.070914
v -0.779408 0.943174 0.023870
v -0.669604 0.928579 -0.068709
v -0.722382 0.892623 -0.186351
v -0.623013 0.888747 -0.174776
v -0.788574 0.939194 -0.129410
v -0.769753 0.989434 -0.036512
v -0.705084 1.005691 0.012497
v -0.615508 0.994882 0.017046
v -0.550286 0.956491 -0.034193
v -0.548747 0.910606 -0.110953
v -0.790731 0.889685 -0.096391
v -0.727463 0.844632 -0.149318
v -0.769250 0.936274 -0.010077
v -0.710977 0.953447 0.040037
v -0.624581 0.936853 0.046484
v -0.565170 0.897874 -0.000623
v -0.569311 0.854473 -0.075261
v -0.635207 0.837029 -0.128604
v -0.643208 0.496917 0.070662
v -0.827591 0.411440 0.046046
v -0.728558 0.411937 0.089735
v -0.456505 0.679036 0.123288
v -0.480672 0.571889 0.186774
v -0.737707 0.427116 0.110589
v -0.836796 0.426309 0.067089
v -0.816468 0.541359 0.275126
v -0.915855 0.539394 0.232292
v -0.809061 0.728114 0.188153
v -0.795102 0.433172 0.043650
v -0.725037 0.419246 0.053296
v -0.787474 0.419411 0.025480
v -0.733098 0.431640 0.072216
v -0.782369 0.490651 0.009526
v -0.775472 0.476915 -0.008992
v -0.719925 0.489445 0.038150
v -0.712771 0.477075 0.018805
v -0.881209 0.631119 0.216898
v -0.825892 0.649944 0.259513
v -0.889646 0.643959 0.235340
v -0.817564 0.636631 0.241348
v -0.891029 0.573605 0.252374
v -0.898594 0.586523 0.271156
v -0.827250 0.578944 0.276965
v -0.834778 0.592229 0.295509
v -0.745013 0.219243 0.063008
v -0.781018 0.328169 0.012984
v -0.788057 0.216642 0.043699
v -0.737973 0.330770 0.032293
v -0.800774 0.445346 0.041243
v -0.757730 0.447947 0.060552
v -0.842032 0.536776 0.120903
v -0.798988 0.539377 0.140212
v -0.893737 0.577961 0.230621
v -0.850693 0.580562 0.249929
v -0.942035 0.557865 0.340996
v -0.898991 0.560466 0.360305
v -0.973984 0.481873 0.422455
v -0.930939 0.484474 0.441764
v -0.864908 0.510925 0.107674
v -0.899068 0.515116 0.126381
v -0.886085 0.509646 0.098175
v -0.877891 0.516396 0.135881
v -0.877891 0.516396 0.135881
v -0.903729 0.487321 0.140518
v -0.899068 0.515116 0.126381
v -0.882553 0.488601 0.150017
v -0.872451 0.465953 0.130547
v -0.882722 0.478469 0.094879
v -0.893627 0.464673 0.121048
v -0.861546 0.479749 0.104378
v -0.924360 0.277207 0.296666
v -0.848901 0.260178 0.321245
v -0.919184 0.255931 0.289718
v -0.853046 0.281568 0.328831
v -0.840752 0.613132 0.035364
v -0.850163 0.664201 0.119477
v -0.876714 0.662597 0.107567
v -0.804835 0.666940 0.139810
v -0.749496 0.585550 0.021417
v -0.818104 0.581404 -0.009359
v -0.749496 0.585550 0.021417
v -0.835256 0.497725 0.040149
v -0.765438 0.497027 0.074871
v -0.818104 0.581404 -0.009359
v -0.840070 0.247037 0.303328
v -0.919184 0.255931 0.289718
v -0.848901 0.260178 0.321245
v -0.910352 0.242791 0.271801
v -0.830384 0.247956 0.282833
v -0.901818 0.243790 0.250947
v -0.850056 0.421073 0.084520
v -0.764050 0.402562 0.139509
v -0.863193 0.600682 0.157053
v -0.893570 0.575348 0.159692
v -0.888466 0.600249 0.144959
v -0.868077 0.576869 0.171140
v -0.822391 0.691721 0.175611
v -0.823007 0.578286 0.192262
v -0.840563 0.603066 0.228063
v -0.804835 0.666940 0.139810
v -0.867720 0.688982 0.155277
v -0.804835 0.666940 0.139810
v -0.822391 0.691721 0.175611
v -0.856713 0.673540 0.132991
v -0.850163 0.664201 0.119477
v -0.823007 0.578286 0.192262
v -0.749496 0.585550 0.021417
v -0.765438 0.497027 0.074871
v -0.804835 0.666940 0.139810
v -0.856713 0.673540 0.132991
v -0.880864 0.624901 0.193186
v -0.869475 0.609516 0.170035
v -0.867720 0.688982 0.155277
v -0.924360 0.277207 0.296666
v -0.821618 0.483821 0.256899
v -0.853046 0.281568 0.328831
v -0.908370 0.498695 0.204062
v -0.823007 0.578286 0.192262
v -0.777444 0.219680 0.110796
v -0.803769 0.419386 0.142612
v -0.779590 0.324877 0.102279
v -0.835491 0.085286 0.252772
v -0.797905 0.131983 0.165880
v -0.888140 0.484700 0.316405
v -0.843501 0.477886 0.220988
v -0.946187 0.350307 0.458381
v -0.919862 0.150600 0.426564
v -0.880130 0.092101 0.348189
v -0.925726 0.438002 0.403297
v -0.944040 0.245109 0.466898
v -0.928161 0.267280 0.278997
v -0.938581 0.284150 0.243454
v -0.930457 0.305864 0.276906
v -0.914545 0.316995 0.243421
v -0.902416 0.285291 0.224819
v -0.910831 0.254566 0.246806
v -0.978621 0.363384 0.487200
v -0.946187 0.350307 0.458381
v -0.966246 0.349145 0.449080
v -0.910352 0.242791 0.271801
v -0.924360 0.277207 0.296666
v -0.919184 0.255931 0.289718
v -0.901818 0.243790 0.250947
v -0.850056 0.421073 0.084520
v -0.908370 0.498695 0.204062
v -0.835256 0.497725 0.040149
v -0.893570 0.575348 0.159692
v -0.888466 0.600249 0.144959
v -0.852653 0.551170 0.071733
v -0.840752 0.613132 0.035364
v -0.818104 0.581404 -0.009359
v -0.904879 0.319417 0.247668
v -0.902416 0.285291 0.224819
v -0.892126 0.286082 0.228108
v -0.914545 0.316995 0.243421
v -0.921610 0.307713 0.282876
v -0.930457 0.305864 0.276906
v -0.919195 0.267145 0.285076
v -0.928161 0.267280 0.278997
v -0.900974 0.253776 0.251227
v -0.910831 0.254566 0.246806
v -0.892126 0.286082 0.228108
v -0.902416 0.285291 0.224819
v -0.978621 0.363384 0.487200
v -0.925726 0.438002 0.403297
v -0.946187 0.350307 0.458381
v -0.978621 0.363384 0.487200
v -0.945785 0.436841 0.393996
v -0.925726 0.438002 0.403297
v -0.978621 0.363384 0.487200
v -0.966246 0.349145 0.449080
v -0.945785 0.436841 0.393996
v -0.973692 0.236597 0.498933
v -0.944040 0.245109 0.466898
v -0.964100 0.243947 0.457596
v -0.973692 0.236597 0.498933
v -0.946187 0.350307 0.458381
v -0.944040 0.245109 0.466898
v -0.921610 0.307713 0.282876
v -0.907757 0.286826 0.258991
v -0.919195 0.267145 0.285076
v -0.900974 0.253776 0.251227
v -0.892126 0.286082 0.228108
v -0.904879 0.319417 0.247668
v -0.973692 0.236597 0.498933
v -0.966246 0.349145 0.449080
v -0.946187 0.350307 0.458381
v -0.834725 0.263598 0.309613
v -0.809242 0.295316 0.308559
v -0.820478 0.274633 0.275355
v -0.821109 0.313313 0.274037
v -0.835745 0.326184 0.307479
v -0.844160 0.295459 0.329466
v -0.973692 0.236597 0.498933
v -0.964100 0.243947 0.457596
v -0.966246 0.349145 0.449080
v -0.844160 0.295459 0.329466
v -0.845816 0.327504 0.303716
v -0.835745 0.326184 0.307479
v -0.854664 0.295198 0.326835
v -0.834725 0.263598 0.309613
v -0.844743 0.261698 0.305960
v -0.820478 0.274633 0.275355
v -0.829764 0.273299 0.269939
v -0.821109 0.313313 0.274037
v -0.830427 0.313971 0.268553
v -0.835745 0.326184 0.307479
v -0.845816 0.327504 0.303716
v -0.829764 0.273299 0.269939
v -0.841083 0.294334 0.295000
v -0.844743 0.261698 0.305960
v -0.854664 0.295198 0.326835
v -0.845816 0.327504 0.303716
v -0.830427 0.313971 0.268553
v -0.941473 0.122621 0.451988
v -0.919862 0.150600 0.426564
v -0.939921 0.149437 0.417263
v -0.799649 0.323714 0.092978
v -0.817963 0.130821 0.156579
v -0.797502 0.218517 0.101495
v -0.900188 0.090938 0.338888
v -0.945785 0.436841 0.393996
v -0.964100 0.243947 0.457596
v -0.966246 0.349145 0.449080
v -0.855549 0.084124 0.243471
v -0.939921 0.149437 0.417263
v -0.863560 0.476724 0.211687
v -0.823828 0.418224 0.133311
v -0.908198 0.483538 0.307104
v -0.868077 0.576869 0.171140
v -0.880864 0.624901 0.193186
v -0.885634 0.601650 0.206941
v -0.869475 0.609516 0.170035
v -0.863193 0.600682 0.157053
v -0.941473 0.122621 0.451988
v -0.944040 0.245109 0.466898
v -0.919862 0.150600 0.426564
v -0.941473 0.122621 0.451988
v -0.964100 0.243947 0.457596
v -0.944040 0.245109 0.466898
v -0.941473 0.122621 0.451988
v -0.939921 0.149437 0.417263
v -0.964100 0.243947 0.457596
v -0.890597 0.051998 0.358941
v -0.880130 0.092101 0.348189
v -0.900188 0.090938 0.338888
v -0.890597 0.051998 0.358941
v -0.919862 0.150600 0.426564
v -0.880130 0.092101 0.348189
v -0.900501 0.670846 0.113264
v -0.850163 0.664201 0.119477
v -0.856713 0.673540 0.132991
v -0.876714 0.662597 0.107567
v -0.859085 0.612388 0.028808
v -0.840752 0.613132 0.035364
v -0.890597 0.051998 0.358941
v -0.939921 0.149437 0.417263
v -0.919862 0.150600 0.426564
v -0.890597 0.051998 0.358941
v -0.900188 0.090938 0.338888
v -0.939921 0.149437 0.417263
v -0.834697 0.043649 0.244726
v -0.835491 0.085286 0.252772
v -0.855549 0.084124 0.243471
v -0.834697 0.043649 0.244726
v -0.880130 0.092101 0.348189
v -0.835491 0.085286 0.252772
v -0.834697 0.043649 0.244726
v -0.900188 0.090938 0.338888
v -0.880130 0.092101 0.348189
v -0.834697 0.043649 0.244726
v -0.855549 0.084124 0.243471
v -0.900188 0.090938 0.338888
v -0.788750 0.099813 0.139946
v -0.797905 0.131983 0.165880
v -0.817963 0.130821 0.156579
v -0.788750 0.099813 0.139946
v -0.835491 0.085286 0.252772
v -0.797905 0.131983 0.165880
v -0.788750 0.099813 0.139946
v -0.855549 0.084124 0.243471
v -0.835491 0.085286 0.252772
v -0.788750 0.099813 0.139946
v -0.817963 0.130821 0.156579
v -0.855549 0.084124 0.243471
v -0.765069 0.205440 0.072676
v -0.777444 0.219680 0.110796
v -0.797502 0.218517 0.101495
v -0.765069 0.205440 0.072676
v -0.797905 0.131983 0.165880
v -0.777444 0.219680 0.110796
v -0.765069 0.205440 0.072676
v -0.817963 0.130821 0.156579
v -0.797905 0.131983 0.165880
v -0.765069 0.205440 0.072676
v -0.797502 0.218517 0.101495
v -0.817963 0.130821 0.156579
v -0.769998 0.332227 0.060943
v -0.779590 0.324877 0.102279
v -0.799649 0.323714 0.092978
v -0.769998 0.332227 0.060943
v -0.777444 0.219680 0.110796
v -0.779590 0.324877 0.102279
v -0.769998 0.332227 0.060943
v -0.797502 0.218517 0.101495
v -0.777444 0.219680 0.110796
v -0.769998 0.332227 0.060943
v -0.799649 0.323714 0.092978
v -0.797502 0.218517 0.101495
v -0.802216 0.446203 0.107888
v -0.803769 0.419386 0.142612
v -0.823828 0.418224 0.133311
v -0.802216 0.446203 0.107888
v -0.779590 0.324877 0.102279
v -0.803769 0.419386 0.142612
v -0.802216 0.446203 0.107888
v -0.799649 0.323714 0.092978
v -0.779590 0.324877 0.102279
v -0.802216 0.446203 0.107888
v -0.823828 0.418224 0.133311
v -0.799649 0.323714 0.092978
v -0.853092 0.516826 0.200935
v -0.843501 0.477886 0.220988
v -0.863560 0.476724 0.211687
v -0.853092 0.516826 0.200935
v -0.803769 0.419386 0.142612
v -0.843501 0.477886 0.220988
v -0.853092 0.516826 0.200935
v -0.823828 0.418224 0.133311
v -0.803769 0.419386 0.142612
v -0.853092 0.516826 0.200935
v -0.863560 0.476724 0.211687
v -0.823828 0.418224 0.133311
v -0.908992 0.525175 0.315150
v -0.888140 0.484700 0.316405
v -0.908198 0.483538 0.307104
v -0.908992 0.525175 0.315150
v -0.843501 0.477886 0.220988
v -0.888140 0.484700 0.316405
v -0.908992 0.525175 0.315150
v -0.863560 0.476724 0.211687
v -0.843501 0.477886 0.220988
v -0.908992 0.525175 0.315150
v -0.908198 0.483538 0.307104
v -0.863560 0.476724 0.211687
v -0.954939 0.469011 0.419931
v -0.925726 0.438002 0.403297
v -0.945785 0.436841 0.393996
v -0.954939 0.469011 0.419931
v -0.888140 0.484700 0.316405
v -0.925726 0.438002 0.403297
v -0.954939 0.469011 0.419931
v -0.908198 0.483538 0.307104
v -0.888140 0.484700 0.316405
v -0.954939 0.469011 0.419931
v -0.945785 0.436841 0.393996
v -0.908198 0.483538 0.307104
v -0.973984 0.481873 0.422455
v -0.745013 0.219243 0.063008
v -0.788057 0.216642 0.043699
v -0.745013 0.219243 0.063008
v -0.973984 0.481873 0.422455
v -0.930939 0.484474 0.441764
v -0.737973 0.330770 0.032293
v -0.745013 0.219243 0.063008
v -0.930939 0.484474 0.441764
v -0.850693 0.580562 0.249929
v -0.898991 0.560466 0.360305
v -0.757730 0.447947 0.060552
v -0.798988 0.539377 0.140212
v -0.788057 0.216642 0.043699
v -0.781018 0.328169 0.012984
v -0.800774 0.445346 0.041243
v -0.893737 0.577961 0.230621
v -0.842032 0.536776 0.120903
v -0.973984 0.481873 0.422455
v -0.942035 0.557865 0.340996
v -0.882722 0.478469 0.094879
v -0.886085 0.509646 0.098175
v -0.899068 0.515116 0.126381
v -0.882722 0.478469 0.094879
v -0.899068 0.515116 0.126381
v -0.903729 0.487321 0.140518
v -0.882722 0.478469 0.094879
v -0.903729 0.487321 0.140518
v -0.893627 0.464673 0.121048
v -0.886085 0.509646 0.098175
v -0.861546 0.479749 0.104378
v -0.864908 0.510925 0.107674
v -0.886085 0.509646 0.098175
v -0.882722 0.478469 0.094879
v -0.893627 0.464673 0.121048
v -0.882553 0.488601 0.150017
v -0.872451 0.465953 0.130547
v -0.882553 0.488601 0.150017
v -0.893627 0.464673 0.121048
v -0.903729 0.487321 0.140518
v -0.821618 0.483821 0.256899
v -0.764050 0.402562 0.139509
v -0.848901 0.260178 0.321245
v -0.821618 0.483821 0.256899
v -0.848901 0.260178 0.321245
v -0.853046 0.281568 0.328831
v -0.848901 0.260178 0.321245
v -0.764050 0.402562 0.139509
v -0.830384 0.247956 0.282833
v -0.848901 0.260178 0.321245
v -0.830384 0.247956 0.282833
v -0.840070 0.247037 0.303328
v -0.765438 0.497027 0.074871
v -0.821618 0.483821 0.256899
v -0.823007 0.578286 0.192262
v -0.821618 0.483821 0.256899
v -0.765438 0.497027 0.074871
v -0.764050 0.402562 0.139509
v -0.850056 0.421073 0.084520
v -0.765438 0.497027 0.074871
v -0.835256 0.497725 0.040149
v -0.893570 0.575348 0.159692
v -0.823007 0.578286 0.192262
v -0.908370 0.498695 0.204062
v -0.823007 0.578286 0.192262
v -0.893570 0.575348 0.159692
v -0.868077 0.576869 0.171140
v -0.888466 0.600249 0.144959
v -0.869475 0.609516 0.170035
v -0.863193 0.600682 0.157053
v -0.869475 0.609516 0.170035
v -0.888466 0.600249 0.144959
v -0.913294 0.608434 0.150189
v -0.852653 0.551170 0.071733
v -0.913294 0.608434 0.150189
v -0.888466 0.600249 0.144959
v -0.913294 0.608434 0.150189
v -0.852653 0.551170 0.071733
v -0.871209 0.550501 0.064172
v -0.880864 0.624901 0.193186
v -0.840563 0.603066 0.228063
v -0.885634 0.601650 0.206941
v -0.840752 0.613132 0.035364
v -0.871209 0.550501 0.064172
v -0.852653 0.551170 0.071733
v -0.867720 0.688982 0.155277
v -0.840563 0.603066 0.228063
v -0.880864 0.624901 0.193186
v -0.871209 0.550501 0.064172
v -0.840752 0.613132 0.035364
v -0.859085 0.612388 0.028808
v -0.867720 0.688982 0.155277
v -0.822391 0.691721 0.175611
v -0.840563 0.603066 0.228063
v -0.900501 0.670846 0.113264
v -0.871209 0.550501 0.064172
v -0.859085 0.612388 0.028808
v -0.913294 0.608434 0.150189
v -0.856713 0.673540 0.132991
v -0.869475 0.609516 0.170035
v -0.871209 0.550501 0.064172
v -0.900501 0.670846 0.113264
v -0.913294 0.608434 0.150189
v -0.856713 0.673540 0.132991
v -0.913294 0.608434 0.150189
v -0.900501 0.670846 0.113264
v -0.868077 0.576869 0.171140
v -0.840563 0.603066 0.228063
v -0.823007 0.578286 0.192262
v -0.840563 0.603066 0.228063
v -0.868077 0.576869 0.171140
v -0.885634 0.601650 0.206941
v -0.684607 0.222658 0.090178
v -0.720612 0.331584 0.040154
v -0.727652 0.220057 0.070869
v -0.677568 0.334185 0.059463
v -0.740368 0.448761 0.068413
v -0.697324 0.451362 0.087722
v -0.781626 0.540191 0.148073
v -0.738582 0.542792 0.167382
v -0.833332 0.581376 0.257791
v -0.790288 0.583977 0.277099
v -0.881629 0.561280 0.368166
v -0.838585 0.563881 0.387475
v -0.913579 0.485288 0.449625
v -0.870533 0.487889 0.468934
v -0.804502 0.514340 0.134844
v -0.838662 0.518531 0.153551
v -0.825679 0.513061 0.125345
v -0.817486 0.519811 0.163051
v -0.817486 0.519811 0.163051
v -0.843324 0.490736 0.167688
v -0.838662 0.518531 0.153551
v -0.822148 0.492016 0.177187
v -0.812045 0.469368 0.157717
v -0.822316 0.481884 0.122049
v -0.833221 0.468088 0.148217
v -0.801140 0.483164 0.131548
v -0.863955 0.280622 0.323836
v -0.788495 0.263593 0.348415
v -0.858778 0.259346 0.316888
v -0.792640 0.284984 0.356001
v -0.780346 0.616547 0.062534
v -0.789757 0.667616 0.146647
v -0.816308 0.666012 0.134737
v -0.744429 0.670355 0.166980
v -0.689090 0.588965 0.048587
v -0.757698 0.584819 0.017811
v -0.689090 0.588965 0.048587
v -0.774850 0.501140 0.067319
v -0.705033 0.500442 0.102041
v -0.757698 0.584819 0.017811
v -0.779664 0.250453 0.330498
v -0.858778 0.259346 0.316888
v -0.788495 0.263593 0.348415
v -0.849946 0.246206 0.298971
v -0.769979 0.251371 0.310003
v -0.841412 0.247205 0.278117
v -0.789651 0.424488 0.111690
v -0.703644 0.405977 0.166679
v -0.802787 0.604097 0.184223
v -0.833164 0.578762 0.186862
v -0.828060 0.603664 0.172129
v -0.807672 0.580284 0.198310
v -0.761985 0.695136 0.202781
v -0.762601 0.581701 0.219432
v -0.780157 0.606482 0.255233
v -0.744429 0.670355 0.166980
v -0.807314 0.692397 0.182447
v -0.744429 0.670355 0.166980
v -0.761985 0.695136 0.202781
v -0.796308 0.676955 0.160161
v -0.789757 0.667616 0.146647
v -0.762601 0.581701 0.219432
v -0.689090 0.588965 0.048587
v -0.705033 0.500442 0.102041
v -0.744429 0.670355 0.166980
v -0.796308 0.676955 0.160161
v -0.820459 0.628316 0.220356
v -0.809069 0.612931 0.197205
v -0.807314 0.692397 0.182447
v -0.863955 0.280622 0.323836
v -0.761213 0.487236 0.284069
v -0.792640 0.284984 0.356001
v -0.847964 0.502110 0.231232
v -0.762601 0.581701 0.219432
v -0.717038 0.223095 0.137966
v -0.743363 0.422801 0.169782
v -0.719185 0.328292 0.129449
v -0.775085 0.088701 0.279942
v -0.737499 0.135398 0.193050
v -0.827735 0.488115 0.343575
v -0.783095 0.481301 0.248158
v -0.885782 0.353722 0.485551
v -0.859456 0.154015 0.453734
v -0.819724 0.095516 0.375359
v -0.865320 0.441418 0.430467
v -0.883635 0.248524 0.494068
v -0.867756 0.270695 0.306167
v -0.878176 0.287565 0.270624
v -0.870051 0.309279 0.304076
v -0.854139 0.320410 0.270591
v -0.842010 0.288706 0.251989
v -0.850426 0.257981 0.273976
v -0.918215 0.366799 0.514370
v -0.885782 0.353722 0.485551
v -0.905840 0.352560 0.476249
v -0.849946 0.246206 0.298971
v -0.863955 0.280622 0.323836
v -0.858778 0.259346 0.316888
v -0.841412 0.247205 0.278117
v -0.789651 0.424488 0.111690
v -0.847964 0.502110 0.231232
v -0.774850 0.501140 0.067319
v -0.833164 0.578762 0.186862
v -0.828060 0.603664 0.172129
v -0.792247 0.554585 0.098902
v -0.780346 0.616547 0.062534
v -0.757698 0.584819 0.017811
v -0.844474 0.322832 0.274838
v -0.842010 0.288706 0.251989
v -0.831720 0.289497 0.255278
v -0.854139 0.320410 0.270591
v -0.861204 0.311128 0.310046
v -0.870051 0.309279 0.304076
v -0.858790 0.270560 0.312246
v -0.867756 0.270695 0.306167
v -0.840569 0.257191 0.278397
v -0.850426 0.257981 0.273976
v -0.831720 0.289497 0.255278
v -0.842010 0.288706 0.251989
v -0.918215 0.366799 0.514370
v -0.865320 0.441418 0.430467
v -0.885782 0.353722 0.485551
v -0.918215 0.366799 0.514370
v -0.885379 0.440256 0.421165
v -0.865320 0.441418 0.430467
v -0.918215 0.366799 0.514370
v -0.905840 0.352560 0.476249
v -0.885379 0.440256 0.421165
v -0.913286 0.240012 0.526103
v -0.883635 0.248524 0.494068
v -0.903694 0.247362 0.484766
v -0.913286 0.240012 0.526103
v -0.885782 0.353722 0.485551
v -0.883635 0.248524 0.494068
v -0.861204 0.311128 0.310046
v -0.847351 0.290241 0.286161
v -0.858790 0.270560 0.312246
v -0.840569 0.257191 0.278397
v -0.831720 0.289497 0.255278
v -0.844474 0.322832 0.274838
v -0.913286 0.240012 0.526103
v -0.905840 0.352560 0.476249
v -0.885782 0.353722 0.485551
v -0.774320 0.267013 0.336783
v -0.748836 0.298731 0.335728
v -0.760072 0.278048 0.302525
v -0.760703 0.316728 0.301207
v -0.775339 0.329599 0.334649
v -0.783754 0.298874 0.356636
v -0.913286 0.240012 0.526103
v -0.903694 0.247362 0.484766
v -0.905840 0.352560 0.476249
v -0.783754 0.298874 0.356636
v -0.785410 0.330920 0.330886
v -0.775339 0.329599 0.334649
v -0.794258 0.298613 0.354005
v -0.774320 0.267013 0.336783
v -0.784337 0.265113 0.333130
v -0.760072 0.278048 0.302525
v -0.769358 0.276714 0.297109
v -0.760703 0.316728 0.301207
v -0.770021 0.317386 0.295722
v -0.775339 0.329599 0.334649
v -0.785410 0.330920 0.330886
v -0.769358 0.276714 0.297109
v -0.780678 0.297749 0.322170
v -0.784337 0.265113 0.333130
v -0.794258 0.298613 0.354005
v -0.785410 0.330920 0.330886
v -0.770021 0.317386 0.295722
v -0.881067 0.126036 0.479158
v -0.859456 0.154015 0.453734
v -0.879515 0.152852 0.444433
v -0.739243 0.327130 0.120148
v -0.757558 0.134236 0.183749
v -0.737097 0.221933 0.128665
v -0.839783 0.094353 0.366058
v -0.885379 0.440256 0.421165
v -0.903694 0.247362 0.484766
v -0.905840 0.352560 0.476249
v -0.795144 0.087539 0.270641
v -0.879515 0.152852 0.444433
v -0.803155 0.480139 0.238857
v -0.763422 0.421639 0.160481
v -0.847793 0.486953 0.334274
v -0.807672 0.580284 0.198310
v -0.820459 0.628316 0.220356
v -0.825228 0.605065 0.234111
v -0.809069 0.612931 0.197205
v -0.802787 0.604097 0.184223
v -0.881067 0.126036 0.479158
v -0.883635 0.248524 0.494068
v -0.859456 0.154015 0.453734
v -0.881067 0.126036 0.479158
v -0.903694 0.247362 0.484766
v -0.883635 0.248524 0.494068
v -0.881067 0.126036 0.479158
v -0.879515 0.152852 0.444433
v -0.903694 0.247362 0.484766
v -0.830191 0.055413 0.386111
v -0.819724 0.095516 0.375359
v -0.839783 0.094353 0.366058
v -0.830191 0.055413 0.386111
v -0.859456 0.154015 0.453734
v -0.819724 0.095516 0.375359
v -0.840095 0.674261 0.140434
v -0.789757 0.667616 0.146647
v -0.796308 0.676955 0.160161
v -0.816308 0.666012 0.134737
v -0.798679 0.615803 0.055978
v -0.780346 0.616547 0.062534
v -0.830191 0.055413 0.386111
v -0.879515 0.152852 0.444433
v -0.859456 0.154015 0.453734
v -0.830191 0.055413 0.386111
v -0.839783 0.094353 0.366058
v -0.879515 0.152852 0.444433
v -0.774292 0.047064 0.271896
v -0.775085 0.088701 0.279942
v -0.795144 0.087539 0.270641
v -0.774292 0.047064 0.271896
v -0.819724 0.095516 0.375359
v -0.775085 0.088701 0.279942
v -0.774292 0.047064 0.271896
v -0.839783 0.094353 0.366058
v -0.819724 0.095516 0.375359
v -0.774292 0.047064 0.271896
v -0.795144 0.087539 0.270641
v -0.839783 0.094353 0.366058
v -0.728345 0.103228 0.167116
v -0.737499 0.135398 0.193050
v -0.757558 0.134236 0.183749
v -0.728345 0.103228 0.167116
v -0.775085 0.088701 0.279942
v -0.737499 0.135398 0.193050
v -0.728345 0.103228 0.167116
v -0.795144 0.087539 0.270641
v -0.775085 0.088701 0.279942
v -0.728345 0.103228 0.167116
v -0.757558 0.134236 0.183749
v -0.795144 0.087539 0.270641
v -0.704664 0.208855 0.099846
v -0.717038 0.223095 0.137966
v -0.737097 0.221933 0.128665
v -0.704664 0.208855 0.099846
v -0.737499 0.135398 0.193050
v -0.717038 0.223095 0.137966
v -0.704664 0.208855 0.099846
v -0.757558 0.134236 0.183749
v -0.737499 0.135398 0.193050
v -0.704664 0.208855 0.099846
v -0.737097 0.221933 0.128665
v -0.757558 0.134236 0.183749
v -0.709592 0.335643 0.088113
v -0.719185 0.328292 0.129449
v -0.739243 0.327130 0.120148
v -0.709592 0.335643 0.088113
v -0.717038 0.223095 0.137966
v -0.719185 0.328292 0.129449
v -0.709592 0.335643 0.088113
v -0.737097 0.221933 0.128665
v -0.717038 0.223095 0.137966
v -0.709592 0.335643 0.088113
v -0.739243 0.327130 0.120148
v -0.737097 0.221933 0.128665
v -0.741811 0.449618 0.135058
v -0.743363 0.422801 0.169782
v -0.763422 0.421639 0.160481
v -0.741811 0.449618 0.135058
v -0.719185 0.328292 0.129449
v -0.743363 0.422801 0.169782
v -0.741811 0.449618 0.135058
v -0.739243 0.327130 0.120148
v -0.719185 0.328292 0.129449
v -0.741811 0.449618 0.135058
v -0.763422 0.421639 0.160481
v -0.739243 0.327130 0.120148
v -0.792686 0.520241 0.228105
v -0.783095 0.481301 0.248158
v -0.803155 0.480139 0.238857
v -0.792686 0.520241 0.228105
v -0.743363 0.422801 0.169782
v -0.783095 0.481301 0.248158
v -0.792686 0.520241 0.228105
v -0.763422 0.421639 0.160481
v -0.743363 0.422801 0.169782
v -0.792686 0.520241 0.228105
v -0.803155 0.480139 0.238857
v -0.763422 0.421639 0.160481
v -0.848587 0.528590 0.342320
v -0.827735 0.488115 0.343575
v -0.847793 0.486953 0.334274
v -0.848587 0.528590 0.342320
v -0.783095 0.481301 0.248158
v -0.827735 0.488115 0.343575
v -0.848587 0.528590 0.342320
v -0.803155 0.480139 0.238857
v -0.783095 0.481301 0.248158
v -0.848587 0.528590 0.342320
v -0.847793 0.486953 0.334274
v -0.803155 0.480139 0.238857
v -0.894534 0.472426 0.447101
v -0.865320 0.441418 0.430467
v -0.885379 0.440256 0.421165
v -0.894534 0.472426 0.447101
v -0.827735 0.488115 0.343575
v -0.865320 0.441418 0.430467
v -0.894534 0.472426 0.447101
v -0.847793 0.486953 0.334274
v -0.827735 0.488115 0.343575
v -0.894534 0.472426 0.447101
v -0.885379 0.440256 0.421165
v -0.847793 0.486953 0.334274
v -0.913579 0.485288 0.449625
v -0.684607 0.222658 0.090178
v -0.727652 0.220057 0.070869
v -0.684607 0.222658 0.090178
v -0.913579 0.485288 0.449625
v -0.870533 0.487889 0.468934
v -0.677568 0.334185 0.059463
v -0.684607 0.222658 0.090178
v -0.870533 0.487889 0.468934
v -0.790288 0.583977 0.277099
v -0.838585 0.563881 0.387475
v -0.697324 0.451362 0.087722
v -0.738582 0.542792 0.167382
v -0.727652 0.220057 0.070869
v -0.720612 0.331584 0.040154
v -0.740368 0.448761 0.068413
v -0.833332 0.581376 0.257791
v -0.781626 0.540191 0.148073
v -0.913579 0.485288 0.449625
v -0.881629 0.561280 0.368166
v -0.822316 0.481884 0.122049
v -0.825679 0.513061 0.125345
v -0.838662 0.518531 0.153551
v -0.822316 0.481884 0.122049
v -0.838662 0.518531 0.153551
v -0.843324 0.490736 0.167688
v -0.822316 0.481884 0.122049
v -0.843324 0.490736 0.167688
v -0.833221 0.468088 0.148217
v -0.825679 0.513061 0.125345
v -0.801140 0.483164 0.131548
v -0.804502 0.514340 0.134844
v -0.825679 0.513061 0.125345
v -0.822316 0.481884 0.122049
v -0.833221 0.468088 0.148217
v -0.822148 0.492016 0.177187
v -0.812045 0.469368 0.157717
v -0.822148 0.492016 0.177187
v -0.833221 0.468088 0.148217
v -0.843324 0.490736 0.167688
v -0.761213 0.487236 0.284069
v -0.703644 0.405977 0.166679
v -0.788495 0.263593 0.348415
v -0.761213 0.487236 0.284069
v -0.788495 0.263593 0.348415
v -0.792640 0.284984 0.356001
v -0.788495 0.263593 0.348415
v -0.703644 0.405977 0.166679
v -0.769979 0.251371 0.310003
v -0.788495 0.263593 0.348415
v -0.769979 0.251371 0.310003
v -0.779664 0.250453 0.330498
v -0.705033 0.500442 0.102041
v -0.761213 0.487236 0.284069
v -0.762601 0.581701 0.219432
v -0.761213 0.487236 0.284069
v -0.705033 0.500442 0.102041
v -0.703644 0.405977 0.166679
v -0.789651 0.424488 0.111690
v -0.705033 0.500442 0.102041
v -0.774850 0.501140 0.067319
v -0.833164 0.578762 0.186862
v -0.762601 0.581701 0.219432
v -0.847964 0.502110 0.231232
v -0.762601 0.581701 0.219432
v -0.833164 0.578762 0.186862
v -0.807672 0.580284 0.198310
v -0.828060 0.603664 0.172129
v -0.809069 0.612931 0.197205
v -0.802787 0.604097 0.184223
v -0.809069 0.612931 0.197205
v -0.828060 0.603664 0.172129
v -0.852889 0.611849 0.177359
v -0.792247 0.554585 0.098902
v -0.852889 0.611849 0.177359
v -0.828060 0.603664 0.172129
v -0.852889 0.611849 0.177359
v -0.792247 0.554585 0.098902
v -0.810803 0.553916 0.091342
v -0.820459 0.628316 0.220356
v -0.780157 0.606482 0.255233
v -0.825228 0.605065 0.234111
v -0.780346 0.616547 0.062534
v -0.810803 0.553916 0.091342
v -0.792247 0.554585 0.098902
v -0.807314 0.692397 0.182447
v -0.780157 0.606482 0.255233
v -0.820459 0.628316 0.220356
v -0.810803 0.553916 0.091342
v -0.780346 0.616547 0.062534
v -0.798679 0.615803 0.055978
v -0.807314 0.692397 0.182447
v -0.761985 0.695136 0.202781
v -0.780157 0.606482 0.255233
v -0.840095 0.674261 0.140434
v -0.810803 0.553916 0.091342
v -0.798679 0.615803 0.055978
v -0.852889 0.611849 0.177359
v -0.796308 0.676955 0.160161
v -0.809069 0.612931 0.197205
v -0.810803 0.553916 0.091342
v -0.840095 0.674261 0.140434
v -0.852889 0.611849 0.177359
v -0.796308 0.676955 0.160161
v -0.852889 0.611849 0.177359
v -0.840095 0.674261 0.140434
v -0.807672 0.580284 0.198310
v -0.780157 0.606482 0.255233
v -0.762601 0.581701 0.219432
v -0.780157 0.606482 0.255233
v -0.807672 0.580284 0.198310
v -0.825228 0.605065 0.234111
vt 0.244819 0.414868
vt 0.243338 0.377212
vt 0.231375 0.414189
vt 0.020967 0.070502
vt 0.020919 0.067266
vt 0.011466 0.067270
vt 0.011435 0.070507
vt 0.051853 0.080150
vt 0.051853 0.062562
vt 0.039115 0.062559
vt 0.065286 0.125047
vt 0.064583 0.079964
vt 0.039041 0.080550
vt 0.025659 0.080967
vt 0.026376 0.130663
vt 0.058736 0.143139
vt 0.033042 0.143467
vt 0.011485 0.049503
vt 0.011463 0.052881
vt 0.020916 0.052877
vt 0.020910 0.049498
vt 0.066739 0.197348
vt 0.066628 0.177886
vt 0.059533 0.177997
vt 0.066893 0.158789
vt 0.026071 0.194361
vt 0.036379 0.205188
vt 0.041404 0.204772
vt 0.033348 0.178371
vt 0.026244 0.178250
vt 0.026548 0.157689
vt 0.041276 0.237436
vt 0.050450 0.238121
vt 0.050550 0.205700
vt 0.056170 0.206231
vt 0.056089 0.238372
vt 0.064777 0.237292
vt 0.064792 0.252215
vt 0.056138 0.252066
vt 0.063361 0.267308
vt 0.050480 0.252059
vt 0.028926 0.267621
vt 0.041280 0.251266
vt 0.036214 0.251604
vt 0.027804 0.251675
vt 0.036234 0.237248
vt 0.027834 0.236545
vt 0.029360 0.303736
vt 0.063290 0.304232
vt 0.102590 0.240678
vt 0.123244 0.242440
vt 0.123283 0.219465
vt 0.082637 0.177510
vt 0.082057 0.237529
vt 0.093923 0.171747
vt 0.107625 0.148710
vt 0.127147 0.149923
vt 0.300707 0.342556
vt 0.324077 0.323152
vt 0.291912 0.322608
vt 0.123679 0.037670
vt 0.124089 0.045746
vt 0.141845 0.045395
vt 0.142724 0.037322
vt 0.051859 0.019624
vt 0.039377 0.019623
vt 0.039369 0.004331
vt 0.051859 0.004437
vt 0.060064 0.019619
vt 0.060122 0.062561
vt 0.018779 0.186037
vt 0.020295 0.248001
vt 0.070767 0.245787
vt 0.073865 0.189743
vt 0.131099 0.299559
vt 0.126235 0.298947
vt 0.124810 0.360444
vt 0.129475 0.360817
vt 0.124655 0.367202
vt 0.083292 0.359732
vt 0.082882 0.366149
vt 0.271517 0.329634
vt 0.253501 0.318500
vt 0.250321 0.337817
vt 0.169765 0.288644
vt 0.182780 0.288692
vt 0.185111 0.280235
vt 0.157776 0.263366
vt 0.157723 0.255450
vt 0.142877 0.255591
vt 0.143598 0.248673
vt 0.129565 0.248693
vt 0.128060 0.255675
vt 0.142304 0.263342
vt 0.126864 0.263559
vt 0.142232 0.272025
vt 0.126867 0.272010
vt 0.142797 0.280339
vt 0.127958 0.280358
vt 0.130230 0.288826
vt 0.143881 0.288737
vt 0.157586 0.288682
vt 0.157703 0.280237
vt 0.170893 0.280135
vt 0.186323 0.271859
vt 0.157751 0.271960
vt 0.171517 0.271944
vt 0.171361 0.263497
vt 0.170665 0.255561
vt 0.157657 0.248688
vt 0.169930 0.248687
vt 0.184950 0.255741
vt 0.183444 0.248698
vt 0.186148 0.263667
vt 0.298463 0.263504
vt 0.299779 0.256721
vt 0.285000 0.239928
vt 0.273033 0.222797
vt 0.273106 0.305683
vt 0.283001 0.305673
vt 0.298843 0.289997
vt 0.300013 0.222335
vt 0.284232 0.223170
vt 0.285401 0.197693
vt 0.289356 0.210335
vt 0.311285 0.192518
vt 0.225849 0.262883
vt 0.225930 0.287863
vt 0.234369 0.287693
vt 0.233151 0.256087
vt 0.234094 0.262596
vt 0.248273 0.239217
vt 0.249046 0.222398
vt 0.232860 0.221587
vt 0.243933 0.209356
vt 0.221507 0.191737
vt 0.247767 0.197110
vt 0.260785 0.222879
vt 0.260795 0.305784
vt 0.250043 0.305229
vt 0.230075 0.256350
vt 0.251371 0.316953
vt 0.247920 0.336384
vt 0.273205 0.314299
vt 0.282746 0.314487
vt 0.298725 0.305509
vt 0.298585 0.314576
vt 0.317663 0.310730
vt 0.328007 0.264050
vt 0.306852 0.258671
vt 0.317882 0.246642
vt 0.124095 0.121130
vt 0.122368 0.094997
vt 0.102179 0.126774
vt 0.102235 0.095570
vt 0.267244 0.160265
vt 0.261109 0.195487
vt 0.273397 0.195023
vt 0.123037 0.252331
vt 0.081376 0.247976
vt 0.092433 0.046147
vt 0.089689 0.068387
vt 0.107553 0.069276
vt 0.111464 0.047399
vt 0.112236 0.081968
vt 0.023505 0.067327
vt 0.023513 0.052848
vt 0.069401 0.150650
vt 0.088569 0.145432
vt 0.079593 0.117904
vt 0.085422 0.080235
vt 0.088741 0.132314
vt 0.282276 0.165800
vt 0.283022 0.151588
vt 0.276541 0.160580
vt 0.276078 0.166589
vt 0.281672 0.177957
vt 0.275512 0.176052
vt 0.296318 0.137990
vt 0.295299 0.150463
vt 0.301633 0.151325
vt 0.302087 0.165156
vt 0.295666 0.162921
vt 0.302548 0.177603
vt 0.295252 0.176823
vt 0.288582 0.162527
vt 0.288290 0.177012
vt 0.288958 0.149405
vt 0.289279 0.138616
vt 0.011180 0.129130
vt 0.004114 0.152084
vt 0.027012 0.150298
vt 0.024683 0.125678
vt 0.005408 0.126072
vt 0.001892 0.145843
vt 0.006400 0.095799
vt 0.001937 0.080933
vt 0.022951 0.095543
vt 0.236715 0.161783
vt 0.237937 0.135029
vt 0.223428 0.139998
vt 0.217142 0.160006
vt 0.224561 0.181249
vt 0.236110 0.187637
vt 0.248861 0.181254
vt 0.255336 0.163281
vt 0.251582 0.144087
vt 0.329193 0.049041
vt 0.313925 0.050640
vt 0.314263 0.082161
vt 0.329205 0.079181
vt 0.314531 0.100155
vt 0.329257 0.098097
vt 0.314359 0.124709
vt 0.329614 0.124905
vt 0.314625 0.153932
vt 0.329569 0.154810
vt 0.314621 0.182513
vt 0.329702 0.182184
vt 0.314657 0.201919
vt 0.329824 0.201976
vt 0.314711 0.231344
vt 0.329999 0.230528
vt 0.116074 0.294037
vt 0.104026 0.268866
vt 0.085710 0.268978
vt 0.111538 0.038369
vt 0.093798 0.037293
vt 0.052299 0.383860
vt 0.064142 0.384907
vt 0.064261 0.354092
vt 0.051819 0.334633
vt 0.040603 0.334735
vt 0.028343 0.353372
vt 0.040579 0.383958
vt 0.028228 0.384115
vt 0.112911 0.003667
vt 0.108508 0.015961
vt 0.093506 0.014765
vt 0.272568 0.332551
vt 0.250860 0.341666
vt 0.254120 0.314944
vt 0.272492 0.326867
vt 0.072501 0.278234
vt 0.074609 0.298561
vt 0.020616 0.280582
vt 0.018371 0.300609
vt 0.308771 0.167767
vt 0.308580 0.158973
vt 0.308738 0.176890
vt 0.080554 0.268537
vt 0.080006 0.305354
vt 0.078981 0.359246
vt 0.009209 0.067319
vt 0.009258 0.052851
vt 0.303097 0.259478
vt 0.314879 0.314799
vt 0.331262 0.265872
vt 0.321883 0.312899
vt 0.317976 0.240446
vt 0.329682 0.261585
vt 0.304820 0.255885
vt 0.122171 0.087164
vt 0.100808 0.088119
vt 0.129810 0.120608
vt 0.126609 0.094524
vt 0.102819 0.132820
vt 0.124981 0.131698
vt 0.096893 0.095283
vt 0.097272 0.128698
vt 0.068384 0.005220
vt 0.068360 0.010773
vt 0.080560 0.010760
vt 0.080573 0.005162
vt 0.064692 0.030016
vt 0.068374 0.029948
vt 0.064710 0.010744
vt 0.080610 0.035323
vt 0.080618 0.029926
vt 0.068365 0.035347
vt 0.084376 0.010783
vt 0.084348 0.029992
vt 0.080509 0.069129
vt 0.080501 0.063433
vt 0.067392 0.063448
vt 0.067361 0.069078
vt 0.084671 0.044113
vt 0.080627 0.043769
vt 0.084664 0.063484
vt 0.067476 0.038720
vt 0.067499 0.043691
vt 0.080722 0.038774
vt 0.063903 0.063388
vt 0.063848 0.043670
vt 0.125155 0.080217
vt 0.128990 0.067976
vt 0.144007 0.067631
vt 0.146064 0.014983
vt 0.128188 0.015167
vt 0.122825 0.002901
vt 0.084340 0.261980
vt 0.104115 0.261959
vt 0.117890 0.289269
vt 0.107902 0.263857
vt 0.126853 0.293519
vt 0.030490 0.019621
vt 0.030472 0.062559
vt 0.131329 0.193190
vt 0.132318 0.149672
vt 0.130228 0.242214
vt 0.118329 0.003696
vt 0.119773 0.038160
vt 0.115839 0.037811
vt 0.117409 0.003303
vt 0.146637 0.037321
vt 0.150113 0.014891
vt 0.089171 0.015901
vt 0.089555 0.038514
vt 0.079721 0.170284
vt 0.089856 0.165564
vt 0.103845 0.142369
vt 0.107779 0.143055
vt 0.127278 0.144041
vt 0.077011 0.237075
vt 0.077582 0.177159
vt 0.869154 0.136544
vt 0.875364 0.136544
vt 0.875364 0.113503
vt 0.869154 0.113503
vt 0.875364 0.089793
vt 0.869154 0.089793
vt 0.875364 0.070814
vt 0.869154 0.070814
vt 0.875364 0.045740
vt 0.869154 0.045740
vt 0.875365 0.021291
vt 0.869154 0.021291
vt 0.875365 0.004014
vt 0.869154 0.004014
vt 0.751630 0.205035
vt 0.751630 0.199155
vt 0.746412 0.199155
vt 0.746412 0.205035
vt 0.770000 0.205035
vt 0.770000 0.199155
vt 0.765261 0.199155
vt 0.765261 0.205035
vt 0.761464 0.205035
vt 0.761464 0.199155
vt 0.756817 0.199155
vt 0.756817 0.205035
vt 0.796050 0.052690
vt 0.793503 0.052841
vt 0.793540 0.067535
vt 0.796087 0.067390
vt 0.850847 0.020376
vt 0.859984 0.020364
vt 0.859963 0.015077
vt 0.859929 0.006050
vt 0.845619 0.006079
vt 0.845621 0.020487
vt 0.845619 0.006079
vt 0.832249 0.006070
vt 0.833350 0.020542
vt 0.845621 0.020487
vt 0.798272 0.004729
vt 0.795797 0.004789
vt 0.795942 0.019482
vt 0.798417 0.019422
vt 0.800982 0.004567
vt 0.801140 0.019487
vt 0.823157 0.020566
vt 0.820344 0.002139
vt 0.835852 0.055586
vt 0.835976 0.050252
vt 0.833231 0.050267
vt 0.832899 0.055603
vt 0.851171 0.029868
vt 0.861071 0.029855
vt 0.861058 0.022914
vt 0.851177 0.022927
vt 0.851180 0.036830
vt 0.851171 0.029868
vt 0.847065 0.029855
vt 0.848907 0.036820
vt 0.847050 0.036816
vt 0.833105 0.064956
vt 0.837518 0.093446
vt 0.849887 0.089102
vt 0.845820 0.060485
vt 0.851192 0.041210
vt 0.858161 0.041189
vt 0.858170 0.036834
vt 0.851180 0.036830
vt 0.796050 0.052690
vt 0.796087 0.067390
vt 0.820556 0.069565
vt 0.823039 0.050417
vt 0.833105 0.064956
vt 0.726465 0.171859
vt 0.732858 0.150552
vt 0.732859 0.128231
vt 0.695855 0.183408
vt 0.712156 0.182848
vt 0.726355 0.107221
vt 0.712325 0.095218
vt 0.681947 0.107230
vt 0.675416 0.150568
vt 0.683099 0.173527
vt 0.696134 0.096000
vt 0.675448 0.128254
vt 0.755508 0.121628
vt 0.748336 0.114079
vt 0.748336 0.125330
vt 0.741165 0.121628
vt 0.743904 0.133844
vt 0.752769 0.133844
vt 0.678002 0.101274
vt 0.675228 0.105730
vt 0.681947 0.107230
vt 0.792051 0.035706
vt 0.792188 0.040255
vt 0.793889 0.043716
vt 0.793552 0.032117
vt 0.823157 0.020566
vt 0.823039 0.050417
vt 0.833350 0.020542
vt 0.833231 0.050267
vt 0.837134 0.050142
vt 0.837209 0.031947
vt 0.845521 0.031890
vt 0.845621 0.020487
vt 0.879928 0.075881
vt 0.879941 0.086061
vt 0.881892 0.086036
vt 0.881886 0.075830
vt 0.879920 0.065406
vt 0.881884 0.065399
vt 0.879913 0.054463
vt 0.881881 0.054449
vt 0.879912 0.043686
vt 0.881880 0.043647
vt 0.879912 0.032813
vt 0.881880 0.032821
vt 0.678002 0.101274
vt 0.681947 0.107230
vt 0.696134 0.096000
vt 0.741903 0.108124
vt 0.760061 0.103576
vt 0.759296 0.098876
vt 0.741903 0.108124
vt 0.759296 0.098876
vt 0.743027 0.099054
vt 0.668752 0.126402
vt 0.669995 0.134955
vt 0.675448 0.128254
vt 0.668752 0.126402
vt 0.675448 0.128254
vt 0.681947 0.107230
vt 0.666989 0.181434
vt 0.669434 0.192411
vt 0.673309 0.184362
vt 0.677234 0.192264
vt 0.679609 0.181195
vt 0.673277 0.174501
vt 0.725187 0.094574
vt 0.740710 0.103612
vt 0.743027 0.099054
vt 0.877920 0.194386
vt 0.871843 0.187988
vt 0.871843 0.197523
vt 0.865765 0.194386
vt 0.868086 0.204739
vt 0.875599 0.204739
vt 0.725187 0.094574
vt 0.743027 0.099054
vt 0.729023 0.087389
vt 0.876810 0.075834
vt 0.876809 0.086042
vt 0.878775 0.086067
vt 0.878778 0.075882
vt 0.876812 0.065402
vt 0.878781 0.065408
vt 0.876813 0.054459
vt 0.878784 0.054470
vt 0.876815 0.043646
vt 0.878786 0.043669
vt 0.876816 0.032833
vt 0.878786 0.032824
vt 0.763038 0.149338
vt 0.770578 0.141400
vt 0.763038 0.137849
vt 0.767698 0.128555
vt 0.758378 0.128555
vt 0.755497 0.141400
vt 0.668723 0.152491
vt 0.672566 0.157546
vt 0.675416 0.150568
vt 0.772638 0.023342
vt 0.758819 0.011990
vt 0.742622 0.012204
vt 0.720983 0.043815
vt 0.759296 0.098876
vt 0.729023 0.087389
vt 0.743027 0.099054
vt 0.728809 0.024047
vt 0.720995 0.067267
vt 0.781014 0.066771
vt 0.780961 0.043867
vt 0.773783 0.085889
vt 0.865231 0.036833
vt 0.861084 0.036833
vt 0.861082 0.040803
vt 0.863925 0.040807
vt 0.865237 0.040785
vt 0.668723 0.152491
vt 0.675416 0.150568
vt 0.675448 0.128254
vt 0.715243 0.070745
vt 0.726024 0.090695
vt 0.729023 0.087389
vt 0.715243 0.070745
vt 0.729023 0.087389
vt 0.720995 0.067267
vt 0.677916 0.177427
vt 0.683716 0.180693
vt 0.683099 0.173527
vt 0.677916 0.177427
vt 0.683099 0.173527
vt 0.675416 0.150568
vt 0.849865 0.045493
vt 0.849866 0.038413
vt 0.847986 0.038425
vt 0.847989 0.042584
vt 0.839714 0.045440
vt 0.839742 0.042618
vt 0.714777 0.042762
vt 0.717576 0.068478
vt 0.720995 0.067267
vt 0.714777 0.042762
vt 0.720995 0.067267
vt 0.720983 0.043815
vt 0.693362 0.189134
vt 0.699891 0.189425
vt 0.695855 0.183408
vt 0.693362 0.189134
vt 0.695855 0.183408
vt 0.683099 0.173527
vt 0.724023 0.018388
vt 0.716625 0.039206
vt 0.720983 0.043815
vt 0.724023 0.018388
vt 0.720983 0.043815
vt 0.728809 0.024047
vt 0.713733 0.189736
vt 0.716092 0.185206
vt 0.712156 0.182848
vt 0.713733 0.189736
vt 0.712156 0.182848
vt 0.695855 0.183408
vt 0.740688 0.003422
vt 0.726581 0.020160
vt 0.728809 0.024047
vt 0.740688 0.003422
vt 0.728809 0.024047
vt 0.742622 0.012204
vt 0.730149 0.177230
vt 0.733400 0.171500
vt 0.726465 0.171859
vt 0.730149 0.177230
vt 0.726465 0.171859
vt 0.712156 0.182848
vt 0.760058 0.002934
vt 0.742102 0.007398
vt 0.742622 0.012204
vt 0.760058 0.002934
vt 0.742622 0.012204
vt 0.758819 0.011990
vt 0.736037 0.155782
vt 0.736713 0.147588
vt 0.732858 0.150552
vt 0.736037 0.155782
vt 0.732858 0.150552
vt 0.726465 0.171859
vt 0.776845 0.016518
vt 0.762528 0.007891
vt 0.758819 0.011990
vt 0.776845 0.016518
vt 0.758819 0.011990
vt 0.772638 0.023342
vt 0.738408 0.129276
vt 0.736335 0.122942
vt 0.732859 0.128231
vt 0.738408 0.129276
vt 0.732859 0.128231
vt 0.732858 0.150552
vt 0.786974 0.040660
vt 0.775014 0.019824
vt 0.772638 0.023342
vt 0.786974 0.040660
vt 0.772638 0.023342
vt 0.780961 0.043867
vt 0.730424 0.101504
vt 0.726324 0.099898
vt 0.726355 0.107221
vt 0.730424 0.101504
vt 0.726355 0.107221
vt 0.732859 0.128231
vt 0.787145 0.068241
vt 0.784352 0.042386
vt 0.780961 0.043867
vt 0.787145 0.068241
vt 0.780961 0.043867
vt 0.781014 0.066771
vt 0.713790 0.087749
vt 0.709110 0.089624
vt 0.712325 0.095218
vt 0.713790 0.087749
vt 0.712325 0.095218
vt 0.726355 0.107221
vt 0.777858 0.093163
vt 0.784246 0.068099
vt 0.781014 0.066771
vt 0.777858 0.093163
vt 0.781014 0.066771
vt 0.773783 0.085889
vt 0.694540 0.086887
vt 0.691633 0.092863
vt 0.696134 0.096000
vt 0.694540 0.086887
vt 0.696134 0.096000
vt 0.712325 0.095218
vt 0.760598 0.108778
vt 0.771456 0.100555
vt 0.773783 0.085889
vt 0.760598 0.108778
vt 0.773783 0.085889
vt 0.759296 0.098876
vt 0.946570 0.010452
vt 0.998758 0.010442
vt 0.998749 0.003252
vt 0.998749 0.003252
vt 0.946524 0.003260
vt 0.946570 0.010452
vt 0.995064 0.033542
vt 0.933167 0.054854
vt 0.999006 0.054842
vt 0.949588 0.017958
vt 0.938042 0.033553
vt 0.982509 0.017952
vt 0.965864 0.012248
vt 0.944266 0.003737
vt 0.927059 0.040601
vt 0.939111 0.025019
vt 0.894109 0.040607
vt 0.910587 0.046306
vt 0.878399 0.003748
vt 0.882039 0.025030
vt 0.758546 0.215658
vt 0.749727 0.225816
vt 0.756574 0.225586
vt 0.758546 0.215658
vt 0.747467 0.216028
vt 0.749727 0.225816
vt 0.758546 0.215658
vt 0.752919 0.209749
vt 0.747467 0.216028
vt 0.751630 0.199155
vt 0.751630 0.205035
vt 0.756817 0.205035
vt 0.756817 0.199155
vt 0.751630 0.199155
vt 0.761464 0.199155
vt 0.761464 0.205035
vt 0.765261 0.205035
vt 0.765261 0.205035
vt 0.765261 0.199155
vt 0.761464 0.199155
vt 0.820556 0.069565
vt 0.794972 0.090030
vt 0.824276 0.098310
vt 0.820556 0.069565
vt 0.796089 0.086002
vt 0.794972 0.090030
vt 0.794972 0.090030
vt 0.797534 0.097458
vt 0.824276 0.098310
vt 0.794972 0.090030
vt 0.795531 0.094498
vt 0.797534 0.097458
vt 0.837518 0.093446
vt 0.833105 0.064956
vt 0.820556 0.069565
vt 0.820556 0.069565
vt 0.824276 0.098310
vt 0.837518 0.093446
vt 0.823157 0.020566
vt 0.833350 0.020542
vt 0.832249 0.006070
vt 0.833231 0.050267
vt 0.823039 0.050417
vt 0.833105 0.064956
vt 0.833105 0.064956
vt 0.832899 0.055603
vt 0.833231 0.050267
vt 0.848298 0.057865
vt 0.848054 0.061651
vt 0.849928 0.061642
vt 0.849928 0.061642
vt 0.849911 0.055279
vt 0.848298 0.057865
vt 0.839757 0.057887
vt 0.848298 0.057865
vt 0.849911 0.055279
vt 0.849911 0.055279
vt 0.839718 0.055279
vt 0.839757 0.057887
vt 0.858170 0.036834
vt 0.861084 0.036833
vt 0.861071 0.029855
vt 0.845521 0.031890
vt 0.837209 0.031947
vt 0.838556 0.034644
vt 0.851180 0.036830
vt 0.858170 0.036834
vt 0.861071 0.029855
vt 0.838556 0.034644
vt 0.844789 0.034584
vt 0.845521 0.031890
vt 0.851180 0.036830
vt 0.861071 0.029855
vt 0.851171 0.029868
vt 0.849865 0.045493
vt 0.839714 0.045440
vt 0.839718 0.055279
vt 0.849911 0.055279
vt 0.854357 0.055318
vt 0.854267 0.045495
vt 0.839718 0.055279
vt 0.849911 0.055279
vt 0.849865 0.045493
vt 0.854267 0.045495
vt 0.849865 0.045493
vt 0.849911 0.055279
vt 0.865231 0.036833
vt 0.865224 0.029849
vt 0.861071 0.029855
vt 0.861071 0.029855
vt 0.861084 0.036833
vt 0.865231 0.036833
vt 0.869154 0.136544
vt 0.875364 0.136544
vt 0.875364 0.113503
vt 0.869154 0.113503
vt 0.875364 0.089793
vt 0.869154 0.089793
vt 0.875364 0.070814
vt 0.869154 0.070814
vt 0.875364 0.045740
vt 0.869154 0.045740
vt 0.875365 0.021291
vt 0.869154 0.021291
vt 0.875365 0.004014
vt 0.869154 0.004014
vt 0.751630 0.205035
vt 0.751630 0.199155
vt 0.746412 0.199155
vt 0.746412 0.205035
vt 0.770000 0.205035
vt 0.770000 0.199155
vt 0.765261 0.199155
vt 0.765261 0.205035
vt 0.761464 0.205035
vt 0.761464 0.199155
vt 0.756817 0.199155
vt 0.756817 0.205035
vt 0.796050 0.052690
vt 0.793503 0.052841
vt 0.793540 0.067535
vt 0.796087 0.067390
vt 0.850847 0.020376
vt 0.859984 0.020364
vt 0.859963 0.015077
vt 0.859929 0.006050
vt 0.845619 0.006079
vt 0.845621 0.020487
vt 0.845619 0.006079
vt 0.832249 0.006070
vt 0.833350 0.020542
vt 0.845621 0.020487
vt 0.798272 0.004729
vt 0.795797 0.004789
vt 0.795942 0.019482
vt 0.798417 0.019422
vt 0.800982 0.004567
vt 0.801140 0.019487
vt 0.823157 0.020566
vt 0.820344 0.002139
vt 0.835852 0.055586
vt 0.835976 0.050252
vt 0.833231 0.050267
vt 0.832899 0.055603
vt 0.851171 0.029868
vt 0.861071 0.029855
vt 0.861058 0.022914
vt 0.851177 0.022927
vt 0.851180 0.036830
vt 0.851171 0.029868
vt 0.847065 0.029855
vt 0.848907 0.036820
vt 0.847050 0.036816
vt 0.833105 0.064956
vt 0.837518 0.093446
vt 0.849887 0.089102
vt 0.845820 0.060485
vt 0.851192 0.041210
vt 0.858161 0.041189
vt 0.858170 0.036834
vt 0.851180 0.036830
vt 0.796050 0.052690
vt 0.796087 0.067390
vt 0.820556 0.069565
vt 0.823039 0.050417
vt 0.833105 0.064956
vt 0.726465 0.171859
vt 0.732858 0.150552
vt 0.732859 0.128231
vt 0.695855 0.183408
vt 0.712156 0.182848
vt 0.726355 0.107221
vt 0.712325 0.095218
vt 0.681947 0.107230
vt 0.675416 0.150568
vt 0.683099 0.173527
vt 0.696134 0.096000
vt 0.675448 0.128254
vt 0.755508 0.121628
vt 0.748336 0.114079
vt 0.748336 0.125330
vt 0.741165 0.121628
vt 0.743904 0.133844
vt 0.752769 0.133844
vt 0.678002 0.101274
vt 0.675228 0.105730
vt 0.681947 0.107230
vt 0.792051 0.035706
vt 0.792188 0.040255
vt 0.793889 0.043716
vt 0.793552 0.032117
vt 0.823157 0.020566
vt 0.823039 0.050417
vt 0.833350 0.020542
vt 0.833231 0.050267
vt 0.837134 0.050142
vt 0.837209 0.031947
vt 0.845521 0.031890
vt 0.845621 0.020487
vt 0.879928 0.075881
vt 0.879941 0.086061
vt 0.881892 0.086036
vt 0.881886 0.075830
vt 0.879920 0.065406
vt 0.881884 0.065399
vt 0.879913 0.054463
vt 0.881881 0.054449
vt 0.879912 0.043686
vt 0.881880 0.043647
vt 0.879912 0.032813
vt 0.881880 0.032821
vt 0.678002 0.101274
vt 0.681947 0.107230
vt 0.696134 0.096000
vt 0.741903 0.108124
vt 0.760061 0.103576
vt 0.759296 0.098876
vt 0.741903 0.108124
vt 0.759296 0.098876
vt 0.743027 0.099054
vt 0.668752 0.126402
vt 0.669995 0.134955
vt 0.675448 0.128254
vt 0.668752 0.126402
vt 0.675448 0.128254
vt 0.681947 0.107230
vt 0.666989 0.181434
vt 0.669434 0.192411
vt 0.673309 0.184362
vt 0.677234 0.192264
vt 0.679609 0.181195
vt 0.673277 0.174501
vt 0.725187 0.094574
vt 0.740710 0.103612
vt 0.743027 0.099054
vt 0.877920 0.194386
vt 0.871843 0.187988
vt 0.871843 0.197523
vt 0.865765 0.194386
vt 0.868086 0.204739
vt 0.875599 0.204739
vt 0.725187 0.094574
vt 0.743027 0.099054
vt 0.729023 0.087389
vt 0.876810 0.075834
vt 0.876809 0.086042
vt 0.878775 0.086067
vt 0.878778 0.075882
vt 0.876812 0.065402
vt 0.878781 0.065408
vt 0.876813 0.054459
vt 0.878784 0.054470
vt 0.876815 0.043646
vt 0.878786 0.043669
vt 0.876816 0.032833
vt 0.878786 0.032824
vt 0.763038 0.149338
vt 0.770578 0.141400
vt 0.763038 0.137849
vt 0.767698 0.128555
vt 0.758378 0.128555
vt 0.755497 0.141400
vt 0.668723 0.152491
vt 0.672566 0.157546
vt 0.675416 0.150568
vt 0.772638 0.023342
vt 0.758819 0.011990
vt 0.742622 0.012204
vt 0.720983 0.043815
vt 0.759296 0.098876
vt 0.729023 0.087389
vt 0.743027 0.099054
vt 0.728809 0.024047
vt 0.720995 0.067267
vt 0.781014 0.066771
vt 0.780961 0.043867
vt 0.773783 0.085889
vt 0.865231 0.036833
vt 0.861084 0.036833
vt 0.861082 0.040803
vt 0.863925 0.040807
vt 0.865237 0.040785
vt 0.668723 0.152491
vt 0.675416 0.150568
vt 0.675448 0.128254
vt 0.715243 0.070745
vt 0.726024 0.090695
vt 0.729023 0.087389
vt 0.715243 0.070745
vt 0.729023 0.087389
vt 0.720995 0.067267
vt 0.677916 0.177427
vt 0.683716 0.180693
vt 0.683099 0.173527
vt 0.677916 0.177427
vt 0.683099 0.173527
vt 0.675416 0.150568
vt 0.849865 0.045493
vt 0.849866 0.038413
vt 0.847986 0.038425
vt 0.847989 0.042584
vt 0.839714 0.045440
vt 0.839742 0.042618
vt 0.714777 0.042762
vt 0.717576 0.068478
vt 0.720995 0.067267
vt 0.714777 0.042762
vt 0.720995 0.067267
vt 0.720983 0.043815
vt 0.693362 0.189134
vt 0.699891 0.189425
vt 0.695855 0.183408
vt 0.693362 0.189134
vt 0.695855 0.183408
vt 0.683099 0.173527
vt 0.724023 0.018388
vt 0.716625 0.039206
vt 0.720983 0.043815
vt 0.724023 0.018388
vt 0.720983 0.043815
vt 0.728809 0.024047
vt 0.713733 0.189736
vt 0.716092 0.185206
vt 0.712156 0.182848
vt 0.713733 0.189736
vt 0.712156 0.182848
vt 0.695855 0.183408
vt 0.740688 0.003422
vt 0.726581 0.020160
vt 0.728809 0.024047
vt 0.740688 0.003422
vt 0.728809 0.024047
vt 0.742622 0.012204
vt 0.730149 0.177230
vt 0.733400 0.171500
vt 0.726465 0.171859
vt 0.730149 0.177230
vt 0.726465 0.171859
vt 0.712156 0.182848
vt 0.760058 0.002934
vt 0.742102 0.007398
vt 0.742622 0.012204
vt 0.760058 0.002934
vt 0.742622 0.012204
vt 0.758819 0.011990
vt 0.736037 0.155782
vt 0.736713 0.147588
vt 0.732858 0.150552
vt 0.736037 0.155782
vt 0.732858 0.150552
vt 0.726465 0.171859
vt 0.776845 0.016518
vt 0.762528 0.007891
vt 0.758819 0.011990
vt 0.776845 0.016518
vt 0.758819 0.011990
vt 0.772638 0.023342
vt 0.738408 0.129276
vt 0.736335 0.122942
vt 0.732859 0.128231
vt 0.738408 0.129276
vt 0.732859 0.128231
vt 0.732858 0.150552
vt 0.786974 0.040660
vt 0.775014 0.019824
vt 0.772638 0.023342
vt 0.786974 0.040660
vt 0.772638 0.023342
vt 0.780961 0.043867
vt 0.730424 0.101504
vt 0.726324 0.099898
vt 0.726355 0.107221
vt 0.730424 0.101504
vt 0.726355 0.107221
vt 0.732859 0.128231
vt 0.787145 0.068241
vt 0.784352 0.042386
vt 0.780961 0.043867
vt 0.787145 0.068241
vt 0.780961 0.043867
vt 0.781014 0.066771
vt 0.713790 0.087749
vt 0.709110 0.089624
vt 0.712325 0.095218
vt 0.713790 0.087749
vt 0.712325 0.095218
vt 0.726355 0.107221
vt 0.777858 0.093163
vt 0.784246 0.068099
vt 0.781014 0.066771
vt 0.777858 0.093163
vt 0.781014 0.066771
vt 0.773783 0.085889
vt 0.694540 0.086887
vt 0.691633 0.092863
vt 0.696134 0.096000
vt 0.694540 0.086887
vt 0.696134 0.096000
vt 0.712325 0.095218
vt 0.760598 0.108778
vt 0.771456 0.100555
vt 0.773783 0.085889
vt 0.760598 0.108778
vt 0.773783 0.085889
vt 0.759296 0.098876
vt 0.946570 0.010452
vt 0.998758 0.010442
vt 0.998749 0.003252
vt 0.998749 0.003252
vt 0.946524 0.003260
vt 0.946570 0.010452
vt 0.995064 0.033542
vt 0.933167 0.054854
vt 0.999006 0.054842
vt 0.949588 0.017958
vt 0.938042 0.033553
vt 0.982509 0.017952
vt 0.965864 0.012248
vt 0.944266 0.003737
vt 0.927059 0.040601
vt 0.939111 0.025019
vt 0.894109 0.040607
vt 0.910587 0.046306
vt 0.878399 0.003748
vt 0.882039 0.025030
vt 0.758546 0.215658
vt 0.749727 0.225816
vt 0.756574 0.225586
vt 0.758546 0.215658
vt 0.747467 0.216028
vt 0.749727 0.225816
vt 0.758546 0.215658
vt 0.752919 0.209749
vt 0.747467 0.216028
vt 0.751630 0.199155
vt 0.751630 0.205035
vt 0.756817 0.205035
vt 0.756817 0.199155
vt 0.751630 0.199155
vt 0.761464 0.199155
vt 0.761464 0.205035
vt 0.765261 0.205035
vt 0.765261 0.205035
vt 0.765261 0.199155
vt 0.761464 0.199155
vt 0.820556 0.069565
vt 0.794972 0.090030
vt 0.824276 0.098310
vt 0.820556 0.069565
vt 0.796089 0.086002
vt 0.794972 0.090030
vt 0.794972 0.090030
vt 0.797534 0.097458
vt 0.824276 0.098310
vt 0.794972 0.090030
vt 0.795531 0.094498
vt 0.797534 0.097458
vt 0.837518 0.093446
vt 0.833105 0.064956
vt 0.820556 0.069565
vt 0.820556 0.069565
vt 0.824276 0.098310
vt 0.837518 0.093446
vt 0.823157 0.020566
vt 0.833350 0.020542
vt 0.832249 0.006070
vt 0.833231 0.050267
vt 0.823039 0.050417
vt 0.833105 0.064956
vt 0.833105 0.064956
vt 0.832899 0.055603
vt 0.833231 0.050267
vt 0.848298 0.057865
vt 0.848054 0.061651
vt 0.849928 0.061642
vt 0.849928 0.061642
vt 0.849911 0.055279
vt 0.848298 0.057865
vt 0.839757 0.057887
vt 0.848298 0.057865
vt 0.849911 0.055279
vt 0.849911 0.055279
vt 0.839718 0.055279
vt 0.839757 0.057887
vt 0.858170 0.036834
vt 0.861084 0.036833
vt 0.861071 0.029855
vt 0.845521 0.031890
vt 0.837209 0.031947
vt 0.838556 0.034644
vt 0.851180 0.036830
vt 0.858170 0.036834
vt 0.861071 0.029855
vt 0.838556 0.034644
vt 0.844789 0.034584
vt 0.845521 0.031890
vt 0.851180 0.036830
vt 0.861071 0.029855
vt 0.851171 0.029868
vt 0.849865 0.045493
vt 0.839714 0.045440
vt 0.839718 0.055279
vt 0.849911 0.055279
vt 0.854357 0.055318
vt 0.854267 0.045495
vt 0.839718 0.055279
vt 0.849911 0.055279
vt 0.849865 0.045493
vt 0.854267 0.045495
vt 0.849865 0.045493
vt 0.849911 0.055279
vt 0.865231 0.036833
vt 0.865224 0.029849
vt 0.861071 0.029855
vt 0.861071 0.029855
vt 0.861084 0.036833
vt 0.865231 0.036833
vn 0.4837 -0.8501 0.2082
vn -0.7538 -0.2962 -0.5866
vn 0.7165 0.4513 -0.5320
vn 0.3995 0.4225 0.8136
vn 0.4389 0.8206 0.3660
vn -0.7234 0.6857 -0.0804
vn -0.8591 0.2505 0.4464
vn -0.0175 0.5856 -0.8104
vn -0.1655 0.2245 -0.9603
vn -0.6229 0.7775 -0.0863
vn 0.6136 0.1623 -0.7727
vn -0.2150 0.1900 -0.9579
vn -0.2155 0.9210 -0.3246
vn -0.6163 0.7846 -0.0672
vn 0.1092 0.9169 0.3840
vn 0.8948 0.3458 -0.2824
vn 0.6029 0.7718 0.2018
vn -0.3191 -0.5773 -0.7516
vn -0.3375 0.0944 -0.9366
vn 0.8333 0.2166 -0.5086
vn 0.8961 -0.3383 -0.2874
vn 0.9224 -0.0414 -0.3841
vn 0.7736 0.5611 -0.2944
vn 0.9165 0.3859 -0.1055
vn 0.5252 -0.4851 -0.6992
vn 0.4827 0.6382 0.5998
vn 0.8284 0.4160 0.3751
vn 0.9783 0.2046 0.0326
vn 0.8021 0.5690 0.1811
vn 0.5762 0.7981 0.1759
vn -0.1384 0.5818 0.8014
vn 0.7189 -0.6258 -0.3026
vn 0.1245 0.2355 0.9639
vn 0.8369 0.3939 0.3801
vn 0.9811 0.1932 -0.0082
vn 0.7039 -0.6323 -0.3236
vn 0.7969 -0.6033 -0.0329
vn 0.4738 -0.7505 0.4607
vn 0.1318 -0.8270 0.5465
vn 0.0168 -0.6825 0.7307
vn 0.1069 -0.7232 0.6824
vn 0.1780 -0.8782 0.4440
vn 0.2266 -0.8086 0.5429
vn 0.1361 -0.7716 0.6214
vn 0.3952 -0.5277 0.7519
vn 0.1591 0.2410 0.9574
vn 0.3776 0.0888 0.9217
vn -0.8713 -0.3322 -0.3613
vn -0.9864 -0.1546 -0.0566
vn -0.2192 0.8675 0.4466
vn -0.6110 0.7793 0.1388
vn -0.8223 0.3851 0.4189
vn 0.3106 -0.0349 0.9499
vn 0.3500 0.8465 0.4012
vn -0.0384 0.0012 0.9993
vn -0.0433 -0.2610 0.9644
vn -0.8394 -0.2130 0.5001
vn -0.2260 -0.9300 0.2898
vn -0.7088 0.0569 -0.7031
vn 0.6936 0.6958 -0.1864
vn 0.2562 -0.1158 0.9597
vn 0.6332 -0.7702 0.0763
vn 0.9028 0.0610 -0.4257
vn 0.4847 0.7313 0.4799
vn -0.4463 -0.7897 -0.4210
vn -0.8386 -0.2140 0.5010
vn -0.9945 -0.1045 0.0039
vn -0.8109 -0.4274 -0.3998
vn 0.7058 -0.7084 0.0088
vn 0.8465 0.2311 -0.4796
vn -0.1937 0.1476 -0.9699
vn -0.6664 0.0347 -0.7448
vn -0.8722 0.3784 0.3100
vn 0.0680 -0.1167 0.9908
vn 0.3191 0.8393 0.4401
vn -0.9283 -0.3094 -0.2064
vn -0.9376 -0.2005 -0.2842
vn -0.5690 0.4660 0.6776
vn 0.8769 0.1780 -0.4464
vn 0.1593 -0.6587 -0.7354
vn 0.2255 -0.7129 -0.6640
vn -0.5312 -0.7893 0.3080
vn -0.3756 -0.8331 0.4061
vn 0.2671 -0.7156 -0.6454
vn 0.6744 0.3430 -0.6539
vn 0.5344 0.4048 -0.7420
vn 0.2855 0.9363 0.2044
vn 0.1590 0.9823 0.0987
vn -0.4504 0.3216 0.8329
vn -0.4036 0.3232 0.8559
vn -0.8062 -0.5900 0.0452
vn -0.5191 0.3803 0.7655
vn -0.5705 0.4350 0.6966
vn 0.5858 0.4456 0.6770
vn 0.4911 0.7686 0.4101
vn 0.5696 0.5582 0.6033
vn 0.9627 -0.0439 -0.2671
vn 0.1008 -0.5961 -0.7966
vn 0.1050 -0.5665 -0.8173
vn 0.9725 -0.1469 -0.1808
vn -0.9038 0.2344 0.3581
vn -0.9242 -0.3622 -0.1212
vn -0.4940 0.4914 0.7173
vn 0.3926 0.1684 0.9042
vn 0.4233 0.8214 0.3823
vn -0.3159 0.9480 0.0382
vn -0.8058 0.5921 0.0135
vn -0.8167 0.2233 -0.5321
vn -0.4628 0.5449 0.6992
vn -0.0397 -0.2139 0.9760
vn -0.5003 0.5653 0.6558
vn -0.8961 -0.4302 -0.1094
vn -0.3646 -0.0680 -0.9287
vn -0.4631 -0.5153 -0.7211
vn 0.1852 -0.5664 -0.8031
vn 0.2254 -0.5084 -0.8311
vn 0.1861 -0.4837 -0.8552
vn 0.4265 -0.9039 -0.0315
vn 0.8561 -0.5104 -0.0812
vn 0.8299 0.2209 -0.5123
vn 0.1322 0.2609 -0.9563
vn -0.6663 0.6928 0.2758
vn -0.4758 -0.1338 0.8693
vn 0.1724 0.8470 0.5028
vn 0.1798 0.2186 0.9591
vn -0.6130 0.7869 0.0710
vn -0.7929 -0.0010 0.6093
vn 0.4690 0.8118 0.3478
vn -0.0100 0.0408 0.9991
vn -0.9029 0.4034 -0.1483
vn 0.4794 0.7522 0.4521
vn 0.2441 -0.0838 0.9661
vn -0.1165 0.5793 0.8067
vn -0.3026 0.4674 0.8307
vn 0.8845 0.4587 0.0851
vn 0.9335 0.2477 0.2594
vn -0.0398 0.5068 0.8611
vn 0.9109 0.0212 0.4121
vn -0.1616 -0.9860 -0.0421
vn -0.4249 -0.8590 -0.2857
vn 0.3967 -0.5932 -0.7005
vn 0.5551 -0.4510 -0.6989
vn -0.5854 -0.4853 -0.6495
vn 0.6136 -0.4897 -0.6194
vn -0.5363 -0.3347 -0.7748
vn -0.9711 0.1061 0.2140
vn -0.9464 0.2933 0.1354
vn -0.7952 -0.2886 0.5333
vn -0.5105 -0.4515 0.7318
vn -0.0354 0.6670 0.7442
vn -0.1720 0.3833 0.9075
vn -0.5692 0.3524 0.7429
vn -0.5274 0.6782 0.5118
vn 0.1330 0.8568 -0.4982
vn 0.3822 0.1728 -0.9078
vn -0.1965 0.1678 -0.9660
vn -0.6523 0.5193 -0.5521
vn -0.5688 0.8220 -0.0294
vn -0.1370 0.9562 0.2587
vn 0.3669 0.8850 0.2867
vn 0.7829 0.6213 -0.0335
vn 0.8034 0.2738 -0.5287
vn -0.3484 -0.5688 -0.7450
vn -0.9668 -0.1134 -0.2291
vn -0.8682 0.2248 0.4423
vn -0.3127 0.4543 0.8341
vn 0.3961 0.3683 0.8411
vn 0.9091 0.0127 0.4163
vn 0.8613 -0.4462 -0.2432
vn 0.3782 -0.6444 -0.6646
vn 0.5028 -0.8396 -0.2057
vn 0.3923 -0.9197 0.0141
vn -0.4409 -0.8121 -0.3823
vn 0.6598 -0.7455 0.0937
vn 0.8981 0.0795 -0.4326
vn -0.0331 -0.2524 0.9671
vn -0.8376 -0.1862 0.5135
vn 0.3889 -0.9213 0.0040
vn -0.4381 -0.8032 -0.4035
vn 0.4202 0.0507 0.9060
vn -0.8093 -0.5809 0.0871
vn -0.4583 -0.8068 -0.3730
vn 0.6087 -0.7908 0.0637
vn 0.5056 -0.6121 0.6080
vn -0.4751 0.6088 -0.6353
vn -0.2382 0.1634 -0.9574
vn 0.8166 0.5722 -0.0763
vn 0.8324 0.1911 -0.5202
vn -0.5574 0.5368 -0.6333
vn -0.6609 0.7476 -0.0651
vn 0.4124 0.8452 0.3400
vn 0.7617 0.6360 -0.1243
vn -0.7618 -0.6360 0.1229
vn -0.8046 -0.2182 0.5522
vn 0.5539 -0.5561 0.6197
vn 0.2730 -0.1256 0.9538
vn 0.4079 -0.2663 -0.8734
vn 0.4090 0.0055 -0.9125
vn 0.3283 0.5028 -0.7996
vn 0.1757 0.8448 -0.5054
vn -0.0169 0.9952 -0.0964
vn -0.2201 0.9030 0.3691
vn -0.3067 0.7530 0.5822
vn 0.0217 0.9833 -0.1807
vn 0.0217 0.9833 -0.1808
vn -0.3850 0.4689 0.7950
vn -0.3849 0.4689 0.7950
vn 0.2245 -0.8975 -0.3796
vn -0.3621 -0.3688 0.8561
vn -0.3620 -0.3678 0.8566
vn -0.3623 -0.3722 0.8545
vn -0.3624 -0.3731 0.8541
vn 0.1773 0.8470 -0.5011
vn 0.1716 0.8505 -0.4972
vn 0.1753 0.8494 -0.4978
vn 0.1788 0.8458 -0.5027
vn 0.1771 0.8428 -0.5083
vn 0.3740 -0.5278 -0.7626
vn 0.3701 -0.5288 -0.7638
vn -0.0606 -0.9624 0.2647
vn -0.1833 -0.8336 0.5210
vn -0.0599 -0.9635 0.2611
vn 0.2057 -0.9096 -0.3609
vn 0.2148 -0.9068 -0.3627
vn 0.3269 -0.6255 -0.7084
vn 0.3082 -0.6450 -0.6992
vn 0.3758 -0.5243 -0.7641
vn -0.3740 0.5278 0.7626
vn -0.3739 0.5278 0.7626
vn 0.9110 0.0550 0.4087
vn 0.1737 0.8476 -0.5015
vn 0.1737 0.8475 -0.5015
vn 0.9162 0.0574 0.3967
vn 0.9148 0.0749 0.3968
vn 0.9157 0.0641 0.3967
vn 0.9169 0.0466 0.3965
vn -0.9101 -0.0562 -0.4105
vn -0.9101 -0.0561 -0.4105
vn -0.9101 -0.0562 -0.4106
vn -0.4106 0.3650 0.8356
vn -0.4016 0.3616 0.8414
vn -0.4099 0.4310 0.8039
vn -0.4102 0.4417 0.7979
vn -0.3780 0.5190 0.7667
vn 0.9060 0.0525 0.4201
vn -0.9145 -0.3967 0.0798
vn -0.9555 0.2921 0.0425
vn -0.8903 -0.0773 -0.4488
vn -0.6714 0.4908 -0.5553
vn -0.4549 -0.0752 -0.8874
vn -0.6051 -0.6237 -0.4949
vn -0.0944 -0.9423 0.3213
vn -0.9193 -0.0990 -0.3809
vn -0.9195 -0.0995 -0.3803
vn -0.9184 -0.0952 -0.3840
vn -0.9186 -0.0946 -0.3838
vn -0.9147 -0.0754 -0.3970
vn -0.9148 -0.0764 -0.3966
vn -0.9113 -0.0590 -0.4075
vn -0.9114 -0.0571 -0.4075
vn -0.9110 -0.0551 -0.4087
vn -0.9122 -0.0572 -0.4056
vn -0.9095 -0.0604 -0.4114
vn -0.9071 -0.0605 -0.4165
vn -0.0572 0.9177 -0.3932
vn 0.2145 0.5541 -0.8044
vn -0.5345 0.5838 0.6112
vn -0.4656 -0.5736 0.6740
vn -0.4656 -0.5736 0.6739
vn 0.0543 -0.9550 -0.2917
vn 0.2837 -0.6082 -0.7413
vn 0.6978 0.2572 0.6686
vn -0.2906 0.7986 0.5270
vn -0.9484 0.0226 -0.3163
vn 0.1244 -0.9815 -0.1456
vn 0.7227 0.0704 0.6876
vn 0.8903 0.0773 0.4488
vn 0.8903 0.0773 0.4487
vn -0.4055 0.3925 0.8255
vn 0.6819 -0.5312 0.5029
vn 0.9362 -0.3342 -0.1087
vn 0.9197 0.0284 0.3916
vn 0.9250 0.3563 -0.1322
vn 0.6637 0.5861 0.4648
vn 0.5135 0.0376 0.8573
vn -0.9719 -0.0386 -0.2324
vn -0.2436 0.0291 0.9695
vn -0.2074 0.6062 0.7678
vn 0.0394 -0.9266 0.3739
vn 0.4668 -0.5956 -0.6537
vn 0.4668 -0.5957 -0.6537
vn 0.4479 0.5646 -0.6933
vn 0.4479 0.5646 -0.6932
vn 0.2217 0.9386 -0.2642
vn -0.9197 -0.0283 -0.3916
vn -0.9197 -0.0284 -0.3916
vn 0.3095 -0.7593 -0.5725
vn -0.9060 -0.0525 -0.4201
vn -0.9111 -0.0535 -0.4088
vn -0.9110 -0.0549 -0.4087
vn -0.9105 -0.0542 -0.4100
vn -0.9105 -0.0529 -0.4101
vn -0.9125 -0.0528 -0.4056
vn 0.7910 -0.0576 0.6091
vn -0.4120 -0.1186 0.9034
vn -0.9690 -0.1726 -0.1766
vn 0.4123 -0.3348 -0.8473
vn 0.8598 -0.0896 0.5027
vn 0.1738 0.8475 -0.5015
vn 0.1726 0.8476 -0.5018
vn 0.1505 0.8485 -0.5073
vn 0.1472 0.8486 -0.5081
vn -0.3082 -0.5986 0.7394
vn -0.9172 -0.3361 -0.2141
vn 0.4051 0.1809 -0.8962
vn 0.9021 -0.0653 0.4267
vn -0.1214 -0.9183 0.3767
vn -0.8264 -0.4368 -0.3554
vn 0.2886 0.6493 -0.7036
vn 0.9249 -0.0414 0.3779
vn 0.0978 -0.9914 -0.0871
vn -0.7382 -0.4069 -0.5380
vn 0.0944 0.9422 -0.3213
vn 0.9484 -0.0226 0.3163
vn 0.2906 -0.7986 -0.5270
vn -0.6978 -0.2571 -0.6686
vn -0.1244 0.9815 0.1456
vn 0.9719 0.0386 0.2324
vn 0.4056 -0.3925 -0.8255
vn -0.7227 -0.0704 -0.6876
vn -0.3094 0.7592 0.5725
vn 0.9690 0.1726 0.1766
vn 0.4120 0.1186 -0.9034
vn -0.7910 0.0576 -0.6091
vn -0.4123 0.3348 0.8473
vn 0.9172 0.3361 0.2141
vn 0.3082 0.5986 -0.7394
vn -0.8598 0.0896 -0.5028
vn -0.4051 -0.1809 0.8962
vn 0.8264 0.4368 0.3554
vn 0.1215 0.9183 -0.3767
vn -0.9021 0.0652 -0.4267
vn -0.2887 -0.6494 0.7036
vn 0.7382 0.4069 0.5380
vn -0.0978 0.9914 0.0871
vn -0.9249 0.0414 -0.3778
vn -0.1757 -0.8448 0.5054
vn 0.9110 0.0551 0.4087
vn -0.9110 -0.0550 -0.4087
vn 0.3983 0.1388 -0.9067
vn -0.2595 -0.6935 0.6721
vn 0.9017 0.0144 0.4322
vn 0.8973 0.0174 0.4411
vn 0.9023 0.0124 0.4310
vn 0.9035 0.0235 0.4280
vn 0.9274 0.2204 0.3022
vn 0.3769 -0.5175 -0.7682
vn -0.3763 0.5175 0.7685
vn -0.3738 0.5289 0.7620
vn -0.2136 -0.8526 0.4768
vn -0.1881 -0.8663 0.4627
vn -0.1798 -0.8556 0.4855
vn -0.1697 -0.8539 0.4921
vn -0.3740 0.5279 0.7626
vn 0.3376 -0.5239 -0.7821
vn 0.3068 -0.5168 -0.7992
vn -0.3631 0.5198 0.7733
vn -0.3757 0.5277 0.7618
vn -0.2022 -0.8489 0.4884
vn -0.3850 0.4689 0.7949
vn -0.3620 -0.3678 0.8565
vn 0.1753 0.8494 -0.4979
vn -0.0598 -0.9635 0.2611
vn 0.2057 -0.9097 -0.3609
vn 0.3757 -0.5243 -0.7641
vn -0.9554 0.2921 0.0425
vn -0.9195 -0.0996 -0.3802
vn 0.6978 0.2571 0.6686
vn -0.2907 0.7986 0.5270
vn 0.1244 -0.9815 -0.1457
vn -0.4056 0.3925 0.8255
vn 0.9197 0.0283 0.3916
vn -0.2435 0.0291 0.9695
vn 0.2218 0.9386 -0.2642
vn -0.9105 -0.0528 -0.4101
vn -0.4121 -0.1186 0.9034
vn -0.9172 -0.3362 -0.2140
vn 0.9020 -0.0653 0.4267
vn 0.9249 -0.0414 0.3778
vn -0.1244 0.9815 0.1457
vn 0.9718 0.0387 0.2324
vn 0.4055 -0.3925 -0.8255
vn -0.3095 0.7592 0.5725
vn -0.2886 -0.6494 0.7036
vn -0.2596 -0.6935 0.6720
vn -0.2595 -0.6935 0.6720
vn 0.9016 0.0144 0.4322
vn 0.9035 0.0236 0.4280
vn -0.3741 0.5267 0.7633
vn -0.3739 0.5285 0.7622
vn -0.2136 -0.8526 0.4769
vn 0.3375 -0.5239 -0.7821
usemtl power_klaw_dif.002
s 1
f 1240/1407/515 1242/1408/516 1241/1409/517
f 1243/1410/518 1245/1411/519 1244/1412/520
f 1244/1412/520 1246/1413/521 1243/1410/518
f 1247/1414/522 1249/1415/523 1248/1416/524
f 1247/1414/522 1251/1417/525 1250/1418/526
f 1251/1417/525 1247/1414/522 1252/1419/527
f 1248/1416/524 1252/1419/527 1247/1414/522
f 1252/1419/527 1254/1420/528 1253/1421/529
f 1252/1419/527 1253/1421/529 1251/1417/525
f 1255/1422/530 1251/1417/525 1253/1421/529
f 1253/1421/529 1256/1423/531 1255/1422/530
f 1257/1424/532 1259/1425/533 1258/1426/534
f 1258/1426/534 1260/1427/535 1257/1424/532
f 1261/1428/536 1263/1429/537 1262/1430/538
f 1263/1429/537 1264/1431/539 1262/1430/538
f 1265/1432/540 1267/1433/541 1266/1434/542
f 1261/1428/536 1265/1432/540 1266/1434/542
f 1268/1435/543 1265/1432/540 1261/1428/536
f 1261/1428/536 1262/1430/538 1268/1435/543
f 1268/1435/543 1262/1430/538 1255/1422/530
f 1255/1422/530 1256/1423/531 1268/1435/543
f 1269/1436/544 1265/1432/540 1268/1435/543
f 1269/1436/544 1268/1435/543 1270/1437/545
f 1271/1438/546 1273/1439/547 1272/1440/548
f 1272/1440/548 1266/1434/542 1271/1438/546
f 1266/1434/542 1272/1440/548 1261/1428/536
f 1272/1440/548 1274/1441/549 1261/1428/536
f 1261/1428/536 1274/1441/549 1275/1442/550
f 1275/1442/550 1276/1443/551 1261/1428/536
f 1277/1444/552 1276/1443/551 1275/1442/550
f 1275/1442/550 1278/1445/553 1277/1444/552
f 1278/1445/553 1279/1446/554 1277/1444/552
f 1279/1446/554 1278/1445/553 1280/1447/555
f 1279/1446/554 1280/1447/555 1281/1448/556
f 1280/1447/555 1282/1449/557 1281/1448/556
f 1282/1449/557 1283/1450/558 1281/1448/556
f 1283/1450/558 1284/1451/559 1281/1448/556
f 1284/1451/559 1283/1450/558 1285/1452/560
f 1285/1452/560 1286/1453/561 1284/1451/559
f 1286/1453/561 1285/1452/560 1267/1433/541
f 1267/1433/541 1265/1432/540 1286/1453/561
f 1282/1449/557 1280/1447/555 1273/1439/547
f 1273/1439/547 1271/1438/546 1282/1449/557
f 1281/1448/556 1288/1454/562 1287/1455/563
f 1287/1455/563 1279/1446/554 1281/1448/556
f 1289/1456/564 1291/1457/565 1290/1458/566
f 1292/1459/567 1293/1460/568 1289/1456/564
f 1289/1456/564 1294/1461/569 1292/1459/567
f 1289/1456/564 1290/1458/566 1294/1461/569
f 1295/1462/570 1294/1461/569 1290/1458/566
f 1290/1458/566 1296/1463/571 1295/1462/570
f 1297/1464/572 1299/1465/573 1298/1466/574
f 1300/1467/575 1302/1468/576 1301/1469/577
f 1301/1469/577 1303/1470/578 1300/1467/575
f 1248/1416/524 1249/1415/523 1304/1471/579
f 1304/1471/579 1305/1472/580 1248/1416/524
f 1306/1473/581 1305/1472/580 1304/1471/579
f 1304/1471/579 1307/1474/582 1306/1473/581
f 1307/1475/582 1304/1471/579 1249/1415/523
f 1249/1415/523 1247/1476/522 1307/1475/582
f 1265/1432/540 1269/1477/544 1284/1478/559
f 1284/1478/559 1286/1453/561 1265/1432/540
f 1277/1479/552 1263/1480/537 1261/1428/536
f 1261/1428/536 1276/1443/551 1277/1479/552
f 1277/1481/552 1309/1482/583 1308/1483/584
f 1308/1483/584 1263/1484/537 1277/1481/552
f 1263/1485/537 1308/1483/584 1310/1486/585
f 1310/1486/585 1311/1487/586 1263/1485/537
f 1312/1488/587 1314/1489/588 1313/1490/589
f 1315/1491/590 1317/1492/591 1316/1493/592
f 1318/1494/593 1320/1495/594 1319/1496/595
f 1321/1497/596 1319/1496/595 1320/1495/594
f 1319/1496/595 1321/1497/596 1322/1498/597
f 1322/1498/597 1323/1499/598 1319/1496/595
f 1324/1500/599 1319/1496/595 1323/1499/598
f 1323/1499/598 1325/1501/600 1324/1500/599
f 1326/1502/601 1324/1500/599 1325/1501/600
f 1325/1501/600 1327/1503/602 1326/1502/601
f 1328/1504/603 1326/1502/601 1327/1503/602
f 1327/1503/602 1329/1505/604 1328/1504/603
f 1328/1504/603 1329/1505/604 1322/1506/597
f 1322/1506/597 1321/1507/596 1328/1504/603
f 1328/1504/603 1321/1507/596 1330/1508/605
f 1330/1508/605 1331/1509/606 1328/1504/603
f 1331/1509/606 1330/1508/605 1315/1491/590
f 1315/1491/590 1332/1510/607 1331/1509/606
f 1316/1493/592 1332/1510/607 1315/1491/590
f 1332/1510/607 1316/1493/592 1333/1511/608
f 1319/1496/595 1324/1500/599 1318/1494/593
f 1334/1512/609 1318/1494/593 1324/1500/599
f 1318/1494/593 1334/1512/609 1335/1513/610
f 1332/1510/607 1335/1513/610 1334/1512/609
f 1334/1512/609 1331/1509/606 1332/1510/607
f 1328/1504/603 1331/1509/606 1334/1512/609
f 1334/1512/609 1326/1502/601 1328/1504/603
f 1324/1500/599 1326/1502/601 1334/1512/609
f 1333/1511/608 1335/1513/610 1332/1510/607
f 1336/1514/611 1335/1513/610 1333/1511/608
f 1335/1513/610 1336/1514/611 1318/1494/593
f 1320/1495/594 1318/1494/593 1336/1514/611
f 1336/1514/611 1337/1515/612 1320/1495/594
f 1330/1516/605 1320/1495/594 1337/1515/612
f 1337/1515/612 1315/1517/590 1330/1516/605
f 1315/1517/590 1337/1515/612 1338/1518/613
f 1338/1518/613 1317/1519/591 1315/1517/590
f 1320/1495/594 1330/1516/605 1321/1497/596
f 1333/1511/608 1339/1520/614 1336/1514/611
f 1337/1515/612 1336/1514/611 1339/1520/614
f 1339/1520/614 1338/1518/613 1337/1515/612
f 1340/1521/615 1342/1522/616 1341/1523/617
f 1341/1523/617 1344/1524/618 1343/1525/619
f 1341/1523/617 1343/1525/619 1345/1526/620
f 1340/1521/615 1341/1523/617 1345/1526/620
f 1345/1526/620 1346/1527/621 1340/1521/615
f 1341/1523/617 1342/1522/616 1347/1528/622
f 1347/1528/622 1348/1529/623 1341/1523/617
f 1341/1523/617 1348/1529/623 1344/1524/618
f 1349/1530/624 1344/1524/618 1348/1529/623
f 1348/1529/623 1350/1531/625 1349/1530/624
f 1351/1532/626 1349/1530/624 1350/1531/625
f 1351/1532/626 1350/1531/625 1347/1528/622
f 1350/1531/625 1348/1529/623 1347/1528/622
f 1340/1533/615 1346/1534/621 1352/1535/627
f 1342/1536/616 1354/1537/628 1353/1538/629
f 1342/1536/616 1353/1538/629 1355/1539/630
f 1355/1539/630 1347/1540/622 1342/1536/616
f 1356/1541/631 1347/1540/622 1355/1539/630
f 1351/1542/626 1347/1540/622 1356/1541/631
f 1351/1542/626 1356/1541/631 1357/1543/632
f 1358/1544/633 1357/1543/632 1356/1541/631
f 1356/1541/631 1355/1539/630 1358/1544/633
f 1358/1544/633 1355/1539/630 1353/1538/629
f 1359/1545/634 1358/1544/633 1353/1538/629
f 1359/1545/634 1353/1538/629 1360/1546/635
f 1352/1535/627 1360/1546/635 1353/1538/629
f 1353/1538/629 1354/1537/628 1352/1535/627
f 1352/1535/627 1354/1537/628 1340/1533/615
f 1354/1537/628 1342/1547/616 1340/1533/615
f 1313/1490/589 1314/1489/588 1240/1548/515
f 1240/1548/515 1241/1549/517 1313/1490/589
f 1343/1525/619 1359/1550/634 1360/1551/635
f 1360/1551/635 1345/1526/620 1343/1525/619
f 1346/1552/621 1345/1526/620 1360/1551/635
f 1360/1551/635 1352/1553/627 1346/1552/621
f 1361/1554/636 1363/1555/637 1362/1556/638
f 1363/1555/637 1364/1557/639 1362/1556/638
f 1365/1558/640 1367/1559/641 1366/1560/642
f 1367/1559/641 1368/1561/643 1366/1560/642
f 1351/1562/626 1357/1563/632 1349/1564/624
f 1344/1524/618 1349/1564/624 1357/1563/632
f 1357/1563/632 1358/1544/633 1344/1524/618
f 1344/1524/618 1358/1544/633 1359/1545/634
f 1359/1545/634 1343/1525/619 1344/1524/618
f 1291/1457/565 1289/1456/564 1369/1565/644
f 1369/1565/644 1289/1456/564 1293/1460/568
f 1293/1460/568 1269/1566/544 1369/1565/644
f 1370/1567/645 1272/1568/548 1273/1569/547
f 1273/1569/547 1371/1570/646 1370/1567/645
f 1371/1570/646 1273/1569/547 1280/1571/555
f 1245/1411/519 1243/1572/518 1260/1573/535
f 1260/1573/535 1258/1426/534 1245/1411/519
f 1251/1417/525 1255/1574/530 1262/1575/538
f 1262/1575/538 1264/1576/539 1251/1417/525
f 1264/1576/539 1250/1418/526 1251/1417/525
f 1311/1577/586 1250/1418/526 1264/1576/539
f 1264/1576/539 1263/1578/537 1311/1577/586
f 1372/1579/647 1374/1580/648 1373/1581/649
f 1373/1581/649 1375/1582/650 1372/1579/647
f 1376/1583/651 1372/1579/647 1375/1582/650
f 1375/1582/650 1377/1584/652 1376/1583/651
f 1378/1585/653 1380/1586/654 1379/1587/655
f 1381/1588/656 1379/1587/655 1380/1586/654
f 1380/1586/654 1382/1589/657 1381/1588/656
f 1383/1590/658 1381/1588/656 1382/1589/657
f 1382/1589/657 1384/1591/659 1383/1590/658
f 1385/1592/660 1386/1593/661 1384/1591/659
f 1384/1591/659 1382/1589/657 1385/1592/660
f 1387/1594/662 1385/1592/660 1382/1589/657
f 1382/1589/657 1380/1586/654 1387/1594/662
f 1388/1595/663 1387/1594/662 1380/1586/654
f 1380/1586/654 1378/1585/653 1388/1595/663
f 1388/1595/663 1374/1580/648 1387/1594/662
f 1385/1592/660 1387/1594/662 1374/1580/648
f 1374/1580/648 1372/1579/647 1385/1592/660
f 1386/1593/661 1385/1592/660 1372/1579/647
f 1372/1579/647 1376/1583/651 1386/1593/661
f 1270/1596/545 1268/1597/543 1256/1598/531
f 1256/1598/531 1253/1421/529 1270/1596/545
f 1270/1596/545 1253/1421/529 1389/1599/664
f 1389/1599/664 1390/1600/665 1270/1596/545
f 1269/1601/544 1270/1596/545 1390/1600/665
f 1269/1601/544 1390/1600/665 1391/1602/666
f 1391/1602/666 1369/1603/644 1269/1601/544
f 1369/1603/644 1391/1602/666 1392/1604/667
f 1392/1604/667 1254/1420/528 1369/1603/644
f 1253/1421/529 1254/1420/528 1392/1604/667
f 1392/1604/667 1389/1599/664 1253/1421/529
f 1393/1605/668 1395/1606/669 1394/1607/670
f 1393/1605/668 1394/1607/670 1396/1608/671
f 1393/1605/668 1396/1608/671 1397/1609/672
f 1393/1605/668 1397/1609/672 1398/1610/673
f 1393/1605/668 1398/1610/673 1399/1611/674
f 1393/1605/668 1399/1611/674 1400/1612/675
f 1393/1605/668 1400/1612/675 1401/1613/676
f 1393/1605/668 1401/1613/676 1395/1606/669
f 1394/1614/670 1403/1615/677 1402/1616/678
f 1402/1616/678 1396/1617/671 1394/1614/670
f 1396/1617/671 1402/1616/678 1404/1618/679
f 1404/1618/679 1397/1619/672 1396/1617/671
f 1397/1619/672 1404/1618/679 1405/1620/680
f 1405/1620/680 1398/1621/673 1397/1619/672
f 1398/1621/673 1405/1620/680 1406/1622/681
f 1406/1622/681 1399/1623/674 1398/1621/673
f 1399/1623/674 1406/1622/681 1407/1624/682
f 1407/1624/682 1400/1625/675 1399/1623/674
f 1400/1625/675 1407/1624/682 1408/1626/683
f 1408/1626/683 1401/1627/676 1400/1625/675
f 1401/1627/676 1408/1626/683 1409/1628/684
f 1409/1628/684 1395/1629/669 1401/1627/676
f 1410/1630/685 1412/1631/686 1411/1632/687
f 1411/1632/687 1310/1486/585 1410/1630/685
f 1309/1482/583 1410/1630/685 1310/1486/585
f 1310/1486/585 1308/1483/584 1309/1482/583
f 1371/1570/646 1414/1633/688 1413/1634/689
f 1413/1634/689 1370/1567/645 1371/1570/646
f 1247/1635/522 1250/1636/526 1311/1637/586
f 1311/1637/586 1307/1638/582 1247/1635/522
f 1307/1638/582 1311/1637/586 1287/1455/563
f 1307/1638/582 1287/1455/563 1288/1454/562
f 1288/1454/562 1306/1639/581 1307/1638/582
f 1306/1639/581 1288/1454/562 1369/1640/644
f 1252/1641/527 1306/1639/581 1369/1640/644
f 1369/1640/644 1254/1642/528 1252/1641/527
f 1414/1633/688 1278/1643/553 1275/1644/550
f 1414/1633/688 1275/1644/550 1274/1645/549
f 1274/1645/549 1413/1634/689 1414/1633/688
f 1242/1646/516 1312/1488/587 1313/1490/589
f 1313/1490/589 1241/1647/517 1242/1646/516
f 1240/1648/515 1314/1489/588 1312/1488/587
f 1312/1488/587 1242/1649/516 1240/1648/515
f 1415/1650/690 1279/1446/554 1287/1455/563
f 1287/1455/563 1416/1651/691 1415/1650/690
f 1288/1454/562 1281/1448/556 1417/1652/692
f 1417/1652/692 1418/1653/693 1288/1454/562
f 1375/1654/650 1373/1655/649 1379/1587/655
f 1379/1587/655 1381/1588/656 1375/1654/650
f 1377/1656/652 1375/1654/650 1381/1588/656
f 1381/1588/656 1383/1590/658 1377/1656/652
f 1411/1632/687 1416/1657/691 1287/1658/563
f 1310/1486/585 1411/1632/687 1287/1658/563
f 1287/1658/563 1311/1659/586 1310/1486/585
f 1244/1412/520 1245/1411/519 1258/1426/534
f 1258/1426/534 1259/1425/533 1244/1412/520
f 1246/1660/521 1244/1412/520 1259/1425/533
f 1259/1425/533 1257/1661/532 1246/1660/521
f 1362/1556/638 1298/1662/574 1299/1663/573
f 1299/1663/573 1361/1554/636 1362/1556/638
f 1297/1664/572 1363/1555/637 1361/1554/636
f 1361/1554/636 1299/1665/573 1297/1664/572
f 1419/1666/694 1364/1557/639 1363/1555/637
f 1363/1555/637 1297/1667/572 1419/1666/694
f 1298/1668/574 1362/1556/638 1364/1557/639
f 1364/1557/639 1419/1666/694 1298/1668/574
f 1367/1559/641 1391/1669/666 1390/1670/665
f 1390/1670/665 1368/1561/643 1367/1559/641
f 1365/1558/640 1392/1671/667 1391/1672/666
f 1391/1672/666 1367/1559/641 1365/1558/640
f 1366/1560/642 1389/1673/664 1392/1674/667
f 1392/1674/667 1365/1558/640 1366/1560/642
f 1368/1561/643 1390/1675/665 1389/1676/664
f 1389/1676/664 1366/1560/642 1368/1561/643
f 1420/1677/695 1422/1678/696 1421/1679/697
f 1421/1679/697 1423/1680/698 1420/1677/695
f 1424/1681/699 1425/1682/700 1422/1678/696
f 1422/1678/696 1420/1683/695 1424/1681/699
f 1426/1684/701 1427/1685/702 1425/1682/700
f 1425/1682/700 1424/1686/699 1426/1684/701
f 1423/1687/698 1421/1679/697 1427/1685/702
f 1427/1685/702 1426/1688/701 1423/1687/698
f 1421/1679/697 1422/1678/696 1425/1682/700
f 1425/1682/700 1427/1685/702 1421/1679/697
f 1428/1689/703 1430/1690/704 1429/1691/705
f 1429/1691/705 1431/1692/706 1428/1689/703
f 1432/1693/707 1433/1694/708 1430/1690/704
f 1430/1690/704 1428/1695/703 1432/1693/707
f 1434/1696/709 1435/1697/710 1433/1694/708
f 1433/1694/708 1432/1698/707 1434/1696/709
f 1431/1699/706 1429/1691/705 1435/1697/710
f 1435/1697/710 1434/1700/709 1431/1699/706
f 1429/1691/705 1430/1690/704 1433/1694/708
f 1433/1694/708 1435/1697/710 1429/1691/705
f 1302/1468/576 1282/1701/557 1271/1702/546
f 1302/1468/576 1271/1702/546 1266/1703/542
f 1266/1703/542 1301/1469/577 1302/1468/576
f 1303/1470/578 1267/1704/541 1285/1705/560
f 1285/1705/560 1300/1467/575 1303/1470/578
f 1300/1467/575 1285/1705/560 1283/1706/558
f 1416/1707/691 1411/1632/687 1412/1631/686
f 1412/1631/686 1415/1708/690 1416/1707/691
f 1279/1709/554 1415/1710/690 1412/1631/686
f 1412/1631/686 1410/1630/685 1279/1709/554
f 1279/1709/554 1410/1630/685 1309/1482/583
f 1309/1482/583 1277/1711/552 1279/1709/554
f 1305/1472/580 1306/1712/581 1252/1713/527
f 1252/1713/527 1248/1416/524 1305/1472/580
f 1288/1714/562 1418/1715/693 1296/1463/571
f 1296/1463/571 1290/1458/566 1288/1714/562
f 1290/1458/566 1369/1716/644 1288/1714/562
f 1290/1458/566 1291/1457/565 1369/1716/644
f 1282/1717/557 1302/1718/576 1300/1467/575
f 1300/1467/575 1283/1706/558 1282/1717/557
f 1278/1643/553 1414/1633/688 1371/1719/646
f 1371/1719/646 1280/1720/555 1278/1643/553
f 1267/1704/541 1303/1470/578 1301/1721/577
f 1301/1721/577 1266/1722/542 1267/1704/541
f 1272/1723/548 1370/1724/645 1413/1634/689
f 1413/1634/689 1274/1645/549 1272/1723/548
f 1284/1725/559 1292/1459/567 1294/1461/569
f 1294/1461/569 1281/1726/556 1284/1725/559
f 1281/1726/556 1294/1461/569 1295/1462/570
f 1295/1462/570 1417/1727/692 1281/1726/556
f 1417/1728/692 1295/1462/570 1296/1463/571
f 1296/1463/571 1418/1729/693 1417/1728/692
f 1269/1730/544 1293/1460/568 1292/1459/567
f 1292/1459/567 1284/1731/559 1269/1730/544
f 1395/1629/669 1409/1628/684 1403/1615/677 1394/1614/670
usemtl Tex_0021_7.dds.001
f 1436/1732/711 1438/1733/711 1437/1734/712
f 1437/1734/712 1439/1735/712 1436/1732/711
f 1439/1735/712 1437/1734/712 1440/1736/713
f 1440/1736/713 1441/1737/713 1439/1735/712
f 1441/1737/713 1440/1736/713 1442/1738/714
f 1442/1738/714 1443/1739/714 1441/1737/713
f 1443/1739/714 1442/1738/714 1444/1740/715
f 1444/1740/715 1445/1741/715 1443/1739/714
f 1445/1741/715 1444/1740/715 1446/1742/716
f 1446/1742/716 1447/1743/716 1445/1741/715
f 1447/1743/716 1446/1742/716 1448/1744/717
f 1448/1744/717 1449/1745/717 1447/1743/716
f 1450/1746/718 1452/1747/718 1451/1748/718
f 1451/1748/718 1453/1749/719 1450/1746/718
f 1454/1750/720 1456/1751/720 1455/1752/721
f 1455/1752/721 1457/1753/721 1454/1750/720
f 1458/1754/722 1460/1755/722 1459/1756/722
f 1459/1756/722 1461/1757/722 1458/1754/722
f 1462/1758/723 1464/1759/724 1463/1760/725
f 1463/1760/725 1465/1761/726 1462/1758/723
f 1466/1762/727 1468/1763/728 1467/1764/728
f 1466/1762/727 1467/1764/728 1469/1765/729
f 1470/1766/730 1466/1762/727 1469/1765/729
f 1470/1766/730 1471/1767/731 1466/1762/727
f 1472/1768/732 1474/1769/733 1473/1770/732
f 1473/1770/732 1475/1771/732 1472/1768/732
f 1476/1772/734 1478/1773/735 1477/1774/735
f 1477/1774/735 1479/1775/736 1476/1772/734
f 1480/1776/737 1476/1772/734 1479/1775/736
f 1479/1775/736 1481/1777/738 1480/1776/737
f 1480/1776/737 1481/1777/738 1482/1778/739
f 1482/1778/739 1483/1779/740 1480/1776/737
f 1483/1779/740 1482/1778/739 1474/1769/741
f 1484/1780/742 1486/1781/742 1485/1782/742
f 1485/1782/742 1487/1783/743 1484/1780/742
f 1488/1784/744 1490/1785/744 1489/1786/744
f 1489/1786/744 1491/1787/744 1488/1784/744
f 1492/1788/745 1494/1789/745 1493/1790/745
f 1495/1791/745 1492/1788/745 1493/1790/745
f 1496/1792/746 1495/1791/745 1493/1790/745
f 1497/1793/747 1499/1794/748 1498/1795/749
f 1498/1795/749 1500/1796/750 1497/1793/747
f 1501/1797/751 1503/1798/752 1502/1799/752
f 1502/1799/752 1504/1800/753 1501/1797/751
f 1505/1801/754 1507/1802/755 1506/1803/756
f 1506/1803/756 1508/1804/757 1505/1801/754
f 1509/1805/758 1508/1804/757 1506/1803/756
f 1510/1806/759 1512/1807/759 1511/1808/759
f 1513/1809/759 1510/1806/759 1511/1808/759
f 1513/1809/759 1514/1810/759 1510/1806/759
f 1511/1808/759 1516/1811/759 1515/1812/759
f 1517/1813/759 1511/1808/759 1515/1812/759
f 1517/1813/759 1513/1809/759 1511/1808/759
f 1517/1813/759 1518/1814/759 1513/1809/759
f 1518/1814/759 1519/1815/759 1513/1809/759
f 1517/1813/759 1515/1812/759 1520/1816/759
f 1517/1813/759 1521/1817/759 1518/1814/759
f 1522/1818/760 1524/1819/761 1523/1820/762
f 1524/1819/761 1525/1821/763 1523/1820/762
f 1525/1821/763 1526/1822/764 1523/1820/762
f 1526/1822/764 1527/1823/765 1523/1820/762
f 1527/1823/765 1522/1818/760 1523/1820/762
f 1528/1824/766 1530/1825/766 1529/1826/766
f 1531/1827/767 1533/1828/768 1532/1829/769
f 1534/1830/770 1531/1827/767 1532/1829/769
f 1535/1831/771 1534/1830/770 1532/1829/769
f 1535/1831/771 1532/1829/769 1536/1832/772
f 1537/1833/773 1535/1831/771 1536/1832/772
f 1536/1832/772 1538/1834/774 1537/1833/773
f 1537/1833/773 1538/1834/774 1539/1835/775
f 1539/1835/775 1540/1836/776 1537/1833/773
f 1537/1833/773 1540/1836/776 1541/1837/777
f 1541/1837/777 1542/1838/778 1537/1833/773
f 1543/1839/779 1545/1840/780 1544/1841/780
f 1544/1841/780 1546/1842/779 1543/1839/779
f 1547/1843/781 1543/1839/779 1546/1842/779
f 1546/1842/779 1548/1844/781 1547/1843/781
f 1549/1845/782 1547/1843/781 1548/1844/781
f 1548/1844/781 1550/1846/783 1549/1845/782
f 1551/1847/784 1549/1845/782 1550/1846/783
f 1550/1846/783 1552/1848/784 1551/1847/784
f 1553/1849/785 1551/1847/784 1552/1848/784
f 1552/1848/784 1554/1850/785 1553/1849/785
f 1555/1851/786 1557/1852/786 1556/1853/786
f 1558/1854/787 1560/1855/787 1559/1856/787
f 1561/1857/788 1563/1858/788 1562/1859/788
f 1564/1860/789 1566/1861/789 1565/1862/789
f 1567/1863/790 1569/1864/790 1568/1865/790
f 1570/1866/791 1572/1867/792 1571/1868/792
f 1572/1867/792 1573/1869/792 1571/1868/792
f 1573/1869/792 1574/1870/791 1571/1868/792
f 1574/1870/791 1575/1871/791 1571/1868/792
f 1575/1871/791 1570/1866/791 1571/1868/792
f 1576/1872/793 1578/1873/793 1577/1874/793
f 1579/1875/794 1581/1876/795 1580/1877/796
f 1581/1876/795 1582/1878/797 1580/1877/796
f 1582/1878/797 1583/1879/798 1580/1877/796
f 1583/1879/798 1584/1880/799 1580/1877/796
f 1584/1880/799 1579/1875/794 1580/1877/796
f 1585/1881/800 1587/1882/800 1586/1883/800
f 1588/1884/801 1590/1885/802 1589/1886/802
f 1589/1886/802 1591/1887/801 1588/1884/801
f 1592/1888/803 1588/1884/801 1591/1887/801
f 1591/1887/801 1593/1889/803 1592/1888/803
f 1594/1890/804 1592/1888/803 1593/1889/803
f 1593/1889/803 1595/1891/805 1594/1890/804
f 1596/1892/806 1594/1890/804 1595/1891/805
f 1595/1891/805 1597/1893/807 1596/1892/806
f 1598/1894/808 1596/1892/806 1597/1893/807
f 1597/1893/807 1599/1895/808 1598/1894/808
f 1600/1896/809 1602/1897/810 1601/1898/809
f 1602/1897/810 1603/1899/809 1601/1898/809
f 1603/1899/809 1604/1900/809 1601/1898/809
f 1604/1900/809 1605/1901/809 1601/1898/809
f 1605/1901/809 1600/1896/809 1601/1898/809
f 1606/1902/811 1608/1903/811 1607/1904/811
f 1609/1905/812 1611/1906/812 1610/1907/812
f 1609/1905/812 1610/1907/812 1612/1908/812
f 1613/1909/812 1609/1905/812 1612/1908/812
f 1613/1909/812 1612/1908/812 1614/1910/812
f 1613/1909/812 1614/1910/812 1615/1911/812
f 1610/1907/812 1616/1912/812 1612/1908/812
f 1612/1908/812 1617/1913/812 1614/1910/812
f 1618/1914/812 1619/1915/812 1609/1905/812
f 1613/1909/812 1618/1914/812 1609/1905/812
f 1613/1909/812 1620/1916/812 1618/1914/812
f 1621/1917/813 1623/1918/814 1622/1919/815
f 1621/1917/813 1622/1919/815 1624/1920/816
f 1621/1917/813 1624/1920/816 1625/1921/817
f 1626/1922/818 1628/1923/818 1627/1924/818
f 1629/1925/819 1631/1926/819 1630/1927/819
f 1632/1928/820 1634/1929/820 1633/1930/820
f 1635/1931/821 1637/1932/821 1636/1933/821
f 1638/1934/822 1640/1935/822 1639/1936/822
f 1641/1937/823 1643/1938/823 1642/1939/823
f 1642/1939/823 1644/1940/824 1641/1937/823
f 1645/1941/825 1641/1937/823 1644/1940/824
f 1644/1940/824 1646/1942/826 1645/1941/825
f 1647/1943/827 1649/1944/827 1648/1945/827
f 1650/1946/828 1652/1947/828 1651/1948/828
f 1653/1949/829 1655/1950/829 1654/1951/829
f 1656/1952/830 1658/1953/830 1657/1954/830
f 1659/1955/831 1661/1956/831 1660/1957/831
f 1662/1958/832 1664/1959/832 1663/1960/832
f 1665/1961/833 1667/1962/833 1666/1963/833
f 1668/1964/834 1670/1965/834 1669/1966/834
f 1671/1967/835 1673/1968/835 1672/1969/835
f 1674/1970/836 1676/1971/836 1675/1972/836
f 1677/1973/837 1679/1974/837 1678/1975/837
f 1680/1976/838 1682/1977/838 1681/1978/838
f 1683/1979/839 1685/1980/839 1684/1981/839
f 1686/1982/840 1688/1983/840 1687/1984/840
f 1689/1985/841 1691/1986/841 1690/1987/841
f 1692/1988/842 1694/1989/842 1693/1990/842
f 1695/1991/843 1697/1992/843 1696/1993/843
f 1698/1994/844 1700/1995/844 1699/1996/844
f 1701/1997/845 1703/1998/845 1702/1999/845
f 1704/2000/846 1706/2001/846 1705/2002/846
f 1707/2003/847 1709/2004/847 1708/2005/847
f 1710/2006/848 1712/2007/848 1711/2008/848
f 1713/2009/849 1715/2010/849 1714/2011/849
f 1716/2012/850 1718/2013/850 1717/2014/850
f 1719/2015/851 1721/2016/851 1720/2017/851
f 1722/2018/852 1724/2019/852 1723/2020/852
f 1725/2021/853 1727/2022/853 1726/2023/853
f 1728/2024/854 1730/2025/854 1729/2026/854
f 1731/2027/855 1733/2028/855 1732/2029/855
f 1734/2030/856 1736/2031/856 1735/2032/856
f 1737/2033/857 1739/2034/857 1738/2035/857
f 1740/2036/858 1742/2037/858 1741/2038/858
f 1743/2039/859 1745/2040/859 1744/2041/859
f 1746/2042/860 1748/2043/860 1747/2044/860
f 1749/2045/861 1751/2046/861 1750/2047/861
f 1752/2048/861 1754/2049/861 1753/2050/861
f 1755/2051/744 1757/2052/862 1756/2053/744
f 1758/2054/862 1759/2055/862 1757/2052/862
f 1755/2051/744 1758/2054/862 1757/2052/862
f 1755/2051/744 1760/2056/862 1758/2054/862
f 1760/2056/862 1761/2057/744 1758/2054/862
f 1762/2058/863 1764/2059/863 1763/2060/863
f 1765/2061/863 1766/2062/775 1764/2059/863
f 1762/2058/863 1765/2061/863 1764/2059/863
f 1762/2058/863 1767/2063/863 1765/2061/863
f 1767/2063/863 1768/2064/775 1765/2061/863
f 1769/2065/775 1771/2066/775 1770/2067/775
f 1772/2068/775 1774/2069/775 1773/2070/775
f 1775/2071/863 1777/2072/863 1776/2073/863
f 1778/2074/864 1780/2075/864 1779/2076/864
f 1779/2076/864 1782/2077/864 1781/2078/864
f 1783/2079/865 1785/2080/865 1784/2081/865
f 1786/2082/865 1788/2083/865 1787/2084/865
f 1789/2085/866 1791/2086/866 1790/2087/866
f 1792/2088/867 1794/2089/867 1793/2090/867
f 1795/2091/868 1797/2092/868 1796/2093/868
f 1798/2094/869 1800/2095/869 1799/2096/869
f 1801/2097/870 1803/2098/870 1802/2099/870
f 1804/2100/870 1806/2101/870 1805/2102/870
f 1807/2103/871 1809/2104/871 1808/2105/871
f 1810/2106/872 1812/2107/872 1811/2108/872
f 1813/2109/873 1815/2110/873 1814/2111/873
f 1816/2112/874 1818/2113/874 1817/2114/874
f 1819/2115/875 1821/2116/875 1820/2117/875
f 1822/2118/876 1824/2119/876 1823/2120/876
f 1825/2121/877 1827/2122/877 1826/2123/877
f 1828/2124/878 1830/2125/878 1829/2126/878
f 1831/2127/879 1833/2128/879 1832/2129/879
f 1834/2130/742 1836/2131/742 1835/2132/742
f 1837/2133/880 1839/2134/880 1838/2135/880
f 1840/2136/742 1842/2137/742 1841/2138/742
f 1843/2139/863 1845/2140/863 1844/2141/863
f 1846/2142/881 1848/2143/881 1847/2144/881
f 1849/2145/863 1851/2146/863 1850/2147/863
f 1852/2148/882 1854/2149/882 1853/2150/882
f 1855/2151/883 1857/2152/883 1856/2153/883
f 1858/2154/883 1860/2155/883 1859/2156/883
f 1861/2157/711 1863/2158/711 1862/2159/712
f 1862/2159/712 1864/2160/712 1861/2157/711
f 1864/2160/712 1862/2159/712 1865/2161/713
f 1865/2161/713 1866/2162/713 1864/2160/712
f 1866/2162/713 1865/2161/713 1867/2163/714
f 1867/2163/714 1868/2164/714 1866/2162/713
f 1868/2164/714 1867/2163/714 1869/2165/715
f 1869/2165/715 1870/2166/715 1868/2164/714
f 1870/2166/715 1869/2165/715 1871/2167/716
f 1871/2167/716 1872/2168/716 1870/2166/715
f 1872/2168/716 1871/2167/716 1873/2169/717
f 1873/2169/717 1874/2170/717 1872/2168/716
f 1875/2171/718 1877/2172/718 1876/2173/718
f 1876/2173/718 1878/2174/719 1875/2171/718
f 1879/2175/720 1881/2176/884 1880/2177/720
f 1880/2177/720 1882/2178/721 1879/2175/720
f 1883/2179/722 1885/2180/722 1884/2181/722
f 1884/2181/722 1886/2182/722 1883/2179/722
f 1887/2183/723 1889/2184/885 1888/2185/725
f 1888/2185/725 1890/2186/726 1887/2183/723
f 1891/2187/727 1893/2188/728 1892/2189/728
f 1891/2187/727 1892/2189/728 1894/2190/886
f 1895/2191/730 1891/2187/727 1894/2190/886
f 1895/2191/730 1896/2192/731 1891/2187/727
f 1897/2193/732 1899/2194/733 1898/2195/732
f 1898/2195/732 1900/2196/732 1897/2193/732
f 1901/2197/734 1903/2198/735 1902/2199/735
f 1902/2199/735 1904/2200/887 1901/2197/734
f 1905/2201/888 1901/2197/734 1904/2200/887
f 1904/2200/887 1906/2202/738 1905/2201/888
f 1905/2201/888 1906/2202/738 1907/2203/739
f 1907/2203/739 1908/2204/740 1905/2201/888
f 1908/2204/740 1907/2203/739 1899/2194/889
f 1909/2205/742 1911/2206/742 1910/2207/742
f 1910/2207/742 1912/2208/742 1909/2205/742
f 1913/2209/744 1915/2210/744 1914/2211/744
f 1914/2211/744 1916/2212/744 1913/2209/744
f 1917/2213/745 1919/2214/745 1918/2215/745
f 1920/2216/746 1917/2213/745 1918/2215/745
f 1921/2217/746 1920/2216/746 1918/2215/745
f 1922/2218/747 1924/2219/748 1923/2220/749
f 1923/2220/749 1925/2221/750 1922/2218/747
f 1926/2222/751 1928/2223/752 1927/2224/752
f 1927/2224/752 1929/2225/751 1926/2222/751
f 1930/2226/754 1932/2227/755 1931/2228/756
f 1931/2228/756 1933/2229/757 1930/2226/754
f 1934/2230/758 1933/2229/757 1931/2228/756
f 1935/2231/759 1937/2232/759 1936/2233/759
f 1938/2234/759 1935/2231/759 1936/2233/759
f 1938/2234/759 1939/2235/759 1935/2231/759
f 1936/2233/759 1941/2236/759 1940/2237/759
f 1942/2238/759 1936/2233/759 1940/2237/759
f 1942/2238/759 1938/2234/759 1936/2233/759
f 1942/2238/759 1943/2239/759 1938/2234/759
f 1943/2239/759 1944/2240/759 1938/2234/759
f 1942/2238/759 1940/2237/759 1945/2241/759
f 1942/2238/759 1946/2242/759 1943/2239/759
f 1947/2243/760 1949/2244/890 1948/2245/762
f 1949/2244/890 1950/2246/763 1948/2245/762
f 1950/2246/763 1951/2247/764 1948/2245/762
f 1951/2247/764 1952/2248/765 1948/2245/762
f 1952/2248/765 1947/2243/760 1948/2245/762
f 1953/2249/766 1955/2250/766 1954/2251/766
f 1956/2252/767 1958/2253/891 1957/2254/769
f 1959/2255/770 1956/2252/767 1957/2254/769
f 1960/2256/771 1959/2255/770 1957/2254/769
f 1960/2256/771 1957/2254/769 1961/2257/772
f 1962/2258/773 1960/2256/771 1961/2257/772
f 1961/2257/772 1963/2259/774 1962/2258/773
f 1962/2258/773 1963/2259/774 1964/2260/775
f 1964/2260/775 1965/2261/776 1962/2258/773
f 1962/2258/773 1965/2261/776 1966/2262/777
f 1966/2262/777 1967/2263/778 1962/2258/773
f 1968/2264/779 1970/2265/780 1969/2266/780
f 1969/2266/780 1971/2267/779 1968/2264/779
f 1972/2268/781 1968/2264/779 1971/2267/779
f 1971/2267/779 1973/2269/781 1972/2268/781
f 1974/2270/782 1972/2268/781 1973/2269/781
f 1973/2269/781 1975/2271/783 1974/2270/782
f 1976/2272/784 1974/2270/782 1975/2271/783
f 1975/2271/783 1977/2273/784 1976/2272/784
f 1978/2274/785 1976/2272/784 1977/2273/784
f 1977/2273/784 1979/2275/785 1978/2274/785
f 1980/2276/892 1982/2277/892 1981/2278/892
f 1983/2279/893 1985/2280/893 1984/2281/893
f 1986/2282/788 1988/2283/788 1987/2284/788
f 1989/2285/894 1991/2286/894 1990/2287/894
f 1992/2288/790 1994/2289/790 1993/2290/790
f 1995/2291/791 1997/2292/792 1996/2293/791
f 1997/2292/792 1998/2294/792 1996/2293/791
f 1998/2294/792 1999/2295/791 1996/2293/791
f 1999/2295/791 2000/2296/791 1996/2293/791
f 2000/2296/791 1995/2291/791 1996/2293/791
f 2001/2297/895 2003/2298/895 2002/2299/895
f 2004/2300/794 2006/2301/795 2005/2302/896
f 2006/2301/795 2007/2303/797 2005/2302/896
f 2007/2303/797 2008/2304/798 2005/2302/896
f 2008/2304/798 2009/2305/799 2005/2302/896
f 2009/2305/799 2004/2300/794 2005/2302/896
f 2010/2306/800 2012/2307/800 2011/2308/800
f 2013/2309/897 2015/2310/802 2014/2311/802
f 2014/2311/802 2016/2312/801 2013/2309/897
f 2017/2313/803 2013/2309/897 2016/2312/801
f 2016/2312/801 2018/2314/803 2017/2313/803
f 2019/2315/804 2017/2313/803 2018/2314/803
f 2018/2314/803 2020/2316/805 2019/2315/804
f 2021/2317/807 2019/2315/804 2020/2316/805
f 2020/2316/805 2022/2318/807 2021/2317/807
f 2023/2319/898 2021/2317/807 2022/2318/807
f 2022/2318/807 2024/2320/898 2023/2319/898
f 2025/2321/810 2027/2322/810 2026/2323/809
f 2027/2322/810 2028/2324/809 2026/2323/809
f 2028/2324/809 2029/2325/809 2026/2323/809
f 2029/2325/809 2030/2326/809 2026/2323/809
f 2030/2326/809 2025/2321/810 2026/2323/809
f 2031/2327/811 2033/2328/811 2032/2329/811
f 2034/2330/812 2036/2331/812 2035/2332/812
f 2034/2330/812 2035/2332/812 2037/2333/812
f 2038/2334/812 2034/2330/812 2037/2333/812
f 2038/2334/812 2037/2333/812 2039/2335/812
f 2038/2334/812 2039/2335/812 2040/2336/812
f 2035/2332/812 2041/2337/812 2037/2333/812
f 2037/2333/812 2042/2338/812 2039/2335/812
f 2043/2339/812 2044/2340/812 2034/2330/812
f 2038/2334/812 2043/2339/812 2034/2330/812
f 2038/2334/812 2045/2341/812 2043/2339/812
f 2046/2342/813 2048/2343/814 2047/2344/815
f 2046/2342/813 2047/2344/815 2049/2345/899
f 2046/2342/813 2049/2345/899 2050/2346/817
f 2051/2347/818 2053/2348/818 2052/2349/818
f 2054/2350/900 2056/2351/900 2055/2352/900
f 2057/2353/820 2059/2354/820 2058/2355/820
f 2060/2356/821 2062/2357/821 2061/2358/821
f 2063/2359/822 2065/2360/822 2064/2361/822
f 2066/2362/823 2068/2363/823 2067/2364/823
f 2067/2364/823 2069/2365/824 2066/2362/823
f 2070/2366/825 2066/2362/823 2069/2365/824
f 2069/2365/824 2071/2367/826 2070/2366/825
f 2072/2368/827 2074/2369/827 2073/2370/827
f 2075/2371/901 2077/2372/901 2076/2373/901
f 2078/2374/829 2080/2375/829 2079/2376/829
f 2081/2377/902 2083/2378/902 2082/2379/902
f 2084/2380/831 2086/2381/831 2085/2382/831
f 2087/2383/832 2089/2384/832 2088/2385/832
f 2090/2386/833 2092/2387/833 2091/2388/833
f 2093/2389/903 2095/2390/903 2094/2391/903
f 2096/2392/835 2098/2393/835 2097/2394/835
f 2099/2395/836 2101/2396/836 2100/2397/836
f 2102/2398/837 2104/2399/837 2103/2400/837
f 2105/2401/838 2107/2402/838 2106/2403/838
f 2108/2404/839 2110/2405/839 2109/2406/839
f 2111/2407/840 2113/2408/840 2112/2409/840
f 2114/2410/904 2116/2411/904 2115/2412/904
f 2117/2413/905 2119/2414/905 2118/2415/905
f 2120/2416/906 2122/2417/906 2121/2418/906
f 2123/2419/844 2125/2420/844 2124/2421/844
f 2126/2422/907 2128/2423/907 2127/2424/907
f 2129/2425/846 2131/2426/846 2130/2427/846
f 2132/2428/847 2134/2429/847 2133/2430/847
f 2135/2431/848 2137/2432/848 2136/2433/848
f 2138/2434/849 2140/2435/849 2139/2436/849
f 2141/2437/850 2143/2438/850 2142/2439/850
f 2144/2440/851 2146/2441/851 2145/2442/851
f 2147/2443/852 2149/2444/852 2148/2445/852
f 2150/2446/853 2152/2447/853 2151/2448/853
f 2153/2449/854 2155/2450/854 2154/2451/854
f 2156/2452/855 2158/2453/855 2157/2454/855
f 2159/2455/856 2161/2456/856 2160/2457/856
f 2162/2458/908 2164/2459/908 2163/2460/908
f 2165/2461/858 2167/2462/858 2166/2463/858
f 2168/2464/859 2170/2465/859 2169/2466/859
f 2171/2467/860 2173/2468/860 2172/2469/860
f 2174/2470/861 2176/2471/861 2175/2472/861
f 2177/2473/861 2179/2474/861 2178/2475/861
f 2180/2476/744 2182/2477/862 2181/2478/744
f 2183/2479/862 2184/2480/862 2182/2477/862
f 2180/2476/744 2183/2479/862 2182/2477/862
f 2180/2476/744 2185/2481/744 2183/2479/862
f 2185/2481/744 2186/2482/744 2183/2479/862
f 2187/2483/863 2189/2484/863 2188/2485/863
f 2190/2486/863 2191/2487/863 2189/2484/863
f 2187/2483/863 2190/2486/863 2189/2484/863
f 2187/2483/863 2192/2488/863 2190/2486/863
f 2192/2488/863 2193/2489/863 2190/2486/863
f 2194/2490/775 2196/2491/775 2195/2492/775
f 2197/2493/775 2199/2494/775 2198/2495/775
f 2200/2496/863 2202/2497/863 2201/2498/863
f 2203/2499/864 2205/2500/864 2204/2501/864
f 2204/2501/864 2207/2502/864 2206/2503/864
f 2208/2504/909 2210/2505/909 2209/2506/909
f 2211/2507/910 2213/2508/910 2212/2509/910
f 2214/2510/911 2216/2511/911 2215/2512/911
f 2217/2513/867 2219/2514/867 2218/2515/867
f 2220/2516/868 2222/2517/868 2221/2518/868
f 2223/2519/912 2225/2520/912 2224/2521/912
f 2226/2522/870 2228/2523/870 2227/2524/870
f 2229/2525/870 2231/2526/870 2230/2527/870
f 2232/2528/871 2234/2529/871 2233/2530/871
f 2235/2531/872 2237/2532/872 2236/2533/872
f 2238/2534/913 2240/2535/914 2239/2536/913
f 2241/2537/915 2243/2538/915 2242/2539/915
f 2244/2540/875 2246/2541/875 2245/2542/875
f 2247/2543/876 2249/2544/876 2248/2545/876
f 2250/2546/877 2252/2547/877 2251/2548/877
f 2253/2549/742 2255/2550/742 2254/2551/742
f 2256/2552/916 2258/2553/916 2257/2554/916
f 2259/2555/742 2261/2556/742 2260/2557/742
f 2262/2558/880 2264/2559/880 2263/2560/880
f 2265/2561/742 2267/2562/742 2266/2563/742
f 2268/2564/863 2270/2565/863 2269/2566/863
f 2271/2567/881 2273/2568/881 2272/2569/881
f 2274/2570/863 2276/2571/863 2275/2572/863
f 2277/2573/882 2279/2574/882 2278/2575/882
f 2280/2576/883 2282/2577/883 2281/2578/883
f 2283/2579/883 2285/2580/883 2284/2581/883
o New_Head_4_ork_nob_new_2.001_ork_nob_body1_model0.002
v -0.015196 0.986295 0.506695
v 0.005232 1.043792 0.472293
v -0.014600 1.039621 0.479234
v -0.059721 1.131527 0.448026
v -0.075482 1.132030 0.436322
v -0.068126 1.136632 0.450293
v -0.059704 1.136793 0.454890
v -0.046366 1.129305 0.457585
v -0.095990 1.114369 0.441240
v -0.091640 1.130944 0.409945
v -0.086512 1.066583 0.417773
v -0.092985 1.102992 0.437277
v -0.072467 1.093987 0.452733
v -0.074773 1.113289 0.463239
v -0.066494 1.125283 0.447118
v -0.057268 1.124766 0.453608
v -0.039960 1.122147 0.463403
v -0.051770 1.111328 0.469946
v -0.053576 1.098291 0.470441
v -0.042331 1.111322 0.476009
v -0.042428 1.095604 0.479444
v -0.103592 1.044453 0.375668
v -0.112366 0.988250 0.409813
v -0.113423 1.001309 0.393654
v -0.101541 1.039782 0.401316
v -0.091499 1.077065 0.395571
v -0.105287 1.107809 0.405081
v -0.100083 1.124939 0.407657
v -0.091680 1.147189 0.393500
v -0.078913 1.175961 0.407898
v -0.087292 1.160689 0.358909
v -0.077346 1.186823 0.362552
v -0.091167 1.165799 0.330329
v -0.069473 1.190868 0.326345
v -0.076470 1.178846 0.304741
v -0.057432 1.187946 0.294466
v -0.084373 1.149505 0.289864
v -0.090210 1.091288 0.369533
v -0.070898 1.194330 0.273449
v -0.093480 1.164973 0.275983
v -0.099296 1.123719 0.284088
v -0.098668 1.110904 0.374179
v -0.092545 1.108339 0.347498
v -0.098152 1.054910 0.339795
v -0.112719 1.018127 0.325625
v -0.117297 1.007228 0.364072
v -0.129293 0.986828 0.361595
v -0.121315 0.977751 0.390772
v -0.094527 1.054527 0.312108
v -0.094753 1.147385 0.354805
v -0.100509 1.134860 0.381621
v -0.104718 1.021689 0.294999
v -0.099679 0.958802 0.295642
v -0.096576 1.017118 0.288017
v -0.083476 1.057498 0.287901
v -0.095495 1.068207 0.319413
v -0.092861 1.090551 0.332293
v -0.075588 1.117646 0.312263
v -0.088215 1.144889 0.323735
v -0.103724 1.158796 0.329924
v -0.111630 0.977194 0.294782
v -0.120712 0.961511 0.309985
v -0.100803 0.932579 0.312031
v -0.086151 1.071859 0.294813
v -0.098167 1.090479 0.292839
v -0.120013 0.991140 0.317531
v -0.120761 1.134038 0.285991
v -0.106020 1.066871 0.279732
v -0.109001 1.028283 0.286138
v -0.095729 0.956905 0.284553
v -0.051224 0.917733 0.294689
v -0.110546 0.920225 0.356396
v -0.126871 0.951243 0.359421
v -0.129546 0.960102 0.385998
v -0.118958 0.968828 0.421254
v -0.057625 0.919897 0.278405
v -0.077159 0.910420 0.365154
v -0.110596 0.921376 0.392554
v -0.128411 0.928420 0.390514
v -0.128931 0.931613 0.420650
v -0.120205 0.958981 0.468026
v -0.120120 0.923213 0.456232
v -0.110464 0.932039 0.521101
v -0.124776 0.924149 0.422617
v -0.127361 0.975608 0.436571
v -0.127255 0.975401 0.466413
v -0.115691 0.969441 0.513641
v -0.088581 0.954523 0.541521
v -0.088563 0.931163 0.557038
v -0.084601 0.916241 0.546793
v -0.116912 0.918723 0.513526
v -0.121445 0.921557 0.451751
v -0.107995 0.909016 0.426987
v -0.083041 0.902452 0.393158
v -0.052132 0.896839 0.394291
v -0.047276 0.896143 0.351794
v -0.082894 0.902130 0.524813
v -0.107267 0.906949 0.512105
v -0.048285 0.901557 0.526400
v -0.050764 0.912803 0.547862
v -0.052620 0.924641 0.565870
v -0.048166 0.952377 0.554286
v -0.015175 0.924398 0.569057
v -0.018283 0.910126 0.557654
v -0.006089 0.946918 0.555030
v -0.045533 0.988629 0.558610
v -0.094289 0.990360 0.545842
v -0.125861 0.982497 0.517115
v -0.119889 0.995148 0.466267
v -0.119812 0.992059 0.450033
v -0.119792 0.988321 0.421676
v -0.109016 1.016420 0.417041
v -0.085494 1.036481 0.429170
v 0.004244 0.981276 0.561979
v -0.114095 1.003466 0.439028
v -0.102588 0.995427 0.457761
v -0.097089 1.006765 0.445896
v -0.108585 1.023791 0.434307
v -0.087653 1.026516 0.442335
v -0.083139 1.040079 0.463708
v -0.078262 1.071751 0.456164
v -0.068272 1.035605 0.483614
v -0.064661 1.066141 0.476413
v -0.057313 1.033564 0.502155
v -0.050914 1.026695 0.492931
v -0.063667 1.028511 0.477919
v -0.074641 1.033874 0.458584
v -0.076808 1.020944 0.441744
v -0.091799 1.027018 0.440314
v -0.025330 1.036529 0.514277
v -0.023974 1.029039 0.507126
v -0.049871 1.065550 0.494100
v -0.042849 1.088132 0.486965
v -0.025640 1.064770 0.504671
v -0.025676 1.087118 0.495474
v 0.005659 1.035712 0.498961
v -0.025968 1.091735 0.495732
v -0.007110 1.090121 0.491654
v 0.000260 1.068339 0.500679
v 0.008681 1.043105 0.509422
v 0.023611 1.049938 0.493945
v 0.021428 1.042466 0.487359
v 0.043681 1.054966 0.475367
v 0.018946 1.070793 0.487385
v 0.038606 1.078164 0.468413
v 0.030235 1.097630 0.465925
v 0.006333 1.101624 0.478303
v 0.054904 1.140107 0.429276
v 0.054554 1.118654 0.460434
v 0.032462 1.138037 0.450488
v 0.027736 1.116310 0.476321
v 0.003803 1.113145 0.477063
v -0.007319 1.113271 0.480604
v -0.006394 1.097609 0.484173
v 0.065472 1.131335 0.428996
v 0.021791 1.130196 0.458703
v 0.011320 1.128583 0.462609
v 0.014536 1.134686 0.457570
v 0.021304 1.141608 0.462029
v 0.012018 1.140784 0.464301
v -0.000666 1.131848 0.463582
v -0.007534 1.123952 0.467659
v 0.057378 1.155483 0.413061
v 0.070256 1.144362 0.404031
v 0.071517 1.113732 0.426743
v 0.052342 1.106502 0.454717
v 0.058459 1.070883 0.431822
v 0.056111 1.044670 0.442107
v 0.054242 1.038050 0.451900
v 0.070269 1.005520 0.437848
v 0.061919 1.008580 0.454783
v 0.060987 0.987594 0.462523
v 0.069112 0.971400 0.447399
v 0.065933 0.972307 0.433799
v 0.068617 1.025196 0.421860
v 0.080072 1.029413 0.398298
v 0.073841 0.984490 0.420342
v 0.066497 1.081688 0.415394
v 0.037213 1.048257 0.468205
v 0.044027 1.032291 0.448328
v 0.045511 1.014082 0.453921
v 0.044114 0.993231 0.462411
v 0.042417 0.982505 0.477529
v 0.060311 0.975898 0.475552
v 0.068673 0.957980 0.464696
v 0.064482 0.952363 0.447317
v 0.077912 0.959830 0.419421
v 0.087273 0.988911 0.395030
v 0.098600 1.003957 0.359063
v 0.094519 0.966194 0.398247
v 0.058461 0.958021 0.494303
v 0.055160 0.978753 0.492409
v 0.048457 0.943175 0.493123
v 0.105623 0.968814 0.327796
v 0.103469 1.016432 0.326026
v 0.105378 0.977734 0.352820
v 0.106167 0.949733 0.345128
v 0.082290 0.965627 0.280511
v 0.100356 1.022886 0.298225
v 0.074178 1.067513 0.294967
v 0.093182 1.045959 0.252403
v 0.080075 1.081682 0.259786
v 0.100893 1.055134 0.218194
v 0.100808 1.097214 0.222095
v 0.086515 1.151891 0.253556
v 0.108477 1.183885 0.220421
v 0.064979 1.176732 0.268219
v 0.067321 1.211967 0.227348
v 0.021194 1.201776 0.262249
v 0.020991 1.231352 0.227422
v -0.021526 1.211564 0.272214
v -0.039178 1.239021 0.239721
v 0.089706 0.960625 0.218845
v 0.086916 0.925338 0.340559
v -0.050072 1.249507 0.207826
v 0.011313 1.250154 0.186933
v 0.056176 1.237984 0.177706
v 0.117113 1.196063 0.184858
v 0.142947 1.147424 0.207812
v 0.134630 1.047864 0.205483
v 0.117608 0.970758 0.210582
v 0.066557 0.900720 0.209499
v 0.052874 0.928912 0.225758
v 0.031675 0.898389 0.226297
v 0.031133 0.897920 0.260940
v -0.005421 0.892263 0.237133
v -0.002783 0.884784 0.267198
v -0.005715 0.879698 0.225284
v 0.050499 0.925707 0.284447
v 0.049171 0.926447 0.258738
v 0.080383 0.970271 0.250361
v 0.071158 0.906124 0.385570
v 0.086612 0.931562 0.394383
v 0.082537 0.940806 0.420129
v 0.065665 0.913673 0.452517
v 0.059843 0.907128 0.452852
v 0.044704 0.908018 0.483225
v 0.074146 0.909746 0.423685
v 0.055648 0.906049 0.419779
v 0.034880 0.901985 0.380276
v 0.030648 0.955950 0.537607
v 0.041350 0.967082 0.544499
v 0.016757 0.920311 0.541935
v 0.022789 0.905844 0.536405
v 0.047061 0.906022 0.479346
v 0.040129 0.895360 0.451244
v 0.032261 0.897323 0.408912
v 0.001339 0.892813 0.401508
v 0.020093 0.893713 0.355287
v 0.025010 0.889843 0.306686
v -0.000188 0.888873 0.300287
v -0.013699 0.887966 0.346702
v -0.023698 0.892958 0.383817
v -0.007405 0.889939 0.436229
v 0.026138 0.893907 0.447638
v 0.028965 0.895709 0.478754
v 0.012155 0.895939 0.531662
v -0.015434 0.895910 0.535861
v 0.016692 0.897838 0.479625
v -0.015581 0.896447 0.519701
v -0.045502 0.899497 0.508248
v 0.003889 0.895461 0.514299
v -0.014899 0.901572 0.486304
v -0.041135 0.903319 0.483732
v -0.033405 0.883858 0.425574
v 0.129831 1.210908 0.306101
v 0.140970 1.200560 0.302045
v 0.137070 1.205050 0.312205
v 0.134586 1.204996 0.295332
v 0.102941 1.117460 0.313506
v 0.095684 1.101265 0.318278
v 0.094798 1.103176 0.324478
v 0.099394 1.115357 0.307735
v 0.095927 1.081812 0.318705
v 0.085671 1.081420 0.317362
v 0.101366 1.083599 0.326806
v 0.088713 1.078457 0.343586
v 0.080434 1.100193 0.355035
v 0.066045 1.125526 0.330850
v 0.110113 1.142527 0.307128
v 0.107763 1.142620 0.300260
v 0.103908 1.165143 0.300572
v 0.110433 1.164192 0.312170
v 0.104547 1.179138 0.335583
v 0.096487 1.186478 0.332015
v 0.095793 1.183676 0.301712
v 0.062153 1.186559 0.322933
v 0.071105 1.174828 0.351623
v 0.084030 1.169243 0.354563
v 0.072248 1.153816 0.344792
v 0.062556 1.158895 0.295839
v 0.086140 1.135067 0.297139
v -0.034941 1.121434 0.480691
v -0.027163 1.124828 0.490811
v -0.026489 1.120957 0.487315
v -0.038202 1.115942 0.484451
v -0.038857 1.105991 0.492528
v -0.035664 1.123219 0.482601
v -0.028047 1.138971 0.491555
v -0.037903 1.133826 0.484955
v 0.037072 1.172864 0.438925
v 0.022239 1.186655 0.435428
v 0.038277 1.182482 0.423277
v 0.019516 1.175762 0.450308
v 0.000010 1.187984 0.443006
v 0.000214 1.172711 0.458816
v 0.016587 1.166169 0.459080
v -0.000405 1.164060 0.466514
v 0.032972 1.162720 0.474082
v 0.006909 1.152755 0.492468
v -0.010419 1.139311 0.493242
v 0.042365 1.163980 0.453614
v -0.023752 1.181453 0.440814
v -0.025266 1.165852 0.458961
v -0.025771 1.155991 0.466988
v -0.016389 1.136112 0.487891
v -0.016470 1.124688 0.485159
v -0.005943 1.120398 0.490868
v 0.008840 1.135087 0.490958
v 0.036208 1.140088 0.474577
v 0.047065 1.141373 0.456022
v 0.060591 1.168918 0.378315
v 0.091156 1.058335 0.337911
v 0.087558 1.061177 0.365061
v 0.074278 1.117622 0.369391
v 0.070261 1.156568 0.376459
v 0.047252 1.193756 0.378904
v 0.029948 1.206452 0.379801
v 0.008760 1.210016 0.377617
v 0.068228 1.100104 0.390326
v 0.073015 1.120456 0.396709
v 0.029545 1.194440 0.290565
v -0.014308 1.200946 0.299697
v 0.022857 1.208517 0.328823
v -0.010188 1.207039 0.327139
v -0.016130 1.204589 0.372920
v 0.048565 1.197435 0.341836
v -0.105673 1.105852 0.286130
v -0.099118 1.092387 0.299030
v -0.100552 1.104231 0.281496
v -0.096388 1.071112 0.293467
v -0.103888 1.072178 0.299870
v -0.113651 1.130076 0.277763
v -0.109638 1.130524 0.271731
v -0.108475 1.153327 0.272701
v -0.117619 1.151503 0.282243
v -0.140930 1.189666 0.259177
v -0.148302 1.184466 0.264085
v -0.119620 1.166665 0.306166
v -0.147660 1.189207 0.274840
v -0.139779 1.195907 0.270720
v -0.111764 1.174890 0.304686
v -0.102998 1.172617 0.275625
v 0.005189 1.043069 0.517270
v -0.028639 0.939881 0.534219
v -0.043440 0.941058 0.507800
v 0.018095 1.040905 0.537694
v 0.029517 1.098236 0.510836
v 0.033414 1.097191 0.517204
v 0.004619 0.932387 0.513678
v 0.028718 1.036231 0.500841
v 0.001867 0.931618 0.483134
v 0.042266 1.033974 0.522299
v 0.040761 1.095007 0.512075
v 0.036862 1.096060 0.505710
v -0.066706 0.906348 0.477820
v -0.077549 0.902159 0.509552
v -0.094158 0.904501 0.498243
v -0.094694 0.908107 0.461384
v -0.094077 0.904989 0.427951
v -0.059920 0.894779 0.427629
v -0.106233 0.908174 0.456614
v -0.072020 0.888057 0.209580
v -0.064092 0.916927 0.260373
v -0.041748 0.890966 0.247305
v -0.037652 0.893702 0.273608
v -0.041019 0.889747 0.308628
v -0.104555 0.940824 0.275586
v -0.131159 1.033727 0.248602
v -0.134066 1.076615 0.243185
v -0.159485 1.161261 0.208146
v -0.116624 1.195370 0.241795
v -0.085751 1.220843 0.254662
v -0.106692 1.239653 0.180535
v -0.116958 1.220748 0.189588
v -0.169938 1.169919 0.178135
v -0.194673 1.117886 0.193660
v -0.171698 1.020806 0.199527
v -0.146411 0.947260 0.214111
v -0.049966 1.204085 0.323423
v -0.062346 1.201317 0.367690
v -0.041829 1.207201 0.370979
v -0.067094 1.181684 0.423704
v -0.047845 1.185322 0.436726
v -0.067360 1.170443 0.438857
v -0.050443 1.169893 0.452169
v -0.080961 1.165540 0.423356
v -0.066249 1.159633 0.448008
v -0.050884 1.161251 0.459890
v -0.089315 1.152947 0.435957
v -0.085737 1.151832 0.458066
v -0.064034 1.146155 0.482884
v -0.045652 1.135229 0.488399
v -0.090816 1.128637 0.437427
v -0.085120 1.128332 0.458160
v -0.062573 1.128434 0.481318
v -0.046099 1.116451 0.485433
v -0.025982 0.936152 0.484609
v -0.047328 1.037526 0.406700
v -0.065839 1.023411 0.407005
v -0.058035 1.038298 0.432627
v 0.026884 1.043023 0.443772
v 0.040610 1.026517 0.419437
v 0.023358 1.041458 0.415976
v 0.027520 1.026337 0.393851
v -0.009692 1.030233 0.387225
v -0.011742 1.044643 0.407300
v -0.046446 1.024907 0.383554
v -0.052032 0.975702 0.395990
v -0.076423 0.992446 0.411048
v -0.085562 0.974020 0.420803
v -0.068767 0.977725 0.415426
v 0.025209 0.974563 0.407324
v 0.040840 0.988217 0.426484
v 0.040276 0.966310 0.440554
v 0.023431 0.970844 0.430168
v -0.018751 1.060106 0.454151
v -0.041368 1.028491 0.481013
v -0.013771 1.037826 0.476887
v -0.039455 1.036444 0.475706
v -0.019143 1.029654 0.482755
v -0.025010 0.991862 0.497294
v -0.019138 1.022663 0.502762
v -0.017927 1.037122 0.501854
v 0.037988 1.017197 0.468249
v 0.005044 1.048536 0.473854
v 0.017865 1.054316 0.486928
v -0.045504 1.035507 0.492360
v -0.040038 1.019679 0.498453
v -0.051434 1.016170 0.474503
v -0.035002 1.069132 0.474530
v -0.053324 1.059990 0.464978
v -0.040041 1.017540 0.483852
v -0.044549 0.997184 0.479410
v -0.047803 1.014148 0.491143
v -0.049376 1.042121 0.488562
v 0.033135 1.046090 0.472753
v -0.059206 1.011803 0.483340
v -0.059925 1.043004 0.479459
v 0.025302 1.046470 0.459611
v -0.017714 1.017958 0.508864
v -0.014312 1.039559 0.499199
v -0.028091 1.112534 0.503091
v -0.014321 1.107356 0.495747
v -0.026937 1.120175 0.491067
v -0.016721 1.122448 0.483082
v -0.013967 1.117283 0.487698
v -0.071678 1.011969 0.468612
v -0.048107 1.050095 0.455401
v -0.063282 1.035170 0.448248
v 0.032428 0.994017 0.517143
v -0.009155 0.960564 0.533285
v 0.020903 0.963259 0.522558
v -0.002667 1.002597 0.538235
v -0.043350 0.969833 0.534703
v -0.040673 1.000893 0.535843
v -0.076541 1.009408 0.526137
v -0.076415 0.966764 0.522270
v -0.104097 1.006603 0.494785
v -0.100549 0.974456 0.502668
v -0.075620 1.044039 0.450783
v -0.103744 0.970682 0.472270
v -0.069029 0.971841 0.433558
v -0.072976 0.954398 0.480948
v -0.102925 0.973324 0.447232
v -0.103424 0.994912 0.468420
v 0.017340 0.965395 0.447369
v 0.040454 0.960106 0.470712
v 0.039096 0.981516 0.489236
v 0.032825 0.958092 0.494634
v 0.004182 0.948640 0.493286
v -0.036264 0.955922 0.501293
v -0.061663 1.058928 0.465529
v 0.000184 0.978792 0.488589
v -0.035116 0.984988 0.492958
v -0.067732 0.985053 0.477467
v 0.011022 0.987859 0.447128
v 0.012399 0.971655 0.497379
v 0.019405 0.946050 0.525395
v 0.009144 0.943685 0.501506
v 0.022683 0.974229 0.521237
v 0.036252 1.012858 0.490229
v 0.041969 0.995083 0.485734
v 0.035089 0.938515 0.477264
v -0.058036 0.987883 0.507688
v -0.083102 0.959410 0.497739
v -0.059599 0.960283 0.513551
v -0.081115 0.994523 0.490278
v -0.086604 1.034370 0.494334
v -0.086228 1.056360 0.503240
v -0.071868 0.990734 0.525483
v -0.073354 0.964496 0.531057
v -0.092701 0.996705 0.505660
v -0.094610 0.962985 0.512824
v -0.092637 1.037368 0.501289
v -0.008564 0.996606 0.531421
v -0.028633 0.957785 0.509634
v -0.017696 0.956023 0.529728
v -0.021701 0.988588 0.510918
v -0.003489 1.027760 0.532864
v -0.004798 1.025348 0.540486
v -0.009713 1.044958 0.542463
v -0.042811 0.980004 0.530027
v -0.047409 0.959569 0.529175
v -0.036108 0.991614 0.512199
v -0.042985 0.961055 0.510924
v -0.052252 1.044569 0.527474
v -0.064752 1.043165 0.520737
v -0.056892 1.060107 0.516205
v -0.064764 0.999284 0.522069
v -0.037452 0.985240 0.530523
v -0.036250 0.959465 0.535651
v -0.062896 0.959212 0.530042
v -0.003215 1.016765 0.504153
v 0.003210 1.038335 0.493886
v -0.053373 0.981646 0.505031
v -0.052077 0.953853 0.510560
v -0.034669 0.985877 0.511453
v -0.033302 0.956553 0.517287
v -0.099031 0.978320 0.483576
v -0.080372 0.955836 0.470759
v -0.099895 0.955933 0.482822
v -0.079463 0.979415 0.471552
v -0.094123 1.034803 0.477140
v -0.015066 0.979565 0.404085
v 0.039414 0.992530 0.529158
v 0.000315 0.999503 0.552076
v -0.043342 1.000659 0.552010
v -0.084248 1.007300 0.538228
v -0.114673 1.006735 0.503924
v -0.063098 0.994692 0.434990
v -0.098641 1.024590 0.465835
v -0.098326 0.988118 0.447717
v -0.099476 0.958319 0.446714
v -0.024027 0.990022 0.445459
v -0.058924 1.124993 0.455933
v -0.059180 1.124681 0.456292
v -0.068467 1.125331 0.449906
v -0.068211 1.125643 0.449548
v -0.075437 1.132112 0.436012
v -0.046055 1.129377 0.457606
v -0.058300 1.122940 0.454916
v -0.067588 1.123587 0.448530
v -0.068787 1.136914 0.450631
v -0.059897 1.136928 0.455504
v -0.059662 1.136344 0.456067
v -0.068524 1.136283 0.451144
v -0.059775 1.134049 0.456347
v -0.068663 1.134060 0.451297
v -0.059431 1.134057 0.455561
v -0.068291 1.134058 0.450636
v 0.012039 1.129374 0.465058
v 0.022532 1.131100 0.461267
v 0.022719 1.130872 0.461715
v 0.012227 1.129146 0.465506
v 0.032490 1.138117 0.450176
v -0.000978 1.131884 0.463522
v 0.022744 1.128552 0.460613
v 0.012255 1.126804 0.464402
v 0.021840 1.141827 0.462550
v 0.021193 1.142051 0.462868
v 0.011459 1.140660 0.465347
v 0.012044 1.140993 0.465026
v 0.021887 1.138505 0.463147
v 0.011892 1.137027 0.466042
v 0.021553 1.138434 0.462445
v 0.011911 1.137010 0.465219
v -0.056430 1.118233 0.440731
v -0.059625 1.119213 0.447471
v -0.051296 1.120014 0.445934
v -0.062162 1.123968 0.452719
v -0.067111 1.123239 0.447101
v -0.050266 1.121164 0.437568
v -0.057957 1.121073 0.433934
v -0.063742 1.119868 0.440054
v -0.066778 1.129900 0.452383
v -0.047992 1.125331 0.450106
v -0.054666 1.123386 0.452981
v -0.050757 1.130791 0.454480
v -0.046237 1.127287 0.435873
v -0.045305 1.125336 0.443078
v -0.043940 1.133148 0.439995
v -0.059322 1.127133 0.429691
v -0.051966 1.126395 0.431078
v -0.055748 1.133711 0.428944
v -0.069165 1.125082 0.440102
v -0.065442 1.125099 0.433564
v -0.069862 1.131704 0.436601
v -0.059086 1.129990 0.456018
v -0.044972 1.131998 0.448361
v -0.048056 1.133802 0.432579
v -0.064077 1.132910 0.430481
v -0.070894 1.130554 0.444966
v -0.055512 1.136568 0.455271
v -0.062869 1.137306 0.453882
v -0.056878 1.142628 0.451027
v -0.045669 1.138619 0.444859
v -0.049392 1.138602 0.451397
v -0.051092 1.143833 0.444907
v -0.052672 1.139733 0.432242
v -0.047723 1.140462 0.437861
v -0.055209 1.144488 0.437491
v -0.066842 1.138370 0.434856
v -0.060168 1.140316 0.431981
v -0.063538 1.143687 0.439027
v -0.068597 1.136414 0.449089
v -0.069529 1.138364 0.441882
v -0.064569 1.142537 0.447394
v -0.058404 1.145468 0.444231
v 0.014537 1.122181 0.450044
v 0.008076 1.123318 0.453726
v 0.015764 1.123408 0.457364
v 0.016331 1.128336 0.463020
v 0.022608 1.128231 0.458874
v 0.009112 1.124468 0.445361
v 0.017441 1.125269 0.443828
v 0.021553 1.124614 0.451248
v 0.020202 1.134739 0.463798
v 0.003249 1.128183 0.456830
v 0.004184 1.133849 0.461690
v 0.009130 1.126935 0.461353
v 0.005012 1.130140 0.442599
v 0.001107 1.135654 0.445906
v 0.002476 1.127995 0.449349
v 0.019184 1.131501 0.439993
v 0.015226 1.137661 0.438258
v 0.011843 1.129946 0.439452
v 0.026179 1.130386 0.452614
v 0.027028 1.137094 0.449316
v 0.024285 1.130092 0.445340
v 0.011872 1.133939 0.465329
v 0.000071 1.134504 0.454272
v 0.006896 1.136860 0.439790
v 0.022916 1.137750 0.441897
v 0.025991 1.135945 0.457681
v 0.007915 1.140097 0.463594
v 0.009657 1.146330 0.459758
v 0.015256 1.141652 0.464135
v 0.000919 1.141212 0.450973
v 0.005545 1.146985 0.452340
v 0.002814 1.141507 0.458247
v 0.010768 1.143263 0.440567
v 0.011334 1.148191 0.446224
v 0.004491 1.143368 0.444712
v 0.023850 1.143416 0.446757
v 0.019024 1.148281 0.449862
v 0.017969 1.144663 0.442235
v 0.022087 1.141460 0.460989
v 0.017987 1.147131 0.458228
v 0.024622 1.143603 0.454239
v 0.012562 1.149418 0.453543
vt 0.816068 0.754854
vt 0.825143 0.776054
vt 0.829589 0.769920
vt 0.763682 0.892450
vt 0.765934 0.895106
vt 0.770325 0.891444
vt 0.761071 0.893960
vt 0.758560 0.887090
vt 0.769540 0.880062
vt 0.776108 0.892138
vt 0.775047 0.862926
vt 0.765037 0.872278
vt 0.770940 0.873308
vt 0.763893 0.879676
vt 0.766401 0.886544
vt 0.762466 0.885496
vt 0.756554 0.886532
vt 0.757801 0.880744
vt 0.758116 0.875034
vt 0.754659 0.881486
vt 0.754218 0.876370
vt 0.787131 0.850910
vt 0.786978 0.836704
vt 0.784462 0.830594
vt 0.781997 0.846272
vt 0.779805 0.867970
vt 0.778587 0.876086
vt 0.776644 0.887724
vt 0.780044 0.897030
vt 0.777692 0.909518
vt 0.786545 0.902722
vt 0.786298 0.913724
vt 0.793087 0.905520
vt 0.792559 0.918338
vt 0.797813 0.916216
vt 0.798813 0.933458
vt 0.805102 0.916304
vt 0.785782 0.876260
vt 0.805275 0.936834
vt 0.809859 0.919508
vt 0.809814 0.890696
vt 0.784442 0.882388
vt 0.790769 0.882400
vt 0.793355 0.863280
vt 0.799749 0.847554
vt 0.792835 0.838772
vt 0.794811 0.831150
vt 0.789381 0.828462
vt 0.799930 0.864022
vt 0.782255 0.890376
vt 0.788156 0.895384
vt 0.806455 0.852078
vt 0.813719 0.853860
vt 0.814780 0.835840
vt 0.809228 0.868186
vt 0.797958 0.868994
vt 0.794560 0.876760
vt 0.797922 0.886784
vt 0.794910 0.895422
vt 0.793412 0.899750
vt 0.808415 0.838656
vt 0.805885 0.828188
vt 0.806906 0.816570
vt 0.805363 0.871818
vt 0.805486 0.881238
vt 0.803965 0.837342
vt 0.814381 0.897110
vt 0.814296 0.873824
vt 0.817949 0.861352
vt 0.818640 0.836832
vt 0.814880 0.809198
vt 0.799832 0.810746
vt 0.797120 0.819480
vt 0.790728 0.822180
vt 0.784300 0.817150
vt 0.820126 0.812878
vt 0.802187 0.803008
vt 0.794339 0.805126
vt 0.792600 0.813580
vt 0.784770 0.811152
vt 0.775246 0.811328
vt 0.776695 0.804800
vt 0.767165 0.801598
vt 0.784908 0.804752
vt 0.781133 0.819492
vt 0.775635 0.816106
vt 0.767470 0.811072
vt 0.759599 0.806964
vt 0.758977 0.796858
vt 0.758820 0.786718
vt 0.769248 0.794032
vt 0.778308 0.799916
vt 0.784424 0.797148
vt 0.794769 0.799162
vt 0.797120 0.787360
vt 0.805090 0.793760
vt 0.769608 0.786840
vt 0.761210 0.778760
vt 0.752223 0.770792
vt 0.750315 0.782486
vt 0.750315 0.793572
vt 0.750315 0.804362
vt 0.741812 0.786718
vt 0.741653 0.796858
vt 0.741033 0.806964
vt 0.750315 0.814414
vt 0.760570 0.816552
vt 0.767321 0.814890
vt 0.774370 0.824794
vt 0.777189 0.824052
vt 0.782490 0.828262
vt 0.780137 0.838160
vt 0.773284 0.855518
vt 0.740061 0.816552
vt 0.778426 0.829940
vt 0.774449 0.829758
vt 0.774861 0.832036
vt 0.776599 0.837228
vt 0.771697 0.851694
vt 0.766061 0.858292
vt 0.765638 0.865894
vt 0.762167 0.858394
vt 0.761101 0.864486
vt 0.758820 0.855950
vt 0.758899 0.850642
vt 0.762669 0.853484
vt 0.765870 0.852864
vt 0.769731 0.848332
vt 0.773576 0.836744
vt 0.750315 0.849822
vt 0.750315 0.855278
vt 0.756814 0.863498
vt 0.755009 0.870612
vt 0.750315 0.862656
vt 0.750315 0.869708
vt 0.741733 0.850642
vt 0.750315 0.875168
vt 0.745623 0.870612
vt 0.743818 0.863498
vt 0.741812 0.855950
vt 0.738464 0.858394
vt 0.737963 0.853484
vt 0.734570 0.858292
vt 0.739531 0.864486
vt 0.734994 0.865894
vt 0.735593 0.872278
vt 0.742515 0.875034
vt 0.724524 0.892138
vt 0.731222 0.891462
vt 0.731092 0.880062
vt 0.736738 0.879676
vt 0.742831 0.880744
vt 0.745973 0.881486
vt 0.746413 0.876370
vt 0.723988 0.887724
vt 0.734854 0.887778
vt 0.738323 0.886032
vt 0.736950 0.892450
vt 0.735773 0.894444
vt 0.739898 0.894002
vt 0.743306 0.887540
vt 0.744078 0.886532
vt 0.720587 0.897030
vt 0.718377 0.890376
vt 0.722045 0.876086
vt 0.729692 0.873308
vt 0.725584 0.862926
vt 0.727347 0.855518
vt 0.728935 0.851694
vt 0.720494 0.838160
vt 0.724033 0.837228
vt 0.722206 0.829940
vt 0.718142 0.828262
vt 0.716169 0.830594
vt 0.718635 0.846272
vt 0.713500 0.850910
vt 0.713652 0.836704
vt 0.720827 0.867970
vt 0.734762 0.852864
vt 0.730901 0.848332
vt 0.727054 0.836744
vt 0.725771 0.832036
vt 0.726182 0.829758
vt 0.723443 0.824052
vt 0.719499 0.819492
vt 0.716332 0.817150
vt 0.711251 0.828462
vt 0.707797 0.838772
vt 0.700882 0.847554
vt 0.705821 0.831150
vt 0.726262 0.824794
vt 0.724996 0.816106
vt 0.725386 0.811328
vt 0.692217 0.838656
vt 0.694177 0.852078
vt 0.696666 0.837342
vt 0.694747 0.828188
vt 0.685852 0.835840
vt 0.686913 0.853860
vt 0.691404 0.868186
vt 0.682682 0.861352
vt 0.686335 0.873824
vt 0.676336 0.865498
vt 0.677122 0.879958
vt 0.686250 0.897110
vt 0.679095 0.908130
vt 0.690773 0.919508
vt 0.685097 0.925814
vt 0.695357 0.936834
vt 0.686182 0.940690
vt 0.700001 0.956762
vt 0.688349 0.959176
vt 0.677669 0.832042
vt 0.693724 0.816570
vt 0.678474 0.960912
vt 0.677072 0.942666
vt 0.676620 0.930578
vt 0.672797 0.913558
vt 0.669827 0.894750
vt 0.669566 0.861804
vt 0.670330 0.840536
vt 0.669159 0.811100
vt 0.676993 0.813794
vt 0.673582 0.799992
vt 0.678815 0.801202
vt 0.676839 0.787422
vt 0.680661 0.788276
vt 0.673186 0.784344
vt 0.680506 0.812878
vt 0.685751 0.809198
vt 0.681992 0.836832
vt 0.700799 0.810746
vt 0.703512 0.819480
vt 0.709903 0.822180
vt 0.715862 0.811152
vt 0.715723 0.804752
vt 0.723936 0.804800
vt 0.708032 0.813580
vt 0.706293 0.805126
vt 0.698445 0.803008
vt 0.733160 0.811072
vt 0.733311 0.814890
vt 0.733467 0.801598
vt 0.731384 0.794032
vt 0.722323 0.799916
vt 0.716206 0.797148
vt 0.705863 0.799162
vt 0.703512 0.787360
vt 0.695542 0.793760
vt 0.684598 0.801112
vt 0.684509 0.789014
vt 0.690498 0.784274
vt 0.697952 0.778292
vt 0.709507 0.783406
vt 0.714555 0.793584
vt 0.722751 0.792692
vt 0.731023 0.786840
vt 0.739421 0.778760
vt 0.748409 0.770792
vt 0.723525 0.786986
vt 0.746178 0.763484
vt 0.737441 0.772438
vt 0.728836 0.780352
vt 0.721249 0.772352
vt 0.719905 0.760338
vt 0.706097 0.772540
vt 0.727929 0.769412
vt 0.726967 0.755858
vt 0.754799 0.992946
vt 0.751375 0.991520
vt 0.750769 0.995852
vt 0.753580 0.997572
vt 0.729040 0.991182
vt 0.725077 0.986544
vt 0.725572 0.992920
vt 0.729853 0.996016
vt 0.720079 0.992826
vt 0.720186 0.998270
vt 0.719847 0.989382
vt 0.716803 0.983850
vt 0.723250 0.974536
vt 0.728746 0.975574
vt 0.734999 0.991666
vt 0.736334 0.995916
vt 0.740685 0.994428
vt 0.740038 0.989184
vt 0.750904 0.998852
vt 0.743383 0.980490
vt 0.753684 0.989536
vt 0.745129 0.977978
vt 0.752485 0.974572
vt 0.747294 0.965810
vt 0.740039 0.968624
vt 0.739238 0.972040
vt 0.732718 0.973472
vt 0.756481 0.990250
vt 0.752401 0.963294
vt 0.757246 0.963660
vt 0.755689 0.974112
vt 0.758564 0.969828
vt 0.761999 0.960316
vt 0.757262 0.958016
vt 0.753032 0.886176
vt 0.750315 0.885242
vt 0.750315 0.891088
vt 0.752784 0.879170
vt 0.753029 0.883560
vt 0.752827 0.891734
vt 0.750315 0.899408
vt 0.752910 0.898668
vt 0.726169 0.907684
vt 0.722940 0.909518
vt 0.726600 0.916478
vt 0.731414 0.915020
vt 0.734049 0.925992
vt 0.739197 0.919408
vt 0.736334 0.912590
vt 0.741682 0.911626
vt 0.734807 0.904210
vt 0.741513 0.902756
vt 0.745677 0.898640
vt 0.729375 0.903952
vt 0.740068 0.933932
vt 0.746854 0.921258
vt 0.749415 0.912212
vt 0.747721 0.898668
vt 0.747803 0.891734
vt 0.744078 0.892672
vt 0.740937 0.899290
vt 0.734690 0.900668
vt 0.729600 0.897014
vt 0.714087 0.902722
vt 0.702674 0.868994
vt 0.700702 0.864022
vt 0.707277 0.863280
vt 0.706071 0.876760
vt 0.709863 0.882400
vt 0.702709 0.886784
vt 0.705722 0.895422
vt 0.712476 0.895384
vt 0.707220 0.899750
vt 0.707545 0.905520
vt 0.714333 0.913724
vt 0.716701 0.921690
vt 0.718745 0.931930
vt 0.714849 0.876260
vt 0.716188 0.882388
vt 0.695269 0.871818
vt 0.690816 0.890696
vt 0.695529 0.916304
vt 0.701818 0.933458
vt 0.706390 0.954340
vt 0.708795 0.932706
vt 0.712813 0.952512
vt 0.721801 0.945926
vt 0.708073 0.918338
vt 0.695146 0.881238
vt 0.702819 0.916216
vt 0.705677 0.993302
vt 0.706173 0.986926
vt 0.702209 0.991562
vt 0.701396 0.996394
vt 0.711061 0.998654
vt 0.711168 0.993210
vt 0.711402 0.989766
vt 0.714448 0.984236
vt 0.708003 0.974920
vt 0.702506 0.975954
vt 0.696249 0.992040
vt 0.694913 0.996290
vt 0.690563 0.994798
vt 0.691211 0.989556
vt 0.680343 0.999216
vt 0.680478 0.996218
vt 0.687869 0.980860
vt 0.679873 0.991884
vt 0.677565 0.989898
vt 0.686122 0.978346
vt 0.678769 0.974936
vt 0.683961 0.966178
vt 0.691216 0.968996
vt 0.692015 0.972412
vt 0.698536 0.973848
vt 0.674768 0.990612
vt 0.676448 0.993308
vt 0.677666 0.997936
vt 0.675564 0.974474
vt 0.678856 0.963658
vt 0.674010 0.964022
vt 0.672690 0.970188
vt 0.669258 0.960676
vt 0.673272 0.957838
vt 0.870612 0.979210
vt 0.886026 0.957118
vt 0.873179 0.943994
vt 0.866973 0.977228
vt 0.864155 0.995140
vt 0.862414 0.994066
vt 0.859602 0.937038
vt 0.850494 0.936328
vt 0.855704 0.975932
vt 0.859504 0.975394
vt 0.860068 0.993676
vt 0.858687 0.994146
vt 0.779383 0.772352
vt 0.780727 0.760338
vt 0.773665 0.755858
vt 0.772702 0.769412
vt 0.771796 0.780352
vt 0.763190 0.772438
vt 0.754452 0.763484
vt 0.777107 0.786986
vt 0.786077 0.793584
vt 0.791124 0.783406
vt 0.794535 0.772540
vt 0.802680 0.778292
vt 0.777881 0.792692
vt 0.831473 0.811100
vt 0.827048 0.799992
vt 0.823639 0.813794
vt 0.821817 0.801202
vt 0.823793 0.787422
vt 0.819970 0.788276
vt 0.816123 0.789014
vt 0.816034 0.801112
vt 0.810132 0.784274
vt 0.827445 0.784344
vt 0.822963 0.832042
vt 0.824296 0.865498
vt 0.823509 0.879958
vt 0.821537 0.908130
vt 0.815534 0.925814
vt 0.814450 0.940690
vt 0.800631 0.956762
vt 0.812283 0.959176
vt 0.822158 0.960912
vt 0.823559 0.942666
vt 0.824012 0.930578
vt 0.827835 0.913558
vt 0.830805 0.894750
vt 0.831066 0.861804
vt 0.830302 0.840536
vt 0.794242 0.954340
vt 0.791837 0.932706
vt 0.783930 0.921690
vt 0.781887 0.931930
vt 0.774032 0.916478
vt 0.766583 0.925992
vt 0.769218 0.915020
vt 0.761435 0.919408
vt 0.760564 0.933932
vt 0.753778 0.921258
vt 0.751215 0.912212
vt 0.778831 0.945926
vt 0.787819 0.952512
vt 0.774463 0.907684
vt 0.764298 0.912590
vt 0.758949 0.911626
vt 0.771257 0.903952
vt 0.765824 0.904210
vt 0.759118 0.902756
vt 0.754955 0.898640
vt 0.771031 0.897014
vt 0.765942 0.900668
vt 0.759694 0.899290
vt 0.756554 0.892672
vt 0.849542 0.975268
vt 0.841366 0.938316
vt 0.833371 0.943466
vt 0.856422 0.993784
vt 0.860816 0.835198
vt 0.862119 0.846768
vt 0.865293 0.833710
vt 0.839341 0.847354
vt 0.842125 0.857630
vt 0.844953 0.846766
vt 0.841775 0.833712
vt 0.846251 0.835196
vt 0.845211 0.823294
vt 0.853533 0.822948
vt 0.853534 0.834514
vt 0.861854 0.823294
vt 0.861829 0.807282
vt 0.868501 0.821282
vt 0.873380 0.819646
vt 0.874266 0.830378
vt 0.870955 0.835738
vt 0.867729 0.847352
vt 0.864949 0.857630
vt 0.871293 0.811426
vt 0.845231 0.807282
vt 0.838564 0.821284
vt 0.836112 0.835742
vt 0.832801 0.830384
vt 0.833684 0.819650
vt 0.835769 0.811432
vt 0.853537 0.851490
vt 0.844831 0.863986
vt 0.848394 0.868582
vt 0.853539 0.871394
vt 0.858683 0.868586
vt 0.862245 0.863988
vt 0.809100 0.972872
vt 0.811604 0.978120
vt 0.815486 0.969518
vt 0.810755 0.967080
vt 0.803303 0.963952
vt 0.796773 0.977962
vt 0.800624 0.980620
vt 0.801540 0.974804
vt 0.798242 0.972834
vt 0.706705 0.957498
vt 0.711852 0.971192
vt 0.718568 0.963756
vt 0.806733 0.980300
vt 0.805672 0.974676
vt 0.688554 0.767750
vt 0.691870 0.776922
vt 0.695864 0.770302
vt 0.690032 0.764190
vt 0.683465 0.755796
vt 0.674937 0.777366
vt 0.681267 0.779626
vt 0.681869 0.770924
vt 0.679215 0.767272
vt 0.706552 0.972146
vt 0.685986 0.770772
vt 0.687559 0.780000
vt 0.702245 0.970538
vt 0.818809 0.769068
vt 0.820186 0.779508
vt 0.750315 0.879422
vt 0.747848 0.879170
vt 0.696582 0.962298
vt 0.750315 0.883694
vt 0.747600 0.886176
vt 0.747603 0.883560
vt 0.746713 0.954090
vt 0.740681 0.939272
vt 0.733604 0.948550
vt 0.839260 0.758280
vt 0.840392 0.767380
vt 0.846291 0.765862
vt 0.845936 0.751280
vt 0.853525 0.763946
vt 0.853523 0.751802
vt 0.861109 0.751282
vt 0.860758 0.765864
vt 0.867787 0.758278
vt 0.866659 0.767378
vt 0.745518 0.935438
vt 0.862094 0.997750
vt 0.859729 0.997256
vt 0.867595 0.774284
vt 0.861850 0.780376
vt 0.866050 0.793334
vt 0.870064 0.782014
vt 0.870500 0.767696
vt 0.872917 0.773988
vt 0.876032 0.778316
vt 0.872884 0.787304
vt 0.869919 0.796998
vt 0.834172 0.787310
vt 0.837139 0.797002
vt 0.841007 0.793336
vt 0.836989 0.782018
vt 0.831021 0.778322
vt 0.834135 0.773994
vt 0.836551 0.767700
vt 0.839456 0.774286
vt 0.845205 0.780374
vt 0.853526 0.777566
vt 0.753328 0.934750
vt 0.846674 0.790166
vt 0.853527 0.788030
vt 0.860382 0.790168
vt 0.845184 0.801024
vt 0.716208 0.995522
vt 0.715040 0.995908
vt 0.881221 0.829494
vt 0.886902 0.837706
vt 0.896943 0.819198
vt 0.889244 0.816886
vt 0.869588 0.802220
vt 0.877937 0.796642
vt 0.898366 0.799440
vt 0.759531 0.941882
vt 0.878890 0.855560
vt 0.885834 0.850438
vt 0.876168 0.838240
vt 0.873611 0.849806
vt 0.864511 0.868018
vt 0.862419 0.877806
vt 0.882361 0.863818
vt 0.888781 0.861132
vt 0.882060 0.874994
vt 0.890184 0.870964
vt 0.866958 0.880098
vt 0.779418 0.975616
vt 0.779755 0.956300
vt 0.770997 0.958520
vt 0.772767 0.971904
vt 0.778745 0.992528
vt 0.780711 0.990700
vt 0.784251 0.997166
vt 0.788322 0.965012
vt 0.788598 0.955682
vt 0.794451 0.974026
vt 0.797322 0.960660
vt 0.882867 0.942938
vt 0.887870 0.951798
vt 0.886068 0.940340
vt 0.881585 0.925146
vt 0.873403 0.924740
vt 0.870285 0.915956
vt 0.876281 0.911780
vt 0.807705 0.777436
vt 0.814969 0.770838
vt 0.815804 0.779962
vt 0.889010 0.924204
vt 0.886275 0.910810
vt 0.894408 0.923986
vt 0.893045 0.911186
vt 0.837496 0.983858
vt 0.839281 0.993948
vt 0.848848 0.984480
vt 0.843824 0.977596
vt 0.830563 0.952958
vt 0.853530 0.806956
vt 0.727787 0.830822
vt 0.732226 0.828380
vt 0.732386 0.834148
vt 0.741579 0.825932
vt 0.742160 0.835054
vt 0.750315 0.833442
vt 0.750315 0.823016
vt 0.759051 0.825932
vt 0.758471 0.835054
vt 0.768245 0.834148
vt 0.768406 0.828380
vt 0.772845 0.830822
vt 0.861875 0.801024
vt 0.883035 0.779662
vt 0.888309 0.774356
vt 0.828363 0.965452
vt 0.814469 0.983580
vt 0.826122 0.984604
vt 0.824850 0.998256
vt 0.808379 0.995714
vt 0.879381 0.886286
vt 0.887308 0.885716
vt 0.866322 0.884320
vt 0.775799 0.996816
vt 0.767445 0.974734
vt 0.763131 0.963724
vt 0.869968 0.937808
vt 0.863286 0.933006
vt 0.853530 0.801566
vt 0.761494 0.886216
vt 0.765412 0.886216
vt 0.765475 0.885390
vt 0.761564 0.885510
vt 0.768643 0.889382
vt 0.759296 0.886962
vt 0.766027 0.882304
vt 0.760825 0.881960
vt 0.765254 0.896832
vt 0.765479 0.895242
vt 0.762029 0.893982
vt 0.761626 0.895522
vt 0.765651 0.894350
vt 0.762115 0.893156
vt 0.765710 0.894030
vt 0.762218 0.892818
vt 0.768135 0.892006
vt 0.759599 0.888630
vt 0.739170 0.886938
vt 0.738916 0.886114
vt 0.734512 0.886112
vt 0.734982 0.887092
vt 0.731809 0.890904
vt 0.742529 0.887220
vt 0.739486 0.884800
vt 0.733630 0.884566
vt 0.734569 0.897084
vt 0.739099 0.895852
vt 0.739037 0.894884
vt 0.735518 0.895786
vt 0.738876 0.893834
vt 0.735622 0.894878
vt 0.739106 0.892696
vt 0.735390 0.893326
vt 0.731698 0.891304
vt 0.742899 0.888766
vt 0.643061 0.692870
vt 0.637562 0.697476
vt 0.644942 0.699518
vt 0.647197 0.704040
vt 0.650901 0.704832
vt 0.635793 0.692088
vt 0.646394 0.687330
vt 0.650423 0.695736
vt 0.652112 0.713740
vt 0.633412 0.705208
vt 0.634514 0.714338
vt 0.639215 0.702236
vt 0.627018 0.699506
vt 0.626997 0.714732
vt 0.631117 0.703160
vt 0.747413 0.908224
vt 0.747414 0.871554
vt 0.724042 0.893258
vt 0.655650 0.704096
vt 0.659629 0.713346
vt 0.657229 0.696992
vt 0.643313 0.714038
vt 0.630963 0.714460
vt 0.621232 0.714658
vt 0.770784 0.893258
vt 0.655662 0.713618
vt 0.639429 0.724036
vt 0.641683 0.728560
vt 0.647412 0.725840
vt 0.630975 0.723980
vt 0.636204 0.732340
vt 0.635725 0.723246
vt 0.630898 0.746000
vt 0.640233 0.740748
vt 0.629397 0.731084
vt 0.659609 0.728570
vt 0.650833 0.735988
vt 0.654285 0.747472
vt 0.653215 0.722868
vt 0.649065 0.730602
vt 0.655510 0.724916
vt 0.643564 0.735208
vt 0.665089 0.712190
vt 0.770784 0.849852
vt 0.747414 0.834886
vt 0.655729 0.682078
vt 0.724042 0.849852
vt 0.632342 0.680604
vt 0.643061 0.692870
vt 0.644942 0.699518
vt 0.637562 0.697476
vt 0.647197 0.704040
vt 0.650901 0.704832
vt 0.635793 0.692088
vt 0.646394 0.687330
vt 0.650423 0.695736
vt 0.652112 0.713740
vt 0.633412 0.705208
vt 0.639215 0.702236
vt 0.634514 0.714338
vt 0.627018 0.699506
vt 0.631117 0.703160
vt 0.626997 0.714732
vt 0.747413 0.908224
vt 0.724042 0.893258
vt 0.747414 0.871554
vt 0.655650 0.704096
vt 0.657229 0.696992
vt 0.659629 0.713346
vt 0.643313 0.714038
vt 0.630963 0.714460
vt 0.621232 0.714658
vt 0.770784 0.893258
vt 0.655662 0.713618
vt 0.639429 0.724036
vt 0.647412 0.725840
vt 0.641683 0.728560
vt 0.630975 0.723980
vt 0.635725 0.723246
vt 0.636204 0.732340
vt 0.630898 0.746000
vt 0.629397 0.731084
vt 0.640233 0.740748
vt 0.659609 0.728570
vt 0.654285 0.747472
vt 0.650833 0.735988
vt 0.653215 0.722868
vt 0.655510 0.724916
vt 0.649065 0.730602
vt 0.643564 0.735208
vt 0.665089 0.712190
vt 0.770784 0.849852
vt 0.747414 0.834886
vt 0.655729 0.682078
vt 0.724042 0.849852
vt 0.632342 0.680604
vn -0.1488 -0.9613 0.2320
vn -0.6194 -0.3236 -0.7153
vn 0.4609 -0.5569 -0.6910
vn -0.5619 -0.2125 0.7994
vn 0.0234 -0.9970 0.0736
vn -0.4071 -0.3787 0.8312
vn -0.2241 -0.9713 0.0797
vn -0.7605 -0.4814 0.4359
vn -0.8295 0.1930 0.5241
vn -0.7950 0.4982 0.3460
vn -0.9512 0.0216 0.3080
vn -0.7517 -0.0978 0.6522
vn -0.7929 -0.3974 0.4620
vn -0.4911 0.1866 0.8509
vn -0.3240 0.6935 0.6434
vn -0.3665 0.6386 0.6766
vn -0.8879 -0.0725 0.4544
vn -0.4260 0.3594 0.8303
vn -0.6444 0.2592 0.7195
vn -0.7612 0.3776 0.5272
vn -0.6531 0.3498 0.6717
vn -0.9453 0.3216 0.0539
vn -0.9114 0.3227 0.2554
vn -0.9324 0.3609 0.0179
vn -0.9216 0.2942 0.2532
vn -0.9967 -0.0288 0.0756
vn -0.9888 -0.1333 0.0675
vn -0.8457 0.4618 0.2676
vn -0.8943 0.4113 0.1763
vn -0.8196 0.5455 0.1750
vn -0.9099 0.3969 0.1209
vn -0.8126 0.5814 0.0407
vn -0.6136 0.7319 0.2963
vn -0.6525 0.7412 -0.1580
vn -0.4138 0.8362 -0.3599
vn -0.5315 0.8453 0.0544
vn -0.2983 0.8781 -0.3740
vn -0.9940 -0.0986 -0.0470
vn -0.4333 0.5310 0.7282
vn -0.5076 0.4270 0.7483
vn 0.9061 0.0109 0.4230
vn -0.9616 -0.1705 -0.2152
vn -0.9795 0.0068 -0.2011
vn -0.9631 0.2658 -0.0424
vn -0.9277 0.3403 -0.1532
vn -0.9127 0.3903 0.1210
vn -0.9651 0.2527 0.0687
vn -0.9121 0.3373 0.2329
vn -0.9259 0.2681 -0.2661
vn -0.9622 0.2708 -0.0289
vn -0.9801 0.1986 -0.0021
vn -0.8216 0.2106 -0.5298
vn -0.9589 0.0203 0.2829
vn -0.6730 -0.3906 -0.6281
vn -0.9000 0.1805 0.3967
vn -0.9982 -0.0398 -0.0459
vn -0.9697 0.2369 -0.0599
vn -0.9806 -0.0053 0.1959
vn -0.8630 -0.5001 0.0719
vn -0.8679 0.0025 0.4967
vn -0.5330 -0.0107 -0.8461
vn -0.8548 -0.2482 -0.4557
vn -0.5476 -0.6537 -0.5224
vn -0.8212 -0.4065 -0.4004
vn -0.6529 -0.2443 -0.7169
vn -0.9085 0.2438 -0.3394
vn -0.4942 0.1816 0.8502
vn -0.5793 0.0009 0.8151
vn -0.5707 0.0290 0.8207
vn -0.7748 -0.4198 0.4727
vn -0.7406 -0.6578 -0.1372
vn -0.5738 -0.7958 -0.1935
vn -0.9589 -0.2234 -0.1749
vn -0.9878 0.1289 0.0877
vn -0.9909 0.1251 -0.0487
vn -0.6419 -0.7046 0.3024
vn -0.3760 -0.9133 -0.1567
vn -0.4452 -0.8873 -0.1203
vn -0.8267 -0.5553 -0.0910
vn -0.9839 -0.1505 0.0961
vn -0.9793 -0.1766 0.0987
vn -0.9692 0.1996 0.1444
vn -0.8775 0.0332 0.4783
vn -0.7650 -0.6439 -0.0142
vn -0.9721 -0.1977 -0.1260
vn -0.9980 -0.0628 0.0039
vn -0.8323 -0.3556 0.4252
vn -0.5639 0.1158 0.8177
vn -0.5188 -0.0418 0.8539
vn -0.3730 -0.6789 0.6324
vn -0.9209 -0.2011 0.3340
vn -0.9699 -0.2301 0.0803
vn -0.5033 -0.8607 -0.0770
vn -0.3504 -0.9107 -0.2188
vn -0.2038 -0.9738 -0.1005
vn -0.3132 -0.9481 0.0547
vn -0.5128 -0.8001 0.3112
vn -0.2166 -0.9320 0.2907
vn -0.1315 -0.9552 0.2650
vn -0.1632 -0.8342 0.5268
vn -0.1801 -0.2779 0.9436
vn -0.1464 0.1491 0.9779
vn 0.0266 -0.7157 0.6979
vn 0.2058 -0.1085 0.9725
vn 0.2873 0.0374 0.9571
vn -0.1407 0.1976 0.9701
vn -0.5285 0.2038 0.8241
vn -0.8925 -0.0597 0.4471
vn -0.5964 0.7912 -0.1356
vn -0.7589 0.6475 0.0689
vn -0.9209 0.1731 -0.3492
vn -0.9054 0.4199 -0.0631
vn -0.8912 0.3331 0.3079
vn 0.2680 0.1304 0.9546
vn -0.7918 0.5156 0.3274
vn 0.6883 0.6366 0.3479
vn 0.3998 0.2664 0.8770
vn -0.5766 0.7916 0.2024
vn -0.8108 -0.3074 0.4981
vn -0.8842 -0.2226 0.4107
vn -0.8973 0.2362 0.3729
vn -0.8072 -0.2973 0.5099
vn -0.7401 0.3012 0.6013
vn -0.5910 -0.3423 0.7304
vn -0.0581 -0.9973 0.0440
vn -0.1904 -0.9807 0.0437
vn -0.1613 -0.9621 0.2199
vn 0.1251 -0.9499 0.2864
vn 0.6057 -0.7908 -0.0880
vn 0.1110 -0.9539 0.2788
vn -0.0708 -0.2391 0.9684
vn -0.5509 0.3589 0.7534
vn -0.5161 0.4695 0.7164
vn -0.1410 0.3510 0.9257
vn -0.1379 0.1840 0.9732
vn 0.3103 -0.9501 0.0332
vn -0.1218 -0.1319 0.9837
vn 0.2601 0.5127 0.8182
vn 0.2867 0.4175 0.8622
vn 0.4772 -0.2515 0.8420
vn 0.7030 -0.1419 0.6969
vn 0.3632 -0.9195 0.1504
vn 0.7954 -0.1483 0.5876
vn 0.5242 0.3968 0.7535
vn 0.7625 0.3410 0.5499
vn 0.5723 -0.0278 0.8196
vn 0.4123 0.3201 0.8530
vn 0.6916 0.5050 0.5163
vn 0.4066 -0.2460 0.8799
vn 0.6810 0.1726 0.7117
vn 0.2434 0.1789 0.9533
vn 0.1905 0.3820 0.9043
vn 0.5692 0.4557 0.6843
vn 0.4163 0.4091 0.8120
vn 0.7785 0.4473 0.4402
vn 0.0902 0.6966 0.7117
vn 0.1243 0.6519 0.7481
vn 0.3490 -0.0754 0.9341
vn 0.1607 -0.9583 0.2362
vn 0.3348 -0.9092 0.2474
vn 0.6626 -0.3849 0.6425
vn 0.7350 0.0087 0.6780
vn 0.7738 0.4998 0.3891
vn 0.9017 0.3690 0.2252
vn 0.9553 -0.0483 0.2918
vn 0.6870 -0.3736 0.6232
vn 0.8780 0.0280 0.4778
vn 0.9061 0.1824 0.3816
vn 0.6979 -0.0239 0.7158
vn 0.9904 0.0758 0.1152
vn 0.5987 0.2619 0.7569
vn 0.6866 0.3964 0.6094
vn 0.9965 -0.0821 -0.0135
vn 0.9251 0.1753 0.3369
vn 0.9237 0.1228 0.3630
vn 0.9096 0.1153 0.3993
vn 0.8117 0.1711 0.5584
vn 0.9472 0.0013 0.3206
vn 0.2521 -0.8980 0.3606
vn -0.6512 -0.4490 0.6118
vn -0.6741 0.1709 0.7186
vn -0.6728 0.4605 0.5790
vn -0.5953 0.7948 0.1180
vn 0.7898 0.5120 0.3378
vn 0.9132 -0.3633 0.1849
vn 0.9595 -0.0634 0.2745
vn 0.8221 0.1898 0.5367
vn 0.8658 0.2135 0.4525
vn 0.9568 0.1677 0.2376
vn 0.8926 0.0845 0.4429
vn 0.7361 0.6670 0.1151
vn 0.9159 -0.2414 0.3207
vn 0.8505 -0.3434 0.3984
vn 0.9644 -0.0819 -0.2513
vn 0.9890 0.1441 -0.0327
vn 0.9862 0.1346 0.0968
vn 0.9404 -0.3338 -0.0657
vn 0.8686 -0.4217 -0.2601
vn 0.9886 0.1299 -0.0764
vn 0.9877 0.1476 -0.0511
vn 0.9798 0.1307 0.1516
vn 0.9618 0.0388 0.2710
vn 0.7016 -0.0255 0.7121
vn 0.6710 -0.0512 0.7397
vn 0.8944 0.1493 0.4217
vn 0.6661 0.4815 0.5697
vn 0.5403 0.6433 0.5425
vn 0.4522 0.7612 0.4649
vn 0.3635 0.8181 0.4456
vn 0.2792 0.8424 0.4608
vn 0.0265 0.8486 0.5284
vn 0.0129 0.8849 0.4656
vn 0.6226 -0.3129 0.7172
vn 0.6492 -0.7233 -0.2354
vn -0.1012 0.9365 0.3356
vn 0.2308 0.8970 0.3769
vn 0.4027 0.8396 0.3645
vn 0.5924 0.7071 0.3860
vn 0.4724 0.1235 0.8727
vn 0.3528 -0.0416 0.9348
vn 0.3210 -0.0854 0.9432
vn 0.4126 -0.3469 0.8423
vn 0.6756 -0.5649 0.4739
vn 0.4873 -0.7536 0.4413
vn 0.5902 -0.8064 -0.0377
vn 0.1909 -0.9245 0.3298
vn 0.0478 -0.9969 -0.0626
vn 0.1805 -0.7762 0.6041
vn 0.8152 -0.5788 0.0204
vn 0.7489 -0.6448 -0.1531
vn 0.9185 -0.3732 0.1306
vn 0.4875 -0.8723 -0.0374
vn 0.9086 -0.3814 0.1703
vn 0.9152 -0.0377 0.4012
vn 0.8600 -0.3202 0.3973
vn 0.6027 -0.7699 0.2098
vn 0.8931 0.0304 0.4489
vn 0.6954 -0.7001 0.1621
vn 0.2833 -0.9589 -0.0178
vn 0.2839 -0.9579 -0.0434
vn 0.5775 -0.4859 0.6561
vn 0.6784 -0.2045 0.7056
vn 0.6724 -0.1096 0.7320
vn 0.7166 -0.3520 0.6021
vn 0.8372 -0.3969 0.3762
vn 0.3304 -0.9430 0.0404
vn 0.2661 -0.9584 -0.1031
vn 0.1107 -0.9929 -0.0426
vn 0.2352 -0.9665 0.1024
vn 0.4563 -0.8893 -0.0310
vn 0.0305 -0.9993 -0.0213
vn -0.0257 -0.9960 0.0861
vn -0.0623 -0.9977 -0.0250
vn 0.1052 -0.9895 0.0988
vn 0.0693 -0.9971 0.0301
vn 0.1784 -0.9784 0.1043
vn 0.2368 -0.8692 0.4340
vn -0.0561 -0.9468 0.3169
vn -0.1303 -0.9914 0.0099
vn -0.0838 -0.9953 -0.0488
vn -0.0799 -0.9949 -0.0610
vn -0.0081 -0.9989 -0.0459
vn -0.0755 -0.9971 0.0096
vn -0.0963 -0.9950 0.0278
vn -0.0985 -0.9951 0.0001
vn -0.0245 0.9997 0.0063
vn 0.6987 0.3854 0.6028
vn 0.9700 -0.0900 -0.2257
vn 0.3342 0.3992 -0.8538
vn 0.9366 -0.1741 0.3039
vn 0.8376 0.2828 0.4674
vn 0.8782 -0.2026 -0.4333
vn 0.4163 -0.5413 -0.7305
vn 0.4589 -0.5944 -0.6603
vn 0.7354 -0.4986 -0.4590
vn 0.9396 -0.3259 0.1044
vn 0.9840 0.0303 0.1757
vn 0.9211 0.3357 0.1972
vn 0.8918 0.0989 0.4416
vn 0.9705 -0.1576 0.1826
vn 0.6661 -0.1028 -0.7388
vn 0.3988 -0.0821 -0.9133
vn 0.8940 -0.4217 0.1513
vn 0.6057 0.0039 0.7957
vn 0.0025 0.8911 0.4538
vn -0.2829 0.5839 -0.7609
vn 0.3074 0.9262 -0.2181
vn 0.4331 0.7902 0.4336
vn 0.7053 0.0901 0.7032
vn 0.8646 -0.4040 0.2986
vn 0.5260 0.7895 -0.3162
vn 0.7573 -0.0144 -0.6529
vn -0.8970 0.0016 0.4420
vn -0.1400 0.5018 0.8536
vn -0.1073 -0.3465 0.9319
vn -0.8447 -0.0198 0.5348
vn -0.8040 0.4933 0.3319
vn -0.1376 -0.6793 0.7208
vn -0.1584 0.4223 0.8925
vn -0.0624 0.2795 0.9581
vn 0.6891 0.6000 0.4064
vn 0.6824 0.6317 0.3678
vn 0.3502 0.8130 0.4652
vn 0.3768 0.6317 0.6775
vn -0.0457 0.8558 0.5152
vn 0.0097 0.6919 0.7219
vn 0.1780 0.8493 0.4969
vn -0.1317 0.7742 0.6191
vn 0.5068 0.6534 0.5623
vn 0.0388 0.4993 0.8655
vn -0.4367 0.2586 0.8616
vn 0.7886 0.5848 0.1899
vn -0.1146 0.8508 0.5129
vn -0.1320 0.6864 0.7152
vn -0.1390 0.6724 0.7270
vn -0.2505 0.2847 0.9253
vn 0.0729 -0.6574 0.7500
vn 0.0939 -0.8298 0.5500
vn 0.5034 -0.5200 0.6901
vn 0.6158 -0.6151 0.4924
vn 0.8011 -0.4918 0.3411
vn 0.7993 0.4920 0.3452
vn 0.9719 0.2191 -0.0857
vn 0.9544 0.1712 0.2446
vn 0.9918 0.1145 0.0574
vn 0.9199 0.3043 0.2472
vn 0.7064 0.6659 0.2400
vn 0.3601 0.9122 0.1955
vn -0.0373 0.9853 0.1666
vn 0.9822 0.0143 0.1873
vn 0.9976 -0.0545 0.0423
vn 0.4888 0.8616 -0.1365
vn -0.0431 0.9991 0.0035
vn 0.2169 0.9632 -0.1588
vn -0.0496 0.9922 -0.1140
vn -0.0779 0.9809 0.1781
vn 0.5498 0.8348 -0.0279
vn -0.9553 0.1831 0.2322
vn -0.9586 -0.2795 0.0552
vn 0.2817 -0.4758 -0.8332
vn -0.2060 -0.6314 -0.7476
vn -0.8935 -0.4280 -0.1362
vn -0.9616 -0.2652 -0.0710
vn -0.1142 -0.1543 -0.9814
vn 0.1347 -0.2101 -0.9684
vn -0.8514 -0.5188 -0.0777
vn -0.1448 0.3725 -0.9167
vn -0.8635 -0.1920 -0.4663
vn -0.7866 -0.0736 0.6130
vn -0.8679 0.2982 0.3972
vn -0.0872 0.9962 -0.0019
vn -0.2163 0.8789 0.4251
vn 0.5658 0.5103 -0.6477
vn -0.8849 0.4383 -0.1574
vn -0.8907 0.4364 -0.1274
vn -0.3514 0.1193 0.9286
vn -0.1270 0.1930 0.9730
vn -0.5585 0.8013 -0.2145
vn 0.0153 0.7263 0.6872
vn 0.8636 -0.2922 0.4108
vn 0.5932 -0.0160 -0.8049
vn 0.2995 0.0550 -0.9525
vn 0.9550 -0.1585 0.2508
vn 0.8742 0.4745 0.1031
vn 0.2794 0.5530 -0.7849
vn -0.1102 -0.9939 0.0040
vn -0.0835 -0.9946 -0.0616
vn -0.1558 -0.9853 -0.0701
vn -0.0583 -0.9981 0.0217
vn -0.2533 -0.9668 0.0334
vn -0.2865 -0.9568 0.0489
vn -0.3735 -0.9275 0.0139
vn -0.4189 -0.8259 0.3773
vn -0.2930 -0.9109 0.2907
vn -0.4879 -0.7780 0.3958
vn -0.4812 -0.8750 0.0529
vn -0.4826 -0.8658 -0.1326
vn -0.5770 -0.4810 0.6601
vn -0.8086 -0.0162 0.5881
vn -0.7778 -0.0573 0.6259
vn -0.7429 0.4131 0.5267
vn -0.6943 0.4583 0.5548
vn -0.4235 0.6477 0.6334
vn -0.5599 0.7616 0.3262
vn -0.7576 0.5798 0.2997
vn -0.7225 0.5553 0.4119
vn -0.6593 0.1533 0.7361
vn -0.7307 -0.0945 0.6762
vn -0.7721 -0.3519 0.5291
vn -0.3208 0.9234 -0.2108
vn -0.4995 0.8613 0.0929
vn -0.1113 0.9808 0.1599
vn -0.5486 0.7580 0.3527
vn -0.1849 0.8470 0.4983
vn -0.6157 0.5566 0.5578
vn -0.2876 0.6691 0.6852
vn -0.8432 0.4852 0.2314
vn -0.4611 0.7774 0.4278
vn -0.1732 0.7531 0.6347
vn -0.9068 0.4182 -0.0527
vn -0.7539 0.5189 0.4029
vn -0.3564 0.4426 0.8229
vn 0.1233 0.2668 0.9558
vn -0.6823 -0.7289 0.0561
vn -0.5624 -0.7760 0.2857
vn -0.5752 -0.6285 0.5235
vn -0.0711 -0.8624 0.5012
vn -0.4124 0.3174 -0.8540
vn 0.3688 -0.8504 0.3753
vn 0.5444 -0.8287 0.1297
vn 0.7050 -0.4654 0.5352
vn -0.4151 -0.8979 0.1464
vn -0.8901 -0.3273 0.3171
vn -0.4246 -0.8506 0.3103
vn -0.5345 -0.2701 0.8008
vn -0.1049 -0.3560 0.9286
vn -0.0136 -0.8901 0.4557
vn 0.3122 -0.3129 0.8970
vn 0.1543 0.8139 0.5601
vn 0.6788 -0.0437 0.7330
vn 0.5498 0.6362 0.5413
vn -0.4803 0.8427 -0.2432
vn -0.2803 0.7416 0.6094
vn -0.9258 0.1407 0.3508
vn -0.6514 0.7118 0.2627
vn 0.5503 0.7939 0.2588
vn 0.0986 -0.9918 -0.0818
vn -0.6355 -0.4207 -0.6474
vn -0.3342 -0.4662 -0.8191
vn 0.5792 -0.6133 -0.5370
vn 0.5102 -0.6072 -0.6091
vn 0.1311 -0.9831 0.1275
vn 0.5799 0.0026 0.8147
vn 0.5872 -0.1243 0.7998
vn 0.4544 -0.8855 -0.0970
vn -0.1330 -0.5021 0.8545
vn -0.6453 -0.7226 0.2478
vn -0.9295 -0.1020 0.3545
vn -0.7605 -0.2122 0.6137
vn -0.1063 -0.2195 -0.9698
vn 0.2413 -0.1962 -0.9504
vn 0.8269 -0.1402 -0.5446
vn 0.9907 -0.1261 0.0505
vn 0.2761 -0.9417 -0.1921
vn 0.1008 0.0970 0.9902
vn 0.0775 -0.2168 0.9731
vn 0.9522 0.1159 0.2828
vn -0.9163 -0.3757 0.1388
vn -0.9878 -0.1015 -0.1182
vn -0.0265 -0.2935 -0.9556
vn -0.6102 0.1263 0.7821
vn -0.6116 0.3952 0.6854
vn -0.1411 0.3180 0.9375
vn 0.6756 0.0638 0.7345
vn -0.1101 0.8813 0.4595
vn 0.7412 0.0961 0.6644
vn 0.6323 0.5738 0.5205
vn -0.2211 -0.8960 0.3851
vn 0.2401 -0.6880 -0.6848
vn 0.7749 -0.2833 0.5650
vn -0.0673 0.8602 -0.5056
vn -0.5235 0.5008 -0.6893
vn -0.0657 0.6655 -0.7435
vn -0.0414 0.8945 -0.4451
vn 0.1803 0.5348 -0.8255
vn 0.1758 0.7264 -0.6644
vn 0.3387 0.8595 -0.3829
vn 0.4271 0.6070 -0.6702
vn 0.3627 0.8173 -0.4477
vn 0.7933 0.3860 -0.4709
vn -0.9926 -0.0646 0.1033
vn 0.8134 0.5796 0.0488
vn -0.1120 0.9653 0.2361
vn -0.5986 0.7883 0.1425
vn 0.7670 0.5651 0.3038
vn 0.7635 0.6425 -0.0657
vn 0.5616 0.7436 0.3629
vn -0.6481 0.7615 0.0052
vn -0.5769 0.7710 -0.2699
vn -0.6758 0.7119 -0.1911
vn 0.1578 0.9552 0.2503
vn 0.0269 0.9443 0.3279
vn 0.0304 0.0590 0.9978
vn 0.5325 0.5878 0.6090
vn -0.0573 0.7308 0.6802
vn -0.6495 0.6386 0.4127
vn 0.5521 0.8230 0.1335
vn -0.9142 0.2847 -0.2884
vn -0.9750 0.0831 -0.2061
vn 0.0239 0.1432 0.9894
vn 0.0034 0.3201 0.9474
vn 0.1621 0.9684 -0.1893
vn 0.7500 0.2146 -0.6257
vn 0.5032 -0.0617 -0.8620
vn 0.9806 0.0954 -0.1715
vn 0.9875 -0.0842 -0.1333
vn -0.1646 -0.1961 -0.9667
vn -0.0903 -0.0371 -0.9952
vn -0.0586 0.2179 -0.9742
vn -0.0512 0.9981 0.0338
vn 0.1515 0.2731 0.9500
vn 0.1159 0.2001 0.9729
vn -0.9965 0.0339 0.0762
vn -0.9901 0.0805 0.1153
vn -0.9808 0.1941 0.0189
vn 0.8657 -0.3212 0.3840
vn 0.8217 -0.2070 0.5310
vn 0.4561 -0.0656 -0.8875
vn 0.4488 0.1012 -0.8879
vn 0.7942 0.3231 -0.5146
vn 0.6407 -0.0993 0.7614
vn 0.0640 0.9452 0.3201
vn -0.7729 0.1862 0.6065
vn -0.7731 0.1483 0.6167
vn -0.5901 0.4066 -0.6974
vn -0.6518 0.1774 -0.7374
vn 0.3974 0.4074 0.8223
vn -0.0233 0.9758 -0.2173
vn -0.9645 0.2338 0.1229
vn -0.9491 -0.0062 0.3150
vn 0.5893 0.2034 0.7819
vn 0.5791 0.1850 0.7940
vn -0.9064 0.0414 0.4204
vn 0.7914 -0.0888 0.6048
vn 0.9064 -0.0718 0.4163
vn -0.3273 -0.0787 -0.9416
vn -0.3348 -0.1989 -0.9211
vn 0.8365 0.1030 -0.5382
vn 0.8654 -0.0586 -0.4976
vn -0.4751 0.0315 0.8794
vn -0.4802 -0.0110 0.8771
vn 0.9816 -0.0441 0.1857
vn 0.9831 0.0786 0.1655
vn 0.0502 0.9611 0.2717
vn -0.0304 0.8845 0.4656
vn 0.6268 0.7270 0.2803
vn 0.2133 0.7908 0.5737
vn -0.0151 0.8290 0.5590
vn -0.2394 0.8325 0.4996
vn -0.5440 0.8349 0.0834
vn -0.4937 0.8637 -0.1016
vn -0.3830 0.6485 -0.6579
vn -0.2638 0.2489 -0.9319
vn -0.3262 0.0444 -0.9442
vn 0.0929 0.9957 -0.0048
vn -0.2893 0.8148 0.5024
vn -0.2882 0.8147 0.5031
vn -0.2554 0.8119 0.5250
vn -0.2565 0.8118 0.5246
vn -0.2563 0.8122 0.5241
vn -0.3387 0.8164 0.4677
vn -0.3393 0.8164 0.4673
vn -0.3390 0.8166 0.4672
vn -0.4459 -0.6824 0.5792
vn -0.8287 -0.5384 0.1530
vn 0.1250 -0.5755 0.8082
vn -0.4201 0.4991 0.7579
vn -0.4206 0.4987 0.7579
vn -0.4875 0.1102 0.8661
vn -0.4868 0.1102 0.8665
vn 0.0013 -1.0000 -0.0034
vn 0.1216 -0.9901 0.0708
vn 0.1231 -0.9897 0.0732
vn 0.1238 -0.9897 0.0721
vn -0.9149 0.0844 0.3947
vn -0.9056 -0.0336 0.4228
vn -0.3071 -0.9406 -0.1446
vn -0.3075 -0.9406 -0.1442
vn -0.3066 -0.9409 -0.1440
vn -0.0490 0.1233 0.9912
vn 0.3004 0.7221 0.6232
vn 0.2986 0.7213 0.6250
vn 0.2978 0.7220 0.6245
vn 0.0148 0.8937 0.4485
vn 0.0154 0.8938 0.4482
vn -0.0826 0.8740 0.4789
vn -0.0816 0.8738 0.4794
vn -0.0821 0.8736 0.4797
vn 0.1267 0.9044 0.4073
vn 0.1262 0.9042 0.4080
vn 0.1259 0.9044 0.4078
vn 0.3693 -0.3940 0.8416
vn 0.8103 -0.2443 0.5327
vn -0.2188 -0.4182 0.8816
vn -0.2192 -0.4185 0.8814
vn -0.2195 -0.4181 0.8815
vn -0.1391 0.9854 -0.0984
vn -0.1339 0.9868 -0.0916
vn -0.1389 0.9854 -0.0986
vn -0.1337 0.9868 -0.0918
vn 0.2369 0.1670 0.9571
vn 0.2360 0.1670 0.9573
vn 0.2369 0.1669 0.9571
vn 0.1527 -0.9879 0.0255
vn 0.1538 -0.9878 0.0255
vn 0.1527 -0.9879 0.0253
vn 0.1538 -0.9878 0.0253
vn 0.0543 -0.9957 0.0749
vn 0.0552 -0.9957 0.0750
vn 0.0552 -0.9957 0.0743
vn 0.7619 0.1976 0.6168
vn -0.3258 -0.9454 0.0034
vn 0.3660 -0.9302 0.0294
vn 0.3675 -0.9296 0.0281
vn 0.3650 -0.9306 0.0279
vn -0.2485 0.1533 0.9564
vn -0.5529 0.8179 -0.1596
vn -0.5537 0.8167 -0.1623
vn -0.5530 0.8172 -0.1625
vn 0.1308 -0.9704 0.2031
vn -0.4336 -0.7621 0.4809
vn 0.3956 -0.9152 -0.0771
vn 0.2072 -0.8852 -0.4164
vn -0.1741 -0.9219 -0.3461
vn -0.6359 -0.4597 0.6199
vn 0.4586 -0.4025 0.7923
vn 0.9522 -0.2404 -0.1885
vn 0.9520 -0.2410 -0.1885
vn 0.9522 -0.2408 -0.1880
vn 0.1624 -0.1980 -0.9667
vn -0.8190 -0.3332 -0.4672
vn -0.4090 -0.2688 0.8721
vn 0.7329 -0.1588 0.6616
vn 0.8743 -0.0013 -0.4854
vn -0.1802 -0.0138 -0.9835
vn -0.9732 -0.1789 -0.1447
vn -0.1001 0.5555 0.8255
vn 0.6458 0.6682 0.3694
vn 0.4336 0.7621 -0.4808
vn -0.4434 0.7074 -0.5505
vn -0.7732 0.5798 0.2569
vn -0.3956 0.9152 0.0770
vn -0.6581 0.7526 0.0223
vn -0.7085 0.6519 -0.2703
vn -0.7081 0.6522 -0.2706
vn -0.7082 0.6524 -0.2700
vn -0.1308 0.9704 -0.2031
vn -0.1727 0.8538 -0.4911
vn 0.0815 0.7579 -0.6472
vn 0.2213 0.9745 -0.0368
vn 0.4725 0.8614 -0.1862
vn 0.6930 0.7209 -0.0135
vn 0.1741 0.9219 0.3462
vn 0.3859 0.7650 0.5155
vn 0.2812 0.5922 0.7551
vn -0.2072 0.8852 0.4165
vn -0.3127 0.6977 0.6445
vn -0.5847 0.5498 0.5965
vn -0.9522 0.2408 0.1883
vn -0.9859 0.1314 -0.1036
vn -0.8869 0.3134 -0.3395
vn -0.8872 0.3135 -0.3386
vn -0.8873 0.3126 -0.3390
vn -0.4586 0.4025 -0.7922
vn -0.2008 0.2952 -0.9341
vn 0.0662 0.4531 -0.8890
vn 0.6360 0.4598 -0.6198
vn 0.8432 0.3075 -0.4409
vn 0.8953 0.4186 -0.1526
vn 0.8189 0.3333 0.4672
vn 0.7032 0.1513 0.6947
vn 0.4544 0.2572 0.8529
vn -0.1626 0.1981 0.9666
vn -0.4273 0.0427 0.9031
vn -0.6472 0.1923 0.7377
vn -0.7329 0.1589 -0.6615
vn -0.7033 -0.1513 -0.6946
vn -0.4543 -0.2573 -0.8529
vn 0.4086 0.2687 -0.8722
vn 0.4092 0.2685 -0.8721
vn 0.4090 0.2690 -0.8720
vn 0.4273 -0.0425 -0.9031
vn 0.6473 -0.1922 -0.7376
vn 0.9732 0.1790 0.1446
vn 0.9859 -0.1314 0.1036
vn 0.8872 -0.3131 0.3390
vn 0.1803 0.0137 0.9835
vn 0.2009 -0.2951 0.9341
vn -0.0663 -0.4532 0.8890
vn -0.8743 0.0013 0.4853
vn -0.8433 -0.3074 0.4409
vn -0.8953 -0.4185 0.1526
vn -0.6457 -0.6682 -0.3694
vn -0.3860 -0.7650 -0.5155
vn -0.2811 -0.5921 -0.7552
vn 0.0999 -0.5555 -0.8255
vn 0.3127 -0.6978 -0.6444
vn 0.5848 -0.5499 -0.5964
vn 0.7731 -0.5799 -0.2570
vn 0.6580 -0.7527 -0.0225
vn 0.7082 -0.6522 0.2703
vn -0.6929 -0.7209 0.0135
vn -0.4725 -0.8614 0.1862
vn -0.2213 -0.9745 0.0368
vn 0.4428 -0.7078 0.5505
vn 0.4434 -0.7070 0.5510
vn 0.4437 -0.7075 0.5500
vn 0.1727 -0.8538 0.4911
vn -0.0815 -0.7579 0.6473
vn -0.0721 -0.9816 0.1766
vn 0.3758 -0.7170 0.5871
vn -0.2604 -0.9516 -0.1631
vn 0.0047 -0.8964 -0.4432
vn 0.3569 -0.8923 -0.2766
vn 0.5013 -0.3965 0.7691
vn -0.6004 -0.4613 0.6533
vn -0.8394 -0.3405 -0.4236
vn 0.1142 -0.2007 -0.9730
vn 0.9428 -0.2353 -0.2360
vn 0.1968 -0.2349 0.9519
vn 0.1980 -0.2345 0.9517
vn 0.1978 -0.2357 0.9515
vn -0.8565 -0.2473 0.4531
vn -0.7144 -0.0898 -0.6939
vn 0.4275 0.0201 -0.9038
vn 0.9911 -0.0697 0.1133
vn -0.1768 0.5512 0.8154
vn -0.7879 0.5884 0.1814
vn -0.3757 0.7171 -0.5871
vn 0.4901 0.7594 -0.4280
vn 0.6131 0.6569 0.4388
vn 0.2603 0.9516 0.1631
vn 0.5440 0.8195 0.1801
vn 0.6788 0.7290 -0.0881
vn 0.6782 0.7296 -0.0879
vn 0.6784 0.7293 -0.0887
vn 0.0721 0.9816 -0.1770
vn 0.0724 0.9816 -0.1766
vn 0.0718 0.9817 -0.1765
vn 0.1990 0.8745 -0.4423
vn 0.0057 0.7537 -0.6572
vn -0.3094 0.9450 -0.1065
vn -0.4997 0.8074 -0.3138
vn -0.7405 0.6411 -0.2017
vn -0.3568 0.8923 0.2766
vn -0.5867 0.7108 0.3880
vn -0.5289 0.5471 0.6488
vn -0.0048 0.8964 0.4432
vn 0.0583 0.7184 0.6932
vn 0.3480 0.6016 0.7190
vn 0.8396 0.3404 0.4234
vn 0.9589 0.2396 0.1518
vn 0.9049 0.4128 -0.1034
vn 0.9047 0.4132 -0.1038
vn 0.9049 0.4127 -0.1039
vn 0.6002 0.4615 -0.6533
vn 0.4009 0.3287 -0.8552
vn 0.1158 0.4559 -0.8825
vn -0.5013 0.3965 -0.7691
vn -0.7298 0.2199 -0.6474
vn -0.8660 0.3205 -0.3837
vn -0.9428 0.2353 0.2361
vn -0.8704 0.0638 0.4882
vn -0.6838 0.1939 0.7034
vn -0.1142 0.2007 0.9730
vn 0.1732 0.0760 0.9820
vn 0.4107 0.2511 0.8765
vn 0.8566 0.2473 -0.4529
vn 0.8705 -0.0638 -0.4881
vn 0.6838 -0.1940 -0.7034
vn -0.1976 0.2350 -0.9517
vn -0.1733 -0.0760 -0.9819
vn -0.4109 -0.2511 -0.8764
vn -0.9911 0.0696 -0.1132
vn -0.9589 -0.2396 -0.1517
vn -0.9048 -0.4129 0.1039
vn -0.4275 -0.0201 0.9038
vn -0.4009 -0.3285 0.8552
vn -0.1156 -0.4557 0.8826
vn 0.7145 0.0896 0.6939
vn 0.7298 -0.2200 0.6473
vn 0.8661 -0.3205 0.3837
vn 0.7879 -0.5885 -0.1814
vn 0.5867 -0.7109 -0.3879
vn 0.5289 -0.5472 -0.6488
vn 0.1769 -0.5512 -0.8154
vn -0.0585 -0.7185 -0.6931
vn -0.3482 -0.6017 -0.7188
vn -0.6130 -0.6569 -0.4390
vn -0.5438 -0.8196 -0.1801
vn -0.6783 -0.7294 0.0884
vn 0.7404 -0.6412 0.2017
vn 0.4997 -0.8073 0.3138
vn 0.3094 -0.9449 0.1065
vn -0.4905 -0.7593 0.4277
vn -0.4902 -0.7592 0.4282
vn -0.4899 -0.7596 0.4278
vn -0.1990 -0.8745 0.4423
vn -0.0055 -0.7537 0.6572
usemtl nob_skullsplitta_dif.024
s 1
f 2286/2582/917 2288/2583/918 2287/2584/919
f 2289/2585/920 2291/2586/921 2290/2587/922
f 2292/2588/923 2291/2586/921 2289/2585/920
f 2292/2588/923 2289/2585/920 2293/2589/924
f 2294/2590/925 2290/2587/922 2295/2591/926
f 2296/2592/927 2298/2593/928 2297/2594/929
f 2294/2590/925 2297/2594/929 2298/2593/928
f 2298/2593/928 2299/2595/930 2294/2590/925
f 2290/2587/922 2294/2590/925 2299/2595/930
f 2299/2595/930 2300/2596/931 2290/2587/922
f 2289/2585/920 2290/2587/922 2300/2596/931
f 2289/2585/920 2300/2596/931 2301/2597/932
f 2289/2585/920 2301/2597/932 2293/2589/924
f 2293/2589/924 2301/2597/932 2302/2598/933
f 2302/2598/933 2301/2597/932 2299/2595/930
f 2299/2595/930 2303/2599/934 2302/2598/933
f 2303/2599/934 2299/2595/930 2298/2593/928
f 2298/2593/928 2304/2600/935 2303/2599/934
f 2305/2601/936 2303/2599/934 2304/2600/935
f 2304/2600/935 2306/2602/937 2305/2601/936
f 2301/2597/932 2300/2596/931 2299/2595/930
f 2302/2598/933 2303/2599/934 2305/2601/936
f 2307/2603/938 2309/2604/939 2308/2605/940
f 2308/2605/940 2310/2606/941 2307/2603/938
f 2311/2607/942 2307/2603/938 2310/2606/941
f 2310/2606/941 2296/2592/927 2311/2607/942
f 2311/2607/942 2296/2592/927 2297/2594/929
f 2297/2594/929 2312/2608/943 2311/2607/942
f 2312/2608/943 2297/2594/929 2294/2590/925
f 2294/2590/925 2313/2609/944 2312/2608/943
f 2295/2591/926 2313/2609/944 2294/2590/925
f 2313/2609/944 2295/2591/926 2314/2610/945
f 2315/2611/946 2314/2610/945 2295/2591/926
f 2316/2612/947 2314/2610/945 2315/2611/946
f 2315/2611/946 2317/2613/948 2316/2612/947
f 2318/2614/949 2316/2612/947 2317/2613/948
f 2317/2613/948 2319/2615/950 2318/2614/949
f 2320/2616/951 2318/2614/949 2319/2615/950
f 2321/2617/952 2320/2616/951 2319/2615/950
f 2322/2618/953 2320/2616/951 2321/2617/952
f 2323/2619/954 2311/2607/942 2312/2608/943
f 2324/2620/955 2325/2621/956 2322/2618/953
f 2326/2622/957 2322/2618/953 2325/2621/956
f 2312/2608/943 2327/2623/958 2323/2619/954
f 2328/2624/959 2323/2619/954 2327/2623/958
f 2329/2625/960 2323/2619/954 2328/2624/959
f 2311/2607/942 2323/2619/954 2329/2625/960
f 2329/2625/960 2307/2603/938 2311/2607/942
f 2307/2603/938 2329/2625/960 2330/2626/961
f 2330/2626/961 2331/2627/962 2307/2603/938
f 2332/2628/963 2331/2627/962 2330/2626/961
f 2333/2629/964 2331/2627/962 2332/2628/963
f 2307/2603/938 2331/2627/962 2333/2629/964
f 2333/2629/964 2309/2604/939 2307/2603/938
f 2330/2626/961 2329/2625/960 2334/2630/965
f 2327/2623/958 2336/2631/966 2335/2632/967
f 2327/2623/958 2335/2632/967 2328/2624/959
f 2337/2633/968 2339/2634/969 2338/2635/970
f 2340/2636/971 2339/2634/969 2337/2633/968
f 2337/2633/968 2334/2630/965 2340/2636/971
f 2340/2636/971 2334/2630/965 2341/2637/972
f 2341/2637/972 2334/2630/965 2329/2625/960
f 2329/2625/960 2342/2638/973 2341/2637/972
f 2328/2624/959 2342/2638/973 2329/2625/960
f 2343/2639/974 2342/2638/973 2328/2624/959
f 2328/2624/959 2344/2640/975 2343/2639/974
f 2344/2640/975 2328/2624/959 2335/2632/967
f 2345/2641/976 2344/2640/975 2335/2632/967
f 2318/2614/949 2345/2641/976 2335/2632/967
f 2316/2612/947 2318/2614/949 2335/2632/967
f 2314/2610/945 2316/2612/947 2335/2632/967
f 2335/2632/967 2336/2631/966 2314/2610/945
f 2314/2610/945 2336/2631/966 2313/2609/944
f 2312/2608/943 2313/2609/944 2336/2631/966
f 2336/2631/966 2327/2623/958 2312/2608/943
f 2338/2635/970 2346/2642/977 2337/2633/968
f 2346/2642/977 2338/2635/970 2347/2643/978
f 2348/2644/979 2347/2643/978 2338/2635/970
f 2341/2637/972 2349/2645/980 2340/2636/971
f 2326/2622/957 2340/2636/971 2349/2645/980
f 2349/2645/980 2350/2646/981 2326/2622/957
f 2334/2630/965 2337/2633/968 2330/2626/961
f 2330/2626/961 2337/2633/968 2346/2642/977
f 2346/2642/977 2351/2647/982 2330/2626/961
f 2347/2643/978 2351/2647/982 2346/2642/977
f 2332/2628/963 2351/2647/982 2347/2643/978
f 2330/2626/961 2351/2647/982 2332/2628/963
f 2325/2621/956 2352/2648/983 2326/2622/957
f 2326/2622/957 2352/2648/983 2353/2649/984
f 2353/2649/984 2340/2636/971 2326/2622/957
f 2340/2636/971 2353/2649/984 2354/2650/985
f 2354/2650/985 2339/2634/969 2340/2636/971
f 2339/2634/969 2354/2650/985 2355/2651/986
f 2355/2651/986 2338/2635/970 2339/2634/969
f 2356/2652/987 2338/2635/970 2355/2651/986
f 2338/2635/970 2356/2652/987 2348/2644/979
f 2357/2653/988 2348/2644/979 2356/2652/987
f 2347/2643/978 2348/2644/979 2357/2653/988
f 2357/2653/988 2358/2654/989 2347/2643/978
f 2347/2643/978 2358/2654/989 2332/2628/963
f 2359/2655/990 2332/2628/963 2358/2654/989
f 2332/2628/963 2359/2655/990 2333/2629/964
f 2360/2656/991 2333/2629/964 2359/2655/990
f 2309/2604/939 2333/2629/964 2360/2656/991
f 2360/2656/991 2308/2605/940 2309/2604/939
f 2355/2651/986 2361/2657/992 2356/2652/987
f 2356/2652/987 2362/2658/993 2357/2653/988
f 2363/2659/994 2357/2653/988 2362/2658/993
f 2357/2653/988 2363/2659/994 2364/2660/995
f 2364/2660/995 2358/2654/989 2357/2653/988
f 2358/2654/989 2364/2660/995 2359/2655/990
f 2365/2661/996 2359/2655/990 2364/2660/995
f 2359/2655/990 2365/2661/996 2360/2656/991
f 2366/2662/997 2360/2656/991 2365/2661/996
f 2365/2661/996 2367/2663/998 2366/2662/997
f 2366/2662/997 2367/2663/998 2368/2664/999
f 2367/2663/998 2365/2661/996 2369/2665/1000
f 2364/2660/995 2369/2665/1000 2365/2661/996
f 2369/2665/1000 2364/2660/995 2363/2659/994
f 2308/2605/940 2360/2656/991 2370/2666/1001
f 2371/2667/1002 2370/2666/1001 2360/2656/991
f 2360/2656/991 2366/2662/997 2371/2667/1002
f 2371/2667/1002 2366/2662/997 2372/2668/1003
f 2368/2664/999 2372/2668/1003 2366/2662/997
f 2373/2669/1004 2372/2668/1003 2368/2664/999
f 2368/2664/999 2374/2670/1005 2373/2669/1004
f 2375/2671/1006 2374/2670/1005 2368/2664/999
f 2368/2664/999 2376/2672/1007 2375/2671/1006
f 2376/2672/1007 2368/2664/999 2367/2663/998
f 2367/2663/998 2377/2673/1008 2376/2672/1007
f 2369/2665/1000 2377/2673/1008 2367/2663/998
f 2377/2673/1008 2369/2665/1000 2378/2674/1009
f 2363/2659/994 2378/2674/1009 2369/2665/1000
f 2378/2674/1009 2363/2659/994 2379/2675/1010
f 2362/2658/993 2379/2675/1010 2363/2659/994
f 2380/2676/1011 2379/2675/1010 2362/2658/993
f 2362/2658/993 2381/2677/1012 2380/2676/1011
f 2376/2672/1007 2383/2678/1013 2382/2679/1014
f 2382/2679/1014 2375/2671/1006 2376/2672/1007
f 2375/2671/1006 2382/2679/1014 2384/2680/1015
f 2384/2680/1015 2385/2681/1016 2375/2671/1006
f 2374/2670/1005 2375/2671/1006 2385/2681/1016
f 2385/2681/1016 2386/2682/1017 2374/2670/1005
f 2373/2669/1004 2374/2670/1005 2386/2682/1017
f 2386/2682/1017 2387/2683/1018 2373/2669/1004
f 2385/2681/1016 2389/2684/1019 2388/2685/1020
f 2388/2685/1020 2386/2682/1017 2385/2681/1016
f 2386/2682/1017 2388/2685/1020 2390/2686/1021
f 2390/2686/1021 2387/2683/1018 2386/2682/1017
f 2391/2687/1022 2387/2683/1018 2390/2686/1021
f 2373/2669/1004 2387/2683/1018 2391/2687/1022
f 2391/2687/1022 2392/2688/1023 2373/2669/1004
f 2372/2668/1003 2373/2669/1004 2392/2688/1023
f 2392/2688/1023 2393/2689/1024 2372/2668/1003
f 2372/2668/1003 2393/2689/1024 2371/2667/1002
f 2394/2690/1025 2371/2667/1002 2393/2689/1024
f 2371/2667/1002 2394/2690/1025 2395/2691/1026
f 2395/2691/1026 2370/2666/1001 2371/2667/1002
f 2396/2692/1027 2370/2666/1001 2395/2691/1026
f 2370/2666/1001 2396/2692/1027 2308/2605/940
f 2308/2605/940 2396/2692/1027 2397/2693/1028
f 2397/2693/1028 2310/2606/941 2308/2605/940
f 2310/2606/941 2397/2693/1028 2398/2694/1029
f 2390/2686/1021 2399/2695/1030 2391/2687/1022
f 2397/2693/1028 2396/2692/1027 2400/2696/1031
f 2395/2691/1026 2400/2696/1031 2396/2692/1027
f 2400/2696/1031 2395/2691/1026 2401/2697/1032
f 2401/2697/1032 2402/2698/1033 2400/2696/1031
f 2403/2699/1034 2400/2696/1031 2402/2698/1033
f 2400/2696/1031 2403/2699/1034 2397/2693/1028
f 2397/2693/1028 2403/2699/1034 2404/2700/1035
f 2404/2700/1035 2398/2694/1029 2397/2693/1028
f 2398/2694/1029 2404/2700/1035 2405/2701/1036
f 2405/2701/1036 2406/2702/1037 2398/2694/1029
f 2406/2702/1037 2405/2701/1036 2407/2703/1038
f 2407/2703/1038 2408/2704/1039 2406/2702/1037
f 2408/2704/1039 2407/2703/1038 2409/2705/1040
f 2410/2706/1041 2409/2705/1040 2407/2703/1038
f 2407/2703/1038 2411/2707/1042 2410/2706/1041
f 2411/2707/1042 2407/2703/1038 2405/2701/1036
f 2405/2701/1036 2412/2708/1043 2411/2707/1042
f 2412/2708/1043 2405/2701/1036 2404/2700/1035
f 2404/2700/1035 2413/2709/1044 2412/2708/1043
f 2414/2710/1045 2413/2709/1044 2404/2700/1035
f 2404/2700/1035 2403/2699/1034 2414/2710/1045
f 2402/2698/1033 2414/2710/1045 2403/2699/1034
f 2410/2706/1041 2416/2711/1046 2415/2712/1047
f 2415/2712/1047 2409/2705/1040 2410/2706/1041
f 2417/2713/1048 2409/2705/1040 2415/2712/1047
f 2409/2705/1040 2417/2713/1048 2408/2704/1039
f 2408/2704/1039 2417/2713/1048 2418/2714/1049
f 2418/2714/1049 2417/2713/1048 2419/2715/1050
f 2419/2715/1050 2420/2716/1051 2418/2714/1049
f 2415/2712/1047 2419/2715/1050 2417/2713/1048
f 2415/2712/1047 2416/2711/1046 2421/2717/1052
f 2398/2694/1029 2296/2592/927 2310/2606/941
f 2296/2592/927 2398/2694/1029 2406/2702/1037
f 2406/2702/1037 2298/2593/928 2296/2592/927
f 2298/2593/928 2406/2702/1037 2408/2704/1039
f 2408/2704/1039 2304/2600/935 2298/2593/928
f 2418/2714/1049 2304/2600/935 2408/2704/1039
f 2304/2600/935 2418/2714/1049 2306/2602/937
f 2422/2718/1053 2306/2602/937 2418/2714/1049
f 2418/2714/1049 2420/2716/1051 2422/2718/1053
f 2422/2718/1053 2420/2716/1051 2423/2719/1054
f 2423/2719/1054 2420/2716/1051 2419/2715/1050
f 2419/2715/1050 2424/2720/1055 2423/2719/1054
f 2424/2720/1055 2419/2715/1050 2415/2712/1047
f 2415/2712/1047 2425/2721/1056 2424/2720/1055
f 2421/2717/1052 2425/2721/1056 2415/2712/1047
f 2426/2722/1057 2425/2721/1056 2421/2717/1052
f 2421/2717/1052 2427/2723/1058 2426/2722/1057
f 2428/2724/1059 2426/2722/1057 2427/2723/1058
f 2425/2721/1056 2426/2722/1057 2429/2725/1060
f 2426/2722/1057 2428/2724/1059 2430/2726/1061
f 2430/2726/1061 2429/2725/1060 2426/2722/1057
f 2429/2725/1060 2430/2726/1061 2431/2727/1062
f 2431/2727/1062 2432/2728/1063 2429/2725/1060
f 2429/2725/1060 2432/2728/1063 2423/2719/1054
f 2423/2719/1054 2424/2720/1055 2429/2725/1060
f 2429/2725/1060 2424/2720/1055 2425/2721/1056
f 2433/2729/1064 2435/2730/1065 2434/2731/1066
f 2436/2732/1067 2434/2731/1066 2435/2730/1065
f 2434/2731/1066 2436/2732/1067 2431/2727/1062
f 2431/2727/1062 2436/2732/1067 2437/2733/1068
f 2437/2733/1068 2432/2728/1063 2431/2727/1062
f 2432/2728/1063 2437/2733/1068 2438/2734/1069
f 2438/2734/1069 2439/2735/1070 2432/2728/1063
f 2423/2719/1054 2432/2728/1063 2439/2735/1070
f 2423/2719/1054 2439/2735/1070 2422/2718/1053
f 2434/2731/1066 2440/2736/1071 2433/2729/1064
f 2435/2730/1065 2441/2737/1072 2436/2732/1067
f 2441/2737/1072 2442/2738/1073 2436/2732/1067
f 2441/2737/1072 2443/2739/1074 2442/2738/1073
f 2435/2730/1065 2443/2739/1074 2441/2737/1072
f 2444/2740/1075 2443/2739/1074 2435/2730/1065
f 2444/2740/1075 2445/2741/1076 2443/2739/1074
f 2443/2739/1074 2445/2741/1076 2446/2742/1077
f 2442/2738/1073 2443/2739/1074 2446/2742/1077
f 2442/2738/1073 2446/2742/1077 2447/2743/1078
f 2436/2732/1067 2442/2738/1073 2447/2743/1078
f 2447/2743/1078 2437/2733/1068 2436/2732/1067
f 2438/2734/1069 2437/2733/1068 2447/2743/1078
f 2448/2744/1079 2433/2729/1064 2440/2736/1071
f 2440/2736/1071 2449/2745/1080 2448/2744/1079
f 2449/2745/1080 2440/2736/1071 2450/2746/1081
f 2450/2746/1081 2440/2736/1071 2434/2731/1066
f 2434/2731/1066 2451/2747/1082 2450/2746/1081
f 2431/2727/1062 2451/2747/1082 2434/2731/1066
f 2431/2727/1062 2452/2748/1083 2451/2747/1082
f 2452/2748/1083 2431/2727/1062 2430/2726/1061
f 2430/2726/1061 2453/2749/1084 2452/2748/1083
f 2453/2749/1084 2430/2726/1061 2428/2724/1059
f 2428/2724/1059 2454/2750/1085 2453/2749/1084
f 2455/2751/1086 2453/2749/1084 2454/2750/1085
f 2454/2750/1085 2456/2752/1087 2455/2751/1086
f 2455/2751/1086 2456/2752/1087 2457/2753/1088
f 2457/2753/1088 2458/2754/1089 2455/2751/1086
f 2455/2751/1086 2458/2754/1089 2459/2755/1090
f 2459/2755/1090 2460/2756/1091 2455/2751/1086
f 2461/2757/1092 2460/2756/1091 2459/2755/1090
f 2460/2756/1091 2452/2748/1083 2453/2749/1084
f 2453/2749/1084 2455/2751/1086 2460/2756/1091
f 2459/2755/1090 2462/2758/1093 2461/2757/1092
f 2460/2756/1091 2461/2757/1092 2463/2759/1094
f 2463/2759/1094 2452/2748/1083 2460/2756/1091
f 2451/2747/1082 2452/2748/1083 2463/2759/1094
f 2463/2759/1094 2450/2746/1081 2451/2747/1082
f 2427/2723/1058 2464/2760/1095 2428/2724/1059
f 2454/2750/1085 2428/2724/1059 2464/2760/1095
f 2464/2760/1095 2465/2761/1096 2454/2750/1085
f 2454/2750/1085 2465/2761/1096 2466/2762/1097
f 2466/2762/1097 2456/2752/1087 2454/2750/1085
f 2456/2752/1087 2466/2762/1097 2467/2763/1098
f 2467/2763/1098 2457/2753/1088 2456/2752/1087
f 2457/2753/1088 2467/2763/1098 2468/2764/1099
f 2468/2764/1099 2469/2765/1100 2457/2753/1088
f 2458/2754/1089 2457/2753/1088 2469/2765/1100
f 2469/2765/1100 2470/2766/1101 2458/2754/1089
f 2459/2755/1090 2458/2754/1089 2470/2766/1101
f 2470/2766/1101 2471/2767/1102 2459/2755/1090
f 2462/2758/1093 2459/2755/1090 2471/2767/1102
f 2471/2767/1102 2472/2768/1103 2462/2758/1093
f 2461/2757/1092 2462/2758/1093 2472/2768/1103
f 2472/2768/1103 2473/2769/1104 2461/2757/1092
f 2461/2757/1092 2473/2769/1104 2474/2770/1105
f 2475/2771/1106 2473/2769/1104 2472/2768/1103
f 2469/2765/1100 2477/2772/1107 2476/2773/1108
f 2476/2773/1108 2470/2766/1101 2469/2765/1100
f 2471/2767/1102 2470/2766/1101 2476/2773/1108
f 2476/2773/1108 2478/2774/1109 2471/2767/1102
f 2479/2775/1110 2480/2776/1111 2474/2770/1105
f 2474/2770/1105 2481/2777/1112 2479/2775/1110
f 2474/2770/1105 2473/2769/1104 2475/2771/1106
f 2475/2771/1106 2481/2777/1112 2474/2770/1105
f 2482/2778/1113 2481/2777/1112 2475/2771/1106
f 2479/2775/1110 2481/2777/1112 2482/2778/1113
f 2482/2778/1113 2483/2779/1114 2479/2775/1110
f 2480/2776/1111 2479/2775/1110 2483/2779/1114
f 2483/2779/1114 2484/2780/1115 2480/2776/1111
f 2480/2776/1111 2484/2780/1115 2485/2781/1116
f 2485/2781/1116 2484/2780/1115 2486/2782/1117
f 2486/2782/1117 2487/2783/1118 2485/2781/1116
f 2487/2783/1118 2486/2782/1117 2488/2784/1119
f 2488/2784/1119 2489/2785/1120 2487/2783/1118
f 2490/2786/1121 2487/2783/1118 2489/2785/1120
f 2489/2785/1120 2491/2787/1122 2490/2786/1121
f 2492/2788/1123 2490/2786/1121 2491/2787/1122
f 2491/2787/1122 2493/2789/1124 2492/2788/1123
f 2494/2790/1125 2492/2788/1123 2493/2789/1124
f 2493/2789/1124 2495/2791/1126 2494/2790/1125
f 2496/2792/1127 2494/2790/1125 2495/2791/1126
f 2495/2791/1126 2497/2793/1128 2496/2792/1127
f 2498/2794/1129 2488/2784/1119 2486/2782/1117
f 2483/2779/1114 2482/2778/1113 2499/2795/1130
f 2500/2796/1131 2497/2793/1128 2495/2791/1126
f 2495/2791/1126 2501/2797/1132 2500/2796/1131
f 2501/2797/1132 2495/2791/1126 2493/2789/1124
f 2493/2789/1124 2502/2798/1133 2501/2797/1132
f 2502/2798/1133 2493/2789/1124 2491/2787/1122
f 2491/2787/1122 2503/2799/1134 2502/2798/1133
f 2503/2799/1134 2491/2787/1122 2504/2800/1135
f 2491/2787/1122 2489/2785/1120 2504/2800/1135
f 2505/2801/1136 2504/2800/1135 2489/2785/1120
f 2489/2785/1120 2488/2784/1119 2505/2801/1136
f 2506/2802/1137 2505/2801/1136 2488/2784/1119
f 2488/2784/1119 2498/2794/1129 2506/2802/1137
f 2507/2803/1138 2506/2802/1137 2498/2794/1129
f 2498/2794/1129 2508/2804/1139 2507/2803/1138
f 2509/2805/1140 2507/2803/1138 2508/2804/1139
f 2510/2806/1141 2509/2805/1140 2508/2804/1139
f 2511/2807/1142 2509/2805/1140 2510/2806/1141
f 2510/2806/1141 2512/2808/1143 2511/2807/1142
f 2513/2809/1144 2507/2803/1138 2509/2805/1140
f 2511/2807/1142 2513/2809/1144 2509/2805/1140
f 2510/2806/1141 2515/2810/1145 2514/2811/1146
f 2508/2804/1139 2515/2810/1145 2510/2806/1141
f 2515/2810/1145 2508/2804/1139 2498/2794/1129
f 2498/2794/1129 2516/2812/1147 2515/2810/1145
f 2486/2782/1117 2516/2812/1147 2498/2794/1129
f 2516/2812/1147 2486/2782/1117 2484/2780/1115
f 2484/2780/1115 2483/2779/1114 2516/2812/1147
f 2516/2812/1147 2483/2779/1114 2514/2811/1146
f 2499/2795/1130 2514/2811/1146 2483/2779/1114
f 2514/2811/1146 2499/2795/1130 2517/2813/1148
f 2517/2813/1148 2499/2795/1130 2482/2778/1113
f 2482/2778/1113 2518/2814/1149 2517/2813/1148
f 2475/2771/1106 2518/2814/1149 2482/2778/1113
f 2518/2814/1149 2475/2771/1106 2519/2815/1150
f 2472/2768/1103 2519/2815/1150 2475/2771/1106
f 2519/2815/1150 2472/2768/1103 2471/2767/1102
f 2471/2767/1102 2520/2816/1151 2519/2815/1150
f 2520/2816/1151 2471/2767/1102 2478/2774/1109
f 2514/2811/1146 2515/2810/1145 2516/2812/1147
f 2521/2817/1152 2520/2816/1151 2522/2818/1153
f 2520/2816/1151 2521/2817/1152 2523/2819/1154
f 2523/2819/1154 2519/2815/1150 2520/2816/1151
f 2519/2815/1150 2523/2819/1154 2518/2814/1149
f 2517/2813/1148 2518/2814/1149 2523/2819/1154
f 2523/2819/1154 2524/2820/1155 2517/2813/1148
f 2525/2821/1156 2517/2813/1148 2524/2820/1155
f 2517/2813/1148 2525/2821/1156 2514/2811/1146
f 2524/2820/1155 2523/2819/1154 2521/2817/1152
f 2526/2822/1157 2527/2823/1158 2399/2695/1030
f 2399/2695/1030 2390/2686/1021 2526/2822/1157
f 2528/2824/1159 2526/2822/1157 2390/2686/1021
f 2390/2686/1021 2388/2685/1020 2528/2824/1159
f 2528/2824/1159 2388/2685/1020 2389/2684/1019
f 2389/2684/1019 2529/2825/1160 2528/2824/1159
f 2522/2818/1153 2528/2824/1159 2529/2825/1160
f 2529/2825/1160 2530/2826/1161 2522/2818/1153
f 2522/2818/1153 2530/2826/1161 2521/2817/1152
f 2531/2827/1162 2521/2817/1152 2530/2826/1161
f 2521/2817/1152 2531/2827/1162 2524/2820/1155
f 2532/2828/1163 2524/2820/1155 2531/2827/1162
f 2524/2820/1155 2532/2828/1163 2525/2821/1156
f 2525/2821/1156 2532/2828/1163 2533/2829/1164
f 2533/2829/1164 2534/2830/1165 2525/2821/1156
f 2525/2821/1156 2534/2830/1165 2535/2831/1166
f 2535/2831/1166 2514/2811/1146 2525/2821/1156
f 2514/2811/1146 2535/2831/1166 2510/2806/1141
f 2536/2832/1167 2512/2808/1143 2510/2806/1141
f 2510/2806/1141 2535/2831/1166 2536/2832/1167
f 2537/2833/1168 2536/2832/1167 2535/2831/1166
f 2535/2831/1166 2534/2830/1165 2537/2833/1168
f 2538/2834/1169 2537/2833/1168 2534/2830/1165
f 2534/2830/1165 2533/2829/1164 2538/2834/1169
f 2538/2834/1169 2533/2829/1164 2539/2835/1170
f 2539/2835/1170 2533/2829/1164 2532/2828/1163
f 2532/2828/1163 2540/2836/1171 2539/2835/1170
f 2531/2827/1162 2540/2836/1171 2532/2828/1163
f 2540/2836/1171 2531/2827/1162 2541/2837/1172
f 2530/2826/1161 2541/2837/1172 2531/2827/1162
f 2542/2838/1173 2541/2837/1172 2530/2826/1161
f 2530/2826/1161 2529/2825/1160 2542/2838/1173
f 2543/2839/1174 2542/2838/1173 2529/2825/1160
f 2529/2825/1160 2389/2684/1019 2543/2839/1174
f 2384/2840/1015 2543/2839/1174 2389/2684/1019
f 2389/2684/1019 2385/2681/1016 2384/2840/1015
f 2541/2837/1172 2544/2841/1175 2540/2836/1171
f 2544/2841/1175 2541/2837/1172 2542/2838/1173
f 2384/2840/1015 2546/2842/1176 2545/2843/1177
f 2545/2843/1177 2543/2839/1174 2384/2840/1015
f 2542/2838/1173 2543/2839/1174 2545/2843/1177
f 2545/2843/1177 2547/2844/1178 2542/2838/1173
f 2542/2838/1173 2547/2844/1178 2544/2841/1175
f 2548/2845/1179 2544/2841/1175 2547/2844/1178
f 2540/2836/1171 2544/2841/1175 2548/2845/1179
f 2548/2845/1179 2539/2835/1170 2540/2836/1171
f 2539/2835/1170 2548/2845/1179 2549/2846/1180
f 2549/2846/1180 2550/2847/1181 2539/2835/1170
f 2539/2835/1170 2550/2847/1181 2538/2834/1169
f 2547/2844/1178 2545/2848/1177 2548/2845/1179
f 2548/2845/1179 2545/2848/1177 2546/2849/1176
f 2546/2849/1176 2549/2846/1180 2548/2845/1179
f 2551/2850/1182 2553/2851/1183 2552/2852/1184
f 2552/2852/1184 2554/2853/1185 2551/2850/1182
f 2555/2854/1186 2557/2855/1187 2556/2856/1188
f 2556/2856/1188 2558/2857/1189 2555/2854/1186
f 2559/2858/1190 2560/2859/1191 2556/2856/1188
f 2561/2860/1192 2559/2858/1190 2556/2856/1188
f 2556/2856/1188 2557/2855/1187 2561/2860/1192
f 2562/2861/1193 2561/2860/1192 2557/2855/1187
f 2557/2855/1187 2563/2862/1194 2562/2861/1193
f 2564/2863/1195 2563/2862/1194 2557/2855/1187
f 2557/2855/1187 2555/2854/1186 2564/2863/1195
f 2565/2864/1196 2564/2863/1195 2555/2854/1186
f 2565/2864/1196 2555/2854/1186 2558/2857/1189
f 2558/2857/1189 2566/2865/1197 2565/2864/1196
f 2565/2864/1196 2566/2865/1197 2567/2866/1198
f 2567/2866/1198 2568/2867/1199 2565/2864/1196
f 2568/2867/1199 2567/2866/1198 2554/2868/1185
f 2554/2868/1185 2552/2852/1184 2568/2867/1199
f 2569/2869/1200 2568/2867/1199 2552/2852/1184
f 2552/2852/1184 2553/2851/1183 2569/2869/1200
f 2569/2869/1200 2553/2851/1183 2551/2870/1182
f 2551/2870/1182 2570/2871/1201 2569/2869/1200
f 2571/2872/1202 2570/2871/1201 2551/2870/1182
f 2572/2873/1203 2570/2871/1201 2571/2872/1202
f 2570/2871/1201 2572/2873/1203 2573/2874/1204
f 2570/2871/1201 2573/2874/1204 2574/2875/1205
f 2574/2875/1205 2569/2869/1200 2570/2871/1201
f 2569/2869/1200 2574/2875/1205 2575/2876/1206
f 2575/2876/1206 2568/2867/1199 2569/2869/1200
f 2565/2864/1196 2568/2867/1199 2575/2876/1206
f 2575/2876/1206 2564/2863/1195 2565/2864/1196
f 2551/2870/1182 2554/2877/1185 2571/2872/1202
f 2571/2872/1202 2576/2878/1207 2572/2873/1203
f 2577/2879/1208 2576/2878/1207 2571/2872/1202
f 2571/2872/1202 2567/2880/1198 2577/2879/1208
f 2566/2881/1197 2577/2879/1208 2567/2880/1198
f 2558/2882/1189 2577/2879/1208 2566/2881/1197
f 2577/2879/1208 2558/2882/1189 2556/2883/1188
f 2567/2880/1198 2571/2872/1202 2554/2877/1185
f 2578/2884/1209 2580/2885/1210 2579/2886/1211
f 2306/2602/937 2582/2887/1212 2581/2888/1213
f 2581/2888/1213 2305/2601/936 2306/2602/937
f 2305/2601/936 2581/2888/1213 2578/2884/1209
f 2305/2601/936 2578/2884/1209 2302/2598/933
f 2583/2889/1214 2302/2598/933 2578/2884/1209
f 2579/2886/1211 2583/2889/1214 2578/2884/1209
f 2583/2889/1214 2579/2886/1211 2584/2890/1215
f 2584/2890/1215 2585/2891/1216 2583/2889/1214
f 2586/2892/1217 2588/2893/1218 2587/2894/1219
f 2587/2894/1219 2589/2895/1220 2586/2892/1217
f 2589/2895/1220 2587/2894/1219 2590/2896/1221
f 2590/2896/1221 2591/2897/1222 2589/2895/1220
f 2592/2898/1223 2589/2895/1220 2591/2897/1222
f 2591/2897/1222 2593/2899/1224 2592/2898/1223
f 2594/2900/1225 2592/2898/1223 2593/2899/1224
f 2593/2899/1224 2595/2901/1226 2594/2900/1225
f 2596/2902/1227 2595/2901/1226 2593/2899/1224
f 2592/2898/1223 2594/2900/1225 2597/2903/1228
f 2597/2903/1228 2586/2892/1217 2592/2898/1223
f 2586/2892/1217 2589/2895/1220 2592/2898/1223
f 2598/2904/1229 2599/2905/1230 2591/2897/1222
f 2591/2897/1222 2599/2905/1230 2600/2906/1231
f 2600/2906/1231 2593/2899/1224 2591/2897/1222
f 2601/2907/1232 2593/2899/1224 2600/2906/1231
f 2593/2899/1224 2601/2907/1232 2596/2902/1227
f 2596/2902/1227 2601/2907/1232 2602/2908/1233
f 2602/2908/1233 2603/2909/1234 2596/2902/1227
f 2595/2901/1226 2596/2902/1227 2603/2909/1234
f 2603/2909/1234 2604/2910/1235 2595/2901/1226
f 2594/2900/1225 2595/2901/1226 2604/2910/1235
f 2604/2910/1235 2605/2911/1236 2594/2900/1225
f 2597/2903/1228 2594/2900/1225 2605/2911/1236
f 2605/2911/1236 2606/2912/1237 2597/2903/1228
f 2586/2892/1217 2597/2903/1228 2606/2912/1237
f 2606/2912/1237 2433/2729/1064 2586/2892/1217
f 2588/2893/1218 2586/2892/1217 2433/2729/1064
f 2433/2729/1064 2448/2744/1079 2588/2893/1218
f 2588/2893/1218 2448/2744/1079 2607/2913/1238
f 2600/2906/1231 2584/2890/1215 2601/2907/1232
f 2562/2914/1193 2608/2915/1239 2485/2781/1116
f 2609/2916/1240 2608/2915/1239 2562/2914/1193
f 2562/2914/1193 2563/2917/1194 2609/2916/1240
f 2609/2916/1240 2563/2917/1194 2610/2918/1241
f 2610/2918/1241 2563/2917/1194 2564/2919/1195
f 2564/2919/1195 2575/2920/1206 2610/2918/1241
f 2610/2918/1241 2575/2920/1206 2611/2921/1242
f 2575/2920/1206 2574/2922/1205 2611/2921/1242
f 2574/2922/1205 2573/2923/1204 2611/2921/1242
f 2573/2923/1204 2607/2913/1238 2611/2921/1242
f 2612/2924/1243 2607/2913/1238 2573/2923/1204
f 2607/2913/1238 2612/2924/1243 2588/2893/1218
f 2588/2893/1218 2612/2924/1243 2613/2925/1244
f 2613/2925/1244 2587/2894/1219 2588/2893/1218
f 2587/2894/1219 2613/2925/1244 2614/2926/1245
f 2614/2926/1245 2590/2896/1221 2587/2894/1219
f 2598/2904/1229 2590/2896/1221 2614/2926/1245
f 2591/2897/1222 2590/2896/1221 2598/2904/1229
f 2610/2918/1241 2615/2927/1246 2609/2916/1240
f 2616/2928/1247 2615/2927/1246 2610/2918/1241
f 2610/2918/1241 2611/2921/1242 2616/2928/1247
f 2611/2921/1242 2607/2913/1238 2448/2744/1079
f 2448/2744/1079 2449/2745/1080 2611/2921/1242
f 2449/2745/1080 2616/2928/1247 2611/2921/1242
f 2450/2746/1081 2616/2928/1247 2449/2745/1080
f 2615/2927/1246 2616/2928/1247 2450/2746/1081
f 2450/2746/1081 2463/2759/1094 2615/2927/1246
f 2609/2916/1240 2615/2927/1246 2463/2759/1094
f 2463/2759/1094 2461/2757/1092 2609/2916/1240
f 2474/2770/1105 2609/2916/1240 2461/2757/1092
f 2608/2915/1239 2609/2916/1240 2474/2770/1105
f 2474/2770/1105 2480/2776/1111 2608/2915/1239
f 2485/2781/1116 2608/2915/1239 2480/2776/1111
f 2485/2781/1116 2560/2929/1191 2562/2914/1193
f 2560/2929/1191 2485/2781/1116 2577/2930/1208
f 2577/2930/1208 2485/2781/1116 2487/2783/1118
f 2487/2783/1118 2490/2786/1121 2577/2930/1208
f 2577/2930/1208 2490/2786/1121 2492/2788/1123
f 2492/2788/1123 2576/2931/1207 2577/2930/1208
f 2576/2931/1207 2492/2788/1123 2494/2790/1125
f 2494/2790/1125 2617/2932/1248 2576/2931/1207
f 2617/2932/1248 2494/2790/1125 2496/2792/1127
f 2496/2792/1127 2618/2933/1249 2617/2932/1248
f 2619/2934/1250 2617/2932/1248 2618/2933/1249
f 2618/2933/1249 2620/2935/1251 2619/2934/1250
f 2614/2926/1245 2619/2934/1250 2620/2935/1251
f 2620/2935/1251 2621/2936/1252 2614/2926/1245
f 2614/2926/1245 2621/2936/1252 2598/2904/1229
f 2617/2932/1248 2619/2934/1250 2622/2937/1253
f 2577/2930/1208 2556/2938/1188 2560/2929/1191
f 2619/2934/1250 2614/2926/1245 2613/2925/1244
f 2613/2925/1244 2622/2937/1253 2619/2934/1250
f 2622/2937/1253 2613/2925/1244 2612/2924/1243
f 2573/2923/1204 2622/2937/1253 2612/2924/1243
f 2573/2923/1204 2572/2939/1203 2622/2937/1253
f 2622/2937/1253 2572/2939/1203 2617/2932/1248
f 2572/2939/1203 2576/2931/1207 2617/2932/1248
f 2603/2909/1234 2602/2908/1233 2447/2743/1078
f 2350/2940/981 2624/2941/1254 2623/2942/1255
f 2623/2942/1255 2625/2943/1256 2350/2940/981
f 2349/2944/980 2626/2945/1257 2350/2940/981
f 2350/2940/981 2626/2945/1257 2627/2946/1258
f 2627/2946/1258 2624/2941/1254 2350/2940/981
f 2624/2941/1254 2627/2946/1258 2341/2947/972
f 2341/2947/972 2342/2948/973 2624/2941/1254
f 2624/2941/1254 2342/2948/973 2343/2949/974
f 2343/2949/974 2623/2942/1255 2624/2941/1254
f 2343/2949/974 2628/2950/1259 2623/2942/1255
f 2625/2943/1256 2623/2942/1255 2628/2950/1259
f 2628/2950/1259 2629/2951/1260 2625/2943/1256
f 2630/2952/1261 2629/2951/1260 2628/2950/1259
f 2628/2950/1259 2631/2953/1262 2630/2952/1261
f 2632/2954/1263 2630/2952/1261 2631/2953/1262
f 2631/2953/1262 2633/2955/1264 2632/2954/1263
f 2633/2955/1264 2631/2953/1262 2634/2956/1265
f 2634/2956/1265 2635/2957/1266 2633/2955/1264
f 2636/2958/1267 2635/2957/1266 2634/2956/1265
f 2634/2956/1265 2637/2959/1268 2636/2958/1267
f 2636/2958/1267 2637/2959/1268 2638/2960/1269
f 2638/2960/1269 2637/2959/1268 2320/2961/951
f 2320/2961/951 2637/2959/1268 2318/2962/949
f 2345/2963/976 2318/2962/949 2637/2959/1268
f 2637/2959/1268 2634/2956/1265 2345/2963/976
f 2344/2964/975 2345/2963/976 2634/2956/1265
f 2634/2956/1265 2631/2953/1262 2344/2964/975
f 2344/2964/975 2631/2953/1262 2628/2950/1259
f 2628/2950/1259 2343/2949/974 2344/2964/975
f 2638/2960/1269 2632/2965/1263 2636/2958/1267
f 2636/2966/1267 2632/2967/1263 2633/2955/1264
f 2633/2955/1264 2635/2957/1266 2636/2966/1267
f 2638/2960/1269 2630/2968/1261 2632/2965/1263
f 2320/2961/951 2322/2969/953 2638/2960/1269
f 2638/2960/1269 2322/2969/953 2326/2970/957
f 2326/2970/957 2630/2968/1261 2638/2960/1269
f 2326/2970/957 2629/2971/1260 2630/2968/1261
f 2326/2970/957 2625/2972/1256 2629/2971/1260
f 2625/2972/1256 2326/2970/957 2350/2973/981
f 2639/2974/1270 2641/2975/1271 2640/2976/1272
f 2640/2976/1272 2642/2977/1273 2639/2974/1270
f 2643/2978/1274 2639/2974/1270 2642/2977/1273
f 2642/2977/1273 2644/2979/1275 2643/2978/1274
f 2645/2980/1276 2647/2981/1277 2646/2982/1278
f 2646/2982/1278 2648/2983/1279 2645/2980/1276
f 2649/2984/1280 2648/2983/1279 2646/2982/1278
f 2646/2982/1278 2650/2985/1281 2649/2984/1280
f 2651/2986/1282 2549/2987/1180 2546/2988/1176
f 2546/2988/1176 2652/2989/1283 2651/2986/1282
f 2651/2986/1282 2652/2989/1283 2653/2990/1284
f 2652/2991/1283 2546/2992/1176 2384/2680/1015
f 2384/2680/1015 2382/2679/1014 2652/2991/1283
f 2652/2991/1283 2382/2679/1014 2383/2678/1013
f 2383/2678/1013 2653/2990/1284 2652/2991/1283
f 2654/2993/1285 2653/2990/1284 2383/2678/1013
f 2653/2990/1284 2654/2993/1285 2651/2986/1282
f 2651/2986/1282 2654/2993/1285 2655/2994/1286
f 2655/2994/1286 2656/2995/1287 2651/2986/1282
f 2549/2987/1180 2651/2986/1282 2656/2995/1287
f 2656/2995/1287 2550/2996/1181 2549/2987/1180
f 2538/2997/1169 2550/2996/1181 2656/2995/1287
f 2655/2994/1286 2654/2993/1285 2657/2998/1288
f 2383/2678/1013 2657/2998/1288 2654/2993/1285
f 2658/2999/1289 2660/3000/1290 2659/3001/1291
f 2659/3001/1291 2660/3000/1290 2661/3002/1292
f 2661/3002/1292 2660/3000/1290 2511/3003/1142
f 2511/3003/1142 2512/3004/1143 2661/3002/1292
f 2661/3002/1292 2512/3004/1143 2536/3005/1167
f 2536/3005/1167 2662/3006/1293 2661/3002/1292
f 2662/3006/1293 2536/3005/1167 2537/3007/1168
f 2537/3007/1168 2381/2677/1012 2662/3006/1293
f 2381/2677/1012 2537/3007/1168 2538/2997/1169
f 2538/2997/1169 2380/2676/1011 2381/2677/1012
f 2656/2995/1287 2380/2676/1011 2538/2997/1169
f 2379/2675/1010 2380/2676/1011 2656/2995/1287
f 2656/2995/1287 2655/2994/1286 2379/2675/1010
f 2379/2675/1010 2655/2994/1286 2378/2674/1009
f 2657/2998/1288 2378/2674/1009 2655/2994/1286
f 2378/2674/1009 2657/2998/1288 2377/2673/1008
f 2377/2673/1008 2657/2998/1288 2383/2678/1013
f 2383/2678/1013 2376/2672/1007 2377/2673/1008
f 2513/3008/1144 2511/3003/1142 2660/3000/1290
f 2658/2999/1289 2513/3008/1144 2660/3000/1290
f 2662/3006/1293 2381/2677/1012 2362/2658/993
f 2362/2658/993 2356/2652/987 2662/3006/1293
f 2661/3002/1292 2662/3006/1293 2356/2652/987
f 2356/2652/987 2361/2657/992 2661/3002/1292
f 2661/3002/1292 2361/2657/992 2659/3001/1291
f 2663/3009/1294 2659/3001/1291 2361/2657/992
f 2361/2657/992 2355/2651/986 2663/3009/1294
f 2663/3009/1294 2355/2651/986 2354/2650/985
f 2354/2650/985 2664/3010/1295 2663/3009/1294
f 2664/3010/1295 2354/2650/985 2353/2649/984
f 2353/2649/984 2665/3011/1296 2664/3010/1295
f 2665/3011/1296 2353/2649/984 2352/2648/983
f 2352/2648/983 2666/3012/1297 2665/3011/1296
f 2666/3012/1297 2352/2648/983 2325/2621/956
f 2325/2621/956 2667/3013/1298 2666/3012/1297
f 2667/3013/1298 2325/2621/956 2324/2620/955
f 2324/2620/955 2668/3014/1299 2667/3013/1298
f 2322/2618/953 2321/2617/952 2324/2620/955
f 2496/3015/1127 2324/2620/955 2321/2617/952
f 2668/3014/1299 2324/2620/955 2496/3015/1127
f 2496/3015/1127 2497/3016/1128 2668/3014/1299
f 2668/3014/1299 2497/3016/1128 2500/3017/1131
f 2500/3017/1131 2669/3018/1300 2668/3014/1299
f 2667/3013/1298 2668/3014/1299 2669/3018/1300
f 2669/3018/1300 2670/3019/1301 2667/3013/1298
f 2666/3012/1297 2667/3013/1298 2670/3019/1301
f 2670/3019/1301 2671/3020/1302 2666/3012/1297
f 2666/3012/1297 2671/3020/1302 2672/3021/1303
f 2665/3011/1296 2666/3012/1297 2672/3021/1303
f 2665/3011/1296 2672/3021/1303 2673/3022/1304
f 2673/3022/1304 2664/3010/1295 2665/3011/1296
f 2664/3010/1295 2673/3022/1304 2674/3023/1305
f 2674/3023/1305 2663/3009/1294 2664/3010/1295
f 2663/3009/1294 2674/3023/1305 2658/2999/1289
f 2658/2999/1289 2659/3001/1291 2663/3009/1294
f 2321/2617/952 2618/3024/1249 2496/3015/1127
f 2618/3024/1249 2321/2617/952 2675/3025/1306
f 2319/2615/950 2675/3025/1306 2321/2617/952
f 2675/3025/1306 2319/2615/950 2676/3026/1307
f 2676/3026/1307 2677/3027/1308 2675/3025/1306
f 2677/3027/1308 2676/3026/1307 2678/3028/1309
f 2678/3028/1309 2679/3029/1310 2677/3027/1308
f 2679/3029/1310 2678/3028/1309 2680/3030/1311
f 2680/3030/1311 2681/3031/1312 2679/3029/1310
f 2598/3032/1229 2679/3029/1310 2681/3031/1312
f 2681/3031/1312 2599/3033/1230 2598/3032/1229
f 2600/3034/1231 2599/3033/1230 2681/3031/1312
f 2677/3027/1308 2679/3029/1310 2598/3032/1229
f 2598/3032/1229 2621/3035/1252 2677/3027/1308
f 2677/3027/1308 2621/3035/1252 2620/3036/1251
f 2620/3036/1251 2675/3025/1306 2677/3027/1308
f 2675/3025/1306 2620/3036/1251 2618/3024/1249
f 2676/3026/1307 2319/2615/950 2317/2613/948
f 2676/3026/1307 2317/2613/948 2315/2611/946
f 2315/2611/946 2678/3028/1309 2676/3026/1307
f 2678/3028/1309 2315/2611/946 2682/3037/1313
f 2682/3037/1313 2680/3030/1311 2678/3028/1309
f 2680/3030/1311 2682/3037/1313 2683/3038/1314
f 2681/3031/1312 2680/3030/1311 2683/3038/1314
f 2683/3038/1314 2684/3039/1315 2681/3031/1312
f 2681/3031/1312 2684/3039/1315 2600/3034/1231
f 2600/3034/1231 2684/3039/1315 2585/2891/1216
f 2585/2891/1216 2584/2890/1215 2600/3034/1231
f 2683/3038/1314 2682/3037/1313 2685/3040/1316
f 2685/3040/1316 2686/3041/1317 2683/3038/1314
f 2684/3039/1315 2683/3038/1314 2686/3041/1317
f 2686/3041/1317 2687/3042/1318 2684/3039/1315
f 2684/3039/1315 2687/3042/1318 2688/3043/1319
f 2295/2591/926 2682/3037/1313 2315/2611/946
f 2682/3037/1313 2295/2591/926 2689/3044/1320
f 2689/3044/1320 2685/3040/1316 2682/3037/1313
f 2685/3040/1316 2689/3044/1320 2690/3045/1321
f 2690/3045/1321 2686/3041/1317 2685/3040/1316
f 2686/3041/1317 2690/3045/1321 2691/3046/1322
f 2691/3046/1322 2687/3042/1318 2686/3041/1317
f 2687/3042/1318 2691/3046/1322 2692/3047/1323
f 2692/3047/1323 2688/3043/1319 2687/3042/1318
f 2688/3043/1319 2692/3047/1323 2583/2889/1214
f 2583/2889/1214 2585/2891/1216 2688/3043/1319
f 2688/3043/1319 2585/2891/1216 2684/3039/1315
f 2293/2589/924 2302/2598/933 2692/3047/1323
f 2293/2589/924 2692/3047/1323 2691/3046/1322
f 2691/3046/1322 2292/2588/923 2293/2589/924
f 2292/2588/923 2691/3046/1322 2690/3045/1321
f 2690/3045/1321 2291/2586/921 2292/2588/923
f 2291/2586/921 2690/3045/1321 2689/3044/1320
f 2689/3044/1320 2290/2587/922 2291/2586/921
f 2290/2587/922 2689/3044/1320 2295/2591/926
f 2639/3048/1270 2693/3049/1324 2641/3050/1271
f 2646/2982/1278 2647/2981/1277 2693/3049/1324
f 2639/3048/1270 2646/2982/1278 2693/3049/1324
f 2650/2985/1281 2646/2982/1278 2639/3048/1270
f 2639/3048/1270 2643/3051/1274 2650/2985/1281
f 2694/3052/1325 2696/3053/1326 2695/3054/1327
f 2465/3055/1096 2464/3056/1095 2697/3057/1328
f 2697/3057/1328 2698/3058/1329 2465/3055/1096
f 2698/3058/1329 2697/3057/1328 2699/3059/1330
f 2699/3059/1330 2700/3060/1331 2698/3058/1329
f 2701/3061/1332 2700/3060/1331 2699/3059/1330
f 2699/3059/1330 2702/3062/1333 2701/3061/1332
f 2701/3061/1332 2702/3062/1333 2694/3052/1325
f 2694/3052/1325 2703/3063/1334 2701/3061/1332
f 2695/3054/1327 2703/3063/1334 2694/3052/1325
f 2704/3064/1335 2703/3063/1334 2695/3054/1327
f 2695/3054/1327 2705/3065/1336 2704/3064/1335
f 2704/3064/1335 2705/3065/1336 2706/3066/1337
f 2402/3067/1033 2706/3066/1337 2705/3065/1336
f 2705/3065/1336 2414/3068/1045 2402/3067/1033
f 2414/3068/1045 2705/3065/1336 2695/3054/1327
f 2695/3054/1327 2413/3069/1044 2414/3068/1045
f 2413/3069/1044 2695/3054/1327 2696/3053/1326
f 2696/3053/1326 2412/3070/1043 2413/3069/1044
f 2706/3066/1337 2707/3071/1338 2704/3064/1335
f 2708/3072/1339 2709/3073/1340 2698/3058/1329
f 2698/3058/1329 2700/3060/1331 2708/3072/1339
f 2466/3074/1097 2465/3055/1096 2698/3058/1329
f 2698/3058/1329 2709/3073/1340 2466/3074/1097
f 2467/3075/1098 2466/3074/1097 2709/3073/1340
f 2709/3073/1340 2710/3076/1341 2467/3075/1098
f 2710/3076/1341 2709/3073/1340 2708/3072/1339
f 2708/3072/1339 2711/3077/1342 2710/3076/1341
f 2583/2889/1214 2692/3047/1323 2302/2598/933
f 2712/3078/1343 2696/3053/1326 2694/3052/1325
f 2694/3052/1325 2702/3062/1333 2712/3078/1343
f 2712/3078/1343 2702/3062/1333 2699/3059/1330
f 2699/3059/1330 2697/3057/1328 2712/3078/1343
f 2697/3057/1328 2464/3056/1095 2427/3079/1058
f 2712/3078/1343 2697/3057/1328 2427/3079/1058
f 2427/3079/1058 2421/3080/1052 2712/3078/1343
f 2416/3081/1046 2712/3078/1343 2421/3080/1052
f 2712/3078/1343 2416/3081/1046 2410/3082/1041
f 2712/3078/1343 2410/3082/1041 2411/3083/1042
f 2411/3083/1042 2696/3053/1326 2712/3078/1343
f 2412/3070/1043 2696/3053/1326 2411/3083/1042
f 2713/3084/1344 2715/3085/1345 2714/3086/1346
f 2714/3086/1346 2716/3087/1347 2713/3084/1344
f 2717/3088/1348 2713/3084/1344 2716/3087/1347
f 2714/3089/1346 2719/3090/1349 2718/3091/1350
f 2718/3091/1350 2716/3092/1347 2714/3089/1346
f 2717/3088/1348 2716/3092/1347 2718/3091/1350
f 2720/3093/1351 2722/3094/1352 2721/3095/1353
f 2718/3091/1350 2719/3090/1349 2723/3096/1354
f 2723/3096/1354 2724/3097/1355 2718/3091/1350
f 2717/3088/1348 2718/3091/1350 2724/3097/1355
f 2725/3098/1356 2727/3099/1357 2726/3100/1358
f 2726/3100/1358 2728/3101/1359 2725/3098/1356
f 2729/3102/1360 2725/3098/1356 2728/3101/1359
f 2726/3103/1358 2731/3104/1361 2730/3105/1362
f 2730/3105/1362 2728/3106/1359 2726/3103/1358
f 2729/3102/1360 2728/3106/1359 2730/3105/1362
f 2720/3093/1351 2732/3107/1363 2722/3094/1352
f 2729/3102/1360 2730/3105/1362 2733/3108/1364
f 2734/3109/1365 2733/3108/1364 2730/3105/1362
f 2730/3105/1362 2731/3104/1361 2734/3109/1365
f 2720/3093/1351 2735/3110/1366 2732/3107/1363
f 2736/3111/1367 2737/3112/1368 2288/2583/918
f 2286/2582/917 2736/3111/1367 2288/2583/918
f 2582/2887/1212 2306/2602/937 2422/2718/1053
f 2422/2718/1053 2738/3113/1369 2582/2887/1212
f 2739/3114/1370 2738/3113/1369 2422/2718/1053
f 2422/2718/1053 2439/2735/1070 2739/3114/1370
f 2720/3093/1351 2721/3115/1353 2735/3110/1366
f 2738/3113/1369 2740/3116/1371 2581/2888/1213
f 2581/2888/1213 2582/2887/1212 2738/3113/1369
f 2578/2884/1209 2581/2888/1213 2740/3116/1371
f 2740/3116/1371 2580/2885/1210 2578/2884/1209
f 2741/3117/1372 2580/2885/1210 2740/3116/1371
f 2740/3116/1371 2742/3118/1373 2741/3117/1372
f 2742/3118/1373 2740/3116/1371 2738/3113/1369
f 2738/3113/1369 2739/3114/1370 2742/3118/1373
f 2743/3119/1374 2745/3120/1375 2744/3121/1376
f 2606/2912/1237 2435/2730/1065 2433/2729/1064
f 2444/2740/1075 2435/2730/1065 2606/2912/1237
f 2606/2912/1237 2605/2911/1236 2444/2740/1075
f 2445/2741/1076 2444/2740/1075 2605/2911/1236
f 2605/2911/1236 2604/2910/1235 2445/2741/1076
f 2446/2742/1077 2445/2741/1076 2604/2910/1235
f 2604/2910/1235 2603/2909/1234 2446/2742/1077
f 2447/2743/1078 2446/2742/1077 2603/2909/1234
f 2746/3122/1377 2748/3123/1378 2747/3124/1379
f 2747/3124/1379 2749/3125/1380 2746/3122/1377
f 2749/3125/1380 2747/3124/1379 2750/3126/1381
f 2750/3126/1381 2751/3127/1382 2749/3125/1380
f 2752/3128/1383 2751/3127/1382 2750/3126/1381
f 2750/3126/1381 2753/3129/1384 2752/3128/1383
f 2754/3130/1385 2752/3128/1383 2753/3129/1384
f 2753/3129/1384 2755/3131/1386 2754/3130/1385
f 2743/3119/1374 2756/3132/1387 2745/3120/1375
f 2643/3133/1274 2644/2979/1275 2649/2984/1280
f 2649/2984/1280 2650/3134/1281 2643/3133/1274
f 2757/3135/1388 2759/3136/1389 2758/3137/1390
f 2758/3137/1390 2760/3138/1391 2757/3135/1388
f 2761/3139/1392 2757/3135/1388 2760/3138/1391
f 2760/3138/1391 2401/3140/1032 2761/3139/1392
f 2402/3141/1033 2401/3140/1032 2760/3138/1391
f 2760/3138/1391 2706/3142/1337 2402/3141/1033
f 2706/3142/1337 2760/3138/1391 2758/3137/1390
f 2758/3137/1390 2707/3143/1338 2706/3142/1337
f 2710/3144/1341 2711/3145/1342 2762/3146/1393
f 2762/3146/1393 2763/3147/1394 2710/3144/1341
f 2467/3148/1098 2710/3144/1341 2763/3147/1394
f 2763/3147/1394 2468/3149/1099 2467/3148/1098
f 2764/3150/1395 2468/3149/1099 2763/3147/1394
f 2763/3147/1394 2765/3151/1396 2764/3150/1395
f 2746/3122/1377 2764/3150/1395 2765/3151/1396
f 2765/3151/1396 2748/3123/1378 2746/3122/1377
f 2748/3123/1378 2765/3151/1396 2766/3152/1397
f 2766/3152/1397 2747/3124/1379 2748/3123/1378
f 2750/3126/1381 2747/3124/1379 2766/3152/1397
f 2766/3152/1397 2767/3153/1398 2750/3126/1381
f 2750/3126/1381 2767/3153/1398 2759/3136/1389
f 2759/3136/1389 2753/3129/1384 2750/3126/1381
f 2755/3131/1386 2753/3129/1384 2759/3136/1389
f 2759/3136/1389 2757/3135/1388 2755/3131/1386
f 2754/3130/1385 2755/3131/1386 2757/3135/1388
f 2757/3135/1388 2761/3139/1392 2754/3130/1385
f 2765/3151/1396 2763/3147/1394 2762/3146/1393
f 2762/3146/1393 2766/3152/1397 2765/3151/1396
f 2743/3119/1374 2768/3154/1399 2756/3132/1387
f 2767/3153/1398 2766/3152/1397 2769/3155/1400
f 2769/3155/1400 2770/3156/1401 2767/3153/1398
f 2767/3153/1398 2770/3156/1401 2771/3157/1402
f 2771/3157/1402 2759/3136/1389 2767/3153/1398
f 2711/3145/1342 2708/3072/1339 2772/3158/1403
f 2772/3158/1403 2762/3146/1393 2711/3145/1342
f 2762/3146/1393 2772/3158/1403 2769/3155/1400
f 2769/3155/1400 2766/3152/1397 2762/3146/1393
f 2562/2861/1193 2560/3159/1191 2559/2858/1190
f 2559/2858/1190 2561/2860/1192 2562/2861/1193
f 2341/2947/972 2627/2946/1258 2626/2945/1257
f 2626/2945/1257 2349/3160/980 2341/2947/972
f 2773/3161/1404 2775/3162/1405 2774/3163/1406
f 2774/3163/1406 2776/3164/1407 2773/3161/1404
f 2777/3165/1408 2773/3161/1404 2776/3164/1407
f 2778/3166/1409 2777/3165/1408 2776/3164/1407
f 2778/3166/1409 2776/3164/1407 2779/3167/1410
f 2774/3163/1406 2779/3167/1410 2776/3164/1407
f 2743/3119/1374 2744/3168/1376 2768/3154/1399
f 2780/3169/1411 2782/3170/1412 2781/3171/1413
f 2781/3171/1413 2783/3172/1414 2780/3169/1411
f 2784/3173/1415 2780/3169/1411 2783/3172/1414
f 2784/3173/1415 2785/3174/1416 2780/3169/1411
f 2786/3175/1417 2787/3176/1418 2782/3170/1412
f 2782/3170/1412 2780/3169/1411 2786/3175/1417
f 2785/3174/1416 2786/3175/1417 2780/3169/1411
f 2788/3177/1419 2789/3178/1420 2787/3176/1418
f 2787/3176/1418 2786/3175/1417 2788/3177/1419
f 2790/3179/1421 2788/3177/1419 2786/3175/1417
f 2785/3174/1416 2790/3179/1421 2786/3175/1417
f 2717/3088/1348 2724/3097/1355 2713/3084/1344
f 2713/3084/1344 2724/3097/1355 2723/3096/1354
f 2723/3096/1354 2715/3085/1345 2713/3084/1344
f 2791/3180/1422 2793/3181/1423 2792/3182/1424
f 2792/3182/1424 2794/3183/1425 2791/3180/1422
f 2791/3180/1422 2794/3183/1425 2795/3184/1426
f 2795/3184/1426 2796/3185/1427 2791/3180/1422
f 2795/3184/1426 2797/3186/1428 2796/3185/1427
f 2729/3102/1360 2733/3108/1364 2725/3098/1356
f 2725/3098/1356 2733/3108/1364 2734/3109/1365
f 2734/3109/1365 2727/3099/1357 2725/3098/1356
f 2798/3187/1429 2799/3188/1430 2793/3181/1423
f 2793/3181/1423 2791/3180/1422 2798/3187/1429
f 2796/3185/1427 2798/3187/1429 2791/3180/1422
f 2796/3185/1427 2797/3186/1428 2798/3187/1429
f 2800/3189/1431 2801/3190/1432 2799/3188/1430
f 2799/3188/1430 2798/3187/1429 2800/3189/1431
f 2797/3186/1428 2800/3189/1431 2798/3187/1429
f 2802/3191/1433 2804/3192/1434 2803/3193/1435
f 2802/3191/1433 2803/3193/1435 2805/3194/1436
f 2805/3194/1436 2806/3195/1437 2802/3191/1433
f 2807/3196/1438 2806/3195/1437 2805/3194/1436
f 2805/3194/1436 2808/3197/1439 2807/3196/1438
f 2286/2582/917 2287/3198/919 2809/3199/1440
f 2287/3198/919 2810/3200/1441 2809/3199/1440
f 2286/2582/917 2809/3199/1440 2736/3111/1367
f 2737/3112/1368 2736/3111/1367 2809/3199/1440
f 2809/3199/1440 2810/3200/1441 2737/3112/1368
f 2579/2886/1211 2580/2885/1210 2741/3117/1372
f 2602/2908/1233 2601/2907/1232 2584/2890/1215
f 2584/2890/1215 2579/2886/1211 2602/2908/1233
f 2741/3117/1372 2602/2908/1233 2579/2886/1211
f 2447/2743/1078 2602/2908/1233 2741/3117/1372
f 2447/2743/1078 2741/3117/1372 2438/2734/1069
f 2742/3118/1373 2438/2734/1069 2741/3117/1372
f 2439/2735/1070 2438/2734/1069 2742/3118/1373
f 2742/3118/1373 2739/3114/1370 2439/2735/1070
f 2811/3201/1442 2812/3202/1443 2808/3197/1439
f 2808/3197/1439 2805/3194/1436 2811/3201/1442
f 2803/3193/1435 2811/3201/1442 2805/3194/1436
f 2803/3193/1435 2804/3192/1434 2811/3201/1442
f 2813/3203/1444 2814/3204/1445 2812/3202/1443
f 2812/3202/1443 2811/3201/1442 2813/3203/1444
f 2804/3192/1434 2813/3203/1444 2811/3201/1442
f 2815/3205/1446 2817/3206/1447 2816/3207/1448
f 2816/3207/1448 2818/3208/1449 2815/3205/1446
f 2819/3209/1450 2815/3205/1446 2818/3208/1449
f 2703/3063/1334 2704/3064/1335 2820/3210/1451
f 2820/3210/1451 2701/3061/1332 2703/3063/1334
f 2700/3060/1331 2701/3061/1332 2820/3210/1451
f 2820/3210/1451 2708/3072/1339 2700/3060/1331
f 2477/2772/1107 2469/2765/1100 2468/2764/1099
f 2468/2764/1099 2764/3211/1395 2477/2772/1107
f 2821/3212/1452 2477/2772/1107 2764/3211/1395
f 2764/3211/1395 2746/3213/1377 2821/3212/1452
f 2822/3214/1453 2821/3212/1452 2746/3213/1377
f 2746/3213/1377 2749/3215/1380 2822/3214/1453
f 2822/3214/1453 2749/3215/1380 2751/3216/1382
f 2751/3216/1382 2823/3217/1454 2822/3214/1453
f 2824/3218/1455 2823/3217/1454 2751/3216/1382
f 2751/3216/1382 2752/3219/1383 2824/3218/1455
f 2824/3218/1455 2752/3219/1383 2754/3220/1385
f 2754/3220/1385 2825/3221/1456 2824/3218/1455
f 2825/3221/1456 2754/3220/1385 2761/3222/1392
f 2761/3222/1392 2394/2690/1025 2825/3221/1456
f 2394/2690/1025 2761/3222/1392 2401/2697/1032
f 2401/2697/1032 2395/2691/1026 2394/2690/1025
f 2758/3137/1390 2759/3136/1389 2771/3157/1402
f 2771/3157/1402 2826/3223/1457 2758/3137/1390
f 2707/3143/1338 2758/3137/1390 2826/3223/1457
f 2826/3223/1457 2704/3064/1335 2707/3143/1338
f 2777/3165/1408 2778/3166/1409 2773/3224/1404
f 2778/3166/1409 2779/3167/1410 2773/3224/1404
f 2775/3225/1405 2773/3224/1404 2779/3167/1410
f 2827/3226/1458 2819/3209/1450 2818/3227/1449
f 2827/3226/1458 2818/3227/1449 2828/3228/1459
f 2829/3229/1460 2828/3228/1459 2818/3227/1449
f 2818/3227/1449 2816/3230/1448 2829/3229/1460
f 2783/3231/1414 2781/3232/1413 2789/3178/1420
f 2789/3178/1420 2788/3177/1419 2783/3231/1414
f 2783/3231/1414 2788/3177/1419 2790/3179/1421
f 2790/3179/1421 2784/3233/1415 2783/3231/1414
f 2790/3179/1421 2785/3174/1416 2784/3233/1415
f 2797/3234/1428 2795/3184/1426 2800/3235/1431
f 2795/3184/1426 2794/3183/1425 2800/3235/1431
f 2801/3236/1432 2800/3235/1431 2794/3183/1425
f 2794/3183/1425 2792/3182/1424 2801/3236/1432
f 2804/3192/1434 2802/3191/1433 2813/3237/1444
f 2802/3191/1433 2806/3195/1437 2813/3237/1444
f 2814/3238/1445 2813/3237/1444 2806/3195/1437
f 2806/3195/1437 2807/3196/1438 2814/3238/1445
f 2642/2977/1273 2640/2976/1272 2645/2980/1276
f 2645/2980/1276 2648/2983/1279 2642/2977/1273
f 2644/2979/1275 2642/2977/1273 2648/2983/1279
f 2648/2983/1279 2649/2984/1280 2644/2979/1275
f 2819/3209/1450 2827/3226/1458 2815/3205/1446
f 2827/3226/1458 2828/3228/1459 2815/3205/1446
f 2817/3206/1447 2815/3205/1446 2828/3228/1459
f 2828/3228/1459 2829/3229/1460 2817/3206/1447
f 2772/3158/1403 2708/3072/1339 2820/3210/1451
f 2820/3210/1451 2830/3239/1461 2772/3158/1403
f 2769/3155/1400 2772/3158/1403 2830/3239/1461
f 2830/3239/1461 2770/3156/1401 2769/3155/1400
f 2771/3157/1402 2770/3156/1401 2830/3239/1461
f 2830/3239/1461 2826/3223/1457 2771/3157/1402
f 2826/3223/1457 2830/3239/1461 2820/3210/1451
f 2820/3210/1451 2704/3064/1335 2826/3223/1457
f 2478/2774/1109 2522/2818/1153 2520/2816/1151
f 2528/2824/1159 2522/2818/1153 2478/2774/1109
f 2478/2774/1109 2526/2822/1157 2528/2824/1159
f 2526/2822/1157 2478/2774/1109 2476/2773/1108
f 2476/2773/1108 2527/2823/1158 2526/2822/1157
f 2527/2823/1158 2476/2773/1108 2477/2772/1107
f 2477/2772/1107 2821/3212/1452 2527/2823/1158
f 2527/2823/1158 2821/3212/1452 2822/3214/1453
f 2822/3214/1453 2399/2695/1030 2527/2823/1158
f 2399/2695/1030 2822/3214/1453 2823/3217/1454
f 2823/3217/1454 2391/2687/1022 2399/2695/1030
f 2392/2688/1023 2391/2687/1022 2823/3217/1454
f 2823/3217/1454 2824/3218/1455 2392/2688/1023
f 2393/2689/1024 2392/2688/1023 2824/3218/1455
f 2824/3218/1455 2825/3221/1456 2393/2689/1024
f 2393/2689/1024 2825/3221/1456 2394/2690/1025
usemtl nob_skullsplitta_dif_Nob_2_red.png.006
s off
f 2831/3240/1462 2834/3241/1463 2833/3242/1462 2832/3243/1463
f 2834/3241/1464 2835/3244/1465 2833/3242/1466
f 2831/3240/1467 2832/3243/1468 2836/3245/1469
f 2833/3242/1470 2838/3246/1470 2837/3247/1470 2832/3243/1470
f 2833/3242/1471 2835/3244/1471 2838/3246/1471
f 2832/3243/1472 2837/3247/1472 2836/3245/1472
f 2839/3248/1473 2842/3249/1474 2841/3250/1473 2840/3251/1474
f 2842/3249/1475 2844/3252/1476 2843/3253/1475 2841/3250/1476
f 2844/3252/1477 2846/3254/1477 2845/3255/1477 2843/3253/1477
f 2846/3254/1478 2844/3252/1479 2835/3256/1480
f 2844/3252/1481 2842/3249/1481 2835/3256/1481
f 2839/3248/1482 2835/3256/1482 2842/3249/1482
f 2836/3257/1483 2843/3253/1484 2845/3255/1485
f 2843/3253/1486 2836/3257/1486 2841/3250/1486
f 2841/3250/1487 2836/3257/1488 2840/3251/1489
f 2847/3258/1490 2850/3259/1491 2849/3260/1490 2848/3261/1491
f 2848/3261/1492 2849/3260/1493 2851/3262/1494
f 2847/3258/1495 2852/3263/1496 2850/3259/1497
f 2849/3260/1498 2850/3259/1498 2854/3264/1498 2853/3265/1498
f 2849/3260/1499 2853/3265/1499 2851/3262/1499
f 2850/3259/1500 2852/3263/1501 2854/3264/1502
f 2855/3266/1503 2858/3267/1504 2857/3268/1505 2856/3269/1506
f 2856/3269/1507 2857/3268/1508 2860/3270/1509 2859/3271/1508
f 2859/3271/1510 2860/3270/1511 2862/3272/1512 2861/3273/1513
f 2861/3273/1514 2851/3274/1515 2859/3271/1516
f 2859/3271/1517 2851/3274/1517 2856/3269/1517
f 2855/3266/1518 2856/3269/1518 2851/3274/1518
f 2852/3275/1519 2862/3272/1520 2860/3270/1521
f 2860/3270/1522 2857/3268/1522 2852/3275/1522
f 2857/3268/1523 2858/3267/1524 2852/3275/1525
f 2863/3276/1526 2865/3277/1526 2864/3278/1526
f 2866/3279/1527 2867/3280/1527 2864/3278/1527
f 2863/3276/1528 2868/3281/1528 2865/3277/1528
f 2863/3276/1529 2869/3282/1529 2868/3281/1529
f 2863/3276/1530 2870/3283/1530 2869/3282/1530
f 2866/3279/1531 2871/3284/1531 2867/3280/1531
f 2872/3285/1532 2874/3286/1532 2873/3287/1532
f 2875/3288/1533 2877/3289/1534 2876/3290/1535
f 2878/3291/1536 2880/3292/1536 2879/3293/1536
f 2881/3294/1537 2883/3295/1537 2882/3296/1537
f 2866/3279/1538 2884/3297/1538 2871/3284/1538
f 2872/3285/1539 2885/3298/1539 2874/3286/1539
f 2875/3288/1540 2886/3299/1540 2877/3289/1540
f 2878/3291/1541 2887/3300/1541 2880/3292/1541
f 2881/3294/1542 2888/3301/1542 2883/3295/1542
f 2889/3302/1543 2891/3303/1543 2890/3304/1543
f 2892/3305/1544 2894/3306/1544 2893/3307/1544
f 2895/3308/1545 2897/3309/1545 2896/3310/1545
f 2898/3311/1546 2900/3312/1546 2899/3313/1546
f 2901/3314/1547 2903/3315/1547 2902/3316/1547
f 2903/3315/1548 2904/3317/1548 2900/3312/1548
f 2903/3315/1549 2900/3312/1549 2902/3316/1549
f 2902/3316/1550 2900/3312/1551 2898/3311/1552
f 2900/3312/1553 2904/3317/1553 2897/3309/1553
f 2900/3312/1554 2897/3309/1554 2899/3313/1554
f 2899/3313/1555 2897/3309/1555 2895/3308/1555
f 2897/3309/1556 2904/3317/1556 2894/3306/1556
f 2897/3309/1557 2894/3306/1557 2896/3310/1557
f 2896/3310/1558 2894/3306/1558 2892/3305/1558
f 2894/3306/1559 2904/3317/1559 2891/3303/1559
f 2894/3306/1560 2891/3303/1560 2893/3307/1560
f 2893/3307/1561 2891/3303/1561 2889/3302/1561
f 2891/3303/1562 2904/3317/1562 2903/3315/1562
f 2891/3303/1563 2903/3315/1563 2890/3304/1563
f 2890/3304/1564 2903/3315/1564 2901/3314/1564
f 2888/3301/1565 2901/3314/1565 2902/3316/1565
f 2888/3301/1566 2902/3316/1566 2883/3295/1566
f 2883/3295/1567 2902/3316/1568 2898/3311/1569
f 2887/3318/1570 2898/3311/1570 2899/3313/1570
f 2887/3300/1571 2899/3319/1571 2880/3292/1571
f 2880/3292/1572 2899/3319/1572 2895/3320/1572
f 2886/3299/1573 2895/3308/1573 2896/3310/1573
f 2886/3299/1574 2896/3310/1574 2877/3289/1574
f 2877/3289/1575 2896/3310/1575 2892/3305/1575
f 2885/3298/1576 2892/3305/1576 2893/3307/1576
f 2885/3298/1577 2893/3307/1577 2874/3286/1577
f 2874/3286/1578 2893/3307/1578 2889/3302/1578
f 2884/3297/1579 2889/3302/1579 2890/3304/1579
f 2884/3297/1580 2890/3304/1580 2871/3284/1580
f 2871/3284/1581 2890/3304/1581 2901/3314/1581
f 2883/3295/1582 2898/3311/1582 2887/3318/1582
f 2883/3295/1583 2887/3318/1583 2882/3296/1583
f 2882/3296/1584 2887/3318/1584 2878/3321/1584
f 2880/3292/1585 2895/3320/1586 2886/3322/1587
f 2880/3292/1588 2886/3322/1588 2879/3293/1588
f 2879/3323/1589 2886/3299/1589 2875/3288/1589
f 2877/3289/1590 2892/3305/1590 2885/3298/1590
f 2877/3289/1591 2885/3298/1591 2876/3290/1591
f 2876/3290/1592 2885/3298/1592 2872/3285/1592
f 2874/3286/1593 2889/3302/1593 2884/3297/1593
f 2874/3286/1594 2884/3297/1594 2873/3287/1594
f 2873/3287/1595 2884/3297/1595 2866/3279/1595
f 2871/3284/1596 2901/3314/1596 2888/3301/1596
f 2871/3284/1597 2888/3301/1597 2867/3280/1597
f 2867/3280/1598 2888/3301/1598 2881/3294/1598
f 2870/3283/1599 2881/3294/1599 2882/3296/1599
f 2870/3283/1600 2882/3296/1600 2869/3282/1600
f 2869/3282/1601 2882/3296/1601 2878/3321/1601
f 2869/3282/1602 2878/3321/1602 2879/3323/1602
f 2869/3282/1603 2879/3323/1603 2868/3281/1603
f 2868/3281/1604 2879/3323/1604 2875/3288/1604
f 2868/3281/1605 2875/3288/1605 2876/3290/1605
f 2868/3281/1606 2876/3290/1606 2865/3277/1606
f 2865/3277/1607 2876/3290/1607 2872/3285/1607
f 2867/3280/1608 2881/3294/1608 2870/3283/1608
f 2867/3280/1609 2870/3283/1609 2864/3278/1609
f 2864/3278/1610 2870/3283/1610 2863/3276/1610
f 2865/3277/1611 2872/3285/1612 2873/3287/1613
f 2865/3277/1614 2873/3287/1614 2864/3278/1614
f 2864/3278/1615 2873/3287/1615 2866/3279/1615
f 2905/3324/1616 2907/3325/1616 2906/3326/1616
f 2908/3327/1617 2907/3325/1617 2909/3328/1617
f 2905/3324/1618 2906/3326/1618 2910/3329/1618
f 2905/3324/1619 2910/3329/1619 2911/3330/1619
f 2905/3324/1620 2911/3330/1620 2912/3331/1620
f 2908/3327/1621 2909/3328/1621 2913/3332/1621
f 2914/3333/1622 2916/3334/1622 2915/3335/1622
f 2917/3336/1623 2919/3337/1623 2918/3338/1623
f 2920/3339/1624 2922/3340/1624 2921/3341/1624
f 2923/3342/1625 2925/3343/1625 2924/3344/1625
f 2908/3327/1626 2913/3332/1627 2926/3345/1628
f 2914/3333/1629 2915/3335/1629 2927/3346/1629
f 2917/3336/1630 2918/3338/1630 2928/3347/1630
f 2920/3339/1631 2921/3341/1631 2929/3348/1631
f 2923/3342/1632 2924/3344/1632 2930/3349/1632
f 2931/3350/1633 2933/3351/1633 2932/3352/1633
f 2934/3353/1634 2936/3354/1634 2935/3355/1634
f 2937/3356/1635 2939/3357/1635 2938/3358/1635
f 2940/3359/1636 2942/3360/1636 2941/3361/1636
f 2943/3362/1637 2945/3363/1637 2944/3364/1637
f 2944/3364/1638 2941/3361/1638 2946/3365/1638
f 2944/3364/1639 2945/3363/1639 2941/3361/1639
f 2945/3363/1640 2940/3359/1641 2941/3361/1642
f 2941/3361/1643 2938/3358/1644 2946/3365/1645
f 2941/3361/1646 2942/3360/1646 2938/3358/1646
f 2942/3360/1647 2937/3356/1647 2938/3358/1647
f 2938/3358/1648 2935/3355/1648 2946/3365/1648
f 2938/3358/1649 2939/3357/1649 2935/3355/1649
f 2939/3357/1650 2934/3353/1650 2935/3355/1650
f 2935/3355/1651 2932/3352/1651 2946/3365/1651
f 2935/3355/1652 2936/3354/1652 2932/3352/1652
f 2936/3354/1653 2931/3350/1653 2932/3352/1653
f 2932/3352/1654 2944/3364/1654 2946/3365/1654
f 2932/3352/1655 2933/3351/1655 2944/3364/1655
f 2933/3351/1656 2943/3362/1656 2944/3364/1656
f 2930/3349/1657 2945/3363/1657 2943/3362/1657
f 2930/3349/1658 2924/3344/1658 2945/3363/1658
f 2924/3344/1659 2940/3359/1660 2945/3363/1661
f 2929/3366/1662 2942/3360/1662 2940/3359/1662
f 2929/3348/1663 2921/3341/1663 2942/3367/1663
f 2921/3341/1664 2937/3368/1664 2942/3367/1664
f 2928/3347/1665 2939/3357/1665 2937/3356/1665
f 2928/3347/1666 2918/3338/1666 2939/3357/1666
f 2918/3338/1667 2934/3353/1667 2939/3357/1667
f 2927/3346/1668 2936/3354/1668 2934/3353/1668
f 2927/3346/1669 2915/3335/1669 2936/3354/1669
f 2915/3335/1670 2931/3350/1670 2936/3354/1670
f 2926/3345/1671 2933/3351/1671 2931/3350/1671
f 2926/3345/1672 2913/3332/1672 2933/3351/1672
f 2913/3332/1673 2943/3362/1673 2933/3351/1673
f 2924/3344/1674 2929/3366/1674 2940/3359/1674
f 2924/3344/1675 2925/3343/1675 2929/3366/1675
f 2925/3343/1676 2920/3369/1676 2929/3366/1676
f 2921/3341/1677 2928/3370/1677 2937/3368/1677
f 2921/3341/1678 2922/3340/1678 2928/3370/1678
f 2922/3371/1679 2917/3336/1679 2928/3347/1679
f 2918/3338/1680 2927/3346/1680 2934/3353/1680
f 2918/3338/1681 2919/3337/1681 2927/3346/1681
f 2919/3337/1682 2914/3333/1682 2927/3346/1682
f 2915/3335/1683 2926/3345/1683 2931/3350/1683
f 2915/3335/1684 2916/3334/1684 2926/3345/1684
f 2916/3334/1685 2908/3327/1685 2926/3345/1685
f 2913/3332/1686 2930/3349/1686 2943/3362/1686
f 2913/3332/1687 2909/3328/1687 2930/3349/1687
f 2909/3328/1688 2923/3342/1688 2930/3349/1688
f 2912/3331/1689 2925/3343/1689 2923/3342/1689
f 2912/3331/1690 2911/3330/1690 2925/3343/1690
f 2911/3330/1691 2920/3369/1691 2925/3343/1691
f 2911/3330/1692 2922/3371/1692 2920/3369/1692
f 2911/3330/1693 2910/3329/1693 2922/3371/1693
f 2910/3329/1694 2917/3336/1694 2922/3371/1694
f 2910/3329/1695 2919/3337/1695 2917/3336/1695
f 2910/3329/1696 2906/3326/1696 2919/3337/1696
f 2906/3326/1697 2914/3333/1697 2919/3337/1697
f 2909/3328/1698 2912/3331/1698 2923/3342/1698
f 2909/3328/1699 2907/3325/1699 2912/3331/1699
f 2907/3325/1700 2905/3324/1700 2912/3331/1700
f 2906/3326/1701 2916/3334/1702 2914/3333/1703
f 2906/3326/1704 2907/3325/1704 2916/3334/1704
f 2907/3325/1705 2908/3327/1705 2916/3334/1705
o ork_nob_body0_model0.002
v -0.267796 0.031581 0.291941
v -0.224048 0.091595 0.296517
v -0.204855 0.032357 0.275511
v -0.372831 0.014930 0.237818
v -0.331978 0.170583 0.266944
v -0.398129 0.054320 0.235959
v -0.282885 0.016433 0.268572
v -0.394010 0.119666 0.231165
v -0.394924 0.028382 0.247206
v -0.411599 0.104804 0.244882
v -0.371850 0.018105 0.234253
v -0.433962 0.027370 0.191386
v -0.424112 0.082090 0.217548
v -0.423729 0.016760 0.160071
v -0.410639 0.089480 0.194839
v 0.475658 0.033957 0.112955
v 0.419200 0.025524 0.151983
v 0.444643 0.032207 0.163232
v 0.469119 0.028341 0.071061
v 0.437092 0.098843 0.142473
v 0.470500 0.097062 0.131772
v 0.455760 0.077761 0.157324
v 0.460817 0.129910 0.101346
v 0.428516 0.029823 0.148794
v 0.394994 0.142793 0.220096
v 0.382686 0.179404 0.182485
v 0.425796 0.042963 0.185872
v 0.342861 0.026932 0.191993
v 0.371669 0.114654 0.227677
v 0.364890 0.040908 0.216589
v 0.350943 0.139711 0.199890
v 0.272376 0.029925 0.205509
v 0.308821 0.115961 0.204750
v 0.299960 0.083150 0.222357
v 0.260688 0.023085 0.175350
v 0.345946 0.024643 0.192717
v 0.321235 0.030818 0.215461
v 0.224462 0.090721 0.103950
v 0.265301 0.084254 0.189275
v 0.213880 0.084745 0.109043
v 0.277968 0.090523 0.172785
v 0.338084 0.085866 0.194793
v 0.339573 0.091920 0.175926
v 0.429448 0.088969 0.151132
v 0.420747 0.094672 0.137348
v 0.463835 0.091134 0.087982
v 0.448990 0.096482 0.084021
v 0.453341 0.097922 0.021386
v 0.470739 0.090044 0.025212
v -0.202999 0.025230 0.246402
v -0.231662 0.113697 0.277773
v -0.296996 0.024070 0.270938
v 0.262991 0.027923 0.175216
v 0.208415 0.027901 0.081780
v 0.342827 0.029397 0.190920
v 0.418807 0.031926 0.153284
v 0.462049 0.034238 0.083191
v 0.467783 0.035874 0.005133
v 0.358107 0.390119 0.086589
v 0.274490 0.456503 0.144078
v 0.351035 0.463881 0.127161
v 0.405939 0.453360 0.013604
v 0.420869 0.378479 -0.000352
v 0.371829 0.451647 -0.071387
v 0.384115 0.401899 -0.097557
v 0.317068 0.434499 -0.109987
v 0.289676 0.411964 -0.154971
v 0.217357 0.407542 -0.144767
v 0.238241 0.422844 -0.073940
v 0.229010 0.429829 -0.139458
v 0.293273 0.445656 -0.167127
v 0.341247 0.469150 -0.096358
v 0.353856 0.490924 -0.010268
v 0.310613 0.513228 0.088323
v 0.258824 0.495815 0.103856
v 0.264027 0.375478 -0.205203
v 0.198546 0.372741 -0.177138
v 0.146861 0.382029 -0.069089
v 0.164573 0.419118 -0.038834
v 0.154572 0.420420 -0.128063
v 0.190013 0.473303 -0.225510
v 0.245688 0.501097 -0.225472
v 0.300688 0.549870 -0.144644
v 0.321141 0.574874 -0.067451
v 0.277676 0.575920 0.037682
v 0.204075 0.562841 0.063391
v 0.388707 0.304423 -0.050169
v 0.380612 0.370114 -0.166993
v 0.355147 0.330401 -0.137326
v 0.240798 0.343705 -0.181710
v 0.145192 0.344187 -0.079765
v 0.166836 0.370693 0.040749
v 0.180015 0.430355 0.032115
v 0.163872 0.434777 0.032258
v 0.134092 0.435003 -0.019020
v 0.108865 0.486885 -0.253601
v 0.093194 0.435190 -0.074817
v 0.069873 0.480642 -0.246972
v 0.056350 0.431406 -0.107450
v 0.001963 0.426414 -0.121577
v 0.080062 0.508788 -0.298462
v 0.189143 0.320229 -0.075138
v 0.176682 0.328253 0.031502
v 0.225469 0.308633 -0.004260
v 0.177076 0.526819 -0.281914
v 0.076592 0.572500 -0.334460
v -0.107725 0.450837 -0.007295
v -0.107411 0.486991 -0.250242
v -0.137090 0.423954 -0.111767
v -0.078556 0.444889 -0.069369
v -0.068443 0.481250 -0.245033
v -0.048793 0.436924 -0.105264
v 0.000755 0.486619 -0.234045
v 0.000052 0.530939 -0.294103
v -0.000484 0.582899 -0.329442
v -0.000878 0.648669 -0.339298
v 0.064672 0.653228 -0.346280
v 0.046789 0.720279 -0.326451
v 0.146237 0.711163 -0.319588
v 0.127055 0.763399 -0.266408
v 0.170136 0.746288 -0.226832
v 0.154830 0.777163 -0.188879
v -0.185899 0.469370 -0.211349
v -0.178494 0.521655 -0.273573
v 0.185886 0.697602 -0.254197
v 0.221085 0.726333 -0.178650
v -0.150461 0.707710 -0.319984
v -0.065382 0.652154 -0.346352
v -0.046674 0.719568 -0.327260
v 0.001163 0.729683 -0.324874
v -0.050677 0.762898 -0.288416
v 0.001218 0.770457 -0.291025
v 0.051623 0.763452 -0.287676
v -0.154130 0.772181 -0.188205
v -0.126753 0.762350 -0.266909
v -0.109937 0.797484 -0.246164
v -0.054943 0.795685 -0.247646
v 0.000148 0.793887 -0.249128
v 0.055169 0.797242 -0.247883
v 0.110092 0.800596 -0.246637
v -0.256183 0.646323 -0.218516
v -0.215939 0.655162 -0.120491
v -0.240390 0.642927 -0.122871
v -0.157135 0.624527 -0.061878
v -0.192384 0.637760 -0.058078
v -0.086377 0.576364 -0.013623
v -0.061388 0.573329 -0.013144
v -0.087481 0.609297 0.000085
v -0.169293 0.654757 -0.060868
v -0.206984 0.686920 -0.105980
v -0.235245 0.700783 -0.201518
v -0.220177 0.727193 -0.178404
v -0.188167 0.695738 -0.253900
v -0.169701 0.746508 -0.227181
v -0.066812 0.483999 -0.004444
v -0.039580 0.469136 -0.025374
v 0.000317 0.451150 -0.041119
v 0.000867 0.546345 0.006451
v 0.001062 0.580461 0.022267
v 0.001788 0.617181 0.038883
v -0.092889 0.631626 0.013131
v -0.168428 0.672792 -0.025639
v -0.206643 0.715036 -0.081631
v -0.214580 0.754711 -0.146916
v -0.214014 0.635609 -0.034451
v -0.175650 0.582354 0.071588
v -0.255785 0.587728 0.050233
v -0.221028 0.516958 0.123257
v -0.146442 0.491920 0.089402
v -0.110956 0.496701 0.038627
v -0.115254 0.578858 0.020430
v -0.079756 0.492862 -0.004984
v -0.268752 0.630845 -0.109525
v -0.309171 0.575994 -0.050437
v -0.274945 0.530554 0.111215
v -0.231546 0.482208 0.168653
v -0.178919 0.459796 0.108636
v -0.144804 0.443022 0.054334
v -0.130428 0.454422 0.047622
v -0.264287 0.602519 -0.190398
v -0.309545 0.485537 0.157777
v -0.130242 0.385087 0.069803
v -0.215157 0.578654 -0.258089
v -0.242814 0.496172 -0.210765
v -0.294327 0.546780 -0.128224
v -0.331445 0.495867 0.015686
v -0.371759 0.462226 0.048359
v -0.317886 0.408636 0.125979
v -0.239018 0.412041 0.133284
v -0.196769 0.389339 0.099308
v -0.149323 0.333076 0.065676
v -0.218818 0.333640 0.142515
v -0.190868 0.317336 0.037412
v -0.386534 0.386083 0.045392
v -0.331981 0.328298 0.123682
v -0.399698 0.320673 0.012904
v -0.172916 0.574227 -0.315935
v -0.080169 0.507445 -0.295524
v -0.077661 0.571033 -0.333245
v -0.158401 0.643868 -0.329345
v -0.199800 0.637290 -0.275229
v 0.448304 0.119569 0.026842
v 0.445296 0.114085 0.084256
v 0.386417 0.165304 0.089456
v 0.431920 0.125111 -0.038480
v 0.449127 0.036265 -0.050824
v 0.370092 0.036350 -0.157540
v 0.361856 0.117427 -0.163128
v 0.296425 0.035733 -0.262189
v 0.296862 0.116026 -0.258598
v 0.195987 0.032818 -0.254543
v 0.187138 0.113563 -0.250729
v 0.159360 0.114623 -0.164389
v 0.167778 0.030014 -0.157545
v 0.317049 0.164227 0.115286
v 0.281090 0.103577 0.172277
v 0.232481 0.120456 0.115386
v 0.338928 0.104316 0.172954
v 0.421114 0.106530 0.134336
v 0.380024 0.139839 -0.106789
v 0.334144 0.186310 -0.047154
v 0.356604 0.159183 -0.129996
v 0.348055 0.168457 -0.018972
v 0.365865 0.174572 0.037424
v 0.304819 0.173497 0.059926
v 0.219011 0.119930 0.042637
v 0.211988 0.140045 -0.034528
v 0.281338 0.187112 -0.021802
v 0.290705 0.168509 0.003990
v 0.341164 0.237036 -0.023999
v 0.373156 0.239260 -0.084183
v 0.403717 0.286409 -0.047622
v 0.357363 0.323549 -0.156478
v 0.359472 0.291714 0.021799
v 0.285619 0.236263 -0.005134
v 0.206490 0.147344 -0.080115
v 0.205522 0.114852 -0.039205
v 0.202985 0.028668 0.027223
v 0.185001 0.121719 -0.072550
v 0.204887 0.029178 -0.041412
v 0.185621 0.029099 -0.075605
v 0.172737 0.173621 -0.153365
v 0.221706 0.243227 -0.034074
v 0.290882 0.291117 0.040669
v 0.345357 0.297871 0.006803
v 0.189952 0.253998 -0.119889
v 0.208993 0.297959 0.008434
v 0.267723 0.300907 0.012777
v 0.171042 0.310821 -0.082187
v 0.235192 0.371971 0.066055
v 0.280008 0.390888 0.099960
v 0.260411 0.311401 0.099976
v 0.224019 0.440111 0.083524
v 0.080573 0.472484 -0.005095
v 0.095273 0.480277 -0.006454
v 0.136991 0.478166 0.032016
v 0.181030 0.472405 0.074956
v 0.372058 0.310164 0.073100
v 0.432131 0.318086 -0.041983
v 0.096731 0.565830 -0.010566
v 0.130637 0.564811 0.021830
v 0.224588 0.628376 -0.038170
v 0.199598 0.631750 -0.058956
v 0.160936 0.620593 -0.060952
v 0.242085 0.642646 -0.126140
v 0.217354 0.653814 -0.121229
v 0.253950 0.649665 -0.222722
v 0.234628 0.701240 -0.202437
v 0.196611 0.640897 -0.277953
v 0.263905 0.606310 -0.198209
v 0.213037 0.583135 -0.264401
v 0.272615 0.632156 -0.118522
v 0.169018 0.579667 -0.320926
v 0.153727 0.648437 -0.330990
v 0.208537 0.685170 -0.105682
v 0.172162 0.651657 -0.059799
v 0.091485 0.605447 0.001975
v 0.068333 0.565928 -0.009877
v 0.046268 0.463272 -0.024996
v 0.216446 0.759184 -0.147812
v 0.209596 0.716140 -0.082439
v 0.171879 0.674368 -0.026311
v 0.096353 0.631887 0.012768
v -0.292392 0.428810 -0.077403
v -0.320889 0.467936 -0.073237
v -0.345212 0.449585 -0.036350
v -0.278655 0.439468 -0.142425
v -0.210333 0.426798 -0.115568
v -0.211373 0.424227 -0.047141
v -0.193532 0.396902 -0.115079
v -0.266426 0.399568 -0.120837
v -0.356676 0.396675 -0.056316
v -0.176435 0.358235 -0.143808
v -0.117796 0.381949 -0.041674
v -0.134195 0.424029 -0.016571
v -0.354984 0.349421 -0.121237
v -0.243673 0.356912 -0.167475
v -0.226832 0.306265 0.058792
v -0.309589 0.307510 0.057910
v -0.356729 0.306273 0.003650
v -0.329424 0.320708 -0.088238
v -0.218486 0.328632 -0.141650
v -0.126884 0.340176 -0.048354
v -0.159516 0.319674 -0.036678
v -0.250685 0.241948 0.053029
v -0.322586 0.303311 0.074508
v -0.247940 0.300118 0.089235
v -0.173435 0.308513 0.050247
v -0.188724 0.246136 0.019543
v -0.174809 0.146393 -0.016825
v -0.147372 0.165051 -0.092299
v -0.162377 0.248119 -0.072196
v -0.141795 0.309512 -0.043646
v -0.371282 0.288675 0.009551
v -0.307364 0.239918 0.038026
v -0.246630 0.189635 0.042777
v -0.177244 0.141496 0.030840
v -0.170647 0.108947 0.029599
v -0.152652 0.117636 -0.006048
v -0.332815 0.311380 -0.106132
v -0.342987 0.234859 -0.019695
v -0.300945 0.185681 0.021079
v -0.313028 0.162259 0.055189
v -0.254401 0.165572 0.074390
v -0.178003 0.115654 0.109452
v -0.267353 0.164468 0.135112
v -0.329491 0.162601 0.115195
v -0.396627 0.110221 0.044243
v -0.349668 0.130331 -0.029392
v -0.353497 0.150385 0.180928
v -0.287863 0.152454 0.201153
v -0.188165 0.118083 0.185003
v -0.179942 0.087964 0.174779
v -0.162789 0.025144 0.153453
v -0.160501 0.024491 0.098672
v -0.166692 0.023621 0.029186
v -0.149761 0.023393 -0.006221
v -0.137471 0.022742 -0.089177
v -0.134849 0.108177 -0.100507
v -0.229402 0.087849 0.246575
v -0.408755 0.106184 0.110185
v -0.402271 0.102632 0.167269
v -0.233046 0.100759 0.245891
v -0.290737 0.099399 0.249894
v -0.375010 0.097456 0.216054
v -0.405295 0.084905 0.167733
v -0.413251 0.084327 0.105439
v -0.426208 0.021338 0.091763
v -0.410792 0.020751 0.034829
v -0.339417 0.020421 -0.075627
v -0.334895 0.102867 -0.084327
v -0.272926 0.019980 -0.184977
v -0.276700 0.100251 -0.183411
v -0.172172 0.021580 -0.184082
v -0.166696 0.102705 -0.182934
v -0.290738 0.087081 0.253239
v -0.374019 0.085714 0.219365
v -0.430089 0.075934 0.110481
v -0.328884 0.146843 -0.054260
v -0.268723 0.111900 -0.177287
v -0.174193 0.114879 -0.176950
v -0.184242 0.158645 -0.174138
v -0.264891 0.149648 -0.154584
v -0.247459 0.244695 -0.158119
v -0.303612 0.230962 -0.121146
v -0.255002 0.325891 -0.169781
v -0.166514 0.328391 -0.142344
v -0.183893 0.254937 -0.134451
v 0.288827 0.127148 -0.251627
v 0.203429 0.172593 -0.239671
v 0.194497 0.125902 -0.244914
v 0.207694 0.268290 -0.181006
v 0.188901 0.342827 -0.178963
v 0.275332 0.345189 -0.212328
v 0.328010 0.245244 -0.179622
v 0.285614 0.165753 -0.225634
v 0.269842 0.261675 -0.209501
v 0.099629 0.638528 0.024761
v 0.002027 0.628425 0.050471
v 0.192067 0.687071 -0.011123
v 0.221302 0.729061 -0.065649
v 0.210125 0.766241 -0.053943
v 0.111075 0.706179 0.046796
v 0.192878 0.731284 0.025754
v 0.002196 0.699263 0.060197
v -0.095726 0.637623 0.025147
v -0.188313 0.682177 -0.010314
v -0.218859 0.720839 -0.064667
v -0.210180 0.753019 -0.052908
v 0.119033 0.776314 0.099033
v -0.000503 0.756530 0.089951
v -0.106935 0.697328 0.047261
v -0.190618 0.716783 0.026742
v -0.215779 0.769582 0.041370
v -0.228364 0.830949 -0.058488
v -0.278073 0.913077 -0.068977
v -0.223080 0.854988 0.040071
v -0.283183 0.908298 -0.043836
v -0.291194 0.959386 0.116837
v -0.206786 1.205073 -0.028602
v -0.301663 1.066761 0.172828
v -0.292693 0.948243 0.177754
v -0.228847 0.864273 0.133625
v -0.203432 0.847390 0.082535
v -0.117883 0.796971 0.112788
v -0.120612 0.808397 0.063429
v -0.003255 0.801986 0.103212
v -0.003300 0.801555 0.079339
v 0.112296 0.822146 0.062739
v -0.121515 0.763109 0.100049
v -0.370235 1.220832 0.160244
v -0.262323 1.066017 0.198796
v -0.271651 0.955328 0.217327
v -0.213273 0.870708 0.194395
v -0.122778 0.815948 0.161705
v -0.004360 0.823035 0.149441
v 0.111223 0.810496 0.112110
v 0.190066 0.870620 0.081368
v 0.208431 0.880461 0.038792
v 0.212997 0.789090 0.040205
v -0.153805 0.937186 0.223673
v -0.090608 0.864464 0.197487
v -0.006295 0.857897 0.190911
v 0.114140 0.829933 0.161003
v 0.213619 0.890393 0.132313
v 0.261307 0.989263 0.118759
v 0.261350 0.940393 -0.045623
v 0.250818 0.940598 -0.065642
v 0.215923 0.857175 -0.059803
v 0.150654 1.226175 -0.029666
v 0.261064 1.096728 0.174929
v 0.264499 0.978599 0.179631
v 0.197756 0.894973 0.193176
v 0.076697 0.874340 0.196991
v 0.131054 0.954002 0.222829
v 0.243142 0.983997 0.219207
v 0.072667 0.898925 0.202034
v -0.007627 0.880572 0.193319
v -0.089470 0.889354 0.202514
v -0.152595 0.952812 0.229010
v -0.257503 1.273977 0.171295
v -0.192058 1.242446 0.230856
v -0.307028 1.239240 0.186329
v -0.314565 1.297791 0.117137
v -0.164929 1.362095 0.058497
v -0.153215 1.285819 0.215403
v -0.198766 1.192598 0.233174
v -0.146446 1.323035 0.140652
v -0.036271 1.359697 0.071484
v -0.035873 1.348268 -0.021950
v 0.091132 1.377211 0.057737
v 0.104676 1.363625 -0.039949
v 0.251811 1.330267 0.113806
v 0.246799 1.339583 -0.007026
v -0.177358 1.346977 -0.039112
v -0.032424 1.284420 -0.129997
v 0.097724 1.298472 -0.140742
v 0.252612 1.296631 -0.124125
v -0.146621 1.249718 0.212612
v -0.104240 1.295226 0.207137
v -0.034296 1.329876 0.144039
v 0.077859 1.336276 0.139987
v 0.197539 1.301507 0.168775
v 0.250648 1.271353 0.183726
v 0.328819 1.250327 0.155710
v 0.222858 1.093872 0.199201
v 0.207849 1.205470 0.200483
v -0.032767 1.307017 0.204680
v 0.039611 1.303717 0.206710
v 0.097501 1.293932 0.219523
v 0.152737 1.246634 0.241554
v 0.168387 1.050615 0.244097
v 0.128043 0.969379 0.228179
v 0.150632 1.050889 0.238573
v 0.145706 1.212933 0.232153
v 0.087083 1.263514 0.211919
v 0.038553 1.279109 0.209336
v -0.031210 1.281018 0.211927
v -0.100279 1.270914 0.209747
v -0.056961 0.811117 -0.264453
v -0.102090 0.852788 -0.256056
v -0.113770 0.810464 -0.264972
v -0.000333 0.809954 -0.266302
v -0.191300 0.827661 -0.230385
v -0.189530 0.796300 -0.237841
v -0.215785 0.886343 -0.235609
v -0.314950 0.939320 -0.213610
v -0.246033 0.859329 -0.181001
v -0.221811 0.801594 -0.164953
v -0.225375 0.770578 -0.149871
v 0.225639 0.779576 -0.150887
v 0.182918 0.845851 -0.228575
v 0.188521 0.804105 -0.238698
v 0.112525 0.814777 -0.265478
v 0.090699 0.861859 -0.256585
v 0.056293 0.812962 -0.264701
v -0.007064 0.872187 -0.250065
v -0.120421 0.942259 -0.273746
v -0.260186 1.016976 -0.264489
v -0.148617 1.050946 -0.272919
v -0.296170 1.169383 -0.217865
v -0.012606 0.979879 -0.245321
v 0.094393 0.954510 -0.273823
v 0.195870 0.910643 -0.236828
v 0.214484 0.823172 -0.166169
v 0.229408 0.887395 -0.182409
v 0.288241 0.974927 -0.215397
v 0.224422 1.045583 -0.265925
v 0.109584 1.066188 -0.273684
v -0.019215 1.055499 -0.232495
v -0.160269 1.171793 -0.238415
v -0.314624 1.265595 -0.122021
v 0.242533 1.198035 -0.218045
v 0.107140 1.187579 -0.239208
v -0.025843 1.168688 -0.214413
v -0.163384 1.283059 -0.139967
v -0.311764 1.308061 -0.003955
v -0.258161 1.177828 0.201690
v -0.409886 1.242818 0.126703
v -0.403000 1.139373 0.147013
v -0.468548 1.196137 0.110290
v -0.327008 1.170071 0.142186
v -0.419617 1.032133 0.009336
v -0.315469 1.083477 0.050129
v -0.254674 1.199289 0.074129
v -0.345128 1.295031 0.082403
v -0.377645 1.323609 0.037172
v -0.502757 1.158000 0.075314
v -0.513988 1.231577 0.040413
v -0.458960 1.283865 0.048634
v -0.425415 1.308459 -0.022621
v -0.292734 1.290054 -0.056886
v -0.344984 1.266545 -0.108161
v -0.255777 1.204070 -0.118885
v -0.349866 1.153824 -0.150274
v -0.286599 1.072027 -0.117581
v -0.447794 1.134378 -0.180697
v -0.384976 1.026530 -0.093456
v -0.465115 0.989554 -0.125730
v -0.454326 0.999890 -0.009111
v -0.515147 0.975109 -0.035406
v -0.571598 0.969559 -0.102432
v -0.552837 1.031312 -0.204045
v -0.519454 1.096711 -0.196097
v -0.530343 1.183978 -0.135339
v -0.519734 1.206662 -0.126084
v -0.577662 1.194064 -0.048434
v -0.501983 1.262778 -0.041166
v -0.418064 1.222281 -0.140134
v -0.211859 1.142996 -0.051898
v -0.613683 1.165541 -0.069160
v -0.578342 1.162368 -0.148770
v -0.570859 1.193391 0.011439
v -0.626827 1.147194 0.000182
v -0.557998 1.124065 0.073550
v -0.620300 1.135187 -0.153174
v -0.675230 1.114184 -0.091730
v -0.673400 1.082582 -0.035313
v -0.594589 1.061292 0.051591
v -0.539674 0.991392 0.038524
v -0.484347 1.060502 0.085000
v -0.417749 1.097657 0.093015
v -0.657428 1.112145 -0.175830
v -0.592952 1.077005 -0.219616
v -0.692039 1.067203 -0.192016
v -0.745608 1.053990 -0.082981
v -0.674067 1.022495 -0.014120
v -0.610189 1.006667 -0.019263
v -0.706955 1.012236 -0.177380
v -0.569010 0.990307 -0.060441
v -0.617404 0.990963 0.009238
v -0.716350 0.972721 -0.003497
v -0.770980 0.971173 -0.050935
v -0.737689 0.938750 -0.138591
v -0.722960 0.976314 -0.164134
v -0.644338 0.962547 -0.188290
v -0.627347 1.017388 -0.196792
v -0.559084 0.997735 -0.135755
v -0.687382 0.884832 0.027925
v -0.603135 0.918728 -0.014320
v -0.667854 0.852883 -0.005256
v -0.650522 0.949664 0.024014
v -0.565447 0.973730 -0.037577
v -0.573212 0.953628 -0.127922
v -0.673916 0.907471 -0.158167
v -0.766846 0.856147 -0.085236
v -0.777871 0.880359 -0.019136
v -0.732350 0.888532 0.021885
v -0.697912 0.845917 0.056591
v -0.681554 0.798893 0.016017
v -0.696515 0.795593 0.102337
v -0.743916 0.859276 0.054616
v -0.727668 0.810443 0.126679
v -0.667323 0.833506 -0.061557
v -0.714181 0.824312 -0.106459
v -0.611811 0.897583 -0.103423
v -0.730815 0.763994 -0.068969
v -0.677567 0.780943 -0.044290
v -0.777305 0.812332 0.127354
v -0.784355 0.833071 0.064073
v -0.788081 0.837570 0.006008
v -0.778474 0.797694 -0.054235
v -0.729490 0.713062 -0.047401
v -0.670113 0.716190 -0.021819
v -0.687643 0.768548 0.035711
v -0.711343 0.756273 0.102205
v -0.693984 0.760851 0.134174
v -0.694675 0.727592 0.103164
v -0.676186 0.728743 0.133847
v -0.684526 0.700289 0.103461
v -0.667918 0.704380 0.129649
v -0.791148 0.720318 -0.017081
v -0.818095 0.772901 0.057722
v -0.817514 0.709994 0.108161
v -0.793248 0.665288 0.031841
v -0.800921 0.733546 0.149607
v -0.803022 0.709237 0.177565
v -0.716666 0.721822 0.070897
v -0.700500 0.669299 0.010997
v -0.736129 0.673213 -0.020767
v -0.747674 0.641748 0.001748
v -0.791894 0.613053 0.067178
v -0.816502 0.669486 0.142924
v -0.770751 0.656654 0.214329
v -0.769380 0.629671 0.179289
v -0.743426 0.686380 0.141215
v -0.722210 0.654114 0.170473
v -0.708370 0.633930 0.025832
v -0.684403 0.633501 0.199184
v -0.683552 0.664595 0.205833
v -0.679204 0.651367 0.191451
v -0.682888 0.639856 0.221782
v -0.722785 0.623873 0.193396
v -0.730110 0.643217 0.223519
v -0.729522 0.677680 0.200950
v -0.756655 0.714225 0.176223
v -0.750619 0.726864 0.165929
v -0.747543 0.746319 0.130617
v -0.794156 0.773128 0.129405
v -0.727672 0.701557 0.119915
v -0.742264 0.752672 0.124026
v -0.764335 0.771299 0.146602
v -0.736139 0.756870 0.160139
v -0.704666 0.709430 0.157701
v -0.690423 0.688217 0.139634
v -0.700980 0.683492 0.113456
v -0.672596 0.678090 0.118527
v -0.261154 1.302020 0.004065
v -0.665894 0.622795 0.189278
v -0.667355 0.567999 0.164205
v -0.673004 0.601107 0.210534
v -0.655988 0.589937 0.145184
v -0.723106 0.646489 0.169231
v -0.757229 0.586021 0.094369
v -0.724709 0.633588 0.077597
v -0.719827 0.603717 0.093995
v -0.755787 0.575919 0.116130
v -0.774631 0.619576 0.178233
v -0.728062 0.608757 0.196650
v -0.714693 0.566765 0.138604
v -0.709454 0.604237 0.106666
v -0.719500 0.612551 0.038171
v -0.758795 0.605928 0.031053
v -0.749415 0.576319 0.066042
v -0.729871 0.575666 0.106381
v -0.698568 0.565482 0.113740
v -0.690821 0.582407 0.109451
v -0.714028 0.587099 0.064426
v -0.723912 0.565989 0.081831
v -0.696486 0.561949 0.096131
v -0.688856 0.575152 0.089219
v 0.629432 1.016318 -0.177525
v 0.523480 1.011737 -0.203969
v 0.571051 0.937140 -0.167310
v 0.700627 0.943594 -0.070019
v 0.674664 1.068523 -0.062019
v 0.690606 0.959230 -0.112385
v 0.653170 0.976482 -0.143740
v 0.606302 0.896292 -0.131104
v 0.508285 0.917257 -0.100081
v 0.477735 0.968371 -0.181429
v 0.496338 0.948403 -0.020578
v 0.494961 0.931543 -0.069252
v 0.710841 1.018158 -0.000501
v 0.638885 1.027869 0.045661
v 0.592683 1.025616 0.009345
v 0.728280 0.987311 0.180987
v 0.759075 0.979175 0.087214
v 0.795516 0.966421 0.142978
v 0.714746 0.986580 0.138035
v 0.686466 0.952430 0.192335
v 0.660260 0.961062 0.140785
v 0.772239 0.919651 0.034597
v 0.653803 0.876542 -0.073399
v 0.529968 0.883414 -0.067557
v 0.497481 0.941147 0.014738
v 0.588507 0.864294 -0.011826
v 0.549532 0.920917 0.061352
v 0.654729 0.905261 0.117186
v 0.739245 0.853804 0.032584
v 0.676453 0.859994 0.072682
v 0.719549 0.830931 0.127966
v 0.788545 0.830892 0.110503
v 0.818017 0.894346 0.105007
v 0.701496 0.880807 0.178480
v 0.699205 0.935564 0.272195
v 0.708649 0.874245 0.212990
v 0.737309 0.781295 0.187513
v 0.806038 0.796344 0.161255
v 0.759452 0.841535 0.306916
v 0.708564 0.829345 0.296867
v 0.731750 0.815701 0.307990
v 0.701114 0.804462 0.319599
v 0.693190 0.836054 0.328905
v 0.697703 0.865004 0.327969
v 0.713967 0.861655 0.289572
v 0.711477 0.905270 0.319237
v 0.726840 0.898459 0.281833
v 0.766484 0.862438 0.271534
v 0.786725 0.775151 0.242415
v 0.830180 0.780041 0.209209
v 0.866940 0.852484 0.188086
v 0.772318 0.944288 0.340664
v 0.768296 0.922045 0.317776
v 0.761641 0.915068 0.304811
v 0.732458 0.880979 0.315672
v 0.646234 0.849924 0.321189
v 0.664495 0.859045 0.291529
v 0.703143 0.857494 0.354589
v 0.767006 0.864254 0.384326
v 0.773816 0.826263 0.361865
v 0.854973 0.902588 0.371356
v 0.882535 0.800230 0.329163
v 0.864776 0.921948 0.319076
v 0.881312 0.830139 0.268292
v 0.851678 0.771601 0.247614
v 0.807430 0.758420 0.270520
v 0.807270 0.793284 0.320291
v 0.783513 0.891295 0.335626
v 0.773251 0.945163 0.344250
v 0.711881 0.824827 0.338841
v 0.791244 0.798723 0.317004
v 0.864868 0.759357 0.295192
v 0.767641 0.803696 0.281615
v 0.755453 0.792808 0.311074
v 0.820639 0.755026 0.285333
v 0.767763 0.794602 0.284170
v 0.724520 0.800881 0.282618
v 0.721098 0.792161 0.299580
v 0.712261 0.819379 0.294259
v 0.710152 0.805481 0.311249
v 0.743689 0.816483 0.327712
v 0.777912 0.824802 0.337970
v 0.758565 0.802681 0.282852
v 0.681647 0.801320 0.269467
v 0.668361 0.789765 0.300995
v -0.691468 0.849220 0.063313
v -0.630661 0.863207 -0.004620
v -0.666207 0.816610 0.011740
v -0.659142 0.900228 0.045520
v -0.730863 0.919292 0.037549
v -0.748169 0.866559 0.060367
v -0.782728 0.901426 -0.020382
v -0.795210 0.847992 0.006999
v -0.787100 0.807146 -0.063321
v -0.783108 0.852134 -0.100266
v -0.734670 0.781091 -0.085552
v -0.713789 0.820084 -0.129446
v -0.668460 0.783600 -0.050553
v -0.636622 0.827429 -0.077968
v -0.738420 0.806728 0.000178
v -0.695940 0.895243 -0.049858
v 0.385013 1.093187 -0.178420
v 0.397999 0.971103 -0.088749
v 0.454086 1.052258 -0.181653
v 0.322525 1.019788 -0.067833
v 0.213548 1.232431 0.073297
v 0.266667 1.327791 0.020414
v 0.307856 1.329613 0.053982
v 0.348674 1.337646 0.011902
v 0.266117 1.296091 -0.076805
v 0.225519 1.299099 -0.018734
v 0.238386 1.202502 -0.123623
v 0.152123 1.150542 -0.093491
v 0.312784 1.138057 -0.146414
v 0.241150 1.057021 -0.094758
v 0.358974 1.039794 0.035872
v 0.392218 1.001909 0.023725
v 0.441829 0.965396 -0.001889
v 0.395860 1.304844 -0.039946
v 0.326343 1.268448 -0.125066
v 0.263124 1.108066 0.071601
v 0.574713 1.134881 0.006362
v 0.608223 1.082597 -0.080209
v 0.603265 1.063801 -0.019742
v 0.559085 1.137349 -0.066596
v 0.545146 1.095028 -0.145890
v 0.522261 1.124189 -0.145413
v 0.485940 1.155941 -0.138718
v 0.449092 1.174755 -0.133692
v 0.394492 1.211219 -0.144065
v 0.465185 1.248008 -0.050185
v 0.421731 1.287422 0.039325
v 0.349904 1.299930 0.088991
v 0.247447 1.235120 0.120876
v 0.587626 1.061475 -0.168280
v 0.475780 1.229501 0.038540
v 0.516738 1.172681 -0.056381
v 0.511493 1.184703 0.008932
v 0.538211 1.060122 0.067393
v 0.491905 1.132340 0.080564
v 0.445764 1.166290 0.077220
v 0.424237 1.213380 0.109318
v 0.375536 1.266495 0.119468
v 0.300556 1.214256 0.168581
v 0.359436 1.158476 0.152482
v 0.370585 1.121975 0.104286
v 0.415947 1.076099 0.103494
v 0.476085 0.999981 0.071319
v 0.518636 0.986752 -0.000681
v 0.531822 1.022307 0.055863
v 0.570226 0.989958 0.082906
v 0.738124 0.965569 0.296012
v 0.786391 0.982878 0.284624
v 0.763909 0.913340 0.341226
v 0.776412 0.953224 0.320106
v 0.737760 0.853860 0.352889
v 0.723235 0.824533 0.338308
v 0.805071 0.971533 0.302632
v 0.843129 0.945782 0.225871
v 0.825442 0.956788 0.342774
v 0.784881 0.989207 0.208246
v 0.831671 0.948242 0.388254
v 0.719301 0.926193 0.337811
v 0.742220 0.919707 0.388504
v 0.697122 0.902753 0.372851
v 0.761028 0.874602 0.375771
v 0.709100 0.865797 0.355113
v 0.730886 0.884542 0.322050
v 0.654319 0.888506 0.339605
v 0.674137 0.905125 0.315426
v 0.676525 0.884283 0.307947
v 0.673519 0.871041 0.327142
v 0.098596 0.660860 0.059693
v 0.085867 0.637339 0.078554
v 0.074472 0.665921 0.073951
v -0.415989 0.022228 0.169373
v -0.211928 0.025939 0.249857
v -0.368777 0.023581 0.236881
v -0.290739 0.024954 0.270110
v -0.169679 0.082542 0.181894
v 0.033937 0.624294 0.053029
v 0.021919 0.599375 0.072728
v 0.016778 0.633187 0.069917
v 0.055756 0.590676 0.046879
v -0.044307 0.586548 0.046354
v -0.034346 0.624305 0.051244
v -0.080735 0.636153 0.077992
v -0.084053 0.675702 0.077340
v -0.078924 0.591721 0.024690
v -0.052368 0.581125 -0.014692
v -0.089543 0.608693 -0.001863
v -0.048551 0.564537 0.016378
v 0.005555 0.575872 -0.000478
v 0.087961 0.604140 0.034171
v 0.096150 0.620533 0.007974
v 0.062191 0.573984 0.021291
v 0.062357 0.590442 -0.009699
v 0.007219 0.562215 0.028266
v -0.215588 0.082540 0.262471
v -0.287949 0.081648 0.272147
v -0.381698 0.080107 0.233781
v -0.419676 0.079138 0.172693
v -0.373916 0.029945 0.277905
v -0.305233 0.031092 0.301388
v -0.392668 0.057286 0.271128
v -0.342286 0.146067 0.296117
vt 0.530324 0.311961
vt 0.519654 0.300086
vt 0.515585 0.320217
vt 0.544047 0.293622
vt 0.541393 0.303145
vt 0.556855 0.324698
vt 0.558743 0.288171
vt 0.558376 0.326708
vt 0.563828 0.323151
vt 0.571248 0.302035
vt 0.566802 0.296575
vt 0.572737 0.323855
vt 0.585079 0.315961
vt 0.590541 0.322853
vt 0.574954 0.329559
vt 0.572565 0.294925
vt 0.591293 0.313679
vt 0.537962 0.311437
vt 0.541508 0.285611
vt 0.528475 0.283495
vt 0.532938 0.302819
vt 0.486775 0.009817
vt 0.502608 0.010043
vt 0.505887 0.003138
vt 0.480403 0.002774
vt 0.502797 0.040524
vt 0.498915 0.028770
vt 0.490903 0.036265
vt 0.485709 0.052050
vt 0.509010 0.009712
vt 0.477906 0.008811
vt 0.504607 0.041211
vt 0.521915 0.110562
vt 0.522821 0.090916
vt 0.512809 0.044680
vt 0.540091 0.038220
vt 0.532321 0.045164
vt 0.530300 0.078659
vt 0.534766 0.089164
vt 0.537506 0.033738
vt 0.508629 0.033853
vt 0.531469 0.013894
vt 0.535374 0.002263
vt 0.509476 0.002285
vt 0.514482 0.024411
vt 0.494654 0.048995
vt 0.487454 0.053989
vt 0.500156 0.071310
vt 0.506492 0.053744
vt 0.556967 0.010565
vt 0.547507 0.034971
vt 0.545922 0.047648
vt 0.563322 0.010683
vt 0.541929 0.010556
vt 0.534672 0.008668
vt 0.560913 0.001842
vt 0.537884 0.002363
vt 0.523763 0.376147
vt 0.526499 0.372055
vt 0.524768 0.360354
vt 0.522164 0.363575
vt 0.519519 0.353544
vt 0.518084 0.358633
vt 0.512566 0.349969
vt 0.511585 0.354634
vt 0.506008 0.352624
vt 0.505454 0.357251
vt 0.498489 0.366575
vt 0.499744 0.361013
vt 0.568604 0.272762
vt 0.555606 0.279908
vt 0.569952 0.296674
vt 0.533805 0.369830
vt 0.530869 0.355125
vt 0.523469 0.343323
vt 0.515887 0.339362
vt 0.506385 0.343528
vt 0.496907 0.356922
vt 0.513976 0.546212
vt 0.508786 0.556747
vt 0.516076 0.561592
vt 0.499222 0.551052
vt 0.505088 0.540913
vt 0.491035 0.545355
vt 0.496053 0.536419
vt 0.483478 0.538820
vt 0.487916 0.529140
vt 0.481962 0.521100
vt 0.475754 0.529463
vt 0.471110 0.540595
vt 0.478892 0.547919
vt 0.487445 0.554082
vt 0.495764 0.560008
vt 0.504496 0.566890
vt 0.512359 0.570716
vt 0.492584 0.518067
vt 0.487273 0.513079
vt 0.474252 0.511440
vt 0.467377 0.518048
vt 0.462306 0.535169
vt 0.466222 0.553477
vt 0.472859 0.560962
vt 0.481896 0.568903
vt 0.490009 0.574970
vt 0.499940 0.579735
vt 0.508588 0.585875
vt 0.516995 0.521110
vt 0.506473 0.513345
vt 0.501615 0.523595
vt 0.493754 0.506537
vt 0.479108 0.504923
vt 0.467641 0.498986
vt 0.462204 0.506582
vt 0.458968 0.511891
vt 0.453009 0.520133
vt 0.453031 0.543849
vt 0.446378 0.522822
vt 0.445540 0.544252
vt 0.441863 0.524405
vt 0.437169 0.527552
vt 0.447657 0.559677
vt 0.483777 0.495814
vt 0.472230 0.493582
vt 0.477431 0.488986
vt 0.458613 0.561339
vt 0.447625 0.574067
vt 0.421322 0.520072
vt 0.412038 0.535126
vt 0.421321 0.543787
vt 0.427955 0.522747
vt 0.428812 0.544175
vt 0.432472 0.524321
vt 0.437177 0.546975
vt 0.437184 0.560965
vt 0.437190 0.574872
vt 0.437196 0.589712
vt 0.447137 0.589488
vt 0.445981 0.603725
vt 0.455847 0.604502
vt 0.453276 0.619010
vt 0.461405 0.620677
vt 0.458119 0.633579
vt 0.408138 0.553441
vt 0.415754 0.561288
vt 0.464085 0.607114
vt 0.470148 0.623352
vt 0.418559 0.604445
vt 0.428424 0.603649
vt 0.427255 0.589414
vt 0.437202 0.603431
vt 0.429309 0.616332
vt 0.437208 0.615474
vt 0.445107 0.616410
vt 0.416313 0.633527
vt 0.425022 0.630076
vt 0.421143 0.618948
vt 0.431928 0.627914
vt 0.437212 0.626236
vt 0.442498 0.627997
vt 0.449406 0.630145
vt 0.400150 0.596510
vt 0.390323 0.601297
vt 0.391761 0.609749
vt 0.381723 0.618350
vt 0.380695 0.604864
vt 0.369428 0.609326
vt 0.370483 0.618423
vt 0.375982 0.629546
vt 0.385239 0.625863
vt 0.394145 0.622098
vt 0.401794 0.609346
vt 0.404274 0.623324
vt 0.410323 0.607074
vt 0.413015 0.620632
vt 0.357843 0.607407
vt 0.348716 0.607995
vt 0.349430 0.615905
vt 0.358952 0.612762
vt 0.355997 0.622368
vt 0.364428 0.629665
vt 0.367359 0.637264
vt 0.369972 0.646188
vt 0.375631 0.640255
vt 0.385395 0.637692
vt 0.395024 0.634667
vt 0.406958 0.636440
vt 0.379354 0.595557
vt 0.374444 0.579766
vt 0.365800 0.585924
vt 0.362017 0.570772
vt 0.353404 0.576509
vt 0.357272 0.588293
vt 0.368241 0.598321
vt 0.358606 0.599181
vt 0.388811 0.590489
vt 0.384371 0.574982
vt 0.369877 0.566931
vt 0.358291 0.561656
vt 0.350359 0.566625
vt 0.342420 0.570470
vt 0.344693 0.579060
vt 0.346769 0.590922
vt 0.348155 0.600727
vt 0.398103 0.584995
vt 0.365577 0.556796
vt 0.339542 0.558305
vt 0.408641 0.574768
vt 0.401508 0.560940
vt 0.392478 0.568899
vt 0.378602 0.560031
vt 0.375137 0.551082
vt 0.360378 0.546271
vt 0.353138 0.551267
vt 0.347283 0.555618
vt 0.337728 0.548632
vt 0.346635 0.544064
vt 0.335681 0.537473
vt 0.369261 0.540955
vt 0.363000 0.530123
vt 0.354413 0.536904
vt 0.416773 0.575066
vt 0.426709 0.559604
vt 0.426754 0.573994
vt 0.417328 0.590259
vt 0.409016 0.591708
vt 0.499535 0.369643
vt 0.505491 0.361649
vt 0.506405 0.374438
vt 0.494004 0.383496
vt 0.494368 0.359934
vt 0.488174 0.372833
vt 0.474806 0.392139
vt 0.478786 0.405202
vt 0.461213 0.398823
vt 0.465609 0.407795
vt 0.450184 0.403533
vt 0.454146 0.412362
vt 0.443678 0.418509
vt 0.439142 0.406570
vt 0.511748 0.377231
vt 0.520191 0.379236
vt 0.520571 0.366241
vt 0.517031 0.362328
vt 0.510900 0.358232
vt 0.487600 0.404036
vt 0.483064 0.413213
vt 0.497078 0.412472
vt 0.499059 0.403541
vt 0.503239 0.387612
vt 0.509438 0.390783
vt 0.521173 0.392205
vt 0.521540 0.403652
vt 0.507453 0.405496
vt 0.506582 0.412242
vt 0.493787 0.434586
vt 0.483262 0.435373
vt 0.483279 0.450338
vt 0.470337 0.451479
vt 0.456601 0.462646
vt 0.470051 0.456877
vt 0.482290 0.457407
vt 0.492559 0.451200
vt 0.502587 0.436213
vt 0.521240 0.412107
vt 0.523056 0.402320
vt 0.531189 0.384822
vt 0.531235 0.375736
vt 0.524493 0.408894
vt 0.532373 0.395102
vt 0.532417 0.404011
vt 0.534571 0.416322
vt 0.528501 0.424098
vt 0.523857 0.430688
vt 0.510326 0.442264
vt 0.500695 0.452786
vt 0.491834 0.458113
vt 0.518583 0.445378
vt 0.508242 0.457545
vt 0.500871 0.461083
vt 0.516395 0.458251
vt 0.506969 0.463925
vt 0.514636 0.463494
vt 0.527079 0.555532
vt 0.527717 0.543977
vt 0.521221 0.551193
vt 0.524014 0.566546
vt 0.526247 0.600643
vt 0.515795 0.599117
vt 0.516565 0.607345
vt 0.527625 0.590836
vt 0.517120 0.588225
vt 0.529690 0.578970
vt 0.520977 0.576435
vt 0.531955 0.570375
vt 0.534823 0.558204
vt 0.536628 0.548527
vt 0.538665 0.537364
vt 0.533849 0.533755
vt 0.519933 0.536833
vt 0.525947 0.527359
vt 0.511341 0.530069
vt 0.504982 0.609284
vt 0.506159 0.598277
vt 0.495043 0.595535
vt 0.493710 0.604845
vt 0.492695 0.618333
vt 0.484081 0.601297
vt 0.482653 0.609753
vt 0.474249 0.596529
vt 0.472618 0.609370
vt 0.465378 0.591745
vt 0.476284 0.585011
vt 0.465739 0.574805
vt 0.485583 0.590487
vt 0.457606 0.575119
vt 0.457065 0.590313
vt 0.480280 0.622107
vt 0.489189 0.625854
vt 0.498450 0.629517
vt 0.503938 0.618383
vt 0.515464 0.612699
vt 0.467475 0.636473
vt 0.479412 0.634681
vt 0.489044 0.637686
vt 0.498810 0.640230
vt 0.504473 0.646148
vt 0.507079 0.637219
vt 0.510002 0.629612
vt 0.518426 0.622299
vt 0.524986 0.615824
vt 0.525693 0.607912
vt 0.662578 0.258201
vt 0.657952 0.242584
vt 0.646688 0.243632
vt 0.661859 0.272359
vt 0.640122 0.262895
vt 0.660247 0.278542
vt 0.633020 0.282403
vt 0.661487 0.290206
vt 0.661664 0.299486
vt 0.631747 0.292203
vt 0.633501 0.305191
vt 0.656935 0.316356
vt 0.639309 0.316032
vt 0.648290 0.320715
vt 0.390869 0.538819
vt 0.383319 0.545369
vt 0.386916 0.554088
vt 0.395463 0.547908
vt 0.403239 0.540569
vt 0.398585 0.529447
vt 0.392370 0.521096
vt 0.386423 0.529147
vt 0.378292 0.536442
vt 0.387052 0.513085
vt 0.400071 0.511420
vt 0.406953 0.518015
vt 0.372720 0.523630
vt 0.381745 0.518084
vt 0.340494 0.533854
vt 0.348391 0.527443
vt 0.357337 0.521175
vt 0.367852 0.513390
vt 0.380566 0.506556
vt 0.395210 0.504913
vt 0.406672 0.498953
vt 0.412115 0.506538
vt 0.415356 0.511841
vt 0.402078 0.493558
vt 0.390532 0.495814
vt 0.396873 0.488973
vt 0.569045 0.033239
vt 0.562988 0.019500
vt 0.553909 0.040301
vt 0.371145 0.469277
vt 0.374622 0.485259
vt 0.382518 0.481907
vt 0.383905 0.488587
vt 0.375252 0.493506
vt 0.393278 0.485798
vt 0.367617 0.491621
vt 0.369495 0.497654
vt 0.364075 0.476959
vt 0.350355 0.449514
vt 0.349566 0.468471
vt 0.356207 0.481849
vt 0.359619 0.494105
vt 0.361867 0.498906
vt 0.391615 0.479021
vt 0.405336 0.482592
vt 0.379693 0.465739
vt 0.364870 0.446436
vt 0.349240 0.441215
vt 0.347610 0.440230
vt 0.346826 0.447048
vt 0.404530 0.477315
vt 0.419201 0.485353
vt 0.390182 0.464212
vt 0.374295 0.444583
vt 0.371470 0.436181
vt 0.363355 0.439954
vt 0.349131 0.429670
vt 0.359738 0.425820
vt 0.365870 0.420929
vt 0.382855 0.434160
vt 0.374529 0.415242
vt 0.360822 0.406192
vt 0.356624 0.411741
vt 0.348208 0.416764
vt 0.344376 0.414491
vt 0.336523 0.414545
vt 0.337754 0.425027
vt 0.337693 0.435130
vt 0.338514 0.443954
vt 0.337575 0.456605
vt 0.344334 0.462968
vt 0.344740 0.401703
vt 0.367715 0.402749
vt 0.361048 0.396145
vt 0.346574 0.403991
vt 0.349696 0.399345
vt 0.355366 0.393949
vt 0.360658 0.391785
vt 0.368452 0.399484
vt 0.371886 0.392012
vt 0.379264 0.403416
vt 0.394359 0.419587
vt 0.391687 0.433382
vt 0.408454 0.423222
vt 0.404975 0.433062
vt 0.419822 0.425466
vt 0.416758 0.435068
vt 0.348297 0.395919
vt 0.354339 0.390540
vt 0.427710 0.438856
vt 0.431041 0.426051
vt 0.369083 0.389588
vt 0.366672 0.394257
vt 0.388231 0.442245
vt 0.405442 0.437668
vt 0.416631 0.439324
vt 0.415394 0.447843
vt 0.404107 0.446655
vt 0.413790 0.464456
vt 0.403758 0.463907
vt 0.413980 0.479192
vt 0.423158 0.481468
vt 0.423047 0.468130
vt 0.427734 0.449752
vt 0.430383 0.469037
vt 0.432241 0.483839
vt 0.430888 0.486834
vt 0.465593 0.412455
vt 0.454684 0.416545
vt 0.456734 0.424701
vt 0.444710 0.429294
vt 0.443957 0.448954
vt 0.451127 0.446449
vt 0.443553 0.464005
vt 0.452310 0.459669
vt 0.445182 0.466671
vt 0.461169 0.455407
vt 0.469802 0.438045
vt 0.467785 0.421054
vt 0.459929 0.440786
vt 0.406397 0.012267
vt 0.423457 0.014648
vt 0.423457 0.008737
vt 0.406297 0.006835
vt 0.389199 0.011017
vt 0.390303 0.006023
vt 0.377035 0.004289
vt 0.377896 0.002472
vt 0.372761 0.012732
vt 0.389391 0.024177
vt 0.404940 0.029030
vt 0.423457 0.029452
vt 0.440517 0.012267
vt 0.440617 0.006835
vt 0.457715 0.011017
vt 0.456610 0.006023
vt 0.469879 0.004289
vt 0.469018 0.002472
vt 0.474152 0.012732
vt 0.404906 0.052400
vt 0.423457 0.053067
vt 0.441973 0.029030
vt 0.457522 0.024177
vt 0.459610 0.046699
vt 0.478980 0.028443
vt 0.482249 0.042311
vt 0.461517 0.062557
vt 0.481836 0.051405
vt 0.474101 0.094817
vt 0.503840 0.081821
vt 0.477073 0.120545
vt 0.466781 0.103832
vt 0.455362 0.093140
vt 0.456704 0.076210
vt 0.439630 0.083418
vt 0.444208 0.068682
vt 0.423457 0.081237
vt 0.423457 0.067548
vt 0.402705 0.068682
vt 0.442008 0.052400
vt 0.503286 0.152736
vt 0.477837 0.152345
vt 0.470751 0.125730
vt 0.461495 0.109349
vt 0.454318 0.102795
vt 0.440324 0.095068
vt 0.423457 0.095372
vt 0.407284 0.083418
vt 0.390209 0.076210
vt 0.385396 0.062557
vt 0.387304 0.046699
vt 0.447517 0.117097
vt 0.436725 0.109624
vt 0.423457 0.105687
vt 0.406590 0.095068
vt 0.391551 0.093140
vt 0.372813 0.094817
vt 0.365078 0.051405
vt 0.364665 0.042311
vt 0.367934 0.028443
vt 0.343074 0.081821
vt 0.369841 0.120545
vt 0.380133 0.103832
vt 0.392596 0.102795
vt 0.410188 0.109624
vt 0.399397 0.117097
vt 0.385419 0.109349
vt 0.412010 0.115868
vt 0.423457 0.112838
vt 0.434904 0.115868
vt 0.445860 0.124301
vt 0.457929 0.186457
vt 0.469580 0.177081
vt 0.454451 0.171607
vt 0.463883 0.202948
vt 0.441257 0.210803
vt 0.443121 0.180139
vt 0.450632 0.166420
vt 0.439759 0.193286
vt 0.423457 0.212837
vt 0.423457 0.232443
vt 0.405657 0.210803
vt 0.405560 0.231618
vt 0.383031 0.202948
vt 0.384297 0.228037
vt 0.441354 0.231618
vt 0.423457 0.256805
vt 0.406100 0.255921
vt 0.383087 0.254235
vt 0.441256 0.175370
vt 0.433944 0.183812
vt 0.423457 0.196888
vt 0.407155 0.193286
vt 0.388984 0.186457
vt 0.377333 0.177081
vt 0.343628 0.152736
vt 0.369076 0.152345
vt 0.376163 0.125730
vt 0.376665 0.151984
vt 0.423457 0.185718
vt 0.412970 0.183812
vt 0.403793 0.180139
vt 0.392462 0.171607
vt 0.388446 0.128124
vt 0.401054 0.124301
vt 0.392912 0.132667
vt 0.396281 0.166420
vt 0.405658 0.175370
vt 0.413871 0.179565
vt 0.423457 0.181077
vt 0.433043 0.179565
vt 0.431144 0.365401
vt 0.439744 0.365227
vt 0.437072 0.349029
vt 0.423457 0.365166
vt 0.449552 0.364053
vt 0.450710 0.350818
vt 0.453284 0.334771
vt 0.467617 0.344144
vt 0.472231 0.321923
vt 0.464851 0.359799
vt 0.464107 0.371312
vt 0.463648 0.379529
vt 0.475315 0.384837
vt 0.476928 0.380535
vt 0.478959 0.373165
vt 0.482012 0.358062
vt 0.487860 0.344588
vt 0.382807 0.371312
vt 0.397361 0.364053
vt 0.396204 0.350818
vt 0.407170 0.365227
vt 0.409842 0.349029
vt 0.415770 0.365401
vt 0.423457 0.347931
vt 0.438523 0.330743
vt 0.458615 0.312081
vt 0.440590 0.309191
vt 0.465828 0.282909
vt 0.423457 0.328231
vt 0.408391 0.330743
vt 0.393630 0.334771
vt 0.382063 0.359799
vt 0.367955 0.373165
vt 0.369986 0.380535
vt 0.371598 0.384837
vt 0.383266 0.379529
vt 0.379296 0.344144
vt 0.364902 0.358062
vt 0.359053 0.344588
vt 0.374683 0.321923
vt 0.388299 0.312081
vt 0.406324 0.309191
vt 0.423457 0.308209
vt 0.440969 0.283905
vt 0.463827 0.254235
vt 0.381086 0.282909
vt 0.405945 0.283905
vt 0.423457 0.283899
vt 0.440814 0.255921
vt 0.462617 0.228037
vt 0.470248 0.151984
vt 0.395474 0.379046
vt 0.406307 0.373694
vt 0.415712 0.373454
vt 0.423457 0.373115
vt 0.431201 0.373454
vt 0.440606 0.373694
vt 0.451440 0.379046
vt 0.548916 0.248062
vt 0.550535 0.220276
vt 0.537724 0.226929
vt 0.537542 0.248215
vt 0.527937 0.205460
vt 0.519525 0.238861
vt 0.536862 0.265915
vt 0.557902 0.275269
vt 0.571423 0.267258
vt 0.553199 0.207962
vt 0.565811 0.218353
vt 0.567085 0.237701
vt 0.577384 0.247101
vt 0.588992 0.263550
vt 0.589459 0.250290
vt 0.601879 0.259506
vt 0.605613 0.240448
vt 0.618231 0.257629
vt 0.603964 0.221848
vt 0.619946 0.235474
vt 0.618272 0.212921
vt 0.633924 0.227844
vt 0.633285 0.212097
vt 0.624822 0.189606
vt 0.608150 0.192383
vt 0.602224 0.205200
vt 0.589079 0.208862
vt 0.589672 0.220062
vt 0.576395 0.204865
vt 0.577054 0.226120
vt 0.591610 0.234909
vt 0.631108 0.278854
vt 0.608531 0.285767
vt 0.617648 0.301376
vt 0.640078 0.243683
vt 0.588647 0.200653
vt 0.577450 0.194946
vt 0.565897 0.208954
vt 0.567567 0.190002
vt 0.553417 0.198441
vt 0.589205 0.192719
vt 0.579200 0.177658
vt 0.567957 0.171158
vt 0.552610 0.183044
vt 0.539064 0.183456
vt 0.539241 0.195786
vt 0.542016 0.211319
vt 0.589688 0.185913
vt 0.602554 0.189606
vt 0.589819 0.178894
vt 0.576126 0.163635
vt 0.554071 0.161942
vt 0.537922 0.160995
vt 0.527085 0.180710
vt 0.527709 0.195480
vt 0.590489 0.167648
vt 0.520555 0.159088
vt 0.523239 0.152298
vt 0.539282 0.149704
vt 0.559388 0.139389
vt 0.574878 0.140518
vt 0.590509 0.150864
vt 0.590499 0.158646
vt 0.602853 0.166824
vt 0.602041 0.175568
vt 0.617343 0.179276
vt 0.549257 0.110413
vt 0.538089 0.106995
vt 0.531600 0.128662
vt 0.543604 0.134232
vt 0.524238 0.143311
vt 0.627815 0.183319
vt 0.614867 0.168625
vt 0.602767 0.152145
vt 0.590327 0.124710
vt 0.575304 0.116455
vt 0.562082 0.110962
vt 0.549647 0.097488
vt 0.535289 0.095825
vt 0.548779 0.075882
vt 0.562032 0.098557
vt 0.557237 0.080383
vt 0.615395 0.129700
vt 0.602462 0.127808
vt 0.615476 0.154129
vt 0.604695 0.109192
vt 0.616542 0.118561
vt 0.627171 0.131699
vt 0.631174 0.156555
vt 0.629657 0.174911
vt 0.628307 0.120010
vt 0.572818 0.090622
vt 0.564822 0.077164
vt 0.578100 0.104156
vt 0.593366 0.109329
vt 0.610149 0.097534
vt 0.619753 0.102173
vt 0.632194 0.109848
vt 0.648363 0.122391
vt 0.651864 0.114502
vt 0.652462 0.127625
vt 0.656313 0.116913
vt 0.658424 0.127213
vt 0.660814 0.117157
vt 0.662356 0.124893
vt 0.599327 0.087494
vt 0.583686 0.077652
vt 0.605223 0.069107
vt 0.587684 0.056122
vt 0.578587 0.050949
vt 0.579814 0.042130
vt 0.636846 0.099579
vt 0.622229 0.087601
vt 0.613356 0.086838
vt 0.615492 0.076981
vt 0.611935 0.053055
vt 0.590154 0.041763
vt 0.577308 0.028381
vt 0.581707 0.024612
vt 0.589662 0.017395
vt 0.582630 0.013489
vt 0.623508 0.078583
vt 0.574269 0.011642
vt 0.572077 0.006775
vt 0.569398 0.010330
vt 0.571560 0.014008
vt 0.578277 0.018448
vt 0.576263 0.006851
vt 0.575081 0.022095
vt 0.571057 0.026840
vt 0.572336 0.039810
vt 0.570093 0.043106
vt 0.568708 0.049530
vt 0.573325 0.062500
vt 0.568531 0.015701
vt 0.558627 0.049896
vt 0.564883 0.060165
vt 0.565076 0.051620
vt 0.558379 0.065247
vt 0.553954 0.056381
vt 0.551859 0.050613
vt 0.553833 0.044983
vt 0.548911 0.044937
vt 0.548018 0.051437
vt 0.548130 0.057983
vt 0.550464 0.067123
vt 0.589581 0.275330
vt 0.571235 0.280838
vt 0.594385 0.301514
vt 0.607318 0.002945
vt 0.606435 0.007996
vt 0.615096 0.013397
vt 0.616958 0.008041
vt 0.602615 0.005478
vt 0.596060 0.015793
vt 0.623386 0.051010
vt 0.626532 0.042450
vt 0.622772 0.037491
vt 0.611311 0.034424
vt 0.600170 0.028305
vt 0.602731 0.018921
vt 0.612823 0.024689
vt 0.619758 0.015976
vt 0.619388 0.030762
vt 0.649844 0.072723
vt 0.652797 0.056900
vt 0.642168 0.052200
vt 0.636618 0.066940
vt 0.647237 0.084473
vt 0.633234 0.075516
vt 0.624746 0.072266
vt 0.618135 0.065414
vt 0.623594 0.058258
vt 0.627678 0.050201
vt 0.633315 0.049103
vt 0.633162 0.044922
vt 0.635131 0.068756
vt 0.629251 0.063522
vt 0.628627 0.056198
vt 0.633482 0.054245
vt 0.636400 0.049423
vt 0.636202 0.055420
vt 0.635091 0.057602
vt 0.638236 0.060120
vt 0.596694 0.491608
vt 0.586182 0.482147
vt 0.583396 0.496094
vt 0.600869 0.462784
vt 0.599510 0.470810
vt 0.611996 0.483047
vt 0.597983 0.479858
vt 0.586958 0.472900
vt 0.572174 0.478546
vt 0.577993 0.496201
vt 0.562412 0.477631
vt 0.563980 0.485443
vt 0.617079 0.460251
vt 0.631382 0.466782
vt 0.632346 0.492203
vt 0.635725 0.423950
vt 0.620311 0.421463
vt 0.620788 0.435486
vt 0.633675 0.436630
vt 0.646816 0.429077
vt 0.645040 0.442459
vt 0.605542 0.436340
vt 0.589560 0.458008
vt 0.576090 0.468933
vt 0.562184 0.468246
vt 0.577993 0.454010
vt 0.563858 0.448898
vt 0.571402 0.425598
vt 0.593985 0.433563
vt 0.582123 0.429230
vt 0.582996 0.417267
vt 0.595213 0.413376
vt 0.605426 0.419052
vt 0.572321 0.412979
vt 0.570575 0.400620
vt 0.554066 0.405334
vt 0.582924 0.398911
vt 0.592336 0.398819
vt 0.544437 0.381516
vt 0.539449 0.385605
vt 0.540672 0.392426
vt 0.535314 0.391769
vt 0.537846 0.399582
vt 0.541854 0.404251
vt 0.545664 0.394760
vt 0.547856 0.408005
vt 0.551849 0.395248
vt 0.568140 0.387756
vt 0.583188 0.382614
vt 0.591306 0.386200
vt 0.603838 0.393723
vt 0.554010 0.372498
vt 0.554665 0.380829
vt 0.551042 0.384689
vt 0.619155 0.319122
vt 0.615689 0.303925
vt 0.611828 0.304535
vt 0.612620 0.318893
vt 0.613351 0.329849
vt 0.602260 0.330444
vt 0.620032 0.351547
vt 0.598424 0.351929
vt 0.619809 0.367279
vt 0.601707 0.371857
vt 0.591088 0.374908
vt 0.583569 0.372604
vt 0.575329 0.364548
vt 0.561306 0.366684
vt 0.553833 0.367111
vt 0.602539 0.319672
vt 0.586948 0.351410
vt 0.590692 0.361618
vt 0.582727 0.346756
vt 0.580946 0.354050
vt 0.583528 0.365417
vt 0.575172 0.356400
vt 0.577516 0.343933
vt 0.579520 0.341278
vt 0.574010 0.345337
vt 0.577694 0.334793
vt 0.576872 0.341125
vt 0.580530 0.336014
vt 0.584614 0.341003
vt 0.588368 0.344009
vt 0.591311 0.330276
vt 0.595552 0.322617
vt 0.598434 0.305878
vt 0.603112 0.305618
vt 0.611489 0.300201
vt 0.603077 0.300888
vt 0.586973 0.333527
vt 0.581367 0.331741
vt 0.517281 0.119088
vt 0.517073 0.097629
vt 0.504008 0.102059
vt 0.504147 0.119835
vt 0.504458 0.143281
vt 0.517538 0.142627
vt 0.504752 0.169825
vt 0.517825 0.170018
vt 0.518075 0.198938
vt 0.505025 0.198892
vt 0.518337 0.228066
vt 0.505338 0.233136
vt 0.518589 0.255398
vt 0.505508 0.258082
vt 0.505717 0.284072
vt 0.518782 0.279641
vt 0.350389 0.028135
vt 0.349334 0.002306
vt 0.338321 0.016046
vt 0.333322 0.033908
vt 0.340123 0.047919
vt 0.355310 0.047070
vt 0.366441 0.028797
vt 0.363711 0.010604
vt 0.646963 0.026735
vt 0.630862 0.008862
vt 0.628235 0.032596
vt 0.641372 0.050648
vt 0.656127 0.049953
vt 0.664735 0.032720
vt 0.659549 0.014263
vt 0.647209 0.000567
vt 0.575441 0.528320
vt 0.581118 0.512039
vt 0.565811 0.512161
vt 0.557496 0.532501
vt 0.575623 0.597794
vt 0.596846 0.595367
vt 0.590616 0.590408
vt 0.602026 0.585495
vt 0.584497 0.572968
vt 0.582123 0.583649
vt 0.573462 0.562775
vt 0.563467 0.584122
vt 0.574244 0.541779
vt 0.559185 0.553360
vt 0.542432 0.531311
vt 0.548815 0.518799
vt 0.552818 0.504166
vt 0.598034 0.564987
vt 0.586151 0.560349
vt 0.544502 0.567032
vt 0.557004 0.594193
vt 0.615375 0.513962
vt 0.618236 0.494812
vt 0.606719 0.495789
vt 0.605395 0.514114
vt 0.595025 0.506973
vt 0.594173 0.514236
vt 0.592539 0.522736
vt 0.590672 0.532471
vt 0.586557 0.545197
vt 0.602067 0.545700
vt 0.610941 0.566315
vt 0.615867 0.586639
vt 0.606811 0.597687
vt 0.637414 0.609634
vt 0.595639 0.498779
vt 0.616481 0.545120
vt 0.606577 0.525284
vt 0.635085 0.617416
vt 0.656755 0.588882
vt 0.616405 0.535355
vt 0.630098 0.513962
vt 0.630692 0.529709
vt 0.627937 0.539658
vt 0.629276 0.555634
vt 0.624954 0.582367
vt 0.641133 0.597244
vt 0.642787 0.568237
vt 0.643498 0.550568
vt 0.658150 0.551804
vt 0.648135 0.531769
vt 0.645826 0.520172
vt 0.646735 0.498749
vt 0.647359 0.486725
vt 0.646085 0.469116
vt 0.657434 0.469101
vt 0.655375 0.444550
vt 0.661564 0.487457
vt 0.661037 0.496979
vt 0.662335 0.505219
vt 0.656892 0.523285
vt 0.655547 0.536499
vt 0.659738 0.434601
vt 0.651153 0.407379
vt 0.642995 0.407730
vt 0.636800 0.400543
vt 0.644401 0.391647
vt 0.639433 0.383072
vt 0.649763 0.384781
vt 0.646653 0.375732
vt 0.652544 0.379929
vt 0.651696 0.373154
vt 0.656090 0.375565
vt 0.655806 0.382690
vt 0.654649 0.389328
vt 0.651118 0.397568
vt 0.631544 0.381134
vt 0.637775 0.370224
vt 0.640641 0.374222
vt 0.619728 0.391403
vt 0.628779 0.366669
vt 0.627384 0.410324
vt 0.637602 0.362900
vt 0.629119 0.357086
vt 0.636146 0.358429
vt 0.639418 0.345871
vt 0.633670 0.344269
vt 0.636673 0.339020
vt 0.630372 0.338333
vt 0.634441 0.333679
vt 0.631326 0.326523
vt 0.624614 0.326706
vt 0.641108 0.332596
vt 0.643518 0.335815
vt 0.638099 0.322891
vt 0.639099 0.328766
vt 0.643665 0.329895
vt 0.641859 0.324905
vt 0.541315 0.425485
vt 0.531046 0.431535
vt 0.538872 0.437913
vt 0.571656 0.336349
vt 0.561945 0.335876
vt 0.561727 0.353210
vt 0.573949 0.353897
vt 0.560839 0.354553
vt 0.554462 0.352875
vt 0.556517 0.339767
vt 0.560398 0.340973
vt 0.639701 0.144635
vt 0.634622 0.159512
vt 0.650668 0.146583
vt 0.634816 0.173403
vt 0.656391 0.165940
vt 0.636169 0.179575
vt 0.662629 0.185581
vt 0.634538 0.190868
vt 0.634032 0.199920
vt 0.663521 0.195260
vt 0.661341 0.207804
vt 0.638047 0.216789
vt 0.655278 0.217918
vt 0.646336 0.221757
vt 0.341272 0.411042
vt 0.333891 0.410030
vt 0.534229 0.455331
vt 0.525604 0.456820
vt 0.532394 0.465892
vt 0.543784 0.463164
vt 0.520635 0.476455
vt 0.526004 0.492200
vt 0.497099 0.476965
vt 0.508575 0.484841
vt 0.522604 0.504531
vt 0.520655 0.515722
vt 0.535965 0.515188
vt 0.532593 0.504031
vt 0.547584 0.494591
vt 0.550231 0.453237
vt 0.556412 0.448571
vt 0.551014 0.469954
vt 0.558673 0.472665
vt 0.541137 0.486868
vt 0.341852 0.399087
vt 0.346384 0.391200
vt 0.352917 0.386139
vt 0.359662 0.387329
vt 0.525188 0.326835
vt 0.529946 0.331999
vt 0.543322 0.324946
vt 0.543747 0.315745
vt 0.549138 0.330773
vt 0.553899 0.326249
vt 0.546703 0.317594
vt 0.545842 0.361041
vt 0.548733 0.374921
vt 0.523279 0.336659
vt 0.511342 0.328718
vt 0.516145 0.295398
vt 0.535150 0.317044
vt 0.535052 0.310192
vt 0.520689 0.293681
vt 0.665085 0.118896
vt 0.662904 0.111694
vt 0.659337 0.105743
vt 0.654157 0.105530
vt 0.651681 0.100311
vt 0.653711 0.093308
vt 0.654776 0.088638
vt 0.650195 0.073090
vt 0.656968 0.074844
vt 0.657775 0.062881
vt 0.653619 0.061996
vt 0.335309 0.395250
vt 0.341486 0.381953
vt 0.348603 0.376373
vt 0.358408 0.378413
vn -0.2741 -0.4304 0.8600
vn 0.7591 -0.4444 0.4758
vn 0.3871 0.4325 0.8143
vn -0.2686 -0.7517 -0.6024
vn -0.7540 -0.0013 -0.6569
vn 0.1730 0.9612 -0.2147
vn 0.8063 -0.5613 -0.1867
vn 0.3656 0.9284 0.0667
vn -0.4293 0.5160 0.7413
vn -0.1567 -0.4421 0.8832
vn 0.7658 -0.6032 0.2228
vn -0.9530 0.3002 0.0412
vn -0.9219 -0.3833 0.0559
vn -0.1748 -0.4782 -0.8607
vn 0.0331 0.5880 -0.8082
vn 0.8417 -0.5220 0.1380
vn 0.2136 -0.4667 0.8582
vn -0.7784 -0.5592 0.2853
vn 0.1809 -0.4579 -0.8704
vn -0.6758 0.6402 0.3653
vn 0.3719 0.2138 0.9033
vn 0.8188 0.3987 0.4130
vn 0.0556 0.9046 -0.4227
vn 0.5306 -0.5151 -0.6731
vn 0.0320 0.9470 -0.3196
vn 0.4952 0.4811 0.7234
vn 0.8163 -0.3736 0.4405
vn -0.7434 -0.6587 -0.1164
vn -0.1302 -0.5039 0.8539
vn -0.2139 0.0675 0.9745
vn -0.9109 0.4121 -0.0187
vn -0.6585 -0.4342 0.6147
vn -0.2100 0.3469 0.9141
vn 0.1109 0.9935 -0.0252
vn -0.7142 -0.4313 -0.5513
vn 0.2959 -0.5048 0.8109
vn 0.8589 -0.4559 -0.2331
vn -0.8852 0.4387 0.1547
vn -0.8817 0.4718 0.0071
vn -0.4549 0.4531 0.7666
vn -0.3232 0.7232 0.6104
vn 0.1342 0.5212 0.8428
vn 0.1342 0.7149 0.6863
vn 0.5916 0.4939 0.6373
vn 0.4687 0.7000 0.5388
vn 0.8074 0.5268 0.2656
vn 0.6946 0.6878 0.2106
vn 0.8563 0.4592 -0.2365
vn 0.7989 0.4876 -0.3521
vn 0.5820 -0.4744 -0.6605
vn -0.9077 -0.3945 -0.1428
vn 0.0204 0.9940 -0.1071
vn -0.7448 -0.6464 0.1657
vn -0.4276 -0.7019 0.5696
vn 0.1490 -0.6774 0.7204
vn 0.4863 -0.6817 0.5467
vn 0.7057 -0.6792 0.2019
vn 0.7784 -0.6025 -0.1761
vn 0.5880 -0.1676 0.7913
vn 0.5772 0.2256 0.7848
vn -0.2719 0.0482 0.9611
vn 0.8943 0.4390 0.0865
vn 0.9740 0.1337 0.1829
vn 0.7199 0.5090 -0.4718
vn 0.7422 0.5287 -0.4117
vn 0.6235 0.1284 -0.7712
vn 0.0928 0.8429 -0.5300
vn -0.3554 0.8457 -0.3981
vn -0.3371 -0.0501 -0.9401
vn 0.0733 -0.9526 -0.2951
vn 0.5597 -0.5781 -0.5937
vn 0.8373 0.1570 -0.5238
vn 0.7709 0.6354 -0.0446
vn 0.3862 0.7373 0.5543
vn -0.2676 0.4758 0.8378
vn 0.0016 0.1250 -0.9922
vn -0.6662 0.0723 -0.7423
vn -0.9322 0.3256 -0.1581
vn -0.9938 -0.1094 0.0178
vn -0.3364 -0.9227 -0.1882
vn 0.1799 -0.7315 -0.6577
vn 0.5394 -0.2670 -0.7986
vn 0.8841 0.1587 -0.4396
vn 0.8672 0.4977 -0.0182
vn 0.3982 0.7583 0.5161
vn -0.2330 0.5798 0.7807
vn 0.9722 -0.2241 -0.0672
vn 0.7942 0.0203 -0.6073
vn 0.6486 0.0771 -0.7572
vn -0.2378 0.6319 -0.7377
vn -0.8744 -0.4369 -0.2109
vn -0.7930 -0.0842 0.6034
vn -0.7237 -0.3734 0.5804
vn -0.4764 -0.7331 0.4855
vn -0.4375 -0.8587 0.2669
vn 0.0851 -0.8767 -0.4734
vn 0.0113 -0.9962 0.0864
vn -0.0287 -0.9024 -0.4298
vn 0.1315 -0.9913 -0.0020
vn -0.0482 -0.9974 -0.0533
vn 0.0100 -0.7078 -0.7063
vn -0.9856 -0.0516 0.1609
vn -0.6552 -0.6150 0.4387
vn -0.7095 -0.1640 0.6853
vn 0.5011 -0.5305 -0.6837
vn 0.0419 -0.3338 -0.9417
vn 0.5557 -0.7780 0.2929
vn 0.3990 -0.9014 -0.1682
vn -0.0915 -0.8955 -0.4356
vn -0.0707 -0.9850 0.1577
vn 0.0084 -0.9141 -0.4054
vn -0.2397 -0.9695 0.0505
vn -0.0109 -0.8478 -0.5302
vn -0.0095 -0.6936 -0.7203
vn -0.0066 -0.3351 -0.9421
vn 0.0005 0.0250 -0.9997
vn 0.0214 0.0682 -0.9974
vn 0.0705 0.4645 -0.8828
vn 0.4774 0.4754 -0.7390
vn 0.4704 0.6626 -0.5829
vn 0.6504 0.6293 -0.4254
vn 0.6103 -0.1388 -0.7799
vn -0.1863 -0.7800 -0.5973
vn -0.5183 -0.5759 -0.6322
vn 0.7381 0.4487 -0.5039
vn 0.8936 0.4154 -0.1702
vn -0.4935 0.4597 -0.7383
vn -0.0701 0.4609 -0.8847
vn -0.0246 0.0552 -0.9982
vn 0.0051 0.4584 -0.8887
vn -0.1472 0.6884 -0.7102
vn -0.0006 0.7415 -0.6709
vn 0.1470 0.6780 -0.7202
vn -0.6148 -0.1110 -0.7808
vn -0.3193 -0.2904 -0.9021
vn -0.4601 0.6819 -0.5686
vn -0.0527 0.0487 -0.9974
vn -0.0037 0.1462 -0.9892
vn 0.0524 0.0440 -0.9977
vn 0.3358 -0.2842 -0.8980
vn -0.9099 0.1887 -0.3694
vn -0.4526 0.8816 0.1342
vn -0.7452 0.4078 0.5276
vn -0.3185 0.5081 0.8002
vn 0.2086 0.9736 0.0924
vn 0.3332 0.5883 0.7368
vn -0.2442 -0.2560 0.9353
vn -0.5106 -0.5441 0.6658
vn -0.7504 -0.4433 0.4903
vn -0.9314 -0.0905 0.3525
vn -0.8462 0.4956 -0.1958
vn -0.8758 0.4577 -0.1535
vn -0.7483 0.4412 -0.4955
vn -0.6324 0.6684 -0.3915
vn 0.0763 -0.4529 0.8883
vn 0.0784 -0.6420 0.7627
vn -0.0700 -0.7811 0.6205
vn -0.0542 -0.4345 0.8990
vn -0.0364 -0.4324 0.9009
vn -0.0048 -0.5974 0.8019
vn -0.4640 -0.7295 0.5026
vn -0.6173 -0.7805 0.0986
vn -0.8681 -0.4961 -0.0142
vn -0.9182 -0.2636 -0.2959
vn -0.0712 0.9585 0.2760
vn -0.4079 0.7773 0.4789
vn 0.3023 0.6753 0.6727
vn 0.3071 0.5955 0.7424
vn 0.6951 0.0229 0.7185
vn 0.8158 -0.0456 0.5766
vn 0.6043 0.5763 0.5502
vn 0.4164 -0.2790 0.8653
vn -0.6268 0.7786 -0.0308
vn -0.8914 0.4522 0.0306
vn -0.3569 0.7779 0.5172
vn 0.3204 0.1706 0.9318
vn 0.6365 -0.0822 0.7669
vn 0.8915 -0.1301 0.4339
vn 0.7555 -0.4860 0.4393
vn -0.9258 0.1329 -0.3539
vn -0.5219 0.2927 0.8012
vn 0.8438 -0.0701 0.5321
vn -0.7813 -0.1326 -0.6099
vn -0.5825 -0.3540 -0.7317
vn -0.9284 0.0704 -0.3649
vn -0.8181 0.5746 -0.0217
vn -0.9019 0.4168 0.1131
vn -0.5296 -0.0736 0.8450
vn 0.2781 -0.1732 0.9448
vn 0.5814 -0.0209 0.8134
vn 0.6445 -0.6300 0.4333
vn 0.3427 -0.4357 0.8323
vn 0.7154 -0.1412 0.6843
vn -0.9612 0.1497 0.2316
vn -0.8767 -0.4807 0.0162
vn -0.4523 -0.5156 0.7278
vn -0.5162 -0.2899 -0.8059
vn -0.0203 -0.7209 -0.6927
vn -0.0518 -0.3517 -0.9347
vn -0.5039 0.0569 -0.8619
vn -0.7842 0.1556 -0.6006
vn 0.8370 0.5458 -0.0396
vn 0.8437 0.4688 0.2616
vn 0.3811 0.8723 0.3064
vn 0.7582 0.5767 -0.3041
vn 0.7259 -0.5723 -0.3816
vn 0.6227 -0.6660 -0.4107
vn 0.8047 0.2749 -0.5262
vn 0.3506 -0.5832 -0.7328
vn 0.4307 0.3420 -0.8352
vn -0.4591 -0.6103 -0.6456
vn -0.6248 0.2669 -0.7337
vn -0.9946 0.1007 -0.0237
vn -0.7169 -0.6970 -0.0139
vn -0.1201 0.8846 0.4507
vn -0.7514 0.5157 0.4117
vn -0.3366 0.4121 0.8467
vn 0.1792 0.4716 0.8634
vn 0.6290 0.4156 0.6569
vn 0.7021 0.6523 -0.2855
vn 0.8887 0.3063 -0.3411
vn 0.8075 0.2538 0.5324
vn 0.3500 0.9364 0.0241
vn 0.2491 0.9676 -0.0422
vn -0.2767 0.9537 0.1183
vn -0.8246 0.5373 0.1771
vn -0.7963 0.5604 0.2278
vn -0.2472 0.9275 0.2803
vn -0.2385 0.2829 0.9290
vn 0.5483 -0.5513 0.6289
vn 0.9380 -0.3431 -0.0494
vn 0.9874 -0.0074 0.1581
vn 0.7244 0.4536 -0.5192
vn 0.5374 0.2277 0.8120
vn -0.0858 -0.5123 0.8545
vn -0.8393 0.3336 0.4293
vn -0.9426 0.1810 0.2805
vn -0.7485 -0.6612 0.0506
vn -0.8539 0.3553 0.3803
vn -0.6005 -0.7854 0.1505
vn -0.6738 -0.6948 0.2516
vn -0.9799 0.1981 0.0219
vn -0.6937 -0.3934 0.6034
vn -0.0291 0.2201 0.9750
vn 0.5129 -0.0174 0.8583
vn -0.9986 -0.0532 0.0031
vn -0.6461 0.1897 0.7393
vn -0.2845 -0.0903 0.9544
vn -0.9516 0.2366 0.1963
vn -0.5140 -0.0758 0.8544
vn -0.2665 -0.5662 0.7800
vn -0.2221 -0.2825 0.9332
vn -0.5559 -0.2282 0.7993
vn -0.2823 -0.3913 0.8759
vn -0.0318 -0.5028 0.8638
vn -0.6847 -0.2019 0.7003
vn -0.5636 -0.1450 0.8132
vn 0.4943 -0.6076 0.6217
vn 0.8760 -0.4692 -0.1114
vn -0.2456 0.4887 0.8372
vn -0.5166 0.4895 0.7025
vn 0.0706 0.9326 0.3541
vn -0.1823 0.9582 0.2203
vn 0.3628 0.4149 0.8344
vn 0.4097 0.8991 0.1540
vn 0.7560 0.3961 0.5211
vn 0.8912 0.2261 -0.3932
vn 0.8431 0.4982 -0.2025
vn 0.7652 0.1880 -0.6157
vn 0.8960 0.1933 -0.3998
vn 0.7567 -0.0784 -0.6491
vn 0.5750 0.8170 -0.0448
vn 0.4983 -0.2445 -0.8318
vn 0.4846 0.0874 -0.8704
vn 0.9356 -0.0977 0.3391
vn 0.7649 -0.3990 0.5057
vn 0.5123 -0.4506 0.7311
vn 0.2130 -0.2171 0.9526
vn -0.1757 -0.6293 0.7571
vn 0.9396 -0.1817 -0.2899
vn 0.9127 -0.4053 0.0521
vn 0.6658 -0.7270 0.1678
vn 0.4871 -0.6690 0.5614
vn -0.6467 -0.0564 -0.7607
vn -0.8304 0.3002 -0.4693
vn -0.9045 -0.0691 -0.4208
vn -0.5636 -0.6652 -0.4897
vn -0.0366 -0.9734 -0.2260
vn 0.3311 -0.1651 -0.9291
vn 0.3183 0.7792 -0.5399
vn -0.1558 0.7509 -0.6418
vn -0.7785 0.4378 -0.4498
vn 0.6245 -0.0314 -0.7804
vn 0.9491 0.1826 -0.2568
vn 0.9882 0.0945 -0.1202
vn -0.6794 -0.1092 -0.7256
vn -0.0746 -0.0037 -0.9972
vn 0.3801 0.1868 0.9059
vn -0.4341 0.0558 0.8992
vn -0.9681 -0.2467 0.0439
vn -0.8243 -0.1130 -0.5547
vn 0.1850 0.5327 -0.8258
vn 0.8148 -0.5427 -0.2041
vn 0.9970 -0.0019 0.0769
vn 0.1357 -0.3920 0.9099
vn 0.1274 0.3147 0.9406
vn -0.4710 0.3624 0.8043
vn 0.6875 0.3239 0.6500
vn 0.7425 -0.3011 0.5983
vn 0.8668 0.3539 0.3513
vn 0.9796 0.1938 -0.0523
vn 0.9968 -0.0540 -0.0582
vn 0.9589 0.2658 0.0997
vn -0.9761 0.0283 0.2153
vn -0.5111 -0.4369 0.7402
vn 0.2668 0.3505 0.8978
vn 0.8046 0.5669 0.1770
vn 0.9590 0.1896 0.2104
vn 0.8699 0.3759 0.3193
vn -0.7638 0.3773 -0.5237
vn -0.9388 -0.3384 0.0646
vn -0.7606 0.2474 0.6003
vn -0.4257 0.8997 0.0964
vn 0.2113 0.9213 0.3265
vn 0.8269 0.5483 0.1251
vn 0.2035 0.9705 0.1296
vn -0.3079 0.9514 -0.0043
vn -0.7698 0.5798 -0.2669
vn -0.8112 0.5244 -0.2586
vn -0.4276 0.8328 0.3517
vn 0.0356 0.8747 0.4834
vn 0.7481 0.5522 0.3680
vn 0.8890 0.4468 0.0999
vn 0.7758 -0.6149 0.1415
vn 0.7728 -0.6344 0.0179
vn 0.6434 -0.7547 0.1283
vn 0.7181 -0.6592 0.2231
vn 0.7481 -0.6619 -0.0474
vn 0.9858 0.1323 -0.1035
vn 0.3297 0.7527 0.5698
vn -0.8581 0.5135 -0.0094
vn -0.8609 0.4175 0.2908
vn 0.3754 0.4521 0.8091
vn -0.1430 0.4611 0.8758
vn -0.6184 0.3690 0.6938
vn -0.7073 0.6679 0.2316
vn -0.8854 0.4205 -0.1983
vn -0.7635 -0.6358 -0.1138
vn -0.7239 -0.6105 -0.3213
vn -0.6186 -0.7040 -0.3489
vn -0.8484 0.2165 -0.4830
vn -0.3723 -0.6182 -0.6922
vn -0.4991 0.2978 -0.8137
vn 0.4438 -0.6074 -0.6589
vn 0.5648 0.2711 -0.7794
vn -0.1223 0.7295 0.6729
vn -0.4638 0.6980 0.5456
vn -0.8357 0.4474 -0.3186
vn -0.9141 0.2719 -0.3009
vn -0.3850 0.5237 -0.7599
vn 0.4656 0.4163 -0.7810
vn 0.4492 0.2331 -0.8625
vn -0.5841 0.2394 -0.7756
vn -0.1603 0.0016 -0.9871
vn -0.7692 -0.1105 -0.6293
vn -0.1956 0.5845 -0.7875
vn 0.6348 0.5542 -0.5383
vn 0.7398 -0.0022 -0.6728
vn 0.3109 0.5625 -0.7661
vn -0.5303 0.4298 -0.7308
vn -0.5052 0.3190 -0.8018
vn -0.7794 0.0900 -0.6200
vn -0.6732 0.6072 -0.4220
vn 0.1346 0.6810 -0.7198
vn 0.7262 -0.0079 -0.6874
vn 0.5113 0.3376 -0.7903
vn 0.0961 0.1499 -0.9840
vn 0.3887 -0.6301 0.6722
vn 0.0044 -0.4466 0.8947
vn 0.7537 -0.5972 0.2746
vn 0.9605 -0.2322 0.1534
vn 0.9888 0.0037 0.1492
vn 0.7260 -0.4491 0.5208
vn 0.2726 -0.4827 0.8323
vn 0.0165 -0.3436 0.9390
vn -0.3672 -0.6533 0.6620
vn -0.7163 -0.6598 0.2271
vn -0.9353 -0.3400 0.0978
vn -0.9839 -0.1035 0.1455
vn 0.2433 0.0200 0.9697
vn 0.0108 -0.1887 0.9820
vn -0.2323 -0.5237 0.8197
vn -0.6765 -0.5460 0.4941
vn -0.7844 -0.2442 0.5701
vn -0.9097 -0.4083 -0.0762
vn -0.8026 -0.5964 -0.0139
vn -0.7779 -0.4785 0.4074
vn -0.7746 -0.6138 -0.1524
vn -0.9704 -0.2135 -0.1127
vn -0.9142 -0.0398 -0.4033
vn -0.9441 -0.1306 0.3028
vn -0.9111 -0.3291 0.2480
vn -0.6812 -0.7311 0.0373
vn -0.5849 -0.8107 0.0252
vn -0.1944 -0.9776 0.0802
vn -0.5261 -0.4124 0.7437
vn 0.0585 -0.9822 0.1788
vn 0.0372 -0.5547 0.8312
vn 0.5745 -0.3585 0.7358
vn -0.2412 -0.0191 0.9703
vn -0.8869 -0.3346 0.3184
vn -0.5599 -0.0393 0.8276
vn -0.7251 -0.2643 0.6359
vn -0.3911 -0.6605 0.6409
vn -0.1508 -0.8253 0.5442
vn 0.0518 -0.8513 0.5222
vn 0.3085 -0.9479 0.0788
vn 0.6775 -0.7352 0.0224
vn 0.8341 -0.3800 0.3998
vn 0.8123 -0.1392 0.5664
vn 0.0044 -0.3348 0.9423
vn 0.0264 -0.4229 0.9058
vn 0.0307 -0.4759 0.8789
vn 0.2501 -0.8016 0.5430
vn 0.7675 -0.6405 0.0274
vn 0.9884 -0.1019 -0.1126
vn 0.8567 -0.4931 -0.1514
vn 0.8594 -0.5099 -0.0384
vn 0.9620 -0.2609 -0.0800
vn 0.9102 0.0259 -0.4133
vn 0.9452 -0.0640 0.3202
vn 0.9426 -0.2251 0.2467
vn 0.4671 -0.6169 0.6334
vn 0.0289 -0.4228 0.9058
vn 0.0603 -0.3202 0.9454
vn 0.6186 -0.1427 0.7726
vn -0.0944 -0.2130 0.9725
vn 0.0091 -0.1051 0.9944
vn 0.1245 -0.2001 0.9718
vn 0.0668 -0.3271 0.9426
vn -0.2648 0.7591 0.5947
vn -0.6628 0.5245 0.5344
vn 0.0507 0.3173 0.9470
vn -0.2631 0.8870 0.3796
vn -0.1766 0.9750 0.1350
vn -0.0426 0.5503 0.8339
vn 0.3741 -0.0060 0.9274
vn -0.1507 0.8888 0.4327
vn -0.0576 0.9845 0.1656
vn -0.0568 0.9469 -0.3164
vn 0.0600 0.9891 0.1344
vn 0.0740 0.9372 -0.3409
vn 0.1709 0.9139 0.3682
vn 0.1500 0.9764 -0.1557
vn -0.1871 0.9214 -0.3406
vn -0.0455 0.7364 -0.6751
vn -0.0208 0.7631 -0.6460
vn 0.0623 0.8386 -0.5412
vn 0.2804 -0.0023 0.9599
vn -0.0302 0.5852 0.8103
vn -0.0533 0.9217 0.3843
vn 0.0469 0.8973 0.4390
vn 0.1864 0.7882 0.5865
vn 0.5604 0.6759 0.4786
vn 0.8950 -0.3113 0.3194
vn 0.5547 0.0740 0.8288
vn 0.0628 0.3244 0.9438
vn 0.3826 0.0369 0.9232
vn -0.0381 0.6815 0.7308
vn -0.0260 0.5898 0.8072
vn -0.0575 0.5046 0.8614
vn -0.1238 0.3195 0.9395
vn 0.2136 -0.0004 0.9769
vn 0.1257 -0.2861 0.9499
vn -0.2974 -0.0392 0.9539
vn -0.4497 -0.1298 0.8837
vn -0.3012 -0.0944 0.9489
vn -0.0137 0.1242 0.9922
vn -0.0130 0.2678 0.9634
vn 0.0049 0.1253 0.9921
vn -0.0302 -0.3267 -0.9447
vn -0.1427 -0.3097 -0.9401
vn -0.0999 0.0178 -0.9948
vn -0.0014 -0.3002 -0.9539
vn -0.5401 -0.4159 -0.7316
vn -0.6249 -0.0957 -0.7748
vn -0.4143 -0.3787 -0.8277
vn -0.7713 -0.5641 -0.2949
vn -0.5978 -0.5611 -0.5725
vn -0.9418 -0.2237 -0.2508
vn -0.9644 -0.2007 -0.1720
vn 0.9845 -0.0613 -0.1644
vn 0.5894 -0.3352 -0.7350
vn 0.6514 0.0077 -0.7587
vn 0.1653 -0.2828 -0.9448
vn 0.1033 0.0253 -0.9943
vn 0.0352 -0.3308 -0.9430
vn -0.0063 0.0839 -0.9965
vn 0.0108 -0.0947 -0.9955
vn -0.2035 -0.0334 -0.9785
vn 0.0668 0.1711 -0.9830
vn -0.1369 0.5218 -0.8420
vn -0.0127 0.0870 -0.9961
vn -0.0097 -0.0920 -0.9957
vn 0.4508 -0.3179 -0.8341
vn 0.9738 -0.0422 -0.2234
vn 0.8460 -0.4452 -0.2934
vn 0.6549 -0.4855 -0.5792
vn 0.2003 -0.0049 -0.9797
vn -0.0910 0.1609 -0.9828
vn -0.0117 0.1924 -0.9812
vn 0.0185 0.4671 -0.8840
vn -0.1495 0.8323 -0.5337
vn 0.0891 0.5266 -0.8454
vn -0.0705 0.4611 -0.8846
vn -0.0266 0.4053 -0.9138
vn -0.0700 0.7608 -0.6451
vn -0.2593 0.9544 -0.1482
vn -0.3541 -0.0218 0.9350
vn -0.1159 0.2586 0.9590
vn -0.1681 0.4901 0.8553
vn -0.6106 0.1743 0.7725
vn -0.1537 -0.3815 0.9115
vn 0.4521 -0.0526 0.8904
vn 0.4023 -0.8176 0.4118
vn 0.4863 -0.7550 0.4399
vn 0.7942 0.0445 0.6060
vn 0.2351 0.6702 0.7039
vn -0.0749 0.9763 0.2029
vn -0.4940 0.1421 0.8578
vn -0.6858 0.5512 0.4752
vn -0.5255 0.7570 0.3884
vn -0.2858 0.9186 -0.2730
vn 0.3391 0.8187 -0.4633
vn 0.0728 0.6892 -0.7209
vn 0.6221 0.2751 -0.7330
vn 0.2366 0.1088 -0.9655
vn 0.5425 -0.6555 -0.5254
vn 0.1813 0.1799 -0.9668
vn 0.4448 -0.8422 -0.3048
vn 0.3887 -0.7954 -0.4651
vn 0.4172 -0.8533 0.3129
vn 0.0827 -0.9865 0.1413
vn -0.6825 -0.7042 -0.1956
vn -0.0147 -0.5710 -0.8208
vn 0.2223 0.1853 -0.9572
vn -0.3363 0.6433 -0.6878
vn -0.4030 0.6483 -0.6460
vn -0.6162 0.7806 -0.1048
vn -0.5307 0.8227 -0.2038
vn -0.1125 0.4641 -0.8786
vn 0.9628 -0.2603 -0.0727
vn -0.2946 0.7516 -0.5902
vn -0.5757 0.8105 -0.1079
vn -0.6112 0.6815 0.4025
vn -0.7308 0.5136 0.4496
vn -0.4173 0.1896 0.8888
vn -0.3433 0.7997 -0.4925
vn -0.6723 0.7402 0.0142
vn -0.7180 0.3937 0.5739
vn -0.4922 -0.2177 0.8428
vn -0.1363 -0.7866 0.6023
vn 0.0208 -0.4328 0.9013
vn -0.1094 -0.6602 0.7431
vn -0.4341 0.7514 -0.4969
vn -0.0017 0.1652 -0.9863
vn -0.6115 0.3000 -0.7322
vn -0.8578 0.5007 0.1162
vn -0.4277 0.2774 0.8603
vn 0.1503 -0.1981 0.9686
vn -0.6397 -0.0133 -0.7685
vn 0.6434 0.7495 -0.1559
vn 0.3833 0.4000 0.8325
vn -0.4330 0.3877 0.8138
vn -0.9376 0.2794 0.2068
vn -0.7306 -0.1434 -0.6676
vn -0.6791 -0.1122 -0.7255
vn 0.1442 -0.3873 -0.9106
vn 0.1669 -0.3118 -0.9354
vn 0.9356 -0.2412 -0.2577
vn 0.3392 0.1600 0.9270
vn 0.8694 -0.3256 0.3718
vn 0.7437 -0.4541 0.4906
vn 0.1424 0.1079 0.9839
vn 0.9269 0.0659 0.3694
vn 0.8024 -0.4723 -0.3649
vn 0.0206 -0.5395 -0.8417
vn -0.8130 -0.1342 -0.5667
vn -0.9395 0.2717 0.2084
vn -0.3454 0.5558 0.7562
vn 0.6135 0.4612 0.6411
vn 0.9767 -0.0284 0.2128
vn 0.9054 0.2668 0.3302
vn -0.1873 0.8204 0.5403
vn 0.3474 0.6751 0.6508
vn 0.8307 -0.4984 -0.2483
vn 0.0275 -0.5111 -0.8591
vn 0.6673 -0.6844 -0.2939
vn -0.0465 -0.4448 -0.8944
vn 0.8700 -0.2541 -0.4225
vn -0.6967 0.6871 0.2062
vn -0.4560 0.6226 0.6360
vn -0.9346 0.3558 0.0018
vn -0.8154 -0.1393 -0.5619
vn 0.0086 -0.4715 -0.8818
vn 0.8720 -0.3776 -0.3116
vn 0.9442 -0.1502 0.2933
vn 0.8741 -0.4406 -0.2045
vn 0.8548 0.3755 0.3581
vn 0.2867 0.1662 -0.9435
vn 0.9087 0.3327 0.2523
vn 0.3357 -0.0742 -0.9390
vn 0.9656 0.0597 0.2530
vn -0.7775 -0.2528 -0.5758
vn -0.9829 0.1788 -0.0437
vn -0.8482 -0.3224 -0.4202
vn -0.9998 0.0151 0.0151
vn -0.6013 0.5729 0.5569
vn -0.6363 0.3992 0.6601
vn 0.9043 -0.2050 0.3745
vn 0.8912 -0.4146 -0.1842
vn 0.0607 -0.5495 -0.8333
vn -0.1787 -0.5964 -0.7826
vn -0.8141 -0.5366 -0.2220
vn -0.9495 -0.2389 0.2037
vn -0.4699 -0.1026 0.8768
vn -0.3404 -0.9249 -0.1694
vn 0.9718 0.1788 0.1536
vn 0.5407 -0.0891 -0.8365
vn 0.8460 -0.4573 -0.2742
vn 0.6561 -0.7016 -0.2781
vn 0.8642 0.0763 -0.4973
vn 0.6461 0.7321 0.2159
vn 0.6207 -0.2610 0.7394
vn 0.0743 -0.9830 -0.1681
vn -0.1198 -0.2363 0.9643
vn 0.3764 0.8129 0.4443
vn 0.4416 0.5605 0.7006
vn 0.5643 0.5266 0.6358
vn 0.6359 0.2763 0.7207
vn -0.6879 0.2953 0.6630
vn -0.7524 -0.5808 -0.3106
vn -0.4797 -0.1185 0.8694
vn -0.5751 0.7986 0.1774
vn -0.0900 0.0619 0.9940
vn 0.0229 -0.3587 0.9332
vn 0.0907 -0.6970 0.7113
vn -0.3912 -0.8084 -0.4398
vn 0.6081 -0.7773 -0.1612
vn 0.6593 0.7471 0.0849
vn 0.7108 0.6480 0.2737
vn 0.3716 -0.1643 0.9138
vn 0.4841 -0.8608 0.1569
vn 0.8905 -0.0435 -0.4529
vn 0.3503 0.8081 0.4736
vn -0.5967 -0.3064 0.7417
vn 0.3876 0.6578 0.6458
vn 0.9892 0.0271 0.1441
vn -0.3121 -0.9241 -0.2207
vn -0.5830 -0.2061 0.7859
vn -0.3351 -0.1662 0.9274
vn -0.0380 -0.9909 -0.1289
vn 0.6764 -0.1425 -0.7226
vn 0.7369 -0.5248 -0.4260
vn -0.3235 -0.6260 -0.7096
vn -0.3050 -0.8917 -0.3345
vn -0.4070 -0.3280 0.8525
vn 0.2490 -0.5276 0.8122
vn 0.6784 0.4021 0.6149
vn 0.7412 -0.2655 -0.6166
vn -0.1068 -0.9555 -0.2749
vn 0.4474 -0.8828 -0.1433
vn 0.9063 -0.0538 -0.4192
vn 0.5821 0.1788 -0.7932
vn -0.0498 -0.5840 -0.8103
vn -0.0114 -0.0353 -0.9993
vn 0.8571 -0.1728 -0.4853
vn 0.8260 -0.1525 -0.5427
vn 0.6043 0.7926 -0.0805
vn 0.6708 -0.1173 -0.7323
vn 0.1533 -0.7556 -0.6368
vn -0.6778 -0.6782 -0.2841
vn -0.2637 -0.6273 -0.7328
vn -0.9923 0.0945 -0.0804
vn 0.6049 -0.7958 0.0291
vn 0.7306 0.6813 -0.0459
vn 0.0189 0.9199 0.3917
vn 0.2733 0.8033 0.5291
vn -0.2609 0.9629 0.0686
vn 0.6328 0.7260 -0.2691
vn 0.6180 0.7754 -0.1296
vn -0.0966 0.9720 0.2141
vn -0.8593 0.3807 0.3415
vn -0.6146 0.4019 0.6788
vn 0.8501 0.0483 -0.5245
vn 0.3526 -0.8062 -0.4751
vn -0.5290 -0.8383 -0.1321
vn -0.9110 -0.2426 0.3334
vn -0.2631 -0.9600 0.0957
vn -0.5881 -0.5016 0.6345
vn -0.6643 -0.5025 0.5534
vn 0.3604 -0.7922 -0.4924
vn -0.4279 -0.8968 0.1127
vn -0.5521 -0.8181 -0.1610
vn 0.4167 -0.7135 -0.5633
vn 0.8591 0.0439 -0.5099
vn -0.8994 -0.3664 0.2385
vn -0.8646 -0.3982 0.3063
vn -0.9383 0.1796 0.2955
vn -0.5499 -0.8348 -0.0260
vn 0.3383 -0.7705 -0.5403
vn 0.8368 -0.4324 -0.3360
vn 0.4697 -0.8029 -0.3672
vn -0.4374 -0.2854 -0.8528
vn -0.4805 -0.8756 0.0500
vn -0.9135 -0.0434 0.4044
vn -0.9109 0.2204 0.3487
vn -0.4114 -0.0183 -0.9113
vn -0.8472 0.2950 0.4418
vn -0.6770 -0.7355 -0.0286
vn -0.7426 -0.4429 0.5025
vn -0.5687 -0.8171 0.0946
vn 0.3480 -0.8217 -0.4515
vn 0.9093 -0.0777 -0.4088
vn -0.7967 0.5872 -0.1432
vn -0.8654 0.0349 0.4998
vn 0.3466 0.4988 -0.7944
vn -0.0622 0.9197 -0.3877
vn -0.4933 0.6055 -0.6245
vn -0.9195 0.2349 0.3152
vn -0.4648 0.3003 0.8329
vn -0.1851 0.1967 0.9628
vn -0.0722 -0.6774 0.7320
vn 0.6752 -0.0074 0.7376
vn 0.7426 -0.4323 0.5116
vn 0.8935 0.4427 0.0747
vn 0.9882 -0.0750 -0.1337
vn 0.5889 -0.7284 -0.3502
vn -0.4484 -0.8937 0.0167
vn -0.3655 -0.2610 -0.8935
vn -0.8588 0.0087 -0.5122
vn -0.3060 0.9433 -0.1287
vn -0.2006 -0.7344 0.6484
vn -0.1590 -0.8392 0.5200
vn 0.5337 -0.8181 0.2141
vn 0.0165 -0.9531 0.3021
vn -0.0068 -0.7292 0.6843
vn -0.2136 -0.8405 0.4979
vn 0.3101 0.8475 0.4307
vn -0.2602 -0.2763 -0.9252
vn -0.4378 -0.8978 -0.0480
vn -0.5586 0.8190 -0.1309
vn -0.8040 0.1155 0.5834
vn -0.4026 0.5839 0.7050
vn 0.4235 0.5691 0.7048
vn 0.2698 -0.6121 -0.7433
vn -0.1882 -0.5200 -0.8332
vn -0.4003 -0.9139 0.0672
vn 0.2164 -0.3374 0.9162
vn 0.4939 -0.7056 0.5081
vn 0.9772 0.1863 0.1015
vn 0.6122 0.5763 0.5414
vn -0.1807 0.8793 0.4407
vn -0.4448 -0.0406 0.8947
vn -0.6725 0.7346 -0.0901
vn -0.8980 -0.1941 0.3949
vn -0.8007 -0.5858 -0.1255
vn -0.6636 0.2756 -0.6955
vn -0.2103 -0.9183 -0.3353
vn 0.0995 -0.0990 -0.9901
vn 0.4405 -0.8977 0.0094
vn 0.8630 -0.0542 -0.5023
vn -0.2470 -0.8468 0.4711
vn 0.2609 0.8486 -0.4602
vn -0.2133 -0.0424 -0.9761
vn -0.2242 0.0251 -0.9742
vn -0.5474 -0.8014 -0.2411
vn -0.4714 -0.8755 -0.1061
vn -0.8626 0.1850 0.4709
vn -0.1483 0.8721 0.4662
vn -0.4404 0.8854 0.1484
vn 0.2135 0.9766 -0.0261
vn -0.3604 0.7546 -0.5484
vn -0.7196 0.6846 -0.1159
vn -0.4088 0.3008 -0.8616
vn -0.9215 -0.1330 -0.3650
vn -0.2593 0.0317 -0.9653
vn -0.5600 -0.7466 -0.3592
vn -0.4570 -0.7282 0.5107
vn -0.5378 -0.7313 0.4195
vn -0.2034 -0.9075 0.3676
vn 0.4226 0.8350 -0.3524
vn 0.0039 0.6088 -0.7933
vn -0.5693 -0.6096 0.5516
vn 0.7748 0.5339 0.3385
vn 0.6863 0.4559 0.5667
vn 0.5502 0.8123 -0.1932
vn 0.6414 0.7202 -0.2643
vn 0.4085 0.6126 -0.6766
vn 0.4547 0.5156 -0.7262
vn 0.3364 0.6552 -0.6765
vn 0.3255 0.5309 -0.7824
vn 0.2430 0.3491 -0.9050
vn 0.6791 0.6667 -0.3072
vn 0.6095 0.7468 0.2660
vn 0.1545 0.7866 0.5978
vn -0.6736 0.2734 0.6866
vn 0.3844 0.6559 -0.6496
vn 0.8008 0.4504 0.3947
vn 0.6568 0.7106 -0.2524
vn 0.7082 0.6514 0.2723
vn 0.5350 -0.1541 0.8307
vn 0.4117 0.3292 0.8498
vn 0.5646 0.1454 0.8124
vn 0.6605 0.1568 0.7342
vn 0.3749 0.5674 0.7332
vn -0.2455 0.1101 0.9631
vn 0.2319 -0.3810 0.8950
vn 0.3977 -0.4801 0.7818
vn -0.0905 -0.2816 0.9553
vn 0.1504 -0.6522 0.7430
vn -0.7408 -0.3268 0.5869
vn -0.5860 0.7037 0.4017
vn -0.3836 0.3322 0.8617
vn -0.4134 0.7426 0.5269
vn 0.0997 0.9476 0.3035
vn 0.6758 0.0661 0.7342
vn -0.3602 0.2923 0.8859
vn 0.2102 -0.1626 0.9640
vn 0.1347 -0.5701 0.8105
vn 0.2180 0.9024 0.3718
vn 0.7973 0.5829 -0.1566
vn 0.2208 0.9658 0.1362
vn 0.2941 0.9531 -0.0716
vn 0.3267 0.5695 0.7543
vn -0.2408 0.8901 -0.3869
vn -0.2649 0.4073 0.8740
vn -0.5430 0.2430 0.8038
vn 0.1282 -0.8419 0.5241
vn -0.1042 -0.9534 0.2832
vn 0.2498 -0.4214 -0.8718
vn -0.9851 -0.0221 0.1703
vn -0.4866 0.6228 -0.6126
vn -0.3917 -0.2844 -0.8751
vn -0.4126 -0.8621 -0.2942
vn 0.8648 -0.0328 0.5011
vn 0.0378 0.1736 0.9841
vn 0.3773 -0.2307 0.8969
vn -0.6666 -0.6983 0.2610
vn 0.4844 -0.6693 0.5634
vn -0.4280 -0.6825 0.5925
vn -0.0818 -0.6607 0.7461
vn 0.8667 0.4979 0.0310
vn 0.2836 0.0057 0.9589
vn 0.1266 0.0894 0.9879
vn 0.1891 -0.2736 0.9431
vn 0.3172 -0.6203 0.7173
vn 0.0801 -0.1076 0.9910
vn -0.2154 -0.6094 0.7631
vn -0.5354 -0.0310 0.8440
vn -0.4057 -0.2251 0.8858
vn -0.7433 -0.6364 0.2062
vn -0.8567 -0.5155 -0.0200
vn -0.3982 -0.8379 -0.3734
vn -0.3283 -0.9436 0.0437
vn 0.0932 -0.8910 -0.4442
vn 0.7890 -0.5664 0.2380
vn 0.8876 -0.4579 -0.0501
vn 0.4618 -0.8862 0.0359
vn 0.4818 -0.7750 -0.4090
vn 0.0484 -0.9837 0.1733
vn 0.4785 0.4924 0.7271
vn -0.1059 0.5407 0.8345
vn -0.5729 0.4906 0.6567
vn -0.8106 0.5046 0.2973
vn 0.3431 -0.3711 0.8629
vn -0.5008 -0.5653 0.6554
vn -0.8557 -0.0220 0.5170
vn -0.1449 0.5783 0.8028
usemtl nob_dif.002
s 1
f 2947/3372/1706 2949/3373/1707 2948/3374/1708
f 2950/3375/1709 2952/3376/1710 2951/3377/1711
f 2951/3377/1711 2953/3378/1712 2950/3375/1709
f 2954/3379/1713 2956/3380/1714 2955/3381/1715
f 2955/3381/1715 2957/3382/1716 2954/3379/1713
f 2956/3380/1714 2959/3383/1717 2958/3384/1718
f 2958/3384/1718 2955/3381/1715 2956/3380/1714
f 2960/3385/1719 2958/3384/1718 2959/3383/1717
f 2959/3383/1717 2961/3386/1720 2960/3385/1719
f 2961/3386/1720 2959/3383/1717 2956/3380/1714
f 2956/3380/1714 2954/3379/1713 2961/3386/1720
f 2957/3387/1716 2955/3381/1715 2958/3384/1718
f 2958/3384/1718 2960/3388/1719 2957/3387/1716
f 2954/3389/1713 2957/3390/1716 2960/3391/1719
f 2960/3391/1719 2961/3392/1720 2954/3389/1713
f 2962/3393/1721 2964/3394/1722 2963/3395/1723
f 2963/3395/1723 2965/3396/1724 2962/3393/1721
f 2966/3397/1725 2968/3398/1726 2967/3399/1727
f 2967/3399/1727 2969/3400/1728 2966/3397/1725
f 2964/3394/1722 2968/3398/1726 2966/3397/1725
f 2966/3397/1725 2963/3401/1723 2964/3394/1722
f 2967/3399/1727 2968/3398/1726 2964/3394/1722
f 2964/3394/1722 2962/3393/1721 2967/3399/1727
f 2967/3399/1727 2962/3393/1721 2965/3402/1724
f 2965/3402/1724 2969/3400/1728 2967/3399/1727
f 2970/3403/1729 2972/3404/1730 2971/3405/1731
f 2971/3405/1731 2973/3406/1732 2970/3403/1729
f 2974/3407/1733 2976/3408/1734 2975/3409/1735
f 2975/3409/1735 2977/3410/1736 2974/3407/1733
f 2977/3410/1736 2975/3409/1735 2971/3405/1731
f 2971/3405/1731 2972/3404/1730 2977/3410/1736
f 2975/3409/1735 2976/3408/1734 2973/3406/1732
f 2973/3406/1732 2971/3405/1731 2975/3409/1735
f 2974/3411/1733 2970/3412/1729 2973/3406/1732
f 2973/3406/1732 2976/3408/1734 2974/3411/1733
f 2977/3413/1736 2972/3414/1730 2970/3415/1729
f 2970/3415/1729 2974/3416/1733 2977/3413/1736
f 2966/3417/1725 2969/3418/1728 2965/3419/1724
f 2965/3419/1724 2963/3420/1723 2966/3417/1725
f 2978/3421/1737 2980/3422/1738 2979/3423/1739
f 2979/3423/1739 2981/3424/1740 2978/3421/1737
f 2980/3422/1738 2983/3425/1741 2982/3426/1742
f 2982/3426/1742 2979/3423/1739 2980/3422/1738
f 2981/3427/1740 2982/3428/1742 2983/3425/1741
f 2983/3425/1741 2978/3421/1737 2981/3427/1740
f 2984/3429/1743 2986/3430/1744 2985/3431/1745
f 2985/3431/1745 2987/3432/1746 2984/3429/1743
f 2987/3432/1746 2985/3431/1745 2988/3433/1747
f 2988/3433/1747 2989/3434/1748 2987/3432/1746
f 2989/3434/1748 2988/3433/1747 2990/3435/1749
f 2990/3435/1749 2991/3436/1750 2989/3434/1748
f 2991/3436/1750 2990/3435/1749 2992/3437/1751
f 2992/3437/1751 2993/3438/1752 2991/3436/1750
f 2994/3439/1753 2993/3438/1752 2992/3437/1751
f 2992/3437/1751 2995/3440/1754 2994/3439/1753
f 2996/3441/1755 2998/3442/1756 2997/3443/1757
f 2986/3430/1744 3000/3444/1758 2999/3445/1759
f 2999/3445/1759 2985/3431/1745 2986/3430/1744
f 2985/3431/1745 2999/3445/1759 3001/3446/1760
f 3001/3446/1760 2988/3433/1747 2985/3431/1745
f 2988/3433/1747 3001/3446/1760 3002/3447/1761
f 3002/3447/1761 2990/3435/1749 2988/3433/1747
f 2990/3435/1749 3002/3447/1761 3003/3448/1762
f 3003/3448/1762 2992/3437/1751 2990/3435/1749
f 2995/3440/1754 2992/3437/1751 3003/3448/1762
f 3003/3448/1762 3004/3449/1763 2995/3440/1754
f 2978/3421/1737 2983/3425/1741 2980/3422/1738
f 3005/3450/1764 3007/3451/1765 3006/3452/1766
f 3008/3453/1767 3007/3451/1765 3005/3450/1764
f 3005/3450/1764 3009/3454/1768 3008/3453/1767
f 3010/3455/1769 3008/3453/1767 3009/3454/1768
f 3009/3454/1768 3011/3456/1770 3010/3455/1769
f 3012/3457/1771 3010/3455/1769 3011/3456/1770
f 3011/3456/1770 3013/3458/1772 3012/3457/1771
f 3012/3457/1771 3013/3458/1772 3014/3459/1773
f 3014/3459/1773 3015/3460/1774 3012/3457/1771
f 3012/3457/1771 3015/3460/1774 3016/3461/1775
f 3016/3461/1775 3017/3462/1776 3012/3457/1771
f 3012/3457/1771 3017/3462/1776 3018/3463/1777
f 3018/3463/1777 3010/3455/1769 3012/3457/1771
f 3008/3453/1767 3010/3455/1769 3018/3463/1777
f 3018/3463/1777 3019/3464/1778 3008/3453/1767
f 3008/3453/1767 3019/3464/1778 3020/3465/1779
f 3020/3465/1779 3007/3451/1765 3008/3453/1767
f 3006/3452/1766 3007/3451/1765 3020/3465/1779
f 3020/3465/1779 3021/3466/1780 3006/3452/1766
f 3014/3459/1773 3013/3458/1772 3022/3467/1781
f 3022/3467/1781 3023/3468/1782 3014/3459/1773
f 3024/3469/1783 3014/3459/1773 3023/3468/1782
f 3014/3459/1773 3024/3469/1783 3025/3470/1784
f 3025/3470/1784 3015/3460/1774 3014/3459/1773
f 3015/3460/1774 3025/3470/1784 3026/3471/1785
f 3026/3471/1785 3016/3461/1775 3015/3460/1774
f 3016/3461/1775 3026/3471/1785 3027/3472/1786
f 3017/3462/1776 3016/3461/1775 3027/3472/1786
f 3027/3472/1786 3028/3473/1787 3017/3462/1776
f 3018/3463/1777 3017/3462/1776 3028/3473/1787
f 3028/3473/1787 3029/3474/1788 3018/3463/1777
f 3019/3464/1778 3018/3463/1777 3029/3474/1788
f 3029/3474/1788 3030/3475/1789 3019/3464/1778
f 3020/3465/1779 3019/3464/1778 3030/3475/1789
f 3030/3475/1789 3031/3476/1790 3020/3465/1779
f 3021/3466/1780 3020/3465/1779 3031/3476/1790
f 3031/3476/1790 3032/3477/1791 3021/3466/1780
f 3033/3478/1792 3035/3479/1793 3034/3480/1794
f 3022/3467/1781 3034/3480/1794 3035/3479/1793
f 3035/3479/1793 3036/3481/1795 3022/3467/1781
f 3036/3481/1795 3023/3468/1782 3022/3467/1781
f 3037/3482/1796 3023/3468/1782 3036/3481/1795
f 3023/3468/1782 3037/3482/1796 3024/3469/1783
f 3038/3483/1797 3024/3469/1783 3037/3482/1796
f 3024/3469/1783 3038/3483/1797 3039/3484/1798
f 3039/3484/1798 3025/3470/1784 3024/3469/1783
f 3039/3484/1798 3040/3485/1799 3025/3470/1784
f 3026/3471/1785 3025/3470/1784 3040/3485/1799
f 3040/3485/1799 3041/3486/1800 3026/3471/1785
f 3042/3487/1801 3026/3471/1785 3041/3486/1800
f 3041/3486/1800 3043/3488/1802 3042/3487/1801
f 3044/3489/1803 3042/3487/1801 3043/3488/1802
f 3043/3488/1802 3045/3490/1804 3044/3489/1803
f 3046/3491/1805 3044/3489/1803 3045/3490/1804
f 3042/3487/1801 3044/3489/1803 3047/3492/1806
f 3036/3481/1795 3048/3493/1807 3037/3482/1796
f 3049/3494/1808 3037/3482/1796 3048/3493/1807
f 3037/3482/1796 3049/3494/1808 3038/3483/1797
f 3048/3493/1807 3050/3495/1809 3049/3494/1808
f 3051/3496/1810 3047/3492/1806 3052/3497/1811
f 3047/3492/1806 3051/3496/1810 3042/3487/1801
f 3042/3487/1801 3051/3496/1810 3027/3472/1786
f 3027/3472/1786 3026/3471/1785 3042/3487/1801
f 3053/3498/1812 3055/3499/1813 3054/3500/1814
f 3054/3500/1814 3056/3501/1815 3053/3498/1812
f 3056/3501/1815 3054/3500/1814 3057/3502/1816
f 3057/3502/1816 3058/3503/1817 3056/3501/1815
f 3057/3502/1816 3046/3491/1805 3058/3503/1817
f 3057/3502/1816 3059/3504/1818 3046/3491/1805
f 3059/3504/1818 3044/3489/1803 3046/3491/1805
f 3044/3489/1803 3059/3504/1818 3060/3505/1819
f 3060/3505/1819 3047/3492/1806 3044/3489/1803
f 3047/3492/1806 3060/3505/1819 3061/3506/1820
f 3061/3506/1820 3052/3497/1811 3047/3492/1806
f 3052/3497/1811 3061/3506/1820 3062/3507/1821
f 3062/3507/1821 3063/3508/1822 3052/3497/1811
f 3064/3509/1823 3063/3508/1822 3062/3507/1821
f 3063/3508/1822 3064/3509/1823 3065/3510/1824
f 3066/3511/1825 3065/3510/1824 3064/3509/1823
f 3065/3510/1824 3066/3511/1825 3067/3512/1826
f 3068/3513/1827 3067/3512/1826 3066/3511/1825
f 3054/3500/1814 3055/3499/1813 3069/3514/1828
f 3069/3514/1828 3070/3515/1829 3054/3500/1814
f 3071/3516/1830 3067/3512/1826 3072/3517/1831
f 3067/3512/1826 3071/3516/1830 3065/3510/1824
f 3073/3518/1832 3075/3519/1833 3074/3520/1834
f 3062/3507/1821 3074/3520/1834 3075/3519/1833
f 3075/3519/1833 3076/3521/1835 3062/3507/1821
f 3062/3507/1821 3076/3521/1835 3064/3509/1823
f 3077/3522/1836 3078/3523/1837 3076/3521/1835
f 3076/3521/1835 3078/3523/1837 3079/3524/1838
f 3079/3524/1838 3064/3509/1823 3076/3521/1835
f 3064/3509/1823 3079/3524/1838 3066/3511/1825
f 3080/3525/1839 3082/3526/1840 3081/3527/1841
f 3077/3522/1836 3081/3527/1841 3082/3526/1840
f 3082/3526/1840 3083/3528/1842 3077/3522/1836
f 3078/3523/1837 3077/3522/1836 3083/3528/1842
f 3083/3528/1842 3084/3529/1843 3078/3523/1837
f 3078/3523/1837 3084/3529/1843 3085/3530/1844
f 3085/3530/1844 3079/3524/1838 3078/3523/1837
f 3079/3524/1838 3085/3530/1844 3086/3531/1845
f 3086/3531/1845 3066/3511/1825 3079/3524/1838
f 3066/3511/1825 3086/3531/1845 3068/3513/1827
f 3087/3532/1846 3089/3533/1847 3088/3534/1848
f 3090/3535/1849 3088/3534/1848 3089/3533/1847
f 3089/3533/1847 3091/3536/1850 3090/3535/1849
f 3090/3535/1849 3091/3536/1850 3092/3537/1851
f 3092/3537/1851 3093/3538/1852 3090/3535/1849
f 3090/3535/1849 3093/3538/1852 3094/3539/1853
f 3094/3539/1853 3095/3540/1854 3090/3535/1849
f 3088/3534/1848 3090/3535/1849 3095/3540/1854
f 3095/3540/1854 3096/3541/1855 3088/3534/1848
f 3097/3542/1856 3088/3534/1848 3096/3541/1855
f 3096/3541/1855 3098/3543/1857 3097/3542/1856
f 3099/3544/1858 3097/3542/1856 3098/3543/1857
f 3098/3543/1857 3100/3545/1859 3099/3544/1858
f 3073/3518/1832 3099/3544/1858 3100/3545/1859
f 3100/3545/1859 3081/3527/1841 3073/3518/1832
f 3075/3519/1833 3073/3518/1832 3081/3527/1841
f 3081/3527/1841 3077/3522/1836 3075/3519/1833
f 3076/3521/1835 3075/3519/1833 3077/3522/1836
f 3088/3534/1848 3097/3542/1856 3087/3532/1846
f 3101/3546/1860 3058/3547/1817 3046/3548/1805
f 3046/3548/1805 3102/3549/1861 3101/3546/1860
f 3103/3550/1862 3102/3549/1861 3046/3548/1805
f 3093/3538/1852 3102/3549/1861 3103/3550/1862
f 3103/3550/1862 3104/3551/1863 3093/3538/1852
f 3093/3538/1852 3104/3551/1863 3105/3552/1864
f 3105/3552/1864 3094/3539/1853 3093/3538/1852
f 3094/3539/1853 3105/3552/1864 3106/3553/1865
f 3106/3553/1865 3107/3554/1866 3094/3539/1853
f 3095/3540/1854 3094/3539/1853 3107/3554/1866
f 3107/3554/1866 3108/3555/1867 3095/3540/1854
f 3096/3541/1855 3095/3540/1854 3108/3555/1867
f 3108/3555/1867 3109/3556/1868 3096/3541/1855
f 3098/3543/1857 3096/3541/1855 3109/3556/1868
f 3109/3556/1868 3110/3557/1869 3098/3543/1857
f 3100/3545/1859 3098/3543/1857 3110/3557/1869
f 3110/3557/1869 3080/3525/1839 3100/3545/1859
f 3081/3527/1841 3100/3545/1859 3080/3525/1839
f 3111/3558/1870 3113/3559/1871 3112/3560/1872
f 3114/3561/1873 3112/3560/1872 3113/3559/1871
f 3112/3560/1872 3114/3561/1873 3115/3562/1874
f 3115/3562/1874 3116/3563/1875 3112/3560/1872
f 3117/3564/1876 3112/3560/1872 3116/3563/1875
f 3116/3563/1875 3118/3565/1877 3117/3564/1876
f 3092/3537/1851 3117/3564/1876 3118/3565/1877
f 3118/3565/1877 3101/3546/1860 3092/3537/1851
f 3093/3538/1852 3092/3537/1851 3101/3546/1860
f 3101/3546/1860 3102/3549/1861 3093/3538/1852
f 3112/3560/1872 3117/3564/1876 3111/3558/1870
f 3117/3564/1876 3092/3537/1851 3091/3536/1850
f 3091/3536/1850 3111/3558/1870 3117/3564/1876
f 3119/3566/1878 3111/3558/1870 3091/3536/1850
f 3113/3559/1871 3111/3558/1870 3119/3566/1878
f 3119/3566/1878 3120/3567/1879 3113/3559/1871
f 3121/3568/1880 3113/3559/1871 3120/3567/1879
f 3113/3559/1871 3121/3568/1880 3114/3561/1873
f 3122/3569/1881 3114/3561/1873 3121/3568/1880
f 3114/3561/1873 3122/3569/1881 3123/3570/1882
f 3123/3570/1882 3115/3562/1874 3114/3561/1873
f 3115/3562/1874 3123/3570/1882 3124/3571/1883
f 3124/3571/1883 3125/3572/1884 3115/3562/1874
f 3116/3563/1875 3115/3562/1874 3125/3572/1884
f 3125/3572/1884 3053/3573/1812 3116/3563/1875
f 3118/3565/1877 3116/3563/1875 3053/3573/1812
f 3053/3573/1812 3056/3574/1815 3118/3565/1877
f 3101/3546/1860 3118/3565/1877 3056/3574/1815
f 3056/3574/1815 3058/3547/1817 3101/3546/1860
f 3120/3567/1879 3119/3566/1878 3126/3575/1885
f 3121/3568/1880 3127/3576/1886 3122/3569/1881
f 3128/3577/1887 3124/3571/1883 3123/3570/1882
f 3129/3578/1888 3070/3515/1829 3069/3514/1828
f 3069/3514/1828 3130/3579/1889 3129/3578/1888
f 3126/3575/1885 3129/3578/1888 3130/3579/1889
f 3130/3579/1889 3131/3580/1890 3126/3575/1885
f 3126/3575/1885 3131/3580/1890 3120/3567/1879
f 3132/3581/1891 3120/3567/1879 3131/3580/1890
f 3120/3567/1879 3132/3581/1891 3121/3568/1880
f 3121/3568/1880 3132/3581/1891 3133/3582/1892
f 3133/3582/1892 3127/3576/1886 3121/3568/1880
f 3134/3583/1893 3127/3576/1886 3133/3582/1892
f 3122/3569/1881 3127/3576/1886 3134/3583/1893
f 3134/3583/1893 3135/3584/1894 3122/3569/1881
f 3123/3570/1882 3122/3569/1881 3135/3584/1894
f 3135/3584/1894 3136/3585/1895 3123/3570/1882
f 3123/3570/1882 3136/3585/1895 3128/3577/1887
f 3137/3586/1896 3128/3577/1887 3136/3585/1895
f 3136/3585/1895 3138/3587/1897 3137/3586/1896
f 3139/3588/1898 3137/3586/1896 3138/3587/1897
f 3133/3582/1892 3140/3589/1899 3134/3583/1893
f 3140/3589/1899 3142/3590/1900 3141/3591/1901
f 3141/3591/1901 3134/3583/1893 3140/3589/1899
f 3134/3583/1893 3141/3591/1901 3138/3587/1897
f 3138/3587/1897 3135/3584/1894 3134/3583/1893
f 3138/3587/1897 3136/3585/1895 3135/3584/1894
f 3143/3592/1902 3070/3515/1829 3129/3578/1888
f 3144/3593/1903 3057/3502/1816 3054/3500/1814
f 3054/3500/1814 3070/3515/1829 3144/3593/1903
f 3145/3594/1904 3144/3593/1903 3070/3515/1829
f 3070/3515/1829 3143/3592/1902 3145/3594/1904
f 3145/3594/1904 3143/3592/1902 3146/3595/1905
f 3147/3596/1906 3146/3595/1905 3143/3592/1902
f 3143/3592/1902 3129/3578/1888 3147/3596/1906
f 3147/3596/1906 3129/3578/1888 3126/3575/1885
f 3060/3505/1819 3059/3504/1818 3057/3502/1816
f 3057/3502/1816 3144/3593/1903 3060/3505/1819
f 3061/3506/1820 3060/3505/1819 3144/3593/1903
f 3144/3593/1903 3145/3594/1904 3061/3506/1820
f 3062/3507/1821 3061/3506/1820 3145/3594/1904
f 3145/3594/1904 3074/3520/1834 3062/3507/1821
f 3146/3595/1905 3074/3520/1834 3145/3594/1904
f 3074/3520/1834 3146/3595/1905 3073/3518/1832
f 3073/3518/1832 3146/3595/1905 3147/3596/1906
f 3147/3596/1906 3099/3544/1858 3073/3518/1832
f 3097/3542/1856 3099/3544/1858 3147/3596/1906
f 3147/3596/1906 3087/3532/1846 3097/3542/1856
f 3126/3575/1885 3087/3532/1846 3147/3596/1906
f 3089/3533/1847 3087/3532/1846 3126/3575/1885
f 3126/3575/1885 3119/3566/1878 3089/3533/1847
f 3091/3536/1850 3089/3533/1847 3119/3566/1878
f 2995/3440/1754 3004/3449/1763 2994/3439/1753
f 2993/3438/1752 2994/3439/1753 3148/3597/1907
f 3148/3597/1907 3149/3598/1908 2993/3438/1752
f 3149/3598/1908 3148/3597/1907 3150/3599/1909
f 3150/3599/1909 3148/3597/1907 3151/3600/1910
f 3148/3597/1907 2994/3439/1753 3151/3600/1910
f 3151/3600/1910 2994/3439/1753 3004/3601/1763
f 3004/3601/1763 3152/3602/1911 3151/3600/1910
f 3151/3600/1910 3152/3602/1911 3153/3603/1912
f 3153/3603/1912 3154/3604/1913 3151/3600/1910
f 3154/3604/1913 3153/3603/1912 3155/3605/1914
f 3155/3605/1914 3156/3606/1915 3154/3604/1913
f 3156/3606/1915 3155/3605/1914 3157/3607/1916
f 3157/3607/1916 3158/3608/1917 3156/3606/1915
f 3159/3609/1918 3158/3608/1917 3157/3607/1916
f 3157/3607/1916 3160/3610/1919 3159/3609/1918
f 3161/3611/1920 3163/3612/1921 3162/3613/1922
f 3162/3613/1922 3164/3614/1923 3161/3611/1920
f 3150/3599/1909 3161/3611/1920 3164/3614/1923
f 3164/3614/1923 3165/3615/1924 3150/3599/1909
f 3165/3615/1924 3149/3598/1908 3150/3599/1909
f 3166/3616/1925 3168/3617/1926 3167/3618/1927
f 3167/3618/1927 3169/3619/1928 3166/3616/1925
f 3151/3600/1910 3166/3616/1925 3169/3619/1928
f 3169/3619/1928 3170/3620/1929 3151/3600/1910
f 3151/3600/1910 3170/3620/1929 3150/3599/1909
f 3150/3599/1909 3170/3620/1929 3171/3621/1930
f 3171/3621/1930 3161/3611/1920 3150/3599/1909
f 3161/3611/1920 3171/3621/1930 3172/3622/1931
f 3172/3622/1931 3163/3612/1921 3161/3611/1920
f 3163/3612/1921 3172/3622/1931 2984/3429/1743
f 3163/3612/1921 2984/3429/1743 2987/3432/1746
f 2987/3432/1746 3162/3613/1922 3163/3612/1921
f 3162/3613/1922 2987/3432/1746 2989/3434/1748
f 2989/3434/1748 3164/3614/1923 3162/3613/1922
f 3164/3614/1923 2989/3434/1748 2991/3436/1750
f 2991/3436/1750 3165/3615/1924 3164/3614/1923
f 3165/3615/1924 2991/3436/1750 2993/3438/1752
f 2993/3438/1752 3149/3598/1908 3165/3615/1924
f 3173/3623/1932 3175/3624/1933 3174/3625/1934
f 3175/3624/1933 3173/3623/1932 3172/3622/1931
f 3172/3622/1931 3171/3621/1930 3175/3624/1933
f 3175/3624/1933 3171/3621/1930 3170/3620/1929
f 3170/3620/1929 3169/3619/1928 3175/3624/1933
f 3174/3625/1934 3175/3624/1933 3169/3619/1928
f 3169/3619/1928 3167/3618/1927 3174/3625/1934
f 3174/3625/1934 3167/3618/1927 3176/3626/1935
f 3177/3627/1936 3176/3626/1935 3167/3618/1927
f 3176/3626/1935 3177/3627/1936 3178/3628/1937
f 3179/3629/1938 3178/3628/1937 3177/3627/1936
f 3036/3630/1795 3035/3631/1793 3179/3629/1938
f 3178/3628/1937 3179/3629/1938 3035/3631/1793
f 3035/3631/1793 3033/3632/1792 3178/3628/1937
f 3180/3633/1939 3178/3628/1937 3033/3632/1792
f 3178/3628/1937 3180/3633/1939 3176/3626/1935
f 3181/3634/1940 3176/3626/1935 3180/3633/1939
f 3176/3626/1935 3181/3634/1940 3174/3625/1934
f 3182/3635/1941 3174/3625/1934 3181/3634/1940
f 3174/3625/1934 3182/3635/1941 3173/3623/1932
f 3183/3636/1942 3173/3623/1932 3182/3635/1941
f 3172/3622/1931 3173/3623/1932 3183/3636/1942
f 3184/3637/1943 3172/3622/1931 3183/3636/1942
f 3172/3622/1931 3184/3637/1943 3000/3638/1758
f 3000/3638/1758 2984/3429/1743 3172/3622/1931
f 3182/3635/1941 3185/3639/1944 3183/3636/1942
f 3183/3636/1942 3186/3640/1945 3184/3637/1943
f 3186/3640/1945 3183/3636/1942 3185/3639/1944
f 3185/3639/1944 3187/3641/1946 3186/3640/1945
f 3160/3642/1919 3187/3641/1946 3185/3639/1944
f 3185/3639/1944 3159/3643/1918 3160/3642/1919
f 3159/3643/1918 3185/3639/1944 3182/3635/1941
f 3182/3635/1941 3188/3644/1947 3159/3643/1918
f 3188/3644/1947 3182/3635/1941 3189/3645/1948
f 3181/3634/1940 3189/3645/1948 3182/3635/1941
f 3189/3645/1948 3181/3634/1940 3190/3646/1949
f 3180/3633/1939 3190/3646/1949 3181/3634/1940
f 3190/3646/1949 3180/3633/1939 3191/3647/1950
f 3033/3632/1792 3191/3647/1950 3180/3633/1939
f 3189/3645/1948 3192/3648/1951 3188/3644/1947
f 3192/3648/1951 3189/3645/1948 3193/3649/1952
f 3190/3646/1949 3193/3649/1952 3189/3645/1948
f 3193/3649/1952 3190/3646/1949 3194/3650/1953
f 3191/3647/1950 3194/3650/1953 3190/3646/1949
f 3193/3649/1952 3195/3651/1954 3192/3648/1951
f 3195/3651/1954 3193/3649/1952 3050/3652/1809
f 3194/3650/1953 3050/3652/1809 3193/3649/1952
f 3050/3652/1809 3048/3653/1807 3195/3651/1954
f 3196/3654/1955 3198/3655/1956 3197/3656/1957
f 3199/3657/1958 3196/3654/1955 3197/3656/1957
f 3043/3658/1802 3201/3659/1959 3200/3660/1960
f 3201/3659/1959 3043/3658/1802 3041/3661/1800
f 3041/3661/1800 3202/3662/1961 3201/3659/1959
f 3202/3662/1961 3041/3661/1800 3040/3663/1799
f 3040/3663/1799 3203/3664/1962 3202/3662/1961
f 3203/3664/1962 3040/3663/1799 3039/3665/1798
f 3039/3665/1798 3199/3657/1958 3203/3664/1962
f 3199/3657/1958 3039/3665/1798 3038/3666/1797
f 3038/3666/1797 3196/3654/1955 3199/3657/1958
f 3196/3654/1955 3038/3666/1797 3049/3667/1808
f 3049/3667/1808 3198/3655/1956 3196/3654/1955
f 3198/3655/1956 3049/3667/1808 3050/3668/1809
f 3050/3668/1809 3194/3669/1953 3198/3655/1956
f 3204/3670/1963 3198/3655/1956 3194/3669/1953
f 3194/3669/1953 3191/3671/1950 3204/3670/1963
f 3205/3672/1964 3204/3670/1963 3191/3671/1950
f 3191/3671/1950 3033/3478/1792 3205/3672/1964
f 3034/3480/1794 3205/3672/1964 3033/3478/1792
f 3206/3673/1965 3200/3660/1960 3201/3659/1959
f 3201/3659/1959 3207/3674/1966 3206/3673/1965
f 3207/3674/1966 3201/3659/1959 3202/3662/1961
f 3202/3662/1961 3032/3477/1791 3207/3674/1966
f 3032/3477/1791 3202/3662/1961 3203/3664/1962
f 3203/3664/1962 3021/3466/1780 3032/3477/1791
f 3021/3466/1780 3203/3664/1962 3199/3657/1958
f 3199/3657/1958 3006/3452/1766 3021/3466/1780
f 3197/3656/1957 3006/3452/1766 3199/3657/1958
f 3006/3452/1766 3197/3656/1957 3005/3450/1764
f 3005/3450/1764 3197/3656/1957 3198/3655/1956
f 3198/3655/1956 3204/3670/1963 3005/3450/1764
f 3009/3454/1768 3005/3450/1764 3204/3670/1963
f 3204/3670/1963 3205/3672/1964 3009/3454/1768
f 3011/3456/1770 3009/3454/1768 3205/3672/1964
f 3205/3672/1964 3034/3480/1794 3011/3456/1770
f 3013/3458/1772 3011/3456/1770 3034/3480/1794
f 3034/3480/1794 3022/3467/1781 3013/3458/1772
f 3032/3477/1791 3031/3476/1790 3208/3675/1967
f 3208/3675/1967 3207/3674/1966 3032/3477/1791
f 3207/3674/1966 3208/3675/1967 3209/3676/1968
f 3209/3676/1968 3206/3673/1965 3207/3674/1966
f 3206/3673/1965 3209/3676/1968 3210/3677/1969
f 3210/3677/1969 3209/3676/1968 3211/3678/1970
f 3211/3678/1970 3212/3679/1971 3210/3677/1969
f 3212/3679/1971 3211/3678/1970 3213/3680/1972
f 3213/3680/1972 3214/3681/1973 3212/3679/1971
f 3214/3681/1973 3213/3680/1972 3215/3682/1974
f 3215/3682/1974 3213/3680/1972 3216/3683/1975
f 3216/3683/1975 3217/3684/1976 3215/3682/1974
f 3028/3473/1787 3217/3684/1976 3216/3683/1975
f 3217/3684/1976 3028/3473/1787 3027/3472/1786
f 3216/3683/1975 3213/3680/1972 3211/3678/1970
f 3211/3678/1970 3218/3685/1977 3216/3683/1975
f 3218/3685/1977 3211/3678/1970 3209/3676/1968
f 3209/3676/1968 3208/3675/1967 3218/3685/1977
f 3218/3685/1977 3208/3675/1967 3031/3476/1790
f 3031/3476/1790 3030/3475/1789 3218/3685/1977
f 3216/3683/1975 3218/3685/1977 3030/3475/1789
f 3030/3475/1789 3029/3474/1788 3216/3683/1975
f 3216/3683/1975 3029/3474/1788 3028/3473/1787
f 3215/3682/1974 3217/3684/1976 3219/3686/1978
f 3219/3686/1978 3220/3687/1979 3215/3682/1974
f 3027/3472/1786 3051/3496/1810 3217/3684/1976
f 3051/3496/1810 3219/3686/1978 3217/3684/1976
f 3052/3497/1811 3219/3686/1978 3051/3496/1810
f 3220/3687/1979 3219/3686/1978 3052/3497/1811
f 3052/3497/1811 3063/3508/1822 3220/3687/1979
f 3065/3510/1824 3220/3687/1979 3063/3508/1822
f 3215/3682/1974 3220/3687/1979 3065/3510/1824
f 3065/3510/1824 3071/3516/1830 3215/3682/1974
f 3215/3682/1974 3071/3516/1830 3214/3681/1973
f 3072/3517/1831 3214/3681/1973 3071/3516/1830
f 3214/3681/1973 3072/3517/1831 3221/3688/1980
f 3221/3688/1980 3212/3679/1971 3214/3681/1973
f 3212/3679/1971 3221/3688/1980 3222/3689/1981
f 3222/3689/1981 3210/3677/1969 3212/3679/1971
f 3210/3677/1969 3222/3689/1981 3223/3690/1982
f 3223/3690/1982 3224/3691/1983 3210/3677/1969
f 3210/3677/1969 3224/3691/1983 3206/3673/1965
f 3200/3660/1960 3206/3673/1965 3224/3691/1983
f 3224/3691/1983 3225/3692/1984 3200/3660/1960
f 3067/3512/1826 3068/3513/1827 3226/3693/1985
f 3226/3693/1985 3072/3517/1831 3067/3512/1826
f 3072/3517/1831 3226/3693/1985 3227/3694/1986
f 3227/3694/1986 3221/3688/1980 3072/3517/1831
f 3221/3688/1980 3227/3694/1986 3228/3695/1987
f 3228/3695/1987 3222/3689/1981 3221/3688/1980
f 3222/3689/1981 3228/3695/1987 3229/3696/1988
f 3229/3696/1988 3223/3690/1982 3222/3689/1981
f 3223/3690/1982 3229/3696/1988 3106/3697/1865
f 3106/3697/1865 3105/3698/1864 3223/3690/1982
f 3224/3691/1983 3223/3690/1982 3105/3698/1864
f 3105/3698/1864 3104/3699/1863 3224/3691/1983
f 3224/3691/1983 3104/3699/1863 3103/3700/1862
f 3103/3700/1862 3225/3692/1984 3224/3691/1983
f 3225/3692/1984 3103/3700/1862 3046/3701/1805
f 3200/3660/1960 3225/3692/1984 3046/3701/1805
f 3046/3701/1805 3045/3702/1804 3200/3660/1960
f 3200/3660/1960 3045/3702/1804 3043/3658/1802
f 2986/3430/1744 2984/3429/1743 3000/3444/1758
f 3160/3703/1919 3157/3704/1916 3155/3705/1914
f 3187/3706/1946 3160/3703/1919 3155/3705/1914
f 3155/3705/1914 3153/3707/1912 3187/3706/1946
f 3186/3708/1945 3187/3706/1946 3153/3707/1912
f 3186/3708/1945 3153/3707/1912 3152/3709/1911
f 3152/3709/1911 3184/3710/1943 3186/3708/1945
f 3184/3710/1943 3152/3709/1911 3000/3711/1758
f 3152/3709/1911 3004/3712/1763 3000/3711/1758
f 3003/3713/1762 3000/3711/1758 3004/3712/1763
f 2999/3714/1759 3000/3711/1758 3003/3713/1762
f 3002/3715/1761 2999/3714/1759 3003/3713/1762
f 3001/3716/1760 2999/3714/1759 3002/3715/1761
f 3230/3717/1989 3232/3718/1990 3231/3719/1991
f 3231/3719/1991 3233/3720/1992 3230/3717/1989
f 3230/3717/1989 3233/3720/1992 3234/3721/1993
f 3234/3721/1993 3235/3722/1994 3230/3717/1989
f 3230/3717/1989 3235/3722/1994 3236/3723/1995
f 3236/3723/1995 3237/3724/1996 3230/3717/1989
f 3230/3717/1989 3237/3724/1996 3238/3725/1997
f 3238/3725/1997 3232/3718/1990 3230/3717/1989
f 3239/3726/1998 3236/3723/1995 3240/3727/1999
f 3241/3728/2000 3240/3727/1999 3236/3723/1995
f 3236/3723/1995 3235/3722/1994 3241/3728/2000
f 3055/3499/1813 3241/3728/2000 3235/3722/1994
f 3235/3722/1994 3234/3721/1993 3055/3499/1813
f 3055/3499/1813 3234/3721/1993 3069/3514/1828
f 3069/3514/1828 3234/3721/1993 3233/3720/1992
f 3233/3720/1992 3130/3579/1889 3069/3514/1828
f 3130/3579/1889 3233/3720/1992 3231/3719/1991
f 3231/3719/1991 3131/3580/1890 3130/3579/1889
f 3131/3580/1890 3231/3719/1991 3132/3581/1891
f 3133/3582/1892 3132/3581/1891 3231/3719/1991
f 3231/3719/1991 3232/3718/1990 3133/3582/1892
f 3140/3589/1899 3133/3582/1892 3232/3718/1990
f 3232/3718/1990 3238/3725/1997 3140/3589/1899
f 3142/3590/1900 3140/3589/1899 3238/3725/1997
f 3238/3725/1997 3242/3729/2001 3142/3590/1900
f 3242/3729/2001 3238/3725/1997 3237/3724/1996
f 3237/3724/1996 3243/3730/2002 3242/3729/2001
f 3243/3730/2002 3237/3724/1996 3236/3723/1995
f 3236/3723/1995 3239/3726/1998 3243/3730/2002
f 3138/3587/1897 3244/3731/2003 3139/3588/1898
f 3244/3731/2003 3138/3587/1897 3141/3591/1901
f 3141/3591/1901 3245/3732/2004 3244/3731/2003
f 3245/3732/2004 3141/3591/1901 3142/3590/1900
f 3142/3590/1900 3246/3733/2005 3245/3732/2004
f 3246/3733/2005 3142/3590/1900 3242/3729/2001
f 3242/3729/2001 3247/3734/2006 3246/3733/2005
f 3247/3734/2006 3242/3729/2001 3243/3730/2002
f 3243/3730/2002 3248/3735/2007 3247/3734/2006
f 3239/3726/1998 3248/3735/2007 3243/3730/2002
f 3248/3735/2007 3239/3726/1998 3249/3736/2008
f 3240/3727/1999 3249/3736/2008 3239/3726/1998
f 3249/3736/2008 3240/3727/1999 3128/3737/1887
f 3124/3738/1883 3128/3737/1887 3240/3727/1999
f 3240/3727/1999 3241/3728/2000 3124/3738/1883
f 3125/3739/1884 3124/3738/1883 3241/3728/2000
f 3125/3739/1884 3241/3728/2000 3055/3499/1813
f 3055/3499/1813 3053/3498/1812 3125/3739/1884
f 3128/3737/1887 3137/3740/1896 3249/3736/2008
f 3250/3741/2009 3249/3736/2008 3137/3740/1896
f 3249/3736/2008 3250/3741/2009 3248/3735/2007
f 3137/3740/1896 3139/3742/1898 3250/3741/2009
f 2982/3743/1742 2981/3744/1740 2979/3745/1739
f 3251/3746/2010 3253/3747/2011 3252/3748/2012
f 3245/3749/2004 3252/3748/2012 3253/3747/2011
f 3253/3747/2011 3244/3750/2003 3245/3749/2004
f 3252/3748/2012 3245/3749/2004 3246/3751/2005
f 3254/3752/2013 3139/3753/1898 3244/3750/2003
f 3244/3750/2003 3253/3747/2011 3254/3752/2013
f 3255/3754/2014 3254/3752/2013 3253/3747/2011
f 3253/3747/2011 3251/3746/2010 3255/3754/2014
f 3256/3755/2015 3255/3754/2014 3251/3746/2010
f 3255/3754/2014 3256/3755/2015 3257/3756/2016
f 3257/3756/2016 3258/3757/2017 3255/3754/2014
f 3254/3752/2013 3255/3754/2014 3258/3757/2017
f 3258/3757/2017 3259/3758/2018 3254/3752/2013
f 3139/3753/1898 3254/3752/2013 3259/3758/2018
f 3259/3758/2018 3250/3759/2009 3139/3753/1898
f 3260/3760/2019 3246/3751/2005 3247/3761/2006
f 3246/3751/2005 3260/3760/2019 3252/3748/2012
f 3261/3762/2020 3252/3748/2012 3260/3760/2019
f 3252/3748/2012 3261/3762/2020 3251/3746/2010
f 3262/3763/2021 3251/3746/2010 3261/3762/2020
f 3251/3746/2010 3262/3763/2021 3256/3755/2015
f 3263/3764/2022 3256/3755/2015 3262/3763/2021
f 3256/3755/2015 3263/3764/2022 3264/3765/2023
f 3264/3765/2023 3265/3766/2024 3256/3755/2015
f 3266/3767/2025 3247/3761/2006 3248/3768/2007
f 3247/3761/2006 3266/3767/2025 3260/3760/2019
f 3267/3769/2026 3260/3760/2019 3266/3767/2025
f 3260/3760/2019 3267/3769/2026 3261/3762/2020
f 3268/3770/2027 3261/3762/2020 3267/3769/2026
f 3261/3762/2020 3268/3770/2027 3262/3763/2021
f 3262/3763/2021 3268/3770/2027 3269/3771/2028
f 3269/3771/2028 3270/3772/2029 3262/3763/2021
f 3262/3763/2021 3270/3772/2029 3263/3764/2022
f 3271/3773/2030 3263/3764/2022 3270/3772/2029
f 3263/3764/2022 3271/3773/2030 3264/3765/2023
f 3270/3772/2029 3272/3774/2031 3271/3773/2030
f 3273/3775/2032 3272/3774/2031 3270/3772/2029
f 3270/3772/2029 3269/3771/2028 3273/3775/2032
f 3269/3771/2028 3275/3776/2033 3274/3777/2034
f 3274/3777/2034 3273/3775/2032 3269/3771/2028
f 3276/3778/2035 3273/3775/2032 3274/3777/2034
f 3272/3774/2031 3273/3775/2032 3276/3778/2035
f 3276/3778/2035 3277/3779/2036 3272/3774/2031
f 3272/3774/2031 3277/3779/2036 3278/3780/2037
f 3278/3780/2037 3271/3773/2030 3272/3774/2031
f 3271/3773/2030 3278/3780/2037 3279/3781/2038
f 3271/3773/2030 3279/3781/2038 3280/3782/2039
f 3280/3782/2039 3281/3783/2040 3271/3773/2030
f 3264/3765/2023 3271/3773/2030 3281/3783/2040
f 3281/3783/2040 3282/3784/2041 3264/3765/2023
f 3265/3766/2024 3264/3765/2023 3282/3784/2041
f 3282/3784/2041 3283/3785/2042 3265/3766/2024
f 3265/3766/2024 3283/3785/2042 3284/3786/2043
f 3284/3786/2043 3285/3787/2044 3265/3766/2024
f 3256/3755/2015 3265/3766/2024 3285/3787/2044
f 3285/3787/2044 3257/3756/2016 3256/3755/2015
f 3286/3788/2045 3279/3781/2038 3278/3780/2037
f 3274/3777/2034 3287/3789/2046 3276/3778/2035
f 3287/3789/2046 3288/3790/2047 3276/3778/2035
f 3278/3780/2037 3289/3791/2048 3286/3788/2045
f 3289/3791/2048 3278/3780/2037 3277/3779/2036
f 3277/3779/2036 3290/3792/2049 3289/3791/2048
f 3290/3792/2049 3277/3779/2036 3276/3778/2035
f 3276/3778/2035 3291/3793/2050 3290/3792/2049
f 3288/3790/2047 3291/3793/2050 3276/3778/2035
f 3291/3793/2050 3288/3790/2047 3292/3794/2051
f 3292/3794/2051 3288/3790/2047 3287/3789/2046
f 3287/3789/2046 3293/3795/2052 3292/3794/2051
f 3293/3795/2052 3287/3789/2046 3274/3777/2034
f 3294/3796/2053 3293/3795/2052 3274/3777/2034
f 3274/3777/2034 3295/3797/2054 3294/3796/2053
f 3296/3798/2055 3295/3797/2054 3274/3777/2034
f 3274/3777/2034 3297/3799/2056 3296/3798/2055
f 3298/3800/2057 3296/3798/2055 3297/3799/2056
f 3297/3799/2056 3299/3801/2058 3298/3800/2057
f 3300/3802/2059 3298/3800/2057 3299/3801/2058
f 3299/3801/2058 3301/3803/2060 3300/3802/2059
f 3302/3804/2061 3286/3788/2045 3289/3791/2048
f 3289/3791/2048 3290/3792/2049 3302/3804/2061
f 3303/3805/2062 3302/3804/2061 3290/3792/2049
f 3290/3792/2049 3291/3793/2050 3303/3805/2062
f 3292/3794/2051 3303/3805/2062 3291/3793/2050
f 3285/3806/2044 3284/3807/2043 3300/3802/2059
f 3294/3808/2053 3304/3809/2063 3293/3795/2052
f 3297/3799/2056 3274/3777/2034 3275/3776/2033
f 3297/3799/2056 3275/3776/2033 3305/3810/2064
f 3306/3811/2065 3297/3799/2056 3305/3810/2064
f 3306/3811/2065 3299/3801/2058 3297/3799/2056
f 3301/3803/2060 3299/3801/2058 3306/3811/2065
f 3306/3811/2065 3307/3812/2066 3301/3803/2060
f 3308/3813/2067 3307/3812/2066 3306/3811/2065
f 3306/3811/2065 3309/3814/2068 3308/3813/2067
f 3310/3815/2069 3308/3813/2067 3309/3814/2068
f 3309/3814/2068 3311/3816/2070 3310/3815/2069
f 3312/3817/2071 3310/3815/2069 3311/3816/2070
f 3310/3815/2069 3312/3817/2071 3313/3818/2072
f 3313/3818/2072 3314/3819/2073 3310/3815/2069
f 3314/3819/2073 3308/3813/2067 3310/3815/2069
f 3311/3816/2070 3309/3814/2068 3305/3810/2064
f 3305/3810/2064 3309/3814/2068 3306/3811/2065
f 3300/3802/2059 3301/3803/2060 3285/3806/2044
f 3301/3803/2060 3307/3812/2066 3285/3806/2044
f 3257/3820/2016 3285/3806/2044 3307/3812/2066
f 3307/3812/2066 3308/3813/2067 3257/3820/2016
f 3258/3821/2017 3257/3820/2016 3308/3813/2067
f 3308/3813/2067 3314/3819/2073 3258/3821/2017
f 3259/3822/2018 3258/3821/2017 3314/3819/2073
f 3314/3819/2073 3313/3818/2072 3259/3822/2018
f 3250/3823/2009 3259/3822/2018 3313/3818/2072
f 3313/3818/2072 3248/3768/2007 3250/3823/2009
f 3313/3818/2072 3312/3817/2071 3248/3768/2007
f 3248/3768/2007 3312/3817/2071 3266/3767/2025
f 3311/3816/2070 3266/3767/2025 3312/3817/2071
f 3266/3767/2025 3311/3816/2070 3267/3769/2026
f 3305/3810/2064 3267/3769/2026 3311/3816/2070
f 3267/3769/2026 3305/3810/2064 3268/3770/2027
f 3268/3770/2027 3305/3810/2064 3275/3776/2033
f 3275/3776/2033 3269/3771/2028 3268/3770/2027
f 3315/3824/2074 3317/3825/2075 3316/3826/2076
f 3156/3606/1915 3315/3824/2074 3154/3604/1913
f 3315/3824/2074 3156/3606/1915 3158/3608/1917
f 3158/3608/1917 3317/3825/2075 3315/3824/2074
f 3317/3825/2075 3158/3608/1917 3159/3609/1918
f 3317/3825/2075 3159/3609/1918 3188/3827/1947
f 3188/3827/1947 3316/3826/2076 3317/3825/2075
f 3316/3826/2076 3188/3827/1947 3192/3828/1951
f 3192/3828/1951 3318/3829/2077 3316/3826/2076
f 3318/3829/2077 3192/3828/1951 3195/3830/1954
f 3195/3830/1954 3319/3831/2078 3318/3829/2077
f 3319/3831/2078 3195/3830/1954 3048/3832/1807
f 3048/3832/1807 3036/3630/1795 3319/3831/2078
f 3320/3833/2079 3319/3831/2078 3036/3630/1795
f 3179/3629/1938 3320/3833/2079 3036/3630/1795
f 3320/3833/2079 3179/3629/1938 3321/3834/2080
f 3177/3627/1936 3321/3834/2080 3179/3629/1938
f 3321/3834/2080 3177/3627/1936 3168/3617/1926
f 3167/3618/1927 3168/3617/1926 3177/3627/1936
f 3151/3600/1910 3154/3604/1913 3166/3616/1925
f 3166/3616/1925 3154/3604/1913 3168/3617/1926
f 3168/3617/1926 3154/3604/1913 3315/3824/2074
f 3315/3824/2074 3322/3835/2081 3168/3617/1926
f 3316/3826/2076 3322/3835/2081 3315/3824/2074
f 3322/3835/2081 3316/3826/2076 3323/3836/2082
f 3316/3826/2076 3318/3829/2077 3323/3836/2082
f 3323/3836/2082 3318/3829/2077 3319/3831/2078
f 3319/3831/2078 3320/3833/2079 3323/3836/2082
f 3321/3834/2080 3323/3836/2082 3320/3833/2079
f 3323/3836/2082 3321/3834/2080 3322/3835/2081
f 3168/3617/1926 3322/3835/2081 3321/3834/2080
f 3324/3837/2083 3325/3838/2084 3106/3839/1865
f 3106/3839/1865 3229/3840/1988 3324/3837/2083
f 3326/3841/2085 3324/3837/2083 3229/3840/1988
f 3229/3840/1988 3228/3842/1987 3326/3841/2085
f 3327/3843/2086 3326/3841/2085 3228/3842/1987
f 3228/3842/1987 3227/3844/1986 3327/3843/2086
f 3326/3841/2085 3327/3843/2086 3328/3845/2087
f 3326/3841/2085 3330/3846/2088 3329/3847/2089
f 3329/3847/2089 3324/3837/2083 3326/3841/2085
f 3324/3837/2083 3329/3847/2089 3331/3848/2090
f 3331/3848/2090 3325/3838/2084 3324/3837/2083
f 3332/3849/2091 3325/3838/2084 3331/3848/2090
f 3106/3839/1865 3325/3838/2084 3332/3849/2091
f 3332/3849/2091 3107/3850/1866 3106/3839/1865
f 3107/3850/1866 3332/3849/2091 3333/3851/2092
f 3333/3851/2092 3108/3852/1867 3107/3850/1866
f 3108/3852/1867 3333/3851/2092 3334/3853/2093
f 3334/3853/2093 3109/3854/1868 3108/3852/1867
f 3335/3855/2094 3334/3853/2093 3333/3851/2092
f 3336/3856/2095 3329/3847/2089 3330/3846/2088
f 3329/3847/2089 3336/3856/2095 3337/3857/2096
f 3337/3857/2096 3331/3848/2090 3329/3847/2089
f 3338/3858/2097 3331/3848/2090 3337/3857/2096
f 3331/3848/2090 3338/3858/2097 3332/3849/2091
f 3333/3851/2092 3332/3849/2091 3338/3858/2097
f 3338/3858/2097 3339/3859/2098 3333/3851/2092
f 3333/3851/2092 3339/3859/2098 3335/3855/2094
f 3335/3855/2094 3339/3859/2098 3340/3860/2099
f 3340/3860/2099 3341/3861/2100 3335/3855/2094
f 3342/3862/2101 3341/3861/2100 3340/3860/2099
f 3340/3860/2099 3343/3863/2102 3342/3862/2101
f 3344/3864/2103 3342/3862/2101 3343/3863/2102
f 3343/3863/2102 3345/3865/2104 3344/3864/2103
f 3346/3866/2105 3344/3864/2103 3345/3865/2104
f 3346/3866/2105 3345/3865/2104 3347/3867/2106
f 3347/3867/2106 3345/3865/2104 3348/3868/2107
f 3349/3869/2108 3348/3868/2107 3345/3865/2104
f 3345/3865/2104 3350/3870/2109 3349/3869/2108
f 3351/3871/2110 3349/3869/2108 3350/3870/2109
f 3350/3870/2109 3352/3872/2111 3351/3871/2110
f 3353/3873/2112 3351/3871/2110 3352/3872/2111
f 3352/3872/2111 3354/3874/2113 3353/3873/2112
f 3353/3873/2112 3354/3874/2113 3355/3875/2114
f 3336/3856/2095 3355/3875/2114 3354/3874/2113
f 3354/3874/2113 3337/3857/2096 3336/3856/2095
f 3356/3876/2115 3337/3857/2096 3354/3874/2113
f 3337/3857/2096 3356/3876/2115 3338/3858/2097
f 3339/3859/2098 3338/3858/2097 3356/3876/2115
f 3356/3876/2115 3340/3860/2099 3339/3859/2098
f 3340/3860/2099 3356/3876/2115 3352/3872/2111
f 3352/3872/2111 3343/3863/2102 3340/3860/2099
f 3350/3870/2109 3343/3863/2102 3352/3872/2111
f 3350/3870/2109 3345/3865/2104 3343/3863/2102
f 3354/3874/2113 3352/3872/2111 3356/3876/2115
f 3346/3877/2105 3347/3867/2106 3357/3878/2116
f 3357/3878/2116 3347/3867/2106 3358/3879/2117
f 3348/3868/2107 3358/3879/2117 3347/3867/2106
f 3358/3879/2117 3348/3868/2107 3359/3880/2118
f 3360/3881/2119 3359/3880/2118 3348/3868/2107
f 3348/3868/2107 3349/3869/2108 3360/3881/2119
f 3361/3882/2120 3360/3881/2119 3349/3869/2108
f 3349/3869/2108 3351/3871/2110 3361/3882/2120
f 3362/3883/2121 3361/3882/2120 3351/3871/2110
f 3351/3871/2110 3353/3873/2112 3362/3883/2121
f 3362/3883/2121 3353/3873/2112 3363/3884/2122
f 3355/3875/2114 3363/3884/2122 3353/3873/2112
f 3363/3884/2122 3355/3875/2114 3364/3885/2123
f 3365/3886/2124 3364/3885/2123 3355/3875/2114
f 3366/3887/2125 3365/3886/2124 3355/3875/2114
f 3355/3875/2114 3336/3856/2095 3366/3887/2125
f 3330/3846/2088 3366/3887/2125 3336/3856/2095
f 3359/3880/2118 3360/3881/2119 3367/3888/2126
f 3368/3889/2127 3367/3888/2126 3360/3881/2119
f 3360/3881/2119 3361/3882/2120 3368/3889/2127
f 3369/3890/2128 3368/3889/2127 3361/3882/2120
f 3361/3882/2120 3362/3883/2121 3369/3890/2128
f 3369/3890/2128 3362/3883/2121 3370/3891/2129
f 3363/3884/2122 3370/3891/2129 3362/3883/2121
f 3370/3891/2129 3363/3884/2122 3371/3892/2130
f 3364/3885/2123 3371/3892/2130 3363/3884/2122
f 3371/3892/2130 3364/3885/2123 3372/3893/2131
f 3372/3893/2131 3364/3885/2123 3365/3886/2124
f 3373/3894/2132 3372/3893/2131 3365/3886/2124
f 3365/3886/2124 3374/3895/2133 3373/3894/2132
f 3374/3895/2133 3365/3886/2124 3366/3887/2125
f 3366/3887/2125 3375/3896/2134 3374/3895/2133
f 3328/3845/2087 3375/3896/2134 3366/3887/2125
f 3366/3887/2125 3330/3846/2088 3328/3845/2087
f 3328/3845/2087 3330/3846/2088 3326/3841/2085
f 3373/3894/2132 3376/3897/2135 3372/3893/2131
f 3372/3893/2131 3376/3897/2135 3377/3898/2136
f 3378/3899/2137 3372/3893/2131 3377/3898/2136
f 3372/3893/2131 3378/3899/2137 3371/3892/2130
f 3379/3900/2138 3371/3892/2130 3378/3899/2137
f 3371/3892/2130 3379/3900/2138 3370/3891/2129
f 3380/3901/2139 3370/3891/2129 3379/3900/2138
f 3370/3891/2129 3380/3901/2139 3369/3890/2128
f 3381/3902/2140 3379/3900/2138 3382/3903/2141
f 3379/3900/2138 3381/3902/2140 3380/3901/2139
f 3383/3904/2142 3380/3901/2139 3381/3902/2140
f 3369/3890/2128 3380/3901/2139 3383/3904/2142
f 3383/3904/2142 3384/3905/2143 3369/3890/2128
f 3369/3890/2128 3384/3905/2143 3385/3906/2144
f 3385/3906/2144 3368/3889/2127 3369/3890/2128
f 3367/3888/2126 3368/3889/2127 3385/3906/2144
f 3385/3906/2144 3386/3907/2145 3367/3888/2126
f 3387/3908/2146 3389/3909/2147 3388/3910/2148
f 3389/3909/2147 3387/3908/2146 3390/3911/2149
f 3391/3912/2150 3390/3911/2149 3387/3908/2146
f 3392/3913/2151 3388/3910/2148 3393/3914/2152
f 3387/3908/2146 3388/3910/2148 3392/3913/2151
f 3392/3913/2151 3394/3915/2153 3387/3908/2146
f 3387/3908/2146 3394/3915/2153 3391/3912/2150
f 3395/3916/2154 3391/3912/2150 3394/3915/2153
f 3391/3912/2150 3395/3916/2154 3396/3917/2155
f 3396/3917/2155 3395/3916/2154 3397/3918/2156
f 3397/3918/2156 3398/3919/2157 3396/3917/2155
f 3398/3919/2157 3397/3918/2156 3399/3920/2158
f 3399/3920/2158 3400/3921/2159 3398/3919/2157
f 3390/3911/2149 3391/3912/2150 3401/3922/2160
f 3396/3917/2155 3401/3922/2160 3391/3912/2150
f 3401/3922/2160 3396/3917/2155 3402/3923/2161
f 3402/3923/2161 3396/3917/2155 3398/3919/2157
f 3398/3919/2157 3403/3924/2162 3402/3923/2161
f 3403/3924/2162 3398/3919/2157 3400/3921/2159
f 3400/3921/2159 3404/3925/2163 3403/3924/2162
f 3393/3914/2152 3405/3926/2164 3392/3913/2151
f 3406/3927/2165 3392/3913/2151 3405/3926/2164
f 3392/3913/2151 3406/3927/2165 3394/3915/2153
f 3407/3928/2166 3394/3915/2153 3406/3927/2165
f 3394/3915/2153 3407/3928/2166 3395/3916/2154
f 3395/3916/2154 3407/3928/2166 3408/3929/2167
f 3408/3929/2167 3397/3918/2156 3395/3916/2154
f 3397/3918/2156 3408/3929/2167 3409/3930/2168
f 3409/3930/2168 3399/3920/2158 3397/3918/2156
f 3399/3920/2158 3409/3930/2168 3410/3931/2169
f 3377/3898/2136 3376/3932/2135 3411/3933/2170
f 3412/3934/2171 3377/3898/2136 3411/3933/2170
f 3377/3898/2136 3412/3934/2171 3378/3899/2137
f 3382/3903/2141 3378/3899/2137 3412/3934/2171
f 3378/3899/2137 3382/3903/2141 3379/3900/2138
f 3410/3931/2172 3413/3935/2173 3411/3933/2170
f 3411/3933/2170 3413/3935/2173 3412/3934/2171
f 3406/3927/2165 3414/3936/2174 3407/3928/2166
f 3407/3928/2166 3414/3936/2174 3415/3937/2175
f 3415/3937/2175 3408/3929/2167 3407/3928/2166
f 3415/3937/2175 3416/3938/2176 3408/3929/2167
f 3409/3930/2168 3408/3929/2167 3416/3938/2176
f 3416/3938/2176 3417/3939/2177 3409/3930/2168
f 3410/3931/2169 3409/3930/2168 3417/3939/2177
f 3418/3940/2178 3412/3934/2171 3413/3935/2173
f 3412/3934/2171 3418/3940/2178 3382/3903/2141
f 3382/3903/2141 3418/3940/2178 3381/3902/2140
f 3381/3902/2140 3419/3941/2179 3383/3904/2142
f 3419/3941/2179 3381/3902/2140 3418/3940/2178
f 3418/3940/2178 3420/3942/2180 3419/3941/2179
f 3421/3943/2181 3417/3939/2177 3416/3938/2176
f 3416/3938/2176 3422/3944/2182 3421/3943/2181
f 3422/3944/2182 3416/3938/2176 3415/3937/2175
f 3415/3937/2175 3423/3945/2183 3422/3944/2182
f 3423/3945/2183 3415/3937/2175 3414/3936/2174
f 3414/3936/2174 3424/3946/2184 3423/3945/2183
f 3425/3947/2185 3424/3946/2184 3414/3936/2174
f 3414/3936/2174 3406/3927/2165 3425/3947/2185
f 3405/3926/2164 3425/3947/2185 3406/3927/2165
f 3426/3948/2186 3428/3949/2187 3427/3950/2188
f 3429/3951/2189 3426/3948/2186 3427/3950/2188
f 3428/3949/2187 3431/3952/2190 3430/3953/2191
f 3430/3953/2191 3427/3950/2188 3428/3949/2187
f 3427/3950/2188 3430/3953/2191 3432/3954/2192
f 3432/3954/2192 3434/3955/2193 3433/3956/2194
f 3435/3957/2195 3434/3955/2193 3432/3954/2192
f 3432/3954/2192 3430/3953/2191 3435/3957/2195
f 3436/3958/2196 3435/3957/2195 3430/3953/2191
f 3430/3953/2191 3431/3952/2190 3436/3958/2196
f 3110/3959/1869 3436/3958/2196 3431/3952/2190
f 3436/3958/2196 3110/3959/1869 3109/3960/1868
f 3109/3960/1868 3334/3961/2093 3436/3958/2196
f 3436/3958/2196 3334/3961/2093 3335/3962/2094
f 3335/3962/2094 3435/3957/2195 3436/3958/2196
f 3435/3957/2195 3335/3962/2094 3341/3963/2100
f 3341/3963/2100 3434/3955/2193 3435/3957/2195
f 3434/3955/2193 3341/3963/2100 3342/3964/2101
f 3437/3965/2197 3439/3966/2198 3438/3967/2199
f 3438/3967/2199 3439/3966/2198 3440/3968/2200
f 3440/3968/2200 3441/3969/2201 3438/3967/2199
f 3440/3968/2200 3442/3970/2202 3441/3969/2201
f 3441/3969/2201 3442/3970/2202 3429/3951/2189
f 3429/3951/2189 3443/3971/2203 3441/3969/2201
f 3427/3950/2188 3443/3971/2203 3429/3951/2189
f 3443/3971/2203 3427/3950/2188 3444/3972/2204
f 3432/3954/2192 3444/3972/2204 3427/3950/2188
f 3444/3972/2204 3432/3954/2192 3445/3973/2205
f 3433/3956/2194 3445/3973/2205 3432/3954/2192
f 3342/3964/2101 3433/3956/2194 3434/3955/2193
f 3446/3974/2206 3445/3973/2205 3447/3975/2207
f 3445/3973/2205 3446/3974/2206 3444/3972/2204
f 3448/3976/2208 3444/3972/2204 3446/3974/2206
f 3444/3972/2204 3448/3976/2208 3443/3971/2203
f 3443/3971/2203 3448/3976/2208 3449/3977/2209
f 3449/3977/2209 3441/3969/2201 3443/3971/2203
f 3441/3969/2201 3449/3977/2209 3450/3978/2210
f 3450/3978/2210 3438/3967/2199 3441/3969/2201
f 3451/3979/2211 3438/3967/2199 3450/3978/2210
f 3438/3967/2199 3451/3979/2211 3437/3965/2197
f 3437/3965/2197 3451/3979/2211 3328/3980/2087
f 3328/3980/2087 3327/3981/2086 3437/3965/2197
f 3437/3965/2197 3327/3981/2086 3227/3982/1986
f 3227/3982/1986 3226/3983/1985 3437/3965/2197
f 3439/3966/2198 3437/3965/2197 3226/3983/1985
f 3450/3978/2210 3452/3984/2212 3451/3979/2211
f 3375/3985/2134 3328/3980/2087 3451/3979/2211
f 3451/3979/2211 3452/3984/2212 3375/3985/2134
f 3374/3986/2133 3375/3985/2134 3452/3984/2212
f 3452/3984/2212 3453/3987/2213 3374/3986/2133
f 3453/3987/2213 3452/3984/2212 3450/3978/2210
f 3450/3978/2210 3454/3988/2214 3453/3987/2213
f 3454/3988/2214 3450/3978/2210 3449/3977/2209
f 3449/3977/2209 3455/3989/2215 3454/3988/2214
f 3455/3989/2215 3449/3977/2209 3448/3976/2208
f 3448/3976/2208 3456/3990/2216 3455/3989/2215
f 3446/3974/2206 3456/3990/2216 3448/3976/2208
f 3456/3990/2216 3446/3974/2206 3457/3991/2217
f 3447/3975/2207 3457/3991/2217 3446/3974/2206
f 3457/3991/2217 3447/3975/2207 3458/3992/2218
f 3459/3993/2219 3454/3988/2214 3455/3989/2215
f 3455/3989/2215 3460/3994/2220 3459/3993/2219
f 3460/3994/2220 3455/3989/2215 3456/3990/2216
f 3456/3990/2216 3461/3995/2221 3460/3994/2220
f 3457/3991/2217 3461/3995/2221 3456/3990/2216
f 3461/3995/2221 3457/3991/2217 3462/3996/2222
f 3458/3992/2218 3462/3996/2222 3457/3991/2217
f 3462/3996/2222 3458/3992/2218 3463/3997/2223
f 3404/3925/2163 3459/3993/2219 3460/3994/2220
f 3460/3994/2220 3403/3924/2162 3404/3925/2163
f 3403/3924/2162 3460/3994/2220 3461/3995/2221
f 3461/3995/2221 3402/3923/2161 3403/3924/2162
f 3462/3996/2222 3402/3923/2161 3461/3995/2221
f 3402/3923/2161 3462/3996/2222 3401/3922/2160
f 3463/3997/2223 3401/3922/2160 3462/3996/2222
f 3401/3922/2160 3463/3997/2223 3390/3911/2149
f 3357/3878/2116 3464/3998/2224 3389/3909/2225
f 3358/3879/2117 3464/3998/2224 3357/3878/2116
f 3226/3983/1985 3068/3999/1827 3439/3966/2198
f 3439/3966/2198 3068/3999/1827 3086/4000/1845
f 3086/4000/1845 3440/3968/2200 3439/3966/2198
f 3442/3970/2202 3440/3968/2200 3086/4000/1845
f 3086/4000/1845 3085/4001/1844 3442/3970/2202
f 3429/3951/2189 3442/3970/2202 3085/4001/1844
f 3085/4001/1844 3084/4002/1843 3429/3951/2189
f 3429/3951/2189 3084/4002/1843 3083/4003/1842
f 3083/4003/1842 3426/3948/2186 3429/3951/2189
f 3426/3948/2186 3083/4003/1842 3082/4004/1840
f 3082/4004/1840 3428/3949/2187 3426/3948/2186
f 3431/3952/2190 3428/3949/2187 3082/4004/1840
f 3082/4004/1840 3080/4005/1839 3431/3952/2190
f 3431/3952/2190 3080/4005/1839 3110/3959/1869
f 3465/4006/2226 3467/4007/2227 3466/4008/2228
f 3466/4008/2228 3468/4009/2229 3465/4006/2226
f 3469/4010/2230 3470/4011/2231 3466/4008/2228
f 3468/4009/2229 3466/4008/2228 3470/4011/2231
f 3471/4012/2232 3468/4009/2229 3470/4011/2231
f 3465/4006/2226 3468/4009/2229 3471/4012/2232
f 3471/4012/2232 3472/4013/2233 3465/4006/2226
f 3473/4014/2234 3465/4006/2226 3472/4013/2233
f 3466/4008/2228 3467/4007/2227 3474/4015/2235
f 3474/4015/2235 3467/4007/2227 3475/4016/2236
f 3475/4016/2236 3467/4007/2227 3465/4006/2226
f 3465/4006/2226 3476/4017/2237 3475/4016/2236
f 3476/4017/2237 3465/4006/2226 3473/4014/2234
f 3473/4014/2234 3477/4018/2238 3476/4017/2237
f 3477/4018/2238 3473/4014/2234 3478/4019/2239
f 3478/4019/2239 3479/4020/2240 3477/4018/2238
f 3480/4021/2241 3479/4020/2240 3478/4019/2239
f 3479/4020/2240 3480/4021/2241 3481/4022/2242
f 3482/4023/2243 3481/4022/2242 3480/4021/2241
f 3483/4024/2244 3481/4022/2242 3482/4023/2243
f 3482/4023/2243 3484/4025/2245 3483/4024/2244
f 3483/4024/2244 3484/4025/2245 3485/4026/2246
f 3486/4027/2247 3485/4026/2246 3484/4025/2245
f 3486/4027/2247 3487/4028/2248 3485/4026/2246
f 3487/4028/2248 3488/4029/2249 3485/4026/2246
f 3485/4026/2246 3488/4029/2249 3489/4030/2250
f 3485/4026/2246 3490/4031/2251 3483/4024/2244
f 3491/4032/2252 3492/4033/2253 3483/4024/2244
f 3481/4022/2242 3483/4024/2244 3492/4033/2253
f 3493/4034/2254 3492/4033/2253 3491/4032/2252
f 3494/4035/2255 3495/4036/2256 3492/4033/2253
f 3492/4033/2253 3495/4036/2256 3481/4022/2242
f 3481/4022/2242 3495/4036/2256 3479/4020/2240
f 3479/4020/2240 3495/4036/2256 3494/4035/2255
f 3494/4035/2255 3477/4018/2238 3479/4020/2240
f 3477/4018/2238 3494/4035/2255 3476/4017/2237
f 3476/4017/2237 3494/4035/2255 3475/4016/2236
f 3470/4037/2231 3496/4038/2257 3471/4039/2232
f 3470/4037/2231 3482/4023/2243 3496/4038/2257
f 3482/4023/2243 3470/4037/2231 3469/4040/2230
f 3469/4040/2230 3484/4025/2245 3482/4023/2243
f 3484/4025/2245 3469/4040/2230 3486/4027/2247
f 3491/4032/2252 3498/4041/2258 3497/4042/2259
f 3491/4032/2252 3497/4042/2259 3493/4034/2254
f 3499/4043/2260 3493/4034/2254 3497/4042/2259
f 3497/4042/2259 3500/4044/2261 3499/4043/2260
f 3499/4043/2260 3500/4044/2261 3501/4045/2262
f 3483/4024/2244 3490/4031/2251 3491/4032/2252
f 3490/4031/2251 3498/4041/2258 3491/4032/2252
f 3502/4046/2263 3498/4041/2258 3490/4031/2251
f 3502/4046/2263 3497/4042/2259 3498/4041/2258
f 3503/4047/2264 3497/4042/2259 3502/4046/2263
f 3500/4044/2261 3497/4042/2259 3503/4047/2264
f 3503/4047/2264 3504/4048/2265 3500/4044/2261
f 3505/4049/2266 3500/4044/2261 3504/4048/2265
f 3500/4044/2261 3505/4049/2266 3501/4045/2262
f 3501/4045/2262 3505/4049/2266 3506/4050/2267
f 3506/4050/2267 3507/4051/2268 3501/4045/2262
f 3501/4045/2262 3507/4051/2268 3508/4052/2269
f 3508/4052/2269 3474/4015/2235 3501/4045/2262
f 3501/4045/2262 3474/4015/2235 3499/4043/2260
f 3475/4016/2236 3499/4043/2260 3474/4015/2235
f 3475/4016/2236 3493/4034/2254 3499/4043/2260
f 3494/4035/2255 3493/4034/2254 3475/4016/2236
f 3492/4033/2253 3493/4034/2254 3494/4035/2255
f 3509/4053/2270 3502/4046/2263 3490/4031/2251
f 3502/4046/2263 3509/4053/2270 3503/4047/2264
f 3489/4030/2250 3490/4031/2251 3485/4026/2246
f 3510/4054/2271 3490/4031/2251 3489/4030/2250
f 3490/4031/2251 3510/4054/2271 3509/4053/2270
f 3511/4055/2272 3509/4053/2270 3510/4054/2271
f 3509/4053/2270 3511/4055/2272 3503/4047/2264
f 3512/4056/2273 3503/4047/2264 3511/4055/2272
f 3512/4056/2273 3504/4048/2265 3503/4047/2264
f 3512/4056/2273 3513/4057/2274 3504/4048/2265
f 3504/4048/2265 3513/4057/2274 3505/4049/2266
f 3505/4049/2266 3513/4057/2274 3514/4058/2275
f 3514/4058/2275 3506/4050/2267 3505/4049/2266
f 3487/4059/2248 3506/4050/2267 3514/4058/2275
f 3506/4050/2267 3487/4059/2248 3486/4060/2247
f 3486/4060/2247 3507/4051/2268 3506/4050/2267
f 3507/4051/2268 3486/4060/2247 3469/4010/2230
f 3469/4010/2230 3508/4052/2269 3507/4051/2268
f 3466/4008/2228 3508/4052/2269 3469/4010/2230
f 3474/4015/2235 3508/4052/2269 3466/4008/2228
f 3511/4055/2272 3515/4061/2276 3512/4056/2273
f 3514/4058/2275 3488/4062/2249 3487/4059/2248
f 3488/4062/2249 3514/4058/2275 3516/4063/2277
f 3516/4063/2277 3514/4058/2275 3517/4064/2278
f 3517/4064/2278 3514/4058/2275 3513/4057/2274
f 3517/4064/2278 3513/4057/2274 3518/4065/2279
f 3518/4065/2279 3513/4057/2274 3512/4056/2273
f 3512/4056/2273 3519/4066/2280 3518/4065/2279
f 3520/4067/2281 3519/4066/2280 3512/4056/2273
f 3512/4056/2273 3521/4068/2282 3520/4067/2281
f 3512/4056/2273 3515/4061/2276 3521/4068/2282
f 3521/4068/2282 3515/4061/2276 3522/4069/2283
f 3522/4069/2283 3515/4061/2276 3511/4055/2272
f 3511/4055/2272 3523/4070/2284 3522/4069/2283
f 3510/4054/2271 3523/4070/2284 3511/4055/2272
f 3524/4071/2285 3523/4070/2284 3510/4054/2271
f 3510/4054/2271 3489/4030/2250 3524/4071/2285
f 3520/4067/2281 3521/4068/2282 3522/4069/2283
f 3522/4069/2283 3523/4070/2284 3524/4071/2285
f 3525/4072/2286 3527/4073/2287 3526/4074/2288
f 3526/4074/2288 3528/4075/2289 3525/4072/2286
f 3525/4072/2286 3528/4075/2289 3518/4065/2279
f 3518/4065/2279 3528/4075/2289 3517/4064/2278
f 3517/4064/2278 3528/4075/2289 3526/4074/2288
f 3526/4074/2288 3529/4076/2290 3517/4064/2278
f 3517/4064/2278 3529/4076/2290 3516/4063/2277
f 3489/4030/2250 3488/4029/2249 3516/4077/2277
f 3516/4077/2277 3524/4071/2285 3489/4030/2250
f 3530/4078/2291 3524/4071/2285 3516/4077/2277
f 3524/4071/2285 3530/4078/2291 3522/4069/2283
f 3531/4079/2292 3522/4069/2283 3530/4078/2291
f 3522/4069/2283 3531/4079/2292 3520/4067/2281
f 3532/4080/2293 3520/4067/2281 3531/4079/2292
f 3519/4066/2280 3520/4067/2281 3532/4080/2293
f 3532/4080/2293 3533/4081/2294 3519/4066/2280
f 3518/4065/2279 3519/4066/2280 3533/4081/2294
f 3533/4081/2294 3534/4082/2295 3518/4065/2279
f 3518/4065/2279 3534/4082/2295 3525/4072/2286
f 3535/4083/2296 3525/4072/2286 3534/4082/2295
f 3527/4073/2287 3525/4072/2286 3535/4083/2296
f 3535/4083/2296 3536/4084/2297 3527/4073/2287
f 3536/4084/2297 3535/4083/2296 3537/4085/2298
f 3537/4085/2298 3535/4083/2296 3538/4086/2299
f 3538/4086/2299 3539/4087/2300 3537/4085/2298
f 3534/4082/2295 3538/4086/2299 3535/4083/2296
f 3538/4086/2299 3534/4082/2295 3533/4081/2294
f 3540/4088/2301 3541/4089/2302 3531/4079/2292
f 3531/4079/2292 3542/4090/2303 3540/4088/2301
f 3530/4078/2291 3542/4090/2303 3531/4079/2292
f 3531/4079/2292 3541/4089/2302 3532/4080/2293
f 3532/4080/2293 3541/4089/2302 3543/4091/2304
f 3544/4092/2305 3543/4091/2304 3541/4089/2302
f 3541/4089/2302 3540/4088/2301 3544/4092/2305
f 3544/4092/2305 3540/4088/2301 3527/4093/2287
f 3527/4093/2287 3540/4088/2301 3542/4090/2303
f 3542/4090/2303 3526/4094/2288 3527/4093/2287
f 3529/4095/2290 3526/4094/2288 3542/4090/2303
f 3542/4090/2303 3530/4078/2291 3529/4095/2290
f 3516/4077/2277 3529/4095/2290 3530/4078/2291
f 3527/4093/2287 3536/4096/2297 3544/4092/2305
f 3538/4086/2299 3546/4097/2306 3545/4098/2307
f 3538/4086/2299 3547/4099/2308 3546/4097/2306
f 3533/4081/2294 3547/4099/2308 3538/4086/2299
f 3548/4100/2309 3547/4099/2308 3533/4081/2294
f 3533/4081/2294 3532/4080/2293 3548/4100/2309
f 3543/4091/2304 3548/4100/2309 3532/4080/2293
f 3548/4100/2309 3543/4091/2304 3549/4101/2310
f 3549/4101/2310 3543/4091/2304 3544/4092/2305
f 3544/4092/2305 3550/4102/2311 3549/4101/2310
f 3550/4102/2311 3544/4092/2305 3536/4096/2297
f 3536/4096/2297 3551/4103/2312 3550/4102/2311
f 3551/4103/2312 3536/4096/2297 3537/4104/2298
f 3552/4105/2313 3551/4103/2312 3537/4104/2298
f 3552/4105/2313 3537/4104/2298 3553/4106/2314
f 3553/4106/2314 3554/4107/2315 3552/4105/2313
f 3555/4108/2316 3554/4107/2315 3553/4106/2314
f 3556/4109/2317 3554/4107/2315 3555/4108/2316
f 3555/4108/2316 3557/4110/2318 3556/4109/2317
f 3549/4101/2310 3558/4111/2319 3548/4100/2309
f 3547/4099/2308 3548/4100/2309 3558/4111/2319
f 3558/4111/2319 3559/4112/2320 3547/4099/2308
f 3546/4097/2306 3547/4099/2308 3559/4112/2320
f 3558/4111/2319 3561/4113/2321 3560/4114/2322
f 3560/4114/2322 3559/4112/2320 3558/4111/2319
f 3562/4115/2323 3559/4112/2320 3560/4114/2322
f 3563/4116/2324 3562/4115/2323 3560/4114/2322
f 3564/4117/2325 3551/4103/2312 3552/4105/2313
f 3550/4102/2311 3551/4103/2312 3564/4117/2325
f 3564/4117/2325 3565/4118/2326 3550/4102/2311
f 3549/4101/2310 3550/4102/2311 3565/4118/2326
f 3565/4118/2326 3566/4119/2327 3549/4101/2310
f 3549/4101/2310 3566/4119/2327 3558/4111/2319
f 3558/4111/2319 3566/4119/2327 3567/4120/2328
f 3561/4113/2321 3558/4111/2319 3567/4120/2328
f 3561/4113/2321 3567/4120/2328 3568/4121/2329
f 3560/4114/2322 3561/4113/2321 3568/4121/2329
f 3568/4121/2329 3569/4122/2330 3560/4114/2322
f 3560/4114/2322 3569/4122/2330 3563/4116/2324
f 3570/4123/2331 3563/4116/2324 3569/4122/2330
f 3569/4122/2330 3571/4124/2332 3570/4123/2331
f 3571/4124/2332 3569/4122/2330 3572/4125/2333
f 3572/4125/2333 3573/4126/2334 3571/4124/2332
f 3574/4127/2335 3567/4120/2328 3566/4119/2327
f 3566/4119/2327 3565/4118/2326 3574/4127/2335
f 3575/4128/2336 3577/4129/2337 3576/4130/2338
f 3576/4130/2338 3578/4131/2339 3575/4128/2336
f 3579/4132/2340 3575/4128/2336 3578/4131/2339
f 3577/4133/2337 3575/4128/2336 3579/4132/2340
f 3579/4132/2340 3573/4126/2334 3577/4133/2337
f 3573/4126/2334 3579/4132/2340 3571/4124/2332
f 3571/4124/2332 3579/4132/2340 3580/4134/2341
f 3580/4134/2341 3570/4123/2331 3571/4124/2332
f 3581/4135/2342 3570/4123/2331 3580/4134/2341
f 3563/4116/2324 3570/4123/2331 3581/4135/2342
f 3581/4135/2342 3582/4136/2343 3563/4116/2324
f 3563/4116/2324 3582/4136/2343 3583/4137/2344
f 3562/4115/2323 3563/4116/2324 3583/4137/2344
f 3562/4115/2323 3583/4137/2344 3584/4138/2345
f 3584/4138/2345 3585/4139/2346 3562/4115/2323
f 3562/4115/2323 3585/4139/2346 3559/4112/2320
f 3559/4112/2320 3585/4139/2346 3545/4098/2307
f 3545/4098/2307 3546/4097/2306 3559/4112/2320
f 3578/4131/2339 3576/4140/2338 3581/4135/2342
f 3581/4135/2342 3580/4134/2341 3578/4131/2339
f 3578/4131/2339 3580/4134/2341 3579/4132/2340
f 3586/4141/2347 3588/4142/2348 3587/4143/2349
f 3584/4138/2345 3587/4143/2349 3588/4142/2348
f 3585/4139/2346 3584/4138/2345 3588/4142/2348
f 3588/4142/2348 3545/4098/2307 3585/4139/2346
f 3545/4098/2307 3539/4087/2300 3538/4086/2299
f 3589/4144/2350 3539/4087/2300 3545/4098/2307
f 3589/4144/2350 3545/4098/2307 3588/4142/2348
f 3590/4145/2351 3589/4144/2350 3588/4142/2348
f 3588/4142/2348 3586/4141/2347 3590/4145/2351
f 3591/4146/2352 3590/4145/2351 3586/4141/2347
f 3586/4141/2347 3592/4147/2353 3591/4146/2352
f 3592/4147/2353 3593/4148/2354 3591/4146/2352
f 3591/4146/2352 3593/4148/2354 3557/4149/2318
f 3591/4146/2352 3557/4149/2318 3555/4150/2316
f 3555/4150/2316 3590/4145/2351 3591/4146/2352
f 3589/4144/2350 3590/4145/2351 3555/4150/2316
f 3555/4150/2316 3553/4151/2314 3589/4144/2350
f 3539/4087/2300 3589/4144/2350 3553/4151/2314
f 3553/4151/2314 3537/4085/2298 3539/4087/2300
f 3480/4021/2241 3496/4038/2257 3482/4023/2243
f 3496/4038/2257 3480/4021/2241 3594/4152/2355
f 3478/4019/2239 3594/4152/2355 3480/4021/2241
f 3594/4152/2355 3478/4019/2239 3473/4014/2234
f 3473/4014/2234 3472/4153/2233 3594/4152/2355
f 3594/4152/2355 3472/4153/2233 3471/4154/2232
f 3594/4152/2355 3471/4154/2232 3496/4038/2257
f 3595/4155/2356 3597/4156/2357 3596/4157/2358
f 3596/4157/2358 3598/4158/2359 3595/4155/2356
f 3597/4156/2357 3595/4159/2356 3599/4160/2360
f 3600/4161/2361 3602/4162/2362 3601/4163/2363
f 3601/4163/2363 3568/4121/2329 3600/4161/2361
f 3603/4164/2364 3568/4121/2329 3601/4163/2363
f 3569/4122/2330 3568/4121/2329 3603/4164/2364
f 3603/4164/2364 3604/4165/2365 3569/4122/2330
f 3572/4125/2333 3569/4122/2330 3604/4165/2365
f 3604/4165/2365 3599/4160/2360 3572/4125/2333
f 3604/4165/2365 3605/4166/2366 3599/4160/2360
f 3599/4160/2360 3605/4166/2366 3597/4156/2357
f 3597/4156/2357 3605/4166/2366 3606/4167/2367
f 3606/4167/2367 3596/4157/2358 3597/4156/2357
f 3598/4168/2359 3596/4157/2358 3606/4167/2367
f 3606/4167/2367 3607/4169/2368 3598/4168/2359
f 3606/4167/2367 3603/4164/2364 3607/4169/2368
f 3601/4163/2363 3607/4169/2368 3603/4164/2364
f 3603/4164/2364 3606/4167/2367 3605/4166/2366
f 3605/4166/2366 3604/4165/2365 3603/4164/2364
f 3599/4170/2360 3595/4171/2356 3598/4172/2359
f 3598/4172/2359 3607/4173/2368 3599/4170/2360
f 3572/4174/2333 3599/4170/2360 3607/4173/2368
f 3607/4173/2368 3601/4175/2363 3572/4174/2333
f 3572/4174/2333 3601/4175/2363 3564/4117/2325
f 3565/4118/2326 3564/4117/2325 3601/4175/2363
f 3601/4175/2363 3574/4127/2335 3565/4118/2326
f 3601/4175/2363 3608/4176/2369 3574/4127/2335
f 3567/4120/2328 3574/4127/2335 3608/4176/2369
f 3608/4176/2369 3609/4177/2370 3567/4120/2328
f 3567/4120/2328 3609/4177/2370 3568/4121/2329
f 3568/4121/2329 3609/4177/2370 3610/4178/2371
f 3610/4178/2371 3600/4161/2361 3568/4121/2329
f 3611/4179/2372 3600/4161/2361 3610/4178/2371
f 3600/4161/2361 3611/4179/2372 3602/4162/2362
f 3602/4162/2362 3611/4179/2372 3612/4180/2373
f 3612/4180/2373 3613/4181/2374 3602/4162/2362
f 3608/4176/2369 3601/4175/2363 3602/4182/2362
f 3602/4182/2362 3614/4183/2375 3608/4176/2369
f 3609/4177/2370 3608/4176/2369 3614/4183/2375
f 3614/4183/2375 3610/4178/2371 3609/4177/2370
f 3615/4184/2376 3610/4178/2371 3614/4183/2375
f 3610/4178/2371 3615/4184/2376 3611/4179/2372
f 3612/4180/2373 3611/4179/2372 3615/4184/2376
f 3615/4184/2376 3616/4185/2377 3612/4180/2373
f 3613/4186/2374 3612/4180/2373 3616/4185/2377
f 3616/4185/2377 3617/4187/2378 3613/4186/2374
f 3617/4188/2378 3616/4185/2377 3615/4184/2376
f 3615/4184/2376 3614/4183/2375 3617/4188/2378
f 3617/4188/2378 3614/4183/2375 3602/4182/2362
f 3602/4182/2362 3613/4189/2374 3617/4188/2378
f 3618/4190/2379 3620/4191/2380 3619/4192/2381
f 3621/4193/2382 3623/4194/2383 3622/4195/2384
f 3623/4194/2383 3624/4196/2385 3622/4195/2384
f 3622/4195/2384 3624/4196/2385 3618/4190/2379
f 3618/4190/2379 3624/4196/2385 3625/4197/2386
f 3625/4197/2386 3620/4191/2380 3618/4190/2379
f 3626/4198/2387 3620/4191/2380 3625/4197/2386
f 3619/4192/2381 3620/4191/2380 3626/4198/2387
f 3626/4198/2387 3627/4199/2388 3619/4192/2381
f 3627/4199/2388 3626/4198/2387 3628/4200/2389
f 3628/4200/2389 3629/4201/2390 3627/4199/2388
f 3625/4197/2386 3624/4196/2385 3623/4194/2383
f 3625/4197/2386 3623/4194/2383 3621/4193/2382
f 3622/4195/2384 3630/4202/2391 3621/4193/2382
f 3631/4203/2392 3630/4202/2391 3622/4195/2384
f 3622/4195/2384 3632/4204/2393 3631/4203/2392
f 3633/4205/2394 3635/4206/2395 3634/4207/2396
f 3634/4207/2396 3636/4208/2397 3633/4205/2394
f 3637/4209/2398 3633/4205/2394 3636/4208/2397
f 3636/4208/2397 3638/4210/2399 3637/4209/2398
f 3638/4210/2399 3636/4208/2397 3631/4203/2392
f 3631/4203/2392 3636/4208/2397 3634/4207/2396
f 3634/4207/2396 3630/4202/2391 3631/4203/2392
f 3630/4202/2391 3634/4207/2396 3639/4211/2400
f 3639/4211/2400 3621/4193/2382 3630/4202/2391
f 3640/4212/2401 3621/4193/2382 3639/4211/2400
f 3621/4193/2382 3640/4212/2401 3625/4197/2386
f 3641/4213/2402 3625/4197/2386 3640/4212/2401
f 3625/4197/2386 3641/4213/2402 3626/4198/2387
f 3628/4200/2389 3626/4198/2387 3641/4213/2402
f 3641/4213/2402 3642/4214/2403 3628/4200/2389
f 3642/4214/2403 3641/4213/2402 3643/4215/2404
f 3643/4215/2404 3644/4216/2405 3642/4214/2403
f 3645/4217/2406 3644/4216/2405 3643/4215/2404
f 3639/4211/2400 3646/4218/2407 3640/4212/2401
f 3640/4212/2401 3646/4218/2407 3647/4219/2408
f 3647/4219/2408 3643/4215/2404 3640/4212/2401
f 3640/4212/2401 3643/4215/2404 3641/4213/2402
f 3643/4215/2404 3647/4219/2408 3645/4217/2406
f 3645/4217/2406 3647/4219/2408 3648/4220/2409
f 3648/4220/2409 3647/4219/2408 3646/4218/2407
f 3646/4218/2407 3649/4221/2410 3648/4220/2409
f 3649/4221/2410 3646/4218/2407 3639/4211/2400
f 3639/4211/2400 3650/4222/2411 3649/4221/2410
f 3650/4222/2411 3639/4211/2400 3634/4207/2396
f 3648/4220/2409 3651/4223/2412 3645/4217/2406
f 3651/4223/2412 3653/4224/2413 3652/4225/2414
f 3654/4226/2415 3653/4224/2413 3651/4223/2412
f 3651/4223/2412 3648/4220/2409 3654/4226/2415
f 3655/4227/2416 3654/4226/2415 3648/4220/2409
f 3648/4220/2409 3649/4221/2410 3655/4227/2416
f 3655/4227/2416 3649/4221/2410 3650/4222/2411
f 3656/4228/2417 3658/4229/2418 3657/4230/2419
f 3658/4229/2418 3659/4231/2420 3657/4230/2419
f 3659/4231/2420 3660/4232/2421 3657/4230/2419
f 3657/4230/2419 3660/4232/2421 3661/4233/2422
f 3661/4233/2422 3662/4234/2423 3657/4230/2419
f 3662/4234/2423 3661/4233/2422 3663/4235/2424
f 3664/4236/2425 3662/4234/2423 3663/4235/2424
f 3663/4235/2424 3652/4225/2414 3664/4236/2425
f 3653/4224/2413 3664/4236/2425 3652/4225/2414
f 3664/4236/2425 3653/4224/2413 3665/4237/2426
f 3665/4237/2426 3653/4224/2413 3654/4226/2415
f 3654/4226/2415 3666/4238/2427 3665/4237/2426
f 3666/4238/2427 3654/4226/2415 3655/4227/2416
f 3655/4227/2416 3667/4239/2428 3666/4238/2427
f 3667/4239/2428 3655/4227/2416 3668/4240/2429
f 3650/4222/2411 3668/4240/2429 3655/4227/2416
f 3668/4240/2429 3650/4222/2411 3635/4206/2395
f 3634/4207/2396 3635/4206/2395 3650/4222/2411
f 3669/4241/2430 3670/4242/2431 3665/4237/2426
f 3665/4237/2426 3670/4242/2431 3664/4236/2425
f 3670/4242/2431 3671/4243/2432 3664/4236/2425
f 3662/4234/2423 3664/4236/2425 3671/4243/2432
f 3671/4243/2432 3656/4228/2417 3662/4234/2423
f 3657/4230/2419 3662/4234/2423 3656/4228/2417
f 3672/4244/2433 3674/4245/2434 3673/4246/2435
f 3673/4246/2435 3675/4247/2436 3672/4244/2433
f 3675/4247/2436 3676/4248/2437 3672/4244/2433
f 3677/4249/2438 3676/4248/2437 3675/4247/2436
f 3678/4250/2439 3676/4248/2437 3677/4249/2438
f 3677/4249/2438 3679/4251/2440 3678/4250/2439
f 3680/4252/2441 3678/4250/2439 3679/4251/2440
f 3679/4251/2440 3681/4253/2442 3680/4252/2441
f 3680/4252/2441 3681/4253/2442 3668/4240/2429
f 3668/4240/2429 3681/4253/2442 3682/4254/2443
f 3667/4239/2428 3668/4240/2429 3682/4254/2443
f 3667/4239/2428 3682/4254/2443 3683/4255/2444
f 3683/4255/2444 3666/4238/2427 3667/4239/2428
f 3666/4238/2427 3683/4255/2444 3684/4256/2445
f 3684/4256/2445 3665/4237/2426 3666/4238/2427
f 3684/4256/2445 3685/4257/2446 3665/4237/2426
f 3665/4237/2426 3685/4257/2446 3669/4241/2430
f 3685/4257/2446 3686/4258/2447 3669/4241/2430
f 3687/4259/2448 3675/4247/2436 3673/4246/2435
f 3675/4247/2436 3687/4259/2448 3677/4249/2438
f 3688/4260/2449 3689/4261/2450 3679/4251/2440
f 3689/4261/2450 3682/4254/2443 3679/4251/2440
f 3682/4254/2443 3681/4253/2442 3679/4251/2440
f 3688/4260/2449 3691/4262/2451 3690/4263/2452
f 3689/4261/2450 3688/4260/2449 3690/4263/2452
f 3690/4263/2452 3692/4264/2453 3689/4261/2450
f 3682/4254/2443 3689/4261/2450 3692/4264/2453
f 3692/4264/2453 3683/4255/2444 3682/4254/2443
f 3692/4264/2453 3684/4256/2445 3683/4255/2444
f 3693/4265/2454 3684/4256/2445 3692/4264/2453
f 3692/4264/2453 3690/4263/2452 3693/4265/2454
f 3693/4265/2454 3690/4263/2452 3694/4266/2455
f 3694/4266/2455 3690/4263/2452 3691/4262/2451
f 3691/4262/2451 3695/4267/2456 3694/4266/2455
f 3694/4266/2455 3696/4268/2457 3693/4265/2454
f 3696/4269/2457 3694/4270/2455 3695/4267/2456
f 3695/4267/2456 3697/4271/2458 3696/4269/2457
f 3697/4271/2458 3695/4267/2456 3691/4262/2451
f 3691/4262/2451 3698/4272/2459 3697/4271/2458
f 3698/4272/2459 3691/4262/2451 3688/4260/2449
f 3688/4260/2449 3699/4273/2460 3698/4272/2459
f 3679/4251/2440 3699/4273/2460 3688/4260/2449
f 3699/4273/2460 3679/4251/2440 3684/4274/2445
f 3684/4274/2445 3679/4251/2440 3677/4249/2438
f 3677/4249/2438 3700/4275/2461 3684/4274/2445
f 3677/4249/2438 3687/4259/2448 3700/4275/2461
f 3701/4276/2462 3700/4275/2461 3687/4259/2448
f 3687/4259/2448 3702/4277/2463 3701/4276/2462
f 3673/4246/2435 3702/4277/2463 3687/4259/2448
f 3702/4277/2463 3673/4246/2435 3674/4278/2434
f 3674/4278/2434 3701/4279/2462 3702/4277/2463
f 3684/4274/2445 3693/4280/2454 3699/4273/2460
f 3698/4272/2459 3699/4273/2460 3693/4280/2454
f 3697/4271/2458 3698/4272/2459 3693/4280/2454
f 3693/4280/2454 3696/4281/2457 3697/4271/2458
f 3703/4282/2464 3705/4283/2465 3704/4284/2466
f 3704/4284/2466 3706/4285/2467 3703/4282/2464
f 3703/4282/2464 3706/4285/2467 3707/4286/2468
f 3707/4286/2468 3708/4287/2469 3703/4282/2464
f 3708/4287/2469 3707/4286/2468 3709/4288/2470
f 3709/4288/2470 3710/4289/2471 3708/4287/2469
f 3711/4290/2472 3710/4289/2471 3709/4288/2470
f 3709/4288/2470 3712/4291/2473 3711/4290/2472
f 3713/4292/2474 3711/4290/2472 3712/4291/2473
f 3712/4291/2473 3714/4293/2475 3713/4292/2474
f 3715/4294/2476 3713/4292/2474 3714/4293/2475
f 3714/4293/2475 3716/4295/2477 3715/4294/2476
f 3715/4294/2476 3716/4295/2477 3704/4296/2466
f 3704/4296/2466 3705/4297/2465 3715/4294/2476
f 3717/4298/2478 3715/4299/2476 3705/4300/2465
f 3717/4298/2478 3705/4300/2465 3703/4301/2464
f 3717/4298/2478 3703/4301/2464 3708/4302/2469
f 3717/4298/2478 3708/4302/2469 3710/4303/2471
f 3717/4298/2478 3710/4303/2471 3711/4304/2472
f 3717/4298/2478 3711/4304/2472 3713/4305/2474
f 3717/4298/2478 3713/4305/2474 3715/4299/2476
f 3718/4306/2479 3714/4307/2475 3712/4308/2473
f 3718/4306/2479 3712/4308/2473 3709/4309/2470
f 3718/4306/2479 3709/4309/2470 3707/4310/2468
f 3718/4306/2479 3707/4310/2468 3706/4311/2467
f 3718/4306/2479 3706/4311/2467 3704/4312/2466
f 3718/4306/2479 3704/4312/2466 3716/4313/2477
f 3718/4306/2479 3716/4313/2477 3714/4307/2475
f 3719/4314/2480 3721/4315/2481 3720/4316/2482
f 3720/4316/2482 3722/4317/2483 3719/4314/2480
f 3723/4318/2484 3725/4319/2485 3724/4320/2486
f 3724/4320/2486 3725/4319/2485 3726/4321/2487
f 3724/4320/2486 3726/4321/2487 3727/4322/2488
f 3727/4322/2488 3728/4323/2489 3724/4320/2486
f 3728/4323/2489 3727/4322/2488 3729/4324/2490
f 3728/4323/2489 3729/4324/2490 3730/4325/2491
f 3730/4325/2491 3729/4324/2490 3731/4326/2492
f 3731/4326/2492 3732/4327/2493 3730/4325/2491
f 3732/4327/2493 3731/4326/2492 3719/4314/2480
f 3719/4314/2480 3722/4317/2483 3732/4327/2493
f 3732/4327/2493 3722/4317/2483 3733/4328/2494
f 3733/4328/2494 3722/4317/2483 3720/4316/2482
f 3720/4316/2482 3734/4329/2495 3733/4328/2494
f 3735/4330/2496 3734/4329/2495 3720/4316/2482
f 3629/4201/2390 3735/4330/2496 3720/4316/2482
f 3627/4199/2388 3629/4201/2390 3720/4316/2482
f 3720/4316/2482 3721/4315/2481 3627/4199/2388
f 3721/4315/2481 3619/4192/2381 3627/4199/2388
f 3724/4320/2486 3728/4323/2489 3723/4318/2484
f 3730/4325/2491 3723/4318/2484 3728/4323/2489
f 3727/4322/2488 3726/4321/2487 3736/4331/2497
f 3736/4331/2497 3737/4332/2498 3727/4322/2488
f 3737/4332/2498 3729/4324/2490 3727/4322/2488
f 3731/4326/2492 3729/4324/2490 3737/4332/2498
f 3733/4328/2494 3738/4333/2499 3732/4327/2493
f 3732/4327/2493 3738/4333/2499 3730/4325/2491
f 3730/4325/2491 3738/4333/2499 3723/4334/2484
f 3739/4335/2500 3741/4336/2501 3740/4337/2502
f 3740/4337/2502 3742/4338/2503 3739/4335/2500
f 3743/4339/2504 3742/4338/2503 3740/4337/2502
f 3742/4338/2503 3743/4339/2504 3744/4340/2505
f 3721/4315/2481 3744/4340/2505 3743/4339/2504
f 3745/4341/2506 3744/4340/2505 3721/4315/2481
f 3745/4341/2506 3721/4315/2481 3719/4314/2480
f 3719/4314/2480 3746/4342/2507 3745/4341/2506
f 3746/4342/2507 3719/4314/2480 3731/4326/2492
f 3731/4326/2492 3747/4343/2508 3746/4342/2507
f 3737/4332/2498 3747/4343/2508 3731/4326/2492
f 3748/4344/2509 3747/4343/2508 3737/4332/2498
f 3737/4332/2498 3736/4331/2497 3748/4344/2509
f 3748/4344/2509 3736/4331/2497 3749/4345/2510
f 3736/4331/2497 3726/4321/2487 3749/4345/2510
f 3750/4346/2511 3749/4345/2510 3726/4321/2487
f 3750/4346/2511 3726/4321/2487 3725/4347/2485
f 3751/4348/2512 3750/4346/2511 3725/4347/2485
f 3746/4342/2507 3747/4343/2508 3748/4344/2509
f 3740/4337/2502 3752/4349/2513 3743/4339/2504
f 3721/4315/2481 3743/4339/2504 3752/4349/2513
f 3748/4344/2509 3749/4345/2510 3753/4350/2514
f 3754/4351/2515 3748/4344/2509 3753/4350/2514
f 3748/4344/2509 3754/4351/2515 3746/4342/2507
f 3745/4341/2506 3746/4342/2507 3754/4351/2515
f 3754/4351/2515 3742/4338/2503 3745/4341/2506
f 3742/4338/2503 3744/4340/2505 3745/4341/2506
f 3725/4347/2485 3723/4352/2484 3751/4348/2512
f 3751/4348/2512 3723/4352/2484 3738/4353/2499
f 3755/4354/2516 3739/4335/2500 3742/4338/2503
f 3742/4338/2503 3754/4351/2515 3755/4354/2516
f 3754/4351/2515 3753/4350/2514 3755/4354/2516
f 3752/4349/2513 3619/4192/2381 3721/4315/2481
f 3619/4192/2381 3752/4349/2513 3618/4190/2379
f 3618/4190/2379 3752/4349/2513 3740/4337/2502
f 3618/4190/2379 3740/4337/2502 3622/4195/2384
f 3741/4336/2501 3622/4195/2384 3740/4337/2502
f 3632/4204/2393 3622/4195/2384 3741/4336/2501
f 3756/4355/2517 3632/4204/2393 3741/4336/2501
f 3741/4336/2501 3739/4335/2500 3756/4355/2517
f 3756/4355/2517 3739/4335/2500 3757/4356/2518
f 3757/4356/2518 3739/4335/2500 3755/4354/2516
f 3755/4354/2516 3758/4357/2519 3757/4356/2518
f 3758/4357/2519 3755/4354/2516 3753/4350/2514
f 3753/4350/2514 3759/4358/2520 3758/4357/2519
f 3760/4359/2521 3759/4358/2520 3753/4350/2514
f 3759/4358/2520 3760/4359/2521 3761/4360/2522
f 3761/4360/2522 3760/4359/2521 3750/4346/2511
f 3750/4346/2511 3760/4359/2521 3749/4345/2510
f 3753/4350/2514 3749/4345/2510 3760/4359/2521
f 3761/4360/2522 3762/4361/2523 3759/4358/2520
f 3758/4357/2519 3759/4358/2520 3762/4361/2523
f 3762/4361/2523 3763/4362/2524 3758/4357/2519
f 3757/4356/2518 3758/4357/2519 3763/4362/2524
f 3750/4346/2511 3751/4348/2512 3761/4360/2522
f 3761/4360/2522 3751/4348/2512 3738/4353/2499
f 3762/4361/2523 3761/4360/2522 3738/4353/2499
f 3762/4361/2523 3738/4353/2499 3733/4363/2494
f 3733/4363/2494 3763/4362/2524 3762/4361/2523
f 3764/4364/2525 3763/4362/2524 3733/4363/2494
f 3763/4362/2524 3764/4364/2525 3757/4356/2518
f 3757/4356/2518 3764/4364/2525 3765/4365/2526
f 3765/4365/2526 3756/4355/2517 3757/4356/2518
f 3756/4355/2517 3765/4365/2526 3766/4366/2527
f 3766/4366/2527 3632/4204/2393 3756/4355/2517
f 3766/4366/2527 3767/4367/2528 3632/4204/2393
f 3631/4203/2392 3632/4204/2393 3767/4367/2528
f 3767/4367/2528 3768/4368/2529 3631/4203/2392
f 3631/4203/2392 3768/4368/2529 3638/4210/2399
f 3638/4210/2399 3768/4368/2529 3644/4369/2405
f 3644/4369/2405 3645/4370/2406 3638/4210/2399
f 3637/4209/2398 3638/4210/2399 3645/4370/2406
f 3644/4369/2405 3768/4368/2529 3767/4367/2528
f 3767/4367/2528 3642/4371/2403 3644/4369/2405
f 3628/4372/2389 3642/4371/2403 3767/4367/2528
f 3767/4367/2528 3766/4366/2527 3628/4372/2389
f 3766/4366/2527 3629/4373/2390 3628/4372/2389
f 3629/4373/2390 3766/4366/2527 3735/4374/2496
f 3765/4365/2526 3735/4374/2496 3766/4366/2527
f 3734/4375/2495 3735/4374/2496 3765/4365/2526
f 3765/4365/2526 3764/4364/2525 3734/4375/2495
f 3733/4363/2494 3734/4375/2495 3764/4364/2525
f 3645/4370/2406 3651/4376/2412 3637/4209/2398
f 3637/4209/2398 3651/4376/2412 3652/4377/2414
f 3633/4205/2394 3637/4209/2398 3652/4377/2414
f 3652/4377/2414 3769/4378/2530 3633/4205/2394
f 3633/4205/2394 3769/4378/2530 3770/4379/2531
f 3769/4378/2530 3771/4380/2532 3770/4379/2531
f 3770/4379/2531 3771/4380/2532 3772/4381/2533
f 3772/4381/2533 3771/4380/2532 3773/4382/2534
f 3773/4382/2534 3656/4383/2417 3772/4381/2533
f 3656/4383/2417 3773/4382/2534 3774/4384/2535
f 3774/4384/2535 3658/4385/2418 3656/4383/2417
f 3659/4386/2420 3658/4385/2418 3774/4384/2535
f 3659/4386/2420 3774/4384/2535 3660/4387/2421
f 3661/4388/2422 3660/4387/2421 3774/4384/2535
f 3774/4384/2535 3773/4382/2534 3661/4388/2422
f 3661/4388/2422 3773/4382/2534 3771/4380/2532
f 3771/4380/2532 3663/4389/2424 3661/4388/2422
f 3771/4380/2532 3769/4378/2530 3663/4389/2424
f 3652/4377/2414 3663/4389/2424 3769/4378/2530
f 3770/4379/2531 3772/4381/2533 3775/4390/2536
f 3670/4391/2431 3775/4390/2536 3772/4381/2533
f 3671/4392/2432 3670/4391/2431 3772/4381/2533
f 3772/4381/2533 3656/4383/2417 3671/4392/2432
f 3776/4393/2537 3777/4394/2538 3680/4252/2441
f 3668/4240/2429 3776/4393/2537 3680/4252/2441
f 3635/4206/2395 3776/4393/2537 3668/4240/2429
f 3635/4206/2395 3778/4395/2539 3776/4393/2537
f 3635/4206/2395 3633/4205/2394 3778/4395/2539
f 3770/4379/2531 3778/4395/2539 3633/4205/2394
f 3776/4393/2537 3778/4395/2539 3770/4379/2531
f 3770/4379/2531 3775/4390/2536 3776/4393/2537
f 3775/4390/2536 3777/4394/2538 3776/4393/2537
f 3777/4394/2538 3775/4390/2536 3670/4391/2431
f 3670/4391/2431 3669/4396/2430 3777/4394/2538
f 3779/4397/2540 3777/4394/2538 3669/4396/2430
f 3686/4398/2447 3779/4397/2540 3669/4396/2430
f 3779/4397/2540 3686/4398/2447 3780/4399/2541
f 3780/4399/2541 3781/4400/2542 3779/4397/2540
f 3781/4400/2542 3780/4399/2541 3782/4401/2543
f 3783/4402/2544 3781/4400/2542 3782/4401/2543
f 3782/4401/2543 3784/4403/2545 3783/4402/2544
f 3783/4402/2544 3785/4404/2546 3685/4405/2446
f 3685/4405/2446 3678/4250/2439 3783/4402/2544
f 3781/4400/2542 3783/4402/2544 3678/4250/2439
f 3678/4250/2439 3779/4397/2540 3781/4400/2542
f 3779/4397/2540 3678/4250/2439 3680/4252/2441
f 3680/4252/2441 3777/4394/2538 3779/4397/2540
f 3784/4403/2545 3782/4401/2543 3786/4406/2547
f 3786/4406/2547 3782/4401/2543 3780/4399/2541
f 3780/4399/2541 3787/4407/2548 3786/4406/2547
f 3784/4403/2545 3785/4404/2546 3783/4402/2544
f 3788/4408/2549 3785/4404/2546 3784/4403/2545
f 3784/4403/2545 3789/4409/2550 3788/4408/2549
f 3786/4406/2547 3789/4409/2550 3784/4403/2545
f 3789/4409/2550 3786/4406/2547 3787/4410/2548
f 3787/4410/2548 3788/4411/2549 3789/4409/2550
f 3685/4405/2446 3672/4244/2433 3676/4248/2437
f 3676/4248/2437 3678/4250/2439 3685/4405/2446
f 3790/4412/2551 3792/4413/2552 3791/4414/2553
f 3701/4415/2462 3674/4416/2434 3672/4417/2433
f 3672/4417/2433 3700/4418/2461 3701/4415/2462
f 3700/4418/2461 3672/4417/2433 3685/4257/2446
f 3685/4257/2446 3684/4256/2445 3700/4418/2461
f 3686/4258/2447 3685/4257/2446 3785/4419/2546
f 3785/4419/2546 3780/4420/2541 3686/4258/2447
f 3787/4421/2548 3780/4420/2541 3785/4419/2546
f 3785/4419/2546 3788/4422/2549 3787/4421/2548
f 3300/4423/2059 3284/4424/2043 3298/4425/2057
f 3298/4425/2057 3284/4424/2043 3283/4426/2042
f 3283/4426/2042 3296/4427/2055 3298/4425/2057
f 3283/4426/2042 3282/4428/2041 3296/4427/2055
f 3295/4429/2054 3296/4427/2055 3282/4428/2041
f 3282/4428/2041 3281/4430/2040 3295/4429/2054
f 3295/4429/2054 3281/4430/2040 3280/4431/2039
f 3294/4432/2053 3295/4429/2054 3280/4431/2039
f 3280/4431/2039 3793/4433/2554 3294/4432/2053
f 3280/4431/2039 3794/4434/2555 3793/4433/2554
f 3794/4434/2555 3795/4435/2556 3793/4433/2554
f 3794/4434/2555 3796/4436/2557 3795/4435/2556
f 3279/3781/2038 3797/4437/2558 3280/4438/2039
f 3798/4439/2559 3800/4440/2560 3799/4441/2561
f 3799/4441/2561 3801/4442/2562 3798/4439/2559
f 3800/4440/2560 3803/4443/2563 3802/4444/2564
f 3802/4444/2564 3799/4441/2561 3800/4440/2560
f 3803/4443/2563 3805/4445/2565 3804/4446/2566
f 3804/4446/2566 3802/4444/2564 3803/4443/2563
f 3806/4447/2567 3808/4448/2568 3807/4449/2569
f 3807/4449/2569 3809/4450/2570 3806/4447/2567
f 3809/4450/2570 3807/4449/2569 3810/4451/2571
f 3811/4452/2572 3791/4414/2553 3801/4442/2562
f 3790/4412/2551 3791/4414/2553 3811/4452/2572
f 3811/4452/2572 3812/4453/2573 3790/4412/2551
f 3812/4453/2573 3811/4452/2572 3813/4454/2574
f 3813/4454/2574 3814/4455/2575 3812/4453/2573
f 3810/4451/2571 3814/4455/2575 3813/4454/2574
f 3813/4454/2574 3815/4456/2576 3810/4451/2571
f 3810/4451/2571 3815/4456/2576 3809/4450/2570
f 3809/4450/2570 3815/4456/2576 3799/4441/2561
f 3799/4441/2561 3802/4444/2564 3809/4450/2570
f 3806/4447/2567 3809/4450/2570 3802/4444/2564
f 3802/4444/2564 3804/4446/2566 3806/4447/2567
f 3808/4448/2568 3806/4447/2567 3804/4446/2566
f 3804/4446/2566 3805/4445/2565 3808/4448/2568
f 3799/4441/2561 3815/4456/2576 3813/4454/2574
f 3813/4454/2574 3801/4442/2562 3799/4441/2561
f 3801/4442/2562 3813/4454/2574 3811/4452/2572
f 3816/4457/2577 3797/4437/2558 3279/3781/2038
f 3279/3781/2038 3286/3788/2045 3816/4457/2577
f 3817/4458/2578 3816/4457/2577 3286/3788/2045
f 3286/3788/2045 3302/3804/2061 3817/4458/2578
f 3818/4459/2579 3817/4458/2578 3302/3804/2061
f 3302/3804/2061 3303/3805/2062 3818/4459/2579
f 3819/4460/2580 3818/4459/2579 3303/3805/2062
f 3303/3805/2062 3292/3794/2051 3819/4460/2580
f 3819/4460/2580 3292/3794/2051 3293/3795/2052
f 3293/3795/2052 3304/3809/2063 3819/4460/2580
f 3791/4414/2553 3792/4413/2552 3798/4439/2559
f 3798/4439/2559 3801/4442/2562 3791/4414/2553
f 2953/4461/1712 3821/4462/2581 3820/4463/2582
f 3820/4463/2582 2950/4464/1709 2953/4461/1712
f 3822/4465/2583 2952/4466/1710 2950/4467/1709
f 2950/4467/1709 3820/4463/2582 3822/4465/2583
f 3823/4468/2584 2951/4469/1711 2952/4466/1710
f 2952/4466/1710 3822/4465/2583 3823/4468/2584
f 3821/4462/2581 3823/4468/2584 3822/4465/2583
f 3822/4465/2583 3820/4463/2582 3821/4462/2581
f 3821/4462/2581 2953/4470/1712 2951/4469/1711
f 2951/4469/1711 3823/4468/2584 3821/4462/2581
f 2997/4471/1757 2948/3374/1708 2949/3373/1707
f 2949/3373/1707 2996/4472/1755 2997/4471/1757
f 2998/4473/1756 2947/3372/1706 2948/3374/1708
f 2948/3374/1708 2997/4471/1757 2998/4473/1756
f 2947/3372/1706 2998/4474/1756 2996/4475/1755
f 2996/4475/1755 2949/3373/1707 2947/3372/1706
f 3557/4110/2318 3593/4476/2354 3556/4109/2317
f 3593/4476/2354 3592/4477/2353 3556/4109/2317
f 3556/4109/2317 3592/4477/2353 3586/4478/2347
f 3586/4478/2347 3554/4107/2315 3556/4109/2317
f 3554/4107/2315 3586/4478/2347 3587/4479/2349
f 3587/4479/2349 3552/4105/2313 3554/4107/2315
f 3587/4479/2349 3584/4480/2345 3552/4105/2313
f 3552/4105/2313 3584/4480/2345 3564/4117/2325
f 3564/4117/2325 3584/4480/2345 3583/4481/2344
f 3583/4481/2344 3572/4174/2333 3564/4117/2325
f 3582/4482/2343 3572/4174/2333 3583/4481/2344
f 3573/4483/2334 3572/4174/2333 3582/4482/2343
f 3582/4482/2343 3581/4484/2342 3573/4483/2334
f 3573/4483/2334 3581/4484/2342 3576/4485/2338
f 3576/4485/2338 3577/4486/2337 3573/4483/2334
f 3794/4487/2555 3280/4438/2039 3797/4437/2558
f 3797/4437/2558 3816/4457/2577 3794/4487/2555
f 3796/4488/2557 3794/4487/2555 3816/4457/2577
f 3816/4457/2577 3817/4458/2578 3796/4488/2557
f 3795/4489/2556 3796/4488/2557 3817/4458/2578
f 3817/4458/2578 3818/4459/2579 3795/4489/2556
f 3793/4490/2554 3795/4489/2556 3818/4459/2579
f 3818/4459/2579 3819/4460/2580 3793/4490/2554
f 3793/4490/2554 3819/4460/2580 3304/3809/2063
f 3304/3809/2063 3294/3808/2053 3793/4490/2554
o Stikkbomb_2_Object0.004
v 0.157305 1.338414 0.258360
v 0.149855 1.470887 0.263228
v 0.144759 1.491453 0.176116
v 0.130932 1.336944 0.259648
v 0.016515 1.485068 0.182924
v 0.021608 1.464503 0.270038
v 0.029059 1.332030 0.265170
v 0.120861 1.375807 0.104166
v 0.118385 1.489983 0.177404
v 0.147234 1.377276 0.102877
v 0.052602 1.333341 0.264020
v 0.045152 1.465814 0.268888
v 0.040059 1.486380 0.181774
v 0.018991 1.370892 0.109686
v 0.042534 1.372203 0.108536
v 0.123481 1.469417 0.264517
v 0.081995 1.493900 0.056614
v 0.053316 1.483101 0.057077
v 0.080448 1.464144 0.283495
v 0.064277 1.399896 0.276809
v 0.048508 1.430350 0.051070
v 0.069411 1.415638 0.048035
v 0.093204 1.387234 0.273529
v 0.099771 1.419541 0.046646
v 0.117485 1.441080 0.048136
v 0.118191 1.464877 0.050935
v 0.132587 1.417730 0.274765
v 0.106528 1.483323 0.053852
v 0.130055 1.443253 0.277968
v 0.111019 1.463233 0.281518
v 0.129401 1.411374 0.373977
v 0.117192 1.392433 0.372470
v 0.122373 1.426664 0.276456
v 0.054180 1.428550 0.280849
v 0.065940 1.422585 0.279418
v 0.062329 1.449971 0.282910
v 0.069439 1.440534 0.281348
v 0.073275 1.408111 0.277241
v 0.118351 1.396224 0.273066
v 0.116442 1.410632 0.274904
v 0.105396 1.401512 0.274489
v 0.087129 1.399589 0.275376
v 0.081826 1.452239 0.281989
v 0.111112 1.442204 0.378622
v 0.092755 1.442367 0.379695
v 0.065305 1.419842 0.378408
v 0.077869 1.442379 0.380513
v 0.101195 1.450672 0.380346
v 0.125174 1.430553 0.376456
v 0.075240 1.403756 0.376199
v 0.093873 1.388088 0.373302
v 0.138465 1.412185 0.373795
v 0.131864 1.435006 0.376900
v 0.075710 1.428933 0.379108
v 0.095783 1.378319 0.371831
v 0.080077 1.384958 0.373428
v 0.116028 1.380813 0.371114
v 0.118159 1.446539 0.378991
v 0.130606 1.392457 0.371795
v 0.132685 1.388069 0.405528
v 0.068659 1.398059 0.375594
v 0.066270 1.411150 0.411675
v 0.075638 1.385669 0.408108
v 0.112649 1.374945 0.404943
v 0.094005 1.375049 0.405894
v 0.080180 1.364968 0.405365
v 0.100798 1.332995 0.503490
v 0.071897 1.344364 0.510386
v 0.139580 1.407479 0.407538
v 0.137025 1.424662 0.409754
v 0.151121 1.427675 0.409410
v 0.061019 1.381091 0.408286
v 0.122623 1.441357 0.412507
v 0.140838 1.444484 0.411969
v 0.103895 1.359190 0.403468
v 0.143847 1.379685 0.403947
v 0.128124 1.366148 0.403094
v 0.052797 1.403932 0.411476
v 0.055406 1.427573 0.414215
v 0.125555 1.334035 0.506876
v 0.049615 1.419036 0.521023
v 0.058862 1.436481 0.520349
v 0.105568 1.460649 0.415708
v 0.085951 1.457544 0.416319
v 0.102371 1.461289 0.521227
v 0.045319 1.399386 0.518382
v 0.068977 1.447221 0.415919
v 0.078695 1.453357 0.523258
v 0.049081 1.375115 0.513443
v 0.057833 1.358690 0.513280
v 0.120930 1.460724 0.522497
v 0.123938 1.447215 0.700498
v 0.049056 1.392136 0.697577
v 0.047799 1.364041 0.694228
v 0.056900 1.338809 0.690705
v 0.079564 1.314304 0.686587
v 0.177042 1.332127 0.683846
v 0.159647 1.356098 0.687634
v 0.142256 1.336590 0.686145
v 0.189216 1.356175 0.686153
v 0.164365 1.381684 0.690510
v 0.065795 1.424659 0.700684
v 0.077695 1.391771 0.696095
v 0.094037 1.412127 0.697744
v 0.191461 1.384215 0.689446
v 0.086231 1.344306 0.689905
v 0.178877 1.418373 0.694228
v 0.153438 1.404375 0.693810
v 0.113395 1.331026 0.686920
v 0.120290 1.302771 0.683136
v 0.150147 1.440846 0.698405
v 0.135210 1.417514 0.696327
v 0.155994 1.313210 0.682607
v 0.075133 1.369154 0.693474
v 0.092765 1.360179 0.751005
v 0.109881 1.340801 0.747785
v 0.129291 1.339426 0.746637
v 0.098220 1.386438 0.753917
v 0.098700 1.454595 0.281239
v 0.114889 1.446106 0.279236
v 0.076382 1.434862 0.414046
v 0.098364 1.446469 0.414349
v 0.124842 1.456063 0.414181
v 0.154104 1.403569 0.406331
v 0.140233 1.454870 0.520368
v 0.160224 1.439297 0.517481
v 0.143778 1.341691 0.504747
v 0.174788 1.386510 0.506376
v 0.162859 1.357313 0.510908
v 0.172652 1.417269 0.514189
v 0.097118 1.443793 0.701432
v 0.152354 1.368793 0.749042
v 0.145962 1.349514 0.747029
v 0.113486 1.419255 0.697629
v 0.132828 1.396161 0.753349
v 0.146763 1.385899 0.751404
v 0.040036 1.455591 0.054602
v 0.116227 1.397367 0.754333
vt 0.122615 0.014322
vt 0.131068 0.039848
vt 0.123109 0.038532
vt 0.120658 0.014722
vt 0.105452 0.039687
vt 0.111497 0.021277
vt 0.112043 0.037813
vt 0.043983 0.093035
vt 0.060386 0.122233
vt 0.043983 0.132954
vt 0.136850 0.018636
vt 0.133489 0.042109
vt 0.130367 0.043970
vt 0.046583 0.091983
vt 0.031388 0.121546
vt 0.031247 0.098983
vt 0.099431 0.025217
vt 0.101959 0.023626
vt 0.112515 0.040726
vt 0.106118 0.042503
vt 0.114873 0.037594
vt 0.121100 0.038548
vt 0.060538 0.099949
vt 0.139758 0.020639
vt 0.122741 0.042397
vt 0.046583 0.132401
vt 0.103570 0.039727
vt 0.114160 0.017978
vt 0.150376 0.465804
vt 0.144834 0.465825
vt 0.147659 0.492000
vt 0.133795 0.492047
vt 0.134435 0.465861
vt 0.129780 0.465874
vt 0.128054 0.492065
vt 0.124239 0.465892
vt 0.163550 0.465762
vt 0.159215 0.465776
vt 0.162907 0.491948
vt 0.155233 0.465789
vt 0.158233 0.491963
vt 0.153202 0.491981
vt 0.446739 0.210039
vt 0.441381 0.213715
vt 0.448897 0.236895
vt 0.133160 0.381383
vt 0.130568 0.377340
vt 0.130712 0.381979
vt 0.133324 0.385552
vt 0.131087 0.384355
vt 0.129570 0.380605
vt 0.123752 0.385304
vt 0.125330 0.389377
vt 0.126201 0.385489
vt 0.124271 0.380676
vt 0.126097 0.383217
vt 0.126658 0.377340
vt 0.126672 0.381515
vt 0.128110 0.380306
vt 0.130497 0.386444
vt 0.462295 0.227717
vt 0.466343 0.224948
vt 0.455802 0.203836
vt 0.470707 0.221961
vt 0.460166 0.200850
vt 0.047487 0.309667
vt 0.047388 0.307212
vt 0.043105 0.307918
vt 0.041815 0.312926
vt 0.040313 0.312878
vt 0.044429 0.309647
vt 0.047916 0.324002
vt 0.043840 0.324024
vt 0.043809 0.326431
vt 0.040728 0.322290
vt 0.041328 0.319032
vt 0.050579 0.318644
vt 0.051793 0.319389
vt 0.051793 0.314719
vt 0.050093 0.324205
vt 0.039846 0.317591
vt 0.052038 0.075951
vt 0.052070 0.070701
vt 0.039547 0.075948
vt 0.052109 0.043595
vt 0.052136 0.038127
vt 0.039614 0.042471
vt 0.039628 0.035732
vt 0.052124 0.033817
vt 0.052117 0.029603
vt 0.039610 0.025889
vt 0.039627 0.030483
vt 0.052103 0.024580
vt 0.039583 0.019993
vt 0.739321 0.426115
vt 0.756133 0.434000
vt 0.755645 0.421358
vt 0.096038 0.292109
vt 0.093255 0.290468
vt 0.092171 0.293643
vt 0.102323 0.278194
vt 0.105617 0.280519
vt 0.103691 0.274988
vt 0.103356 0.283205
vt 0.091039 0.286035
vt 0.089767 0.290185
vt 0.105617 0.286513
vt 0.102610 0.287651
vt 0.099583 0.291633
vt 0.100535 0.294795
vt 0.103455 0.291864
vt 0.098424 0.274432
vt 0.100189 0.271658
vt 0.096109 0.270858
vt 0.740096 0.439076
vt 0.756784 0.444584
vt 0.739321 0.386865
vt 0.754392 0.386306
vt 0.754597 0.377665
vt 0.739321 0.352891
vt 0.739321 0.363466
vt 0.754847 0.356775
vt 0.754289 0.394894
vt 0.739321 0.374052
vt 0.754486 0.366837
vt 0.739321 0.399659
vt 0.754905 0.405206
vt 0.739321 0.412724
vt 0.754905 0.412216
vt 0.755003 0.349046
vt 0.782879 0.350793
vt 0.782621 0.388565
vt 0.781716 0.400628
vt 0.782104 0.410829
vt 0.780716 0.423504
vt 0.828929 0.288476
vt 0.820353 0.310213
vt 0.825734 0.315488
vt 0.816443 0.287086
vt 0.813480 0.309072
vt 0.799431 0.360074
vt 0.811671 0.336888
vt 0.806075 0.331961
vt 0.797354 0.284924
vt 0.832778 0.352307
vt 0.836931 0.332571
vt 0.824246 0.333485
vt 0.795035 0.302194
vt 0.807539 0.312885
vt 0.827512 0.324623
vt 0.836825 0.313559
vt 0.794255 0.316302
vt 0.795283 0.332605
vt 0.804219 0.318893
vt 0.833984 0.293850
vt 0.811661 0.357880
vt 0.246968 0.095738
vt 0.246968 0.090268
vt 0.236101 0.091968
vt 0.236101 0.084471
vt 0.246968 0.084586
vt 0.236101 0.079339
vt 0.246968 0.079556
vt 0.246968 0.100422
vt 0.236101 0.100143
vt 0.143498 0.492013
vt 0.139337 0.492026
vt 0.167581 0.491932
vt 0.172411 0.491918
vt 0.168600 0.465745
vt 0.081550 0.403107
vt 0.086227 0.407920
vt 0.085740 0.402383
vt 0.131995 0.389240
vt 0.129190 0.387632
vt 0.128494 0.391320
vt 0.127539 0.387461
vt 0.474592 0.219302
vt 0.465318 0.197321
vt 0.471334 0.193202
vt 0.451437 0.206824
vt 0.458247 0.230487
vt 0.453883 0.233474
vt 0.429930 0.221553
vt 0.437058 0.244999
vt 0.441424 0.242015
vt 0.435748 0.217572
vt 0.444825 0.239688
vt 0.047355 0.326602
vt 0.050521 0.310424
vt 0.049852 0.312845
vt 0.052101 0.049965
vt 0.039606 0.048841
vt 0.039565 0.054959
vt 0.039579 0.070855
vt 0.039558 0.066545
vt 0.052057 0.064806
vt 0.039553 0.061077
vt 0.052045 0.060368
vt 0.052058 0.056058
vt 0.088494 0.280815
vt 0.088476 0.285680
vt 0.052073 0.019985
vt 0.096101 0.295802
vt 0.094024 0.275415
vt 0.092250 0.272909
vt 0.089820 0.276330
vt 0.091173 0.279952
vt 0.755721 0.340294
vt 0.756291 0.329811
vt 0.739321 0.331850
vt 0.780231 0.439524
vt 0.739321 0.342357
vt 0.741388 0.451884
vt 0.757110 0.452718
vt 0.741905 0.463019
vt 0.757168 0.306458
vt 0.757966 0.292424
vt 0.746909 0.294256
vt 0.740859 0.321536
vt 0.756344 0.319293
vt 0.783137 0.341563
vt 0.777841 0.453011
vt 0.784300 0.375569
vt 0.757435 0.463572
vt 0.783525 0.361393
vt 0.780790 0.302800
vt 0.779969 0.293158
vt 0.781200 0.313434
vt 0.783138 0.327089
vt 0.236101 0.121224
vt 0.236101 0.126059
vt 0.246968 0.127710
vt 0.817731 0.337383
vt 0.798007 0.342964
vt 0.803976 0.325853
vt 0.236101 0.111491
vt 0.236101 0.116431
vt 0.246968 0.118781
vt 0.139292 0.465843
vt 0.254583 0.469447
vt 0.263247 0.450323
vt 0.253943 0.455708
vt 0.246968 0.105821
vt 0.246968 0.123401
vt 0.246968 0.110059
vt 0.236101 0.106547
vt 0.236101 0.074724
vt 0.246968 0.075623
vt 0.082450 0.409503
vt 0.081357 0.407812
vt 0.081164 0.405594
vt 0.083674 0.401309
vt 0.086878 0.405402
vt 0.084782 0.409503
vt 0.478476 0.216637
vt 0.743422 0.308932
vt 0.775839 0.464126
vt 0.821218 0.355880
vt 0.246968 0.114437
vt 0.267462 0.454931
vt 0.263785 0.473398
vt 0.268662 0.465360
vt 0.258184 0.473399
vt 0.252842 0.462889
vt 0.258065 0.450313
vn 0.6915 0.0109 0.7223
vn 0.5403 0.7750 -0.3280
vn 0.5890 0.5236 0.6156
vn -0.6139 -0.0620 0.7870
vn -0.6509 0.7094 -0.2704
vn -0.5847 0.4567 0.6704
vn -0.6767 0.3871 -0.6263
vn 0.5636 0.4546 -0.6897
vn 0.5403 0.7749 -0.3280
vn 0.5890 0.5235 0.6156
vn -0.6766 0.3871 -0.6264
vn -0.0154 0.8414 -0.5401
vn -0.5583 0.6374 -0.5310
vn -0.1978 0.6468 0.7366
vn -0.5336 -0.5986 0.5974
vn -0.6541 -0.3771 -0.6557
vn -0.2296 -0.6672 -0.7086
vn 0.0079 -0.8411 0.5409
vn 0.3335 -0.5936 -0.7324
vn 0.6768 -0.1858 -0.7123
vn 0.6935 0.2798 -0.6639
vn 0.7824 -0.2545 0.5684
vn 0.4583 0.6504 -0.6058
vn 0.7344 0.2427 0.6338
vn 0.3586 0.6250 0.6934
vn 0.8268 -0.1735 0.5351
vn 0.4693 -0.7276 0.5004
vn 0.6486 -0.0912 0.7557
vn -0.7296 -0.0706 0.6802
vn -0.5130 -0.1746 0.8404
vn -0.5698 0.3637 0.7369
vn -0.4459 0.1701 0.8788
vn -0.4089 -0.4934 0.7677
vn 0.5093 -0.6711 0.5388
vn 0.5410 -0.4548 0.7075
vn 0.2593 -0.6305 0.7316
vn -0.0568 -0.6528 0.7554
vn -0.1934 0.4075 0.8925
vn 0.3241 0.6870 0.6504
vn -0.2162 0.6872 0.6935
vn -0.7807 0.2107 -0.5884
vn -0.5269 0.6571 -0.5391
vn -0.0542 0.8325 -0.5514
vn 0.7324 0.3528 0.5823
vn -0.6854 -0.4176 0.5965
vn -0.1950 -0.8432 0.5010
vn 0.7271 0.0379 -0.6855
vn 0.5987 0.4927 -0.6315
vn -0.6761 0.3000 0.6729
vn -0.1445 -0.6590 -0.7382
vn -0.4680 -0.5221 -0.7130
vn 0.2632 -0.6086 -0.7486
vn 0.3028 0.7482 -0.5903
vn 0.5697 -0.3609 -0.7384
vn 0.4530 -0.2807 -0.8462
vn -0.7188 -0.2378 -0.6533
vn -0.6514 0.1114 -0.7506
vn -0.5148 -0.3100 -0.7993
vn 0.1356 -0.5129 -0.8477
vn -0.2101 -0.5279 -0.8229
vn -0.3596 -0.5348 -0.7647
vn -0.1664 -0.9653 -0.2013
vn -0.5706 -0.8072 -0.1512
vn 0.6071 0.0314 -0.7940
vn 0.5448 0.3536 -0.7604
vn 0.6222 0.3158 -0.7163
vn -0.6202 -0.3184 -0.7169
vn 0.2814 0.6311 -0.7229
vn 0.4751 0.5563 -0.6818
vn -0.0256 -0.6137 -0.7891
vn 0.5256 -0.3210 -0.7879
vn 0.2938 -0.5204 -0.8018
vn -0.7364 0.0003 -0.6766
vn -0.7005 0.3262 -0.6347
vn 0.2185 -0.9520 -0.2145
vn -0.9381 0.3462 0.0142
vn -0.7821 0.6223 0.0341
vn -0.0052 0.7785 -0.6277
vn -0.2756 0.7369 -0.6172
vn -0.1429 0.9889 0.0405
vn -0.9990 0.0363 -0.0243
vn -0.5176 0.5909 -0.6188
vn -0.4906 0.8700 0.0500
vn -0.9475 -0.3115 -0.0720
vn -0.8062 -0.5818 -0.1080
vn 0.1628 0.9863 0.0267
vn 0.0799 0.6701 0.7380
vn -0.7017 0.1111 0.7037
vn -0.7150 -0.1954 0.6713
vn -0.6159 -0.4708 0.6316
vn -0.3756 -0.7273 0.5744
vn 0.6331 -0.5318 0.5624
vn 0.5317 -0.3334 0.7786
vn 0.3017 -0.5569 0.7738
vn 0.7609 -0.2787 0.5859
vn 0.5661 -0.0301 0.8238
vn -0.5319 0.4397 0.7237
vn -0.4564 0.0952 0.8847
vn -0.2717 0.3381 0.9011
vn 0.7848 0.0274 0.6191
vn -0.3352 -0.4627 0.8207
vn 0.6547 0.3759 0.6558
vn 0.4617 0.2520 0.8505
vn -0.0294 -0.6249 0.7802
vn 0.0315 -0.8415 0.5394
vn 0.3686 0.6014 0.7088
vn 0.2305 0.3987 0.8877
vn 0.4033 -0.7371 0.5423
vn -0.4977 -0.1805 0.8483
vn -0.6279 -0.2612 0.7332
vn -0.2621 -0.6940 0.6706
vn 0.1895 -0.7347 0.6514
vn -0.5187 0.3001 0.8005
vn 0.1510 0.4534 0.8784
vn 0.4563 0.2990 0.8381
vn -0.4985 0.5073 -0.7030
vn -0.1207 0.7028 -0.7011
vn 0.2578 0.7151 -0.6498
vn 0.6615 -0.0056 -0.7499
vn 0.4611 0.8873 -0.0045
vn 0.7514 0.6578 -0.0514
vn 0.5163 -0.8261 -0.2257
vn 0.9729 -0.1511 -0.1752
vn 0.7959 -0.5721 -0.1983
vn 0.9458 0.3061 -0.1087
vn -0.2155 0.6330 0.7436
vn 0.7076 -0.0873 0.7012
vn 0.5661 -0.5016 0.6542
vn -0.0289 0.4484 0.8934
vn 0.2732 0.5355 0.7991
vn 0.5815 0.3065 0.7536
vn -0.8099 0.1162 -0.5749
vn -0.1111 0.5605 0.8206
usemtl Tex_0000_0.dds.001
s 1
f 3824/4491/2585 3826/4492/2586 3825/4493/2587
f 3825/4493/2587 3827/4494/2588 3824/4491/2585
f 3828/4495/2589 3830/4496/2588 3829/4497/2590
f 3827/4498/2588 3832/4499/2589 3831/4500/2591
f 3833/4501/2592 3832/4502/2589 3826/4492/2586
f 3832/4503/2589 3825/4493/2587 3826/4492/2586
f 3834/4504/2585 3836/4505/2593 3835/4506/2594
f 3828/4495/2589 3838/4507/2592 3837/4508/2595
f 3828/4495/2589 3835/4509/2594 3836/4510/2593
f 3830/4496/2588 3835/4511/2594 3829/4497/2590
f 3824/4491/2585 3833/4501/2592 3826/4492/2586
f 3825/4493/2587 3839/4512/2590 3827/4494/2588
f 3828/4495/2589 3837/4508/2595 3830/4496/2588
f 3827/4498/2588 3839/4513/2590 3832/4499/2589
f 3833/4501/2592 3831/4514/2591 3832/4502/2589
f 3832/4503/2589 3839/4515/2590 3825/4493/2587
f 3834/4504/2585 3838/4516/2592 3836/4505/2593
f 3828/4495/2589 3836/4517/2593 3838/4507/2592
f 3828/4495/2589 3829/4497/2590 3835/4509/2594
f 3830/4496/2588 3834/4518/2585 3835/4511/2594
f 3840/4519/2596 3841/4520/2597 3842/4521/2598
f 3843/4522/2599 3844/4523/2600 3845/4524/2601
f 3846/4525/2602 3845/4524/2601 3847/4526/2603
f 3848/4527/2604 3849/4528/2605 3850/4529/2606
f 3849/4528/2605 3851/4530/2607 3852/4531/2608
f 3853/4532/2609 3851/4530/2607 3840/4519/2596
f 3854/4533/2610 3855/4534/2611 3856/4535/2612
f 3857/4536/2613 3843/4537/2599 3858/4538/2614
f 3859/4539/2615 3857/4536/2613 3860/4540/2616
f 3843/4537/2599 3861/4541/2617 3858/4538/2614
f 3857/4536/2613 3858/4538/2614 3860/4540/2616
f 3850/4542/2606 3852/4543/2608 3856/4544/2612
f 3862/4545/2618 3850/4542/2606 3863/4546/2619
f 3846/4547/2602 3864/4548/2620 3865/4549/2621
f 3859/4539/2615 3860/4540/2616 3866/4550/2622
f 3866/4551/2622 3860/4552/2616 3867/4553/2623
f 3860/4552/2616 3858/4554/2614 3868/4555/2624
f 3867/4556/2623 3869/4557/2625 3870/4558/2626
f 3854/4559/2610 3870/4558/2626 3871/4560/2627
f 3854/4559/2610 3872/4561/2628 3870/4558/2626
f 3873/4562/2629 3874/4563/2630 3875/4564/2631
f 3874/4563/2630 3876/4565/2632 3875/4564/2631
f 3874/4563/2630 3855/4566/2611 3876/4565/2632
f 3877/4567/2633 3878/4568/2634 3879/4569/2635
f 3877/4567/2633 3880/4570/2636 3878/4568/2634
f 3854/4559/2610 3871/4560/2627 3881/4571/2637
f 3882/4572/2638 3875/4573/2631 3883/4574/2639
f 3869/4575/2625 3884/4576/2640 3885/4577/2641
f 3884/4576/2640 3886/4578/2642 3885/4577/2641
f 3884/4576/2640 3879/4579/2635 3886/4578/2642
f 3878/4580/2634 3887/4581/2643 3888/4582/2644
f 3880/4583/2636 3883/4584/2639 3887/4581/2643
f 3889/4585/2645 3890/4586/2646 3891/4587/2647
f 3892/4588/2648 3893/4589/2649 3894/4590/2650
f 3886/4591/2642 3889/4592/2645 3895/4593/2651
f 3886/4591/2642 3888/4594/2644 3889/4592/2645
f 3893/4589/2649 3896/4595/2652 3897/4596/2653
f 3888/4594/2644 3898/4597/2654 3889/4592/2645
f 3888/4594/2644 3887/4598/2643 3898/4597/2654
f 3883/4599/2639 3899/4600/2655 3900/4601/2656
f 3885/4602/2641 3901/4603/2657 3902/4604/2658
f 3898/4605/2654 3903/4606/2659 3890/4586/2646
f 3902/4607/2658 3904/4608/2660 3905/4609/2661
f 3906/4610/2662 3907/4611/2663 3908/4612/2664
f 3902/4607/2658 3909/4613/2665 3904/4608/2660
f 3907/4611/2663 3910/4614/2666 3911/4615/2667
f 3901/4616/2657 3912/4617/2668 3909/4613/2665
f 3910/4614/2666 3902/4607/2658 3905/4609/2661
f 3895/4618/2651 3913/4619/2669 3912/4617/2668
f 3895/4618/2651 3891/4587/2647 3913/4619/2669
f 3914/4620/2670 3908/4612/2664 3915/4621/2671
f 3904/4608/2660 3909/4613/2665 3916/4622/2672
f 3909/4613/2665 3917/4623/2673 3916/4622/2672
f 3909/4613/2665 3912/4617/2668 3917/4623/2673
f 3912/4617/2668 3918/4624/2674 3917/4623/2673
f 3891/4587/2647 3890/4586/2646 3919/4625/2675
f 3920/4626/2676 3921/4627/2677 3922/4628/2678
f 3920/4626/2676 3923/4629/2679 3921/4627/2677
f 3923/4629/2679 3924/4630/2680 3921/4627/2677
f 3925/4631/2681 3926/4632/2682 3927/4633/2683
f 3923/4629/2679 3928/4634/2684 3924/4630/2680
f 3918/4635/2674 3919/4636/2675 3929/4637/2685
f 3928/4634/2684 3930/4638/2686 3924/4630/2680
f 3930/4638/2686 3931/4639/2687 3924/4630/2680
f 3919/4636/2675 3932/4640/2688 3929/4637/2685
f 3919/4636/2675 3933/4641/2689 3932/4640/2688
f 3934/4642/2690 3915/4643/2671 3935/4644/2691
f 3933/4641/2689 3936/4645/2692 3922/4628/2678
f 3925/4631/2681 3916/4646/2672 3926/4632/2682
f 3937/4647/2693 3929/4648/2685 3938/4649/2694
f 3929/4648/2685 3939/4650/2695 3938/4649/2694
f 3929/4648/2685 3932/4651/2688 3939/4650/2695
f 3932/4651/2688 3940/4652/2696 3939/4650/2695
f 3932/4651/2688 3922/4653/2678 3940/4652/2696
f 3926/4654/2682 3938/4649/2694 3941/4655/2697
f 3841/4520/2597 3859/4656/2615 3842/4521/2598
f 3844/4523/2600 3843/4522/2599 3857/4657/2613
f 3848/4527/2604 3850/4529/2606 3862/4658/2618
f 3843/4522/2599 3845/4524/2601 3846/4525/2602
f 3846/4659/2602 3847/4660/2603 3862/4658/2618
f 3851/4661/2607 3844/4662/2600 3841/4663/2597
f 3849/4528/2605 3852/4531/2608 3850/4529/2606
f 3851/4530/2607 3853/4532/2609 3852/4531/2608
f 3850/4542/2606 3856/4544/2612 3863/4546/2619
f 3853/4532/2609 3840/4519/2596 3842/4521/2598
f 3862/4545/2618 3864/4548/2620 3846/4547/2602
f 3846/4547/2602 3865/4549/2621 3843/4537/2599
f 3842/4664/2598 3866/4550/2622 3942/4665/2698
f 3842/4664/2598 3942/4665/2698 3853/4666/2609
f 3853/4666/2609 3943/4667/2699 3852/4543/2608
f 3862/4545/2618 3863/4546/2619 3864/4548/2620
f 3853/4666/2609 3942/4665/2698 3943/4667/2699
f 3852/4543/2608 3943/4667/2699 3856/4544/2612
f 3859/4539/2615 3866/4550/2622 3842/4664/2598
f 3843/4537/2599 3865/4549/2621 3861/4541/2617
f 3861/4668/2617 3877/4669/2633 3858/4554/2614
f 3873/4670/2629 3877/4669/2633 3861/4668/2617
f 3872/4671/2628 3942/4672/2698 3866/4551/2622
f 3854/4533/2610 3943/4673/2699 3942/4672/2698
f 3873/4674/2629 3865/4675/2621 3864/4676/2620
f 3855/4534/2611 3874/4677/2630 3863/4678/2619
f 3860/4552/2616 3868/4555/2624 3867/4553/2623
f 3863/4678/2619 3874/4677/2630 3864/4676/2620
f 3858/4554/2614 3877/4669/2633 3868/4555/2624
f 3888/4582/2644 3886/4578/2642 3879/4579/2635
f 3867/4556/2623 3870/4558/2626 3872/4561/2628
f 3873/4562/2629 3882/4679/2638 3880/4570/2636
f 3873/4562/2629 3875/4564/2631 3882/4679/2638
f 3867/4556/2623 3884/4680/2640 3869/4557/2625
f 3868/4681/2624 3884/4680/2640 3867/4556/2623
f 3868/4681/2624 3879/4569/2635 3884/4680/2640
f 3877/4567/2633 3879/4569/2635 3868/4681/2624
f 3855/4566/2611 3881/4571/2637 3876/4565/2632
f 3854/4559/2610 3881/4571/2637 3855/4566/2611
f 3873/4562/2629 3880/4570/2636 3877/4567/2633
f 3870/4682/2626 3944/4683/2700 3945/4684/2701
f 3875/4573/2631 3892/4685/2648 3883/4574/2639
f 3875/4573/2631 3893/4686/2649 3892/4685/2648
f 3876/4687/2632 3893/4686/2649 3875/4573/2631
f 3896/4688/2652 3881/4689/2637 3871/4690/2627
f 3876/4687/2632 3896/4688/2652 3893/4686/2649
f 3881/4689/2637 3896/4688/2652 3876/4687/2632
f 3880/4583/2636 3887/4581/2643 3878/4580/2634
f 3944/4683/2700 3870/4682/2626 3869/4575/2625
f 3906/4691/2662 3946/4692/2702 3896/4595/2652
f 3882/4693/2638 3883/4584/2639 3880/4583/2636
f 3870/4682/2626 3945/4684/2701 3871/4690/2627
f 3892/4588/2648 3894/4590/2650 3947/4694/2703
f 3893/4589/2649 3897/4596/2653 3894/4590/2650
f 3896/4595/2652 3946/4692/2702 3897/4596/2653
f 3944/4695/2700 3910/4696/2666 3907/4697/2663
f 3887/4598/2643 3900/4601/2656 3898/4597/2654
f 3883/4599/2639 3900/4601/2656 3887/4598/2643
f 3885/4602/2641 3902/4604/2658 3944/4695/2700
f 3945/4698/2701 3907/4697/2663 3906/4691/2662
f 3901/4603/2657 3885/4602/2641 3886/4591/2642
f 3883/4599/2639 3947/4694/2703 3899/4600/2655
f 3892/4588/2648 3947/4694/2703 3883/4599/2639
f 3948/4699/2704 3949/4700/2705 3897/4701/2653
f 3944/4695/2700 3902/4604/2658 3910/4696/2666
f 3903/4606/2659 3933/4702/2689 3890/4586/2646
f 3898/4605/2654 3890/4586/2646 3889/4585/2645
f 3914/4620/2670 3948/4699/2704 3946/4703/2702
f 3903/4606/2659 3898/4605/2654 3900/4704/2656
f 3950/4705/2706 3900/4704/2656 3899/4706/2655
f 3906/4610/2662 3908/4612/2664 3914/4620/2670
f 3951/4707/2707 3952/4708/2708 3899/4709/2655
f 3907/4611/2663 3911/4615/2667 3908/4612/2664
f 3901/4616/2657 3909/4613/2665 3902/4607/2658
f 3894/4710/2650 3953/4711/2709 3951/4707/2707
f 3910/4614/2666 3905/4609/2661 3911/4615/2667
f 3895/4618/2651 3912/4617/2668 3901/4616/2657
f 3949/4700/2705 3953/4711/2709 3894/4710/2650
f 3889/4585/2645 3891/4587/2647 3895/4618/2651
f 3934/4712/2690 3948/4699/2704 3914/4620/2670
f 3920/4626/2676 3922/4628/2678 3936/4645/2692
f 3936/4713/2692 3933/4702/2689 3903/4606/2659
f 3925/4714/2681 3905/4609/2661 3904/4608/2660
f 3936/4713/2692 3950/4705/2706 3952/4715/2708
f 3908/4612/2664 3954/4716/2710 3915/4621/2671
f 3923/4717/2679 3920/4718/2676 3952/4708/2708
f 3911/4615/2667 3954/4716/2710 3908/4612/2664
f 3911/4615/2667 3925/4714/2681 3954/4716/2710
f 3919/4625/2675 3918/4624/2674 3913/4619/2669
f 3905/4609/2661 3925/4714/2681 3911/4615/2667
f 3951/4707/2707 3928/4719/2684 3923/4717/2679
f 3913/4619/2669 3918/4624/2674 3912/4617/2668
f 3953/4711/2709 3928/4719/2684 3951/4707/2707
f 3934/4712/2690 3930/4720/2686 3949/4700/2705
f 3953/4711/2709 3930/4720/2686 3928/4719/2684
f 3949/4700/2705 3930/4720/2686 3953/4711/2709
f 3890/4586/2646 3933/4702/2689 3919/4625/2675
f 3955/4721/2711 3956/4722/2712 3921/4723/2677
f 3937/4724/2693 3926/4632/2682 3916/4646/2672
f 3954/4725/2710 3927/4633/2683 3957/4726/2713
f 3918/4635/2674 3929/4637/2685 3937/4724/2693
f 3925/4631/2681 3927/4633/2683 3954/4725/2710
f 3934/4642/2690 3935/4644/2691 3931/4639/2687
f 3933/4641/2689 3922/4628/2678 3932/4640/2688
f 3915/4643/2671 3957/4726/2713 3935/4644/2691
f 3954/4725/2710 3957/4726/2713 3915/4643/2671
f 3958/4727/2714 3959/4728/2715 3931/4729/2687
f 3960/4730/2716 3857/4657/2613 3859/4656/2615
f 3958/4731/2714 3940/4732/2696 3955/4733/2711
f 3926/4654/2682 3941/4655/2697 3927/4734/2683
f 3924/4735/2680 3959/4728/2715 3955/4721/2711
f 3931/4729/2687 3959/4728/2715 3924/4735/2680
f 3957/4736/2713 3961/4737/2717 3958/4727/2714
f 3922/4653/2678 3956/4738/2712 3940/4652/2696
f 3927/4734/2683 3961/4737/2717 3957/4736/2713
f 3921/4739/2677 3956/4738/2712 3922/4653/2678
f 3937/4647/2693 3938/4649/2694 3926/4654/2682
f 3927/4734/2683 3941/4655/2697 3961/4737/2717
f 3854/4533/2610 3856/4535/2612 3943/4673/2699
f 3844/4523/2600 3857/4657/2613 3960/4730/2716
f 3848/4527/2604 3862/4658/2618 3847/4660/2603
f 3847/4740/2603 3844/4662/2600 3848/4741/2604
f 3848/4741/2604 3844/4662/2600 3849/4742/2605
f 3849/4742/2605 3844/4662/2600 3851/4661/2607
f 3851/4661/2607 3841/4663/2597 3840/4743/2596
f 3841/4663/2597 3844/4662/2600 3960/4744/2716
f 3844/4662/2600 3847/4740/2603 3845/4745/2601
f 3873/4670/2629 3861/4668/2617 3865/4746/2621
f 3872/4671/2628 3866/4551/2622 3867/4553/2623
f 3854/4533/2610 3942/4672/2698 3872/4671/2628
f 3873/4674/2629 3864/4676/2620 3874/4677/2630
f 3855/4534/2611 3863/4678/2619 3856/4535/2612
f 3888/4582/2644 3879/4579/2635 3878/4580/2634
f 3896/4688/2652 3871/4690/2627 3945/4684/2701
f 3944/4683/2700 3869/4575/2625 3885/4577/2641
f 3906/4691/2662 3896/4595/2652 3945/4698/2701
f 3944/4695/2700 3907/4697/2663 3945/4698/2701
f 3901/4603/2657 3886/4591/2642 3895/4593/2651
f 3948/4699/2704 3897/4701/2653 3946/4703/2702
f 3914/4620/2670 3946/4703/2702 3906/4610/2662
f 3903/4606/2659 3900/4704/2656 3950/4705/2706
f 3950/4705/2706 3899/4706/2655 3952/4715/2708
f 3951/4707/2707 3899/4709/2655 3947/4747/2703
f 3894/4710/2650 3951/4707/2707 3947/4747/2703
f 3949/4700/2705 3894/4710/2650 3897/4701/2653
f 3934/4712/2690 3914/4620/2670 3915/4621/2671
f 3936/4713/2692 3903/4606/2659 3950/4705/2706
f 3925/4714/2681 3904/4608/2660 3916/4622/2672
f 3936/4713/2692 3952/4715/2708 3920/4748/2676
f 3923/4717/2679 3952/4708/2708 3951/4707/2707
f 3919/4625/2675 3913/4619/2669 3891/4587/2647
f 3934/4712/2690 3949/4700/2705 3948/4699/2704
f 3955/4721/2711 3921/4723/2677 3924/4735/2680
f 3937/4724/2693 3916/4646/2672 3917/4749/2673
f 3918/4635/2674 3937/4724/2693 3917/4749/2673
f 3934/4642/2690 3931/4639/2687 3930/4638/2686
f 3958/4727/2714 3931/4729/2687 3935/4750/2691
f 3960/4730/2716 3859/4656/2615 3841/4520/2597
f 3939/4751/2695 3941/4752/2697 3938/4753/2694
f 3941/4752/2697 3939/4751/2695 3961/4754/2717
f 3961/4754/2717 3940/4732/2696 3958/4731/2714
f 3958/4731/2714 3955/4733/2711 3959/4755/2715
f 3955/4733/2711 3940/4732/2696 3956/4756/2712
f 3940/4732/2696 3961/4754/2717 3939/4751/2695
f 3957/4736/2713 3958/4727/2714 3935/4750/2691
o armour_Object0.001
v 0.432064 0.451839 0.006202
v 0.239865 0.690595 -0.191749
v 0.233550 0.610018 -0.268785
v 0.401135 0.410170 -0.087666
v 0.206723 0.598775 -0.254758
v 0.373056 0.401280 -0.074422
v 0.213037 0.679352 -0.177722
v 0.403986 0.442948 0.019446
v -0.383378 0.482764 0.028295
v -0.367798 0.418423 -0.056095
v -0.243591 0.595734 -0.258019
v -0.247071 0.682823 -0.188231
v -0.338495 0.410830 -0.044846
v -0.214718 0.587447 -0.246163
v -0.354075 0.475171 0.039544
v -0.218198 0.674535 -0.176374
v -0.217128 1.002914 0.401511
v -0.258595 1.014437 0.380441
v -0.217767 1.016497 0.380483
v -0.258595 1.014437 0.380441
v -0.217128 1.002914 0.401511
v -0.257854 0.998674 0.404842
v -0.210171 0.866155 0.281715
v 0.196994 0.886702 0.282144
v -0.179321 0.769753 0.449332
v -0.179321 0.769753 0.449332
v 0.196994 0.886702 0.282144
v -0.069457 0.720251 0.534458
v -0.069457 0.720251 0.534458
v 0.196994 0.886702 0.282144
v 0.070588 0.727318 0.534605
v 0.070588 0.727318 0.534605
v 0.196994 0.886702 0.282144
v 0.175286 0.787648 0.449707
v 0.088823 0.659539 0.544936
v -0.080943 0.650973 0.544756
v 0.006410 0.843045 0.666052
v -0.222368 1.114317 0.229055
v -0.225809 1.178272 0.403651
v -0.229961 1.266539 0.267010
v -0.217767 1.016497 0.380483
v -0.225809 1.178272 0.403651
v -0.270789 1.264479 0.266966
v -0.229961 1.266539 0.267010
v -0.266637 1.176212 0.403608
v -0.266637 1.176212 0.403608
v -0.263197 1.112257 0.229012
v -0.270789 1.264479 0.266966
v -0.258595 1.014437 0.380441
v -0.198069 0.947030 0.489319
v -0.210171 0.866155 0.281715
v -0.179321 0.769753 0.449332
v -0.217128 1.002914 0.401511
v -0.153698 0.898508 0.567755
v 0.005239 0.867954 0.627496
v -0.076709 0.863818 0.627409
v -0.069457 0.720251 0.534458
v -0.248398 0.811486 0.283647
v -0.257854 0.998674 0.404842
v -0.080943 0.650973 0.544756
v 0.088823 0.659539 0.544936
v -0.214121 0.710980 0.441566
v -0.214121 0.710980 0.441566
v 0.088823 0.659539 0.544936
v 0.240422 0.836153 0.284164
v -0.214121 0.710980 0.441566
v 0.240422 0.836153 0.284164
v -0.248398 0.811486 0.283647
v 0.240422 0.836153 0.284164
v 0.088823 0.659539 0.544936
v 0.215740 0.732672 0.442020
v -0.187628 0.881971 0.590614
v -0.214121 0.710980 0.441566
v -0.258268 1.087507 0.671091
v -0.090398 0.838161 0.665950
v -0.374046 1.255348 -0.174900
v -0.432404 1.318683 0.035506
v -0.376657 1.151790 0.188390
v -0.415048 1.253932 0.138372
v -0.358533 1.000961 -0.173765
v -0.354763 0.935203 0.082434
v -0.353366 0.942386 -0.059585
v -0.358657 1.143958 -0.202028
v 0.181355 1.198819 0.404080
v 0.184797 1.134865 0.229485
v 0.177203 1.287086 0.267439
v 0.218031 1.289147 0.267482
v 0.181355 1.198819 0.404080
v 0.177203 1.287086 0.267439
v 0.222183 1.200878 0.404124
v 0.225625 1.136924 0.229528
v 0.222183 1.200878 0.404124
v 0.218031 1.289147 0.267482
v 0.230226 1.039105 0.380957
v 0.196994 0.886702 0.282144
v 0.176312 0.965921 0.489713
v 0.175286 0.787648 0.449707
v 0.190036 1.023460 0.401941
v 0.070588 0.727318 0.534605
v 0.063336 0.870886 0.627558
v 0.240422 0.836153 0.284164
v 0.230967 1.023342 0.405357
v 0.217771 0.968014 0.489757
v 0.215740 0.732672 0.442020
v 0.079368 0.846727 0.666130
v 0.172026 0.900120 0.590993
v -0.159962 0.965241 0.708979
v -0.076709 0.863818 0.627409
v -0.090398 0.838161 0.665950
v -0.159962 0.965241 0.708979
v -0.159962 0.965241 0.708979
v -0.187628 0.881971 0.590614
v -0.153698 0.898508 0.567755
v -0.159962 0.965241 0.708979
v -0.052850 0.972818 0.765258
v 0.005239 0.867954 0.627496
v 0.006410 0.843045 0.666052
v -0.052850 0.972818 0.765258
v -0.052850 0.972818 0.765258
v -0.090398 0.838161 0.665950
v -0.076709 0.863818 0.627409
v -0.052850 0.972818 0.765258
v -0.187628 0.881971 0.590614
v -0.258268 1.087507 0.671091
v -0.153698 0.898508 0.567755
v -0.265164 1.104747 0.524738
v -0.257854 0.998674 0.404842
v -0.217128 1.002914 0.401511
v -0.258268 1.087507 0.671091
v -0.239528 0.944937 0.489275
v -0.198069 0.947030 0.489319
v -0.258268 1.087507 0.671091
v -0.265164 1.104747 0.524738
v -0.198069 0.947030 0.489319
v -0.239528 0.944937 0.489275
v -0.265164 1.104747 0.524738
v -0.239528 0.944937 0.489275
v -0.265164 1.104747 0.524738
v -0.217767 1.016497 0.380483
v -0.266637 1.176212 0.403608
v -0.225809 1.178272 0.403651
v -0.258595 1.014437 0.380441
v -0.021623 0.964660 -0.277442
v 0.197186 1.017132 -0.440186
v -0.023410 1.006001 -0.440419
v -0.032037 1.180688 -0.451892
v 0.189135 1.178505 -0.399166
v -0.031462 1.167372 -0.399398
v 0.188559 1.191819 -0.451660
v -0.066094 1.053830 -0.347883
v -0.064768 1.029614 -0.428427
v -0.070253 1.137828 -0.346054
v -0.070253 1.137828 -0.346054
v -0.064768 1.029614 -0.428427
v -0.071499 1.165527 -0.425468
v -0.071499 1.165527 -0.425468
v -0.064768 1.029614 -0.428427
v -0.068108 1.098648 -0.476378
v -0.068108 1.098648 -0.476378
v -0.011511 1.032303 -0.428372
v -0.014851 1.101335 -0.476322
v -0.064768 1.029614 -0.428427
v -0.071499 1.165527 -0.425468
v -0.018242 1.168214 -0.425411
v -0.070253 1.137828 -0.346054
v -0.016997 1.140517 -0.345998
v -0.066094 1.053830 -0.347883
v -0.012837 1.056517 -0.347828
v -0.064768 1.029614 -0.428427
v -0.011511 1.032303 -0.428372
v 0.189135 1.178505 -0.399166
v 0.193179 1.100316 -0.509454
v 0.197186 1.017132 -0.440186
v 0.193179 1.100316 -0.509454
v 0.189135 1.178505 -0.399166
v 0.188559 1.191819 -0.451660
v -0.032037 1.180688 -0.451892
v -0.023410 1.006001 -0.440419
v -0.027417 1.089185 -0.509687
v -0.023410 1.006001 -0.440419
v -0.032037 1.180688 -0.451892
v -0.031462 1.167372 -0.399398
v -0.027417 1.089185 -0.509687
v 0.197186 1.017132 -0.440186
v 0.193179 1.100316 -0.509454
v -0.023410 1.006001 -0.440419
v 0.069885 1.374607 -0.345416
v 0.104106 1.420034 -0.360008
v 0.066614 1.440147 -0.328756
v 0.105975 1.382567 -0.369532
v 0.084199 1.365393 -0.306318
v 0.078664 1.476359 -0.278110
v 0.123601 1.478627 -0.278064
v 0.129138 1.367660 -0.306270
v -0.356102 1.029312 0.153402
v -0.415200 1.310027 -0.084047
v -0.323757 1.158344 0.217132
v -0.316616 1.016683 0.173354
v -0.314978 0.994596 -0.192987
v -0.322453 1.146587 -0.229015
v -0.328745 1.272950 -0.197021
v -0.331679 1.329173 -0.095784
v -0.332082 1.333413 0.039416
v -0.328867 1.264737 0.157194
v -0.311658 0.918262 0.093956
v -0.311864 0.927536 -0.062377
v 0.189135 1.178505 -0.399166
v 0.198973 0.975792 -0.277209
v 0.190923 1.137164 -0.236189
v 0.198973 0.975792 -0.277209
v 0.189135 1.178505 -0.399166
v 0.197186 1.017132 -0.440186
v -0.031462 1.167372 -0.399398
v 0.190923 1.137164 -0.236189
v -0.029673 1.126032 -0.236422
v 0.190923 1.137164 -0.236189
v -0.031462 1.167372 -0.399398
v 0.189135 1.178505 -0.399166
v -0.023410 1.006001 -0.440419
v -0.029673 1.126032 -0.236422
v -0.021623 0.964660 -0.277442
v -0.031462 1.167372 -0.399398
v 0.197186 1.017132 -0.440186
v -0.021623 0.964660 -0.277442
v 0.198973 0.975792 -0.277209
v -0.157762 0.541748 0.080674
v -0.257823 0.696510 0.017340
v -0.315560 0.773338 0.306830
v 0.266320 0.722685 0.018021
v 0.179929 0.558611 0.081113
v 0.310943 0.804953 0.307492
v 0.240534 1.045886 -0.430449
v 0.239347 1.067279 -0.349107
v 0.237109 1.116548 -0.475958
v 0.237109 1.116548 -0.475958
v 0.239347 1.067279 -0.349107
v 0.233805 1.181612 -0.422742
v 0.233805 1.181612 -0.422742
v 0.239347 1.067279 -0.349107
v 0.235188 1.151162 -0.344344
v 0.235188 1.151162 -0.344344
v 0.186090 1.064592 -0.349164
v 0.181931 1.148475 -0.344401
v 0.239347 1.067279 -0.349107
v 0.233805 1.181612 -0.422742
v 0.180548 1.178925 -0.422798
v 0.237109 1.116548 -0.475958
v 0.183853 1.113860 -0.476014
v 0.240534 1.045886 -0.430449
v 0.187277 1.043199 -0.430506
v 0.239347 1.067279 -0.349107
v 0.186090 1.064592 -0.349164
v 0.336937 1.187800 0.189143
v 0.376413 1.359498 0.036360
v 0.325264 1.290638 -0.174162
v 0.365211 1.293305 0.139196
v 0.335220 0.977134 -0.058858
v 0.336870 0.970105 0.083164
v 0.334939 1.035955 -0.173033
v 0.321035 1.178257 -0.201312
v 0.328688 1.063868 0.154125
v 0.136706 0.913163 0.568062
v 0.195223 1.081282 0.658257
v 0.079368 0.846727 0.666130
v 0.063336 0.870886 0.627558
v 0.123484 0.968729 0.718302
v 0.123484 0.968729 0.718302
v 0.136706 0.913163 0.568062
v 0.172026 0.900120 0.590993
v 0.123484 0.968729 0.718302
v 0.123484 0.968729 0.718302
v 0.006410 0.843045 0.666052
v 0.005239 0.867954 0.627496
v 0.039062 0.947937 0.746291
v 0.039062 0.947937 0.746291
v 0.063336 0.870886 0.627558
v 0.079368 0.846727 0.666130
v 0.039062 0.947937 0.746291
v 0.039062 0.947937 0.746291
v 0.136706 0.913163 0.568062
v 0.195223 1.081282 0.658257
v 0.172026 0.900120 0.590993
v 0.190036 1.023460 0.401941
v 0.230967 1.023342 0.405357
v 0.207495 1.135341 0.514823
v 0.176312 0.965921 0.489713
v 0.217771 0.968014 0.489757
v 0.195223 1.081282 0.658257
v 0.217771 0.968014 0.489757
v 0.176312 0.965921 0.489713
v 0.207495 1.135341 0.514823
v 0.207495 1.135341 0.514823
v 0.207495 1.135341 0.514823
v 0.189398 1.037044 0.380914
v 0.222183 1.200878 0.404124
v 0.230226 1.039105 0.380957
v 0.181355 1.198819 0.404080
v 0.190036 1.023460 0.401941
v 0.230226 1.039105 0.380957
v 0.230967 1.023342 0.405357
v 0.230226 1.039105 0.380957
v 0.190036 1.023460 0.401941
v 0.189398 1.037044 0.380914
v 0.189398 1.037044 0.380914
v 0.360525 1.349173 -0.083228
v 0.290581 1.047323 0.173994
v 0.283563 1.188991 0.217772
v 0.284836 1.177233 -0.228375
v 0.292290 1.025240 -0.192346
v 0.275568 1.359817 -0.095142
v 0.278520 1.303596 -0.196380
v 0.278334 1.295377 0.157835
v 0.275124 1.364053 0.040056
v 0.295399 0.958179 -0.061736
v 0.295617 0.948907 0.094596
v 0.195223 1.081282 0.658257
v -0.235298 1.176581 -0.314315
v 0.052399 1.202374 -0.358358
v -0.235785 1.187831 -0.358663
v 0.052399 1.202374 -0.358358
v -0.235298 1.176581 -0.314315
v 0.052885 1.191124 -0.314012
v -0.245438 1.375022 -0.121415
v -0.235785 1.187831 -0.358663
v -0.247392 1.420218 -0.299591
v -0.235785 1.187831 -0.358663
v -0.245438 1.375022 -0.121415
v -0.235298 1.176581 -0.314315
v -0.235785 1.187831 -0.358663
v 0.040819 1.434762 -0.299287
v -0.247392 1.420218 -0.299591
v 0.052399 1.202374 -0.358358
v 0.033058 1.375439 0.095103
v -0.214651 1.393194 0.102514
v 0.031552 1.405617 0.102774
v -0.214651 1.393194 0.102514
v 0.033058 1.375439 0.095103
v -0.213145 1.363015 0.094843
v 0.031513 1.410900 -0.044696
v 0.031552 1.405617 0.102774
v 0.030007 1.441077 -0.037025
v 0.031552 1.405617 0.102774
v 0.031513 1.410900 -0.044696
v 0.033058 1.375439 0.095103
v -0.214667 1.398476 -0.044956
v 0.030007 1.441077 -0.037025
v -0.216172 1.428655 -0.037285
v 0.031513 1.410900 -0.044696
v -0.213145 1.363015 0.094843
v -0.216172 1.428655 -0.037285
v -0.214651 1.393194 0.102514
v -0.214667 1.398476 -0.044956
v -0.216172 1.428655 -0.037285
v 0.031552 1.405617 0.102774
v -0.214651 1.393194 0.102514
v 0.030007 1.441077 -0.037025
v 0.285786 1.329320 -0.207365
v 0.247403 1.327382 -0.207405
v 0.259189 1.348438 -0.287876
v 0.255663 1.146330 0.250876
v 0.220909 1.336206 0.299438
v 0.246761 1.327052 0.221234
v 0.243699 1.397844 -0.057854
v 0.219824 1.373451 -0.195398
v 0.247403 1.327382 -0.207405
v 0.216859 1.429267 -0.067442
v 0.216859 1.429267 -0.067442
v 0.246761 1.327052 0.221234
v 0.243699 1.397844 -0.057854
v 0.243699 1.397844 -0.057854
v 0.285786 1.329320 -0.207365
v 0.282061 1.399780 -0.057813
v 0.285786 1.329320 -0.207365
v 0.243699 1.397844 -0.057854
v 0.247403 1.327382 -0.207405
v 0.255663 1.146330 0.250876
v 0.285147 1.328988 0.221275
v 0.310943 0.804953 0.307492
v 0.285147 1.328988 0.221275
v 0.255663 1.146330 0.250876
v 0.246761 1.327052 0.221234
v 0.310943 0.804953 0.307492
v 0.285147 1.328988 0.221275
v 0.305153 0.937112 -0.180694
v 0.305153 0.937112 -0.180694
v 0.285147 1.328988 0.221275
v 0.303679 0.970646 -0.298537
v 0.303679 0.970646 -0.298537
v 0.285147 1.328988 0.221275
v 0.296960 1.105330 -0.264301
v 0.296960 1.105330 -0.264301
v 0.285147 1.328988 0.221275
v 0.285786 1.329320 -0.207365
v 0.129138 1.367660 -0.306270
v 0.139326 1.443816 -0.328679
v 0.142596 1.378276 -0.345340
v 0.123601 1.478627 -0.278064
v 0.078664 1.476359 -0.278110
v 0.066614 1.440147 -0.328756
v 0.123601 1.478627 -0.278064
v 0.123601 1.478627 -0.278064
v 0.066614 1.440147 -0.328756
v 0.139326 1.443816 -0.328679
v 0.139326 1.443816 -0.328679
v 0.066614 1.440147 -0.328756
v 0.104106 1.420034 -0.360008
v 0.071148 1.366901 -0.288476
v 0.048603 1.381410 -0.350051
v 0.141920 1.370472 -0.288402
v 0.141920 1.370472 -0.288402
v 0.048603 1.381410 -0.350051
v 0.163115 1.387189 -0.349930
v 0.163115 1.387189 -0.349930
v 0.048603 1.381410 -0.350051
v 0.105441 1.393948 -0.388030
v 0.060161 1.149724 -0.408944
v 0.105441 1.393948 -0.388030
v 0.048603 1.381410 -0.350051
v 0.117000 1.162262 -0.446924
v 0.082706 1.135215 -0.347370
v 0.048603 1.381410 -0.350051
v 0.071148 1.366901 -0.288476
v 0.060161 1.149724 -0.408944
v 0.153478 1.138786 -0.347295
v 0.141920 1.370472 -0.288402
v 0.174673 1.155502 -0.408823
v 0.141920 1.370472 -0.288402
v 0.163115 1.387189 -0.349930
v 0.153478 1.138786 -0.347295
v -0.233939 0.607322 -0.029779
v -0.257823 0.696510 0.017340
v -0.157762 0.541748 0.080674
v 0.251584 0.631569 -0.029146
v 0.179929 0.558611 0.081113
v 0.266320 0.722685 0.018021
v 0.266320 0.722685 0.018021
v -0.321304 0.905500 -0.181356
v -0.257823 0.696510 0.017340
v -0.321304 0.905500 -0.181356
v 0.266320 0.722685 0.018021
v 0.305153 0.937112 -0.180694
v 0.305153 0.937112 -0.180694
v 0.266320 0.722685 0.018021
v 0.310943 0.804953 0.307492
v -0.233939 0.607322 -0.029779
v 0.266320 0.722685 0.018021
v -0.257823 0.696510 0.017340
v 0.266320 0.722685 0.018021
v -0.233939 0.607322 -0.029779
v 0.251584 0.631569 -0.029146
v 0.042773 1.389565 -0.121111
v -0.247392 1.420218 -0.299591
v 0.040819 1.434762 -0.299287
v -0.245438 1.375022 -0.121415
v 0.052885 1.191124 -0.314012
v 0.040819 1.434762 -0.299287
v 0.052399 1.202374 -0.358358
v 0.040819 1.434762 -0.299287
v 0.052885 1.191124 -0.314012
v 0.042773 1.389565 -0.121111
v -0.282398 1.404073 -0.067968
v 0.220909 1.336206 0.299438
v -0.278399 1.311011 0.298911
v 0.216859 1.429267 -0.067442
v -0.306034 1.370103 -0.058434
v -0.340672 1.297706 -0.208025
v -0.302289 1.299644 -0.207985
v -0.340672 1.297706 -0.208025
v -0.306034 1.370103 -0.058434
v -0.344395 1.368167 -0.058475
v -0.294080 1.118589 0.250296
v -0.341358 1.297373 0.220615
v -0.302971 1.299310 0.220654
v -0.341358 1.297373 0.220615
v -0.294080 1.118589 0.250296
v -0.315560 0.773338 0.306830
v -0.321304 0.905500 -0.181356
v -0.315560 0.773338 0.306830
v -0.257823 0.696510 0.017340
v -0.344395 1.368167 -0.058475
v -0.341358 1.297373 0.220615
v -0.340672 1.297706 -0.208025
v -0.340672 1.297706 -0.208025
v -0.341358 1.297373 0.220615
v -0.329497 1.073717 -0.264963
v -0.329497 1.073717 -0.264963
v -0.341358 1.297373 0.220615
v -0.322777 0.939034 -0.299198
v -0.322777 0.939034 -0.299198
v -0.341358 1.297373 0.220615
v -0.321304 0.905500 -0.181356
v -0.321304 0.905500 -0.181356
v -0.341358 1.297373 0.220615
v -0.315560 0.773338 0.306830
v -0.340672 1.297706 -0.208025
v -0.304667 1.095431 -0.345420
v -0.315842 1.319420 -0.288483
v -0.304667 1.095431 -0.345420
v -0.340672 1.297706 -0.208025
v -0.329497 1.073717 -0.264963
v 0.270364 1.124449 -0.344813
v -0.315842 1.319420 -0.288483
v -0.304667 1.095431 -0.345420
v -0.315842 1.319420 -0.288483
v 0.270364 1.124449 -0.344813
v 0.259189 1.348438 -0.287876
v -0.344395 1.368167 -0.058475
v -0.302971 1.299310 0.220654
v -0.341358 1.297373 0.220615
v -0.302971 1.299310 0.220654
v -0.344395 1.368167 -0.058475
v -0.306034 1.370103 -0.058434
v 0.285786 1.329320 -0.207365
v 0.285147 1.328988 0.221275
v 0.282061 1.399780 -0.057813
v 0.285786 1.329320 -0.207365
v 0.270364 1.124449 -0.344813
v 0.296960 1.105330 -0.264301
v 0.270364 1.124449 -0.344813
v 0.285786 1.329320 -0.207365
v 0.259189 1.348438 -0.287876
v 0.282061 1.399780 -0.057813
v 0.246761 1.327052 0.221234
v 0.243699 1.397844 -0.057854
v 0.246761 1.327052 0.221234
v 0.282061 1.399780 -0.057813
v 0.285147 1.328988 0.221275
v -0.321304 0.905500 -0.181356
v 0.303679 0.970646 -0.298537
v -0.322777 0.939034 -0.299198
v 0.303679 0.970646 -0.298537
v -0.321304 0.905500 -0.181356
v 0.305153 0.937112 -0.180694
v 0.270364 1.124449 -0.344813
v -0.329497 1.073717 -0.264963
v 0.296960 1.105330 -0.264301
v -0.329497 1.073717 -0.264963
v 0.270364 1.124449 -0.344813
v -0.304667 1.095431 -0.345420
v 0.303679 0.970646 -0.298537
v -0.329497 1.073717 -0.264963
v -0.322777 0.939034 -0.299198
v -0.329497 1.073717 -0.264963
v 0.303679 0.970646 -0.298537
v 0.296960 1.105330 -0.264301
v -0.302289 1.299644 -0.207985
v 0.259189 1.348438 -0.287876
v 0.247403 1.327382 -0.207405
v 0.259189 1.348438 -0.287876
v -0.302289 1.299644 -0.207985
v -0.315842 1.319420 -0.288483
v -0.279434 1.348257 -0.195925
v 0.247403 1.327382 -0.207405
v 0.219824 1.373451 -0.195398
v 0.247403 1.327382 -0.207405
v -0.279434 1.348257 -0.195925
v -0.302289 1.299644 -0.207985
v -0.157762 0.541748 0.080674
v 0.310943 0.804953 0.307492
v 0.179929 0.558611 0.081113
v 0.310943 0.804953 0.307492
v -0.157762 0.541748 0.080674
v -0.315560 0.773338 0.306830
v -0.157762 0.541748 0.080674
v 0.251584 0.631569 -0.029146
v -0.233939 0.607322 -0.029779
v 0.251584 0.631569 -0.029146
v -0.157762 0.541748 0.080674
v 0.179929 0.558611 0.081113
v -0.315842 1.319420 -0.288483
v -0.302289 1.299644 -0.207985
v -0.340672 1.297706 -0.208025
v -0.302971 1.299310 0.220654
v -0.278399 1.311011 0.298911
v -0.294080 1.118589 0.250296
v -0.294080 1.118589 0.250296
v 0.310943 0.804953 0.307492
v -0.315560 0.773338 0.306830
v 0.310943 0.804953 0.307492
v -0.294080 1.118589 0.250296
v 0.255663 1.146330 0.250876
v -0.306034 1.370103 -0.058434
v -0.279434 1.348257 -0.195925
v -0.282398 1.404073 -0.067968
v -0.302289 1.299644 -0.207985
v -0.279434 1.348257 -0.195925
v 0.216859 1.429267 -0.067442
v -0.282398 1.404073 -0.067968
v 0.216859 1.429267 -0.067442
v -0.279434 1.348257 -0.195925
v 0.219824 1.373451 -0.195398
v -0.282398 1.404073 -0.067968
v -0.302971 1.299310 0.220654
v -0.306034 1.370103 -0.058434
v -0.278399 1.311011 0.298911
v 0.255663 1.146330 0.250876
v -0.294080 1.118589 0.250296
v 0.255663 1.146330 0.250876
v -0.278399 1.311011 0.298911
v 0.220909 1.336206 0.299438
v 0.164819 0.809079 -0.211692
v 0.228588 0.803765 -0.265962
v 0.212422 0.787859 -0.132580
v -0.163189 0.809014 -0.205160
v -0.229057 0.803675 -0.256848
v -0.143931 0.816060 -0.264460
v -0.660162 1.166223 -0.047975
v -0.608883 1.177705 -0.196011
v -0.574800 1.261598 0.008770
v -0.576508 1.167003 0.082170
v -0.488116 1.268372 -0.129652
v -0.402485 1.184037 -0.211012
v -0.483017 0.969862 -0.182386
v -0.501622 1.063988 -0.248778
v -0.354887 1.037797 -0.149951
v 0.096975 0.661490 -0.321315
v 0.210227 0.782980 -0.275163
v 0.100442 0.747740 -0.234227
v 0.259800 0.757010 -0.166143
v 0.150014 0.721771 -0.125206
v 0.305907 0.644789 -0.144209
v 0.196820 0.592120 -0.117332
v 0.302440 0.558540 -0.231297
v 0.192654 0.523300 -0.190362
v 0.252867 0.584510 -0.340318
v 0.192654 0.523300 -0.190362
v 0.302440 0.558540 -0.231297
v 0.143081 0.549270 -0.299382
v 0.206760 0.696730 -0.362250
v -0.279225 0.738668 -0.265566
v -0.301010 0.726304 -0.194882
v -0.280262 0.682286 -0.315095
v -0.324868 0.601178 -0.223255
v -0.303083 0.613542 -0.293939
v -0.323830 0.657559 -0.173726
v -0.279225 0.738668 -0.265566
v -0.245156 0.673685 -0.306108
v -0.244120 0.730066 -0.256580
v -0.280262 0.682286 -0.315095
v -0.301010 0.726304 -0.194882
v -0.265903 0.717702 -0.185895
v -0.323830 0.657559 -0.173726
v -0.288724 0.648958 -0.164740
v -0.324868 0.601178 -0.223255
v -0.289761 0.592577 -0.214268
v -0.303083 0.613542 -0.293939
v -0.289761 0.592577 -0.214268
v -0.267977 0.604941 -0.284953
v -0.324868 0.601178 -0.223255
v 0.317201 0.664435 -0.197192
v 0.288730 0.733730 -0.210735
v 0.315061 0.611175 -0.250968
v 0.255978 0.696508 -0.331832
v 0.284449 0.627212 -0.318288
v 0.258119 0.749767 -0.278055
v 0.258119 0.749767 -0.278055
v 0.222571 0.685784 -0.319376
v 0.255978 0.696508 -0.331832
v 0.224712 0.739043 -0.265598
v 0.288730 0.733730 -0.210735
v 0.255323 0.723007 -0.198279
v 0.317201 0.664435 -0.197192
v 0.283794 0.653712 -0.184735
v 0.315061 0.611175 -0.250968
v 0.281654 0.600453 -0.238512
v 0.284449 0.627212 -0.318288
v 0.281654 0.600453 -0.238512
v 0.315061 0.611175 -0.250968
v 0.251042 0.616489 -0.305831
v 0.305907 0.644789 -0.144209
v 0.259800 0.757010 -0.166143
v 0.302440 0.558540 -0.231297
v 0.206760 0.696730 -0.362250
v 0.252867 0.584510 -0.340318
v 0.210227 0.782980 -0.275163
v -0.514569 0.946853 -0.053896
v -0.354887 1.037797 -0.149951
v -0.483017 0.969862 -0.182386
v -0.419032 1.009353 0.006483
v -0.596647 0.980453 0.054084
v -0.493877 1.052235 0.107153
v -0.653779 1.087187 0.036665
v -0.646131 1.071347 0.008954
v -0.653779 1.087187 0.036665
v -0.596647 0.980453 0.054084
v -0.402485 1.184037 -0.211012
v -0.354887 1.037797 -0.149951
v -0.390910 1.187256 -0.176251
v 0.405195 1.193259 -0.197722
v 0.596209 1.140496 -0.137527
v 0.483077 1.250503 -0.089451
v 0.485049 1.057393 -0.226721
v 0.442675 0.941587 -0.179367
v 0.318936 1.020012 -0.154115
v -0.666777 1.334543 -0.130065
v -0.553758 1.245350 -0.045129
v -0.627498 1.181147 -0.082626
v -0.666777 1.334543 -0.130065
v -0.524622 1.249175 -0.113996
v -0.553758 1.245350 -0.045129
v -0.666777 1.334543 -0.130065
v -0.598362 1.184973 -0.151493
v -0.524622 1.249175 -0.113996
v -0.666777 1.334543 -0.130065
v -0.627498 1.181147 -0.082626
v -0.598362 1.184973 -0.151493
v -0.503338 1.240241 -0.332336
v -0.469711 1.220953 -0.170784
v -0.552770 1.161716 -0.194528
v -0.503338 1.240241 -0.332336
v -0.424656 1.170886 -0.203501
v -0.469711 1.220953 -0.170784
v -0.503338 1.240241 -0.332336
v -0.507716 1.111649 -0.227242
v -0.424656 1.170886 -0.203501
v -0.503338 1.240241 -0.332336
v -0.552770 1.161716 -0.194528
v -0.507716 1.111649 -0.227242
v -0.655669 1.125476 -0.060751
v -0.608883 1.177705 -0.196011
v -0.660162 1.166223 -0.047975
v -0.617532 1.136421 -0.181764
v -0.501622 1.063988 -0.248778
v -0.530677 1.046352 -0.229033
v -0.483017 0.969862 -0.182386
v -0.488116 1.268372 -0.129652
v -0.452887 1.256169 -0.096329
v -0.576508 1.167003 0.082170
v -0.541773 1.169293 0.078219
v -0.493877 1.052235 0.107153
v -0.536641 1.254673 0.014795
v -0.574800 1.261598 0.008770
v -0.124961 0.638777 -0.375123
v -0.132772 0.641749 -0.337606
v -0.108896 0.630886 -0.357025
v -0.163189 0.809014 -0.205160
v -0.152510 0.832769 -0.197862
v -0.207981 0.787606 -0.124453
v -0.132772 0.641749 -0.337606
v -0.124328 0.766384 -0.344999
v -0.132511 0.753178 -0.326448
v -0.132511 0.753178 -0.326448
v -0.134749 0.840928 -0.266449
v -0.143931 0.816060 -0.264460
v -0.163189 0.809014 -0.205160
v -0.152510 0.832769 -0.197862
v -0.143931 0.816060 -0.264460
v -0.132511 0.753178 -0.326448
v -0.245114 0.640264 -0.323134
v -0.132772 0.641749 -0.337606
v -0.232157 0.743785 -0.313175
v -0.207794 0.787798 -0.124469
v -0.229057 0.803675 -0.256848
v -0.245114 0.640264 -0.323134
v -0.232157 0.743785 -0.313175
v -0.245114 0.640264 -0.323134
v -0.229057 0.803675 -0.256848
v -0.229734 0.709854 -0.270517
v -0.231195 0.707491 -0.176494
v -0.229057 0.803675 -0.256848
v -0.207554 0.787799 -0.124387
v -0.229734 0.709854 -0.270517
v -0.098659 0.557431 -0.358488
v -0.104156 0.564635 -0.322320
v -0.087654 0.465524 -0.280721
v -0.104156 0.564635 -0.322320
v -0.097135 0.497657 -0.262268
v -0.082316 0.396250 -0.088973
v -0.097135 0.497657 -0.262268
v -0.092089 0.413485 -0.087552
v -0.082254 0.417206 -0.025294
v -0.092089 0.413485 -0.087552
v -0.092053 0.431322 -0.035259
v -0.081914 0.516497 0.008148
v -0.092053 0.431322 -0.035259
v -0.098413 0.543218 -0.012819
v 0.225129 0.652320 -0.106965
v 0.212422 0.787859 -0.132580
v 0.233962 0.707583 -0.185758
v 0.207844 0.701408 -0.067298
v 0.108823 0.542480 -0.013081
v -0.207606 0.787776 -0.124214
v -0.224925 0.653934 -0.106392
v -0.231195 0.707491 -0.176494
v 0.103398 0.630928 -0.361253
v 0.128020 0.641800 -0.342800
v 0.118729 0.638825 -0.379976
v 0.212422 0.787859 -0.132580
v 0.154425 0.832829 -0.203976
v 0.164819 0.809079 -0.211692
v -0.134749 0.840928 -0.266449
v 0.119361 0.766431 -0.349853
v 0.133953 0.840980 -0.271802
v -0.124328 0.766384 -0.344999
v 0.154425 0.832829 -0.203976
v 0.000287 0.836829 -0.234627
v 0.128020 0.641800 -0.342800
v 0.119361 0.766431 -0.349853
v 0.128280 0.753229 -0.331641
v 0.128280 0.753229 -0.331641
v 0.133953 0.840980 -0.271802
v 0.143221 0.816115 -0.270179
v 0.164819 0.809079 -0.211692
v 0.143221 0.816115 -0.270179
v 0.154425 0.832829 -0.203976
v -0.124961 0.638777 -0.375123
v 0.118729 0.638825 -0.379976
v 0.128280 0.753229 -0.331641
v 0.240848 0.640360 -0.332813
v 0.228379 0.743875 -0.322347
v 0.128020 0.641800 -0.342800
v 0.143221 0.816115 -0.270179
v 0.228588 0.803765 -0.265962
v 0.240848 0.640360 -0.332813
v 0.228772 0.709944 -0.279648
v 0.240848 0.640360 -0.332813
v 0.228588 0.803765 -0.265962
v 0.228379 0.743875 -0.322347
v -0.233295 0.773461 -0.270532
v -0.268572 0.753438 -0.156063
v -0.234973 0.682155 -0.350740
v -0.307209 0.550806 -0.202011
v -0.271930 0.570829 -0.316480
v -0.305530 0.642109 -0.121802
v -0.233295 0.773461 -0.270532
v -0.119603 0.653890 -0.321208
v -0.117924 0.745194 -0.240999
v -0.234973 0.682155 -0.350740
v -0.268572 0.753438 -0.156063
v -0.153202 0.725172 -0.126530
v -0.305530 0.642109 -0.121802
v -0.190160 0.613845 -0.092270
v -0.307209 0.550806 -0.202011
v -0.191839 0.522539 -0.172478
v -0.271930 0.570829 -0.316480
v -0.191839 0.522539 -0.172478
v -0.156560 0.542562 -0.286947
v -0.307209 0.550806 -0.202011
v 0.117801 0.537494 -0.052503
v 0.118145 0.589910 0.083492
v 0.118255 0.640889 0.025751
v 0.117706 0.492038 0.002290
v -0.107613 0.492841 0.002575
v -0.107064 0.641692 0.026037
v -0.107175 0.590711 0.083776
v -0.107518 0.538297 -0.052218
v 0.117706 0.492038 0.002290
v -0.107175 0.590711 0.083776
v 0.118145 0.589910 0.083492
v -0.107613 0.492841 0.002575
v 0.118145 0.589910 0.083492
v -0.107064 0.641692 0.026037
v 0.118255 0.640889 0.025751
v -0.107175 0.590711 0.083776
v 0.117706 0.492038 0.002290
v -0.107518 0.538297 -0.052218
v -0.107613 0.492841 0.002575
v 0.117801 0.537494 -0.052503
v -0.152510 0.832769 -0.197862
v 0.233962 0.707583 -0.185758
v 0.228588 0.803765 -0.265962
v 0.228772 0.709944 -0.279648
v 0.212422 0.787859 -0.132580
v 0.093416 0.557468 -0.362313
v 0.100338 0.564675 -0.326392
v 0.086413 0.465558 -0.284188
v 0.100338 0.564675 -0.326392
v 0.096601 0.497695 -0.266126
v 0.091785 0.395631 -0.089193
v 0.096601 0.497695 -0.266126
v 0.101683 0.412795 -0.087798
v 0.091845 0.416587 -0.025515
v 0.101683 0.412795 -0.087798
v 0.101720 0.430632 -0.035504
v 0.092186 0.515878 0.007928
v 0.101720 0.430632 -0.035504
v 0.108823 0.542480 -0.013081
v 0.103398 0.630928 -0.361253
v -0.098659 0.557431 -0.358488
v 0.093416 0.557468 -0.362313
v -0.108896 0.630886 -0.357025
v -0.087654 0.465524 -0.280721
v 0.086413 0.465558 -0.284188
v -0.082316 0.396250 -0.088973
v 0.091785 0.395631 -0.089193
v -0.082254 0.417206 -0.025294
v 0.091845 0.416587 -0.025515
v 0.092186 0.515878 0.007928
v -0.081914 0.516497 0.008148
v -0.317241 0.093712 0.336161
v -0.358058 0.010414 0.368296
v -0.377526 0.093968 0.320576
v -0.358058 0.010414 0.368296
v -0.301513 0.020628 0.274146
v -0.361799 0.020883 0.258560
v -0.455177 0.094285 0.297475
v -0.441782 0.021249 0.244481
v -0.490077 0.010936 0.325022
v -0.506596 0.094503 0.284182
v -0.490077 0.010936 0.325022
v -0.493201 0.021467 0.231188
v -0.455177 0.094285 0.297475
v -0.490077 0.010936 0.325022
v -0.506596 0.094503 0.284182
v -0.490077 0.010936 0.325022
v -0.441782 0.021249 0.244481
v -0.493201 0.021467 0.231188
v -0.148993 0.219321 0.170376
v -0.444680 0.126721 -0.014872
v -0.122994 0.125357 0.068297
v -0.444680 0.126721 -0.014872
v -0.148993 0.219321 0.170376
v -0.470679 0.220684 0.087207
v -0.123088 0.004671 0.066697
v -0.506853 0.007345 0.223648
v -0.185167 0.005981 0.306818
v -0.444773 0.006035 -0.016472
v -0.203906 0.104611 0.380894
v -0.195096 0.186205 0.348144
v -0.185167 0.005981 0.306818
v -0.185167 0.005981 0.306818
v -0.195096 0.186205 0.348144
v -0.123088 0.004671 0.066697
v -0.123088 0.004671 0.066697
v -0.195096 0.186205 0.348144
v -0.122994 0.125357 0.068297
v -0.122994 0.125357 0.068297
v -0.195096 0.186205 0.348144
v -0.148993 0.219321 0.170376
v -0.123088 0.004671 0.066697
v -0.444680 0.126721 -0.014872
v -0.444773 0.006035 -0.016472
v -0.444680 0.126721 -0.014872
v -0.123088 0.004671 0.066697
v -0.122994 0.125357 0.068297
v -0.444680 0.126721 -0.014872
v -0.470679 0.220684 0.087207
v -0.506853 0.007345 0.223648
v -0.444680 0.126721 -0.014872
v -0.506853 0.007345 0.223648
v -0.444773 0.006035 -0.016472
v -0.506853 0.007345 0.223648
v -0.470679 0.220684 0.087207
v -0.525592 0.105975 0.297725
v -0.525592 0.105975 0.297725
v -0.470679 0.220684 0.087207
v -0.516781 0.187569 0.264975
v -0.203906 0.104611 0.380894
v -0.516781 0.187569 0.264975
v -0.195096 0.186205 0.348144
v -0.525592 0.105975 0.297725
v -0.195096 0.186205 0.348144
v -0.470679 0.220684 0.087207
v -0.148993 0.219321 0.170376
v -0.470679 0.220684 0.087207
v -0.195096 0.186205 0.348144
v -0.516781 0.187569 0.264975
v -0.185167 0.005981 0.306818
v -0.525592 0.105975 0.297725
v -0.203906 0.104611 0.380894
v -0.525592 0.105975 0.297725
v -0.185167 0.005981 0.306818
v -0.506853 0.007345 0.223648
v 0.439322 0.439538 0.208894
v 0.239741 0.389761 0.239121
v 0.284096 0.428599 0.255851
v 0.451069 0.282646 0.072190
v 0.239741 0.389761 0.239121
v 0.439322 0.439538 0.208894
v 0.471637 0.406104 0.168971
v 0.451069 0.282646 0.072190
v 0.439322 0.439538 0.208894
v 0.219172 0.266304 0.142340
v 0.239741 0.389761 0.239121
v 0.451069 0.282646 0.072190
v 0.555230 0.193573 0.170839
v 0.493977 0.230947 -0.001416
v 0.568223 0.111249 0.200199
v 0.241600 0.183065 0.280106
v 0.555230 0.193573 0.170839
v 0.254594 0.100741 0.309466
v 0.568223 0.111249 0.200199
v 0.254594 0.100741 0.309466
v 0.555230 0.193573 0.170839
v 0.180348 0.220439 0.107851
v 0.493977 0.230947 -0.001416
v 0.241600 0.183065 0.280106
v 0.555230 0.193573 0.170839
v 0.241600 0.183065 0.280106
v 0.493977 0.230947 -0.001416
v 0.254594 0.100741 0.309466
v 0.568223 0.111249 0.200199
v 0.231615 0.003969 0.234152
v 0.545243 0.014476 0.124885
v 0.231615 0.003969 0.234152
v 0.568223 0.111249 0.200199
v -0.386482 0.094006 0.318260
v -0.370755 0.020921 0.256245
v -0.427299 0.010707 0.350394
v -0.446767 0.094261 0.302673
v -0.427299 0.010707 0.350394
v -0.431039 0.021177 0.240658
v -0.386482 0.094006 0.318260
v -0.427299 0.010707 0.350394
v -0.446767 0.094261 0.302673
v -0.427299 0.010707 0.350394
v -0.370755 0.020921 0.256245
v -0.431039 0.021177 0.240658
v -0.440403 0.152161 0.046524
v -0.428325 0.018132 0.014955
v -0.322961 0.150334 -0.248580
v -0.322961 0.150334 -0.248580
v -0.428325 0.018132 0.014955
v -0.320250 0.082019 -0.256016
v -0.320250 0.082019 -0.256016
v -0.428325 0.018132 0.014955
v -0.346297 0.016855 -0.191163
v -0.116627 0.149462 -0.195234
v -0.440403 0.152161 0.046524
v -0.322961 0.150334 -0.248580
v -0.440403 0.152161 0.046524
v -0.116627 0.149462 -0.195234
v -0.156932 0.150963 0.119812
v -0.125093 0.015921 -0.133972
v -0.320250 0.082019 -0.256016
v -0.346297 0.016855 -0.191163
v -0.320250 0.082019 -0.256016
v -0.125093 0.015921 -0.133972
v -0.115930 0.081155 -0.203190
v -0.346297 0.016855 -0.191163
v -0.153244 0.016970 0.086076
v -0.125093 0.015921 -0.133972
v -0.153244 0.016970 0.086076
v -0.346297 0.016855 -0.191163
v -0.428325 0.018132 0.014955
v -0.322961 0.150334 -0.248580
v -0.115930 0.081155 -0.203190
v -0.116627 0.149462 -0.195234
v -0.115930 0.081155 -0.203190
v -0.322961 0.150334 -0.248580
v -0.320250 0.082019 -0.256016
v -0.153244 0.016970 0.086076
v -0.156932 0.150963 0.119812
v -0.125093 0.015921 -0.133972
v -0.125093 0.015921 -0.133972
v -0.156932 0.150963 0.119812
v -0.115930 0.081155 -0.203190
v -0.115930 0.081155 -0.203190
v -0.156932 0.150963 0.119812
v -0.116627 0.149462 -0.195234
v -0.214738 0.096053 0.364210
v -0.198029 0.010884 0.298203
v -0.282512 0.013112 0.430728
v -0.308896 0.096451 0.339866
v -0.282512 0.013112 0.430728
v -0.292187 0.011283 0.273860
v -0.214738 0.096053 0.364210
v -0.282512 0.013112 0.430728
v -0.308896 0.096451 0.339866
v -0.282512 0.013112 0.430728
v -0.198029 0.010884 0.298203
v -0.292187 0.011283 0.273860
v -0.317241 0.093712 0.336161
v -0.301513 0.020628 0.274146
v -0.358058 0.010414 0.368296
v -0.377526 0.093968 0.320576
v -0.358058 0.010414 0.368296
v -0.361799 0.020883 0.258560
v 0.445130 0.489530 -0.130787
v 0.469551 0.519230 -0.043134
v 0.085463 0.464183 -0.021986
v 0.367233 0.475676 -0.202722
v 0.423850 0.256100 -0.128635
v 0.502145 0.388931 0.088032
v 0.472890 0.246441 -0.017224
v 0.502145 0.388931 0.088032
v 0.423850 0.256100 -0.128635
v 0.112080 0.457694 -0.125536
v 0.134544 0.235712 -0.041119
v 0.101959 0.109324 -0.240208
v 0.129494 0.061849 -0.098348
v 0.101959 0.109324 -0.240208
v 0.134544 0.235712 -0.041119
v 0.367233 0.475676 -0.202722
v 0.357112 0.127305 -0.317394
v 0.423850 0.256100 -0.128635
v 0.418799 0.082238 -0.185865
v 0.423850 0.256100 -0.128635
v 0.357112 0.127305 -0.317394
v 0.502145 0.388931 0.088032
v 0.472890 0.246441 -0.017224
v 0.172485 0.365699 0.187756
v 0.156846 0.224168 0.078380
v 0.172485 0.365699 0.187756
v 0.472890 0.246441 -0.017224
v 0.134544 0.235712 -0.041119
v 0.156846 0.224168 0.078380
v 0.423850 0.256100 -0.128635
v 0.472890 0.246441 -0.017224
v 0.423850 0.256100 -0.128635
v 0.156846 0.224168 0.078380
v 0.172485 0.365699 0.187756
v 0.112080 0.457694 -0.125536
v 0.502145 0.388931 0.088032
v 0.367233 0.475676 -0.202722
v 0.502145 0.388931 0.088032
v 0.112080 0.457694 -0.125536
v 0.101959 0.109324 -0.240208
v 0.129494 0.061849 -0.098348
v 0.357112 0.127305 -0.317394
v 0.418799 0.082238 -0.185865
v 0.357112 0.127305 -0.317394
v 0.129494 0.061849 -0.098348
v 0.129494 0.061849 -0.098348
v 0.134544 0.235712 -0.041119
v 0.418799 0.082238 -0.185865
v 0.423850 0.256100 -0.128635
v 0.418799 0.082238 -0.185865
v 0.134544 0.235712 -0.041119
v 0.112080 0.457694 -0.125536
v 0.101959 0.109324 -0.240208
v 0.367233 0.475676 -0.202722
v 0.357112 0.127305 -0.317394
v 0.367233 0.475676 -0.202722
v 0.101959 0.109324 -0.240208
v 0.190683 0.258087 -0.249588
v 0.217595 0.269715 -0.287307
v 0.194427 0.386940 -0.207174
v 0.221339 0.398568 -0.244893
v 0.218534 0.244304 -0.210156
v 0.222277 0.373157 -0.167742
v 0.262078 0.263118 -0.271186
v 0.262657 0.247413 -0.223504
v 0.265821 0.391972 -0.228772
v 0.266401 0.376266 -0.181090
v 0.264615 0.227337 -0.325467
v 0.157755 0.219805 -0.293140
v 0.311169 0.206560 -0.266431
v 0.154636 0.195529 -0.219079
v 0.311169 0.206560 -0.266431
v 0.157755 0.219805 -0.293140
v 0.266207 0.282098 -0.307441
v 0.264615 0.227337 -0.325467
v 0.312761 0.261322 -0.248406
v 0.471637 0.406104 0.168971
v 0.439322 0.439538 0.208894
v 0.446294 0.473313 0.100856
v 0.414876 0.504370 0.143191
v 0.446294 0.473313 0.100856
v 0.439322 0.439538 0.208894
v 0.451069 0.282646 0.072190
v 0.471637 0.406104 0.168971
v 0.422663 0.357981 -0.004158
v 0.446294 0.473313 0.100856
v 0.422663 0.357981 -0.004158
v 0.471637 0.406104 0.168971
v 0.439322 0.439538 0.208894
v 0.284096 0.428599 0.255851
v 0.414876 0.504370 0.143191
v 0.259650 0.493431 0.190147
v 0.414876 0.504370 0.143191
v 0.284096 0.428599 0.255851
v 0.219172 0.266304 0.142340
v 0.451069 0.282646 0.072190
v 0.190766 0.341638 0.065992
v 0.422663 0.357981 -0.004158
v 0.190766 0.341638 0.065992
v 0.451069 0.282646 0.072190
v 0.259650 0.493431 0.190147
v 0.284096 0.428599 0.255851
v 0.214398 0.456971 0.171006
v 0.239741 0.389761 0.239121
v 0.214398 0.456971 0.171006
v 0.284096 0.428599 0.255851
v 0.414876 0.504370 0.143191
v 0.259650 0.493431 0.190147
v 0.446294 0.473313 0.100856
v 0.214398 0.456971 0.171006
v 0.446294 0.473313 0.100856
v 0.259650 0.493431 0.190147
v 0.214398 0.456971 0.171006
v 0.239741 0.389761 0.239121
v 0.190766 0.341638 0.065992
v 0.219172 0.266304 0.142340
v 0.190766 0.341638 0.065992
v 0.239741 0.389761 0.239121
v 0.446294 0.473313 0.100856
v 0.214398 0.456971 0.171006
v 0.422663 0.357981 -0.004158
v 0.190766 0.341638 0.065992
v 0.422663 0.357981 -0.004158
v 0.214398 0.456971 0.171006
v 0.091686 0.368690 -0.023673
v 0.131198 0.416746 0.118153
v 0.119953 0.339372 0.062938
v 0.085463 0.464183 -0.021986
v 0.109883 0.493884 0.065668
v 0.451354 0.394037 -0.132475
v 0.469551 0.519230 -0.043134
v 0.445130 0.489530 -0.130787
v 0.479621 0.364719 -0.045863
v 0.490866 0.442093 0.009352
v 0.131198 0.416746 0.118153
v 0.109883 0.493884 0.065668
v 0.490866 0.442093 0.009352
v 0.119953 0.339372 0.062938
v 0.479621 0.364719 -0.045863
v 0.091686 0.368690 -0.023673
v 0.451354 0.394037 -0.132475
v 0.091686 0.368690 -0.023673
v 0.451354 0.394037 -0.132475
v 0.115964 0.159050 -0.254131
v 0.185196 0.153045 0.055778
v 0.116212 0.090993 -0.264014
v 0.342733 0.002740 0.360643
v 0.242043 0.012054 0.220371
v 0.262579 0.095570 0.287394
v 0.333841 0.015129 0.188389
v 0.342733 0.002740 0.360643
v 0.354379 0.098645 0.255412
v 0.354379 0.098645 0.255412
v 0.342733 0.002740 0.360643
v 0.262579 0.095570 0.287394
v 0.333841 0.015129 0.188389
v 0.242043 0.012054 0.220371
v 0.342733 0.002740 0.360643
v 0.408889 0.010184 0.281307
v 0.344571 0.021990 0.192492
v 0.364024 0.093527 0.255245
v 0.403347 0.023959 0.172015
v 0.408889 0.010184 0.281307
v 0.422799 0.095496 0.234769
v 0.422799 0.095496 0.234769
v 0.408889 0.010184 0.281307
v 0.364024 0.093527 0.255245
v 0.403347 0.023959 0.172015
v 0.344571 0.021990 0.192492
v 0.408889 0.010184 0.281307
v 0.474182 0.012629 0.249189
v 0.419206 0.024304 0.173256
v 0.435590 0.096009 0.227213
v 0.469337 0.025985 0.155789
v 0.474182 0.012629 0.249189
v 0.485720 0.097688 0.209747
v 0.485720 0.097688 0.209747
v 0.474182 0.012629 0.249189
v 0.435590 0.096009 0.227213
v 0.469337 0.025985 0.155789
v 0.419206 0.024304 0.173256
v 0.474182 0.012629 0.249189
v 0.536848 0.014729 0.227357
v 0.481871 0.026404 0.151423
v 0.498255 0.098109 0.205381
v 0.532003 0.028083 0.133957
v 0.536848 0.014729 0.227357
v 0.548387 0.099788 0.187915
v 0.548387 0.099788 0.187915
v 0.536848 0.014729 0.227357
v 0.498255 0.098109 0.205381
v 0.532003 0.028083 0.133957
v 0.481871 0.026404 0.151423
v 0.536848 0.014729 0.227357
v 0.147732 0.129004 0.005385
v 0.461361 0.139511 -0.103881
v 0.180348 0.220439 0.107851
v 0.493977 0.230947 -0.001416
v 0.180348 0.220439 0.107851
v 0.461361 0.139511 -0.103881
v 0.231615 0.003969 0.234152
v 0.545243 0.014476 0.124885
v 0.149920 0.008445 0.000031
v 0.463548 0.018954 -0.109235
v 0.149920 0.008445 0.000031
v 0.545243 0.014476 0.124885
v 0.231615 0.003969 0.234152
v 0.241600 0.183065 0.280106
v 0.254594 0.100741 0.309466
v 0.149920 0.008445 0.000031
v 0.241600 0.183065 0.280106
v 0.231615 0.003969 0.234152
v 0.147732 0.129004 0.005385
v 0.241600 0.183065 0.280106
v 0.149920 0.008445 0.000031
v 0.180348 0.220439 0.107851
v 0.241600 0.183065 0.280106
v 0.147732 0.129004 0.005385
v 0.463548 0.018954 -0.109235
v 0.461361 0.139511 -0.103881
v 0.149920 0.008445 0.000031
v 0.147732 0.129004 0.005385
v 0.149920 0.008445 0.000031
v 0.461361 0.139511 -0.103881
v 0.545243 0.014476 0.124885
v 0.493977 0.230947 -0.001416
v 0.461361 0.139511 -0.103881
v 0.463548 0.018954 -0.109235
v 0.545243 0.014476 0.124885
v 0.461361 0.139511 -0.103881
v 0.568223 0.111249 0.200199
v 0.493977 0.230947 -0.001416
v 0.545243 0.014476 0.124885
v 0.316398 0.166959 -0.326169
v 0.448910 0.030516 -0.077478
v 0.460559 0.163911 -0.043191
v 0.314689 0.098824 -0.335348
v 0.448910 0.030516 -0.077478
v 0.316398 0.166959 -0.326169
v 0.348219 0.032644 -0.275127
v 0.448910 0.030516 -0.077478
v 0.314689 0.098824 -0.335348
v 0.316398 0.166959 -0.326169
v 0.460559 0.163911 -0.043191
v 0.115964 0.159050 -0.254131
v 0.185196 0.153045 0.055778
v 0.115964 0.159050 -0.254131
v 0.460559 0.163911 -0.043191
v 0.348219 0.032644 -0.275127
v 0.314689 0.098824 -0.335348
v 0.133341 0.024166 -0.197898
v 0.116212 0.090993 -0.264014
v 0.133341 0.024166 -0.197898
v 0.314689 0.098824 -0.335348
v 0.133341 0.024166 -0.197898
v 0.181696 0.019971 0.018562
v 0.348219 0.032644 -0.275127
v 0.448910 0.030516 -0.077478
v 0.348219 0.032644 -0.275127
v 0.181696 0.019971 0.018562
v 0.115964 0.159050 -0.254131
v 0.116212 0.090993 -0.264014
v 0.316398 0.166959 -0.326169
v 0.314689 0.098824 -0.335348
v 0.316398 0.166959 -0.326169
v 0.116212 0.090993 -0.264014
v 0.133341 0.024166 -0.197898
v 0.185196 0.153045 0.055778
v 0.181696 0.019971 0.018562
v 0.116212 0.090993 -0.264014
v 0.185196 0.153045 0.055778
v 0.133341 0.024166 -0.197898
v 0.407246 1.040273 0.104967
v 0.494803 1.116999 0.122675
v 0.509285 0.960277 0.063476
v 0.563651 1.025626 0.086283
v 0.509285 0.960277 0.063476
v 0.563651 1.025626 0.086283
v 0.560108 1.013921 0.055827
v 0.386274 1.196415 -0.166343
v 0.318936 1.020012 -0.154115
v 0.405195 1.193259 -0.197722
v 0.606123 1.107250 0.015675
v 0.606123 1.107250 0.015675
v 0.596209 1.140496 -0.137527
v 0.596991 1.069537 -0.002708
v 0.592783 1.097398 -0.126898
v 0.442675 0.941587 -0.179367
v 0.504287 1.032392 -0.203264
v 0.485049 1.057393 -0.226721
v 0.483077 1.250503 -0.089451
v 0.439028 1.243984 -0.066696
v 0.407246 1.040273 0.104967
v 0.463265 1.127177 0.111307
v 0.494803 1.116999 0.122675
v 0.529887 1.214722 0.063023
v 0.490826 1.215968 0.059387
v 0.442675 0.941587 -0.179367
v 0.318936 1.020012 -0.154115
v 0.454779 0.920494 -0.044891
v 0.361539 0.997999 -0.000391
v 0.529887 1.214722 0.063023
v -0.173001 0.476993 0.198684
v -0.239306 0.461001 0.289295
v -0.215761 0.517261 0.215821
v -0.239306 0.461001 0.289295
v -0.173001 0.476993 0.198684
v -0.197409 0.418669 0.274853
v -0.407381 0.495958 0.138097
v -0.215761 0.517261 0.215821
v -0.372649 0.529956 0.175265
v -0.215761 0.517261 0.215821
v -0.407381 0.495958 0.138097
v -0.173001 0.476993 0.198684
v -0.159288 0.350126 0.105919
v -0.197409 0.418669 0.274853
v -0.173001 0.476993 0.198684
v -0.197409 0.418669 0.274853
v -0.159288 0.350126 0.105919
v -0.186647 0.284752 0.191297
v -0.393669 0.369092 0.045332
v -0.173001 0.476993 0.198684
v -0.407381 0.495958 0.138097
v -0.173001 0.476993 0.198684
v -0.393669 0.369092 0.045332
v -0.159288 0.350126 0.105919
v -0.088867 0.344414 0.099821
v -0.094249 0.427687 0.146711
v -0.063963 0.362988 0.009293
v -0.053954 0.457739 0.000233
v -0.072672 0.497725 0.085163
v -0.417475 0.487154 -0.093736
v -0.436192 0.527140 -0.008808
v -0.427483 0.392404 -0.084677
v -0.452388 0.373830 0.005851
v -0.457769 0.457102 0.052740
v -0.457769 0.457102 0.052740
v -0.072672 0.497725 0.085163
v -0.094249 0.427687 0.146711
v -0.436192 0.527140 -0.008808
v -0.452388 0.373830 0.005851
v -0.088867 0.344414 0.099821
v -0.427483 0.392404 -0.084677
v -0.063963 0.362988 0.009293
v -0.417475 0.487154 -0.093736
v -0.063963 0.362988 0.009293
v -0.053954 0.457739 0.000233
v -0.427483 0.392404 -0.084677
v -0.467054 0.413242 0.137206
v -0.405199 0.254597 -0.067068
v -0.343966 0.462227 -0.167294
v -0.405199 0.254597 -0.067068
v -0.467054 0.413242 0.137206
v -0.448798 0.259129 0.046907
v -0.095405 0.082598 -0.176868
v -0.112796 0.230936 0.008518
v -0.086080 0.441359 -0.100630
v -0.112796 0.230936 0.008518
v -0.095405 0.082598 -0.176868
v -0.117450 0.051888 -0.029529
v -0.405199 0.254597 -0.067068
v -0.353291 0.103465 -0.243531
v -0.343966 0.462227 -0.167294
v -0.353291 0.103465 -0.243531
v -0.405199 0.254597 -0.067068
v -0.409854 0.075548 -0.105116
v 0.311169 0.206560 -0.266431
v 0.312761 0.261322 -0.248406
v 0.264615 0.227337 -0.325467
v 0.159346 0.274566 -0.275114
v 0.266207 0.282098 -0.307441
v 0.156227 0.250291 -0.201053
v 0.312761 0.261322 -0.248406
v 0.156227 0.250291 -0.201053
v 0.266207 0.282098 -0.307441
v 0.157755 0.219805 -0.293140
v 0.159346 0.274566 -0.275114
v 0.154636 0.195529 -0.219079
v 0.156227 0.250291 -0.201053
v 0.154636 0.195529 -0.219079
v 0.159346 0.274566 -0.275114
v 0.157755 0.219805 -0.293140
v 0.264615 0.227337 -0.325467
v 0.159346 0.274566 -0.275114
v 0.266207 0.282098 -0.307441
v 0.159346 0.274566 -0.275114
v 0.264615 0.227337 -0.325467
v 0.269750 0.404083 -0.267287
v 0.162889 0.396553 -0.234961
v 0.316304 0.383306 -0.208252
v 0.159770 0.372275 -0.160899
v 0.316304 0.383306 -0.208252
v 0.162889 0.396553 -0.234961
v 0.271341 0.458845 -0.249261
v 0.269750 0.404083 -0.267287
v 0.317895 0.438068 -0.190226
v 0.316304 0.383306 -0.208252
v 0.317895 0.438068 -0.190226
v 0.269750 0.404083 -0.267287
v 0.164479 0.451314 -0.216936
v 0.271341 0.458845 -0.249261
v 0.161362 0.427037 -0.142875
v 0.317895 0.438068 -0.190226
v 0.161362 0.427037 -0.142875
v 0.271341 0.458845 -0.249261
v 0.162889 0.396553 -0.234961
v 0.164479 0.451314 -0.216936
v 0.159770 0.372275 -0.160899
v 0.161362 0.427037 -0.142875
v 0.159770 0.372275 -0.160899
v 0.164479 0.451314 -0.216936
v 0.162889 0.396553 -0.234961
v 0.269750 0.404083 -0.267287
v 0.164479 0.451314 -0.216936
v 0.271341 0.458845 -0.249261
v 0.164479 0.451314 -0.216936
v 0.269750 0.404083 -0.267287
v 0.134544 0.235712 -0.041119
v 0.112080 0.457694 -0.125536
v 0.156846 0.224168 0.078380
v 0.172485 0.365699 0.187756
v 0.156846 0.224168 0.078380
v 0.112080 0.457694 -0.125536
v -0.239306 0.461001 0.289295
v -0.197409 0.418669 0.274853
v -0.396193 0.473696 0.248740
v -0.396193 0.473696 0.248740
v -0.197409 0.418669 0.274853
v -0.421028 0.303718 0.130709
v -0.396193 0.473696 0.248740
v -0.421028 0.303718 0.130709
v -0.431789 0.437634 0.214267
v -0.421028 0.303718 0.130709
v -0.197409 0.418669 0.274853
v -0.186647 0.284752 0.191297
v -0.407381 0.495958 0.138097
v -0.396193 0.473696 0.248740
v -0.431789 0.437634 0.214267
v -0.396193 0.473696 0.248740
v -0.407381 0.495958 0.138097
v -0.372649 0.529956 0.175265
v -0.393669 0.369092 0.045332
v -0.431789 0.437634 0.214267
v -0.421028 0.303718 0.130709
v -0.431789 0.437634 0.214267
v -0.393669 0.369092 0.045332
v -0.407381 0.495958 0.138097
v -0.372649 0.529956 0.175265
v -0.239306 0.461001 0.289295
v -0.396193 0.473696 0.248740
v -0.239306 0.461001 0.289295
v -0.372649 0.529956 0.175265
v -0.215761 0.517261 0.215821
v -0.159288 0.350126 0.105919
v -0.421028 0.303718 0.130709
v -0.186647 0.284752 0.191297
v -0.421028 0.303718 0.130709
v -0.159288 0.350126 0.105919
v -0.393669 0.369092 0.045332
v -0.144775 0.371138 -0.200216
v -0.297018 0.367638 -0.165067
v -0.138808 0.354835 -0.124170
v -0.295553 0.424032 -0.153083
v -0.252781 0.379877 -0.228136
v -0.251315 0.436272 -0.216152
v -0.252781 0.379877 -0.228136
v -0.295553 0.424032 -0.153083
v -0.297018 0.367638 -0.165067
v -0.137342 0.411230 -0.112186
v -0.251315 0.436272 -0.216152
v -0.143310 0.427533 -0.188233
v -0.251315 0.436272 -0.216152
v -0.137342 0.411230 -0.112186
v -0.295553 0.424032 -0.153083
v -0.138808 0.354835 -0.124170
v -0.143310 0.427533 -0.188233
v -0.144775 0.371138 -0.200216
v -0.143310 0.427533 -0.188233
v -0.138808 0.354835 -0.124170
v -0.137342 0.411230 -0.112186
v -0.143310 0.427533 -0.188233
v -0.252781 0.379877 -0.228136
v -0.144775 0.371138 -0.200216
v -0.252781 0.379877 -0.228136
v -0.143310 0.427533 -0.188233
v -0.251315 0.436272 -0.216152
v -0.129369 0.233281 0.129479
v -0.086080 0.441359 -0.100630
v -0.112796 0.230936 0.008518
v -0.086080 0.441359 -0.100630
v -0.129369 0.233281 0.129479
v -0.133863 0.386281 0.223336
v 0.586407 1.122843 -0.027450
v 0.519814 1.198831 0.000075
v 0.665558 1.266829 -0.045524
v 0.519814 1.198831 0.000075
v 0.509891 1.213990 -0.072573
v 0.665558 1.266829 -0.045524
v 0.509891 1.213990 -0.072573
v 0.576486 1.138001 -0.100097
v 0.665558 1.266829 -0.045524
v 0.576486 1.138001 -0.100097
v 0.586407 1.122843 -0.027450
v 0.665558 1.266829 -0.045524
v 0.539251 1.128569 -0.154830
v 0.466226 1.202785 -0.143311
v 0.541758 1.225875 -0.289468
v 0.466226 1.202785 -0.143311
v 0.421683 1.166407 -0.191256
v 0.541758 1.225875 -0.289468
v 0.421683 1.166407 -0.191256
v 0.494707 1.092191 -0.202776
v 0.541758 1.225875 -0.289468
v 0.494707 1.092191 -0.202776
v 0.539251 1.128569 -0.154830
v 0.541758 1.225875 -0.289468
v -0.133863 0.386281 0.223336
v -0.448798 0.259129 0.046907
v -0.467054 0.413242 0.137206
v -0.448798 0.259129 0.046907
v -0.133863 0.386281 0.223336
v -0.129369 0.233281 0.129479
v -0.405199 0.254597 -0.067068
v -0.129369 0.233281 0.129479
v -0.112796 0.230936 0.008518
v -0.129369 0.233281 0.129479
v -0.405199 0.254597 -0.067068
v -0.448798 0.259129 0.046907
v -0.467054 0.413242 0.137206
v -0.086080 0.441359 -0.100630
v -0.133863 0.386281 0.223336
v -0.086080 0.441359 -0.100630
v -0.467054 0.413242 0.137206
v -0.343966 0.462227 -0.167294
v -0.353291 0.103465 -0.243531
v -0.117450 0.051888 -0.029529
v -0.095405 0.082598 -0.176868
v -0.117450 0.051888 -0.029529
v -0.353291 0.103465 -0.243531
v -0.409854 0.075548 -0.105116
v -0.409854 0.075548 -0.105116
v -0.112796 0.230936 0.008518
v -0.117450 0.051888 -0.029529
v -0.112796 0.230936 0.008518
v -0.409854 0.075548 -0.105116
v -0.405199 0.254597 -0.067068
v -0.343966 0.462227 -0.167294
v -0.095405 0.082598 -0.176868
v -0.086080 0.441359 -0.100630
v -0.095405 0.082598 -0.176868
v -0.343966 0.462227 -0.167294
v -0.353291 0.103465 -0.243531
v -0.175196 0.365968 -0.170098
v -0.206984 0.241964 -0.235761
v -0.178644 0.233271 -0.198297
v -0.203536 0.374661 -0.207562
v -0.201502 0.357742 -0.128133
v -0.204950 0.225046 -0.156333
v -0.247355 0.371806 -0.188751
v -0.249547 0.228654 -0.167860
v -0.250804 0.239110 -0.216950
v -0.246098 0.361351 -0.139662
v -0.301750 0.185618 -0.203746
v -0.149506 0.189119 -0.238896
v -0.257512 0.197858 -0.266816
v -0.149506 0.189119 -0.238896
v -0.301750 0.185618 -0.203746
v -0.143538 0.172816 -0.162849
v -0.300283 0.242014 -0.191763
v -0.257512 0.197858 -0.266816
v -0.256047 0.254253 -0.254831
v -0.257512 0.197858 -0.266816
v -0.300283 0.242014 -0.191763
v -0.301750 0.185618 -0.203746
v -0.142073 0.229211 -0.150864
v -0.256047 0.254253 -0.254831
v -0.148041 0.245514 -0.226912
v -0.256047 0.254253 -0.254831
v -0.142073 0.229211 -0.150864
v -0.300283 0.242014 -0.191763
v -0.143538 0.172816 -0.162849
v -0.148041 0.245514 -0.226912
v -0.149506 0.189119 -0.238896
v -0.148041 0.245514 -0.226912
v -0.143538 0.172816 -0.162849
v -0.142073 0.229211 -0.150864
v -0.148041 0.245514 -0.226912
v -0.257512 0.197858 -0.266816
v -0.149506 0.189119 -0.238896
v -0.257512 0.197858 -0.266816
v -0.148041 0.245514 -0.226912
v -0.256047 0.254253 -0.254831
v -0.297018 0.367638 -0.165067
v -0.144775 0.371138 -0.200216
v -0.252781 0.379877 -0.228136
v 0.107090 0.594340 0.034350
v -0.212613 0.704590 -0.067047
v -0.095743 0.592723 0.028738
v -0.098413 0.543218 -0.012819
v -0.655669 1.125476 -0.060751
v -0.617532 1.136421 -0.181764
v 0.100338 0.564675 -0.326392
v 0.096601 0.497695 -0.266126
v -0.646131 1.071347 0.008954
v -0.536641 1.254673 0.014795
v -0.541773 1.169293 0.078219
v 0.560108 1.013921 0.055827
v 0.596991 1.069537 -0.002708
v 0.207844 0.701408 -0.067298
v 0.212422 0.787859 -0.132580
v -0.092053 0.431322 -0.035259
v -0.092089 0.413485 -0.087552
v -0.152510 0.832769 -0.197862
v -0.207697 0.787818 -0.124376
v 0.101720 0.430632 -0.035504
v 0.101683 0.412795 -0.087798
v -0.104156 0.564635 -0.322320
v -0.097135 0.497657 -0.262268
v 0.108564 0.419235 -0.071384
v 0.439028 1.243984 -0.066696
v 0.490826 1.215968 0.059387
v 0.108823 0.542480 -0.013081
v -0.390910 1.187256 -0.176251
v 0.504287 1.032392 -0.203264
v 0.154425 0.832829 -0.203976
v 0.592783 1.097398 -0.126898
v -0.452887 1.256169 -0.096329
v -0.092089 0.413485 -0.087552
v 0.240848 0.640360 -0.332813
v 0.228772 0.709944 -0.279648
v 0.463265 1.127177 0.111307
v 0.000287 0.836829 -0.234627
v 0.233962 0.707583 -0.185758
v 0.225129 0.652320 -0.106965
v -0.229734 0.709854 -0.270517
v -0.245114 0.640264 -0.323134
v 0.386274 1.196415 -0.166343
v -0.098413 0.543218 -0.012819
v -0.224925 0.653934 -0.106392
v -0.231195 0.707491 -0.176494
v -0.530677 1.046352 -0.229033
vt 0.274673 0.282549
vt 0.263603 0.282668
vt 0.263672 0.247089
vt 0.275194 0.247432
vt 0.260270 0.282653
vt 0.260339 0.247074
vt 0.039323 0.720588
vt 0.039352 0.717017
vt 0.045539 0.716871
vt 0.045590 0.720588
vt 0.278006 0.282627
vt 0.278527 0.247510
vt 0.274711 0.286618
vt 0.263641 0.286736
vt 0.263754 0.243021
vt 0.275276 0.243364
vt 0.261561 0.238877
vt 0.261561 0.202803
vt 0.273320 0.202729
vt 0.272852 0.239267
vt 0.276720 0.202795
vt 0.276253 0.239333
vt 0.039323 0.720592
vt 0.045590 0.720592
vt 0.045539 0.724309
vt 0.039352 0.724163
vt 0.258160 0.238877
vt 0.258160 0.202802
vt 0.272753 0.243445
vt 0.261462 0.243055
vt 0.273298 0.198550
vt 0.261539 0.198624
vt 0.174925 0.576091
vt 0.177224 0.575864
vt 0.177194 0.583076
vt 0.177194 0.583076
vt 0.174523 0.582973
vt 0.174925 0.576091
vt 0.185626 0.503124
vt 0.185150 0.510632
vt 0.178248 0.503124
vt 0.185150 0.510632
vt 0.183206 0.514547
vt 0.178248 0.503124
vt 0.183206 0.514547
vt 0.180668 0.514547
vt 0.178248 0.503124
vt 0.180668 0.514547
vt 0.178724 0.510632
vt 0.178248 0.503124
vt 0.125851 0.613069
vt 0.132179 0.582285
vt 0.140575 0.613069
vt 0.185919 0.528208
vt 0.190201 0.548896
vt 0.175249 0.548249
vt 0.169349 0.527492
vt 0.183932 0.557521
vt 0.198885 0.558100
vt 0.198794 0.563412
vt 0.183840 0.562833
vt 0.183840 0.562833
vt 0.198794 0.563412
vt 0.193765 0.583718
vt 0.177194 0.583076
vt 0.157338 0.526950
vt 0.151955 0.503086
vt 0.169936 0.502675
vt 0.167048 0.527392
vt 0.148017 0.526696
vt 0.131687 0.526696
vt 0.138795 0.503086
vt 0.138795 0.526696
vt 0.173994 0.613746
vt 0.174523 0.582973
vt 0.205528 0.585666
vt 0.212517 0.596403
vt 0.196405 0.585666
vt 0.212517 0.596403
vt 0.187831 0.612854
vt 0.196405 0.585666
vt 0.212517 0.596403
vt 0.214101 0.612854
vt 0.187831 0.612854
vt 0.187831 0.612854
vt 0.189415 0.596403
vt 0.196405 0.585666
vt 0.152222 0.582286
vt 0.158911 0.552060
vt 0.156528 0.613070
vt 0.140575 0.582286
vt 0.317926 0.988458
vt 0.316895 0.933988
vt 0.329074 0.961377
vt 0.325399 0.944668
vt 0.294203 0.979252
vt 0.291429 0.961200
vt 0.294127 0.941088
vt 0.306844 0.988276
vt 0.090194 0.548248
vt 0.075242 0.548895
vt 0.079524 0.528207
vt 0.068787 0.561273
vt 0.068817 0.555960
vt 0.083775 0.556148
vt 0.083745 0.561461
vt 0.073350 0.581825
vt 0.068787 0.561273
vt 0.083745 0.561461
vt 0.089927 0.582033
vt 0.095508 0.502675
vt 0.113489 0.503086
vt 0.108106 0.526950
vt 0.098395 0.527391
vt 0.126649 0.503086
vt 0.126649 0.526696
vt 0.092598 0.582067
vt 0.092426 0.612849
vt 0.101940 0.582184
vt 0.109898 0.613069
vt 0.114204 0.582285
vt 0.125851 0.582285
vt 0.146693 0.563793
vt 0.140575 0.582286
vt 0.141215 0.573540
vt 0.142839 0.546808
vt 0.146693 0.563793
vt 0.151808 0.574816
vt 0.152222 0.582286
vt 0.146693 0.563793
vt 0.136737 0.559441
vt 0.132179 0.582285
vt 0.132197 0.573608
vt 0.136245 0.550817
vt 0.136737 0.559441
vt 0.141215 0.573540
vt 0.140575 0.582286
vt 0.136737 0.559441
vt 0.152222 0.582286
vt 0.151808 0.574816
vt 0.158911 0.552060
vt 0.171008 0.561509
vt 0.174925 0.576091
vt 0.174523 0.582973
vt 0.158911 0.552060
vt 0.165676 0.575025
vt 0.165185 0.582611
vt 0.152407 0.558766
vt 0.171008 0.561509
vt 0.165185 0.582611
vt 0.165676 0.575025
vt 0.162871 0.549458
vt 0.165185 0.582611
vt 0.171008 0.561509
vt 0.177224 0.575864
vt 0.182132 0.561900
vt 0.183840 0.562833
vt 0.177194 0.583076
vt 0.207876 0.838264
vt 0.207876 0.864024
vt 0.229126 0.864023
vt 0.207876 0.897212
vt 0.207876 0.905509
vt 0.229165 0.905509
vt 0.229165 0.897212
vt 0.073710 0.902558
vt 0.076364 0.890302
vt 0.080658 0.910132
vt 0.076364 0.890302
vt 0.084952 0.890302
vt 0.080658 0.910132
vt 0.084952 0.890302
vt 0.087606 0.902558
vt 0.080658 0.910132
vt 0.087956 0.812964
vt 0.087956 0.820662
vt 0.079368 0.820662
vt 0.079368 0.812964
vt 0.096544 0.812964
vt 0.096544 0.820662
vt 0.105132 0.812964
vt 0.105132 0.820662
vt 0.113721 0.812964
vt 0.113721 0.820662
vt 0.122309 0.812964
vt 0.122309 0.820662
vt 0.229165 0.905509
vt 0.246184 0.905509
vt 0.239683 0.892084
vt 0.239683 0.892084
vt 0.229165 0.897212
vt 0.229165 0.905509
vt 0.229165 0.897212
vt 0.239683 0.892084
vt 0.246184 0.905509
vt 0.246184 0.905509
vt 0.229165 0.905509
vt 0.229165 0.897212
vt 0.207876 0.880618
vt 0.229126 0.880617
vt 0.229126 0.864023
vt 0.207876 0.864024
vt 0.211552 0.791050
vt 0.211552 0.779661
vt 0.216305 0.784540
vt 0.216305 0.791050
vt 0.206798 0.791050
vt 0.206798 0.771768
vt 0.202045 0.791050
vt 0.202045 0.771768
vt 0.304571 0.934504
vt 0.325359 0.977760
vt 0.303349 0.929686
vt 0.318323 0.928545
vt 0.306079 0.993641
vt 0.292077 0.982674
vt 0.327287 0.980888
vt 0.319259 0.993659
vt 0.327260 0.941321
vt 0.331063 0.961186
vt 0.288752 0.960984
vt 0.291729 0.937674
vt 0.229165 0.905509
vt 0.229165 0.931269
vt 0.246184 0.931268
vt 0.246184 0.931268
vt 0.246184 0.905509
vt 0.229165 0.905509
vt 0.207876 0.905509
vt 0.207877 0.931269
vt 0.229165 0.931269
vt 0.229165 0.931269
vt 0.229165 0.905509
vt 0.207876 0.905509
vt 0.246184 0.905509
vt 0.246184 0.931268
vt 0.229165 0.931269
vt 0.229165 0.905509
vt 0.229126 0.864023
vt 0.229126 0.838264
vt 0.207876 0.838264
vt 0.249311 0.915880
vt 0.282871 0.901012
vt 0.267865 0.940558
vt 0.267865 0.940558
vt 0.282871 0.901012
vt 0.249311 0.915880
vt 0.073710 0.902558
vt 0.076364 0.890302
vt 0.080658 0.910132
vt 0.076364 0.890302
vt 0.084952 0.890302
vt 0.080658 0.910132
vt 0.084952 0.890302
vt 0.087606 0.902558
vt 0.080658 0.910132
vt 0.087956 0.812964
vt 0.087956 0.820662
vt 0.079368 0.820662
vt 0.079368 0.812964
vt 0.096544 0.812964
vt 0.096544 0.820662
vt 0.105132 0.812964
vt 0.105132 0.820662
vt 0.113721 0.812964
vt 0.113721 0.820662
vt 0.122309 0.812964
vt 0.122309 0.820662
vt 0.316895 0.933988
vt 0.317926 0.988458
vt 0.329074 0.961377
vt 0.325399 0.944668
vt 0.291429 0.961200
vt 0.294203 0.979252
vt 0.294127 0.941088
vt 0.304571 0.934504
vt 0.306844 0.988276
vt 0.117426 0.526696
vt 0.114314 0.553638
vt 0.125851 0.582285
vt 0.121401 0.564346
vt 0.125738 0.574617
vt 0.124272 0.546336
vt 0.114967 0.574802
vt 0.121401 0.564346
vt 0.114204 0.582285
vt 0.121401 0.564346
vt 0.132179 0.582285
vt 0.128894 0.564269
vt 0.132197 0.573608
vt 0.128402 0.546306
vt 0.125738 0.574617
vt 0.128894 0.564269
vt 0.125851 0.582285
vt 0.128894 0.564269
vt 0.114967 0.574802
vt 0.114204 0.582285
vt 0.109526 0.556422
vt 0.092280 0.575869
vt 0.095721 0.560749
vt 0.092598 0.582067
vt 0.101944 0.575635
vt 0.109526 0.556422
vt 0.101940 0.582184
vt 0.101940 0.582184
vt 0.095721 0.560749
vt 0.101944 0.575635
vt 0.101680 0.548858
vt 0.095721 0.560749
vt 0.089943 0.575864
vt 0.089927 0.582033
vt 0.083745 0.561461
vt 0.085422 0.560580
vt 0.092280 0.575869
vt 0.092598 0.582067
vt 0.089927 0.582033
vt 0.089927 0.582033
vt 0.089943 0.575864
vt 0.092280 0.575869
vt 0.096094 0.527491
vt 0.325359 0.977760
vt 0.303349 0.929686
vt 0.318323 0.928545
vt 0.306079 0.993641
vt 0.292077 0.982674
vt 0.327287 0.980888
vt 0.319259 0.993659
vt 0.327260 0.941321
vt 0.331063 0.961186
vt 0.288752 0.960984
vt 0.291729 0.937674
vt 0.109526 0.556422
vt 0.263403 0.946398
vt 0.263387 0.950631
vt 0.239988 0.950631
vt 0.239988 0.950631
vt 0.239988 0.946397
vt 0.263403 0.946398
vt 0.279219 0.981646
vt 0.263388 0.981648
vt 0.263387 0.950631
vt 0.263387 0.950631
vt 0.267327 0.950631
vt 0.279219 0.981646
vt 0.263387 0.950631
vt 0.263388 0.981648
vt 0.239986 0.981647
vt 0.239988 0.950631
vt 0.100515 0.958619
vt 0.097539 0.958619
vt 0.097540 0.925354
vt 0.097540 0.925354
vt 0.100515 0.925354
vt 0.100515 0.958619
vt 0.083774 0.963081
vt 0.083774 0.958617
vt 0.097539 0.958619
vt 0.097539 0.958619
vt 0.097539 0.963083
vt 0.083774 0.963081
vt 0.080799 0.925356
vt 0.083774 0.925356
vt 0.083774 0.958617
vt 0.080799 0.958617
vt 0.097539 0.920890
vt 0.097540 0.925354
vt 0.083774 0.925356
vt 0.083774 0.920892
vt 0.083774 0.925356
vt 0.097540 0.925354
vt 0.097539 0.958619
vt 0.083774 0.958617
vt 0.278457 0.765592
vt 0.280450 0.756179
vt 0.281433 0.765592
vt 0.281430 0.851258
vt 0.276873 0.831448
vt 0.283386 0.828876
vt 0.280280 0.787930
vt 0.280282 0.769185
vt 0.283388 0.770139
vt 0.283388 0.785967
vt 0.283388 0.785967
vt 0.280279 0.820572
vt 0.280280 0.787930
vt 0.280280 0.787930
vt 0.277305 0.787930
vt 0.277306 0.769185
vt 0.277306 0.769185
vt 0.280282 0.769185
vt 0.280280 0.787930
vt 0.281430 0.851258
vt 0.278454 0.890745
vt 0.278454 0.830474
vt 0.278454 0.830474
vt 0.281431 0.830475
vt 0.281430 0.851258
vt 0.282871 0.901012
vt 0.283687 0.977657
vt 0.332089 0.933243
vt 0.283687 0.977657
vt 0.284044 0.996219
vt 0.332089 0.933243
vt 0.284044 0.996219
vt 0.298096 0.996219
vt 0.332089 0.933243
vt 0.298096 0.996219
vt 0.321465 0.996219
vt 0.332089 0.933243
vt 0.225812 0.791050
vt 0.221059 0.791050
vt 0.221059 0.779661
vt 0.225812 0.771768
vt 0.214244 0.763479
vt 0.218998 0.763479
vt 0.212775 0.773887
vt 0.218998 0.763479
vt 0.220467 0.773887
vt 0.212775 0.773887
vt 0.220467 0.773887
vt 0.216621 0.780319
vt 0.212775 0.773887
vt 0.208109 0.767595
vt 0.200623 0.767595
vt 0.210422 0.756912
vt 0.200623 0.767595
vt 0.198309 0.756912
vt 0.210422 0.756912
vt 0.198309 0.756912
vt 0.204366 0.750310
vt 0.210422 0.756912
vt 0.208733 0.832903
vt 0.208734 0.796232
vt 0.215553 0.796232
vt 0.215553 0.832903
vt 0.215602 0.832952
vt 0.215603 0.796281
vt 0.222422 0.796281
vt 0.222422 0.832952
vt 0.208783 0.832952
vt 0.208783 0.796281
vt 0.222372 0.832904
vt 0.222372 0.796232
vt 0.229191 0.796232
vt 0.229191 0.832904
vt 0.257856 0.944117
vt 0.249311 0.915880
vt 0.267865 0.940558
vt 0.257856 0.944117
vt 0.267865 0.940558
vt 0.249311 0.915880
vt 0.283042 0.657933
vt 0.322449 0.657933
vt 0.327034 0.690878
vt 0.327034 0.690878
vt 0.278457 0.690878
vt 0.283042 0.657933
vt 0.283687 0.977657
vt 0.282871 0.901012
vt 0.267865 0.940558
vt 0.239398 0.582154
vt 0.230860 0.578384
vt 0.230860 0.523870
vt 0.230860 0.523870
vt 0.239399 0.520100
vt 0.239398 0.582154
vt 0.239986 0.995332
vt 0.239986 0.981647
vt 0.263388 0.981648
vt 0.263404 0.995333
vt 0.267327 0.950631
vt 0.263387 0.950631
vt 0.263388 0.981648
vt 0.263388 0.981648
vt 0.279219 0.981646
vt 0.267327 0.950631
vt 0.322102 0.785967
vt 0.322104 0.828876
vt 0.283386 0.828876
vt 0.283388 0.785967
vt 0.325210 0.787931
vt 0.325208 0.769186
vt 0.328184 0.769186
vt 0.328184 0.769186
vt 0.328184 0.787931
vt 0.325210 0.787931
vt 0.324059 0.851258
vt 0.324059 0.830475
vt 0.327035 0.830475
vt 0.327035 0.830475
vt 0.327035 0.890745
vt 0.324059 0.851258
vt 0.283687 0.977657
vt 0.267865 0.940558
vt 0.282871 0.901012
vt 0.332089 0.976882
vt 0.321465 0.996219
vt 0.332089 0.933243
vt 0.321465 0.996219
vt 0.298096 0.996219
vt 0.332089 0.933243
vt 0.298096 0.996219
vt 0.284044 0.996219
vt 0.332089 0.933243
vt 0.284044 0.996219
vt 0.283687 0.977657
vt 0.332089 0.933243
vt 0.283687 0.977657
vt 0.282871 0.901012
vt 0.332089 0.933243
vt 0.332150 0.756179
vt 0.325040 0.756179
vt 0.325040 0.729952
vt 0.325040 0.729952
vt 0.332150 0.729952
vt 0.332150 0.756179
vt 0.280450 0.729951
vt 0.325040 0.729952
vt 0.325040 0.756179
vt 0.325040 0.756179
vt 0.280450 0.756179
vt 0.280450 0.729951
vt 0.328184 0.787931
vt 0.328186 0.820572
vt 0.325210 0.820572
vt 0.325210 0.820572
vt 0.325210 0.787931
vt 0.328184 0.787931
vt 0.321465 0.996219
vt 0.332089 0.976882
vt 0.332089 0.933243
vt 0.273340 0.756179
vt 0.273341 0.729951
vt 0.280450 0.729951
vt 0.280450 0.729951
vt 0.280450 0.756179
vt 0.273340 0.756179
vt 0.277305 0.787930
vt 0.280280 0.787930
vt 0.280279 0.820572
vt 0.280279 0.820572
vt 0.277303 0.820571
vt 0.277305 0.787930
vt 0.327034 0.690878
vt 0.327034 0.704768
vt 0.278457 0.704768
vt 0.278457 0.704768
vt 0.278457 0.690878
vt 0.327034 0.690878
vt 0.280450 0.729951
vt 0.278457 0.720538
vt 0.327034 0.720539
vt 0.327034 0.720539
vt 0.325040 0.729952
vt 0.280450 0.729951
vt 0.278457 0.704768
vt 0.327034 0.704768
vt 0.327034 0.720539
vt 0.327034 0.720539
vt 0.278457 0.720538
vt 0.278457 0.704768
vt 0.324058 0.765592
vt 0.281433 0.765592
vt 0.280450 0.756179
vt 0.280450 0.756179
vt 0.325040 0.756179
vt 0.324058 0.765592
vt 0.322102 0.770139
vt 0.283388 0.770139
vt 0.281433 0.765592
vt 0.281433 0.765592
vt 0.324058 0.765592
vt 0.322102 0.770139
vt 0.133616 0.690207
vt 0.085702 0.690207
vt 0.067775 0.616541
vt 0.067775 0.616541
vt 0.151543 0.616542
vt 0.133616 0.690207
vt 0.260291 0.577026
vt 0.239398 0.582154
vt 0.239399 0.520100
vt 0.239399 0.520100
vt 0.260292 0.525229
vt 0.260291 0.577026
vt 0.325040 0.756179
vt 0.327034 0.765593
vt 0.324058 0.765592
vt 0.328617 0.831449
vt 0.324059 0.851258
vt 0.322104 0.828876
vt 0.324059 0.851258
vt 0.327035 0.890745
vt 0.278454 0.890745
vt 0.278454 0.890745
vt 0.281430 0.851258
vt 0.324059 0.851258
vt 0.325210 0.787931
vt 0.322102 0.785967
vt 0.322102 0.770139
vt 0.325208 0.769186
vt 0.322102 0.770139
vt 0.322102 0.785967
vt 0.283388 0.785967
vt 0.283388 0.785967
vt 0.283388 0.770139
vt 0.322102 0.770139
vt 0.322102 0.785967
vt 0.325210 0.787931
vt 0.325210 0.820572
vt 0.322104 0.828876
vt 0.324059 0.851258
vt 0.281430 0.851258
vt 0.281430 0.851258
vt 0.283386 0.828876
vt 0.322104 0.828876
vt 0.260175 0.753281
vt 0.267266 0.761941
vt 0.267867 0.745251
vt 0.260175 0.753281
vt 0.259518 0.745777
vt 0.267867 0.745251
vt 0.298669 0.593029
vt 0.298961 0.568729
vt 0.309433 0.594201
vt 0.290949 0.571011
vt 0.308577 0.569313
vt 0.319201 0.569961
vt 0.330581 0.597244
vt 0.322090 0.593036
vt 0.328567 0.571056
vt 0.245311 0.848927
vt 0.245307 0.828972
vt 0.232347 0.828978
vt 0.232343 0.809022
vt 0.245303 0.809016
vt 0.232339 0.789067
vt 0.245299 0.789060
vt 0.232335 0.769111
vt 0.245294 0.769105
vt 0.232356 0.868889
vt 0.232360 0.888844
vt 0.245320 0.888838
vt 0.245315 0.868883
vt 0.232352 0.848933
vt 0.139653 0.727541
vt 0.143287 0.736978
vt 0.132389 0.727544
vt 0.132393 0.746422
vt 0.139658 0.746418
vt 0.128760 0.736985
vt 0.051422 0.695489
vt 0.054910 0.695487
vt 0.054912 0.706386
vt 0.051425 0.706388
vt 0.051420 0.684590
vt 0.054908 0.684588
vt 0.051417 0.673691
vt 0.054906 0.673689
vt 0.051415 0.662792
vt 0.054903 0.662790
vt 0.051427 0.717287
vt 0.054915 0.717285
vt 0.054917 0.728184
vt 0.051429 0.728186
vt 0.128760 0.736985
vt 0.132393 0.746422
vt 0.132389 0.727544
vt 0.143287 0.736978
vt 0.139658 0.746418
vt 0.139653 0.727541
vt 0.051422 0.695489
vt 0.051425 0.706388
vt 0.054912 0.706386
vt 0.054910 0.695487
vt 0.051420 0.684590
vt 0.054908 0.684588
vt 0.051417 0.673691
vt 0.054906 0.673689
vt 0.051415 0.662792
vt 0.054903 0.662790
vt 0.051427 0.717287
vt 0.051429 0.728186
vt 0.054917 0.728184
vt 0.054915 0.717285
vt 0.202105 0.639807
vt 0.208759 0.657085
vt 0.208752 0.622521
vt 0.228705 0.639794
vt 0.222059 0.657079
vt 0.222051 0.622515
vt 0.274805 0.597515
vt 0.264186 0.597298
vt 0.263269 0.573715
vt 0.274888 0.572136
vt 0.284508 0.596396
vt 0.284195 0.567824
vt 0.290830 0.593085
vt 0.291099 0.597474
vt 0.284508 0.596396
vt 0.290830 0.593085
vt 0.319201 0.569961
vt 0.319159 0.566018
vt 0.328567 0.571056
vt 0.319201 0.569961
vt 0.308577 0.569313
vt 0.309433 0.594201
vt 0.322090 0.593036
vt 0.330581 0.597244
vt 0.328567 0.571056
vt 0.269914 0.510738
vt 0.231016 0.518721
vt 0.231017 0.502751
vt 0.269914 0.510738
vt 0.231016 0.518721
vt 0.231017 0.502751
vt 0.269914 0.510738
vt 0.231016 0.518721
vt 0.231017 0.502751
vt 0.269914 0.510738
vt 0.231016 0.518721
vt 0.231017 0.502751
vt 0.269914 0.510738
vt 0.231016 0.518721
vt 0.231017 0.502751
vt 0.269914 0.510738
vt 0.231016 0.518721
vt 0.231017 0.502751
vt 0.269914 0.510738
vt 0.231016 0.518721
vt 0.231017 0.502751
vt 0.269914 0.510738
vt 0.231016 0.518721
vt 0.231017 0.502751
vt 0.298233 0.596638
vt 0.298669 0.593029
vt 0.309433 0.594201
vt 0.309229 0.597613
vt 0.322090 0.593036
vt 0.330581 0.597244
vt 0.322489 0.596227
vt 0.308577 0.569313
vt 0.308894 0.564203
vt 0.290949 0.571011
vt 0.284195 0.567824
vt 0.290922 0.565855
vt 0.298195 0.564884
vt 0.298961 0.568729
vt 0.250609 0.810790
vt 0.251910 0.813956
vt 0.249555 0.813096
vt 0.248400 0.770595
vt 0.249838 0.763975
vt 0.250558 0.770080
vt 0.247599 0.809251
vt 0.248726 0.796636
vt 0.250609 0.795637
vt 0.248689 0.794766
vt 0.248668 0.780243
vt 0.250552 0.778594
vt 0.248400 0.770595
vt 0.250558 0.770080
vt 0.248406 0.778003
vt 0.259172 0.731008
vt 0.259868 0.718082
vt 0.269443 0.719141
vt 0.268809 0.731081
vt 0.267266 0.761941
vt 0.181258 0.651137
vt 0.187416 0.661511
vt 0.186935 0.673038
vt 0.186935 0.673038
vt 0.180806 0.662904
vt 0.181258 0.651137
vt 0.172883 0.660913
vt 0.169671 0.649525
vt 0.181258 0.651137
vt 0.180806 0.662904
vt 0.252745 0.824631
vt 0.249792 0.824440
vt 0.253493 0.844710
vt 0.250581 0.842835
vt 0.249943 0.826600
vt 0.253493 0.865954
vt 0.252039 0.864905
vt 0.250345 0.844960
vt 0.253493 0.886013
vt 0.251921 0.885279
vt 0.251921 0.866689
vt 0.253493 0.903560
vt 0.250625 0.904365
vt 0.251901 0.886517
vt 0.161249 0.666154
vt 0.172883 0.660913
vt 0.169671 0.649525
vt 0.158808 0.657509
vt 0.146589 0.676055
vt 0.169671 0.649525
vt 0.172883 0.660913
vt 0.161249 0.666154
vt 0.269509 0.813956
vt 0.270810 0.810790
vt 0.271865 0.813096
vt 0.271582 0.763975
vt 0.273021 0.770595
vt 0.270862 0.770080
vt 0.250552 0.778594
vt 0.270869 0.778594
vt 0.270811 0.795637
vt 0.250609 0.795637
vt 0.270862 0.770080
vt 0.260710 0.772714
vt 0.273821 0.809251
vt 0.270811 0.795637
vt 0.272694 0.796637
vt 0.272731 0.794766
vt 0.270869 0.778594
vt 0.272752 0.780243
vt 0.273021 0.770595
vt 0.273014 0.778003
vt 0.270862 0.770080
vt 0.270810 0.810790
vt 0.250609 0.810790
vt 0.259172 0.731008
vt 0.268809 0.731081
vt 0.269443 0.719141
vt 0.259868 0.718082
vt 0.259518 0.745777
vt 0.181258 0.651137
vt 0.180806 0.662904
vt 0.186935 0.673038
vt 0.186935 0.673038
vt 0.187416 0.661511
vt 0.181258 0.651137
vt 0.222051 0.622515
vt 0.228705 0.639794
vt 0.208752 0.622521
vt 0.208759 0.657085
vt 0.222059 0.657079
vt 0.202105 0.639807
vt 0.232347 0.828978
vt 0.245307 0.828972
vt 0.245311 0.848927
vt 0.232352 0.848933
vt 0.232343 0.809022
vt 0.245303 0.809016
vt 0.232339 0.789067
vt 0.245299 0.789060
vt 0.232335 0.769111
vt 0.245294 0.769105
vt 0.232356 0.868889
vt 0.245315 0.868883
vt 0.245320 0.888838
vt 0.232360 0.888844
vt 0.155966 0.690968
vt 0.155966 0.673892
vt 0.160398 0.673892
vt 0.160398 0.690968
vt 0.180562 0.690968
vt 0.180562 0.673892
vt 0.184412 0.673892
vt 0.184412 0.690968
vt 0.160398 0.690968
vt 0.160398 0.673892
vt 0.180562 0.673892
vt 0.180562 0.690968
vt 0.160398 0.673892
vt 0.160398 0.668697
vt 0.180562 0.668697
vt 0.180562 0.673892
vt 0.160398 0.690968
vt 0.180562 0.690968
vt 0.180562 0.695871
vt 0.160398 0.695871
vt 0.250558 0.770080
vt 0.172883 0.660913
vt 0.180806 0.662904
vt 0.181258 0.651137
vt 0.169671 0.649525
vt 0.268674 0.824632
vt 0.271628 0.824441
vt 0.267926 0.844711
vt 0.271477 0.826600
vt 0.270839 0.842835
vt 0.267926 0.865954
vt 0.271075 0.844960
vt 0.269380 0.864905
vt 0.267926 0.886013
vt 0.269498 0.866690
vt 0.269498 0.885279
vt 0.267926 0.903560
vt 0.269518 0.886517
vt 0.270794 0.904365
vt 0.269509 0.813956
vt 0.268674 0.824632
vt 0.252745 0.824631
vt 0.251910 0.813956
vt 0.267926 0.844711
vt 0.253493 0.844710
vt 0.267926 0.865954
vt 0.253493 0.865954
vt 0.267926 0.886013
vt 0.253493 0.886013
vt 0.267926 0.903560
vt 0.253493 0.903560
vt 0.007709 0.770696
vt 0.010641 0.770696
vt 0.009175 0.776788
vt 0.009175 0.776788
vt 0.010641 0.781349
vt 0.007709 0.781349
vt 0.014453 0.770853
vt 0.015703 0.777263
vt 0.014453 0.781006
vt 0.016954 0.770853
vt 0.016954 0.781006
vt 0.015703 0.777263
vt 0.014453 0.770853
vt 0.016954 0.770853
vt 0.015703 0.777263
vt 0.015703 0.777263
vt 0.016954 0.781006
vt 0.014453 0.781006
vt 0.002028 0.739369
vt 0.002028 0.724224
vt 0.017657 0.724224
vt 0.017657 0.724224
vt 0.017644 0.739369
vt 0.002028 0.739369
vt 0.206711 0.967068
vt 0.206711 0.936998
vt 0.226021 0.936998
vt 0.226021 0.967068
vt 0.023445 0.763129
vt 0.032083 0.758293
vt 0.017643 0.757817
vt 0.032083 0.758293
vt 0.035621 0.734542
vt 0.017643 0.757817
vt 0.035621 0.734542
vt 0.026325 0.731641
vt 0.017643 0.757817
vt 0.026325 0.731641
vt 0.017644 0.739369
vt 0.017643 0.757817
vt 0.002028 0.709977
vt 0.017657 0.709977
vt 0.017657 0.724224
vt 0.017657 0.724224
vt 0.002028 0.724224
vt 0.002028 0.709977
vt 0.026325 0.731641
vt 0.032083 0.758293
vt 0.017644 0.739369
vt 0.026325 0.731641
vt 0.035621 0.734542
vt 0.032083 0.758293
vt 0.032083 0.758293
vt 0.023445 0.763129
vt 0.017644 0.739369
vt 0.023445 0.763129
vt 0.017643 0.757817
vt 0.017644 0.739369
vt 0.002028 0.768013
vt 0.002028 0.757817
vt 0.017643 0.757817
vt 0.017656 0.768014
vt 0.002028 0.757817
vt 0.002028 0.739369
vt 0.017644 0.739369
vt 0.017644 0.739369
vt 0.017643 0.757817
vt 0.002028 0.757817
vt 0.002018 0.782621
vt 0.002018 0.768772
vt 0.017662 0.768772
vt 0.017662 0.768772
vt 0.017662 0.782621
vt 0.002018 0.782621
vt 0.038690 0.695675
vt 0.046348 0.695675
vt 0.048236 0.690316
vt 0.036814 0.672004
vt 0.038690 0.695675
vt 0.048236 0.690316
vt 0.036814 0.690316
vt 0.038690 0.695675
vt 0.036814 0.672004
vt 0.048236 0.672004
vt 0.036814 0.672004
vt 0.048236 0.690316
vt 0.017643 0.757817
vt 0.023445 0.763129
vt 0.017644 0.739369
vt 0.002028 0.757817
vt 0.002028 0.768013
vt 0.017643 0.757817
vt 0.017656 0.768014
vt 0.017643 0.757817
vt 0.002028 0.768013
vt 0.002028 0.739369
vt 0.002028 0.757817
vt 0.017644 0.739369
vt 0.017643 0.757817
vt 0.017644 0.739369
vt 0.002028 0.757817
vt 0.002018 0.768772
vt 0.002018 0.782621
vt 0.017662 0.768772
vt 0.017662 0.782621
vt 0.017662 0.768772
vt 0.002018 0.782621
vt 0.007709 0.770696
vt 0.009175 0.776788
vt 0.007709 0.781349
vt 0.010641 0.770696
vt 0.010641 0.781349
vt 0.009175 0.776788
vt 0.007709 0.770696
vt 0.010641 0.770696
vt 0.009175 0.776788
vt 0.009175 0.776788
vt 0.010641 0.781349
vt 0.007709 0.781349
vt 0.034410 0.678928
vt 0.013805 0.676101
vt 0.033128 0.662888
vt 0.013805 0.676101
vt 0.013755 0.668002
vt 0.033128 0.662888
vt 0.013755 0.668002
vt 0.018736 0.660913
vt 0.033128 0.662888
vt 0.003795 0.676101
vt 0.013805 0.676101
vt 0.015693 0.707020
vt 0.015693 0.707020
vt 0.001922 0.707020
vt 0.003795 0.676101
vt 0.003434 0.657720
vt 0.014181 0.657720
vt 0.013755 0.668002
vt 0.013755 0.668002
vt 0.003844 0.668002
vt 0.003434 0.657720
vt 0.210034 0.969334
vt 0.223313 0.969334
vt 0.224929 0.996019
vt 0.224929 0.996019
vt 0.208416 0.996018
vt 0.210034 0.969334
vt 0.013805 0.676101
vt 0.003795 0.676101
vt 0.003844 0.668002
vt 0.003844 0.668002
vt 0.013755 0.668002
vt 0.013805 0.676101
vt 0.033128 0.662888
vt 0.018736 0.660913
vt 0.034410 0.678928
vt 0.018736 0.660913
vt 0.013755 0.668002
vt 0.034410 0.678928
vt 0.013755 0.668002
vt 0.013805 0.676101
vt 0.034410 0.678928
vt 0.002706 0.770336
vt 0.004996 0.774247
vt 0.002706 0.782407
vt 0.007285 0.770336
vt 0.007285 0.782407
vt 0.004996 0.774247
vt 0.002706 0.770336
vt 0.007285 0.770336
vt 0.004996 0.774247
vt 0.004996 0.774247
vt 0.007285 0.782407
vt 0.002706 0.782407
vt 0.007709 0.770696
vt 0.009175 0.776788
vt 0.007709 0.781349
vt 0.010641 0.770696
vt 0.010641 0.781349
vt 0.009175 0.776788
vt 0.011826 0.624555
vt 0.011826 0.655639
vt 0.019691 0.624555
vt 0.059182 0.735957
vt 0.037553 0.734518
vt 0.049267 0.757650
vt 0.041505 0.754465
vt 0.049267 0.757650
vt 0.037553 0.734518
vt 0.059182 0.735957
vt 0.059182 0.779264
vt 0.049267 0.757650
vt 0.049267 0.779264
vt 0.049267 0.757650
vt 0.059182 0.779264
vt 0.059182 0.735957
vt 0.049267 0.757650
vt 0.059182 0.779264
vt 0.049267 0.779264
vt 0.059182 0.779264
vt 0.049267 0.757650
vt 0.057365 0.703588
vt 0.073602 0.703589
vt 0.057701 0.682784
vt 0.073267 0.682785
vt 0.057701 0.682784
vt 0.073602 0.703589
vt 0.072608 0.670751
vt 0.058360 0.670750
vt 0.073267 0.682785
vt 0.057701 0.682784
vt 0.073267 0.682785
vt 0.058360 0.670750
vt 0.073602 0.703589
vt 0.057365 0.703588
vt 0.071766 0.735958
vt 0.059182 0.735957
vt 0.071766 0.735958
vt 0.057365 0.703588
vt 0.071766 0.779264
vt 0.059182 0.779264
vt 0.072606 0.794087
vt 0.058358 0.794086
vt 0.072606 0.794087
vt 0.059182 0.779264
vt 0.072608 0.649137
vt 0.058360 0.649137
vt 0.072608 0.670751
vt 0.058360 0.670750
vt 0.072608 0.670751
vt 0.058360 0.649137
vt 0.071766 0.735958
vt 0.059182 0.735957
vt 0.071766 0.779264
vt 0.059182 0.779264
vt 0.071766 0.779264
vt 0.059182 0.735957
vt 0.036847 0.761892
vt 0.036847 0.779526
vt 0.039733 0.761892
vt 0.039733 0.779526
vt 0.033303 0.761892
vt 0.033303 0.779526
vt 0.042620 0.761892
vt 0.042620 0.779526
vt 0.046164 0.761892
vt 0.046164 0.779526
vt 0.056074 0.632409
vt 0.057327 0.625015
vt 0.050682 0.632409
vt 0.049428 0.625015
vt 0.050682 0.632409
vt 0.057327 0.625015
vt 0.056074 0.639384
vt 0.061159 0.639384
vt 0.056074 0.632409
vt 0.034718 0.694571
vt 0.034718 0.704666
vt 0.038690 0.695675
vt 0.038690 0.705413
vt 0.038690 0.695675
vt 0.034718 0.704666
vt 0.022775 0.690801
vt 0.022775 0.702115
vt 0.034718 0.694571
vt 0.034718 0.704666
vt 0.034718 0.694571
vt 0.022775 0.702115
vt 0.038690 0.695675
vt 0.038690 0.705413
vt 0.046348 0.695675
vt 0.046348 0.705413
vt 0.046348 0.695675
vt 0.038690 0.705413
vt 0.048236 0.672004
vt 0.048236 0.660689
vt 0.036814 0.672004
vt 0.036814 0.660689
vt 0.036814 0.672004
vt 0.048236 0.660689
vt 0.038690 0.705413
vt 0.034718 0.704666
vt 0.038690 0.695675
vt 0.034718 0.694571
vt 0.038690 0.695675
vt 0.034718 0.704666
vt 0.038690 0.705413
vt 0.036814 0.710710
vt 0.046348 0.705413
vt 0.048236 0.710710
vt 0.046348 0.705413
vt 0.036814 0.710710
vt 0.034718 0.704666
vt 0.022775 0.702115
vt 0.034718 0.694571
vt 0.022775 0.690801
vt 0.034718 0.694571
vt 0.022775 0.702115
vt 0.036814 0.710710
vt 0.036814 0.728810
vt 0.048236 0.710710
vt 0.048236 0.728810
vt 0.048236 0.710710
vt 0.036814 0.728810
vt 0.020594 0.710587
vt 0.020594 0.724015
vt 0.028985 0.728164
vt 0.028985 0.706437
vt 0.034171 0.717301
vt 0.020594 0.724015
vt 0.028985 0.728164
vt 0.034171 0.717301
vt 0.020594 0.710587
vt 0.028985 0.706437
vt 0.027556 0.655639
vt 0.027556 0.624555
vt 0.019691 0.655639
vt 0.036231 0.655639
vt 0.036231 0.624555
vt 0.043551 0.655639
vt 0.043551 0.624555
vt 0.003151 0.655639
vt 0.003151 0.624555
vt 0.013805 0.676101
vt 0.013755 0.668002
vt 0.034410 0.678928
vt 0.004996 0.774247
vt 0.002706 0.770336
vt 0.002706 0.782407
vt 0.007285 0.782407
vt 0.007285 0.770336
vt 0.004996 0.774247
vt 0.007285 0.770336
vt 0.002706 0.770336
vt 0.004996 0.774247
vt 0.007285 0.782407
vt 0.004996 0.774247
vt 0.002706 0.782407
vt 0.009175 0.776788
vt 0.007709 0.770696
vt 0.007709 0.781349
vt 0.010641 0.781349
vt 0.010641 0.770696
vt 0.009175 0.776788
vt 0.010641 0.770696
vt 0.007709 0.770696
vt 0.009175 0.776788
vt 0.010641 0.781349
vt 0.009175 0.776788
vt 0.007709 0.781349
vt 0.012578 0.777263
vt 0.011327 0.770853
vt 0.011327 0.781006
vt 0.013828 0.781006
vt 0.013828 0.770853
vt 0.012578 0.777263
vt 0.013828 0.770853
vt 0.011327 0.770853
vt 0.012578 0.777263
vt 0.013828 0.781006
vt 0.012578 0.777263
vt 0.011327 0.781006
vt 0.015703 0.777263
vt 0.014453 0.770853
vt 0.014453 0.781006
vt 0.016954 0.781006
vt 0.016954 0.770853
vt 0.015703 0.777263
vt 0.016954 0.770853
vt 0.014453 0.770853
vt 0.015703 0.777263
vt 0.016954 0.781006
vt 0.015703 0.777263
vt 0.014453 0.781006
vt 0.002028 0.724224
vt 0.002028 0.739369
vt 0.017657 0.724224
vt 0.017644 0.739369
vt 0.017657 0.724224
vt 0.002028 0.739369
vt 0.206711 0.936998
vt 0.206711 0.967068
vt 0.226021 0.936998
vt 0.226021 0.967068
vt 0.226021 0.936998
vt 0.206711 0.967068
vt 0.032083 0.758293
vt 0.023445 0.763129
vt 0.017643 0.757817
vt 0.035621 0.734542
vt 0.032083 0.758293
vt 0.017643 0.757817
vt 0.026325 0.731641
vt 0.035621 0.734542
vt 0.017643 0.757817
vt 0.017644 0.739369
vt 0.026325 0.731641
vt 0.017643 0.757817
vt 0.017657 0.709977
vt 0.002028 0.709977
vt 0.017657 0.724224
vt 0.002028 0.724224
vt 0.017657 0.724224
vt 0.002028 0.709977
vt 0.032083 0.758293
vt 0.026325 0.731641
vt 0.017644 0.739369
vt 0.035621 0.734542
vt 0.026325 0.731641
vt 0.032083 0.758293
vt 0.023445 0.763129
vt 0.032083 0.758293
vt 0.017644 0.739369
vt 0.013805 0.676101
vt 0.034410 0.678928
vt 0.033128 0.662888
vt 0.013755 0.668002
vt 0.013805 0.676101
vt 0.033128 0.662888
vt 0.018736 0.660913
vt 0.013755 0.668002
vt 0.033128 0.662888
vt 0.013805 0.676101
vt 0.003795 0.676101
vt 0.015693 0.707020
vt 0.001922 0.707020
vt 0.015693 0.707020
vt 0.003795 0.676101
vt 0.014181 0.657720
vt 0.003434 0.657720
vt 0.013755 0.668002
vt 0.003844 0.668002
vt 0.013755 0.668002
vt 0.003434 0.657720
vt 0.223313 0.969334
vt 0.210034 0.969334
vt 0.224929 0.996019
vt 0.208416 0.996018
vt 0.224929 0.996019
vt 0.210034 0.969334
vt 0.003795 0.676101
vt 0.013805 0.676101
vt 0.003844 0.668002
vt 0.013755 0.668002
vt 0.003844 0.668002
vt 0.013805 0.676101
vt 0.018736 0.660913
vt 0.033128 0.662888
vt 0.034410 0.678928
vt 0.013755 0.668002
vt 0.018736 0.660913
vt 0.034410 0.678928
vt 0.284195 0.567824
vt 0.284508 0.596396
vt 0.290949 0.571011
vt 0.290830 0.593085
vt 0.284508 0.596396
vt 0.291099 0.597474
vt 0.290830 0.593085
vt 0.319159 0.566018
vt 0.319201 0.569961
vt 0.328567 0.571056
vt 0.298669 0.593029
vt 0.298669 0.593029
vt 0.298233 0.596638
vt 0.309433 0.594201
vt 0.309229 0.597613
vt 0.330581 0.597244
vt 0.322090 0.593036
vt 0.322489 0.596227
vt 0.308577 0.569313
vt 0.308894 0.564203
vt 0.284195 0.567824
vt 0.290949 0.571011
vt 0.290922 0.565855
vt 0.298961 0.568729
vt 0.298195 0.564884
vt 0.264186 0.597298
vt 0.274805 0.597515
vt 0.263269 0.573715
vt 0.274888 0.572136
vt 0.298961 0.568729
vt 0.034718 0.704666
vt 0.038690 0.705413
vt 0.038690 0.695675
vt 0.038690 0.695675
vt 0.034718 0.694571
vt 0.034718 0.704666
vt 0.036814 0.710710
vt 0.038690 0.705413
vt 0.046348 0.705413
vt 0.046348 0.705413
vt 0.048236 0.710710
vt 0.036814 0.710710
vt 0.022775 0.702115
vt 0.034718 0.704666
vt 0.034718 0.694571
vt 0.034718 0.694571
vt 0.022775 0.690801
vt 0.022775 0.702115
vt 0.036814 0.728810
vt 0.036814 0.710710
vt 0.048236 0.710710
vt 0.048236 0.710710
vt 0.048236 0.728810
vt 0.036814 0.728810
vt 0.020594 0.724015
vt 0.020594 0.710587
vt 0.028985 0.728164
vt 0.028985 0.706437
vt 0.034171 0.717301
vt 0.028985 0.728164
vt 0.020594 0.724015
vt 0.034171 0.717301
vt 0.020594 0.710587
vt 0.028985 0.706437
vt 0.027556 0.624555
vt 0.027556 0.655639
vt 0.019691 0.655639
vt 0.019691 0.624555
vt 0.036231 0.624555
vt 0.036231 0.655639
vt 0.043551 0.624555
vt 0.043551 0.655639
vt 0.011826 0.624555
vt 0.011826 0.655639
vt 0.003151 0.655639
vt 0.003151 0.624555
vt 0.037553 0.734518
vt 0.059182 0.735957
vt 0.049267 0.757650
vt 0.049267 0.757650
vt 0.041505 0.754465
vt 0.037553 0.734518
vt 0.059182 0.779264
vt 0.059182 0.735957
vt 0.049267 0.757650
vt 0.049267 0.757650
vt 0.049267 0.779264
vt 0.059182 0.779264
vt 0.049267 0.757650
vt 0.059182 0.735957
vt 0.059182 0.779264
vt 0.059182 0.779264
vt 0.049267 0.779264
vt 0.049267 0.757650
vt 0.061159 0.632409
vt 0.056074 0.632409
vt 0.061159 0.639384
vt 0.050682 0.639384
vt 0.049428 0.646778
vt 0.056074 0.639384
vt 0.057327 0.646778
vt 0.056074 0.639384
vt 0.049428 0.646778
vt 0.050682 0.632409
vt 0.045597 0.632409
vt 0.050682 0.639384
vt 0.045597 0.639384
vt 0.050682 0.639384
vt 0.045597 0.632409
vt 0.050682 0.632409
vt 0.050682 0.639384
vt 0.056074 0.632409
vt 0.056074 0.639384
vt 0.056074 0.632409
vt 0.050682 0.639384
vt 0.056074 0.639384
vt 0.057327 0.646778
vt 0.050682 0.639384
vt 0.049428 0.646778
vt 0.050682 0.639384
vt 0.057327 0.646778
vt 0.056074 0.632409
vt 0.061159 0.632409
vt 0.056074 0.639384
vt 0.061159 0.639384
vt 0.056074 0.639384
vt 0.061159 0.632409
vt 0.050682 0.632409
vt 0.049428 0.625015
vt 0.056074 0.632409
vt 0.057327 0.625015
vt 0.056074 0.632409
vt 0.049428 0.625015
vt 0.050682 0.639384
vt 0.045597 0.639384
vt 0.050682 0.632409
vt 0.045597 0.632409
vt 0.050682 0.632409
vt 0.045597 0.639384
vt 0.050682 0.639384
vt 0.050682 0.632409
vt 0.056074 0.639384
vt 0.056074 0.632409
vt 0.056074 0.639384
vt 0.050682 0.632409
vt 0.049267 0.757650
vt 0.041505 0.754465
vt 0.059182 0.735957
vt 0.037553 0.734518
vt 0.059182 0.735957
vt 0.041505 0.754465
vt 0.046348 0.695675
vt 0.038690 0.695675
vt 0.048236 0.690316
vt 0.038690 0.695675
vt 0.036814 0.672004
vt 0.048236 0.690316
vt 0.038690 0.695675
vt 0.036814 0.690316
vt 0.036814 0.672004
vt 0.036814 0.672004
vt 0.048236 0.672004
vt 0.048236 0.690316
vt 0.034718 0.704666
vt 0.034718 0.694571
vt 0.038690 0.695675
vt 0.038690 0.695675
vt 0.038690 0.705413
vt 0.034718 0.704666
vt 0.022775 0.702115
vt 0.022775 0.690801
vt 0.034718 0.694571
vt 0.034718 0.694571
vt 0.034718 0.704666
vt 0.022775 0.702115
vt 0.038690 0.705413
vt 0.038690 0.695675
vt 0.046348 0.695675
vt 0.046348 0.695675
vt 0.046348 0.705413
vt 0.038690 0.705413
vt 0.048236 0.660689
vt 0.048236 0.672004
vt 0.036814 0.672004
vt 0.036814 0.672004
vt 0.036814 0.660689
vt 0.048236 0.660689
vt 0.050682 0.639384
vt 0.049428 0.646778
vt 0.057327 0.646778
vt 0.061159 0.632409
vt 0.056074 0.632409
vt 0.056074 0.639384
vt 0.056074 0.639384
vt 0.061159 0.639384
vt 0.061159 0.632409
vt 0.049428 0.625015
vt 0.050682 0.632409
vt 0.056074 0.632409
vt 0.056074 0.632409
vt 0.057327 0.625015
vt 0.049428 0.625015
vt 0.045597 0.639384
vt 0.050682 0.639384
vt 0.050682 0.632409
vt 0.050682 0.632409
vt 0.045597 0.632409
vt 0.045597 0.639384
vt 0.050682 0.632409
vt 0.050682 0.639384
vt 0.056074 0.639384
vt 0.056074 0.639384
vt 0.056074 0.632409
vt 0.050682 0.632409
vt 0.041505 0.754465
vt 0.049267 0.757650
vt 0.059182 0.735957
vt 0.059182 0.735957
vt 0.037553 0.734518
vt 0.041505 0.754465
vt 0.166112 0.594450
vt 0.157978 0.562390
vt 0.149841 0.594449
vt 0.166112 0.594450
vt 0.157978 0.562390
vt 0.149841 0.594449
vt 0.166112 0.594450
vt 0.157978 0.562390
vt 0.149841 0.594449
vt 0.166112 0.594450
vt 0.157978 0.562390
vt 0.149841 0.594449
vt 0.231016 0.518721
vt 0.269914 0.510738
vt 0.231017 0.502751
vt 0.231016 0.518721
vt 0.269914 0.510738
vt 0.231017 0.502751
vt 0.231016 0.518721
vt 0.269914 0.510738
vt 0.231017 0.502751
vt 0.231016 0.518721
vt 0.269914 0.510738
vt 0.231017 0.502751
vt 0.073602 0.703589
vt 0.057365 0.703588
vt 0.057701 0.682784
vt 0.057701 0.682784
vt 0.073267 0.682785
vt 0.073602 0.703589
vt 0.058360 0.670750
vt 0.072608 0.670751
vt 0.073267 0.682785
vt 0.073267 0.682785
vt 0.057701 0.682784
vt 0.058360 0.670750
vt 0.057365 0.703588
vt 0.073602 0.703589
vt 0.071766 0.735958
vt 0.071766 0.735958
vt 0.059182 0.735957
vt 0.057365 0.703588
vt 0.059182 0.779264
vt 0.071766 0.779264
vt 0.072606 0.794087
vt 0.072606 0.794087
vt 0.058358 0.794086
vt 0.059182 0.779264
vt 0.058360 0.649137
vt 0.072608 0.649137
vt 0.072608 0.670751
vt 0.072608 0.670751
vt 0.058360 0.670750
vt 0.058360 0.649137
vt 0.059182 0.735957
vt 0.071766 0.735958
vt 0.071766 0.779264
vt 0.071766 0.779264
vt 0.059182 0.779264
vt 0.059182 0.735957
vt 0.036847 0.779526
vt 0.036847 0.761892
vt 0.039733 0.761892
vt 0.039733 0.779526
vt 0.033303 0.779526
vt 0.033303 0.761892
vt 0.042620 0.779526
vt 0.042620 0.761892
vt 0.046164 0.761892
vt 0.046164 0.779526
vt 0.057327 0.625015
vt 0.056074 0.632409
vt 0.050682 0.632409
vt 0.050682 0.632409
vt 0.049428 0.625015
vt 0.057327 0.625015
vt 0.061159 0.639384
vt 0.056074 0.639384
vt 0.056074 0.632409
vt 0.056074 0.632409
vt 0.061159 0.632409
vt 0.061159 0.639384
vt 0.049428 0.646778
vt 0.050682 0.639384
vt 0.056074 0.639384
vt 0.056074 0.639384
vt 0.057327 0.646778
vt 0.049428 0.646778
vt 0.045597 0.632409
vt 0.050682 0.632409
vt 0.050682 0.639384
vt 0.050682 0.639384
vt 0.045597 0.639384
vt 0.045597 0.632409
vt 0.050682 0.639384
vt 0.050682 0.632409
vt 0.056074 0.632409
vt 0.056074 0.632409
vt 0.056074 0.639384
vt 0.050682 0.639384
vt 0.057327 0.646778
vt 0.056074 0.639384
vt 0.050682 0.639384
vt 0.145150 0.665878
vt 0.159094 0.657728
vt 0.144345 0.665870
vt 0.161159 0.665984
vt 0.146910 0.674436
vt 0.158277 0.658541
vt 0.144363 0.665873
vn 0.8452 0.3301 -0.4203
vn -0.0872 -0.7095 -0.6993
vn -0.8451 -0.3302 0.4204
vn 0.1066 0.6852 0.7205
vn 0.4003 -0.8792 0.2584
vn -0.5537 0.5977 -0.5798
vn -0.9063 0.2400 -0.3478
vn 0.0465 -0.7648 -0.6426
vn 0.9063 -0.2400 0.3478
vn -0.0564 0.7509 0.6580
vn -0.3940 -0.7645 0.5102
vn 0.4468 0.5703 -0.6893
vn -0.0429 0.8386 0.5430
vn -0.0441 0.8625 0.5042
vn -0.0282 0.8478 0.5295
vn -0.0437 0.8545 0.5176
vn -0.0933 0.8623 0.4977
vn 0.2639 -0.5149 0.8156
vn 0.0279 -0.5680 0.8226
vn -0.2132 -0.5385 0.8152
vn 0.8502 0.0328 -0.5254
vn 0.8502 0.0329 -0.5254
vn 0.8502 0.0328 -0.5255
vn -0.0433 0.8387 0.5429
vn -0.8502 -0.0328 0.5255
vn -0.8502 -0.0328 0.5254
vn -0.8502 -0.0329 0.5254
vn 0.7961 0.4249 -0.4310
vn 0.8132 0.3162 -0.4886
vn 0.8406 0.1455 -0.5217
vn 0.8073 0.3892 -0.4435
vn 0.7732 0.4986 -0.3918
vn -0.0326 0.6602 -0.7504
vn 0.2120 0.5386 -0.8155
vn 0.4068 0.6375 -0.6543
vn -0.8403 -0.1351 0.5250
vn -0.8349 -0.1957 0.5144
vn 0.0429 -0.8386 -0.5430
vn -0.6469 -0.4768 0.5952
vn -0.8056 -0.3586 0.4716
vn -0.8068 -0.3516 0.4749
vn -0.4178 -0.5450 0.7270
vn -0.5141 0.0360 -0.8570
vn -0.8371 -0.1181 0.5341
vn -0.7981 0.5856 0.1418
vn -0.5297 0.5585 0.6384
vn -0.5823 -0.6939 -0.4236
vn -0.5764 -0.8026 -0.1535
vn -0.7703 -0.5394 0.3401
vn -0.5041 -0.1825 -0.8441
vn -0.8557 0.1407 0.4980
vn -0.5963 0.5050 -0.6240
vn -0.7658 0.6417 0.0417
vn -0.8446 0.3303 0.4213
vn -0.2628 0.5151 -0.8158
vn -0.4683 0.6090 -0.6402
vn 0.8556 -0.1366 -0.4993
vn 0.8556 -0.1361 -0.4994
vn 0.8405 -0.3886 -0.3775
vn 0.6002 -0.5316 0.5977
vn 0.5827 -0.5024 0.6388
vn 0.4686 -0.5058 0.7242
vn 0.5190 0.5090 0.6867
vn 0.5190 0.5091 0.6866
vn 0.5191 0.5097 0.6861
vn 0.5861 0.7423 -0.3248
vn -0.5949 0.7162 -0.3648
vn -0.6542 -0.5381 0.5315
vn 0.6851 0.7282 -0.0183
vn 0.6850 0.7284 -0.0180
vn 0.6851 0.7283 -0.0184
vn -0.0391 0.7871 -0.6156
vn -0.7578 0.6516 0.0345
vn -0.7579 0.6514 0.0351
vn -0.7579 0.6515 0.0349
vn 0.0294 -0.5986 0.8005
vn 0.5131 -0.1291 0.8486
vn 0.5130 -0.1281 0.8488
vn 0.5131 -0.1299 0.8484
vn -0.1310 0.7385 -0.6614
vn -0.0389 0.7844 -0.6191
vn 0.7323 0.6374 -0.2395
vn 0.0098 -0.2151 0.9765
vn 0.7224 0.6690 -0.1745
vn -0.8325 -0.2262 0.5057
vn -0.8211 -0.2981 0.4868
vn 0.0061 -0.1415 0.9899
vn 0.0491 -0.9680 -0.2461
vn -0.0464 0.9276 -0.3706
vn -0.0491 0.9680 0.2461
vn -0.0464 0.9276 -0.3707
vn -0.8502 -0.0327 0.5255
vn 0.0118 -0.2141 -0.9767
vn -0.0118 0.2563 -0.9665
vn 0.0429 -0.8390 -0.5425
vn 0.0498 -0.9939 -0.0982
vn -0.0433 0.8619 -0.5052
vn -0.0505 0.9972 -0.0551
vn -0.0384 0.7460 0.6648
vn -0.0196 0.3609 0.9324
vn 0.0196 -0.4009 0.9159
vn 0.0386 -0.7743 0.6316
vn 0.0504 -0.9939 -0.0982
vn 0.0431 -0.8389 -0.5425
vn 0.0161 -0.2981 -0.9544
vn -0.0073 0.1711 -0.9852
vn 0.0330 -0.6386 -0.7688
vn -0.5452 0.2591 -0.7973
vn -0.8499 0.0575 0.5239
vn -0.0109 0.2458 -0.9692
vn -0.0114 0.2458 -0.9693
vn -0.5710 -0.2289 0.7884
vn -0.5749 -0.2266 0.7862
vn 0.5487 -0.2170 0.8073
vn 0.3909 -0.2084 0.8965
vn -0.8218 -0.2638 0.5050
vn -0.6465 0.6344 -0.4238
vn -0.4813 -0.4662 0.7423
vn -0.4957 -0.0607 0.8664
vn -0.5041 0.0360 -0.8629
vn -0.4718 -0.4495 -0.7585
vn -0.2160 0.9542 -0.2071
vn -0.4468 0.5797 -0.6814
vn -0.3282 0.5632 0.7583
vn -0.1748 0.9208 0.3488
vn -0.3324 -0.8923 -0.3055
vn -0.4000 -0.8908 0.2157
vn 0.8502 0.0329 -0.5255
vn -0.6105 -0.7889 0.0706
vn -0.6122 -0.7866 0.0802
vn -0.6129 -0.7857 0.0839
vn 0.7220 -0.6541 -0.2254
vn 0.7283 -0.6421 -0.2393
vn 0.7314 -0.6361 -0.2456
vn -0.0178 0.3281 0.9445
vn -0.0370 0.7223 0.6905
vn 0.0207 -0.4321 0.9016
vn 0.0390 -0.7963 0.6037
vn -0.0507 0.9985 -0.0202
vn -0.0440 0.8790 -0.4747
vn -0.0134 0.2899 -0.9570
vn 0.0099 -0.1799 -0.9836
vn 0.0424 -0.8195 -0.5716
vn 0.0501 -0.9899 -0.1328
vn 0.0396 -0.7961 0.6038
vn 0.5335 -0.2130 0.8186
vn 0.8394 0.0649 -0.5396
vn 0.7111 0.6991 -0.0746
vn 0.4700 0.6098 0.6382
vn 0.6539 -0.7414 -0.1510
vn 0.8364 -0.3610 -0.4124
vn 0.6757 -0.6586 0.3310
vn 0.5770 -0.4452 0.6847
vn 0.8432 -0.0252 -0.5370
vn -0.6386 0.6311 -0.4404
vn -0.7220 0.6828 -0.1113
vn -0.8408 0.1469 0.5211
vn -0.8408 0.1467 0.5211
vn -0.8408 0.1472 0.5210
vn -0.6518 0.6909 -0.3129
vn 0.4814 0.8350 -0.2665
vn 0.6048 -0.5664 0.5599
vn -0.8368 0.3429 0.4269
vn -0.8367 0.3431 0.4268
vn -0.8368 0.3433 0.4266
vn -0.0415 0.8342 -0.5499
vn 0.7478 0.6015 -0.2810
vn 0.7480 0.6010 -0.2817
vn 0.7476 0.6020 -0.2803
vn 0.0301 -0.6132 0.7894
vn -0.5864 -0.2149 0.7810
vn 0.0611 0.7042 -0.7074
vn -0.0411 0.8267 -0.5612
vn 0.0064 -0.1478 0.9890
vn -0.8158 0.5028 0.2857
vn 0.8586 -0.1421 -0.4926
vn -0.0429 0.8386 0.5431
vn 0.5809 0.6950 -0.4237
vn 0.5237 -0.4164 0.7432
vn 0.4971 -0.0121 0.8676
vn 0.5589 0.0838 -0.8250
vn 0.5166 -0.4009 -0.7566
vn 0.1192 0.9711 -0.2066
vn 0.3882 0.6211 -0.6808
vn 0.2683 0.5925 0.7596
vn 0.0800 0.9335 0.3496
vn 0.4212 -0.8545 -0.3039
vn 0.4869 -0.8461 0.2167
vn 0.6127 -0.5631 0.5545
vn -0.8502 -0.0330 0.5254
vn -0.8502 -0.0331 0.5255
vn -0.8502 -0.0330 0.5255
vn 0.0114 -0.2458 0.9693
vn 0.8501 0.0329 -0.5255
vn 0.8501 0.0330 -0.5255
vn -0.0114 0.2458 -0.9692
vn -0.8502 -0.0327 0.5254
vn 0.5205 0.4462 0.7280
vn 0.6440 0.7445 0.1762
vn 0.6361 0.7432 0.2074
vn 0.7427 0.6063 -0.2842
vn 0.7471 0.5942 -0.2979
vn 0.7430 0.6058 -0.2846
vn 0.7388 0.6169 -0.2713
vn 0.6340 0.7610 0.1372
vn 0.6186 0.7598 0.2000
vn 0.6262 0.7611 0.1690
vn 0.6337 0.7612 0.1380
vn -0.0451 0.9033 -0.4267
vn -0.0452 0.9033 -0.4267
vn -0.0116 0.1618 0.9868
vn -0.0092 0.1614 0.9868
vn 0.8502 0.0327 -0.5255
vn 0.8502 0.0326 -0.5254
vn 0.8502 0.0327 -0.5254
vn 0.8503 0.0327 -0.5254
vn 0.8502 0.0330 -0.5255
vn 0.5332 -0.2204 0.8168
vn 0.8360 0.1738 -0.5205
vn 0.8472 0.0785 -0.5254
vn 0.3737 -0.2117 0.9031
vn -0.0407 0.8173 -0.5747
vn -0.0406 0.8173 -0.5747
vn -0.0406 0.8173 -0.5748
vn -0.5309 0.2610 -0.8062
vn -0.8665 0.0623 0.4954
vn -0.2440 0.2274 -0.9427
vn 0.2223 0.2505 -0.9422
vn -0.7475 -0.1985 0.6339
vn -0.3619 -0.2462 0.8991
vn -0.8445 0.0542 0.5328
vn -0.5687 0.2530 -0.7827
vn 0.5488 -0.2170 0.8073
vn 0.8438 0.0806 -0.5306
vn 0.8364 0.1729 -0.5202
vn 0.5333 -0.2204 0.8167
vn 0.3737 -0.2112 0.9032
vn -0.6481 -0.5230 0.5535
vn -0.6438 -0.5501 0.5319
vn -0.6420 -0.5682 0.5147
vn 0.6725 -0.7209 0.1673
vn 0.6784 -0.7181 0.1552
vn 0.6856 -0.7142 0.1411
vn 0.0351 -0.6830 -0.7296
vn 0.0352 -0.6827 -0.7298
vn 0.7908 -0.4551 -0.4093
vn 0.7895 -0.4616 -0.4044
vn 0.7906 -0.4565 -0.4082
vn -0.0219 0.4624 -0.8864
vn -0.0091 0.1614 0.9868
vn -0.0069 0.1620 0.9868
vn -0.6950 -0.6737 0.2511
vn -0.6984 -0.6671 0.2593
vn -0.6988 -0.6663 0.2603
vn -0.8503 -0.0324 0.5254
vn -0.8503 -0.0324 0.5253
vn -0.8502 -0.0325 0.5254
vn -0.8502 -0.0329 0.5255
vn -0.6228 0.5706 -0.5353
vn -0.6228 0.5704 -0.5354
vn -0.6228 0.5705 -0.5354
vn -0.6230 0.5709 -0.5348
vn -0.6228 0.5704 -0.5355
vn -0.6229 0.5708 -0.5349
vn -0.0498 0.9680 0.2461
vn -0.0496 0.9680 0.2461
vn -0.0499 0.9680 0.2461
vn 0.8502 0.0332 -0.5255
vn 0.8502 0.0331 -0.5255
vn 0.8502 0.0331 -0.5254
vn 0.8342 0.1428 -0.5327
vn 0.8342 0.1424 -0.5328
vn 0.8342 0.1427 -0.5328
vn 0.8341 0.1426 -0.5328
vn 0.8341 0.1423 -0.5329
vn 0.0488 -0.9605 -0.2739
vn 0.0333 -0.6858 0.7270
vn 0.0339 -0.6864 0.7265
vn 0.0429 -0.8458 -0.5318
vn -0.8176 0.4844 0.3112
vn -0.8437 0.0287 0.5360
vn -0.8297 0.4022 0.3870
vn -0.0092 0.1621 0.9867
vn -0.0092 0.1622 0.9867
vn -0.6947 0.6862 -0.2156
vn -0.6936 0.6861 -0.2194
vn -0.6950 0.6858 -0.2160
vn -0.6959 0.6857 -0.2133
vn -0.0458 0.9152 -0.4003
vn -0.7793 0.6040 0.1671
vn -0.8073 0.5057 0.3043
vn -0.8222 0.4239 0.3799
vn 0.1700 0.9800 0.1038
vn 0.1999 0.9698 0.1399
vn 0.1739 0.9589 -0.2241
vn -0.1659 0.9799 0.1103
vn -0.1659 0.8596 -0.4832
vn -0.1832 0.9587 -0.2177
vn -0.6055 0.7417 0.2885
vn -0.6679 0.7443 0.0037
vn -0.3675 0.7152 -0.5945
vn -0.5810 0.1675 0.7965
vn -0.2960 0.7887 -0.5389
vn 0.2963 0.1097 -0.9488
vn 0.5157 -0.6672 -0.5375
vn 0.3259 0.0249 -0.9451
vn 0.4062 -0.7400 -0.5360
vn -0.4303 0.3845 -0.8167
vn -0.3061 0.9520 -0.0042
vn -0.4013 0.8439 -0.3560
vn -0.0439 0.8111 0.5832
vn 0.1004 0.5301 0.8420
vn 0.3213 -0.0285 0.9465
vn 0.3821 -0.4970 0.7791
vn 0.4129 -0.8447 0.3404
vn 0.3010 -0.9534 -0.0190
vn 0.0468 -0.8144 -0.5784
vn 0.4032 -0.8451 0.3511
vn 0.3067 -0.9518 0.0017
vn -0.1256 -0.5658 -0.8149
vn -0.3534 0.0253 -0.9351
vn -0.6674 0.6831 -0.2966
vn -0.6671 0.6829 -0.2978
vn -0.6676 0.6834 -0.2954
vn -0.6673 0.6831 -0.2968
vn -0.6674 0.6832 -0.2962
vn -0.6674 0.6832 -0.2964
vn 0.3200 0.8328 -0.4517
vn 0.2597 0.9600 -0.1042
vn 0.3106 0.3415 -0.8871
vn 0.2412 -0.0225 -0.9702
vn 0.0767 0.8500 0.5212
vn -0.0507 0.6191 0.7837
vn -0.2418 0.0203 0.9701
vn -0.3101 -0.3395 0.8880
vn -0.3201 -0.8304 0.4560
vn -0.2615 -0.9594 0.1055
vn -0.0782 -0.8527 -0.5165
vn 0.0525 -0.6149 -0.7869
vn -0.2614 -0.9602 0.0986
vn -0.3213 -0.8334 0.4498
vn 0.6243 0.3034 -0.7199
vn 0.6237 0.3055 -0.7195
vn 0.6242 0.3036 -0.7198
vn 0.6239 0.3047 -0.7196
vn -0.4013 0.8439 -0.3561
vn 0.1228 0.5709 0.8118
vn 0.3557 -0.0335 0.9340
vn 0.4294 -0.3771 0.8206
vn 0.4046 -0.8420 0.3568
vn 0.3103 -0.9506 0.0073
vn 0.4033 -0.8450 0.3512
vn 0.3065 -0.9519 0.0019
vn -0.1257 -0.5657 -0.8150
vn 0.4267 -0.8861 0.1812
vn 0.1133 -0.8464 -0.5203
vn 0.7883 -0.4907 -0.3712
vn 0.3990 -0.8710 0.2865
vn -0.0590 -0.4504 0.8909
vn -0.1513 -0.4975 0.8542
vn -0.6172 0.2174 0.7562
vn -0.8118 -0.5713 -0.1211
vn -0.7999 -0.6001 0.0099
vn -0.8031 -0.5782 -0.1440
vn 0.6499 0.6871 -0.3248
vn 0.6782 0.6675 -0.3074
vn 0.5399 0.5109 -0.6689
vn -0.0239 0.2429 -0.9698
vn 0.5688 0.7410 -0.3570
vn 0.6358 0.6579 -0.4035
vn -0.1007 0.1510 -0.9834
vn -0.1087 -0.4390 -0.8919
vn -0.0538 -0.5762 -0.8155
vn -0.5326 0.1226 0.8374
vn 0.4778 0.8425 0.2489
vn 0.2562 0.2509 -0.9335
vn -0.8424 -0.3540 -0.4063
vn -0.8423 -0.3541 -0.4064
vn -0.8423 -0.3540 -0.4064
vn -0.6072 0.7642 0.2176
vn 0.7194 0.6913 -0.0672
vn 0.5440 -0.5444 -0.6385
vn 0.5439 -0.5445 -0.6385
vn 0.5440 -0.5445 -0.6385
vn -0.7812 -0.3789 -0.4961
vn -0.8488 -0.1900 -0.4934
vn -0.8488 -0.1609 -0.5036
vn -0.8451 -0.0271 -0.5339
vn -0.7250 -0.0462 -0.6872
vn -0.4291 -0.3094 -0.8486
vn -0.1768 -0.5904 -0.7875
vn -0.3795 -0.3384 -0.8611
vn 0.4377 0.8901 -0.1271
vn 0.3035 0.9528 0.0069
vn 0.0449 0.5030 0.8631
vn 0.0909 0.2738 0.9575
vn 0.0721 0.4451 0.8926
vn 0.0702 0.7831 0.6179
vn 0.1165 0.9147 0.3869
vn -0.6019 -0.7535 -0.2644
vn -0.3212 -0.8219 -0.4705
vn -0.6092 -0.5866 -0.5337
vn -0.6943 0.6179 -0.3690
vn -0.6943 0.6182 -0.3685
vn -0.6943 0.6180 -0.3688
vn -0.6023 -0.5793 -0.5493
vn -0.6679 0.5195 -0.5329
vn -0.6589 0.4888 -0.5719
vn -0.5992 -0.7586 -0.2560
vn -0.6655 0.4779 -0.5734
vn -0.6450 0.5802 -0.4972
vn -0.6776 0.5952 -0.4320
vn -0.6626 0.4248 -0.6168
vn -0.7156 0.6547 -0.2433
vn -0.7264 0.6654 -0.1718
vn -0.7028 0.6339 -0.3227
vn -0.6913 0.6063 -0.3931
vn -0.1492 0.2897 -0.9454
vn -0.1264 -0.0822 -0.9886
vn -0.5371 -0.0340 -0.8428
vn -0.1594 0.5340 -0.8303
vn -0.1944 0.9698 0.1475
vn -0.7663 0.6420 0.0260
vn -0.7675 0.6400 0.0373
vn -0.7706 0.6341 0.0639
vn -0.7219 0.1114 0.6830
vn -0.7132 0.0450 0.6995
vn -0.7117 0.0304 0.7018
vn -0.8040 0.3420 0.4865
vn -0.8026 0.3669 0.4703
vn -0.8040 0.3415 0.4868
vn -0.8062 0.2710 0.5259
vn -0.5725 -0.4667 -0.6741
vn -0.6364 -0.7706 -0.0338
vn -0.6465 -0.7626 0.0227
vn -0.6286 -0.7476 -0.2142
vn -0.6415 -0.7662 0.0374
vn -0.5729 -0.5361 -0.6200
vn -0.6757 -0.7279 0.1168
vn -0.6861 -0.6859 0.2426
vn -0.6361 -0.7377 -0.2264
vn -0.6601 -0.7508 0.0251
vn -0.7602 -0.5364 0.3666
vn -0.7763 -0.4405 0.4508
vn -0.7041 -0.7069 0.0675
vn -0.6809 -0.7307 -0.0492
vn -0.7413 -0.1904 0.6435
vn -0.7431 -0.2084 0.6359
vn -0.7399 -0.3201 0.5917
vn -0.7251 -0.4167 0.5482
vn 0.5845 -0.0389 0.8105
vn 0.6594 0.7155 0.2308
vn 0.6267 0.6591 0.4157
vn 0.6298 -0.4326 0.6451
vn 0.6025 -0.4436 0.6635
vn -0.8346 0.2566 0.4875
vn -0.8024 0.3165 0.5059
vn -0.8312 -0.0074 0.5560
vn 0.4193 -0.7626 -0.4926
vn 0.4304 -0.8386 -0.3340
vn 0.8128 -0.3621 -0.4564
vn 0.7486 0.5131 -0.4198
vn 0.7486 0.5132 -0.4198
vn -0.0052 0.9523 -0.3051
vn -0.0030 0.9846 -0.1749
vn -0.0174 0.4988 -0.8666
vn -0.0174 0.4979 -0.8671
vn 0.0022 0.9929 0.1187
vn 0.8025 -0.3587 -0.4768
vn 0.4270 -0.8441 -0.3242
vn 0.7906 0.1271 -0.5990
vn 0.7834 0.2371 -0.5746
vn 0.7661 0.1852 -0.6155
vn 0.7792 0.0615 -0.6237
vn 0.7181 0.3765 -0.5852
vn 0.7002 0.3534 -0.6203
vn 0.7495 0.5090 -0.4234
vn 0.7674 0.3941 -0.5057
vn 0.7622 0.4314 -0.4826
vn 0.7343 0.5834 -0.3470
vn -0.0194 0.2298 -0.9730
vn 0.1110 0.2873 -0.9514
vn 0.1265 0.5345 -0.8357
vn 0.5032 -0.0343 -0.8635
vn 0.0870 -0.0823 -0.9928
vn 0.1453 0.8584 -0.4919
vn 0.6818 -0.6738 0.2849
vn 0.6522 -0.6469 0.3952
vn 0.6463 -0.6387 0.4175
vn 0.7671 0.2472 -0.5920
vn 0.7687 0.2306 -0.5966
vn 0.7728 0.1906 -0.6053
vn -0.6673 0.6832 -0.2965
vn -0.6676 0.6834 -0.2953
vn 0.3197 0.8329 -0.4517
vn 0.2599 0.9600 -0.1043
vn 0.3107 0.3415 -0.8870
vn 0.2412 -0.0224 -0.9702
vn 0.0767 0.8499 0.5214
vn -0.0506 0.6191 0.7837
vn -0.2419 0.0204 0.9701
vn -0.3200 -0.8305 0.4560
vn -0.2616 -0.9594 0.1055
vn -0.0782 -0.8527 -0.5166
vn 0.8166 -0.1049 -0.5676
vn 0.8165 -0.1048 -0.5677
vn 0.8166 -0.1048 -0.5677
vn -0.8166 0.1048 0.5676
vn -0.8166 0.1049 0.5676
vn -0.8165 0.1048 0.5677
vn -0.0013 -0.6385 0.7696
vn 0.0035 0.7496 0.6619
vn 0.0035 0.7496 0.6618
vn -0.0036 -0.7696 -0.6385
vn 0.7806 0.2853 -0.5561
vn 0.8057 -0.1102 -0.5819
vn 0.6639 0.7436 0.0797
vn 0.7927 -0.2884 -0.5372
vn 0.7845 -0.4669 -0.4081
vn 0.8057 -0.4435 -0.3925
vn 0.7946 -0.3392 -0.5035
vn 0.7853 -0.4790 -0.3923
vn 0.8034 -0.4777 -0.3554
vn 0.7928 -0.5950 -0.1322
vn 0.8024 -0.4275 -0.4165
vn 0.8038 -0.4612 -0.3757
vn 0.7633 -0.6443 0.0473
vn 0.7005 -0.6644 0.2607
vn 0.7809 -0.5754 -0.2431
vn 0.7556 -0.6497 -0.0835
vn 0.6785 -0.6312 0.3757
vn 0.6008 -0.3915 0.6970
vn 0.6836 -0.5674 0.4590
vn 0.6656 -0.5221 0.5333
vn 0.6265 -0.4539 0.6337
vn -0.0199 0.0171 -0.9997
vn -0.0200 -0.4199 -0.9073
vn -0.0213 -0.2333 -0.9722
vn -0.0084 -0.8686 -0.4955
vn -0.0145 -0.7666 -0.6420
vn -0.0036 -0.9910 0.1340
vn -0.0085 -0.9865 -0.1633
vn -0.0016 -0.7098 0.7044
vn -0.0016 -0.7093 0.7049
vn 0.0001 -0.3192 0.9477
vn -0.2225 0.4439 0.8680
vn 0.0205 -0.9952 -0.0956
vn 0.8043 -0.2168 0.5532
vn 0.8043 -0.2169 0.5532
vn -0.7593 -0.5636 -0.3251
vn -0.7593 -0.5636 -0.3252
vn -0.7594 -0.5636 -0.3252
vn -0.2289 0.3905 0.8917
vn 0.0251 -0.9933 -0.1127
vn 0.0250 -0.9933 -0.1126
vn 0.0251 -0.9933 -0.1128
vn 0.1696 0.7462 -0.6437
vn -0.0053 -1.0000 0.0041
vn 0.8075 -0.0185 0.5895
vn 0.8076 -0.0185 0.5895
vn 0.8076 -0.0186 0.5895
vn 0.2503 0.0126 -0.9681
vn -0.8075 0.0186 -0.5895
vn -0.8076 0.0186 -0.5895
vn -0.8076 0.0185 -0.5895
vn -0.2296 0.3838 0.8944
vn -0.0408 0.9840 0.1733
vn -0.0409 0.9840 0.1736
vn -0.0408 0.9840 0.1735
vn -0.0405 0.9841 0.1728
vn -0.2003 -0.6124 0.7647
vn 0.2666 -0.6217 0.7365
vn 0.7605 0.0358 -0.6484
vn 0.2959 0.3620 0.8840
vn 0.0365 0.9791 0.1999
vn 0.0367 0.9792 0.1994
vn 0.0365 0.9792 0.1997
vn 0.2742 -0.6303 0.7263
vn 0.8029 -0.2487 0.5418
vn -0.7515 -0.5985 -0.2775
vn -0.7515 -0.5986 -0.2774
vn 0.0205 -0.9952 -0.0957
vn -0.8076 0.0106 -0.5896
vn -0.8075 0.0107 -0.5897
vn -0.8076 0.0107 -0.5897
vn -0.8076 0.0106 -0.5897
vn -0.8075 0.0106 -0.5897
vn 0.0053 1.0000 -0.0041
vn 0.1686 -0.7284 -0.6641
vn 0.2491 0.1146 -0.9617
vn 0.2492 0.1141 -0.9617
vn 0.2492 0.1140 -0.9617
vn 0.2491 0.1141 -0.9617
vn 0.8077 -0.0330 0.5887
vn 0.8077 -0.0328 0.5887
vn 0.8077 -0.0329 0.5887
vn 0.8027 -0.2520 0.5405
vn -0.7298 -0.6686 -0.1428
vn -0.7298 -0.6686 -0.1429
vn -0.7298 -0.6686 -0.1427
vn -0.1761 0.6994 0.6927
vn -0.0074 -0.9999 0.0121
vn 0.8030 -0.2486 0.5417
vn 0.8030 -0.2487 0.5417
vn -0.7514 -0.5986 -0.2775
vn -0.2924 0.3780 -0.8784
vn -0.2370 0.7587 -0.6068
vn -0.0427 0.9950 0.0907
vn 0.8626 0.2218 -0.4547
vn 0.8626 0.2217 -0.4547
vn -0.9156 -0.3160 0.2485
vn -0.9157 -0.3160 0.2485
vn 0.8626 0.2217 -0.4546
vn 0.8626 0.2218 -0.4546
vn 0.2689 -0.6074 0.7475
vn 0.0388 -0.9939 -0.1033
vn 0.0167 0.9602 0.2787
vn -0.0276 -0.9495 -0.3124
vn -0.0276 -0.9494 -0.3129
vn -0.0276 -0.9494 -0.3130
vn 0.2953 -0.3064 0.9049
vn -0.2953 0.3064 -0.9049
vn -0.9083 -0.3040 0.2875
vn -0.8947 -0.2086 -0.3949
vn -0.5303 0.2790 -0.8006
vn -0.0407 0.3135 -0.9487
vn -0.8287 -0.1564 0.5374
vn -0.8287 -0.1563 0.5374
vn 0.6773 0.2122 -0.7044
vn 0.8701 0.2356 -0.4330
vn 0.9394 0.3429 0.0025
vn 0.9394 0.3428 0.0025
vn 0.8019 0.1657 -0.5741
vn 0.8190 0.5305 0.2187
vn 0.8190 0.5304 0.2187
vn 0.8892 0.2705 -0.3691
vn 0.8892 0.2706 -0.3691
vn 0.8892 0.2705 -0.3690
vn 0.1498 0.7311 0.6656
vn -0.1498 -0.7311 -0.6656
vn -0.5559 0.4136 0.7210
vn -0.5559 0.4136 0.7211
vn -0.5558 0.4136 0.7211
vn -0.5559 0.4135 0.7211
vn -0.2560 0.6790 -0.6881
vn -0.8892 -0.2705 0.3690
vn -0.8892 -0.2705 0.3691
vn -0.8892 -0.2706 0.3691
vn -0.8892 -0.2704 0.3691
vn 0.8891 0.2706 -0.3691
vn 0.8891 0.2705 -0.3691
vn 0.8892 0.2704 -0.3691
vn 0.2966 -0.2327 0.9262
vn 0.2660 0.2369 0.9344
vn 0.0964 0.8507 0.5168
vn 0.0869 -0.9947 0.0557
vn 0.2071 -0.8486 0.4869
vn -0.2429 -0.3819 -0.8917
vn -0.1380 -0.7612 -0.6336
vn -0.2428 -0.3819 -0.8918
vn -0.1379 -0.7612 -0.6336
vn -0.7539 -0.0393 0.6558
vn -0.7539 -0.0394 0.6558
vn -0.7518 -0.2654 0.6036
vn -0.7518 -0.2653 0.6036
vn 0.7490 -0.5706 -0.3367
vn 0.7491 -0.5706 -0.3366
vn 0.7491 -0.5706 -0.3365
vn 0.2100 0.7109 0.6712
vn 0.0083 -0.9974 -0.0722
vn -0.7511 -0.2789 0.5984
vn -0.7511 -0.2790 0.5983
vn 0.7493 -0.5668 -0.3423
vn 0.7493 -0.5668 -0.3424
vn 0.2855 0.4227 0.8601
vn -0.0101 -0.9922 -0.1245
vn -0.7528 -0.2469 0.6102
vn -0.7527 -0.2470 0.6103
vn 0.7521 -0.5344 -0.3857
vn 0.7520 -0.5345 -0.3858
vn 0.7520 -0.5345 -0.3856
vn 0.2948 0.3688 0.8815
vn -0.0158 -0.9899 -0.1407
vn -0.7527 -0.2469 0.6103
vn 0.7520 -0.5345 -0.3857
vn -0.0155 -0.9898 -0.1413
vn -0.0156 -0.9899 -0.1412
vn -0.2360 0.7612 -0.6041
vn 0.0239 -0.9993 -0.0275
vn -0.7605 -0.0357 0.6484
vn -0.7604 -0.0357 0.6484
vn -0.7605 -0.0358 0.6484
vn -0.7604 -0.0361 0.6484
vn -0.7605 -0.0356 0.6484
vn -0.3299 0.0359 -0.9433
vn -0.3297 0.0356 -0.9434
vn 0.7604 0.0358 -0.6484
vn 0.7604 0.0357 -0.6484
vn 0.7605 0.0357 -0.6484
vn 0.7605 0.0361 -0.6484
vn 0.7605 0.0356 -0.6484
vn 0.7539 0.0397 -0.6557
vn 0.7539 0.0396 -0.6557
vn 0.7540 0.0396 -0.6557
vn 0.7539 0.0397 -0.6558
vn 0.7539 0.0396 -0.6558
vn 0.7539 0.0399 -0.6557
vn -0.0301 0.9992 0.0261
vn -0.2116 -0.7143 -0.6671
vn 0.0301 -0.9992 -0.0261
vn -0.3399 0.1339 -0.9309
vn -0.7540 -0.0399 0.6557
vn -0.7540 -0.0393 0.6558
vn -0.7539 -0.0392 0.6558
vn -0.0793 -0.5903 0.8033
vn -0.2090 -0.5757 0.7905
vn 0.4189 -0.0787 0.9046
vn 0.4070 -0.0572 0.9116
vn 0.7273 -0.6647 0.1709
vn 0.8053 -0.5787 0.1288
vn 0.8524 -0.5006 0.1509
vn -0.5160 0.7585 -0.3980
vn -0.6084 0.6646 -0.4338
vn -0.7908 0.3267 -0.5176
vn 0.5531 -0.1672 0.8162
vn 0.9658 -0.2554 0.0443
vn 0.9607 -0.2760 0.0303
vn 0.9402 -0.1759 -0.2917
vn 0.8483 -0.1549 -0.5063
vn 0.3741 -0.4650 -0.8024
vn 0.6097 -0.2744 -0.7437
vn 0.5513 -0.3048 -0.7767
vn -0.2089 0.9715 -0.1118
vn -0.1022 0.9932 0.0556
vn -0.3006 0.1248 0.9456
vn -0.1703 0.4050 0.8983
vn -0.2196 0.3404 0.9143
vn -0.0260 0.8873 0.4604
vn -0.0647 0.7323 0.6779
vn 0.2920 -0.8053 -0.5159
vn -0.5480 -0.8023 0.2368
vn -0.4664 -0.4448 -0.7646
vn -0.5085 -0.8091 0.2946
vn 0.6616 0.6910 -0.2912
vn 0.6714 0.4687 0.5740
vn 0.2132 0.6007 -0.7705
vn 0.2132 0.6008 -0.7705
vn 0.9652 -0.0781 0.2495
vn 0.2131 0.6007 -0.7705
vn -0.9652 0.0781 -0.2495
vn -0.2081 0.3474 0.9143
vn -0.2019 -0.1086 0.9734
vn -0.0363 0.9047 0.4246
vn 0.0860 0.9961 -0.0206
vn -0.2146 -0.7815 0.5859
vn -0.1227 -0.9781 0.1680
vn 0.0757 -0.8302 -0.5523
vn 0.1817 -0.4857 -0.8551
vn 0.1808 0.2678 -0.9464
vn 0.2348 0.6779 -0.6966
vn 0.1818 -0.4857 -0.8550
vn 0.0756 -0.8302 -0.5523
vn -0.9279 0.1004 -0.3590
vn 0.9841 -0.0657 0.1653
vn 0.9841 -0.0656 0.1652
vn 0.9841 -0.0656 0.1653
vn -0.9279 0.1004 -0.3589
vn 0.8019 0.1656 -0.5741
vn 0.0276 0.9496 0.3124
vn 0.0276 0.9495 0.3124
vn -0.9386 -0.3326 -0.0921
vn -0.9386 -0.3325 -0.0920
vn -0.2954 0.3065 -0.9049
vn -0.2953 0.3065 -0.9049
vn -0.9386 -0.3325 -0.0921
vn -0.9386 -0.3326 -0.0920
vn -0.9156 -0.3160 0.2486
vn -0.9156 -0.3161 0.2485
vn -0.1976 -0.5422 0.8166
vn -0.1976 -0.5422 0.8167
vn -0.1976 -0.5423 0.8166
vn -0.1977 -0.5422 0.8167
vn -0.1975 -0.5423 0.8166
vn -0.1977 -0.5423 0.8166
vn -0.1977 -0.5422 0.8166
vn -0.7855 0.5866 0.1974
vn -0.0869 0.8042 0.5879
vn 0.0869 -0.8042 -0.5879
vn -0.0255 -0.9779 -0.2076
vn -0.8232 0.1384 -0.5506
vn 0.0253 0.9778 0.2082
vn 0.0253 0.9777 0.2083
vn 0.0253 0.9777 0.2084
vn 0.0255 0.9779 0.2076
vn 0.9830 -0.1098 0.1469
vn 0.9831 -0.1097 0.1469
vn 0.9830 -0.1097 0.1469
vn 0.9830 -0.1097 0.1470
vn 0.9830 -0.1097 0.1471
vn 0.1889 0.1874 -0.9639
vn 0.1889 0.1875 -0.9639
vn 0.1890 0.1874 -0.9639
vn 0.1890 0.1875 -0.9639
vn 0.9841 -0.0657 0.1652
vn 0.3231 -0.0590 0.9445
vn -0.3489 0.9067 0.2369
vn 0.0364 0.3684 -0.9290
vn 0.8435 -0.4910 -0.2176
vn 0.1752 0.8995 0.4003
vn 0.1751 0.8994 0.4006
vn 0.1752 0.8994 0.4005
vn -0.5301 0.8360 -0.1419
vn -0.2521 -0.2574 -0.9328
vn -0.2522 -0.2573 -0.9328
vn 0.7891 -0.5048 -0.3501
vn -0.1944 -0.5270 0.8273
vn -0.1944 -0.5271 0.8273
vn -0.0827 -0.9965 0.0080
vn 0.0349 0.9843 0.1731
vn 0.0350 0.9843 0.1730
vn 0.0349 0.9843 0.1730
vn 0.0351 0.9844 0.1725
vn -0.0252 -0.9777 -0.2083
vn -0.0253 -0.9778 -0.2082
vn -0.0253 -0.9778 -0.2081
vn -0.1890 -0.1874 0.9639
vn -0.1889 -0.1874 0.9639
vn -0.1890 -0.1875 0.9639
vn 0.9773 -0.1802 0.1115
vn 0.9836 -0.0618 0.1692
vn 0.1997 0.1213 -0.9723
vn 0.0040 0.2076 -0.9782
vn 0.8514 -0.1301 0.5082
vn -0.9400 0.0943 -0.3279
vn -0.7038 0.1652 -0.6909
vn -0.9835 0.0972 -0.1526
vn -0.9835 0.0971 -0.1526
vn -0.0254 -0.9779 -0.2076
vn 0.0254 0.9779 0.2076
vn 0.9830 -0.1098 0.1470
vn 0.8245 -0.3667 0.4310
vn -0.9312 -0.0695 0.3579
vn -0.7762 -0.3803 0.5029
vn -0.7662 -0.3643 0.5294
usemtl Tex_0000_0.dds.001
s off
f 3962/4757/2718 3965/4758/2718 3964/4759/2718 3963/4760/2718
f 3965/4758/2719 3967/4761/2719 3966/4762/2719 3964/4759/2719
f 3967/4763/2720 3969/4764/2720 3968/4765/2720 3966/4766/2720
f 3969/4767/2721 3962/4757/2721 3963/4760/2721 3968/4768/2721
f 3965/4758/2722 3962/4757/2722 3969/4769/2722 3967/4770/2722
f 3966/4771/2723 3968/4772/2723 3963/4760/2723 3964/4759/2723
f 3970/4773/2724 3973/4774/2724 3972/4775/2724 3971/4776/2724
f 3971/4776/2725 3972/4775/2725 3975/4777/2725 3974/4778/2725
f 3974/4779/2726 3975/4780/2726 3977/4781/2726 3976/4782/2726
f 3976/4783/2727 3977/4784/2727 3973/4774/2727 3970/4773/2727
f 3971/4776/2728 3974/4785/2728 3976/4786/2728 3970/4773/2728
f 3975/4787/2729 3972/4775/2729 3973/4774/2729 3977/4788/2729
s 1
f 3978/4789/2730 3980/4790/2730 3979/4791/2730
f 3981/4792/2730 3983/4793/2730 3982/4794/2730
f 3984/4795/2731 3986/4796/2731 3985/4797/2731
f 3987/4798/2732 3989/4799/2732 3988/4800/2732
f 3990/4801/2733 3992/4802/2733 3991/4803/2733
f 3993/4804/2734 3995/4805/2734 3994/4806/2734
f 3996/4807/2735 3998/4808/2736 3997/4809/2737
f 3999/4810/2738 4001/4811/2739 4000/4812/2738
f 4000/4812/2738 4002/4813/2740 3999/4810/2738
f 4003/4814/2730 4005/4815/2730 4004/4816/2730
f 4004/4816/2730 4006/4817/2741 4003/4814/2730
f 4007/4818/2742 4009/4819/2743 4008/4820/2743
f 4008/4820/2743 4010/4821/2744 4007/4818/2742
f 4011/4822/2745 4013/4823/2746 4012/4824/2747
f 4012/4824/2747 4014/4825/2748 4011/4822/2745
f 4015/4826/2749 4013/4823/2746 4011/4822/2745
f 4016/4827/2750 4018/4828/2751 4017/4829/2752
f 4010/4821/2744 4008/4820/2743 4019/4830/2753
f 4019/4830/2753 4020/4831/2754 4010/4821/2744
f 4021/4832/2755 4023/4833/2755 4022/4834/2755
f 4024/4835/2755 4026/4836/2755 4025/4837/2755
f 4027/4838/2755 4029/4839/2755 4028/4840/2755
f 4030/4841/2755 4032/4842/2755 4031/4843/2755
f 4033/4844/2756 4035/4845/2757 4034/4846/2758
f 4036/4847/2759 4033/4844/2756 4034/4846/2758
f 4034/4846/2758 3997/4809/2737 4036/4847/2759
f 4037/4848/2760 4039/4849/2761 4038/4850/2762
f 4039/4849/2761 4040/4851/2763 4038/4850/2762
f 4041/4852/2764 4043/4853/2765 4042/4854/2766
f 4039/4849/2761 4037/4848/2760 4044/4855/2767
f 4045/4856/2742 4047/4857/2744 4046/4858/2743
f 4048/4859/2730 4050/4860/2730 4049/4861/2730
f 4049/4861/2730 4051/4862/2730 4048/4859/2730
f 4052/4863/2739 4054/4864/2740 4053/4865/2739
f 4053/4865/2739 4055/4866/2740 4052/4863/2739
f 4056/4867/2768 4058/4868/2769 4057/4869/2770
f 4057/4869/2770 4059/4870/2771 4056/4867/2768
f 4060/4871/2772 4016/4827/2750 4061/4872/2773
f 4055/4866/2740 4063/4873/2774 4062/4874/2775
f 4062/4874/2775 4052/4863/2739 4055/4866/2740
f 4062/4874/2775 4063/4873/2774 4064/4875/2776
f 4064/4875/2776 4065/4876/2777 4062/4874/2775
f 4065/4876/2777 4067/4877/2778 4066/4878/2779
f 4066/4878/2779 3996/4807/2735 4065/4876/2777
f 4068/4879/2780 4070/4880/2781 4069/4881/2782
f 4071/4882/2783 4017/4829/2752 4015/4826/2749
f 4072/4883/2784 4074/4884/2784 4073/4885/2784
f 4075/4886/2785 4033/4844/2756 4036/4847/2759
f 4076/4887/2786 4078/4888/2787 4077/4889/2788
f 4079/4890/2789 4016/4827/2750 4017/4829/2752
f 4080/4891/2790 4082/4892/2791 4081/4893/2792
f 4083/4894/2793 4036/4847/2759 3998/4808/2736
f 4084/4895/2794 4086/4896/2795 4085/4897/2796
f 4087/4898/2797 4089/4899/2797 4088/4900/2797
f 4090/4901/2798 4092/4902/2798 4091/4903/2798
f 4093/4904/2799 4015/4826/2749 4011/4822/2745
f 4094/4905/2800 4096/4906/2800 4095/4907/2800
f 4097/4908/2801 4011/4822/2745 4014/4825/2748
f 4098/4909/2802 4099/4910/2803 4020/4831/2754
f 4100/4911/2804 4102/4912/2804 4101/4913/2804
f 4101/4913/2804 4103/4914/2804 4100/4911/2804
f 4104/4915/2805 4106/4916/2805 4105/4917/2805
f 4107/4918/2806 4109/4919/2807 4108/4920/2807
f 4108/4920/2807 4110/4921/2808 4107/4918/2806
f 4111/4922/2743 4113/4923/2743 4112/4924/2743
f 4114/4925/2743 4116/4926/2743 4115/4927/2742
f 4117/4928/2809 4119/4929/2742 4118/4930/2743
f 4120/4931/2810 4122/4932/2811 4121/4933/2812
f 4121/4933/2812 4123/4934/2813 4120/4931/2810
f 4124/4935/2814 4125/4936/2815 4122/4932/2811
f 4122/4932/2811 4120/4931/2810 4124/4935/2814
f 4126/4937/2816 4127/4938/2817 4125/4936/2815
f 4125/4936/2815 4124/4935/2814 4126/4937/2816
f 4128/4939/2818 4129/4940/2819 4127/4938/2817
f 4127/4938/2817 4126/4937/2816 4128/4939/2818
f 4130/4941/2820 4131/4942/2821 4129/4940/2819
f 4129/4940/2819 4128/4939/2818 4130/4941/2820
f 4132/4943/2738 4134/4944/2738 4133/4945/2738
f 4135/4946/2738 4137/4947/2738 4136/4948/2740
f 4138/4949/2743 4140/4950/2743 4139/4951/2742
f 4141/4952/2743 4143/4953/2743 4142/4954/2743
f 4144/4955/2822 4146/4956/2823 4145/4957/2824
f 4145/4957/2824 4147/4958/2824 4144/4955/2822
f 4107/4918/2806 4110/4921/2808 4146/4956/2823
f 4146/4956/2823 4144/4955/2822 4107/4918/2806
f 4148/4959/2825 4150/4960/2826 4149/4961/2827
f 4149/4961/2827 4151/4962/2828 4148/4959/2825
f 4152/4963/2829 4153/4964/2830 4150/4960/2826
f 4150/4960/2826 4148/4959/2825 4152/4963/2829
f 4152/4963/2829 4155/4965/2831 4154/4966/2832
f 4154/4966/2832 4153/4964/2830 4152/4963/2829
f 4044/4855/2767 4156/4967/2833 4039/4849/2761
f 4156/4967/2833 4044/4855/2767 4041/4852/2764
f 4041/4852/2764 4042/4854/2766 4156/4967/2833
f 4157/4968/2834 4037/4848/2760 4038/4850/2762
f 4156/4967/2833 4159/4969/2835 4158/4970/2836
f 4158/4970/2836 4039/4849/2761 4156/4967/2833
f 4044/4855/2767 4161/4971/2837 4160/4972/2838
f 4160/4972/2838 4041/4852/2764 4044/4855/2767
f 4157/4968/2834 4163/4973/2839 4162/4974/2840
f 4162/4974/2840 4037/4848/2760 4157/4968/2834
f 4040/4851/2763 4165/4975/2841 4164/4976/2842
f 4164/4976/2842 4038/4850/2762 4040/4851/2763
f 4043/4853/2765 4167/4977/2843 4166/4978/2844
f 4166/4978/2844 4042/4854/2766 4043/4853/2765
f 4042/4854/2766 4166/4978/2844 4159/4969/2835
f 4159/4969/2835 4156/4967/2833 4042/4854/2766
f 4041/4852/2764 4160/4972/2838 4167/4977/2843
f 4167/4977/2843 4043/4853/2765 4041/4852/2764
f 4037/4848/2760 4162/4974/2840 4161/4971/2837
f 4161/4971/2837 4044/4855/2767 4037/4848/2760
f 4038/4850/2762 4164/4976/2842 4163/4973/2839
f 4163/4973/2839 4157/4968/2834 4038/4850/2762
f 4039/4849/2761 4158/4970/2836 4165/4975/2841
f 4165/4975/2841 4040/4851/2763 4039/4849/2761
f 4168/4979/2845 4170/4980/2740 4169/4981/2738
f 4171/4982/2740 4173/4983/2739 4172/4984/2738
f 4174/4985/2807 4176/4986/2807 4175/4987/2807
f 4177/4988/2807 4179/4989/2807 4178/4990/2807
f 4180/4991/2742 4182/4992/2744 4181/4993/2744
f 4181/4993/2744 4183/4994/2742 4180/4991/2742
f 4184/4995/2805 4186/4996/2805 4185/4997/2805
f 4187/4998/2846 4189/4999/2847 4188/5000/2848
f 4190/5001/2849 4192/5002/2850 4191/5003/2851
f 4193/5004/2738 4195/5005/2738 4194/5006/2738
f 4196/5007/2738 4198/5008/2738 4197/5009/2739
f 4199/5010/2738 4201/5011/2739 4200/5012/2738
f 4202/5013/2852 4204/5014/2853 4203/5015/2854
f 4203/5015/2854 4205/5016/2855 4202/5013/2852
f 4206/5017/2856 4207/5018/2857 4204/5014/2853
f 4204/5014/2853 4202/5013/2852 4206/5017/2856
f 4208/5019/2858 4209/5020/2859 4207/5018/2857
f 4207/5018/2857 4206/5017/2856 4208/5019/2858
f 4210/5021/2860 4211/5022/2861 4209/5020/2859
f 4209/5020/2859 4208/5019/2858 4210/5021/2860
f 4212/5023/2862 4213/5024/2854 4211/5022/2861
f 4211/5022/2861 4210/5021/2860 4212/5023/2862
f 4214/5025/2863 4216/5026/2864 4215/5027/2865
f 4217/5028/2866 4214/5025/2863 4215/5027/2865
f 4218/5029/2867 4220/5030/2868 4219/5031/2869
f 4214/5025/2863 4222/5032/2870 4221/5033/2871
f 4098/4909/2802 4020/4831/2754 4019/4830/2753
f 4019/4830/2753 4034/4846/2758 4098/4909/2802
f 4223/5034/2872 4224/5035/2873 4057/4869/2770
f 4223/5034/2872 4057/4869/2770 4058/4868/2769
f 4058/4868/2769 4060/4871/2772 4061/4872/2773
f 4061/4872/2773 4223/5034/2872 4058/4868/2769
f 4017/4829/2752 4018/4828/2751 4013/4823/2746
f 4013/4823/2746 4015/4826/2749 4017/4829/2752
f 4016/4827/2750 4060/4871/2772 4018/4828/2751
f 3996/4807/2735 4066/4878/2779 3998/4808/2736
f 3998/4808/2736 4036/4847/2759 3997/4809/2737
f 4225/5036/2874 4227/5037/2875 4226/5038/2876
f 4061/4872/2773 4228/5039/2877 4223/5034/2872
f 4229/5040/2878 4231/5041/2878 4230/5042/2878
f 4067/4877/2778 4232/5043/2879 4066/4878/2779
f 4233/5044/2880 4235/5045/2881 4234/5046/2882
f 4016/4827/2750 4236/5047/2883 4061/4872/2773
f 4237/5048/2884 4239/5049/2885 4238/5050/2886
f 4066/4878/2779 4240/5051/2887 3998/4808/2736
f 4241/5052/2888 4243/5053/2888 4242/5054/2888
f 4244/5055/2889 4246/5056/2889 4245/5057/2889
f 4247/5058/2890 4249/5059/2890 4248/5060/2890
f 4250/5061/2891 4252/5062/2891 4251/5063/2891
f 4057/4869/2770 4253/5064/2892 4059/4870/2771
f 4254/5065/2893 4064/4875/2776 4063/4873/2774
f 4255/5066/2804 4257/5067/2804 4256/5068/2804
f 4256/5068/2804 4258/5069/2804 4255/5066/2804
f 4259/5070/2894 4261/5071/2894 4260/5072/2894
f 4262/5073/2894 4264/5074/2894 4263/5075/2894
f 4046/4858/2743 4265/5076/2744 4045/4856/2742
f 4221/5033/2871 4216/5026/2864 4214/5025/2863
f 4222/5032/2870 4219/5031/2869 4220/5030/2868
f 4220/5030/2868 4221/5033/2871 4222/5032/2870
f 4216/5026/2864 4266/5077/2895 4215/5027/2865
f 4267/5078/2896 4222/5032/2870 4268/5079/2897
f 4214/5025/2863 4268/5079/2897 4222/5032/2870
f 4269/5080/2898 4221/5033/2871 4270/5081/2899
f 4220/5030/2868 4270/5081/2899 4221/5033/2871
f 4271/5082/2900 4266/5077/2895 4272/5083/2901
f 4216/5026/2864 4272/5083/2901 4266/5077/2895
f 4273/5084/2902 4217/5028/2866 4274/5085/2903
f 4215/5027/2865 4274/5085/2903 4217/5028/2866
f 4275/5086/2904 4218/5029/2867 4276/5087/2905
f 4219/5031/2869 4276/5087/2905 4218/5029/2867
f 4276/5087/2905 4219/5031/2869 4267/5078/2896
f 4222/5032/2870 4267/5078/2896 4219/5031/2869
f 4270/5081/2899 4220/5030/2868 4275/5086/2904
f 4218/5029/2867 4275/5086/2904 4220/5030/2868
f 4272/5083/2901 4216/5026/2864 4269/5080/2898
f 4221/5033/2871 4269/5080/2898 4216/5026/2864
f 4274/5085/2903 4215/5027/2865 4271/5082/2900
f 4266/5077/2895 4271/5082/2900 4215/5027/2865
f 4268/5079/2897 4214/5025/2863 4273/5084/2902
f 4217/5028/2866 4273/5084/2902 4214/5025/2863
f 4012/4824/2747 3999/4810/2738 4002/4813/2740
f 4002/4813/2740 4014/4825/2748 4012/4824/2747
f 4056/4867/2768 4059/4870/2771 4265/5076/2744
f 4265/5076/2744 4046/4858/2743 4056/4867/2768
f 4277/5088/2906 4067/4877/2778 4065/4876/2777
f 4035/4845/2757 4098/4909/2802 4034/4846/2758
f 4064/4875/2776 4277/5088/2906 4065/4876/2777
f 4278/5089/2805 4280/5090/2805 4279/5091/2805
f 4281/5092/2805 4283/5093/2805 4282/5094/2805
f 4284/5095/2907 4286/5096/2744 4285/5097/2908
f 4287/5098/2909 4289/5099/2744 4288/5100/2907
f 4290/5101/2828 4292/5102/2828 4291/5103/2828
f 4291/5103/2828 4293/5104/2828 4290/5101/2828
f 4294/5105/2910 4296/5106/2910 4295/5107/2910
f 4297/5108/2910 4299/5109/2910 4298/5110/2910
f 4300/5111/2911 4302/5112/2912 4301/5113/2740
f 4303/5114/2911 4305/5115/2738 4304/5116/2740
f 4306/5117/2828 4308/5118/2828 4307/5119/2913
f 4307/5119/2913 4309/5120/2913 4306/5117/2828
f 4310/5121/2743 4312/5122/2914 4311/5123/2914
f 4311/5123/2914 4313/5124/2914 4310/5121/2743
f 4314/5125/2807 4316/5126/2807 4315/5127/2807
f 4315/5127/2807 4317/5128/2807 4314/5125/2807
f 4318/5129/2807 4320/5130/2807 4319/5131/2807
f 4321/5132/2915 4323/5133/2916 4322/5134/2917
f 4324/5135/2918 4326/5136/2919 4325/5137/2920
f 4325/5137/2920 4327/5138/2921 4324/5135/2918
f 4328/5139/2922 4322/5134/2923 4329/5140/2924
f 4329/5140/2924 4330/5141/2925 4328/5139/2922
f 4331/5142/2926 4333/5143/2926 4332/5144/2926
f 4334/5145/2927 4336/5146/2927 4335/5147/2927
f 4337/5148/2928 4339/5149/2928 4338/5150/2928
f 4340/5151/2929 4342/5152/2929 4341/5153/2929
f 4343/5154/2738 4345/5155/2930 4344/5156/2739
f 4346/5157/2931 4348/5158/2932 4347/5159/2933
f 4349/5160/2740 4351/5161/2934 4350/5162/2740
f 4352/5163/2738 4354/5164/2739 4353/5165/2739
f 4355/5166/2935 4357/5167/2936 4356/5168/2937
f 4356/5168/2937 4358/5169/2938 4355/5166/2935
f 4357/5167/2936 4151/4962/2828 4149/4961/2827
f 4149/4961/2827 4356/5168/2937 4357/5167/2936
f 4359/5170/2939 4361/5171/2939 4360/5172/2939
f 4362/5173/2940 4364/5174/2940 4363/5175/2940
f 4365/5176/2941 4367/5177/2941 4366/5178/2941
f 4368/5179/2807 4370/5180/2807 4369/5181/2807
f 4371/5182/2807 4373/5183/2807 4372/5184/2807
f 4374/5185/2807 4376/5186/2807 4375/5187/2807
f 4377/5188/2942 4379/5189/2943 4378/5190/2944
f 4378/5190/2944 4380/5191/2945 4377/5188/2942
f 4381/5192/2946 4383/5193/2947 4382/5194/2948
f 4382/5194/2948 4384/5195/2949 4381/5192/2946
f 4385/5196/2832 4386/5197/2950 4383/5193/2947
f 4383/5193/2947 4381/5192/2946 4385/5196/2832
f 4387/5198/2951 4389/5199/2952 4388/5200/2953
f 4388/5200/2953 4390/5201/2954 4387/5198/2951
f 4380/5191/2945 4378/5190/2944 4389/5199/2952
f 4389/5199/2952 4387/5198/2951 4380/5191/2945
f 4391/5202/2955 4393/5203/2956 4392/5204/2957
f 4394/5205/2958 4396/5206/2959 4395/5207/2960
f 4397/5208/2961 4399/5209/2961 4398/5210/2961
f 4400/5211/2962 4402/5212/2962 4401/5213/2962
f 4403/5214/2963 4405/5215/2964 4404/5216/2965
f 4406/5217/2966 4408/5218/2966 4407/5219/2966
f 4409/5220/2966 4411/5221/2966 4410/5222/2966
f 4412/5223/2807 4414/5224/2807 4413/5225/2807
f 4413/5225/2807 4415/5226/2807 4412/5223/2807
f 4416/5227/2931 4418/5228/2931 4417/5229/2931
f 4419/5230/2932 4421/5231/2931 4420/5232/2931
f 4422/5233/2807 4424/5234/2807 4423/5235/2807
f 4423/5235/2807 4425/5236/2807 4422/5233/2807
f 4426/5237/2927 4428/5238/2927 4427/5239/2927
f 4429/5240/2926 4431/5241/2926 4430/5242/2926
f 4432/5243/2967 4434/5244/2967 4433/5245/2967
f 4435/5246/2968 4437/5247/2968 4436/5248/2968
f 4438/5249/2969 4440/5250/2970 4439/5251/2971
f 4441/5252/2972 4443/5253/2973 4442/5254/2974
f 4444/5255/2914 4446/5256/2743 4445/5257/2743
f 4447/5258/2914 4449/5259/2914 4448/5260/2914
f 4450/5261/2909 4452/5262/2975 4451/5263/2744
f 4453/5264/2744 4455/5265/2744 4454/5266/2743
f 4456/5267/2976 4458/5268/2977 4457/5269/2978
f 4459/5270/2979 4461/5271/2980 4460/5272/2981
f 4462/5273/2828 4464/5274/2828 4463/5275/2828
f 4465/5276/2828 4467/5277/2828 4466/5278/2828
f 4468/5279/2982 4470/5280/2983 4469/5281/2984
f 4471/5282/2807 4473/5283/2807 4472/5284/2807
f 4474/5285/2985 4476/5286/2986 4475/5287/2987
f 4477/5288/2988 4479/5289/2989 4478/5290/2990
f 4480/5291/2991 4482/5292/2992 4481/5293/2989
f 4483/5294/2807 4485/5295/2807 4484/5296/2807
f 4486/5297/2807 4488/5298/2807 4487/5299/2807
f 4489/5300/2993 4491/5301/2993 4490/5302/2993
f 4492/5303/2993 4494/5304/2993 4493/5305/2993
f 4495/5306/2805 4497/5307/2805 4496/5308/2805
f 4498/5309/2805 4500/5310/2805 4499/5311/2805
f 4501/5312/2828 4503/5313/2828 4502/5314/2828
f 4504/5315/2828 4506/5316/2828 4505/5317/2828
f 4507/5318/2807 4509/5319/2807 4508/5320/2807
f 4510/5321/2807 4512/5322/2807 4511/5323/2807
f 4513/5324/2828 4515/5325/2828 4514/5326/2828
f 4516/5327/2828 4518/5328/2828 4517/5329/2828
f 4519/5330/2994 4521/5331/2994 4520/5332/2994
f 4522/5333/2995 4524/5334/2995 4523/5335/2995
f 4525/5336/2996 4527/5337/2996 4526/5338/2996
f 4528/5339/2996 4530/5340/2996 4529/5341/2996
f 4531/5342/2807 4533/5343/2807 4532/5344/2807
f 4534/5345/2997 4536/5346/2998 4535/5347/2999
f 4537/5348/3000 4539/5349/3000 4538/5350/3000
f 4540/5351/3001 4542/5352/3001 4541/5353/3001
f 4543/5354/3002 4545/5355/3003 4544/5356/3004
f 4544/5356/3004 4546/5357/3005 4543/5354/3002
f 4547/5358/3006 4549/5359/3006 4548/5360/3006
f 4550/5361/3006 4552/5362/3006 4551/5363/3006
f 4553/5364/3007 4555/5365/3007 4554/5366/3008
f 4554/5366/3008 4535/5347/3009 4553/5364/3007
f 4556/5367/2910 4558/5368/2910 4557/5369/2910
f 4559/5370/2910 4561/5371/2910 4560/5372/2910
f 4562/5373/3010 4564/5374/3011 4563/5375/3012
f 4565/5376/3013 4567/5377/3014 4566/5378/3015
f 4568/5379/3016 4570/5380/3017 4569/5381/3018
f 4568/5379/3016 4571/5382/3019 4570/5380/3017
f 4570/5380/3017 4572/5383/3020 4569/5381/3018
f 4572/5383/3020 4573/5384/3021 4569/5381/3018
f 4574/5385/3022 4575/5386/3023 4573/5384/3021
f 4573/5384/3021 4576/5387/3024 4574/5385/3022
f 4573/5384/3021 4575/5386/3023 4569/5381/3018
f 4577/5388/3025 4579/5389/3026 4578/5390/3027
f 4580/5391/3028 4578/5390/3027 4579/5389/3026
f 4579/5389/3026 4581/5392/3029 4580/5391/3028
f 4582/5393/3030 4580/5391/3028 4581/5392/3029
f 4581/5392/3029 4583/5394/3031 4582/5393/3030
f 4584/5395/3032 4582/5393/3030 4583/5394/3031
f 4583/5394/3031 4585/5396/3033 4584/5395/3032
f 4586/5397/3034 4588/5398/3035 4587/5399/3036
f 4587/5399/3036 4589/5400/3037 4586/5397/3034
f 4590/5401/3038 4586/5397/3034 4589/5400/3037
f 4589/5400/3037 4577/5388/3025 4590/5401/3038
f 4591/5402/3039 4593/5403/3040 4592/5404/3041
f 4593/5403/3040 4594/5405/3042 4592/5404/3041
f 4593/5403/3040 4595/5406/3043 4594/5405/3042
f 4594/5405/3042 4596/5407/3044 4592/5404/3041
f 4597/5408/3045 4599/5409/3046 4598/5410/3047
f 4598/5410/3047 4600/5411/3048 4597/5408/3045
f 4601/5412/3049 4602/5413/3050 4599/5409/3046
f 4599/5409/3046 4597/5408/3045 4601/5412/3049
f 4603/5414/3051 4604/5415/3052 4602/5413/3050
f 4602/5413/3050 4601/5412/3049 4603/5414/3051
f 4605/5416/3053 4606/5417/3054 4604/5415/3052
f 4604/5415/3052 4603/5414/3051 4605/5416/3053
f 4607/5418/3055 4609/5419/3056 4608/5420/3057
f 4608/5420/3057 4610/5421/3058 4607/5418/3055
f 4600/5411/3048 4598/5410/3047 4609/5419/3056
f 4611/5422/3059 4613/5423/3060 4612/5424/3060
f 4613/5423/3060 4614/5425/3061 4612/5424/3060
f 4613/5423/3060 4615/5426/3062 4614/5425/3061
f 4614/5425/3061 4616/5427/3059 4612/5424/3060
f 4617/5428/3063 4619/5429/3038 4618/5430/3025
f 4618/5430/3025 4620/5431/3026 4617/5428/3063
f 4621/5432/3028 4617/5428/3063 4620/5431/3026
f 4620/5431/3026 4622/5433/3064 4621/5432/3028
f 4623/5434/3065 4621/5432/3028 4622/5433/3064
f 4622/5433/3064 4624/5435/3066 4623/5434/3065
f 4625/5436/3067 4623/5434/3065 4624/5435/3066
f 4624/5435/3066 4626/5437/3068 4625/5436/3067
f 4627/5438/3034 4629/5439/3069 4628/5440/3070
f 4628/5440/3070 4630/5441/3071 4627/5438/3034
f 4619/5429/3038 4627/5438/3034 4630/5441/3071
f 4630/5441/3071 4618/5430/3025 4619/5429/3038
f 4631/5442/3059 4633/5443/3060 4632/5444/3060
f 4633/5443/3060 4634/5445/3061 4632/5444/3060
f 4633/5443/3060 4635/5446/3062 4634/5445/3061
f 4634/5445/3061 4636/5447/3059 4632/5444/3060
f 4578/5390/3027 4590/5401/3038 4577/5388/3025
f 4637/5448/3072 4639/5449/3073 4638/5450/3074
f 4638/5450/3074 4640/5451/3075 4637/5448/3072
f 4641/5452/3076 4637/5448/3072 4640/5451/3075
f 4640/5451/3075 4642/5453/3077 4641/5452/3076
f 4641/5452/3076 4642/5453/3077 4571/5382/3019
f 4571/5382/3019 4643/5454/3078 4641/5452/3076
f 4644/5455/3079 4646/5456/3080 4645/5457/3081
f 4647/5458/3082 4649/5459/3083 4648/5460/3084
f 4650/5461/3085 4652/5462/3086 4651/5463/3087
f 4653/5464/3088 4654/5465/3089 4650/5461/3085
f 4655/5466/3090 4650/5461/3085 4654/5465/3089
f 4653/5464/3088 4650/5461/3085 4651/5463/3087
f 4656/5467/3091 4658/5468/3091 4657/5469/3091
f 4659/5470/3092 4661/5471/3092 4660/5472/3092
f 4662/5473/3093 4664/5474/3093 4663/5475/3093
f 4665/5476/3094 4667/5477/3095 4666/5478/3096
f 4668/5479/3097 4670/5480/3097 4669/5481/3097
f 4671/5482/3098 4673/5483/3098 4672/5484/3098
f 4674/5485/3099 4676/5486/3100 4675/5487/3101
f 4677/5488/3102 4679/5489/3102 4678/5490/3102
f 4571/5382/3019 4568/5379/3016 4643/5454/3078
f 4680/5491/3103 4682/5492/3104 4681/5493/3105
f 4681/5493/3105 4683/5494/3106 4680/5491/3103
f 4680/5491/3103 4644/5455/3079 4645/5457/3081
f 4645/5457/3081 4682/5492/3104 4680/5491/3103
f 4684/5495/3107 4686/5496/3108 4685/5497/3109
f 4683/5494/3106 4681/5493/3105 4684/5495/3107
f 4684/5495/3107 4685/5497/3109 4683/5494/3106
f 4649/5459/3083 4647/5458/3082 4687/5498/3110
f 4687/5498/3110 4688/5499/3111 4649/5459/3083
f 4689/5500/3112 4691/5501/3113 4690/5502/3114
f 4692/5503/3115 4693/5504/3116 4689/5500/3112
f 4689/5500/3112 4690/5502/3114 4692/5503/3115
f 4688/5499/3111 4687/5498/3110 4693/5504/3116
f 4693/5504/3116 4692/5503/3115 4688/5499/3111
f 4694/5505/3117 4696/5506/3118 4695/5507/3119
f 4697/5508/3120 4699/5509/3121 4698/5510/3122
f 4700/5511/3123 4702/5512/3124 4701/5513/3125
f 4701/5513/3125 4694/5505/3126 4700/5511/3123
f 4703/5514/3127 4705/5515/3128 4704/5516/3129
f 4704/5516/3129 4701/5513/3130 4703/5514/3127
f 4706/5517/3131 4707/5518/3132 4704/5516/3133
f 4704/5516/3133 4708/5519/3134 4706/5517/3131
f 4709/5520/3135 4711/5521/3136 4710/5522/3137
f 4710/5522/3137 4712/5523/3138 4709/5520/3135
f 4713/5524/3139 4565/5376/3013 4566/5378/3015
f 4714/5525/3140 4716/5526/3141 4715/5527/3142
f 4717/5528/3143 4719/5529/3144 4718/5530/3145
f 4712/5523/3138 4566/5378/3015 4567/5377/3014
f 4567/5377/3014 4709/5520/3135 4712/5523/3138
f 4720/5531/3146 4722/5532/3147 4721/5533/3148
f 4721/5533/3148 4723/5534/3149 4720/5531/3146
f 4724/5535/3150 4725/5536/3151 4695/5507/3119
f 4695/5507/3119 4696/5506/3118 4724/5535/3150
f 4726/5537/3152 4728/5538/3153 4727/5539/3154
f 4727/5539/3154 4724/5535/3155 4726/5537/3152
f 4729/5540/3156 4731/5541/3157 4730/5542/3158
f 4730/5542/3158 4726/5537/3159 4729/5540/3156
f 4732/5543/3160 4734/5544/3161 4733/5545/3162
f 4733/5545/3162 4729/5540/3163 4732/5543/3160
f 4735/5546/3164 4737/5547/3165 4736/5548/3166
f 4736/5548/3166 4732/5543/3167 4735/5546/3164
f 4738/5549/3168 4740/5550/3169 4739/5551/3170
f 4739/5551/3170 4741/5552/3171 4738/5549/3168
f 4742/5553/3172 4738/5549/3168 4741/5552/3171
f 4743/5554/3173 4745/5555/3174 4744/5556/3175
f 4746/5557/3176 4748/5558/3177 4747/5559/3178
f 4749/5560/3179 4751/5561/3180 4750/5562/3180
f 4752/5563/3181 4754/5564/3182 4753/5565/3183
f 4753/5565/3183 4755/5566/3184 4752/5563/3181
f 4756/5567/3185 4754/5564/3182 4757/5568/3185
f 4758/5569/3186 4748/5558/3187 4759/5570/3188
f 4759/5570/3188 4760/5571/3189 4758/5569/3186
f 4761/5572/3190 4759/5570/3191 4762/5573/3192
f 4762/5573/3192 4763/5574/3193 4761/5572/3190
f 4764/5575/3194 4765/5576/3195 4762/5573/3196
f 4762/5573/3196 4766/5577/3197 4764/5575/3194
f 4748/5558/3177 4746/5557/3176 4696/5506/3118
f 4696/5506/3118 4694/5505/3117 4748/5558/3177
f 4753/5565/3183 4768/5578/3198 4767/5579/3198
f 4767/5579/3198 4755/5566/3184 4753/5565/3183
f 4769/5580/3199 4771/5581/3200 4770/5582/3201
f 4770/5582/3201 4772/5583/3202 4769/5580/3199
f 4773/5584/3203 4562/5373/3010 4563/5375/3012
f 4774/5585/3204 4776/5586/3205 4775/5587/3206
f 4777/5588/3207 4779/5589/3208 4778/5590/3209
f 4771/5581/3200 4769/5580/3199 4773/5584/3203
f 4609/5419/3056 4607/5418/3055 4600/5411/3048
f 4780/5591/3210 4782/5592/3040 4781/5593/3211
f 4782/5592/3040 4783/5594/3042 4781/5593/3211
f 4782/5592/3040 4784/5595/3043 4783/5594/3042
f 4783/5594/3042 4785/5596/3044 4781/5593/3211
f 4786/5597/3212 4788/5598/3213 4787/5599/3214
f 4787/5599/3214 4789/5600/3215 4786/5597/3212
f 4790/5601/3216 4791/5602/3217 4788/5598/3213
f 4788/5598/3213 4786/5597/3212 4790/5601/3216
f 4792/5603/3218 4793/5604/3052 4791/5602/3217
f 4791/5602/3217 4790/5601/3216 4792/5603/3218
f 4794/5605/3219 4795/5606/3220 4793/5604/3052
f 4793/5604/3052 4792/5603/3218 4794/5605/3219
f 4796/5607/3221 4798/5608/3056 4797/5609/3057
f 4797/5609/3057 4799/5610/3058 4796/5607/3221
f 4789/5600/3215 4787/5599/3214 4798/5608/3056
f 4798/5608/3056 4796/5607/3221 4789/5600/3215
f 4800/5611/3222 4802/5612/3223 4801/5613/3224
f 4801/5613/3224 4803/5614/3224 4800/5611/3222
f 4804/5615/3225 4806/5616/3225 4805/5617/3226
f 4805/5617/3226 4807/5618/3227 4804/5615/3225
f 4808/5619/3228 4810/5620/3228 4809/5621/3228
f 4809/5621/3228 4811/5622/3228 4808/5619/3228
f 4812/5623/3229 4814/5624/3230 4813/5625/3229
f 4813/5625/3229 4815/5626/3229 4812/5623/3229
f 4816/5627/3231 4818/5628/3231 4817/5629/3231
f 4817/5629/3231 4819/5630/3231 4816/5627/3231
f 4754/5564/3182 4752/5563/3181 4757/5568/3185
f 4752/5563/3181 4820/5631/3185 4757/5568/3185
f 4773/5584/3203 4563/5375/3012 4771/5581/3200
f 4821/5632/3232 4823/5633/3233 4822/5634/3232
f 4822/5634/3232 4824/5635/3234 4821/5632/3232
f 4825/5636/3235 4746/5557/3176 4747/5559/3178
f 4747/5559/3178 4826/5637/3236 4825/5636/3235
f 4827/5638/3237 4825/5636/3238 4828/5639/3239
f 4828/5639/3239 4829/5640/3240 4827/5638/3237
f 4830/5641/3241 4827/5638/3242 4831/5642/3243
f 4831/5642/3243 4832/5643/3244 4830/5641/3241
f 4833/5644/3245 4830/5641/3246 4834/5645/3247
f 4834/5645/3247 4835/5646/3248 4833/5644/3245
f 4836/5647/3249 4833/5644/3250 4837/5648/3251
f 4837/5648/3251 4838/5649/3252 4836/5647/3249
f 4839/5650/3253 4841/5651/3254 4840/5652/3255
f 4840/5652/3255 4842/5653/3253 4839/5650/3253
f 4841/5651/3254 4844/5654/3256 4843/5655/3257
f 4843/5655/3257 4840/5652/3255 4841/5651/3254
f 4844/5654/3256 4846/5656/3258 4845/5657/3259
f 4845/5657/3259 4843/5655/3257 4844/5654/3256
f 4846/5656/3258 4848/5658/3260 4847/5659/3261
f 4847/5659/3261 4845/5657/3259 4846/5656/3258
f 4849/5660/3262 4850/5661/3262 4847/5659/3261
f 4847/5659/3261 4848/5658/3260 4849/5660/3262
f 4851/5662/3263 4853/5663/3263 4852/5664/3263
f 4854/5665/3264 4856/5666/3264 4855/5667/3264
f 4857/5668/3265 4859/5669/3266 4858/5670/3266
f 4860/5671/3267 4862/5672/3268 4861/5673/3269
f 4863/5674/3270 4865/5675/3270 4864/5676/3270
f 4866/5677/3271 4868/5678/3272 4867/5679/3273
f 4869/5680/3274 4871/5681/3274 4870/5682/3274
f 4872/5683/3274 4874/5684/3274 4873/5685/3274
f 4875/5686/3275 4877/5687/3275 4876/5688/3275
f 4876/5688/3275 4878/5689/3275 4875/5686/3275
f 4879/5690/3276 4881/5691/3277 4880/5692/3277
f 4882/5693/3278 4884/5694/3276 4883/5695/3277
f 4885/5696/3276 4887/5697/3277 4886/5698/3277
f 4888/5699/3277 4890/5700/3277 4889/5701/3278
f 4891/5702/3279 4893/5703/3279 4892/5704/3279
f 4894/5705/3279 4896/5706/3279 4895/5707/3279
f 4897/5708/3280 4899/5709/3281 4898/5710/3281
f 4900/5711/3282 4902/5712/3282 4901/5713/3282
f 4903/5714/3282 4905/5715/3282 4904/5716/3280
f 4906/5717/3282 4908/5718/3282 4907/5719/3281
f 4909/5720/3283 4911/5721/3283 4910/5722/3283
f 4910/5722/3283 4912/5723/3283 4909/5720/3283
f 4913/5724/3284 4915/5725/3285 4914/5726/3286
f 4916/5727/3287 4918/5728/3287 4917/5729/3287
f 4919/5730/3288 4921/5731/3288 4920/5732/3288
f 4922/5733/3288 4924/5734/3288 4923/5735/3288
f 4925/5736/3289 4927/5737/3289 4926/5738/3289
f 4928/5739/3289 4930/5740/3289 4929/5741/3289
f 4931/5742/3289 4933/5743/3289 4932/5744/3289
f 4934/5745/3289 4936/5746/3289 4935/5747/3289
f 4937/5748/3290 4939/5749/3290 4938/5750/3290
f 4940/5751/3291 4942/5752/3291 4941/5753/3291
f 4943/5754/3291 4945/5755/3291 4944/5756/3291
f 4946/5757/3292 4948/5758/3293 4947/5759/3294
f 4949/5760/3293 4951/5761/3293 4950/5762/3293
f 4952/5763/3295 4954/5764/3295 4953/5765/3295
f 4955/5766/3295 4957/5767/3295 4956/5768/3295
f 4958/5769/3296 4960/5770/3296 4959/5771/3296
f 4961/5772/3297 4963/5773/3297 4962/5774/3298
f 4964/5775/3263 4966/5776/3263 4965/5777/3263
f 4967/5778/3299 4969/5779/3299 4968/5780/3299
f 4970/5781/3300 4972/5782/3300 4971/5783/3301
f 4973/5784/3302 4975/5785/3303 4974/5786/3303
f 4976/5787/3300 4978/5788/3303 4977/5789/3304
f 4979/5790/3305 4981/5791/3305 4980/5792/3305
f 4982/5793/3305 4984/5794/3305 4983/5795/3305
f 4985/5796/3306 4987/5797/3306 4986/5798/3306
f 4988/5799/3306 4990/5800/3306 4989/5801/3306
f 4991/5802/3275 4993/5803/3275 4992/5804/3275
f 4994/5805/3275 4996/5806/3275 4995/5807/3275
f 4997/5808/3307 4999/5809/3307 4998/5810/3307
f 5000/5811/3308 5002/5812/3309 5001/5813/3310
f 5003/5814/3311 5005/5815/3312 5004/5816/3312
f 5006/5817/3312 5008/5818/3312 5007/5819/3313
f 5009/5820/3312 5011/5821/3312 5010/5822/3313
f 5012/5823/3314 5014/5824/3314 5013/5825/3314
f 5015/5826/3315 5017/5827/3316 5016/5828/3317
f 5018/5829/3318 5020/5830/3318 5019/5831/3318
f 5021/5832/3319 5023/5833/3319 5022/5834/3319
f 5024/5835/3320 5026/5836/3321 5025/5837/3320
f 5027/5838/3297 5029/5839/3297 5028/5840/3322
f 5030/5841/3323 5032/5842/3324 5031/5843/3325
f 5033/5844/3326 5035/5845/3326 5034/5846/3326
f 5036/5847/3326 5038/5848/3327 5037/5849/3327
f 5039/5850/3328 5041/5851/3329 5040/5852/3328
f 5042/5853/3328 5044/5854/3329 5043/5855/3328
f 5045/5856/3326 5047/5857/3330 5046/5858/3326
f 5048/5859/3327 5050/5860/3331 5049/5861/3326
f 5051/5862/3332 5053/5863/3332 5052/5864/3332
f 5054/5865/3332 5056/5866/3332 5055/5867/3332
f 5057/5868/3333 5059/5869/3333 5058/5870/3333
f 5060/5871/3333 5062/5872/3333 5061/5873/3333
f 5063/5874/3334 5065/5875/3334 5064/5876/3334
f 5066/5877/3334 5068/5878/3334 5067/5879/3334
f 5069/5880/3335 5071/5881/3335 5070/5882/3335
f 5072/5883/3336 5074/5884/3336 5073/5885/3337
f 5075/5886/3338 5077/5887/3338 5076/5888/3338
f 5078/5889/3338 5080/5890/3338 5079/5891/3338
f 5081/5892/3339 5083/5893/3339 5082/5894/3339
f 5084/5895/3339 5086/5896/3339 5085/5897/3339
f 5087/5898/3340 5089/5899/3341 5088/5900/3342
f 5090/5901/3343 5088/5900/3342 5089/5899/3341
f 5091/5902/3344 5092/5903/3345 5087/5898/3340
f 5089/5899/3341 5087/5898/3340 5092/5903/3345
f 5093/5904/3346 5095/5905/3347 5094/5906/3348
f 5096/5907/3349 5094/5906/3348 5095/5905/3347
f 5088/5900/3342 5090/5901/3343 5093/5904/3346
f 5095/5905/3347 5093/5904/3346 5090/5901/3343
f 5097/5908/3335 5099/5909/3335 5098/5910/3335
f 5100/5911/3335 5102/5912/3335 5101/5913/3335
f 5103/5914/3350 5105/5915/3350 5104/5916/3350
f 5106/5917/3351 5108/5918/3351 5107/5919/3351
f 5109/5920/3352 5111/5921/3352 5110/5922/3352
f 5112/5923/3353 5114/5924/3354 5113/5925/3353
f 5115/5926/3355 5117/5927/3353 5116/5928/3355
f 5118/5929/3356 5120/5930/3356 5119/5931/3356
f 5121/5932/3356 5123/5933/3356 5122/5934/3356
f 5124/5935/3357 5126/5936/3357 5125/5937/3357
f 5127/5938/3357 5129/5939/3357 5128/5940/3357
f 5130/5941/3358 5132/5942/3359 5131/5943/3360
f 5133/5944/3358 5135/5945/3358 5134/5946/3361
f 5136/5947/3362 5138/5948/3362 5137/5949/3362
f 5139/5950/3362 5141/5951/3362 5140/5952/3362
f 5142/5953/3363 5144/5954/3364 5143/5955/3364
f 5145/5956/3364 5147/5957/3364 5146/5958/3364
f 5148/5959/3362 5150/5960/3362 5149/5961/3362
f 5151/5962/3362 5153/5963/3362 5152/5964/3362
f 5154/5965/3365 5156/5966/3364 5155/5967/3366
f 5157/5968/3366 5154/5965/3365 5155/5967/3366
f 5158/5969/3363 5157/5968/3366 5155/5967/3366
f 5159/5970/3367 5161/5971/3353 5160/5972/3353
f 5162/5973/3368 5159/5970/3367 5160/5972/3353
f 5163/5974/3369 5162/5973/3368 5160/5972/3353
f 5164/5975/3370 5166/5976/3371 5165/5977/3372
f 5031/5843/3325 5165/5977/3372 5166/5976/3371
f 5167/5978/3373 5168/5979/3374 5164/5975/3370
f 5166/5976/3371 5164/5975/3370 5168/5979/3374
f 5169/5980/3375 5170/5981/3376 5167/5978/3373
f 5168/5979/3374 5167/5978/3373 5170/5981/3376
f 5032/5842/3324 5030/5841/3323 5171/5982/3377
f 5172/5983/3378 5171/5982/3377 5030/5841/3323
f 5165/5977/3372 5031/5843/3325 5032/5842/3324
f 5173/5984/3379 5175/5985/3380 5174/5986/3380
f 5176/5987/3381 5178/5988/3382 5177/5989/3382
f 5179/5990/3383 5181/5991/3384 5180/5992/3385
f 5182/5993/3386 5184/5994/3386 5183/5995/3386
f 5185/5996/3387 5187/5997/3387 5186/5998/3387
f 5188/5999/3388 5190/6000/3389 5189/6001/3388
f 5191/6002/3390 5193/6003/3391 5192/6004/3390
f 5194/6005/3392 5196/6006/3392 5195/6007/3392
f 5197/6008/3393 5199/6009/3393 5198/6010/3393
f 5200/6011/3394 5202/6012/3395 5201/6013/3395
f 5203/6014/3396 5205/6015/3397 5204/6016/3398
f 5206/6017/3399 5208/6018/3399 5207/6019/3399
f 5209/6020/3400 5211/6021/3400 5210/6022/3400
f 5212/6023/3401 5214/6024/3395 5213/6025/3395
f 5215/6026/3402 5217/6027/3397 5216/6028/3398
f 5218/6029/3399 5220/6030/3399 5219/6031/3399
f 5221/6032/3403 5223/6033/3404 5222/6034/3404
f 5224/6035/3405 5226/6036/3405 5225/6037/3405
f 5227/6038/3405 5229/6039/3405 5228/6040/3405
f 5230/6041/3406 5232/6042/3406 5231/6043/3406
f 5233/6044/3406 5235/6045/3406 5234/6046/3406
f 5236/6047/3407 5238/6048/3408 5237/6049/3409
f 5239/6050/3410 5241/6051/3411 5240/6052/3409
f 5242/6053/3407 5244/6054/3409 5243/6055/3407
f 5245/6056/3409 5247/6057/3411 5246/6058/3409
f 5248/6059/3412 5250/6060/3412 5249/6061/3413
f 5251/6062/3412 5253/6063/3412 5252/6064/3412
f 5254/6065/3414 5256/6066/3415 5255/6067/3416
f 5257/6068/3290 5259/6069/3414 5258/6070/3417
f 5260/6071/3290 5262/6072/3418 5261/6073/3416
f 5263/6074/3419 5265/6075/3420 5264/6076/3419
f 5266/6077/3421 5268/6078/3422 5267/6079/3423
f 5269/6080/3419 5271/6081/3422 5270/6082/3424
f 5272/6083/3425 5274/6084/3425 5273/6085/3425
f 5275/6086/3425 5277/6087/3425 5276/6088/3425
f 5278/6089/3426 5280/6090/3426 5279/6091/3426
f 5281/6092/3426 5283/6093/3426 5282/6094/3426
f 5284/6095/3427 5286/6096/3427 5285/6097/3427
f 5287/6098/3427 5289/6099/3427 5288/6100/3427
f 5290/6101/3428 5292/6102/3428 5291/6103/3428
f 5293/6104/3428 5295/6105/3428 5294/6106/3428
f 5296/6107/3429 5298/6108/3380 5297/6109/3430
f 5299/6110/3379 5301/6111/3431 5300/6112/3379
f 5302/6113/3432 5304/6114/3433 5303/6115/3434
f 5305/6116/3435 5303/6115/3434 5304/6114/3433
f 5306/6117/3436 5308/6118/3437 5307/6119/3438
f 5309/6120/3439 5311/6121/3440 5310/6122/3441
f 5312/6123/3442 5303/6115/3434 5305/6116/3435
f 5313/6124/3443 5315/6125/3444 5314/6126/3445
f 5316/6127/3446 5314/6126/3445 5315/6125/3444
f 5308/6118/3437 5315/6125/3444 5307/6119/3438
f 5313/6124/3443 5307/6119/3438 5315/6125/3444
f 5317/6128/3447 5319/6129/3448 5318/6130/3449
f 5314/6126/3445 5316/6127/3446 5319/6129/3448
f 5318/6130/3449 5319/6129/3448 5316/6127/3446
f 5311/6121/3440 5309/6120/3439 5320/6131/3450
f 5321/6132/3451 5320/6131/3450 5309/6120/3439
f 5322/6133/3452 5324/6134/3453 5323/6135/3454
f 5325/6136/3455 5326/6137/3456 5324/6134/3453
f 5323/6135/3454 5324/6134/3453 5326/6137/3456
f 5320/6131/3450 5321/6132/3451 5325/6136/3455
f 5326/6137/3456 5325/6136/3455 5321/6132/3451
f 5327/6138/3457 5329/6139/3458 5328/6140/3459
f 5330/6141/3460 5328/6140/3459 5329/6139/3458
f 5329/6139/3458 5304/6114/3433 5330/6141/3460
f 5302/6113/3432 5330/6141/3460 5304/6114/3433
f 5331/6142/3461 5312/6123/3442 4651/5463/3087
f 5303/6115/3434 5312/6123/3442 5331/6142/3461
f 4652/5462/3086 5331/6142/3461 4651/5463/3087
f 5332/6143/3462 5334/6144/3462 5333/6145/3462
f 5335/6146/3462 5337/6147/3462 5336/6148/3462
f 5338/6149/3463 5340/6150/3464 5339/6151/3464
f 5341/6152/3464 5343/6153/3463 5342/6154/3464
f 5344/6155/3465 5346/6156/3465 5345/6157/3465
f 5347/6158/3465 5349/6159/3465 5348/6160/3465
f 5350/6161/3466 5352/6162/3463 5351/6163/3463
f 5353/6164/3466 5355/6165/3463 5354/6166/3463
f 5356/6167/3465 5358/6168/3465 5357/6169/3465
f 5358/6168/3465 5359/6170/3465 5357/6169/3465
f 5359/6170/3465 5360/6171/3465 5357/6169/3465
f 5361/6172/3467 5363/6173/3467 5362/6174/3467
f 5363/6173/3467 5364/6175/3467 5362/6174/3467
f 5364/6175/3467 5365/6176/3467 5362/6174/3467
f 5366/6177/3468 5368/6178/3469 5367/6179/3470
f 5367/6179/3470 5369/6180/3471 5366/6177/3468
f 5370/6181/3472 5371/6182/3473 5368/6178/3469
f 5368/6178/3469 5366/6177/3468 5370/6181/3472
f 5372/6183/3474 5373/6184/3475 5371/6182/3473
f 5371/6182/3473 5370/6181/3472 5372/6183/3474
f 5374/6185/3476 5376/6186/3477 5375/6187/3478
f 5375/6187/3478 5377/6188/3479 5374/6185/3476
f 5369/6180/3471 5367/6179/3470 5376/6186/3477
f 5376/6186/3477 5374/6185/3476 5369/6180/3471
f 5378/6189/3480 5380/6190/3480 5379/6191/3480
f 5381/6192/3480 5383/6193/3480 5382/6194/3480
f 5384/6195/3481 5386/6196/3481 5385/6197/3481
f 5387/6198/3481 5389/6199/3482 5388/6200/3483
f 5390/6201/3484 5392/6202/3484 5391/6203/3484
f 5393/6204/3480 5395/6205/3480 5394/6206/3480
f 5396/6207/3485 5398/6208/3485 5397/6209/3485
f 5399/6210/3486 5401/6211/3486 5400/6212/3486
f 5402/6213/3487 5404/6214/3487 5403/6215/3487
f 5405/6216/3488 5407/6217/3489 5406/6218/3488
f 5408/6219/3488 5410/6220/3489 5409/6221/3489
f 5411/6222/3490 5413/6223/3490 5412/6224/3490
f 5414/6225/3491 5416/6226/3491 5415/6227/3491
f 5417/6228/3335 5419/6229/3335 5418/6230/3335
f 5420/6231/3335 5422/6232/3335 5421/6233/3335
f 5423/6234/3350 5425/6235/3350 5424/6236/3350
f 5426/6237/3350 5428/6238/3350 5427/6239/3350
f 5429/6240/3487 5431/6241/3487 5430/6242/3487
f 5432/6243/3487 5434/6244/3487 5433/6245/3487
f 5435/6246/3488 5437/6247/3489 5436/6248/3489
f 5438/6249/3488 5440/6250/3492 5439/6251/3493
f 5441/6252/3339 5443/6253/3339 5442/6254/3339
f 5444/6255/3491 5446/6256/3491 5445/6257/3491
f 5447/6258/3328 5449/6259/3329 5448/6260/3494
f 5450/6261/3328 5452/6262/3495 5451/6263/3328
f 5453/6264/3496 5455/6265/3497 5454/6266/3498
f 5456/6267/3499 5458/6268/3498 5457/6269/3497
f 5459/6270/3500 5461/6271/3497 5460/6272/3497
f 5462/6273/3497 5464/6274/3501 5463/6275/3502
f 5465/6276/3503 5467/6277/3503 5466/6278/3503
f 5468/6279/3503 5470/6280/3503 5469/6281/3503
f 5471/6282/3467 5473/6283/3467 5472/6284/3467
f 5474/6285/3467 5476/6286/3467 5475/6287/3467
f 5477/6288/3504 5479/6289/3504 5478/6290/3504
f 5480/6291/3504 5482/6292/3504 5481/6293/3504
f 5483/6294/3505 5485/6295/3505 5484/6296/3505
f 5486/6297/3505 5488/6298/3505 5487/6299/3505
f 5489/6300/3506 5491/6301/3506 5490/6302/3506
f 5492/6303/3507 5494/6304/3507 5493/6305/3507
f 5495/6306/3507 5497/6307/3507 5496/6308/3507
f 5498/6309/3508 5500/6310/3509 5499/6311/3510
f 5501/6312/3511 5503/6313/3511 5502/6314/3511
f 5504/6315/3512 5506/6316/3513 5505/6317/3514
f 5507/6318/3512 5509/6319/3515 5508/6320/3516
f 5510/6321/3517 5512/6322/3518 5511/6323/3519
f 5513/6324/3517 5515/6325/3520 5514/6326/3519
f 5516/6327/3481 5518/6328/3481 5517/6329/3521
f 5519/6330/3521 5521/6331/3521 5520/6332/3483
f 5522/6333/3522 5524/6334/3522 5523/6335/3522
f 5525/6336/3523 5527/6337/3523 5526/6338/3523
f 5528/6339/3524 5530/6340/3524 5529/6341/3524
f 5531/6342/3525 5533/6343/3525 5532/6344/3525
f 5534/6345/3526 5536/6346/3527 5535/6347/3528
f 5537/6348/3529 5539/6349/3529 5538/6350/3529
f 5540/6351/3530 5542/6352/3531 5541/6353/3531
f 5543/6354/3532 5545/6355/3532 5544/6356/3532
f 5546/6357/3533 5548/6358/3534 5547/6359/3533
f 5549/6360/3533 5551/6361/3533 5550/6362/3534
f 5552/6363/3535 5554/6364/3535 5553/6365/3535
f 5555/6366/3535 5557/6367/3535 5556/6368/3535
f 5558/6369/3536 5560/6370/3537 5559/6371/3538
f 5561/6372/3539 5563/6373/3539 5562/6374/3539
f 5564/6375/3540 5566/6376/3541 5565/6377/3542
f 5567/6378/3506 5569/6379/3506 5568/6380/3506
f 5570/6381/3543 5572/6382/3544 5571/6383/3543
f 5573/6384/3543 5575/6385/3545 5574/6386/3543
f 5576/6387/3519 5578/6388/3517 5577/6389/3517
f 5579/6390/3519 5581/6391/3517 5580/6392/3517
f 5582/6393/3546 5584/6394/3547 5583/6395/3548
f 5583/6395/3548 5585/6396/3549 5582/6393/3546
f 5586/6397/3550 5587/6398/3550 5584/6394/3547
f 5584/6394/3547 5582/6393/3546 5586/6397/3550
f 5588/6399/3551 5590/6400/3552 5589/6401/3553
f 5589/6401/3553 5591/6402/3554 5588/6399/3551
f 5585/6396/3549 5583/6395/3548 5590/6400/3552
f 5590/6400/3552 5588/6399/3551 5585/6396/3549
f 5592/6403/3555 5594/6404/3555 5593/6405/3555
f 5595/6406/3506 5597/6407/3506 5596/6408/3506
f 5598/6409/3507 5600/6410/3507 5599/6411/3507
f 5601/6412/3507 5603/6413/3507 5602/6414/3507
f 5604/6415/3556 5606/6416/3556 5605/6417/3556
f 5607/6418/3511 5609/6419/3511 5608/6420/3511
f 5610/6421/3557 5612/6422/3512 5611/6423/3514
f 5613/6424/3557 5615/6425/3512 5614/6426/3514
f 5616/6427/3517 5618/6428/3517 5617/6429/3519
f 5619/6430/3517 5621/6431/3519 5620/6432/3520
f 5622/6433/3506 5624/6434/3506 5623/6435/3506
f 4742/5553/3172 4741/5552/3171 5625/6436/3558
f 4743/5554/3173 4744/5556/3175 5626/6437/3559
f 5627/6438/3560 5626/6439/3559 5628/6440/3561
f 5626/6439/3559 4744/6441/3175 5628/6442/3561
