# Blender v2.90.0 OBJ File: ''
# www.blender.org
mtllib Wurrlegs.mtl
o a
v -0.453379 -0.000372 0.161694
v -0.353802 -0.000586 0.346132
v -0.401371 0.000004 0.281544
v -0.463615 0.005534 0.107464
v 0.118302 0.015298 0.365404
v 0.117525 0.022000 0.316929
v 0.103555 0.016007 0.354615
v -0.317744 -0.001615 0.376326
v -0.212779 -0.001574 0.447040
v -0.467835 -0.000421 0.066144
v -0.151808 -0.001506 0.468310
v -0.468565 0.006358 -0.013836
v -0.466120 -0.001334 -0.035034
v -0.095750 -0.001125 0.472737
v -0.063794 -0.001217 0.472434
v -0.034339 0.000214 0.472825
v 0.006472 0.000925 0.472135
v 0.026145 -0.001326 0.471355
v -0.451785 0.008794 -0.045326
v -0.442465 0.002117 -0.109732
v -0.413616 0.001919 -0.188237
v -0.403608 0.000959 -0.209539
v -0.390368 0.004094 -0.225981
v 0.068580 -0.001249 0.458979
v -0.375225 -0.000605 -0.245165
v -0.318591 -0.001271 -0.317000
v -0.308564 0.000627 -0.331589
v -0.289582 0.001262 -0.348350
v -0.206632 -0.001549 -0.414950
v -0.173404 -0.000892 -0.436366
v 0.097837 -0.000561 0.452765
v -0.154456 0.002157 -0.444566
v 0.162651 0.005085 0.425965
v 0.216757 0.000818 0.393143
v 0.249128 -0.000906 0.376326
v -0.129220 -0.001200 -0.451592
v -0.086625 -0.001770 -0.470973
v -0.054250 -0.000126 -0.480309
v -0.011088 -0.000522 -0.484131
v 0.023829 -0.000512 -0.487299
v 0.068292 -0.001045 -0.485974
v 0.112102 -0.000530 -0.479652
v 0.133483 0.146877 -0.075986
v 0.151975 0.128614 -0.068485
v 0.161629 0.135359 -0.059310
v 0.153961 -0.001236 -0.469201
v 0.225616 -0.000445 -0.445688
v 0.286162 -0.000496 -0.420862
v 0.304770 0.001710 -0.402223
v 0.316428 0.000729 -0.387674
v 0.289815 0.002897 0.344839
v 0.307314 0.002412 0.327542
v 0.343119 -0.001594 -0.364332
v 0.334357 -0.001173 0.294862
v 0.362969 -0.000699 0.263556
v 0.385999 0.001202 0.223087
v 0.393863 0.002227 0.204107
v 0.389426 -0.001618 -0.312049
v 0.432330 0.002441 0.151974
v 0.409917 0.000004 -0.277812
v 0.450226 -0.001686 0.112023
v 0.431823 -0.001358 -0.213006
v 0.473902 -0.000289 -0.012372
v 0.454557 0.001877 -0.157611
v 0.481154 0.021033 -0.024798
v 0.180249 -0.000020 -0.455496
v 0.211165 0.005336 -0.446410
v 0.361732 0.002615 -0.344474
v 0.202773 0.004976 0.404043
v -0.460199 0.001829 0.031259
v 0.269512 0.005860 0.359052
v 0.469038 -0.000172 -0.050571
v 0.462770 -0.000724 -0.090035
v -0.288645 0.001894 0.393715
v 0.416197 0.004468 -0.251652
v 0.124783 0.005595 -0.473239
v -0.449222 0.003507 -0.080254
v 0.253265 0.007030 -0.422900
v 0.450389 0.004269 0.098283
v 0.468367 0.002611 0.016979
v 0.449296 0.011983 0.075804
v 0.393389 0.017510 0.179409
v -0.265623 0.013617 -0.342118
v -0.243242 0.011380 -0.374417
v -0.428778 0.004116 -0.132532
v 0.274488 0.015055 -0.410429
v -0.325570 0.013622 -0.280049
v 0.451706 0.005680 -0.116040
v -0.068594 0.013801 0.460918
v -0.036871 0.012803 -0.467047
v -0.418732 0.004231 0.234053
v 0.079940 0.009034 -0.471910
v -0.365122 0.016259 -0.238132
v 0.457042 0.023917 -0.077485
v -0.417761 0.011650 -0.153457
v 0.433483 0.022013 0.140408
v -0.359514 0.331329 -0.077722
v -0.348813 0.270446 -0.089254
v -0.355811 0.302831 -0.057766
v 0.408926 0.013167 0.164660
v -0.295448 0.013853 0.377432
v -0.254057 0.012330 0.390506
v -0.210846 0.013224 0.424763
v -0.360196 0.009507 0.298727
v 0.464558 0.018282 0.047426
v -0.350534 0.009671 0.331294
v -0.386467 0.021721 -0.206107
v -0.132839 0.021289 0.447880
v -0.435331 0.022576 0.138924
v -0.191384 0.015504 -0.405077
v -0.420787 0.007164 0.188892
v -0.057075 0.014006 -0.460279
v -0.101936 0.322781 0.085861
v -0.146255 0.309764 0.063059
v -0.131007 0.312710 0.063174
v -0.131984 0.336852 0.058737
v -0.151312 0.332950 0.038238
v -0.113249 0.344677 0.068972
v -0.122362 0.340765 0.093920
v 0.341039 0.015423 0.247956
v 0.322693 0.012272 0.241945
v 0.335496 0.018493 0.263887
v -0.290971 0.283098 0.066913
v -0.304914 0.295628 0.068704
v -0.310670 0.274489 0.067720
v -0.380428 0.010003 0.270295
v -0.325677 0.015125 0.291657
v -0.324497 0.020876 0.232895
v -0.091380 0.025556 0.284227
v -0.100108 0.032387 0.309837
v -0.065088 0.036662 0.296926
v -0.329266 0.211120 0.031835
v -0.315062 0.178232 0.017778
v -0.315517 0.205955 0.037715
v -0.180904 0.394494 0.096294
v -0.185833 0.424048 0.121495
v -0.196433 0.388783 0.107720
v 0.295251 0.413625 0.003621
v 0.280264 0.384136 -0.014184
v 0.312177 0.419448 -0.036487
v 0.062506 0.102456 -0.117052
v 0.037717 0.130710 -0.139198
v 0.018509 0.123638 -0.147398
v -0.200821 0.025383 -0.253464
v -0.232345 0.018107 -0.286019
v -0.209209 0.039350 -0.245340
v 0.353687 0.291895 -0.124088
v 0.325140 0.280920 -0.137548
v 0.325659 0.309116 -0.127239
v -0.357100 0.381325 0.023742
v -0.345084 0.417410 0.042970
v -0.350192 0.434172 0.020596
v -0.183623 0.189788 -0.257229
v -0.196929 0.209547 -0.243815
v -0.169762 0.191973 -0.244359
v -0.345143 0.290178 0.050991
v -0.358332 0.274066 0.038642
v -0.345886 0.266846 0.055449
v -0.196461 0.075274 -0.234126
v -0.182528 0.044511 -0.252170
v -0.071438 0.376225 0.108855
v -0.095447 0.341110 0.105537
v -0.081451 0.345959 0.099582
v -0.349321 0.235518 0.017202
v -0.343834 0.228171 0.037012
v -0.354386 0.249013 0.039798
v -0.201798 0.055910 -0.104179
v -0.170637 0.106155 -0.141462
v -0.192065 0.095452 -0.115374
v 0.317184 0.576627 0.037864
v 0.332819 0.572596 0.026021
v 0.290112 0.584826 0.043930
v -0.149911 0.411817 0.101642
v -0.166193 0.404349 0.096640
v -0.150319 0.370167 0.087148
v -0.276457 0.398336 0.119044
v -0.283832 0.419196 0.107516
v -0.291312 0.380719 0.111919
v -0.318832 0.273370 -0.122098
v -0.278085 0.286465 -0.145035
v -0.304837 0.249298 -0.138776
v -0.345783 0.361306 -0.085445
v -0.310548 0.379197 -0.103638
v -0.333813 0.357228 -0.113076
v 0.325328 0.452999 -0.053243
v 0.321740 0.441043 -0.025388
v 0.409425 0.242413 -0.017521
v 0.428721 0.233983 -0.033923
v 0.411171 0.246096 -0.040046
v -0.262156 0.563560 -0.060535
v -0.247093 0.537037 -0.101121
v -0.236119 0.517820 -0.115873
v 0.368244 0.156378 -0.097295
v 0.340817 0.124906 -0.128148
v 0.336119 0.148499 -0.120315
v 0.136038 0.574058 -0.231989
v -0.291879 0.218975 0.056897
v -0.305437 0.183859 0.028245
v -0.278629 0.173436 0.020151
v -0.291393 0.344191 -0.130358
v -0.297982 0.295096 -0.132114
v -0.312947 0.295994 -0.121747
v -0.164641 0.224410 -0.145972
v -0.162561 0.179386 -0.130029
v -0.153543 0.175268 -0.151999
v -0.265831 0.032929 -0.263395
v -0.282075 0.027749 -0.268390
v -0.285773 0.020196 -0.242635
v -0.217487 0.013389 -0.048333
v -0.177242 0.022318 -0.093535
v -0.176244 0.032217 -0.116560
v 0.079753 0.383076 0.116980
v 0.072895 0.402004 0.128608
v 0.060735 0.384091 0.115512
v 0.008584 0.421289 0.096161
v 0.052382 0.405501 0.121723
v 0.029814 0.440951 0.117162
v 0.323628 0.600880 0.032305
v 0.332440 0.204808 -0.150046
v 0.346898 0.188778 -0.144021
v 0.327198 0.166828 -0.134572
v -0.255053 0.092620 0.021034
v -0.253411 0.108965 0.014856
v -0.264421 0.121052 0.021477
v 0.184784 0.015705 -0.392095
v 0.199392 0.010443 -0.398525
v 0.203858 0.017855 -0.426475
v 0.050855 0.017335 -0.314090
v 0.066004 0.033830 -0.302486
v 0.086591 0.031860 -0.310609
v -0.210195 0.136966 -0.037917
v -0.212372 0.111731 -0.043051
v -0.190632 0.141058 -0.075598
v -0.057526 0.511947 -0.153918
v -0.026149 0.534691 -0.201060
v -0.003597 0.504448 -0.166794
v 0.077121 0.315320 -0.161180
v 0.085729 0.313014 -0.197650
v 0.074352 0.289097 -0.201319
v -0.131285 0.587286 -0.327840
v -0.118090 0.579209 -0.335527
v -0.121610 0.570428 -0.315124
v 0.000536 0.011689 -0.464249
v -0.026304 0.019219 -0.446125
v 0.362499 0.113314 -0.116522
v 0.319672 0.130297 -0.141009
v 0.114786 0.551705 -0.275803
v 0.143574 0.543063 -0.283152
v 0.140656 0.566680 -0.260083
v -0.090041 0.535379 -0.230240
v -0.135886 0.559866 -0.219771
v -0.121745 0.544988 -0.248795
v -0.217377 0.328345 0.076233
v -0.197976 0.324398 0.069058
v -0.214134 0.344862 0.098277
v -0.340895 0.192270 -0.008217
v -0.325344 0.164880 0.007858
v -0.329116 0.196088 0.010850
v 0.105969 0.557736 -0.242951
v -0.444510 0.091856 -0.041524
v -0.442085 0.075370 -0.012069
v -0.427093 0.125350 -0.032123
v -0.374434 0.186301 -0.074673
v -0.376220 0.175413 -0.090421
v -0.379897 0.145495 -0.077563
v -0.355080 0.392389 -0.015995
v -0.353817 0.352609 -0.002755
v -0.357840 0.399245 0.003917
v -0.268210 0.011836 -0.303687
v -0.249423 0.019781 -0.284065
v 0.097858 0.542530 -0.325862
v 0.090116 0.544153 -0.294418
v 0.037036 0.555499 -0.319575
v 0.045643 0.051196 -0.301982
v 0.079488 0.085055 -0.280144
v 0.060814 0.051177 -0.295385
v -0.430183 0.115519 -0.057724
v -0.414070 0.143402 -0.042545
v -0.301737 0.153687 -0.194825
v -0.320126 0.119532 -0.189516
v -0.319624 0.142421 -0.175981
v -0.087973 0.017221 -0.163995
v -0.076242 0.059058 -0.198144
v -0.116179 0.042058 -0.202279
v -0.334674 0.267140 -0.117214
v -0.345984 0.230282 -0.105214
v -0.022638 0.463274 0.088388
v -0.013319 0.473984 0.102565
v -0.325685 0.308290 0.070409
v -0.338809 0.333564 0.072026
v -0.347819 0.314811 0.052074
v 0.224551 0.546137 -0.173087
v 0.226170 0.511736 -0.182110
v 0.213293 0.522735 -0.182633
v -0.388991 0.135342 -0.069508
v -0.381962 0.147286 -0.062106
v -0.448317 0.073221 0.021611
v -0.425905 0.110184 0.032352
v -0.443509 0.099960 0.010350
v -0.051357 0.501714 0.146912
v -0.041251 0.487057 0.133957
v -0.006565 0.507957 0.159254
v -0.092297 0.470013 0.120114
v -0.070296 0.458159 0.123628
v -0.053023 0.519984 0.158483
v -0.123701 0.549561 0.135946
v -0.117145 0.473205 0.114336
v -0.108144 0.497779 0.130163
v -0.359567 0.229694 -0.029881
v -0.352605 0.209092 -0.028497
v -0.370972 0.144725 0.017225
v -0.395799 0.129562 0.039334
v -0.333772 0.144097 0.021000
v -0.341067 0.151810 0.003579
v -0.357656 0.175631 -0.033293
v -0.367827 0.161640 -0.042602
v -0.408659 0.144548 -0.029030
v -0.368535 0.151008 -0.012002
v -0.083880 0.438995 0.109323
v -0.356682 0.291020 -0.043952
v -0.354485 0.342557 -0.057142
v -0.360661 0.314587 -0.024864
v -0.360549 0.331799 -0.021745
v -0.366226 0.168929 -0.057237
v -0.125103 0.038541 -0.183832
v -0.112533 0.023958 -0.166538
v -0.421681 0.129940 -0.000621
v -0.017083 0.073410 -0.171134
v -0.030073 0.048166 -0.175174
v 0.008863 0.101239 -0.145919
v -0.014295 0.459097 -0.089797
v -0.039067 0.489128 -0.119005
v 0.005744 0.469103 -0.127237
v 0.055712 0.208673 -0.166662
v 0.057286 0.192950 -0.154786
v 0.077751 0.255680 -0.140782
v 0.043283 0.151356 -0.238691
v 0.002823 0.111634 -0.253179
v 0.014606 0.138482 -0.221580
v 0.035433 0.028258 -0.345090
v 0.035822 0.017361 -0.378462
v 0.015092 0.020767 -0.352043
v -0.414387 0.127821 0.025359
v -0.397976 0.121525 0.066418
v -0.045968 0.406280 0.093964
v 0.238700 0.408898 -0.206207
v 0.220632 0.457752 -0.193764
v 0.274653 0.465096 -0.191407
v -0.192499 0.457312 0.137615
v -0.158398 0.432541 0.108055
v -0.147217 0.479526 0.119148
v 0.072705 0.567620 0.159371
v 0.041383 0.581427 0.191120
v 0.042609 0.557352 0.166446
v -0.270377 0.313555 0.094294
v -0.244413 0.357957 0.119058
v -0.288250 0.338657 0.106534
v -0.405910 0.105344 0.092912
v -0.397619 0.120256 0.092661
v -0.427642 0.070963 0.038777
v -0.415774 0.085148 0.062713
v -0.290064 0.144385 0.023142
v -0.318313 0.125805 0.062551
v -0.286170 0.111840 0.048408
v -0.420207 0.070195 0.088486
v -0.403083 0.013940 -0.171781
v -0.340388 0.242169 0.055102
v -0.364994 0.277603 -0.034986
v -0.366062 0.300062 -0.013768
v -0.304260 0.121137 0.059352
v -0.303287 0.158437 0.021524
v 0.284947 0.451942 0.036154
v 0.280032 0.507571 0.026347
v 0.271154 0.523978 0.028904
v 0.125538 0.296227 -0.254558
v 0.131139 0.331490 -0.241013
v 0.161075 0.302570 -0.250915
v 0.066421 0.017473 0.199796
v 0.024081 0.015718 0.211736
v 0.039845 0.017631 0.228902
v -0.191962 0.021818 -0.266659
v -0.201000 0.018605 -0.276698
v -0.127728 0.048768 -0.275041
v -0.162809 0.043371 -0.232887
v -0.118314 0.044686 -0.249490
v -0.438764 0.009989 0.108036
v -0.166020 0.163287 -0.244666
v -0.174491 0.148203 -0.256713
v -0.155703 0.045062 -0.285328
v -0.170810 0.043896 -0.271968
v -0.162161 0.086804 -0.176097
v -0.156387 0.129542 -0.206060
v -0.152769 0.129754 -0.188634
v -0.167183 0.041827 -0.216698
v -0.145959 0.036615 -0.209989
v -0.072001 0.412160 0.109958
v -0.449417 0.013779 0.089206
v -0.130916 0.040824 -0.295480
v -0.109084 0.042951 -0.286620
v -0.192801 0.013321 0.369342
v -0.213130 0.018986 0.359657
v -0.215097 0.011910 0.407056
v 0.181699 0.050232 -0.042222
v 0.209526 0.085616 -0.028663
v 0.202513 0.124008 -0.028553
v -0.067549 0.028176 -0.308690
v -0.123923 0.038672 -0.335343
v -0.107833 0.033252 -0.323541
v 0.045113 0.170199 -0.158144
v 0.077522 0.185489 -0.130815
v 0.264128 0.235049 -0.190485
v 0.239546 0.256126 -0.204387
v 0.265037 0.311008 -0.194967
v -0.046005 0.026624 -0.166253
v -0.058268 0.050754 -0.182766
v 0.487053 0.080733 0.123846
v 0.470518 0.127430 0.132504
v 0.459556 0.101475 0.139746
v -0.098877 0.036746 -0.271999
v -0.079672 0.034102 -0.272846
v -0.101458 0.051636 -0.216873
v -0.083388 0.058339 -0.247466
v 0.140240 0.147428 -0.249631
v 0.154465 0.146416 -0.246547
v 0.146911 0.117533 -0.251890
v -0.116526 0.045499 -0.306973
v -0.262173 0.295096 0.075280
v -0.255847 0.394489 0.125623
v -0.270731 0.429886 0.125663
v 0.100724 0.148118 -0.097464
v 0.118310 0.151451 -0.079885
v -0.421448 0.012538 0.163957
v -0.399523 0.007225 0.180494
v -0.170438 0.229096 -0.103813
v -0.167890 0.226668 -0.125461
v -0.169583 0.250842 -0.119946
v -0.115039 0.572477 0.152914
v -0.082744 0.573536 0.179750
v -0.156262 0.018591 -0.111658
v -0.138665 0.022935 -0.128829
v -0.159032 0.040005 -0.131301
v 0.158361 0.091960 -0.052545
v 0.110876 0.098017 -0.089938
v 0.036013 0.017507 0.022675
v 0.055895 0.015608 0.030550
v 0.061190 0.032213 -0.002553
v 0.139425 0.029726 -0.045920
v 0.122571 0.031263 -0.039323
v 0.121916 0.033349 -0.003955
v -0.006549 0.408471 -0.036495
v 0.019610 0.386986 0.000818
v -0.031759 0.457560 -0.021444
v -0.010772 0.116685 -0.218657
v 0.088199 0.092337 -0.099185
v 0.101094 0.056940 -0.093046
v 0.114468 0.074535 -0.086570
v 0.141028 0.467317 -0.180514
v 0.160906 0.488813 -0.189597
v 0.168214 0.461079 -0.189515
v 0.112329 0.405957 -0.172482
v 0.097376 0.382181 -0.161378
v 0.094865 0.408405 -0.139832
v 0.043224 0.033813 -0.390319
v 0.060205 0.033781 -0.390733
v 0.034531 0.028329 -0.404008
v 0.084506 0.351980 -0.155612
v -0.192990 0.316445 -0.135360
v -0.180773 0.301468 -0.124654
v -0.175410 0.284539 -0.133788
v 0.090041 0.194065 -0.115025
v 0.081855 0.230639 -0.137163
v -0.076939 0.433152 -0.020476
v -0.055503 0.440142 0.017211
v -0.093994 0.408420 -0.000061
v 0.128626 0.677893 -0.366232
v 0.100755 0.686955 -0.381824
v 0.099834 0.284057 -0.243178
v 0.109163 0.318397 -0.228963
v 0.118513 0.334960 -0.231755
v -0.197257 0.358374 0.101792
v -0.175166 0.336884 0.082592
v -0.066973 0.392013 0.043733
v -0.086650 0.392517 0.031469
v -0.235456 0.057487 -0.043481
v -0.213879 0.068163 -0.088734
v -0.218956 0.081743 -0.069713
v 0.258211 0.074379 -0.177978
v 0.265489 0.101611 -0.176933
v 0.277916 0.072563 -0.165019
v -0.189608 0.348648 -0.124770
v -0.172504 0.336498 -0.104468
v -0.244861 0.491771 -0.112122
v -0.275694 0.520725 -0.060287
v 0.056186 0.090896 -0.301873
v 0.068276 0.123327 -0.298959
v 0.093112 0.118449 -0.277379
v 0.310320 0.077144 -0.144039
v 0.307415 0.056097 -0.153541
v 0.281230 0.052517 -0.171824
v -0.287301 0.030287 0.204363
v -0.284995 0.038568 0.233823
v -0.358320 0.026297 0.140140
v -0.350277 0.023336 0.154193
v -0.345340 0.049888 0.111556
v -0.050344 0.017304 0.106779
v -0.041137 0.018479 0.150441
v -0.018445 0.025606 0.110696
v -0.045259 0.094887 -0.210367
v -0.045795 0.094144 -0.185036
v -0.133455 0.017257 -0.103576
v -0.116111 0.012410 -0.120955
v 0.178853 0.018746 -0.243745
v 0.157857 0.032496 -0.245327
v 0.143036 0.046784 -0.248058
v 0.101939 0.150352 -0.226915
v 0.084436 0.171156 -0.217147
v 0.116623 0.173730 -0.246742
v 0.048245 0.175595 -0.177897
v 0.062181 0.212708 -0.186529
v 0.074334 0.180945 -0.197861
v -0.152731 0.172683 -0.189410
v 0.238564 0.028844 -0.257689
v 0.249200 0.035255 -0.237669
v 0.268434 0.030765 -0.269012
v 0.301069 0.100164 -0.149928
v 0.299136 0.129202 -0.154493
v 0.237715 0.027827 -0.206147
v 0.277235 0.018812 -0.205210
v 0.074608 0.031588 -0.373732
v 0.076209 0.043382 -0.390013
v 0.181397 0.022212 -0.418541
v 0.162741 0.013740 -0.431220
v 0.298339 0.021031 -0.293398
v 0.271352 0.016874 -0.291715
v 0.122512 0.542613 -0.303190
v 0.150816 0.540940 -0.308796
v 0.332261 0.017684 -0.289760
v 0.315874 0.019758 -0.276541
v 0.349103 0.011827 -0.275062
v -0.153637 0.015519 -0.086902
v 0.094039 0.010804 -0.454644
v 0.077268 0.016570 -0.441763
v 0.102581 0.016903 -0.430759
v -0.162326 0.319615 -0.001191
v -0.175681 0.291623 -0.030016
v -0.165228 0.324981 -0.042571
v -0.146967 0.018732 -0.000678
v -0.203083 0.007358 -0.029709
v -0.169890 0.014751 0.024542
v -0.202932 0.523357 0.200255
v -0.193579 0.503933 0.185036
v -0.181467 0.544214 0.180129
v -0.088095 0.553326 0.154360
v 0.187063 0.681512 -0.331973
v 0.189700 0.543995 -0.334565
v 0.175885 0.540656 -0.318059
v 0.123898 0.562313 -0.359892
v 0.156937 0.556441 -0.328096
v 0.311732 0.164997 -0.145152
v -0.281682 0.046556 -0.210844
v -0.247819 0.056376 -0.261415
v -0.024188 0.472011 0.057621
v -0.066366 0.371511 0.071712
v -0.103176 0.019341 -0.418671
v -0.082917 0.027323 -0.444667
v -0.124044 0.022498 -0.430795
v -0.125311 0.493995 -0.096067
v -0.115043 0.524040 -0.145427
v -0.085830 0.501905 -0.105715
v 0.070091 0.056573 -0.111947
v 0.003719 0.036506 -0.139096
v 0.079724 0.038731 -0.093585
v -0.211439 0.520916 -0.123859
v -0.192801 0.488051 -0.105638
v -0.222737 0.492358 -0.118912
v -0.014979 0.126489 -0.188016
v -0.003842 0.132410 -0.173752
v 0.188392 0.425032 -0.210926
v -0.145173 0.013372 -0.385581
v -0.174160 0.018704 -0.367109
v -0.144290 0.016310 -0.362423
v 0.247451 0.020307 0.104482
v 0.289617 0.024172 0.099895
v 0.275160 0.035790 0.078446
v 0.398294 0.014261 -0.161135
v 0.379196 0.019355 -0.165134
v 0.383595 0.011613 -0.127864
v 0.009436 0.061826 0.126879
v -0.007371 0.040979 0.128713
v 0.011683 0.074280 0.145610
v -0.099637 0.022989 -0.356071
v -0.116098 0.023785 -0.384272
v -0.048962 0.024125 -0.420220
v -0.143577 0.498659 0.120270
v -0.138136 0.544619 0.133642
v 0.463829 0.085891 0.133456
v 0.439136 0.075621 0.120834
v -0.068170 0.017187 -0.405600
v 0.078822 0.370155 -0.026883
v 0.106627 0.345600 -0.024753
v 0.095204 0.364176 0.003730
v -0.122984 0.020390 -0.402528
v -0.173177 0.456443 -0.081452
v -0.158472 0.484787 -0.092255
v 0.309399 0.313079 -0.137973
v 0.302251 0.281444 -0.166945
v 0.291643 0.322420 -0.162998
v 0.183475 0.551186 -0.192291
v 0.283016 0.159958 -0.156656
v 0.057820 0.390638 -0.067195
v 0.039055 0.391869 -0.030294
v 0.014022 0.420228 -0.063798
v -0.070114 0.019771 -0.370482
v -0.054685 0.011747 -0.374498
v 0.042763 0.525973 -0.188984
v 0.039929 0.487366 -0.158068
v 0.295269 0.484019 -0.158762
v 0.267119 0.507112 -0.161471
v 0.282262 0.520078 -0.141533
v 0.349103 0.094362 0.062751
v 0.325586 0.120809 0.053833
v 0.333815 0.068796 0.049468
v -0.178967 0.088200 -0.196262
v -0.156018 0.069348 -0.182404
v 0.370400 0.228368 0.035286
v 0.355480 0.239831 0.042935
v 0.357914 0.218477 0.055011
v -0.084056 0.389188 0.118523
v -0.123155 0.397424 0.107857
v -0.003733 0.010051 -0.366132
v 0.354550 0.205841 -0.146335
v 0.348253 0.232817 -0.153922
v 0.372146 0.205647 0.109643
v 0.430485 0.202795 0.118876
v 0.424140 0.212056 0.098053
v 0.136600 0.412123 0.064648
v 0.153314 0.427020 0.060712
v 0.142109 0.435751 0.085309
v -0.257850 0.029961 0.048200
v -0.245977 0.044423 0.032383
v -0.255015 0.062150 0.038541
v 0.239974 0.164671 -0.000759
v 0.227190 0.137629 -0.014528
v 0.267766 0.147623 0.007383
v -0.277771 0.016800 0.336626
v -0.298368 0.018812 0.359430
v -0.262660 0.026938 0.366202
v 0.021248 0.059434 -0.143069
v -0.108411 0.433442 0.100018
v -0.121780 0.456083 0.102129
v 0.205968 0.320010 -0.239421
v 0.199927 0.351776 -0.235456
v 0.228919 0.345049 -0.219058
v -0.170054 0.294377 -0.108412
v -0.168173 0.332371 -0.078903
v -0.169344 0.306961 -0.076071
v 0.124858 0.019972 0.184509
v 0.134663 0.016733 0.139442
v 0.121107 0.024325 0.146309
v -0.141382 0.459886 -0.062611
v -0.094988 0.465542 -0.059555
v 0.168244 0.570651 -0.202341
v -0.160776 0.377778 -0.066688
v -0.161144 0.318451 0.036096
v -0.174323 0.311216 0.042810
v -0.205743 0.221325 -0.013952
v -0.190323 0.219305 -0.037719
v -0.189046 0.251039 -0.031778
v -0.346770 0.364392 0.066621
v 0.159920 0.017668 -0.297569
v 0.198490 0.031542 -0.273636
v 0.235808 0.035647 -0.299513
v 0.041759 0.699391 -0.391480
v 0.034109 0.685645 -0.377448
v 0.017224 0.700173 -0.380118
v 0.204047 0.490394 -0.184686
v 0.184462 0.476508 -0.187105
v 0.182143 0.529108 -0.196287
v 0.220166 0.060847 -0.196646
v 0.203213 0.026586 -0.220403
v 0.195109 0.049446 -0.220177
v 0.190384 0.430323 0.040965
v 0.221895 0.442803 0.045912
v 0.184427 0.457003 0.053777
v -0.304428 0.419167 -0.087119
v -0.264876 0.440079 -0.103660
v -0.276394 0.414061 -0.109127
v -0.281444 0.383731 -0.118527
v -0.243114 0.420930 -0.108285
v -0.056743 0.445220 0.117360
v -0.135245 0.562585 0.142522
v -0.139382 0.384977 -0.002708
v -0.153257 0.372533 -0.029704
v -0.148682 0.399007 -0.042208
v -0.159020 0.582050 -0.192967
v 0.554841 0.111048 0.041603
v 0.560661 0.122512 0.030005
v 0.556246 0.119055 0.054339
v -0.135329 0.446446 0.098883
v -0.052011 0.580664 0.190220
v -0.066101 0.591029 0.196276
v -0.001631 0.134264 -0.188483
v -0.303729 0.397472 0.097179
v -0.233412 0.551504 0.208616
v -0.252442 0.537511 0.194579
v -0.234911 0.524171 0.209344
v 0.202982 0.554977 0.044157
v 0.190120 0.568798 0.053620
v 0.195078 0.550549 0.069741
v 0.099560 0.358375 0.068048
v 0.081089 0.361277 0.039197
v 0.110169 0.357395 0.028796
v -0.215349 0.541117 0.210075
v -0.090353 0.015491 -0.402022
v -0.219485 0.506464 0.204317
v -0.179004 0.519899 -0.124797
v 0.216761 0.033060 -0.205112
v -0.266978 0.537134 0.136119
v -0.271625 0.503880 0.123408
v -0.263810 0.511911 0.162334
v -0.307085 0.462375 -0.050736
v -0.279654 0.474027 -0.082047
v 0.364562 0.060962 -0.116404
v 0.372414 0.070814 -0.104128
v 0.382609 0.038611 -0.100318
v 0.350896 0.085106 -0.120204
v 0.055038 0.153007 -0.194865
v 0.021636 0.150778 -0.199164
v 0.027648 0.154576 -0.185927
v -0.135764 0.426347 -0.042383
v -0.411232 0.034702 -0.090922
v 0.226546 0.010090 -0.397461
v 0.240564 0.016028 -0.389644
v 0.221514 0.008128 -0.415223
v 0.069414 0.366933 0.101130
v 0.048338 0.380572 0.089358
v 0.135733 0.020533 -0.400759
v 0.082892 0.134914 -0.286942
v 0.062304 0.152267 -0.225315
v 0.075086 0.145481 -0.223966
v -0.249592 0.506158 0.189171
v 0.085799 0.376945 -0.129351
v 0.086834 0.347365 -0.124963
v 0.080630 0.023533 -0.355637
v 0.084382 0.013386 -0.337527
v 0.117816 0.009122 -0.336895
v 0.095238 0.021702 -0.375972
v 0.104605 0.026238 -0.394705
v 0.090772 0.038060 -0.397614
v -0.316380 0.413418 0.080174
v -0.338245 0.397261 0.069343
v -0.324579 0.367867 0.086181
v 0.239059 0.018945 -0.337026
v 0.265173 0.023407 -0.335537
v 0.188858 0.536626 -0.303766
v 0.184635 0.550688 -0.285450
v 0.216128 0.492432 0.043912
v 0.218270 0.519610 0.044029
v 0.201937 0.503372 0.052804
v 0.201780 0.014442 -0.345682
v 0.108232 0.133676 -0.239338
v 0.211985 0.305322 0.019661
v 0.229377 0.297781 0.037903
v 0.273007 0.294967 0.063115
v 0.135321 0.010258 -0.280210
v 0.106521 0.010787 -0.286977
v 0.109853 0.023532 -0.274325
v 0.100396 0.196796 -0.248087
v 0.297700 0.355428 -0.052401
v 0.299032 0.378260 -0.055894
v 0.292547 0.367742 -0.038611
v 0.131980 0.008220 -0.321773
v 0.112539 0.005819 -0.317527
v 0.139724 0.018510 -0.299386
v -0.110238 0.348036 0.106114
v 0.334776 0.011098 -0.182366
v 0.308650 0.031413 -0.155223
v 0.346556 0.010771 -0.139880
v -0.161228 0.547497 -0.140929
v -0.146437 0.554489 -0.168667
v 0.196559 0.026117 -0.319871
v 0.216034 0.021288 -0.311683
v 0.179106 0.026185 -0.322725
v 0.159866 0.017554 -0.361068
v -0.009403 0.020150 0.077832
v 0.024232 0.021223 0.074582
v 0.008070 0.015734 0.063019
v 0.286557 0.024735 -0.330658
v 0.104440 0.013422 -0.303478
v 0.087373 0.038364 -0.294975
v -0.153763 0.537724 0.139485
v -0.156302 0.570022 0.164038
v -0.156782 0.516073 0.131356
v 0.250622 0.019577 -0.304175
v 0.169357 0.043360 -0.045933
v 0.147218 0.043178 -0.061351
v 0.021639 0.034988 0.092879
v 0.064241 0.075594 0.112856
v 0.069529 0.035884 0.082504
v 0.199570 0.028496 -0.298593
v -0.447032 0.029470 0.035263
v -0.442787 0.013959 0.055133
v -0.456552 0.048544 0.018798
v -0.422311 0.057081 0.064789
v 0.343511 0.028921 -0.331374
v 0.300761 0.459755 -0.145048
v 0.288932 0.441036 -0.169375
v 0.147042 0.260914 -0.267016
v -0.245634 0.234988 0.051040
v -0.261390 0.229869 0.061525
v -0.256189 0.213372 0.049820
v 0.113278 0.486115 -0.173466
v -0.050689 0.442978 -0.041002
v 0.116600 0.521621 -0.190567
v 0.237714 0.535177 0.031937
v 0.229620 0.480160 0.045712
v 0.329851 0.019696 -0.215616
v 0.367967 0.011735 -0.187168
v 0.358077 0.009197 -0.208838
v 0.080765 0.319384 -0.135583
v 0.089504 0.323240 -0.107849
v -0.189798 0.498245 0.155638
v 0.096451 0.370821 -0.179190
v 0.089069 0.291319 -0.123804
v 0.187426 0.067988 -0.224889
v 0.181566 0.105388 -0.230344
v 0.202561 0.091333 -0.217290
v 0.318520 0.333562 -0.110316
v 0.294767 0.348867 -0.096144
v 0.306980 0.345529 -0.084520
v -0.446890 0.015994 -0.017427
v -0.017666 0.701453 -0.374934
v 0.101596 0.573674 0.163776
v 0.089669 0.596857 0.191558
v 0.012303 0.532729 -0.207191
v -0.045793 0.441778 0.032656
v 0.365771 0.024137 -0.117401
v -0.253774 0.286440 -0.157139
v -0.282957 0.268891 -0.149124
v 0.482309 0.052187 -0.001771
v -0.389244 0.014766 0.112549
v -0.380382 0.016364 0.146839
v -0.114215 0.552850 -0.301175
v -0.064054 0.557405 -0.325816
v -0.053523 0.538768 -0.275906
v -0.363683 0.253831 -0.038026
v -0.353987 0.235537 -0.071041
v -0.135063 0.375841 0.094112
v 0.260062 0.432220 -0.193753
v 0.120671 0.123401 -0.251198
v -0.333861 0.063279 0.092141
v -0.339813 0.098257 0.084880
v -0.368092 0.065363 0.089543
v 0.130572 0.173693 -0.255364
v -0.184811 0.563790 0.187547
v -0.001567 0.019469 0.220756
v 0.001432 0.024443 0.200283
v -0.408434 0.057899 0.099725
v -0.419104 0.035375 0.083887
v -0.294861 0.034464 0.172073
v -0.327571 0.024951 0.183762
v -0.146914 0.366624 0.022194
v -0.118083 0.385460 0.033367
v 0.092743 0.549313 -0.269045
v 0.070494 0.542746 -0.255042
v -0.170239 0.486576 0.129775
v -0.183062 0.494420 0.140933
v -0.448522 0.083963 0.002365
v 0.147927 0.016956 -0.435932
v -0.370306 0.016147 0.163193
v -0.159517 0.104152 -0.156867
v 0.119955 0.025381 -0.375278
v -0.384893 0.018799 0.224880
v 0.186487 0.018474 -0.370497
v 0.114195 0.019380 -0.411224
v 0.084765 0.023742 -0.416565
v -0.360482 0.032576 0.101913
v -0.370459 0.015751 0.115820
v -0.217840 0.441388 -0.105389
v -0.248167 0.443352 -0.105951
v 0.327849 0.033733 -0.316193
v 0.298672 0.034787 -0.323696
v -0.080175 0.014610 -0.135138
v 0.093227 0.353451 -0.053476
v 0.049400 0.014913 -0.328981
v -0.428832 0.064024 -0.073180
v -0.409291 0.062586 -0.086716
v -0.429783 0.020558 -0.075779
v -0.124108 0.596234 -0.344468
v 0.138276 0.203262 -0.265805
v 0.111987 0.247875 -0.257837
v 0.128754 0.279718 -0.261256
v 0.010501 0.036598 -0.343801
v 0.078924 0.275648 -0.220567
v 0.085289 0.239483 -0.236775
v 0.074036 0.202426 -0.207271
v 0.373345 0.013952 -0.242020
v 0.389839 0.011009 -0.221438
v 0.402103 0.012776 -0.239679
v -0.222094 0.352374 -0.135949
v -0.204821 0.385980 -0.120104
v 0.494774 0.092886 0.013429
v 0.484455 0.062856 0.044867
v 0.483306 0.077350 0.011424
v 0.270778 0.416570 -0.176859
v -0.198201 0.562246 -0.131161
v 0.309778 0.022313 -0.171702
v 0.310800 0.018987 -0.246129
v 0.346197 0.017299 -0.238911
v 0.336480 0.013814 -0.258605
v -0.169254 0.402436 -0.077488
v 0.417329 0.023127 -0.197073
v 0.391889 0.017066 -0.201644
v 0.212528 0.279650 -0.230439
v 0.189054 0.266222 -0.250162
v -0.219123 0.417403 -0.105761
v -0.183776 0.427268 -0.085633
v 0.415951 0.011025 -0.154005
v 0.427111 0.012148 -0.176882
v 0.406112 0.027979 -0.182726
v -0.059345 0.068901 -0.255486
v 0.374335 0.326300 -0.057891
v 0.384994 0.280543 -0.068722
v 0.373906 0.305026 -0.088862
v 0.292084 0.367236 -0.070621
v 0.289642 0.371948 -0.087429
v 0.307930 0.422474 -0.003295
v -0.159365 0.426574 -0.065451
v 0.284412 0.338780 -0.180630
v 0.289584 0.343317 -0.122792
v -0.116639 0.544908 -0.276776
v -0.138762 0.559525 -0.264404
v -0.132861 0.564227 -0.290415
v -0.190181 0.600899 0.178608
v 0.207454 0.532277 -0.310208
v 0.196004 0.528544 -0.323772
v 0.216343 0.529222 -0.329133
v -0.123894 0.402054 -0.014267
v -0.069686 0.556322 0.169960
v 0.173768 0.201090 -0.255775
v 0.154656 0.177164 -0.252148
v 0.111105 0.042373 0.149789
v 0.112879 0.027635 0.159494
v 0.267760 0.600838 0.043097
v 0.307370 0.488439 0.006273
v 0.310838 0.527872 -0.000552
v 0.292430 0.524894 0.017421
v -0.261683 0.551366 0.167590
v 0.211202 0.687110 -0.352120
v 0.267010 0.323867 0.032842
v 0.273448 0.348930 -0.011868
v 0.293304 0.026617 -0.166525
v 0.043432 0.539488 -0.233614
v -0.249904 0.313699 0.082793
v -0.219119 0.305419 0.054057
v -0.175499 0.056576 -0.211657
v -0.143787 0.050437 -0.189815
v -0.228512 0.037869 0.285161
v -0.209636 0.042699 0.249432
v -0.241385 0.044666 0.255855
v 0.131545 0.363486 -0.226698
v 0.148111 0.414351 -0.205186
v 0.185059 0.381283 -0.224831
v -0.211134 0.172907 -0.026701
v 0.149226 0.578321 -0.337881
v -0.040104 0.024217 -0.105242
v -0.040959 0.018375 -0.137005
v -0.236267 0.162483 -0.005417
v -0.247297 0.127755 0.011433
v -0.227856 0.125081 -0.000246
v 0.286884 0.039600 -0.251199
v 0.291398 0.610231 0.031764
v 0.292418 0.593295 -0.015149
v 0.249167 0.209622 -0.208152
v 0.237719 0.230500 -0.206187
v 0.273588 0.214350 -0.190405
v 0.310033 0.223106 -0.165119
v 0.300232 0.203454 -0.168136
v -0.174178 0.318551 0.066087
v -0.195591 0.309538 0.045962
v 0.262754 0.392824 -0.179089
v 0.235700 0.378118 -0.205063
v 0.276718 0.363923 -0.152036
v 0.278538 0.369852 -0.121890
v 0.282982 0.283681 -0.185057
v 0.286414 0.305521 -0.180214
v 0.283410 0.122307 0.025524
v 0.259340 0.113254 0.011852
v 0.269945 0.086947 0.017656
v 0.408770 0.041730 -0.094058
v 0.436466 0.025444 -0.091324
v 0.433045 0.014234 -0.113711
v -0.274439 0.018756 0.314509
v -0.304067 0.013894 0.307719
v -0.316549 0.014154 0.329801
v 0.364659 0.326507 -0.074779
v 0.353914 0.324542 -0.101463
v 0.176378 0.210486 -0.024781
v 0.166062 0.252979 -0.038295
v 0.165947 0.208299 -0.037053
v -0.217952 0.456637 0.162279
v -0.226713 0.426324 0.142135
v -0.328608 0.016466 0.311899
v -0.330460 0.014896 0.334193
v 0.073736 0.026316 -0.064302
v 0.055359 0.020849 -0.080855
v -0.190842 0.384472 -0.111493
v 0.046810 0.092346 -0.129966
v -0.037179 0.023836 -0.024894
v -0.017612 0.014921 -0.029974
v -0.029219 0.021947 -0.051882
v 0.064679 0.149644 -0.113032
v 0.086099 0.124352 -0.108456
v 0.241341 0.501589 -0.187820
v 0.247410 0.529406 -0.164065
v -0.220285 0.570432 0.199713
v -0.339765 0.448464 0.032964
v -0.326746 0.427377 0.055895
v 0.119170 0.546458 -0.344391
v 0.154969 0.581636 0.143100
v 0.122018 0.612571 0.131079
v 0.122566 0.590459 0.160472
v -0.070038 0.528630 -0.192955
v -0.120259 0.546292 -0.192158
v -0.263994 0.559938 0.109352
v 0.450910 0.225031 0.050098
v 0.439280 0.231034 0.031311
v 0.420945 0.219372 0.067738
v 0.019107 0.047088 -0.329118
v 0.203988 0.288432 0.019851
v -0.187967 0.296642 0.018973
v 0.028725 0.588695 0.214607
v 0.004318 0.572851 0.189299
v -0.223643 0.267827 0.044248
v -0.205737 0.284400 0.033517
v -0.314054 0.392843 -0.083162
v -0.204131 0.474700 0.168810
v 0.040635 0.013406 0.043115
v -0.197818 0.099802 -0.098556
v 0.039014 0.094643 -0.316845
v 0.098263 0.019656 0.053787
v 0.088350 0.016677 0.043971
v 0.096436 0.022496 0.072775
v -0.319766 0.416057 -0.068444
v -0.348872 0.384836 -0.033219
v -0.323692 0.451379 -0.033277
v -0.041491 0.070118 -0.276922
v -0.064535 0.050959 -0.271258
v 0.298303 0.395529 -0.110017
v 0.306730 0.436307 -0.128983
v 0.042485 0.079438 0.131872
v 0.165039 0.681733 -0.329732
v 0.042377 0.026505 0.002523
v 0.066998 0.673789 -0.372550
v 0.201715 0.578872 0.032242
v 0.216286 0.547703 -0.352737
v 0.227676 0.660247 -0.356620
v 0.239691 0.658118 -0.347809
v 0.142305 0.599177 0.081977
v -0.063179 0.399538 0.104177
v 0.084184 0.081670 0.125944
v 0.040471 0.082076 0.150080
v -0.236350 0.019652 0.345936
v 0.111208 0.118128 -0.098098
v 0.277983 0.389763 -0.144991
v 0.003468 0.472335 0.132636
v 0.021582 0.465960 0.128067
v 0.024148 0.525273 0.161240
v -0.127478 0.045565 0.265142
v -0.122522 0.037706 0.306269
v -0.110595 0.028074 0.287683
v -0.124607 0.050830 0.249804
v -0.140717 0.041223 0.236215
v -0.146435 0.038990 0.262023
v 0.136754 0.529861 0.165525
v 0.143166 0.572086 0.159441
v -0.189812 0.039333 0.272780
v -0.197117 0.034525 0.300900
v -0.148058 0.034803 0.295717
v -0.237500 0.021344 0.331285
v -0.201524 0.024978 0.338276
v -0.025532 0.557979 0.180897
v -0.038817 0.525902 0.169381
v -0.128263 0.029055 0.216262
v -0.121245 0.014380 0.176899
v -0.151679 0.014122 0.178540
v 0.149246 0.560320 -0.211144
v 0.152730 0.523354 -0.200445
v 0.124353 0.548529 -0.213281
v -0.152802 0.011703 0.163261
v -0.151209 0.017041 0.136960
v -0.179066 0.018950 0.149281
v -0.073557 0.036392 0.243149
v -0.101553 0.051891 0.237852
v 0.104484 0.220675 -0.111367
v 0.127718 0.212485 -0.078569
v -0.086717 0.048037 0.251265
v 0.035026 0.022323 0.412443
v 0.057216 0.013896 0.450150
v 0.058342 0.021738 0.400631
v -0.239245 0.045258 0.210441
v -0.264127 0.048477 0.230348
v -0.211007 0.046653 0.224029
v -0.251805 0.579867 0.163491
v -0.266049 0.568314 0.139062
v -0.002101 0.061176 0.164336
v -0.026562 0.027923 0.153389
v -0.020687 0.025624 0.177881
v -0.182614 0.106131 -0.204641
v -0.382808 0.079691 -0.101865
v -0.370304 0.102607 -0.120854
v -0.365473 0.090039 -0.143754
v 0.154826 0.499159 0.143073
v 0.155954 0.515365 0.151589
v 0.139030 0.491067 0.144807
v -0.331388 0.383100 -0.060959
v -0.148597 0.030621 0.370578
v -0.164988 0.025493 0.347735
v -0.161948 0.016930 0.401261
v 0.268642 0.368740 -0.011451
v 0.289251 0.352799 -0.031254
v 0.116512 0.277534 -0.083865
v 0.104566 0.287088 -0.106068
v 0.487932 0.226352 -0.001710
v 0.462974 0.233985 -0.003768
v 0.518079 0.223282 0.018335
v -0.182380 0.017551 0.398226
v -0.194644 0.020225 0.424809
v -0.454512 0.028694 0.001340
v 0.096378 0.254196 -0.121030
v 0.125813 0.241302 -0.082364
v 0.119393 0.383272 -0.206069
v -0.344275 0.079625 -0.159561
v -0.363064 0.068811 -0.142201
v -0.311706 0.031748 0.144842
v 0.133809 0.323335 -0.027906
v 0.153557 0.327231 -0.020108
v 0.130122 0.349303 -0.006604
v 0.379683 0.038194 0.161593
v 0.377190 0.027870 0.135954
v 0.360977 0.036173 0.161047
v -0.176108 0.265102 -0.064518
v -0.042883 0.016956 0.285234
v -0.044430 0.033233 0.260576
v -0.063253 0.033067 0.274914
v 0.315237 0.491970 -0.125848
v 0.200845 0.298212 0.008475
v -0.270133 0.365437 0.119932
v 0.379209 0.229325 -0.102634
v 0.415804 0.217347 -0.077936
v 0.371474 0.209421 -0.109657
v 0.386011 0.248163 -0.071365
v 0.099344 0.072741 0.147592
v 0.096524 0.072526 0.118178
v 0.170047 0.023591 -0.265686
v 0.149270 0.020660 -0.262812
v -0.038345 0.556454 -0.319337
v -0.045787 0.578063 -0.348133
v -0.020641 0.580426 -0.351741
v -0.248826 0.175338 0.006360
v -0.218788 0.198076 -0.003813
v 0.277996 0.053299 0.019199
v 0.259630 0.035165 0.025925
v 0.290087 0.036606 0.035119
v 0.233516 0.032457 0.235605
v 0.262168 0.026127 0.240103
v 0.245897 0.026619 0.198177
v -0.194248 0.268806 0.003733
v -0.232157 0.388277 0.125361
v 0.261111 0.034228 0.256510
v 0.296807 0.018743 0.242745
v 0.169995 0.167856 -0.237696
v -0.098650 0.011735 0.455452
v -0.101705 0.012170 0.434928
v 0.188534 0.505142 0.114707
v 0.187651 0.494289 0.084047
v 0.199354 0.516224 0.090269
v 0.034583 0.370862 0.035344
v -0.014739 0.432535 0.017739
v 0.314334 0.555290 0.016710
v -0.176045 0.178585 -0.109661
v -0.078687 0.018467 0.411245
v -0.066092 0.018029 0.422671
v -0.079105 0.020431 0.390672
v 0.290523 0.327583 0.032352
v 0.316594 0.330104 0.023147
v 0.281552 0.339908 0.005533
v 0.306668 0.069986 0.030295
v 0.315751 0.044987 0.041342
v -0.156473 0.203376 -0.173020
v -0.170940 0.228812 -0.173306
v 0.225359 0.204432 0.056096
v 0.218451 0.194354 0.041968
v 0.232228 0.187573 0.047134
v -0.447722 0.064114 -0.041721
v 0.241066 0.268049 0.053605
v 0.238527 0.067193 -0.007160
v 0.095151 0.036970 -0.075581
v 0.090534 0.044355 -0.025243
v 0.253408 0.033630 0.050749
v 0.284514 0.038490 0.056981
v 0.413377 0.269491 -0.040908
v 0.405792 0.270416 -0.058645
v 0.084956 0.354440 -0.091135
v 0.058386 0.019132 0.050240
v 0.041529 0.020721 0.061561
v 0.233064 0.542973 -0.334735
v 0.224303 0.537724 -0.315566
v 0.070380 0.040088 -0.021552
v 0.097488 0.034248 -0.010567
v 0.100013 0.023637 0.305917
v 0.100598 0.012828 0.259545
v 0.089087 0.013439 0.278075
v 0.169039 0.234865 -0.261370
v 0.158732 0.018962 0.338670
v 0.172560 0.024637 0.343588
v 0.193597 0.019849 0.324012
v 0.161152 0.051986 -0.057202
v 0.138674 0.071582 -0.071280
v 0.350577 0.020842 0.233011
v -0.231733 0.223594 0.027050
v -0.247748 0.432909 0.141298
v 0.131499 0.036414 -0.059401
v 0.323808 0.183505 0.055120
v 0.313428 0.210003 0.052456
v 0.295543 0.155720 0.022316
v -0.214992 0.119964 -0.020321
v 0.129083 0.016298 0.264424
v 0.141740 0.021016 0.287342
v 0.062253 0.020857 0.416276
v -0.243461 0.259509 0.053380
v -0.033344 0.022195 0.015912
v 0.003493 0.013469 -0.032928
v 0.095646 0.030979 0.399919
v 0.195420 0.697308 -0.346410
v 0.017607 0.028028 0.443788
v 0.086389 0.023139 0.353212
v 0.069085 0.026510 0.334854
v 0.034557 0.026411 0.351039
v 0.092578 0.065100 0.161040
v 0.027680 0.402715 0.082686
v -0.161866 0.200753 -0.192593
v 0.308942 0.521598 -0.112847
v 0.287788 0.527080 -0.128596
v 0.150683 0.485641 0.127845
v 0.220559 0.566935 0.028219
v 0.239779 0.580474 0.025333
v 0.222159 0.592265 0.022919
v -0.052769 0.021016 0.021564
v -0.077832 0.041091 0.012497
v -0.068520 0.033596 0.024231
v 0.146009 0.016169 0.232227
v 0.163768 0.024337 0.307636
v 0.214429 0.018528 0.323917
v -0.122498 0.044316 -0.020613
v -0.133108 0.034255 -0.041226
v 0.199953 0.651753 -0.298807
v -0.186302 0.281841 -0.149339
v -0.178474 0.265639 -0.143090
v -0.070025 0.026342 0.078681
v -0.109507 0.019635 0.080641
v -0.098933 0.021272 0.108304
v -0.037262 0.021342 0.099310
v 0.216320 0.022382 0.348759
v 0.262070 0.559088 -0.135533
v 0.247722 0.546739 -0.156475
v -0.128259 0.031035 0.042827
v -0.085155 0.031018 0.056920
v -0.122150 0.037414 0.025754
v -0.260426 0.271992 0.061654
v -0.063707 0.028861 -0.093974
v -0.088108 0.030536 -0.093368
v -0.083105 0.046633 -0.071427
v 0.139887 0.608950 0.099427
v 0.029919 0.155180 -0.169519
v 0.235611 0.025374 0.353241
v 0.214785 0.023773 0.373454
v -0.201257 0.019905 0.029560
v -0.205822 0.013918 0.061978
v -0.184633 0.011650 0.035678
v 0.209776 0.132500 -0.197971
v 0.241515 0.136335 -0.176183
v 0.220327 0.113064 -0.202665
v -0.076422 0.022947 0.224901
v -0.065270 0.016337 0.215236
v -0.102402 0.011975 0.180300
v -0.130861 0.027183 0.138592
v -0.209419 0.022506 0.043970
v 0.320365 0.315105 0.041391
v 0.183040 0.493177 0.101869
v 0.315382 0.235462 -0.157041
v -0.138142 0.022792 0.075807
v -0.117300 0.022738 0.053645
v -0.132729 0.020959 0.058157
v -0.114396 0.031814 0.387996
v -0.134885 0.031214 0.383275
v 0.341137 0.022207 0.170971
v 0.335363 0.028314 0.199102
v 0.351945 0.026989 0.193368
v 0.322886 0.019132 0.215536
v 0.332682 0.485105 -0.097500
v 0.325001 0.446898 -0.083628
v -0.087199 0.019909 0.347447
v -0.234365 0.022078 0.031782
v -0.167007 0.015676 0.171940
v -0.181595 0.016040 0.166450
v -0.169745 0.034330 0.203083
v -0.434444 0.034663 -0.063280
v -0.236532 0.016861 0.137841
v -0.230381 0.019372 0.120793
v -0.272572 0.013816 0.126280
v 0.137274 0.296929 -0.046820
v 0.118264 0.324437 -0.048613
v -0.150063 0.512667 -0.117308
v -0.207431 0.019900 0.128622
v -0.181482 0.120600 -0.119911
v -0.215009 0.042126 -0.086405
v 0.081793 0.080094 0.152607
v 0.051304 0.068867 0.173981
v -0.259587 0.024958 0.287123
v 0.154959 0.465360 0.082687
v -0.235639 0.460505 0.160770
v -0.267616 0.021500 0.177205
v -0.191094 0.013675 0.012782
v -0.305798 0.021068 0.257964
v 0.106890 0.080237 -0.276502
v 0.119681 0.068758 -0.269901
v -0.227438 0.013796 -0.000540
v -0.265256 0.155429 0.010589
v -0.157585 0.079866 -0.162794
v 0.027274 0.435358 -0.098013
v -0.252997 0.076449 0.030101
v -0.244901 0.017770 0.065194
v -0.205386 0.183447 -0.248945
v 0.178838 0.306791 -0.018873
v 0.156009 0.299732 -0.028536
v 0.171979 0.277648 -0.022466
v -0.239438 0.091511 -0.006893
v 0.304455 0.439686 0.016211
v 0.519994 0.206938 0.056384
v 0.530614 0.208906 0.020305
v 0.521790 0.221410 0.033273
v 0.431299 0.056134 0.110581
v 0.473388 0.057307 0.089787
v 0.477128 0.221808 0.062209
v 0.062176 0.359615 0.072227
v 0.029553 0.375554 0.068355
v -0.414193 0.018602 0.110642
v -0.181939 0.155261 -0.097884
v -0.137186 0.587576 -0.303589
v 0.181352 0.671116 -0.273240
v -0.276712 0.225668 0.062898
v -0.259115 0.187767 0.023609
v 0.059619 0.365854 0.003808
v 0.114778 0.413972 0.123514
v 0.112820 0.388778 0.096703
v 0.128899 0.419428 0.108877
v 0.354878 0.117518 0.089721
v 0.356710 0.145439 0.102428
v 0.348415 0.184039 0.102188
v -0.369152 0.019110 0.247863
v 0.395290 0.018804 0.132155
v 0.413019 0.016250 0.107332
v 0.284974 0.190878 -0.161085
v -0.370507 0.020480 0.213021
v -0.164193 0.016239 0.060420
v -0.160378 0.009627 0.107077
v 0.089049 0.478559 0.149224
v 0.066118 0.485818 0.136068
v 0.076532 0.437718 0.138449
v 0.323716 0.013075 0.170582
v 0.313457 0.006003 0.150872
v 0.277424 0.017097 0.198219
v 0.274813 0.012276 0.165573
v 0.268751 0.017600 0.179134
v -0.371126 0.124030 0.076442
v -0.370749 0.096276 0.090101
v 0.277128 0.025878 0.287480
v 0.270573 0.038316 0.270264
v 0.262175 0.041257 0.295738
v 0.293544 0.026022 0.221847
v 0.307773 0.018290 0.204730
v 0.069390 0.414554 -0.108368
v 0.381136 0.273236 -0.084963
v -0.235157 0.071094 -0.018492
v 0.316648 0.027051 0.062096
v 0.256893 0.218975 0.061049
v 0.266141 0.228482 0.072026
v -0.282134 0.556646 0.030273
v -0.295394 0.528880 0.028060
v -0.282092 0.542550 0.053028
v 0.259588 0.013124 0.122429
v 0.225025 0.007769 0.132745
v -0.243355 0.565883 0.190141
v 0.238972 0.040088 0.078116
v 0.085533 0.536513 -0.210769
v 0.081707 0.503154 -0.180466
v -0.250114 0.480197 0.163273
v -0.265020 0.469640 0.139535
v -0.145105 0.026474 0.340759
v -0.108446 0.024494 0.331228
v 0.049864 0.016777 0.311650
v 0.031564 0.019487 0.322833
v 0.236255 0.045288 0.003063
v -0.031614 0.589252 0.214104
v 0.003378 0.587644 0.217153
v 0.192491 0.325885 -0.242864
v 0.178746 0.287666 -0.252568
v -0.155146 0.021505 0.035133
v 0.113736 0.017565 0.393262
v 0.109631 0.016361 0.416137
v 0.131062 0.021622 0.402475
v -0.295065 0.029670 0.143628
v -0.285088 0.034299 0.154616
v -0.123657 0.022002 0.090988
v 0.368326 0.267385 -0.115817
v 0.367152 0.246832 -0.135440
v 0.346070 0.271823 -0.135491
v -0.336960 0.126256 0.066762
v 0.148673 0.010481 0.100925
v 0.175126 0.014851 0.116280
v 0.167269 0.017690 0.078771
v 0.165079 0.022515 0.060343
v 0.123194 0.022595 0.071126
v -0.228855 0.018707 0.384312
v -0.182100 0.009530 0.085358
v 0.134143 0.011999 0.101823
v 0.316626 0.016167 0.276944
v 0.295121 0.013515 0.307787
v 0.322336 0.013335 0.292742
v 0.178757 0.577431 0.104617
v -0.286327 0.243178 0.065675
v -0.302933 0.238296 0.062319
v 0.000596 0.039296 0.113876
v 0.325326 0.506755 -0.110187
v -0.239636 0.033412 0.303669
v -0.175982 0.018494 -0.070569
v 0.347386 0.333642 -0.014812
v 0.330175 0.339992 -0.012936
v 0.337250 0.331872 0.011689
v -0.399858 0.107331 -0.079203
v 0.196697 0.510490 0.070394
v 0.166453 0.011813 0.132086
v -0.130605 0.024868 0.108343
v 0.314469 0.343052 -0.052444
v 0.294223 0.344422 -0.014207
v 0.351364 0.331056 -0.055653
v 0.063444 0.243648 -0.175258
v -0.134994 0.030728 0.012123
v 0.045103 0.019771 0.199828
v 0.024582 0.054609 0.176971
v -0.297327 0.044346 -0.191249
v -0.304625 0.024611 -0.210249
v -0.336737 0.014175 -0.159188
v 0.087635 0.363671 0.097487
v -0.129756 0.029624 -0.081171
v -0.107135 0.051599 -0.047209
v -0.174004 0.009056 0.448888
v -0.447182 0.054575 -0.022978
v -0.219868 0.098022 -0.028030
v 0.112186 0.474428 0.149611
v 0.114784 0.446378 0.136728
v 0.020056 0.576249 -0.356391
v -0.008415 0.556470 -0.329412
v 0.064495 0.019615 0.372959
v 0.099466 0.023861 0.377523
v -0.006263 0.020198 0.452998
v 0.098471 0.020531 0.180175
v 0.068654 0.030648 0.188406
v -0.058941 0.381013 0.090367
v 0.331116 0.497539 -0.007849
v 0.326748 0.516011 -0.007844
v -0.022448 0.021622 0.325401
v 0.020376 0.026755 0.281812
v -0.020589 0.019084 0.282746
v -0.276499 0.052632 0.052467
v 0.020501 0.029346 0.426261
v 0.247807 0.324617 -0.198476
v 0.269424 0.363020 -0.173380
v 0.168981 0.108630 -0.046386
v -0.088458 0.582418 -0.345348
v 0.361000 0.213058 -0.134114
v 0.152783 0.694133 -0.348048
v -0.036146 0.011825 0.207482
v -0.067720 0.038510 0.256230
v -0.174042 0.244610 -0.146147
v 0.027060 0.012097 0.255425
v -0.216767 0.467289 -0.110584
v -0.210346 0.487856 0.189635
v 0.107004 0.036027 -0.031304
v 0.099991 0.022940 0.019270
v 0.014143 0.013316 -0.012705
v 0.023908 0.017525 0.005041
v 0.049980 0.020472 -0.052520
v 0.012302 0.015428 -0.054820
v 0.000733 0.016636 -0.106038
v 0.007568 0.013853 -0.075660
v 0.269273 0.426875 0.029609
v 0.202639 0.398817 0.002189
v 0.261895 0.385684 -0.002546
v -0.025688 0.015144 0.051946
v -0.063434 0.018566 0.050830
v -0.025470 0.022508 0.070093
v 0.164426 0.120851 -0.240060
v 0.180291 0.129861 -0.219127
v -0.003800 0.118237 -0.158825
v -0.316697 0.153170 0.019764
v 0.108449 0.058699 0.119109
v 0.122180 0.027724 0.118890
v -0.023349 0.029582 0.262710
v 0.072638 0.550450 0.152752
v 0.089300 0.558652 0.160409
v -0.147275 0.056644 -0.166582
v -0.356906 0.211603 -0.043985
v 0.129639 0.093730 -0.253771
v 0.109386 0.115474 -0.268338
v -0.020684 0.089811 -0.264843
v 0.169820 0.150027 -0.046770
v 0.106781 0.017075 0.213904
v 0.129331 0.014664 0.218961
v -0.306165 0.367358 -0.123530
v 0.113073 0.173186 -0.077085
v 0.402648 0.090100 -0.090503
v 0.406573 0.119508 -0.089574
v 0.107800 0.606575 0.175439
v 0.105924 0.506408 0.161246
v -0.365110 0.284964 0.021631
v -0.368513 0.272811 0.006315
v -0.359278 0.259835 0.020081
v -0.042946 0.019775 0.182272
v 0.007069 0.019897 0.457327
v 0.178998 0.012679 0.001856
v 0.193288 0.018013 0.004747
v 0.200359 0.029779 -0.019885
v -0.381618 0.019973 -0.117313
v -0.393995 0.037548 -0.107058
v 0.139020 0.012495 0.032098
v -0.319423 0.065797 0.082796
v -0.297043 0.092082 0.068757
v -0.384583 0.126336 0.085516
v -0.158779 0.350574 -0.009305
v -0.098265 0.054045 -0.016497
v 0.188679 0.013774 0.157763
v 0.202135 0.008963 0.143020
v 0.221739 0.042233 -0.011052
v 0.227266 0.173937 -0.001755
v 0.217012 0.177378 -0.011566
v 0.204819 0.360710 -0.024091
v 0.189834 0.380783 -0.010383
v -0.093444 0.048964 0.007075
v 0.310784 0.525463 -0.055579
v 0.306770 0.531162 -0.019882
v 0.204102 0.530575 0.056846
v 0.313686 0.412639 -0.090134
v 0.189254 0.486601 0.062066
v 0.199044 0.180676 -0.029470
v -0.349963 0.327237 -0.106988
v -0.339268 0.298093 -0.107870
v -0.350273 0.290336 -0.097469
v 0.333355 0.508931 -0.020831
v 0.334467 0.488844 -0.020961
v 0.329459 0.495644 -0.047764
v 0.168668 0.010088 0.015338
v 0.190815 0.032402 0.052221
v 0.215242 0.031608 0.026554
v 0.316248 0.155183 0.038184
v 0.142955 0.026301 0.329257
v -0.009951 0.567460 0.183766
v 0.192861 0.262212 0.008090
v 0.199882 0.240130 0.027315
v -0.211475 0.014981 0.174859
v 0.078926 0.155275 -0.211646
v 0.310354 0.395468 -0.061884
v -0.251498 0.594138 0.137258
v -0.274878 0.566914 0.008820
v 0.273303 0.258786 0.077128
v 0.293044 0.257428 0.061773
v 0.210809 0.256930 0.031479
v -0.275540 0.031426 0.268996
v 0.242816 0.039464 0.323147
v 0.517125 0.102597 0.111715
v 0.549292 0.112147 0.066901
v 0.539487 0.122325 0.089040
v 0.399548 0.232873 -0.067435
v 0.300698 0.027020 0.115635
v 0.313329 0.025473 0.121426
v 0.328198 0.014627 0.087726
v 0.221522 0.032591 0.053023
v 0.014214 0.541491 0.167033
v 0.244755 0.039289 0.338898
v 0.329467 0.476349 -0.009450
v 0.279225 0.163198 0.019530
v 0.280273 0.138407 0.016552
v 0.316220 0.276855 0.050955
v 0.336842 0.313239 0.035548
v 0.294090 0.014348 0.138855
v 0.323777 0.011776 0.136269
v 0.292991 0.023532 0.261912
v 0.184321 0.219361 -0.246674
v 0.190863 0.188734 -0.230915
v 0.355666 0.021520 -0.306026
v 0.355227 0.276966 0.030140
v 0.353051 0.306471 0.025648
v 0.137473 0.366964 0.017892
v 0.505605 0.115099 -0.012186
v 0.472765 0.124306 -0.030900
v 0.480475 0.150006 -0.019113
v 0.273904 0.024614 0.314597
v 0.348457 0.202162 0.075849
v 0.348593 0.142958 0.077312
v -0.424773 0.022257 0.054395
v -0.350856 0.368021 -0.035219
v 0.093440 0.031100 0.325490
v 0.310953 0.457489 0.012905
v 0.345954 0.020507 -0.344089
v 0.310905 0.034075 -0.342113
v -0.240869 0.058762 -0.006593
v -0.316318 0.034556 0.107424
v -0.330580 0.046847 0.107420
v -0.324513 0.042685 0.121430
v 0.063166 0.548187 -0.287307
v 0.157746 0.443343 -0.193076
v 0.179858 0.443263 -0.200823
v 0.474969 0.203335 0.094287
v 0.423768 0.189431 0.133199
v 0.392760 0.186478 0.130049
v 0.212417 0.567557 -0.354967
v -0.372243 0.202960 -0.087049
v 0.500679 0.202152 0.077566
v 0.405599 0.027326 0.077972
v -0.396330 0.144359 0.002346
v 0.552027 0.140713 0.015156
v 0.555032 0.157430 0.039526
v 0.191801 0.012993 0.394615
v 0.153436 0.021568 0.408849
v -0.055674 0.479475 -0.076493
v -0.220263 0.148412 -0.016675
v 0.329977 0.484264 -0.063990
v 0.320628 0.511377 -0.052957
v 0.535347 0.170476 0.063545
v 0.341408 0.015239 0.117748
v -0.168031 0.017784 -0.406749
v 0.480148 0.170243 0.111769
v 0.232056 0.026362 0.314650
v 0.376597 0.017015 0.093986
v 0.356152 0.013122 0.090258
v -0.177421 0.055750 -0.130289
v -0.162193 0.073653 -0.143262
v -0.294106 0.020111 0.322836
v -0.394780 0.106777 0.101239
v 0.249761 0.011388 0.177373
v 0.224227 0.012986 0.159983
v -0.322763 0.141190 0.035465
v 0.210891 0.011324 0.177208
v 0.183529 0.018904 0.197968
v 0.211857 0.026962 0.208471
v -0.235226 0.029351 -0.036269
v 0.060980 0.145197 -0.277006
v -0.243857 0.019299 0.154536
v -0.386133 0.105863 -0.090781
v -0.089746 0.021240 0.324771
v 0.109599 0.428784 -0.156822
v 0.111649 0.457438 -0.159080
v -0.103792 0.016142 0.209421
v -0.180357 0.011091 -0.033972
v -0.010190 0.025599 0.425886
v -0.032530 0.028251 0.444235
v 0.087437 0.442248 -0.137390
v -0.048096 0.017996 0.454350
v -0.044063 0.022489 0.422417
v 0.155769 0.019112 0.178889
v 0.144202 0.021315 0.160830
v -0.052732 0.026301 0.396918
v -0.188588 0.014761 0.140157
v -0.063055 0.039904 -0.059473
v -0.043105 0.028431 -0.075595
v -0.006650 0.432817 0.048168
v -0.002427 0.424979 0.073475
v 0.007317 0.030095 0.295815
v -0.045490 0.023161 0.303023
v -0.050276 0.029499 0.370215
v -0.065796 0.023634 0.341236
v 0.220048 0.143312 -0.190855
v 0.216859 0.168893 -0.206489
v 0.253260 0.174282 -0.185217
v -0.002139 0.020489 0.235754
v 0.011897 0.015776 0.263077
v -0.018697 0.019999 -0.084003
v -0.074855 0.047478 -0.011295
v 0.157488 0.201700 -0.048970
v -0.009054 0.606225 0.221297
v -0.024671 0.603937 0.222813
v 0.221526 0.476192 -0.188897
v 0.050708 0.455583 -0.128732
v 0.097700 0.028023 0.087646
v 0.106691 0.030564 0.098187
v -0.020800 0.013330 0.203642
v 0.070219 0.018743 0.249908
v 0.118055 0.018763 0.243381
v -0.369773 0.201197 -0.068551
v 0.376948 0.314429 -0.015837
v 0.370656 0.332998 -0.025829
v 0.035129 0.505499 0.149279
v 0.052565 0.498670 0.138248
v -0.019374 0.026872 -0.152861
v 0.380316 0.163987 -0.089286
v 0.399243 0.153602 -0.080987
v -0.172160 0.060450 -0.245772
v 0.122273 0.528093 0.171832
v 0.105179 0.370328 0.093264
v 0.118822 0.372368 0.052225
v 0.127481 0.453426 0.129637
v 0.133269 0.473358 0.136450
v -0.343347 0.377150 -0.050831
v 0.176347 0.329559 -0.023820
v 0.189017 0.322947 -0.015762
v -0.366725 0.152706 -0.099665
v -0.356350 0.108430 -0.142118
v -0.344321 0.151302 -0.121435
v -0.319892 0.159229 -0.167889
v 0.128844 0.061775 -0.080611
v 0.113325 0.048054 -0.082879
v 0.285650 0.205076 0.058269
v 0.259459 0.201977 0.050758
v 0.253300 0.020220 0.348112
v 0.141109 0.230879 -0.070836
v 0.084438 0.012264 0.201119
v 0.195849 0.025211 0.096283
v 0.240145 0.033310 0.289037
v 0.188062 0.568667 0.075802
v 0.161625 0.034648 -0.033495
v 0.206078 0.036632 0.053728
v 0.215177 0.033230 0.067426
v 0.175498 0.027266 0.282139
v -0.267841 0.159632 -0.234767
v -0.252991 0.145100 -0.239672
v -0.279090 0.151997 -0.221740
v 0.241534 0.363878 -0.010956
v 0.223717 0.345554 -0.019866
v 0.300152 0.025983 0.081188
v -0.372841 0.018799 -0.217892
v -0.333522 0.027472 -0.238675
v 0.396708 0.073858 -0.097314
v -0.394556 0.012905 -0.116057
v 0.337706 0.019955 0.069264
v 0.247510 0.245356 0.062097
v 0.241036 0.443590 0.044660
v 0.282696 0.419314 0.017365
v 0.317317 0.607436 0.020431
v 0.334219 0.584389 -0.002140
v 0.075652 0.557444 -0.349137
v 0.405182 0.021417 0.147127
v -0.274520 0.549556 -0.009094
v 0.153062 0.033352 -0.018132
v -0.281488 0.501767 0.091403
v -0.280887 0.527769 0.076670
v -0.294921 0.474011 0.076327
v 0.130346 0.027887 0.007453
v 0.426194 0.229963 -0.059800
v -0.351654 0.415252 -0.015408
v -0.341103 0.457910 0.010283
v 0.064913 0.442051 0.130036
v 0.499477 0.077206 0.112126
v 0.488141 0.065624 0.083661
v 0.439638 0.029322 0.100120
v 0.457688 0.036516 0.078497
v 0.526390 0.095943 0.073113
v 0.279792 0.481447 -0.183116
v 0.005679 0.540326 -0.254296
v 0.010794 0.545843 -0.307239
v -0.362390 0.203784 -0.104852
v -0.317780 0.085333 -0.175544
v -0.310248 0.501658 0.029781
v -0.311227 0.449218 0.066579
v 0.206262 0.535075 -0.341586
v 0.165846 0.650215 -0.271106
v 0.237076 0.187129 -0.199013
v -0.076392 0.589752 -0.360950
v -0.068684 0.574255 -0.348980
v -0.350408 0.352516 0.021769
v -0.118970 0.020803 0.423307
v 0.013160 0.023688 0.378616
v -0.226234 0.022037 0.184449
v -0.255574 0.024779 0.185352
v 0.380285 0.133720 -0.104619
v -0.048351 0.017515 0.322540
v 0.149474 0.019045 0.389873
v 0.051479 0.017347 0.385278
v -0.011213 0.017986 0.373675
v -0.015000 0.017204 0.395816
v 0.012489 0.016216 0.332877
v -0.009973 0.095090 -0.160185
v -0.099350 0.015273 0.146956
v -0.289384 0.037108 0.068453
v -0.271200 0.021728 0.082580
v 0.475111 0.035559 0.037412
v 0.278072 0.137051 -0.167181
v -0.081417 0.018290 0.129410
v 0.015115 0.076403 0.159769
v -0.306271 0.351603 -0.129856
v -0.318944 0.339548 -0.127271
v 0.053318 0.593868 0.206292
v 0.017153 0.608486 0.220918
v 0.173000 0.020818 0.369475
v -0.268772 0.024994 0.150804
v -0.237923 0.600993 -0.077879
v -0.128758 0.026274 -0.152130
v -0.110142 0.019841 -0.095680
v 0.121446 0.547647 0.171725
v -0.064261 0.016077 -0.151617
v -0.068651 0.028907 -0.172593
v -0.205582 0.273782 -0.162828
v -0.192394 0.248603 -0.172556
v -0.227724 0.259420 -0.181275
v 0.321230 0.259223 -0.150992
v 0.424166 0.164475 -0.072795
v 0.413788 0.188160 -0.078165
v -0.299726 0.203623 -0.183102
v -0.270697 0.229504 -0.190479
v -0.289335 0.195519 -0.193804
v 0.431745 0.210753 -0.066160
v 0.443233 0.187102 -0.027595
v 0.431907 0.187468 -0.066691
v 0.342415 0.228961 0.056419
v 0.344761 0.258179 0.052645
v 0.441355 0.018814 0.122682
v 0.334330 0.212740 0.059568
v 0.415559 0.103511 0.123124
v 0.438564 0.135324 0.127248
v 0.259988 0.541805 0.028139
v 0.274070 0.582053 0.042736
v 0.458279 0.158387 0.128470
v -0.340115 0.214895 -0.125048
v 0.384349 0.261725 -0.003905
v 0.321502 0.429944 -0.088576
v 0.090663 0.538346 0.163493
v 0.407563 0.233929 0.000255
v 0.402478 0.315036 -0.055166
v 0.400048 0.355050 -0.052738
v 0.400263 0.360987 -0.038012
v 0.404871 0.291693 -0.017627
v 0.497841 0.082693 0.042641
v 0.548110 0.115447 0.015446
v -0.222949 0.244996 -0.199903
v -0.262078 0.258111 -0.172576
v 0.265160 0.176270 0.021543
v 0.410734 0.006872 -0.223354
v 0.373015 0.017131 -0.258609
v 0.391069 0.010846 -0.283144
v 0.047593 0.564922 -0.353498
v 0.445778 0.149530 0.132185
v 0.288463 0.022726 -0.308140
v -0.201961 0.040373 0.211038
v -0.316856 0.427472 -0.057030
v -0.016227 0.014872 -0.349974
v 0.218798 0.208305 -0.226178
v -0.160243 0.147081 -0.219493
v 0.272015 0.191723 -0.174120
v 0.427855 0.139900 -0.072596
v 0.422698 0.086314 0.124092
v 0.383227 0.100298 0.105089
v 0.407872 0.065992 0.101167
v -0.322817 0.218613 -0.152106
v 0.498785 0.226823 0.037503
v 0.273116 0.018724 -0.392048
v 0.273068 0.021408 -0.361380
v 0.295611 0.018134 -0.364492
v 0.209284 0.224742 0.044274
v 0.100179 0.549641 0.168719
v 0.481131 0.093388 -0.017959
v -0.197943 0.148062 -0.257815
v 0.286240 0.558710 -0.105883
v 0.438438 0.098400 -0.065340
v 0.423094 0.045436 -0.077659
v 0.447040 0.042237 -0.065257
v 0.154320 0.352728 -0.013313
v 0.308520 0.537321 -0.093323
v 0.419906 0.012952 -0.140042
v 0.433619 0.067069 -0.075510
v 0.234581 0.176702 0.013493
v 0.249536 0.109710 -0.182636
v -0.094244 0.009765 0.197993
v 0.473314 0.049599 0.071870
v 0.413664 0.010938 -0.207504
v 0.427002 0.101143 0.131310
v 0.216883 0.021362 -0.224677
v 0.427522 0.010508 -0.194691
v 0.384777 0.038274 0.071069
v -0.387851 0.057627 -0.112809
v 0.399313 0.017279 -0.116228
v 0.337840 0.323661 -0.113692
v 0.260110 0.029383 0.327713
v -0.327296 0.283448 0.060293
v 0.235702 0.335356 -0.011055
v 0.450587 0.190458 0.113391
v 0.105148 0.403619 0.116195
v 0.382429 0.149111 0.110300
v 0.535601 0.178274 0.033681
v 0.526310 0.174854 0.022985
v 0.054953 0.016335 -0.450262
v 0.064736 0.020795 -0.413233
v -0.229697 0.137870 -0.237796
v -0.245869 0.163324 -0.248846
v 0.504521 0.207660 0.003767
v 0.485259 0.091159 -0.002760
v 0.473335 0.192760 -0.009947
v 0.474191 0.067522 -0.034449
v 0.192025 0.143696 -0.209834
v -0.340283 0.337316 -0.116561
v -0.348547 0.370490 -0.063519
v -0.352489 0.330931 0.007040
v -0.040353 0.074260 -0.179655
v 0.303831 0.581601 -0.011722
v 0.321667 0.523350 -0.020334
v 0.335266 0.026286 -0.137475
v 0.383080 0.361639 -0.048337
v 0.142289 0.014663 0.198744
v -0.317315 0.483689 -0.027364
v -0.335309 0.457321 -0.006805
v 0.179650 0.396428 0.008400
v 0.174532 0.411276 0.030377
v -0.268598 0.563472 -0.027930
v -0.272856 0.539832 -0.029854
v 0.311289 0.009546 -0.200435
v -0.392374 0.009765 -0.136564
v -0.228082 0.547744 -0.115790
v -0.323658 0.486260 0.030335
v -0.173721 0.381693 -0.095971
v 0.451807 0.071652 -0.064958
v 0.337265 0.574551 0.009966
v 0.203935 0.014484 -0.242495
v 0.458335 0.026498 -0.047232
v 0.138678 0.015297 0.344751
v 0.040398 0.117298 -0.302410
v 0.318512 0.016648 -0.358563
v 0.214017 0.545695 -0.303452
v 0.341760 0.051189 0.063406
v 0.369742 0.069613 0.077305
v 0.163450 0.375246 -0.005002
v 0.091753 0.015083 -0.319766
v -0.166538 0.200403 -0.222112
v -0.199866 0.222119 -0.221464
v -0.187317 0.239455 -0.185151
v 0.128586 0.041324 -0.262752
v -0.190808 0.102296 -0.216315
v 0.030613 0.015001 -0.449337
v 0.001284 0.017158 -0.422803
v -0.040665 0.009719 -0.358174
v -0.355210 0.014697 -0.188657
v -0.339967 0.031737 -0.224272
v 0.133859 0.018194 -0.358533
v -0.345482 0.050990 -0.147124
v -0.320700 0.033844 -0.163149
v 0.010961 0.084227 -0.317672
v 0.292532 0.564162 -0.024084
v -0.132053 0.042565 -0.313370
v 0.147980 0.019191 -0.388688
v -0.179517 0.129836 -0.230495
v -0.038980 0.006800 -0.381689
v 0.007429 0.018200 -0.396790
v -0.032876 0.017434 -0.429011
v 0.036572 0.010314 -0.474693
v -0.015077 0.013017 -0.402713
v 0.410731 0.138202 0.116965
v 0.451718 0.228609 -0.013319
v -0.153964 0.149315 -0.204350
v -0.194273 0.116590 -0.225977
v 0.455361 0.105269 -0.037503
v -0.320052 0.496390 0.008250
v 0.052289 0.450237 0.123115
v -0.308507 0.501551 -0.023895
v 0.372401 0.017306 0.076512
v -0.351189 0.270939 -0.061817
v -0.320976 0.017012 -0.253356
v -0.267001 0.551859 -0.044772
v 0.389478 0.010277 -0.300882
v 0.377893 0.236321 0.011119
v -0.320659 0.024817 -0.230823
v -0.301850 0.013911 -0.229456
v 0.212677 0.387911 -0.214244
v 0.375757 0.345853 -0.035825
v 0.221899 0.029476 -0.272331
v 0.084990 0.298529 -0.216897
v -0.261805 0.328926 -0.141134
v -0.251014 0.301878 -0.150989
v 0.157255 0.365578 -0.234265
v 0.158083 0.082156 -0.246516
v -0.249695 0.575741 -0.078166
v -0.241733 0.564495 -0.096838
v -0.187769 0.086352 -0.225238
v 0.160232 0.450327 0.063871
v 0.418997 0.168339 0.135820
v 0.087956 0.176974 -0.100911
v 0.168171 0.018358 -0.400242
v 0.180392 0.156642 -0.038272
v -0.006272 0.064410 -0.338365
v -0.036161 0.062273 -0.301738
v -0.008105 0.080815 -0.315437
v -0.286758 0.011390 -0.314089
v -0.187326 0.256117 -0.159190
v -0.234049 0.019377 -0.329099
v -0.236196 0.022127 -0.357538
v -0.219864 0.198538 -0.238160
v -0.236109 0.232309 -0.212860
v -0.185656 0.018411 -0.336725
v -0.157682 0.021767 -0.350989
v -0.184933 0.020276 -0.317971
v -0.138940 0.034128 -0.345813
v -0.044640 0.040030 -0.307915
v -0.038757 0.027615 -0.318384
v 0.467141 0.075099 -0.049377
v -0.202116 0.023647 -0.330098
v -0.167370 0.049389 -0.296115
v -0.161381 0.045683 -0.318274
v -0.211859 0.011688 -0.377246
v -0.204962 0.010387 -0.395982
v -0.181828 0.021986 -0.390991
v -0.211730 0.022974 -0.349898
v 0.486202 0.167153 0.001402
v 0.026446 0.114386 -0.290251
v -0.331387 0.118182 -0.176984
v 0.303302 0.543228 0.016367
v -0.350841 0.025466 -0.144620
v 0.047919 0.015706 -0.422300
v 0.148682 0.603755 0.114220
v 0.183458 0.568732 0.117151
v -0.378354 0.015780 -0.155732
v -0.365065 0.021104 -0.140098
v -0.093620 0.013580 -0.115430
v -0.149071 0.022126 -0.062092
v -0.331549 0.017624 -0.195605
v -0.156686 0.054208 -0.270431
v -0.210558 0.086392 -0.228412
v -0.236758 0.077422 -0.251362
v -0.238796 0.110483 -0.241251
v -0.254841 0.219179 -0.215512
v -0.234626 0.184297 -0.245439
v -0.250033 0.083972 -0.248874
v -0.259917 0.118427 -0.229781
v -0.241825 0.020917 -0.311658
v -0.181702 0.034651 -0.287294
v -0.275838 0.018423 -0.285989
v -0.209425 0.105721 -0.225712
v -0.338783 0.246631 -0.115373
v 0.279593 0.221100 0.071305
v -0.230368 0.278312 -0.163755
v -0.260399 0.196272 -0.225063
v 0.457750 0.141379 -0.032743
v -0.062677 0.033451 -0.288287
v -0.205501 0.122619 -0.232959
v 0.464418 0.162925 -0.013071
v -0.272281 0.119294 -0.219814
v 0.202824 0.209884 0.020546
v -0.010027 0.087428 -0.290722
v 0.024600 0.085687 -0.136046
v 0.224883 0.668109 -0.309671
v -0.141361 0.022717 -0.408948
v 0.531182 0.116676 -0.000834
v 0.528781 0.103488 0.008616
v 0.187750 0.208318 -0.008247
v -0.270686 0.091105 -0.225087
v -0.302112 0.013410 -0.290487
v -0.279488 0.175682 -0.209941
v 0.261799 0.020806 -0.189146
v -0.028162 0.025174 -0.336718
v -0.309331 0.122211 -0.200512
v -0.067713 0.015951 -0.329726
v -0.201812 0.451602 -0.095107
v 0.178953 0.229631 -0.013543
v -0.297769 0.508378 -0.035770
v -0.291290 0.078365 -0.200816
v 0.211327 0.316576 0.004977
v 0.282204 0.547247 0.025381
v 0.018601 0.027664 -0.410175
v 0.240018 0.122795 -0.008402
v -0.438592 0.029784 -0.042137
v 0.054541 0.019941 0.243624
v -0.246383 0.333924 -0.143216
v 0.163390 0.012597 0.001264
v 0.133245 0.012327 0.377827
v 0.234513 0.557459 0.025064
v -0.288802 0.027834 0.252583
v 0.187915 0.553201 0.121639
v -0.056566 0.015113 0.156647
v 0.045123 0.025810 0.272085
v 0.301772 0.008932 0.187269
v 0.172949 0.472721 0.070735
v 0.177507 0.024191 0.244164
v 0.087292 0.067560 -0.102338
v 0.149898 0.599606 0.060031
v 0.157580 0.018064 0.045236
v 0.173383 0.017391 0.149020
v 0.201222 0.535578 0.097192
v -0.197741 0.015171 0.079655
v 0.016961 0.717763 -0.085060
v 0.272678 0.627088 0.024012
vt 0.492844 0.026240
vt 0.491889 0.026240
vt 0.491889 0.027195
vt 0.493798 0.027195
vt 0.494752 0.027195
vt 0.494752 0.026240
vt 0.733071 0.916676
vt 0.746418 0.912579
vt 0.737551 0.920007
vt 0.496660 0.026240
vt 0.495706 0.026240
vt 0.495706 0.027195
vt 0.497615 0.027195
vt 0.498569 0.027195
vt 0.498569 0.026240
vt 0.500477 0.026240
vt 0.499523 0.026240
vt 0.499523 0.027195
vt 0.501431 0.027195
vt 0.502385 0.027195
vt 0.502385 0.026240
vt 0.504294 0.026240
vt 0.503340 0.026240
vt 0.503340 0.027195
vt 0.483746 0.480802
vt 0.480198 0.479255
vt 0.665837 0.472488
vt 0.505248 0.027195
vt 0.506202 0.027195
vt 0.506202 0.026240
vt 0.508111 0.026240
vt 0.507156 0.026240
vt 0.507156 0.027195
vt 0.509065 0.027195
vt 0.510019 0.027195
vt 0.510019 0.026240
vt 0.511927 0.026240
vt 0.510973 0.026240
vt 0.510973 0.027195
vt 0.492844 0.024332
vt 0.491889 0.024332
vt 0.491889 0.025286
vt 0.493798 0.025286
vt 0.494752 0.025286
vt 0.494752 0.024332
vt 0.496660 0.024332
vt 0.495706 0.024332
vt 0.495706 0.025286
vt 0.497615 0.025286
vt 0.498569 0.025286
vt 0.498569 0.024332
vt 0.500477 0.024332
vt 0.499523 0.024332
vt 0.499523 0.025286
vt 0.501431 0.025286
vt 0.502385 0.025286
vt 0.502385 0.024332
vt 0.504294 0.024332
vt 0.503340 0.024332
vt 0.503340 0.025286
vt 0.479896 0.999364
vt 0.479284 0.998964
vt 0.469223 0.734977
vt 0.505248 0.025286
vt 0.506202 0.025286
vt 0.506202 0.024332
vt 0.508111 0.024332
vt 0.507156 0.024332
vt 0.507156 0.025286
vt 0.509065 0.025286
vt 0.510019 0.025286
vt 0.510019 0.024332
vt 0.511927 0.024332
vt 0.510973 0.024332
vt 0.510973 0.025286
vt 0.492844 0.022424
vt 0.491889 0.022424
vt 0.491889 0.023378
vt 0.493798 0.023378
vt 0.494752 0.023378
vt 0.494752 0.022424
vt 0.496660 0.022424
vt 0.495706 0.022424
vt 0.495706 0.023378
vt 0.500477 0.022424
vt 0.499523 0.022424
vt 0.499523 0.023378
vt 0.501431 0.023378
vt 0.502385 0.023378
vt 0.502385 0.022424
vt 0.504294 0.022424
vt 0.503340 0.022424
vt 0.503340 0.023378
vt 0.505248 0.023378
vt 0.506202 0.023378
vt 0.506202 0.022424
vt 0.508111 0.022424
vt 0.507156 0.022424
vt 0.507156 0.023378
vt 0.509065 0.023378
vt 0.510019 0.023378
vt 0.510019 0.022424
vt 0.511927 0.022424
vt 0.510973 0.022424
vt 0.510973 0.023378
vt 0.492844 0.020515
vt 0.491889 0.020515
vt 0.491889 0.021469
vt 0.493798 0.021469
vt 0.494752 0.021469
vt 0.494752 0.020515
vt 0.496660 0.020515
vt 0.495706 0.020515
vt 0.495706 0.021469
vt 0.853813 0.644553
vt 0.860279 0.639796
vt 0.864741 0.641510
vt 0.497615 0.021469
vt 0.498569 0.021469
vt 0.498569 0.020515
vt 0.500477 0.020515
vt 0.499523 0.020515
vt 0.499523 0.021469
vt 0.501431 0.021469
vt 0.502385 0.021469
vt 0.502385 0.020515
vt 0.504294 0.020515
vt 0.503340 0.020515
vt 0.503340 0.021469
vt 0.505248 0.021469
vt 0.506202 0.021469
vt 0.506202 0.020515
vt 0.508111 0.020515
vt 0.507156 0.020515
vt 0.507156 0.021469
vt 0.509065 0.021469
vt 0.510019 0.021469
vt 0.510019 0.020515
vt 0.511927 0.020515
vt 0.510973 0.020515
vt 0.510973 0.021469
vt 0.492844 0.018607
vt 0.491889 0.018607
vt 0.491889 0.019561
vt 0.493798 0.019561
vt 0.494752 0.019561
vt 0.494752 0.018607
vt 0.496660 0.018607
vt 0.495706 0.018607
vt 0.495706 0.019561
vt 0.497615 0.019561
vt 0.498569 0.019561
vt 0.498569 0.018607
vt 0.500477 0.018607
vt 0.499523 0.018607
vt 0.499523 0.019561
vt 0.501431 0.019561
vt 0.502385 0.019561
vt 0.502385 0.018607
vt 0.504294 0.018607
vt 0.503340 0.018607
vt 0.503340 0.019561
vt 0.505248 0.019561
vt 0.506202 0.019561
vt 0.506202 0.018607
vt 0.508111 0.018607
vt 0.507156 0.018607
vt 0.507156 0.019561
vt 0.509065 0.019561
vt 0.510019 0.019561
vt 0.510019 0.018607
vt 0.711888 0.946904
vt 0.713674 0.964517
vt 0.715996 0.999374
vt 0.717022 0.998241
vt 0.060921 0.919307
vt 0.051058 0.919048
vt 0.036938 0.916610
vt 0.728420 0.954098
vt 0.729658 0.964466
vt 0.727911 0.968597
vt 0.144814 0.448472
vt 0.135571 0.449802
vt 0.121210 0.448996
vt 0.908967 0.077391
vt 0.909638 0.078909
vt 0.906729 0.086721
vt 0.729650 0.379141
vt 0.734231 0.384161
vt 0.738051 0.392455
vt 0.945805 0.728590
vt 0.946208 0.734448
vt 0.943901 0.740183
vt 0.034590 0.693459
vt 0.008390 0.711815
vt 0.000489 0.716010
vt 0.018270 0.705042
vt 0.753969 0.754054
vt 0.721995 0.755155
vt 0.710349 0.754194
vt 0.108490 0.449915
vt 0.101380 0.451616
vt 0.089117 0.450677
vt 0.732302 0.747272
vt 0.727504 0.748902
vt 0.718660 0.746749
vt 0.764100 0.767253
vt 0.757181 0.768042
vt 0.752128 0.767048
vt 0.730070 0.980935
vt 0.727630 0.990427
vt 0.758690 0.223476
vt 0.727080 0.223463
vt 0.723651 0.221625
vt 0.750453 0.223914
vt 0.732427 0.225949
vt 0.710449 0.222519
vt 0.693380 0.227144
vt 0.690393 0.222528
vt 0.348634 0.387334
vt 0.343376 0.388944
vt 0.326282 0.377610
vt 0.708686 0.748400
vt 0.700447 0.748590
vt 0.690832 0.744039
vt 0.422241 0.989181
vt 0.417338 0.990330
vt 0.402725 0.990762
vt 0.732238 0.989355
vt 0.899221 0.780442
vt 0.880710 0.784166
vt 0.874674 0.779328
vt 0.812871 0.420476
vt 0.818102 0.428299
vt 0.818297 0.436642
vt 0.800277 0.755686
vt 0.796604 0.759946
vt 0.791557 0.755248
vt 0.645105 0.366131
vt 0.648651 0.373603
vt 0.644339 0.377040
vt 0.667764 0.755652
vt 0.653302 0.757655
vt 0.629031 0.757598
vt 0.745587 0.747580
vt 0.739479 0.750461
vt 0.896974 0.785322
vt 0.116065 0.466123
vt 0.106781 0.471809
vt 0.107706 0.464814
vt 0.974334 0.419529
vt 0.973258 0.422170
vt 0.967529 0.420414
vt 0.713547 0.227994
vt 0.590693 0.373298
vt 0.578465 0.371734
vt 0.586419 0.367355
vt 0.702971 0.225783
vt 0.716790 0.758681
vt 0.730939 0.758552
vt 0.749939 0.758612
vt 0.694156 0.754663
vt 0.682727 0.758412
vt 0.742274 0.227755
vt 0.706185 0.755722
vt 0.692052 0.757837
vt 0.916672 0.781956
vt 0.906731 0.787265
vt 0.911455 0.781322
vt 0.776249 0.761366
vt 0.775199 0.754447
vt 0.706787 0.206370
vt 0.712681 0.209161
vt 0.707343 0.219267
vt 0.771753 0.754931
vt 0.685247 0.748924
vt 0.681174 0.743664
vt 0.487990 0.961354
vt 0.493100 0.971163
vt 0.491640 0.985536
vt 0.055754 0.482228
vt 0.049199 0.484349
vt 0.049253 0.479378
vt 0.944754 0.703540
vt 0.934396 0.701086
vt 0.938822 0.701686
vt 0.817693 0.099320
vt 0.824005 0.098690
vt 0.820906 0.110010
vt 0.505041 0.262814
vt 0.515611 0.267941
vt 0.506255 0.269145
vt 0.826331 0.105329
vt 0.161279 0.019962
vt 0.157285 0.023805
vt 0.144450 0.015832
vt 0.703066 0.501052
vt 0.698221 0.504218
vt 0.700091 0.497963
vt 0.414130 0.252591
vt 0.409677 0.255902
vt 0.407723 0.250276
vt 0.488524 0.943563
vt 0.491589 0.924416
vt 0.496271 0.935210
vt 0.778168 0.970287
vt 0.773454 0.975075
vt 0.773821 0.967358
vt 0.560287 0.342253
vt 0.551936 0.341194
vt 0.558950 0.337282
vt 0.451705 0.281659
vt 0.451404 0.289000
vt 0.447194 0.279872
vt 0.675515 0.614736
vt 0.677067 0.607319
vt 0.688479 0.616500
vt 0.826312 0.632758
vt 0.815221 0.640390
vt 0.808366 0.638446
vt 0.015409 0.503562
vt 0.024378 0.501766
vt 0.018809 0.507401
vt 0.145247 0.544409
vt 0.155834 0.541514
vt 0.153634 0.549309
vt 0.390569 0.279875
vt 0.395457 0.289069
vt 0.392734 0.294055
vt 0.584851 0.224561
vt 0.585679 0.230262
vt 0.578456 0.225236
vt 0.395673 0.254884
vt 0.390755 0.250883
vt 0.395617 0.248542
vt 0.014196 0.506560
vt 0.016295 0.517532
vt 0.010146 0.509015
vt 0.174314 0.033605
vt 0.167009 0.023983
vt 0.169644 0.025564
vt 0.566896 0.350693
vt 0.564576 0.345219
vt 0.569989 0.347549
vt 0.612595 0.343533
vt 0.625723 0.328897
vt 0.622979 0.339046
vt 0.265599 0.092497
vt 0.268515 0.095339
vt 0.259577 0.094296
vt 0.462133 0.286163
vt 0.456545 0.284284
vt 0.461206 0.275351
vt 0.421580 0.282198
vt 0.418624 0.288055
vt 0.416344 0.277647
vt 0.528415 0.099055
vt 0.516561 0.102066
vt 0.524811 0.092240
vt 0.011497 0.662502
vt 0.000487 0.667854
vt 0.002506 0.661299
vt 0.138888 0.589442
vt 0.134188 0.586756
vt 0.139032 0.580848
vt 0.924404 0.575318
vt 0.919393 0.577124
vt 0.923012 0.571129
vt 0.821422 0.580425
vt 0.814103 0.593176
vt 0.808968 0.598865
vt 0.135533 0.508227
vt 0.149320 0.499450
vt 0.149055 0.506027
vt 0.562341 0.326882
vt 0.553346 0.336431
vt 0.551066 0.330671
vt 0.587743 0.269340
vt 0.589757 0.256333
vt 0.591607 0.256928
vt 0.556773 0.235762
vt 0.552830 0.224052
vt 0.554932 0.222415
vt 0.892213 0.275498
vt 0.890338 0.276721
vt 0.890310 0.271062
vt 0.685239 0.481789
vt 0.690323 0.465509
vt 0.695300 0.462838
vt 0.217190 0.037010
vt 0.217727 0.041763
vt 0.211725 0.037093
vt 0.193672 0.046816
vt 0.210756 0.042599
vt 0.203753 0.051910
vt 0.266248 0.099087
vt 0.156940 0.518349
vt 0.151006 0.516276
vt 0.154453 0.510785
vt 0.423363 0.202904
vt 0.423615 0.207421
vt 0.420368 0.210472
vt 0.036549 0.928840
vt 0.034005 0.925857
vt 0.038743 0.924582
vt 0.968708 0.835773
vt 0.974063 0.841335
vt 0.972404 0.847488
vt 0.633195 0.360987
vt 0.626650 0.360157
vt 0.634404 0.348358
vt 0.363418 0.632853
vt 0.364719 0.637845
vt 0.351471 0.630098
vt 0.844728 0.807514
vt 0.838226 0.806251
vt 0.841122 0.799617
vt 0.954461 0.565364
vt 0.952139 0.569270
vt 0.950177 0.569347
vt 0.031510 0.479884
vt 0.041944 0.482581
vt 0.034767 0.485438
vt 0.140960 0.496296
vt 0.157772 0.500900
vt 0.389916 0.934354
vt 0.396972 0.931626
vt 0.390906 0.937699
vt 0.710545 0.592199
vt 0.716117 0.595568
vt 0.712679 0.602246
vt 0.438690 0.264443
vt 0.444663 0.263552
vt 0.440873 0.268339
vt 0.555925 0.353512
vt 0.548433 0.346041
vt 0.556696 0.346437
vt 0.398895 0.174824
vt 0.400617 0.168570
vt 0.402639 0.177481
vt 0.528340 0.389005
vt 0.523291 0.382491
vt 0.537359 0.382252
vt 0.555305 0.376041
vt 0.552700 0.379680
vt 0.547722 0.376316
vt 0.809811 0.789442
vt 0.798961 0.785327
vt 0.811405 0.783795
vt 0.595563 0.429765
vt 0.588935 0.434187
vt 0.593771 0.428643
vt 0.492844 0.016698
vt 0.491889 0.016698
vt 0.491889 0.017653
vt 0.265683 0.479691
vt 0.252018 0.488830
vt 0.260189 0.479631
vt 0.535476 0.387202
vt 0.542603 0.380689
vt 0.526980 0.065286
vt 0.532574 0.056250
vt 0.531638 0.062719
vt 0.692168 0.432585
vt 0.705469 0.425621
vt 0.704121 0.436772
vt 0.297159 0.154607
vt 0.301681 0.144799
vt 0.304289 0.155909
vt 0.184344 0.044281
vt 0.189038 0.051737
vt 0.402988 0.259252
vt 0.398807 0.265976
vt 0.394880 0.261440
vt 0.191222 0.613461
vt 0.192568 0.604011
vt 0.196223 0.607096
vt 0.740659 0.804597
vt 0.739357 0.808073
vt 0.737142 0.807269
vt 0.521877 0.377507
vt 0.531886 0.369080
vt 0.529385 0.378380
vt 0.187755 0.066745
vt 0.187860 0.063162
vt 0.202517 0.068671
vt 0.171053 0.058295
vt 0.177767 0.055292
vt 0.189685 0.071416
vt 0.472656 0.322313
vt 0.473585 0.302308
vt 0.477380 0.308541
vt 0.566185 0.362944
vt 0.560717 0.360773
vt 0.542228 0.356820
vt 0.537345 0.359300
vt 0.542463 0.345773
vt 0.544814 0.351263
vt 0.551780 0.363177
vt 0.548097 0.367866
vt 0.723986 0.135416
vt 0.720528 0.124257
vt 0.727751 0.120286
vt 0.484158 0.293242
vt 0.482009 0.301314
vt 0.782699 0.798316
vt 0.796790 0.801894
vt 0.786049 0.802345
vt 0.788773 0.793069
vt 0.793391 0.792078
vt 0.550384 0.370328
vt 0.701665 0.441224
vt 0.695468 0.439395
vt 0.537977 0.374464
vt 0.793895 0.625196
vt 0.789522 0.618430
vt 0.806006 0.632359
vt 0.853498 0.128140
vt 0.860893 0.118316
vt 0.855408 0.132528
vt 0.814748 0.661817
vt 0.817516 0.657434
vt 0.825960 0.673996
vt 0.516939 0.030765
vt 0.527229 0.019204
vt 0.527235 0.027301
vt 0.894527 0.203614
vt 0.906302 0.200447
vt 0.897645 0.204923
vt 0.536937 0.367255
vt 0.534561 0.354490
vt 0.544578 0.361976
vt 0.178315 0.042230
vt 0.193895 0.575705
vt 0.196380 0.589300
vt 0.184570 0.592413
vt 0.450081 0.297557
vt 0.459712 0.291571
vt 0.463999 0.303907
vt 0.433049 0.089688
vt 0.424521 0.092739
vt 0.423556 0.086794
vt 0.422243 0.260071
vt 0.432020 0.271366
vt 0.417029 0.266505
vt 0.531082 0.356566
vt 0.529513 0.351401
vt 0.533647 0.349126
vt 0.521166 0.368336
vt 0.524611 0.360228
vt 0.342244 0.438866
vt 0.337764 0.434920
vt 0.347550 0.431555
vt 0.519947 0.356314
vt 0.915257 0.785758
vt 0.568005 0.340615
vt 0.574567 0.342029
vt 0.778799 0.796821
vt 0.784617 0.790512
vt 0.819187 0.123998
vt 0.817868 0.119670
vt 0.817472 0.113499
vt 0.546696 0.337223
vt 0.720643 0.380598
vt 0.722228 0.370644
vt 0.724109 0.372438
vt 0.254037 0.058971
vt 0.253143 0.074012
vt 0.251307 0.078225
vt 0.234601 0.545653
vt 0.230343 0.555348
vt 0.224158 0.547032
vt 0.781370 0.917112
vt 0.782745 0.930447
vt 0.776887 0.927384
vt 0.393626 0.129754
vt 0.391036 0.130438
vt 0.394600 0.124950
vt 0.689042 0.666331
vt 0.689320 0.671564
vt 0.681197 0.667140
vt 0.499448 0.988457
vt 0.500600 0.992525
vt 0.497783 0.999351
vt 0.577450 0.217518
vt 0.582198 0.213346
vt 0.687109 0.464063
vt 0.675659 0.457151
vt 0.684225 0.459459
vt 0.562038 0.198445
vt 0.566779 0.209165
vt 0.562199 0.209531
vt 0.687059 0.673055
vt 0.680095 0.670941
vt 0.171116 0.050274
vt 0.174448 0.043204
vt 0.926235 0.160458
vt 0.919499 0.161763
vt 0.919197 0.158920
vt 0.076766 0.446904
vt 0.083002 0.449687
vt 0.078858 0.450447
vt 0.492947 0.872730
vt 0.493833 0.880154
vt 0.487192 0.870856
vt 0.016171 0.587563
vt 0.025997 0.596598
vt 0.023791 0.606796
vt 0.011827 0.583229
vt 0.028741 0.580842
vt 0.022765 0.581890
vt 0.813512 0.651332
vt 0.827768 0.655215
vt 0.183360 0.528813
vt 0.192999 0.534511
vt 0.184174 0.549209
vt 0.705381 0.444584
vt 0.692304 0.420204
vt 0.697602 0.414630
vt 0.700693 0.422007
vt 0.990392 0.631157
vt 0.986493 0.639293
vt 0.984997 0.632136
vt 0.972962 0.797811
vt 0.979877 0.790040
vt 0.978976 0.796191
vt 0.990373 0.792710
vt 0.985588 0.793355
vt 0.229274 0.505495
vt 0.224752 0.505111
vt 0.227860 0.497316
vt 0.977786 0.782025
vt 0.979646 0.785767
vt 0.423964 0.255589
vt 0.428649 0.281007
vt 0.423821 0.290501
vt 0.840654 0.644918
vt 0.848940 0.645654
vt 0.496866 0.976432
vt 0.495494 0.967157
vt 0.549647 0.237892
vt 0.553419 0.236798
vt 0.552787 0.243362
vt 0.477648 0.332169
vt 0.476402 0.328098
vt 0.488387 0.327797
vt 0.690331 0.457611
vt 0.692357 0.450770
vt 0.697892 0.456348
vt 0.865140 0.629838
vt 0.844819 0.631628
vt 0.860381 0.969421
vt 0.867220 0.969588
vt 0.861915 0.977181
vt 0.873607 0.986230
vt 0.870538 0.984792
vt 0.877594 0.981823
vt 0.882971 0.833860
vt 0.879211 0.829193
vt 0.892955 0.832630
vt 0.534999 0.021165
vt 0.836825 0.630029
vt 0.841479 0.620697
vt 0.846423 0.625388
vt 0.215432 0.592921
vt 0.211918 0.598350
vt 0.209851 0.590807
vt 0.833354 0.831991
vt 0.838904 0.825661
vt 0.842042 0.833072
vt 0.879308 0.928873
vt 0.878573 0.932439
vt 0.875477 0.925397
vt 0.843245 0.817533
vt 0.562387 0.260806
vt 0.556868 0.256882
vt 0.557277 0.252142
vt 0.834329 0.657313
vt 0.827750 0.667345
vt 0.847970 0.111765
vt 0.840624 0.120955
vt 0.841797 0.107454
vt 0.371355 0.654490
vt 0.357006 0.645788
vt 0.367895 0.648245
vt 0.803238 0.157213
vt 0.812816 0.160996
vt 0.817217 0.163871
vt 0.446586 0.271868
vt 0.452811 0.266563
vt 0.838408 0.118769
vt 0.838254 0.111686
vt 0.612842 0.364224
vt 0.615862 0.349412
vt 0.619272 0.354906
vt 0.182113 0.485835
vt 0.179953 0.493101
vt 0.174047 0.485368
vt 0.559362 0.269543
vt 0.550562 0.266497
vt 0.837882 0.446131
vt 0.846657 0.439138
vt 0.858110 0.443421
vt 0.262877 0.490241
vt 0.259050 0.498880
vt 0.247804 0.497704
vt 0.160865 0.486632
vt 0.163569 0.480797
vt 0.174496 0.479781
vt 0.506802 0.932051
vt 0.501746 0.933203
vt 0.506042 0.925345
vt 0.507801 0.328819
vt 0.506794 0.323760
vt 0.514983 0.330943
vt 0.530202 0.889012
vt 0.526838 0.877604
vt 0.534077 0.879736
vt 0.777299 0.630282
vt 0.772423 0.621205
vt 0.783364 0.630611
vt 0.056340 0.991056
vt 0.059542 0.984957
vt 0.063882 0.987840
vt 0.979213 0.883106
vt 0.980149 0.874581
vt 0.983406 0.869576
vt 0.767679 0.159112
vt 0.773494 0.153874
vt 0.773487 0.162771
vt 0.775616 0.144220
vt 0.785375 0.148211
vt 0.776586 0.151625
vt 0.562441 0.220972
vt 0.977084 0.899904
vt 0.981058 0.904535
vt 0.975903 0.908866
vt 0.164653 0.492827
vt 0.166171 0.500581
vt 0.974165 0.590060
vt 0.975846 0.581254
vt 0.982633 0.586600
vt 0.906699 0.191542
vt 0.911690 0.193572
vt 0.911125 0.196699
vt 0.005090 0.612306
vt 0.001929 0.607872
vt 0.009363 0.613741
vt 0.043050 0.928066
vt 0.050634 0.926093
vt 0.971640 0.914414
vt 0.969654 0.908479
vt 0.496660 0.016698
vt 0.495706 0.016698
vt 0.495706 0.017653
vt 0.093895 0.384589
vt 0.088058 0.383307
vt 0.097449 0.378331
vt 0.481713 0.168157
vt 0.473986 0.169314
vt 0.476209 0.165551
vt 0.390117 0.596570
vt 0.394012 0.594837
vt 0.393345 0.603849
vt 0.526593 0.263798
vt 0.536020 0.255976
vt 0.535861 0.264493
vt 0.666560 0.292101
vt 0.652932 0.304032
vt 0.657706 0.287725
vt 0.449916 0.313917
vt 0.452189 0.309022
vt 0.455970 0.319953
vt 0.485280 0.322913
vt 0.873122 0.951878
vt 0.872309 0.941114
vt 0.875944 0.940535
vt 0.356940 0.641157
vt 0.341273 0.639789
vt 0.160865 0.510265
vt 0.038812 0.502962
vt 0.044095 0.509119
vt 0.028664 0.511046
vt 0.085906 0.985116
vt 0.075279 0.984401
vt 0.084070 0.980277
vt 0.044594 0.711871
vt 0.036512 0.708361
vt 0.049695 0.706902
vt 0.911892 0.854135
vt 0.903683 0.861396
vt 0.899207 0.856550
vt 0.935863 0.137951
vt 0.919253 0.140050
vt 0.936760 0.130966
vt 0.736226 0.199576
vt 0.727829 0.206821
vt 0.728668 0.196257
vt 0.791196 0.639634
vt 0.797066 0.641042
vt 0.208676 0.580501
vt 0.049280 0.436432
vt 0.055838 0.434340
vt 0.056417 0.437762
vt 0.636508 0.373818
vt 0.638205 0.363404
vt 0.641563 0.371631
vt 0.013971 0.757996
vt 0.014395 0.764101
vt 0.003416 0.759709
vt 0.737070 0.266192
vt 0.742121 0.260482
vt 0.738416 0.269944
vt 0.972633 0.777813
vt 0.966016 0.784385
vt 0.962798 0.777208
vt 0.997896 0.818556
vt 0.990423 0.813360
vt 0.995864 0.805928
vt 0.465274 0.309010
vt 0.467804 0.321043
vt 0.984814 0.628206
vt 0.975622 0.625441
vt 0.989024 0.627353
vt 0.721055 0.251204
vt 0.730141 0.252670
vt 0.736463 0.261469
vt 0.346896 0.094582
vt 0.346078 0.091387
vt 0.342614 0.103447
vt 0.050162 0.399406
vt 0.058079 0.393159
vt 0.060764 0.397412
vt 0.048882 0.442777
vt 0.043431 0.440661
vt 0.546256 0.298854
vt 0.556569 0.307049
vt 0.544591 0.306073
vt 0.160306 0.550356
vt 0.168147 0.541348
vt 0.170327 0.552598
vt 0.206426 0.614892
vt 0.984764 0.785199
vt 0.982653 0.780479
vt 0.171096 0.509022
vt 0.860726 0.829298
vt 0.870195 0.830122
vt 0.874033 0.836719
vt 0.907171 0.278729
vt 0.912328 0.270566
vt 0.904594 0.283309
vt 0.864046 0.127138
vt 0.869424 0.141007
vt 0.859696 0.141916
vt 0.167071 0.600069
vt 0.177090 0.602716
vt 0.168868 0.606410
vt 0.939742 0.630474
vt 0.931682 0.637357
vt 0.929534 0.626492
vt 0.570726 0.198611
vt 0.561654 0.193584
vt 0.063474 0.528906
vt 0.059083 0.531775
vt 0.057105 0.525276
vt 0.172843 0.036745
vt 0.168950 0.037983
vt 0.159985 0.038714
vt 0.030953 0.443915
vt 0.034773 0.449233
vt 0.026065 0.450515
vt 0.149403 0.520742
vt 0.152737 0.527947
vt 0.015612 0.787553
vt 0.032684 0.789978
vt 0.026776 0.793761
vt 0.783380 0.402979
vt 0.787109 0.398941
vt 0.789355 0.407017
vt 0.423709 0.185477
vt 0.426819 0.189756
vt 0.424198 0.194319
vt 0.897709 0.649028
vt 0.891435 0.641999
vt 0.906795 0.644697
vt 0.490940 0.902253
vt 0.487641 0.903048
vt 0.489886 0.894541
vt 0.924811 0.145027
vt 0.475649 0.291975
vt 0.471418 0.297995
vt 0.209539 0.551453
vt 0.210437 0.560166
vt 0.200279 0.562164
vt 0.550628 0.255180
vt 0.544129 0.265821
vt 0.543808 0.259125
vt 0.644053 0.543627
vt 0.652575 0.551571
vt 0.648093 0.552265
vt 0.533851 0.299781
vt 0.536480 0.308138
vt 0.520756 0.300880
vt 0.539727 0.278048
vt 0.461227 0.259769
vt 0.518654 0.264162
vt 0.509147 0.262195
vt 0.520800 0.262510
vt 0.040955 0.919008
vt 0.655063 0.365923
vt 0.654542 0.357402
vt 0.662830 0.358583
vt 0.395981 0.274351
vt 0.971585 0.874025
vt 0.976066 0.885968
vt 0.975747 0.893360
vt 0.386031 0.652004
vt 0.385151 0.648592
vt 0.390334 0.652633
vt 0.199115 0.598431
vt 0.204943 0.594842
vt 0.207571 0.608884
vt 0.992615 0.897572
vt 0.981459 0.890770
vt 0.987115 0.888091
vt 0.464782 0.055483
vt 0.475338 0.058690
vt 0.463593 0.062320
vt 0.709674 0.171740
vt 0.717149 0.181520
vt 0.707864 0.179548
vt 0.582728 0.279958
vt 0.570449 0.289637
vt 0.180181 0.052092
vt 0.465676 0.332205
vt 0.469231 0.325673
vt 0.473340 0.326093
vt 0.520881 0.280888
vt 0.530108 0.277241
vt 0.531499 0.284009
vt 0.055779 0.496566
vt 0.056518 0.499343
vt 0.052841 0.498968
vt 0.466808 0.295493
vt 0.027880 0.577608
vt 0.025275 0.580142
vt 0.017315 0.575562
vt 0.794738 0.641872
vt 0.162504 0.048690
vt 0.411578 0.282480
vt 0.440359 0.321324
vt 0.433383 0.317870
vt 0.439866 0.313951
vt 0.820808 0.385625
vt 0.824649 0.390294
vt 0.819450 0.393363
vt 0.062183 0.999312
vt 0.070023 0.997936
vt 0.497615 0.017653
vt 0.498569 0.017653
vt 0.498569 0.016698
vt 0.446355 0.318488
vt 0.051764 0.714025
vt 0.051319 0.719884
vt 0.042231 0.717048
vt 0.444660 0.309289
vt 0.735974 0.210107
vt 0.984829 0.896051
vt 0.425703 0.319040
vt 0.423510 0.310396
vt 0.428012 0.311695
vt 0.721985 0.172975
vt 0.724470 0.179973
vt 0.140275 0.482163
vt 0.135627 0.484977
vt 0.131987 0.476250
vt 0.144854 0.488763
vt 0.649469 0.513466
vt 0.660501 0.512650
vt 0.657742 0.515160
vt 0.508189 0.286700
vt 0.528121 0.291148
vt 0.746125 0.773027
vt 0.955057 0.887515
vt 0.957384 0.892527
vt 0.952373 0.884791
vt 0.211131 0.032889
vt 0.203039 0.036517
vt 0.957921 0.857791
vt 0.952195 0.864680
vt 0.953510 0.845151
vt 0.248832 0.502807
vt 0.245481 0.508243
vt 0.241715 0.506292
vt 0.434009 0.309554
vt 0.763778 0.391906
vt 0.756769 0.398095
vt 0.755976 0.391100
vt 0.766333 0.166217
vt 0.901536 0.187830
vt 0.896252 0.184462
vt 0.897458 0.174854
vt 0.908158 0.184843
vt 0.914142 0.183989
vt 0.914516 0.189405
vt 0.406631 0.287144
vt 0.398938 0.283077
vt 0.404187 0.274816
vt 0.893913 0.808823
vt 0.893640 0.813226
vt 0.877843 0.807210
vt 0.564022 0.155986
vt 0.561738 0.142673
vt 0.565346 0.147846
vt 0.803724 0.383220
vt 0.811003 0.382824
vt 0.806825 0.387999
vt 0.962841 0.882658
vt 0.964732 0.895255
vt 0.762892 0.160519
vt 0.894575 0.685541
vt 0.902943 0.683383
vt 0.916734 0.683781
vt 0.972647 0.864238
vt 0.970066 0.855496
vt 0.974726 0.857313
vt 0.779643 0.157317
vt 0.501431 0.017653
vt 0.502385 0.017653
vt 0.502385 0.016698
vt 0.689604 0.599752
vt 0.690734 0.605920
vt 0.685295 0.602986
vt 0.893582 0.170026
vt 0.891474 0.174724
vt 0.887373 0.167930
vt 0.163087 0.025654
vt 0.981391 0.935542
vt 0.989901 0.928678
vt 0.986493 0.941853
vt 0.917921 0.867233
vt 0.910601 0.868779
vt 0.968973 0.882518
vt 0.968666 0.889343
vt 0.968770 0.876690
vt 0.962000 0.868110
vt 0.966619 0.864410
vt 0.616310 0.583364
vt 0.626324 0.580659
vt 0.622638 0.584651
vt 0.926410 0.845865
vt 0.913609 0.840772
vt 0.925894 0.839929
vt 0.968659 0.853780
vt 0.975939 0.848698
vt 0.882222 0.175195
vt 0.462974 0.319074
vt 0.463441 0.327222
vt 0.461541 0.313443
vt 0.976205 0.897438
vt 0.975202 0.905599
vt 0.968916 0.901003
vt 0.902290 0.806999
vt 0.881502 0.991582
vt 0.872558 0.991492
vt 0.999353 0.243724
vt 0.991837 0.247749
vt 0.987115 0.238711
vt 0.065201 0.689353
vt 0.069917 0.691629
vt 0.058057 0.693561
vt 0.506906 0.371728
vt 0.502283 0.378988
vt 0.505243 0.369357
vt 0.509813 0.374487
vt 0.515187 0.380394
vt 0.517337 0.364845
vt 0.137938 0.457468
vt 0.164396 0.589886
vt 0.172599 0.584521
vt 0.168761 0.596249
vt 0.231239 0.535649
vt 0.428092 0.240116
vt 0.423460 0.238492
vt 0.424560 0.234377
vt 0.221583 0.598380
vt 0.840227 0.126874
vt 0.850184 0.119104
vt 0.841121 0.133804
vt 0.859123 0.165070
vt 0.868312 0.165129
vt 0.859566 0.179780
vt 0.490559 0.080707
vt 0.479864 0.083646
vt 0.477905 0.068664
vt 0.979384 0.931951
vt 0.980689 0.945960
vt 0.977452 0.941495
vt 0.748259 0.392629
vt 0.749828 0.387499
vt 0.835586 0.922708
vt 0.832187 0.912132
vt 0.841989 0.913583
vt 0.473431 0.071986
vt 0.812065 0.155076
vt 0.828019 0.159494
vt 0.559125 0.856611
vt 0.563739 0.865641
vt 0.560471 0.873357
vt 0.211124 0.484027
vt 0.213924 0.494059
vt 0.205465 0.490281
vt 0.152183 0.556300
vt 0.155840 0.560948
vt 0.150109 0.560133
vt 0.769758 0.770138
vt 0.762948 0.772953
vt 0.761539 0.770274
vt 0.443164 0.093950
vt 0.437247 0.094127
vt 0.343519 0.635045
vt 0.355562 0.636844
vt 0.504294 0.016698
vt 0.503340 0.016698
vt 0.503340 0.017653
vt 0.997862 0.955708
vt 0.989356 0.951909
vt 0.992370 0.949326
vt 0.583104 0.253076
vt 0.589207 0.248882
vt 0.587098 0.253578
vt 0.088889 0.466473
vt 0.090022 0.467499
vt 0.084509 0.480720
vt 0.504872 0.978264
vt 0.502471 0.968871
vt 0.706999 0.466594
vt 0.707332 0.475004
vt 0.703060 0.488292
vt 0.572779 0.365671
vt 0.568677 0.369592
vt 0.466554 0.276702
vt 0.231881 0.556596
vt 0.185518 0.582003
vt 0.234887 0.499236
vt 0.235846 0.502398
vt 0.520181 0.335363
vt 0.528669 0.334702
vt 0.519333 0.341648
vt 0.168796 0.065387
vt 0.179303 0.080074
vt 0.233149 0.512570
vt 0.232473 0.505631
vt 0.235170 0.512922
vt 0.052743 0.490304
vt 0.057163 0.494757
vt 0.455276 0.325059
vt 0.522946 0.852635
vt 0.524747 0.847733
vt 0.526384 0.856048
vt 0.516541 0.350807
vt 0.506815 0.357075
vt 0.507588 0.345586
vt 0.510499 0.940694
vt 0.504668 0.947097
vt 0.517775 0.276539
vt 0.507793 0.281440
vt 0.396958 0.167006
vt 0.395631 0.171956
vt 0.849889 0.907756
vt 0.856995 0.910601
vt 0.844874 0.909943
vt 0.518047 0.382597
vt 0.525193 0.381389
vt 0.389560 0.614754
vt 0.384772 0.600790
vt 0.470647 0.267316
vt 0.504369 0.327509
vt 0.644715 0.330128
vt 0.625180 0.323187
vt 0.643751 0.323211
vt 0.960327 0.848048
vt 0.962442 0.854253
vt 0.494917 0.954081
vt 0.490102 0.947373
vt 0.955226 0.878631
vt 0.960826 0.876152
vt 0.956490 0.850146
vt 0.957119 0.840237
vt 0.510333 0.337104
vt 0.508192 0.334717
vt 0.567341 0.308261
vt 0.563129 0.294876
vt 0.571367 0.295693
vt 0.897770 0.823996
vt 0.894733 0.822604
vt 0.905490 0.817720
vt 0.074282 0.991760
vt 0.758631 0.374970
vt 0.757188 0.370512
vt 0.763102 0.365883
vt 0.892246 0.193591
vt 0.896526 0.200002
vt 0.560641 0.044269
vt 0.555130 0.043557
vt 0.560998 0.032620
vt 0.690712 0.403915
vt 0.702380 0.405826
vt 0.689937 0.407727
vt 0.956554 0.566713
vt 0.239916 0.519297
vt 0.233872 0.516431
vt 0.238878 0.532719
vt 0.235076 0.541039
vt 0.233267 0.520234
vt 0.970004 0.820747
vt 0.967392 0.825226
vt 0.965069 0.821774
vt 0.837648 0.795665
vt 0.833920 0.785702
vt 0.840365 0.776259
vt 0.101658 0.367674
vt 0.104646 0.360333
vt 0.109760 0.363821
vt 0.570386 0.270677
vt 0.562558 0.279731
vt 0.728626 0.189451
vt 0.078060 0.491840
vt 0.074526 0.484550
vt 0.081610 0.487760
vt 0.179076 0.577971
vt 0.181091 0.590773
vt 0.747166 0.203359
vt 0.985638 0.928086
vt 0.975557 0.923976
vt 0.976947 0.932461
vt 0.972536 0.931547
vt 0.544275 0.284506
vt 0.239230 0.542884
vt 0.110643 0.352753
vt 0.103612 0.355895
vt 0.205811 0.540661
vt 0.216281 0.536924
vt 0.563498 0.288499
vt 0.549899 0.291120
vt 0.012567 0.752330
vt 0.019869 0.750774
vt 0.020845 0.758866
vt 0.546041 0.015020
vt 0.545288 0.006781
vt 0.553257 0.003785
vt 0.126132 0.554714
vt 0.125319 0.542058
vt 0.132517 0.548397
vt 0.550335 0.064046
vt 0.560253 0.058375
vt 0.554155 0.066190
vt 0.151403 0.566394
vt 0.158506 0.563767
vt 0.155509 0.567379
vt 0.717787 0.395849
vt 0.718736 0.401848
vt 0.708639 0.397289
vt 0.666228 0.988178
vt 0.665999 0.986089
vt 0.670875 0.992738
vt 0.539196 0.291043
vt 0.175961 0.556760
vt 0.166362 0.561658
vt 0.162696 0.553033
vt 0.066438 0.624331
vt 0.074391 0.628244
vt 0.069851 0.629104
vt 0.461078 0.331792
vt 0.453109 0.335231
vt 0.560320 0.137688
vt 0.559694 0.136548
vt 0.559572 0.131491
vt 0.519121 0.285061
vt 0.187524 0.080789
vt 0.185970 0.085104
vt 0.221493 0.519426
vt 0.225918 0.513279
vt 0.088815 0.374297
vt 0.087545 0.379387
vt 0.084509 0.375365
vt 0.500998 0.071705
vt 0.501808 0.082360
vt 0.496834 0.081188
vt 0.429020 0.322183
vt 0.912096 0.690840
vt 0.904817 0.698421
vt 0.666006 0.437990
vt 0.662091 0.434900
vt 0.664832 0.431578
vt 0.870828 0.129972
vt 0.872141 0.138662
vt 0.428368 0.260380
vt 0.436985 0.258845
vt 0.688243 0.677697
vt 0.675374 0.676074
vt 0.504799 0.899629
vt 0.510900 0.901944
vt 0.508460 0.909102
vt 0.227338 0.564230
vt 0.218479 0.578147
vt 0.211968 0.572880
vt 0.441684 0.238117
vt 0.435405 0.225504
vt 0.439600 0.218275
vt 0.345463 0.645620
vt 0.088807 0.988288
vt 0.086491 0.993554
vt 0.428267 0.222195
vt 0.425462 0.212515
vt 0.431212 0.212101
vt 0.980135 0.915880
vt 0.972753 0.923025
vt 0.135378 0.635383
vt 0.139349 0.631790
vt 0.147891 0.635992
vt 0.191047 0.521781
vt 0.193821 0.527586
vt 0.180708 0.523120
vt 0.169471 0.523610
vt 0.168802 0.520309
vt 0.452276 0.262053
vt 0.444264 0.260132
vt 0.181691 0.571608
vt 0.194424 0.567451
vt 0.172254 0.564161
vt 0.165593 0.566298
vt 0.170049 0.472760
vt 0.163529 0.474095
vt 0.177160 0.541821
vt 0.179528 0.555219
vt 0.175264 0.547769
vt 0.982006 0.908341
vt 0.914622 0.637814
vt 0.905368 0.635401
vt 0.909342 0.628453
vt 0.123508 0.476885
vt 0.115280 0.472192
vt 0.121108 0.470943
vt 0.077610 0.699752
vt 0.068241 0.697105
vt 0.069456 0.694040
vt 0.132233 0.554558
vt 0.140625 0.553643
vt 0.875814 0.660868
vt 0.870385 0.672277
vt 0.870521 0.660413
vt 0.442980 0.296831
vt 0.439057 0.289155
vt 0.489666 0.921019
vt 0.484459 0.922928
vt 0.486901 0.916912
vt 0.852607 0.982626
vt 0.848272 0.988858
vt 0.844389 0.981637
vt 0.557031 0.279339
vt 0.819463 0.630155
vt 0.809864 0.621392
vt 0.829307 0.620602
vt 0.674730 0.431978
vt 0.672052 0.425805
vt 0.676964 0.426929
vt 0.827787 0.645194
vt 0.834456 0.638674
vt 0.189564 0.601024
vt 0.183071 0.608880
vt 0.444249 0.326603
vt 0.396748 0.297591
vt 0.402082 0.291434
vt 0.309104 0.580001
vt 0.309810 0.585974
vt 0.309093 0.598417
vt 0.827673 0.418727
vt 0.836734 0.421749
vt 0.830425 0.428915
vt 0.885274 0.862283
vt 0.900302 0.866450
vt 0.023886 0.803267
vt 0.017023 0.805703
vt 0.019717 0.798191
vt 0.488172 0.914084
vt 0.481325 0.908941
vt 0.252603 0.502066
vt 0.430990 0.964632
vt 0.432417 0.959394
vt 0.436295 0.961260
vt 0.892426 0.680963
vt 0.720985 0.762119
vt 0.529292 0.258354
vt 0.421644 0.094203
vt 0.412251 0.090489
vt 0.434973 0.249044
vt 0.440300 0.253724
vt 0.698624 0.168843
vt 0.705285 0.171497
vt 0.699539 0.177409
vt 0.834267 0.904740
vt 0.840071 0.910906
vt 0.633782 0.585847
vt 0.624003 0.344134
vt 0.270663 0.491153
vt 0.278523 0.478351
vt 0.649550 0.577659
vt 0.647522 0.580849
vt 0.647378 0.573405
vt 0.708521 0.167005
vt 0.701635 0.160661
vt 0.719402 0.168666
vt 0.636805 0.616375
vt 0.643993 0.611350
vt 0.641413 0.616587
vt 0.157787 0.573223
vt 0.159424 0.583785
vt 0.617667 0.574157
vt 0.626906 0.571510
vt 0.634866 0.573476
vt 0.339451 0.647096
vt 0.857976 0.973998
vt 0.375142 0.645157
vt 0.827407 0.382908
vt 0.831599 0.388631
vt 0.326789 0.633642
vt 0.327821 0.640218
vt 0.322684 0.639674
vt 0.970276 0.457734
vt 0.967452 0.454445
vt 0.968923 0.451305
vt 0.639536 0.568739
vt 0.624731 0.567434
vt 0.493696 0.889213
vt 0.491533 0.892031
vt 0.843308 0.637129
vt 0.170511 0.571245
vt 0.199775 0.059728
vt 0.203772 0.058304
vt 0.211333 0.073601
vt 0.789511 0.978957
vt 0.777493 0.981230
vt 0.779711 0.976152
vt 0.518924 0.879157
vt 0.516787 0.886291
vt 0.513269 0.882492
vt 0.242835 0.075935
vt 0.245450 0.087012
vt 0.243414 0.087395
vt 0.509173 0.891839
vt 0.504668 0.887992
vt 0.508776 0.875971
vt 0.495498 0.892551
vt 0.493664 0.885550
vt 0.498280 0.881463
vt 0.520301 0.249913
vt 0.514998 0.255566
vt 0.514263 0.241372
vt 0.799945 0.974889
vt 0.807316 0.969417
vt 0.810188 0.978357
vt 0.593449 0.774202
vt 0.589663 0.764280
vt 0.597638 0.771436
vt 0.813878 0.977329
vt 0.821043 0.974507
vt 0.821200 0.983638
vt 0.791043 0.963698
vt 0.794419 0.968986
vt 0.839014 0.664459
vt 0.851856 0.661904
vt 0.617916 0.029392
vt 0.610913 0.023216
vt 0.622617 0.022505
vt 0.781890 0.968547
vt 0.788892 0.965900
vt 0.735063 0.065052
vt 0.732201 0.052749
vt 0.739694 0.061543
vt 0.647848 0.814578
vt 0.654880 0.812550
vt 0.651016 0.818881
vt 0.820750 0.525511
vt 0.828524 0.528276
vt 0.824883 0.531489
vt 0.720703 0.133068
vt 0.711164 0.135870
vt 0.710776 0.128428
vt 0.573480 0.203267
vt 0.833569 0.120605
vt 0.735320 0.788974
vt 0.729681 0.794872
vt 0.725827 0.791021
vt 0.243090 0.068335
vt 0.245165 0.072518
vt 0.239148 0.065974
vt 0.712529 0.585106
vt 0.006162 0.671724
vt 0.014794 0.669010
vt 0.014634 0.677131
vt 0.500233 0.860597
vt 0.500091 0.869739
vt 0.492850 0.857834
vt 0.487213 0.040238
vt 0.492765 0.036450
vt 0.490860 0.044395
vt 0.847881 0.679105
vt 0.835848 0.691371
vt 0.840216 0.681935
vt 0.885786 0.132090
vt 0.892926 0.135529
vt 0.873558 0.131138
vt 0.017194 0.810513
vt 0.491829 0.863921
vt 0.488917 0.861652
vt 0.767172 0.776700
vt 0.770868 0.770638
vt 0.555949 0.036013
vt 0.834947 0.673429
vt 0.850631 0.669589
vt 0.846136 0.779308
vt 0.837618 0.164990
vt 0.830790 0.165486
vt 0.542572 0.049388
vt 0.538511 0.046304
vt 0.543537 0.043840
vt 0.509810 0.314955
vt 0.442448 0.028585
vt 0.449291 0.029431
vt 0.442445 0.034997
vt 0.043563 0.379103
vt 0.044964 0.384630
vt 0.040425 0.379706
vt 0.539878 0.245315
vt 0.541373 0.236791
vt 0.543160 0.248285
vt 0.771510 0.956362
vt 0.780017 0.954541
vt 0.778404 0.961274
vt 0.451046 0.260649
vt 0.445382 0.257335
vt 0.156546 0.598771
vt 0.889295 0.683746
vt 0.423653 0.273358
vt 0.130289 0.526403
vt 0.118589 0.524482
vt 0.137257 0.522239
vt 0.125521 0.533268
vt 0.641977 0.560440
vt 0.643742 0.568204
vt 0.975345 0.877293
vt 0.975154 0.870771
vt 0.392632 0.641815
vt 0.400706 0.647224
vt 0.394645 0.647564
vt 0.424774 0.225323
vt 0.434081 0.231630
vt 0.921039 0.991943
vt 0.919762 0.988933
vt 0.929599 0.990502
vt 0.672975 0.518182
vt 0.680871 0.513085
vt 0.680812 0.523101
vt 0.534034 0.250758
vt 0.436386 0.279340
vt 0.679191 0.510018
vt 0.690666 0.507672
vt 0.218725 0.510878
vt 0.543327 0.080051
vt 0.552539 0.073146
vt 0.553495 0.078799
vt 0.806782 0.405673
vt 0.804256 0.398304
vt 0.809871 0.397662
vt 0.832710 0.151290
vt 0.835972 0.134260
vt 0.836232 0.144462
vt 0.624044 0.578049
vt 0.144859 0.627751
vt 0.131243 0.616653
vt 0.132289 0.610641
vt 0.644497 0.337469
vt 0.498233 0.833556
vt 0.497889 0.827823
vt 0.500742 0.837947
vt 0.918323 0.692106
vt 0.923458 0.693253
vt 0.910499 0.695788
vt 0.921727 0.624175
vt 0.926355 0.617444
vt 0.560123 0.229531
vt 0.564123 0.236478
vt 0.673022 0.369318
vt 0.668276 0.366852
vt 0.673021 0.365117
vt 0.760849 0.785278
vt 0.757221 0.792796
vt 0.751980 0.784780
vt 0.909219 0.675321
vt 0.899309 0.625235
vt 0.855978 0.987766
vt 0.865049 0.984351
vt 0.923225 0.985735
vt 0.932645 0.988458
vt 0.111826 0.539293
vt 0.112220 0.533032
vt 0.117521 0.539286
vt 0.758247 0.382553
vt 0.638821 0.575569
vt 0.638323 0.582836
vt 0.632466 0.582008
vt 0.563006 0.127024
vt 0.565766 0.130675
vt 0.561533 0.133269
vt 0.860486 0.981562
vt 0.869832 0.980980
vt 0.751368 0.916688
vt 0.761801 0.912491
vt 0.758409 0.917463
vt 0.224009 0.528479
vt 0.735450 0.127244
vt 0.733374 0.123617
vt 0.735476 0.115802
vt 0.038947 0.562405
vt 0.042588 0.564465
vt 0.037562 0.570318
vt 0.705271 0.494935
vt 0.707187 0.504508
vt 0.916991 0.634800
vt 0.933837 0.991832
vt 0.931719 0.996861
vt 0.431425 0.237666
vt 0.432131 0.290948
vt 0.868808 0.988590
vt 0.928042 0.656075
vt 0.924845 0.659112
vt 0.917294 0.646876
vt 0.628548 0.366128
vt 0.757861 0.904628
vt 0.751202 0.902938
vt 0.504532 0.790627
vt 0.508439 0.795116
vt 0.509931 0.799415
vt 0.428949 0.246605
vt 0.614858 0.601885
vt 0.629726 0.609098
vt 0.623388 0.610828
vt 0.514913 0.789663
vt 0.831465 0.758807
vt 0.816712 0.765394
vt 0.824702 0.756960
vt 0.861256 0.963090
vt 0.865762 0.966762
vt 0.516984 0.801894
vt 0.518389 0.810269
vt 0.514297 0.816026
vt 0.975414 0.458513
vt 0.973921 0.456109
vt 0.980416 0.446119
vt 0.196107 0.042324
vt 0.851934 0.915347
vt 0.565616 0.228510
vt 0.155671 0.607051
vt 0.164714 0.608467
vt 0.511927 0.016698
vt 0.510973 0.016698
vt 0.510973 0.017653
vt 0.910408 0.326993
vt 0.907035 0.324014
vt 0.909218 0.306463
vt 0.474126 0.092209
vt 0.480244 0.095874
vt 0.474395 0.099080
vt 0.608748 0.602418
vt 0.602420 0.609986
vt 0.604033 0.605057
vt 0.531465 0.811364
vt 0.527133 0.809140
vt 0.526912 0.801028
vt 0.527276 0.790999
vt 0.526689 0.779777
vt 0.527853 0.774337
vt 0.490000 0.164538
vt 0.485404 0.164581
vt 0.483231 0.155735
vt 0.226434 0.570068
vt 0.730257 0.387214
vt 0.731149 0.393343
vt 0.725971 0.390640
vt 0.533759 0.899949
vt 0.529154 0.910042
vt 0.527574 0.901565
vt 0.617349 0.612805
vt 0.532836 0.887065
vt 0.713388 0.752488
vt 0.726937 0.111344
vt 0.733039 0.109738
vt 0.141852 0.637726
vt 0.138394 0.638262
vt 0.184615 0.629500
vt 0.173253 0.617229
vt 0.181460 0.613683
vt 0.534306 0.922709
vt 0.535959 0.908394
vt 0.537956 0.924550
vt 0.423834 0.249743
vt 0.714410 0.787897
vt 0.721649 0.786971
vt 0.722398 0.793733
vt 0.835813 0.410702
vt 0.833344 0.405983
vt 0.838595 0.409166
vt 0.807102 0.647406
vt 0.497352 0.155071
vt 0.490814 0.154772
vt 0.491872 0.151967
vt 0.773444 0.963751
vt 0.543064 0.333272
vt 0.537181 0.326573
vt 0.539419 0.323859
vt 0.648248 0.290519
vt 0.644028 0.282079
vt 0.652459 0.286123
vt 0.199594 0.501679
vt 0.186436 0.502768
vt 0.197636 0.496217
vt 0.931240 0.154597
vt 0.922312 0.149301
vt 0.919354 0.146470
vt 0.809855 0.966053
vt 0.804092 0.964284
vt 0.819698 0.968733
vt 0.644627 0.288105
vt 0.921874 0.689886
vt 0.928144 0.688970
vt 0.805446 0.418835
vt 0.803820 0.403533
vt 0.162424 0.528984
vt 0.528368 0.918625
vt 0.532010 0.917619
vt 0.530045 0.920799
vt 0.501244 0.847849
vt 0.500094 0.854296
vt 0.970828 0.977445
vt 0.975184 0.975780
vt 0.978307 0.977175
vt 0.700627 0.511815
vt 0.143700 0.594273
vt 0.145157 0.587262
vt 0.881697 0.904007
vt 0.866108 0.906176
vt 0.874470 0.898111
vt 0.638527 0.293826
vt 0.813730 0.982189
vt 0.816758 0.985910
vt 0.808492 0.985687
vt 0.435109 0.216229
vt 0.839099 0.647907
vt 0.754592 0.777043
vt 0.628423 0.266632
vt 0.631728 0.270591
vt 0.619060 0.273086
vt 0.860975 0.683753
vt 0.855525 0.690862
vt 0.547552 0.312998
vt 0.637649 0.266182
vt 0.629452 0.336028
vt 0.414583 0.207318
vt 0.412120 0.216653
vt 0.528026 0.430047
vt 0.533979 0.437682
vt 0.529856 0.441106
vt 0.801519 0.591102
vt 0.805213 0.595617
vt 0.800770 0.597305
vt 0.754438 0.760738
vt 0.745117 0.758607
vt 0.500016 0.911989
vt 0.491236 0.915300
vt 0.493883 0.905930
vt 0.802073 0.415855
vt 0.797105 0.403991
vt 0.437108 0.297911
vt 0.487003 0.932256
vt 0.607858 0.257027
vt 0.615950 0.260645
vt 0.608591 0.266558
vt 0.652639 0.292849
vt 0.497860 0.926009
vt 0.251098 0.477543
vt 0.243792 0.487262
vt 0.238915 0.484148
vt 0.643364 0.300155
vt 0.546617 0.328930
vt 0.549221 0.324144
vt 0.552251 0.325221
vt 0.657250 0.332138
vt 0.558045 0.196813
vt 0.557391 0.203431
vt 0.919858 0.879706
vt 0.911824 0.875609
vt 0.843694 0.138934
vt 0.847019 0.141291
vt 0.424458 0.198355
vt 0.630974 0.289628
vt 0.588958 0.223288
vt 0.767615 0.371718
vt 0.877849 0.686303
vt 0.869725 0.684355
vt 0.875219 0.678568
vt 0.427072 0.203338
vt 0.860389 0.793730
vt 0.854984 0.798188
vt 0.856335 0.791501
vt 0.860209 0.953323
vt 0.862218 0.957964
vt 0.859363 0.959668
vt 0.971393 0.620410
vt 0.978370 0.621727
vt 0.033169 0.803125
vt 0.625761 0.040720
vt 0.625510 0.045821
vt 0.616136 0.044674
vt 0.504204 0.985355
vt 0.500822 0.985266
vt 0.638293 0.341396
vt 0.887563 0.870679
vt 0.893493 0.875346
vt 0.889119 0.874895
vt 0.956839 0.692923
vt 0.965883 0.692902
vt 0.970061 0.694810
vt 0.608477 0.384520
vt 0.604679 0.390491
vt 0.604436 0.381516
vt 0.566072 0.141792
vt 0.576545 0.143860
vt 0.571268 0.151366
vt 0.871434 0.117716
vt 0.866261 0.110220
vt 0.869918 0.103822
vt 0.564204 0.321479
vt 0.555084 0.324577
vt 0.857319 0.824127
vt 0.867750 0.824128
vt 0.858846 0.824902
vt 0.444622 0.049263
vt 0.442481 0.043138
vt 0.448444 0.051053
vt 0.339040 0.169560
vt 0.345239 0.171806
vt 0.344099 0.172470
vt 0.946829 0.636098
vt 0.949968 0.643244
vt 0.947776 0.653368
vt 0.493821 0.945117
vt 0.667483 0.760104
vt 0.050478 0.382474
vt 0.057752 0.386543
vt 0.975291 0.971098
vt 0.986143 0.971745
vt 0.171523 0.517241
vt 0.497557 0.952641
vt 0.505597 0.959258
vt 0.526453 0.928717
vt 0.526333 0.939217
vt 0.520516 0.918184
vt 0.226460 0.062012
vt 0.217561 0.063950
vt 0.220786 0.051160
vt 0.966162 0.974071
vt 0.959376 0.973570
vt 0.688892 0.520985
vt 0.690937 0.529000
vt 0.688036 0.526873
vt 0.837213 0.822251
vt 0.535371 0.345029
vt 0.527605 0.342224
vt 0.501507 0.962816
vt 0.681087 0.499272
vt 0.680775 0.505964
vt 0.676123 0.500727
vt 0.691593 0.514292
vt 0.697162 0.516135
vt 0.841274 0.154504
vt 0.835762 0.153084
vt 0.129675 0.539818
vt 0.133729 0.527655
vt 0.427868 0.198209
vt 0.942015 0.987444
vt 0.905370 0.658202
vt 0.914894 0.662346
vt 0.919632 0.664756
vt 0.852949 0.835017
vt 0.845769 0.824755
vt 0.850095 0.819502
vt 0.820207 0.554699
vt 0.812453 0.552811
vt 0.816679 0.549249
vt 0.690272 0.541772
vt 0.682089 0.543871
vt 0.436183 0.325594
vt 0.642225 0.381423
vt 0.806208 0.929652
vt 0.808647 0.942422
vt 0.800301 0.942943
vt 0.712301 0.760401
vt 0.432511 0.303149
vt 0.426429 0.300851
vt 0.502460 0.865879
vt 0.505565 0.858099
vt 0.510261 0.866969
vt 0.400950 0.642208
vt 0.516958 0.820219
vt 0.515202 0.822719
vt 0.909020 0.991951
vt 0.909639 0.296857
vt 0.904300 0.286489
vt 0.911603 0.286256
vt 0.221565 0.090875
vt 0.207007 0.089242
vt 0.217193 0.089113
vt 0.213950 0.553123
vt 0.219640 0.542780
vt 0.530858 0.931454
vt 0.511718 0.877044
vt 0.726709 0.920456
vt 0.721136 0.923684
vt 0.722936 0.916204
vt 0.611072 0.273164
vt 0.606173 0.274932
vt 0.612976 0.269889
vt 0.527706 0.911673
vt 0.139484 0.537789
vt 0.143778 0.531873
vt 0.149639 0.538860
vt 0.534158 0.337414
vt 0.535852 0.329964
vt 0.659963 0.559040
vt 0.666317 0.552798
vt 0.667333 0.563545
vt 0.668339 0.569071
vt 0.655269 0.570917
vt 0.490147 0.879243
vt 0.648766 0.273044
vt 0.655685 0.560591
vt 0.693437 0.496405
vt 0.684462 0.490534
vt 0.693703 0.491370
vt 0.826570 0.404901
vt 0.721368 0.590813
vt 0.568729 0.323546
vt 0.576802 0.329811
vt 0.567280 0.328815
vt 0.616130 0.575566
vt 0.150596 0.602932
vt 0.501059 0.898795
vt 0.686678 0.467511
vt 0.931422 0.577752
vt 0.933652 0.582896
vt 0.925540 0.583036
vt 0.551715 0.055684
vt 0.808621 0.393272
vt 0.515914 0.876772
vt 0.662402 0.549344
vt 0.526197 0.909956
vt 0.523753 0.903813
vt 0.679029 0.445595
vt 0.684426 0.448101
vt 0.673193 0.454823
vt 0.847059 0.787853
vt 0.536771 0.930760
vt 0.534284 0.936585
vt 0.528391 0.844623
vt 0.537622 0.854609
vt 0.011276 0.702063
vt 0.003857 0.699988
vt 0.017209 0.694274
vt 0.215334 0.032299
vt 0.678322 0.187927
vt 0.678620 0.180850
vt 0.683723 0.174920
vt 0.765083 0.757446
vt 0.510217 0.860286
vt 0.764294 0.783157
vt 0.768996 0.784814
vt 0.432403 0.205619
vt 0.232814 0.061152
vt 0.224580 0.052308
vt 0.230840 0.053928
vt 0.671320 0.758920
vt 0.384550 0.645975
vt 0.386615 0.641363
vt 0.398735 0.653389
vt 0.737605 0.932969
vt 0.733109 0.923179
vt 0.812070 0.762736
vt 0.808445 0.756483
vt 0.819486 0.757271
vt 0.836383 0.101617
vt 0.976820 0.443654
vt 0.967522 0.446142
vt 0.740219 0.380578
vt 0.737605 0.366882
vt 0.741586 0.364911
vt 0.810767 0.141016
vt 0.817653 0.131457
vt 0.819797 0.134675
vt 0.507928 0.074427
vt 0.506542 0.079349
vt 0.763715 0.953158
vt 0.766674 0.937664
vt 0.769967 0.949668
vt 0.016289 0.623328
vt 0.015650 0.627968
vt 0.013160 0.621621
vt 0.415386 0.191492
vt 0.725652 0.952866
vt 0.717877 0.941976
vt 0.729998 0.950454
vt 0.189648 0.553006
vt 0.182868 0.563795
vt 0.193664 0.035370
vt 0.881935 0.638377
vt 0.869275 0.634256
vt 0.034526 0.357869
vt 0.033129 0.363122
vt 0.028577 0.358292
vt 0.145141 0.522857
vt 0.346642 0.650263
vt 0.787157 0.949560
vt 0.788047 0.961417
vt 0.784343 0.960880
vt 0.559980 0.246963
vt 0.559376 0.241250
vt 0.156245 0.520652
vt 0.770831 0.933466
vt 0.563969 0.301670
vt 0.893563 0.869324
vt 0.446896 0.304605
vt 0.661527 0.591438
vt 0.659617 0.600315
vt 0.653089 0.586627
vt 0.957110 0.445472
vt 0.963666 0.446861
vt 0.949996 0.453029
vt 0.670836 0.419377
vt 0.673358 0.414594
vt 0.779642 0.583415
vt 0.781347 0.602315
vt 0.776993 0.598377
vt 0.489820 0.054789
vt 0.466577 0.047957
vt 0.485549 0.044547
vt 0.561435 0.318468
vt 0.613858 0.591052
vt 0.603077 0.595874
vt 0.612362 0.587372
vt 0.220642 0.498236
vt 0.212007 0.500898
vt 0.800026 0.636973
vt 0.565552 0.317522
vt 0.487460 0.851589
vt 0.545148 0.341288
vt 0.576702 0.348835
vt 0.717194 0.106503
vt 0.720726 0.115146
vt 0.708571 0.103981
vt 0.776701 0.948637
vt 0.224256 0.085481
vt 0.222855 0.081003
vt 0.228963 0.083233
vt 0.612522 0.318698
vt 0.620947 0.319048
vt 0.618819 0.321438
vt 0.493798 0.015744
vt 0.494752 0.015744
vt 0.494752 0.014790
vt 0.724517 0.139230
vt 0.644572 0.550229
vt 0.561661 0.365047
vt 0.853589 0.970297
vt 0.850072 0.961658
vt 0.838327 0.974807
vt 0.832838 0.976122
vt 0.811473 0.808713
vt 0.820716 0.801154
vt 0.818169 0.804582
vt 0.237000 0.492733
vt 0.241493 0.496888
vt 0.532870 0.012735
vt 0.535669 0.091794
vt 0.548666 0.100033
vt 0.536963 0.100745
vt 0.596332 0.598280
vt 0.566749 0.163042
vt 0.570094 0.162052
vt 0.568125 0.172572
vt 0.869501 0.645232
vt 0.878213 0.956740
vt 0.880264 0.951955
vt 0.530714 0.825469
vt 0.531227 0.818502
vt 0.535301 0.829871
vt 0.738227 0.259805
vt 0.590324 0.275776
vt 0.529866 0.873101
vt 0.848126 0.651285
vt 0.124556 0.490077
vt 0.123335 0.497976
vt 0.834853 0.435280
vt 0.831268 0.433132
vt 0.838971 0.426649
vt 0.233549 0.069418
vt 0.579898 0.354102
vt 0.576903 0.358127
vt 0.573246 0.352835
vt 0.547502 0.047756
vt 0.793767 0.976734
vt 0.791711 0.956628
vt 0.798083 0.947227
vt 0.494944 0.793254
vt 0.504236 0.801141
vt 0.500143 0.801140
vt 0.893658 0.980262
vt 0.898012 0.982257
vt 0.894876 0.987954
vt 0.648803 0.613936
vt 0.545100 0.034213
vt 0.551353 0.036369
vt 0.387743 0.254206
vt 0.008698 0.588428
vt 0.011957 0.585840
vt 0.659707 0.580036
vt 0.680986 0.173803
vt 0.710578 0.926919
vt 0.712464 0.939533
vt 0.520263 0.329532
vt 0.527940 0.326127
vt 0.891755 0.122651
vt 0.884916 0.122487
vt 0.888125 0.117959
vt 0.535763 0.351088
vt 0.527366 0.271833
vt 0.752945 0.935644
vt 0.748666 0.930858
vt 0.750275 0.927682
vt 0.807323 0.534372
vt 0.816475 0.532104
vt 0.822342 0.539038
vt 0.666619 0.540622
vt 0.671775 0.542297
vt 0.434399 0.211255
vt 0.902325 0.991573
vt 0.894106 0.651343
vt 0.889369 0.652330
vt 0.027672 0.584657
vt 0.465773 0.038416
vt 0.461694 0.043447
vt 0.543262 0.915489
vt 0.544598 0.920705
vt 0.143487 0.609056
vt 0.149121 0.623191
vt 0.137337 0.611236
vt 0.814061 0.388561
vt 0.149533 0.578032
vt 0.802432 0.392620
vt 0.794663 0.391505
vt 0.880922 0.653351
vt 0.684618 0.155936
vt 0.676821 0.159439
vt 0.674977 0.156514
vt 0.871198 0.955873
vt 0.130190 0.604981
vt 0.129876 0.599564
vt 0.136713 0.600978
vt 0.664783 0.600043
vt 0.673209 0.578514
vt 0.676574 0.569573
vt 0.685879 0.573319
vt 0.926067 0.646662
vt 0.616304 0.316444
vt 0.522556 0.785887
vt 0.524144 0.791962
vt 0.206697 0.084152
vt 0.201837 0.081497
vt 0.701191 0.759569
vt 0.886996 0.674111
vt 0.892737 0.667950
vt 0.643053 0.820794
vt 0.632147 0.814039
vt 0.635775 0.810080
vt 0.769360 0.152412
vt 0.050773 0.390294
vt 0.046398 0.399524
vt 0.045899 0.386218
vt 0.468234 0.095320
vt 0.754557 0.931801
vt 0.823983 0.552532
vt 0.822867 0.561222
vt 0.682547 0.373462
vt 0.400039 0.183245
vt 0.400048 0.177686
vt 0.410037 0.184070
vt 0.896559 0.672454
vt 0.939489 0.974287
vt 0.942737 0.981222
vt 0.932655 0.976911
vt 0.389926 0.922822
vt 0.398796 0.921138
vt 0.394910 0.926032
vt 0.527615 0.031204
vt 0.535599 0.026697
vt 0.501461 0.915584
vt 0.526472 0.768638
vt 0.534999 0.766942
vt 0.909835 0.122444
vt 0.917637 0.126159
vt 0.915796 0.128297
vt 0.120965 0.529067
vt 0.446492 0.096344
vt 0.440406 0.096854
vt 0.540935 0.334177
vt 0.024475 0.398096
vt 0.027630 0.395041
vt 0.034776 0.400631
vt 0.915355 0.983050
vt 0.500246 0.145900
vt 0.217486 0.082295
vt 0.211733 0.085647
vt 0.209835 0.077738
vt 0.533546 0.763149
vt 0.128149 0.602163
vt 0.128890 0.596453
vt 0.912364 0.648707
vt 0.911993 0.642224
vt 0.928899 0.678604
vt 0.931371 0.688782
vt 0.951888 0.975393
vt 0.959079 0.977095
vt 0.948884 0.981152
vt 0.195799 0.072956
vt 0.687921 0.503783
vt 0.493641 0.143883
vt 0.216764 0.524409
vt 0.211662 0.516389
vt 0.536851 0.333197
vt 0.102070 0.386633
vt 0.095022 0.393750
vt 0.542689 0.376496
vt 0.052729 0.551525
vt 0.058333 0.541983
vt 0.057421 0.549953
vt 0.538571 0.864241
vt 0.527312 0.866513
vt 0.446193 0.039130
vt 0.437883 0.036334
vt 0.079044 0.501269
vt 0.093157 0.499659
vt 0.088682 0.506734
vt 0.383561 0.596106
vt 0.677767 0.492513
vt 0.942456 0.658713
vt 0.931593 0.653898
vt 0.942669 0.643014
vt 0.147264 0.508699
vt 0.609214 0.773975
vt 0.602409 0.768895
vt 0.617877 0.770449
vt 0.504662 0.333604
vt 0.507745 0.364487
vt 0.803516 0.794698
vt 0.808077 0.793778
vt 0.748017 0.920284
vt 0.502485 0.063309
vt 0.495332 0.061323
vt 0.139880 0.454876
vt 0.149158 0.459062
vt 0.621363 0.373772
vt 0.612742 0.374130
vt 0.616051 0.370214
vt 0.969104 0.970891
vt 0.608211 0.285240
vt 0.604138 0.288357
vt 0.604616 0.283631
vt 0.576871 0.317162
vt 0.501431 0.015744
vt 0.502385 0.015744
vt 0.502385 0.014790
vt 0.213409 0.586073
vt 0.208963 0.585686
vt 0.846937 0.955924
vt 0.832197 0.948802
vt 0.848217 0.947494
vt 0.974290 0.655091
vt 0.973182 0.659006
vt 0.967863 0.656354
vt 0.668023 0.224880
vt 0.684228 0.222126
vt 0.689152 0.225028
vt 0.468318 0.167840
vt 0.330112 0.636425
vt 0.331678 0.641810
vt 0.963533 0.461327
vt 0.971489 0.465319
vt 0.961278 0.464532
vt 0.560056 0.377870
vt 0.855371 0.949435
vt 0.757142 0.403581
vt 0.766093 0.410613
vt 0.759139 0.417314
vt 0.542120 0.366820
vt 0.054743 0.503003
vt 0.059024 0.507211
vt 0.056217 0.509019
vt 0.015365 0.403817
vt 0.023228 0.406831
vt 0.011382 0.408755
vt 0.893355 0.851459
vt 0.879683 0.846256
vt 0.727993 0.271423
vt 0.636126 0.367925
vt 0.139853 0.597626
vt 0.148140 0.604150
vt 0.140224 0.605212
vt 0.917866 0.128797
vt 0.913016 0.141792
vt 0.886819 0.866271
vt 0.959864 0.980948
vt 0.953363 0.981098
vt 0.043396 0.434056
vt 0.897922 0.140512
vt 0.910413 0.125972
vt 0.531905 0.771604
vt 0.539486 0.767576
vt 0.964121 0.986113
vt 0.958019 0.984121
vt 0.972995 0.984706
vt 0.698874 0.533960
vt 0.518106 0.347817
vt 0.511644 0.340356
vt 0.548254 0.429372
vt 0.534621 0.431078
vt 0.539697 0.426772
vt 0.727171 0.399269
vt 0.491954 0.909478
vt 0.529864 0.346636
vt 0.140341 0.565336
vt 0.137660 0.571349
vt 0.137446 0.566881
vt 0.728069 0.601309
vt 0.682625 0.528627
vt 0.676737 0.536062
vt 0.541514 0.339837
vt 0.536634 0.337507
vt 0.671350 0.532924
vt 0.661644 0.531583
vt 0.669011 0.526806
vt 0.432095 0.329925
vt 0.625957 0.381522
vt 0.555585 0.424743
vt 0.563204 0.423970
vt 0.566210 0.426679
vt 0.622970 0.365149
vt 0.252820 0.505892
vt 0.437853 0.238071
vt 0.624826 0.263516
vt 0.632335 0.254296
vt 0.737530 0.796224
vt 0.492840 0.820514
vt 0.492660 0.834768
vt 0.490712 0.829669
vt 0.233746 0.093585
vt 0.237151 0.095980
vt 0.231310 0.101867
vt 0.929583 0.157986
vt 0.923362 0.156898
vt 0.432901 0.218732
vt 0.885942 0.903994
vt 0.887236 0.910233
vt 0.881251 0.911046
vt 0.844083 0.164917
vt 0.851727 0.165399
vt 0.853957 0.173812
vt 0.931920 0.146012
vt 0.457014 0.305572
vt 0.405093 0.148862
vt 0.398205 0.147541
vt 0.399100 0.138044
vt 0.659861 0.303121
vt 0.062164 0.982876
vt 0.054236 0.980895
vt 0.499690 0.805582
vt 0.503435 0.812268
vt 0.500638 0.814348
vt 0.848088 0.158719
vt 0.838970 0.161087
vt 0.800880 0.761521
vt 0.803075 0.764743
vt 0.795390 0.763527
vt 0.496003 0.816417
vt 0.500589 0.822000
vt 0.655257 0.539518
vt 0.653499 0.545662
vt 0.503444 0.829607
vt 0.520009 0.909596
vt 0.516478 0.918902
vt 0.559893 0.413278
vt 0.566813 0.412664
vt 0.717648 0.794653
vt 0.710162 0.791131
vt 0.650466 0.311038
vt 0.179740 0.037687
vt 0.186031 0.040641
vt 0.175051 0.037726
vt 0.904168 0.990335
vt 0.908280 0.984938
vt 0.751514 0.378436
vt 0.514170 0.839429
vt 0.516363 0.824880
vt 0.518728 0.834697
vt 0.768038 0.958672
vt 0.502542 0.839087
vt 0.507066 0.834505
vt 0.507417 0.844682
vt 0.195341 0.504610
vt 0.199478 0.511222
vt 0.185143 0.512664
vt 0.497743 0.335011
vt 0.494739 0.332144
vt 0.780101 0.940144
vt 0.771005 0.938521
vt 0.679631 0.420627
vt 0.684332 0.424668
vt 0.682077 0.428530
vt 0.605410 0.616479
vt 0.892270 0.264726
vt 0.885012 0.276775
vt 0.886777 0.263811
vt 0.137687 0.518536
vt 0.865826 0.658806
vt 0.214678 0.093906
vt 0.210713 0.093107
vt 0.195168 0.594351
vt 0.588087 0.776736
vt 0.594491 0.783962
vt 0.851805 0.147167
vt 0.486137 0.884733
vt 0.486036 0.866026
vt 0.646477 0.570195
vt 0.648174 0.566860
vt 0.789416 0.942742
vt 0.783730 0.938656
vt 0.688687 0.488116
vt 0.696400 0.477084
vt 0.892721 0.903697
vt 0.906724 0.847575
vt 0.895570 0.842441
vt 0.821353 0.125458
vt 0.863897 0.690344
vt 0.857220 0.695879
vt 0.529346 0.839016
vt 0.534276 0.834609
vt 0.533810 0.840721
vt 0.499157 0.271207
vt 0.952846 0.578441
vt 0.768339 0.920423
vt 0.764757 0.905963
vt 0.773302 0.906652
vt 0.559226 0.373513
vt 0.062818 0.553051
vt 0.060237 0.558226
vt 0.053318 0.558146
vt 0.211853 0.068640
vt 0.214342 0.067201
vt 0.718819 0.910251
vt 0.449129 0.089252
vt 0.437387 0.089286
vt 0.447255 0.087060
vt 0.689304 0.413849
vt 0.686657 0.421722
vt 0.898402 0.876477
vt 0.712270 0.113580
vt 0.130591 0.510294
vt 0.123668 0.507433
vt 0.848735 0.978425
vt 0.791384 0.152898
vt 0.801485 0.151641
vt 0.694548 0.675124
vt 0.453842 0.069435
vt 0.456711 0.068350
vt 0.458928 0.071636
vt 0.240191 0.075197
vt 0.632314 0.597815
vt 0.511927 0.014790
vt 0.510973 0.014790
vt 0.510973 0.015744
vt 0.777155 0.415213
vt 0.772398 0.415780
vt 0.773221 0.403225
vt 0.449172 0.059689
vt 0.451470 0.064875
vt 0.806298 0.798325
vt 0.837088 0.128932
vt 0.876222 0.692407
vt 0.881254 0.690643
vt 0.144658 0.573956
vt 0.939298 0.150115
vt 0.730945 0.808888
vt 0.723321 0.796142
vt 0.199101 0.558340
vt 0.192983 0.556084
vt 0.286199 0.119919
vt 0.295745 0.124951
vt 0.287170 0.124629
vt 0.919322 0.815385
vt 0.921527 0.818677
vt 0.924149 0.823294
vt 0.238147 0.509126
vt 0.863891 0.996545
vt 0.859306 0.992393
vt 0.043759 0.561785
vt 0.321754 0.635288
vt 0.318440 0.640761
vt 0.889614 0.881206
vt 0.922033 0.659072
vt 0.913461 0.658082
vt 0.950386 0.740391
vt 0.857060 0.666780
vt 0.784916 0.415238
vt 0.529230 0.834018
vt 0.468499 0.103072
vt 0.676220 0.559987
vt 0.536670 0.774782
vt 0.824385 0.396120
vt 0.881979 0.987753
vt 0.716384 0.609318
vt 0.645355 0.989577
vt 0.646777 0.984674
vt 0.649864 0.987558
vt 0.008110 0.598914
vt 0.000684 0.594000
vt 0.639435 0.390400
vt 0.910285 0.983667
vt 0.541230 0.787625
vt 0.541036 0.798950
vt 0.531325 0.793205
vt 0.925108 0.983636
vt 0.493798 0.013836
vt 0.494752 0.013836
vt 0.494752 0.012882
vt 0.681312 0.579518
vt 0.677388 0.581131
vt 0.518349 0.065923
vt 0.513750 0.061913
vt 0.521217 0.064187
vt 0.846807 0.618285
vt 0.896450 0.701999
vt 0.889818 0.697114
vt 0.903649 0.703601
vt 0.017608 0.432141
vt 0.020650 0.436451
vt 0.009037 0.436149
vt 0.941640 0.984199
vt 0.934606 0.985086
vt 0.643837 0.385583
vt 0.643505 0.381040
vt 0.651265 0.386862
vt 0.038281 0.386169
vt 0.024619 0.388099
vt 0.034020 0.383575
vt 0.695633 0.489521
vt 0.127552 0.485631
vt 0.981330 0.207049
vt 0.990969 0.209166
vt 0.978601 0.209263
vt 0.035590 0.404234
vt 0.027292 0.406797
vt 0.919947 0.674765
vt 0.912634 0.669207
vt 0.887928 0.192639
vt 0.500528 0.058493
vt 0.246241 0.056286
vt 0.250753 0.052441
vt 0.254947 0.053889
vt 0.126393 0.632314
vt 0.128849 0.628752
vt 0.740915 0.353993
vt 0.706621 0.228396
vt 0.696441 0.227091
vt 0.740229 0.869880
vt 0.743139 0.866838
vt 0.746947 0.873715
vt 0.817998 0.565670
vt 0.882867 0.985362
vt 0.496781 0.051836
vt 0.495761 0.056047
vt 0.146515 0.569556
vt 0.806184 0.540220
vt 0.813004 0.543813
vt 0.798282 0.541396
vt 0.663188 0.577805
vt 0.669310 0.579916
vt 0.662933 0.586940
vt 0.741891 0.882625
vt 0.785672 0.576333
vt 0.790190 0.603218
vt 0.333620 0.635991
vt 0.106116 0.529685
vt 0.112058 0.528121
vt 0.780171 0.553025
vt 0.785751 0.544533
vt 0.792210 0.548682
vt 0.215923 0.052349
vt 0.732929 0.241892
vt 0.733537 0.237451
vt 0.737819 0.239463
vt 0.883774 0.103207
vt 0.888391 0.105708
vt 0.881721 0.110082
vt 0.747632 0.246982
vt 0.020751 0.630001
vt 0.021816 0.625506
vt 0.028412 0.631784
vt 0.172650 0.598207
vt 0.178007 0.595283
vt 0.543251 0.848107
vt 0.869599 0.937166
vt 0.582833 0.771316
vt 0.497615 0.013836
vt 0.498569 0.013836
vt 0.498569 0.012882
vt 0.534049 0.068016
vt 0.542323 0.067311
vt 0.541363 0.080826
vt 0.530864 0.047447
vt 0.927879 0.326175
vt 0.939589 0.330579
vt 0.923474 0.334363
vt 0.325154 0.631820
vt 0.329618 0.631930
vt 0.330519 0.633291
vt 0.565943 0.154770
vt 0.572731 0.157362
vt 0.192439 0.516043
vt 0.500477 0.012882
vt 0.499523 0.012882
vt 0.499523 0.013836
vt 0.219009 0.590939
vt 0.752158 0.895889
vt 0.755929 0.884957
vt 0.757616 0.891324
vt 0.835582 0.573211
vt 0.411701 0.650449
vt 0.407078 0.646400
vt 0.806378 0.777717
vt 0.798758 0.777412
vt 0.816617 0.762742
vt 0.063108 0.626052
vt 0.511344 0.950798
vt 0.494686 0.841755
vt 0.509009 0.812560
vt 0.506515 0.804034
vt 0.639278 0.810077
vt 0.640611 0.806937
vt 0.133670 0.501822
vt 0.511608 0.836477
vt 0.509042 0.843961
vt 0.451855 0.340407
vt 0.858267 0.777383
vt 0.856487 0.778088
vt 0.851382 0.772775
vt 0.497060 0.843063
vt 0.723819 0.909743
vt 0.509900 0.804457
vt 0.509362 0.815956
vt 0.506722 0.823471
vt 0.504051 0.819863
vt 0.511797 0.826700
vt 0.389002 0.589198
vt 0.412003 0.201513
vt 0.624657 0.297085
vt 0.630331 0.293242
vt 0.798041 0.630793
vt 0.812634 0.960426
vt 0.820412 0.964750
vt 0.512607 0.803576
vt 0.516338 0.797109
vt 0.618300 0.288549
vt 0.617003 0.276386
vt 0.623390 0.284974
vt 0.078565 0.477172
vt 0.084494 0.467962
vt 0.177496 0.505665
vt 0.206081 0.097954
vt 0.522162 0.805768
vt 0.803219 0.647561
vt 0.798950 0.646758
vt 0.083047 0.455183
vt 0.071504 0.452462
vt 0.823139 0.956850
vt 0.815508 0.953675
vt 0.432444 0.087218
vt 0.436596 0.085164
vt 0.591625 0.271477
vt 0.594444 0.268456
vt 0.548028 0.855839
vt 0.549312 0.859067
vt 0.543922 0.860565
vt 0.228609 0.091485
vt 0.223594 0.089699
vt 0.232962 0.090095
vt 0.030202 0.472949
vt 0.038721 0.475787
vt 0.221764 0.094785
vt 0.165527 0.525554
vt 0.563783 0.407468
vt 0.891393 0.201850
vt 0.881381 0.205049
vt 0.884642 0.196560
vt 0.748618 0.884373
vt 0.530477 0.425198
vt 0.617994 0.267895
vt 0.681003 0.444234
vt 0.684105 0.435918
vt 0.688256 0.440491
vt 0.670234 0.503879
vt 0.831778 0.589081
vt 0.834695 0.584025
vt 0.417864 0.191412
vt 0.621583 0.383330
vt 0.617130 0.385184
vt 0.791307 0.960684
vt 0.789928 0.947533
vt 0.529223 0.937554
vt 0.697167 0.512745
vt 0.941034 0.300446
vt 0.939685 0.300508
vt 0.938801 0.292446
vt 0.916130 0.969397
vt 0.928688 0.967263
vt 0.932555 0.969580
vt 0.789402 0.611395
vt 0.744312 0.937025
vt 0.739357 0.921542
vt 0.058003 0.996570
vt 0.529194 0.343192
vt 0.544142 0.934065
vt 0.854062 0.994662
vt 0.504294 0.012882
vt 0.503340 0.012882
vt 0.503340 0.013836
vt 0.823902 0.378469
vt 0.951635 0.745914
vt 0.973195 0.423357
vt 0.979204 0.423618
vt 0.981200 0.430144
vt 0.986754 0.424740
vt 0.239983 0.080419
vt 0.000686 0.794886
vt 0.689119 0.426991
vt 0.694867 0.426101
vt 0.780353 0.618907
vt 0.779515 0.612758
vt 0.330918 0.140459
vt 0.335042 0.143086
vt 0.326924 0.149066
vt 0.685321 0.230420
vt 0.675235 0.228143
vt 0.571348 0.249062
vt 0.569769 0.242016
vt 0.581069 0.245132
vt 0.158462 0.539385
vt 0.832479 0.683225
vt 0.481502 0.058921
vt 0.145943 0.597240
vt 0.115146 0.510227
vt 0.119142 0.516631
vt 0.525733 0.078957
vt 0.516765 0.085744
vt 0.522971 0.076536
vt 0.111785 0.522750
vt 0.104611 0.515767
vt 0.111808 0.516458
vt 0.041255 0.384906
vt 0.042665 0.396736
vt 0.036024 0.391613
vt 0.358487 0.172884
vt 0.936936 0.666130
vt 0.936857 0.673966
vt 0.212699 0.620117
vt 0.194630 0.625742
vt 0.970948 0.983784
vt 0.080633 0.463317
vt 0.084891 0.461088
vt 0.087973 0.462264
vt 0.935378 0.661674
vt 0.938538 0.662947
vt 0.969853 0.632461
vt 0.982493 0.633925
vt 0.976909 0.641084
vt 0.474181 0.079239
vt 0.490384 0.100927
vt 0.486912 0.085486
vt 0.492386 0.095915
vt 0.144758 0.567115
vt 0.056185 0.536431
vt 0.982469 0.647407
vt 0.984906 0.651163
vt 0.921545 0.785372
vt 0.535380 0.083332
vt 0.064223 0.535140
vt 0.147098 0.582641
vt 0.229923 0.077759
vt 0.772859 0.778322
vt 0.776899 0.780823
vt 0.777908 0.795590
vt 0.652196 0.362343
vt 0.648526 0.366091
vt 0.645295 0.359331
vt 0.865383 0.943715
vt 0.714005 0.581789
vt 0.115227 0.551035
vt 0.118049 0.562276
vt 0.115009 0.564148
vt 0.902638 0.149890
vt 0.688773 0.575579
vt 0.686042 0.561819
vt 0.696036 0.569728
vt 0.572916 0.189812
vt 0.578258 0.615040
vt 0.591726 0.611764
vt 0.592734 0.616451
vt 0.583620 0.240876
vt 0.588459 0.245336
vt 0.508111 0.012882
vt 0.507156 0.012882
vt 0.507156 0.013836
vt 0.680272 0.412775
vt 0.862333 0.891829
vt 0.860746 0.896376
vt 0.858767 0.900941
vt 0.507983 0.980884
vt 0.442537 0.250283
vt 0.505988 0.249205
vt 0.504434 0.253520
vt 0.909018 0.651949
vt 0.471181 0.282157
vt 0.037632 0.960331
vt 0.031910 0.959873
vt 0.036329 0.956089
vt 0.103005 0.372287
vt 0.110244 0.375698
vt 0.099906 0.376509
vt 0.376429 0.642702
vt 0.979876 0.644829
vt 0.516918 0.361670
vt 0.896322 0.820423
vt 0.894522 0.816344
vt 0.901302 0.816574
vt 0.728672 0.926235
vt 0.955782 0.743699
vt 0.950954 0.752528
vt 0.982184 0.629731
vt 0.722789 0.114923
vt 0.512560 0.847227
vt 0.646672 0.818252
vt 0.333884 0.646790
vt 0.719390 0.227227
vt 0.720641 0.228513
vt 0.509065 0.013836
vt 0.510019 0.013836
vt 0.510019 0.012882
vt 0.712526 0.169504
vt 0.832061 0.534591
vt 0.376757 0.638690
vt 0.387662 0.637936
vt 0.976323 0.987165
vt 0.985159 0.987533
vt 0.983058 0.989622
vt 0.036289 0.443813
vt 0.034030 0.443629
vt 0.724652 0.230485
vt 0.203078 0.521427
vt 0.570638 0.213624
vt 0.753490 0.250960
vt 0.760770 0.250930
vt 0.757906 0.252877
vt 0.901411 0.786388
vt 0.905779 0.781960
vt 0.177755 0.517363
vt 0.061931 0.504051
vt 0.062920 0.497293
vt 0.114046 0.503560
vt 0.971922 0.627984
vt 0.957517 0.631579
vt 0.963234 0.622912
vt 0.367858 0.640486
vt 0.531146 0.086598
vt 0.736369 0.248398
vt 0.033704 0.808140
vt 0.889016 0.400079
vt 0.893538 0.401925
vt 0.892165 0.409061
vt 0.902589 0.664717
vt 0.013213 0.988668
vt 0.000706 0.989652
vt 0.004861 0.988394
vt 0.233597 0.080786
vt 0.696484 0.648739
vt 0.691878 0.652342
vt 0.686728 0.646577
vt 0.519180 0.331650
vt 0.514461 0.327694
vt 0.898103 0.868463
vt 0.885358 0.954926
vt 0.088755 0.495149
vt 0.588727 0.213569
vt 0.167911 0.515180
vt 0.894205 0.110946
vt 0.216454 0.607549
vt 0.793166 0.160463
vt 0.160551 0.617397
vt 0.113457 0.494016
vt 0.919799 0.682651
vt 0.924836 0.672964
vt 0.926815 0.681251
vt 0.116406 0.473956
vt 0.116227 0.478049
vt 0.107093 0.477141
vt 0.108128 0.532501
vt 0.682867 0.598929
vt 0.449950 0.036058
vt 0.151826 0.611629
vt 0.897153 0.161985
vt 0.897996 0.166425
vt 0.898031 0.168805
vt 0.008586 0.750658
vt 0.001294 0.745650
vt 0.651745 0.070295
vt 0.646078 0.070956
vt 0.652260 0.059525
vt 0.112923 0.483790
vt 0.027746 0.365024
vt 0.018657 0.361281
vt 0.017531 0.359234
vt 0.539572 0.024437
vt 0.162698 0.559012
vt 0.174567 0.502695
vt 0.153379 0.531657
vt 0.159621 0.535445
vt 0.185513 0.495364
vt 0.025792 0.762508
vt 0.031551 0.763480
vt 0.232915 0.491084
vt 0.968403 0.992136
vt 0.973933 0.988842
vt 0.979032 0.992152
vt 0.798431 0.963508
vt 0.733362 0.232360
vt 0.737932 0.235648
vt 0.097083 0.452959
vt 0.093030 0.454366
vt 0.506133 0.972545
vt 0.507145 0.964285
vt 0.974580 0.631807
vt 0.531272 0.067419
vt 0.979548 0.894937
vt 0.870813 0.691454
vt 0.975488 0.578108
vt 0.986158 0.572941
vt 0.989737 0.580830
vt 0.086575 0.454345
vt 0.409223 0.209518
vt 0.069694 0.547693
vt 0.114817 0.452989
vt 0.106669 0.566194
vt 0.122431 0.565694
vt 0.129886 0.567560
vt 0.110810 0.358024
vt 0.953012 0.618768
vt 0.735633 0.782708
vt 0.745171 0.888283
vt 0.736978 0.874813
vt 0.661747 0.065020
vt 0.657088 0.065294
vt 0.661135 0.055611
vt 0.990590 0.960207
vt 0.147542 0.553353
vt 0.564776 0.873726
vt 0.957575 0.575124
vt 0.954530 0.581478
vt 0.701277 0.242203
vt 0.697908 0.251384
vt 0.695871 0.246661
vt 0.175667 0.040034
vt 0.506732 0.383026
vt 0.610819 0.044119
vt 0.672522 0.495220
vt 0.668067 0.495605
vt 0.667248 0.491325
vt 0.962963 0.843328
vt 0.401942 0.252855
vt 0.894806 0.694379
vt 0.973982 0.999339
vt 0.971572 0.994296
vt 0.880841 0.145105
vt 0.891760 0.136921
vt 0.888423 0.145876
vt 0.439771 0.038286
vt 0.441059 0.046663
vt 0.397703 0.602108
vt 0.048889 0.728794
vt 0.447866 0.301531
vt 0.885713 0.858680
vt 0.733588 0.966599
vt 0.533064 0.344874
vt 0.958469 0.644377
vt 0.067310 0.566016
vt 0.845636 0.851666
vt 0.850116 0.855612
vt 0.842891 0.856473
vt 0.517995 0.324130
vt 0.643677 0.785360
vt 0.648197 0.785535
vt 0.646688 0.792320
vt 0.512329 0.972660
vt 0.062811 0.514753
vt 0.070091 0.510471
vt 0.860780 0.925448
vt 0.871598 0.929940
vt 0.862552 0.930568
vt 0.593059 0.211635
vt 0.599704 0.213806
vt 0.599746 0.218399
vt 0.879766 0.117783
vt 0.873558 0.112967
vt 0.879839 0.103586
vt 0.077498 0.522446
vt 0.070829 0.526786
vt 0.066937 0.522802
vt 0.407698 0.297029
vt 0.083957 0.491157
vt 0.088871 0.518527
vt 0.083225 0.527571
vt 0.821767 0.423764
vt 0.089433 0.471851
vt 0.093387 0.484262
vt 0.206912 0.504669
vt 0.735597 0.937860
vt 0.036382 0.489507
vt 0.045897 0.490426
vt 0.036417 0.494852
vt 0.017372 0.665207
vt 0.024673 0.664856
vt 0.019492 0.667279
vt 0.793035 0.782211
vt 0.579079 0.365393
vt 0.584664 0.361421
vt 0.595510 0.273566
vt 0.117804 0.551417
vt 0.120430 0.564542
vt 0.785880 0.625301
vt 0.945725 0.572651
vt 0.140422 0.628159
vt 0.136574 0.624965
vt 0.507265 0.068820
vt 0.368668 0.429447
vt 0.361818 0.430624
vt 0.366541 0.427216
vt 0.746768 0.398183
vt 0.895262 0.149792
vt 0.152575 0.472748
vt 0.127195 0.556291
vt 0.121842 0.564318
vt 0.815469 0.409109
vt 0.539580 0.826572
vt 0.534125 0.819277
vt 0.538093 0.819817
vt 0.799188 0.562219
vt 0.791961 0.553914
vt 0.700374 0.181257
vt 0.710225 0.191870
vt 0.700346 0.192286
vt 0.146129 0.563495
vt 0.535575 0.826774
vt 0.961010 0.615440
vt 0.367330 0.422145
vt 0.370941 0.425342
vt 0.852304 0.960308
vt 0.164824 0.622205
vt 0.196342 0.482282
vt 0.208017 0.479035
vt 0.133325 0.608984
vt 0.493798 0.011927
vt 0.494752 0.011927
vt 0.494752 0.010973
vt 0.178633 0.563600
vt 0.459441 0.047187
vt 0.459007 0.050647
vt 0.821644 0.571308
vt 0.815173 0.571036
vt 0.531411 0.083695
vt 0.971067 0.560094
vt 0.980820 0.564492
vt 0.972308 0.565656
vt 0.973906 0.551393
vt 0.982373 0.248050
vt 0.029444 0.686387
vt 0.031847 0.680260
vt 0.035898 0.687318
vt 0.975436 0.567375
vt 0.972100 0.576516
vt 0.372212 0.640832
vt 0.358375 0.639155
vt 0.883939 0.853439
vt 0.049636 0.956360
vt 0.185774 0.602766
vt 0.844787 0.448691
vt 0.850219 0.445952
vt 0.852810 0.451244
vt 0.496660 0.010973
vt 0.495706 0.010973
vt 0.495706 0.011927
vt 0.789969 0.543474
vt 0.800444 0.547049
vt 0.524426 0.781197
vt 0.520975 0.775699
vt 0.549233 0.278699
vt 0.624318 0.812253
vt 0.626806 0.814702
vt 0.622049 0.817588
vt 0.855765 0.103564
vt 0.218323 0.101354
vt 0.805096 0.953774
vt 0.811876 0.954992
vt 0.839197 0.174886
vt 0.660414 0.422137
vt 0.657104 0.432864
vt 0.584192 0.765354
vt 0.109580 0.492390
vt 0.105765 0.485017
vt 0.122980 0.623116
vt 0.127876 0.618267
vt 0.127899 0.622083
vt 0.983418 0.599683
vt 0.978735 0.595993
vt 0.989517 0.592997
vt 0.100290 0.473140
vt 0.522514 0.801246
vt 0.519642 0.789915
vt 0.264271 0.498378
vt 0.256526 0.505306
vt 0.150438 0.453878
vt 0.563701 0.138081
vt 0.698332 0.233316
vt 0.886347 0.823717
vt 0.880096 0.824023
vt 0.875916 0.820818
vt 0.937821 0.618947
vt 0.948180 0.623886
vt 0.453406 0.041858
vt 0.379613 0.650487
vt 0.720847 0.881293
vt 0.723154 0.873467
vt 0.724872 0.887863
vt 0.696710 0.407450
vt 0.572989 0.227890
vt 0.581852 0.234090
vt 0.570994 0.239276
vt 0.234953 0.476800
vt 0.242419 0.472007
vt 0.071306 0.489669
vt 0.072147 0.481700
vt 0.578091 0.202106
vt 0.611159 0.312482
vt 0.865616 0.919933
vt 0.858472 0.912429
vt 0.870966 0.915401
vt 0.130588 0.469940
vt 0.034454 0.439231
vt 0.658347 0.983329
vt 0.671306 0.982210
vt 0.653461 0.988705
vt 0.991974 0.845773
vt 0.990156 0.839477
vt 0.998031 0.838237
vt 0.938359 0.569385
vt 0.943898 0.567569
vt 0.941070 0.573071
vt 0.909050 0.178598
vt 0.904628 0.172943
vt 0.538065 0.038965
vt 0.530926 0.033985
vt 0.278431 0.488687
vt 0.142156 0.620176
vt 0.943167 0.399701
vt 0.952274 0.397011
vt 0.955582 0.399240
vt 0.708779 0.578237
vt 0.772444 0.797596
vt 0.072810 0.449660
vt 0.071285 0.446792
vt 0.932895 0.623801
vt 0.769640 0.410631
vt 0.452262 0.236674
vt 0.452632 0.231021
vt 0.459288 0.234404
vt 0.959016 0.862526
vt 0.578062 0.209030
vt 0.960599 0.797783
vt 0.962045 0.803387
vt 0.958361 0.802425
vt 0.241245 0.595694
vt 0.238360 0.599713
vt 0.229334 0.591593
vt 0.636487 0.562016
vt 0.540876 0.041262
vt 0.021238 0.446668
vt 0.018287 0.452452
vt 0.995021 0.823234
vt 0.995464 0.834720
vt 0.993242 0.824249
vt 0.853362 0.928406
vt 0.854048 0.919362
vt 0.507822 0.292749
vt 0.032330 0.718027
vt 0.028892 0.726694
vt 0.023373 0.724290
vt 0.861916 0.920078
vt 0.951439 0.653769
vt 0.965348 0.653988
vt 0.009377 0.559957
vt 0.000677 0.558967
vt 0.027758 0.559492
vt 0.967377 0.641708
vt 0.079145 0.676203
vt 0.091199 0.680775
vt 0.079710 0.680002
vt 0.065810 0.538744
vt 0.071896 0.533385
vt 0.096926 0.519412
vt 0.095585 0.528374
vt 0.006637 0.658259
vt 0.015886 0.654207
vt 0.088174 0.491491
vt 0.565816 0.214450
vt 0.581057 0.205765
vt 0.107742 0.489099
vt 0.103417 0.494002
vt 0.445397 0.057645
vt 0.706257 0.445967
vt 0.695282 0.445531
vt 0.696438 0.581799
vt 0.110746 0.504916
vt 0.223964 0.042796
vt 0.804852 0.549670
vt 0.802981 0.553043
vt 0.843970 0.900283
vt 0.456493 0.030131
vt 0.211098 0.054528
vt 0.780190 0.779682
vt 0.788318 0.767931
vt 0.790274 0.562536
vt 0.771799 0.557949
vt 0.804222 0.562990
vt 0.000649 0.755428
vt 0.961633 0.993987
vt 0.956376 0.989036
vt 0.578008 0.366931
vt 0.936525 0.613655
vt 0.969959 0.460349
vt 0.990646 0.938318
vt 0.810431 0.653209
vt 0.947632 0.989628
vt 0.963808 0.996198
vt 0.656508 0.439378
vt 0.777591 0.802964
vt 0.941687 0.507324
vt 0.941787 0.497470
vt 0.947920 0.493028
vt 0.887482 0.788802
vt 0.882155 0.785803
vt 0.161051 0.514610
vt 0.699206 0.161400
vt 0.700583 0.164653
vt 0.818356 0.575721
vt 0.766845 0.767595
vt 0.118913 0.452467
vt 0.692515 0.160745
vt 0.064533 0.531618
vt 0.338906 0.635984
vt 0.354969 0.637176
vt 0.345272 0.438825
vt 0.343696 0.443519
vt 0.340017 0.443154
vt 0.100787 0.395249
vt 0.709230 0.167893
vt 0.863516 0.154298
vt 0.212370 0.568485
vt 0.202642 0.570172
vt 0.748319 0.237202
vt 0.754864 0.235608
vt 0.754200 0.239994
vt 0.973538 0.896440
vt 0.993159 0.598467
vt 0.992566 0.605161
vt 0.029675 0.655050
vt 0.807727 0.153786
vt 0.885555 0.813203
vt 0.019969 0.657620
vt 0.518354 0.097262
vt 0.825020 0.168368
vt 0.770344 0.012568
vt 0.759307 0.012535
vt 0.750629 0.009009
vt 0.582034 0.264767
vt 0.581127 0.257269
vt 0.221887 0.564376
vt 0.227986 0.478396
vt 0.031639 0.922030
vt 0.024809 0.918687
vt 0.013076 0.923166
vt 0.006713 0.915678
vt 0.016564 0.920344
vt 0.566426 0.168721
vt 0.565400 0.163103
vt 0.223631 0.487760
vt 0.748855 0.186741
vt 0.751774 0.189708
vt 0.748403 0.191209
vt 0.980358 0.864017
vt 0.597909 0.268287
vt 0.582227 0.200221
vt 0.644797 0.507887
vt 0.642824 0.511768
vt 0.648993 0.502336
vt 0.649036 0.509476
vt 0.793201 0.398423
vt 0.950589 0.584763
vt 0.141514 0.559983
vt 0.973507 0.649393
vt 0.765644 0.791630
vt 0.762227 0.789079
vt 0.601645 0.777949
vt 0.706310 0.411490
vt 0.024092 0.957351
vt 0.836562 0.652470
vt 0.722551 0.859754
vt 0.724328 0.865363
vt 0.718014 0.867790
vt 0.866279 0.953017
vt 0.252851 0.475848
vt 0.260216 0.474745
vt 0.957195 0.868360
vt 0.955700 0.659232
vt 0.940780 0.663573
vt 0.945431 0.659999
vt 0.510685 0.356983
vt 0.504294 0.010973
vt 0.503340 0.010973
vt 0.503340 0.011927
vt 0.657642 0.337824
vt 0.917022 0.858447
vt 0.707260 0.431026
vt 0.874075 0.646938
vt 0.751885 0.751324
vt 0.757978 0.748291
vt 0.705277 0.449317
vt 0.524960 0.004163
vt 0.533391 0.004235
vt 0.521985 0.007584
vt 0.586155 0.436863
vt 0.586396 0.447740
vt 0.579504 0.288135
vt 0.575354 0.295030
vt 0.728069 0.379272
vt 0.723225 0.384959
vt 0.583836 0.232258
vt 0.761422 0.061366
vt 0.756296 0.063152
vt 0.756269 0.057155
vt 0.103209 0.527812
vt 0.863394 0.801402
vt 0.866004 0.798527
vt 0.874425 0.798618
vt 0.023148 0.716531
vt 0.035258 0.490801
vt 0.032861 0.487153
vt 0.545226 0.065918
vt 0.547967 0.055015
vt 0.547659 0.063401
vt 0.590633 0.227701
vt 0.589806 0.237393
vt 0.980625 0.462098
vt 0.256128 0.101839
vt 0.253427 0.098338
vt 0.255015 0.093421
vt 0.065569 0.433426
vt 0.060354 0.437588
vt 0.069706 0.436827
vt 0.064387 0.443822
vt 0.639572 0.607466
vt 0.632547 0.613250
vt 0.638219 0.603851
vt 0.098373 0.486079
vt 0.594473 0.451796
vt 0.594708 0.443053
vt 0.599912 0.444288
vt 0.711903 0.350014
vt 0.717559 0.345639
vt 0.717973 0.352943
vt 0.980428 0.834696
vt 0.980751 0.844898
vt 0.976084 0.843663
vt 0.335479 0.386161
vt 0.325525 0.385631
vt 0.324539 0.382902
vt 0.316782 0.386178
vt 0.320778 0.382898
vt 0.688614 0.752394
vt 0.690291 0.748622
vt 0.697124 0.751944
vt 0.544473 0.049473
vt 0.948940 0.994851
vt 0.735130 0.865207
vt 0.757743 0.261625
vt 0.750579 0.253803
vt 0.976073 0.951003
vt 0.985191 0.950859
vt 0.084779 0.513972
vt 0.067535 0.513728
vt 0.648962 0.999474
vt 0.645313 0.996877
vt 0.657346 0.988217
vt 0.090552 0.529879
vt 0.751066 0.233155
vt 0.535477 0.056194
vt 0.541446 0.054438
vt 0.928320 0.660839
vt 0.746734 0.232352
vt 0.122405 0.627186
vt 0.583940 0.373741
vt 0.679606 0.596339
vt 0.692708 0.596081
vt 0.563028 0.052393
vt 0.181485 0.594269
vt 0.257440 0.083882
vt 0.965801 0.903794
vt 0.976834 0.881506
vt 0.984076 0.589738
vt 0.721192 0.773827
vt 0.729918 0.775513
vt 0.719399 0.780715
vt 0.214148 0.504618
vt 0.053764 0.954579
vt 0.063915 0.959284
vt 0.675559 0.647783
vt 0.683261 0.643943
vt 0.682755 0.647835
vt 0.003490 0.451196
vt 0.008192 0.447474
vt 0.012266 0.450736
vt 0.013025 0.457530
vt 0.005488 0.454302
vt 0.014595 0.454319
vt 0.929975 0.870941
vt 0.442364 0.337759
vt 0.283894 0.475326
vt 0.902938 0.198691
vt 0.903749 0.190590
vt 0.847265 0.178651
vt 0.871460 0.863665
vt 0.890150 0.864550
vt 0.638394 0.761485
vt 0.626239 0.763492
vt 0.834086 0.412740
vt 0.823990 0.407134
vt 0.977610 0.815545
vt 0.964138 0.811799
vt 0.984760 0.834782
vt 0.984146 0.844637
vt 0.659779 0.994534
vt 0.667355 0.993648
vt 0.664177 0.997957
vt 0.020662 0.694329
vt 0.027515 0.692695
vt 0.025674 0.695541
vt 0.989361 0.835202
vt 0.983162 0.801098
vt 0.074499 0.986256
vt 0.071301 0.987349
vt 0.479086 0.164119
vt 0.484195 0.168405
vt 0.547339 0.919528
vt 0.019000 0.701154
vt 0.751814 0.943484
vt 0.504321 0.364375
vt 0.503015 0.357639
vt 0.967427 0.429258
vt 0.034120 0.727475
vt 0.039020 0.727859
vt 0.579374 0.324516
vt 0.239067 0.084317
vt 0.865988 0.947100
vt 0.985698 0.904480
vt 0.067970 0.519159
vt 0.012101 0.691365
vt 0.023063 0.689291
vt 0.742833 0.376405
vt 0.746315 0.385002
vt 0.742503 0.384724
vt 0.063026 0.566359
vt 0.973188 0.794857
vt 0.099272 0.494609
vt 0.984778 0.771417
vt 0.989484 0.768018
vt 0.911751 0.619625
vt 0.677105 0.682225
vt 0.061444 0.443145
vt 0.064253 0.446430
vt 0.896427 0.110056
vt 0.893612 0.107990
vt 0.905583 0.104858
vt 0.571861 0.308435
vt 0.349498 0.446163
vt 0.746685 0.239417
vt 0.585865 0.197858
vt 0.597637 0.195317
vt 0.596154 0.204369
vt 0.595755 0.258031
vt 0.512934 0.093845
vt 0.513075 0.082390
vt 0.509065 0.011927
vt 0.510019 0.011927
vt 0.510019 0.010973
vt 0.583245 0.194598
vt 0.596072 0.223929
vt 0.600690 0.197281
vt 0.602645 0.189632
vt 0.599442 0.206979
vt 0.594442 0.437414
vt 0.396193 0.136522
vt 0.591067 0.444188
vt 0.719587 0.376150
vt 0.350669 0.391438
vt 0.345470 0.394069
vt 0.478429 0.038942
vt 0.915391 0.821913
vt 0.918939 0.827393
vt 0.912255 0.827453
vt 0.306542 0.137455
vt 0.311325 0.137494
vt 0.585044 0.203056
vt 0.037521 0.596241
vt 0.037798 0.592810
vt 0.047960 0.593880
vt 0.453786 0.054168
vt 0.534435 0.092045
vt 0.549762 0.041584
vt 0.297826 0.140302
vt 0.298521 0.149072
vt 0.589924 0.428450
vt 0.926775 0.663515
vt 0.923087 0.662977
vt 0.228085 0.045527
vt 0.468798 0.027108
vt 0.466802 0.014016
vt 0.473582 0.017881
vt 0.900719 0.116290
vt 0.904063 0.115658
vt 0.770903 0.420019
vt 0.761943 0.354984
vt 0.768011 0.359366
vt 0.500765 0.374141
vt 0.501477 0.364677
vt 0.153552 0.449595
vt 0.070596 0.356914
vt 0.073651 0.360842
vt 0.067040 0.357750
vt 0.578191 0.250527
vt 0.060306 0.516808
vt 0.064589 0.524102
vt 0.056861 0.513259
vt 0.616989 0.326982
vt 0.972195 0.884794
vt 0.547792 0.926769
vt 0.515415 0.076005
vt 0.513807 0.068779
vt 0.883692 0.940772
vt 0.882785 0.944573
vt 0.097708 0.504408
vt 0.115194 0.593431
vt 0.121616 0.582355
vt 0.121022 0.587407
vt 0.756823 0.074199
vt 0.976759 0.800679
vt 0.710283 0.776074
vt 0.680713 0.247057
vt 0.667952 0.251095
vt 0.672524 0.244877
vt 0.585533 0.207369
vt 0.082126 0.986489
vt 0.493275 0.076381
vt 0.091919 0.510533
vt 0.550296 0.014332
vt 0.561885 0.002450
vt 0.836314 0.801957
vt 0.764264 0.257595
vt 0.045821 0.484994
vt 0.426036 0.117911
vt 0.430439 0.110088
vt 0.436293 0.113610
vt 0.836152 0.767803
vt 0.841250 0.770716
vt 0.832219 0.775527
vt 0.730962 0.973810
vt 0.816052 0.788732
vt 0.157024 0.448946
vt 0.169896 0.454313
vt 0.157979 0.454456
vt 0.515349 0.054994
vt 0.518789 0.055466
vt 0.922656 0.672777
vt 0.892102 0.660102
vt 0.900623 0.655735
vt 0.994667 0.637277
vt 0.537681 0.006858
vt 0.545082 0.001505
vt 0.526900 0.011640
vt 0.650683 0.521114
vt 0.647118 0.604235
vt 0.641987 0.601857
vt 0.520852 0.389975
vt 0.517878 0.386110
vt 0.062796 0.487329
vt 0.812218 0.628234
vt 0.636478 0.613625
vt 0.883729 0.628311
vt 0.895838 0.623353
vt 0.330616 0.651093
vt 0.331462 0.647740
vt 0.570122 0.134536
vt 0.577396 0.139488
vt 0.523625 0.009307
vt 0.492844 0.009065
vt 0.491889 0.009065
vt 0.491889 0.010019
vt 0.080649 0.444927
vt 0.041973 0.438690
vt 0.070898 0.497498
vt 0.069635 0.494168
vt 0.080271 0.497156
vt 0.971990 0.833331
vt 0.968684 0.831384
vt 0.968984 0.824797
vt 0.021130 0.520461
vt 0.898679 0.663636
vt 0.882213 0.660094
vt 0.937603 0.993689
vt 0.518517 0.047772
vt 0.513154 0.037532
vt 0.521133 0.036182
vt 0.738008 0.777355
vt 0.733203 0.772560
vt 0.744815 0.776727
vt 0.919562 0.824516
vt 0.449334 0.238550
vt 0.460877 0.236739
vt 0.450562 0.240066
vt 0.348375 0.443290
vt 0.520687 0.070832
vt 0.299286 0.123212
vt 0.289543 0.113197
vt 0.509360 0.101803
vt 0.395630 0.657526
vt 0.097965 0.465739
vt 0.097926 0.475731
vt 0.969932 0.209626
vt 0.975754 0.212365
vt 0.966164 0.211088
vt 0.924836 0.859902
vt 0.536366 0.066421
vt 0.506759 0.854478
vt 0.751877 0.773019
vt 0.667151 0.368120
vt 0.663465 0.418522
vt 0.665244 0.408566
vt 0.751772 0.267204
vt 0.752675 0.197248
vt 0.743554 0.194564
vt 0.786265 0.260485
vt 0.769654 0.257882
vt 0.781040 0.256794
vt 0.920349 0.620941
vt 0.885203 0.877100
vt 0.475415 0.105332
vt 0.968410 0.808745
vt 0.936338 0.401745
vt 0.944221 0.404427
vt 0.962681 0.859837
vt 0.882216 0.149038
vt 0.022260 0.455186
vt 0.754892 0.246879
vt 0.753612 0.245471
vt 0.760206 0.245499
vt 0.064197 0.360965
vt 0.110349 0.354230
vt 0.027163 0.438237
vt 0.313340 0.383058
vt 0.301697 0.382921
vt 0.311371 0.374357
vt 0.690985 0.594929
vt 0.529729 0.056702
vt 0.967350 0.796453
vt 0.969704 0.802805
vt 0.556737 0.297613
vt 0.656018 0.507749
vt 0.516214 0.019420
vt 0.990568 0.847056
vt 0.022375 0.433236
vt 0.421169 0.652910
vt 0.420329 0.655705
vt 0.417636 0.648422
vt 0.991902 0.203027
vt 0.568078 0.374182
vt 0.307624 0.146850
vt 0.887133 0.304451
vt 0.890230 0.296407
vt 0.893434 0.292425
vt 0.867524 0.781965
vt 0.865203 0.786051
vt 0.872579 0.784198
vt 0.868957 0.788908
vt 0.749358 0.381852
vt 0.742765 0.368579
vt 0.922456 0.330415
vt 0.853176 0.802065
vt 0.857594 0.799497
vt 0.787536 0.534194
vt 0.897251 0.617305
vt 0.894676 0.865031
vt 0.859966 0.806463
vt 0.849250 0.807500
vt 0.987921 0.778911
vt 0.878812 0.665743
vt 0.905369 0.654001
vt 0.062266 0.430834
vt 0.053767 0.427475
vt 0.033775 0.504407
vt 0.730916 0.375253
vt 0.806136 0.567871
vt 0.523741 0.044958
vt 0.312699 0.388317
vt 0.600723 0.220638
vt 0.595344 0.234056
vt 0.916657 0.981367
vt 0.916439 0.978243
vt 0.848273 0.799829
vt 0.846808 0.802625
vt 0.891448 0.688807
vt 0.708637 0.537173
vt 0.714569 0.534335
vt 0.709380 0.537052
vt 0.036566 0.591134
vt 0.715055 0.873435
vt 0.504294 0.009065
vt 0.503340 0.009065
vt 0.503340 0.010019
vt 0.231655 0.603153
vt 0.544901 0.073588
vt 0.027699 0.408043
vt 0.022995 0.413585
vt 0.016911 0.409923
vt 0.116323 0.669654
vt 0.116964 0.669726
vt 0.109930 0.672221
vt 0.980688 0.770802
vt 0.735532 0.192012
vt 0.668336 0.160441
vt 0.430907 0.334310
vt 0.035117 0.690731
vt 0.734582 0.176793
vt 0.737401 0.182458
vt 0.787207 0.759089
vt 0.809616 0.577935
vt 0.750713 0.807719
vt 0.009213 0.695054
vt 0.824746 0.587010
vt 0.680810 0.479567
vt 0.493996 0.086986
vt 0.238072 0.092079
vt 0.233020 0.087318
vt 0.470000 0.164104
vt 0.857659 0.447888
vt 0.593198 0.250981
vt 0.946017 0.052987
vt 0.950572 0.043517
vt 0.957344 0.054181
vt 0.434262 0.036412
vt 0.432772 0.041154
vt 0.470640 0.157777
vt 0.727276 0.218810
vt 0.793862 0.808858
vt 0.491424 0.061282
vt 0.505248 0.010019
vt 0.506202 0.010019
vt 0.506202 0.009065
vt 0.975769 0.805207
vt 0.344695 0.108188
vt 0.346337 0.115059
vt 0.340202 0.112759
vt 0.340980 0.103691
vt 0.820835 0.777584
vt 0.798987 0.421167
vt 0.658298 0.074797
vt 0.425327 0.106210
vt 0.415965 0.110332
vt 0.988932 0.611395
vt 0.982760 0.607102
vt 0.013411 0.445065
vt 0.016836 0.450108
vt 0.255507 0.103471
vt 0.513114 0.014610
vt 0.896095 0.638108
vt 0.536114 0.087910
vt 0.508111 0.009065
vt 0.507156 0.009065
vt 0.507156 0.010019
vt 0.037496 0.440968
vt 0.077678 0.444224
vt 0.708119 0.115661
vt 0.234717 0.090078
vt 0.881438 0.166946
vt 0.887689 0.162250
vt 0.412422 0.108572
vt 0.419187 0.108431
vt 0.967124 0.848649
vt 0.928481 0.400140
vt 0.254697 0.078892
vt 0.000625 0.696755
vt 0.970556 0.865224
vt 0.750937 0.807029
vt 0.991105 0.885259
vt 0.716030 0.863056
vt 0.021221 0.925111
vt 0.423322 0.102901
vt 0.078241 0.995643
vt 0.919271 0.837826
vt 0.051534 0.557055
vt 0.525042 0.036085
vt 0.898105 0.408156
vt 0.899165 0.651849
vt 0.084448 0.389594
vt 0.399926 0.927934
vt 0.392586 0.931286
vt 0.389901 0.927033
vt 0.235848 0.061338
vt 0.757984 0.776180
vt 0.758546 0.193496
vt 0.771813 0.924410
vt 0.755842 0.802238
vt 0.088530 0.459432
vt 0.082978 0.511701
vt 0.891665 0.305138
vt 0.893054 0.299799
vt 0.898422 0.310851
vt 0.761362 0.776042
vt 0.482616 0.022303
vt 0.490391 0.023048
vt 0.488205 0.026766
vt 0.048677 0.433615
vt 0.582777 0.314865
vt 0.496676 0.948901
vt 0.498978 0.936190
vt 0.861975 0.808636
vt 0.865346 0.807248
vt 0.863517 0.818963
vt 0.303927 0.161063
vt 0.357180 0.653522
vt 0.510303 0.920436
vt 0.531635 0.224289
vt 0.515090 0.222540
vt 0.524847 0.219940
vt 0.565661 0.244218
vt 0.541151 0.221966
vt 0.532942 0.218001
vt 0.319757 0.009618
vt 0.332313 0.009200
vt 0.325153 0.012968
vt 0.024324 0.480614
vt 0.698229 0.759470
vt 0.847692 0.812042
vt 0.026458 0.459031
vt 0.021656 0.457350
vt 0.005745 0.509615
vt 0.398316 0.124602
vt 0.401363 0.128018
vt 0.983328 0.765673
vt 0.982956 0.767291
vt 0.715468 0.361154
vt 0.073534 0.531242
vt 0.578350 0.265892
vt 0.101479 0.467504
vt 0.635795 0.602716
vt 0.203289 0.031417
vt 0.061516 0.688215
vt 0.058133 0.683533
vt 0.067461 0.685991
vt 0.579106 0.190092
vt 0.312088 0.129957
vt 0.020036 0.442382
vt 0.220830 0.099155
vt 0.579092 0.197629
vt 0.409360 0.641875
vt 0.346510 0.086831
vt 0.672923 0.582970
vt 0.671771 0.591635
vt 0.283547 0.485211
vt 0.285826 0.486360
vt 0.511927 0.009065
vt 0.510973 0.009065
vt 0.510973 0.010019
vt 0.644336 0.606196
vt 0.895703 0.202717
vt 0.520171 0.225581
vt 0.348839 0.397630
vt 0.340103 0.399204
vt 0.499744 0.282956
vt 0.515260 0.784461
vt 0.516852 0.777636
vt 0.744656 0.009715
vt 0.728809 0.093185
vt 0.722302 0.091251
vt 0.728017 0.081293
vt 0.687106 0.158475
vt 0.736651 0.760780
vt 0.605772 0.036153
vt 0.591248 0.034734
vt 0.595660 0.027398
vt 0.475246 0.268970
vt 0.892368 0.168187
vt 0.512049 0.825693
vt 0.757020 0.894930
vt 0.757908 0.899143
vt 0.580775 0.607785
vt 0.957441 0.874269
vt 0.133460 0.582301
vt 0.200195 0.092684
vt 0.492844 0.007156
vt 0.491889 0.007156
vt 0.491889 0.008111
vt 0.949639 0.657102
vt 0.081089 0.593467
vt 0.074653 0.595008
vt 0.076962 0.586441
vt 0.904664 0.153197
vt 0.909895 0.158866
vt 0.901839 0.162104
vt 0.983263 0.902764
vt 0.875834 0.803843
vt 0.409742 0.656210
vt 0.508149 0.239832
vt 0.338795 0.395331
vt 0.868407 0.998684
vt 0.643601 0.759466
vt 0.994744 0.588377
vt 0.999093 0.596905
vt 0.478476 0.089740
vt 0.253609 0.084573
vt 0.647622 0.804542
vt 0.975768 0.935851
vt 0.973056 0.943353
vt 0.507030 0.219246
vt 0.517831 0.219161
vt 0.459431 0.079112
vt 0.469293 0.077920
vt 0.468648 0.086571
vt 0.584952 0.211004
vt 0.907668 0.151692
vt 0.000524 0.511565
vt 0.007782 0.513612
vt 0.704674 0.198647
vt 0.061342 0.561876
vt 0.359429 0.441982
vt 0.358265 0.437753
vt 0.364199 0.442623
vt 0.686205 0.253224
vt 0.934491 0.588043
vt 0.928947 0.593102
vt 0.928686 0.589298
vt 0.675422 0.744282
vt 0.851478 0.622072
vt 0.856024 0.624593
vt 0.526012 0.892600
vt 0.523884 0.871527
vt 0.524318 0.880428
vt 0.596395 0.249595
vt 0.020161 0.724644
vt 0.013694 0.721762
vt 0.763146 0.342791
vt 0.761616 0.350423
vt 0.723597 0.762950
vt 0.766321 0.929625
vt 0.514145 0.855797
vt 0.492869 0.841819
vt 0.549560 0.084759
vt 0.544618 0.082495
vt 0.026483 0.517125
vt 0.520691 0.039657
vt 0.887323 0.894839
vt 0.778403 0.912036
vt 0.550570 0.844810
vt 0.538048 0.809047
vt 0.501948 0.824952
vt 0.085638 0.443499
vt 0.083044 0.444844
vt 0.078507 0.441386
vt 0.932947 0.971808
vt 0.360967 0.436533
vt 0.356290 0.434702
vt 0.364586 0.446693
vt 0.356215 0.449722
vt 0.357032 0.445710
vt 0.696860 0.520083
vt 0.727864 0.913444
vt 0.736120 0.908924
vt 0.643470 0.390494
vt 0.867245 0.696779
vt 0.107000 0.589471
vt 0.497615 0.008111
vt 0.498569 0.008111
vt 0.498569 0.007156
vt 0.061296 0.699578
vt 0.058167 0.699849
vt 0.066774 0.693557
vt 0.798895 0.397753
vt 0.908604 0.085244
vt 0.913293 0.091261
vt 0.911117 0.101672
vt 0.357969 0.451747
vt 0.878458 0.825774
vt 0.959432 0.987578
vt 0.534453 0.800576
vt 0.515865 0.772610
vt 0.129332 0.455853
vt 0.987074 0.978049
vt 0.976931 0.984237
vt 0.707524 0.455949
vt 0.907265 0.108264
vt 0.130403 0.569020
vt 0.761380 0.263579
vt 0.756158 0.271407
vt 0.024225 0.475914
vt 0.349186 0.112897
vt 0.345957 0.107395
vt 0.353185 0.105197
vt 0.869451 0.925021
vt 0.562737 0.429681
vt 0.871862 0.153777
vt 0.500342 0.086096
vt 0.503970 0.089300
vt 0.506137 0.094547
vt 0.708342 0.751523
vt 0.727954 0.460521
vt 0.738487 0.466998
vt 0.723128 0.458790
vt 0.472118 0.034279
vt 0.069481 0.687640
vt 0.488717 0.034974
vt 0.036359 0.585040
vt 0.030860 0.584605
vt 0.602690 0.217957
vt 0.867212 0.938575
vt 0.771859 0.391417
vt 0.503935 0.217234
vt 0.514209 0.216972
vt 0.484330 0.100491
vt 0.964981 0.855549
vt 0.554140 0.433201
vt 0.985970 0.418998
vt 0.499217 0.907589
vt 0.836335 0.541176
vt 0.033879 0.627980
vt 0.680906 0.472556
vt 0.528502 0.218438
vt 0.048239 0.977766
vt 0.057257 0.977227
vt 0.504294 0.007156
vt 0.503340 0.007156
vt 0.503340 0.008111
vt 0.728536 0.097313
vt 0.723695 0.095942
vt 0.666974 0.224963
vt 0.658787 0.217056
vt 0.666532 0.211886
vt 0.797773 0.980223
vt 0.606371 0.581112
vt 0.505248 0.008111
vt 0.506202 0.008111
vt 0.506202 0.007156
vt 0.541848 0.220184
vt 0.340124 0.455303
vt 0.344634 0.452837
vt 0.351687 0.449373
vt 0.508111 0.007156
vt 0.507156 0.007156
vt 0.507156 0.008111
vt 0.536807 0.873046
vt 0.538417 0.873995
vt 0.639307 0.587644
vt 0.597063 0.244236
vt 0.754271 0.873191
vt 0.757978 0.877130
vt 0.750817 0.879820
vt 0.544553 0.864398
vt 0.428652 0.082813
vt 0.521784 0.861283
vt 0.536620 0.884105
vt 0.944380 0.447560
vt 0.949718 0.445137
vt 0.511927 0.007156
vt 0.510973 0.007156
vt 0.510973 0.008111
vt 0.655882 0.521113
vt 0.835559 0.615606
vt 0.835904 0.623527
vt 0.196535 0.087150
vt 0.878917 0.812104
vt 0.890383 0.821408
vt 0.883971 0.815199
vt 0.402296 0.137063
vt 0.643839 0.597547
vt 0.100750 0.517009
vt 0.998959 0.600145
vt 0.978176 0.239142
vt 0.769236 0.900568
vt 0.721188 0.108428
vt 0.833582 0.399205
vt 0.838100 0.403078
vt 0.650830 0.559549
vt 0.089901 0.457842
vt 0.667453 0.573158
vt 0.942306 0.454941
vt 0.764079 0.931711
vt 0.655045 0.595883
vt 0.911479 0.982879
vt 0.907155 0.980946
vt 0.662970 0.544979
vt 0.654383 0.601634
vt 0.814969 0.399001
vt 0.819667 0.407440
vt 0.818543 0.397701
vt 0.478170 0.140350
vt 0.489813 0.143408
vt 0.485702 0.146485
vt 0.917493 0.975288
vt 0.782861 0.387635
vt 0.037219 0.418417
vt 0.040858 0.414931
vt 0.044385 0.423521
vt 0.937992 0.968126
vt 0.524220 0.995428
vt 0.525938 0.991750
vt 0.527523 0.999502
vt 0.778279 0.271438
vt 0.773049 0.265090
vt 0.810887 0.406352
vt 0.193930 0.089684
vt 0.647752 0.074767
vt 0.663943 0.979376
vt 0.670077 0.978498
vt 0.704722 0.522454
vt 0.679801 0.525654
vt 0.974013 0.983147
vt 0.390123 0.181590
vt 0.703392 0.527723
vt 0.947342 0.984402
vt 0.747391 0.890022
vt 0.966763 0.989591
vt 0.039178 0.404961
vt 0.948934 0.986509
vt 0.052089 0.377892
vt 0.901448 0.120097
vt 0.064786 0.494462
vt 0.058897 0.379341
vt 0.745707 0.883350
vt 0.728148 0.171014
vt 0.080784 0.438964
vt 0.071353 0.434382
vt 0.762576 0.783168
vt 0.106221 0.350969
vt 0.466968 0.090830
vt 0.493484 0.053045
vt 0.706846 0.256408
vt 0.021740 0.440236
vt 0.212587 0.031598
vt 0.618703 0.257687
vt 0.514295 0.907534
vt 0.467357 0.027020
vt 0.459714 0.023860
vt 0.465256 0.019986
vt 0.809242 0.999445
vt 0.791550 0.984194
vt 0.644788 0.276900
vt 0.701971 0.642492
vt 0.642036 0.260561
vt 0.653098 0.265207
vt 0.392875 0.140216
vt 0.797376 0.967257
vt 0.899421 0.905789
vt 0.805181 0.141361
vt 0.869780 0.912887
vt 0.676462 0.170676
vt 0.678116 0.164410
vt 0.664666 0.152420
vt 0.663158 0.147596
vt 0.662895 0.142957
vt 0.739417 0.947640
vt 0.731065 0.945034
vt 0.513152 0.828447
vt 0.507226 0.803112
vt 0.712309 0.261823
vt 0.703499 0.267980
vt 0.696052 0.264965
vt 0.720129 0.940555
vt 0.522689 0.827731
vt 0.065709 0.486063
vt 0.731236 0.927658
vt 0.376695 0.982209
vt 0.380627 0.975414
vt 0.381009 0.984748
vt 0.668202 0.380740
vt 0.675041 0.373549
vt 0.684168 0.380815
vt 0.675679 0.413868
vt 0.458815 0.016394
vt 0.685488 0.432633
vt 0.713339 0.942980
vt 0.517928 0.765545
vt 0.524264 0.763875
vt 0.097466 0.375257
vt 0.445484 0.099795
vt 0.158293 0.628166
vt 0.592466 0.028425
vt 0.582525 0.031444
vt 0.582985 0.018380
vt 0.460438 0.090341
vt 0.354746 0.112084
vt 0.728391 0.999428
vt 0.988890 0.831827
vt 0.600544 0.027725
vt 0.504263 0.387248
vt 0.896037 0.159615
vt 0.650629 0.375961
vt 0.654972 0.385270
vt 0.962842 0.054742
vt 0.963026 0.833867
vt 0.965338 0.839063
vt 0.964038 0.840693
vt 0.497615 0.006202
vt 0.498569 0.006202
vt 0.498569 0.005248
vt 0.884642 0.160671
vt 0.889779 0.152943
vt 0.060530 0.525784
vt 0.970552 0.937966
vt 0.835522 0.944035
vt 0.056072 0.950561
vt 0.072492 0.959472
vt 0.123545 0.584419
vt 0.869890 0.934597
vt 0.734227 0.220010
vt 0.915301 0.834053
vt 0.585862 0.215999
vt 0.627242 0.254369
vt 0.043447 0.952861
vt 0.763203 0.249796
vt 0.336341 0.011171
vt 0.685450 0.176617
vt 0.695851 0.187514
vt 0.691210 0.190673
vt 0.414421 0.186841
vt 0.401075 0.193202
vt 0.022821 0.756608
vt 0.911947 0.817966
vt 0.911032 0.828118
vt 0.906531 0.820687
vt 0.517392 0.963471
vt 0.516665 0.966578
vt 0.515420 0.958992
vt 0.675790 0.654050
vt 0.747763 0.781315
vt 0.741565 0.785596
vt 0.736820 0.786162
vt 0.710869 0.271401
vt 0.772264 0.942349
vt 0.789384 0.268446
vt 0.737142 0.790236
vt 0.428626 0.086916
vt 0.539033 0.835053
vt 0.974337 0.824424
vt 0.478641 0.172584
vt 0.975442 0.241901
vt 0.245445 0.075812
vt 0.648202 0.991824
vt 0.188348 0.034816
vt 0.002403 0.807188
vt 0.938496 0.593271
vt 0.495323 0.033822
vt 0.452760 0.075076
vt 0.453746 0.085209
vt 0.106658 0.592799
vt 0.881512 0.116197
vt 0.005432 0.770444
vt 0.407878 0.172736
vt 0.459793 0.075795
vt 0.468385 0.073847
vt 0.459110 0.093755
vt 0.449475 0.095772
vt 0.456134 0.090852
vt 0.058341 0.357866
vt 0.083463 0.962042
vt 0.080520 0.964401
vt 0.000541 0.916032
vt 0.515372 0.792807
vt 0.831081 0.957459
vt 0.827035 0.965982
vt 0.350389 0.452829
vt 0.390259 0.657014
vt 0.194877 0.523868
vt 0.808901 0.806239
vt 0.868568 0.957448
vn -0.7398 0.5560 0.3790
vn -0.8013 -0.0058 0.5982
vn -0.4788 0.8129 0.3316
vn -0.7403 -0.5598 -0.3723
vn 0.1787 0.9839 0.0067
vn 0.0839 0.9888 0.1236
vn 0.1702 0.9832 0.0665
vn -0.4616 0.6323 0.6221
vn -0.5272 0.0192 0.8495
vn -0.8720 0.4895 -0.0085
vn -0.3675 -0.2548 0.8944
vn -0.7897 0.6134 -0.0061
vn -0.2112 -0.9773 -0.0144
vn -0.0351 0.3790 0.9247
vn 0.0543 0.0186 0.9984
vn -0.0082 0.3521 0.9359
vn -0.0929 0.0162 0.9955
vn 0.0830 -0.9440 0.3194
vn -0.8145 0.5555 -0.1675
vn -0.6598 0.6979 -0.2786
vn -0.8150 0.5193 -0.2570
vn -0.7495 -0.4427 -0.4921
vn -0.5755 -0.6720 -0.4661
vn 0.0893 -0.9352 0.3426
vn -0.7775 0.3018 -0.5516
vn -0.8124 0.1531 -0.5627
vn -0.5217 0.7171 -0.4622
vn -0.5843 0.2194 -0.7813
vn -0.5517 0.4347 -0.7118
vn -0.3224 -0.7878 -0.5248
vn 0.2535 0.6011 0.7579
vn -0.4862 -0.7042 -0.5175
vn 0.3860 0.5218 0.7608
vn 0.5695 -0.1110 0.8145
vn 0.1350 -0.9668 0.2170
vn -0.3315 -0.4183 -0.8456
vn -0.1957 0.2262 -0.9542
vn -0.0261 0.1340 -0.9906
vn 0.1062 0.3119 -0.9442
vn 0.1875 0.5435 -0.8182
vn 0.1979 0.2102 -0.9574
vn 0.3280 0.3897 -0.8606
vn -0.5088 -0.4366 0.7420
vn -0.6441 0.0758 0.7612
vn -0.6369 -0.1929 0.7464
vn 0.3591 0.6796 -0.6397
vn 0.3739 0.7447 -0.5528
vn 0.5150 0.1342 -0.8466
vn 0.7635 0.3539 -0.5402
vn 0.8210 -0.5140 -0.2484
vn 0.6490 0.3485 0.6763
vn 0.5461 -0.3657 0.7537
vn 0.3201 -0.8373 -0.4433
vn 0.3996 0.3403 0.8512
vn 0.5834 0.6801 0.4440
vn 0.8968 0.0568 0.4388
vn 0.7346 0.5290 0.4249
vn 0.8095 -0.1510 -0.5674
vn 0.7819 -0.2795 0.5573
vn 0.9120 -0.1299 -0.3891
vn 0.8384 -0.4682 0.2790
vn 0.8959 0.3361 -0.2906
vn 0.8118 -0.5695 0.1288
vn 0.3044 0.9493 -0.0791
vn 0.9987 -0.0510 0.0062
vn 0.0818 0.8478 -0.5240
vn 0.1579 0.7817 -0.6033
vn 0.7008 0.4618 -0.5437
vn 0.4875 0.5353 0.6898
vn -0.5413 0.8208 0.1823
vn 0.4363 0.6380 0.6345
vn 0.6082 0.6630 -0.4364
vn 0.6813 0.7272 -0.0834
vn -0.3552 0.7046 0.6143
vn 0.5560 0.8195 -0.1387
vn 0.0875 0.8346 -0.5438
vn -0.6471 0.7324 -0.2118
vn 0.0409 0.8934 -0.4474
vn 0.9206 0.3486 0.1761
vn 0.9567 -0.1728 0.2344
vn 0.9411 -0.0750 0.3296
vn 0.4830 0.8024 0.3505
vn -0.4043 0.8887 -0.2160
vn -0.2521 0.8771 -0.4088
vn -0.3655 0.9279 -0.0735
vn 0.1819 0.8938 -0.4100
vn -0.2938 0.9124 -0.2849
vn 0.5268 0.8011 -0.2842
vn -0.0559 0.8619 0.5040
vn -0.0259 0.8752 -0.4831
vn -0.4584 0.8711 0.1762
vn 0.1115 0.9163 -0.3847
vn -0.4206 0.7994 -0.4291
vn 0.6731 0.6510 -0.3509
vn -0.3596 0.9331 0.0059
vn 0.1661 0.9736 0.1566
vn -0.9911 -0.0418 -0.1265
vn -0.9664 -0.1265 -0.2239
vn -0.9964 -0.0834 0.0172
vn 0.4416 0.8093 0.3873
vn -0.3442 0.7812 0.5208
vn -0.1574 0.8810 0.4461
vn -0.2826 0.8846 0.3711
vn -0.3359 0.9304 0.1469
vn 0.8457 -0.4178 0.3319
vn -0.4189 0.8726 0.2512
vn -0.3133 0.9358 -0.1614
vn 0.0921 0.9297 0.3566
vn -0.3920 0.9199 0.0115
vn -0.3385 0.8404 -0.4233
vn -0.2207 0.9730 0.0674
vn -0.0471 0.7978 -0.6011
vn 0.4860 -0.6899 0.5365
vn -0.0515 -0.9008 0.4312
vn 0.5652 -0.5967 -0.5696
vn 0.6392 -0.3245 -0.6973
vn 0.8501 -0.2954 -0.4359
vn 0.4553 -0.4763 -0.7523
vn -0.5001 -0.3334 0.7992
vn 0.0202 0.9961 0.0858
vn 0.0002 0.9997 0.0244
vn 0.1246 0.9896 0.0717
vn 0.0025 -0.3257 0.9455
vn -0.2425 -0.3566 0.9022
vn -0.1790 -0.0478 0.9827
vn -0.1743 0.9489 0.2630
vn -0.0596 0.9975 0.0378
vn -0.2273 0.9513 0.2084
vn -0.1621 0.9350 0.3154
vn 0.1016 0.9887 0.1101
vn -0.0013 0.9859 0.1674
vn -0.7026 -0.5734 0.4213
vn -0.5978 -0.2662 0.7561
vn -0.4262 -0.5403 0.7255
vn 0.4275 -0.2948 0.8546
vn 0.4693 -0.4264 0.7732
vn 0.5069 -0.3373 0.7933
vn 0.6101 -0.6538 0.4476
vn 0.6924 -0.3299 0.6417
vn 0.8737 -0.4082 0.2645
vn -0.5395 0.0454 0.8407
vn -0.6573 0.3316 0.6768
vn -0.5358 0.3965 0.7454
vn -0.2742 0.5552 -0.7852
vn 0.2738 0.7883 -0.5510
vn 0.3359 0.4376 -0.8341
vn 0.5347 0.3700 -0.7597
vn 0.4460 0.3885 -0.8063
vn 0.4394 0.4568 -0.7734
vn -0.9774 0.1007 0.1859
vn -0.8462 0.2817 0.4523
vn -0.9489 0.2666 0.1687
vn 0.1079 0.3197 -0.9414
vn 0.1531 0.8043 -0.5741
vn 0.7015 0.4637 -0.5411
vn -0.6926 0.0126 0.7212
vn -0.9004 -0.0256 0.4344
vn -0.5959 0.0134 0.8029
vn -0.1834 0.4149 -0.8912
vn -0.7989 0.1291 -0.5874
vn 0.6325 -0.2909 0.7179
vn 0.2323 -0.5336 0.8132
vn 0.7373 -0.5901 0.3289
vn -0.8478 -0.4828 0.2195
vn -0.7167 -0.5946 0.3645
vn -0.8917 -0.3009 0.3382
vn 0.7784 0.0643 0.6245
vn 0.7798 -0.0588 0.6232
vn 0.8578 -0.1759 0.4830
vn 0.3385 -0.5018 0.7960
vn 0.6648 -0.0370 0.7461
vn 0.1220 -0.1294 0.9841
vn -0.0998 -0.1518 0.9834
vn 0.1432 -0.4021 0.9043
vn -0.0314 -0.2603 0.9650
vn -0.5033 0.0080 0.8641
vn -0.7125 0.2068 0.6705
vn -0.5533 0.0437 0.8319
vn -0.4715 0.1910 -0.8610
vn -0.4747 0.2648 -0.8394
vn -0.5547 0.4125 -0.7226
vn -0.7953 0.5552 -0.2433
vn -0.6167 0.6113 -0.4960
vn -0.5322 0.6195 -0.5771
vn 0.9520 -0.3024 0.0482
vn 0.8846 -0.4640 0.0463
vn 0.5013 0.5469 0.6706
vn 0.4501 0.8114 -0.3730
vn 0.8344 0.4296 -0.3453
vn -0.9424 0.1121 -0.3151
vn -0.8357 0.0690 -0.5448
vn -0.6213 -0.0352 -0.7828
vn 0.5015 0.1789 -0.8465
vn 0.5382 0.3024 -0.7867
vn 0.7222 -0.3122 -0.6172
vn -0.1329 -0.5151 0.8467
vn -0.2713 -0.4622 0.8442
vn 0.2594 -0.3340 0.9062
vn -0.1514 0.1715 -0.9735
vn -0.4805 0.1437 -0.8651
vn -0.4408 0.0181 -0.8974
vn 0.9154 0.4005 0.0402
vn 0.8981 -0.0274 0.4389
vn 0.9839 0.0500 0.1716
vn -0.4631 0.7624 -0.4519
vn -0.2449 0.9586 -0.1451
vn -0.6711 0.6799 -0.2956
vn 0.3963 0.8646 0.3088
vn 0.2426 0.9391 0.2433
vn 0.4920 0.6236 0.6074
vn 0.1955 -0.5635 0.8026
vn -0.1670 -0.3449 0.9237
vn -0.4282 -0.5811 0.6921
vn -0.6525 -0.5489 0.5224
vn -0.5473 -0.3998 0.7353
vn -0.3628 -0.2223 0.9050
vn 0.4411 0.7217 0.5334
vn 0.2527 -0.4646 -0.8487
vn 0.2900 -0.4511 -0.8441
vn 0.3623 -0.3645 -0.8578
vn 0.8507 0.2333 0.4710
vn 0.7628 0.0117 0.6465
vn 0.5793 0.2634 0.7714
vn 0.2502 0.9651 0.0773
vn 0.2512 0.9672 0.0375
vn 0.3174 0.9451 -0.0772
vn 0.3388 0.5247 -0.7810
vn 0.0039 0.6334 -0.7738
vn 0.2625 0.7311 -0.6297
vn 0.9193 -0.0755 0.3863
vn 0.9192 -0.2898 0.2664
vn 0.9134 -0.1949 0.3573
vn -0.2123 -0.8878 -0.4083
vn -0.0435 -0.9349 -0.3521
vn -0.1712 -0.7810 -0.6006
vn -0.9647 0.2554 -0.0638
vn -0.8606 0.3839 -0.3346
vn -0.9288 0.2703 -0.2536
vn -0.7331 -0.5860 -0.3453
vn -0.5240 -0.5882 -0.6160
vn -0.5781 -0.6772 -0.4552
vn -0.0024 0.9611 -0.2763
vn 0.1022 0.9889 -0.1076
vn 0.4943 0.0477 -0.8680
vn 0.5772 0.1152 -0.8084
vn 0.0894 -0.9336 0.3470
vn 0.1112 -0.8605 0.4972
vn 0.7818 0.1786 0.5974
vn -0.2295 -0.9716 -0.0579
vn -0.4606 -0.8792 0.1216
vn -0.4104 -0.9119 -0.0045
vn 0.2623 -0.7399 0.6195
vn 0.0619 -0.7722 0.6324
vn 0.2325 -0.6856 0.6898
vn -0.8582 -0.2368 0.4554
vn -0.6935 0.2127 0.6884
vn -0.7757 -0.3591 0.5189
vn 0.3873 -0.9198 -0.0633
vn 0.5708 -0.6894 0.4460
vn -0.9748 0.0395 -0.2195
vn -0.9612 0.2394 -0.1373
vn -0.8941 0.4476 0.0162
vn -0.9613 0.1085 0.2533
vn -0.9597 0.0805 -0.2692
vn -0.9656 0.2596 0.0150
vn -0.9666 0.0651 -0.2478
vn -0.9961 -0.0273 0.0838
vn -0.9511 0.2583 0.1693
vn -0.1277 0.9837 -0.1263
vn -0.0470 0.8027 -0.5945
vn -0.1189 -0.9819 -0.1473
vn -0.0526 -0.9922 0.1133
vn -0.0895 -0.9431 -0.3202
vn 0.6091 -0.0314 -0.7925
vn 0.3954 0.0552 -0.9169
vn 0.2813 0.3486 -0.8941
vn -0.6827 0.6370 -0.3579
vn -0.6159 0.7414 -0.2665
vn -0.7382 0.2371 -0.6316
vn -0.7279 0.2960 -0.6185
vn -0.8026 0.3386 -0.4912
vn 0.0058 0.9008 0.4342
vn -0.4895 0.5779 0.6530
vn -0.1911 0.9142 0.3574
vn -0.7378 0.0434 -0.6736
vn -0.8996 0.2523 -0.3564
vn 0.2714 -0.9611 0.0519
vn -0.0784 -0.7747 0.6274
vn -0.4802 -0.3461 0.8060
vn -0.6670 -0.1942 0.7193
vn -0.9183 -0.0818 0.3873
vn 0.4520 0.0821 -0.8882
vn -0.0348 0.1822 -0.9826
vn 0.3227 0.1118 -0.9399
vn -0.5947 0.4616 -0.6582
vn -0.7713 0.6314 -0.0803
vn -0.8233 0.2627 0.5031
vn -0.7984 0.3536 0.4873
vn -0.8556 0.4807 0.1923
vn -0.0114 -0.5678 0.8231
vn 0.1255 -0.6220 0.7729
vn -0.0017 -0.5858 0.8105
vn -0.2937 -0.4120 0.8626
vn -0.1652 -0.3974 0.9027
vn -0.3257 -0.4328 0.8406
vn -0.2914 -0.6178 0.7304
vn -0.1827 -0.3586 0.9154
vn -0.4346 -0.3353 0.8359
vn -0.9628 -0.2567 0.0844
vn -0.9323 -0.0019 0.3618
vn -0.1130 0.9299 0.3501
vn -0.2680 0.9130 0.3075
vn -0.2455 0.8321 0.4973
vn -0.4469 0.7599 0.4720
vn -0.8698 0.1710 0.4629
vn -0.7674 0.5757 0.2822
vn -0.3398 0.9400 -0.0289
vn -0.2820 0.9451 0.1653
vn -0.3680 -0.3154 0.8747
vn -0.9478 0.0464 -0.3156
vn -0.9864 0.1639 -0.0097
vn -0.9875 0.1498 -0.0497
vn -0.9890 0.1410 -0.0441
vn -0.8916 0.3137 0.3265
vn 0.2970 0.9348 0.1949
vn 0.3151 0.8732 0.3717
vn -0.6618 0.7333 0.1559
vn -0.5499 -0.0463 0.8339
vn -0.4754 0.3044 0.8254
vn -0.5780 0.0649 0.8134
vn -0.4915 -0.7408 -0.4578
vn -0.3815 -0.8218 -0.4232
vn -0.3389 -0.7432 -0.5769
vn -0.9668 0.2082 0.1483
vn -0.7497 0.1999 0.6309
vn -0.7673 0.0110 0.6412
vn -0.4169 0.8898 -0.1855
vn -0.5828 0.7370 -0.3422
vn -0.6021 0.7419 -0.2951
vn 0.7057 0.6971 -0.1271
vn -0.1416 0.9868 0.0785
vn -0.0913 0.7241 -0.6836
vn -0.5911 0.7418 0.3167
vn -0.8149 0.5352 0.2225
vn 0.8203 -0.3967 0.4120
vn 0.3134 0.0816 -0.9461
vn -0.0129 0.3120 -0.9500
vn 0.2404 0.1021 -0.9653
vn 0.5613 -0.3401 0.7545
vn 0.4034 -0.3088 0.8613
vn 0.3073 -0.2918 0.9058
vn 0.0979 -0.5305 0.8420
vn 0.2044 -0.8410 0.5009
vn 0.2846 -0.4485 0.8472
vn 0.0373 -0.5984 0.8004
vn 0.1365 -0.4403 0.8874
vn -0.3515 -0.3518 0.8676
vn -0.8245 0.3337 0.4570
vn -0.5589 0.7076 0.4324
vn -0.7982 0.1494 0.5835
vn -0.9505 0.2318 0.2068
vn 0.3220 0.5966 0.7351
vn 0.2987 0.8427 0.4480
vn 0.6269 0.5030 0.5950
vn -0.9240 0.1274 0.3606
vn -0.2678 0.9622 -0.0490
vn -0.4960 -0.3710 0.7850
vn -0.9307 0.1079 -0.3494
vn -0.9871 0.1599 -0.0077
vn 0.4415 0.6277 0.6412
vn -0.0940 0.1530 0.9838
vn 0.4522 0.0461 0.8907
vn 0.5350 0.1298 0.8348
vn 0.3070 0.1184 0.9443
vn -0.2235 0.3668 -0.9030
vn -0.2672 0.3528 -0.8968
vn 0.0506 0.2900 -0.9557
vn 0.1529 0.9156 0.3720
vn 0.0538 0.9370 0.3451
vn -0.1505 0.9885 0.0123
vn -0.5352 0.8183 -0.2095
vn -0.2061 0.9762 -0.0682
vn 0.1831 0.9770 -0.1088
vn 0.3369 0.8940 0.2953
vn 0.0943 0.9952 0.0251
vn -0.2528 0.9671 -0.0284
vn 0.9414 0.0753 -0.3289
vn 0.3165 -0.6982 -0.6421
vn -0.2061 0.9133 -0.3513
vn -0.9654 0.0480 -0.2564
vn 0.8866 -0.0110 -0.4624
vn 0.8092 -0.3600 -0.4643
vn 0.9916 -0.1074 -0.0726
vn 0.6226 0.7676 -0.1526
vn 0.0747 0.9958 -0.0524
vn 0.0671 0.0351 0.9971
vn -0.3947 0.9145 0.0885
vn -0.0131 0.9973 -0.0728
vn 0.2884 0.9565 -0.0440
vn -0.0383 0.9897 0.1381
vn 0.1378 0.9684 0.2077
vn -0.0776 0.9959 0.0455
vn -0.4992 0.1890 0.8456
vn -0.5243 0.0010 0.8516
vn -0.4702 -0.0291 0.8821
vn 0.1579 0.9576 -0.2409
vn 0.1003 0.9784 -0.1806
vn 0.2445 0.9666 -0.0772
vn -0.7968 0.4516 0.4014
vn -0.7617 0.3366 0.5536
vn 0.4994 0.0774 -0.8629
vn 0.5376 -0.0002 -0.8432
vn 0.3525 -0.0342 -0.9352
vn -0.2193 0.7493 0.6248
vn -0.3400 0.3272 0.8817
vn 0.4612 -0.2040 0.8635
vn 0.3441 0.2156 0.9138
vn -0.2905 -0.1120 0.9503
vn 0.2012 0.9656 -0.1650
vn -0.2253 0.8736 -0.4313
vn -0.4616 0.8865 0.0324
vn -0.5336 0.7207 -0.4427
vn -0.3008 -0.1216 -0.9459
vn 0.3854 -0.0598 -0.9208
vn 0.3551 0.0439 -0.9338
vn 0.1977 0.9730 -0.1195
vn 0.2885 -0.5709 0.7687
vn -0.2169 -0.1887 0.9578
vn -0.7593 -0.0374 0.6496
vn -0.4565 -0.3584 0.8143
vn -0.4953 -0.5255 0.6918
vn -0.1293 0.9474 0.2929
vn -0.1298 0.9911 0.0297
vn 0.9751 -0.0885 0.2034
vn 0.9825 0.1105 0.1502
vn 0.9951 0.0547 -0.0820
vn 0.9575 -0.2626 0.1194
vn -0.2553 -0.8298 0.4962
vn -0.4288 -0.8564 0.2875
vn 0.2502 0.8941 0.3715
vn 0.4195 0.8269 0.3744
vn 0.5171 0.5269 0.6745
vn -0.5717 -0.0229 0.8201
vn -0.5316 0.2010 0.8228
vn -0.0777 0.9743 0.2116
vn -0.0941 0.9831 0.1569
vn -0.0833 0.9307 0.3563
vn -0.1368 0.9611 0.2400
vn 0.2178 0.9608 0.1717
vn 0.0320 0.9821 0.1856
vn -0.5898 -0.7903 -0.1659
vn -0.6112 -0.7802 -0.1335
vn -0.2377 -0.9513 0.1964
vn -0.5661 0.7631 -0.3119
vn -0.4714 0.0865 0.8776
vn -0.4611 0.2996 0.8352
vn -0.4923 -0.0290 0.8700
vn -0.4348 -0.0490 -0.8992
vn -0.1871 -0.2103 -0.9596
vn -0.2152 0.2131 -0.9530
vn -0.7868 0.3948 -0.4745
vn -0.9016 0.3187 -0.2923
vn -0.8313 0.0915 -0.5482
vn -0.3304 0.9202 0.2100
vn -0.2380 0.9321 -0.2730
vn -0.1157 0.9810 -0.1559
vn -0.9722 0.2136 -0.0963
vn 0.6298 0.3120 -0.7113
vn 0.8339 0.2535 -0.4902
vn 0.8043 0.4165 -0.4238
vn -0.7642 0.3327 0.5526
vn -0.7150 0.1019 0.6917
vn 0.2779 -0.8720 -0.4031
vn 0.4472 -0.8267 -0.3414
vn 0.4971 -0.6771 -0.5426
vn 0.5485 -0.3446 -0.7619
vn 0.1069 -0.4705 -0.8759
vn -0.6562 0.2799 -0.7007
vn -0.7563 0.3982 -0.5191
vn -0.6147 0.3778 -0.6924
vn 0.3763 -0.3089 0.8735
vn 0.1396 -0.5841 0.7996
vn 0.5836 -0.6338 -0.5076
vn 0.3524 -0.7450 -0.5664
vn 0.9522 -0.0930 0.2908
vn 0.8471 -0.1288 0.5155
vn 0.8909 -0.3594 0.2776
vn 0.4503 0.1077 -0.8864
vn 0.4916 -0.0299 -0.8703
vn 0.5484 0.1042 -0.8297
vn 0.6151 0.2196 -0.7572
vn 0.9092 0.0699 -0.4104
vn -0.5857 0.1217 -0.8013
vn -0.8156 0.3386 -0.4692
vn 0.6348 -0.1743 -0.7528
vn 0.4321 0.1699 -0.8857
vn 0.5760 0.0721 -0.8143
vn 0.4938 0.0754 -0.8663
vn 0.5352 0.1521 -0.8309
vn 0.5108 0.2256 -0.8296
vn -0.1013 0.9766 -0.1896
vn -0.4163 0.8959 0.1549
vn -0.5239 0.8390 0.1471
vn -0.2333 0.9465 0.2229
vn -0.3048 0.8436 0.4420
vn -0.0780 0.9886 0.1286
vn -0.2879 0.9576 -0.0084
vn -0.4222 0.8926 -0.1579
vn -0.5379 0.8415 0.0503
vn -0.6691 0.3802 0.6385
vn 0.0061 0.9920 -0.1258
vn 0.1598 0.9859 0.0494
vn 0.4273 0.6037 -0.6730
vn 0.4616 0.7184 -0.5204
vn 0.5497 0.1744 -0.8169
vn -0.6058 0.0430 -0.7944
vn -0.7594 -0.2093 -0.6160
vn -0.5729 -0.2841 -0.7688
vn -0.7654 0.4395 -0.4701
vn -0.9167 0.0666 -0.3940
vn -0.8105 0.0080 -0.5857
vn 0.9691 0.1433 -0.2009
vn -0.2143 0.9698 0.1167
vn -0.0600 0.9793 0.1932
vn 0.1479 0.9502 -0.2742
vn 0.5029 -0.0615 -0.8622
vn 0.4805 0.0172 -0.8768
vn 0.5171 0.5477 -0.6577
vn 0.2050 0.9322 0.2982
vn -0.0118 0.9241 0.3819
vn 0.0286 0.9623 0.2706
vn -0.0126 0.9797 -0.2001
vn 0.0305 0.9775 -0.2088
vn 0.0957 0.9902 -0.1019
vn -0.0239 0.9881 -0.1521
vn -0.0638 -0.9872 0.1462
vn 0.0258 -0.9813 -0.1906
vn 0.3732 0.7708 0.5164
vn 0.1910 0.9505 0.2450
vn -0.0269 0.9991 0.0337
vn -0.0776 0.9941 -0.0752
vn 0.0544 0.9534 -0.2969
vn 0.0572 0.9703 -0.2350
vn 0.0654 0.9870 -0.1471
vn 0.8848 -0.4624 -0.0567
vn 0.9028 -0.4041 0.1472
vn 0.9806 -0.1821 -0.0728
vn -0.4594 0.8879 -0.0230
vn 0.0097 0.9996 0.0253
vn -0.2132 0.9765 -0.0300
vn 0.6081 -0.2042 0.7672
vn 0.7702 -0.4186 0.4812
vn 0.7587 -0.2305 0.6093
vn -0.4354 -0.4785 0.7625
vn -0.3065 -0.3609 -0.8808
vn -0.6352 -0.2466 -0.7319
vn -0.3813 -0.7829 -0.4915
vn 0.2446 -0.4173 -0.8752
vn 0.4511 -0.3565 -0.8182
vn 0.4944 0.0139 -0.8691
vn -0.8982 0.2562 -0.3571
vn -0.4707 0.4364 -0.7668
vn -0.0201 -0.9783 0.2061
vn 0.6760 -0.5827 -0.4512
vn 0.0335 0.9796 0.1980
vn -0.1804 0.9826 -0.0432
vn -0.0049 0.9593 -0.2825
vn 0.0421 -0.7730 -0.6331
vn -0.2929 -0.8412 -0.4545
vn -0.1431 -0.8691 -0.4734
vn -0.5456 0.1914 0.8159
vn -0.4701 0.6286 0.6196
vn -0.4573 0.6676 0.5875
vn -0.1480 -0.1636 -0.9754
vn 0.3134 -0.3945 -0.8638
vn 0.0439 -0.1725 -0.9840
vn -0.5979 0.7985 -0.0701
vn -0.5502 0.7592 0.3477
vn 0.0287 0.3530 -0.9352
vn -0.0962 0.9928 0.0710
vn 0.0428 0.9964 -0.0735
vn -0.2055 0.9084 -0.3640
vn -0.0019 0.8733 0.4872
vn -0.1268 0.9501 0.2852
vn 0.1704 0.9192 0.3550
vn -0.0227 0.9948 0.0989
vn -0.1118 0.9935 -0.0214
vn 0.2219 0.8633 -0.4534
vn -0.5154 0.6787 -0.5231
vn -0.6962 0.6444 -0.3164
vn -0.6052 0.7668 -0.2141
vn 0.3317 0.9413 -0.0621
vn -0.0707 0.9713 -0.2272
vn 0.3312 0.9239 0.1915
vn 0.2955 -0.2509 0.9218
vn 0.2056 -0.3623 0.9091
vn 0.1237 -0.5048 0.8543
vn 0.0054 -0.6736 0.7390
vn 0.0382 0.8812 0.4711
vn -0.5268 -0.8472 -0.0690
vn -0.5677 -0.7429 0.3547
vn -0.2792 -0.9596 0.0343
vn 0.1050 0.9919 0.0713
vn 0.4767 -0.2857 -0.8314
vn 0.2114 -0.6185 -0.7568
vn 0.7313 0.5115 -0.4512
vn 0.7683 0.1759 -0.6155
vn 0.8769 0.2855 -0.3868
vn 0.4402 -0.1153 -0.8905
vn 0.4740 0.1519 -0.8673
vn -0.6509 -0.7097 -0.2696
vn -0.3963 -0.8491 -0.3493
vn -0.4628 -0.7257 -0.5091
vn 0.3351 0.9330 0.1310
vn 0.3109 0.9503 0.0147
vn -0.0535 -0.8042 -0.5920
vn -0.1566 -0.6795 -0.7168
vn 0.6259 0.3370 -0.7033
vn 0.5231 0.5784 -0.6259
vn 0.6042 0.5351 -0.5904
vn -0.6909 -0.1859 0.6986
vn -0.5798 -0.0632 0.8123
vn -0.5222 -0.0588 0.8508
vn 0.8097 0.1890 -0.5555
vn 0.7696 0.4857 -0.4145
vn 0.4490 0.6951 0.5615
vn 0.7679 0.2940 0.5691
vn -0.1772 0.7976 0.5766
vn -0.0421 -0.1349 0.9900
vn -0.3011 0.0816 0.9501
vn -0.0998 0.9676 -0.2319
vn 0.7723 -0.2891 -0.5656
vn 0.3198 0.2821 -0.9045
vn -0.2431 0.8299 0.5022
vn 0.2061 0.7561 0.6211
vn 0.0352 0.9420 0.3337
vn 0.7246 -0.5138 0.4594
vn 0.5731 -0.4438 0.6889
vn 0.8255 -0.3991 0.3991
vn 0.7316 0.4300 0.5290
vn 0.9064 0.1219 0.4045
vn 0.6046 0.2580 0.7536
vn -0.3870 -0.5115 0.7672
vn -0.5092 -0.1662 0.8445
vn -0.5269 -0.0480 0.8486
vn -0.0218 0.9964 -0.0822
vn -0.2677 0.9583 0.1000
vn -0.1428 0.9732 0.1803
vn -0.4974 0.1007 0.8617
vn -0.1620 0.0067 0.9868
vn -0.1353 -0.4109 0.9016
vn 0.5544 0.0401 -0.8313
vn 0.2682 0.2941 -0.9174
vn 0.5155 0.2774 -0.8108
vn 0.9673 0.1222 -0.2221
vn 0.9885 -0.0964 -0.1165
vn 0.9938 -0.1081 0.0243
vn 0.0457 0.9865 0.1572
vn 0.2759 0.9568 -0.0912
vn 0.7022 0.6807 0.2089
vn 0.3887 -0.5316 -0.7525
vn 0.0378 -0.7502 -0.6602
vn 0.9474 -0.0296 -0.3187
vn 0.5316 -0.7657 -0.3621
vn 0.3208 -0.9360 0.1449
vn 0.8224 -0.2821 0.4941
vn 0.8845 -0.1767 0.4318
vn 0.9086 -0.2416 0.3406
vn -0.8613 0.0458 0.5061
vn -0.2808 0.9561 -0.0833
vn -0.1332 0.9565 0.2597
vn -0.0819 0.9920 -0.0964
vn -0.1962 -0.4829 -0.8534
vn 0.0275 -0.1681 -0.9854
vn -0.2659 -0.3405 -0.9019
vn 0.0876 0.0865 -0.9924
vn 0.0220 0.0560 -0.9982
vn 0.3181 -0.0696 -0.9455
vn 0.5688 0.0732 -0.8192
vn 0.4412 0.5710 -0.6923
vn 0.6229 0.1404 -0.7696
vn 0.2224 -0.5799 0.7837
vn 0.0686 -0.1699 0.9831
vn 0.4143 -0.2882 0.8633
vn -0.6628 0.4092 -0.6271
vn -0.6237 0.2990 -0.7222
vn -0.5253 0.3257 -0.7861
vn -0.3021 0.4720 -0.8282
vn 0.0006 0.3018 -0.9534
vn 0.2451 -0.4095 0.8788
vn 0.2098 -0.5989 0.7728
vn 0.7102 -0.6261 -0.3218
vn 0.9271 -0.3212 -0.1931
vn 0.8228 -0.2938 -0.4865
vn 0.7170 -0.6963 -0.0322
vn 0.9927 0.0536 -0.1085
vn 0.9375 -0.2215 0.2683
vn 0.2003 -0.2089 0.9572
vn -0.3786 -0.6217 0.6857
vn -0.0623 -0.9338 0.3524
vn -0.5757 0.8093 -0.1166
vn -0.6479 0.2126 0.7314
vn -0.3622 0.2974 0.8834
vn -0.8146 0.0639 0.5765
vn -0.3578 -0.1710 0.9180
vn 0.7076 0.3933 0.5871
vn 0.7708 0.4988 0.3962
vn 0.9512 0.3035 0.0559
vn 0.2824 -0.9493 0.1385
vn -0.1335 -0.9878 -0.0801
vn 0.1571 -0.9759 0.1517
vn 0.3032 0.0937 0.9483
vn 0.1368 0.9903 -0.0240
vn 0.0089 -0.4977 0.8673
vn -0.0098 -0.4746 -0.8802
vn 0.3778 0.5553 -0.7408
vn -0.9947 0.0580 0.0844
vn -0.9688 0.0719 0.2371
vn -0.9365 -0.1149 0.3312
vn -0.7520 0.2682 -0.6021
vn -0.7447 0.2535 -0.6173
vn 0.6392 0.1217 -0.7594
vn 0.5162 0.1018 -0.8504
vn 0.3763 0.3455 -0.8597
vn 0.5507 0.1213 -0.8258
vn -0.1689 0.8837 -0.4365
vn -0.2605 0.9589 -0.1123
vn -0.5642 0.8234 -0.0606
vn 0.6198 -0.3812 -0.6860
vn -0.5698 0.6305 -0.5270
vn -0.1705 0.9825 -0.0755
vn -0.1927 0.9692 -0.1531
vn 0.0923 0.9913 -0.0937
vn -0.3174 -0.7878 0.5279
vn -0.6517 -0.5758 0.4937
vn 0.0944 0.9870 -0.1298
vn 0.4976 0.7454 -0.4435
vn 0.2610 0.9650 -0.0248
vn 0.1694 0.9256 -0.3384
vn -0.6669 -0.4183 0.6166
vn -0.9690 0.0340 -0.2448
vn -0.9973 0.0133 0.0717
vn 0.3337 0.9070 0.2570
vn 0.1901 0.9791 0.0719
vn 0.0054 0.9599 0.2802
vn 0.2521 0.9108 0.3269
vn 0.2983 0.9521 0.0669
vn 0.4911 0.8670 0.0844
vn -0.6680 0.3165 0.6735
vn -0.7121 0.3068 0.6315
vn -0.6272 0.0596 0.7766
vn -0.1026 0.9842 -0.1440
vn -0.0716 0.9974 -0.0053
vn 0.1499 -0.8033 0.5764
vn 0.5365 -0.4263 0.7283
vn 0.2919 -0.0423 0.9555
vn 0.4398 0.0603 0.8961
vn 0.7198 -0.1564 0.6764
vn 0.0785 0.9786 -0.1901
vn -0.3098 0.4064 -0.8596
vn -0.5416 0.6061 0.5825
vn -0.5778 0.2705 0.7700
vn -0.2007 0.6314 0.7490
vn 0.0961 0.7834 -0.6140
vn 0.4015 0.8816 -0.2482
vn 0.5668 0.3319 -0.7540
vn -0.7352 -0.1518 -0.6607
vn 0.8539 0.5122 0.0925
vn 0.9475 -0.3197 0.0060
vn 0.9102 -0.2211 0.3502
vn -0.2598 0.9654 -0.0238
vn 0.1124 0.9899 -0.0861
vn -0.1329 0.9891 -0.0637
vn -0.3766 -0.2770 0.8840
vn 0.1294 0.9872 -0.0936
vn 0.4761 0.6101 -0.6333
vn 0.2358 0.9113 -0.3376
vn -0.3438 -0.7230 -0.5992
vn -0.4886 -0.6392 -0.5939
vn 0.1197 0.9714 -0.2051
vn 0.0892 0.9461 -0.3114
vn -0.1429 0.9852 -0.0942
vn -0.0036 1.0000 -0.0000
vn -0.0654 0.9499 -0.3057
vn -0.1934 0.8719 -0.4498
vn -0.0036 0.9889 -0.1487
vn -0.2894 0.9544 -0.0732
vn 0.6695 0.7102 -0.2179
vn 0.6137 0.2499 -0.7489
vn 0.5850 -0.4100 0.6998
vn 0.3964 -0.6038 0.6915
vn 0.6344 -0.3774 0.6746
vn 0.3245 0.8830 -0.3393
vn -0.5139 0.6823 0.5199
vn -0.3183 0.5483 0.7733
vn -0.2721 0.7427 -0.6118
vn -0.1005 0.7656 -0.6355
vn 0.0801 0.7820 -0.6181
vn -0.1117 0.9562 -0.2704
vn -0.6346 0.3255 0.7009
vn -0.5060 0.8587 0.0809
vn -0.9668 0.2536 0.0302
vn -0.9757 0.1447 0.1644
vn 0.4471 0.8670 -0.2200
vn 0.8778 -0.0734 -0.4733
vn 0.8324 -0.1430 -0.5354
vn 0.1433 0.1725 -0.9745
vn 0.6894 -0.2490 0.6802
vn 0.3671 -0.1827 0.9121
vn 0.4573 -0.5394 0.7071
vn -0.2860 -0.4006 -0.8705
vn -0.1808 -0.9522 -0.2463
vn -0.0661 -0.5338 -0.8430
vn 0.2606 0.2359 0.9362
vn 0.0969 0.0878 0.9914
vn 0.0036 0.9938 0.1113
vn -0.0637 0.9949 -0.0787
vn 0.1607 0.9869 0.0156
vn -0.9589 0.0858 0.2705
vn -0.8980 -0.2446 0.3657
vn 0.7502 -0.5311 0.3939
vn -0.8560 0.3582 -0.3727
vn -0.8118 -0.1289 0.5695
vn 0.5694 -0.0293 -0.8215
vn 0.5586 0.1651 -0.8128
vn 0.6039 -0.0539 -0.7952
vn 0.3977 0.7879 -0.4702
vn 0.8564 0.4258 -0.2922
vn 0.4024 0.9025 -0.1536
vn -0.9749 0.1161 -0.1902
vn 0.3870 -0.5204 0.7612
vn 0.7131 -0.4864 0.5048
vn -0.0108 -0.9348 -0.3550
vn 0.4509 -0.8926 0.0050
vn 0.5116 0.3586 -0.7808
vn -0.3140 0.4269 -0.8480
vn -0.5436 0.4432 -0.7128
vn 0.9930 -0.1122 0.0373
vn -0.1742 0.6934 0.6992
vn -0.1963 0.9778 0.0730
vn -0.3495 -0.8032 -0.4824
vn 0.0055 -0.8655 -0.5009
vn -0.0417 -0.9750 -0.2184
vn -0.9669 -0.0107 -0.2551
vn -0.9719 0.1546 -0.1777
vn -0.4582 -0.2410 0.8555
vn 0.5879 -0.1493 -0.7951
vn 0.3319 0.5062 -0.7960
vn 0.1355 0.6768 0.7236
vn 0.2313 0.2289 0.9456
vn 0.1977 0.1258 0.9722
vn -0.0977 -0.2706 -0.9577
vn 0.6834 -0.1941 0.7037
vn -0.0032 0.9978 0.0668
vn -0.2334 0.8648 0.4446
vn -0.0335 0.1188 0.9924
vn -0.7013 0.6904 0.1778
vn 0.1248 0.9908 0.0531
vn -0.1865 0.9781 0.0923
vn 0.7886 -0.4833 -0.3801
vn 0.4349 -0.7342 -0.5213
vn 0.1547 -0.9818 0.1104
vn 0.1943 -0.9712 -0.1378
vn 0.4585 -0.1948 0.8671
vn 0.6690 -0.3771 0.6405
vn -0.9385 0.2796 -0.2023
vn 0.1409 0.9753 -0.1703
vn -0.2980 0.9498 0.0952
vn 0.9277 -0.0276 0.3723
vn 0.0605 0.9849 0.1624
vn -0.1799 0.9836 0.0158
vn 0.1784 0.9832 -0.0388
vn 0.2323 0.9345 -0.2696
vn 0.0165 0.8674 -0.4974
vn -0.2717 0.4601 0.8453
vn -0.5937 0.7596 0.2655
vn 0.3486 -0.0979 -0.9322
vn -0.0677 -0.0471 -0.9966
vn 0.1310 0.9666 0.2201
vn -0.1135 0.9898 0.0866
vn -0.0971 0.9869 -0.1291
vn -0.7329 -0.6686 0.1260
vn 0.2145 0.9689 0.1231
vn -0.7339 0.1157 -0.6693
vn -0.6537 0.1957 -0.7310
vn -0.8078 0.3434 -0.4790
vn -0.7251 -0.3385 -0.5997
vn -0.1950 -0.2572 -0.9465
vn -0.4718 0.0201 -0.8815
vn -0.2886 0.1793 -0.9405
vn 0.4795 0.4967 -0.7235
vn -0.8731 0.1314 -0.4695
vn -0.7666 0.0285 -0.6415
vn -0.9009 -0.1083 -0.4202
vn 0.0695 0.9834 0.1674
vn -0.0021 0.9888 -0.1491
vn 0.2479 0.9669 0.0596
vn 0.1915 0.3147 -0.9297
vn 0.3265 0.3937 -0.8593
vn 0.5888 -0.7097 -0.3869
vn 0.8862 -0.4626 -0.0265
vn 0.9272 -0.3272 -0.1823
vn 0.7494 -0.2638 -0.6072
vn -0.6299 -0.3398 -0.6984
vn 0.1322 0.8610 -0.4912
vn 0.0784 0.9922 0.0968
vn 0.2090 0.9778 -0.0168
vn 0.0831 0.9898 -0.1161
vn 0.8011 0.1576 -0.5773
vn 0.1983 0.9129 -0.3566
vn -0.2922 0.9426 -0.1616
vn 0.6860 -0.0212 -0.7272
vn 0.5051 0.0066 -0.8631
vn 0.2397 0.2296 -0.9433
vn 0.5500 0.1460 -0.8223
vn 0.1847 0.9798 0.0770
vn 0.5569 0.8268 0.0787
vn -0.0680 0.9872 0.1444
vn -0.5313 0.7442 -0.4049
vn -0.1866 0.9171 -0.3522
vn 0.6710 0.1781 -0.7197
vn 0.8896 0.2810 -0.3602
vn 0.9632 -0.1571 -0.2180
vn 0.8840 -0.3769 -0.2765
vn 0.8217 -0.5182 0.2374
vn 0.6726 -0.1545 -0.7237
vn 0.8439 0.1140 -0.5243
vn 0.8836 0.4390 -0.1628
vn -0.4148 -0.8866 -0.2047
vn -0.6837 -0.7088 -0.1738
vn -0.7314 -0.5222 -0.4386
vn -0.0415 0.3005 0.9529
vn 0.1576 -0.7164 0.6797
vn -0.3072 -0.9406 -0.1444
vn 0.2991 -0.9503 -0.0864
vn 0.5452 -0.6790 -0.4916
vn -0.3731 -0.5417 0.7533
vn 0.4886 -0.2523 -0.8352
vn 0.3966 -0.3541 -0.8469
vn 0.8776 0.3979 0.2673
vn 0.6858 0.5636 0.4605
vn 0.6099 0.0935 0.7869
vn 0.9173 0.2034 0.3425
vn 0.5624 -0.0730 0.8237
vn -0.9290 0.1866 0.3195
vn -0.2456 0.8061 0.5384
vn 0.0740 0.7849 0.6152
vn 0.3688 0.5811 -0.7255
vn 0.0353 -0.9827 -0.1821
vn 0.3960 -0.6356 0.6627
vn 0.4166 -0.5045 0.7563
vn 0.8120 0.4661 -0.3513
vn 0.6292 0.7418 -0.2322
vn -0.0716 0.9703 0.2311
vn 0.0392 0.9909 0.1288
vn -0.1402 0.9406 0.3093
vn -0.3890 0.4420 -0.8082
vn -0.4338 0.4569 -0.7765
vn 0.1449 0.2740 -0.9507
vn 0.7990 -0.1668 0.5777
vn -0.6213 -0.5760 -0.5313
vn 0.1474 0.9706 -0.1900
vn -0.0619 0.9958 0.0675
vn 0.5877 0.0018 0.8091
vn 0.4991 0.1047 0.8602
vn 0.6944 -0.1246 0.7087
vn 0.3224 0.9466 -0.0034
vn 0.8955 0.3701 0.2471
vn 0.4849 0.6079 -0.6288
vn 0.6713 0.0418 -0.7400
vn 0.5642 0.1650 -0.8090
vn 0.5376 -0.1092 -0.8361
vn 0.7353 -0.0338 -0.6769
vn 0.4077 -0.5916 -0.6955
vn -0.1022 -0.8359 0.5393
vn 0.2719 -0.7958 0.5411
vn 0.8357 -0.0729 -0.5444
vn 0.6550 0.0235 -0.7553
vn 0.9213 0.3151 -0.2277
vn 0.9807 0.0058 -0.1954
vn 0.5980 -0.0253 -0.8011
vn 0.8368 0.0944 -0.5393
vn -0.6245 0.0298 0.7805
vn -0.5997 0.1120 0.7923
vn -0.5165 -0.0348 0.8556
vn 0.4904 0.5138 -0.7040
vn 0.4339 0.8093 -0.3959
vn 0.1698 0.8468 -0.5041
vn -0.1872 0.9823 0.0067
vn -0.1012 0.9862 0.1308
vn -0.1088 0.9923 -0.0592
vn 0.3103 0.9391 -0.1477
vn 0.5143 0.7428 -0.4287
vn -0.7640 -0.3571 0.5373
vn -0.8065 -0.0746 0.5866
vn -0.6816 -0.1840 0.7082
vn 0.2185 -0.6451 0.7322
vn 0.1919 -0.4686 0.8623
vn -0.0651 0.9978 0.0137
vn -0.0782 0.9747 0.2092
vn -0.4156 0.9093 -0.0197
vn -0.2578 0.9502 0.1749
vn 0.6238 0.3349 -0.7062
vn -0.4649 0.0006 0.8854
vn 0.4328 0.8963 0.0963
vn 0.2274 0.9728 0.0453
vn 0.3409 0.9379 0.0637
vn -0.6243 0.0956 0.7753
vn -0.3707 -0.0755 0.9257
vn 0.2513 0.5766 -0.7774
vn 0.5318 0.4677 -0.7060
vn -0.1067 0.5574 0.8234
vn -0.8130 0.3421 0.4711
vn -0.7095 0.3771 0.5954
vn 0.1231 -0.8552 -0.5035
vn 0.4541 0.4846 0.7477
vn 0.7144 0.6355 0.2930
vn 0.6770 -0.1003 0.7291
vn -0.1213 -0.9660 -0.2281
vn -0.5062 -0.8346 -0.2171
vn 0.0198 0.9630 0.2688
vn -0.0213 0.9724 0.2325
vn -0.0492 0.9665 0.2520
vn 0.6176 0.2487 -0.7461
vn -0.7404 0.2253 0.6333
vn 0.6512 -0.6428 0.4033
vn 0.1294 -0.3925 0.9106
vn 0.0885 -0.7754 0.6252
vn 0.5998 -0.3265 0.7306
vn 0.6924 -0.4158 0.5897
vn -0.7117 0.2323 -0.6629
vn 0.7473 -0.4566 0.4827
vn -0.0863 0.9889 -0.1207
vn 0.8762 -0.2836 0.3896
vn -0.0748 0.6371 -0.7671
vn -0.0142 0.9992 -0.0369
vn -0.1013 0.9940 0.0405
vn 0.1567 0.9563 -0.2468
vn -0.8396 0.2708 -0.4709
vn -0.8386 0.2814 -0.4665
vn -0.7905 0.3141 -0.5258
vn -0.5803 0.7113 -0.3967
vn -0.6250 0.5567 -0.5472
vn 0.8374 -0.4234 -0.3456
vn 0.8960 -0.2104 -0.3909
vn -0.2254 0.9269 -0.3001
vn 0.7175 -0.4638 -0.5196
vn -0.3644 0.9234 0.1206
vn -0.3510 -0.3133 -0.8824
vn 0.5151 0.1210 0.8486
vn 0.5154 -0.3853 -0.7654
vn 0.0698 -0.0447 -0.9966
vn 0.9686 -0.1156 0.2199
vn 0.6295 -0.1333 0.7655
vn 0.1944 0.9654 -0.1741
vn -0.0753 0.9794 0.1872
vn -0.1872 0.9783 0.0891
vn -0.4941 0.0558 0.8676
vn 0.8852 -0.2879 -0.3655
vn -0.1357 -0.8215 0.5538
vn -0.1183 -0.5990 0.7920
vn 0.1677 -0.3922 0.9045
vn 0.1983 0.9272 0.3177
vn 0.1107 0.9732 0.2014
vn 0.3280 0.9443 0.0254
vn -0.2053 0.9754 -0.0800
vn -0.1584 0.9408 -0.2995
vn -0.1675 0.9858 -0.0132
vn 0.4477 -0.1006 0.8885
vn 0.3986 0.2849 0.8718
vn -0.0337 0.9764 0.2135
vn -0.0268 0.9722 0.2326
vn -0.1098 0.9657 0.2355
vn -0.1502 0.9603 0.2353
vn -0.0335 0.9744 0.2224
vn -0.0821 -0.6575 0.7490
vn -0.0886 -0.4155 0.9052
vn 0.1639 0.8483 -0.5035
vn 0.1576 0.9875 0.0005
vn 0.1090 0.9460 -0.3051
vn 0.4216 -0.4384 -0.7938
vn 0.0125 -0.3340 -0.9425
vn 0.2358 -0.6470 -0.7251
vn -0.0251 0.9952 0.0941
vn -0.2044 0.9769 -0.0619
vn -0.0466 0.9989 0.0108
vn 0.4880 0.8235 -0.2894
vn 0.0954 0.8487 -0.5202
vn -0.7591 0.1177 0.6403
vn -0.7279 0.2508 0.6382
vn 0.3272 0.9109 0.2515
vn 0.1913 0.9790 -0.0696
vn 0.1969 0.9369 0.2890
vn -0.1944 0.9789 0.0631
vn -0.0036 0.8861 -0.4634
vn -0.2088 0.9689 -0.1329
vn 0.0884 0.9915 -0.0959
vn -0.7938 0.4348 0.4253
vn -0.9523 0.2865 0.1053
vn -0.5987 0.6391 0.4827
vn -0.6512 0.7568 -0.0577
vn -0.4108 0.7959 0.4446
vn 0.6718 -0.4001 -0.6235
vn -0.7825 0.2825 -0.5550
vn -0.8604 0.2613 -0.4375
vn -0.7687 -0.0927 -0.6328
vn 0.4161 -0.7377 0.5316
vn 0.6409 -0.0317 0.7670
vn 0.4294 -0.5144 0.7423
vn -0.6948 0.5881 -0.4140
vn -0.1363 0.9906 -0.0073
vn -0.2036 0.9718 0.1193
vn -0.1554 0.9778 0.1404
vn 0.2776 -0.1534 0.9484
vn 0.7434 0.2997 0.5980
vn -0.7963 -0.2560 0.5480
vn -0.8316 -0.2081 0.5149
vn 0.4116 0.3917 -0.8229
vn 0.0964 0.9941 -0.0502
vn 0.5182 0.7814 -0.3477
vn -0.0735 0.9892 -0.1265
vn -0.1117 0.9818 0.1538
vn -0.9797 0.1032 0.1716
vn -0.7641 -0.0492 0.6432
vn -0.7676 -0.0544 0.6386
vn -0.6744 0.4249 -0.6038
vn -0.4891 -0.3979 -0.7762
vn -0.5701 -0.3277 -0.7534
vn -0.0257 0.9891 0.1450
vn -0.4714 -0.5682 0.6744
vn -0.0229 -0.2650 0.9640
vn -0.0259 -0.7866 0.6169
vn 0.3745 0.9270 -0.0181
vn -0.1246 0.9585 -0.2563
vn 0.0098 0.9980 0.0628
vn 0.9720 -0.1268 0.1979
vn 0.3028 0.9490 0.0872
vn 0.1456 0.8748 0.4621
vn 0.1496 0.9830 0.1062
vn 0.7955 0.2119 -0.5677
vn -0.7452 0.3360 0.5760
vn -0.2519 -0.1558 0.9551
vn 0.8435 0.3463 -0.4106
vn 0.5432 0.3924 -0.7422
vn 0.6673 -0.1438 -0.7308
vn 0.8624 0.1741 -0.4754
vn 0.7488 0.6189 0.2369
vn 0.4942 0.6147 -0.6147
vn -0.0131 0.9994 -0.0315
vn 0.0954 0.8022 -0.5893
vn -0.0396 -0.8622 -0.5050
vn 0.1026 -0.5568 -0.8243
vn 0.3128 -0.4293 -0.8473
vn 0.4573 -0.4453 0.7698
vn 0.7151 -0.3265 0.6181
vn -0.4311 0.5358 0.7260
vn -0.0435 0.9724 0.2292
vn -0.0665 0.9414 0.3307
vn 0.0214 0.9921 -0.1233
vn 0.1870 0.9682 -0.1661
vn 0.1151 0.9775 -0.1766
vn 0.8528 -0.3631 0.3754
vn 0.1596 -0.3110 0.9369
vn 0.0401 0.9613 -0.2725
vn 0.3030 0.9508 -0.0650
vn 0.6331 -0.1680 -0.7557
vn 0.0354 0.9451 0.3248
vn 0.0949 0.9828 0.1585
vn 0.8166 -0.2248 0.5317
vn 0.6969 -0.6747 0.2433
vn 0.9382 -0.2602 0.2283
vn -0.5359 -0.8427 -0.0514
vn -0.5936 -0.8048 -0.0052
vn 0.8057 -0.4949 -0.3256
vn 0.9169 -0.1176 0.3813
vn 0.0677 0.9673 0.2444
vn -0.1949 0.9646 0.1776
vn -0.0378 0.9986 0.0370
vn 0.2159 0.7163 0.6635
vn 0.1328 0.8641 0.4855
vn 0.1921 0.9257 0.3259
vn -0.4347 0.1181 0.8928
vn -0.4307 0.3916 0.8131
vn 0.9405 0.3201 -0.1143
vn 0.7868 0.5893 -0.1836
vn -0.3840 -0.3603 0.8501
vn -0.7200 -0.5414 0.4341
vn -0.1211 -0.7822 0.6111
vn -0.9629 -0.0761 -0.2590
vn -0.5937 0.2197 0.7741
vn -0.5828 0.0154 0.8125
vn -0.2390 0.9348 0.2625
vn 0.2284 0.9310 0.2847
vn -0.0238 0.9996 -0.0160
vn 0.1059 0.9943 0.0098
vn 0.9957 0.0812 0.0448
vn 0.7716 0.0101 -0.6360
vn -0.9303 -0.3667 -0.0016
vn -0.0486 0.9505 -0.3069
vn -0.2231 0.8718 -0.4361
vn 0.7548 -0.6509 -0.0819
vn 0.5287 -0.7678 0.3619
vn -0.2950 0.9535 0.0624
vn 0.2082 0.8930 0.3991
vn -0.0535 0.9721 -0.2284
vn -0.0530 0.9972 0.0525
vn 0.0686 0.9970 -0.0358
vn 0.4356 -0.0545 -0.8985
vn -0.0737 0.9885 0.1322
vn -0.1388 0.9866 -0.0863
vn 0.0153 0.9973 -0.0715
vn -0.5341 0.1839 0.8252
vn -0.5216 0.0364 0.8524
vn 0.0460 0.9711 0.2342
vn 0.7354 -0.3173 0.5988
vn -0.3849 -0.3551 0.8519
vn -0.2781 0.7501 0.6001
vn -0.4889 -0.1769 0.8542
vn 0.2546 -0.3762 0.8908
vn -0.4542 -0.2113 0.8655
vn 0.9222 -0.1126 0.3699
vn -0.0479 0.9966 -0.0676
vn -0.1069 0.9905 -0.0869
vn -0.2684 0.9530 0.1408
vn 0.5460 -0.1903 0.8159
vn 0.0937 0.9952 0.0297
vn 0.2312 0.9612 -0.1504
vn 0.0510 0.9863 0.1566
vn 0.0526 0.9043 0.4236
vn 0.1924 0.9355 0.2964
vn -0.0937 0.9931 -0.0699
vn -0.0661 0.9975 0.0233
vn 0.5094 0.4892 0.7080
vn -0.6149 -0.5613 0.5539
vn 0.9350 0.2592 -0.2422
vn 0.6263 0.5211 -0.5798
vn 0.6652 0.4582 -0.5896
vn 0.6006 -0.6541 0.4598
vn 0.3679 0.2619 0.8922
vn -0.2060 -0.1170 0.9715
vn -0.1195 -0.1269 0.9847
vn 0.3517 0.9177 0.1848
vn 0.3910 0.8716 0.2957
vn 0.5531 0.8043 0.2171
vn -0.1660 0.9848 -0.0507
vn 0.0055 0.9923 0.1234
vn -0.2458 0.9692 0.0129
vn -0.5594 0.8278 0.0416
vn -0.5433 0.8375 -0.0579
vn 0.5502 0.5497 -0.6286
vn 0.8728 0.1658 -0.4590
vn -0.0333 0.9776 0.2080
vn -0.0266 0.9982 0.0534
vn 0.0548 0.9982 -0.0250
vn -0.0142 0.9995 0.0292
vn -0.1805 0.9831 0.0309
vn 0.8262 0.5599 -0.0621
vn 0.6000 0.7734 -0.2046
vn 0.9032 0.3712 0.2154
vn 0.8442 0.1260 -0.5210
vn 0.6177 0.0945 -0.7807
vn -0.2272 0.8585 0.4597
vn 0.1248 0.9537 0.2738
vn -0.2612 0.9342 0.2431
vn 0.2656 -0.1864 0.9459
vn 0.1629 0.9269 -0.3382
vn -0.2101 0.8079 -0.5506
vn 0.1188 0.9416 -0.3151
vn 0.7145 0.6994 0.0190
vn 0.8281 0.5590 0.0436
vn -0.7651 0.5727 0.2945
vn 0.2276 0.8152 0.5326
vn 0.1526 0.9071 0.3922
vn 0.2902 0.9557 -0.0487
vn 0.2622 0.9617 0.0799
vn 0.0368 0.9963 0.0777
vn 0.5381 0.2267 -0.8119
vn 0.4246 0.0981 -0.9000
vn 0.5648 0.1989 -0.8009
vn 0.3698 0.7612 -0.5327
vn 0.0802 0.9737 -0.2132
vn 0.0855 0.9920 0.0928
vn 0.0575 0.9973 0.0463
vn 0.1924 0.9669 0.1677
vn 0.2049 0.5856 0.7843
vn 0.3354 -0.9256 0.1752
vn 0.3410 0.1301 -0.9310
vn -0.1643 0.9859 0.0305
vn -0.0737 0.9604 0.2686
vn -0.1751 0.9708 0.1642
vn 0.0766 0.9921 0.0991
vn -0.1544 0.9544 0.2555
vn -0.4125 0.9037 -0.1146
vn -0.0967 0.9860 0.1360
vn 0.0224 0.9687 0.2471
vn -0.1002 0.9564 0.2744
vn 0.9577 -0.0816 -0.2759
vn 0.9482 -0.3111 -0.0642
vn 0.0254 0.9836 -0.1785
vn 0.8039 0.5850 0.1072
vn 0.2034 0.9447 -0.2572
vn -0.0924 0.9847 -0.1476
vn 0.0745 0.9148 -0.3971
vn -0.9342 -0.0898 -0.3454
vn 0.0042 0.9930 -0.1184
vn 0.0271 0.9995 0.0168
vn 0.3204 0.9414 -0.1049
vn -0.7149 -0.3890 0.5810
vn -0.7501 -0.5592 0.3530
vn -0.0646 -0.6837 -0.7269
vn 0.0707 0.9972 -0.0223
vn 0.8793 -0.2194 0.4227
vn 0.7956 0.2746 0.5400
vn 0.2712 0.8892 0.3685
vn 0.1481 0.6324 0.7604
vn -0.1688 0.9310 0.3237
vn 0.7386 -0.5219 0.4267
vn -0.3326 -0.5359 0.7760
vn 0.1879 0.9708 -0.1488
vn 0.1077 0.9877 -0.1132
vn -0.2687 0.9525 0.1435
vn 0.3714 0.1352 -0.9186
vn 0.6558 0.1097 -0.7470
vn 0.4267 0.9017 -0.0700
vn 0.4527 -0.0030 0.8916
vn 0.9944 0.0960 0.0437
vn -0.6929 -0.6327 -0.3457
vn -0.4530 -0.6874 -0.5676
vn 0.7465 0.2158 0.6294
vn 0.3316 0.8890 0.3158
vn -0.2502 0.2916 -0.9232
vn -0.5022 0.0883 0.8602
vn -0.4858 -0.2963 0.8223
vn -0.7465 -0.0599 0.6626
vn 0.7304 -0.1783 0.6593
vn 0.6964 -0.3550 0.6237
vn 0.5540 0.6424 0.5296
vn 0.8965 0.4329 0.0944
vn 0.4655 0.8479 0.2536
vn 0.2440 -0.4525 0.8577
vn 0.4253 -0.7650 0.4836
vn 0.1392 0.9237 0.3568
vn -0.2784 -0.9456 0.1682
vn -0.6632 -0.6594 0.3542
vn -0.1134 0.9930 0.0317
vn 0.9443 -0.1845 0.2725
vn -0.8353 -0.5064 -0.2143
vn 0.5874 0.1700 0.7912
vn 0.9162 -0.2083 0.3424
vn 0.0282 -0.4957 0.8680
vn 0.1972 -0.6706 0.7151
vn -0.2662 -0.9401 -0.2130
vn 0.4199 -0.5056 0.7537
vn 0.6956 -0.5426 0.4708
vn 0.8092 -0.4281 0.4024
vn -0.8189 -0.2493 0.5169
vn -0.5554 -0.2515 0.7926
vn -0.6552 0.2975 0.6944
vn -0.0212 0.9763 0.2153
vn 0.1906 0.9717 -0.1394
vn -0.1820 0.9831 -0.0181
vn 0.4488 -0.5633 -0.6937
vn -0.0822 0.9947 0.0614
vn -0.2828 0.9571 0.0624
vn -0.2051 0.9783 -0.0280
vn -0.3418 -0.2212 0.9134
vn -0.4092 -0.1639 0.8976
vn 0.0316 -0.3324 0.9426
vn -0.4048 0.8862 -0.2255
vn -0.1306 0.9877 0.0865
vn 0.1939 0.9503 -0.2436
vn 0.0827 0.9952 -0.0517
vn 0.1033 0.9347 -0.3400
vn 0.2616 0.7782 0.5709
vn 0.5239 0.1724 0.8341
vn 0.5386 0.8284 0.1541
vn 0.4098 0.9110 -0.0466
vn 0.1455 0.9878 0.0553
vn 0.1891 0.9808 -0.0479
vn 0.0420 0.9989 -0.0205
vn -0.7099 -0.3766 -0.5952
vn 0.9567 0.1477 -0.2508
vn 0.8999 -0.2484 0.3584
vn -0.0775 0.7751 0.6270
vn 0.0220 -0.6084 0.7933
vn -0.2361 -0.3379 0.9111
vn -0.8654 0.4733 0.1643
vn -0.9081 0.4183 -0.0198
vn -0.9167 0.3430 0.2050
vn -0.0634 0.9724 0.2245
vn -0.1081 0.9802 0.1661
vn -0.5638 0.4868 0.6672
vn -0.0566 0.9856 0.1596
vn 0.1314 -0.8546 -0.5024
vn -0.1053 -0.6207 -0.7769
vn -0.6956 -0.3925 0.6018
vn -0.8204 -0.1984 0.5363
vn 0.0020 0.9964 0.0843
vn 0.1824 0.9572 0.2246
vn 0.0342 0.9984 -0.0444
vn 0.0308 0.9732 0.2280
vn -0.3472 0.8232 0.4491
vn 0.0184 -0.7243 0.6892
vn 0.0027 -0.7723 0.6352
vn 0.1728 0.2127 -0.9617
vn 0.2648 0.1797 -0.9474
vn -0.3938 0.9167 0.0679
vn 0.2219 0.9688 -0.1107
vn 0.1717 0.9179 0.3578
vn -0.0840 0.9957 -0.0378
vn 0.2783 0.9232 -0.2650
vn 0.2446 0.9483 -0.2020
vn -0.0688 0.9973 -0.0254
vn 0.8271 0.2430 -0.5067
vn 0.8041 0.1186 -0.5825
vn 0.5007 0.4284 -0.7522
vn 0.0211 0.8963 0.4430
vn -0.0092 0.9943 0.1062
vn -0.0761 0.9773 0.1976
vn -0.2036 0.9545 0.2181
vn -0.1736 0.9838 0.0458
vn 0.0187 0.9990 0.0405
vn -0.0151 0.9741 0.2256
vn 0.1659 0.9843 -0.0598
vn 0.3668 0.9280 -0.0658
vn 0.2790 0.9540 0.1097
vn 0.3608 0.8666 0.3446
vn 0.3303 0.8224 0.4632
vn 0.6936 0.7203 -0.0033
vn 0.0039 -0.1314 0.9913
vn -0.2071 -0.3455 0.9153
vn -0.5170 0.7343 -0.4400
vn 0.8494 0.5071 -0.1466
vn -0.1802 0.9625 0.2029
vn -0.0275 0.9925 0.1188
vn 0.3107 0.9280 0.2056
vn 0.1900 0.9714 0.1424
vn 0.3894 0.8169 0.4256
vn -0.5387 0.3327 -0.7740
vn 0.9462 -0.2822 0.1586
vn 0.0465 0.9880 -0.1473
vn -0.1211 0.9804 -0.1557
vn 0.4315 0.8997 0.0662
vn 0.2918 0.9271 0.2351
vn 0.2054 0.9778 -0.0426
vn -0.9820 0.1680 -0.0859
vn -0.5847 0.8110 -0.0184
vn 0.1042 0.6428 0.7589
vn -0.1893 0.5554 0.8098
vn -0.7068 0.5447 -0.4513
vn -0.5268 0.7883 -0.3178
vn -0.2703 0.9529 -0.1379
vn 0.1435 -0.8734 0.4654
vn -0.3281 0.8580 -0.3951
vn -0.3299 0.9318 -0.1513
vn -0.1382 0.9421 0.3055
vn -0.9443 0.0734 -0.3209
vn 0.8764 -0.3464 0.3346
vn 0.2744 -0.4036 0.8728
vn 0.4126 -0.3742 0.8305
vn -0.2477 -0.4913 -0.8351
vn -0.0557 -0.7625 -0.6446
vn -0.9769 -0.1237 -0.1744
vn 0.0347 0.9904 0.1336
vn 0.1801 0.9565 -0.2295
vn -0.0602 0.8464 0.5291
vn 0.3174 0.7227 0.6140
vn 0.2683 0.4793 0.8356
vn 0.8882 -0.4044 0.2181
vn 0.7808 0.0568 0.6222
vn 0.7841 0.4819 0.3911
vn -0.0468 0.9923 0.1150
vn -0.1263 0.9030 -0.4107
vn -0.0365 0.9951 0.0922
vn 0.6850 0.1157 0.7193
vn 0.1584 0.9873 0.0131
vn 0.6584 -0.0538 -0.7508
vn 0.5908 0.5113 -0.6241
vn -0.6320 0.0643 0.7723
vn -0.2162 -0.8454 -0.4885
vn 0.8619 -0.2166 -0.4586
vn 0.6078 -0.4873 -0.6270
vn 0.1001 0.9609 -0.2582
vn 0.1566 0.9807 0.1170
vn 0.8767 0.3755 -0.3005
vn -0.0475 0.9878 -0.1486
vn 0.4680 -0.2438 -0.8494
vn 0.4474 -0.5240 0.7247
vn 0.3464 0.8856 0.3094
vn 0.0407 0.9644 0.2612
vn 0.0455 0.9900 -0.1338
vn -0.0188 0.9974 -0.0690
vn -0.3536 0.9264 -0.1294
vn 0.0442 0.9985 0.0329
vn -0.1415 0.9661 0.2158
vn 0.0512 0.9987 -0.0049
vn 0.2507 -0.6980 0.6707
vn 0.0829 -0.6406 0.7634
vn 0.2468 -0.5163 0.8201
vn 0.0782 0.9952 -0.0589
vn 0.2400 0.9699 -0.0409
vn 0.1041 0.9803 -0.1678
vn 0.6750 0.0817 -0.7333
vn 0.7035 -0.0932 -0.7045
vn -0.5881 0.3481 0.7301
vn -0.2855 0.5021 0.8163
vn 0.7605 0.4873 -0.4291
vn 0.7888 0.5768 -0.2125
vn 0.2114 0.9766 0.0392
vn 0.0679 -0.3246 0.9434
vn -0.3552 -0.1939 0.9145
vn 0.8546 0.4895 0.1733
vn -0.9589 0.2216 0.1770
vn 0.4109 0.3240 -0.8522
vn 0.6457 0.2179 -0.7319
vn -0.5432 0.7559 -0.3656
vn -0.4945 -0.3505 0.7954
vn -0.0256 0.9983 -0.0533
vn 0.0429 0.9988 0.0229
vn -0.2916 0.4163 -0.8612
vn -0.6053 0.0103 0.7959
vn 0.4683 0.0524 -0.8820
vn 0.5318 0.1065 -0.8402
vn 0.6977 0.2078 0.6856
vn -0.2101 -0.2636 0.9415
vn -0.9429 0.0827 0.3226
vn -0.9841 -0.1331 0.1175
vn -0.9251 -0.3028 0.2292
vn -0.1537 0.9806 0.1217
vn 0.0106 0.7307 0.6826
vn -0.1998 0.9429 0.2664
vn -0.4963 0.8654 0.0688
vn -0.3078 0.7771 0.5490
vn -0.6129 0.2004 -0.7643
vn -0.6968 0.0027 -0.7172
vn 0.1299 0.9710 0.2010
vn 0.3654 0.2882 0.8851
vn 0.5456 0.2393 0.8031
vn -0.3337 0.8767 0.3463
vn 0.9664 -0.2153 -0.1407
vn -0.0638 0.9952 0.0742
vn -0.9711 0.2225 0.0864
vn 0.1397 0.9870 -0.0792
vn 0.0993 0.9896 -0.1044
vn -0.5594 0.7826 0.2732
vn -0.5805 -0.6679 0.4658
vn -0.6789 -0.5223 0.5161
vn 0.0135 -0.3499 0.9367
vn 0.1927 -0.5878 0.7857
vn 0.1177 0.9284 0.3524
vn 0.9111 0.4110 0.0309
vn 0.8089 0.5666 -0.1568
vn 0.8716 0.1079 0.4783
vn 0.8863 -0.4587 -0.0637
vn 0.7503 -0.3410 0.5664
vn -0.5483 -0.2542 0.7967
vn -0.8224 -0.0552 -0.5663
vn -0.5242 -0.0452 -0.8504
vn -0.8353 -0.1191 -0.5367
vn -0.2613 -0.6399 -0.7226
vn 0.9063 0.3795 -0.1861
vn 0.9990 0.0146 0.0421
vn 0.9400 0.2633 -0.2169
vn 0.1639 0.9827 0.0866
vn -0.2963 0.9502 -0.0962
vn -0.3014 0.9436 -0.1372
vn -0.6521 0.0148 0.7580
vn -0.0331 0.9744 0.2224
vn 0.0951 -0.6452 0.7581
vn -0.8420 0.1115 0.5278
vn -0.7944 0.1714 0.5827
vn 0.0326 0.9796 -0.1982
vn -0.5371 0.4136 -0.7351
vn 0.9133 -0.4063 0.0293
vn -0.9415 0.3243 -0.0916
vn -0.2685 0.1127 0.9567
vn 0.5142 0.0973 0.8521
vn -0.6273 0.2343 0.7427
vn -0.2603 0.9046 0.3375
vn -0.2861 0.9537 -0.0930
vn 0.5784 0.1446 0.8028
vn 0.6912 -0.3201 0.6479
vn 0.7197 0.1381 0.6804
vn 0.4835 0.6806 -0.5504
vn -0.0807 0.9681 0.2372
vn 0.1818 0.9489 0.2581
vn 0.1783 0.9834 0.0339
vn 0.0253 0.9901 -0.1381
vn 0.1352 -0.4156 0.8994
vn 0.2042 0.8908 0.4059
vn 0.8609 -0.1477 0.4869
vn -0.4263 -0.3392 0.8386
vn -0.5175 0.1323 0.8454
vn 0.3514 0.1925 0.9162
vn 0.4799 0.4128 0.7741
vn -0.0429 0.9499 0.3096
vn 0.1859 0.7905 0.5835
vn 0.4021 0.9156 0.0049
vn 0.6228 -0.0752 -0.7787
vn 0.5549 -0.3607 -0.7497
vn 0.3419 0.9225 0.1793
vn 0.7765 0.1945 0.5994
vn 0.7235 0.3588 0.5898
vn 0.5405 -0.6768 0.4998
vn 0.3365 -0.0004 -0.9417
vn 0.3967 0.0799 -0.9145
vn 0.3698 0.5281 -0.7644
vn 0.5661 0.7605 0.3181
vn -0.8580 0.3075 0.4115
vn -0.8650 -0.0741 0.4964
vn -0.8225 0.4071 0.3972
vn -0.9587 0.2365 -0.1578
vn 0.0519 0.9977 -0.0438
vn 0.7691 -0.0445 0.6375
vn 0.4469 0.6938 -0.5647
vn -0.0415 0.9034 -0.4267
vn 0.9466 0.0401 0.3200
vn 0.3096 0.9338 -0.1796
vn 0.5229 0.7768 0.3510
vn 0.2972 0.9544 0.0293
vn 0.0366 -0.9909 -0.1299
vn -0.4306 0.3196 -0.8441
vn -0.1779 0.4146 -0.8924
vn 0.3553 0.6761 0.6455
vn 0.1865 0.3597 0.9142
vn -0.2578 -0.0721 0.9635
vn -0.2056 -0.0384 -0.9779
vn -0.9130 0.3997 -0.0821
vn 0.5008 0.6014 0.6225
vn -0.2472 0.9064 0.3425
vn -0.3228 0.9160 0.2380
vn 0.6175 0.4205 -0.6647
vn 0.8523 0.4193 0.3127
vn 0.2697 0.8713 0.4101
vn 0.0978 0.9649 0.2437
vn -0.3110 -0.7809 -0.5418
vn 0.8140 0.0853 0.5745
vn 0.9085 0.4138 -0.0587
vn 0.8532 0.5129 -0.0944
vn 0.7647 0.4121 0.4954
vn 0.0877 0.9929 0.0805
vn -0.0732 0.9901 -0.1198
vn 0.4810 0.4023 0.7790
vn -0.4821 0.8657 -0.1346
vn -0.2207 0.9703 -0.0992
vn -0.0762 0.9970 -0.0150
vn 0.5604 0.2850 0.7776
vn 0.7982 0.2149 0.5628
vn -0.1076 0.9681 -0.2265
vn -0.2485 0.2112 0.9453
vn -0.1046 0.9392 -0.3270
vn -0.0741 0.9959 -0.0526
vn -0.0270 0.8722 0.4884
vn 0.0283 0.9858 -0.1657
vn 0.0724 0.9846 -0.1594
vn -0.1118 0.9569 -0.2679
vn 0.9360 0.2751 0.2197
vn 0.1426 0.9542 -0.2628
vn 0.1427 0.9889 0.0419
vn -0.7305 0.3154 -0.6057
vn 0.1279 0.9531 0.2744
vn -0.6843 0.1380 -0.7161
vn -0.5063 -0.2806 -0.8154
vn 0.2173 0.8285 -0.5162
vn -0.2661 0.9608 0.0782
vn -0.0913 0.9942 -0.0566
vn -0.0989 0.9482 0.3020
vn -0.6021 -0.2534 -0.7571
vn -0.1413 0.9036 0.4044
vn -0.0318 0.9932 0.1117
vn 0.0284 0.9990 -0.0347
vn 0.0125 0.9999 0.0020
vn -0.3153 0.9408 0.1244
vn -0.0316 0.9983 -0.0481
vn 0.4323 0.8958 -0.1032
vn 0.3108 0.9449 -0.1027
vn -0.7691 -0.6044 0.2077
vn -0.8085 -0.5596 0.1821
vn -0.0712 0.9974 -0.0121
vn 0.1477 0.9763 0.1582
vn -0.0340 0.9988 -0.0352
vn -0.1045 0.9717 -0.2120
vn 0.5258 -0.2335 -0.8179
vn 0.5094 -0.3364 -0.7921
vn 0.5088 -0.3236 -0.7977
vn 0.0845 0.9892 -0.1194
vn 0.2199 0.9366 -0.2729
vn 0.2469 0.9673 -0.0583
vn 0.3985 0.9111 0.1048
vn -0.6815 -0.0207 0.7316
vn 0.0822 0.0730 0.9939
vn 0.0442 -0.2473 0.9679
vn -0.1053 0.2138 -0.9712
vn 0.6389 -0.1855 -0.7466
vn -0.3018 -0.6023 -0.7390
vn 0.3655 0.7471 -0.5552
vn 0.5520 0.6849 -0.4757
vn -0.2244 0.9572 0.1829
vn 0.0830 0.9950 -0.0552
vn 0.0643 0.9953 0.0730
vn -0.9155 0.2794 0.2896
vn 0.4724 0.4882 0.7338
vn -0.0940 0.7394 0.6667
vn 0.2816 -0.4199 0.8628
vn 0.1178 -0.3767 0.9188
vn -0.3822 0.7727 0.5067
vn 0.4698 -0.1125 -0.8756
vn 0.4326 0.2193 -0.8745
vn 0.4521 0.8626 -0.2268
vn 0.0331 -0.2100 0.9771
vn 0.6055 -0.6210 0.4977
vn 0.7428 -0.6004 0.2962
vn 0.6313 -0.3628 0.6854
vn 0.6316 -0.4478 0.6330
vn -0.7843 0.5546 -0.2780
vn -0.0596 0.1158 0.9915
vn -0.4764 0.4352 0.7640
vn -0.7703 0.1127 -0.6276
vn -0.7703 0.4099 -0.4885
vn -0.8594 0.1308 -0.4944
vn -0.8654 0.1144 -0.4879
vn -0.5822 0.2168 0.7836
vn -0.3765 0.4834 0.7903
vn 0.0837 -0.7801 0.6201
vn -0.0281 -0.7408 0.6712
vn 0.4787 0.7060 0.5220
vn -0.7428 0.0402 0.6683
vn 0.0624 0.9910 0.1187
vn -0.0641 0.9303 0.3611
vn -0.1927 0.9783 0.0755
vn 0.8618 0.5061 0.0337
vn -0.6028 0.7961 -0.0531
vn 0.0209 0.9988 -0.0442
vn -0.0253 0.9997 0.0033
vn -0.1475 0.9888 -0.0247
vn -0.6787 0.0493 -0.7328
vn -0.4197 -0.2824 -0.8626
vn -0.6916 0.0690 -0.7190
vn -0.0820 -0.4118 0.9076
vn -0.2079 0.2734 0.9392
vn 0.2770 0.9430 0.1842
vn -0.3602 0.8890 -0.2828
vn -0.0574 0.9188 -0.3904
vn 0.4291 0.0766 -0.9000
vn -0.3614 0.8804 -0.3070
vn -0.2237 0.3152 0.9223
vn -0.4768 0.0581 0.8771
vn 0.1386 -0.3491 0.9268
vn 0.3838 -0.4777 0.7903
vn 0.3638 0.9304 -0.0446
vn 0.2491 0.1053 -0.9627
vn -0.1434 -0.6390 -0.7557
vn 0.2536 0.9519 0.1718
vn -0.9603 0.1745 -0.2175
vn 0.0146 0.9680 0.2504
vn -0.9220 0.1310 0.3643
vn -0.8938 0.2830 0.3480
vn -0.8061 0.1684 0.5673
vn 0.2099 0.8784 0.4294
vn 0.5847 0.6695 -0.4582
vn -0.8983 0.3820 -0.2172
vn -0.9047 0.4208 -0.0662
vn -0.4732 -0.0402 0.8800
vn 0.5931 -0.6947 0.4069
vn 0.6293 -0.7756 0.0500
vn -0.2892 0.4522 0.8437
vn 0.7292 -0.4340 0.5291
vn 0.5503 -0.8349 -0.0107
vn 0.6962 0.3804 -0.6087
vn 0.0391 -0.9932 -0.1100
vn 0.0332 -0.9625 -0.2692
vn -0.7687 0.1759 -0.6150
vn -0.5759 -0.2261 -0.7856
vn -0.7515 0.6394 0.1624
vn -0.7239 0.3037 0.6195
vn -0.2227 -0.7415 -0.6329
vn 0.4542 -0.0606 0.8888
vn 0.4592 -0.4166 -0.7846
vn -0.4195 -0.8133 -0.4032
vn -0.1444 -0.7263 -0.6720
vn -0.9932 -0.1051 0.0499
vn 0.2115 0.9249 0.3159
vn -0.0002 0.9958 -0.0915
vn 0.0557 0.8211 -0.5681
vn -0.0586 0.8687 -0.4919
vn 0.4302 0.3278 -0.8411
vn -0.0523 0.9980 0.0348
vn -0.1080 0.9677 -0.2277
vn -0.0193 0.9966 -0.0796
vn 0.1191 0.9915 0.0521
vn -0.1155 0.9912 -0.0647
vn 0.0175 0.9983 -0.0560
vn -0.5424 -0.0531 0.8384
vn 0.1854 0.9615 0.2030
vn 0.4140 0.8402 0.3502
vn 0.1800 0.9506 0.2529
vn 0.9526 -0.2754 0.1289
vn 0.4088 0.1018 -0.9069
vn 0.0522 0.9897 0.1334
vn -0.2902 0.9229 0.2532
vn -0.1485 0.2218 -0.9637
vn -0.3382 -0.0108 -0.9410
vn 0.3661 -0.1792 0.9131
vn 0.2261 0.1882 0.9557
vn -0.1148 0.9912 0.0654
vn 0.3017 0.8966 -0.3242
vn -0.7410 0.4554 -0.4935
vn 0.5604 0.7857 0.2619
vn -0.1010 0.8697 -0.4831
vn 0.1898 0.2361 0.9530
vn -0.1446 0.9441 0.2962
vn -0.1786 0.6809 0.7102
vn 0.2972 0.5704 -0.7657
vn 0.5700 0.6149 -0.5449
vn 0.1286 0.7241 -0.6776
vn 0.3045 0.4153 -0.8572
vn 0.4078 -0.0100 -0.9130
vn 0.5191 -0.0894 -0.8500
vn -0.6225 0.3058 -0.7204
vn -0.5804 0.5006 -0.6422
vn -0.6571 0.3085 -0.6878
vn 0.8596 0.1940 -0.4727
vn 0.6426 -0.0529 -0.7644
vn 0.7983 0.0265 -0.6017
vn -0.1215 0.1676 0.9783
vn 0.4469 0.2171 0.8678
vn 0.7286 0.6769 0.1050
vn -0.3269 0.2414 0.9137
vn -0.4412 0.0874 0.8931
vn -0.4136 -0.0599 0.9085
vn 0.0145 -0.3485 0.9372
vn -0.0499 -0.0339 0.9982
vn -0.0485 -0.1801 0.9824
vn 0.3284 0.2650 0.9066
vn -0.8239 0.1979 -0.5311
vn 0.4286 0.3366 0.8385
vn 0.9364 -0.3350 -0.1051
vn -0.5136 -0.0960 0.8526
vn 0.1474 0.9230 0.3556
vn 0.9831 0.0808 -0.1643
vn 0.0830 0.5114 -0.8553
vn 0.3073 0.6535 0.6917
vn 0.4128 0.2864 0.8647
vn 0.6034 -0.7801 -0.1655
vn 0.5643 -0.7541 -0.3361
vn 0.1315 0.8135 -0.5665
vn -0.3266 0.6346 -0.7005
vn -0.2412 -0.6444 0.7256
vn 0.3584 0.9313 -0.0655
vn 0.0288 0.9978 -0.0604
vn 0.3142 0.9447 -0.0940
vn -0.0984 -0.6243 -0.7750
vn 0.0205 0.0943 0.9953
vn -0.3700 0.9051 0.2096
vn 0.0812 0.8648 -0.4955
vn -0.7326 0.4599 -0.5018
vn -0.8543 0.4190 0.3076
vn -0.1867 0.6675 -0.7208
vn 0.4981 -0.0926 -0.8621
vn 0.9093 -0.1111 -0.4010
vn 0.6477 -0.3529 -0.6753
vn 0.8293 0.0681 -0.5546
vn -0.3436 -0.3805 0.8586
vn -0.5109 -0.3021 0.8048
vn -0.5678 -0.4520 0.6879
vn -0.6674 0.4299 -0.6081
vn 0.2424 0.9353 0.2577
vn 0.2082 0.9469 -0.2449
vn 0.0366 0.9968 -0.0705
vn 0.1206 0.9210 -0.3704
vn -0.6142 -0.1847 0.7672
vn -0.2867 0.0920 0.9536
vn 0.7998 0.0437 -0.5987
vn -0.2709 -0.1750 -0.9466
vn 0.6839 0.4207 -0.5960
vn 0.6586 0.0924 -0.7468
vn 0.5710 0.1656 -0.8041
vn 0.6960 0.1231 -0.7074
vn 0.3289 -0.4254 0.8431
vn 0.8370 0.4814 -0.2602
vn 0.2198 0.9636 -0.1524
vn 0.5316 0.0168 -0.8468
vn -0.1664 -0.8660 0.4716
vn 0.4277 0.0965 -0.8988
vn 0.0267 0.9956 -0.0900
vn 0.7604 -0.6117 0.2182
vn 0.4502 0.7320 -0.5113
vn -0.4644 -0.0875 0.8813
vn -0.0738 0.9510 -0.3003
vn 0.7635 0.5770 -0.2902
vn -0.2314 -0.3796 0.8958
vn -0.8103 0.2505 -0.5297
vn 0.0335 0.9062 -0.4215
vn 0.3490 0.6000 -0.7198
vn 0.5202 0.8116 0.2659
vn -0.3733 -0.0492 0.9264
vn -0.1528 0.4909 0.8577
vn 0.4400 0.4617 0.7702
vn 0.3590 -0.5294 0.7686
vn -0.3036 -0.1613 0.9391
vn 0.9419 0.0794 -0.3262
vn 0.4849 -0.0755 -0.8713
vn -0.0430 0.9916 -0.1220
vn -0.0957 0.9346 -0.3424
vn -0.1406 -0.3793 -0.9145
vn -0.3200 0.2495 -0.9140
vn 0.4853 -0.0185 -0.8741
vn 0.7755 -0.5007 -0.3847
vn 0.4555 -0.1582 -0.8761
vn 0.8989 -0.0513 -0.4352
vn 0.5843 -0.1832 -0.7906
vn -0.7142 0.3636 -0.5981
vn -0.8108 0.5594 -0.1720
vn -0.9708 0.1844 0.1534
vn -0.3835 -0.0184 0.9234
vn 0.3919 -0.1786 -0.9025
vn 0.5875 0.7668 -0.2586
vn 0.5516 0.2349 -0.8003
vn -0.3492 0.9233 0.1601
vn -0.0397 0.9960 0.0797
vn -0.8607 0.3581 -0.3619
vn -0.8566 0.3509 -0.3783
vn 0.3902 -0.7008 0.5972
vn 0.4507 -0.6425 0.6197
vn -0.9732 0.1497 -0.1747
vn -0.8954 0.4255 -0.1311
vn -0.0511 0.9860 -0.1586
vn -0.2649 0.9637 0.0330
vn -0.5956 0.0763 -0.7996
vn -0.8467 0.4527 0.2795
vn 0.8084 0.2167 -0.5473
vn 0.3804 0.1748 -0.9081
vn 0.9528 0.2903 -0.0889
vn -0.0787 0.9875 0.1367
vn 0.7771 0.0314 -0.6286
vn -0.0809 0.9693 0.2323
vn -0.1205 0.7320 -0.6705
vn 0.2842 0.7548 -0.5912
vn 0.8144 -0.0475 -0.5784
vn -0.4683 0.1967 0.8614
vn -0.6119 -0.1800 0.7702
vn 0.4247 -0.5569 0.7138
vn 0.3278 0.8019 -0.4995
vn 0.7712 0.5669 -0.2896
vn 0.4568 0.7917 -0.4058
vn 0.5398 0.7494 -0.3834
vn 0.5182 0.1547 -0.8412
vn 0.7935 0.1795 -0.5815
vn -0.0217 0.9921 -0.1238
vn -0.0834 0.9891 -0.1212
vn 0.0250 0.9529 -0.3023
vn -0.0067 0.9795 0.2013
vn 0.0299 0.9919 0.1231
vn -0.0522 0.9753 0.2144
vn -0.6173 -0.2596 -0.7427
vn -0.6843 0.1437 -0.7149
vn 0.1131 0.5193 -0.8471
vn 0.9501 0.1698 -0.2618
vn 0.0181 0.9992 -0.0365
vn 0.1214 0.9918 0.0393
vn 0.6058 -0.6151 -0.5046
vn 0.0540 0.9916 0.1180
vn -0.2258 0.9209 0.3179
vn 0.2122 0.8937 0.3953
vn -0.0135 0.9142 -0.4051
vn -0.2254 0.9525 0.2050
vn -0.3425 -0.1941 0.9193
vn 0.3563 0.6798 -0.6411
vn 0.9635 -0.0015 -0.2676
vn 0.4777 -0.5265 -0.7033
vn 0.6458 0.3384 -0.6844
vn -0.8060 0.5900 -0.0469
vn -0.3501 -0.0647 0.9345
vn -0.6900 0.6990 -0.1879
vn -0.0512 0.4890 0.8708
vn -0.9737 0.0215 -0.2268
vn 0.0592 0.9727 -0.2245
vn -0.9533 0.2722 -0.1312
vn 0.5076 0.7830 -0.3595
vn 0.4565 0.7158 0.5284
vn 0.4490 0.8853 -0.1209
vn 0.0955 0.9688 -0.2285
vn 0.3264 0.2072 -0.9222
vn -0.6091 0.6340 0.4765
vn -0.1123 0.9006 0.4198
vn -0.7750 0.4190 -0.4731
vn -0.3026 0.2093 -0.9299
vn -0.1329 0.3453 -0.9290
vn -0.0219 0.3281 -0.9444
vn 0.4208 -0.0593 -0.9052
vn -0.8213 0.3418 -0.4568
vn -0.7901 0.1685 -0.5894
vn 0.2479 0.2556 -0.9345
vn 0.6520 -0.3898 0.6503
vn -0.1048 -0.1379 0.9849
vn -0.7216 0.3744 0.5823
vn 0.4075 -0.6053 -0.6838
vn 0.0128 0.9999 -0.0093
vn -0.5365 -0.1386 0.8325
vn -0.5454 0.3305 -0.7703
vn -0.6549 0.6641 -0.3606
vn -0.3742 0.7696 -0.5174
vn -0.0425 0.9854 -0.1647
vn 0.7159 0.3361 -0.6120
vn -0.0356 0.9973 -0.0647
vn -0.1425 0.9713 -0.1905
vn -0.2607 0.5356 -0.8032
vn -0.2071 0.6391 -0.7407
vn 0.0011 0.9969 -0.0783
vn -0.2461 0.9139 -0.3228
vn -0.4367 0.8450 -0.3087
vn -0.2236 0.9045 -0.3632
vn -0.6252 0.5051 -0.5950
vn -0.1921 0.7874 -0.5857
vn 0.7929 0.1086 -0.5995
vn 0.0493 0.9988 0.0072
vn -0.5236 0.7857 -0.3295
vn -0.3960 0.7968 -0.4563
vn -0.1132 0.9662 -0.2315
vn -0.3462 0.8942 -0.2840
vn -0.1579 0.9833 -0.0903
vn 0.0771 0.9814 -0.1761
vn 0.5411 0.0155 -0.8408
vn -0.5669 0.7233 -0.3943
vn -0.7741 0.3879 -0.5002
vn 0.5671 -0.4521 0.6885
vn -0.5499 0.3494 -0.7586
vn -0.0014 0.9638 -0.2666
vn 0.5853 0.7832 0.2098
vn 0.7974 0.4573 0.3937
vn -0.1814 0.9812 -0.0665
vn -0.3104 0.8505 -0.4247
vn -0.2599 0.9166 -0.3039
vn -0.3388 0.9342 -0.1113
vn 0.1334 0.9479 0.2891
vn -0.0622 0.9433 -0.3262
vn 0.2245 0.2703 -0.9362
vn 0.3007 0.3580 -0.8840
vn 0.1371 0.2068 -0.9687
vn -0.4975 0.5115 -0.7006
vn -0.1922 0.4408 -0.8768
vn -0.1860 0.3648 -0.9123
vn -0.4685 0.1432 -0.8718
vn -0.0854 0.9950 0.0523
vn -0.8771 0.4641 0.1236
vn -0.0308 0.9306 -0.3648
vn 0.2151 -0.0981 -0.9717
vn -0.7478 0.1692 -0.6420
vn 0.2129 -0.3642 0.9066
vn -0.0222 0.5591 -0.8288
vn -0.6828 0.3353 -0.6491
vn 0.5030 0.2505 -0.8272
vn -0.4981 0.7704 -0.3979
vn -0.0224 -0.5929 -0.8050
vn 0.5355 0.3448 -0.7710
vn -0.6130 -0.1113 -0.7822
vn -0.7680 -0.5275 0.3633
vn -0.5048 0.8221 -0.2634
vn -0.3897 0.0180 0.9208
vn 0.4254 0.2519 0.8692
vn -0.1854 0.9203 -0.3444
vn -0.0777 0.9631 0.2578
vn 0.5292 -0.2959 -0.7952
vn 0.3984 -0.7617 -0.5109
vn -0.7818 -0.4374 0.4443
vn -0.7912 0.0683 -0.6078
vn -0.1326 0.9629 -0.2351
vn -0.7441 0.2568 -0.6168
vn 0.3953 0.7918 -0.4656
vn -0.4633 0.6596 -0.5918
vn -0.5869 -0.1317 -0.7989
vn 0.0958 0.9593 -0.2657
vn 0.5062 -0.1774 -0.8440
vn -0.8847 -0.0768 0.4599
vn -0.7831 0.5224 -0.3374
vn -0.7184 -0.0488 -0.6939
vn -0.3786 0.6756 0.6327
vn -0.8987 0.2628 -0.3510
vn 0.2447 -0.2498 0.9369
vn -0.2091 0.9766 -0.0507
vn -0.5670 0.0392 0.8228
vn -0.9698 0.1507 -0.1920
vn -0.0319 0.9953 -0.0917
vn -0.0958 0.2953 -0.9506
vn 0.1769 0.8860 0.4286
vn -0.0338 0.9940 -0.1041
vn 0.1384 0.1522 0.9786
vn -0.4101 0.8695 0.2752
vn 0.8252 0.0952 0.5568
vn -0.1229 0.9914 0.0461
vn -0.0598 0.9622 -0.2656
vn -0.0541 0.9676 -0.2468
vn 0.6141 -0.5397 0.5758
vn -0.1075 0.9908 -0.0818
vn -0.5210 0.1358 0.8427
vn 0.7264 0.2891 0.6235
vn -0.1547 0.9590 -0.2373
vn 0.1909 0.9559 -0.2231
vn 0.9881 0.1397 0.0640
vn 0.2448 0.9674 -0.0647
usemtl a
s 1
f 1/1/1 2/2/2 3/3/3
f 1/4/1 4/5/4 2/6/2
f 5/7/5 6/8/6 7/9/7
f 4/10/4 8/11/8 2/12/2
f 4/13/4 9/14/9 8/15/8
f 4/16/4 10/17/10 9/18/9
f 10/19/10 11/20/11 9/21/9
f 10/22/10 12/23/12 11/24/11
f 12/25/12 13/26/13 11/27/11
f 13/28/13 14/29/14 11/30/11
f 13/31/13 15/32/15 14/33/14
f 13/34/13 16/35/16 15/36/15
f 13/37/13 17/38/17 16/39/16
f 13/40/13 18/41/18 17/42/17
f 13/43/13 19/44/19 18/45/18
f 19/46/19 20/47/20 18/48/18
f 20/49/20 21/50/21 18/51/18
f 21/52/21 22/53/22 18/54/18
f 22/55/22 23/56/23 18/57/18
f 23/58/23 24/59/24 18/60/18
f 23/61/23 25/62/25 24/63/24
f 25/64/25 26/65/26 24/66/24
f 26/67/26 27/68/27 24/69/24
f 27/70/27 28/71/28 24/72/24
f 28/73/28 29/74/29 24/75/24
f 29/76/29 30/77/30 24/78/24
f 30/79/30 31/80/31 24/81/24
f 30/82/30 32/83/32 31/84/31
f 32/85/32 33/86/33 31/87/31
f 32/88/32 34/89/34 33/90/33
f 32/91/32 35/92/35 34/93/34
f 32/94/32 36/95/36 35/96/35
f 36/97/36 37/98/37 35/99/35
f 37/100/37 38/101/38 35/102/35
f 38/103/38 39/104/39 35/105/35
f 39/106/39 40/107/40 35/108/35
f 40/109/40 41/110/41 35/111/35
f 41/112/41 42/113/42 35/114/35
f 43/115/43 44/116/44 45/117/45
f 42/118/42 46/119/46 35/120/35
f 46/121/46 47/122/47 35/123/35
f 47/124/47 48/125/48 35/126/35
f 48/127/48 49/128/49 35/129/35
f 49/130/49 50/131/50 35/132/35
f 50/133/50 51/134/51 35/135/35
f 50/136/50 52/137/52 51/138/51
f 50/139/50 53/140/53 52/141/52
f 53/142/53 54/143/54 52/144/52
f 53/145/53 55/146/55 54/147/54
f 53/148/53 56/149/56 55/150/55
f 53/151/53 57/152/57 56/153/56
f 53/154/53 58/155/58 57/156/57
f 58/157/58 59/158/59 57/159/57
f 58/160/58 60/161/60 59/162/59
f 60/163/60 61/164/61 59/165/59
f 60/166/60 62/167/62 61/168/61
f 62/169/62 63/170/63 61/171/61
f 62/172/62 64/173/64 63/174/63
f 64/173/64 65/175/65 63/174/63
f 46/176/46 66/177/66 47/178/47
f 66/179/66 67/180/67 47/181/47
f 53/182/53 68/183/68 58/184/58
f 34/185/34 69/186/69 33/187/33
f 10/188/10 70/189/70 12/190/12
f 51/191/51 71/192/71 35/193/35
f 64/194/64 72/195/72 65/196/65
f 64/194/64 73/197/73 72/195/72
f 9/198/9 74/199/74 8/200/8
f 60/201/60 75/202/75 62/203/62
f 42/204/42 76/205/76 46/206/46
f 19/207/19 77/208/77 20/209/20
f 47/181/47 78/210/78 48/211/48
f 63/212/63 79/213/79 61/214/61
f 63/212/63 80/215/80 79/213/79
f 80/215/80 81/216/81 79/213/79
f 59/217/59 82/218/82 57/219/57
f 28/220/28 83/221/83 29/222/29
f 83/223/83 84/224/84 29/225/29
f 20/226/20 85/227/85 21/228/21
f 78/210/78 86/229/86 48/211/48
f 25/230/25 87/231/87 26/232/26
f 64/233/64 88/234/88 73/235/73
f 15/236/15 89/237/89 14/238/14
f 38/239/38 90/240/90 39/241/39
f 3/242/3 91/243/91 1/244/1
f 41/245/41 92/246/92 42/204/42
f 25/230/25 93/247/93 87/231/87
f 88/248/88 94/249/94 73/250/73
f 85/251/85 95/252/95 21/253/21
f 61/214/61 96/254/96 59/217/59
f 97/255/97 98/256/98 99/257/99
f 59/217/59 100/258/100 82/218/82
f 74/199/74 101/259/101 8/200/8
f 9/198/9 102/260/102 74/199/74
f 9/198/9 103/261/103 102/260/102
f 2/262/2 104/263/104 3/242/3
f 80/215/80 105/264/105 81/216/81
f 8/265/8 106/266/106 2/262/2
f 21/267/21 107/268/107 22/269/22
f 14/238/14 108/270/108 11/271/11
f 1/272/1 109/273/109 4/274/4
f 11/275/11 103/261/103 9/198/9
f 29/225/29 110/276/110 30/277/30
f 91/278/91 111/279/111 1/280/1
f 2/262/2 106/266/106 104/263/104
f 37/281/37 112/282/112 38/283/38
f 113/284/113 114/285/114 115/286/115
f 115/287/115 116/288/116 113/289/113
f 115/290/115 117/291/117 116/292/116
f 116/288/116 118/293/118 113/289/113
f 113/294/113 119/295/119 114/296/114
f 120/297/120 121/298/121 122/299/122
f 123/300/123 124/301/124 125/302/125
f 126/303/126 127/304/127 128/305/128
f 129/306/129 130/307/130 131/308/131
f 132/309/132 133/310/133 134/311/134
f 135/312/135 136/313/136 137/314/137
f 138/315/138 139/316/139 140/317/140
f 141/318/141 142/319/142 143/320/143
f 144/321/144 145/322/145 146/323/146
f 147/324/147 148/325/148 149/326/149
f 150/327/150 151/328/151 152/329/152
f 153/330/153 154/331/154 155/332/155
f 156/333/156 157/334/157 158/335/158
f 144/336/144 159/337/159 160/338/160
f 161/339/161 162/340/162 163/341/163
f 164/342/164 165/343/165 166/344/166
f 167/345/167 168/346/168 169/347/169
f 170/348/170 171/349/171 172/350/172
f 173/351/173 174/352/174 175/353/175
f 176/354/176 177/355/177 178/356/178
f 179/357/179 180/358/180 181/359/181
f 182/360/182 183/361/183 184/362/184
f 185/363/185 186/364/186 140/365/140
f 187/366/187 188/367/188 189/368/189
f 190/369/190 191/370/191 192/371/192
f 193/372/193 194/373/194 195/374/195
f 197/375/196 198/376/197 199/377/198
f 200/378/199 201/379/200 202/380/201
f 203/381/202 204/382/203 205/383/204
f 206/384/205 207/385/206 208/386/207
f 209/387/208 210/388/209 211/389/210
f 212/390/211 213/391/212 214/392/213
f 215/393/214 216/394/215 217/395/216
f 218/396/217 172/350/172 171/349/171
f 219/397/218 220/398/219 221/399/220
f 222/400/221 223/401/222 224/402/223
f 225/403/224 226/404/225 227/405/226
f 228/406/227 229/407/228 230/408/229
f 231/409/230 232/410/231 233/411/232
f 234/412/233 235/413/234 236/414/235
f 237/415/236 238/416/237 239/417/238
f 240/418/239 241/419/240 242/420/241
f 243/421/242 90/422/90 244/423/243
f 194/373/194 245/424/244 246/425/245
f 247/426/246 248/427/247 249/428/248
f 250/429/249 251/430/250 252/431/251
f 253/432/252 254/433/253 255/434/254
f 256/435/255 257/436/256 258/437/257
f 259/438/258 249/439/248 196/440/259
f 260/441/260 261/442/261 262/443/262
f 263/444/263 264/445/264 265/446/265
f 266/447/266 267/448/267 268/449/268
f 145/450/145 269/451/269 270/452/270
f 271/453/271 272/454/272 273/455/273
f 274/456/274 275/457/275 276/458/276
f 277/459/277 262/443/262 278/460/278
f 279/461/279 280/462/280 281/463/281
f 282/464/282 283/465/283 284/466/284
f 285/467/285 286/468/286 98/469/98
f 287/470/287 215/393/214 288/471/288
f 289/472/289 290/473/290 291/474/291
f 292/475/292 293/476/293 294/477/294
f 295/478/295 296/479/296 265/480/265
f 297/481/297 298/482/298 299/483/299
f 300/484/300 301/485/301 302/486/302
f 303/487/303 304/488/304 305/489/305
f 306/490/306 307/491/307 308/492/308
f 256/435/255 309/493/309 310/494/310
f 311/495/311 312/496/312 313/497/313
f 314/498/314 315/499/315 316/500/316
f 296/501/296 317/502/317 318/503/318
f 307/491/307 319/504/319 303/505/303
f 320/506/320 321/507/321 99/508/99
f 322/509/322 323/510/323 320/506/320
f 263/444/263 324/511/324 315/499/315
f 325/512/325 326/513/326 282/464/282
f 327/514/327 278/460/278 262/443/262
f 328/515/328 329/516/329 330/517/330
f 331/518/331 332/519/332 333/520/333
f 334/521/334 335/522/335 336/523/336
f 337/524/337 338/525/338 339/526/339
f 340/527/340 341/528/341 342/529/342
f 343/530/343 344/531/344 312/496/312
f 314/498/314 316/500/316 318/532/318
f 345/533/345 288/471/288 301/485/301
f 346/534/346 347/535/347 348/536/348
f 349/537/349 350/538/350 351/539/351
f 310/494/310 315/499/315 256/435/255
f 352/540/352 353/541/353 354/542/354
f 355/543/355 356/544/356 357/545/357
f 344/546/344 343/530/343 298/482/298
f 358/547/358 359/548/359 344/546/344
f 289/472/289 291/474/291 156/333/156
f 360/549/360 361/550/361 298/482/298
f 362/551/362 363/552/363 364/553/364
f 365/554/365 358/547/358 361/550/361
f 21/267/21 366/555/366 107/268/107
f 166/344/166 367/556/367 158/557/158
f 368/558/368 369/559/369 322/509/322
f 363/560/363 370/561/370 364/562/364
f 199/377/198 198/376/197 371/563/371
f 270/564/270 207/565/206 206/566/205
f 136/313/136 174/352/174 350/538/350
f 372/567/372 373/568/373 374/569/374
f 375/570/375 376/571/376 377/572/377
f 378/573/378 379/574/379 380/575/380
f 381/576/381 382/577/382 144/578/144
f 303/505/303 308/492/308 307/491/307
f 383/579/383 384/580/384 385/581/385
f 109/582/109 386/583/386 4/584/4
f 387/585/387 388/586/388 155/332/155
f 389/587/389 381/588/381 390/589/390
f 391/590/391 392/591/392 393/592/393
f 384/580/384 394/593/394 395/594/395
f 319/595/319 396/596/396 304/488/304
f 386/597/386 397/598/397 4/599/4
f 398/600/398 383/601/383 399/602/399
f 325/512/325 282/464/282 284/466/284
f 400/603/400 401/604/401 402/605/402
f 403/606/403 404/607/404 405/608/405
f 406/609/406 407/610/407 408/611/408
f 409/612/409 410/613/410 335/522/335
f 411/614/411 412/615/412 413/616/413
f 284/466/284 395/617/395 325/512/325
f 414/618/414 329/619/329 415/620/415
f 416/621/416 417/622/417 418/623/418
f 406/624/406 419/625/419 420/626/420
f 419/625/419 421/627/421 422/628/422
f 423/629/423 424/630/424 425/631/425
f 419/625/419 426/632/426 399/633/399
f 123/300/123 427/634/427 355/543/355
f 176/354/176 428/635/428 429/636/429
f 430/637/430 43/115/43 431/638/431
f 432/639/432 111/279/111 433/640/433
f 434/641/434 435/642/435 436/643/436
f 2095/644/437 437/645/438 438/646/439
f 439/647/440 440/648/441 441/649/442
f 442/650/443 44/116/44 443/651/444
f 444/652/445 445/653/446 446/654/447
f 447/655/448 448/656/449 449/657/450
f 450/658/451 451/659/452 452/660/453
f 339/526/339 338/525/338 453/661/454
f 454/662/455 455/663/456 456/664/457
f 457/665/458 458/666/459 459/667/460
f 460/668/461 461/669/462 462/670/463
f 463/671/464 464/672/465 465/673/466
f 466/674/467 238/416/237 237/415/236
f 467/675/468 468/676/469 469/677/470
f 470/678/471 471/679/472 410/613/410
f 472/680/473 473/681/474 474/682/475
f 2095/683/437 475/684/476 476/685/477
f 477/686/478 478/687/479 479/688/480
f 480/689/481 481/690/482 175/353/175
f 473/681/474 482/691/483 483/692/484
f 484/693/485 485/694/486 486/695/487
f 487/696/488 488/697/489 489/698/490
f 490/699/491 491/700/492 468/676/469
f 492/701/493 493/702/494 190/703/190
f 494/704/495 495/705/496 496/706/497
f 497/707/498 498/708/499 499/709/500
f 500/710/501 128/711/128 501/712/502
f 502/713/503 503/714/504 504/715/505
f 505/716/506 506/717/507 507/718/508
f 508/719/509 283/720/283 509/721/510
f 440/722/441 510/723/511 511/724/512
f 512/725/513 513/726/514 514/727/515
f 515/728/516 516/729/517 517/730/518
f 518/731/519 519/732/520 520/733/521
f 521/734/522 205/383/204 393/592/393
f 522/735/523 523/736/524 524/737/525
f 497/707/498 525/738/526 526/739/527
f 527/740/528 528/741/529 523/742/524
f 529/743/530 530/744/531 464/745/465
f 162/746/162 113/747/113 163/748/163
f 531/749/532 66/177/66 532/750/533
f 533/751/534 534/752/535 524/737/525
f 535/753/536 271/754/271 536/755/537
f 537/756/538 538/757/539 539/758/540
f 510/759/511 439/760/440 540/761/541
f 541/762/542 542/763/543 543/764/544
f 544/765/545 545/766/546 546/767/547
f 547/768/548 548/769/549 549/770/550
f 550/771/551 551/772/552 552/773/553
f 437/645/438 553/774/554 438/646/439
f 554/775/555 555/776/556 556/777/557
f 557/778/558 475/684/476 558/779/559
f 559/780/560 246/425/245 526/739/527
f 208/781/207 560/782/561 561/783/562
f 482/784/483 562/785/563 563/786/564
f 564/787/565 565/788/566 566/789/567
f 567/790/568 568/791/569 569/792/570
f 570/793/571 571/794/572 572/795/573
f 573/796/574 574/797/575 575/798/576
f 576/799/577 509/721/510 577/800/578
f 578/801/579 347/535/347 346/534/346
f 579/802/580 580/803/581 581/804/582
f 582/805/583 583/806/584 584/807/585
f 585/808/586 586/809/587 587/810/588
f 588/811/589 589/812/590 590/813/591
f 407/814/407 591/815/592 592/816/593
f 593/817/594 112/818/112 565/819/566
f 594/820/595 307/491/307 595/821/596
f 596/822/597 597/823/598 416/824/416
f 421/825/421 283/826/283 508/827/509
f 598/828/599 593/829/594 565/830/566
f 599/831/600 600/832/601 601/833/602
f 579/802/580 592/834/593 602/835/603
f 603/836/604 574/837/575 604/838/605
f 605/839/606 606/840/607 607/841/608
f 608/842/609 292/475/292 294/477/294
f 385/843/385 399/633/399 383/844/383
f 559/780/560 526/739/527 609/845/610
f 610/846/611 611/847/612 612/848/613
f 613/849/614 591/850/592 614/851/615
f 236/852/235 615/853/616 616/854/617
f 617/855/618 618/856/619 619/857/620
f 620/858/621 621/859/622 622/860/623
f 623/861/624 391/590/391 624/862/625
f 625/863/626 626/864/627 627/865/628
f 628/866/629 162/340/162 161/339/161
f 628/867/629 396/596/396 629/868/630
f 630/869/631 342/870/342 341/871/341
f 306/490/306 595/821/596 307/491/307
f 350/538/350 174/352/174 173/351/173
f 631/872/632 220/398/219 632/873/633
f 633/874/634 634/875/635 635/876/636
f 636/877/637 637/878/638 638/879/639
f 639/880/640 640/881/641 641/882/642
f 642/883/643 643/884/644 644/885/645
f 645/886/646 646/887/647 647/888/648
f 648/889/649 571/794/572 570/793/571
f 649/890/650 319/504/319 650/891/651
f 651/892/652 652/893/653 653/894/654
f 654/895/655 655/896/656 656/897/657
f 657/898/658 658/899/659 659/900/660
f 660/901/661 567/902/568 661/903/662
f 655/896/656 491/700/492 663/904/663
f 114/905/114 175/353/175 481/690/482
f 664/906/664 114/907/114 665/908/665
f 66/177/66 531/749/532 67/909/67
f 666/910/666 667/911/667 668/912/668
f 669/913/669 150/327/150 291/474/291
f 670/914/670 671/915/671 672/916/672
f 673/917/673 674/918/674 675/919/675
f 676/920/676 677/921/677 678/922/678
f 679/923/679 680/924/680 681/925/681
f 294/477/294 678/922/678 608/842/609
f 682/926/682 683/927/683 684/928/684
f 685/929/685 686/930/686 687/931/687
f 688/932/688 689/933/689 200/378/199
f 690/934/690 300/484/300 304/488/304
f 2095/935/437 691/936/691 306/937/306
f 692/938/692 693/939/693 694/940/694
f 696/941/695 697/942/696 698/943/697
f 699/944/698 173/351/173 649/890/650
f 700/945/699 701/946/700 438/947/439
f 702/948/701 576/799/577 577/800/578
f 396/596/396 649/949/650 629/868/630
f 703/950/702 178/356/178 177/355/177
f 704/951/703 705/952/704 706/953/705
f 707/954/706 708/955/707 709/956/708
f 326/957/326 511/724/512 282/958/282
f 710/959/709 711/960/710 712/961/711
f 704/951/703 706/953/705 713/962/712
f 602/963/603 592/964/593 714/965/713
f 713/962/712 715/966/714 550/771/551
f 574/797/575 573/796/574 716/967/715
f 680/924/680 679/923/679 717/968/716
f 718/969/717 719/970/718 720/971/719
f 686/930/686 721/972/720 722/973/721
f 723/974/722 724/975/723 725/976/724
f 497/707/498 245/424/244 726/977/725
f 727/978/726 728/979/727 729/980/728
f 660/901/661 474/981/475 730/982/729
f 77/208/77 731/983/730 20/209/20
f 732/984/731 733/985/732 734/986/733
f 351/539/351 350/538/350 699/944/698
f 735/987/734 214/392/213 736/988/735
f 737/989/736 532/990/533 543/991/544
f 738/992/737 739/993/738 740/994/739
f 741/995/740 715/966/714 706/953/705
f 742/996/741 466/997/467 743/998/742
f 423/999/423 515/728/516 517/730/518
f 744/1000/743 745/1001/744 746/1002/745
f 612/848/613 611/847/612 450/658/451
f 747/1003/746 748/1004/747 749/1005/748
f 750/1006/749 751/1007/750 752/1008/751
f 753/1009/752 754/1010/753 733/1011/732
f 747/1003/746 749/1005/748 744/1000/743
f 248/1012/247 755/1013/754 756/1014/755
f 135/312/135 480/689/481 175/353/175
f 757/1015/756 758/1016/757 759/1017/758
f 732/984/731 760/1018/759 753/1019/752
f 423/999/423 761/1020/760 515/728/516
f 762/1021/761 763/1022/762 764/1023/763
f 765/1024/764 766/1025/765 767/1026/766
f 516/729/517 768/1027/767 517/730/518
f 248/1028/247 247/1029/246 535/1030/536
f 769/1031/768 770/1032/769 771/1033/770
f 772/1034/771 773/1035/772 774/1036/773
f 628/867/629 629/868/630 775/1037/774
f 776/1038/775 777/1039/776 778/1040/777
f 779/1041/778 780/1042/779 568/791/569
f 753/1019/752 781/1043/780 782/1044/781
f 783/1045/782 784/1046/783 772/1047/771
f 785/1048/784 786/1049/785 787/1050/786
f 754/1051/753 534/1052/535 788/1053/787
f 789/1054/788 230/408/229 790/1055/789
f 766/1056/765 774/1036/773 773/1035/772
f 351/539/351 650/891/651 307/491/307
f 791/1057/790 792/1058/791 793/1059/792
f 672/1060/672 524/1061/525 794/1062/793
f 754/1010/753 753/1009/752 782/1063/781
f 447/655/448 795/1064/794 796/1065/795
f 797/1066/796 798/1067/797 799/1068/798
f 782/1069/781 800/1070/799 672/1071/672
f 534/752/535 794/1062/793 524/1061/525
f 801/1072/800 70/1073/70 802/1074/801
f 801/1075/800 297/481/297 803/1076/802
f 691/936/691 791/1057/790 595/821/596
f 804/1077/803 361/550/361 360/549/360
f 2095/935/437 306/937/306 437/645/438
f 68/183/68 805/1078/804 58/184/58
f 806/1079/805 807/1080/806 617/1081/618
f 375/570/375 377/572/377 808/1082/807
f 809/1083/808 810/1084/809 811/1085/810
f 458/666/459 457/665/458 812/1086/811
f 664/906/664 117/291/117 115/290/115
f 452/1087/453 813/1088/812 450/1089/451
f 812/1090/811 814/1091/813 458/1092/459
f 374/1093/374 815/1094/814 816/1095/815
f 817/1096/816 818/1097/817 819/1098/818
f 820/1099/819 821/1100/820 743/998/742
f 552/1101/553 551/1102/552 822/1103/821
f 684/928/684 683/927/683 757/1104/756
f 478/687/479 238/1105/237 823/1106/822
f 336/1107/336 824/1108/823 820/1109/819
f 825/1110/824 826/1111/825 827/1112/826
f 828/1113/827 829/1114/828 830/1115/829
f 12/1116/12 831/1117/830 19/1118/19
f 833/1119/831 834/1120/832 353/541/353
f 615/1121/616 236/414/235 835/1122/833
f 836/1123/834 562/1124/563 482/1125/483
f 725/1126/724 587/1127/588 837/1128/835
f 838/1129/836 839/1130/837 180/1131/180
f 63/1132/63 65/1133/65 840/1134/838
f 841/1135/839 432/639/432 842/1136/840
f 843/1137/841 844/1138/842 845/1139/843
f 628/866/629 775/1037/774 162/340/162
f 846/1140/844 847/1141/845 309/493/309
f 173/351/173 175/353/175 848/1142/846
f 375/570/375 479/1143/480 376/571/376
f 849/1144/847 346/534/346 348/536/348
f 850/1145/848 740/994/739 761/1146/760
f 851/1147/849 852/1148/850 853/1149/851
f 308/1150/308 305/489/305 553/1151/554
f 854/1152/852 423/1153/423 517/1154/518
f 792/1058/791 552/773/553 793/1059/792
f 565/1155/566 37/281/37 566/1156/567
f 855/1157/853 713/962/712 550/771/551
f 856/1158/854 379/1159/379 857/1160/855
f 858/1161/856 859/1162/857 841/1163/839
f 860/1164/858 861/1165/859 128/711/128
f 862/1166/860 692/938/692 863/1167/861
f 864/1168/862 259/438/258 865/1169/863
f 174/352/174 136/313/136 135/312/135
f 866/1170/864 594/1171/595 867/1172/865
f 803/1173/802 297/481/297 868/1174/866
f 869/1175/867 76/1176/76 541/762/542
f 498/708/499 726/977/725 723/974/722
f 174/352/174 135/312/135 175/353/175
f 135/312/135 137/314/137 480/689/481
f 175/353/175 114/905/114 119/1177/119
f 870/1178/868 503/714/504 502/713/503
f 204/1179/203 871/1180/869 205/1181/204
f 737/989/736 748/1182/747 872/1183/870
f 873/1184/871 91/278/91 126/1185/126
f 226/1186/225 874/1187/872 760/1018/759
f 875/1188/873 543/991/544 876/1189/874
f 504/715/505 877/1190/875 878/1191/876
f 575/1192/576 879/1193/877 880/1194/878
f 881/1195/879 882/1196/880 533/1197/534
f 883/1198/881 282/958/282 511/724/512
f 884/1199/882 600/1200/601 599/1201/600
f 885/1202/883 744/1000/743 340/1203/340
f 886/1204/884 887/1205/885 888/1206/886
f 773/1207/772 745/1208/744 789/1209/788
f 889/1210/887 241/419/240 240/418/239
f 768/1211/767 890/1212/888 517/1154/518
f 891/1213/889 892/1214/890 890/1215/888
f 893/1216/891 340/1217/340 342/1218/342
f 894/1219/892 895/1220/893 896/1221/894
f 897/1222/895 898/1223/896 899/1224/897
f 900/1225/898 901/1226/899 490/699/491
f 722/973/721 492/1227/493 686/930/686
f 902/1228/900 903/1229/901 904/1230/902
f 552/773/553 792/1058/791 855/1157/853
f 807/1080/806 905/1231/903 348/1232/348
f 906/1233/904 716/967/715 573/796/574
f 907/1234/905 777/1039/776 776/1038/775
f 863/1167/861 116/292/116 862/1166/860
f 908/1235/906 909/1236/907 910/1237/908
f 663/904/663 911/1238/909 694/940/694
f 477/1239/478 892/1214/890 891/1213/889
f 912/1240/910 898/1223/896 913/1241/911
f 914/1242/912 915/1243/913 651/892/652
f 901/1226/899 916/1244/914 917/1245/915
f 918/1246/916 919/1247/917 920/1248/918
f 508/1249/509 921/1250/919 422/1251/422
f 922/1252/920 923/1253/921 924/1254/922
f 295/1255/295 277/1256/277 278/1257/278
f 925/1258/923 829/1259/828 926/1260/924
f 334/1261/334 519/1262/520 518/1263/519
f 927/1264/925 138/1265/138 186/1266/186
f 603/836/604 660/901/661 928/1267/926
f 929/1268/927 930/1269/928 605/1270/606
f 931/1271/929 932/1272/930 933/1273/931
f 713/962/712 2095/1274/437 934/1275/932
f 665/908/665 545/766/546 544/765/545
f 935/1276/933 936/1277/934 937/1278/935
f 474/981/475 863/1167/861 938/1279/936
f 939/1280/937 438/1281/439 553/1151/554
f 890/1212/888 940/1282/938 941/1283/939
f 659/1284/660 942/1285/940 943/1286/941
f 945/1287/942 946/1288/943 947/1289/944
f 792/1058/791 791/1057/790 691/936/691
f 948/1290/945 718/969/717 720/971/719
f 762/1021/761 950/1291/946 951/1292/947
f 879/1193/877 917/1245/915 916/1244/914
f 777/1293/776 907/1294/905 952/1295/948
f 835/1296/833 953/1297/949 615/853/616
f 253/432/252 954/1298/950 955/1299/951
f 394/593/394 956/1300/952 957/1301/953
f 958/1302/954 959/1303/955 960/1304/956
f 961/1305/957 962/1306/958 963/1307/959
f 667/1308/667 964/1309/960 233/1310/232
f 475/684/476 965/1311/961 558/779/559
f 957/1301/953 395/594/395 394/593/394
f 663/904/663 693/939/693 655/896/656
f 883/1198/881 966/1312/962 967/1313/963
f 968/1314/964 969/1315/965 970/1316/966
f 533/751/534 971/1317/967 538/1318/539
f 972/1319/968 973/1320/969 2095/1321/437
f 974/1322/970 975/1323/971 976/1324/972
f 976/1324/972 977/1325/973 978/1326/974
f 979/1327/975 254/433/253 980/1328/976
f 905/1231/903 981/1329/977 982/1330/978
f 983/1331/979 984/1332/980 930/1269/928
f 952/1333/948 498/708/499 777/1334/776
f 985/1335/981 929/1336/927 986/1337/982
f 971/1317/967 524/737/525 523/1338/524
f 987/1339/983 988/1340/984 989/1341/985
f 357/545/357 124/301/124 355/543/355
f 990/1342/986 991/1343/987 992/1344/988
f 993/1345/989 994/1346/990 995/1347/991
f 830/1115/829 996/1348/992 997/1349/993
f 998/1350/994 999/1351/995 1000/1352/996
f 1001/1353/997 1002/1354/998 349/537/349
f 1003/1355/999 106/1356/106 1004/1357/1000
f 1005/1358/1001 572/1359/573 1006/1360/1002
f 911/1238/909 1007/1361/1003 917/1245/915
f 1008/1362/1004 648/1363/649 570/1364/571
f 1009/1365/1005 1010/1366/1006 1011/1367/1007
f 1012/1368/1008 141/318/141 1013/1369/1009
f 1014/1370/1010 292/475/292 1015/1371/1011
f 1016/1372/1012 713/962/712 934/1275/932
f 1017/1373/1013 151/328/151 1018/1374/1014
f 271/1375/271 1019/1376/1015 536/1377/537
f 1020/1378/1016 1021/1379/1017 1022/1380/1018
f 1023/1381/1019 568/791/569 1024/1382/1020
f 705/952/704 720/971/719 741/995/740
f 1026/1383/1021 1027/1384/1022 1028/1385/1023
f 995/1386/991 1004/1357/1000 8/1387/8
f 495/705/496 738/1388/737 496/706/497
f 1029/1389/1024 340/1390/340 893/1391/891
f 762/1021/761 1030/1392/1025 763/1022/762
f 983/1331/979 930/1269/928 929/1268/927
f 101/259/101 102/260/102 647/1393/648
f 545/766/546 665/908/665 1031/1394/1026
f 1032/1395/1027 1033/1396/1028 353/541/353
f 955/1299/951 1034/1397/1029 1035/1398/1030
f 183/1399/183 1036/1400/1031 688/1401/688
f 1037/1402/1032 822/1403/821 551/1102/552
f 786/1049/785 1038/1404/1033 787/1050/786
f 1039/1405/1034 167/345/167 169/347/169
f 1040/1406/1035 274/456/274 1029/1407/1024
f 1041/1408/1036 1042/1409/1037 1043/1410/1038
f 1018/1374/1014 151/328/151 751/1007/750
f 1044/1411/1039 1045/1412/1040 1046/1413/1041
f 1047/1414/1042 1048/1415/1043 921/1416/919
f 1049/1417/1044 807/1080/806 1050/1418/1045
f 588/1419/589 1051/1420/1046 798/1421/797
f 965/1311/961 1052/1422/1047 558/779/559
f 446/654/447 1053/1423/1048 444/652/445
f 476/685/477 1054/1424/1049 2095/683/437
f 708/955/707 1055/1425/1050 2095/1426/437
f 1056/1427/1051 1057/1428/1052 1058/1429/1053
f 1060/1430/1054 628/1431/629 161/1432/161
f 1061/1433/1055 1051/1420/1046 1062/1434/1056
f 1063/1435/1057 645/886/646 647/1436/648
f 1064/1437/1058 430/637/430 1013/1369/1009
f 1065/1438/1059 905/1231/903 807/1080/806
f 1066/1439/1060 1067/1440/1061 1068/1441/1062
f 1069/1442/1063 1070/1443/1064 1071/1444/1065
f 1072/1445/1066 1073/1446/1067 1074/1447/1068
f 713/962/712 1016/1372/1012 704/951/703
f 1075/1448/1069 1020/1449/1016 1076/1450/1070
f 1077/1451/1071 1078/1452/1072 1079/1453/1073
f 1080/1454/1074 1063/1455/1057 1081/1456/1075
f 1082/1457/1076 700/1458/699 1083/1459/1077
f 1084/1460/1078 1085/1461/1079 1086/1462/1080
f 1087/1463/1081 1088/1464/1082 1089/1465/1083
f 1090/1466/1084 1091/1467/1085 1092/1468/1086
f 1093/1469/1087 1094/1470/1088 1069/1442/1063
f 1095/1471/1089 470/678/471 1096/1472/1090
f 1089/1473/1083 1088/1474/1082 814/1475/813
f 1069/1442/1063 129/1476/129 1097/1477/1091
f 1098/1478/1092 1099/1479/1093 1100/1480/1094
f 1101/1481/1095 1102/1482/1096 1103/1483/1097
f 948/1484/945 1104/1485/1098 1105/1486/1099
f 1106/1487/1100 1107/1488/1101 1108/1489/1102
f 1109/1490/1103 391/590/391 623/861/624
f 563/1491/564 113/289/113 118/293/118
f 1110/1492/1104 1111/1493/1105 1112/1494/1106
f 1113/1495/1107 1114/1496/1108 1115/1497/1109
f 251/430/250 250/429/249 1024/1498/1020
f 654/895/655 656/897/657 436/643/436
f 1036/1499/1031 1116/1500/1110 1044/1501/1039
f 1117/1502/1111 1118/1503/1112 1119/1504/1113
f 1120/1505/1114 1121/1506/1115 139/1507/139
f 1122/1508/1116 821/1509/820 1123/1510/1117
f 1124/1511/1118 1125/1512/1119 1126/1513/1120
f 1026/1383/1021 1125/1514/1119 1027/1384/1022
f 1119/1504/1113 1127/1515/1121 1128/1516/1122
f 1129/1517/1123 831/1117/830 12/1518/12
f 731/1519/730 888/1206/886 887/1205/885
f 1130/1520/1124 1131/1521/1125 1123/1510/1117
f 482/691/483 563/1491/564 483/692/484
f 239/417/238 894/1219/892 519/1522/520
f 823/1106/822 460/1523/461 1132/1524/1126
f 1112/1525/1106 1133/1526/1127 1134/1527/1128
f 1123/1510/1117 1131/1521/1125 1122/1508/1116
f 504/715/505 503/714/504 1135/1528/1129
f 1136/1529/1130 1137/1530/1131 1138/1531/1132
f 1139/1532/1133 1140/1533/1134 1141/1534/1135
f 668/1535/668 667/1536/667 1142/1537/1136
f 1143/1538/1137 1144/1539/1138 1145/1540/1139
f 1142/1537/1136 656/897/657 545/766/546
f 665/1541/665 980/1328/976 1031/1542/1026
f 617/855/618 619/857/620 1146/1543/1140
f 137/314/137 136/313/136 1002/1354/998
f 762/1021/761 1147/1544/1141 1030/1392/1025
f 178/356/178 1148/1545/1142 176/354/176
f 1149/1546/1143 1150/1547/1144 1151/1548/1145
f 924/1254/922 923/1253/921 1152/1549/1146
f 1061/1433/1055 1153/1550/1147 1154/1551/1148
f 1155/1552/1149 1156/1553/1150 513/726/514
f 1157/1554/1151 1158/1555/1152 1159/1556/1153
f 811/1085/810 1160/1557/1154 1161/1558/1155
f 1051/1420/1046 1061/1433/1055 798/1421/797
f 1162/1559/1156 1163/1560/1157 1164/1561/1158
f 1165/1562/1159 1166/1563/1160 1167/1564/1161
f 1168/1565/1162 545/766/546 1031/1394/1026
f 137/314/137 1169/1566/1163 480/689/481
f 1166/1563/1160 1170/1567/1164 1171/1568/1165
f 941/1283/939 1172/1569/1166 424/630/424
f 108/1570/108 1173/1571/1167 1174/1572/1168
f 434/641/434 1142/1537/1136 667/1536/667
f 1175/1573/1169 1176/1574/1170 1177/1575/1171
f 1178/1576/1172 1179/1577/1173 451/1578/452
f 588/1419/589 798/1421/797 797/1579/796
f 472/680/473 813/1088/812 452/1087/453
f 2095/1580/437 1180/1581/1174 946/1582/943
f 168/346/168 204/1179/203 1181/1583/1175
f 1182/1584/1176 1183/1585/1177 1184/1586/1178
f 1185/1587/1179 1186/1588/1180 1187/1589/1181
f 1188/1590/1182 1189/1591/1183 622/860/623
f 1190/1592/1184 1191/1593/1185 203/381/202
f 1192/1594/1186 1193/1595/1187 1194/1596/1188
f 1195/1597/1189 260/1598/260 886/1599/884
f 763/1022/762 1196/1600/1190 764/1023/763
f 989/1341/985 988/1340/984 1197/1601/1191
f 1198/1602/1192 1199/1603/1193 448/656/449
f 1163/1560/1157 1200/1604/1194 1201/1605/1195
f 1202/1606/1196 189/1607/189 1203/1608/1197
f 743/998/742 821/1100/820 1204/1609/1198
f 799/1610/798 1043/1410/1038 1205/1611/1199
f 1206/1612/1200 799/1610/798 1205/1611/1199
f 1207/1613/1201 2095/1614/437 1208/1615/1202
f 479/688/480 478/687/479 1132/1524/1126
f 1199/1603/1193 1209/1616/1203 1210/1617/1204
f 1211/1618/1205 1212/1619/1206 1213/1620/1207
f 808/1082/807 915/1243/913 1214/1621/1208
f 1215/1622/1209 1216/1623/1210 1217/1624/1211
f 796/1625/795 1218/1626/1212 1219/1627/1213
f 55/1628/55 1220/1629/1214 120/297/120
f 622/860/623 987/1630/983 1188/1590/1182
f 1189/1631/1183 1188/1632/1182 1162/1559/1156
f 1034/1397/1029 1221/1633/1215 1035/1398/1030
f 1222/1634/1216 429/636/429 428/635/428
f 796/1065/795 1223/1635/1217 447/655/448
f 1224/1636/1218 1225/1637/1219 1226/1638/1220
f 479/1143/480 375/570/375 477/1239/478
f 1227/1639/1221 232/410/231 231/409/230
f 1228/1640/1222 1211/1618/1205 1229/1641/1223
f 978/1326/974 977/1325/973 219/397/218
f 1099/1642/1093 1230/1643/1224 1100/1644/1094
f 291/474/291 290/473/290 669/913/669
f 616/854/617 333/520/333 236/852/235
f 1221/1633/1215 1231/1645/1225 809/1083/808
f 6/8/6 1229/1641/1223 1211/1618/1205
f 1232/1646/1226 1233/1647/1227 1010/1648/1006
f 1230/1643/1224 1234/1649/1228 1100/1644/1094
f 968/1314/964 1161/1558/1155 1160/1557/1154
f 1035/1398/1030 980/1328/976 955/1299/951
f 24/1650/24 1236/1651/1229 18/1652/18
f 787/1653/786 1038/1654/1033 444/652/445
f 1237/1655/1230 1238/1656/1231 1239/1657/1232
f 1153/1658/1147 1240/1659/1233 943/1660/941
f 809/1083/808 811/1085/810 1221/1633/1215
f 1241/1661/1234 216/394/215 215/393/214
f 867/1172/865 793/1662/792 822/1103/821
f 1191/1593/1185 1190/1592/1184 1242/1663/1235
f 1243/1664/1236 619/857/620 1244/1665/1237
f 936/1666/934 935/1667/933 755/1668/754
f 1113/1669/1107 1245/1670/1238 1176/1671/1170
f 1246/1672/1239 1247/1673/1240 1248/1674/1241
f 1249/1675/1242 1250/1676/1243 1251/1677/1244
f 1252/1678/1245 1228/1679/1222 1229/1680/1223
f 1253/1681/1246 1217/1682/1211 1254/1683/1247
f 1255/1684/1248 1256/1685/1249 547/1686/548
f 961/1305/957 1132/1687/1126 962/1306/958
f 1258/1688/1250 469/1689/470 1259/1690/1251
f 1130/1520/1124 336/523/336 471/679/472
f 1260/1691/1252 1261/1692/1253 1262/1693/1254
f 1249/1675/1242 1009/1694/1005 1250/1676/1243
f 1260/1691/1252 505/716/506 1263/1695/1255
f 1148/1545/1142 178/356/178 357/545/357
f 253/432/252 255/434/254 954/1298/950
f 46/206/46 76/205/76 869/1696/867
f 1217/1624/1211 1264/1697/1256 1254/1698/1247
f 2095/1699/1257 2096/1700/1258 972/1319/1259
f 2095/1701/437 1265/1702/1260 1266/1703/1261
f 1267/1704/1262 1268/1705/1263 1269/1706/1264
f 1270/1707/1265 1231/1645/1225 955/1299/951
f 1271/1708/1266 1272/1709/1267 1273/1710/1268
f 1274/1711/1269 1059/1712/1270 2095/1713/437
f 142/319/142 1275/1714/1271 143/320/143
f 1276/1715/1272 1264/1716/1256 1277/1717/1273
f 1143/1538/1137 1145/1540/1139 131/1718/131
f 362/1719/362 224/1720/223 969/1721/965
f 1069/1442/1063 1097/1477/1091 1093/1469/1087
f 1278/1722/1274 1279/1723/1275 1280/1724/1276
f 677/921/677 459/667/460 458/666/459
f 1281/1725/1277 1282/1726/1278 1283/1727/1279
f 1094/1728/1088 1284/1729/1280 1285/1730/1281
f 1085/1731/1079 1286/1732/1282 1287/1733/1283
f 1279/1723/1275 1278/1722/1274 1288/1734/1284
f 1185/1735/1179 1289/1736/1285 1186/1588/1180
f 1113/1737/1107 1290/1738/1286 1175/1573/1169
f 985/1335/981 606/840/607 1291/1739/1287
f 1292/1740/1288 1293/1741/1289 1294/1742/1290
f 1295/1743/1291 1117/1502/1111 1296/1744/1292
f 316/500/316 324/511/324 265/446/265
f 1297/1745/1293 1298/1746/1294 1299/1747/1295
f 1300/1748/1296 121/298/121 1220/1629/1214
f 1301/1749/1297 185/363/185 1302/1750/1298
f 1303/1751/1299 1117/1752/1111 1295/1753/1291
f 1161/1558/1155 964/1309/960 667/1308/667
f 1304/1754/1300 1288/1734/1284 1278/1722/1274
f 1305/1755/1301 1306/1756/1302 1307/1757/1303
f 231/1758/230 233/1310/232 964/1309/960
f 430/1759/430 1012/1368/1008 1013/1369/1009
f 886/1599/884 1308/1760/1304 1195/1597/1189
f 1309/1761/1305 1310/1762/1306 1311/1763/1307
f 821/1509/820 1312/1764/1308 1313/1765/1309
f 567/902/568 604/838/605 1314/1766/1310
f 1315/1767/1311 1310/1762/1306 1309/1761/1305
f 168/346/168 1316/1768/1312 169/347/169
f 364/1769/364 224/402/223 362/1770/362
f 211/1771/210 167/1772/167 1317/1773/1313
f 1240/1774/1233 1318/1775/1314 1319/1776/1315
f 793/1059/792 595/821/596 791/1057/790
f 103/261/103 1128/1777/1122 402/1778/402
f 1320/1779/1316 994/1780/990 993/1781/989
f 1245/1782/1238 1321/1783/1317 1176/1574/1170
f 1001/1353/997 715/966/714 1322/1784/1318
f 128/711/128 500/710/501 860/1164/858
f 1003/1355/999 127/304/127 104/1785/104
f 500/1786/501 1323/1787/1319 860/1788/858
f 548/769/549 1324/1789/1320 549/770/550
f 128/305/128 127/304/127 1325/1790/1321
f 790/1791/789 1326/1792/1322 1327/1793/1323
f 1278/1722/1274 1328/1794/1324 1304/1754/1300
f 1329/1795/1325 968/1796/964 1160/1797/1154
f 204/1179/203 435/1798/435 1181/1583/1175
f 1330/1799/1326 393/592/393 871/1800/869
f 393/592/393 1330/1799/1326 391/590/391
f 780/1042/779 2095/1801/437 695/1802/1327
f 612/1803/613 331/518/331 1331/1804/1328
f 641/882/642 640/881/641 1332/1805/1329
f 1333/1806/1330 1288/1734/1284 1304/1754/1300
f 153/330/153 1334/1807/1331 154/331/154
f 198/376/197 133/310/133 371/563/371
f 610/1808/611 884/1199/882 599/1201/600
f 1335/1809/1332 1336/1810/1333 1337/1811/1334
f 362/1719/362 1329/1795/1325 199/377/198
f 1338/1812/1335 969/1315/965 223/401/222
f 411/614/411 413/616/413 985/1335/981
f 927/1813/925 1339/1814/1336 138/1815/138
f 1340/1816/1337 1341/1817/1338 1342/1818/1339
f 597/823/598 1343/1819/1340 1344/1820/1341
f 1125/1514/1119 1026/1383/1021 1345/1821/1342
f 1346/1822/1343 736/1823/735 1347/1824/1344
f 841/1135/839 1348/1825/1345 109/1826/109
f 1181/1583/1175 1349/1827/1346 1316/1768/1312
f 242/1828/241 1350/1829/1347 240/1830/239
f 711/1831/710 1346/1832/1343 1178/1833/1172
f 640/1834/641 639/1835/640 1304/1836/1300
f 1257/1837/1348 2095/1838/437 1351/1839/1349
f 235/1840/234 234/1841/233 1023/1842/1019
f 1352/1843/1350 197/375/196 1353/1844/1351
f 601/1845/602 1354/1846/1352 599/1847/600
f 1355/1848/1353 1356/1849/1354 1357/1850/1355
f 936/1851/934 755/1852/754 556/1853/557
f 1358/1854/1356 1359/1855/1357 1360/1856/1358
f 126/1185/126 1361/1857/1359 873/1184/871
f 126/1858/126 91/243/91 3/242/3
f 1362/1859/1360 1363/1860/1361 1140/1533/1134
f 1300/1861/1296 1220/1862/1214 1299/1747/1295
f 1364/1863/1362 976/1324/972 978/1326/974
f 1365/1864/1363 861/1165/859 503/1865/504
f 1365/1864/1363 433/640/433 873/1184/871
f 1366/1866/1364 1280/1867/1276 1367/1868/1365
f 1368/1869/1366 1369/1870/1367 1370/1871/1368
f 1371/1872/1369 1297/1745/1293 1372/1873/1370
f 1373/1874/1371 1374/1875/1372 1375/1876/1373
f 134/311/134 133/310/133 198/376/197
f 466/674/467 823/1877/822 238/416/237
f 1376/1878/1374 1377/1879/1375 852/1148/850
f 1365/1864/1363 503/1865/504 870/1880/868
f 2095/1801/437 780/1042/779 779/1041/778
f 1378/1881/1376 1379/1882/1377 1380/1883/1378
f 1381/1884/1379 1382/1885/1380 1373/1874/1371
f 1383/1886/1381 610/1887/611 1331/1804/1328
f 694/940/694 938/1279/936 692/938/692
f 792/1058/791 691/936/691 2095/935/437
f 1384/1888/1382 1152/1549/1146 1149/1889/1143
f 452/1087/453 1179/1577/1173 473/681/474
f 970/1316/966 1338/1812/1335 1385/1890/1383
f 1189/1631/1183 1164/1561/1158 1386/1891/1384
f 764/1023/763 950/1291/946 762/1021/761
f 1164/1561/1158 1189/1631/1183 1162/1559/1156
f 1192/1892/1186 1387/1893/1385 1388/1894/1386
f 1383/1895/1381 742/1896/741 1204/1897/1198
f 1389/1898/1387 1390/1899/1388 1391/1900/1389
f 1392/1901/1390 1393/1902/1391 1374/1875/1372
f 704/951/703 1394/1903/1392 705/952/704
f 584/807/585 1395/1904/1393 582/805/583
f 615/1905/616 1396/1906/1394 1397/1907/1395
f 647/1393/648 646/1908/647 101/259/101
f 1398/1909/1396 1399/1910/1397 1222/1634/1216
f 1400/1911/1398 1401/1912/1399 1070/1913/1064
f 164/342/164 132/309/132 165/343/165
f 1157/1554/1151 844/1914/842 1158/1555/1152
f 1238/1656/1231 1402/1915/1400 1403/1916/1401
f 1404/1917/1402 1200/1604/1194 1163/1560/1157
f 984/1332/980 1065/1438/1059 926/1260/924
f 1063/1455/1057 401/604/401 1081/1456/1075
f 1024/1918/1020 568/1919/569 780/1920/779
f 1032/1921/1027 1405/1922/1403 1406/1923/1404
f 1407/1924/1405 1408/1925/1406 377/572/377
f 1080/1454/1074 993/1781/989 1063/1435/1057
f 1269/1706/1264 1409/1926/1407 1267/1704/1262
f 346/534/346 849/1144/847 982/1330/978
f 1079/1927/1073 959/1303/955 1077/1451/1071
f 1410/1928/1408 1411/1929/1409 1412/1930/1410
f 855/1157/853 2095/1274/437 713/962/712
f 741/995/740 1398/1909/1396 1322/1784/1318
f 940/1282/938 890/1215/888 1214/1621/1208
f 1413/1931/1411 1135/1932/1129 1414/1933/1412
f 715/966/714 741/995/740 1322/1784/1318
f 1119/1504/1113 1118/1503/1112 400/603/400
f 1292/1740/1288 1415/1934/1413 1293/1741/1289
f 1204/1609/1198 884/1199/882 610/1808/611
f 934/1275/932 1394/1903/1392 1016/1372/1012
f 793/1662/792 552/1101/553 822/1103/821
f 1294/1742/1290 1293/1741/1289 1267/1704/1262
f 1416/1935/1414 1417/1936/1415 1418/1937/1416
f 752/1008/751 669/913/669 290/473/290
f 1419/1938/1417 852/1148/850 370/1939/370
f 1420/1940/1418 1421/1941/1419 1422/1942/1420
f 1422/1942/1420 1423/1943/1421 1424/1944/1422
f 402/605/402 401/604/401 1425/1945/1423
f 1279/1723/1275 1426/1946/1424 1280/1724/1276
f 1427/1947/1425 1424/1944/1422 1043/1410/1038
f 743/998/742 1204/1609/1198 742/996/741
f 1428/1948/1426 1429/1949/1427 1430/1950/1428
f 1059/1712/1270 1274/1711/1269 1431/1951/1429
f 251/430/250 1024/1498/1020 695/1952/1327
f 1432/1953/1430 125/1954/125 1433/1955/1431
f 1434/1956/1432 797/1579/796 785/1048/784
f 1435/1957/1433 1146/1543/1140 1243/1664/1236
f 1080/1454/1074 958/1302/954 1436/1958/1434
f 1437/1959/1435 210/388/209 209/387/208
f 1438/1960/1436 1439/1961/1437 1440/1962/1438
f 1324/1789/1320 548/769/549 1328/1794/1324
f 1409/1926/1407 1366/1866/1364 1294/1742/1290
f 428/635/428 356/544/356 1169/1566/1163
f 217/395/216 288/471/288 215/393/214
f 277/1256/277 1441/1963/1439 886/1204/884
f 1442/1964/1440 1177/1575/1171 1176/1574/1170
f 1069/1965/1063 1079/1927/1073 1070/1913/1064
f 1420/1940/1418 658/899/659 1443/1966/1441
f 1444/1967/1442 1367/1868/1365 1287/1968/1283
f 1445/1969/1443 1446/1970/1444 1447/1971/1445
f 519/1522/520 1448/1972/1446 239/417/238
f 1409/1926/1407 1449/1973/1447 547/1974/548
f 1450/1975/1448 1451/1976/1449 379/1159/379
f 255/434/254 254/433/253 481/690/482
f 1041/1408/1036 1043/1410/1038 1424/1944/1422
f 1452/1977/1450 1453/1978/1451 1454/1979/1452
f 212/390/211 735/987/734 1455/1980/1453
f 299/483/299 343/530/343 327/514/327
f 1456/1981/1454 1256/1982/1249 1457/1983/1455
f 11/275/11 108/270/108 1458/1984/1456
f 1070/1913/1064 1401/1912/1399 130/1985/130
f 1459/1986/1457 1129/1517/1123 803/1987/802
f 1385/1890/1383 1460/1988/1458 970/1316/966
f 1461/1989/1459 1370/1990/1368 1462/1991/1460
f 886/1204/884 1441/1963/1439 887/1205/885
f 104/263/104 126/1992/126 3/242/3
f 1463/1993/1461 1464/1994/1462 832/1995/1463
f 1465/1996/1464 1466/1997/1465 7/9/7
f 1467/1998/1466 16/1999/16 17/2000/17
f 563/1491/564 863/2001/861 483/692/484
f 1468/2002/1467 1240/1659/1233 1469/2003/1468
f 1145/1540/1139 129/306/129 131/308/131
f 558/2004/559 1019/2005/1015 557/2006/558
f 367/556/367 165/343/165 134/311/134
f 305/489/305 304/488/304 300/484/300
f 163/2007/163 563/2008/564 1470/2009/1469
f 287/470/287 288/471/288 345/533/345
f 946/1288/943 1471/2010/1470 1472/2011/1471
f 1473/2012/1472 1474/2013/1473 1475/2014/1474
f 293/476/293 292/475/292 1014/1370/1010
f 1470/2015/1469 1060/2016/1054 161/2017/161
f 364/1769/364 1476/2018/1475 1332/1805/1329
f 1236/2019/1229 1099/2020/1093 1477/2021/1476
f 1478/2022/1477 1479/2023/1478 929/1336/927
f 367/556/367 134/311/134 1433/1955/1431
f 1241/1661/1234 1347/2024/1344 736/988/735
f 442/650/443 405/2025/405 1480/2026/1479
f 241/2027/240 2095/2028/437 1481/2029/1480
f 1482/2030/1481 632/873/633 1417/1936/1415
f 699/944/698 650/891/651 351/539/351
f 1052/1422/1047 965/1311/961 1483/2031/1482
f 1484/2032/1483 1093/2033/1087 1485/2034/1484
f 1259/2035/1251 436/643/436 1486/2036/1485
f 1291/1739/1287 632/873/633 219/2037/218
f 1487/2038/1486 380/575/380 379/574/379
f 574/837/575 1488/2039/1487 575/1192/576
f 1350/1829/1347 242/1828/241 933/2040/931
f 551/772/552 550/771/551 1489/2041/1488
f 449/2042/450 1490/2043/1489 1491/2044/1490
f 1492/2045/1491 1493/2046/1492 1494/2047/1493
f 1010/1366/1006 1233/2048/1227 1495/2049/1494
f 1006/2050/1002 1496/2051/1495 1497/2052/1496
f 1160/1797/1154 1353/1844/1351 199/377/198
f 1498/2053/1497 1499/2054/1498 1500/2055/1499
f 1352/1843/1350 1353/1844/1351 811/2056/810
f 1501/2057/1500 1502/2058/1501 1503/2059/1502
f 826/1111/825 1504/2060/1503 1505/2061/1504
f 143/320/143 1506/2062/1505 330/517/330
f 134/311/134 165/343/165 132/309/132
f 1160/1797/1154 199/377/198 1329/1795/1325
f 1432/1953/1430 1352/1843/1350 810/2063/809
f 1458/2064/1456 1119/1504/1113 1128/1516/1122
f 133/310/133 1507/2065/1506 371/563/371
f 427/634/427 955/1299/951 954/1298/950
f 1242/1663/1235 1190/1592/1184 521/734/522
f 1432/1953/1430 197/375/196 1352/1843/1350
f 158/557/158 157/2066/157 166/344/166
f 1508/2067/1507 1153/2068/1147 1509/2069/1508
f 857/1160/855 379/1159/379 1451/1976/1449
f 1510/2070/1509 1144/1539/1138 1475/2014/1474
f 352/2071/352 1511/2072/1510 1512/2073/1511
f 1513/2074/1512 391/2075/391 1330/2076/1326
f 865/2077/863 1396/2078/1394 953/2079/949
f 1106/1487/1100 590/2080/591 1107/1488/1101
f 943/2081/941 657/898/658 659/900/660
f 310/494/310 309/493/309 1514/2082/1513
f 1493/2083/1492 1501/2084/1500 444/652/445
f 1495/2085/1494 1006/1360/1002 1497/2086/1496
f 1509/2087/1508 1154/2088/1148 1508/2089/1507
f 852/1148/850 1419/1938/1417 1376/1878/1374
f 1515/2090/1514 1327/1793/1323 1516/2091/1515
f 1517/2092/1516 921/1250/919 453/661/454
f 458/2093/459 814/2094/813 1088/2095/1082
f 1249/1675/1242 1251/1677/1244 1268/2096/1263
f 247/2097/246 249/2098/248 259/2099/258
f 45/117/45 1518/2100/1517 43/115/43
f 2095/2101/437 554/775/555 1052/2102/1047
f 1519/2103/1518 1520/2104/1519 657/2105/658
f 589/812/590 588/811/589 1434/2106/1432
f 688/932/688 200/378/199 1521/2107/1520
f 506/717/507 1107/2108/1101 507/718/508
f 1522/2109/1521 430/1759/430 431/638/431
f 1523/2110/1522 245/424/244 1524/2111/1523
f 1525/2112/1524 1022/2113/1018 2095/2114/437
f 1370/1990/1368 1526/2115/1525 1368/1869/1366
f 133/310/133 258/437/257 257/436/256
f 1527/2116/1526 1528/2117/1527 1529/2118/1528
f 1441/1963/1439 1110/2119/1104 887/1205/885
f 1069/1442/1063 1094/1470/1088 1072/2120/1066
f 1071/1444/1065 130/307/130 129/306/129
f 367/556/367 166/344/166 165/343/165
f 1285/2121/1281 1530/2122/1529 1286/1732/1282
f 18/2123/18 1236/2124/1229 1531/2125/1530
f 1532/2126/1531 1533/2127/1532 1534/2128/1533
f 921/1416/919 1048/1415/1043 422/2129/422
f 862/1166/860 116/292/116 117/291/117
f 1134/1527/1128 1535/2130/1534 1536/2131/1535
f 1268/2096/1263 1502/2058/1501 1249/1675/1242
f 291/474/291 1527/2132/1526 156/333/156
f 403/606/403 1218/2133/1212 795/2134/794
f 449/2042/450 1491/2044/1490 1537/2135/1536
f 1457/1983/1455 1256/1982/1249 1255/2136/1248
f 400/603/400 1127/1515/1121 1119/1504/1113
f 868/1174/866 297/481/297 299/483/299
f 31/2137/31 1099/2020/1093 24/2138/24
f 1538/2139/1537 1539/2140/1538 852/1148/850
f 1072/2141/1066 1094/2142/1088 1073/2143/1067
f 312/496/312 344/531/344 1540/2144/1539
f 544/765/545 1541/2145/1540 117/291/117
f 1542/2146/1541 1457/2147/1455 1255/2148/1248
f 173/351/173 699/944/698 350/538/350
f 719/2149/718 718/2150/717 1025/2151/1542
f 1543/2152/1543 1544/2153/1544 1421/1941/1419
f 1460/1988/1458 1227/2154/1221 970/1316/966
f 1534/2128/1533 1533/2127/1532 1545/2155/1545
f 1546/2156/1546 1547/2157/1547 643/884/644
f 404/607/404 403/606/403 1545/2158/1545
f 1548/2159/1548 1499/2054/1498 1549/2160/1549
f 507/718/508 1263/1695/1255 505/716/506
f 1444/1967/1442 1261/1692/1253 1415/1934/1413
f 1250/2161/1243 1550/2162/1550 1269/1706/1264
f 1367/1868/1365 1444/1967/1442 1415/1934/1413
f 1090/1466/1084 1305/1755/1301 1086/1462/1080
f 1551/2163/1551 2095/2164/437 1552/2165/1552
f 1338/1812/1335 970/1316/966 969/1315/965
f 1001/1353/997 1489/2041/1488 715/966/714
f 1553/2166/1553 707/954/706 709/956/708
f 1554/2167/1554 925/1258/923 926/1260/924
f 757/1015/756 1555/2168/1555 684/2169/684
f 405/2025/405 643/884/644 1556/2170/1556
f 1536/2131/1535 731/1519/730 887/1205/885
f 306/490/306 691/936/691 595/821/596
f 1557/2171/1557 1558/2172/1558 1559/2173/1559
f 2095/2101/437 1235/2174/1560 554/775/555
f 1560/2175/1561 1561/2176/1562 1562/2177/1563
f 448/2178/449 1490/2043/1489 449/2042/450
f 1563/2179/1564 1564/2180/1565 1565/2181/1566
f 1566/2182/1567 1226/1638/1220 987/1339/983
f 624/2183/625 391/2075/391 1513/2074/1512
f 1215/2184/1209 1253/1681/1246 1567/2185/1568
f 1568/2186/1569 1405/1922/1403 1082/2187/1076
f 646/1908/647 995/2188/991 8/265/8
f 517/1154/518 890/1212/888 854/1152/852
f 1030/1392/1025 1569/2189/1570 1570/2190/1571
f 1307/2191/1303 1306/2192/1302 1571/2193/1572
f 520/733/521 516/729/517 1572/2194/1573
f 1554/2195/1554 1302/2196/1298 1573/2197/1574
f 1248/1674/1241 1055/2198/1050 1246/1672/1239
f 1211/1618/1205 1213/1620/1207 1402/2199/1400
f 367/556/367 1433/1955/1431 125/1954/125
f 1016/1372/1012 1394/1903/1392 704/951/703
f 2095/2200/437 1575/2201/1575 1389/1898/1387
f 984/1332/980 983/1331/979 1065/1438/1059
f 1192/1594/1186 1194/1596/1188 1387/2202/1385
f 1576/2203/1576 1577/2204/1577 764/2205/763
f 1030/1392/1025 1570/2190/1571 1578/2206/1578
f 1392/2207/1390 583/2208/584 582/2209/583
f 873/2210/871 1361/2211/1359 1365/2212/1363
f 1441/1963/1439 277/1256/277 295/1255/295
f 728/2213/727 339/526/339 702/2214/701
f 1579/2215/1579 1325/1790/1321 994/1780/990
f 1254/1683/1247 1264/2216/1256 1580/2217/1580
f 504/715/505 851/1147/849 877/1190/875
f 1581/2218/1581 1582/2219/1582 1583/2220/1583
f 1152/1549/1146 1584/2221/1584 1149/1546/1143
f 764/1023/763 1185/1587/1179 950/1291/946
f 833/1119/831 1022/2222/1018 834/2223/832
f 1507/2065/1506 362/2224/362 371/563/371
f 1585/2225/1585 1586/2226/1586 1587/2227/1587
f 1201/1605/1195 1200/1604/1194 1588/2228/1588
f 35/2229/35 1276/1715/1272 1277/1717/1273
f 354/2230/354 1033/2231/1028 1589/2232/1589
f 1590/2233/1590 1580/2217/1580 1264/2216/1256
f 1471/2234/1470 1591/2235/1591 1561/2176/1562
f 1592/2236/1592 1593/2237/1593 1226/1638/1220
f 1594/2238/1594 1595/2239/1595 1289/1736/1285
f 1596/2240/1596 1597/2241/1597 1585/2242/1585
f 305/489/305 300/484/300 1083/2243/1077
f 1171/1568/1165 1598/2244/1598 121/298/121
f 35/2229/35 1277/1717/1273 34/2245/34
f 1039/1405/1034 485/694/486 167/345/167
f 1599/2246/1599 1600/2247/1600 940/1282/938
f 363/2248/363 1419/1938/1417 370/1939/370
f 1601/2249/1601 881/2250/879 538/757/539
f 265/446/265 324/511/324 263/444/263
f 317/2251/317 278/460/278 327/514/327
f 1595/2252/1595 1602/2253/1602 1603/2254/1603
f 1106/2255/1100 1108/2256/1102 1451/1976/1449
f 572/1359/573 1005/1358/1001 1198/1602/1192
f 1604/2257/1604 712/2258/711 1138/1531/1132
f 1566/2182/1567 987/1630/983 621/859/622
f 1067/1440/1061 288/471/288 217/395/216
f 1605/2259/1605 1606/2260/1606 1607/2261/1607
f 541/762/542 76/1176/76 42/2262/42
f 969/1315/965 224/402/223 223/401/222
f 1429/1949/1427 1428/1948/1426 1608/2263/1608
f 1609/2264/1609 1224/2265/1218 1610/2266/1610
f 1566/2182/1567 621/859/622 1610/2266/1610
f 221/399/220 195/2267/195 559/780/560
f 259/2268/258 1396/2269/1394 865/2270/863
f 502/713/503 842/2271/840 870/1178/868
f 1568/2186/1569 1082/2187/1076 1589/2232/1589
f 1360/1856/1358 1609/2264/1609 1610/2266/1610
f 851/1147/849 1538/2139/1537 852/1148/850
f 1611/2272/1611 804/1077/803 360/549/360
f 1612/2273/1612 266/447/266 1045/2274/1040
f 1398/1909/1396 741/995/740 720/971/719
f 1589/2232/1589 1033/2231/1028 1568/2186/1569
f 1211/1618/1205 1613/2275/1613 6/8/6
f 1614/2276/1614 945/1287/942 372/2277/372
f 805/1078/804 1615/2278/1615 1616/2279/1616
f 1130/1520/1124 471/679/472 1095/1471/1089
f 1338/2280/1335 1617/2281/1617 1385/2282/1383
f 147/324/147 1416/1935/1414 1418/1937/1416
f 924/1254/922 1416/1935/1414 147/324/147
f 1297/1745/1293 1382/2283/1380 1298/1746/1294
f 1618/2284/1618 1619/2285/1619 1620/2286/1620
f 810/2063/809 1270/2287/1265 1432/1953/1430
f 1621/2288/1621 272/2289/272 864/2290/862
f 1622/2291/1622 459/667/460 1623/2292/1623
f 1561/2176/1562 1560/2175/1561 1471/2234/1470
f 1345/2293/1342 635/2294/636 1624/2295/1624
f 1625/2296/1625 634/2297/635 1626/2298/1626
f 55/2299/55 56/2300/56 57/2301/57
f 169/347/169 1316/1768/1312 1039/1405/1034
f 210/2302/209 540/761/541 439/760/440
f 1056/2303/1051 1627/2304/1627 1057/1428/1052
f 296/2305/296 316/2306/316 265/2307/265
f 1628/2308/1628 264/445/264 263/444/263
f 1345/2293/1342 1624/2295/1624 1629/2309/1629
f 1140/2310/1134 1363/2311/1361 1630/2312/1630
f 311/495/311 1631/2313/1631 312/496/312
f 697/2314/696 1632/2315/1632 1633/2316/1633
f 358/547/358 365/554/365 858/1161/856
f 33/2317/33 1634/2318/1634 1635/2319/1635
f 1636/2320/1636 331/2321/331 612/848/613
f 706/953/705 715/966/714 713/962/712
f 1051/2322/1046 588/811/589 590/813/591
f 231/409/230 1637/2323/1637 1227/1639/1221
f 1638/2324/1638 1435/2325/1433 1639/2326/1639
f 1583/2220/1583 1582/2327/1582 1640/2328/1640
f 5/7/5 1466/1997/1465 1410/1928/1408
f 242/1828/241 843/2329/841 933/2040/931
f 914/1242/912 975/1323/971 915/1243/913
f 1597/2241/1597 1641/2330/1641 1586/2331/1586
f 1642/2332/1642 580/803/581 579/802/580
f 1643/2333/1643 1581/2334/1581 1583/2220/1583
f 1644/2335/1644 1580/2217/1580 1380/2336/1378
f 1645/2337/1645 1646/2338/1646 1140/2339/1134
f 1374/1875/1372 1596/2340/1596 1392/1901/1390
f 858/2341/856 841/1163/839 877/2342/875
f 168/2343/168 1647/2344/1647 1648/2345/1648
f 327/514/327 262/443/262 299/483/299
f 519/1262/520 334/1261/334 1448/2346/1446
f 1649/2347/1649 995/1386/991 646/887/647
f 1063/1435/1057 647/1436/648 1425/1945/1423
f 993/1781/989 645/886/646 1063/1435/1057
f 236/852/235 333/520/333 332/519/332
f 853/1149/851 877/1190/875 851/1147/849
f 1650/2348/1650 358/547/358 858/1161/856
f 1341/2349/1338 1126/2350/1120 1342/2351/1339
f 1039/1405/1034 232/410/231 486/695/487
f 299/483/299 298/482/298 343/530/343
f 695/1952/1327 2095/2352/437 251/430/250
f 311/495/311 313/497/313 314/498/314
f 314/498/314 313/497/313 257/436/256
f 1651/2353/1651 1374/1875/1372 1652/2354/1652
f 1653/2355/1653 313/497/313 1419/2356/1417
f 152/329/152 151/328/151 1017/1373/1013
f 312/496/312 1540/2144/1539 1419/2356/1417
f 1654/2357/1654 1655/2358/1655 1656/2359/1656
f 958/1302/954 1078/1452/1072 1077/1451/1071
f 1078/1452/1072 1081/1456/1075 1079/1453/1073
f 948/1290/945 1394/1903/1392 1104/2360/1098
f 223/2361/222 1617/2281/1617 1338/2280/1335
f 621/859/622 987/1630/983 622/860/623
f 1037/1402/1032 867/1172/865 822/1403/821
f 1657/2362/1657 484/2363/485 1385/2364/1383
f 1385/2282/1383 486/695/487 1460/2365/1458
f 739/993/738 738/992/737 1658/2366/1658
f 1385/2282/1383 484/693/485 486/695/487
f 666/2367/666 1035/1398/1030 1221/1633/1215
f 1659/2368/1659 1323/1787/1319 1571/2369/1572
f 1111/1493/1105 1110/1492/1104 1660/2370/1660
f 89/2371/89 1174/2372/1168 1173/2373/1167
f 964/1309/960 1161/1558/1155 968/1314/964
f 481/690/482 254/433/253 979/1327/975
f 834/2374/832 1525/2375/1524 2095/2376/437
f 1284/1729/1280 1094/2377/1088 1093/2378/1087
f 964/1309/960 1637/2379/1637 231/1758/230
f 1303/2380/1299 1661/2381/1661 1401/2382/1399
f 1662/2383/1662 1663/2384/1663 457/2385/458
f 1094/1728/1088 1285/1730/1281 1664/2386/1664
f 351/539/351 594/820/595 866/2387/864
f 1304/2388/1300 1328/2389/1324 1657/2390/1657
f 548/769/549 547/768/548 1665/2391/1665
f 1456/2392/1454 510/723/511 540/2393/541
f 1467/2394/1466 1666/2395/1666 1667/2396/1667
f 1227/2154/1221 1637/2379/1637 970/1316/966
f 1383/1886/1381 1668/2397/1668 462/2398/463
f 351/539/351 307/491/307 594/820/595
f 1669/2399/1669 1667/2400/1667 1670/2401/1670
f 391/590/391 1109/1490/1103 392/591/392
f 1669/2402/1669 1670/2403/1670 1183/1585/1177
f 1671/2404/1671 1543/2152/1543 1672/2405/1672
f 483/692/484 474/682/475 473/681/474
f 1183/1585/1177 1673/2406/1673 1184/1586/1178
f 312/496/312 1631/2313/1631 343/530/343
f 1091/2407/1085 1367/1868/1365 1674/2408/1674
f 1367/1868/1365 1292/1740/1288 1366/1866/1364
f 484/2363/485 1317/2409/1313 485/2410/486
f 1675/2411/1675 1676/2412/1676 1271/1708/1266
f 167/1772/167 211/1771/210 1647/2344/1647
f 548/769/549 209/2413/208 1328/1794/1324
f 1677/2414/1677 1678/2415/1678 562/2416/563
f 816/1095/815 757/1104/756 683/927/683
f 1287/1733/1283 1090/1466/1084 1085/1731/1079
f 245/424/244 194/373/194 193/372/193
f 1201/1605/1195 1164/1561/1158 1163/1560/1157
f 1404/1917/1402 1545/2417/1545 1565/2418/1566
f 884/1199/882 1204/1609/1198 1313/2419/1309
f 1005/1358/1001 1209/1616/1203 1198/1602/1192
f 1473/2420/1472 1403/2421/1401 1679/2422/1679
f 1143/1538/1137 131/1718/131 1680/2423/1680
f 1184/2424/1178 1681/2425/1681 1682/2426/1682
f 1312/1764/1308 999/1351/995 1336/1810/1333
f 1683/2427/1683 1684/2428/1684 1685/2429/1685
f 453/661/454 702/2214/701 339/526/339
f 694/940/694 928/1267/926 730/982/729
f 2095/2430/437 438/646/439 701/2431/700
f 1487/2038/1486 1686/2432/1686 1687/2433/1687
f 1688/2434/1688 966/2435/962 1676/2436/1676
f 1689/2437/1689 1250/1676/1243 1009/1694/1005
f 1473/2012/1472 1475/2014/1474 1680/2423/1680
f 1249/1675/1242 1232/1646/1226 1009/1694/1005
f 301/485/301 288/471/288 1066/1439/1060
f 186/2438/186 138/2439/138 140/2440/140
f 1151/2441/1145 193/372/193 195/2267/195
f 1690/2442/1690 1096/1472/1090 1522/2109/1521
f 1250/2161/1243 1269/1706/1264 1268/1705/1263
f 1691/2443/1691 1692/2444/1692 1405/1922/1403
f 1693/2445/1693 348/536/348 347/535/347
f 662/2446/1694 1087/1463/1081 2095/2447/437
f 1668/2397/1668 1383/1886/1381 1694/2448/1695
f 402/605/402 102/2449/102 103/2450/103
f 1043/1410/1038 1695/2451/1696 1696/2452/1697
f 1697/2453/1698 1686/2432/1686 856/2454/854
f 1657/2455/1657 209/387/208 1317/2456/1313
f 1303/2380/1299 1682/2457/1682 1661/2381/1661
f 661/2458/662 1636/2320/1636 813/2459/812
f 562/2460/563 1470/2009/1469 563/2008/564
f 1313/1765/1309 1136/2461/1130 600/2462/601
f 378/2463/378 1468/2464/1467 1469/2465/1468
f 1206/1612/1200 1038/1404/1033 786/1049/785
f 116/292/116 863/1167/861 118/2466/118
f 242/420/241 241/419/240 1481/2467/1480
f 1698/2468/1699 1699/2469/1700 1519/2470/1518
f 1451/1976/1449 1108/2256/1102 857/1160/855
f 353/541/353 352/540/352 833/1119/831
f 1700/2471/1701 263/444/263 315/499/315
f 1701/2472/1702 1702/2473/1703 1438/2474/1436
f 830/1115/829 997/1349/993 828/1113/827
f 1703/2475/1704 1704/2476/1705 1511/2072/1510
f 1212/1619/1206 1228/1640/1222 1699/2469/1700
f 1635/2477/1635 1412/1930/1410 1411/1929/1409
f 1318/2478/1314 1062/2479/1056 1319/2480/1315
f 1705/2481/1706 329/619/329 414/618/414
f 444/652/445 1501/2084/1500 787/1653/786
f 414/618/414 967/2482/963 1705/2481/1706
f 1516/2091/1515 1327/1793/1323 1326/1792/1322
f 2095/2483/437 1350/1829/1347 933/2040/931
f 1011/1367/1007 1688/2434/1688 1676/2436/1676
f 942/2484/940 1509/2069/1508 1153/2068/1147
f 1706/2485/1707 1707/2486/1708 193/372/193
f 1493/2083/1492 1053/1423/1048 1494/2487/1493
f 477/686/478 895/2488/893 894/2489/892
f 956/1300/952 394/593/394 1708/2490/1709
f 246/425/245 497/707/498 526/739/527
f 1115/2491/1109 1245/2492/1238 1113/2493/1107
f 1709/2494/1710 1461/1989/1459 1075/1448/1069
f 456/664/457 442/650/443 443/651/444
f 1010/1366/1006 1495/2049/1494 1011/1367/1007
f 316/500/316 315/499/315 324/511/324
f 1232/1646/1226 1493/2495/1492 1233/1647/1227
f 711/2496/710 601/2497/602 712/2498/711
f 1356/2499/1354 1710/2500/1711 1711/2501/1712
f 1712/2502/1713 1357/1850/1355 1713/2503/1714
f 1714/2504/1715 1612/2273/1612 1045/2274/1040
f 836/2505/834 482/691/483 473/681/474
f 1715/2506/1716 1335/1809/1332 1716/2507/1717
f 1302/1750/1298 185/363/185 1573/2508/1574
f 1084/2509/1078 1094/1728/1088 1664/2386/1664
f 1198/1602/1192 1209/1616/1203 1199/1603/1193
f 1420/1940/1418 1422/1942/1420 1424/1944/1422
f 1111/1493/1105 1717/2510/1718 1718/2511/1719
f 653/2512/654 1478/2513/1477 651/892/652
f 938/1279/936 730/982/729 474/981/475
f 281/2514/281 1719/2515/1720 1720/2516/1721
f 1493/2517/1492 1492/2518/1491 1233/2519/1227
f 761/1146/760 740/994/739 1572/2520/1573
f 1223/1635/1217 1721/2521/1722 1722/2522/1723
f 1218/1626/1212 796/1625/795 795/2523/794
f 849/1144/847 348/1232/348 905/1231/903
f 1159/1556/1153 1464/1994/1462 1157/1554/1151
f 1207/2524/1201 1058/1429/1053 2095/2525/437
f 240/1830/239 1350/1829/1347 2095/2526/437
f 1225/1637/1219 1723/2527/1724 1724/2528/1725
f 35/193/35 71/192/71 1725/2529/1726
f 1293/1741/1289 1415/1934/1413 1261/1692/1253
f 1131/1521/1125 1096/1472/1090 1726/2530/1727
f 1357/2531/1355 1711/2501/1712 636/877/637
f 657/2105/658 1468/2464/1467 1727/2532/1728
f 1055/2198/1050 1248/1674/1241 2095/2533/437
f 1422/1942/1420 1421/1941/1419 1728/2534/1729
f 1729/2535/1730 1644/2335/1644 1380/2336/1378
f 1730/2536/1731 708/955/707 1431/1951/1429
f 795/1064/794 447/655/448 1731/2537/1732
f 932/2538/930 252/431/251 251/430/250
f 45/117/45 44/116/44 1480/2026/1479
f 1732/2539/1733 1733/2540/1734 1588/2541/1588
f 1442/1964/1440 1555/2168/1555 759/1017/758
f 1053/1423/1048 446/654/447 1209/1616/1203
f 1218/2133/1212 442/2542/443 1219/2543/1213
f 1728/2544/1729 582/805/583 1395/1904/1393
f 1588/2228/1588 1200/1604/1194 1565/2545/1566
f 1165/2546/1159 1656/2547/1656 1734/2548/1735
f 370/1939/370 852/1148/850 1539/2140/1538
f 1395/2549/1393 1201/1605/1195 1588/2228/1588
f 931/2550/929 845/2551/843 252/2552/251
f 1533/2553/1532 1532/2554/1531 1563/2179/1564
f 1735/2555/1736 1736/2556/1737 1737/2557/1738
f 456/664/457 455/663/456 1722/2558/1723
f 676/920/676 678/922/678 294/477/294
f 1738/2559/1739 1739/2560/1740 1120/2561/1114
f 564/2562/565 598/2563/599 565/2564/566
f 1740/2565/1741 1201/1605/1195 584/2566/585
f 162/340/162 775/1037/774 113/294/113
f 1595/2567/1595 1603/2568/1603 1440/2569/1438
f 317/2251/317 327/514/327 1631/2313/1631
f 1741/2570/1742 1742/2571/1743 93/2572/93
f 1430/1950/1428 54/2573/54 1428/1948/1426
f 725/976/724 724/975/723 1743/2574/1744
f 473/681/474 472/680/473 452/1087/453
f 1744/2575/1745 731/2576/730 1535/2577/1534
f 1587/2227/1587 1745/2578/1746 1740/2579/1741
f 1270/1707/1265 955/1299/951 427/634/427
f 1576/2580/1576 1196/1600/1190 1746/2581/1747
f 885/1202/883 228/2582/227 745/1001/744
f 1347/2024/1344 1678/2415/1678 1677/2414/1677
f 1592/2236/1592 642/883/643 644/885/645
f 372/2277/372 1339/2583/1336 1614/2276/1614
f 1747/2584/1748 1498/2585/1497 1748/2586/1749
f 612/848/613 813/2459/812 1636/2320/1636
f 486/695/487 485/694/486 1039/1405/1034
f 1749/2587/1750 1750/2588/1751 973/1320/969
f 1751/2589/1752 557/2006/558 1019/2005/1015
f 100/258/100 1752/2590/1753 82/2591/82
f 1186/2592/1180 1440/2593/1438 1439/2594/1437
f 1390/1899/1388 1575/2201/1575 1753/2595/1754
f 1754/2596/1755 1731/2537/1732 447/655/448
f 138/2597/138 1339/2583/1336 1748/2598/1749
f 925/1258/923 1573/2508/1574 770/2599/769
f 1755/2600/1756 1756/2601/1757 1757/2602/1758
f 100/258/100 59/217/59 96/254/96
f 1115/2491/1109 1713/2503/1714 1245/2492/1238
f 1537/2603/1536 1563/2604/1564 1758/2605/1759
f 632/873/633 1482/2030/1481 631/872/632
f 1439/2594/1437 1187/2606/1181 1186/2592/1180
f 1006/2050/1002 572/2607/573 571/2608/572
f 559/780/560 195/374/195 246/425/245
f 1056/2303/1051 555/2609/556 1627/2304/1627
f 189/1607/189 188/2610/188 1759/2611/1760
f 1760/2612/1761 152/2613/152 1761/2614/1762
f 1762/2615/1763 217/395/216 216/394/215
f 1763/2616/1764 1344/2617/1341 1764/2618/1765
f 1345/1821/1342 1028/1385/1023 635/876/636
f 1028/1385/1023 1345/1821/1342 1026/1383/1021
f 860/1788/858 1414/1933/1412 1135/1932/1129
f 1765/2619/1766 1766/2620/1767 1343/2621/1340
f 1764/2618/1765 1767/2622/1768 1763/2616/1764
f 345/2623/345 562/2624/563 287/2625/287
f 617/2626/618 1768/2627/1769 618/856/619
f 935/1276/933 1257/1837/1348 755/1013/754
f 1450/1975/1448 1469/2465/1468 1319/2628/1315
f 555/776/556 936/2629/934 556/777/557
f 1087/1463/1081 662/2446/1694 608/2630/609
f 1769/2631/1770 1770/2632/1771 953/2633/949
f 1719/2634/1720 1717/2635/1718 1771/2636/1772
f 1772/2637/1773 1133/1526/1127 1112/1525/1106
f 1756/2638/1757 1773/2639/1774 1774/2640/1775
f 937/2641/935 936/2642/934 1775/2643/1776
f 785/1048/784 1501/2057/1500 1503/2059/1502
f 1652/2354/1652 1654/2357/1654 1651/2353/1651
f 901/1226/899 1007/1361/1003 490/699/491
f 911/1238/909 928/1267/926 694/940/694
f 1776/2644/1777 1351/1839/1349 2095/2645/437
f 1777/2646/1778 1684/2428/1684 1600/2247/1600
f 102/260/102 101/259/101 74/199/74
f 711/2647/710 1354/2648/1352 601/2649/602
f 104/1785/104 127/304/127 126/303/126
f 1470/2015/1469 345/2623/345 1060/2016/1054
f 719/970/718 1399/1910/1397 720/971/719
f 1183/1585/1177 1174/2372/1168 1669/2402/1669
f 457/665/458 1663/2650/1663 812/1086/811
f 473/681/474 1179/1577/1173 836/2505/834
f 1725/2651/1726 1429/2652/1427 1608/2653/1608
f 1078/1452/1072 958/1302/954 1080/1454/1074
f 2095/2654/437 1753/2595/1754 1575/2201/1575
f 1778/2655/1779 1158/1555/1152 1779/2656/1780
f 400/603/400 1118/1503/1112 1081/1456/1075
f 150/2657/150 267/448/267 1780/2658/1781
f 17/2000/17 1531/2659/1530 1467/1998/1466
f 1433/1955/1431 134/311/134 197/375/196
f 843/2660/841 931/1271/929 933/1273/931
f 1069/1965/1063 1072/1445/1066 1079/1927/1073
f 1729/2535/1730 1253/1681/1246 1254/1683/1247
f 861/1165/859 860/1164/858 1135/2661/1129
f 1174/2372/1168 1182/1584/1176 1781/2662/1782
f 1782/2663/1783 1666/2395/1666 1477/2664/1476
f 1101/1481/1095 1783/2665/1784 1784/2666/1785
f 1169/1566/1163 137/314/137 1002/1354/998
f 1785/2667/1786 245/424/244 193/372/193
f 1756/2601/1757 1755/2600/1756 719/2149/718
f 1478/2022/1477 929/1336/927 413/616/413
f 1257/1837/1348 1351/1839/1349 756/1014/755
f 1473/2668/1472 1786/2669/1787 1681/2425/1681
f 2095/2670/437 1394/1903/1392 934/1275/932
f 171/2671/171 170/2672/170 1180/2673/1174
f 436/643/436 1142/1537/1136 434/641/434
f 1182/1584/1176 1184/1586/1178 1781/2674/1782
f 1620/2286/1620 1135/1932/1129 1413/1931/1411
f 1635/2477/1635 1787/2675/1788 1412/1930/1410
f 1788/2676/1789 1239/1657/1232 1782/2677/1783
f 1789/2678/1790 1790/2679/1791 1791/2680/1792
f 176/354/176 1148/1545/1142 428/635/428
f 385/581/385 384/580/384 395/594/395
f 1391/1900/1389 1390/1899/1388 1756/2601/1757
f 92/2681/92 542/763/543 541/762/542
f 1789/2678/1790 1791/2680/1792 1473/2668/1472
f 1476/2018/1475 364/1769/364 1539/2682/1538
f 1476/2683/1475 1333/1806/1330 639/2684/640
f 509/721/510 1792/2685/1793 1506/2062/1505
f 1793/2686/1794 1287/2687/1283 1286/1732/1282
f 1465/2688/1464 7/2689/7 1237/1655/1230
f 1794/2690/1795 1311/2691/1307 1795/2692/1796
f 640/1834/641 1304/1836/1300 1617/2281/1617
f 968/1314/964 970/1316/966 1637/2379/1637
f 1796/2693/1797 80/2694/80 840/1134/838
f 1282/1726/1278 1685/2429/1685 1797/2695/1798
f 2095/2696/437 1692/2444/1692 1691/2443/1691
f 1402/1915/1400 1238/1656/1231 1613/2697/1613
f 702/948/701 729/2698/728 728/2699/727
f 62/203/62 919/2700/917 64/2701/64
f 1262/2702/1254 1287/2687/1283 1798/2703/1799
f 1062/2479/1056 1799/2704/1800 1451/2705/1449
f 1521/2107/1520 1800/2706/1801 1801/2707/1802
f 1062/2708/1056 1051/2709/1046 1799/2710/1800
f 1408/1925/1406 1407/1924/1405 915/1243/913
f 1802/2711/1803 1032/2712/1027 834/2713/832
f 1718/2511/1719 1112/1494/1106 1111/1493/1105
f 40/2714/40 39/2715/39 243/421/242
f 1802/2711/1803 1803/2716/1804 1032/2712/1027
f 1608/2263/1608 1378/1881/1376 1380/1883/1378
f 1700/2471/1701 1628/2308/1628 263/444/263
f 411/614/411 977/2717/973 976/1324/972
f 1317/2409/1313 167/2718/167 485/2410/486
f 1114/1496/1108 1075/1448/1069 1115/1497/1109
f 163/748/163 1470/2015/1469 161/2017/161
f 1634/2719/1634 1804/2720/1805 1635/2721/1635
f 1429/2652/1427 1725/2651/1726 51/2722/51
f 1648/2345/1648 1647/2344/1647 441/2723/442
f 298/482/298 361/550/361 344/546/344
f 1414/1933/1412 1805/2724/1806 1413/1931/1411
f 1689/2725/1689 1675/2726/1675 1273/2727/1268
f 1409/1926/1407 1269/1706/1264 1449/1973/1447
f 1170/1567/1164 1166/1563/1160 1165/1562/1159
f 761/1146/760 423/629/423 850/1145/848
f 1380/1883/1378 1170/1567/1164 1729/2728/1730
f 1727/2532/1728 1519/2103/1518 657/2105/658
f 1806/2729/1807 190/369/190 2095/2730/437
f 1332/1805/1329 1476/2731/1475 641/882/642
f 222/2732/221 1332/2733/1329 640/1834/641
f 1284/2734/1280 1093/2033/1087 1484/2032/1483
f 1484/2735/1483 1530/2122/1529 1285/2121/1281
f 1366/1866/1364 549/2736/550 1280/1867/1276
f 121/298/121 1300/1748/1296 1382/2737/1380
f 247/2738/246 272/2739/272 535/2740/536
f 1381/1884/1379 1171/1568/1165 1382/2737/1380
f 1421/2741/1419 1544/2742/1544 1393/2743/1391
f 197/375/196 199/377/198 1353/1844/1351
f 571/2608/572 1705/2744/1706 1496/2051/1495
f 1273/2745/1268 1456/2746/1454 1457/2147/1455
f 511/724/512 326/957/326 1807/2747/1808
f 1494/2487/1493 1053/1423/1048 1209/1616/1203
f 853/1149/851 1377/2748/1375 858/2341/856
f 1255/2749/1248 547/1974/548 1449/1973/1447
f 444/652/445 1053/1423/1048 1493/2083/1492
f 1198/1602/1192 455/2750/456 572/1359/573
f 1769/2751/1770 250/2752/249 845/2753/843
f 707/954/706 1246/2754/1239 1055/1425/1050
f 1276/2755/1272 35/193/35 1725/2529/1726
f 1272/2756/1267 1808/2757/1809 1456/2758/1454
f 1808/2757/1809 510/2759/511 1456/2758/1454
f 1075/1448/1069 1809/2760/1810 1709/2494/1710
f 633/874/634 635/876/636 627/2761/628
f 1273/2745/1268 1457/2147/1455 1542/2146/1541
f 967/2482/963 414/618/414 1810/2762/1811
f 1811/2763/1812 283/465/283 282/464/282
f 415/2764/415 283/720/283 1811/2765/1812
f 1675/2726/1675 1689/2725/1689 1009/1365/1005
f 57/2766/57 82/2767/82 1299/2768/1295
f 1298/1746/1294 1300/1861/1296 1299/1747/1295
f 57/2301/57 1299/2769/1295 1220/2770/1214
f 1451/2705/1449 1319/2480/1315 1062/2479/1056
f 1657/2362/1657 1317/2409/1313 484/2363/485
f 1812/2771/1813 1813/2772/1814 1814/2773/1815
f 148/325/148 1815/2774/1816 605/839/606
f 820/1099/819 1448/2346/1446 334/1261/334
f 1130/1520/1124 1123/1510/1117 824/2775/823
f 682/926/682 1747/2776/1748 683/927/683
f 990/1342/986 725/976/724 1743/2574/1744
f 1740/2565/1741 1386/1891/1384 1201/1605/1195
f 1524/2111/1523 1785/2667/1786 1707/2486/1708
f 1301/2777/1297 1302/1750/1298 1050/1418/1045
f 1816/2778/1817 1706/2485/1707 1817/2779/1818
f 1818/2780/1819 1819/2781/1820 1820/2782/1821
f 1301/2777/1297 1146/1543/1140 1435/1957/1433
f 1056/1427/1051 937/2641/935 1775/2643/1776
f 1821/2783/1822 1822/2784/1823 1823/2785/1824
f 1140/2786/1134 1646/2787/1646 1641/2788/1641
f 984/1332/980 829/1259/828 930/1269/928
f 248/2789/247 556/1853/557 755/1852/754
f 1824/2790/1825 1825/2791/1826 1594/2238/1594
f 1204/1897/1198 610/846/611 1383/1895/1381
f 662/2792/1694 2095/2793/437 608/842/609
f 1641/2330/1641 1372/1873/1370 1140/2794/1134
f 96/2795/96 1826/2796/1827 1765/2797/1766
f 1824/2790/1825 1827/2798/1828 627/2799/628
f 1828/2800/1829 418/2801/418 1829/2802/1830
f 758/2803/757 757/1104/756 816/1095/815
f 944/2804/1831 1830/2805/1832 1831/2806/1833
f 140/365/140 771/2807/770 1573/2508/1574
f 862/1166/860 1541/2145/1540 693/939/693
f 627/865/628 626/864/627 1825/2808/1826
f 1832/2809/1834 417/622/417 1643/2810/1643
f 95/2811/95 366/555/366 21/267/21
f 1719/2634/1720 1771/2636/1772 1833/2812/1835
f 1701/2472/1702 1603/2254/1603 1834/2813/1836
f 693/939/693 692/938/692 862/1166/860
f 1148/1545/1142 356/544/356 428/635/428
f 461/669/462 823/1877/822 466/674/467
f 1835/2814/1837 1554/2167/1554 1049/1417/1044
f 1836/2815/1838 1369/1870/1367 1368/1869/1366
f 119/295/119 113/294/113 775/1037/774
f 356/544/356 255/434/254 480/689/481
f 1028/2816/1023 1027/2817/1022 1837/2818/1839
f 565/2819/566 112/2820/112 37/2821/37
f 1640/2822/1640 1341/1817/1338 1340/1816/1337
f 695/1952/1327 1024/1498/1020 780/2823/779
f 1838/2824/1840 1839/2825/1841 1840/2826/1842
f 1583/2220/1583 1640/2328/1640 1629/2827/1629
f 1841/2828/1843 187/2829/187 1202/2830/1196
f 623/861/624 624/862/625 956/2831/952
f 1767/2832/1768 1842/2833/1844 1843/2834/1845
f 1844/2835/1846 1845/2836/1847 1814/2773/1815
f 235/2837/234 1769/2838/1770 835/2839/833
f 756/1014/755 755/1013/754 1257/1837/1348
f 967/2482/963 1688/2434/1688 1496/2840/1495
f 649/890/650 650/891/651 699/944/698
f 725/976/724 990/1342/986 992/1344/988
f 1554/2841/1554 1835/2842/1837 1302/2843/1298
f 606/840/607 985/1335/981 986/1337/982
f 1348/1825/1345 841/2844/839 386/583/386
f 1035/1398/1030 666/2367/666 1168/2845/1162
f 939/2846/937 700/1458/699 438/2847/439
f 720/971/719 705/952/704 948/1290/945
f 1226/1638/1220 1225/1637/1219 1846/2848/1848
f 1514/2082/1513 847/1141/845 1628/2308/1628
f 1031/1542/1026 980/1328/976 1035/1398/1030
f 726/977/725 245/424/244 724/975/723
f 629/2849/630 649/890/650 173/351/173
f 899/2850/897 1847/2851/1849 75/2852/75
f 1848/2853/1850 1849/2854/1851 539/2855/540
f 1054/1424/1049 1850/2856/1852 674/918/674
f 1025/2151/1542 1756/2601/1757 719/2149/718
f 848/1142/846 175/353/175 119/1177/119
f 640/1834/641 1617/2281/1617 222/2732/221
f 1851/2857/1853 417/622/417 1832/2809/1834
f 804/2858/803 365/554/365 361/550/361
f 1066/1439/1060 302/486/302 301/485/301
f 882/2859/880 788/2860/787 1852/2861/1854
f 1410/1928/1408 1466/1997/1465 1234/2862/1228
f 1008/1362/1004 570/1364/571 141/318/141
f 1590/2863/1590 1264/2864/1256 1276/2755/1272
f 481/690/482 480/689/481 255/434/254
f 596/822/597 418/2865/418 597/823/598
f 1631/2866/1631 318/503/318 317/502/317
f 1786/2669/1787 1473/2420/1472 1680/2867/1680
f 122/299/122 121/298/121 1428/1948/1426
f 1598/2244/1598 1379/1882/1377 1378/1881/1376
f 1687/2433/1687 1474/2013/1473 1487/2038/1486
f 1428/1948/1426 121/298/121 1598/2244/1598
f 1853/2868/1855 1307/2191/1303 1783/2665/1784
f 1052/1422/1047 554/2869/555 558/779/559
f 806/1079/805 1050/1418/1045 807/1080/806
f 1479/2023/1478 1478/2513/1477 982/1330/978
f 979/1327/975 114/905/114 481/690/482
f 1826/2870/1827 79/213/79 1765/2871/1766
f 250/2872/249 1769/2873/1770 1023/2874/1019
f 440/722/441 511/724/512 1807/2747/1808
f 1046/1413/1041 1854/2875/1856 1044/1411/1039
f 1574/2876/1857 1025/2151/1542 1105/1486/1099
f 298/482/298 297/481/297 360/549/360
f 943/1660/941 1240/1659/1233 1468/2002/1467
f 1424/1944/1422 1537/2603/1536 1041/1408/1036
f 1157/1554/1151 1770/2877/1771 845/2878/843
f 1363/2879/1361 96/2880/96 1765/2881/1766
f 1208/1615/1202 937/1278/935 1207/1613/1201
f 1855/2882/1858 342/870/342 630/2883/631
f 1765/2884/1766 79/213/79 81/216/81
f 1599/2246/1599 975/1323/971 1856/2885/1859
f 1857/2886/1860 1242/1663/1235 521/734/522
f 1582/2887/1582 696/2888/695 698/2889/697
f 1741/2890/1742 23/2891/23 107/268/107
f 1364/1863/1362 1858/2892/1861 976/1324/972
f 1632/2893/1632 697/942/696 1843/2894/1845
f 1816/2778/1817 1859/2895/1862 1707/2486/1708
f 1860/2896/1863 1861/2897/1864 1862/2898/1865
f 345/2623/345 1470/2015/1469 562/2624/563
f 79/213/79 1826/2870/1827 61/214/61
f 1703/2475/1704 1068/1441/1062 1067/1440/1061
f 1054/1424/1049 476/685/477 1751/2899/1752
f 1863/2900/1866 181/359/181 1819/2781/1820
f 1581/2901/1581 1763/2616/1764 1582/2887/1582
f 914/1242/912 651/892/652 1478/2513/1477
f 147/324/147 997/1349/993 924/1254/922
f 1345/1821/1342 1864/2902/1867 1125/1514/1119
f 1865/2903/1868 1866/2904/1869 1867/2905/1870
f 1196/1600/1190 1578/2206/1578 1868/2906/1871
f 973/2907/969 972/2908/968 1749/2909/1750
f 1179/1577/1173 452/1087/453 451/1578/452
f 835/1122/833 236/414/235 235/413/234
f 1869/2910/1872 1836/2815/1838 1526/2115/1525
f 844/1914/842 1157/1554/1151 845/2878/843
f 1279/2911/1275 1288/2912/1284 1333/2913/1330
f 851/2914/849 504/715/505 1619/2915/1619
f 933/2040/931 932/2916/930 2095/2483/437
f 1052/2102/1047 1483/2917/1482 2095/2101/437
f 1605/2259/1605 1870/2918/1873 1606/2260/1606
f 1871/2919/1874 1334/1807/1331 153/330/153
f 1797/2695/1798 1364/2920/1362 609/845/610
f 1343/2621/1340 1766/2620/1767 1344/2921/1341
f 1552/2165/1552 1560/2175/1561 1639/2326/1639
f 1088/2922/1082 677/921/677 458/666/459
f 1562/2177/1563 1639/2326/1639 1560/2175/1561
f 477/686/478 891/2923/889 895/2488/893
f 1243/1664/1236 1244/1665/1237 1872/2924/1875
f 1573/2508/1574 925/1258/923 1554/2167/1554
f 1873/2925/1876 1524/2111/1523 1859/2895/1862
f 764/2926/763 1577/2927/1577 1594/2928/1594
f 991/2929/987 1874/2930/1877 1875/2931/1878
f 189/1607/189 1202/1606/1196 187/2932/187
f 771/1033/770 1121/2933/1115 769/1031/768
f 1137/1530/1131 1876/2934/1879 1138/1531/1132
f 1302/1750/1298 1835/2814/1837 1050/1418/1045
f 1561/2176/1562 185/363/185 1301/1749/1297
f 1877/2935/1880 1551/2163/1551 1435/2325/1433
f 922/1252/920 997/1349/993 996/1348/992
f 185/363/185 140/365/140 1573/2508/1574
f 995/2936/991 1649/2937/1649 993/2938/989
f 1507/2065/1506 313/497/313 1653/2355/1653
f 1878/2939/1881 992/2940/988 918/1246/916
f 1445/2941/1443 996/2942/992 830/2943/829
f 1004/1357/1000 995/1386/991 1003/1355/999
f 1149/1889/1143 1417/1936/1415 1416/1935/1414
f 1823/2785/1824 1817/2779/1818 1821/2783/1822
f 1874/2930/1877 1879/2944/1882 1875/2931/1878
f 806/1079/805 1301/2777/1297 1050/1418/1045
f 1283/1727/1279 827/1112/826 826/1111/825
f 1382/2737/1380 1171/1568/1165 121/298/121
f 1724/2945/1725 1194/2946/1188 1880/2947/1883
f 453/661/454 508/1249/509 576/2948/577
f 930/2949/928 828/1113/827 605/1270/606
f 919/1247/917 918/1246/916 992/2940/988
f 1604/2257/1604 1138/1531/1132 1876/2934/1879
f 585/808/586 1878/2939/1881 918/1246/916
f 612/1803/613 1331/1804/1328 610/1887/611
f 525/738/526 488/697/489 1797/2950/1798
f 605/839/606 1815/2774/1816 606/840/607
f 632/2951/633 1815/2952/1816 148/325/148
f 1301/1749/1297 1638/2324/1638 1561/2176/1562
f 984/1332/980 926/1260/924 829/1259/828
f 488/697/489 487/696/488 1881/2953/1884
f 606/840/607 986/1337/982 607/841/608
f 913/2954/911 898/2955/896 586/809/587
f 752/1008/751 290/473/290 357/545/357
f 890/1215/888 808/1082/807 1214/1621/1208
f 1515/2956/1514 423/629/423 425/631/425
f 1598/2244/1598 1378/1881/1376 1428/1948/1426
f 1860/2896/1863 597/823/598 418/2865/418
f 1630/2957/1630 1363/2958/1361 1765/2959/1766
f 1882/2960/1885 1285/2121/1281 1286/1732/1282
f 1344/2617/1341 1766/2961/1767 1883/2962/1886
f 1847/2963/1849 1884/2964/1887 62/203/62
f 878/2965/876 842/1136/840 502/2966/503
f 355/543/355 427/634/427 954/1298/950
f 1365/1864/1363 870/1880/868 433/640/433
f 1836/2815/1838 1512/2073/1511 1369/1870/1367
f 1828/2800/1829 1860/2896/1863 1885/2967/1888
f 279/461/279 281/463/281 1720/2968/1721
f 680/924/680 1886/2969/1889 512/725/513
f 1137/2970/1131 1335/1809/1332 1715/2506/1716
f 528/2971/529 908/2972/906 971/2973/967
f 1484/2032/1483 1285/2121/1281 1284/2734/1280
f 919/2700/917 62/203/62 1887/2974/1890
f 1539/2682/1538 364/1769/364 370/2975/370
f 1841/2976/1843 1702/2473/1703 1701/2472/1702
f 60/201/60 1849/2977/1851 75/202/75
f 845/2978/843 250/2979/249 252/2980/251
f 1694/2448/1695 1331/1804/1328 333/520/333
f 899/1224/897 898/1223/896 1847/2981/1849
f 1222/1634/1216 1169/1566/1163 1002/1354/998
f 1851/2857/1853 1829/2802/1830 418/2801/418
f 1862/2898/1865 1861/2897/1864 1888/2982/1891
f 1110/1492/1104 1112/1494/1106 1889/2983/1892
f 951/1292/947 950/1291/946 1185/1587/1179
f 642/883/643 1546/2156/1546 643/884/644
f 1187/2606/1181 951/2984/947 1185/2985/1179
f 1482/2030/1481 1417/1936/1415 1151/1548/1145
f 594/820/595 595/821/596 793/1059/792
f 1778/2655/1779 832/1995/1463 1158/1555/1152
f 195/2267/195 220/398/219 631/872/632
f 1222/1634/1216 1399/1910/1397 429/636/429
f 844/1914/842 1779/2656/1780 1158/1555/1152
f 802/2986/801 10/2987/10 397/2988/397
f 577/800/578 1506/2062/1505 143/320/143
f 1157/1554/1151 1464/1994/1462 1770/2877/1771
f 1890/2989/1893 587/1127/588 725/1126/724
f 1049/1417/1044 1065/1438/1059 807/1080/806
f 147/324/147 149/326/149 1891/2990/1894
f 824/1108/823 821/2991/820 820/1109/819
f 1481/2467/1480 2095/2992/437 1778/2993/1779
f 927/2994/925 1614/2995/1614 1339/2996/1336
f 693/939/693 1541/2145/1540 655/896/656
f 669/913/669 752/1008/751 751/1007/750
f 396/596/396 1060/2997/1054 345/533/345
f 793/1662/792 867/1172/865 594/1171/595
f 1129/2998/1123 801/1075/800 803/1076/802
f 1347/1824/1344 1178/2999/1172 1346/1822/1343
f 1892/3000/1895 1580/3001/1580 1590/3002/1590
f 749/3003/748 875/1188/873 876/1189/874
f 141/318/141 1012/1368/1008 142/319/142
f 1893/3004/1896 124/301/124 289/472/289
f 1120/2561/1114 1894/3005/1897 951/1292/947
f 1862/3006/1865 1630/3007/1630 1765/2959/1766
f 1625/3008/1625 1832/3009/1834 1895/3010/1898
f 1710/3011/1711 1356/1849/1354 1896/3012/1899
f 543/764/544 542/763/543 876/3013/874
f 592/964/593 591/3014/592 714/965/713
f 551/772/552 1489/2041/1488 1037/3015/1032
f 1023/1381/1019 234/3016/233 568/791/569
f 47/181/47 67/180/67 227/3017/226
f 1650/2348/1650 1377/2748/1375 1540/3018/1539
f 1524/2111/1523 1707/2486/1708 1859/2895/1862
f 1064/1437/1058 43/115/43 430/637/430
f 1897/3019/1900 1861/2897/1864 1828/2800/1829
f 967/2482/963 966/2435/962 1688/2434/1688
f 1688/2434/1688 1011/1367/1007 1495/2049/1494
f 279/461/279 1737/2557/1738 280/462/280
f 1840/3020/1842 1702/2473/1703 1841/2976/1843
f 363/3021/363 362/3022/362 1653/3023/1653
f 1378/1881/1376 1608/2263/1608 1428/1948/1426
f 1538/2139/1537 1476/3024/1475 1539/2140/1538
f 575/3025/576 492/3026/493 192/3027/192
f 418/623/418 417/622/417 1851/2857/1853
f 118/293/118 863/2001/861 563/1491/564
f 877/2342/875 853/1149/851 858/2341/856
f 841/1135/839 878/2965/876 877/3028/875
f 1898/3029/1901 1632/2315/1632 1899/3030/1902
f 1861/2897/1864 1860/2896/1863 1828/2800/1829
f 1900/3031/1903 1901/3032/1904 542/3033/543
f 1902/3034/1905 1736/3035/1737 1903/3036/1906
f 1860/3037/1863 1862/3038/1865 1765/3039/1766
f 1904/3040/1907 1126/3041/1120 1341/3042/1338
f 750/1006/749 1774/3043/1775 1018/1374/1014
f 1905/3044/1908 902/1228/900 904/1230/902
f 1904/3040/1907 1906/3045/1909 1124/3046/1118
f 1529/2118/1528 157/2066/157 1527/2116/1526
f 767/1026/766 766/1025/765 790/1055/789
f 992/3047/988 88/234/88 64/233/64
f 585/808/586 918/1246/916 920/1248/918
f 840/1134/838 65/3048/65 1907/3049/1910
f 1281/1725/1277 1908/3050/1911 1683/2427/1683
f 1788/3051/1789 1466/1997/1465 1465/1996/1464
f 706/953/705 705/952/704 741/995/740
f 686/930/686 685/929/685 1854/2875/1856
f 1557/3052/1557 97/3053/97 1909/3054/1912
f 462/670/463 742/1896/741 1383/1895/1381
f 1910/3055/1913 1612/3056/1612 1714/3057/1715
f 977/2717/973 1291/1739/1287 219/2037/218
f 322/509/322 1911/3058/1914 267/448/267
f 1668/2397/1668 1662/2383/1662 462/2398/463
f 368/3059/368 846/1140/844 369/3060/369
f 184/3061/184 688/932/688 1521/2107/1520
f 1816/2778/1817 1817/2779/1818 1823/2785/1824
f 276/458/276 275/457/275 790/1791/789
f 1838/3062/1840 922/1252/920 1839/3063/1841
f 509/721/510 415/2764/415 1912/3064/1915
f 843/3065/841 242/420/241 1481/2467/1480
f 1332/1805/1329 222/400/221 364/1769/364
f 973/3066/969 1913/3067/1916 2095/1580/437
f 1591/3068/1591 945/1287/942 1614/2276/1614
f 1914/3069/1917 946/3070/943 1472/3071/1471
f 237/3072/236 820/1099/819 466/997/467
f 1032/1395/1027 353/541/353 834/1120/832
f 329/516/329 1912/3064/1915 415/2764/415
f 332/519/332 234/1841/233 236/852/235
f 1874/2930/1877 990/1342/986 1743/2574/1744
f 1643/2333/1643 1624/3073/1624 1895/3010/1898
f 1915/3074/1918 498/708/499 723/974/722
f 1336/1810/1333 1335/1809/1332 1137/2970/1131
f 1839/3063/1841 922/3075/920 1916/3076/1919
f 1785/2667/1786 193/372/193 1707/2486/1708
f 992/3047/988 64/233/64 919/3077/917
f 1672/3078/1672 1917/3079/1920 1671/3080/1671
f 1879/2944/1882 1743/2574/1744 1523/2110/1522
f 1918/3081/1921 1919/3082/1922 1761/2614/1762
f 193/372/193 1151/2441/1145 1706/2485/1707
f 1915/3083/1918 723/3084/722 837/3085/835
f 925/1258/923 769/3086/768 829/1114/828
f 657/3087/658 1917/3079/1920 1672/3078/1672
f 1862/2898/1865 1888/2982/1891 1630/3088/1630
f 1377/1879/1375 853/1149/851 852/1148/850
f 1471/3089/1470 1560/3090/1561 1472/3071/1471
f 245/424/244 1523/2110/1522 724/975/723
f 148/325/148 147/324/147 1418/1937/1416
f 1864/3091/1867 1340/1816/1337 1342/1818/1339
f 1872/2924/1875 1244/1665/1237 2095/3092/437
f 1151/2441/1145 1817/2779/1818 1706/2485/1707
f 1417/1936/1415 632/2951/633 1418/1937/1416
f 1146/1543/1140 619/857/620 1243/1664/1236
f 1122/1508/1116 1726/2530/1727 999/1351/995
f 605/1270/606 828/1113/827 149/326/149
f 1369/1870/1367 1511/2072/1510 1704/2476/1705
f 825/1110/824 679/3093/679 681/3094/681
f 1435/2325/1433 1638/2324/1638 1301/2777/1297
f 1301/2777/1297 806/1079/805 1146/1543/1140
f 1560/2175/1561 1552/2165/1552 1914/3095/1917
f 1359/1855/1357 1358/1854/1356 1861/2897/1864
f 1146/1543/1140 806/1079/805 617/1081/618
f 1265/1702/1260 1244/1665/1237 619/857/620
f 1872/2924/1875 1877/2935/1880 1243/1664/1236
f 1677/3096/1677 836/3097/834 1179/3098/1173
f 929/1268/927 1479/3099/1478 983/1331/979
f 941/1283/939 854/1152/852 890/1212/888
f 1604/2257/1604 1920/3100/1923 1921/3101/1924
f 377/572/377 1408/1925/1406 808/1082/807
f 1922/3102/1925 1923/3103/1926 1753/2595/1754
f 1833/2812/1835 1863/3104/1866 1720/2968/1721
f 1540/2144/1539 344/531/344 359/548/359
f 519/1522/520 894/1219/892 896/1221/894
f 952/1333/948 499/709/500 498/708/499
f 776/3105/775 817/3106/816 1924/3107/1927
f 1291/1739/1287 1815/2952/1816 632/2951/633
f 302/486/302 1068/1441/1062 1083/2243/1077
f 776/3105/775 818/3108/817 817/3106/816
f 333/520/333 1331/1804/1328 331/518/331
f 798/1067/797 1154/3109/1148 799/1068/798
f 618/856/619 1015/1371/1011 1265/1702/1260
f 807/1080/806 348/1232/348 1768/2627/1769
f 1925/3110/1928 85/3111/85 1744/3112/1745
f 1924/3113/1927 908/2972/906 528/3114/529
f 1417/1936/1415 1149/1889/1143 1151/1548/1145
f 498/708/499 1915/3074/1918 777/1334/776
f 1770/2877/1771 273/3115/273 1621/3116/1621
f 256/435/255 315/499/315 257/436/256
f 220/398/219 195/2267/195 221/399/220
f 569/792/570 332/3117/332 1636/2320/1636
f 974/1322/970 1685/2429/1685 1777/2646/1778
f 899/2850/897 75/2852/75 1849/3118/1851
f 1014/3119/1010 1015/1371/1011 618/856/619
f 192/3120/192 191/3121/191 1926/3122/1929
f 1023/3123/1019 1769/3124/1770 235/3125/234
f 1761/2614/1762 1017/3126/1013 1927/3127/1930
f 219/397/218 1364/1863/1362 978/1326/974
f 1549/2160/1549 1499/2054/1498 1920/3100/1923
f 1216/3128/1210 1215/2184/1209 1804/3129/1805
f 127/304/127 1003/1355/999 995/1386/991
f 1928/3130/1931 911/1238/909 663/904/663
f 1674/3131/1674 1092/3132/1086 1091/3133/1085
f 813/1088/812 472/680/473 661/3134/662
f 1899/3030/1902 1632/2893/1632 1607/2261/1607
f 813/1088/812 612/1803/613 450/1089/451
f 294/477/294 293/476/293 676/920/676
f 1685/2429/1685 1282/1726/1278 1683/2427/1683
f 899/1224/897 1848/2853/1850 897/1222/895
f 411/614/411 976/1324/972 975/1323/971
f 1391/1900/1389 1756/2601/1757 1025/2151/1542
f 776/1038/775 778/1040/777 818/1097/817
f 1803/2716/1804 2095/3135/437 1691/2443/1691
f 814/3136/813 1396/1906/1394 1089/3137/1083
f 962/3138/958 460/1523/461 1662/2383/1662
f 1881/2953/1884 1282/1726/1278 1797/2950/1798
f 474/981/475 660/901/661 661/903/662
f 528/3139/529 952/1295/948 1924/3140/1927
f 1600/2247/1600 1856/2885/1859 1777/2646/1778
f 608/2630/609 678/3141/678 1087/1463/1081
f 292/475/292 608/842/609 2095/2793/437
f 1856/2885/1859 1600/2247/1600 1599/2246/1599
f 1399/1910/1397 719/970/718 429/636/429
f 1879/2944/1882 1873/3142/1876 1929/3143/1932
f 808/1082/807 892/1214/890 375/570/375
f 1360/1856/1358 1610/2266/1610 1358/1854/1356
f 232/410/231 1460/2365/1458 486/695/487
f 312/496/312 1419/2356/1417 313/497/313
f 1529/2118/1528 256/435/255 164/342/164
f 1930/3144/1933 1180/3145/1174 1750/3146/1751
f 1931/3147/1934 1886/3148/1889 522/3149/523
f 1932/3150/1935 94/249/94 1875/2931/1878
f 1567/2185/1568 6/3151/6 1933/3152/1936
f 738/1388/737 1934/3153/1937 1658/3154/1658
f 496/706/497 1516/2091/1515 1326/1792/1322
f 435/642/435 204/382/203 203/381/202
f 1935/3155/1938 1616/2279/1616 1615/2278/1615
f 752/1008/751 178/356/178 703/950/702
f 929/1268/927 605/1270/606 607/841/608
f 1158/1555/1152 832/1995/1463 1159/1556/1153
f 1208/1615/1202 1936/3156/1939 935/1276/933
f 1752/2590/1753 1139/3157/1133 82/2591/82
f 882/3158/880 881/3159/879 805/3160/804
f 1937/3161/1940 1888/2982/1891 1938/3162/1941
f 1876/2934/1879 1548/2159/1548 1939/3163/1942
f 674/918/674 2095/3164/437 1054/1424/1049
f 1132/1524/1126 478/687/479 823/1106/822
f 874/3165/872 784/3166/783 760/3167/759
f 789/1209/788 745/1208/744 1940/3168/1943
f 962/3138/958 1132/1524/1126 460/1523/461
f 330/517/330 329/516/329 648/1363/649
f 68/183/68 1615/2278/1615 805/1078/804
f 1941/3169/1944 1942/3170/1945 1943/3171/1946
f 790/1791/789 1944/3172/1947 767/3173/766
f 903/1229/901 1842/3174/1844 1883/3175/1886
f 1934/3153/1937 738/1388/737 495/705/496
f 623/861/624 1945/3176/1948 1109/1490/1103
f 624/2183/625 1513/2074/1512 957/3177/953
f 211/389/210 210/388/209 439/647/440
f 743/998/742 466/997/467 820/1099/819
f 1860/2896/1863 418/2865/418 1885/2967/1888
f 1946/3178/1949 243/3179/242 1947/3180/1950
f 992/1344/988 1890/3181/1893 725/976/724
f 926/1260/924 1049/1417/1044 1554/2167/1554
f 1855/2882/1858 630/2883/631 1948/3182/1951
f 750/1006/749 1018/1374/1014 751/1007/750
f 1040/3183/1035 1517/3184/1516 1934/3185/1937
f 564/787/565 566/789/567 602/963/603
f 1741/3186/1742 1949/3187/1952 1950/3188/1953
f 311/495/311 314/498/314 318/532/318
f 922/3189/920 996/3190/992 1447/3191/1445
f 872/3192/870 746/1002/745 1951/3193/1954
f 88/248/88 992/1344/988 991/1343/987
f 1952/3194/1955 1772/2637/1773 1953/3195/1956
f 1040/1406/1035 1029/1407/1024 1954/3196/1957
f 1552/2165/1552 1955/3197/1958 946/1582/943
f 644/885/645 1593/2237/1593 1592/2236/1592
f 273/3198/273 1770/3199/1771 1464/3200/1462
f 1024/1498/1020 250/429/249 1023/3201/1019
f 738/992/737 740/994/739 850/1145/848
f 846/3202/844 368/558/368 320/506/320
f 426/3203/426 1956/3204/1959 398/600/398
f 476/685/477 475/684/476 557/778/558
f 622/3205/623 1937/3161/1940 1938/3162/1941
f 988/1340/984 987/1339/983 1593/2237/1593
f 1514/2082/1513 1700/2471/1701 310/494/310
f 1711/2501/1712 1710/2500/1711 710/3206/709
f 1021/1379/1017 1274/1711/1269 2095/1713/437
f 546/767/547 1541/2145/1540 544/765/545
f 749/3207/748 876/3208/874 464/3209/465
f 872/1183/870 1957/3210/1960 737/989/736
f 1857/2886/1860 1958/3211/1961 388/586/388
f 1888/2982/1891 1861/2897/1864 1938/3162/1941
f 614/3212/615 1948/3213/1951 1959/3214/1962
f 333/3215/333 616/3216/617 1694/3217/1695
f 1318/3218/1314 1153/1550/1147 1061/1433/1055
f 1133/1526/1127 1952/3219/1955 1134/1527/1128
f 1960/3220/1963 341/871/341 465/3221/466
f 692/938/692 938/1279/936 863/1167/861
f 663/904/663 491/700/492 1928/3130/1931
f 461/669/462 466/674/467 742/1896/741
f 234/3016/233 569/792/570 568/791/569
f 1961/3222/1964 1947/3223/1950 244/3224/243
f 92/3225/92 1962/3226/1965 1900/3031/1903
f 1694/2448/1695 1383/1886/1381 1331/1804/1328
f 474/981/475 661/903/662 472/3227/473
f 1529/2118/1528 1528/2117/1527 309/493/309
f 598/3228/599 1959/3229/1962 1963/3230/1966
f 1962/3226/1965 1946/3231/1949 1900/3031/1903
f 356/544/356 1148/1545/1142 357/545/357
f 1636/2320/1636 661/2458/662 569/792/570
f 1472/3071/1471 1560/3090/1561 1914/3069/1917
f 1360/3232/1358 1359/1855/1357 1626/3233/1626
f 1035/1398/1030 1168/2845/1162 1031/1542/1026
f 1621/3234/1621 865/3235/863 1770/3236/1771
f 1964/3237/1967 1897/3019/1900 1828/2800/1829
f 386/3238/386 841/3239/839 859/3240/857
f 1841/2976/1843 1834/3241/1836 187/3242/187
f 1822/3243/1823 1965/3244/1968 1124/3046/1118
f 1056/2303/1051 1775/2643/1776 555/2609/556
f 1909/3245/1912 97/3246/97 182/360/182
f 1254/1683/1247 1644/2335/1644 1729/2535/1730
f 239/417/238 1448/1972/1446 237/415/236
f 1870/3247/1873 904/1230/902 840/1134/838
f 1039/1405/1034 233/411/232 232/410/231
f 213/391/212 1762/2615/1763 216/394/215
f 392/591/392 1109/1490/1103 1958/3211/1961
f 392/591/392 1966/3248/1969 393/592/393
f 216/394/215 1241/1661/1234 736/988/735
f 742/1896/741 462/670/463 461/669/462
f 1967/3249/1970 1958/3211/1961 1109/1490/1103
f 1281/1725/1277 826/1111/825 1505/2061/1504
f 1626/3233/1626 1359/1855/1357 1897/3019/1900
f 1478/2022/1477 413/616/413 412/615/412
f 1929/3250/1932 1873/3142/1876 1968/3251/1971
f 1462/3252/1460 1355/1848/1353 1712/2502/1713
f 957/3253/953 1807/3254/1808 326/513/326
f 1838/3255/1840 1841/2828/1843 1202/2830/1196
f 322/509/322 267/448/267 323/510/323
f 1859/3256/1862 1968/3251/1971 1873/3142/1876
f 1911/3058/1914 322/509/322 369/559/369
f 1370/1990/1368 212/390/211 1896/3257/1899
f 357/545/357 290/473/290 289/472/289
f 1203/1608/1197 189/1607/189 1152/1549/1146
f 156/333/156 1893/3004/1896 289/472/289
f 1150/1547/1144 1821/2783/1822 1817/2779/1818
f 1761/2614/1762 1919/3082/1922 1760/2612/1761
f 1480/2026/1479 44/116/44 442/650/443
f 1927/3127/1930 1773/3258/1774 1969/3259/1972
f 1180/1581/1174 2095/1580/437 1913/3067/1916
f 1037/1402/1032 349/3260/349 867/1172/865
f 858/2341/856 1377/2748/1375 1650/2348/1650
f 258/437/257 132/309/132 164/342/164
f 1548/2159/1548 1876/2934/1879 1715/3261/1716
f 217/395/216 1762/2615/1763 1970/3262/1973
f 1527/3263/1526 291/3264/291 1911/3058/1914
f 156/333/156 158/335/158 1893/3004/1896
f 1760/2612/1761 1046/3265/1041 1045/3266/1040
f 1971/3267/1974 1918/3081/1921 1969/3259/1972
f 1878/2939/1881 585/808/586 1890/3268/1893
f 846/1140/844 309/493/309 1528/2117/1527
f 164/342/164 166/344/166 1529/2118/1528
f 1418/1937/1416 632/2951/633 148/325/148
f 1785/2667/1786 1524/2111/1523 245/424/244
f 1774/3043/1775 750/1006/749 177/355/177
f 1888/3269/1891 1972/3270/1975 1630/2957/1630
f 973/3066/969 1750/2588/1751 1913/3067/1916
f 98/256/98 1973/3271/1976 99/257/99
f 846/1140/844 1528/2117/1527 369/3060/369
f 1745/3272/1746 1888/2982/1891 1937/3161/1940
f 1153/1658/1147 1318/3273/1314 1240/1659/1233
f 1780/2658/1781 1911/3058/1914 291/3264/291
f 597/823/598 1344/1820/1341 416/824/416
f 1714/3057/1715 1116/1500/1110 1910/3055/1913
f 1471/2010/1470 945/1287/942 1591/3068/1591
f 726/977/725 724/975/723 723/974/722
f 1435/1957/1433 1243/1664/1236 1877/2935/1880
f 1552/2165/1552 1639/2326/1639 1551/2163/1551
f 1915/3274/1918 837/1128/835 778/1040/777
f 334/521/334 518/3275/519 409/612/409
f 323/510/323 267/448/267 1612/2273/1612
f 997/1349/993 1891/2990/1894 828/1113/827
f 1869/2910/1872 1526/2115/1525 1709/2494/1710
f 1745/3276/1746 1972/3270/1975 1888/3277/1891
f 1623/2292/1623 677/921/677 347/535/347
f 369/559/369 1527/3263/1526 1911/3058/1914
f 924/1254/922 997/1349/993 922/1252/920
f 776/3278/775 1924/3140/1927 907/1294/905
f 1567/2185/1568 1933/3152/1936 1215/2184/1209
f 1973/3279/1976 846/3202/844 320/506/320
f 1358/1854/1356 1610/2266/1610 620/858/621
f 1562/2177/1563 1638/2324/1638 1639/2326/1639
f 1880/3280/1883 1846/3281/1848 1724/3282/1725
f 606/840/607 1815/2774/1816 1291/1739/1287
f 1742/3283/1743 1974/3284/1977 93/247/93
f 323/510/323 321/507/321 320/506/320
f 246/425/245 195/374/195 194/373/194
f 99/508/99 1973/3279/1976 320/506/320
f 678/3141/678 1088/1464/1082 1087/1463/1081
f 1813/2772/1814 1486/2036/1485 1943/3171/1946
f 221/399/220 559/3285/560 219/397/218
f 1714/3286/1715 1045/1412/1040 1116/3287/1110
f 1394/1903/1392 948/1290/945 705/952/704
f 982/1330/978 849/1144/847 905/1231/903
f 2095/2730/437 1975/3288/1978 1922/3102/1925
f 12/1116/12 19/1118/19 13/3289/13
f 1924/3140/1927 952/1295/948 907/1294/905
f 1265/1702/1260 619/857/620 618/856/619
f 679/3093/679 1881/2953/1884 487/696/488
f 348/536/348 1693/2445/1693 1014/1370/1010
f 1976/3290/1979 60/201/60 58/184/58
f 183/1399/183 688/1401/688 184/3291/184
f 1015/1371/1011 292/475/292 1266/1703/1261
f 1683/2427/1683 1282/1726/1278 1281/1725/1277
f 1014/1370/1010 1693/2445/1693 293/476/293
f 626/864/627 1977/3292/1980 1834/2813/1836
f 536/3293/537 1019/3294/1015 558/779/559
f 1974/3295/1977 1978/3296/1981 1979/3297/1982
f 881/2250/879 1601/2249/1601 805/3298/804
f 53/182/53 1935/3155/1938 1615/2278/1615
f 68/183/68 53/182/53 1615/2278/1615
f 1134/1527/1128 1952/3219/1955 1535/2130/1534
f 182/360/182 1910/3055/1913 1116/1500/1110
f 347/535/347 578/801/579 1623/2292/1623
f 1854/2875/1856 685/929/685 1044/3299/1039
f 812/1090/811 1397/3300/1395 814/1091/813
f 1599/2246/1599 915/1243/913 975/1323/971
f 1897/3019/1900 1964/3237/1967 1626/3233/1626
f 1514/2082/1513 1628/2308/1628 1700/2471/1701
f 895/2488/893 891/2923/889 768/1027/767
f 1335/1809/1332 1569/2189/1570 1147/1544/1141
f 677/921/677 1623/2292/1623 459/667/460
f 1408/1925/1406 915/1243/913 808/1082/807
f 583/2208/584 1585/2242/1585 1740/2565/1741
f 963/3301/959 1980/3302/1983 653/894/654
f 1693/2445/1693 347/535/347 676/920/676
f 652/893/653 963/3301/959 653/894/654
f 922/3303/920 1702/3304/1703 1981/3305/1984
f 1316/1768/1312 1349/1827/1346 1039/1405/1034
f 782/1044/781 672/3306/672 794/1062/793
f 914/1242/912 412/615/412 975/1323/971
f 1931/3147/1934 1982/3307/1985 671/3308/671
f 489/698/490 488/697/489 525/738/526
f 1910/3055/1913 182/360/182 323/3309/323
f 894/2489/892 1983/3310/1986 477/686/478
f 1866/3311/1869 733/1011/732 754/1010/753
f 182/360/182 321/3312/321 323/3309/323
f 180/358/180 839/3313/837 181/359/181
f 961/3314/957 479/688/480 1132/1524/1126
f 273/3315/273 1751/3316/1752 271/3317/271
f 1984/3318/1987 1985/3319/1988 180/1131/180
f 1874/2930/1877 991/2929/987 990/1342/986
f 1058/1429/1053 1207/2524/1201 1056/1427/1051
f 376/571/376 961/1305/957 1986/3320/1989
f 514/3321/515 1944/3172/1947 1327/1793/1323
f 808/1082/807 890/1215/888 892/1214/890
f 1909/3245/1912 182/360/182 184/362/184
f 479/1143/480 961/1305/957 376/571/376
f 47/178/47 734/3322/733 78/3323/78
f 1975/3288/1978 1923/3103/1926 1922/3102/1925
f 1865/3324/1868 49/3325/49 86/3326/86
f 247/2097/246 864/3327/862 272/3328/272
f 826/1111/825 1987/3329/1990 425/631/425
f 190/3330/190 1988/3331/1991 1989/3332/1992
f 1156/1553/1150 765/1024/764 1944/3333/1947
f 227/405/226 226/404/225 734/3322/733
f 1909/3334/1912 184/3061/184 1521/2107/1520
f 1945/3176/1948 1990/3335/1993 1967/3249/1970
f 740/3336/739 727/978/726 1572/3337/1573
f 765/1024/764 767/1026/766 1944/3333/1947
f 1358/1854/1356 620/858/621 1938/3162/1941
f 352/2071/352 354/2230/354 1511/2072/1510
f 1527/2116/1526 369/3060/369 1528/2117/1527
f 1658/3338/1658 728/979/727 739/3339/738
f 216/394/215 214/392/213 213/391/212
f 435/642/435 203/381/202 1486/2036/1485
f 772/1034/771 1951/3193/1954 746/1002/745
f 638/879/639 637/878/638 1991/3340/1994
f 1481/2467/1480 1779/3341/1780 843/3065/841
f 1650/2348/1650 359/548/359 358/547/358
f 830/1115/829 769/3086/768 1445/3342/1443
f 1625/2296/1625 1626/3233/1626 1992/3343/1995
f 868/3344/866 261/3345/261 1459/1986/1457
f 1516/2091/1515 738/992/737 850/1145/848
f 824/2775/823 336/523/336 1130/1520/1124
f 872/3192/870 747/1003/746 746/1002/745
f 196/3346/259 1089/1465/1083 259/2268/258
f 1940/3168/1943 745/1208/744 228/3347/227
f 402/605/402 1128/1516/1122 1127/1515/1121
f 230/408/229 229/407/228 790/1055/789
f 1847/2851/1849 62/3348/62 75/2852/75
f 360/549/360 801/1075/800 1611/2272/1611
f 1523/2110/1522 1873/2925/1876 1879/2944/1882
f 1896/3012/1899 1356/1849/1354 1355/1848/1353
f 1096/1472/1090 470/678/471 1993/3349/1996
f 1529/2118/1528 309/493/309 256/435/255
f 872/3350/870 1951/3351/1954 1957/3352/1960
f 949/3353/1997 555/776/556 554/775/555
f 790/3354/789 229/3355/228 276/458/276
f 737/989/736 1994/3356/1998 532/990/533
f 1620/2286/1620 1794/2690/1795 1618/2284/1618
f 633/3357/634 627/3358/628 1609/3359/1609
f 858/1161/856 365/554/365 859/3360/857
f 1483/2031/1482 965/1311/961 475/684/476
f 536/3361/537 248/3362/247 535/3363/536
f 1759/2611/1760 1821/2783/1822 1150/1547/1144
f 1797/2950/1798 526/739/527 525/738/526
f 17/2000/17 18/1652/18 1531/2659/1530
f 1765/3039/1766 1343/2621/1340 1860/3037/1863
f 1858/2892/1861 1364/2920/1362 1797/2695/1798
f 1463/1993/1461 832/1995/1463 675/919/675
f 434/3364/434 1349/1827/1346 1181/1583/1175
f 1314/3365/1310 568/791/569 567/790/568
f 545/766/546 656/897/657 546/767/547
f 468/676/469 491/700/492 654/895/655
f 1203/1608/1197 1152/1549/1146 923/1253/921
f 284/466/284 421/3366/421 395/617/395
f 1690/2442/1690 1995/3367/1999 1000/1352/996
f 1962/3368/1965 41/245/41 40/3369/40
f 441/649/442 440/648/441 1513/3370/1512
f 1629/2827/1629 1643/2333/1643 1583/2220/1583
f 655/896/656 1541/2145/1540 546/767/547
f 1996/3371/2000 1997/3372/2001 1998/3373/2002
f 1999/3374/2003 269/451/269 83/3375/83
f 1966/3248/1969 1857/2886/1860 521/734/522
f 575/1192/576 1488/2039/1487 879/1193/877
f 115/290/115 114/907/114 664/906/664
f 811/2056/810 1353/1844/1351 1160/1797/1154
f 687/3376/687 686/3377/686 688/932/688
f 1812/3378/1813 1258/1688/1250 2000/3379/2004
f 1435/2325/1433 1551/2163/1551 1639/2326/1639
f 39/2715/39 90/422/90 243/421/242
f 1142/1537/1136 545/766/546 668/1535/668
f 1526/2115/1525 1836/2815/1838 1368/1869/1366
f 764/1023/763 1196/1600/1190 1576/2580/1576
f 1358/1854/1356 1938/3162/1941 1861/2897/1864
f 154/3380/154 1844/2835/1846 1942/3170/1945
f 154/3380/154 1942/3170/1945 1941/3169/1944
f 426/3381/426 408/3382/408 407/3383/407
f 188/3384/188 1822/2784/1823 1821/2783/1822
f 387/585/387 1242/1663/1235 1857/2886/1860
f 1116/1500/1110 1036/1499/1031 183/361/183
f 1337/1811/1334 1336/1810/1333 999/1351/995
f 568/791/569 1314/3365/1310 779/1041/778
f 2001/3385/2005 2002/3386/2006 83/3387/83
f 1961/3388/1964 598/3228/599 1963/3230/1966
f 244/423/243 593/3389/594 1961/3390/1964
f 1943/3171/1946 1191/1593/1185 1941/3169/1944
f 133/310/133 132/309/132 258/437/257
f 265/3391/265 1660/3392/1660 295/3393/295
f 2003/3394/2007 2004/3395/2008 154/3380/154
f 155/332/155 388/586/388 153/330/153
f 1743/2574/1744 724/975/723 1523/2110/1522
f 318/3396/318 316/2306/316 296/2305/296
f 972/3397/968 944/3398/1831 1831/3399/1833
f 2005/3400/2009 2006/3401/2010 580/803/581
f 1572/2194/1573 515/728/516 761/1020/760
f 2007/3402/2011 2008/3403/2012 2006/3401/2010
f 2009/3404/2013 1996/3405/2000 2010/3406/2014
f 1370/1871/1368 1369/1870/1367 1762/2615/1763
f 622/3205/623 1189/1591/1183 1937/3161/1940
f 631/872/632 1482/2030/1481 195/2267/195
f 1929/3143/1932 2011/3407/2015 1875/2931/1878
f 2002/3408/2006 2001/3409/2005 2012/3410/2016
f 2007/3411/2011 2013/3412/2017 2014/3413/2018
f 1925/3414/1928 95/3415/95 85/3416/85
f 84/3417/84 2015/3418/2019 2016/3419/2020
f 2017/3420/2021 110/3421/110 2016/3419/2020
f 2018/3422/2022 2015/3423/2019 2002/3424/2006
f 1112/3425/1106 1134/1527/1128 1536/2131/1535
f 45/117/45 1480/2026/1479 1995/3367/1999
f 1386/1891/1384 1745/3276/1746 1937/3426/1940
f 1186/2592/1180 1289/3427/1285 1440/2593/1438
f 1486/2036/1485 203/381/202 1943/3171/1946
f 1283/1727/1279 826/1111/825 1281/1725/1277
f 698/2889/697 1633/3428/1633 1582/3429/1582
f 453/661/454 338/525/338 1517/2092/1516
f 898/3430/896 818/1097/817 586/3431/587
f 2019/3432/2023 1904/3040/1907 1899/3433/1902
f 337/3434/337 1658/3435/1658 2020/3436/2024
f 1151/2441/1145 195/2267/195 1482/2030/1481
f 2011/3407/2015 1870/3247/1873 1907/3049/1910
f 1224/2265/1218 1566/2182/1567 1610/2266/1610
f 1854/2875/1856 1046/1413/1041 721/972/720
f 1125/3437/1119 1124/3046/1118 1965/3244/1968
f 1938/3162/1941 620/858/621 622/3205/623
f 626/864/627 1834/2813/1836 1602/2253/1602
f 922/3303/920 1438/3438/1436 1702/3304/1703
f 1816/2778/1817 1707/2486/1708 1706/2485/1707
f 434/3364/434 1181/1583/1175 435/1798/435
f 2021/3439/2025 1112/3425/1106 1718/3440/1719
f 1225/3441/1219 1224/1636/1218 1827/2798/1828
f 1834/2813/1836 1977/3292/1980 187/3242/187
f 1796/3442/1797 105/264/105 80/215/80
f 1359/1855/1357 1861/2897/1864 1897/3019/1900
f 255/434/254 356/544/356 954/1298/950
f 1750/2588/1751 1749/2587/1750 1930/3443/1933
f 1559/3444/1559 98/256/98 97/255/97
f 769/1031/768 1446/3445/1444 1445/3446/1443
f 2095/3092/437 1244/1665/1237 1265/1702/1260
f 1622/2291/1622 1623/2292/1623 962/1306/958
f 277/1256/277 886/1204/884 260/3447/260
f 112/2820/112 90/240/90 38/239/38
f 348/3448/348 1014/3119/1010 1768/2627/1769
f 1924/3113/1927 817/3106/816 908/2972/906
f 170/348/170 172/350/172 2022/3449/2026
f 940/1282/938 1600/2247/1600 941/1283/939
f 794/1062/793 754/3450/753 782/1044/781
f 1540/2144/1539 1376/1878/1374 1419/2356/1417
f 734/986/733 226/1186/225 732/984/731
f 1155/1552/1149 513/726/514 512/3451/513
f 1224/1636/1218 1226/1638/1220 1566/2182/1567
f 1886/3148/1889 523/3452/524 522/3149/523
f 784/3166/783 1957/3352/1960 1951/3351/1954
f 2023/3453/2027 1535/3454/1534 1952/3455/1955
f 477/1239/478 375/570/375 892/1214/890
f 1939/3163/1942 1604/2257/1604 1876/2934/1879
f 1504/2060/1503 1172/1569/1166 1505/3456/1504
f 1849/3118/1851 1976/3457/1979 1601/3458/1601
f 1794/3459/1795 1795/3460/1796 1333/3461/1330
f 489/698/490 525/738/526 497/707/498
f 1224/2265/1218 1609/2264/1609 1827/2798/1828
f 670/914/670 1156/1553/1150 1155/1552/1149
f 387/585/387 1941/3169/1944 1242/1663/1235
f 532/750/533 66/177/66 46/176/46
f 233/411/232 1039/1405/1034 1349/1827/1346
f 1504/2060/1503 826/1111/825 425/631/425
f 529/743/530 744/1000/743 749/1005/748
f 1221/1633/1215 1161/1558/1155 666/2367/666
f 685/929/685 1036/1400/1031 1044/3299/1039
f 1900/3462/1903 1946/3463/1949 2024/3464/2028
f 233/411/232 434/3364/434 667/911/667
f 747/1003/746 744/1000/743 746/1002/745
f 541/762/542 543/764/544 869/1175/867
f 727/978/726 739/3339/738 728/979/727
f 876/3465/874 542/3466/543 1901/3467/1904
f 92/3225/92 1900/3031/1903 542/3033/543
f 779/1041/778 906/3468/904 2095/1801/437
f 1821/2783/1822 1759/2611/1760 188/2610/188
f 1044/1411/1039 1116/3287/1110 1045/1412/1040
f 494/704/495 1040/1406/1035 495/705/496
f 1348/1825/1345 386/583/386 109/1826/109
f 1152/1549/1146 189/1607/189 1584/2221/1584
f 2095/3469/437 1104/2360/1098 1394/1903/1392
f 1029/1407/1024 893/3470/891 1954/3196/1957
f 639/880/640 641/882/642 1476/2731/1475
f 341/3471/341 744/3472/743 529/743/530
f 1622/3473/1622 1662/2383/1662 457/2385/458
f 2095/2114/437 1022/1380/1018 1021/1379/1017
f 168/346/168 871/1180/869 204/1179/203
f 1467/2394/1466 1531/2125/1530 1236/2124/1229
f 1846/2848/1848 1592/2236/1592 1226/1638/1220
f 1825/2791/1826 1595/2239/1595 1594/2238/1594
f 674/918/674 673/917/673 2095/3164/437
f 1494/2487/1493 1209/1616/1203 1005/1358/1001
f 845/3474/843 931/3475/929 843/2329/841
f 989/1341/985 1188/1590/1182 987/1630/983
f 675/919/675 674/918/674 1463/1993/1461
f 310/494/310 1700/2471/1701 315/499/315
f 832/1995/1463 1464/1994/1462 1159/1556/1153
f 921/1250/919 508/1249/509 453/661/454
f 1/244/1 432/3476/432 109/3477/109
f 2025/3478/2029 1020/1378/1016 2026/3479/2030
f 1996/3480/2000 342/1218/342 1855/3481/1858
f 2027/3482/2031 366/3483/366 95/3415/95
f 85/3484/85 20/3485/20 1744/3486/1745
f 1454/3487/1452 2028/3488/2032 2023/3489/2027
f 366/3483/366 2027/3482/2031 1949/3490/1952
f 1597/2241/1597 1372/1873/1370 1641/2330/1641
f 1048/3491/1043 420/626/420 422/628/422
f 1272/3492/1267 883/1198/881 2029/3493/2033
f 2030/3494/2034 1256/1685/1249 1456/3495/1454
f 1550/2162/1550 1250/2161/1243 1689/3496/1689
f 1454/3487/1452 1953/3497/1956 1452/1977/1450
f 441/649/442 211/389/210 439/647/440
f 1542/2146/1541 1689/3498/1689 1273/2745/1268
f 859/1162/857 397/3499/397 386/3500/386
f 1928/3130/1931 491/700/492 490/699/491
f 1272/2756/1267 1456/2758/1454 1273/3501/1268
f 614/3502/615 714/965/713 613/3503/614
f 125/1954/125 1432/1953/1430 123/3504/123
f 1809/3505/1810 1075/1448/1069 1076/1450/1070
f 1627/3506/1627 555/776/556 949/3353/1997
f 679/923/679 527/3507/528 717/968/716
f 1899/3433/1902 1341/3508/1338 1898/3029/1901
f 23/2891/23 22/269/22 107/268/107
f 1949/3509/1952 2027/3510/2031 1454/1979/1452
f 2031/3511/2035 1979/3512/1982 1950/3513/1953
f 1840/3020/1842 1916/3514/1919 1702/2473/1703
f 994/1780/990 1320/1779/1316 1579/2215/1579
f 406/3515/406 426/632/426 419/625/419
f 1684/2428/1684 1777/2646/1778 1685/2429/1685
f 1870/3247/1873 2011/3407/2015 1968/3516/1971
f 752/1008/751 703/950/702 750/1006/749
f 1980/3302/1983 346/534/346 982/1330/978
f 1432/1953/1430 1433/1955/1431 197/375/196
f 1399/1910/1397 1398/1909/1396 720/971/719
f 2032/3517/2036 1708/3518/1709 383/844/383
f 1197/1601/1191 1162/3519/1156 989/1341/985
f 689/933/689 688/932/688 686/3377/686
f 267/448/267 1911/3058/1914 1780/2658/1781
f 150/327/150 669/913/669 151/328/151
f 957/1301/953 956/1300/952 624/3520/625
f 1259/1690/1251 2000/3379/2004 1258/1688/1250
f 2008/3521/2012 407/3522/407 592/834/593
f 403/3523/403 795/3524/794 1534/3525/1533
f 880/1194/878 492/3526/493 575/1192/576
f 1950/3527/1953 1979/3297/1982 1978/3296/1981
f 1818/2780/1819 1863/3104/1866 1819/2781/1820
f 1190/1592/1184 205/383/204 521/734/522
f 903/3528/901 1883/2962/1886 105/264/105
f 2033/3529/2037 2034/3530/2038 2035/3531/2039
f 1002/1354/998 136/313/136 349/537/349
f 1801/2707/1802 1558/3532/1558 1909/3334/1912
f 1823/2785/1824 1859/2895/1862 1816/2778/1817
f 1819/2781/1820 1845/3533/1847 2036/3534/2040
f 1769/3535/1770 953/3536/949 835/3537/833
f 1990/3335/1993 159/3538/159 2033/3529/2037
f 2003/3394/2007 2037/3539/2041 2004/3395/2008
f 1748/2598/1749 1339/2583/1336 372/2277/372
f 2038/3540/2042 561/3541/562 2039/3542/2043
f 1515/2090/1514 514/3321/515 1327/1793/1323
f 145/450/145 2001/3409/2005 2040/3543/2044
f 2041/3544/2045 382/577/382 381/576/381
f 83/3545/83 269/451/269 2040/3543/2044
f 1499/2054/1498 682/926/682 1921/3101/1924
f 207/565/206 270/564/270 2042/3546/2046
f 1746/2581/1747 1196/1600/1190 1868/2906/1871
f 83/221/83 27/3547/27 1999/3548/2003
f 650/891/651 319/504/319 307/491/307
f 1548/2159/1548 1738/3549/1739 1499/2054/1498
f 461/669/462 460/668/461 823/1877/822
f 87/3550/87 1999/3551/2003 27/3552/27
f 2034/3530/2038 561/3541/562 2038/3540/2042
f 1771/3553/1772 1628/3554/1628 286/468/286
f 2043/3555/2047 1967/3249/1970 1990/3335/1993
f 2002/3556/2006 84/3557/84 83/3558/83
f 637/3559/638 1921/3101/1924 682/926/682
f 1801/2707/1802 1800/2706/1801 200/378/199
f 2044/3560/2048 1863/2900/1866 1833/2812/1835
f 1889/3561/1892 1112/3425/1106 1536/2131/1535
f 1833/3562/1835 1720/2516/1721 1719/2515/1720
f 2023/3489/2027 1953/3497/1956 1454/3487/1452
f 285/467/285 2044/3563/2048 286/468/286
f 1582/2887/1582 1767/2622/1768 696/2888/695
f 383/579/383 1708/2490/1709 384/580/384
f 1811/2763/1812 1810/2762/1811 414/618/414
f 269/451/269 2042/3564/2046 270/452/270
f 2040/3543/2044 269/451/269 145/450/145
f 1225/3565/1219 1577/2927/1577 2045/3566/2049
f 1512/2073/1511 1836/2815/1838 1869/2910/1872
f 1370/1990/1368 1355/3567/1353 1462/1991/1460
f 1533/2127/1532 1565/2418/1566 1545/2417/1545
f 1083/2243/1077 1068/1441/1062 1589/2232/1589
f 1763/2616/1764 1767/2622/1768 1582/2887/1582
f 2007/3568/2011 382/3569/382 2041/3570/2045
f 1540/3018/1539 359/548/359 1650/2348/1650
f 416/3571/416 1344/2921/1341 1763/3572/1764
f 1455/3573/1453 710/3206/709 1710/2500/1711
f 1192/1892/1186 1388/1894/1386 1746/2581/1747
f 238/1105/237 478/687/479 1983/3310/1986
f 1354/3574/1352 611/3575/612 599/1201/600
f 1849/2854/1851 1601/2249/1601 539/2855/540
f 397/3499/397 10/3576/10 4/3577/4
f 1935/3155/1938 53/182/53 50/3578/50
f 1848/3579/1850 909/3580/907 897/3581/895
f 2046/3582/2050 1814/2773/1815 1845/2836/1847
f 587/1127/588 778/1040/777 837/1128/835
f 1250/1676/1243 1268/2096/1263 1251/1677/1244
f 1968/3516/1971 2011/3407/2015 1929/3250/1932
f 788/2860/787 1866/3311/1869 754/1010/753
f 1898/3583/1901 1341/3584/1338 1640/3585/1640
f 871/1180/869 1648/3586/1648 1330/2076/1326
f 111/279/111 91/278/91 873/1184/871
f 489/698/490 499/709/500 487/696/488
f 800/3587/799 670/914/670 672/916/672
f 1542/3588/1541 1269/1706/1264 1550/2162/1550
f 330/517/330 1506/2062/1505 1792/2685/1793
f 760/1018/759 732/984/731 226/1186/225
f 1735/2555/1736 2047/3589/2051 1903/3590/1906
f 536/3591/537 558/3592/559 556/777/557
f 399/602/399 426/3203/426 398/600/398
f 1968/3516/1971 2048/3593/2052 1606/2260/1606
f 188/3594/188 1125/3595/1119 1965/3596/1968
f 1499/2054/1498 1921/3101/1924 1920/3100/1923
f 554/775/555 1235/2174/1560 949/3353/1997
f 408/3382/408 426/3381/426 406/3597/406
f 406/624/406 420/626/420 2049/3598/2053
f 1151/1548/1145 1150/1547/1144 1817/2779/1818
f 1952/3455/1955 1953/3599/1956 2023/3453/2027
f 656/897/657 1142/1537/1136 436/643/436
f 350/538/350 349/537/349 136/313/136
f 1912/3064/1915 329/516/329 328/515/328
f 2045/3566/2049 1723/2527/1724 1225/1637/1219
f 94/249/94 991/2929/987 1875/2931/1878
f 571/3600/572 329/3601/329 1705/3602/1706
f 2050/3603/2054 1967/3249/1970 2043/3555/2047
f 1272/3492/1267 1271/3604/1266 883/1198/881
f 373/3605/373 372/2277/372 945/1287/942
f 2019/3432/2023 2051/3606/2055 1822/3243/1823
f 508/3607/509 422/1251/422 421/3608/421
f 1983/3609/1986 894/1219/892 239/417/238
f 1060/2997/1054 396/596/396 628/866/629
f 94/249/94 1932/3150/1935 73/250/73
f 807/1080/806 1768/2627/1769 617/2626/618
f 1773/3258/1774 1390/1899/1388 1923/3103/1926
f 1633/3428/1633 698/2889/697 697/3610/696
f 90/422/90 112/3611/112 244/423/243
f 1192/1892/1186 1746/2581/1747 1868/2906/1871
f 560/3612/561 1453/3613/1451 1452/3614/1450
f 896/1221/894 516/3615/517 520/3616/521
f 768/3617/767 516/3615/517 896/1221/894
f 516/729/517 515/728/516 1572/2194/1573
f 227/3017/226 734/3618/733 47/181/47
f 268/449/268 1760/3619/1761 266/447/266
f 50/3620/50 1865/3621/1868 1867/3622/1870
f 1995/3367/1999 1690/2442/1690 1518/2100/1517
f 2039/3623/2043 2052/3624/2056 1736/2556/1737
f 1388/1894/1386 2045/3566/2049 1576/3625/1576
f 2053/3626/2057 1546/2156/1546 1193/3627/1187
f 1225/1637/1219 1724/2528/1725 1846/2848/1848
f 491/700/492 655/896/656 654/895/655
f 1581/3628/1581 1643/2810/1643 417/622/417
f 180/1131/180 1985/3319/1988 838/1129/836
f 362/1719/362 969/1721/965 1329/1795/1325
f 1047/3629/1042 1997/3372/2001 1048/3630/1043
f 1517/2092/1516 2054/3631/2058 1997/3372/2001
f 1275/1714/1271 518/3275/519 729/2698/728
f 727/978/726 518/3632/519 1572/3337/1573
f 406/3633/406 2009/3404/2013 2010/3634/2014
f 509/721/510 1506/2062/1505 577/800/578
f 260/441/260 1195/3635/1189 1459/3636/1457
f 577/800/578 143/320/143 729/2698/728
f 566/1156/567 37/281/37 36/3637/36
f 1203/1608/1197 1838/2824/1840 1202/1606/1196
f 2049/3598/2053 420/626/420 1048/3491/1043
f 2055/3638/2059 143/320/143 330/517/330
f 453/661/454 576/2948/577 702/2214/701
f 509/721/510 283/720/283 415/2764/415
f 1997/3639/2001 2009/3404/2013 1048/1415/1043
f 422/628/422 420/626/420 419/625/419
f 405/2025/405 404/3640/404 1197/3641/1191
f 2095/3642/437 1057/1428/1052 949/3643/1997
f 768/3617/767 896/1221/894 895/1220/893
f 2056/3644/2060 2095/3645/437 1257/1837/1348
f 1956/3204/1959 407/3522/407 2008/3403/2012
f 1997/3372/2001 2054/3631/2058 1998/3646/2002
f 845/3647/843 1770/3648/1771 1769/3649/1770
f 259/2268/258 1089/1465/1083 1396/2269/1394
f 1912/3064/1915 328/515/328 1792/2685/1793
f 1956/3204/1959 389/3650/2061 398/600/398
f 1291/1739/1287 411/614/411 985/1335/981
f 559/3285/560 609/845/610 1364/2920/1362
f 579/802/580 2057/3651/2062 1642/2332/1642
f 2058/3652/2063 2059/3653/2064 1605/3654/1605
f 2021/3439/2025 280/462/280 1112/1525/1106
f 228/3655/227 885/3656/883 340/3657/340
f 183/361/183 182/360/182 1116/1500/1110
f 1632/2893/1632 1605/2259/1605 1607/2261/1607
f 144/336/144 146/323/146 2033/3658/2037
f 1822/3243/1823 1906/3045/1909 2019/3432/2023
f 1743/2574/1744 1879/2944/1882 1874/2930/1877
f 166/344/166 157/2066/157 1529/2118/1528
f 667/1308/667 666/2367/666 1161/1558/1155
f 917/1245/915 1007/1361/1003 901/1226/899
f 1902/3034/1905 1903/3036/1906 1871/2919/1874
f 1868/3659/1871 2060/3660/2065 2053/3626/2057
f 729/980/728 518/3632/519 727/978/726
f 1937/3426/1940 1189/3661/1183 1386/1891/1384
f 464/672/465 1901/3032/1904 465/673/466
f 642/883/643 1592/2236/1592 1846/2848/1848
f 1864/3091/1867 1629/2309/1629 1340/1816/1337
f 2061/3662/2066 561/3663/562 560/3664/561
f 900/1225/898 490/699/491 467/675/468
f 257/436/256 315/499/315 314/498/314
f 1536/3665/1535 1535/3666/1534 731/3667/730
f 1999/3551/2003 87/3550/87 2062/3668/2067
f 1593/2237/1593 644/885/645 988/1340/984
f 279/461/279 1720/2968/1721 1863/3104/1866
f 838/1129/836 1985/3319/1988 2046/3582/2050
f 1742/3669/1743 1741/3670/1742 1950/3671/1953
f 738/992/737 1516/2091/1515 496/706/497
f 1575/2201/1575 1390/1899/1388 1389/1898/1387
f 1950/3527/1953 1978/3296/1981 1742/3672/1743
f 708/955/707 707/954/706 1055/1425/1050
f 900/1225/898 689/933/689 901/1226/899
f 880/1194/878 879/1193/877 916/1244/914
f 1735/2555/1736 1737/2557/1738 2063/3673/2068
f 2036/3534/2040 2047/3589/2051 1820/2782/1821
f 81/216/81 1766/2961/1767 1765/2884/1766
f 803/1987/802 868/3344/866 1459/1986/1457
f 1719/3674/1720 281/2514/281 2021/3675/2025
f 838/3676/836 1845/3533/1847 839/3313/837
f 832/1995/1463 2095/3677/437 675/919/675
f 764/2926/763 1594/2928/1594 1185/1735/1179
f 1741/2890/1742 93/247/93 25/230/25
f 65/3048/65 72/3678/72 1932/3679/1935
f 1863/3104/1866 1818/2780/1819 279/461/279
f 2028/3680/2032 1535/3681/1534 2023/3682/2027
f 779/1041/778 1314/3365/1310 716/3683/715
f 1718/3440/1719 1717/2635/1718 1719/3684/1720
f 1133/1526/1127 1772/2637/1773 1952/3194/1955
f 514/3321/515 1515/2956/1514 1987/3329/1990
f 1661/3685/1661 1786/2669/1787 1680/2867/1680
f 875/1188/873 749/3003/748 748/1182/747
f 1643/2333/1643 1629/2827/1629 1624/3073/1624
f 514/727/515 513/726/514 1156/1553/1150
f 295/1255/295 1660/3392/1660 1441/1963/1439
f 19/1118/19 888/3686/886 77/208/77
f 577/800/578 729/2698/728 702/948/701
f 451/659/452 611/847/612 1354/1846/1352
f 596/822/597 416/621/416 418/623/418
f 1168/3687/1162 666/910/666 668/912/668
f 2064/3688/2069 528/3139/529 527/3689/528
f 1582/3429/1582 1633/3428/1633 1640/3690/1640
f 2095/3691/437 906/1233/904 1926/3692/1929
f 1724/2528/1725 2045/3566/2049 1388/1894/1386
f 1968/3251/1971 1822/2784/1823 2048/3593/2052
f 527/3693/528 952/3694/948 2064/3695/2069
f 1162/3519/1156 1188/3696/1182 989/1341/985
f 1313/2419/1309 1204/1609/1198 821/1100/820
f 2095/2526/437 889/3697/887 240/1830/239
f 2045/3566/2049 1724/2528/1725 1723/2527/1724
f 654/895/655 436/643/436 469/677/470
f 703/950/702 177/355/177 750/1006/749
f 2095/3698/437 1248/1674/1241 1247/1673/1240
f 1996/3480/2000 1855/3481/1858 2065/3699/2070
f 2039/3542/2043 2035/3531/2039 2038/3540/2042
f 1066/1439/1060 288/471/288 1067/1440/1061
f 1850/3700/1852 273/3198/273 1463/3701/1461
f 697/942/696 696/941/695 1843/2894/1845
f 784/1046/783 1951/3702/1954 772/1047/771
f 781/1043/780 753/1019/752 760/1018/759
f 1895/3010/1898 634/3703/635 1625/3008/1625
f 465/3221/466 341/871/341 463/3704/464
f 1226/1638/1220 1593/2237/1593 987/1339/983
f 1968/3251/1971 1859/3256/1862 1822/2784/1823
f 1839/3705/1841 1916/3706/1919 1840/3707/1842
f 1890/3268/1893 585/808/586 587/810/588
f 1831/3399/1833 172/350/172 972/3397/968
f 897/3581/895 909/3580/907 819/3708/818
f 1884/3709/1887 898/1223/896 912/1240/910
f 1948/3182/1951 630/2883/631 1959/3710/1962
f 1469/2465/1468 1450/1975/1448 378/2463/378
f 1642/3711/1642 566/3712/567 32/3713/32
f 1841/2828/1843 1838/3255/1840 1840/3714/1842
f 1228/1679/1222 1252/1678/1245 1520/2104/1519
f 2020/3436/2024 1934/3185/1937 1517/3184/1516
f 2066/3715/2071 1772/2637/1773 1112/1525/1106
f 2065/3699/2070 2067/3716/2072 2010/3717/2014
f 574/837/575 603/836/604 2068/3718/2073
f 2016/3419/2020 29/222/29 84/3417/84
f 728/2213/727 337/524/337 339/526/339
f 520/3616/521 519/1522/520 896/1221/894
f 1008/1362/1004 143/320/143 2055/3638/2059
f 1875/2931/1878 2011/3407/2015 1932/3679/1935
f 728/979/727 1658/3338/1658 337/3719/337
f 23/2891/23 1741/2890/1742 25/230/25
f 1926/3692/1929 906/1233/904 573/796/574
f 2020/3720/2024 1517/2092/1516 338/525/338
f 1928/3130/1931 490/699/491 1007/1361/1003
f 366/3483/366 1949/3490/1952 107/3721/107
f 338/525/338 337/524/337 2020/3720/2024
f 980/1328/976 665/1541/665 979/1327/975
f 1997/3372/2001 1047/3629/1042 1517/2092/1516
f 714/3722/713 598/2563/599 564/2562/565
f 2039/3623/2043 561/3663/562 2061/3662/2066
f 581/804/582 2008/3521/2012 592/834/593
f 889/3723/887 2095/3724/437 241/3725/240
f 254/433/253 253/432/252 955/1299/951
f 421/627/421 419/625/419 385/843/385
f 20/3726/20 731/2576/730 1744/2575/1745
f 496/706/497 1326/1792/1322 275/457/275
f 238/416/237 1983/3609/1986 239/417/238
f 2006/3401/2010 2008/3521/2012 581/804/582
f 143/320/143 1275/1714/1271 729/2698/728
f 286/3727/286 1973/3271/1976 98/256/98
f 1801/2707/1802 202/380/201 1558/3532/1558
f 179/357/179 181/359/181 1863/2900/1866
f 1628/3554/1628 847/3728/845 286/468/286
f 2008/3729/2012 2014/3730/2018 2013/3731/2017
f 87/231/87 27/3732/27 26/232/26
f 1974/3284/1977 87/231/87 93/247/93
f 1120/1505/1114 139/1507/139 1500/2055/1499
f 2042/3733/2046 2062/3734/2067 207/3735/206
f 1453/3736/1451 1979/3512/1982 1454/3737/1452
f 941/1283/939 424/630/424 854/1152/852
f 1774/2640/1775 1757/3738/1758 1756/2638/1757
f 653/894/654 1980/3302/1983 982/1330/978
f 2002/3386/2006 2012/3739/2016 2018/3740/2022
f 123/3504/123 1432/1953/1430 1270/2287/1265
f 410/613/410 409/612/409 1993/3349/1996
f 1757/2602/1758 429/3741/429 1755/2600/1756
f 1197/3641/1191 1404/3742/1402 1162/3519/1156
f 1660/2370/1660 265/480/265 1111/1493/1105
f 2040/3543/2044 2001/3409/2005 83/3545/83
f 252/3743/251 932/2916/930 931/3475/929
f 385/843/385 419/625/419 399/633/399
f 1868/3659/1871 1193/3627/1187 1192/1892/1186
f 2012/3739/2016 145/3744/145 382/3745/382
f 1820/2782/1821 2063/3673/2068 279/461/279
f 395/3746/395 421/627/421 385/843/385
f 1868/3659/1871 2069/3747/2074 2060/3660/2065
f 929/1336/927 985/1335/981 413/616/413
f 2060/3660/2065 1547/2157/1547 2053/3626/2057
f 1834/3241/1836 1841/2976/1843 1701/2472/1702
f 1193/3627/1187 1546/2156/1546 1194/3748/1188
f 1778/2993/1779 1779/3341/1780 1481/2467/1480
f 2018/3749/2022 580/803/581 2015/3750/2019
f 1773/3258/1774 1756/2601/1757 1390/1899/1388
f 208/781/207 561/783/562 206/3751/205
f 1404/1917/1402 1163/1560/1157 1162/1559/1156
f 270/564/270 206/566/205 561/3752/562
f 1773/3258/1774 1923/3103/1926 2070/3753/2075
f 32/3713/32 110/3421/110 1642/3711/1642
f 2052/3624/2056 2071/3754/2076 1772/2637/1773
f 110/3421/110 29/222/29 2016/3419/2020
f 2017/3420/2021 580/3755/581 1642/3711/1642
f 1974/3284/1977 207/3735/206 2062/3734/2067
f 1974/3284/1977 2062/3734/2067 87/231/87
f 790/1791/789 1327/1793/1323 1944/3172/1947
f 2037/3539/2041 1903/3756/1906 2036/3757/2040
f 1395/2549/1393 1733/3758/1734 1728/3759/1729
f 2005/3760/2009 2018/3740/2022 2012/3739/2016
f 1902/3034/1905 2050/3603/2054 2043/3555/2047
f 497/707/498 246/425/245 245/424/244
f 580/803/581 2018/3749/2022 2005/3400/2009
f 2012/3739/2016 2007/3761/2011 2005/3760/2009
f 2072/3762/2077 1147/1544/1141 762/1021/761
f 390/3763/2078 2041/3764/2045 389/3765/389
f 609/845/610 526/739/527 1797/2950/1798
f 1197/3766/1191 404/607/404 1545/2158/1545
f 1978/3296/1981 1974/3295/1977 1742/3672/1743
f 784/3166/783 1994/3767/1998 1957/3352/1960
f 2057/3651/2062 579/802/580 602/835/603
f 953/3768/949 1770/3769/1771 865/3770/863
f 1626/3233/1626 1964/3237/1967 1992/3343/1995
f 2069/3747/2074 1569/2189/1570 1337/1811/1334
f 1958/3211/1961 1857/2886/1860 392/591/392
f 779/1041/778 716/3683/715 906/3468/904
f 1330/2076/1326 1648/3586/1648 1513/2074/1512
f 2027/3510/2031 1925/3110/1928 1744/3112/1745
f 1896/3257/1899 1355/3567/1353 1370/1990/1368
f 1694/3217/1695 616/3216/617 1397/3771/1395
f 1717/2635/1718 264/3772/264 1771/2636/1772
f 395/3773/395 957/3774/953 325/3775/325
f 2013/3776/2017 389/3777/2061 1956/3778/1959
f 398/600/398 389/3650/2061 383/601/383
f 2095/3691/437 1989/3332/1992 1988/3331/1991
f 383/844/383 389/3779/2061 2032/3517/2036
f 567/902/568 660/901/661 604/838/605
f 1926/3692/1929 573/796/574 192/3780/192
f 1809/2760/1810 1869/2910/1872 1709/2494/1710
f 1577/2927/1577 1225/3565/1219 1594/2928/1594
f 1558/2172/1558 285/3781/285 1559/2173/1559
f 1574/3782/1857 1104/2360/1098 2095/3469/437
f 1993/3349/1996 470/678/471 410/613/410
f 564/787/565 602/963/603 714/965/713
f 1744/3112/1745 1535/3783/1534 2027/3510/2031
f 2070/3784/2075 493/3785/494 722/973/721
f 1860/2896/1863 1343/1819/1340 597/823/598
f 14/238/14 89/237/89 1173/3786/1167
f 493/3787/494 1975/3288/1978 190/369/190
f 731/983/730 77/208/77 888/3686/886
f 1046/3265/1041 1919/3082/1922 1918/3081/1921
f 426/3203/426 407/3522/407 1956/3204/1959
f 2070/3753/2075 1971/3267/1974 1773/3258/1774
f 283/465/283 421/3366/421 284/466/284
f 295/478/295 317/3788/317 296/479/296
f 1916/3706/1919 922/3303/920 1981/3305/1984
f 2031/3789/2035 1949/3509/1952 1454/1979/1452
f 190/369/190 1806/2729/1807 1988/3790/1991
f 409/612/409 518/3275/519 1275/1714/1271
f 209/387/208 548/3791/549 1437/1959/1435
f 1046/3265/1041 1760/2612/1761 1919/3082/1922
f 1830/2805/1832 2073/3792/2079 1831/2806/1833
f 2027/3482/2031 95/3415/95 1925/3414/1928
f 768/1211/767 891/1213/889 890/1212/888
f 1809/3505/1810 1022/3793/1018 833/3794/831
f 1980/3302/1983 963/1307/959 578/801/579
f 540/761/541 210/2302/209 1437/3795/1435
f 1971/3267/1974 2070/3753/2075 1918/3081/1921
f 1989/3796/1992 1926/3122/1929 191/3121/191
f 321/3312/321 182/360/182 97/3246/97
f 2066/3715/2071 2052/3624/2056 1772/2637/1773
f 550/771/551 715/966/714 1489/2041/1488
f 202/380/201 201/379/200 179/3797/179
f 1017/3798/1013 1774/3799/1775 1927/3800/1930
f 1810/2762/1811 1811/2763/1812 282/464/282
f 1455/3801/1453 1710/3011/1711 212/3802/211
f 1665/3803/1665 547/1686/548 1256/1685/1249
f 1565/2545/1566 1200/1604/1194 1404/1917/1402
f 1939/3163/1942 1920/3100/1923 1604/2257/1604
f 716/967/715 604/3804/605 574/797/575
f 763/1022/762 1030/1392/1025 1578/2206/1578
f 112/818/112 593/817/594 244/3224/243
f 2070/3753/2075 1923/3103/1926 1975/3288/1978
f 97/3805/97 99/508/99 321/507/321
f 2053/3626/2057 1193/3627/1187 1868/3659/1871
f 1045/2274/1040 266/447/266 1760/3619/1761
f 1828/2800/1829 1885/2967/1888 418/2801/418
f 1581/3628/1581 417/622/417 416/621/416
f 117/291/117 1541/2145/1540 862/1166/860
f 1747/2776/1748 372/3806/372 816/1095/815
f 1923/3103/1926 1390/1899/1388 1753/2595/1754
f 1975/3288/1978 493/3787/494 2070/3753/2075
f 614/3212/615 591/815/592 2067/3716/2072
f 1138/3807/1132 712/3808/711 601/3809/602
f 289/472/289 124/301/124 357/545/357
f 2049/3598/2053 2009/3810/2013 406/624/406
f 1105/1486/1099 1104/1485/1098 1574/2876/1857
f 357/545/357 178/356/178 752/1008/751
f 1760/3619/1761 268/449/268 150/2657/150
f 177/3811/177 429/3812/429 1757/3813/1758
f 962/3138/958 1662/2383/1662 1622/3473/1622
f 150/2657/150 1780/2658/1781 291/3264/291
f 1757/3813/1758 1774/3814/1775 177/3811/177
f 150/2657/150 152/3815/152 1760/3619/1761
f 833/3794/831 1869/2910/1872 1809/3505/1810
f 1959/3229/1962 714/965/713 614/3502/615
f 2010/3717/2014 2067/3716/2072 406/3515/406
f 1194/3748/1188 1724/2528/1725 1387/1893/1385
f 1759/2611/1760 1584/2221/1584 189/1607/189
f 1713/3816/1714 1321/1783/1317 1245/1782/1238
f 802/1074/801 1611/2272/1611 801/1072/800
f 173/351/173 848/1142/846 629/2849/630
f 949/3643/1997 1057/1428/1052 1627/2304/1627
f 687/931/687 1036/1400/1031 685/929/685
f 1997/3639/2001 1996/3405/2000 2009/3404/2013
f 802/2986/801 70/3817/70 10/2987/10
f 2065/3699/2070 1855/3481/1858 1948/3213/1951
f 847/1141/845 846/1140/844 1973/3271/1976
f 1231/1645/1225 1270/1707/1265 810/1084/809
f 432/639/432 433/640/433 842/1136/840
f 1979/3818/1982 560/3612/561 208/3819/207
f 2047/3589/2051 2036/3534/2040 1903/3590/1906
f 1931/3147/1934 1155/3820/1149 512/3821/513
f 509/721/510 576/799/577 508/719/509
f 1946/3463/1949 1947/3822/1950 2074/3823/2080
f 1357/1850/1355 1712/2502/1713 1355/1848/1353
f 1958/3211/1961 1967/3249/1970 388/586/388
f 944/3398/1831 972/3397/968 2095/3824/437
f 946/1582/943 1955/3197/1958 2095/1580/437
f 1822/3243/1823 188/3384/188 1965/3244/1968
f 636/877/637 638/879/639 1357/2531/1355
f 1877/2935/1880 2095/2164/437 1551/2163/1551
f 2054/3631/2058 1517/2092/1516 1040/3825/1035
f 988/1340/984 2075/3826/2081 1197/1601/1191
f 1766/2961/1767 81/216/81 105/264/105
f 1711/2501/1712 1357/2531/1355 1356/2499/1354
f 1833/2812/1835 1771/2636/1772 286/3827/286
f 940/1282/938 1214/1621/1208 1599/2246/1599
f 1346/3828/1343 711/3829/710 710/3830/709
f 578/801/579 963/1307/959 962/1306/958
f 92/2681/92 541/762/542 42/2262/42
f 200/378/199 1984/3318/1987 201/379/200
f 1112/1525/1106 280/462/280 2066/3715/2071
f 1868/3659/1871 1570/2190/1571 2069/3747/2074
f 377/572/377 1986/3320/1989 1407/1924/1405
f 1533/2553/1532 1563/2179/1564 1565/2181/1566
f 1308/1760/1304 886/1599/884 888/3686/886
f 1594/2238/1594 1225/3441/1219 1824/2790/1825
f 2057/3651/2062 566/3831/567 1642/2332/1642
f 1352/1843/1350 811/2056/810 810/2063/809
f 1407/1924/1405 1986/3320/1989 963/3301/959
f 1049/1417/1044 926/1260/924 1065/1438/1059
f 1738/3549/1739 1500/2055/1499 1499/2054/1498
f 1956/3204/1959 2008/3403/2012 2013/3832/2017
f 943/3833/941 942/2484/940 1153/2068/1147
f 1512/2073/1511 833/3834/831 352/2071/352
f 774/1036/773 765/3835/764 670/3836/670
f 354/2230/354 1703/2475/1704 1511/2072/1510
f 207/3837/206 1979/3818/1982 208/3838/207
f 1940/3839/1943 230/408/229 789/1054/788
f 968/1314/964 1637/2379/1637 964/1309/960
f 988/1340/984 644/885/645 2075/3826/2081
f 1388/1894/1386 1387/1893/1385 1724/2528/1725
f 1283/1727/1279 679/3093/679 827/1112/826
f 273/3198/273 1850/3700/1852 1751/3840/1752
f 947/3841/944 374/569/374 373/568/373
f 1949/3509/1952 2031/3789/2035 1950/3842/1953
f 1156/1553/1150 670/914/670 765/3843/764
f 278/3844/278 317/3788/317 295/478/295
f 1737/2557/1738 2066/3715/2071 280/462/280
f 825/3845/824 681/925/681 512/725/513
f 1994/3767/1998 737/3846/736 1957/3352/1960
f 262/443/262 277/459/277 260/441/260
f 634/2297/635 633/3357/634 1626/2298/1626
f 107/3721/107 1949/3187/1952 1741/3186/1742
f 733/3847/732 86/3326/86 78/3323/78
f 1156/1553/1150 1944/3333/1947 514/727/515
f 643/884/644 2075/3826/2081 644/885/645
f 1979/3818/1982 207/3837/206 1974/3848/1977
f 1859/3256/1862 1823/2785/1824 1822/2784/1823
f 657/3087/658 1520/2104/1519 1917/3079/1920
f 782/1044/781 781/1043/780 800/3587/799
f 883/1198/881 967/1313/963 1810/3849/1811
f 1832/2809/1834 1992/3343/1995 1851/2857/1853
f 527/740/528 523/3452/524 1886/3148/1889
f 1852/3850/1854 788/1053/787 534/1052/535
f 1748/2586/1749 372/567/372 1747/2584/1748
f 1440/3851/1438 1603/2254/1603 1701/2472/1702
f 1772/2637/1773 2071/3754/2076 1452/3852/1450
f 1867/2905/1870 1866/2904/1869 788/3853/787
f 2048/3593/2052 1607/2261/1607 1606/2260/1606
f 1546/2156/1546 1880/3854/1883 1194/3748/1188
f 538/757/539 881/2250/879 533/3855/534
f 1138/3856/1132 601/3857/602 600/3858/601
f 1752/2590/1753 100/258/100 96/254/96
f 1556/2170/1556 998/1350/994 1000/1352/996
f 1461/1989/1459 1526/2115/1525 1370/1990/1368
f 2075/3826/2081 643/884/644 405/2025/405
f 981/1329/977 983/1331/979 1479/2023/1478
f 1461/1989/1459 1713/3859/1714 1115/1497/1109
f 957/3253/953 1513/3370/1512 1807/3254/1808
f 1953/3195/1956 1772/2637/1773 1452/3852/1450
f 19/1118/19 2076/3860/2082 888/3686/886
f 769/3086/768 830/1115/829 829/1114/828
f 1988/3331/1991 1806/3861/1807 2095/3691/437
f 1936/3156/1939 2056/3644/2060 1257/1837/1348
f 380/575/380 1487/2038/1486 2077/3862/2083
f 323/3309/323 1612/3056/1612 1910/3055/1913
f 1992/3343/1995 1829/2802/1830 1851/2857/1853
f 585/808/586 913/2954/911 586/809/587
f 1316/1768/1312 168/346/168 1181/1583/1175
f 1737/2557/1738 279/461/279 2063/3673/2068
f 168/346/168 1648/3586/1648 871/1180/869
f 1147/1544/1141 1569/2189/1570 1030/1392/1025
f 19/1118/19 831/1117/830 2076/3860/2082
f 922/3189/920 1447/3191/1445 1438/1960/1436
f 1895/3010/1898 1832/3009/1834 1643/2333/1643
f 190/703/190 1989/3796/1992 191/3121/191
f 1370/1871/1368 1762/2615/1763 213/391/212
f 694/940/694 693/939/693 663/904/663
f 868/3344/866 262/3863/262 261/3345/261
f 1149/1546/1143 1584/2221/1584 1150/1547/1144
f 868/1174/866 299/483/299 262/443/262
f 2076/3860/2082 1308/1760/1304 888/3686/886
f 983/1331/979 981/1329/977 1065/1438/1059
f 981/1329/977 905/1231/903 1065/1438/1059
f 1776/2644/1777 248/1012/247 756/1014/755
f 839/3313/837 1819/2781/1820 181/359/181
f 311/495/311 318/532/318 1631/2313/1631
f 804/2858/803 859/3360/857 365/554/365
f 919/2700/917 1887/2974/1890 912/3864/910
f 2051/3606/2055 2019/3865/2023 1607/2261/1607
f 1007/1361/1003 911/1238/909 1928/3130/1931
f 2039/3542/2043 1902/3034/1905 2035/3531/2039
f 1985/3319/1988 900/1225/898 1812/2771/1813
f 1660/3392/1660 1110/2119/1104 1441/1963/1439
f 347/535/347 677/921/677 676/920/676
f 1115/1497/1109 1075/1448/1069 1461/1989/1459
f 313/497/313 1507/2065/1506 257/436/256
f 494/704/495 275/457/275 274/456/274
f 1129/2998/1123 70/1073/70 801/1072/800
f 36/3866/36 32/3867/32 566/3868/567
f 1521/2107/1520 200/378/199 1800/2706/1801
f 1768/2627/1769 1014/3119/1010 618/856/619
f 2076/3860/2082 831/3869/830 1195/1597/1189
f 460/1523/461 462/2398/463 1662/2383/1662
f 1370/1990/1368 213/391/212 212/390/211
f 1858/2892/1861 1685/2429/1685 974/1322/970
f 1895/3010/1898 1624/3073/1624 634/3703/635
f 840/1134/838 1907/3049/1910 1870/3247/1873
f 1377/3870/1375 1376/3871/1374 1540/3872/1539
f 878/2965/876 841/1135/839 842/1136/840
f 859/1162/857 1611/2272/1611 802/1074/801
f 265/3391/265 264/3772/264 1717/2635/1718
f 84/224/84 2002/3424/2006 2015/3423/2019
f 580/803/581 2017/3873/2021 2015/3750/2019
f 1270/2287/1265 427/3874/427 123/3504/123
f 2027/3510/2031 1535/3783/1534 2028/3488/2032
f 1905/3044/1908 1870/2918/1873 1605/3654/1605
f 560/3612/561 1979/3818/1982 1453/3613/1451
f 766/1025/765 789/1054/788 790/1055/789
f 2031/3511/2035 1454/3737/1452 1979/3512/1982
f 1875/2931/1878 1879/2944/1882 1929/3143/1932
f 2001/3409/2005 145/450/145 2012/3410/2016
f 1365/3875/1363 128/3876/128 861/1165/859
f 1805/2724/1806 1414/1933/1412 860/1788/858
f 275/457/275 1326/1792/1322 790/1791/789
f 1454/1979/1452 2027/3510/2031 2028/3488/2032
f 145/3877/145 270/3878/270 561/3879/562
f 1697/2453/1698 1484/2735/1483 1686/2432/1686
f 1918/3081/1921 1761/2614/1762 1927/3127/1930
f 202/380/201 179/3797/179 1558/3532/1558
f 1559/3880/1559 285/467/285 98/469/98
f 201/379/200 1984/3318/1987 180/1131/180
f 1242/1663/1235 1941/3169/1944 1191/1593/1185
f 475/684/476 2095/3881/437 1483/2031/1482
f 500/710/501 501/712/502 1102/3882/1096
f 552/773/553 855/1157/853 550/771/551
f 592/834/593 579/802/580 581/804/582
f 2007/3761/2011 2012/3739/2016 382/3745/382
f 870/1880/868 842/1136/840 433/640/433
f 503/1865/504 861/1165/859 1135/2661/1129
f 960/3883/956 501/3884/502 1579/3885/1579
f 1325/1790/1321 127/304/127 994/1780/990
f 2000/3886/2004 1486/2036/1485 1813/2772/1814
f 1820/2782/1821 279/461/279 1818/2780/1819
f 2061/3662/2066 2071/3754/2076 2052/3624/2056
f 1102/1482/1096 1101/1481/1095 1784/2666/1785
f 955/1299/951 980/1328/976 254/433/253
f 958/3887/954 960/3883/956 1320/3888/1316
f 710/3889/709 712/3890/711 1711/3891/1712
f 243/421/242 1946/3892/1949 40/2714/40
f 1096/1472/1090 1993/3349/1996 1522/2109/1521
f 106/266/106 8/265/8 1004/3893/1000
f 104/1785/104 106/1356/106 1003/1355/999
f 591/3014/592 613/3503/614 714/965/713
f 1995/3367/1999 1480/2026/1479 405/2025/405
f 1322/1784/1318 1398/1909/1396 1222/1634/1216
f 1751/2899/1752 1850/2856/1852 1054/1424/1049
f 645/886/646 1649/2347/1649 646/887/647
f 144/3894/144 382/3745/382 145/3744/145
f 463/3704/464 529/3895/530 464/3896/465
f 709/956/708 708/955/707 1730/2536/1731
f 160/338/160 159/337/159 390/3897/390
f 144/3898/144 160/3899/160 381/576/381
f 1838/3062/1840 1203/1608/1197 923/1253/921
f 390/3900/390 2032/3517/2036 389/3901/2061
f 2007/3411/2011 2014/3413/2018 2008/3902/2012
f 681/925/681 680/924/680 512/725/513
f 598/2563/599 714/3722/713 1959/3710/1962
f 854/1152/852 424/630/424 423/629/423
f 1844/2835/1846 154/3380/154 2004/3395/2008
f 591/815/592 406/3515/406 2067/3716/2072
f 2046/3582/2050 1845/2836/1847 838/1129/836
f 1837/3903/1839 187/3242/187 1977/3292/1980
f 1829/2802/1830 1964/3237/1967 1828/2800/1829
f 900/1225/898 1985/3319/1988 2078/3904/2084
f 1801/2707/1802 200/378/199 202/380/201
f 637/878/638 684/2169/684 1991/3340/1994
f 216/394/215 736/988/735 214/392/213
f 73/250/73 1932/3150/1935 72/3905/72
f 626/864/627 625/863/626 1977/3292/1980
f 2063/3673/2068 2047/3589/2051 1735/2555/1736
f 2010/3406/2014 1996/3405/2000 2065/3906/2070
f 736/988/735 1346/3907/1343 735/987/734
f 531/3908/532 532/3909/533 1994/3910/1998
f 1406/1923/1404 1033/2231/1028 1032/2712/1027
f 1945/3176/1948 956/2831/952 1708/3911/1709
f 264/3912/264 1628/3554/1628 1771/3553/1772
f 1947/3822/1950 1963/3913/1966 2074/3823/2080
f 1827/2798/1828 1824/2790/1825 1225/3441/1219
f 354/2230/354 1589/2232/1589 1068/1441/1062
f 1803/2716/1804 1802/2711/1803 2095/3914/437
f 1405/1922/1403 1568/2186/1569 1033/2231/1028
f 1653/2355/1653 362/2224/362 1507/2065/1506
f 1945/3176/1948 1708/3911/1709 1990/3915/1993
f 935/1276/933 937/1278/935 1208/1615/1202
f 1945/3176/1948 1967/3249/1970 1109/1490/1103
f 2074/3823/2080 1960/3220/1963 465/3221/466
f 1505/3456/1504 1172/1569/1166 1600/2247/1600
f 1970/3262/1973 1762/2615/1763 1369/1870/1367
f 158/335/158 125/302/125 1893/3004/1896
f 1779/2656/1780 844/1914/842 843/3916/841
f 2060/3660/2065 998/1350/994 1547/2157/1547
f 1556/2170/1556 643/884/644 1547/2157/1547
f 1961/3917/1964 593/829/594 598/828/599
f 963/1307/959 1986/3320/1989 961/1305/957
f 2065/3699/2070 1948/3213/1951 2067/3716/2072
f 1570/2190/1571 1868/2906/1871 1578/2206/1578
f 1668/2397/1668 1663/2384/1663 1662/2383/1662
f 1962/3368/1965 92/246/92 41/245/41
f 1312/1764/1308 821/1509/820 1122/1508/1116
f 212/390/211 214/392/213 735/987/734
f 1694/3217/1695 812/1086/811 1663/2650/1663
f 1397/3771/1395 812/1086/811 1694/3217/1695
f 553/774/554 306/937/306 308/492/308
f 1963/3913/1966 1960/3220/1963 2074/3823/2080
f 804/2858/803 1611/2272/1611 859/3360/857
f 2053/3626/2057 1547/2157/1547 1546/2156/1546
f 591/815/592 407/814/407 406/3515/406
f 859/1162/857 802/1074/801 397/3499/397
f 1547/2157/1547 998/1350/994 1556/2170/1556
f 1369/1870/1367 1704/2476/1705 217/395/216
f 1369/1870/1367 217/395/216 1970/3262/1973
f 1927/3127/1930 1969/3259/1972 1918/3081/1921
f 393/592/393 1966/3248/1969 521/734/522
f 1563/2604/1564 2079/3918/2085 1754/3919/1755
f 1690/2442/1690 1522/2109/1521 1518/2100/1517
f 122/299/122 55/1628/55 120/297/120
f 342/1218/342 1996/3480/2000 893/1216/891
f 1954/3196/1957 1996/3920/2000 1998/3921/2002
f 1179/3922/1173 1178/3923/1172 1677/3924/1677
f 1048/1415/1043 2009/3404/2013 2049/3925/2053
f 249/2098/248 1776/2644/1777 2095/2645/437
f 340/3926/340 744/3472/743 341/3471/341
f 412/615/412 914/1242/912 1478/2513/1477
f 1546/2156/1546 642/883/643 1880/3854/1883
f 1172/1569/1166 941/1283/939 1600/2247/1600
f 1908/3050/1911 1684/2428/1684 1683/2427/1683
f 192/3780/192 573/796/574 575/798/576
f 211/389/210 1317/2456/1313 209/387/208
f 900/1225/898 467/675/468 1812/2771/1813
f 735/987/734 1346/3907/1343 1455/1980/1453
f 341/871/341 529/3895/530 463/3704/464
f 1511/2072/1510 1369/1870/1367 1512/2073/1511
f 1803/2716/1804 1691/2443/1691 1032/1921/1027
f 349/537/349 1037/3015/1032 1001/1353/997
f 960/3883/956 1102/3927/1096 501/3884/502
f 1750/3146/1751 1180/1581/1174 1913/3067/1916
f 2062/3928/2067 2042/3929/2046 1999/3548/2003
f 769/1031/768 1121/2933/1115 1446/3445/1444
f 474/981/475 483/3930/484 863/1167/861
f 1986/3320/1989 377/572/377 376/571/376
f 963/3301/959 652/893/653 1407/1924/1405
f 872/3192/870 748/1004/747 747/1003/746
f 1335/1809/1332 1337/1811/1334 1569/2189/1570
f 2075/3826/2081 405/2025/405 1197/1601/1191
f 999/1351/995 1726/2530/1727 1096/1472/1090
f 2080/3931/2086 1787/3932/1788 1804/3129/1805
f 999/1351/995 2069/3747/2074 1337/1811/1334
f 286/3727/286 847/1141/845 1973/3271/1976
f 192/3780/192 492/1227/493 190/3330/190
f 1518/2100/1517 45/117/45 1995/3367/1999
f 682/926/682 684/928/684 637/3559/638
f 1578/2206/1578 1196/1600/1190 763/1022/762
f 1902/3034/1905 2039/3542/2043 1736/3035/1737
f 2072/3762/2077 1739/2560/1740 1716/2507/1717
f 1751/3316/1752 1019/3933/1015 271/3317/271
f 2051/3606/2055 1607/2261/1607 2048/3593/2052
f 260/441/260 1459/3636/1457 261/442/261
f 179/357/179 1863/2900/1866 2044/3560/2048
f 179/3797/179 201/379/200 180/1131/180
f 689/933/689 880/1194/878 916/1244/914
f 274/3934/274 228/3935/227 1029/3936/1024
f 1557/2171/1557 1909/3937/1912 1558/2172/1558
f 773/1035/772 746/1002/745 745/1001/744
f 1606/2260/1606 1870/2918/1873 1968/3516/1971
f 1907/3049/1910 65/3048/65 1932/3679/1935
f 102/260/102 402/1778/402 1425/3938/1423
f 1998/3646/2002 2054/3631/2058 1040/3825/1035
f 1534/3939/1533 1754/3940/1755 2079/3941/2085
f 825/1110/824 514/3321/515 1987/3329/1990
f 164/342/164 256/435/255 258/437/257
f 773/1035/772 772/1034/771 746/1002/745
f 629/2849/630 848/1142/846 775/3942/774
f 1948/3213/1951 614/3212/615 2067/3716/2072
f 772/3943/771 774/1036/773 670/3836/670
f 1791/3944/1792 1239/1657/1232 1403/1916/1401
f 1070/1913/1064 1079/1453/1073 1400/1911/1398
f 765/3835/764 774/1036/773 766/1056/765
f 621/859/622 620/858/621 1610/2266/1610
f 1725/2651/1726 1892/3945/1895 1590/3946/1590
f 721/972/720 686/930/686 1854/2875/1856
f 833/3794/831 1512/2073/1511 1869/2910/1872
f 1764/3947/1765 1842/2833/1844 1767/2832/1768
f 327/514/327 343/530/343 1631/2313/1631
f 734/3322/733 733/3847/732 78/3323/78
f 226/1186/225 225/3948/224 874/1187/872
f 1561/2176/1562 1591/2235/1591 186/364/186
f 783/1045/782 760/1018/759 784/1046/783
f 1120/2561/1114 1739/2560/1740 1894/3005/1897
f 335/522/335 334/521/334 409/612/409
f 86/3326/86 733/3847/732 1865/3324/1868
f 2095/3642/437 1058/1429/1053 1057/1428/1052
f 1591/2235/1591 927/3949/925 186/364/186
f 2095/3950/437 1405/1922/1403 1692/2444/1692
f 271/3951/271 535/3952/536 272/3953/272
f 670/914/670 1155/1552/1149 671/915/671
f 633/3357/634 1609/3359/1609 1360/3954/1358
f 160/3955/160 390/3956/390 381/3957/381
f 1559/3958/1559 97/3959/97 1557/3960/1557
f 1805/2724/1806 1311/2691/1307 1413/1931/1411
f 680/924/680 527/3961/528 1886/2969/1889
f 733/1011/732 732/3962/731 753/1009/752
f 1812/2771/1813 467/675/468 469/677/470
f 2055/3638/2059 648/1363/649 1008/1362/1004
f 354/2230/354 1068/1441/1062 1703/2475/1704
f 832/1995/1463 1778/2655/1779 2095/3963/437
f 700/1458/699 305/3964/305 1083/1459/1077
f 269/3965/269 1999/3548/2003 2042/3929/2046
f 1797/2950/1798 488/697/489 1881/2953/1884
f 1721/2521/1722 1223/1635/1217 1219/3966/1213
f 414/618/414 415/620/415 1811/2763/1812
f 1867/3622/1870 1616/2279/1616 1935/3155/1938
f 111/3967/111 432/3476/432 1/244/1
f 1982/3307/1985 1931/3147/1934 522/3149/523
f 856/2454/854 1686/2432/1686 1487/2038/1486
f 522/3149/523 524/3968/525 672/3969/672
f 1600/2247/1600 1908/3050/1911 1505/3456/1504
f 1873/2925/1876 1523/2110/1522 1524/2111/1523
f 627/2799/628 1825/2791/1826 1824/2790/1825
f 1857/2886/1860 388/586/388 387/585/387
f 2043/3555/2047 1990/3335/1993 2033/3529/2037
f 758/2803/757 815/1094/814 1246/1672/1239
f 815/1094/814 1830/2805/1832 2081/3970/2087
f 1831/3399/1833 2073/3971/2079 172/350/172
f 1067/1440/1061 217/395/216 1704/2476/1705
f 353/541/353 1033/1396/1028 354/542/354
f 1102/1482/1096 1784/2666/1785 500/3972/501
f 1600/2247/1600 1684/2428/1684 1908/3050/1911
f 578/801/579 346/534/346 1980/3302/1983
f 103/261/103 1458/1984/1456 1128/1777/1122
f 910/1237/908 909/3973/907 1848/3974/1850
f 956/2831/952 1945/3176/1948 623/861/624
f 501/3884/502 128/3975/128 2082/3976/2088
f 154/3380/154 1941/3169/1944 155/332/155
f 1114/3977/1108 1175/3978/1169 2083/3979/2089
f 770/2599/769 1573/2508/1574 771/2807/770
f 411/614/411 1291/1739/1287 977/2717/973
f 796/1065/795 1219/3966/1213 1223/1635/1217
f 827/1112/826 679/3093/679 825/1110/824
f 1626/3233/1626 633/3357/634 1360/3954/1358
f 275/457/275 494/704/495 496/706/497
f 2036/3757/2040 1845/2836/1847 2004/3395/2008
f 1309/1761/1305 1659/2368/1659 1315/1767/1311
f 1902/3034/1905 1871/2919/1874 388/3980/388
f 351/539/351 866/2387/864 349/537/349
f 1819/2781/1820 839/3313/837 1845/3533/1847
f 200/378/199 2078/3904/2084 1984/3318/1987
f 2063/3673/2068 1820/2782/1821 2047/3589/2051
f 1629/2827/1629 1640/2328/1640 1340/3981/1337
f 1504/2060/1503 424/630/424 1172/1569/1166
f 1905/3044/1908 1605/3654/1605 902/1228/900
f 1123/1510/1117 821/1509/820 824/2775/823
f 1922/3102/1925 1753/2595/1754 2095/2654/437
f 1334/1807/1331 1903/3036/1906 2037/3539/2041
f 828/1113/827 930/2949/928 829/1114/828
f 2032/3982/2036 390/3897/390 1708/3983/1709
f 442/2542/443 1218/2133/1212 403/606/403
f 999/1351/995 1096/1472/1090 1690/2442/1690
f 725/3984/724 837/3085/835 723/3084/722
f 172/350/172 2073/3971/2079 2022/3449/2026
f 122/299/122 54/2573/54 55/1628/55
f 1702/2473/1703 1916/3514/1919 1981/3985/1984
f 171/3986/171 1180/3987/1174 1930/3988/1933
f 920/1248/918 913/2954/911 585/808/586
f 690/934/690 345/533/345 301/485/301
f 648/3989/649 329/3601/329 571/3600/572
f 797/3990/796 1434/3991/1432 588/3992/589
f 1505/2061/1504 1908/3050/1911 1281/1725/1277
f 1889/3561/1892 1536/2131/1535 887/1205/885
f 922/1252/920 1838/3062/1840 923/1253/921
f 1067/1440/1061 1704/2476/1705 1703/2475/1704
f 110/276/110 32/3993/32 30/277/30
f 390/3897/390 159/337/159 1708/3983/1709
f 456/664/457 1721/3994/1722 1219/3995/1213
f 1400/1911/1398 1079/1453/1073 1081/1456/1075
f 1943/3171/1946 1844/2835/1846 1814/2773/1815
f 969/1721/965 968/1796/964 1329/1795/1325
f 405/2025/405 1556/2170/1556 1995/3367/1999
f 1798/3996/1799 506/717/507 505/716/506
f 1530/3997/1529 506/717/507 2084/3998/2090
f 1081/1456/1075 401/604/401 400/603/400
f 708/955/707 1059/1712/1270 1431/1951/1429
f 1558/3532/1558 179/3797/179 285/3999/285
f 1425/1945/1423 401/604/401 1063/1455/1057
f 1776/2644/1777 756/1014/755 1351/1839/1349
f 1961/3388/1964 1963/4000/1966 1947/4001/1950
f 1144/1539/1138 1485/2034/1484 1145/1540/1139
f 1589/2232/1589 1082/2187/1076 1083/2243/1077
f 1594/2238/1594 1289/1736/1285 1185/1735/1179
f 1178/4002/1172 1354/3574/1352 711/4003/710
f 1061/1433/1055 1062/1434/1056 1318/3218/1314
f 647/4004/648 102/260/102 1425/3938/1423
f 1474/2013/1473 2085/4005/2091 1487/2038/1486
f 982/1330/978 981/1329/977 1479/2023/1478
f 2069/3747/2074 998/1350/994 2060/3660/2065
f 1661/3685/1661 1680/2867/1680 131/4006/131
f 1827/2798/1828 1609/2264/1609 627/2799/628
f 251/430/250 2095/2352/437 932/2538/930
f 1458/2064/1456 108/4007/108 1781/2674/1782
f 687/931/687 688/1401/688 1036/1400/1031
f 721/972/720 2070/3784/2075 722/973/721
f 1781/4008/1782 108/4009/108 1174/1572/1168
f 2077/3862/2083 2085/4005/2091 1698/2468/1699
f 1405/1922/1403 1032/1921/1027 1691/2443/1691
f 1995/3367/1999 1556/2170/1556 1000/1352/996
f 1246/2754/1239 1553/2166/1553 758/1016/757
f 1000/1352/996 999/1351/995 1690/2442/1690
f 2034/4010/2038 145/322/145 561/783/562
f 651/892/652 1407/1924/1405 652/893/653
f 1088/2922/1082 678/922/678 677/921/677
f 477/686/478 1983/3310/1986 478/687/479
f 388/3980/388 1967/3249/1970 2050/3603/2054
f 2071/3754/2076 560/4011/561 1452/3852/1450
f 1802/2711/1803 834/2374/832 2095/3914/437
f 1682/2457/1682 1303/1751/1299 1184/4012/1178
f 2003/3394/2007 154/331/154 1334/1807/1331
f 1698/2468/1699 1519/2470/1518 1727/4013/1728
f 1883/2962/1886 1766/2961/1767 105/264/105
f 1238/1656/1231 1237/1655/1230 1613/2697/1613
f 1669/2402/1669 1174/2372/1168 89/2371/89
f 820/1109/819 334/4014/334 336/1107/336
f 1655/4015/1655 1917/3079/1920 1252/1678/1245
f 1673/2406/1673 1183/1585/1177 1670/4016/1670
f 237/3072/236 1448/2346/1446 820/1099/819
f 1131/1521/1125 1130/1520/1124 1095/1471/1089
f 600/1200/601 884/1199/882 1313/2419/1309
f 198/376/197 197/375/196 134/311/134
f 1465/2688/1464 1237/1655/1230 1239/1657/1232
f 553/1151/554 305/489/305 939/1280/937
f 1790/2679/1791 1789/2678/1790 1670/2403/1670
f 998/1350/994 2069/3747/2074 999/1351/995
f 1666/2395/1666 1236/2124/1229 1477/2664/1476
f 1666/2395/1666 1467/2394/1466 1236/2124/1229
f 1830/2805/1832 1247/1673/1240 2081/3970/2087
f 1669/2399/1669 16/1999/16 1667/2400/1667
f 1651/2353/1651 1375/1876/1373 1374/1875/1372
f 390/4017/2078 389/4018/2061 2013/4019/2017
f 1392/2207/1390 582/2209/583 1393/4020/1391
f 946/3070/943 1180/4021/1174 2022/4022/2026
f 1930/4023/1933 218/4024/217 171/4025/171
f 1374/1875/1372 1373/1874/1371 2086/4026/2092
f 374/1093/374 2073/3792/2079 1830/2805/1832
f 1567/2185/1568 1229/1680/1223 6/3151/6
f 1410/1928/1408 1412/1930/1410 1787/2675/1788
f 110/3421/110 2017/3420/2021 1642/3711/1642
f 801/1075/800 360/549/360 297/481/297
f 1804/3129/1805 1933/3152/1936 2080/3931/2086
f 2080/4027/2086 1933/4028/1936 5/7/5
f 1595/2567/1595 1440/2569/1438 1289/4029/1285
f 2086/4026/2092 1373/1874/1371 1382/1885/1380
f 5/7/5 1410/1928/1408 2080/4027/2086
f 1734/2548/1735 1229/1680/1223 1253/1681/1246
f 600/2462/601 1136/2461/1130 1138/4030/1132
f 2073/3971/2079 374/569/374 947/3841/944
f 730/982/729 928/1267/926 660/901/661
f 1804/3129/1805 1215/2184/1209 1933/3152/1936
f 457/665/458 459/667/460 1622/2291/1622
f 1837/4031/1839 1125/3595/1119 188/3594/188
f 1176/4032/1170 1290/4033/1286 1113/4034/1107
f 286/468/286 2044/3563/2048 1833/3562/1835
f 1170/1567/1164 1165/1562/1159 1729/2728/1730
f 1580/2217/1580 1644/2335/1644 1254/1683/1247
f 1381/1884/1379 1166/1563/1160 1171/1568/1165
f 1139/4035/1133 1141/4036/1135 82/4037/82
f 1321/1783/1317 2087/4038/2093 1176/1574/1170
f 1580/3001/1580 1892/3000/1895 1380/1883/1378
f 33/4039/33 1635/4040/1635 1411/4041/1409
f 2016/3419/2020 2015/3418/2019 2017/3420/2021
f 816/1095/815 815/1094/814 758/2803/757
f 1217/1624/1211 1216/1623/1210 1264/1697/1256
f 451/659/452 450/658/451 611/847/612
f 1257/1837/1348 935/1276/933 1936/3156/1939
f 1930/4023/1933 1749/4042/1750 218/4024/217
f 451/659/452 1354/1846/1352 1178/4043/1172
f 1972/4044/1975 1646/2338/1646 1645/2337/1645
f 1656/2547/1656 2088/4045/2094 1734/2548/1735
f 1787/3932/1788 1635/4046/1635 1804/3129/1805
f 1976/3290/1979 58/184/58 1601/4047/1601
f 82/4048/82 1141/4049/1135 1299/1747/1295
f 1513/3370/1512 1648/4050/1648 441/649/442
f 1322/1784/1318 1002/1354/998 1001/1353/997
f 1736/2556/1737 2052/3624/2056 1737/2557/1738
f 566/3831/567 2057/3651/2062 602/835/603
f 403/3523/403 1534/3525/1533 1545/4051/1545
f 1342/2351/1339 1126/2350/1120 1864/4052/1867
f 1640/3690/1640 1633/4053/1633 1898/4054/1901
f 1946/3892/1949 1962/4055/1965 40/2714/40
f 946/1582/943 1914/3095/1917 1552/2165/1552
f 2024/3464/2028 1901/3467/1904 1900/3462/1903
f 1522/2109/1521 431/638/431 1518/2100/1517
f 1131/1521/1125 1726/2530/1727 1122/1508/1116
f 1985/3319/1988 1984/3318/1987 2078/3904/2084
f 1247/1673/1240 1830/2805/1832 944/2804/1831
f 553/774/554 437/645/438 306/937/306
f 465/4056/466 2024/4057/2028 1946/4058/1949
f 1901/3032/1904 2024/4059/2028 465/673/466
f 1385/2364/1383 1617/4060/1617 1657/2362/1657
f 332/3117/332 569/792/570 234/3016/233
f 953/1297/949 1396/4061/1394 615/853/616
f 218/396/217 972/3397/968 172/350/172
f 2022/4062/2026 1180/4063/1174 170/4064/170
f 869/1696/867 532/4065/533 46/206/46
f 869/4066/867 543/4067/544 532/4068/533
f 2036/3534/2040 1820/2782/1821 1819/2781/1820
f 2038/3540/2042 2035/3531/2039 2034/3530/2038
f 1548/2159/1548 1715/3261/1716 1739/4069/1740
f 248/1012/247 1776/2644/1777 249/2098/248
f 1089/1465/1083 196/3346/259 1087/1463/1081
f 2006/3401/2010 2005/3400/2009 2007/3402/2011
f 1994/3910/1998 225/4070/224 531/3908/532
f 951/4071/947 1121/1506/1115 1120/1505/1114
f 751/1007/750 151/328/151 669/913/669
f 1716/2507/1717 1335/1809/1332 1147/1544/1141
f 1404/4072/1402 1197/3766/1191 1545/4073/1545
f 1397/3300/1395 616/854/617 615/853/616
f 1903/3036/1906 1736/3035/1737 1735/4074/1736
f 1549/2160/1549 1939/3163/1942 1548/2159/1548
f 1124/3046/1118 1906/3045/1909 1822/3243/1823
f 555/776/556 1775/4075/1776 936/2629/934
f 1711/2501/1712 1604/4076/1604 636/877/637
f 431/638/431 43/115/43 1518/2100/1517
f 1708/2490/1709 394/593/394 384/580/384
f 1096/1472/1090 1131/1521/1125 1095/1471/1089
f 1365/3875/1363 1361/1857/1359 128/3876/128
f 114/905/114 979/1327/975 665/1541/665
f 995/1386/991 994/1780/990 127/304/127
f 928/1267/926 917/1245/915 603/836/604
f 1361/1857/1359 126/303/126 128/305/128
f 737/989/736 543/991/544 875/1188/873
f 128/4077/128 1325/4078/1321 2082/3976/2088
f 816/1095/815 683/927/683 1747/2776/1748
f 393/592/393 205/383/204 871/1800/869
f 1713/3859/1714 1461/1989/1459 1462/1991/1460
f 1246/1672/1239 2081/3970/2087 1247/1673/1240
f 1033/2231/1028 1406/1923/1404 1405/1922/1403
f 1755/2600/1756 429/3741/429 719/2149/718
f 944/2804/1831 2095/4079/437 1247/1673/1240
f 737/989/736 875/1188/873 748/1182/747
f 1896/3012/1899 212/3802/211 1710/3011/1711
f 2037/3539/2041 2003/3394/2007 1334/1807/1331
f 664/906/664 544/765/545 117/291/117
f 789/1054/788 766/1025/765 773/4080/772
f 1304/4081/1300 1657/2362/1657 1617/4060/1617
f 510/2759/511 1808/2757/1809 511/4082/512
f 304/488/304 303/487/303 319/595/319
f 1773/3258/1774 1971/3267/1974 1969/3259/1972
f 1478/2513/1477 653/2512/654 982/1330/978
f 916/1244/914 901/1226/899 689/933/689
f 1436/1958/1434 993/1781/989 1080/1454/1074
f 993/1781/989 1436/1958/1434 1320/4083/1316
f 2030/3494/2034 1437/3795/1435 1665/3803/1665
f 1025/2151/1542 1574/2876/1857 2095/4084/437
f 1678/4085/1678 287/2625/287 562/2624/563
f 1437/1959/1435 548/3791/549 1665/4086/1665
f 227/405/226 67/909/67 531/749/532
f 1426/1946/1424 1310/1762/1306 1315/1767/1311
f 1409/1926/1407 549/2736/550 1366/1866/1364
f 480/689/481 1169/1566/1163 356/544/356
f 1579/3885/1579 1320/4087/1316 960/3883/956
f 1920/3100/1923 1939/3163/1942 1549/2160/1549
f 1437/4088/1435 2030/4089/2034 540/2393/541
f 1009/1365/1005 1011/1367/1007 1675/2726/1675
f 215/393/214 287/470/287 1678/2415/1678
f 562/4090/563 836/4091/834 1677/4092/1677
f 668/1535/668 545/766/546 1168/1565/1162
f 1936/3156/1939 1208/1615/1202 2095/1614/437
f 885/1202/883 745/1001/744 744/1000/743
f 228/3935/227 276/4093/276 229/4094/228
f 1095/1471/1089 471/679/472 470/678/471
f 701/4095/700 1082/4096/1076 1405/4097/1403
f 428/635/428 1169/1566/1163 1222/1634/1216
f 2095/2447/437 1087/1463/1081 196/3346/259
f 903/1229/901 902/1228/900 1842/3174/1844
f 1894/3005/1897 2072/3762/2077 951/1292/947
f 1783/2665/1784 1307/2191/1303 1571/2193/1572
f 1073/4098/1067 1084/1460/1078 1307/1757/1303
f 1856/2885/1859 974/1322/970 1777/2646/1778
f 1080/1454/1074 1081/1456/1075 1078/1452/1072
f 2000/3886/2004 1813/2772/1814 1812/2771/1813
f 530/744/531 529/743/530 749/1005/748
f 371/563/371 362/1719/362 199/377/198
f 574/837/575 2068/3718/2073 1488/2039/1487
f 976/1324/972 1858/2892/1861 974/1322/970
f 1268/2096/1263 1263/4099/1255 1502/2058/1501
f 1940/3839/1943 228/406/227 230/408/229
f 536/4100/537 556/4101/557 248/4102/247
f 2046/3582/2050 1985/3319/1988 1812/2771/1813
f 145/322/145 2034/4010/2038 146/323/146
f 1268/1705/1263 1267/1704/1262 1293/1741/1289
f 1306/2192/1302 1092/3132/1086 1674/3131/1674
f 958/3887/954 1320/3888/1316 1436/4103/1434
f 1935/3155/1938 50/3578/50 1867/3622/1870
f 1260/1691/1252 1798/3996/1799 505/716/506
f 1267/1704/1262 1409/1926/1407 1294/1742/1290
f 469/4104/470 1258/4105/1250 1812/4106/1813
f 1082/4107/1076 701/4108/700 700/4109/699
f 781/1043/780 760/1018/759 783/1045/782
f 1661/3685/1661 131/4006/131 130/1985/130
f 429/636/429 177/355/177 176/354/176
f 1119/1504/1113 1458/2064/1456 1781/2674/1782
f 1260/1691/1252 1263/1695/1255 1268/1705/1263
f 129/1476/129 1485/2034/1484 1097/1477/1091
f 28/220/28 27/3547/27 83/221/83
f 1097/1477/1091 1485/2034/1484 1093/2033/1087
f 1231/1645/1225 1221/1633/1215 1034/1397/1029
f 665/908/665 544/765/545 664/906/664
f 330/517/330 1792/2685/1793 328/515/328
f 1295/1753/1291 1184/4012/1178 1303/1751/1299
f 589/4110/590 1434/4111/1432 507/718/508
f 1205/1611/1199 1042/1409/1037 445/4112/446
f 2044/4113/2048 285/3999/285 179/3797/179
f 54/4114/54 1430/4115/1428 52/4116/52
f 589/4110/590 1107/2108/1101 590/4117/591
f 228/3935/227 274/3934/274 276/4093/276
f 1106/4118/1100 1451/2705/1449 1799/2704/1800
f 785/1048/784 787/1050/786 1501/2057/1500
f 1697/4119/1698 1108/2256/1102 1530/3997/1529
f 569/792/570 661/2458/662 567/790/568
f 1074/1447/1068 1079/1927/1073 1072/1445/1066
f 1716/2507/1717 1147/1544/1141 2072/3762/2077
f 507/718/508 1434/4111/1432 785/4120/784
f 1871/2919/1874 1903/3036/1906 1334/1807/1331
f 1858/2892/1861 1797/2695/1798 1685/2429/1685
f 1905/3044/1908 904/1230/902 1870/3247/1873
f 1492/2045/1491 1495/4121/1494 1233/4122/1227
f 1456/3495/1454 540/761/541 2030/3494/2034
f 1904/3040/1907 1341/3508/1338 1899/3433/1902
f 1182/1584/1176 1174/2372/1168 1183/1585/1177
f 785/4120/784 1263/1695/1255 507/718/508
f 1198/1602/1192 1223/1635/1217 1722/2522/1723
f 1676/2436/1676 1675/2726/1675 1011/1367/1007
f 1463/1993/1461 674/918/674 1850/2856/1852
f 1504/2060/1503 425/631/425 424/630/424
f 1621/4123/1621 273/4124/273 272/4125/272
f 1266/1703/1261 292/475/292 2095/1701/437
f 358/547/358 344/546/344 361/550/361
f 1656/2359/1656 1655/2358/1655 2088/4126/2094
f 1667/2400/1667 16/1999/16 1467/1998/1466
f 2076/3860/2082 1195/1597/1189 1308/1760/1304
f 1312/1764/1308 1136/2461/1130 1313/1765/1309
f 857/1160/855 1108/2256/1102 1697/4119/1698
f 676/920/676 293/476/293 1693/2445/1693
f 1790/2679/1791 1666/2395/1666 1782/2663/1783
f 572/4127/573 2089/4128/2095 570/1364/571
f 1056/1427/1051 1207/2524/1201 937/2641/935
f 2020/3436/2024 1658/3435/1658 1934/3185/1937
f 1396/4061/1394 814/1091/813 1397/3300/1395
f 1907/3049/1910 1932/3679/1935 2011/3407/2015
f 1451/1976/1449 1450/1975/1448 1319/2628/1315
f 939/1280/937 305/489/305 700/4129/699
f 1499/2054/1498 1498/2053/1497 682/926/682
f 1149/1889/1143 1416/1935/1414 1384/1888/1382
f 1865/4130/1868 733/1011/732 1866/3311/1869
f 754/3450/753 794/1062/793 534/752/535
f 445/4112/446 1038/1404/1033 1205/1611/1199
f 1616/4131/1616 1867/4132/1870 788/2860/787
f 2041/3544/2045 381/576/381 389/4133/389
f 1667/2396/1667 1666/2395/1666 1670/2403/1670
f 446/4134/447 1042/1409/1037 1491/2044/1490
f 1462/3252/1460 1712/2502/1713 1713/2503/1714
f 1025/2151/1542 2095/2200/437 1391/1900/1389
f 1796/2693/1797 840/1134/838 904/1230/902
f 2048/3593/2052 1822/4135/1823 2051/3606/2055
f 1616/4131/1616 788/2860/787 882/2859/880
f 654/895/655 469/677/470 468/676/469
f 1883/2962/1886 1764/2618/1765 1344/2617/1341
f 1829/2802/1830 1992/3343/1995 1964/3237/1967
f 786/1049/785 785/1048/784 797/1579/796
f 672/4136/672 671/3308/671 1982/3307/1985
f 1982/3307/1985 522/3149/523 672/4136/672
f 938/1279/936 694/940/694 730/982/729
f 1154/3109/1148 1695/4137/1696 799/1068/798
f 520/733/521 1572/2194/1573 518/731/519
f 1563/2179/1564 1532/2554/1531 2079/3918/2085
f 1699/2469/1700 1520/4138/1519 1519/2470/1518
f 1465/2688/1464 1239/1657/1232 1788/2676/1789
f 1791/3944/1792 1782/2677/1783 1239/1657/1232
f 1212/1619/1206 1699/2469/1700 1698/2468/1699
f 1153/2068/1147 1508/2067/1507 1154/4139/1148
f 533/1197/534 882/2859/880 1852/2861/1854
f 1059/1712/1270 2090/4140/2096 2095/4141/437
f 447/655/448 449/657/450 1754/2596/1755
f 1754/2596/1755 795/1064/794 1731/2537/1732
f 658/899/659 1509/4142/1508 659/900/660
f 1043/1410/1038 1696/2452/1697 1427/1947/1425
f 1887/2974/1890 1884/2964/1887 912/4143/910
f 454/662/455 1064/1437/1058 1013/1369/1009
f 825/3845/824 512/725/513 514/727/515
f 2091/4144/2097 1564/2180/1565 1563/2179/1564
f 523/742/524 528/2971/529 971/2973/967
f 1006/4145/1002 1492/2045/1491 1494/2047/1493
f 1494/2487/1493 1005/1358/1001 1006/1360/1002
f 1212/1619/1206 1211/1618/1205 1228/1640/1222
f 1407/1924/1405 651/892/652 915/1243/913
f 1427/1947/1425 658/899/659 1420/1940/1418
f 2085/4146/2091 1213/1620/1207 1698/2468/1699
f 1210/4147/1204 1491/2044/1490 1490/2043/1489
f 1722/2558/1723 1721/3994/1722 456/664/457
f 795/1064/794 1754/2596/1755 1534/2128/1533
f 1223/1635/1217 448/656/449 447/655/448
f 1884/3709/1887 1847/2981/1849 898/1223/896
f 538/1318/539 908/1235/906 910/1237/908
f 1422/1942/1420 1728/2534/1729 1564/2180/1565
f 1732/4148/1733 1565/2545/1566 1564/4149/1565
f 1732/4148/1733 1564/4149/1565 1728/3759/1729
f 1230/1643/1224 1099/1642/1093 1234/1649/1228
f 455/663/456 2089/4128/2095 572/4127/573
f 1672/2405/1672 2092/4150/2098 658/899/659
f 630/869/631 1960/3220/1963 1963/3913/1966
f 396/596/396 345/533/345 690/934/690
f 1210/4147/1204 1490/2043/1489 1199/4151/1193
f 1669/2399/1669 89/237/89 15/236/15
f 1410/1928/1408 1787/2675/1788 2080/4027/2086
f 1252/1678/1245 1917/3079/1920 1520/2104/1519
f 2093/4152/2099 2083/4153/2089 1177/1575/1171
f 332/3117/332 331/2321/331 1636/2320/1636
f 1176/1574/1170 1555/2168/1555 1442/1964/1440
f 1792/2685/1793 509/721/510 1912/3064/1915
f 454/662/455 570/1364/571 2089/4128/2095
f 1122/1508/1116 999/1351/995 1312/1764/1308
f 1722/2522/1723 455/2750/456 1198/1602/1192
f 816/1095/815 372/3806/372 374/1093/374
f 373/3605/373 945/1287/942 947/1289/944
f 1730/2536/1731 2093/4154/2099 709/956/708
f 33/4155/33 69/4156/69 1634/4157/1634
f 1537/2603/1536 2091/4144/2097 1563/2604/1564
f 1846/2848/1848 1880/3854/1883 642/883/643
f 1904/3040/1907 1124/3046/1118 1126/3041/1120
f 1393/4020/1391 582/2209/583 1728/4158/1729
f 1921/4159/1924 636/877/637 1604/4076/1604
f 638/879/639 1321/1783/1317 1357/2531/1355
f 908/4160/906 538/4161/539 971/4162/967
f 1395/2549/1393 1588/2228/1588 1733/3758/1734
f 1544/2742/1544 1652/4163/1652 1393/2743/1391
f 69/4164/69 34/4165/34 1634/4166/1634
f 492/3526/493 880/1194/878 686/3377/686
f 527/3693/528 487/4167/488 499/4168/500
f 1734/2548/1735 1729/2535/1730 1165/2546/1159
f 1708/3911/1709 159/3538/159 1990/3915/1993
f 1167/1564/1161 1656/2359/1656 1165/1562/1159
f 1076/1450/1070 1022/3793/1018 1809/3505/1810
f 1050/1418/1045 1835/2814/1837 1049/1417/1044
f 1253/1681/1246 1729/2535/1730 1734/2548/1735
f 125/1954/125 158/557/158 367/556/367
f 1175/4169/1169 1177/1575/1171 2083/4153/2089
f 701/4170/700 1405/1922/1403 2095/3950/437
f 200/378/199 689/933/689 2078/3904/2084
f 1393/1902/1391 1652/2354/1652 1374/1875/1372
f 1585/2225/1585 1587/2227/1587 1740/2579/1741
f 403/606/403 405/608/405 442/2542/443
f 1893/3004/1896 125/302/125 124/301/124
f 1632/2315/1632 1898/3029/1901 1633/2316/1633
f 996/2942/992 1445/2941/1443 1447/4171/1445
f 1746/2581/1747 1388/1894/1386 1576/2580/1576
f 1040/3183/1035 1954/4172/1957 1998/4173/2002
f 527/3693/528 499/4168/500 952/3694/948
f 1646/2787/1646 1587/2227/1587 1641/2788/1641
f 1382/1885/1380 1371/4174/1369 2086/4026/2092
f 1641/2788/1641 1587/2227/1587 1586/2226/1586
f 1651/2353/1651 1656/2359/1656 1167/4175/1161
f 43/115/43 1064/1437/1058 44/116/44
f 300/484/300 302/486/302 1083/2243/1077
f 1299/1747/1295 1141/4176/1135 1297/1745/1293
f 1017/1373/1013 1018/1374/1014 1774/3043/1775
f 388/3980/388 2050/3603/2054 1902/3034/1905
f 1500/2055/1499 1738/3549/1739 1120/1505/1114
f 430/1759/430 1522/2109/1521 1993/3349/1996
f 2045/4177/2049 1577/2204/1577 1576/2203/1576
f 908/1235/906 817/1096/816 909/1236/907
f 1372/4178/1370 1596/2340/1596 1374/1875/1372
f 1745/4179/1746 1386/1891/1384 1740/2565/1741
f 1725/2651/1726 71/4180/71 51/2722/51
f 1598/2244/1598 1171/1568/1165 1379/1882/1377
f 1972/4044/1975 1645/2337/1645 1630/4181/1630
f 1587/2227/1587 1646/2787/1646 1745/4182/1746
f 583/2208/584 1392/2207/1390 1596/2240/1596
f 1646/2338/1646 1972/4044/1975 1745/4183/1746
f 583/2208/584 1596/2240/1596 1585/2242/1585
f 1602/2253/1602 1595/2252/1595 1825/2808/1826
f 679/3093/679 1283/1727/1279 1881/2953/1884
f 1297/1745/1293 1371/1872/1369 1382/2283/1380
f 443/651/444 1064/1437/1058 454/662/455
f 1884/2964/1887 1887/2974/1890 62/203/62
f 303/487/303 305/489/305 308/1150/308
f 1139/1532/1133 1752/4184/1753 1362/1859/1360
f 903/3528/901 105/264/105 1796/3442/1797
f 1581/2218/1581 416/4185/416 1763/3572/1764
f 1586/2331/1586 1585/2242/1585 1597/2241/1597
f 2059/3653/2064 1843/4186/1845 1842/3174/1844
f 1362/1859/1360 1752/4184/1753 96/4187/96
f 2025/3478/2029 1021/1379/1017 1020/1378/1016
f 818/1097/817 898/3430/896 819/1098/818
f 1362/1859/1360 1140/1533/1134 1139/1532/1133
f 499/709/500 489/698/490 497/707/498
f 1422/1942/1420 1564/2180/1565 1423/1943/1421
f 605/839/606 149/326/149 148/325/148
f 1569/2189/1570 2069/3747/2074 1570/2190/1571
f 1187/2606/1181 1446/4188/1444 951/2984/947
f 1918/4189/1921 2070/3784/2075 721/972/720
f 1709/2494/1710 1526/2115/1525 1461/1989/1459
f 497/707/498 726/977/725 498/708/499
f 454/662/455 456/664/457 443/651/444
f 1121/2933/1115 771/1033/770 139/316/139
f 2004/3395/2008 1845/2836/1847 1844/2835/1846
f 390/4017/2078 2013/4019/2017 2041/4190/2045
f 1830/2805/1832 815/1094/814 374/1093/374
f 1077/1451/1071 959/1303/955 958/1302/954
f 322/509/322 320/506/320 368/558/368
f 717/968/716 527/3961/528 680/924/680
f 2041/4190/2045 2013/4019/2017 2007/4191/2011
f 1195/1597/1189 831/3869/830 1459/4192/1457
f 912/1240/910 913/1241/911 920/4193/918
f 1114/3977/1108 2083/3979/2089 2026/4194/2030
f 1514/2082/1513 309/493/309 847/1141/845
f 1716/2507/1717 1739/2560/1740 1715/2506/1716
f 560/4011/561 2071/3754/2076 2061/3662/2066
f 1498/2053/1497 1500/2055/1499 1748/4195/1749
f 2033/3529/2037 2035/3531/2039 2043/3555/2047
f 778/1040/777 586/3431/587 818/1097/817
f 850/1145/848 423/629/423 1515/2956/1514
f 1591/4196/1591 1614/2995/1614 927/2994/925
f 2087/4038/2093 1555/2168/1555 1176/1574/1170
f 2087/4038/2093 684/2169/684 1555/2168/1555
f 1105/1486/1099 1025/2151/1542 718/2150/717
f 319/595/319 649/949/650 396/596/396
f 2037/3539/2041 2036/3757/2040 2004/3395/2008
f 880/1194/878 689/933/689 686/3377/686
f 1047/3629/1042 921/1250/919 1517/2092/1516
f 454/662/455 141/318/141 570/1364/571
f 630/2883/631 1963/4197/1966 1959/3710/1962
f 1346/3907/1343 710/4198/709 1455/1980/1453
f 841/1135/839 109/1826/109 432/639/432
f 1694/2448/1695 1663/2384/1663 1668/2397/1668
f 2021/3439/2025 281/463/281 280/462/280
f 581/804/582 580/803/581 2006/3401/2010
f 500/1786/501 1784/4199/1785 1323/1787/1319
f 2066/3715/2071 1737/2557/1738 2052/3624/2056
f 502/713/503 504/715/505 878/1191/876
f 430/1759/430 1993/3349/1996 1012/1368/1008
f 771/1033/770 140/317/140 139/316/139
f 1649/2347/1649 645/886/646 993/1781/989
f 860/1788/858 1309/1761/1305 1805/2724/1806
f 1619/2285/1619 1618/2284/1618 1794/2690/1795
f 1150/1547/1144 1584/2221/1584 1759/2611/1760
f 1311/2691/1307 1794/2690/1795 1620/2286/1620
f 1081/1456/1075 1118/1503/1112 1400/1911/1398
f 1579/3885/1579 501/3884/502 2082/3976/2088
f 1103/1483/1097 1853/2868/1855 1101/1481/1095
f 1476/3024/1475 1538/2139/1537 851/2914/849
f 959/1303/955 1074/1447/1068 1103/4200/1097
f 1105/1486/1099 718/2150/717 948/1484/945
f 364/1769/364 222/400/221 224/402/223
f 1214/1621/1208 915/1243/913 1599/2246/1599
f 1103/4200/1097 1102/3882/1096 960/1304/956
f 1271/1708/1266 1273/1710/1268 1675/2411/1675
f 2022/4062/2026 947/1289/944 946/1288/943
f 1272/4201/1267 2029/4202/2033 1808/4203/1809
f 2095/1614/437 2056/3644/2060 1936/3156/1939
f 267/448/267 266/447/266 1612/2273/1612
f 1117/1502/1111 1119/1504/1113 1296/1744/1292
f 1659/2368/1659 1309/1761/1305 860/1788/858
f 689/933/689 900/1225/898 2078/3904/2084
f 1103/4204/1097 1074/4205/1068 1307/1757/1303
f 2094/4206/2100 1310/1762/1306 1426/1946/1424
f 959/1303/955 1079/1927/1073 1074/1447/1068
f 1311/1763/1307 1310/1762/1306 1795/2692/1796
f 1795/3460/1796 1310/4207/1306 1333/2913/1330
f 1307/1757/1303 1074/4205/1068 1073/4098/1067
f 1674/4208/1674 1367/4209/1365 1315/1767/1311
f 1328/2389/1324 209/4210/208 1657/2390/1657
f 443/651/444 44/116/44 1064/1437/1058
f 2095/1274/437 855/1157/853 792/1058/791
f 549/770/550 1324/1789/1320 1280/1724/1276
f 1664/4211/1664 1285/2121/1281 1882/2960/1885
f 1279/2911/1275 1333/2913/1330 1310/4207/1306
f 1786/4212/1787 1661/2381/1661 1682/2457/1682
f 15/236/15 16/1999/16 1669/2399/1669
f 1280/1724/1276 1324/1789/1320 1278/1722/1274
f 1892/3945/1895 1725/2651/1726 1608/2653/1608
f 1409/1926/1407 547/1974/548 549/2736/550
f 1670/2403/1670 1789/2678/1790 1681/2425/1681
f 1333/1806/1330 1304/1754/1300 639/2684/640
f 1315/1767/1311 1659/2368/1659 1571/2369/1572
f 130/307/130 1071/1444/1065 1070/1443/1064
f 163/2007/163 113/4213/113 563/2008/564
f 1366/1866/1364 1292/1740/1288 1294/1742/1290
f 1292/1740/1288 1367/1868/1365 1415/1934/1413
f 1287/1968/1283 1367/1868/1365 1091/2407/1085
f 1255/2749/1248 1269/1706/1264 1542/3588/1541
f 1665/3803/1665 1256/1685/1249 2030/3494/2034
f 1681/2425/1681 1184/1586/1178 1673/2406/1673
f 1303/1751/1299 1400/4214/1398 1117/1752/1111
f 211/1771/210 441/2723/442 1647/2344/1647
f 1449/4215/1447 1269/4216/1264 1255/2136/1248
f 355/543/355 124/301/124 123/300/123
f 1681/4217/1681 1673/4218/1673 1670/4219/1670
f 1793/2686/1794 1798/2703/1799 1287/2687/1283
f 1092/1468/1086 1306/1756/1302 1305/1755/1301
f 1782/4220/1783 1098/4221/1092 1788/3051/1789
f 1473/2420/1472 1791/4222/1792 1403/2421/1401
f 476/685/477 557/778/558 1751/2899/1752
f 506/717/507 1530/3997/1529 1107/2108/1101
f 1098/4223/1092 1100/1644/1094 1788/2676/1789
f 1286/4224/1282 2084/4225/2090 1798/4226/1799
f 1261/1692/1253 1260/1691/1252 1268/1705/1263
f 1263/4099/1255 1503/2059/1502 1502/2058/1501
f 1221/1633/1215 811/1085/810 1161/1558/1155
f 1439/1961/1437 1438/1960/1436 1447/3191/1445
f 349/3260/349 866/1170/864 867/1172/865
f 762/1021/761 951/1292/947 2072/3762/2077
f 2084/3998/2090 506/717/507 1798/3996/1799
f 1431/1951/1429 1274/1711/1269 2025/3478/2029
f 1107/2108/1101 1530/3997/1529 1108/2256/1102
f 1191/1593/1185 1943/3171/1946 203/381/202
f 31/2137/31 1234/2862/1228 1099/4227/1093
f 396/596/396 690/934/690 304/488/304
f 2085/4228/2091 1403/2421/1401 1402/1915/1400
f 1085/1461/1079 1090/1466/1084 1086/1462/1080
f 1510/2070/1509 1687/2433/1687 1686/2432/1686
f 800/3587/799 781/1043/780 783/1045/782
f 1883/3175/1886 1842/3174/1844 1764/4229/1765
f 1213/1620/1207 1212/1619/1206 1698/2468/1699
f 387/585/387 155/332/155 1941/3169/1944
f 1495/4121/1494 1492/2045/1491 1006/4145/1002
f 1807/3254/1808 1513/3370/1512 440/648/441
f 326/513/326 325/512/325 957/3253/953
f 1498/2053/1497 1747/2776/1748 682/926/682
f 1232/1646/1226 1501/2057/1500 1493/2495/1492
f 799/1610/798 1206/1612/1200 797/1579/796
f 1136/2461/1130 1312/1764/1308 1336/1810/1333
f 1403/1916/1401 1239/1657/1232 1238/1656/1231
f 1788/3051/1789 1234/4230/1228 1466/1997/1465
f 759/1017/758 1555/2168/1555 757/1015/756
f 1987/3329/1990 1515/2956/1514 425/631/425
f 637/878/638 636/877/637 1921/4159/1924
f 341/871/341 1960/3220/1963 630/869/631
f 1411/1929/1409 1234/2862/1228 31/2137/31
f 2035/3531/2039 1902/3034/1905 2043/3555/2047
f 1613/4231/1613 1237/4232/1230 6/4233/6
f 1411/4234/1409 31/4235/31 33/4236/33
f 1170/1567/1164 1380/1883/1378 1379/1882/1377
f 1497/4237/1496 1688/2434/1688 1495/2049/1494
f 1237/1655/1230 7/2689/7 6/3151/6
f 454/662/455 2089/4128/2095 455/663/456
f 1889/3561/1892 887/1205/885 1110/2119/1104
f 1799/2710/1800 1051/2709/1046 590/4117/591
f 1590/2863/1590 1276/2755/1272 1725/2529/1726
f 301/485/301 300/484/300 690/934/690
f 1727/4013/1728 2077/3862/2083 1698/2468/1699
f 2093/4154/2099 1730/2536/1731 2026/3479/2030
f 1477/2021/1476 1098/4221/1092 1782/4220/1783
f 1111/1493/1105 265/480/265 1717/2510/1718
f 1553/2166/1553 1246/2754/1239 707/954/706
f 2029/4202/2033 511/4238/512 1808/4203/1809
f 1676/2436/1676 966/2435/962 1271/4239/1266
f 1099/2020/1093 1236/2019/1229 24/4240/24
f 1804/3129/1805 1634/4241/1634 1277/4242/1273
f 1246/1672/1239 815/1094/814 2081/3970/2087
f 2055/3638/2059 330/517/330 648/1363/649
f 1468/2464/1467 378/2463/378 1727/2532/1728
f 659/1284/660 1509/4243/1508 942/1285/940
f 1525/4244/1524 834/2223/832 1022/2222/1018
f 809/1083/808 1231/1645/1225 810/1084/809
f 448/2178/449 1199/4151/1193 1490/2043/1489
f 1543/2152/1543 1443/1966/1441 2092/4150/2098
f 1384/1888/1382 1416/1935/1414 924/1254/922
f 1041/1408/1036 1537/2135/1536 1491/2044/1490
f 1421/1941/1419 1420/1940/1418 1443/1966/1441
f 2090/4140/2096 708/955/707 2095/1426/437
f 1877/2935/1880 1872/2924/1875 2095/4245/437
f 2034/4246/2038 2033/4247/2037 146/4248/146
f 1114/3977/1108 2026/4194/2030 1020/4249/1016
f 141/318/141 454/662/455 1013/1369/1009
f 223/2361/222 222/2732/221 1617/2281/1617
f 232/410/231 1227/1639/1221 1460/2365/1458
f 2026/3479/2030 1431/1951/1429 2025/3478/2029
f 449/2042/450 1758/2605/1759 1754/3919/1755
f 1754/3919/1755 1758/2605/1759 1563/2604/1564
f 1443/1966/1441 658/899/659 2092/4150/2098
f 1672/2405/1672 1543/2152/1543 2092/4150/2098
f 465/4056/466 1946/4058/1949 2074/4250/2080
f 1655/2358/1655 1654/2357/1654 1543/2152/1543
f 86/229/86 49/4251/49 48/211/48
f 215/393/214 1678/2415/1678 1241/1661/1234
f 1421/1941/1419 1443/1966/1441 1543/2152/1543
f 244/3224/243 1947/3223/1950 243/4252/242
f 1423/1943/1421 1564/2180/1565 2091/4144/2097
f 1532/4253/1531 1534/3939/1533 2079/3941/2085
f 159/337/159 144/336/144 2033/3658/2037
f 1167/1564/1161 1166/1563/1160 1373/1874/1371
f 12/4254/12 70/1073/70 1129/2998/1123
f 1424/1944/1422 1423/1943/1421 2091/4144/2097
f 584/2566/585 1201/1605/1195 1395/2549/1393
f 531/749/532 225/403/224 227/405/226
f 1738/3549/1739 1548/2159/1548 1739/4069/1740
f 783/4255/782 772/3943/771 670/3836/670
f 1201/1605/1195 1386/1891/1384 1164/1561/1158
f 1544/2153/1544 1543/2152/1543 1652/2354/1652
f 1099/4227/1093 1098/4221/1092 1477/2021/1476
f 1701/4256/1702 1438/4257/1436 1440/2569/1438
f 1774/3799/1775 1773/4258/1774 1927/3800/1930
f 962/1306/958 1623/2292/1623 578/801/579
f 464/4259/465 530/4260/531 749/4261/748
f 1171/1568/1165 1170/1567/1164 1379/1882/1377
f 1084/1460/1078 1305/1755/1301 1307/1757/1303
f 1882/2960/1885 1286/1732/1282 1085/1461/1079
f 1298/1746/1294 1382/2283/1380 1300/1861/1296
f 656/897/657 655/896/656 546/767/547
f 1655/4015/1655 1252/1678/1245 2088/4045/2094
f 1297/1745/1293 1141/4176/1135 1372/1873/1370
f 1066/1439/1060 1068/1441/1062 302/486/302
f 1733/3758/1734 1732/4148/1733 1728/3759/1729
f 865/4262/863 1621/4263/1621 864/4264/862
f 775/3942/774 848/1142/846 119/1177/119
f 2086/4026/2092 1371/4174/1369 1372/4178/1370
f 1220/1629/1214 121/298/121 120/297/120
f 783/4255/782 670/4265/670 800/4266/799
f 2059/3653/2064 2058/3652/2063 1843/2894/1845
f 467/675/468 490/699/491 468/676/469
f 1605/2259/1605 1632/2893/1632 2058/3652/2063
f 1439/2594/1437 1446/4188/1444 1187/2606/1181
f 784/3166/783 874/3165/872 1994/3767/1998
f 1842/3174/1844 902/1228/900 2059/3653/2064
f 1597/2241/1597 1596/2240/1596 1372/1873/1370
f 471/679/472 335/522/335 410/613/410
f 1715/3261/1716 1876/2934/1879 1137/1530/1131
f 1362/1859/1360 96/4187/96 1363/1860/1361
f 1630/4181/1630 1645/2337/1645 1140/2339/1134
f 1837/3903/1839 625/863/626 627/4267/628
f 1993/3349/1996 409/612/409 1012/1368/1008
f 625/863/626 1837/3903/1839 1977/3292/1980
f 1605/3654/1605 2059/3653/2064 902/1228/900
f 904/1230/902 903/1229/901 1796/2693/1797
f 1507/2065/1506 133/310/133 257/436/256
f 910/1237/908 1848/3974/1850 539/4268/540
f 1012/1368/1008 409/612/409 142/319/142
f 634/4269/635 1624/2295/1624 635/2294/636
f 1219/3995/1213 442/650/443 456/664/457
f 1442/1964/1440 2093/4152/2099 1177/1575/1171
f 1671/3080/1671 1917/3079/1920 1655/4015/1655
f 1389/1898/1387 1391/1900/1389 2095/2200/437
f 721/972/720 1046/1413/1041 1918/4189/1921
f 1601/3458/1601 58/4270/58 805/4271/804
f 537/756/538 539/758/540 1601/2249/1601
f 1442/1964/1440 759/1017/758 1553/2166/1553
f 1864/4052/1867 1126/2350/1120 1125/4272/1119
f 1849/2854/1851 1848/2853/1850 899/1224/897
f 335/522/335 471/679/472 336/523/336
f 876/4273/874 1901/3032/1904 464/672/465
f 493/3785/494 492/1227/493 722/973/721
f 142/319/142 409/612/409 1275/1714/1271
f 986/1337/982 929/1268/927 607/841/608
f 716/967/715 1314/4274/1310 604/3804/605
f 512/3821/513 1886/3148/1889 1931/3147/1934
f 268/449/268 267/448/267 150/2657/150
f 2083/4153/2089 2093/4152/2099 2026/3479/2030
f 537/756/538 1601/2249/1601 538/757/539
f 534/1052/535 533/4275/534 1852/3850/1854
f 103/261/103 11/275/11 1458/1984/1456
f 14/238/14 1173/3786/1167 108/270/108
f 1325/4078/1321 1579/3885/1579 2082/3976/2088
f 400/603/400 402/605/402 1127/1515/1121
f 433/640/433 111/279/111 873/1184/871
f 153/330/153 388/4276/388 1871/2919/1874
f 1781/2674/1782 1184/1586/1178 1295/1743/1291
f 646/1908/647 8/265/8 101/259/101
f 434/3364/434 233/411/232 1349/1827/1346
f 1295/1743/1291 1119/1504/1113 1781/2674/1782
f 1812/2771/1813 1814/2773/1815 2046/3582/2050
f 1909/3334/1912 1521/2107/1520 1801/2707/1802
f 2077/3862/2083 1487/2038/1486 2085/4005/2091
f 917/1245/915 928/1267/926 911/1238/909
f 960/1304/956 959/1303/955 1103/4200/1097
f 1069/1442/1063 1071/1444/1065 129/1476/129
f 1136/2461/1130 1336/1810/1333 1137/2970/1131
f 1790/2679/1791 1782/2677/1783 1791/2680/1792
f 1323/1787/1319 1784/4199/1785 1783/4277/1784
f 60/4278/60 1976/3457/1979 1849/3118/1851
f 1814/2773/1815 1813/2772/1814 1943/3171/1946
f 156/333/156 1527/2132/1526 157/334/157
f 1321/1783/1317 638/879/639 1991/3340/1994
f 1843/4279/1845 696/2888/695 1767/2622/1768
f 1357/2531/1355 1321/1783/1317 1713/3816/1714
f 1711/3891/1712 712/3890/711 1604/4280/1604
f 1101/1481/1095 1853/2868/1855 1783/2665/1784
f 1794/4281/1795 851/4282/849 1619/4283/1619
f 1681/2425/1681 1789/2678/1790 1473/2668/1472
f 1682/2426/1682 1681/2425/1681 1786/2669/1787
f 1926/3692/1929 1989/3332/1992 2095/3691/437
f 1794/4284/1795 1476/2018/1475 851/4285/849
f 1413/1931/1411 1311/2691/1307 1620/2286/1620
f 1653/2355/1653 1419/2356/1417 363/2248/363
f 2093/4152/2099 1442/1964/1440 1553/2166/1553
f 259/2099/258 864/3327/862 247/2097/246
f 1143/1538/1137 1475/2014/1474 1144/1539/1138
f 1277/4242/1273 1264/2216/1256 1804/3129/1805
f 1145/1540/1139 1485/2034/1484 129/306/129
f 954/1298/950 356/544/356 355/543/355
f 1315/1767/1311 1367/4209/1365 1426/1946/1424
f 912/4286/910 920/1248/918 919/1247/917
f 2039/3623/2043 2061/3662/2066 2052/3624/2056
f 1497/4237/1496 1496/2840/1495 1688/2434/1688
f 1309/1761/1305 1311/1763/1307 1805/2724/1806
f 1857/2886/1860 1966/3248/1969 392/591/392
f 819/1098/818 909/3973/907 817/1096/816
f 539/4287/540 538/4288/539 910/4289/908
f 1571/2193/1572 1306/2192/1302 1674/3131/1674
f 1619/4290/1619 504/4291/505 1620/4292/1620
f 1310/1762/1306 2094/4206/2100 1279/1723/1275
f 1307/2191/1303 1853/2868/1855 1103/1483/1097
f 1510/2070/1509 1686/2432/1686 1484/2032/1483
f 1463/3701/1461 273/3198/273 1464/3200/1462
f 554/775/555 556/777/557 558/3592/559
f 205/383/204 1190/1592/1184 203/381/202
f 1333/3461/1330 1476/4293/1475 1794/3459/1795
f 1176/1574/1170 1175/1573/1169 1290/1738/1286
f 1664/4211/1664 1882/2960/1885 1085/1461/1079
f 1315/1767/1311 1571/2369/1572 1674/4208/1674
f 504/4291/505 1135/2661/1129 1620/4292/1620
f 1084/1460/1078 1664/4211/1664 1085/1461/1079
f 141/318/141 143/320/143 1008/1362/1004
f 1305/1755/1301 1090/1466/1084 1092/1468/1086
f 1473/4294/1472 1679/4295/1679 1474/4296/1473
f 1825/2808/1826 626/864/627 1602/2253/1602
f 1367/4209/1365 1280/1724/1276 1426/1946/1424
f 1261/1692/1253 1268/1705/1263 1293/1741/1289
f 1286/4224/1282 1530/4297/1529 2084/4225/2090
f 1687/4298/1687 1510/2070/1509 1475/2014/1474
f 1474/2013/1473 1687/4298/1687 1475/2014/1474
f 679/4299/679 487/4167/488 527/3693/528
f 1489/2041/1488 1001/1353/997 1037/3015/1032
f 1632/2893/1632 1843/2894/1845 2058/3652/2063
f 1804/3129/1805 1264/2216/1256 1216/3128/1210
f 1485/2034/1484 1510/2070/1509 1484/2032/1483
f 34/2245/34 1277/1717/1273 1634/4157/1634
f 1265/1702/1260 1015/1371/1011 1266/1703/1261
f 1798/2703/1799 1793/2686/1794 1286/1732/1282
f 1474/4296/1473 1679/4295/1679 2085/4300/2091
f 2094/4206/2100 1426/1946/1424 1279/1723/1275
f 2095/2164/437 1955/3197/1958 1552/2165/1552
f 671/3308/671 1155/3820/1149 1931/3147/1934
f 975/1323/971 412/615/412 411/614/411
f 507/718/508 1107/2108/1101 589/4110/590
f 1567/2185/1568 1253/1681/1246 1229/1680/1223
f 1324/1789/1320 1328/1794/1324 1278/1722/1274
f 378/573/378 380/575/380 2077/3862/2083
f 856/1158/854 857/1160/855 1697/4119/1698
f 1638/2324/1638 1562/2177/1563 1561/2176/1562
f 1106/4118/1100 1799/2704/1800 590/4301/591
f 657/2105/658 943/4302/941 1468/2464/1467
f 528/3139/529 2064/3688/2069 952/1295/948
f 2068/3718/2073 603/836/604 917/1245/915
f 1892/3000/1895 1608/2263/1608 1380/1883/1378
f 604/838/605 660/901/661 603/836/604
f 1021/1379/1017 2025/3478/2029 1274/1711/1269
f 51/2722/51 52/4116/52 1429/2652/1427
f 219/397/218 559/3285/560 1364/2920/1362
f 1996/3920/2000 1954/3196/1957 893/3470/891
f 1154/1551/1148 798/1421/797 1061/1433/1055
f 1263/4099/1255 785/1048/784 1503/2059/1502
f 1249/1675/1242 1502/2058/1501 1501/2057/1500
f 786/1049/785 797/1579/796 1206/1612/1200
f 1501/2057/1500 1232/1646/1226 1249/1675/1242
f 1652/2354/1652 1543/2152/1543 1654/2357/1654
f 1029/4303/1024 228/3655/227 340/3657/340
f 1500/2055/1499 139/1507/139 138/2597/138
f 122/299/122 1428/1948/1426 54/2573/54
f 1427/1947/1425 1420/1940/1418 1424/1944/1422
f 1991/3340/1994 684/2169/684 2087/4038/2093
f 1041/1408/1036 1491/2044/1490 1042/1409/1037
f 1043/1410/1038 1042/1409/1037 1205/1611/1199
f 446/4134/447 1491/2044/1490 1210/4147/1204
f 1695/2451/1696 1043/1410/1038 799/1610/798
f 1373/1874/1371 1375/1876/1373 1167/1564/1161
f 1167/4175/1161 1375/1876/1373 1651/2353/1651
f 883/1198/881 1810/3849/1811 282/958/282
f 511/724/512 2029/3493/2033 883/1198/881
f 439/760/440 510/759/511 440/4304/441
f 1496/2840/1495 1705/2481/1706 967/2482/963
f 1430/4115/1428 1429/2652/1427 52/4116/52
f 1542/3588/1541 1550/2162/1550 1689/3496/1689
f 1129/1517/1123 1459/1986/1457 831/3869/830
f 1141/4176/1135 1140/2794/1134 1372/1873/1370
f 1009/1694/1005 1232/1646/1226 1010/1648/1006
f 1496/2051/1495 1006/2050/1002 571/2608/572
f 709/956/708 2093/4152/2099 1553/2166/1553
f 1271/3604/1266 966/1312/962 883/1198/881
f 1206/1612/1200 1205/1611/1199 1038/1404/1033
f 1374/1875/1372 2086/4026/2092 1372/4178/1370
f 1719/3684/1720 2021/3439/2025 1718/3440/1719
f 1154/3109/1148 1696/4305/1697 1695/4137/1696
f 1424/1944/1422 2091/4144/2097 1537/2603/1536
f 828/1113/827 1891/2990/1894 149/326/149
f 1934/3153/1937 495/705/496 1040/1406/1035
f 147/324/147 1891/2990/1894 997/1349/993
f 220/398/219 219/2037/218 632/873/633
f 1537/2135/1536 1758/2605/1759 449/2042/450
f 1210/1617/1204 1209/1616/1203 446/654/447
f 1114/4306/1108 1020/1449/1016 1075/1448/1069
f 168/2343/168 167/1772/167 1647/2344/1647
f 740/3336/739 739/3339/738 727/978/726
f 444/652/445 1038/1654/1033 445/653/446
f 1231/1645/1225 1034/1397/1029 955/1299/951
f 770/2599/769 769/3086/768 925/1258/923
f 448/656/449 1223/1635/1217 1198/1602/1192
f 2068/3718/2073 879/1193/877 1488/2039/1487
f 583/2208/584 1740/2565/1741 584/2566/585
f 1220/2770/1214 55/2299/55 57/2301/57
f 1565/4307/1566 1732/2539/1733 1588/2541/1588
f 924/1254/922 1152/1549/1146 1384/1888/1382
f 2068/3718/2073 917/1245/915 879/1193/877
f 1677/2414/1677 1178/4308/1172 1347/2024/1344
f 1241/1661/1234 1678/2415/1678 1347/2024/1344
f 2073/3971/2079 947/3841/944 2022/3449/2026
f 96/254/96 61/214/61 1826/2870/1827
f 1027/1384/1022 1125/1514/1119 1837/4309/1839
f 1625/2296/1625 1992/3343/1995 1832/2809/1834
f 1028/1385/1023 627/2761/628 635/876/636
f 1943/3171/1946 1942/3170/1945 1844/2835/1846
f 1447/3191/1445 1446/4310/1444 1439/1961/1437
f 1446/4311/1444 1121/1506/1115 951/4071/947
f 945/1287/942 1471/2010/1470 946/1288/943
f 2095/2730/437 190/369/190 1975/3288/1978
f 1899/3030/1902 1607/2261/1607 2019/3865/2023
f 627/2761/628 1028/1385/1023 1837/4309/1839
f 2026/3479/2030 1730/2536/1731 1431/1951/1429
f 826/1111/825 825/1110/824 1987/3329/1990
f 1469/4312/1468 1240/4313/1233 1319/2480/1315
f 1040/1406/1035 494/704/495 274/456/274
f 1515/2090/1514 1516/2091/1515 850/1145/848
f 1561/2176/1562 186/364/186 185/363/185
f 1603/2254/1603 1602/2253/1602 1834/2813/1836
f 1084/1460/1078 1086/1462/1080 1305/1755/1301
f 1748/4195/1749 1500/2055/1499 138/2597/138
f 188/3594/188 187/4314/187 1837/4031/1839
f 599/1201/600 611/3575/612 610/1808/611
f 778/1040/777 777/1039/776 1915/3274/1918
f 1084/4315/1078 1073/2143/1067 1094/2142/1088
f 992/2940/988 1878/2939/1881 1890/3268/1893
f 778/4316/777 587/810/588 586/809/587
f 249/439/248 2095/4317/437 196/440/259
f 1761/2614/1762 152/2613/152 1017/3126/1013
f 1345/2293/1342 1629/2309/1629 1864/3091/1867
f 2000/3886/2004 1259/2035/1251 1486/2036/1485
f 1114/4318/1108 1113/2493/1107 1175/4319/1169
f 1020/4320/1016 1022/4321/1018 1076/4322/1070
f 88/248/88 991/1343/987 94/249/94
f 533/751/534 524/737/525 971/1317/967
f 819/3708/818 898/4323/896 897/3581/895
f 1906/3045/1909 1904/3040/1907 2019/3432/2023
f 1059/1712/1270 708/955/707 2090/4140/2096
f 805/4271/804 1616/4324/1616 882/4325/880
f 1994/3356/1998 874/1187/872 225/3948/224
f 49/3325/49 1865/3324/1868 50/4326/50
f 1670/2403/1670 1666/2395/1666 1790/2679/1791
f 1234/4327/1228 1788/2676/1789 1100/1644/1094
f 1881/2953/1884 1283/1727/1279 1282/1726/1278
f 1393/2743/1391 1728/4158/1729 1421/2741/1419
f 1400/1911/1398 1118/1503/1112 1117/1502/1111
f 5/7/5 7/9/7 1466/1997/1465
f 1411/1929/1409 1410/1928/1408 1234/2862/1228
f 1696/2452/1697 1509/4142/1508 1427/1947/1425
f 1119/1504/1113 1295/1743/1291 1296/1744/1292
f 6/8/6 5/7/5 1933/4028/1936
f 1894/3005/1897 1739/2560/1740 2072/3762/2077
f 1400/4214/1398 1303/1751/1299 1401/2382/1399
f 1680/2423/1680 1475/2014/1474 1143/1538/1137
f 1144/1539/1138 1510/2070/1509 1485/2034/1484
f 1322/1784/1318 1222/1634/1216 1002/1354/998
f 1262/2702/1254 1261/4328/1253 1444/4329/1442
f 1262/1693/1254 1798/3996/1799 1260/1691/1252
f 1734/2548/1735 2088/4045/2094 1229/1680/1223
f 1444/4329/1442 1287/2687/1283 1262/2702/1254
f 1213/1620/1207 2085/4146/2091 1402/2199/1400
f 1749/4042/1750 972/4330/968 218/4024/217
f 675/919/675 2095/4331/437 673/917/673
f 1661/3685/1661 130/1985/130 1401/1912/1399
f 1217/1682/1211 1253/1681/1246 1215/2184/1209
f 469/677/470 436/643/436 1259/2035/1251
f 1402/2199/1400 1613/2275/1613 1211/1618/1205
f 1229/1680/1223 2088/4045/2094 1252/1678/1245
f 1856/2885/1859 975/1323/971 974/4332/970
f 1679/2422/1679 1403/2421/1401 2085/4228/2091
f 856/2454/854 1487/2038/1486 379/574/379
f 1727/4013/1728 378/573/378 2077/3862/2083
f 759/1017/758 758/1016/757 1553/2166/1553
f 1228/1640/1222 1520/4138/1519 1699/2469/1700
f 378/2463/378 1450/1975/1448 379/1159/379
f 1991/3340/1994 2087/4038/2093 1321/1783/1317
f 1323/1787/1319 1659/2368/1659 860/1788/858
f 1543/2152/1543 1671/2404/1671 1655/2358/1655
f 1486/2036/1485 436/643/436 435/642/435
f 1783/4277/1784 1571/2369/1572 1323/1787/1319
f 1509/4142/1508 658/899/659 1427/1947/1425
f 1697/2453/1698 1530/2122/1529 1484/2735/1483
f 1696/4333/1697 1154/2088/1148 1509/2087/1508
f 1373/1874/1371 1166/1563/1160 1381/1884/1379
f 1287/1733/1283 1091/1467/1085 1090/1466/1084
f 658/899/659 657/898/658 1672/2405/1672
f 1656/2359/1656 1651/2353/1651 1654/2357/1654
f 63/1132/63 840/1134/838 80/2694/80
f 445/4112/446 1042/1409/1037 446/4134/447
f 2095/4334/437 949/3353/1997 1235/2174/1560
