# Blender 4.1.1
# www.blender.org
o 28.5
v 0.166431 0.000000 0.150266
v 0.178076 0.000000 0.171584
v 0.190821 0.000000 0.192164
v 0.196778 0.000000 0.214091
v 0.200638 0.000000 0.236474
v 0.203598 0.000000 0.258112
v 0.139050 0.000000 0.144883
v 0.165221 0.036854 0.156813
v 0.177875 0.041742 0.176817
v 0.191435 0.038591 0.213442
v 0.191774 0.029872 0.234100
v 0.193865 0.022651 0.254874
v 0.200278 0.016121 0.275645
v 0.208620 0.000000 0.295946
v 0.147376 0.025456 0.154074
v 0.185251 0.050138 0.195158
v 0.125126 0.033215 0.154053
v 0.145809 0.047578 0.152550
v 0.164579 0.058199 0.160860
v 0.174780 0.064335 0.179960
v 0.192647 0.060746 0.214797
v 0.195869 0.048048 0.234774
v 0.188550 0.051736 0.253447
v 0.189485 0.039415 0.272985
v 0.194340 0.031287 0.293155
v 0.200372 0.023794 0.313720
v 0.185036 0.073823 0.197026
v 0.209543 0.000000 0.333990
v 0.125200 0.056730 0.160535
v 0.103354 0.000000 0.152163
v 0.144342 0.069843 0.161113
v 0.162138 0.078691 0.166762
v 0.176021 0.087646 0.180054
v 0.187718 0.081575 0.216786
v 0.194422 0.069143 0.235943
v 0.175766 0.063544 0.271170
v 0.177963 0.050747 0.290893
v 0.180762 0.039230 0.311311
v 0.186070 0.028429 0.331989
v -0.067003 0.000000 -0.298874
v -0.079026 0.000000 -0.276470
v -0.101392 0.000000 -0.260811
v 0.108062 0.042125 0.165568
v 0.177079 0.094729 0.200064
v 0.181265 0.077810 0.255641
v 0.212513 0.000000 0.354268
v 0.193044 0.020950 0.352750
v 0.107344 0.064721 0.173202
v 0.124011 0.080236 0.165318
v 0.095041 0.000000 0.174988
v 0.143991 0.097115 0.155798
v 0.161794 0.099447 0.166874
v 0.169848 0.108075 0.183791
v 0.174848 0.101591 0.220033
v 0.182193 0.086937 0.236822
v 0.160161 0.069528 0.286902
v 0.165384 0.090681 0.274639
v 0.161722 0.053034 0.307390
v 0.167728 0.046476 0.329942
v 0.172855 0.036266 0.351706
v -0.046074 0.000000 -0.358310
v -0.060643 0.013438 -0.322042
v -0.080662 0.019783 -0.290220
v -0.092721 0.014349 -0.273179
v -0.109614 0.011123 -0.256842
v 0.095594 0.048187 0.185548
v 0.175834 0.115416 0.203006
v 0.173323 0.088919 0.255892
v 0.200366 0.012715 0.374070
v 0.177814 0.022739 0.371976
v -0.052433 0.018963 -0.343637
v -0.066908 0.029814 -0.307982
v 0.088119 0.071978 0.186405
v 0.102564 0.087670 0.172566
v 0.119946 0.102789 0.164947
v 0.082129 0.000000 0.195754
v 0.165580 0.106531 0.146982
v 0.180050 0.114598 0.166800
v 0.178979 0.127454 0.183965
v 0.181400 0.123440 0.226495
v 0.169117 0.104981 0.237873
v 0.144475 0.070437 0.302252
v 0.146948 0.093288 0.289225
v 0.158508 0.106093 0.254037
v 0.148093 0.058711 0.324805
v 0.150059 0.045378 0.345033
v 0.155328 0.032146 0.369736
v -0.053507 0.000000 -0.378994
v -0.063114 0.020540 -0.364786
v -0.057090 0.035100 -0.328505
v -0.082816 0.043327 -0.300682
v -0.095533 0.034349 -0.284178
v -0.106092 0.023251 -0.268919
v 0.081343 0.053945 0.205747
v 0.151471 0.108256 0.139423
v 0.188737 0.135131 0.201930
v 0.142580 0.105143 0.268656
v 0.202680 0.000000 0.393012
v 0.183011 0.010914 0.391666
v 0.165114 0.027061 0.393323
v -0.055794 0.041191 -0.354693
v -0.072329 0.049205 -0.319342
v 0.082137 0.080057 0.207611
v 0.086249 0.097262 0.191191
v 0.101948 0.111325 0.181189
v 0.138813 0.116034 0.164777
v 0.166655 0.111205 0.123458
v 0.185087 0.131169 0.146514
v 0.175362 0.139733 0.165107
v 0.175654 0.149522 0.183994
v 0.166076 0.140142 0.221633
v 0.162280 0.124839 0.238926
v 0.128354 0.084278 0.296231
v 0.128856 0.071115 0.317345
v 0.124626 0.103199 0.283899
v 0.144045 0.124064 0.253614
v 0.129460 0.058173 0.337687
v 0.130507 0.042720 0.357708
v 0.140163 0.028411 0.391705
v -0.067333 0.000000 -0.392979
v -0.067676 0.021088 -0.386864
v -0.074552 0.041710 -0.375064
v -0.063952 0.052179 -0.338870
v -0.083781 0.065553 -0.309124
v -0.097705 0.061215 -0.293277
v -0.113263 0.044050 -0.278870
v -0.124813 0.023676 -0.256901
v 0.089126 0.064568 0.223292
v 0.116473 0.125126 0.172258
v 0.150889 0.123896 0.131651
v 0.181953 0.112177 0.145949
v 0.164861 0.154684 0.203940
v 0.125103 0.119639 0.267002
v 0.130762 0.032486 0.369087
v 0.188490 0.000000 0.410797
v 0.169659 0.010869 0.410745
v 0.150689 0.026392 0.414202
v -0.065028 0.050286 -0.359393
v -0.064121 0.068587 -0.323782
v -0.077460 0.000000 -0.414186
v 0.086745 0.088845 0.228516
v 0.080162 0.104343 0.213328
v 0.090750 0.119280 0.200361
v 0.099867 0.134213 0.186796
v 0.127895 0.139231 0.161073
v 0.141991 0.131417 0.146035
v 0.096130 0.051766 0.238838
v 0.165609 0.132891 0.123166
v 0.187647 0.120477 0.126955
v 0.170450 0.153932 0.146692
v 0.167692 0.162636 0.166663
v 0.164633 0.171577 0.187732
v 0.151627 0.158305 0.223642
v 0.146141 0.140280 0.235773
v 0.106720 0.088838 0.287328
v 0.115481 0.068396 0.299037
v 0.115358 0.053439 0.318748
v 0.104844 0.106288 0.271952
v 0.125179 0.138264 0.249943
v 0.109985 0.041805 0.338725
v 0.108553 0.029085 0.357324
v 0.116901 0.026221 0.392591
v 0.127743 0.023601 0.413276
v -0.073040 0.019857 -0.409455
v -0.082489 0.040670 -0.395299
v -0.073630 0.068269 -0.368777
v -0.076959 0.068149 -0.345196
v -0.072472 0.087879 -0.313864
v -0.104412 0.066975 -0.300227
v -0.123032 0.064619 -0.296029
v -0.132448 0.057105 -0.273970
v -0.145179 0.033320 -0.256362
v -0.089294 0.000000 -0.429336
v 0.090216 0.074451 0.244170
v 0.109697 0.147966 0.172109
v 0.105838 0.000000 0.231108
v 0.145777 0.142408 0.128306
v 0.176966 0.145762 0.128239
v 0.155817 0.177505 0.210535
v 0.102926 0.123026 0.257039
v 0.106282 0.018449 0.375652
v 0.179388 0.000000 0.435031
v 0.159248 0.011512 0.429610
v 0.137745 0.021841 0.434651
v -0.080710 0.065050 -0.390016
v -0.062474 0.091110 -0.332460
v -0.093138 0.086231 -0.306142
v -0.084526 0.015046 -0.429322
v 0.094629 0.098043 0.249650
v 0.086232 0.112639 0.235115
v 0.081335 0.127291 0.218758
v 0.081030 0.142060 0.202689
v 0.093430 0.156926 0.187315
v 0.123822 0.163916 0.165462
v 0.134857 0.153725 0.144434
v 0.093920 0.000000 0.254100
v 0.105977 0.041550 0.255372
v 0.101334 0.063606 0.259124
v 0.157379 0.155205 0.123029
v 0.165910 0.169234 0.129464
v 0.160214 0.176480 0.148904
v 0.157103 0.183583 0.170044
v 0.149039 0.190450 0.191571
v 0.139368 0.176694 0.229747
v 0.132124 0.157735 0.238692
v 0.108835 0.066216 0.278760
v 0.094740 0.082694 0.266665
v 0.109587 0.043973 0.297128
v 0.104523 0.031070 0.316893
v 0.103934 0.137730 0.248554
v 0.098868 0.018658 0.335934
v 0.097592 0.006219 0.355514
v 0.107125 0.012521 0.409915
v 0.097321 0.011578 0.395939
v 0.128193 0.011128 0.424118
v -0.094103 0.034613 -0.413175
v -0.098536 0.048965 -0.395424
v -0.078401 0.087563 -0.381370
v -0.072456 0.090669 -0.355557
v -0.066583 0.111265 -0.320452
v -0.080431 0.107553 -0.302730
v -0.113777 0.084815 -0.299143
v -0.146875 0.065613 -0.294684
v -0.155731 0.053501 -0.274008
v -0.167913 0.033901 -0.252628
v -0.107094 0.000000 -0.435726
v 0.102455 0.170205 0.170964
v 0.138157 0.164526 0.125536
v 0.135946 0.191191 0.211760
v 0.109113 0.157510 0.251467
v 0.090624 0.134505 0.236314
v 0.087974 0.000000 0.376874
v 0.142051 0.000000 0.441733
v -0.104146 0.068347 -0.402707
v -0.084583 0.082460 -0.406997
v -0.064067 0.113491 -0.342330
v -0.100920 0.104599 -0.293131
v -0.135957 0.085305 -0.303633
v -0.110388 0.022618 -0.423268
v 0.076676 0.151042 0.222895
v 0.076392 0.167803 0.203653
v 0.084014 0.179016 0.180931
v 0.114686 0.184564 0.161416
v 0.119438 0.176627 0.139969
v 0.082852 0.000000 0.275878
v 0.100801 0.034405 0.276101
v 0.109567 0.054172 0.277227
v 0.152086 0.177656 0.118574
v 0.142832 0.188362 0.131046
v 0.139003 0.186844 0.152592
v 0.133423 0.190951 0.172892
v 0.125481 0.198646 0.191966
v 0.118867 0.175167 0.244272
v 0.122755 0.192935 0.231612
v 0.092464 0.028887 0.298654
v 0.090528 0.000000 0.312439
v 0.085406 0.155902 0.242577
v 0.087202 0.000000 0.334403
v 0.108411 0.000000 0.423453
v 0.091530 0.000000 0.412574
v 0.137088 0.011901 0.435877
v -0.116314 0.041452 -0.411225
v -0.123266 0.054212 -0.394154
v -0.090465 0.105422 -0.391385
v -0.078230 0.111265 -0.367393
v -0.064461 0.135348 -0.329414
v -0.074117 0.130919 -0.307150
v -0.091169 0.127075 -0.293547
v -0.124059 0.103656 -0.293299
v -0.168663 0.066670 -0.287830
v -0.158541 0.085572 -0.300137
v -0.178471 0.050404 -0.271402
v -0.187825 0.041289 -0.251671
v -0.126623 0.000000 -0.428485
v 0.094039 0.191255 0.163426
v 0.132226 0.184062 0.126041
v 0.123885 0.210100 0.217056
v 0.095743 0.172899 0.246495
v -0.126878 0.075346 -0.404318
v -0.107106 0.090190 -0.406423
v -0.069199 0.135578 -0.354360
v -0.112745 0.123720 -0.286399
v -0.146864 0.104856 -0.297049
v -0.195274 0.026493 -0.238008
v -0.133965 0.027185 -0.419327
v 0.079021 0.173028 0.225679
v 0.064130 0.186073 0.189703
v 0.068126 0.190704 0.161698
v 0.114804 0.195659 0.170483
v 0.128410 0.215728 0.198018
v 0.105459 0.191695 0.247727
v 0.111596 0.211999 0.238337
v -0.140254 0.044983 -0.406108
v -0.147524 0.065725 -0.393584
v -0.083979 0.129556 -0.376847
v -0.111364 0.111869 -0.405615
v -0.079325 0.152808 -0.343316
v -0.080735 0.151576 -0.319703
v -0.088478 0.149243 -0.299388
v -0.105799 0.145272 -0.287683
v -0.134002 0.123244 -0.291906
v -0.191953 0.064189 -0.283384
v -0.182115 0.083812 -0.298816
v -0.171099 0.107688 -0.297207
v -0.201164 0.050100 -0.267169
v -0.211090 0.042553 -0.247275
v -0.195689 0.012860 -0.223871
v -0.150070 0.000000 -0.419084
v 0.060696 0.184341 0.213690
v 0.083433 0.209192 0.153522
v 0.106816 0.213218 0.160472
v 0.121719 0.213385 0.178321
v 0.129232 0.232619 0.212193
v 0.125409 0.231069 0.235019
v 0.081977 0.187669 0.246701
v -0.129068 0.095739 -0.411358
v -0.147725 0.086217 -0.402875
v -0.099542 0.127344 -0.395208
v -0.080415 0.154004 -0.365332
v -0.126819 0.142031 -0.281580
v -0.154360 0.124352 -0.300583
v -0.223005 0.026252 -0.234829
v -0.202731 0.000000 -0.207981
v -0.213193 0.014061 -0.221404
v -0.155466 0.027743 -0.408041
v 0.062697 0.191126 0.236057
v 0.050109 0.198233 0.176798
v 0.044444 0.194010 0.201140
v 0.061788 0.211516 0.158303
v 0.123925 0.231572 0.189475
v 0.094112 0.208985 0.252186
v 0.104795 0.229342 0.249779
v -0.162105 0.046105 -0.395346
v -0.167337 0.083184 -0.391681
v -0.089385 0.146356 -0.384852
v -0.118488 0.130685 -0.400682
v -0.133844 0.116051 -0.409263
v -0.092476 0.175696 -0.354661
v -0.090620 0.172701 -0.332650
v -0.092966 0.169993 -0.310935
v -0.103344 0.167528 -0.291140
v -0.122813 0.165663 -0.285021
v -0.145826 0.141687 -0.287960
v -0.215299 0.059069 -0.281536
v -0.205343 0.072074 -0.298065
v -0.186149 0.105731 -0.314481
v -0.171726 0.125889 -0.315650
v -0.224128 0.047934 -0.264656
v -0.234345 0.041240 -0.245207
v -0.170759 0.000000 -0.411830
v 0.042902 0.196506 0.225899
v 0.073246 0.229871 0.149344
v 0.095073 0.230747 0.152386
v 0.115358 0.231697 0.168468
v 0.120753 0.256757 0.203167
v 0.126771 0.250652 0.228662
v 0.116949 0.249924 0.253847
v 0.071058 0.206409 0.253389
v -0.172238 0.064700 -0.385475
v -0.149681 0.101025 -0.415815
v -0.166098 0.102722 -0.401801
v -0.106715 0.146921 -0.389005
v -0.095207 0.166002 -0.378495
v -0.091207 0.181394 -0.376044
v -0.142057 0.160274 -0.272297
v -0.159241 0.145857 -0.305789
v -0.195146 0.081709 -0.316680
v -0.245314 0.031030 -0.229104
v -0.233992 0.013706 -0.219405
v -0.224102 0.000000 -0.206489
v -0.177355 0.027819 -0.396213
v 0.049286 0.207757 0.247579
v 0.035145 0.210852 0.189276
v 0.042864 0.219344 0.168008
v 0.032342 0.211981 0.212044
v 0.051247 0.232179 0.150768
v 0.115344 0.246877 0.178724
v 0.082919 0.225731 0.260247
v 0.096136 0.243725 0.267863
v -0.183041 0.044902 -0.383248
v -0.177137 0.104837 -0.381291
v -0.179158 0.082242 -0.371823
v -0.136829 0.126016 -0.389087
v -0.124998 0.144343 -0.384918
v -0.152596 0.112305 -0.395777
v -0.093943 0.200264 -0.363654
v -0.099375 0.195149 -0.342720
v -0.094759 0.191493 -0.319912
v -0.096238 0.188926 -0.298207
v -0.105249 0.185330 -0.276031
v -0.126823 0.181208 -0.265729
v -0.154630 0.162423 -0.291071
v -0.235557 0.050054 -0.283031
v -0.224288 0.058029 -0.300601
v -0.214690 0.067891 -0.318371
v -0.177950 0.113297 -0.336126
v -0.194154 0.098335 -0.335037
v -0.167031 0.150263 -0.324335
v -0.246656 0.043794 -0.264851
v -0.257511 0.036882 -0.247553
v -0.185553 0.000000 -0.403372
v 0.032457 0.216225 0.235541
v 0.064157 0.252302 0.146163
v 0.086273 0.252116 0.150035
v 0.109140 0.262027 0.177172
v 0.121010 0.276339 0.233566
v 0.102165 0.266543 0.265848
v 0.059331 0.223843 0.262345
v -0.187086 0.061927 -0.368640
v -0.116304 0.165982 -0.385594
v -0.078442 0.185144 -0.396482
v -0.076672 0.204124 -0.382163
v -0.145771 0.178936 -0.255729
v -0.156790 0.178173 -0.274395
v -0.164420 0.167483 -0.310779
v -0.203850 0.076199 -0.335905
v -0.167185 0.131898 -0.339658
v -0.256296 0.017860 -0.214738
v -0.268758 0.031072 -0.227761
v -0.244546 0.000000 -0.201551
v -0.197906 0.027048 -0.383979
v -0.202267 0.000000 -0.394458
v 0.037621 0.226344 0.256937
v 0.023973 0.226085 0.176363
v 0.026313 0.228089 0.196542
v 0.031024 0.237033 0.158455
v 0.021143 0.230099 0.221362
v 0.042450 0.254666 0.148949
v 0.104857 0.249004 0.161083
v 0.071468 0.242875 0.269695
v 0.083608 0.261523 0.279443
v -0.201298 0.044077 -0.369645
v -0.186810 0.103589 -0.357953
v -0.154340 0.121919 -0.376137
v -0.186476 0.079970 -0.351006
v -0.104463 0.183131 -0.399402
v -0.140353 0.139228 -0.372386
v -0.138854 0.164222 -0.384152
v -0.079810 0.221066 -0.366387
v -0.092440 0.217411 -0.346876
v -0.104022 0.213699 -0.329212
v -0.098298 0.210591 -0.307009
v -0.093873 0.207837 -0.286857
v -0.110169 0.196806 -0.254588
v -0.130130 0.193000 -0.245341
v -0.163730 0.182674 -0.294438
v -0.255768 0.038151 -0.284495
v -0.241523 0.042942 -0.303100
v -0.232197 0.052086 -0.320941
v -0.220143 0.059174 -0.338734
v -0.166848 0.116566 -0.357726
v -0.164809 0.172923 -0.332769
v -0.168335 0.155477 -0.349106
v -0.269494 0.038527 -0.266248
v -0.280437 0.033125 -0.247131
v -0.212078 0.008979 -0.384458
v 0.021853 0.236060 0.243196
v 0.055275 0.274624 0.142898
v 0.078049 0.274073 0.145581
v 0.108016 0.279437 0.185635
v 0.104294 0.290047 0.257022
v 0.090353 0.284993 0.278655
v 0.047482 0.240669 0.273368
v -0.202937 0.060757 -0.353238
v -0.124268 0.184438 -0.382759
v -0.092604 0.200703 -0.398068
v -0.095414 0.215886 -0.380686
v -0.092025 0.207462 -0.266215
v -0.151507 0.191696 -0.238000
v -0.161877 0.193903 -0.258175
v -0.168718 0.197504 -0.278037
v -0.171084 0.188711 -0.315419
v -0.154914 0.136198 -0.357929
v -0.280370 0.018769 -0.213759
v -0.267802 0.000000 -0.199724
v -0.293532 0.028686 -0.226683
v -0.218229 0.027900 -0.371592
v -0.225234 0.000000 -0.386337
v 0.029988 0.248693 0.259894
v 0.003346 0.233116 0.183248
v 0.012575 0.241354 0.168647
v 0.003922 0.239202 0.208203
v 0.023737 0.258966 0.160512
v 0.002906 0.243541 0.232067
v 0.033771 0.277013 0.148539
v 0.097941 0.273608 0.160401
v 0.059642 0.260580 0.279509
v 0.070069 0.280449 0.288101
v -0.221134 0.045488 -0.357383
v -0.110142 0.201430 -0.384294
v -0.154936 0.159826 -0.368274
v -0.144956 0.182518 -0.371618
v -0.096766 0.235298 -0.367603
v -0.084230 0.239884 -0.349596
v -0.104978 0.236439 -0.334307
v -0.106365 0.232334 -0.314167
v -0.091739 0.230836 -0.298757
v -0.083408 0.226874 -0.278356
v -0.094464 0.212882 -0.244976
v -0.114099 0.205295 -0.232944
v -0.134022 0.197211 -0.221862
v -0.163803 0.203368 -0.297632
v -0.280881 0.033329 -0.288048
v -0.263518 0.031528 -0.305277
v -0.248121 0.034169 -0.322601
v -0.234510 0.039940 -0.340304
v -0.162260 0.194657 -0.337853
v -0.158598 0.177967 -0.353319
v -0.293014 0.032433 -0.267367
v -0.299652 0.022769 -0.245140
v -0.234385 0.010309 -0.374724
v 0.009992 0.255808 0.250386
v 0.045253 0.295920 0.140397
v 0.067836 0.294799 0.139681
v 0.088148 0.294915 0.150104
v 0.108971 0.299021 0.192466
v 0.118757 0.294378 0.213741
v 0.117834 0.303361 0.238227
v 0.107425 0.231898 0.157945
v 0.094844 0.309421 0.271040
v 0.077467 0.303277 0.288552
v 0.036943 0.260865 0.278751
v -0.126074 0.197920 -0.366940
v -0.112402 0.217674 -0.368579
v -0.094604 0.238162 -0.341951
v -0.082634 0.223260 -0.258585
v -0.156684 0.204844 -0.220297
v -0.168422 0.206368 -0.240627
v -0.175886 0.211433 -0.262629
v -0.173376 0.223771 -0.284013
v -0.158594 0.207982 -0.319314
v -0.291811 0.000000 -0.202355
v -0.303860 0.011290 -0.222416
v -0.238781 0.028475 -0.360231
v -0.322233 0.000000 -0.283965
v 0.017744 0.267665 0.265262
v -0.008586 0.251284 0.194934
v -0.007657 0.247678 0.169387
v 0.006001 0.263829 0.171318
v -0.011988 0.256254 0.218010
v 0.015437 0.281315 0.161171
v -0.009606 0.264043 0.240640
v 0.025036 0.298552 0.149617
v 0.101081 0.295753 0.170438
v 0.111257 0.317794 0.252483
v 0.046968 0.279726 0.285560
v 0.055529 0.299341 0.292822
v -0.146214 0.198080 -0.354882
v -0.113224 0.232410 -0.354033
v -0.123957 0.230491 -0.317171
v -0.104516 0.253239 -0.303359
v -0.092320 0.252317 -0.284461
v -0.083739 0.241596 -0.261760
v -0.086443 0.231839 -0.241052
v -0.100574 0.222449 -0.224671
v -0.120856 0.215248 -0.212898
v -0.141892 0.208337 -0.203065
v -0.155298 0.222794 -0.302164
v -0.297020 0.018139 -0.286026
v -0.283751 0.021228 -0.305854
v -0.269565 0.023494 -0.325009
v -0.255178 0.026020 -0.343575
v -0.149338 0.214932 -0.340160
v -0.308385 0.016213 -0.263924
v -0.315582 0.006790 -0.248027
v -0.254088 0.010557 -0.360552
v -0.250003 0.000000 -0.373709
v 0.002212 0.281274 0.263521
v 0.038815 0.316704 0.143992
v 0.057287 0.312294 0.138235
v 0.075795 0.314008 0.143872
v 0.091550 0.313749 0.160476
v 0.102106 0.314629 0.182421
v 0.112478 0.317186 0.204254
v 0.116903 0.320911 0.227743
v 0.097656 0.334776 0.262800
v 0.082129 0.327749 0.281443
v 0.063246 0.321692 0.296736
v 0.023974 0.279578 0.283446
v -0.131020 0.216116 -0.356051
v -0.124461 0.248424 -0.309411
v -0.127187 0.225525 -0.337246
v -0.166273 0.212715 -0.201133
v -0.178317 0.214003 -0.221440
v -0.187843 0.217914 -0.243310
v -0.191135 0.228277 -0.264925
v -0.165778 0.242453 -0.297510
v -0.142785 0.222718 -0.321039
v -0.316176 0.000000 -0.204226
v -0.320684 0.000000 -0.222682
v -0.022424 0.271100 0.202231
v -0.010361 0.268046 0.182677
v -0.006367 0.284767 0.168735
v -0.022747 0.276961 0.224976
v 0.005917 0.302377 0.161450
v -0.015578 0.288194 0.247140
v 0.019988 0.319525 0.155185
v 0.106758 0.340047 0.240062
v 0.033062 0.298387 0.288053
v 0.039973 0.317655 0.294788
v -0.144283 0.238789 -0.310389
v -0.123899 0.265838 -0.298061
v -0.105563 0.273179 -0.292074
v -0.093186 0.258557 -0.262058
v -0.089139 0.251585 -0.242109
v -0.093110 0.242336 -0.220908
v -0.107506 0.233233 -0.204360
v -0.128361 0.226386 -0.193331
v -0.151170 0.222882 -0.186160
v -0.185540 0.245145 -0.281456
v -0.310079 0.000586 -0.284905
v -0.298015 0.005198 -0.304681
v -0.285250 0.008133 -0.324326
v -0.270034 0.008949 -0.342296
v -0.325639 0.000000 -0.264207
v -0.330820 0.000000 -0.245180
v -0.267063 0.000000 -0.356791
v 0.010089 0.297941 0.284456
v -0.009687 0.301438 0.270469
v 0.038909 0.336042 0.152645
v 0.059133 0.328951 0.143869
v 0.077552 0.330283 0.154404
v 0.089618 0.330636 0.172409
v 0.098716 0.333665 0.193603
v 0.105719 0.337770 0.215604
v 0.089885 0.355042 0.250147
v 0.080225 0.350129 0.270816
v 0.066485 0.344823 0.288469
v 0.044350 0.338688 0.294674
v -0.145462 0.255023 -0.298229
v -0.103487 0.270809 -0.270091
v -0.188099 0.222672 -0.202526
v -0.175306 0.223675 -0.182730
v -0.199593 0.225046 -0.223560
v -0.204121 0.233723 -0.244710
v -0.200797 0.249292 -0.263582
v -0.168514 0.260536 -0.288741
v -0.024244 0.288265 0.185000
v -0.025392 0.293996 0.207735
v -0.012920 0.306756 0.174806
v -0.027395 0.300295 0.231050
v 0.003326 0.323496 0.169162
v -0.024717 0.309776 0.254230
v 0.020615 0.339805 0.165597
v 0.091377 0.354644 0.226788
v 0.018325 0.316213 0.292271
v 0.023888 0.333908 0.302560
v -0.145230 0.273299 -0.291952
v -0.123822 0.286686 -0.294295
v -0.111126 0.288752 -0.275676
v -0.099205 0.268095 -0.246477
v -0.095126 0.262254 -0.223364
v -0.098349 0.254695 -0.198650
v -0.113276 0.242296 -0.182437
v -0.135138 0.235337 -0.172346
v -0.159840 0.233573 -0.167182
v -0.187268 0.265768 -0.275885
v -0.312727 0.000000 -0.303865
v -0.297426 0.000000 -0.321719
v -0.283538 0.000000 -0.340873
v -0.003177 0.316656 0.286382
v -0.022208 0.320616 0.275437
v 0.042419 0.351501 0.167076
v 0.060845 0.343593 0.156722
v 0.076245 0.342000 0.165562
v 0.082934 0.347954 0.182150
v 0.088678 0.351876 0.203847
v 0.072356 0.368564 0.258424
v 0.071495 0.365281 0.237039
v 0.063689 0.366109 0.277074
v 0.046366 0.360010 0.289769
v 0.028840 0.355524 0.303719
v -0.110757 0.283771 -0.252000
v -0.196796 0.234206 -0.184406
v -0.208395 0.236481 -0.205291
v -0.184815 0.235373 -0.164876
v -0.216359 0.242151 -0.226073
v -0.214710 0.256000 -0.245916
v -0.205099 0.272868 -0.263199
v -0.164448 0.279167 -0.280546
v -0.030100 0.311828 0.191601
v -0.029508 0.316155 0.215077
v -0.012201 0.328529 0.184726
v -0.033690 0.322141 0.237491
v 0.002281 0.346974 0.175760
v -0.033894 0.330461 0.259541
v 0.023576 0.359121 0.177959
v 0.072497 0.364661 0.214205
v 0.002383 0.332315 0.300839
v 0.007364 0.350741 0.310512
v -0.141080 0.290041 -0.280114
v -0.121880 0.301830 -0.278629
v -0.121005 0.303878 -0.258898
v -0.104352 0.280407 -0.229857
v -0.099357 0.275933 -0.207217
v -0.103194 0.260696 -0.173600
v -0.120557 0.252000 -0.161322
v -0.143437 0.246052 -0.152250
v -0.168807 0.245679 -0.149661
v -0.185593 0.287686 -0.273191
v -0.019029 0.334156 0.292891
v -0.036737 0.339389 0.280313
v 0.047372 0.366925 0.182051
v 0.064893 0.356248 0.171610
v 0.070114 0.363278 0.191586
v 0.053818 0.382565 0.264767
v 0.061144 0.385008 0.247684
v 0.057876 0.378793 0.225140
v 0.046458 0.380105 0.281850
v 0.033229 0.378111 0.300031
v 0.013231 0.372872 0.312156
v -0.114177 0.298218 -0.236588
v -0.098049 0.272178 -0.187655
v -0.214698 0.250184 -0.187857
v -0.204675 0.247169 -0.166887
v -0.224802 0.254506 -0.208427
v -0.193473 0.247783 -0.147359
v -0.226707 0.265506 -0.228618
v -0.221216 0.281763 -0.248036
v -0.205975 0.297974 -0.263108
v -0.162280 0.299821 -0.274666
v -0.027806 0.333759 0.201665
v -0.032169 0.338692 0.221556
v -0.011894 0.350666 0.192772
v -0.037391 0.343611 0.242847
v 0.004726 0.367314 0.187406
v -0.045874 0.350152 0.263036
v 0.025664 0.377408 0.194564
v 0.052532 0.374779 0.202839
v -0.016267 0.348204 0.309400
v -0.010782 0.367695 0.317260
v -0.140565 0.306731 -0.269205
v -0.118430 0.319121 -0.243461
v -0.106404 0.296345 -0.214314
v -0.100906 0.289926 -0.191199
v -0.100912 0.281139 -0.170800
v -0.110831 0.272493 -0.154735
v -0.131285 0.266527 -0.144681
v -0.153870 0.261181 -0.136354
v -0.178357 0.261102 -0.135865
v -0.182704 0.311670 -0.268301
v -0.038694 0.350422 0.300154
v -0.052768 0.358834 0.284015
v 0.036349 0.393628 0.264769
v 0.038726 0.391207 0.239333
v 0.032570 0.386452 0.216389
v 0.033681 0.399096 0.288903
v 0.017577 0.395871 0.306457
v -0.005099 0.389739 0.316884
v -0.132211 0.323172 -0.260106
v -0.112218 0.313429 -0.224056
v -0.221699 0.262410 -0.170157
v -0.231489 0.267072 -0.190349
v -0.211282 0.261156 -0.150267
v -0.236145 0.276876 -0.211104
v -0.201183 0.261988 -0.130924
v -0.233587 0.291823 -0.231074
v -0.222514 0.308240 -0.247751
v -0.201087 0.322257 -0.255577
v -0.157625 0.321075 -0.266675
v -0.024494 0.354930 0.209541
v -0.038327 0.357851 0.225300
v -0.015361 0.372909 0.196517
v -0.048973 0.363010 0.244602
v 0.005153 0.387323 0.190582
v -0.056556 0.371791 0.264109
v -0.034867 0.366438 0.316110
v -0.026307 0.383716 0.322178
v -0.123875 0.337404 -0.247767
v -0.118505 0.334423 -0.228788
v -0.106696 0.310569 -0.212145
v -0.104275 0.308668 -0.195999
v -0.101208 0.301786 -0.173380
v -0.105722 0.291784 -0.156549
v -0.120492 0.293039 -0.142460
v -0.143692 0.282738 -0.131077
v -0.167537 0.278501 -0.127697
v -0.189975 0.275647 -0.122330
v -0.174387 0.331546 -0.254704
v -0.053395 0.372389 0.303668
v 0.019204 0.402029 0.202473
v -0.060479 0.383232 0.284132
v 0.031427 0.412273 0.247789
v 0.023654 0.412918 0.271347
v 0.028393 0.407286 0.224171
v 0.017791 0.417274 0.295372
v -0.001709 0.412364 0.309926
v -0.024950 0.404297 0.318253
v -0.148154 0.336769 -0.251421
v -0.111750 0.328514 -0.205677
v -0.232747 0.269176 -0.151065
v -0.238608 0.277098 -0.171016
v -0.242853 0.287727 -0.191159
v -0.222804 0.267898 -0.131004
v -0.242429 0.301604 -0.211095
v -0.210811 0.271422 -0.115039
v -0.234072 0.317572 -0.228221
v -0.215326 0.331001 -0.237630
v -0.189413 0.339861 -0.238572
v -0.036001 0.372381 0.209346
v -0.050873 0.375064 0.225534
v -0.013085 0.389128 0.179614
v -0.059049 0.383356 0.243920
v 0.008307 0.399403 0.177620
v -0.062549 0.394857 0.262480
v -0.044041 0.390098 0.317384
v -0.137694 0.347011 -0.233409
v -0.128957 0.350474 -0.212055
v -0.104274 0.322328 -0.178890
v -0.107351 0.311712 -0.157355
v -0.137206 0.307831 -0.129837
v -0.157421 0.297787 -0.120187
v -0.179176 0.291374 -0.112457
v -0.201242 0.284946 -0.104778
v -0.162789 0.346037 -0.236514
v -0.056096 0.398666 0.301632
v -0.034912 0.385165 0.190021
v 0.019479 0.419168 0.183765
v -0.062792 0.408287 0.281668
v 0.021244 0.423974 0.207362
v 0.020278 0.426960 0.230519
v 0.015385 0.428485 0.253220
v 0.009732 0.430911 0.276498
v -0.002807 0.432953 0.297772
v -0.023481 0.426625 0.309552
v -0.043874 0.414805 0.311195
v -0.117358 0.344545 -0.199119
v -0.120778 0.321159 -0.143266
v -0.245437 0.273016 -0.129809
v -0.250371 0.282759 -0.151174
v -0.248571 0.296870 -0.170461
v -0.247349 0.310683 -0.189082
v -0.228149 0.276930 -0.106788
v -0.240614 0.325601 -0.205862
v -0.225735 0.339216 -0.217206
v -0.201926 0.346807 -0.219769
v -0.176255 0.352454 -0.218805
v -0.054178 0.383573 0.204708
v -0.065297 0.390542 0.222929
v -0.035024 0.396134 0.167467
v -0.011861 0.402393 0.160912
v -0.068722 0.403612 0.241069
v 0.007642 0.416919 0.162017
v -0.069139 0.417306 0.259354
v -0.152282 0.360428 -0.219378
v -0.110229 0.341545 -0.184108
v -0.124605 0.354405 -0.190490
v -0.111525 0.333710 -0.162482
v -0.135677 0.331129 -0.129294
v -0.151055 0.319438 -0.116610
v -0.170240 0.310575 -0.105822
v -0.190353 0.302170 -0.095304
v -0.213653 0.296228 -0.091025
v -0.059023 0.424364 0.298940
v -0.059490 0.392644 0.180044
v 0.021264 0.436164 0.167179
v 0.023657 0.440337 0.190993
v -0.066572 0.431698 0.277084
v 0.026601 0.444097 0.215822
v 0.024841 0.445917 0.240721
v 0.012071 0.447554 0.262116
v -0.006798 0.447189 0.277714
v -0.027204 0.447235 0.295815
v -0.044353 0.436107 0.306137
v -0.144776 0.361910 -0.197228
v -0.127011 0.342339 -0.147721
v -0.263653 0.287750 -0.130960
v -0.254837 0.279601 -0.108338
v -0.261635 0.303078 -0.151062
v -0.254175 0.318692 -0.168371
v -0.245507 0.332932 -0.183860
v -0.233185 0.344510 -0.197399
v -0.239098 0.289645 -0.089543
v -0.216193 0.359018 -0.203695
v -0.189581 0.362998 -0.203381
v -0.166347 0.362451 -0.199291
v -0.072503 0.394929 0.201592
v -0.078232 0.408774 0.220088
v -0.033796 0.408372 0.147362
v -0.057126 0.404957 0.156866
v -0.011513 0.418212 0.143714
v -0.078935 0.424248 0.237944
v 0.007928 0.434688 0.146693
v -0.075435 0.438690 0.254609
v -0.123124 0.350137 -0.169193
v -0.141219 0.360270 -0.177139
v -0.147714 0.349847 -0.134531
v -0.151585 0.340043 -0.116699
v -0.161875 0.330547 -0.099487
v -0.181118 0.321789 -0.088291
v -0.202373 0.315262 -0.081087
v -0.225698 0.310188 -0.077993
v -0.056284 0.446642 0.292359
v -0.078954 0.400265 0.184221
v -0.077351 0.405455 0.165723
v 0.020664 0.454357 0.152433
v 0.027025 0.457138 0.175263
v 0.032306 0.460158 0.199966
v -0.063702 0.453168 0.268281
v 0.033494 0.463722 0.226144
v 0.020535 0.465509 0.249265
v 0.003193 0.466573 0.269058
v -0.019478 0.463633 0.281304
v -0.163021 0.362816 -0.184137
v -0.140960 0.356370 -0.156257
v -0.274192 0.309995 -0.131392
v -0.272051 0.295739 -0.110584
v -0.261692 0.290765 -0.089794
v -0.266827 0.326660 -0.149559
v -0.253722 0.340714 -0.163821
v -0.233931 0.353703 -0.177071
v -0.248632 0.304240 -0.074587
v -0.196491 0.375549 -0.180022
v -0.180013 0.366658 -0.179818
v -0.085712 0.412901 0.199269
v -0.088818 0.429717 0.216759
v -0.031293 0.424507 0.130017
v -0.054072 0.420332 0.139155
v -0.075393 0.417348 0.146283
v -0.010441 0.436955 0.129359
v -0.086648 0.445394 0.233856
v 0.007016 0.453798 0.133119
v -0.077343 0.460205 0.247670
v -0.041488 0.458351 0.278416
v -0.159694 0.363180 -0.168979
v -0.150803 0.364966 -0.117745
v -0.158738 0.361280 -0.145142
v -0.152766 0.352402 -0.093844
v -0.172861 0.341219 -0.080733
v -0.193252 0.333993 -0.071906
v -0.215573 0.330208 -0.067041
v -0.235995 0.369199 -0.196934
v -0.238811 0.324905 -0.064356
v -0.199896 0.381432 -0.210518
v -0.089206 0.417458 0.177889
v -0.091842 0.423005 0.156170
v 0.020326 0.473043 0.138677
v 0.028969 0.475170 0.160617
v 0.032566 0.477708 0.184134
v 0.035047 0.480025 0.208342
v -0.064444 0.474399 0.257844
v 0.025920 0.482797 0.232954
v 0.007902 0.486911 0.252515
v -0.013095 0.482761 0.269139
v -0.036782 0.477426 0.278314
v -0.166947 0.377256 -0.134630
v -0.281160 0.318796 -0.111506
v -0.276098 0.335642 -0.130083
v -0.274449 0.308085 -0.091946
v -0.265156 0.305287 -0.076108
v -0.266726 0.352847 -0.147094
v -0.245397 0.359119 -0.153448
v -0.225387 0.374925 -0.178746
v -0.221482 0.375331 -0.216387
v -0.259367 0.321460 -0.063917
v -0.182784 0.384988 -0.205416
v -0.200418 0.374013 -0.155690
v -0.051838 0.467719 0.268888
v -0.095468 0.434560 0.194253
v -0.097247 0.451180 0.212576
v -0.027765 0.443302 0.114673
v -0.048858 0.437105 0.121053
v -0.070296 0.432876 0.128284
v -0.090499 0.432958 0.135994
v -0.008072 0.455980 0.115211
v -0.090715 0.467335 0.228775
v 0.008976 0.471832 0.117698
v -0.079172 0.482633 0.242520
v -0.177396 0.367445 -0.154022
v -0.154122 0.390528 -0.121285
v -0.144800 0.378193 -0.099704
v -0.165902 0.360109 -0.070594
v -0.184788 0.348638 -0.061556
v -0.204610 0.354305 -0.051348
v -0.230659 0.345688 -0.052961
v -0.225939 0.366431 -0.159734
v -0.239007 0.391283 -0.188773
v -0.248949 0.375021 -0.210268
v -0.252854 0.342271 -0.056395
v -0.207456 0.390777 -0.227471
v -0.184174 0.395217 -0.221372
v -0.191673 0.394677 -0.183513
v -0.098879 0.438998 0.169984
v -0.103731 0.442625 0.147032
v 0.020835 0.491544 0.123615
v 0.029499 0.493812 0.146053
v 0.032642 0.496198 0.169166
v 0.034006 0.497459 0.191879
v 0.028630 0.499895 0.216332
v -0.051240 0.488017 0.266187
v -0.066809 0.497846 0.254653
v 0.017949 0.500297 0.235375
v -0.012740 0.503007 0.252517
v -0.032404 0.496585 0.263085
v -0.169545 0.401128 -0.135914
v -0.147179 0.371811 -0.076049
v -0.186187 0.388718 -0.147094
v -0.281895 0.329545 -0.090447
v -0.282121 0.345661 -0.108422
v -0.275741 0.362414 -0.127781
v -0.273447 0.323273 -0.073744
v -0.255536 0.370370 -0.135418
v -0.236311 0.378445 -0.142381
v -0.208119 0.380596 -0.168895
v -0.223720 0.396038 -0.173685
v -0.240024 0.380342 -0.221834
v -0.268337 0.338959 -0.061665
v -0.231087 0.385716 -0.233369
v -0.165468 0.405302 -0.213455
v -0.176947 0.409667 -0.195329
v -0.103625 0.456365 0.187826
v -0.102314 0.475855 0.206388
v -0.023509 0.459913 0.098073
v -0.044544 0.453202 0.102770
v -0.064354 0.447829 0.108874
v -0.084931 0.446827 0.117370
v -0.103504 0.450434 0.126695
v -0.003962 0.472470 0.097979
v -0.093067 0.490135 0.225673
v 0.010878 0.490436 0.102245
v -0.083737 0.505706 0.243042
v 0.003599 0.511402 0.240454
v -0.149709 0.411922 -0.126776
v -0.137776 0.400663 -0.108699
v -0.138924 0.393860 -0.083249
v -0.155692 0.372375 -0.051893
v -0.177686 0.364151 -0.047899
v -0.228586 0.365695 -0.040776
v -0.246737 0.363270 -0.048072
v -0.215204 0.380098 -0.138598
v -0.252479 0.397963 -0.205160
v -0.239456 0.413529 -0.179557
v -0.253180 0.386740 -0.229017
v -0.268938 0.358831 -0.055577
v -0.216524 0.401403 -0.245169
v -0.193168 0.406650 -0.235179
v -0.167851 0.411312 -0.234485
v -0.196307 0.419396 -0.182260
v -0.105932 0.460783 0.161066
v -0.113062 0.462932 0.138694
v 0.019854 0.512019 0.109303
v 0.024903 0.513743 0.132787
v 0.032385 0.516704 0.156105
v 0.031311 0.517545 0.178847
v 0.025686 0.517687 0.202130
v 0.016385 0.517419 0.223958
v -0.051309 0.509461 0.257312
v -0.072913 0.524733 0.251135
v -0.014858 0.524646 0.240775
v -0.033124 0.516433 0.248176
v -0.187558 0.412586 -0.145584
v -0.167893 0.424764 -0.137903
v -0.138907 0.387470 -0.059302
v -0.191922 0.369351 -0.028438
v -0.212833 0.366688 -0.031663
v -0.279462 0.342724 -0.069936
v -0.283361 0.346928 -0.085180
v -0.279276 0.371604 -0.106831
v -0.258566 0.380795 -0.115880
v -0.249481 0.391904 -0.128992
v -0.229456 0.398049 -0.129112
v -0.221003 0.417527 -0.163438
v -0.238520 0.404648 -0.240350
v -0.167035 0.427906 -0.220744
v -0.164373 0.424894 -0.206587
v -0.178488 0.432543 -0.193604
v -0.206526 0.430763 -0.161791
v -0.108291 0.479118 0.179064
v -0.102970 0.497390 0.210969
v -0.018113 0.473780 0.078583
v -0.039260 0.464196 0.081213
v -0.060432 0.460887 0.087946
v -0.079528 0.459736 0.097374
v -0.101345 0.461018 0.102965
v -0.118195 0.467380 0.117434
v 0.000635 0.489035 0.080743
v -0.098553 0.511479 0.227767
v 0.014730 0.507961 0.087292
v -0.093031 0.523673 0.246965
v 0.000747 0.532457 0.230035
v -0.148960 0.435176 -0.127145
v -0.130891 0.421625 -0.114298
v -0.123070 0.410865 -0.092800
v -0.125870 0.405696 -0.067592
v -0.150127 0.390247 -0.036899
v -0.170749 0.379468 -0.032759
v -0.228630 0.378951 -0.022461
v -0.244276 0.382090 -0.035532
v -0.258751 0.382966 -0.051075
v -0.284994 0.359980 -0.091804
v -0.208940 0.402048 -0.130521
v -0.261578 0.414583 -0.195893
v -0.254194 0.410956 -0.221813
v -0.238790 0.434432 -0.167464
v -0.284008 0.359886 -0.070286
v -0.225245 0.420488 -0.246184
v -0.203495 0.421008 -0.244463
v -0.183435 0.425583 -0.231987
v -0.186124 0.437223 -0.172575
v -0.109440 0.497158 0.193716
v -0.112329 0.482694 0.153487
v -0.122418 0.483555 0.132752
v 0.020754 0.532104 0.092549
v 0.023283 0.534540 0.117690
v 0.027377 0.536116 0.142461
v 0.027229 0.536970 0.166555
v 0.020771 0.534990 0.189088
v 0.009505 0.536233 0.209718
v -0.054135 0.530538 0.242055
v -0.093268 0.545523 0.248569
v -0.016838 0.546140 0.233078
v -0.034774 0.537588 0.238038
v -0.186961 0.436215 -0.150016
v -0.166413 0.449866 -0.138228
v -0.133423 0.404860 -0.043961
v -0.186256 0.384458 -0.014931
v -0.208654 0.379567 -0.015462
v -0.280924 0.374542 -0.060880
v -0.281962 0.376184 -0.084481
v -0.256462 0.386505 -0.095241
v -0.260966 0.411057 -0.107997
v -0.247199 0.415908 -0.130741
v -0.220249 0.420788 -0.128206
v -0.221424 0.440260 -0.148598
v -0.251918 0.433529 -0.188520
v -0.244506 0.427641 -0.234930
v -0.174361 0.451350 -0.225253
v -0.157875 0.440432 -0.204456
v -0.164628 0.441499 -0.179995
v -0.114798 0.500722 0.170980
v -0.111596 0.512874 0.210309
v -0.013237 0.488443 0.058389
v -0.034716 0.477530 0.060662
v -0.056922 0.471065 0.065603
v -0.080306 0.467594 0.072281
v -0.090979 0.465740 0.087688
v -0.130477 0.486674 0.112045
v 0.007639 0.504386 0.060430
v -0.110344 0.526418 0.235885
v 0.017855 0.519153 0.074406
v -0.078071 0.543579 0.229711
v -0.005280 0.552026 0.219403
v -0.149236 0.458286 -0.129301
v -0.131566 0.444949 -0.114607
v -0.118930 0.433268 -0.096712
v -0.113852 0.424377 -0.074067
v -0.116299 0.420467 -0.050679
v -0.146451 0.409928 -0.023925
v -0.166843 0.398390 -0.020187
v -0.226173 0.393151 -0.005035
v -0.243578 0.396497 -0.017963
v -0.256326 0.402080 -0.037145
v -0.259197 0.388939 -0.072281
v -0.256259 0.432277 -0.212935
v -0.243368 0.451279 -0.149029
v -0.252930 0.452639 -0.173744
v -0.221392 0.436005 -0.231378
v -0.198233 0.441449 -0.226583
v -0.170938 0.450174 -0.161096
v -0.123560 0.514727 0.189436
v -0.120370 0.503751 0.148096
v -0.128629 0.505314 0.127582
v 0.017361 0.534447 0.067863
v 0.020867 0.555250 0.103821
v 0.023480 0.556209 0.128392
v 0.019937 0.555915 0.153127
v 0.011471 0.553240 0.175820
v -0.000856 0.547868 0.192396
v -0.056510 0.552028 0.230844
v -0.072024 0.559034 0.245482
v -0.116457 0.537370 0.256320
v -0.004878 0.555137 0.201096
v -0.021084 0.566683 0.226553
v -0.033894 0.558389 0.234454
v -0.161405 0.461587 -0.133230
v -0.128481 0.422702 -0.029635
v -0.183107 0.405812 -0.002690
v -0.204622 0.398458 -0.004691
v -0.260978 0.407590 -0.059811
v -0.264666 0.410602 -0.083050
v -0.260121 0.435597 -0.112263
v -0.218748 0.443061 -0.128152
v -0.246078 0.441151 -0.130961
v -0.252716 0.452512 -0.200469
v -0.239575 0.446407 -0.218021
v -0.194259 0.465569 -0.222235
v -0.158164 0.463708 -0.211297
v -0.147045 0.450516 -0.190844
v -0.152238 0.454922 -0.168596
v -0.124119 0.520352 0.164503
v -0.128203 0.518755 0.216204
v -0.031676 0.491104 0.039947
v -0.009998 0.501863 0.036659
v -0.053553 0.482747 0.045242
v -0.074895 0.473675 0.048456
v -0.103974 0.466942 0.075285
v -0.139770 0.491821 0.095865
v -0.136542 0.506369 0.108451
v 0.015340 0.519534 0.054762
v 0.018132 0.556149 0.079182
v -0.083825 0.561712 0.265936
v -0.107004 0.555482 0.269141
v -0.130998 0.521424 0.241461
v -0.014739 0.569916 0.206663
v -0.157161 0.462951 -0.146828
v -0.131404 0.467000 -0.115441
v -0.118931 0.456242 -0.097517
v -0.110054 0.446561 -0.078273
v -0.106686 0.439215 -0.057027
v -0.113238 0.437997 -0.035701
v -0.143090 0.429721 -0.011340
v -0.162607 0.418594 -0.008269
v -0.220802 0.412417 0.005697
v -0.240345 0.411499 -0.001016
v -0.252699 0.417896 -0.020922
v -0.260847 0.423276 -0.042941
v -0.268722 0.431759 -0.088474
v -0.259138 0.458279 -0.123003
v -0.259137 0.465324 -0.146212
v -0.250708 0.471512 -0.186762
v -0.215735 0.454367 -0.214585
v -0.175817 0.478074 -0.222061
v -0.138459 0.526174 0.177540
v -0.143668 0.519298 0.200185
v -0.128165 0.525711 0.141658
v 0.005113 0.516277 0.036542
v -0.097566 0.468245 0.051714
v -0.138471 0.525224 0.121313
v 0.008022 0.533791 0.045622
v 0.008406 0.555453 0.057546
v 0.014610 0.576772 0.092248
v 0.020266 0.577488 0.115804
v 0.015311 0.576296 0.140569
v 0.006262 0.574273 0.163659
v -0.007664 0.569166 0.186869
v -0.015502 0.555484 0.192796
v -0.045478 0.563063 0.250234
v -0.060124 0.567248 0.266653
v -0.129926 0.550470 0.275372
v -0.135680 0.526355 0.263165
v -0.028514 0.584627 0.213655
v -0.032606 0.581851 0.238137
v -0.138455 0.472536 -0.136456
v -0.124788 0.441064 -0.016511
v -0.179692 0.427346 0.007410
v -0.199118 0.419493 0.004584
v -0.270289 0.427898 -0.065799
v -0.265112 0.453940 -0.095824
v -0.254112 0.471223 -0.164507
v -0.235379 0.465611 -0.203326
v -0.213094 0.476007 -0.206477
v -0.195800 0.490350 -0.216299
v -0.159334 0.487862 -0.210659
v -0.139488 0.474152 -0.200096
v -0.133346 0.457980 -0.176678
v -0.137701 0.467649 -0.157537
v -0.138100 0.540544 0.155278
v -0.148477 0.516703 0.223998
v -0.029010 0.504415 0.021239
v -0.050511 0.495162 0.025790
v -0.010591 0.516620 0.019534
v -0.071267 0.484312 0.028940
v -0.092009 0.473539 0.031044
v -0.120933 0.465722 0.056606
v -0.148665 0.503347 0.090681
v -0.146214 0.489810 0.080876
v -0.151619 0.520641 0.102471
v 0.009096 0.580979 0.066678
v -0.071396 0.572910 0.280940
v -0.092610 0.562632 0.285470
v -0.115151 0.555981 0.291959
v -0.153267 0.517634 0.247070
v -0.017948 0.591772 0.194359
v -0.123156 0.488321 -0.119107
v -0.118701 0.478510 -0.096659
v -0.106752 0.468426 -0.079704
v -0.099482 0.459682 -0.060926
v -0.098481 0.454659 -0.039594
v -0.110562 0.457317 -0.022104
v -0.138761 0.447987 0.001086
v -0.160815 0.439366 0.004171
v -0.212355 0.431328 0.014020
v -0.233236 0.429361 0.011047
v -0.248219 0.433939 -0.005306
v -0.257615 0.439654 -0.026661
v -0.271756 0.443117 -0.045743
v -0.271233 0.449436 -0.070677
v -0.262487 0.482571 -0.127201
v -0.253980 0.487218 -0.151107
v -0.245864 0.488589 -0.172866
v -0.231231 0.484006 -0.190127
v -0.178215 0.502498 -0.214114
v -0.131363 0.452388 -0.195519
v -0.158554 0.531801 0.164554
v -0.160382 0.520032 0.185023
v -0.165047 0.515059 0.207509
v -0.141014 0.545051 0.134225
v -0.002755 0.533229 0.025969
v -0.113952 0.466285 0.034248
v -0.143553 0.467386 0.058251
v -0.149831 0.483672 0.066484
v -0.157509 0.541132 0.116680
v -0.002229 0.553159 0.037932
v 0.002752 0.596999 0.082252
v 0.009721 0.597447 0.105814
v 0.009556 0.596585 0.129439
v 0.004002 0.595345 0.152508
v -0.004287 0.595328 0.174370
v -0.043224 0.585521 0.261728
v -0.057600 0.589508 0.282301
v -0.140642 0.532420 0.283687
v -0.121227 0.547736 0.295112
v -0.155556 0.517108 0.271032
v -0.038983 0.603054 0.198379
v -0.035930 0.601734 0.225773
v -0.120702 0.479330 -0.146340
v -0.119649 0.457728 -0.002791
v -0.178426 0.442682 0.018210
v -0.192267 0.435058 0.013313
v -0.267058 0.471628 -0.078264
v -0.263742 0.476518 -0.103050
v -0.211937 0.497450 -0.196246
v -0.196671 0.513178 -0.203789
v -0.159073 0.511480 -0.205769
v -0.140977 0.496742 -0.200401
v -0.117531 0.464822 -0.207033
v -0.113717 0.450393 -0.182799
v -0.116839 0.466627 -0.165398
v -0.161260 0.551235 0.147778
v -0.170787 0.514074 0.229895
v -0.143831 0.557555 0.145465
v -0.027192 0.518849 0.004363
v -0.046973 0.506970 0.006653
v -0.067256 0.495262 0.009308
v -0.012519 0.534451 0.006874
v -0.087724 0.482725 0.011446
v -0.107659 0.469628 0.013802
v -0.136447 0.460668 0.038197
v -0.157242 0.500396 0.071802
v -0.164881 0.515468 0.083593
v -0.171872 0.532286 0.095777
v -0.003495 0.601927 0.057172
v -0.079637 0.575550 0.298412
v -0.100106 0.563678 0.306799
v -0.122505 0.552912 0.315824
v -0.177264 0.514066 0.253031
v -0.021190 0.613134 0.176208
v -0.039665 0.604308 0.250806
v -0.107011 0.492016 -0.138696
v -0.105814 0.490561 -0.078526
v -0.096062 0.480672 -0.063453
v -0.096098 0.474093 -0.045563
v -0.094288 0.480411 -0.027683
v -0.101554 0.474304 -0.006307
v -0.128865 0.460666 0.016581
v -0.150687 0.453884 0.020573
v -0.170785 0.448574 0.028593
v -0.201265 0.445494 0.019653
v -0.223184 0.446974 0.017559
v -0.240809 0.451003 0.006461
v -0.254177 0.457057 -0.012175
v -0.269298 0.461200 -0.029503
v -0.271131 0.466763 -0.053382
v -0.262989 0.498658 -0.109058
v -0.255457 0.507399 -0.135424
v -0.245102 0.508296 -0.160889
v -0.228235 0.503062 -0.177555
v -0.177868 0.523766 -0.200757
v -0.121814 0.486049 -0.209746
v -0.114496 0.446121 -0.207349
v -0.179092 0.520248 0.171311
v -0.180759 0.537088 0.156812
v -0.181320 0.511458 0.192119
v -0.186683 0.509033 0.213251
v -0.153963 0.554174 0.133043
v -0.008633 0.552577 0.016815
v -0.159085 0.458799 0.042062
v -0.164412 0.475542 0.052587
v -0.166766 0.495860 0.054574
v -0.180598 0.548482 0.110076
v -0.008548 0.569882 0.027613
v -0.001920 0.580389 0.044644
v -0.005195 0.614606 0.097174
v -0.009773 0.616982 0.073738
v -0.002229 0.614984 0.119649
v -0.002681 0.616123 0.143162
v -0.002309 0.617242 0.162880
v -0.040394 0.606454 0.274512
v -0.073016 0.595197 0.301874
v -0.138779 0.534785 0.305580
v -0.157419 0.519576 0.294983
v -0.178263 0.510925 0.282362
v -0.027160 0.620407 0.189910
v -0.030528 0.618316 0.211553
v -0.052525 0.610328 0.242308
v -0.100408 0.479969 -0.156431
v -0.112213 0.507925 -0.121976
v -0.124910 0.506595 -0.105724
v -0.118505 0.500590 -0.093288
v -0.190780 0.455472 0.027071
v -0.266102 0.489092 -0.061680
v -0.264364 0.493557 -0.085620
v -0.211348 0.518402 -0.183726
v -0.195248 0.533861 -0.189154
v -0.157626 0.531631 -0.195110
v -0.140055 0.517587 -0.199033
v -0.123141 0.507447 -0.208593
v -0.105220 0.475474 -0.225484
v -0.098326 0.451204 -0.219584
v -0.094859 0.446609 -0.192921
v -0.095909 0.463894 -0.173001
v -0.184839 0.555255 0.144106
v -0.193916 0.513859 0.233968
v -0.169874 0.556998 0.129766
v -0.027995 0.536250 -0.009247
v -0.044136 0.518917 -0.012499
v -0.061923 0.503969 -0.011846
v -0.081492 0.490048 -0.009257
v -0.015915 0.554632 -0.003351
v -0.174371 0.513481 0.063031
v -0.182622 0.528826 0.073962
v -0.190931 0.543694 0.087868
v -0.013929 0.622556 0.049692
v -0.051931 0.609653 0.295545
v -0.087316 0.579179 0.316545
v -0.099659 0.562275 0.330398
v -0.137774 0.537077 0.327274
v -0.200562 0.509421 0.256177
v -0.006915 0.624895 0.183721
v -0.045152 0.619067 0.227460
v -0.029288 0.627209 0.245300
v -0.029148 0.624088 0.265957
v -0.088288 0.496507 -0.150840
v -0.102796 0.502118 -0.139995
v -0.102005 0.511818 -0.080384
v -0.089660 0.500619 -0.066072
v -0.086400 0.490859 -0.048290
v -0.179897 0.465116 0.039396
v -0.211388 0.462256 0.022015
v -0.230891 0.468331 0.014385
v -0.248289 0.474896 0.000830
v -0.265278 0.480462 -0.014669
v -0.268316 0.484654 -0.037609
v -0.262103 0.514107 -0.092561
v -0.261447 0.516859 -0.112183
v -0.245079 0.529233 -0.149219
v -0.228461 0.524071 -0.166707
v -0.174993 0.544454 -0.188139
v -0.106335 0.497600 -0.219851
v -0.199231 0.522637 0.161577
v -0.198531 0.508872 0.178319
v -0.202424 0.541216 0.150389
v -0.199617 0.498442 0.198558
v -0.207178 0.500303 0.219436
v -0.013147 0.572990 0.007354
v -0.183731 0.486281 0.042709
v -0.188213 0.507093 0.046408
v -0.191998 0.559449 0.124530
v -0.200971 0.556863 0.103571
v -0.011333 0.589927 0.020660
v -0.010149 0.606629 0.034265
v -0.017536 0.632447 0.089518
v -0.019199 0.629202 0.112053
v -0.017061 0.638124 0.066054
v -0.016226 0.631016 0.132967
v 0.018789 0.619357 0.154924
v -0.038745 0.627444 0.285472
v -0.070495 0.617664 0.308594
v -0.087500 0.602513 0.317090
v -0.121184 0.553086 0.339554
v -0.158493 0.522184 0.316796
v -0.170969 0.502740 0.308356
v -0.209296 0.511716 0.277990
v 0.018079 0.627578 0.178576
v -0.013106 0.627596 0.203293
v -0.021158 0.627927 0.224138
v -0.079787 0.479225 -0.165977
v -0.096458 0.514070 -0.136383
v -0.112816 0.519730 -0.098738
v -0.075337 0.498140 -0.031139
v -0.198708 0.474941 0.030761
v -0.262729 0.506647 -0.046026
v -0.262591 0.510895 -0.069445
v -0.253040 0.530095 -0.125588
v -0.209754 0.537784 -0.169968
v -0.190736 0.551104 -0.172464
v -0.153665 0.549024 -0.183039
v -0.136655 0.540617 -0.194545
v -0.122115 0.528686 -0.204483
v -0.105258 0.517911 -0.212512
v -0.084205 0.487459 -0.223855
v -0.082519 0.464033 -0.224996
v -0.080072 0.449793 -0.207121
v -0.076509 0.462604 -0.184712
v -0.207149 0.557935 0.138414
v -0.216382 0.510389 0.236615
v -0.046078 0.534919 -0.031940
v -0.031781 0.555013 -0.020004
v -0.059276 0.513795 -0.033705
v -0.022890 0.574735 -0.012738
v -0.193723 0.525903 0.052547
v -0.197138 0.542068 0.062471
v -0.204771 0.559010 0.079020
v -0.019054 0.627286 0.026582
v -0.020176 0.643696 0.042525
v 0.006957 0.630820 0.136996
v -0.058640 0.633289 0.294913
v -0.100274 0.587899 0.331761
v -0.110037 0.572690 0.347966
v -0.198706 0.504254 0.301360
v -0.141074 0.543371 0.348301
v -0.150735 0.521469 0.340624
v -0.224937 0.510684 0.257295
v 0.003392 0.640179 0.192326
v -0.015023 0.638711 0.258509
v -0.024402 0.642667 0.278329
v -0.069650 0.499814 -0.165977
v -0.103363 0.527746 -0.117420
v -0.099549 0.532224 -0.083386
v -0.083512 0.520895 -0.068733
v -0.074239 0.508039 -0.052108
v -0.218835 0.483639 0.022880
v -0.238447 0.491623 0.012454
v -0.254451 0.499196 -0.003503
v -0.262607 0.502324 -0.023373
v -0.259478 0.531614 -0.077922
v -0.259070 0.532668 -0.101144
v -0.226140 0.543641 -0.153415
v -0.242646 0.550341 -0.137096
v -0.168991 0.559114 -0.170904
v -0.089552 0.508615 -0.218147
v -0.220480 0.527679 0.154542
v -0.218223 0.510573 0.168327
v -0.215993 0.495109 0.182574
v -0.224272 0.547185 0.146214
v -0.220934 0.484734 0.206189
v -0.224359 0.493894 0.220418
v -0.018925 0.593520 -0.002020
v -0.204303 0.496485 0.033696
v -0.209178 0.517678 0.036500
v -0.214105 0.563966 0.119064
v -0.219879 0.567519 0.097164
v -0.018099 0.610808 0.011682
v -0.020889 0.653716 0.082467
v -0.026288 0.648676 0.104257
v -0.022108 0.659585 0.059652
v 0.000468 0.646939 0.125696
v 0.020615 0.615481 0.129475
v 0.038323 0.616369 0.168698
v -0.043147 0.643100 0.289330
v -0.080894 0.636239 0.296204
v -0.093567 0.623317 0.310840
v -0.105819 0.611554 0.326899
v -0.129183 0.562109 0.357185
v -0.171092 0.507754 0.331879
v -0.192432 0.495342 0.324894
v -0.234246 0.512621 0.278087
v -0.219908 0.515760 0.298688
v 0.028242 0.648099 0.191251
v -0.001297 0.637954 0.215426
v -0.010298 0.641423 0.236403
v -0.069638 0.486572 -0.186850
v -0.079533 0.516092 -0.149492
v -0.090535 0.532917 -0.134039
v -0.109640 0.543860 -0.098210
v -0.257568 0.522622 -0.031191
v -0.258694 0.529821 -0.052934
v -0.247268 0.550492 -0.113182
v -0.204446 0.552689 -0.153050
v -0.183714 0.563222 -0.152840
v -0.146482 0.561609 -0.167007
v -0.133087 0.562412 -0.187317
v -0.115488 0.549042 -0.194964
v -0.100509 0.534247 -0.200451
v -0.085327 0.521294 -0.204263
v -0.082814 0.496571 -0.203001
v -0.075073 0.473803 -0.205197
v -0.229171 0.565395 0.136085
v -0.238129 0.506273 0.238223
v -0.044607 0.554914 -0.037749
v -0.065743 0.527750 -0.052911
v -0.039130 0.573690 -0.029881
v -0.032991 0.593946 -0.021110
v -0.210171 0.541276 0.038170
v -0.202795 0.554869 0.056925
v -0.223322 0.573456 0.074911
v -0.017517 0.653799 0.117426
v -0.027211 0.647121 0.020013
v -0.026074 0.630868 0.003845
v -0.029098 0.663063 0.037207
v 0.019364 0.637988 0.119424
v 0.035003 0.602134 0.147113
v 0.044108 0.636610 0.178499
v -0.047548 0.658757 0.293188
v -0.069457 0.655545 0.289385
v -0.117683 0.598319 0.341526
v -0.130101 0.586209 0.355604
v -0.209715 0.514505 0.320891
v -0.145269 0.551527 0.368360
v -0.153196 0.528571 0.361263
v -0.157132 0.502345 0.353299
v -0.250796 0.511958 0.259577
v 0.012452 0.653782 0.203309
v 0.004305 0.650615 0.251088
v -0.012750 0.657418 0.266381
v -0.031509 0.663042 0.281246
v -0.075692 0.509504 -0.186315
v -0.070832 0.522727 -0.169651
v -0.100139 0.549442 -0.118140
v -0.104118 0.549815 -0.080175
v -0.082504 0.544475 -0.067912
v -0.225087 0.505632 0.024126
v -0.242124 0.514169 0.009184
v -0.254479 0.518884 -0.010145
v -0.255055 0.550196 -0.063228
v -0.255539 0.551332 -0.088240
v -0.221453 0.563155 -0.139987
v -0.236553 0.568931 -0.122781
v -0.161318 0.566361 -0.150543
v -0.092918 0.527770 -0.202357
v -0.238453 0.514336 0.159673
v -0.241675 0.534939 0.149739
v -0.235773 0.488566 0.171842
v -0.234434 0.475368 0.187173
v -0.245441 0.560441 0.151871
v -0.241540 0.487484 0.221400
v -0.253297 0.500323 0.220319
v -0.059317 0.549146 -0.052300
v -0.027991 0.613238 -0.009830
v -0.208611 0.565827 0.060024
v -0.227505 0.527190 0.022323
v -0.235811 0.570523 0.113569
v -0.241295 0.573841 0.090787
v -0.026455 0.675305 0.074887
v -0.029203 0.667755 0.094215
v -0.032798 0.678895 0.053757
v -0.002405 0.666817 0.114444
v 0.015833 0.659914 0.122725
v 0.038265 0.606227 0.120739
v 0.041666 0.630386 0.118981
v 0.056584 0.602509 0.163969
v 0.062069 0.622453 0.171649
v -0.091786 0.654568 0.285900
v -0.104184 0.638194 0.295613
v -0.115843 0.629448 0.314431
v -0.126542 0.620832 0.334253
v -0.144474 0.577961 0.374929
v -0.182051 0.499354 0.348573
v -0.204414 0.509291 0.343545
v -0.258610 0.521338 0.280634
v -0.239258 0.527439 0.292146
v -0.231470 0.526333 0.317989
v 0.044801 0.662577 0.179594
v 0.025522 0.669499 0.191972
v 0.010087 0.651450 0.227684
v -0.077637 0.538930 -0.150346
v -0.091328 0.553882 -0.136762
v -0.109164 0.567832 -0.102104
v -0.114710 0.566795 -0.081505
v -0.251249 0.538300 -0.018498
v -0.254803 0.539162 -0.036298
v -0.254936 0.546654 -0.046675
v -0.246503 0.572204 -0.101738
v -0.199010 0.567502 -0.136175
v -0.177285 0.577620 -0.136352
v -0.139455 0.574511 -0.151128
v -0.124714 0.569767 -0.166857
v -0.107953 0.564086 -0.176653
v -0.093898 0.550865 -0.185818
v -0.081697 0.531094 -0.188422
v -0.233709 0.464677 0.200683
v -0.252422 0.571390 0.130385
v -0.240610 0.471728 0.219394
v -0.255566 0.498234 0.241956
v -0.054039 0.570884 -0.047915
v -0.050147 0.592351 -0.037800
v -0.044115 0.612994 -0.027890
v -0.211916 0.565231 0.039854
v -0.226015 0.547142 0.015402
v -0.226901 0.578691 0.052443
v -0.249166 0.577833 0.067078
v -0.023041 0.673903 0.109233
v -0.037875 0.647957 -0.001558
v -0.041352 0.662228 0.016916
v -0.036688 0.632414 -0.017951
v -0.044379 0.678587 0.033901
v 0.038147 0.654004 0.124455
v 0.055550 0.604569 0.136652
v 0.052462 0.646404 0.169868
v -0.040220 0.682263 0.282106
v -0.061199 0.677339 0.280475
v -0.081073 0.670130 0.273515
v -0.140264 0.606456 0.346740
v -0.140490 0.600852 0.370061
v -0.225725 0.520553 0.340070
v -0.151582 0.561805 0.388027
v -0.160356 0.538825 0.377148
v -0.156892 0.510332 0.367442
v -0.173974 0.502138 0.368512
v -0.272334 0.523390 0.261813
v 0.022427 0.669173 0.216053
v 0.019250 0.669103 0.239805
v 0.006521 0.673807 0.264650
v -0.017152 0.680043 0.276260
v -0.079088 0.544064 -0.172695
v -0.100130 0.572275 -0.121988
v -0.096784 0.567094 -0.069710
v -0.239212 0.534651 0.002136
v -0.252815 0.555399 -0.048817
v -0.249528 0.569078 -0.075168
v -0.213755 0.575775 -0.119165
v -0.230792 0.588113 -0.109829
v -0.155888 0.587805 -0.139896
v -0.259197 0.522587 0.156368
v -0.254449 0.500166 0.166477
v -0.260776 0.548049 0.155246
v -0.231086 0.460674 0.168287
v -0.229571 0.445715 0.195414
v -0.269852 0.573326 0.146923
v -0.250516 0.473183 0.239828
v -0.073038 0.567785 -0.061310
v -0.214486 0.557919 0.026031
v -0.258616 0.574095 0.107169
v -0.265373 0.574695 0.084674
v -0.029268 0.697028 0.063844
v -0.030733 0.687802 0.088722
v -0.040850 0.697147 0.043792
v -0.004137 0.689000 0.107272
v 0.013999 0.682365 0.117061
v 0.031203 0.676523 0.129197
v 0.064288 0.622376 0.122989
v 0.059495 0.647541 0.133764
v 0.065452 0.616812 0.146077
v 0.067573 0.634673 0.155268
v -0.114365 0.656871 0.284522
v -0.100293 0.659897 0.265630
v -0.126447 0.643282 0.298575
v -0.137993 0.638510 0.317903
v -0.148715 0.629951 0.339100
v -0.138127 0.596664 0.395876
v -0.198945 0.504001 0.367826
v -0.219900 0.514607 0.363899
v -0.135000 0.575693 0.400766
v -0.156651 0.518319 0.381585
v -0.155946 0.494958 0.374531
v -0.264252 0.534367 0.299914
v -0.281358 0.535340 0.282696
v -0.252128 0.535936 0.315329
v -0.247824 0.531206 0.336307
v 0.060818 0.656197 0.161238
v 0.039639 0.686114 0.180429
v 0.031249 0.687231 0.202845
v -0.005316 0.676925 0.270455
v -0.084758 0.559966 -0.158263
v -0.100538 0.570701 -0.142826
v -0.111717 0.593297 -0.109018
v -0.114800 0.583824 -0.087435
v -0.107301 0.587223 -0.075504
v -0.238061 0.555086 -0.006053
v -0.249073 0.557660 -0.032524
v -0.248109 0.566195 -0.053278
v -0.236585 0.588679 -0.086139
v -0.192882 0.587332 -0.122170
v -0.172840 0.598408 -0.126508
v -0.132927 0.592779 -0.136835
v -0.118101 0.576957 -0.147684
v -0.102452 0.569081 -0.157149
v -0.250511 0.475423 0.158716
v -0.271096 0.558293 0.168970
v -0.250899 0.455154 0.206700
v -0.275853 0.576577 0.123713
v -0.262897 0.464543 0.226007
v -0.278752 0.509063 0.236889
v -0.065775 0.589934 -0.054940
v -0.059068 0.611246 -0.046465
v -0.050883 0.631752 -0.037965
v -0.218334 0.574538 0.023062
v -0.218703 0.587967 0.036928
v -0.226168 0.568212 0.008013
v -0.249448 0.591897 0.047948
v -0.274921 0.571903 0.062603
v -0.023835 0.697627 0.102241
v -0.050718 0.647367 -0.022862
v -0.055758 0.659398 -0.002719
v -0.058354 0.675293 0.015939
v -0.054494 0.695570 0.027276
v 0.051206 0.668729 0.140404
v 0.061891 0.634959 0.128376
v -0.031226 0.699841 0.270220
v -0.055583 0.699503 0.272524
v -0.074681 0.688828 0.263959
v -0.090653 0.674497 0.253245
v -0.162529 0.615393 0.357398
v -0.153783 0.611843 0.385481
v -0.241016 0.526376 0.358346
v -0.124863 0.557695 0.389391
v -0.162040 0.545492 0.394615
v -0.171180 0.526133 0.390356
v -0.140726 0.496614 0.382564
v -0.136308 0.514276 0.379980
v -0.174040 0.477440 0.383317
v -0.197340 0.492504 0.388335
v -0.283196 0.547087 0.261042
v 0.054209 0.680483 0.163681
v 0.029305 0.687685 0.227870
v 0.026572 0.690118 0.250432
v 0.015008 0.694777 0.268105
v -0.006253 0.699042 0.272444
v -0.109503 0.590476 -0.131536
v -0.084869 0.588342 -0.066873
v -0.238641 0.583921 -0.061522
v -0.211053 0.599565 -0.111937
v -0.221815 0.604754 -0.093969
v -0.149474 0.608241 -0.130012
v -0.277623 0.535530 0.163870
v -0.273677 0.511659 0.168466
v -0.272965 0.486788 0.161712
v -0.236160 0.436687 0.170134
v -0.249549 0.449615 0.159552
v -0.247223 0.432902 0.209286
v -0.286371 0.577562 0.163049
v -0.294482 0.576919 0.140495
v -0.274249 0.483873 0.233963
v -0.284096 0.533138 0.241433
v -0.223374 0.600776 0.053110
v -0.281966 0.575486 0.101041
v -0.267646 0.578232 0.045683
v -0.288971 0.574960 0.078537
v -0.021968 0.714448 0.042389
v -0.020912 0.705328 0.081774
v -0.039673 0.714129 0.027903
v -0.006145 0.710353 0.099567
v 0.008607 0.704378 0.115782
v 0.023077 0.697002 0.131142
v 0.044581 0.691597 0.145602
v -0.136789 0.648381 0.278711
v -0.123345 0.657487 0.260999
v -0.107901 0.660928 0.243907
v -0.150623 0.644115 0.297670
v -0.163070 0.643723 0.317371
v -0.172252 0.640915 0.336551
v -0.161593 0.614838 0.395141
v -0.119358 0.589871 0.410541
v -0.217522 0.505093 0.385228
v -0.232890 0.521894 0.381698
v -0.108942 0.575149 0.397420
v -0.139633 0.538474 0.386677
v -0.153104 0.480108 0.391926
v -0.260875 0.558057 0.312663
v -0.283496 0.550928 0.302603
v -0.292135 0.558620 0.280600
v -0.255080 0.552670 0.333349
v -0.257421 0.543728 0.354153
v 0.048953 0.705717 0.165432
v 0.036446 0.706801 0.188708
v 0.036181 0.706038 0.214224
v -0.125288 0.608989 -0.124701
v -0.106879 0.603378 -0.092561
v -0.089711 0.606436 -0.080335
v -0.236420 0.578368 -0.015114
v -0.238400 0.579760 -0.038912
v -0.223194 0.601169 -0.070656
v -0.186761 0.605940 -0.109621
v -0.168603 0.620062 -0.117077
v -0.269927 0.462575 0.163048
v -0.288310 0.545192 0.181779
v -0.225284 0.420478 0.184718
v -0.227700 0.422278 0.206116
v -0.262127 0.444043 0.222012
v -0.281458 0.569417 0.185131
v -0.299063 0.576963 0.117302
v -0.284868 0.474167 0.215086
v -0.291372 0.495800 0.219526
v -0.290223 0.520301 0.219371
v -0.071715 0.608485 -0.065934
v -0.056575 0.629468 -0.062968
v -0.060096 0.648398 -0.046586
v -0.216071 0.593903 0.017073
v -0.227046 0.607734 0.036732
v -0.267046 0.592835 0.030826
v -0.282379 0.562409 0.042322
v -0.295104 0.560753 0.059413
v -0.015589 0.711610 0.061365
v -0.068790 0.657639 -0.025321
v -0.074883 0.672227 -0.003891
v -0.068313 0.693530 0.011190
v -0.055852 0.712526 0.016091
v -0.020663 0.719776 0.261397
v -0.046222 0.717496 0.258636
v -0.068638 0.709214 0.254506
v -0.085201 0.694067 0.243842
v -0.100827 0.677548 0.233306
v -0.168735 0.640652 0.355423
v -0.163754 0.630332 0.377169
v -0.155810 0.602170 0.415532
v -0.133563 0.594367 0.422718
v -0.253396 0.535909 0.376280
v -0.099494 0.558263 0.384329
v -0.120282 0.541387 0.385282
v -0.122381 0.505904 0.391111
v -0.136547 0.492690 0.402636
v -0.115701 0.525079 0.381174
v -0.189779 0.475313 0.397354
v -0.170362 0.473254 0.405533
v -0.215121 0.496451 0.407273
v -0.292701 0.556871 0.241010
v -0.290746 0.570653 0.259641
v 0.031334 0.711329 0.240335
v 0.017385 0.713399 0.248603
v 0.003436 0.715469 0.256871
v -0.120630 0.622576 -0.105556
v -0.213849 0.596286 -0.049535
v -0.205777 0.620246 -0.101817
v -0.211050 0.619099 -0.079027
v -0.143029 0.627439 -0.117994
v -0.293134 0.521036 0.177699
v -0.286084 0.498101 0.178374
v -0.285853 0.474634 0.175683
v -0.251008 0.425122 0.165974
v -0.230757 0.412776 0.161976
v -0.267519 0.439165 0.167878
v -0.240229 0.415638 0.225463
v -0.260925 0.425301 0.227742
v -0.282201 0.452435 0.212628
v -0.294955 0.589572 0.178187
v -0.304850 0.595088 0.154047
v -0.316063 0.586264 0.131738
v -0.293466 0.543630 0.220519
v -0.222234 0.598759 -0.003991
v -0.303800 0.574033 0.094530
v -0.250296 0.606993 0.029773
v -0.281879 0.576281 0.026157
v -0.308372 0.563365 0.075560
v -0.019013 0.726774 0.017542
v -0.003156 0.722832 0.055277
v -0.005134 0.718811 0.076749
v -0.039273 0.723020 0.013879
v -0.001269 0.724667 0.119155
v 0.013468 0.712226 0.133413
v 0.056119 0.712013 0.142384
v -0.160592 0.645147 0.275205
v -0.145460 0.649195 0.255993
v -0.131060 0.656234 0.238822
v -0.114899 0.661231 0.224151
v -0.174734 0.649826 0.296047
v -0.184309 0.656736 0.317235
v -0.180723 0.654159 0.335708
v -0.174088 0.637392 0.396276
v -0.173971 0.619155 0.412850
v -0.108390 0.591552 0.427696
v -0.092712 0.593545 0.410469
v -0.228689 0.515226 0.403451
v -0.245588 0.532432 0.398308
v -0.081460 0.576250 0.397431
v -0.151142 0.481012 0.414997
v -0.205374 0.476942 0.410831
v -0.265672 0.572853 0.332202
v -0.282166 0.570738 0.317401
v -0.292947 0.574419 0.298855
v -0.296319 0.583172 0.278352
v -0.264880 0.564355 0.351737
v -0.261966 0.557103 0.372445
v 0.049986 0.721584 0.183988
v 0.042614 0.728404 0.203161
v 0.032262 0.727210 0.224577
v -0.095716 0.622704 -0.095320
v -0.072508 0.625566 -0.083185
v -0.222133 0.593726 -0.026113
v -0.224952 0.615713 -0.060918
v -0.182153 0.627408 -0.100192
v -0.161617 0.640529 -0.105224
v -0.286330 0.451236 0.174263
v -0.300790 0.531765 0.199546
v -0.297034 0.555268 0.201663
v -0.216392 0.403427 0.197820
v -0.216644 0.396562 0.171056
v -0.224095 0.402409 0.219907
v -0.279267 0.431211 0.213607
v -0.292702 0.579338 0.201394
v -0.320888 0.579382 0.109625
v -0.293712 0.462811 0.194340
v -0.289106 0.483929 0.195365
v -0.294390 0.508758 0.198357
v -0.070842 0.646886 -0.068728
v -0.079125 0.658173 -0.049030
v -0.233709 0.609156 0.016318
v -0.291404 0.600379 0.016263
v -0.271436 0.612257 0.022040
v -0.296466 0.556543 0.021593
v -0.294811 0.543360 0.043248
v -0.311488 0.542042 0.063302
v -0.000057 0.727884 0.032999
v -0.089264 0.664045 -0.028246
v -0.085099 0.694534 -0.002774
v -0.072815 0.713044 0.002890
v -0.055824 0.725337 0.002709
v 0.004806 0.730543 0.093970
v 0.041390 0.720021 0.126368
v -0.011149 0.731061 0.244259
v -0.035640 0.735276 0.242888
v -0.056782 0.722805 0.238967
v -0.075880 0.710121 0.231756
v -0.092927 0.694917 0.221787
v -0.106012 0.676804 0.211524
v -0.184565 0.655488 0.354410
v -0.181858 0.643206 0.374335
v -0.166450 0.609825 0.436428
v -0.148755 0.595549 0.439162
v -0.125484 0.589230 0.443381
v -0.259767 0.551440 0.393745
v -0.079475 0.553714 0.400577
v -0.096068 0.536398 0.388125
v -0.102327 0.517197 0.398926
v -0.116625 0.502836 0.411954
v -0.132291 0.491014 0.424583
v -0.186714 0.471316 0.420215
v -0.166582 0.474343 0.428707
v -0.221551 0.481587 0.427163
v -0.224845 0.506081 0.426393
v -0.301010 0.565975 0.221666
v -0.306795 0.578787 0.241704
v -0.296347 0.594354 0.257730
v 0.058062 0.726376 0.162368
v 0.011880 0.727616 0.238198
v -0.135950 0.644274 -0.101907
v -0.111543 0.641991 -0.094465
v -0.233270 0.613223 -0.040649
v -0.199152 0.637918 -0.087635
v -0.211781 0.636335 -0.067441
v -0.270008 0.416425 0.166804
v -0.253106 0.403104 0.156533
v -0.234209 0.387323 0.159543
v -0.284113 0.428976 0.178615
v -0.259842 0.403850 0.230537
v -0.237492 0.400046 0.239594
v -0.281244 0.411022 0.220757
v -0.292637 0.440985 0.195991
v -0.299574 0.600960 0.197669
v -0.304859 0.610471 0.175213
v -0.328530 0.603424 0.142997
v -0.337472 0.590760 0.122672
v -0.242929 0.614449 -0.000645
v -0.237050 0.614173 -0.018493
v -0.322959 0.576573 0.085922
v -0.256369 0.617507 0.012907
v -0.301089 0.577801 0.013082
v -0.329844 0.560372 0.069347
v -0.034648 0.727252 -0.001006
v 0.002401 0.734110 0.009218
v 0.010761 0.740234 0.049843
v 0.008995 0.734771 0.071883
v -0.093717 0.675866 -0.013699
v 0.016399 0.741003 0.107686
v 0.019887 0.734526 0.123546
v 0.054673 0.737081 0.144038
v -0.167708 0.645597 0.250515
v -0.181757 0.656224 0.270983
v -0.151211 0.648858 0.234278
v -0.134950 0.652836 0.218431
v -0.119098 0.658685 0.203335
v -0.189803 0.669682 0.295737
v -0.189163 0.667394 0.334866
v -0.192894 0.650618 0.393418
v -0.187506 0.638820 0.413248
v -0.180260 0.625192 0.431670
v -0.103036 0.583490 0.448192
v -0.086417 0.585442 0.433578
v -0.069359 0.579263 0.418803
v -0.238557 0.528033 0.419602
v -0.253175 0.546782 0.414271
v -0.147507 0.481260 0.437060
v -0.204178 0.473610 0.435120
v -0.271528 0.584545 0.350743
v -0.281546 0.587485 0.332898
v -0.290455 0.591759 0.314501
v -0.299961 0.597526 0.296057
v -0.306252 0.605765 0.276090
v -0.266044 0.578619 0.369181
v -0.270227 0.571480 0.389310
v 0.061435 0.738653 0.180026
v 0.041940 0.749092 0.217267
v 0.021451 0.745861 0.229993
v -0.088638 0.643704 -0.085844
v -0.224796 0.634507 -0.049106
v -0.175953 0.646101 -0.087687
v -0.152368 0.651026 -0.084358
v -0.216813 0.384528 0.188223
v -0.214471 0.383640 0.210729
v -0.223817 0.371275 0.174985
v -0.216373 0.388811 0.236968
v -0.290111 0.418824 0.198756
v -0.303807 0.589532 0.219112
v -0.321330 0.614877 0.162171
v -0.340091 0.584204 0.098469
v -0.088500 0.658081 -0.068718
v -0.099984 0.663372 -0.051268
v -0.292822 0.624354 0.021896
v -0.317905 0.594717 0.009540
v -0.274627 0.638057 0.014371
v -0.310096 0.558450 0.002383
v -0.306186 0.537715 0.021555
v -0.316963 0.534582 0.041648
v -0.337824 0.542385 0.057628
v -0.013340 0.729303 -0.007805
v 0.016083 0.743394 0.026779
v -0.111864 0.669865 -0.030858
v -0.104812 0.695154 -0.017153
v -0.090112 0.717325 -0.009871
v -0.072111 0.724045 -0.013010
v -0.050812 0.726512 -0.018092
v 0.022886 0.744188 0.087142
v 0.040402 0.746902 0.131905
v -0.021668 0.752009 0.240767
v 0.000191 0.747737 0.237224
v -0.054987 0.740253 0.229104
v -0.065281 0.724736 0.216539
v -0.081569 0.709821 0.207790
v -0.100432 0.696480 0.198969
v -0.109750 0.676003 0.182841
v -0.197982 0.678282 0.315011
v -0.199031 0.656677 0.371856
v -0.205971 0.664899 0.350675
v -0.174924 0.607890 0.447129
v -0.160962 0.602480 0.460237
v -0.141330 0.587727 0.460354
v -0.118930 0.580338 0.463679
v -0.266510 0.566137 0.411235
v -0.078482 0.553086 0.426627
v -0.087133 0.533008 0.410980
v -0.097180 0.514339 0.421817
v -0.113269 0.501094 0.434464
v -0.129274 0.489450 0.446710
v -0.182009 0.472254 0.446091
v -0.161340 0.474952 0.449467
v -0.223454 0.478034 0.449357
v -0.242494 0.487171 0.438038
v -0.238366 0.525021 0.439790
v -0.301305 0.603226 0.236669
v -0.309038 0.615425 0.256009
v 0.053620 0.746681 0.159156
v 0.054646 0.754436 0.196812
v -0.129263 0.653028 -0.079012
v -0.107358 0.658852 -0.075306
v -0.235232 0.633846 -0.029824
v -0.191642 0.650118 -0.070336
v -0.206400 0.649466 -0.052112
v -0.287048 0.407712 0.178495
v -0.274828 0.394462 0.163818
v -0.257311 0.379986 0.161758
v -0.242207 0.364358 0.163038
v -0.277262 0.388816 0.227862
v -0.260555 0.388411 0.244900
v -0.220311 0.394532 0.248129
v -0.293193 0.397933 0.200562
v -0.303929 0.613023 0.216540
v -0.305671 0.622786 0.196172
v -0.319749 0.629327 0.179965
v -0.346573 0.616988 0.155653
v -0.353461 0.605466 0.135264
v -0.358385 0.591897 0.111669
v -0.259003 0.633409 0.002830
v -0.242859 0.634237 -0.011296
v -0.340474 0.583051 0.073627
v -0.314521 0.616499 0.015796
v -0.323389 0.574433 0.003824
v -0.305245 0.541096 0.001634
v -0.350529 0.566210 0.058526
v -0.027974 0.721523 -0.024335
v 0.003849 0.738355 -0.014553
v 0.015770 0.750849 0.003778
v 0.024557 0.757186 0.043746
v 0.026917 0.747968 0.065207
v 0.029674 0.760065 0.102573
v 0.022804 0.757017 0.121336
v 0.049876 0.764159 0.150598
v -0.042359 0.761581 0.236929
v -0.183513 0.651573 0.244200
v -0.170728 0.653399 0.228841
v -0.192853 0.683319 0.275493
v -0.154953 0.646937 0.212943
v -0.137226 0.646423 0.196601
v -0.121496 0.656911 0.181790
v -0.200997 0.692798 0.295023
v -0.213445 0.676920 0.329329
v -0.214633 0.653707 0.388479
v -0.207974 0.647673 0.410122
v -0.199923 0.633978 0.428129
v -0.192191 0.620094 0.444840
v -0.100511 0.573936 0.467682
v -0.084599 0.576407 0.454936
v -0.071324 0.571822 0.442319
v -0.248044 0.542243 0.434110
v -0.253983 0.562405 0.429163
v -0.144720 0.479896 0.458116
v -0.201904 0.474785 0.459057
v -0.239358 0.508087 0.441648
v -0.267299 0.595537 0.366633
v -0.278518 0.600819 0.349129
v -0.290808 0.605878 0.332092
v -0.295343 0.613670 0.311995
v -0.304731 0.621076 0.293752
v -0.312151 0.629167 0.274658
v -0.261850 0.595088 0.384384
v -0.264380 0.588412 0.405297
v 0.052942 0.759738 0.173042
v 0.036468 0.771329 0.204893
v 0.034509 0.759464 0.220170
v 0.015415 0.763818 0.239394
v -0.221996 0.653359 -0.035709
v -0.167442 0.650930 -0.066184
v -0.143790 0.653379 -0.060680
v -0.221639 0.362914 0.198585
v -0.228231 0.370391 0.221078
v -0.239394 0.358724 0.183414
v -0.240274 0.386237 0.259858
v -0.234416 0.379674 0.240580
v -0.336935 0.635860 0.167089
v -0.356069 0.594024 0.083904
v -0.121594 0.661658 -0.056016
v -0.309766 0.634256 0.029876
v -0.291976 0.651989 0.026817
v -0.340985 0.585515 0.011005
v -0.338055 0.606830 0.015020
v -0.256845 0.651765 -0.004680
v -0.325972 0.558695 -0.011689
v -0.314145 0.542630 -0.014973
v -0.310805 0.526381 0.000360
v -0.320882 0.526609 0.019991
v -0.338369 0.538865 0.031637
v -0.354172 0.555957 0.037864
v -0.003392 0.720014 -0.031004
v 0.027731 0.762190 0.021516
v -0.128060 0.683035 -0.024084
v -0.105895 0.720207 -0.026392
v -0.089400 0.728880 -0.027116
v -0.067790 0.727874 -0.033408
v -0.045579 0.720812 -0.040247
v 0.036419 0.762357 0.081693
v 0.045256 0.770069 0.130906
v -0.007194 0.769019 0.246326
v -0.032169 0.770681 0.238543
v -0.060814 0.759846 0.217548
v -0.066363 0.741277 0.208802
v -0.076983 0.727678 0.194393
v -0.086637 0.715772 0.176443
v -0.105067 0.697737 0.172418
v -0.186981 0.672491 0.254168
v -0.122802 0.656957 0.159760
v -0.218435 0.690956 0.308547
v -0.221171 0.661541 0.367320
v -0.228473 0.672786 0.346679
v -0.183398 0.605940 0.457825
v -0.152919 0.594492 0.480676
v -0.133234 0.579167 0.480656
v -0.107615 0.568605 0.484661
v -0.259842 0.582981 0.426817
v -0.072707 0.546976 0.449912
v -0.081009 0.529933 0.433761
v -0.095487 0.512608 0.445494
v -0.111399 0.498621 0.457371
v -0.127471 0.486275 0.469152
v -0.183023 0.472914 0.469769
v -0.169957 0.472644 0.461685
v -0.157503 0.474500 0.465587
v -0.219446 0.480634 0.472557
v -0.241376 0.487139 0.462619
v -0.258508 0.497102 0.450814
v -0.256017 0.518919 0.450971
v -0.248527 0.537352 0.454737
v -0.318955 0.621620 0.233101
v -0.319532 0.636310 0.255179
v 0.047826 0.776808 0.187004
v -0.241104 0.653549 -0.021992
v -0.182696 0.653200 -0.048977
v -0.198965 0.658191 -0.032761
v -0.284478 0.386904 0.183431
v -0.276180 0.374324 0.172190
v -0.261076 0.356644 0.168418
v -0.270416 0.368115 0.236781
v -0.293343 0.393136 0.215455
v -0.255864 0.373204 0.252494
v -0.304937 0.636413 0.217160
v -0.311881 0.644458 0.195481
v -0.325819 0.650814 0.177993
v -0.358380 0.642515 0.157973
v -0.369660 0.624841 0.145763
v -0.374279 0.609217 0.124157
v -0.374951 0.600025 0.092021
v -0.137032 0.667189 -0.040178
v -0.356653 0.594073 0.056278
v -0.331737 0.622955 0.031638
v -0.269108 0.655239 0.034679
v -0.344653 0.570227 -0.005013
v -0.251466 0.656329 0.017711
v -0.312416 0.527349 -0.021178
v -0.361705 0.577520 0.039699
v -0.021682 0.711488 -0.047025
v 0.010030 0.741384 -0.037624
v 0.017447 0.756169 -0.018068
v 0.027065 0.769903 0.000129
v 0.034118 0.776480 0.038620
v 0.038094 0.767855 0.059385
v -0.119571 0.705893 -0.031675
v 0.029317 0.781145 0.095230
v 0.028834 0.777725 0.116548
v 0.053960 0.792997 0.147734
v -0.041792 0.783779 0.222683
v -0.117427 0.683254 0.151352
v -0.182443 0.665916 0.236854
v -0.170066 0.658674 0.206498
v -0.196427 0.693462 0.253756
v -0.206340 0.702821 0.272312
v -0.159946 0.641953 0.190978
v -0.140088 0.642894 0.174974
v -0.220050 0.707511 0.289904
v -0.236821 0.687495 0.324009
v -0.228426 0.641068 0.401109
v -0.236577 0.652495 0.382337
v -0.222228 0.632856 0.421636
v -0.212373 0.618852 0.437385
v -0.204411 0.607964 0.456049
v -0.175877 0.597914 0.477712
v -0.077602 0.565750 0.470462
v -0.249976 0.556703 0.450325
v -0.244685 0.573699 0.443432
v -0.145805 0.476290 0.481089
v -0.198815 0.475978 0.482699
v -0.272540 0.608440 0.365988
v -0.285539 0.618383 0.348889
v -0.293586 0.626974 0.330095
v -0.301949 0.635683 0.312124
v -0.312180 0.643988 0.293597
v -0.321357 0.651620 0.275033
v -0.255267 0.611718 0.398932
v -0.248277 0.602796 0.417698
v 0.055304 0.783068 0.166730
v 0.045568 0.793150 0.203569
v 0.027078 0.769837 0.223074
v 0.007902 0.781172 0.228670
v -0.215171 0.656638 -0.015608
v -0.158992 0.656363 -0.043818
v -0.243402 0.360145 0.207702
v -0.249889 0.367180 0.229696
v -0.260632 0.353617 0.194436
v -0.282339 0.372218 0.218557
v -0.287182 0.376442 0.198108
v -0.340999 0.658923 0.167226
v -0.376264 0.592920 0.106434
v -0.367083 0.611439 0.072208
v -0.324929 0.639566 0.037228
v -0.310415 0.655614 0.040105
v -0.285756 0.660136 0.056940
v -0.358656 0.594180 0.021890
v -0.356045 0.568119 0.016970
v -0.349235 0.609943 0.038192
v -0.231589 0.654187 0.003602
v -0.346367 0.552665 -0.019150
v -0.329312 0.540437 -0.025530
v -0.316922 0.529636 -0.033886
v -0.313561 0.513731 -0.019271
v -0.324384 0.515668 -0.000782
v -0.344141 0.523978 0.014138
v -0.357970 0.544219 0.018281
v 0.002584 0.724691 -0.055907
v 0.033500 0.784545 0.017840
v -0.142059 0.698237 -0.026870
v -0.153787 0.673200 -0.024800
v -0.115551 0.726252 -0.044491
v -0.104065 0.731102 -0.044559
v -0.085913 0.732649 -0.048251
v -0.062824 0.728741 -0.053863
v -0.040573 0.720818 -0.062846
v 0.038122 0.783346 0.074730
v 0.043694 0.792541 0.138563
v -0.015191 0.786175 0.229872
v -0.071629 0.754490 0.189259
v -0.058238 0.778811 0.204307
v -0.093084 0.736949 0.184399
v -0.109031 0.720117 0.175823
v -0.123675 0.708426 0.163262
v -0.179650 0.671790 0.220660
v -0.189031 0.682647 0.235951
v -0.144699 0.647349 0.154957
v -0.136914 0.670491 0.152047
v -0.235017 0.707361 0.304703
v -0.243370 0.661909 0.361102
v -0.250959 0.674934 0.341589
v -0.196937 0.599230 0.475666
v -0.167230 0.590121 0.498425
v -0.143812 0.585702 0.500256
v -0.125216 0.569712 0.501184
v -0.077613 0.559495 0.492902
v -0.240081 0.593226 0.436743
v -0.074729 0.541959 0.474708
v -0.081679 0.526115 0.458679
v -0.095938 0.509547 0.469273
v -0.110366 0.494875 0.480393
v -0.125288 0.481889 0.492329
v -0.165963 0.472908 0.478053
v -0.179432 0.472935 0.491817
v -0.235704 0.488971 0.485516
v -0.215410 0.481985 0.497005
v -0.259149 0.498114 0.473523
v -0.275347 0.511505 0.463052
v -0.269754 0.533142 0.462566
v -0.259725 0.552417 0.464965
v -0.263438 0.621451 0.380233
v -0.321056 0.644924 0.235401
v -0.324494 0.660037 0.254604
v 0.058862 0.798448 0.183453
v 0.025261 0.789400 0.215854
v -0.175313 0.659548 -0.027885
v -0.191170 0.660509 -0.010858
v -0.278191 0.356698 0.180743
v -0.265095 0.357855 0.217048
v -0.361868 0.602756 0.064243
v -0.319170 0.654445 0.216265
v -0.327666 0.662571 0.195813
v -0.338911 0.666410 0.175310
v -0.346476 0.669164 0.149730
v -0.365481 0.652317 0.138124
v -0.374054 0.634483 0.121937
v -0.376453 0.617567 0.104112
v -0.378661 0.624227 0.084121
v -0.344660 0.628318 0.046208
v -0.262966 0.670712 0.049218
v -0.240029 0.669522 0.041640
v -0.363998 0.553883 -0.002802
v -0.222416 0.657856 0.027870
v -0.314189 0.519925 -0.040941
v -0.312927 0.513937 -0.035632
v -0.017155 0.721176 -0.070147
v 0.012269 0.752801 -0.059310
v 0.016274 0.766145 -0.037396
v 0.023615 0.779344 -0.019530
v 0.034252 0.792525 -0.003159
v 0.042608 0.798353 0.034976
v 0.040702 0.790195 0.054977
v -0.134168 0.715434 -0.044143
v 0.041035 0.798432 0.089688
v 0.037140 0.796954 0.113514
v 0.055087 0.809242 0.132600
v 0.063127 0.805341 0.158915
v -0.021071 0.803713 0.217523
v -0.039264 0.796610 0.200783
v -0.139956 0.694880 0.154788
v -0.172656 0.662353 0.184297
v -0.182910 0.675875 0.199475
v -0.212558 0.708260 0.249677
v -0.202377 0.698265 0.231764
v -0.224779 0.716540 0.267551
v -0.163005 0.646665 0.168276
v -0.238711 0.722365 0.285218
v -0.249463 0.707778 0.316472
v -0.260546 0.692244 0.325864
v -0.248809 0.634720 0.392593
v -0.243078 0.626769 0.413424
v -0.256254 0.645511 0.373558
v -0.232608 0.614014 0.429518
v -0.223209 0.601945 0.447525
v -0.216113 0.592245 0.469307
v -0.189322 0.590433 0.495087
v -0.100900 0.559949 0.506779
v -0.249526 0.572284 0.463731
v -0.233637 0.584741 0.458694
v -0.140361 0.473885 0.506553
v -0.194160 0.475277 0.506571
v -0.160097 0.472136 0.499051
v -0.269406 0.630000 0.359904
v -0.284858 0.639233 0.346186
v -0.294729 0.648164 0.328114
v -0.310703 0.657549 0.313868
v -0.320251 0.666859 0.294487
v -0.327005 0.676266 0.274015
v 0.055897 0.816010 0.199522
v 0.034635 0.811405 0.213728
v 0.006305 0.804416 0.221160
v -0.208881 0.662714 0.005577
v -0.278828 0.359044 0.202780
v -0.377043 0.631381 0.062982
v -0.361553 0.622160 0.050675
v -0.346287 0.637115 0.029829
v -0.328041 0.654252 0.020964
v -0.306453 0.672010 0.052585
v -0.279390 0.681625 0.048571
v -0.364371 0.537357 -0.019793
v -0.349781 0.537316 -0.035863
v -0.333691 0.527743 -0.042883
v -0.319818 0.517683 -0.052116
v -0.328718 0.502182 -0.019479
v -0.317630 0.502078 -0.037750
v -0.346943 0.510850 -0.005520
v -0.360825 0.529482 -0.000025
v -0.005553 0.744388 -0.076850
v 0.042075 0.806815 0.014099
v -0.156459 0.713088 -0.039194
v -0.164267 0.696422 -0.023658
v -0.127389 0.729108 -0.063821
v -0.103568 0.734263 -0.066388
v -0.079288 0.738026 -0.067848
v -0.055071 0.738645 -0.071912
v -0.030571 0.741342 -0.074309
v 0.046063 0.802415 0.068691
v -0.078401 0.777566 0.192239
v -0.061168 0.794119 0.191642
v -0.097151 0.757835 0.189947
v -0.113982 0.741419 0.185839
v -0.130989 0.724782 0.179719
v -0.145347 0.716514 0.164956
v -0.193610 0.686627 0.215130
v -0.158264 0.664441 0.154913
v -0.156959 0.683617 0.147629
v -0.255301 0.722627 0.301358
v -0.264245 0.660081 0.353663
v -0.273523 0.673697 0.335791
v -0.209928 0.584917 0.489558
v -0.159190 0.580887 0.518169
v -0.181615 0.582321 0.514774
v -0.136302 0.576567 0.520671
v -0.118631 0.560909 0.522403
v -0.078608 0.535957 0.497853
v -0.078426 0.549801 0.514263
v -0.084717 0.522159 0.482795
v -0.096411 0.505217 0.492549
v -0.108777 0.490233 0.503383
v -0.121919 0.478627 0.515966
v -0.174616 0.470970 0.515273
v -0.232771 0.489921 0.496909
v -0.251552 0.499765 0.494206
v -0.206370 0.479746 0.518924
v -0.269851 0.512441 0.486595
v -0.286197 0.528426 0.476783
v -0.281137 0.549730 0.473669
v -0.269620 0.569455 0.475116
v -0.327266 0.666739 0.234130
v -0.328086 0.683049 0.252216
v 0.065950 0.820630 0.175469
v -0.175388 0.677209 -0.014552
v -0.193654 0.678045 0.000208
v -0.330028 0.672433 0.214312
v -0.339071 0.690706 0.188459
v -0.343145 0.691386 0.166848
v -0.350394 0.676793 0.127465
v -0.370892 0.662398 0.113976
v -0.377414 0.641520 0.099363
v -0.385770 0.645554 0.077649
v -0.306622 0.668927 0.028058
v -0.257910 0.688716 0.040116
v -0.218803 0.655383 0.051613
v -0.209816 0.678156 0.016944
v -0.318746 0.505998 -0.053361
v -0.008463 0.769400 -0.068047
v 0.002096 0.779079 -0.050511
v 0.016203 0.791192 -0.036802
v 0.031100 0.802232 -0.022742
v 0.045468 0.813497 -0.007564
v 0.050769 0.821681 0.032815
v 0.052312 0.816302 0.056329
v -0.150158 0.726659 -0.058146
v 0.050813 0.815500 0.082029
v 0.048371 0.812624 0.105480
v 0.066755 0.826333 0.145497
v -0.005710 0.824094 0.212378
v -0.028054 0.818948 0.199855
v -0.049301 0.814485 0.185524
v -0.160952 0.706210 0.153595
v -0.173932 0.667739 0.162587
v -0.186671 0.679435 0.177184
v -0.199855 0.688804 0.193144
v -0.218648 0.712148 0.227104
v -0.229889 0.722124 0.245248
v -0.211447 0.698079 0.210217
v -0.243840 0.730976 0.262831
v -0.262046 0.731600 0.279410
v -0.270430 0.703473 0.307961
v -0.283809 0.686804 0.318120
v -0.268908 0.649491 0.358260
v -0.230154 0.580991 0.483475
v -0.203127 0.576636 0.509005
v -0.098290 0.551082 0.528867
v -0.251299 0.578716 0.479874
v -0.154433 0.469129 0.522149
v -0.135171 0.470558 0.529909
v -0.191227 0.473141 0.533979
v -0.224436 0.488233 0.517109
v -0.281223 0.655790 0.342095
v -0.292288 0.666920 0.324646
v -0.305035 0.680109 0.308605
v -0.312155 0.689556 0.288359
v -0.315040 0.696721 0.266234
v 0.057479 0.837981 0.188178
v 0.043016 0.834174 0.207427
v 0.019888 0.829017 0.215780
v -0.336728 0.692810 0.209942
v -0.347479 0.695189 0.143630
v -0.375525 0.638823 0.039597
v -0.391466 0.649479 0.056115
v -0.351148 0.647722 0.014931
v -0.351264 0.618779 0.024739
v -0.310527 0.667007 0.006281
v -0.295586 0.685083 0.037816
v -0.277534 0.704682 0.042006
v -0.238494 0.692462 0.029257
v -0.223105 0.667669 0.061587
v -0.221955 0.680557 0.038908
v -0.365106 0.515049 -0.018115
v -0.370415 0.525084 -0.038056
v -0.352684 0.526128 -0.054116
v -0.334580 0.516647 -0.064709
v -0.323791 0.503276 -0.068275
v -0.351178 0.496264 -0.023078
v -0.333686 0.491433 -0.039734
v -0.323670 0.490132 -0.056046
v -0.024868 0.763454 -0.080844
v 0.054495 0.828091 0.010878
v -0.172457 0.726464 -0.050528
v -0.178501 0.712213 -0.032380
v -0.185044 0.697145 -0.013207
v -0.143630 0.743190 -0.074729
v -0.120315 0.747707 -0.077184
v -0.095961 0.751220 -0.080092
v -0.071026 0.756453 -0.078456
v -0.047235 0.758316 -0.081117
v 0.061726 0.826901 0.119692
v -0.085924 0.796072 0.201762
v -0.101482 0.776785 0.203342
v -0.071930 0.815347 0.197372
v -0.118792 0.759620 0.198360
v -0.136642 0.745161 0.190387
v -0.153128 0.732419 0.181001
v -0.166922 0.726229 0.164590
v -0.177491 0.669613 0.140333
v -0.177759 0.695198 0.143409
v -0.278715 0.716441 0.290428
v -0.224414 0.575095 0.503984
v -0.151901 0.570642 0.537668
v -0.173934 0.573876 0.535508
v -0.194685 0.567443 0.529379
v -0.130437 0.566876 0.540981
v -0.115135 0.551299 0.544435
v -0.085961 0.516493 0.505731
v -0.079366 0.528339 0.520122
v -0.079893 0.540807 0.536489
v -0.095595 0.500062 0.515411
v -0.105966 0.486172 0.526553
v -0.117465 0.475289 0.539173
v -0.168345 0.466715 0.538535
v -0.244783 0.496062 0.515008
v -0.263982 0.507282 0.509716
v -0.212541 0.485623 0.537813
v -0.273644 0.527014 0.501243
v -0.292399 0.544509 0.494998
v -0.292962 0.564543 0.490946
v -0.269014 0.571353 0.495243
v -0.332017 0.689147 0.230861
v -0.322201 0.705648 0.245580
v 0.064653 0.841732 0.163103
v -0.205716 0.694919 -0.000449
v -0.322292 0.707373 0.199053
v -0.323199 0.707118 0.175292
v -0.333771 0.711541 0.155247
v -0.347999 0.700083 0.119750
v -0.357633 0.684809 0.104153
v -0.387099 0.661145 0.092403
v -0.370057 0.625548 0.022121
v -0.400739 0.664669 0.076467
v -0.333927 0.662739 0.001639
v -0.342830 0.632415 0.007494
v -0.291253 0.679669 0.013617
v -0.254963 0.710743 0.030302
v -0.220901 0.696288 0.018262
v -0.322170 0.489967 -0.070565
v -0.023883 0.787107 -0.074859
v -0.006092 0.793370 -0.066209
v 0.010084 0.802989 -0.054907
v 0.022610 0.814737 -0.040016
v 0.039736 0.824318 -0.027135
v 0.051919 0.837253 -0.010107
v 0.060527 0.842618 0.030284
v 0.057072 0.837798 0.051557
v -0.166416 0.741395 -0.068214
v 0.056717 0.833861 0.073311
v 0.055885 0.830879 0.096587
v 0.071159 0.836483 0.128404
v 0.001814 0.847018 0.208929
v -0.018154 0.839284 0.197565
v -0.038769 0.836265 0.187229
v -0.061116 0.835588 0.192378
v -0.180910 0.718792 0.149714
v -0.191338 0.680671 0.153415
v -0.206271 0.690175 0.170389
v -0.219423 0.698317 0.187598
v -0.235517 0.725474 0.221554
v -0.227406 0.711299 0.204762
v -0.250005 0.732234 0.239126
v -0.267634 0.735717 0.255567
v -0.285029 0.725051 0.268924
v -0.293015 0.698943 0.299991
v -0.245958 0.574426 0.498696
v -0.218501 0.565688 0.527670
v -0.098390 0.541479 0.553595
v -0.148135 0.464679 0.544468
v -0.129377 0.466353 0.552467
v -0.181024 0.468204 0.556883
v -0.235637 0.494526 0.542030
v -0.200576 0.481490 0.557223
v -0.299206 0.708113 0.279412
v -0.305529 0.717228 0.258180
v 0.067125 0.846715 0.137801
v 0.054092 0.858164 0.173683
v 0.042673 0.855206 0.194285
v 0.025274 0.850901 0.207771
v -0.326355 0.710452 0.222811
v -0.338601 0.715478 0.134826
v -0.383583 0.681912 0.093419
v -0.376721 0.642565 0.016811
v -0.385917 0.657422 0.033936
v -0.390296 0.673459 0.052411
v -0.348099 0.651850 -0.004928
v -0.357863 0.619185 0.005141
v -0.316871 0.671902 -0.014243
v -0.291412 0.680251 -0.010633
v -0.286801 0.697663 0.022860
v -0.261917 0.718774 0.053544
v -0.238003 0.709410 0.012884
v -0.369526 0.501560 -0.036329
v -0.371405 0.512126 -0.055132
v -0.354029 0.512840 -0.070575
v -0.337392 0.498839 -0.078673
v -0.329174 0.489356 -0.079918
v -0.355780 0.480696 -0.041521
v -0.339452 0.477208 -0.058930
v -0.329798 0.478262 -0.070643
v -0.042242 0.780097 -0.082992
v 0.054105 0.852375 0.009759
v -0.194149 0.726524 -0.041191
v -0.188510 0.741624 -0.059187
v -0.199283 0.712001 -0.019720
v -0.159762 0.758329 -0.084393
v -0.136730 0.761148 -0.089783
v -0.113786 0.765236 -0.091356
v -0.088398 0.770874 -0.089433
v -0.064354 0.775173 -0.090242
v 0.063569 0.846767 0.113510
v -0.094557 0.817228 0.207295
v -0.107638 0.797963 0.212803
v -0.124410 0.778540 0.209811
v -0.082148 0.836659 0.203182
v -0.142622 0.763701 0.201895
v -0.159220 0.751501 0.191355
v -0.175410 0.741122 0.179172
v -0.188490 0.737175 0.161229
v -0.195952 0.710816 0.136283
v -0.235986 0.566947 0.517492
v -0.166090 0.564368 0.555270
v -0.145467 0.560809 0.557100
v -0.184939 0.558054 0.549037
v -0.208282 0.558403 0.548740
v -0.123681 0.557661 0.560321
v -0.085758 0.510404 0.527718
v -0.079542 0.520642 0.541697
v -0.078268 0.530745 0.558545
v -0.092810 0.495932 0.537906
v -0.101639 0.483230 0.549832
v -0.112000 0.471308 0.562047
v -0.160446 0.461157 0.559394
v -0.252725 0.502964 0.531661
v -0.264327 0.520932 0.523582
v -0.220800 0.494199 0.561024
v -0.274685 0.539791 0.517112
v -0.284127 0.559665 0.512828
v -0.258920 0.566501 0.514230
v -0.310471 0.722858 0.234973
v 0.061444 0.862203 0.150335
v -0.219698 0.712928 -0.003056
v -0.309012 0.721154 0.210680
v -0.315771 0.727698 0.186234
v -0.330461 0.729519 0.167390
v -0.345175 0.730507 0.150334
v -0.324185 0.717106 0.113112
v -0.343898 0.703215 0.096384
v -0.369898 0.701726 0.085258
v -0.379616 0.622438 0.001229
v -0.386322 0.690240 0.070492
v -0.339230 0.665356 -0.018244
v -0.350230 0.635089 -0.015394
v -0.345230 0.625214 -0.004652
v -0.292953 0.706342 0.002613
v -0.284837 0.712491 0.023473
v -0.276257 0.711885 0.068656
v -0.261453 0.731408 0.039266
v -0.255628 0.729241 0.012992
v -0.332517 0.476170 -0.083654
v -0.037178 0.802114 -0.085536
v -0.019696 0.810223 -0.074213
v 0.002542 0.815054 -0.072268
v 0.020200 0.823768 -0.061288
v 0.035196 0.834473 -0.047089
v 0.048877 0.846016 -0.031724
v 0.053179 0.861626 -0.010539
v 0.058151 0.865792 0.029388
v 0.063694 0.857311 0.049695
v 0.062328 0.854152 0.065294
v -0.182132 0.757930 -0.074961
v 0.059740 0.850870 0.086943
v 0.010176 0.867294 0.216584
v -0.016492 0.853527 0.200291
v -0.029934 0.851193 0.190577
v -0.047932 0.852634 0.194566
v -0.068324 0.852149 0.205594
v -0.201820 0.733325 0.143141
v -0.210971 0.694840 0.147737
v -0.227791 0.698711 0.164245
v -0.235557 0.710920 0.182141
v -0.255785 0.732683 0.215324
v -0.240987 0.727286 0.198206
v -0.272402 0.734541 0.231413
v -0.289214 0.728175 0.245136
v -0.196214 0.686776 0.132983
v -0.245382 0.559758 0.530744
v -0.231968 0.552947 0.547281
v -0.114342 0.549369 0.578009
v -0.095511 0.532611 0.577239
v -0.141509 0.459577 0.565899
v -0.123013 0.461295 0.574964
v -0.170419 0.462225 0.576293
v -0.187953 0.477515 0.576155
v -0.251052 0.516860 0.544856
v -0.204873 0.493273 0.577649
v -0.232280 0.514478 0.560499
v 0.062039 0.865494 0.126084
v 0.059180 0.878170 0.162539
v 0.047467 0.875096 0.184825
v 0.032344 0.870208 0.203272
v -0.349507 0.731067 0.124982
v -0.387967 0.660313 0.010613
v -0.381394 0.643821 -0.002531
v -0.391276 0.679761 0.028645
v -0.382316 0.694875 0.046322
v -0.360057 0.654845 -0.021487
v -0.362076 0.622003 -0.013875
v -0.323149 0.672781 -0.035652
v -0.303418 0.683932 -0.031047
v -0.296935 0.702996 -0.021490
v -0.293693 0.716854 0.035579
v -0.295076 0.715689 0.059395
v -0.253711 0.722858 0.078135
v -0.260986 0.734907 0.066342
v -0.239465 0.724028 0.000010
v -0.373965 0.488089 -0.055707
v -0.375601 0.500844 -0.073109
v -0.359527 0.506561 -0.088504
v -0.340674 0.479375 -0.090309
v -0.361254 0.467618 -0.063791
v -0.341901 0.461481 -0.078913
v -0.057590 0.795544 -0.093906
v 0.064511 0.870956 0.008601
v -0.213157 0.729002 -0.028513
v -0.209262 0.742781 -0.049273
v -0.203420 0.758670 -0.064598
v -0.173895 0.776419 -0.087057
v -0.151465 0.777172 -0.096516
v -0.128726 0.780348 -0.101086
v -0.105280 0.785454 -0.098792
v -0.080933 0.791011 -0.096258
v 0.060036 0.868253 0.101574
v -0.012612 0.862712 0.213106
v -0.104133 0.839205 0.213365
v -0.118204 0.820855 0.216533
v -0.132385 0.801984 0.214348
v -0.147166 0.784465 0.210486
v -0.091177 0.859880 0.208082
v -0.164543 0.770854 0.203022
v -0.180800 0.760035 0.187874
v -0.195554 0.750348 0.174277
v -0.209216 0.755860 0.158616
v -0.218781 0.727088 0.126856
v -0.215764 0.702576 0.124352
v -0.174725 0.550425 0.570080
v -0.158047 0.555874 0.575320
v -0.138842 0.552714 0.576812
v -0.196339 0.548054 0.567612
v -0.218486 0.545622 0.564863
v -0.084248 0.506199 0.546335
v -0.078863 0.512775 0.561698
v -0.076417 0.521038 0.579927
v -0.087202 0.495442 0.561854
v -0.096443 0.479444 0.573024
v -0.105531 0.466029 0.584424
v -0.153008 0.456720 0.576663
v -0.257476 0.535037 0.534186
v -0.216751 0.511980 0.577595
v -0.266821 0.553007 0.529265
v -0.293671 0.733370 0.222287
v 0.064344 0.881295 0.137949
v -0.297658 0.737772 0.199386
v -0.317488 0.743334 0.166183
v -0.337261 0.751617 0.159613
v -0.357690 0.730110 0.132687
v -0.325050 0.741816 0.116203
v -0.329632 0.717299 0.086519
v -0.352664 0.719129 0.075610
v -0.371044 0.709183 0.062739
v -0.379983 0.634429 -0.019998
v -0.341757 0.662736 -0.041981
v -0.366141 0.641209 -0.027260
v -0.302606 0.731457 -0.002108
v -0.297011 0.720903 0.013208
v -0.291920 0.714889 0.082059
v -0.270561 0.715575 0.090637
v -0.272499 0.749223 0.051027
v -0.262041 0.749046 0.025803
v -0.253308 0.747001 -0.018577
v -0.343062 0.500631 -0.102228
v -0.342642 0.461753 -0.104154
v -0.049473 0.815677 -0.100370
v -0.030454 0.823297 -0.090020
v -0.009619 0.830037 -0.083976
v 0.012420 0.835339 -0.079397
v 0.031999 0.842931 -0.068557
v 0.048420 0.852585 -0.054631
v 0.053533 0.866383 -0.036606
v 0.070962 0.878835 -0.010016
v 0.071951 0.884234 0.026040
v 0.068571 0.878350 0.047687
v 0.062528 0.872261 0.076157
v -0.195218 0.777067 -0.075887
v 0.028580 0.881916 0.221018
v -0.011848 0.875136 0.231388
v -0.031739 0.860956 0.203754
v -0.051934 0.864160 0.213038
v -0.072202 0.870186 0.216683
v -0.220293 0.750032 0.134550
v -0.228454 0.709766 0.141194
v -0.244294 0.711956 0.158217
v -0.250280 0.724084 0.175836
v -0.276289 0.738024 0.207926
v -0.260652 0.735193 0.191903
v -0.253819 0.545891 0.546263
v -0.239923 0.537074 0.562036
v -0.132197 0.544262 0.596238
v -0.107816 0.540625 0.598183
v -0.088983 0.525493 0.599037
v -0.136442 0.454264 0.589750
v -0.115023 0.455173 0.597242
v -0.157713 0.457276 0.593279
v -0.176802 0.471033 0.594891
v -0.192709 0.488216 0.596111
v -0.204855 0.507115 0.595944
v -0.225191 0.531743 0.578246
v 0.059487 0.886650 0.114514
v 0.073814 0.893238 0.152544
v 0.066189 0.893318 0.180442
v 0.049747 0.888289 0.205605
v -0.234093 0.731995 -0.017827
v -0.300124 0.740216 0.176517
v -0.355129 0.752555 0.147565
v -0.346355 0.751297 0.126511
v -0.308960 0.720930 0.097560
v -0.390035 0.685459 0.005731
v -0.379324 0.664369 -0.009850
v -0.379188 0.698505 0.022555
v -0.366632 0.709629 0.038761
v -0.362627 0.665488 -0.048412
v -0.324506 0.666959 -0.057969
v -0.309101 0.682044 -0.051073
v -0.299603 0.699749 -0.042901
v -0.298068 0.720044 -0.035118
v -0.312458 0.717647 0.049844
v -0.311456 0.724972 0.028142
v -0.311075 0.720070 0.073705
v -0.257733 0.732533 0.098256
v -0.274334 0.750668 0.077890
v -0.262907 0.749727 0.002508
v -0.379582 0.477948 -0.077596
v -0.378317 0.495137 -0.094298
v -0.363284 0.507224 -0.111714
v -0.347237 0.488056 -0.109050
v -0.351413 0.475480 -0.115871
v -0.365633 0.460595 -0.089697
v -0.072767 0.812024 -0.100547
v 0.052620 0.878793 -0.021137
v 0.083477 0.886038 0.005747
v -0.228420 0.745069 -0.036865
v -0.223520 0.760562 -0.053367
v -0.215821 0.775656 -0.067243
v -0.186288 0.796765 -0.085075
v -0.164492 0.795857 -0.095548
v -0.141726 0.797441 -0.102101
v -0.119255 0.801785 -0.104322
v -0.095718 0.807297 -0.102865
v 0.061961 0.889148 0.090391
v 0.008859 0.883236 0.237046
v -0.032885 0.870120 0.223559
v -0.114937 0.861348 0.210169
v -0.127372 0.842706 0.220474
v -0.141563 0.823555 0.224498
v -0.155661 0.805571 0.222179
v -0.169717 0.792256 0.210846
v -0.083014 0.882020 0.203890
v -0.185704 0.780057 0.197365
v -0.200276 0.769175 0.180101
v -0.227598 0.770489 0.149221
v -0.235643 0.744073 0.123350
v -0.184092 0.540532 0.588369
v -0.159220 0.545260 0.593709
v -0.205510 0.536022 0.583670
v -0.078213 0.504926 0.578437
v -0.075111 0.506818 0.600270
v -0.083677 0.490257 0.585971
v -0.090584 0.473544 0.595196
v -0.098021 0.458986 0.605613
v -0.211279 0.524829 0.595751
v 0.077740 0.898924 0.125119
v -0.280308 0.740811 0.185207
v -0.300581 0.750610 0.157084
v -0.318562 0.760573 0.151399
v -0.335534 0.764089 0.138888
v -0.315825 0.765056 0.128073
v -0.304708 0.732139 0.108235
v -0.331250 0.725022 0.063051
v -0.349144 0.715568 0.052600
v -0.344189 0.660144 -0.066182
v -0.381019 0.672872 -0.032744
v -0.308540 0.744873 -0.020937
v -0.285664 0.725392 0.101090
v -0.275292 0.769633 0.061885
v -0.267690 0.768810 0.039010
v -0.264950 0.767878 0.011740
v -0.271127 0.758172 -0.025259
v -0.344916 0.503842 -0.124525
v -0.365583 0.461357 -0.114370
v -0.064589 0.832957 -0.106415
v -0.042125 0.836872 -0.104439
v -0.021097 0.843074 -0.099451
v 0.001094 0.848406 -0.095949
v 0.024055 0.853751 -0.088993
v 0.045927 0.860328 -0.077481
v 0.058268 0.872027 -0.060849
v 0.059017 0.885778 -0.041008
v 0.067598 0.894070 -0.025185
v 0.087382 0.894455 -0.014699
v 0.086411 0.901303 0.023224
v 0.075716 0.898973 0.043332
v 0.072277 0.894576 0.064723
v -0.206837 0.796929 -0.077562
v 0.044220 0.892859 0.226935
v 0.029168 0.894081 0.240227
v -0.010217 0.891825 0.246107
v -0.031339 0.884135 0.237633
v -0.053133 0.878045 0.228758
v -0.103794 0.879170 0.198887
v -0.068156 0.890135 0.216692
v -0.216464 0.779941 0.169643
v -0.243149 0.761253 0.133050
v -0.237209 0.730743 0.143395
v -0.252043 0.731593 0.157112
v -0.268558 0.730712 0.169667
v -0.148593 0.538130 0.613295
v -0.124456 0.536368 0.616221
v -0.100749 0.533003 0.618874
v -0.082045 0.517232 0.620621
v -0.124393 0.448453 0.613022
v -0.105751 0.447783 0.618198
v -0.145257 0.453386 0.611612
v -0.165654 0.465201 0.613222
v -0.181375 0.482367 0.614402
v -0.193277 0.502022 0.614305
v -0.196931 0.526272 0.609002
v 0.074377 0.899899 0.100808
v 0.087395 0.905573 0.146085
v 0.086764 0.906211 0.168523
v 0.073182 0.904125 0.206188
v -0.283668 0.741579 0.163073
v -0.301313 0.748460 0.111344
v -0.389935 0.692072 -0.016684
v -0.381922 0.707686 0.000655
v -0.366609 0.716319 0.015922
v -0.349427 0.721196 0.029552
v -0.366285 0.669180 -0.070835
v -0.379653 0.681173 -0.054261
v -0.322408 0.656823 -0.080138
v -0.310704 0.676067 -0.072795
v -0.296866 0.693096 -0.065555
v -0.287417 0.712399 -0.056674
v -0.295941 0.733453 -0.052388
v -0.330462 0.719418 0.040335
v -0.331420 0.730617 0.019249
v -0.280529 0.735521 0.106906
v -0.279035 0.754857 0.102313
v -0.277021 0.772958 0.085656
v -0.383254 0.473015 -0.101210
v -0.382271 0.494112 -0.115660
v -0.358121 0.518001 -0.132385
v -0.347433 0.487530 -0.134436
v -0.364237 0.471379 -0.134571
v -0.086874 0.827497 -0.111795
v 0.096332 0.904977 0.002876
v -0.242008 0.761678 -0.042620
v -0.236251 0.772815 -0.061253
v -0.228274 0.784292 -0.078480
v -0.196867 0.816073 -0.085154
v -0.178277 0.815713 -0.095314
v -0.155086 0.815242 -0.103696
v -0.132677 0.818343 -0.108079
v -0.110076 0.823554 -0.109020
v 0.072993 0.910263 0.082236
v 0.061307 0.901800 0.225454
v 0.011432 0.901189 0.250259
v -0.125998 0.877062 0.195825
v -0.138554 0.863175 0.211688
v -0.151893 0.845958 0.225259
v -0.163326 0.826417 0.230562
v -0.176292 0.814865 0.219665
v -0.189034 0.802506 0.203139
v -0.093830 0.896843 0.188613
v -0.078947 0.905201 0.201114
v -0.204032 0.790654 0.188111
v -0.231724 0.792993 0.159067
v -0.246131 0.784460 0.143042
v -0.250887 0.744561 0.139791
v -0.171684 0.529548 0.608071
v -0.069308 0.497069 0.622910
v -0.078270 0.484051 0.607708
v -0.083908 0.465361 0.615564
v -0.090167 0.450301 0.624902
v 0.083550 0.913461 0.107832
v 0.088648 0.916208 0.132501
v 0.084480 0.908596 0.189551
v -0.282697 0.751611 0.145497
v -0.298527 0.762937 0.141172
v -0.292437 0.766672 0.121843
v -0.354105 0.655982 -0.087294
v -0.388234 0.694654 -0.037165
v -0.338456 0.645943 -0.091800
v -0.296050 0.760657 -0.030017
v -0.332412 0.737605 -0.004370
v -0.278948 0.790578 0.070203
v -0.282038 0.786757 0.046910
v -0.278430 0.782495 0.023899
v -0.285733 0.774861 0.003342
v -0.375833 0.510783 -0.129932
v -0.353759 0.535234 -0.144608
v -0.351341 0.505914 -0.148920
v -0.384002 0.474987 -0.123453
v -0.077940 0.848824 -0.117109
v -0.056051 0.853065 -0.111825
v -0.036374 0.859145 -0.105287
v -0.014120 0.866576 -0.105544
v 0.011996 0.866446 -0.105667
v 0.035408 0.872369 -0.097067
v 0.054074 0.881616 -0.082759
v 0.061526 0.893903 -0.063054
v 0.064742 0.905639 -0.042341
v 0.079467 0.911727 -0.028919
v 0.099648 0.912312 -0.019705
v 0.095728 0.920567 0.020155
v 0.084487 0.918328 0.040389
v 0.077105 0.915766 0.060913
v -0.221830 0.794570 -0.095433
v -0.207069 0.817080 -0.087660
v 0.048648 0.903749 0.242215
v 0.033426 0.910259 0.250746
v -0.003309 0.914518 0.239519
v -0.024599 0.904757 0.234952
v -0.044247 0.897370 0.223167
v -0.114717 0.893819 0.183514
v -0.057562 0.914019 0.209139
v -0.219203 0.802515 0.176125
v -0.262446 0.776837 0.128907
v -0.268491 0.738657 0.148849
v -0.264568 0.755245 0.135962
v -0.159561 0.525239 0.629526
v -0.139564 0.531364 0.634922
v -0.116573 0.529373 0.637033
v -0.092993 0.525287 0.639848
v -0.078219 0.505817 0.640602
v -0.114932 0.442258 0.634066
v -0.134116 0.449011 0.631602
v -0.096945 0.440412 0.638182
v -0.152585 0.461645 0.631741
v -0.167512 0.478743 0.632662
v -0.180449 0.496628 0.633024
v -0.182851 0.518331 0.627720
v 0.093447 0.921400 0.157842
v 0.094366 0.924931 0.183145
v 0.088579 0.922497 0.206188
v 0.075704 0.916952 0.224320
v -0.382921 0.718333 -0.021372
v -0.370927 0.727169 -0.005019
v -0.350947 0.729781 0.007540
v -0.368161 0.673925 -0.093056
v -0.379147 0.689153 -0.075251
v -0.390774 0.700294 -0.058307
v -0.327063 0.641653 -0.107133
v -0.315203 0.671145 -0.094431
v -0.300431 0.688710 -0.088599
v -0.285281 0.705578 -0.081919
v -0.280577 0.726986 -0.073481
v -0.287126 0.749578 -0.067291
v -0.274878 0.775718 0.110279
v -0.272093 0.793615 0.092825
v -0.388339 0.495782 -0.135942
v -0.373874 0.528872 -0.141902
v -0.363076 0.486263 -0.153325
v -0.379726 0.480022 -0.141597
v -0.101237 0.845515 -0.114383
v 0.107197 0.924952 -0.001077
v -0.257538 0.770389 -0.054869
v -0.247210 0.772595 -0.075810
v -0.237037 0.775651 -0.096278
v -0.193078 0.835513 -0.093904
v -0.169221 0.834450 -0.104893
v -0.146771 0.836113 -0.111714
v -0.124325 0.841116 -0.113021
v 0.078901 0.934098 0.078683
v 0.063603 0.912688 0.239519
v 0.019311 0.921806 0.240425
v -0.147842 0.874960 0.192457
v -0.135184 0.888754 0.176993
v -0.162800 0.861710 0.210104
v -0.175243 0.840282 0.220878
v -0.189899 0.826975 0.205750
v -0.204595 0.814143 0.190884
v -0.104697 0.910419 0.173313
v -0.086927 0.917579 0.182742
v -0.065332 0.920671 0.188647
v -0.232569 0.815989 0.161765
v -0.249235 0.807566 0.150468
v -0.262732 0.800777 0.135307
v -0.063843 0.486721 0.642108
v -0.072347 0.474412 0.627649
v -0.078097 0.455391 0.634317
v -0.083897 0.443087 0.641434
v 0.065557 0.927511 0.099277
v 0.073734 0.927635 0.121388
v 0.078420 0.930999 0.145296
v -0.278961 0.767098 0.131520
v -0.392802 0.711024 -0.039022
v -0.349442 0.636211 -0.102944
v -0.365491 0.652414 -0.106994
v -0.338310 0.627645 -0.111104
v -0.316517 0.658659 -0.112871
v -0.276157 0.761966 -0.053735
v -0.354583 0.741955 -0.012187
v -0.336589 0.753802 -0.020633
v -0.315388 0.764109 -0.031652
v -0.272792 0.811537 0.077076
v -0.282291 0.808491 0.054528
v -0.281689 0.803171 0.029481
v -0.282020 0.796628 0.007328
v -0.285998 0.788808 -0.015057
v -0.386424 0.515852 -0.147995
v -0.350399 0.523020 -0.168301
v -0.373296 0.550967 -0.148617
v -0.363230 0.503776 -0.167613
v -0.091947 0.867413 -0.117547
v -0.071212 0.869667 -0.108850
v -0.052063 0.872700 -0.102682
v -0.035265 0.884358 -0.102266
v 0.000767 0.880181 -0.110744
v 0.020483 0.885777 -0.109297
v 0.039198 0.894579 -0.097464
v 0.053499 0.904996 -0.081611
v 0.060100 0.916338 -0.061005
v 0.069830 0.926362 -0.042252
v 0.090149 0.930715 -0.032450
v 0.112212 0.933374 -0.025055
v 0.105209 0.939842 0.017775
v 0.093681 0.935130 0.035565
v 0.088003 0.941264 0.055660
v -0.235365 0.789799 -0.113154
v -0.220835 0.809663 -0.112296
v -0.214216 0.832596 -0.105736
v 0.052395 0.917714 0.249195
v 0.042719 0.927659 0.239190
v 0.008014 0.931812 0.221615
v -0.014052 0.925460 0.219659
v -0.035526 0.917869 0.215104
v -0.125922 0.907745 0.165345
v -0.045124 0.927827 0.196434
v -0.217530 0.825933 0.175586
v -0.269306 0.796545 0.115345
v -0.167279 0.511727 0.645713
v -0.148263 0.516392 0.647976
v -0.131997 0.523218 0.653980
v -0.108824 0.520649 0.656808
v -0.085038 0.516406 0.660103
v -0.072700 0.496440 0.660974
v -0.107027 0.436023 0.655144
v -0.125465 0.443036 0.652045
v -0.140674 0.457669 0.651056
v -0.086836 0.435726 0.659360
v -0.156554 0.473130 0.652512
v -0.167430 0.491812 0.653158
v 0.078357 0.935868 0.170093
v 0.072152 0.940319 0.194982
v 0.078825 0.933798 0.217483
v 0.065678 0.928381 0.236089
v -0.376214 0.740964 -0.024584
v -0.392346 0.731788 -0.041948
v -0.377188 0.699296 -0.095032
v -0.358625 0.672532 -0.115050
v -0.387972 0.710391 -0.078123
v -0.402420 0.719300 -0.060856
v -0.330136 0.621250 -0.126038
v -0.323505 0.643012 -0.126040
v -0.307571 0.685096 -0.109986
v -0.292368 0.702092 -0.107674
v -0.278413 0.720768 -0.098674
v -0.272813 0.744382 -0.089259
v -0.266337 0.761155 -0.071454
v -0.303863 0.786518 -0.029147
v -0.268840 0.815108 0.099257
v -0.379277 0.498188 -0.155239
v -0.385448 0.536880 -0.158531
v -0.348202 0.548951 -0.164571
v -0.354781 0.562416 -0.149481
v -0.115389 0.864187 -0.116675
v -0.015610 0.890327 -0.110635
v 0.116176 0.946000 -0.003007
v -0.253031 0.758557 -0.094208
v -0.250156 0.770696 -0.114259
v -0.180597 0.853404 -0.102303
v -0.199953 0.850844 -0.110062
v -0.160664 0.855667 -0.111950
v -0.138969 0.860611 -0.116109
v 0.088460 0.958214 0.075858
v 0.075896 0.950917 0.095524
v 0.031189 0.935327 0.221071
v -0.169505 0.867487 0.186167
v -0.155322 0.880307 0.169214
v -0.146642 0.903188 0.158909
v -0.183485 0.850485 0.200615
v -0.201021 0.837713 0.188610
v -0.095219 0.930641 0.165248
v -0.117300 0.920375 0.162434
v -0.072582 0.930264 0.168482
v -0.051862 0.934617 0.175399
v -0.227779 0.839946 0.153702
v -0.248130 0.830729 0.147381
v -0.263135 0.821613 0.139940
v -0.269767 0.819581 0.121837
v -0.061264 0.477365 0.662701
v -0.069659 0.464497 0.647524
v -0.075057 0.445921 0.652979
v 0.062808 0.944133 0.114271
v 0.058052 0.938892 0.134285
v 0.058889 0.939209 0.155953
v -0.351399 0.617827 -0.118156
v -0.364206 0.636027 -0.120519
v -0.364688 0.691297 -0.110665
v -0.352138 0.653248 -0.126707
v -0.341844 0.607923 -0.127282
v -0.331571 0.660806 -0.128921
v -0.324712 0.682886 -0.116957
v -0.359442 0.757126 -0.030110
v -0.338998 0.767284 -0.039144
v -0.323880 0.785707 -0.039897
v -0.265216 0.832482 0.082971
v -0.276383 0.830431 0.062779
v -0.283497 0.823952 0.030496
v -0.276687 0.816303 0.011163
v -0.270600 0.804367 -0.009367
v -0.290072 0.807997 -0.031029
v -0.379527 0.518069 -0.166461
v -0.367035 0.520115 -0.180364
v -0.359683 0.540073 -0.181219
v -0.375670 0.571369 -0.157451
v -0.382453 0.558425 -0.169644
v -0.104836 0.886117 -0.117853
v -0.082532 0.887868 -0.112924
v -0.059228 0.888594 -0.122449
v -0.045775 0.893396 -0.122887
v -0.032323 0.898200 -0.123321
v 0.003603 0.899011 -0.112447
v 0.021999 0.908196 -0.106410
v 0.039055 0.917590 -0.094155
v 0.053041 0.927763 -0.078832
v 0.062015 0.938898 -0.059230
v 0.077236 0.946971 -0.043079
v 0.101307 0.949589 -0.037785
v 0.123114 0.954223 -0.023629
v 0.114763 0.959976 0.016579
v 0.101423 0.953407 0.036280
v -0.239521 0.808994 -0.124766
v -0.251602 0.789330 -0.129012
v -0.231524 0.828995 -0.125127
v -0.221275 0.850131 -0.123312
v 0.099919 0.965886 0.055555
v 0.055791 0.935985 0.218234
v 0.020187 0.941378 0.202598
v -0.002826 0.940741 0.203368
v -0.024345 0.934074 0.201817
v -0.140207 0.915275 0.150331
v -0.034309 0.943240 0.184738
v -0.209502 0.846183 0.168772
v -0.148938 0.504548 0.664565
v -0.124592 0.513783 0.673441
v -0.101217 0.510866 0.676560
v -0.078002 0.506463 0.680391
v -0.064986 0.487429 0.681082
v -0.120294 0.434769 0.673073
v -0.099707 0.431366 0.676589
v -0.131918 0.451830 0.670515
v -0.146978 0.467825 0.672538
v -0.072951 0.439740 0.670639
v -0.152935 0.485846 0.671958
v 0.053156 0.939351 0.178304
v -0.377940 0.752018 -0.046590
v -0.395716 0.744014 -0.064083
v -0.384917 0.719323 -0.098905
v -0.368634 0.714288 -0.111623
v -0.345036 0.689127 -0.115557
v -0.340550 0.672720 -0.125633
v -0.399376 0.727748 -0.083425
v -0.324895 0.626654 -0.142001
v -0.335638 0.599381 -0.138504
v -0.336985 0.644044 -0.139784
v -0.310768 0.703800 -0.118807
v -0.296086 0.720761 -0.117960
v -0.282437 0.737718 -0.111830
v -0.310763 0.805049 -0.041319
v -0.264417 0.837248 0.105695
v -0.285257 0.827377 0.042496
v -0.271239 0.813506 -0.018985
v -0.376983 0.538776 -0.176277
v -0.348743 0.561621 -0.177613
v -0.341184 0.574872 -0.165242
v -0.363422 0.585758 -0.149780
v -0.128992 0.884672 -0.118305
v -0.012874 0.910076 -0.118914
v 0.126153 0.967098 -0.004079
v -0.263642 0.751450 -0.114472
v -0.265552 0.769830 -0.132203
v -0.190609 0.870892 -0.105014
v -0.172855 0.871058 -0.105056
v -0.212039 0.869897 -0.113861
v -0.155570 0.882843 -0.113178
v 0.101001 0.978827 0.075235
v 0.087645 0.972841 0.094424
v 0.074849 0.965759 0.113179
v 0.043524 0.938867 0.200421
v -0.190482 0.856800 0.178332
v -0.177067 0.871570 0.163995
v -0.169770 0.893369 0.156424
v -0.158288 0.915157 0.139305
v -0.084136 0.947182 0.152628
v -0.119079 0.925332 0.179521
v -0.138939 0.924877 0.169420
v -0.060592 0.945370 0.154269
v -0.043005 0.952210 0.166147
v -0.213097 0.853146 0.149777
v -0.242366 0.850850 0.133046
v -0.260876 0.839437 0.128542
v -0.065113 0.454173 0.666994
v -0.053646 0.466830 0.681394
v -0.080298 0.433096 0.682462
v 0.057367 0.961098 0.127875
v 0.047792 0.955333 0.144955
v 0.039892 0.949487 0.163402
v -0.357517 0.601363 -0.133945
v -0.366720 0.620482 -0.136321
v -0.353207 0.634691 -0.139816
v -0.350777 0.709523 -0.120948
v -0.329118 0.607810 -0.136837
v -0.345254 0.585248 -0.141285
v -0.330885 0.706379 -0.122061
v -0.358915 0.766660 -0.052108
v -0.339059 0.781426 -0.056484
v -0.330518 0.803533 -0.052977
v -0.255101 0.853267 0.090587
v -0.265049 0.850592 0.068449
v -0.280381 0.849427 0.049572
v -0.283505 0.845729 0.031007
v -0.274406 0.837990 0.013912
v -0.261814 0.824973 -0.003424
v -0.280518 0.831288 -0.029510
v -0.298219 0.826890 -0.041693
v -0.365572 0.557972 -0.187391
v -0.368673 0.580429 -0.178845
v -0.378596 0.588906 -0.163972
v -0.116124 0.908982 -0.121785
v -0.092979 0.905894 -0.121796
v -0.072217 0.905330 -0.132153
v -0.049333 0.906262 -0.141426
v -0.026347 0.918227 -0.136023
v 0.004430 0.921262 -0.111781
v 0.023133 0.930871 -0.103440
v 0.042710 0.940411 -0.093318
v 0.057494 0.951174 -0.078439
v 0.069265 0.960610 -0.060028
v 0.086621 0.966501 -0.044946
v 0.110487 0.970153 -0.037795
v 0.127692 0.974571 -0.022901
v 0.122253 0.980930 0.015422
v 0.110885 0.973624 0.035522
v -0.254396 0.811446 -0.134333
v -0.269580 0.792822 -0.142412
v -0.246095 0.850946 -0.126376
v -0.234309 0.869700 -0.119291
v 0.111640 0.984959 0.055232
v 0.009406 0.955428 0.185053
v 0.029835 0.944042 0.181769
v -0.013202 0.948858 0.185955
v -0.158850 0.924666 0.167365
v -0.093301 0.954931 0.169735
v -0.107159 0.941395 0.185010
v -0.028067 0.962997 0.179263
v -0.196741 0.861365 0.156729
v -0.222667 0.858116 0.133326
v -0.137484 0.496729 0.685128
v -0.116294 0.504102 0.693353
v -0.093685 0.500540 0.696279
v -0.072320 0.495451 0.700483
v -0.062165 0.476309 0.701055
v -0.110345 0.432182 0.693379
v -0.123717 0.448112 0.690642
v -0.090953 0.428902 0.697349
v -0.139663 0.464548 0.692273
v -0.141905 0.474878 0.691778
v -0.060453 0.444098 0.688607
v -0.373998 0.759770 -0.068874
v -0.386320 0.750960 -0.085916
v -0.388299 0.737590 -0.099429
v -0.375145 0.735083 -0.114268
v -0.357900 0.729426 -0.128536
v -0.340546 0.627605 -0.154486
v -0.333469 0.611860 -0.160350
v -0.338763 0.587211 -0.149474
v -0.335078 0.592694 -0.153790
v -0.314996 0.721125 -0.129820
v -0.301100 0.739774 -0.126729
v -0.281825 0.752716 -0.131001
v -0.317693 0.824942 -0.051766
v -0.252202 0.855731 0.112922
v -0.255781 0.834659 -0.022306
v -0.352262 0.576081 -0.188360
v -0.371535 0.605947 -0.151430
v -0.141318 0.905341 -0.119620
v -0.008841 0.931248 -0.125658
v 0.127286 0.989836 -0.007947
v -0.256508 0.827651 -0.118227
v -0.285965 0.773938 -0.141830
v -0.199795 0.889831 -0.109493
v -0.180161 0.889507 -0.100952
v -0.221197 0.889638 -0.117023
v 0.114556 0.997567 0.075099
v 0.100786 0.993452 0.094510
v 0.088885 0.986377 0.114230
v 0.073600 0.980671 0.130602
v -0.186056 0.877987 0.145185
v -0.177584 0.897824 0.135672
v -0.176115 0.926125 0.151027
v -0.073768 0.961619 0.136298
v -0.083767 0.968414 0.151223
v -0.119216 0.929119 0.198721
v -0.138641 0.923528 0.188595
v -0.053217 0.962822 0.146737
v -0.040880 0.974551 0.168261
v -0.203850 0.866493 0.136523
v -0.234115 0.866161 0.115035
v -0.049632 0.460271 0.702953
v -0.071660 0.431702 0.702488
v 0.058344 0.974863 0.145746
v 0.045396 0.968321 0.160779
v 0.027231 0.964531 0.171555
v -0.356476 0.618084 -0.154401
v -0.337233 0.723873 -0.135155
v -0.355789 0.776435 -0.073867
v -0.339154 0.794459 -0.076008
v -0.327725 0.816662 -0.075708
v -0.247914 0.872679 0.098100
v -0.258091 0.873084 0.078331
v -0.267486 0.869825 0.055648
v -0.279113 0.868167 0.036190
v -0.274733 0.860335 0.016394
v -0.263917 0.850019 -0.001698
v -0.271809 0.853239 -0.030566
v -0.291027 0.849808 -0.041069
v -0.304856 0.844563 -0.057185
v -0.345227 0.593906 -0.177427
v -0.361487 0.601485 -0.167907
v -0.164885 0.905426 -0.114631
v -0.131992 0.927869 -0.124297
v -0.099575 0.923337 -0.125459
v -0.082047 0.925069 -0.130965
v -0.062708 0.924899 -0.145884
v -0.039634 0.926962 -0.155596
v -0.019361 0.939405 -0.145323
v 0.006919 0.943442 -0.112703
v 0.027810 0.952705 -0.103659
v 0.049403 0.966512 -0.095848
v 0.065911 0.974444 -0.079371
v 0.080439 0.979644 -0.062535
v 0.095209 0.985680 -0.045727
v 0.115076 0.991294 -0.032274
v 0.129857 1.001221 0.014339
v 0.120101 0.993033 0.034792
v -0.274151 0.811577 -0.127539
v -0.291412 0.798875 -0.136864
v -0.270486 0.852004 -0.122596
v -0.259538 0.871743 -0.122279
v -0.246018 0.889453 -0.111127
v 0.125857 1.001436 0.054896
v -0.013550 0.967679 0.193788
v -0.174618 0.917897 0.127523
v -0.181905 0.924612 0.179148
v -0.092564 0.978448 0.170096
v -0.107331 0.963900 0.183506
v -0.122890 0.948986 0.196763
v -0.161559 0.927321 0.197724
v -0.020243 0.984276 0.177073
v -0.214801 0.874364 0.118892
v -0.127639 0.487074 0.704985
v -0.107505 0.494360 0.712917
v -0.085613 0.490931 0.716709
v -0.062730 0.485119 0.720514
v -0.059896 0.470819 0.721619
v -0.100454 0.429686 0.713361
v -0.116877 0.443450 0.711971
v -0.130123 0.462406 0.711321
v -0.082656 0.424530 0.717306
v -0.055558 0.440444 0.710918
v -0.369153 0.768092 -0.091270
v -0.374715 0.753693 -0.106667
v -0.362357 0.751635 -0.126130
v -0.343132 0.745910 -0.137787
v -0.342123 0.612509 -0.168900
v -0.319446 0.739303 -0.141636
v -0.303574 0.757740 -0.139819
v -0.311868 0.835811 -0.077201
v -0.254943 0.857304 -0.017882
v -0.151676 0.922435 -0.123931
v -0.112348 0.935473 -0.127439
v -0.003260 0.953049 -0.131069
v 0.121813 1.004723 -0.019901
v 0.132589 1.012238 -0.005492
v -0.282921 0.833360 -0.125044
v -0.310556 0.780839 -0.144530
v -0.208841 0.910436 -0.113562
v -0.188217 0.909748 -0.107750
v -0.234025 0.909580 -0.110056
v 0.128095 1.016691 0.074389
v 0.117160 1.010709 0.095476
v 0.106138 1.003966 0.116680
v 0.093599 0.997037 0.137031
v 0.078659 0.994783 0.157423
v 0.024716 0.976098 0.193382
v 0.003606 0.973147 0.203266
v -0.197086 0.884726 0.126993
v -0.188872 0.901781 0.116844
v -0.196645 0.931824 0.158929
v -0.189741 0.930564 0.134907
v -0.069716 0.978609 0.137413
v -0.086429 0.989337 0.146399
v -0.138289 0.932232 0.211305
v -0.053721 0.986122 0.154379
v -0.035215 0.996189 0.167906
v -0.225584 0.881886 0.098073
v -0.044505 0.455434 0.724120
v -0.062450 0.428796 0.720498
v 0.061072 0.987649 0.169546
v 0.045687 0.981599 0.183834
v -0.348133 0.781413 -0.094438
v -0.333003 0.807333 -0.097235
v -0.319003 0.826782 -0.096849
v -0.241847 0.889140 0.080617
v -0.257768 0.892753 0.064940
v -0.266998 0.888406 0.042109
v -0.273599 0.884377 0.019065
v -0.268194 0.873554 -0.000573
v -0.270818 0.872963 -0.019241
v -0.286539 0.871298 -0.036672
v -0.303264 0.866331 -0.055288
v -0.312737 0.858178 -0.076104
v -0.171421 0.920459 -0.128011
v -0.147895 0.945251 -0.123714
v -0.127143 0.952508 -0.128949
v -0.093331 0.942594 -0.131957
v -0.074267 0.945319 -0.143119
v -0.055306 0.945728 -0.158228
v -0.031645 0.949662 -0.165548
v -0.009606 0.960389 -0.153519
v 0.013386 0.964064 -0.116750
v 0.033004 0.970694 -0.108501
v 0.062823 0.990480 -0.096574
v 0.080469 0.992170 -0.081942
v 0.095822 0.994421 -0.065682
v 0.102489 1.004093 -0.046456
v 0.110273 1.013485 -0.030182
v 0.139682 1.022838 0.015229
v 0.135606 1.008576 0.034081
v -0.299961 0.818263 -0.131014
v -0.315934 0.800009 -0.131465
v -0.294475 0.852510 -0.114705
v -0.284106 0.872887 -0.115830
v -0.269552 0.891968 -0.110526
v -0.256085 0.909187 -0.103322
v 0.140890 1.015578 0.053568
v -0.003631 0.990521 0.191752
v -0.187441 0.922395 0.112885
v -0.183941 0.934524 0.201944
v -0.200873 0.940300 0.181759
v -0.094671 1.001638 0.165811
v -0.110376 0.990055 0.179218
v -0.125540 0.972249 0.192089
v -0.139170 0.958803 0.209218
v -0.160349 0.942184 0.216483
v -0.016166 1.004559 0.177481
v -0.214012 0.896034 0.113644
v -0.117254 0.477773 0.724311
v -0.097942 0.484976 0.732762
v -0.076233 0.481461 0.737322
v -0.055706 0.471237 0.742091
v -0.095921 0.420580 0.733709
v -0.109187 0.436876 0.732705
v -0.119841 0.455993 0.731334
v -0.047882 0.435518 0.731618
v -0.359351 0.769919 -0.112604
v -0.345497 0.766925 -0.129591
v -0.326248 0.762631 -0.140901
v -0.313956 0.847599 -0.098332
v -0.160253 0.933545 -0.129291
v -0.107314 0.958967 -0.134560
v 0.004116 0.974099 -0.136626
v 0.046037 0.986496 -0.111210
v 0.127114 1.026225 -0.025631
v 0.143746 1.033332 -0.007751
v -0.305279 0.833417 -0.114371
v -0.331792 0.783750 -0.133326
v -0.224627 0.918650 -0.124416
v -0.192886 0.923264 -0.133786
v -0.248195 0.925857 -0.115125
v 0.135635 1.031344 0.068866
v 0.127981 1.034345 0.098439
v 0.113615 1.024747 0.114148
v 0.101354 1.021746 0.133045
v 0.086042 1.015698 0.151642
v 0.066967 1.008680 0.166297
v 0.033652 0.993950 0.196224
v 0.013986 0.994732 0.204160
v -0.202736 0.905403 0.099425
v -0.207517 0.949947 0.159318
v -0.207495 0.941528 0.138893
v -0.199858 0.937602 0.116602
v -0.066131 0.998191 0.139671
v -0.083937 1.010105 0.140040
v -0.048600 1.007065 0.153022
v -0.027280 1.012276 0.159815
v -0.222681 0.907842 0.084027
v -0.043149 0.450747 0.747093
v -0.075669 0.415965 0.739039
v -0.055697 0.419374 0.742543
v 0.051993 1.000641 0.182603
v -0.334832 0.797977 -0.116415
v -0.322936 0.817528 -0.117937
v -0.233601 0.902735 0.062120
v -0.251470 0.907455 0.048329
v -0.260477 0.903910 0.027285
v -0.289178 0.889740 0.000396
v -0.282700 0.882281 -0.019754
v -0.293673 0.883336 -0.057394
v -0.298617 0.875676 -0.076728
v -0.299709 0.865733 -0.096915
v -0.174756 0.937663 -0.140784
v -0.167974 0.947155 -0.122454
v -0.143168 0.970669 -0.127545
v -0.123070 0.975775 -0.137030
v -0.087192 0.964400 -0.140942
v -0.068696 0.965924 -0.155359
v -0.047862 0.967913 -0.168013
v -0.024040 0.972594 -0.170489
v -0.002280 0.982811 -0.158748
v 0.024418 0.983574 -0.123409
v 0.062655 1.004022 -0.115673
v 0.081789 1.003467 -0.101832
v 0.101124 1.003027 -0.085234
v 0.104164 1.014278 -0.064670
v 0.099132 1.023340 -0.044876
v 0.102787 1.035692 -0.027592
v 0.136476 1.049608 0.014180
v 0.147889 1.021235 0.033971
v -0.287422 0.885053 -0.095208
v -0.276795 0.908595 -0.092066
v -0.215228 0.927720 -0.138777
v -0.271349 0.925271 -0.109527
v 0.147040 1.030578 0.048118
v 0.115856 1.039649 0.073311
v 0.007098 1.007141 0.181031
v -0.193633 0.928878 0.093959
v -0.176626 0.951383 0.213320
v -0.189468 0.955595 0.193652
v -0.201961 0.962677 0.174582
v -0.094476 1.024402 0.162491
v -0.108592 1.015092 0.179856
v -0.126009 0.985815 0.192301
v -0.142551 0.979434 0.201627
v -0.161159 0.966897 0.212667
v -0.002849 1.013914 0.161165
v -0.107037 0.469735 0.744087
v -0.088188 0.476956 0.754015
v -0.066405 0.473027 0.758637
v -0.047244 0.464659 0.763893
v -0.084860 0.412345 0.753184
v -0.100787 0.429813 0.753000
v -0.107202 0.449838 0.749720
v -0.040105 0.430267 0.753618
v -0.343013 0.782822 -0.114371
v -0.276375 0.906983 0.009385
v -0.293294 0.891430 -0.040112
v -0.162299 0.965920 -0.116629
v -0.102787 0.980640 -0.143896
v 0.008827 0.996282 -0.139277
v 0.043650 0.998895 -0.129531
v 0.140278 1.042383 -0.035938
v 0.120477 1.046281 -0.035001
v 0.151548 1.057187 -0.002003
v 0.134656 1.035690 0.031400
v -0.238512 0.934336 -0.136303
v -0.197104 0.945086 -0.148465
v -0.265013 0.938446 -0.129396
v 0.126290 1.039278 0.051296
v 0.103756 1.037190 0.093800
v 0.091155 1.032269 0.113126
v 0.077452 1.027467 0.131810
v 0.061925 1.020951 0.149399
v 0.046251 1.015641 0.166898
v 0.030262 1.008136 0.183842
v -0.196361 0.919289 0.080796
v -0.214732 0.970522 0.156777
v -0.218624 0.959230 0.140035
v -0.217164 0.950032 0.118880
v -0.207565 0.947197 0.098262
v -0.061756 1.018725 0.136264
v -0.083111 1.030966 0.139814
v -0.125300 1.005673 0.191574
v -0.037044 1.020460 0.140493
v -0.012742 1.020372 0.141417
v -0.036122 0.446894 0.768473
v -0.064847 0.407497 0.756844
v -0.042640 0.407305 0.761131
v -0.217245 0.922475 0.065528
v -0.229340 0.919251 0.046616
v -0.245701 0.922146 0.032045
v -0.261769 0.925208 0.014479
v -0.288396 0.910087 -0.010355
v -0.300368 0.896705 -0.020886
v -0.298672 0.903379 -0.061386
v -0.288437 0.894703 -0.077271
v -0.187614 0.952635 -0.129307
v -0.180875 0.961329 -0.109487
v -0.139661 0.993856 -0.138276
v -0.160347 0.989580 -0.123804
v -0.118732 0.996145 -0.148793
v -0.082119 0.985601 -0.149645
v -0.063309 0.987684 -0.164868
v -0.040421 0.990756 -0.175529
v -0.016610 0.994862 -0.171293
v -0.008194 1.009278 -0.156768
v 0.025835 0.998452 -0.134842
v 0.083969 1.017905 -0.120939
v 0.062187 1.015190 -0.133389
v 0.096977 1.014696 -0.099985
v 0.095517 1.023642 -0.082671
v 0.090448 1.031811 -0.062427
v 0.086038 1.038493 -0.040722
v 0.155296 1.046960 -0.020240
v 0.115576 1.061227 -0.031764
v 0.141773 1.072447 0.013717
v 0.118628 1.049859 0.034194
v -0.294093 0.926461 -0.101016
v -0.221047 0.951084 -0.152115
v -0.288546 0.938820 -0.119862
v 0.104847 1.045801 0.053285
v 0.092204 1.043995 0.072856
v 0.022257 1.015201 0.163160
v -0.198352 0.941492 0.079015
v -0.177066 0.971367 0.199892
v -0.193015 0.977879 0.186470
v -0.208122 0.984883 0.170535
v -0.101167 1.044805 0.153228
v -0.111004 1.038490 0.175615
v -0.125833 1.028939 0.190611
v -0.145041 0.996199 0.195204
v -0.162666 0.985536 0.199441
v 0.012362 1.020364 0.142095
v -0.097415 0.462805 0.764203
v -0.078754 0.467238 0.773333
v -0.057556 0.465629 0.779673
v -0.038226 0.461206 0.784853
v -0.076506 0.401455 0.772891
v -0.090024 0.422365 0.772393
v -0.099997 0.442727 0.770272
v -0.034960 0.427620 0.775250
v -0.272186 0.924858 -0.006782
v -0.308519 0.907557 -0.044480
v -0.174231 0.986684 -0.107240
v -0.098382 1.000043 -0.155370
v 0.005806 1.019374 -0.148211
v 0.040147 1.014154 -0.143232
v 0.080686 1.046234 -0.015707
v 0.127506 1.063175 -0.032634
v 0.139386 1.065104 -0.033480
v 0.096099 1.060954 -0.019951
v 0.160257 1.068291 -0.018843
v 0.156169 1.080783 -0.000800
v 0.121559 1.066535 0.023798
v -0.297877 0.915176 -0.081220
v -0.243943 0.953941 -0.150041
v -0.209962 0.957205 -0.133606
v -0.283103 0.955730 -0.133490
v 0.079500 1.038679 0.091444
v 0.065910 1.033180 0.109598
v 0.051757 1.027580 0.127514
v 0.037171 1.021544 0.145267
v -0.195422 0.934761 0.061794
v -0.214627 0.993074 0.151387
v -0.221276 0.980416 0.136670
v -0.226352 0.970504 0.121621
v -0.223436 0.963778 0.100867
v -0.214429 0.958345 0.080275
v -0.046091 1.028391 0.121288
v -0.067203 1.034352 0.121913
v -0.089041 1.047722 0.140801
v -0.145804 1.018280 0.194000
v -0.022563 1.027618 0.121965
v 0.001940 1.026513 0.122213
v -0.026213 0.444724 0.789544
v -0.055131 0.397632 0.778039
v -0.034453 0.402378 0.786311
v -0.211506 0.936936 0.046253
v -0.228424 0.938714 0.031419
v -0.245087 0.940535 0.014770
v -0.258718 0.941421 -0.003474
v -0.298235 0.910824 -0.028899
v -0.284780 0.926002 -0.025842
v -0.312316 0.921038 -0.064013
v -0.201581 0.962124 -0.114517
v -0.195127 0.977430 -0.102010
v -0.161368 1.008742 -0.138075
v -0.134558 1.011568 -0.154314
v -0.175380 1.008150 -0.116256
v -0.113722 1.015104 -0.162509
v -0.077463 1.008733 -0.151906
v -0.053921 1.008468 -0.164335
v -0.031714 1.010718 -0.168222
v -0.009541 1.036115 -0.163736
v 0.015992 1.026407 -0.134292
v 0.067431 1.030893 -0.118062
v 0.082656 1.028889 -0.100883
v 0.049801 1.026885 -0.132021
v 0.078648 1.038400 -0.080294
v 0.073272 1.044639 -0.059040
v 0.067218 1.049359 -0.036988
v 0.105599 1.081323 -0.025374
v 0.126952 1.083588 -0.029422
v 0.146746 1.095291 0.011813
v 0.128159 1.088551 0.021699
v 0.110907 1.080243 0.032892
v -0.308719 0.946550 -0.104611
v -0.313936 0.933245 -0.084826
v -0.263549 0.955252 -0.140431
v -0.231183 0.962365 -0.133640
v -0.297917 0.957889 -0.120647
v 0.096583 1.059116 0.039241
v 0.082392 1.049821 0.053254
v 0.068606 1.044642 0.071183
v -0.202190 0.954509 0.061022
v -0.181651 0.993330 0.196281
v -0.198295 1.000993 0.183570
v -0.213504 1.008016 0.167549
v -0.079251 1.050215 0.127010
v -0.114632 1.060948 0.168028
v -0.095974 1.067294 0.151648
v -0.130863 1.051135 0.183369
v -0.147462 1.040330 0.192192
v -0.164952 1.007224 0.200569
v 0.026666 1.027037 0.124077
v -0.087822 0.455990 0.783769
v -0.069329 0.460790 0.794021
v -0.047872 0.466919 0.802177
v -0.025087 0.461819 0.806000
v -0.068098 0.390578 0.793366
v -0.080274 0.413970 0.791778
v -0.093428 0.435362 0.791226
v -0.027256 0.414406 0.775065
v -0.271461 0.941315 -0.022767
v -0.298030 0.925030 -0.045242
v -0.190648 1.002059 -0.099111
v -0.147937 1.010053 -0.146211
v -0.092279 1.015816 -0.169602
v -0.026656 1.032254 -0.171759
v 0.002891 1.045091 -0.148971
v 0.033040 1.036260 -0.129194
v 0.082134 1.068892 0.004964
v 0.059425 1.053491 -0.015414
v 0.149361 1.087053 -0.032280
v 0.167858 1.090445 -0.018532
v 0.160732 1.103187 -0.001866
v -0.249238 0.964275 -0.124546
v -0.223099 0.965961 -0.117836
v -0.268202 0.961629 -0.119986
v 0.054836 1.038197 0.088552
v 0.040771 1.032568 0.106212
v -0.199272 0.944895 0.041490
v -0.217421 1.015153 0.146589
v -0.225255 1.000892 0.132840
v -0.238962 0.987111 0.125341
v -0.236435 0.985354 0.105995
v -0.231151 0.981978 0.085686
v -0.221124 0.969188 0.063118
v -0.054472 1.036310 0.103193
v -0.032763 1.033115 0.102314
v -0.068455 1.051037 0.108217
v -0.082274 1.070433 0.134871
v -0.166649 1.028854 0.192165
v -0.009069 1.033287 0.102823
v 0.015610 1.033023 0.103987
v -0.017925 0.425927 0.790972
v -0.011021 0.441041 0.808595
v -0.046439 0.390119 0.800071
v -0.017143 0.406594 0.797881
v -0.209812 0.957128 0.024769
v -0.226177 0.954655 0.011117
v -0.241103 0.956077 -0.005135
v -0.252991 0.954682 -0.023355
v -0.285297 0.941713 -0.042735
v -0.298365 0.938193 -0.064465
v -0.213797 0.969164 -0.098344
v -0.209523 0.991421 -0.091534
v -0.181644 1.024911 -0.134173
v -0.149420 1.027210 -0.157748
v -0.129222 1.030565 -0.167569
v -0.195708 1.020871 -0.116318
v -0.107531 1.032044 -0.176111
v -0.069810 1.019985 -0.171279
v -0.046779 1.027997 -0.170862
v -0.020136 1.049560 -0.185823
v 0.002731 1.055831 -0.174830
v 0.010683 1.045947 -0.126233
v 0.049103 1.041257 -0.113874
v 0.065394 1.042942 -0.097912
v 0.060350 1.050396 -0.077060
v 0.053850 1.054588 -0.055839
v 0.070832 1.057050 0.006530
v 0.046354 1.057002 -0.034520
v 0.114398 1.101204 -0.029056
v 0.086774 1.090787 0.001749
v 0.153060 1.117479 0.012028
v 0.134926 1.111246 0.021087
v 0.117392 1.104627 0.033010
v 0.090039 1.078578 0.026701
v -0.295845 0.951695 -0.082802
v -0.287909 0.963352 -0.101067
v 0.076442 1.059925 0.031079
v 0.058226 1.050824 0.048451
v 0.043734 1.044921 0.068624
v -0.211398 0.964640 0.043597
v -0.184862 1.015778 0.193723
v -0.203357 1.024001 0.182084
v -0.212296 1.031012 0.161554
v -0.073623 1.072051 0.117305
v -0.106021 1.083181 0.164924
v -0.129905 1.071623 0.189259
v -0.089053 1.088113 0.148103
v -0.149076 1.062162 0.196357
v -0.168656 1.050741 0.197935
v -0.080891 0.450737 0.805581
v -0.063265 0.459417 0.816636
v -0.039219 0.467035 0.824403
v -0.013580 0.456659 0.827431
v -0.075749 0.407293 0.813195
v -0.057085 0.377916 0.812253
v -0.086918 0.429975 0.812644
v -0.024718 0.389942 0.807323
v -0.266220 0.953207 -0.042244
v -0.211832 1.013489 -0.102277
v -0.168211 1.026843 -0.151070
v -0.084687 1.029983 -0.184187
v -0.039759 1.049258 -0.179152
v 0.003703 1.071711 -0.155816
v -0.013992 1.053665 -0.135207
v 0.029307 1.050340 -0.110939
v 0.038079 1.058429 -0.013451
v 0.051922 1.057027 0.006039
v 0.137547 1.104695 -0.027740
v 0.158402 1.108563 -0.027991
v 0.173627 1.111697 -0.020340
v 0.168771 1.123296 -0.001458
v 0.098641 1.098884 0.021983
v -0.261416 0.965967 -0.101107
v -0.237017 0.967180 -0.100323
v 0.029605 1.038757 0.086105
v -0.217614 1.037406 0.140104
v -0.225915 1.021496 0.127076
v -0.241798 1.007627 0.117782
v -0.239385 1.005955 0.094435
v -0.226894 0.984340 0.066731
v -0.220576 0.983106 0.048052
v -0.062042 1.046656 0.086745
v -0.043655 1.036953 0.082825
v -0.020214 1.038082 0.083386
v -0.065827 1.069294 0.095150
v -0.118986 1.078930 0.179037
v -0.076937 1.094391 0.124615
v -0.187442 1.038930 0.190447
v 0.004104 1.038975 0.084323
v -0.007999 0.419194 0.813415
v -0.011888 0.431445 0.837235
v -0.060861 0.390417 0.814510
v -0.037930 0.379400 0.822266
v -0.008668 0.398078 0.819021
v -0.207394 0.971278 0.007226
v -0.221266 0.968236 -0.009418
v -0.235926 0.966997 -0.025013
v -0.247193 0.965932 -0.043142
v -0.280613 0.952943 -0.062186
v -0.225857 0.977613 -0.080495
v -0.228892 1.003472 -0.090054
v -0.195082 1.041182 -0.126023
v -0.176898 1.046423 -0.141034
v -0.160505 1.040010 -0.152542
v -0.122678 1.051522 -0.178655
v -0.144471 1.045568 -0.167580
v -0.210898 1.034505 -0.110397
v -0.098711 1.050089 -0.186518
v -0.060263 1.035090 -0.183242
v -0.058537 1.046903 -0.176688
v -0.034618 1.068880 -0.184417
v -0.015825 1.069031 -0.192898
v 0.004083 1.079592 -0.182846
v -0.009614 1.058852 -0.109728
v 0.010557 1.057766 -0.107856
v 0.045736 1.053013 -0.094423
v 0.039987 1.059835 -0.074145
v 0.032684 1.061705 -0.052896
v 0.024524 1.062398 -0.031685
v 0.060514 1.056127 0.026257
v 0.104364 1.119186 -0.017642
v 0.125212 1.122038 -0.030397
v 0.091235 1.111973 -0.000839
v 0.160869 1.138562 0.012579
v 0.142397 1.133420 0.022464
v 0.124098 1.127457 0.032924
v 0.102489 1.118306 0.015677
v -0.273275 0.963173 -0.081715
v 0.030803 1.049757 0.047877
v 0.017536 1.044885 0.066336
v -0.213852 0.978077 0.027636
v -0.199856 1.046866 0.172945
v -0.213091 1.054936 0.154744
v -0.234343 1.004102 0.073402
v -0.069712 1.091767 0.103343
v -0.099985 1.101682 0.159555
v -0.115739 1.098229 0.174556
v -0.131765 1.092551 0.186861
v -0.150405 1.084285 0.195485
v -0.086240 1.102044 0.141857
v -0.171360 1.073822 0.199875
v -0.188004 1.061751 0.188801
v -0.079651 0.451030 0.828950
v -0.058444 0.461765 0.836765
v -0.036226 0.470096 0.832612
v -0.003780 0.450208 0.846338
v -0.072395 0.397379 0.829322
v -0.076247 0.428760 0.835829
v -0.051285 0.360895 0.831545
v -0.062366 0.379270 0.832014
v -0.016574 0.378851 0.827353
v -0.259948 0.963986 -0.061962
v -0.229704 1.027503 -0.098425
v -0.074886 1.045814 -0.192778
v -0.053190 1.070018 -0.175039
v 0.009975 1.095314 -0.157727
v -0.015378 1.076684 -0.135489
v -0.026837 1.064503 -0.121355
v 0.025041 1.061978 -0.092516
v 0.028287 1.056923 0.007585
v 0.014861 1.060622 -0.010869
v 0.042012 1.054125 0.027940
v 0.147477 1.126083 -0.026421
v 0.175753 1.131324 -0.022024
v 0.175724 1.144524 -0.000441
v -0.248840 0.966928 -0.081461
v -0.222193 1.060398 0.133818
v -0.226528 1.042800 0.120464
v -0.233289 1.025395 0.107419
v -0.233318 1.025892 0.085217
v -0.226065 1.002685 0.053689
v -0.217609 0.998414 0.034093
v -0.057181 1.043144 0.064743
v -0.064981 1.063047 0.070497
v -0.031851 1.043312 0.064684
v -0.007520 1.044225 0.065254
v -0.064297 1.085901 0.076537
v -0.083554 1.116861 0.130546
v -0.074433 1.113682 0.109842
v -0.018767 0.468909 0.845884
v -0.001068 0.411005 0.834742
v 0.004752 0.426634 0.848972
v -0.074038 0.409118 0.843857
v -0.033083 0.368958 0.843276
v -0.000758 0.389544 0.839529
v -0.211024 0.993124 0.013778
v -0.218101 0.989711 -0.005194
v -0.226477 0.986091 -0.023045
v -0.234178 0.977674 -0.041546
v -0.235219 0.973146 -0.062493
v -0.245292 0.992234 -0.077225
v -0.247788 1.017999 -0.086985
v -0.177002 1.051641 -0.117640
v -0.194872 1.044662 -0.103870
v -0.152558 1.052994 -0.151154
v -0.128709 1.056645 -0.160265
v -0.106463 1.059962 -0.168751
v -0.212892 1.037446 -0.090358
v -0.083056 1.057066 -0.174801
v -0.069670 1.063152 -0.160778
v -0.033371 1.083261 -0.186883
v -0.015932 1.090427 -0.195376
v 0.005604 1.101784 -0.188680
v -0.011226 1.093953 -0.142612
v -0.031234 1.065668 -0.100076
v 0.003445 1.064832 -0.089906
v 0.018325 1.065397 -0.071470
v 0.010484 1.064531 -0.049749
v 0.001695 1.064020 -0.028507
v 0.096209 1.132485 -0.003761
v 0.113114 1.138996 -0.017807
v 0.134510 1.143524 -0.027702
v 0.172010 1.158312 0.017359
v 0.150329 1.155329 0.022782
v 0.132756 1.149556 0.033450
v 0.111245 1.144057 0.020848
v 0.005227 1.049445 0.046943
v 0.017276 1.053516 0.027929
v -0.206838 1.071570 0.169730
v -0.218590 1.078607 0.147660
v -0.226055 1.025862 0.061451
v -0.068819 1.109229 0.088638
v -0.098237 1.118598 0.148528
v -0.114018 1.116685 0.164049
v -0.131200 1.112208 0.176733
v -0.149825 1.105492 0.186238
v -0.170547 1.095652 0.190280
v -0.192339 1.084890 0.193572
v -0.072148 0.445889 0.850215
v -0.052402 0.476988 0.847439
v -0.031679 0.485482 0.848221
v -0.003255 0.466873 0.862818
v 0.004087 0.443388 0.865878
v -0.067855 0.389261 0.849406
v -0.072442 0.424592 0.860404
v -0.052591 0.351334 0.854485
v -0.056799 0.371059 0.852299
v -0.008094 0.369557 0.847000
v -0.231539 1.030663 -0.078134
v -0.156356 1.057000 -0.129761
v -0.063796 1.086608 -0.161414
v -0.047714 1.095491 -0.176152
v 0.009907 1.120558 -0.173673
v -0.009465 1.115966 -0.148144
v -0.028217 1.087443 -0.127179
v -0.043692 1.075845 -0.112997
v -0.017898 1.063997 -0.084797
v 0.004453 1.057314 0.009371
v -0.008005 1.061180 -0.007755
v 0.158841 1.147910 -0.026384
v 0.183439 1.152676 -0.021572
v 0.186426 1.164692 0.001016
v -0.225473 1.082708 0.125776
v -0.227155 1.064044 0.112226
v -0.228647 1.045215 0.098793
v -0.226597 1.046507 0.076410
v -0.219033 1.018013 0.040274
v -0.213116 1.013226 0.020174
v -0.069347 1.053472 0.045756
v -0.043098 1.050240 0.046360
v -0.069580 1.078482 0.050424
v -0.018941 1.049405 0.046725
v -0.067092 1.105165 0.073110
v -0.082237 1.134241 0.115801
v -0.097232 1.135409 0.134627
v -0.075019 1.130874 0.095160
v -0.058176 0.458273 0.858070
v -0.015152 0.488371 0.861680
v 0.006308 0.402206 0.854866
v -0.000970 0.417639 0.869734
v -0.072482 0.402931 0.868153
v -0.024507 0.351123 0.858142
v -0.002437 0.381480 0.865060
v -0.212256 1.009367 -0.000504
v -0.215368 1.005903 -0.021694
v -0.231394 1.000649 -0.038816
v -0.252216 0.991289 -0.051702
v -0.260092 1.008465 -0.069799
v -0.248309 1.024116 -0.067057
v -0.174339 1.049462 -0.092490
v -0.154644 1.054321 -0.105002
v -0.192895 1.042702 -0.079322
v -0.133702 1.060908 -0.140136
v -0.111230 1.062907 -0.147945
v -0.090015 1.063553 -0.154829
v -0.211209 1.035498 -0.066515
v -0.078843 1.077244 -0.145546
v -0.031154 1.104304 -0.187529
v -0.015071 1.112592 -0.198907
v 0.003858 1.124241 -0.191572
v 0.008844 1.121399 -0.164120
v -0.027709 1.108187 -0.134380
v -0.051487 1.069084 -0.095290
v -0.040058 1.065473 -0.079041
v -0.003994 1.065220 -0.067532
v -0.012164 1.064098 -0.045801
v -0.021164 1.063415 -0.024123
v 0.098155 1.155659 -0.005499
v 0.119311 1.160913 -0.017158
v 0.142535 1.164187 -0.026617
v 0.181186 1.179932 0.016135
v 0.158764 1.176930 0.023687
v 0.138707 1.171633 0.034410
v 0.121806 1.167204 0.023304
v -0.006637 1.053778 0.028486
v -0.218215 1.096972 0.161454
v -0.222679 1.101461 0.139136
v -0.219567 1.048853 0.055261
v -0.217496 1.035001 0.043905
v -0.066168 1.099185 0.051879
v -0.071143 1.126100 0.074435
v -0.113347 1.134260 0.150771
v -0.130510 1.130819 0.164194
v -0.148904 1.125513 0.174932
v -0.168901 1.117980 0.182369
v -0.190513 1.106776 0.184093
v -0.208919 1.092539 0.180888
v -0.066971 0.441219 0.874058
v -0.055473 0.475429 0.869413
v -0.050177 0.490897 0.861553
v -0.030477 0.501553 0.865871
v -0.000340 0.486097 0.879581
v -0.000185 0.460238 0.882925
v -0.014790 0.433215 0.876777
v -0.068222 0.380532 0.871286
v -0.060426 0.419278 0.885123
v -0.040828 0.349996 0.877609
v -0.055171 0.362498 0.874493
v -0.002514 0.359051 0.864606
v -0.229233 1.028881 -0.055309
v -0.133860 1.059043 -0.115992
v -0.077434 1.101588 -0.152080
v -0.060974 1.109791 -0.165691
v -0.044823 1.118599 -0.177755
v 0.002501 1.140516 -0.173450
v -0.010450 1.138295 -0.155443
v -0.027479 1.130218 -0.141479
v -0.043396 1.095980 -0.120913
v -0.026335 1.064312 -0.062653
v -0.017658 1.057957 0.011544
v -0.029757 1.061365 -0.003167
v 0.167342 1.169267 -0.028736
v 0.190814 1.174429 -0.022707
v 0.194547 1.186495 -0.002551
v 0.105214 1.165133 0.015357
v -0.224142 1.104887 0.116236
v -0.225724 1.085496 0.103052
v -0.226480 1.066132 0.089802
v -0.221533 1.067615 0.067729
v -0.211009 1.032335 0.026271
v -0.206354 1.028422 0.005226
v -0.051177 1.057439 0.027602
v -0.077904 1.064684 0.025064
v -0.029046 1.054722 0.029029
v -0.069986 1.091218 0.029056
v -0.069857 1.120022 0.054415
v -0.085132 1.151720 0.100519
v -0.097562 1.152217 0.118864
v -0.113484 1.151431 0.135924
v -0.077576 1.147317 0.079193
v -0.062978 0.459613 0.878958
v -0.023082 0.503132 0.886191
v 0.005065 0.397728 0.876255
v -0.002894 0.413724 0.893262
v -0.061927 0.395337 0.886634
v -0.018750 0.351887 0.881217
v 0.015565 0.367180 0.870798
v -0.208435 1.026210 -0.018269
v -0.223564 1.021820 -0.035822
v -0.243747 1.016068 -0.049945
v -0.173261 1.047172 -0.068258
v -0.153754 1.051914 -0.080951
v -0.133035 1.055672 -0.092319
v -0.191748 1.040112 -0.055256
v -0.112500 1.062500 -0.125402
v -0.092811 1.066254 -0.134437
v -0.209930 1.033258 -0.042818
v -0.071785 1.096010 -0.133189
v -0.028708 1.128040 -0.188511
v -0.015197 1.135666 -0.203430
v 0.004982 1.146022 -0.199554
v -0.045717 1.117197 -0.129467
v -0.070082 1.067210 -0.101286
v -0.066149 1.065871 -0.076896
v -0.049723 1.065259 -0.057456
v -0.035169 1.064298 -0.040549
v -0.043970 1.063737 -0.017741
v 0.105693 1.180382 -0.001103
v 0.126416 1.181883 -0.017911
v 0.150428 1.185717 -0.029274
v 0.188519 1.202127 0.011339
v 0.170825 1.197425 0.026014
v 0.150478 1.192461 0.039743
v 0.125229 1.194521 0.032553
v 0.111622 1.182639 0.022656
v -0.203808 1.113874 0.169140
v -0.215121 1.119854 0.150768
v -0.220088 1.124173 0.128941
v -0.213068 1.068809 0.046374
v -0.210403 1.050577 0.034912
v -0.067485 1.113231 0.031705
v -0.074255 1.141485 0.057608
v -0.130185 1.148580 0.150352
v -0.147997 1.144330 0.161913
v -0.167302 1.138359 0.170598
v -0.187854 1.129870 0.175871
v -0.056108 0.442829 0.884884
v -0.056077 0.479321 0.890478
v -0.047098 0.493867 0.879627
v -0.004345 0.503236 0.900826
v -0.010775 0.475978 0.899178
v -0.022888 0.451392 0.891654
v -0.022166 0.410927 0.894062
v -0.065292 0.373103 0.893569
v -0.044231 0.408364 0.895913
v -0.033069 0.351713 0.901783
v -0.056919 0.352810 0.898036
v 0.002131 0.355143 0.884285
v 0.015149 0.389632 0.877548
v -0.111580 1.059576 -0.102388
v -0.073862 1.074812 -0.122162
v -0.070676 1.118515 -0.140047
v -0.076053 1.124100 -0.157938
v -0.058888 1.132868 -0.168706
v -0.044624 1.141787 -0.181765
v 0.006646 1.163093 -0.181573
v -0.010664 1.160323 -0.163663
v -0.027680 1.152793 -0.148777
v -0.043389 1.140383 -0.135724
v -0.035910 1.058827 0.014047
v -0.051216 1.061973 0.005936
v 0.175988 1.190819 -0.029240
v 0.198687 1.197870 -0.025720
v 0.205067 1.208688 -0.007491
v 0.101995 1.193433 0.012389
v -0.221240 1.127368 0.106418
v -0.222728 1.107201 0.093478
v -0.222584 1.087281 0.080540
v -0.216308 1.088409 0.058439
v -0.198745 1.049743 0.011539
v -0.193469 1.040642 -0.010375
v -0.075348 1.102930 0.011764
v -0.075515 1.133811 0.035562
v -0.088141 1.167669 0.082687
v -0.099613 1.168808 0.101998
v -0.114925 1.168377 0.119791
v -0.130835 1.165510 0.135777
v -0.082097 1.163764 0.062107
v -0.058545 0.461283 0.900875
v -0.048215 0.498352 0.902303
v 0.010320 0.398947 0.907339
v -0.025602 0.493133 0.911204
v -0.035517 0.426527 0.883996
v -0.010750 0.401781 0.913566
v -0.055499 0.389405 0.907369
v -0.045240 0.444439 0.895715
v -0.010574 0.354552 0.902729
v 0.026438 0.388083 0.892982
v 0.031733 0.371947 0.883826
v 0.021027 0.354850 0.884985
v -0.172952 1.045300 -0.045068
v -0.153919 1.051000 -0.057820
v -0.133612 1.055447 -0.069532
v -0.112123 1.059608 -0.079763
v -0.191717 1.038364 -0.031855
v -0.090561 1.063501 -0.112392
v -0.027331 1.151217 -0.192467
v -0.013675 1.158430 -0.209158
v 0.006001 1.168900 -0.207805
v -0.089662 1.062734 -0.089860
v -0.073268 1.065985 -0.050975
v -0.058171 1.065312 -0.034234
v -0.067550 1.064728 -0.010094
v 0.115045 1.201696 -0.007494
v 0.131752 1.202371 -0.017478
v 0.158303 1.207587 -0.031836
v 0.194566 1.223770 0.002091
v 0.182531 1.219171 0.023051
v 0.165715 1.213984 0.039772
v 0.143505 1.212460 0.045954
v 0.121586 1.203417 0.023184
v -0.202964 1.136520 0.159396
v -0.213439 1.142825 0.140590
v -0.216005 1.147736 0.119000
v -0.206714 1.089202 0.036935
v -0.201730 1.069833 0.025449
v -0.077433 1.123578 0.011782
v -0.080915 1.155857 0.040135
v -0.147109 1.161539 0.148288
v -0.165776 1.157441 0.157354
v -0.186018 1.150631 0.163820
v -0.049451 0.483160 0.911948
v -0.034935 0.468713 0.903196
v -0.034380 0.401215 0.915799
v -0.062248 0.369461 0.917659
v -0.022485 0.358028 0.923082
v -0.046732 0.357429 0.924139
v 0.012006 0.356965 0.901670
v -0.067056 1.141255 -0.143753
v -0.073953 1.147039 -0.159408
v -0.059404 1.155518 -0.172534
v -0.045086 1.164777 -0.186799
v 0.006032 1.185552 -0.189815
v -0.008208 1.183073 -0.170369
v -0.026477 1.175549 -0.155577
v -0.047174 1.163388 -0.143893
v -0.091675 1.064128 -0.066294
v 0.182129 1.219185 -0.034099
v 0.203627 1.224270 -0.023342
v 0.122827 1.217895 0.036811
v 0.108898 1.212320 0.014502
v -0.219010 1.128914 0.083536
v -0.216733 1.149282 0.096064
v -0.218398 1.108534 0.070889
v -0.211231 1.109427 0.048713
v -0.180763 1.056669 -0.007783
v -0.187065 1.071749 0.006109
v -0.175180 1.047526 -0.024706
v -0.087225 1.111471 -0.006307
v -0.082361 1.145262 0.014096
v -0.092913 1.182951 0.065394
v -0.102386 1.184715 0.084691
v -0.116236 1.184811 0.102682
v -0.134643 1.183730 0.120195
v -0.149336 1.180585 0.134418
v -0.088331 1.178369 0.045047
v -0.000179 0.380754 0.920088
v 0.023270 0.382766 0.914671
v -0.022296 0.383399 0.926192
v -0.047438 0.380223 0.929346
v 0.001178 0.356138 0.920050
v 0.042933 0.373745 0.904409
v 0.035324 0.357656 0.899198
v -0.155421 1.051810 -0.037003
v -0.134795 1.056180 -0.048869
v -0.113324 1.062166 -0.058511
v -0.027031 1.174767 -0.196483
v -0.013992 1.181578 -0.213056
v 0.005331 1.191087 -0.217125
v -0.094236 1.066610 -0.043093
v -0.077968 1.065963 -0.029507
v 0.124009 1.225938 -0.013928
v 0.142683 1.227862 -0.024350
v 0.160370 1.230833 -0.024000
v 0.180164 1.231186 -0.014884
v 0.175538 1.234204 0.007542
v 0.169706 1.235380 0.029715
v 0.157938 1.231812 0.048559
v 0.134741 1.229417 0.055165
v 0.110779 1.229215 0.005470
v -0.200334 1.156963 0.147258
v -0.200816 1.169430 0.130506
v -0.208836 1.169330 0.107667
v -0.200811 1.110374 0.027265
v -0.193648 1.090433 0.017073
v -0.088284 1.133852 -0.006675
v -0.088764 1.168450 0.018984
v -0.162502 1.173506 0.143574
v -0.182337 1.168728 0.150092
v -0.008291 0.367410 0.940367
v -0.033910 0.366711 0.942398
v 0.025371 0.357907 0.917551
v -0.064639 1.163937 -0.147353
v -0.074000 1.169250 -0.161845
v -0.060460 1.178031 -0.176597
v -0.046616 1.187669 -0.190793
v 0.008786 1.207000 -0.197626
v -0.002409 1.202219 -0.175594
v -0.022408 1.198792 -0.161002
v -0.042503 1.186285 -0.149017
v 0.121131 1.229787 0.046262
v 0.109294 1.232015 0.025631
v -0.213829 1.149991 0.073266
v -0.213646 1.129855 0.060941
v -0.209996 1.169215 0.084945
v -0.205305 1.131064 0.038916
v -0.169276 1.074271 -0.009417
v -0.161316 1.060275 -0.021291
v -0.177399 1.091823 0.000109
v -0.090933 1.069450 -0.014855
v -0.102567 1.117672 -0.022921
v -0.093203 1.158397 -0.005313
v -0.099719 1.195967 0.048167
v -0.106870 1.199251 0.067605
v -0.117824 1.199970 0.085516
v -0.131683 1.199447 0.101409
v -0.159108 1.192281 0.127169
v -0.097026 1.189888 0.025253
v 0.012993 0.365192 0.930908
v 0.035940 0.369016 0.927255
v -0.140339 1.062975 -0.031359
v -0.113373 1.071189 -0.039678
v -0.033398 1.197079 -0.206814
v -0.017099 1.206846 -0.218829
v 0.005490 1.214355 -0.222954
v 0.122495 1.240658 -0.003137
v 0.140883 1.238527 -0.013334
v 0.157854 1.233233 -0.005171
v 0.155075 1.239669 0.014245
v 0.157988 1.240249 0.032912
v 0.140598 1.242829 0.043232
v 0.129961 1.241686 0.047902
v 0.112323 1.239995 0.018521
v -0.194925 1.192978 0.113564
v -0.199493 1.186614 0.094611
v -0.193077 1.132882 0.017614
v -0.185861 1.111607 0.008329
v -0.105455 1.143030 -0.027253
v -0.101441 1.179258 -0.001274
v -0.179385 1.187665 0.131660
v -0.151772 1.204964 0.111078
v -0.065740 1.186169 -0.151055
v -0.074273 1.190906 -0.165845
v -0.064779 1.200516 -0.180746
v -0.053331 1.211787 -0.194249
v 0.013581 1.229038 -0.204499
v -0.000073 1.223918 -0.185832
v -0.017537 1.219829 -0.168660
v -0.037607 1.208637 -0.153577
v -0.059250 1.074613 -0.110495
v 0.121252 1.244966 0.034805
v -0.206657 1.170069 0.063287
v -0.207253 1.151230 0.051256
v -0.201396 1.186821 0.073862
v -0.197213 1.153897 0.029703
v -0.158802 1.092954 -0.013231
v -0.149879 1.076250 -0.020810
v -0.167606 1.112304 -0.007012
v -0.113140 1.095476 -0.029003
v -0.117041 1.127759 -0.030562
v -0.108590 1.161771 -0.029819
v -0.106669 1.172678 -0.021142
v -0.108966 1.206465 0.031010
v -0.113827 1.211559 0.050571
v -0.122405 1.213623 0.068745
v -0.133012 1.212516 0.085354
v -0.146648 1.215164 0.096554
v -0.172388 1.202891 0.115994
v -0.110963 1.200555 0.006288
v -0.131696 1.078745 -0.028048
v -0.035216 1.222055 -0.209453
v -0.019713 1.235703 -0.220324
v 0.017691 1.232992 -0.223847
v 0.115352 1.247974 0.011411
v 0.137178 1.241041 0.001685
v 0.138029 1.245030 0.022084
v -0.183882 1.206377 0.098049
v -0.189434 1.201718 0.081330
v -0.181388 1.159065 0.006980
v -0.175793 1.133832 -0.000955
v -0.129307 1.112112 -0.027714
v -0.122573 1.148782 -0.030586
v -0.119927 1.191407 -0.023731
v -0.162396 1.214199 0.099116
v -0.067892 1.207650 -0.155754
v -0.076310 1.212939 -0.167760
v -0.071936 1.222940 -0.180668
v -0.051367 1.230956 -0.199705
v -0.000880 1.238887 -0.227924
v 0.005859 1.250392 -0.212465
v 0.004550 1.247409 -0.191962
v -0.004862 1.240563 -0.175319
v -0.038279 1.233622 -0.153389
v -0.055410 1.222004 -0.145523
v -0.199470 1.172678 0.042754
v -0.198193 1.189103 0.055091
v -0.193329 1.200909 0.065288
v -0.188961 1.177503 0.022438
v -0.148370 1.112309 -0.019071
v -0.139038 1.094071 -0.022787
v -0.156063 1.132941 -0.015386
v -0.136517 1.131137 -0.026447
v -0.123324 1.169876 -0.030181
v -0.118493 1.214010 0.017340
v -0.122262 1.221142 0.033049
v -0.130180 1.225695 0.051251
v -0.138716 1.226758 0.069440
v -0.152704 1.223728 0.083796
v -0.129262 1.207338 -0.018027
v -0.064874 1.236877 -0.190082
v -0.038385 1.248927 -0.210499
v -0.021762 1.247961 -0.221432
v -0.024404 1.244389 -0.163150
v -0.173184 1.218547 0.083919
v -0.181192 1.215120 0.068003
v -0.176667 1.185040 0.003558
v -0.162009 1.155472 -0.011594
v -0.141658 1.152894 -0.024420
v -0.144970 1.177420 -0.022398
v -0.126657 1.213867 -0.002625
v -0.140547 1.200146 -0.026925
v -0.070453 1.226885 -0.153572
v -0.083523 1.237441 -0.170539
v -0.055129 1.253020 -0.196310
v -0.015474 1.256536 -0.201861
v -0.015240 1.256764 -0.179452
v -0.044422 1.261297 -0.146780
v -0.057851 1.241685 -0.142979
v -0.190859 1.194098 0.036561
v -0.188302 1.207887 0.051306
v -0.181101 1.200854 0.016821
v -0.165814 1.176829 -0.008992
v -0.131224 1.227109 0.010894
v -0.137236 1.236401 0.031880
v -0.154924 1.242094 0.047955
v -0.162641 1.230897 0.067187
v -0.140057 1.220140 -0.025715
v -0.135579 1.222080 -0.015039
v -0.073919 1.256700 -0.181472
v -0.034007 1.257817 -0.187318
v -0.030288 1.259674 -0.163392
v -0.174465 1.227037 0.051839
v -0.168036 1.206441 -0.005264
v -0.167486 1.190542 -0.008106
v -0.156795 1.194234 -0.018178
v -0.153362 1.214224 -0.023630
v -0.075301 1.246774 -0.148950
v -0.089550 1.257861 -0.162052
v -0.050793 1.264277 -0.172592
v -0.060582 1.264680 -0.132179
v -0.181452 1.215918 0.033187
v -0.172936 1.225711 0.012717
v -0.140775 1.235645 -0.012804
v -0.142490 1.246121 0.009645
v -0.156110 1.249240 0.026935
v -0.150197 1.234632 -0.025331
v -0.066327 1.269259 -0.157003
v -0.169755 1.237494 0.032362
v -0.161909 1.231953 -0.010559
v -0.080723 1.263935 -0.136169
v -0.162858 1.248896 0.009321
v -0.150556 1.252277 -0.010725
v -0.156314 1.254181 0.009834
v -0.129359 0.472961 0.085952
v -0.199149 0.642910 0.214997
v -0.198611 0.641747 0.221413
v -0.197049 0.642745 0.221477
v -0.058308 1.096793 -0.121302
v -0.057471 1.122166 -0.127690
v -0.056925 1.147190 -0.132490
v -0.056248 1.171925 -0.138154
v -0.055536 1.196660 -0.144119
v 0.159569 1.224149 -0.032489
v 0.132515 1.233249 -0.013691
v 0.181441 1.230592 0.018477
v -0.053107 0.000000 -0.329303
v -0.129149 0.000000 -0.244181
v -0.152090 0.000000 -0.230136
v -0.173222 0.000000 -0.213595
v -0.100690 0.011803 -0.263648
v -0.115752 1.113214 -0.028926
v 0.082898 0.932644 0.202313
v -0.132947 1.185124 -0.029447
vn 0.5369 0.2104 -0.8170
vn 0.5551 0.1149 -0.8238
vn 0.8540 0.0885 -0.5127
vn 0.8612 0.1309 -0.4910
vn 0.9185 0.1105 -0.3797
vn 0.9824 0.0290 -0.1847
vn 0.9681 0.1840 -0.1701
vn 0.9964 0.0843 0.0129
vn 0.9404 0.3217 -0.1100
vn 0.9481 0.3108 -0.0668
vn 0.9116 0.3872 -0.1380
vn 0.0271 0.2679 -0.9631
vn 0.0949 0.1502 -0.9841
vn 0.9156 0.0850 -0.3930
vn 0.9114 0.3961 -0.1118
vn -0.2350 0.2268 -0.9452
vn 0.0351 0.1784 -0.9833
vn 0.5671 0.2529 -0.7838
vn 0.8373 0.0992 -0.5377
vn 0.9671 0.0892 -0.2382
vn 0.9886 -0.0863 0.1230
vn 0.9341 0.1905 0.3019
vn 0.8941 0.4414 0.0755
vn 0.8191 0.5724 0.0371
vn 0.9285 0.3608 -0.0883
vn 0.9174 0.1755 -0.3573
vn 0.7907 0.6051 0.0930
vn -0.3409 0.2444 -0.9078
vn 0.0244 0.1326 -0.9909
vn 0.5669 0.0629 -0.8214
vn 0.8562 0.1684 -0.4885
vn 0.9017 0.4196 -0.1043
vn 0.9452 0.2842 0.1605
vn 0.8073 0.3947 0.4387
vn 0.6870 0.6579 0.3084
vn 0.6173 0.7564 0.2166
vn 0.6687 0.7214 0.1802
vn 0.7989 0.6015 0.0084
vn -0.6599 0.2293 -0.7155
vn -0.6345 0.2561 -0.7293
vn 0.9401 0.3026 -0.1567
vn 0.8299 0.3797 0.4087
vn 0.6323 0.7678 0.1035
vn -0.5804 0.0257 -0.8139
vn -0.3361 -0.0228 -0.9415
vn -0.8743 0.1652 -0.4564
vn -0.1972 -0.2767 -0.9405
vn 0.7217 -0.4381 -0.5359
vn 0.9734 -0.1857 -0.1346
vn 0.9808 0.1761 0.0841
vn 0.8100 0.5503 0.2025
vn 0.6562 0.4664 0.5932
vn 0.6679 0.5322 0.5203
vn 0.5664 0.7649 0.3067
vn 0.5168 0.8196 0.2475
vn 0.7411 0.6704 -0.0365
vn 0.4449 0.8338 0.3269
vn 0.9255 0.1103 0.3624
vn 0.6568 0.0668 0.7511
vn 0.9060 0.3117 0.2863
vn 0.4400 0.1511 0.8852
vn 0.8935 0.0786 0.4420
vn -0.7968 0.0147 -0.6040
vn 0.9511 -0.2829 -0.1242
vn 0.7560 0.5827 0.2981
vn 0.6146 0.7518 0.2389
vn 0.4430 0.8441 0.3020
vn 0.9027 0.1570 0.4007
vn 0.7982 0.1670 0.5788
vn 0.1689 0.2736 0.9469
vn 0.7453 -0.0408 0.6655
vn -0.8156 -0.0734 -0.5740
vn -0.5583 0.0433 -0.8285
vn -0.4018 0.1445 -0.9043
vn -0.9747 0.0939 -0.2030
vn 0.2947 -0.9345 -0.1998
vn 0.8952 -0.4219 0.1437
vn 0.9790 -0.1500 -0.1378
vn 0.8727 0.1301 0.4706
vn 0.8263 0.3211 0.4627
vn 0.5058 0.6635 0.5513
vn 0.3804 0.6121 0.6933
vn 0.6320 0.5711 0.5239
vn 0.4345 0.8164 0.3805
vn 0.2659 0.8433 0.4671
vn -0.0649 0.9405 0.3336
vn 0.0071 0.9968 0.0790
vn -0.4304 0.7708 0.4698
vn 0.1787 0.9273 0.3288
vn 0.8656 0.3309 -0.3758
vn 0.9871 0.1595 0.0105
vn 0.8685 0.4583 -0.1889
vn 0.9033 0.2697 0.3336
vn 0.6944 0.2482 0.6754
vn 0.5814 0.2411 0.7771
vn 0.4227 0.3054 0.8533
vn -0.9998 -0.0184 -0.0076
vn 0.9349 -0.3431 0.0908
vn 0.7223 -0.1798 -0.6678
vn 0.9340 -0.2949 0.2015
vn -0.5312 -0.6556 -0.5366
vn 0.9853 0.1650 0.0446
vn 0.4265 0.7059 0.5656
vn 0.4977 0.7540 0.4287
vn 0.4139 0.8739 0.2548
vn 0.8030 0.4514 -0.3890
vn 0.9009 0.3171 -0.2964
vn 0.7966 0.2348 0.5570
vn -0.9988 -0.0490 0.0072
vn -0.8532 0.1701 -0.4930
vn -0.6817 0.2118 -0.7003
vn -0.6244 -0.0462 -0.7798
vn -0.0499 -0.6240 -0.7798
vn 0.7193 -0.6938 0.0356
vn 0.9530 0.2987 0.0510
vn 0.9107 0.4106 -0.0455
vn 0.5715 0.5861 0.5744
vn 0.5585 0.4655 0.6866
vn -0.1074 0.5917 0.7990
vn -0.1820 0.8395 0.5120
vn -0.0255 0.6817 0.7312
vn 0.4514 0.5748 0.6825
vn -0.1764 0.8292 0.5304
vn -0.1664 0.7917 0.5878
vn 0.4462 0.8086 0.3835
vn -0.0328 0.9863 0.1619
vn 0.8793 0.3774 -0.2906
vn 0.8730 0.2162 -0.4371
vn 0.8946 0.4452 0.0390
vn 0.5886 0.1410 0.7961
vn 0.3687 0.5982 0.7115
vn 0.4342 0.5256 0.7316
vn -0.9451 -0.0893 0.3142
vn -0.5466 -0.0292 -0.8369
vn -0.6978 -0.2573 -0.6685
vn 0.9610 0.2327 0.1492
vn 0.7868 0.4815 0.3861
vn 0.0822 0.6703 0.7375
vn -0.2136 0.8834 0.4172
vn 0.2742 0.9583 0.0799
vn 0.5722 0.7951 0.2008
vn 0.2623 0.9219 0.2850
vn 0.8625 0.0932 -0.4974
vn 0.8234 0.4570 -0.3363
vn 0.9589 -0.0676 0.2755
vn 0.4823 0.4880 0.7275
vn -0.9568 -0.0882 0.2771
vn -0.9981 0.0393 -0.0476
vn -0.8502 0.0642 -0.5225
vn -0.7219 -0.1082 -0.6834
vn -0.6837 -0.2183 -0.6963
vn -0.8440 -0.3128 -0.4356
vn -0.0486 -0.0111 -0.9988
vn 0.8089 -0.2364 -0.5383
vn 0.8966 0.4373 0.0699
vn 0.9112 0.4070 -0.0643
vn 0.8706 0.4752 0.1277
vn 0.6877 0.3091 0.6569
vn 0.5008 0.4822 0.7188
vn -0.6654 0.2463 0.7047
vn -0.8291 0.3274 0.4531
vn -0.8262 0.5161 0.2260
vn -0.6469 0.4929 0.5819
vn 0.2348 0.4572 0.8578
vn -0.7569 0.5978 0.2641
vn -0.6968 0.6248 0.3522
vn -0.4137 0.8873 0.2038
vn -0.4575 0.7944 0.3995
vn 0.8410 0.3182 -0.4375
vn 0.6708 0.4732 -0.5711
vn 0.9755 0.1126 -0.1888
vn 0.9673 0.1420 -0.2100
vn 0.6787 -0.0846 0.7295
vn 0.2398 0.4835 0.8418
vn 0.1211 0.5737 0.8101
vn 0.2165 0.7473 0.6282
vn -0.9557 -0.1497 0.2536
vn -0.5995 -0.1514 -0.7860
vn -0.9868 -0.0446 0.1558
vn -0.8970 -0.2177 0.3847
vn -0.6319 -0.2753 -0.7245
vn 0.7366 0.3805 -0.5592
vn 0.7587 0.5014 0.4159
vn -0.5765 0.4308 0.6943
vn -0.6515 0.7569 0.0518
vn 0.2030 0.9242 0.3234
vn 0.2257 0.6847 0.6930
vn -0.2312 0.6053 0.7617
vn 0.8613 -0.1261 -0.4922
vn 0.8031 -0.0975 -0.5878
vn 0.9952 -0.0966 -0.0171
vn 0.3701 -0.1771 0.9119
vn 0.2050 0.5754 0.7918
vn 0.5052 -0.1329 -0.8527
vn 0.5100 0.2890 -0.8101
vn -0.9257 0.1249 0.3571
vn -0.9037 0.0239 0.4275
vn -0.9937 -0.0951 0.0587
vn -0.8690 -0.2042 -0.4508
vn -0.7087 -0.2761 -0.6493
vn -0.7058 -0.2786 -0.6513
vn -0.8419 -0.3700 -0.3929
vn -0.9903 0.0015 0.1387
vn -0.8785 -0.3184 0.3561
vn 0.0788 -0.0400 -0.9961
vn 0.8005 0.4589 -0.3854
vn 0.7344 0.6776 -0.0396
vn 0.6390 0.7634 -0.0949
vn 0.5332 0.8441 0.0566
vn 0.6239 0.4082 0.6665
vn 0.5364 0.2249 0.8135
vn -0.9294 -0.1517 0.3365
vn -0.9281 -0.0561 0.3680
vn -0.8806 0.4513 0.1445
vn -0.8671 0.4725 0.1580
vn -0.3826 0.1537 0.9110
vn -0.8803 0.4627 0.1047
vn -0.7119 0.6979 0.0788
vn -0.3584 0.7625 0.5386
vn -0.5037 0.8426 0.1904
vn 0.2972 0.6946 -0.6551
vn 0.2376 0.3560 -0.9038
vn 0.9358 0.1688 -0.3094
vn 0.9554 -0.0773 -0.2849
vn 0.9206 -0.0097 0.3905
vn 0.5998 -0.1795 0.7798
vn 0.0751 -0.1272 0.9890
vn 0.1207 0.6612 0.7404
vn -0.0025 0.7537 0.6572
vn -0.0170 0.2999 -0.9538
vn -0.4753 -0.3555 -0.8048
vn -0.8606 0.3386 -0.3805
vn -0.5578 -0.3018 -0.7732
vn 0.6498 0.7083 0.2757
vn 0.0304 0.1080 0.9937
vn -0.8065 -0.0757 0.5864
vn -0.7716 0.6360 0.0122
vn -0.5662 0.5128 0.6453
vn 0.0777 -0.3422 -0.9364
vn 0.5723 0.0237 -0.8197
vn 0.9761 0.0002 -0.2174
vn 0.2646 -0.3021 0.9158
vn -0.0299 -0.0122 0.9995
vn 0.2815 0.6626 0.6941
vn -0.0591 0.4938 -0.8676
vn -0.9702 -0.1302 0.2045
vn -0.8570 -0.4486 -0.2535
vn -0.4871 -0.6850 -0.5418
vn -0.3524 0.3610 -0.8634
vn -0.9033 0.1578 -0.3989
vn -0.8828 0.4577 -0.1057
vn -0.9881 0.0643 0.1396
vn 0.2680 0.3964 -0.8781
vn 0.1152 0.9716 -0.2067
vn 0.0542 0.9897 -0.1324
vn 0.1986 0.9394 -0.2794
vn 0.8160 0.5391 -0.2085
vn 0.4192 0.2219 0.8804
vn 0.6989 0.3863 0.6019
vn -0.7590 0.5499 0.3486
vn -0.8985 0.3017 0.3189
vn -0.7076 -0.0493 0.7049
vn -0.7796 0.6252 0.0381
vn -0.2481 0.7946 0.5542
vn 0.0518 0.6933 -0.7188
vn -0.0040 0.2392 -0.9710
vn 0.7165 0.2773 -0.6401
vn 0.8882 0.0522 -0.4565
vn 0.9309 0.3407 0.1315
vn 0.7849 0.1816 0.5924
vn 0.4867 -0.0116 0.8735
vn -0.1248 -0.2940 0.9476
vn 0.1149 0.6386 0.7609
vn 0.1090 0.1368 0.9846
vn 0.0783 0.7659 0.6382
vn -0.3282 0.3340 -0.8836
vn 0.0188 -0.4263 -0.9044
vn -0.9810 0.1867 0.0531
vn -0.5507 0.5640 -0.6153
vn 0.9589 0.0498 0.2794
vn -0.3148 -0.0277 0.9488
vn -0.1147 -0.3630 -0.9247
vn 0.1949 0.0458 -0.9798
vn 0.9105 0.2379 -0.3382
vn 0.0901 -0.1943 0.9768
vn -0.1002 -0.1269 0.9868
vn 0.2681 0.7761 0.5708
vn -0.2441 0.3982 -0.8842
vn -0.8300 -0.3760 0.4120
vn -0.5235 -0.8129 -0.2551
vn -0.3416 -0.6499 -0.6789
vn 0.5158 0.3524 -0.7809
vn 0.9941 -0.0594 -0.0903
vn 0.3480 0.0384 0.9367
vn 0.7131 -0.0836 0.6961
vn -0.1738 0.5527 -0.8151
vn -0.2719 -0.0346 -0.9617
vn 0.8298 0.0550 -0.5554
vn 0.3694 0.1945 -0.9087
vn 0.8426 0.5386 -0.0044
vn 0.8228 0.5109 0.2489
vn 0.7169 0.2902 0.6340
vn 0.3839 0.0577 0.9216
vn -0.2833 -0.2603 0.9230
vn -0.0540 0.7250 0.6867
vn -0.3474 0.5114 0.7860
vn -0.3792 0.2712 0.8847
vn 0.0203 0.8587 0.5121
vn 0.0596 0.7955 0.6030
vn 0.2198 0.7396 0.6361
vn -0.3036 0.3239 -0.8961
vn -0.5837 -0.8061 0.0974
vn 0.0659 -0.2876 -0.9555
vn 0.5448 -0.1827 -0.8184
vn 0.8859 -0.0221 -0.4634
vn 0.9987 -0.0501 -0.0051
vn 0.8626 -0.2258 0.4527
vn -0.3031 -0.4643 0.8322
vn 0.0978 -0.1588 -0.9825
vn -0.3237 -0.4716 -0.8203
vn 0.5213 0.2359 -0.8201
vn 0.8911 0.3417 -0.2985
vn 0.0595 -0.2322 0.9708
vn -0.4927 0.0857 0.8660
vn 0.1462 0.6731 0.7250
vn 0.0832 0.7339 0.6742
vn 0.0603 0.8113 0.5815
vn -0.4122 0.3663 -0.8342
vn -0.4506 -0.7287 0.5158
vn -0.6482 -0.6297 -0.4281
vn -0.6657 -0.7373 -0.1148
vn -0.4065 -0.3790 -0.8313
vn 0.9821 -0.0316 -0.1857
vn 0.3264 -0.1907 0.9258
vn 0.5455 -0.3765 0.7488
vn -0.4147 0.3546 -0.8380
vn -0.6524 -0.2240 -0.7240
vn 0.6344 0.2413 -0.7344
vn -0.0651 0.5472 -0.8345
vn -0.1493 0.5470 -0.8237
vn 0.9349 0.3452 0.0826
vn 0.9243 0.3805 0.0290
vn 0.9253 0.2516 0.2836
vn 0.6750 -0.0858 0.7328
vn 0.4407 -0.2979 0.8468
vn -0.5764 -0.3540 0.7365
vn -0.2969 0.8576 0.4200
vn -0.4556 0.8212 0.3436
vn -0.8158 0.4786 0.3246
vn -0.8427 0.4310 0.3227
vn -0.1452 0.9305 0.3362
vn -0.0367 0.8749 0.4830
vn 0.2197 0.6998 0.6797
vn -0.4143 0.3997 -0.8177
vn -0.6538 -0.7131 0.2530
vn 0.0039 -0.1926 -0.9813
vn 0.4489 -0.2346 -0.8622
vn 0.9228 -0.1729 -0.3444
vn 0.9693 -0.2387 -0.0583
vn 0.8780 -0.3891 0.2787
vn 0.6990 -0.3357 0.6314
vn -0.1125 -0.4911 0.8638
vn -0.6054 0.1383 -0.7838
vn -0.3469 0.0182 -0.9377
vn -0.6896 0.2633 -0.6746
vn 0.0931 0.3746 -0.9225
vn 0.6259 -0.1254 -0.7698
vn 0.9584 -0.1194 0.2592
vn -0.1828 -0.5662 0.8037
vn -0.8490 -0.0277 0.5277
vn -0.7430 0.6146 0.2651
vn 0.1255 0.7806 0.6123
vn 0.1887 0.6859 0.7028
vn 0.0936 0.7193 0.6883
vn -0.4646 0.3860 -0.7969
vn -0.4277 -0.6405 0.6378
vn -0.8000 -0.5611 -0.2124
vn -0.5472 -0.5843 -0.5993
vn -0.8599 -0.5101 -0.0183
vn -0.2894 -0.3624 -0.8860
vn 0.8847 0.0524 -0.4631
vn 0.9862 -0.1608 -0.0390
vn 0.2158 -0.4060 0.8880
vn 0.4156 -0.3828 0.8251
vn -0.5488 0.3910 -0.7388
vn -0.8128 0.4126 -0.4113
vn -0.8920 0.0435 -0.4499
vn -0.5355 0.6624 -0.5238
vn -0.4271 0.2563 -0.8671
vn -0.4551 0.7770 -0.4349
vn 0.8959 -0.2147 0.3889
vn 0.9847 0.1270 0.1198
vn 0.9744 0.2225 -0.0317
vn 0.9789 -0.0739 0.1903
vn 0.6847 -0.5637 0.4619
vn 0.4275 -0.6920 0.5816
vn -0.8481 -0.3201 0.4222
vn -0.4530 0.8880 0.0786
vn -0.6050 0.7914 0.0876
vn -0.6377 0.7703 0.0062
vn -0.7573 0.6418 -0.1211
vn -0.8853 0.4561 -0.0911
vn -0.9853 0.0891 0.1456
vn -0.2596 0.9574 0.1265
vn -0.1575 0.9520 0.2624
vn -0.4759 0.3885 -0.7890
vn -0.7655 -0.5686 0.3011
vn 0.0142 -0.1359 -0.9906
vn 0.4554 -0.2633 -0.8505
vn 0.7945 0.6068 0.0237
vn 0.9418 -0.0148 -0.3358
vn 0.6501 -0.1953 -0.7343
vn 0.6467 0.7617 -0.0383
vn 0.9182 -0.3458 0.1933
vn 0.7011 0.6069 -0.3743
vn 0.7457 -0.0652 0.6631
vn -0.0616 -0.5212 0.8512
vn -0.7030 0.4131 -0.5789
vn -0.0776 -0.0878 -0.9931
vn 0.7889 -0.3188 -0.5254
vn 0.9731 0.2150 -0.0829
vn -0.1804 -0.7816 0.5972
vn -0.7918 -0.5178 0.3241
vn -0.9584 -0.1744 0.2259
vn -0.7298 0.6202 -0.2878
vn -0.9383 0.2171 -0.2692
vn 0.1273 0.6663 0.7347
vn -0.0295 0.8885 0.4580
vn 0.1587 0.6790 0.7167
vn -0.4750 0.4262 -0.7699
vn -0.5605 -0.5265 0.6393
vn -0.5353 -0.7707 -0.3456
vn -0.6821 -0.7298 0.0461
vn -0.4859 -0.4022 -0.7760
vn -0.6919 -0.7172 0.0832
vn -0.3441 -0.1713 -0.9232
vn 0.9070 0.0085 0.4210
vn 0.1803 -0.5068 -0.8430
vn 0.1078 -0.4461 0.8885
vn 0.3146 -0.3031 0.8996
vn -0.4868 0.5303 -0.6941
vn -0.8642 0.4218 -0.2743
vn -0.5951 0.6888 -0.4140
vn -0.8353 0.2569 -0.4860
vn -0.2563 -0.1812 -0.9495
vn -0.6783 0.1634 -0.7164
vn -0.4578 0.0303 -0.8886
vn 0.9796 0.1703 -0.1063
vn 0.8320 -0.1973 0.5184
vn 0.9755 0.1724 0.1365
vn 0.9645 0.0910 -0.2481
vn 0.9451 -0.3032 -0.1221
vn 0.4931 -0.7561 0.4303
vn 0.3312 -0.8469 0.4159
vn -0.9485 -0.2460 0.1994
vn -0.3308 0.9324 -0.1459
vn -0.5830 0.8062 -0.1008
vn -0.7066 0.6972 -0.1211
vn -0.6568 0.6726 -0.3409
vn -0.6902 0.6674 -0.2796
vn -0.9883 0.0685 -0.1365
vn -0.9472 0.0294 -0.3193
vn -0.2126 0.9770 0.0184
vn -0.2636 0.9541 0.1422
vn -0.3675 0.4758 -0.7991
vn -0.4045 0.4700 -0.7845
vn -0.6646 -0.5830 0.4674
vn -0.0808 -0.1701 -0.9821
vn 0.3597 -0.0901 -0.9287
vn 0.7719 -0.3822 -0.5081
vn 0.6563 -0.0277 0.7540
vn -0.2350 -0.4670 0.8525
vn -0.5396 0.6097 -0.5805
vn -0.5138 0.3567 -0.7803
vn 0.0266 0.4953 -0.8683
vn -0.0302 0.6709 -0.7409
vn 0.8091 -0.5764 0.1145
vn -0.3318 -0.8507 0.4078
vn -0.7450 -0.6221 0.2407
vn -0.9302 -0.3646 -0.0411
vn -0.9945 0.1025 -0.0205
vn -0.7991 0.1284 -0.5873
vn -0.1449 0.6570 0.7399
vn 0.0086 0.6007 0.7994
vn -0.4771 0.7919 0.3811
vn -0.4081 0.4930 -0.7683
vn -0.3124 0.5660 -0.7629
vn -0.6196 -0.4649 0.6325
vn -0.5469 -0.8272 -0.1289
vn -0.4059 -0.4099 -0.8168
vn -0.5985 -0.7933 0.1114
vn -0.5431 -0.1399 -0.8279
vn -0.6218 -0.7066 0.3378
vn -0.4501 -0.1866 -0.8733
vn 0.0102 -0.3728 0.9279
vn 0.1651 -0.2432 0.9558
vn -0.5256 0.6331 -0.5683
vn -0.5706 0.5094 -0.6442
vn -0.7612 -0.0208 -0.6481
vn -0.6140 0.4546 -0.6453
vn -0.0422 0.8005 -0.5979
vn 0.6635 0.6960 0.2747
vn 0.2936 0.9093 0.2948
vn 0.6627 0.5264 -0.5327
vn 0.8647 0.0787 -0.4960
vn 0.9687 -0.0989 -0.2275
vn 0.6949 -0.6131 0.3757
vn 0.5065 -0.7491 0.4269
vn 0.2125 -0.8681 0.4486
vn -0.9665 0.1362 -0.2175
vn -0.4116 0.8621 -0.2957
vn -0.3785 0.8895 -0.2559
vn -0.5455 0.8131 -0.2030
vn -0.6492 0.7005 -0.2965
vn -0.8654 0.3219 -0.3839
vn -0.8475 0.3015 -0.4369
vn -0.5370 0.8408 -0.0679
vn -0.6567 0.7471 0.1028
vn -0.4029 0.5184 -0.7543
vn -0.5361 -0.5411 0.6480
vn -0.2505 -0.0835 -0.9645
vn 0.2164 -0.0669 -0.9740
vn 0.6681 0.0640 -0.7413
vn 0.7449 0.0585 0.6646
vn 0.4930 -0.0348 0.8693
vn -0.3508 -0.4428 0.8252
vn -0.5425 0.5049 -0.6713
vn -0.5423 0.5054 -0.6712
vn 0.3190 0.7309 0.6033
vn 0.9534 -0.2739 0.1261
vn -0.3499 -0.8774 0.3282
vn -0.5959 -0.7881 0.1546
vn -0.7764 -0.6174 -0.1266
vn -0.7789 -0.2712 -0.5654
vn -0.8092 0.5554 -0.1915
vn -0.1956 0.7051 0.6816
vn -0.5408 0.7482 0.3845
vn -0.5280 0.6142 -0.5864
vn -0.2806 0.9564 -0.0813
vn -0.0492 0.9987 -0.0141
vn -0.4580 0.8637 -0.2102
vn -0.5601 -0.5458 0.6232
vn -0.8541 -0.5194 -0.0284
vn -0.6795 -0.2422 -0.6925
vn -0.4450 -0.0576 -0.8937
vn -0.7899 -0.5976 0.1375
vn -0.4974 -0.2155 -0.8403
vn -0.7217 -0.4899 0.4890
vn -0.5020 -0.0551 -0.8631
vn 0.8521 -0.0692 -0.5187
vn 0.8617 0.1461 0.4860
vn -0.0979 -0.2937 0.9509
vn -0.0109 -0.2237 0.9746
vn -0.6190 0.4613 -0.6357
vn -0.4748 0.8268 -0.3016
vn -0.1830 0.7912 -0.5835
vn 0.4957 0.4341 -0.7522
vn 0.8709 0.4016 -0.2834
vn 0.9985 0.0480 0.0276
vn 0.9310 -0.1501 0.3327
vn 0.6801 -0.5420 0.4937
vn 0.5188 -0.6578 0.5461
vn 0.1410 -0.8079 0.5721
vn -0.7655 0.1910 -0.6144
vn -0.7174 0.6037 -0.3478
vn -0.6001 0.7068 -0.3745
vn -0.5508 0.7599 -0.3453
vn -0.5874 0.7112 -0.3863
vn -0.6397 0.6706 -0.3756
vn -0.7217 0.6801 -0.1291
vn -0.5890 0.8023 0.0974
vn -0.5885 0.5446 -0.5976
vn -0.5326 0.8328 -0.1512
vn -0.6056 -0.5112 0.6099
vn -0.3586 0.2273 -0.9054
vn -0.0005 0.1527 -0.9883
vn 0.4893 0.2454 -0.8369
vn 0.7887 0.2967 -0.5385
vn 0.8658 0.2804 -0.4144
vn 0.8989 0.2763 -0.3401
vn 0.9555 0.2951 -0.0047
vn 0.7389 0.3652 0.5662
vn 0.6626 0.2093 0.7191
vn 0.2654 0.0456 0.9631
vn -0.3669 -0.3992 0.8402
vn -0.5430 0.5811 -0.6062
vn -0.0426 0.4893 -0.8711
vn -0.4443 0.8740 -0.1970
vn -0.2399 -0.8974 0.3704
vn -0.4424 -0.8868 0.1341
vn -0.6003 -0.7950 -0.0869
vn -0.7420 -0.5146 -0.4296
vn -0.5461 0.1104 -0.8304
vn -0.5287 0.7375 -0.4201
vn -0.2881 0.8887 0.3566
vn -0.5199 0.8439 0.1324
vn -0.4801 0.5736 -0.6637
vn -0.9161 -0.3833 -0.1179
vn -0.7972 -0.2717 -0.5391
vn -0.5514 -0.2030 -0.8091
vn -0.9200 -0.3320 0.2082
vn -0.5248 0.0381 -0.8504
vn -0.7883 -0.4061 0.4622
vn -0.5136 0.2671 -0.8154
vn 0.8177 0.5518 0.1640
vn -0.1421 -0.2532 0.9569
vn -0.0241 -0.2071 0.9780
vn -0.3918 0.4085 -0.8244
vn -0.0315 0.3809 -0.9241
vn 0.6561 0.5073 -0.5588
vn 0.9158 0.3967 -0.0633
vn 0.9811 0.1479 0.1250
vn 0.9232 -0.1501 0.3539
vn 0.6662 -0.5691 0.4820
vn 0.4256 -0.7267 0.5392
vn 0.1288 -0.8107 0.5711
vn -0.6918 -0.0692 -0.7188
vn -0.5770 0.7644 -0.2878
vn -0.6116 0.6829 -0.3994
vn -0.6032 0.6269 -0.4931
vn -0.4007 0.9154 0.0382
vn -0.5941 0.6014 -0.5341
vn -0.3980 -0.4005 0.8254
vn -0.6336 -0.5291 0.5644
vn -0.2864 0.5507 -0.7840
vn 0.0886 0.4888 -0.8679
vn 0.5704 0.5078 -0.6456
vn 0.7647 0.4649 -0.4462
vn 0.7861 0.4921 -0.3740
vn 0.7970 0.5655 -0.2121
vn 0.6642 0.7147 0.2192
vn 0.6801 0.4820 0.5524
vn 0.4722 0.3392 0.8136
vn 0.2845 0.0795 0.9554
vn -0.2690 0.4451 -0.8541
vn 0.8584 0.5112 -0.0438
vn -0.4798 -0.8439 0.2399
vn -0.2056 -0.8758 0.4368
vn -0.6104 -0.7911 0.0391
vn -0.7655 -0.5691 -0.3003
vn -0.7755 -0.2110 -0.5950
vn -0.4209 0.3508 -0.8366
vn -0.8673 -0.2123 -0.4503
vn -0.9841 -0.1776 0.0007
vn -0.6215 0.1702 -0.7647
vn -0.9495 -0.2846 0.1318
vn -0.5642 0.2670 -0.7813
vn -0.8322 -0.4571 0.3138
vn -0.3726 0.4744 -0.7975
vn 0.6078 0.7915 -0.0643
vn -0.1370 -0.4222 0.8961
vn 0.1641 -0.3090 0.9368
vn -0.2890 0.4217 -0.8595
vn 0.0780 0.5489 -0.8323
vn 0.8320 0.5257 -0.1773
vn 0.8417 0.5363 -0.0619
vn 0.9560 0.2849 0.0692
vn 0.9434 -0.2203 0.2478
vn 0.6186 -0.6536 0.4360
vn 0.3276 -0.7952 0.5102
vn 0.0731 -0.8342 0.5466
vn -0.5361 0.1479 -0.8311
vn -0.5225 0.7947 -0.3089
vn -0.5337 0.7179 -0.4470
vn -0.4008 -0.5303 0.7471
vn -0.6608 -0.5852 0.4700
vn -0.1371 0.6891 -0.7116
vn 0.1629 0.6873 -0.7079
vn 0.5754 0.6084 -0.5466
vn 0.6714 0.6296 -0.3909
vn 0.6620 0.7126 -0.2324
vn 0.7125 0.6668 0.2186
vn 0.6584 0.7477 -0.0864
vn 0.6057 0.5385 0.5858
vn 0.5327 0.2331 0.8136
vn 0.4674 -0.0430 0.8830
vn 0.8750 0.4779 -0.0779
vn -0.5509 -0.7816 0.2927
vn -0.6732 -0.7129 0.1961
vn -0.2578 -0.8490 0.4611
vn -0.8114 -0.5691 -0.1334
vn -0.8201 -0.3162 -0.4769
vn -0.6512 -0.0671 -0.7559
vn -0.2786 0.3709 -0.8859
vn -0.9182 0.0766 -0.3887
vn -0.9915 -0.1087 -0.0719
vn -0.6482 0.2938 -0.7025
vn -0.9714 -0.2376 -0.0013
vn -0.4965 0.3723 -0.7842
vn -0.8777 -0.4667 0.1087
vn -0.1599 0.6144 -0.7727
vn 0.5605 0.8213 -0.1067
vn -0.1521 -0.5567 0.8167
vn 0.1489 -0.2925 0.9446
vn -0.2496 0.5612 -0.7891
vn 0.3322 0.8040 -0.4933
vn 0.7946 0.5194 -0.3143
vn 0.8967 0.4139 -0.1572
vn 0.9921 0.1240 -0.0195
vn 0.8361 -0.3775 0.3981
vn 0.5230 -0.5988 0.6065
vn 0.2683 -0.7003 0.6615
vn 0.0273 -0.7502 0.6607
vn -0.3340 0.1668 -0.9277
vn -0.4232 -0.6731 0.6065
vn -0.7064 -0.6570 0.2633
vn 0.1059 0.8148 -0.5700
vn 0.3151 0.7631 -0.5643
vn 0.4906 0.8231 -0.2862
vn 0.5750 0.7372 0.3549
vn 0.6161 0.7875 -0.0165
vn 0.5425 0.8072 -0.2326
vn 0.7185 0.5074 0.4757
vn 0.6473 0.1755 0.7418
vn 0.3656 -0.0007 0.9308
vn 0.9303 0.2679 -0.2506
vn 0.9956 0.0057 0.0936
vn -0.6966 -0.6804 0.2276
vn -0.6068 -0.7366 0.2987
vn -0.8281 -0.5595 0.0349
vn -0.2832 -0.7937 0.5384
vn -0.8806 -0.3513 -0.3179
vn -0.7845 -0.1431 -0.6034
vn -0.5270 0.1453 -0.8374
vn -0.0729 0.3356 -0.9392
vn -0.8758 0.2197 -0.4299
vn -0.9568 -0.0640 -0.2835
vn -0.6766 0.2290 -0.6998
vn -0.9236 -0.3404 -0.1764
vn -0.2506 0.3584 -0.8993
vn -0.8560 -0.5096 -0.0874
vn 0.2731 0.6399 -0.7183
vn 0.3597 0.8784 -0.3145
vn -0.1739 -0.5533 0.8146
vn 0.1080 -0.2196 0.9696
vn 0.1394 0.5348 -0.8334
vn 0.9090 0.1986 -0.3663
vn 0.9263 0.0309 -0.3755
vn 0.9651 -0.2613 0.0183
vn 0.9625 -0.0505 0.2666
vn 0.6893 -0.3007 0.6592
vn 0.4589 -0.4115 0.7875
vn 0.1952 -0.5150 0.8347
vn 0.0939 -0.6118 0.7855
vn -0.2295 0.4030 -0.8860
vn -0.5588 -0.6482 0.5173
vn -0.8598 -0.4943 0.1280
vn 0.7466 0.6554 0.1146
vn 0.6797 0.7080 -0.1916
vn 0.6481 0.6542 -0.3899
vn 0.8013 0.4903 0.3427
vn 0.5161 0.2690 0.8132
vn 0.2774 0.1198 0.9533
vn 0.4282 0.4322 -0.7936
vn 0.9371 0.1930 -0.2908
vn -0.6301 -0.7618 0.1506
vn -0.8023 -0.5929 0.0690
vn -0.4851 -0.8391 0.2462
vn -0.9166 -0.3593 -0.1756
vn -0.0753 -0.8327 0.5485
vn -0.8892 -0.1219 -0.4410
vn -0.7045 0.2193 -0.6749
vn -0.3763 0.5585 -0.7392
vn 0.0189 0.5282 -0.8489
vn -0.7782 -0.0642 -0.6247
vn -0.8071 -0.4062 -0.4284
vn -0.3768 -0.3841 -0.8429
vn -0.8550 -0.4721 -0.2149
vn 0.3844 -0.2896 -0.8766
vn -0.9318 -0.3538 -0.0814
vn -0.3490 -0.4015 0.8468
vn -0.0364 -0.0373 0.9986
vn 0.6003 0.6168 -0.5091
vn 0.8374 0.5104 -0.1956
vn 0.9476 0.1951 -0.2532
vn 0.9870 0.1099 0.1173
vn 0.8434 -0.0163 0.5371
vn 0.6079 -0.1037 0.7872
vn 0.3920 -0.3000 0.8697
vn 0.2257 -0.4848 0.8450
vn 0.2983 -0.6468 0.7019
vn -0.1531 0.7230 -0.6737
vn -0.8137 -0.3060 0.4942
vn 0.8963 0.0350 -0.4421
vn -0.9746 -0.1805 0.1325
vn 0.8641 0.5010 0.0476
vn 0.8022 0.5839 0.1244
vn 0.9113 0.3173 -0.2623
vn 0.6689 0.5688 0.4786
vn 0.3491 0.3693 0.8612
vn 0.0165 0.2699 0.9627
vn 0.0329 0.7621 -0.6466
vn 0.8853 0.2101 -0.4148
vn 0.8780 -0.0380 -0.4771
vn -0.4763 -0.8787 -0.0310
vn -0.7773 -0.6206 -0.1033
vn -0.9349 -0.3354 -0.1157
vn -0.2393 -0.9454 0.2215
vn -0.9579 -0.0586 -0.2809
vn 0.0804 -0.8219 0.5639
vn -0.8206 0.2945 -0.4898
vn -0.4752 0.6559 -0.5865
vn -0.2208 0.8191 -0.5295
vn -0.5156 -0.6464 -0.5624
vn -0.7292 -0.6370 -0.2500
vn 0.1310 -0.7923 -0.5960
vn -0.8950 -0.4454 -0.0264
vn 0.6390 -0.5821 -0.5028
vn -0.9647 -0.2542 0.0687
vn -0.5247 0.0225 0.8510
vn 0.3027 0.8529 -0.4254
vn 0.5848 0.7627 -0.2763
vn 0.9912 -0.0761 0.1079
vn 0.8645 0.1580 0.4772
vn 0.5810 -0.1174 0.8054
vn 0.4421 -0.3642 0.8197
vn 0.4153 -0.5699 0.7090
vn 0.2975 -0.6644 0.6856
vn -0.1046 0.8293 -0.5490
vn -0.8658 -0.0063 0.5003
vn -0.1923 -0.8473 -0.4951
vn 0.9325 -0.2810 -0.2268
vn -0.9684 -0.1143 0.2215
vn 0.9932 -0.0764 -0.0877
vn 0.9933 0.1036 0.0513
vn 0.9185 0.2889 0.2700
vn 0.7657 0.5643 0.3088
vn 0.4698 0.6454 0.6023
vn 0.1297 0.4427 0.8872
vn -0.4029 0.2044 0.8921
vn 0.7558 0.5678 -0.3263
vn 0.7300 0.1619 0.6640
vn -0.4174 -0.9084 0.0245
vn -0.7249 -0.6197 -0.3007
vn -0.9004 -0.3155 -0.2994
vn -0.9690 -0.0221 -0.2460
vn -0.0102 -0.8537 0.5207
vn -0.8836 0.3188 -0.3431
vn -0.5901 0.6208 -0.5162
vn -0.2211 0.7832 -0.5811
vn -0.1640 0.8602 -0.4829
vn -0.4541 -0.8534 -0.2557
vn -0.7705 -0.6346 0.0599
vn -0.0344 -0.8685 -0.4944
vn 0.2836 -0.7473 -0.6009
vn -0.8928 -0.4025 0.2023
vn 0.6698 -0.5094 -0.5403
vn -0.9386 -0.2361 0.2515
vn 0.0700 0.9226 -0.3794
vn 0.8703 0.4712 -0.1434
vn 0.5412 0.8379 -0.0716
vn 0.8273 0.4221 0.3708
vn 0.6914 0.2377 0.6822
vn 0.6535 -0.1792 0.7354
vn 0.5477 -0.4469 0.7073
vn 0.4216 -0.5478 0.7226
vn 0.2272 -0.6173 0.7532
vn -0.8055 0.0970 0.5846
vn -0.2655 -0.9009 -0.3433
vn 0.9013 -0.3156 -0.2968
vn 0.9634 -0.2568 -0.0767
vn -0.9389 0.0646 0.3380
vn 0.9489 -0.3147 0.0210
vn 0.9233 -0.1915 0.3330
vn 0.8072 0.1003 0.5817
vn 0.5883 0.4386 0.6793
vn 0.1499 0.6848 0.7131
vn -0.2466 0.4585 0.8538
vn 0.2383 0.9677 -0.0826
vn 0.6559 0.5732 0.4912
vn -0.7641 -0.6092 -0.2123
vn -0.4065 -0.8783 0.2518
vn -0.8384 -0.2977 -0.4566
vn -0.8948 -0.0237 -0.4459
vn -0.8658 0.3373 -0.3696
vn -0.7466 0.5639 -0.3531
vn 0.0787 -0.7391 0.6690
vn -0.4277 0.0779 -0.9006
vn 0.3271 0.6216 -0.7118
vn 0.0119 0.9809 -0.1943
vn -0.6613 -0.7500 0.0152
vn -0.8474 -0.4751 0.2373
vn 0.0177 -0.7812 -0.6241
vn -0.1640 -0.8156 -0.5548
vn 0.3957 -0.6373 -0.6612
vn -0.8897 -0.3113 0.3339
vn 0.6780 -0.4498 -0.5814
vn -0.8979 -0.0267 0.4394
vn 0.5904 0.7699 0.2422
vn 0.2875 0.9530 0.0958
vn 0.7709 0.5756 0.2726
vn 0.9049 0.0301 0.4246
vn 0.7129 -0.3959 0.5788
vn 0.5127 -0.4976 0.6997
vn 0.3071 -0.5410 0.7829
vn 0.2312 -0.5585 0.7966
vn -0.5647 0.5996 0.5672
vn -0.6649 -0.7389 -0.1094
vn -0.5107 -0.7794 -0.3629
vn 0.8655 -0.3005 -0.4008
vn 0.9574 -0.2368 -0.1651
vn 0.9663 -0.2428 -0.0852
vn -0.7235 0.3802 0.5762
vn 0.9688 -0.0642 0.2394
vn 0.8100 0.1533 0.5660
vn 0.5911 0.2583 0.7641
vn 0.2536 0.3969 0.8822
vn 0.1436 0.9889 -0.0391
vn 0.4253 0.8662 0.2625
vn -0.9101 -0.2487 -0.3314
vn -0.8379 -0.5448 0.0329
vn -0.4451 -0.7552 0.4812
vn -0.8556 -0.0204 -0.5172
vn -0.7390 0.3437 -0.5795
vn -0.8323 0.4840 -0.2704
vn 0.0672 -0.6124 0.7877
vn 0.8140 -0.5696 -0.1137
vn 0.8240 0.4735 0.3111
vn 0.2814 0.9537 -0.1058
vn -0.8708 -0.4716 0.1387
vn -0.8996 -0.3379 0.2768
vn 0.0895 -0.6842 -0.7238
vn -0.1312 -0.7244 -0.6768
vn -0.3123 -0.7548 -0.5768
vn 0.4730 -0.5557 -0.6837
vn -0.8868 -0.1317 0.4430
vn 0.6965 -0.4505 -0.5585
vn -0.7972 0.1041 0.5947
vn -0.3393 0.5476 0.7649
vn 0.2185 0.9757 0.0169
vn 0.9698 0.0781 -0.2309
vn 0.5628 0.8215 -0.0911
vn 0.8647 -0.4022 0.3010
vn 0.5854 -0.5268 0.6163
vn 0.3599 -0.5889 0.7237
vn 0.2245 -0.5615 0.7964
vn -0.7818 -0.6232 0.0207
vn 0.1385 -0.4895 0.8609
vn 0.2975 -0.5744 -0.7626
vn -0.8681 -0.4959 -0.0222
vn -0.7493 -0.6287 -0.2081
vn 0.8574 -0.3316 -0.3935
vn 0.9544 -0.2084 -0.2139
vn 0.9864 -0.1151 -0.1176
vn 0.9932 0.0616 0.0984
vn -0.6565 0.1570 0.7378
vn 0.8438 0.2519 0.4738
vn 0.5908 0.4191 0.6895
vn 0.3317 0.5219 0.7859
vn -0.1873 0.3581 0.9147
vn 0.7007 0.3074 -0.6439
vn -0.9757 -0.1998 -0.0903
vn -0.9328 0.0049 -0.3604
vn -0.8639 -0.4288 0.2641
vn -0.4949 -0.5742 0.6522
vn -0.6876 0.3775 -0.6202
vn -0.4777 0.6424 -0.5992
vn -0.7914 0.2101 0.5740
vn 0.0771 -0.7732 -0.6295
vn -0.2295 -0.4215 0.8773
vn 0.0503 0.9104 -0.4107
vn -0.5439 0.2369 0.8050
vn -0.9275 -0.3509 0.1291
vn -0.9299 -0.1974 0.3104
vn 0.2118 -0.6817 -0.7004
vn -0.0561 -0.7245 -0.6869
vn -0.1678 -0.7362 -0.6556
vn -0.5000 -0.7052 -0.5027
vn 0.5334 -0.6148 -0.5809
vn -0.8535 -0.0204 0.5207
vn 0.7470 -0.4829 -0.4570
vn -0.7392 -0.0177 0.6732
vn 0.3927 0.8408 -0.3727
vn 0.7330 -0.1710 -0.6584
vn 0.9455 -0.2794 -0.1670
vn 0.5741 -0.6829 0.4518
vn 0.3937 -0.6641 0.6356
vn 0.1318 -0.7201 0.6813
vn 0.0224 -0.5000 0.8657
vn -0.4897 0.8421 -0.2259
vn -0.7171 -0.4216 0.5550
vn -0.6794 -0.7337 0.0099
vn -0.1448 -0.3387 0.9297
vn 0.3369 -0.7160 -0.6115
vn 0.3818 -0.7352 -0.5602
vn 0.5829 -0.2595 0.7700
vn -0.9299 -0.3604 0.0737
vn -0.8732 -0.4850 -0.0478
vn 0.9052 -0.2384 -0.3518
vn 0.9558 -0.1292 -0.2641
vn 0.9961 -0.0381 -0.0797
vn 0.9902 0.1283 0.0546
vn 0.8966 0.3014 0.3243
vn -0.4006 0.3039 0.8644
vn -0.5198 0.0656 0.8517
vn 0.7193 0.3753 0.5847
vn 0.2949 0.5368 0.7905
vn 0.1028 0.5761 0.8109
vn 0.5346 -0.0622 -0.8428
vn 0.8169 -0.5513 0.1694
vn 0.3069 0.2922 -0.9058
vn -0.9664 -0.2101 0.1483
vn -0.9843 0.0103 -0.1761
vn -0.7932 0.4247 -0.4364
vn -0.7516 -0.3709 0.5455
vn -0.5318 0.5999 -0.5977
vn -0.2319 0.6224 -0.7475
vn -0.0945 0.6961 0.7117
vn -0.4499 -0.2204 0.8654
vn -0.1179 -0.8633 -0.4907
vn -0.4723 -0.2999 0.8288
vn -0.0174 -0.6955 -0.7183
vn 0.8961 -0.4390 0.0649
vn 0.7059 -0.1762 0.6860
vn -0.9652 -0.2278 0.1287
vn -0.9352 -0.1183 0.3338
vn 0.3342 -0.7784 -0.5314
vn 0.0612 -0.8175 -0.5727
vn -0.1022 -0.7943 -0.5988
vn -0.2842 -0.7677 -0.5743
vn -0.6490 -0.6918 -0.3166
vn 0.6183 -0.6392 -0.4574
vn -0.8281 -0.1397 0.5429
vn 0.8354 -0.4191 -0.3555
vn -0.6297 -0.2313 0.7416
vn 0.4847 0.4589 0.7446
vn 0.5755 -0.1948 -0.7942
vn 0.7702 -0.4477 -0.4542
vn 0.8466 -0.5246 -0.0895
vn 0.5471 -0.7277 0.4136
vn 0.3838 -0.7729 0.5053
vn -0.2442 -0.6636 0.7071
vn -0.3214 -0.3432 0.8825
vn -0.2570 0.6255 -0.7367
vn -0.8090 -0.5504 0.2065
vn -0.6005 -0.6210 0.5037
vn -0.7356 -0.4283 -0.5247
vn -0.4592 -0.1857 0.8687
vn 0.1307 -0.4215 -0.8973
vn 0.3401 -0.4183 -0.8422
vn 0.6418 -0.1656 -0.7488
vn 0.5555 -0.4500 0.6993
vn -0.9573 -0.2431 0.1562
vn -0.9040 -0.3962 0.1605
vn 0.9625 -0.1759 -0.2064
vn 0.9657 -0.0314 -0.2578
vn 0.9901 0.0860 -0.1112
vn 0.9632 0.2375 0.1260
vn 0.8665 0.4107 0.2837
vn 0.7408 0.4713 0.4786
vn -0.0292 0.4434 0.8958
vn -0.0286 0.3345 0.9420
vn 0.2542 0.4279 0.8674
vn 0.1508 0.5265 0.8367
vn 0.0354 -0.1563 -0.9871
vn 0.4797 -0.0825 -0.8736
vn 0.7995 -0.5704 0.1884
vn 0.2313 -0.7808 0.5804
vn -0.1287 -0.8163 0.5631
vn -0.8237 -0.2613 0.5032
vn -0.9876 -0.1391 0.0723
vn -0.7815 0.5554 -0.2841
vn -0.7965 0.5035 -0.3347
vn -0.6048 0.2532 -0.7551
vn 0.0257 0.1712 -0.9849
vn -0.8793 -0.4081 0.2457
vn -0.2191 -0.6172 0.7557
vn -0.4689 -0.1426 -0.8716
vn 0.8478 0.0961 -0.5216
vn 0.9171 -0.2235 0.3300
vn 0.5979 -0.5391 0.5932
vn -0.9687 -0.2024 0.1437
vn -0.8606 -0.2696 0.4321
vn 0.4518 -0.7680 -0.4539
vn 0.1616 -0.8711 -0.4638
vn -0.0374 -0.8976 -0.4393
vn -0.1821 -0.8718 -0.4548
vn -0.2309 -0.9394 -0.2532
vn -0.7469 -0.6579 0.0964
vn 0.7080 -0.6218 -0.3349
vn -0.6994 -0.4890 0.5212
vn 0.9100 -0.3793 -0.1673
vn -0.4347 -0.2983 0.8497
vn 0.5882 0.4755 0.6541
vn 0.5462 -0.0400 -0.8367
vn 0.7378 -0.1783 -0.6511
vn 0.8353 -0.4870 -0.2550
vn 0.7946 -0.6064 0.0300
vn 0.5751 -0.5783 0.5786
vn 0.4578 -0.6492 0.6075
vn -0.3989 -0.7074 0.5835
vn -0.6243 -0.5075 0.5939
vn -0.7929 0.0331 0.6085
vn -0.9942 0.0619 -0.0880
vn -0.3901 -0.0626 -0.9187
vn -0.2588 -0.4419 -0.8589
vn 0.2755 -0.8300 -0.4849
vn -0.9212 -0.0187 -0.3887
vn -0.6738 -0.4807 0.5612
vn -0.9351 -0.0840 0.3444
vn -0.1569 0.3025 -0.9401
vn 0.2846 0.2374 -0.9288
vn 0.3052 0.2822 -0.9095
vn 0.4963 -0.8123 0.3066
vn 0.4217 -0.8613 0.2834
vn -0.8970 -0.3606 0.2557
vn -0.9326 -0.2481 0.2620
vn -0.9008 -0.2894 0.3236
vn 0.9922 -0.0597 -0.1091
vn 0.9904 -0.0111 -0.1379
vn 0.9832 0.1610 -0.0858
vn 0.9032 0.3984 0.1597
vn 0.7525 0.5687 0.3322
vn 0.7366 0.6066 0.2989
vn 0.0530 0.5602 0.8267
vn 0.3896 -0.4960 0.7760
vn 0.3791 0.3587 0.8530
vn 0.0487 0.3426 0.9382
vn 0.7216 -0.3499 -0.5973
vn 0.7074 -0.5759 0.4098
vn 0.3226 -0.5893 0.7407
vn -0.0128 -0.6739 0.7387
vn -0.7698 0.3614 0.5262
vn -0.7930 0.6055 -0.0674
vn -0.9163 0.3826 -0.1179
vn -0.9444 -0.0921 -0.3156
vn -0.2665 -0.2099 -0.9407
vn -0.2350 -0.9161 0.3249
vn -0.9219 -0.0413 0.3853
vn -0.5730 0.3857 -0.7231
vn 0.3931 0.1059 -0.9134
vn 0.8710 -0.4546 -0.1863
vn 0.4268 -0.8443 0.3239
vn -0.9216 -0.3720 0.1110
vn -0.5829 -0.7157 0.3848
vn 0.4819 -0.7699 -0.4183
vn 0.2529 -0.8323 -0.4932
vn 0.1139 -0.9009 -0.4189
vn 0.0137 -0.9736 -0.2277
vn -0.0342 -0.9808 -0.1918
vn -0.8674 -0.3821 0.3186
vn 0.7451 -0.6079 -0.2744
vn -0.0900 -0.8138 0.5741
vn 0.9634 -0.2443 -0.1101
vn 0.4293 0.0538 0.9016
vn 0.7332 0.5417 0.4111
vn 0.5545 -0.4075 -0.7256
vn 0.7176 -0.0202 -0.6962
vn 0.8900 -0.1197 -0.4400
vn 0.9162 -0.3769 -0.1364
vn 0.8106 -0.5364 0.2349
vn 0.5243 -0.5391 0.6591
vn 0.4855 -0.5278 0.6969
vn -0.2424 -0.5888 0.7711
vn -0.7106 -0.4812 0.5134
vn -0.9023 -0.2313 0.3639
vn -0.9229 0.3834 0.0350
vn -0.9031 0.3097 -0.2976
vn -0.6546 -0.7559 -0.0055
vn -0.9641 -0.2430 0.1066
vn -0.0646 0.6840 -0.7266
vn -0.0375 0.4512 -0.8916
vn 0.5345 -0.8212 0.1999
vn -0.6022 -0.7983 0.0069
vn -0.9252 -0.2723 0.2641
vn -0.9012 -0.2345 0.3644
vn 0.9625 0.0895 -0.2563
vn 0.9869 0.0997 -0.1267
vn 0.9845 0.1747 0.0134
vn 0.8920 0.3906 0.2275
vn 0.7150 0.5246 0.4622
vn 0.6495 0.6854 0.3291
vn 0.0078 -0.3257 0.9454
vn 0.2929 -0.8468 0.4440
vn 0.4455 -0.6887 0.5721
vn 0.8352 0.5327 -0.1365
vn 0.7076 0.3887 0.5901
vn 0.3697 -0.1045 0.9233
vn 0.5386 -0.6297 -0.5597
vn 0.6372 -0.5456 0.5443
vn 0.2919 -0.4771 0.8290
vn 0.1088 -0.4825 0.8691
vn -0.9665 -0.2058 0.1532
vn -0.9651 -0.2570 -0.0509
vn -0.8967 -0.0581 -0.4388
vn -0.4825 -0.4332 -0.7613
vn -0.8773 0.3399 -0.3389
vn -0.3755 0.6329 -0.6770
vn -0.2788 0.2111 -0.9368
vn 0.6492 -0.0972 -0.7543
vn 0.5231 -0.8291 -0.1974
vn 0.3959 -0.8322 0.3883
vn -0.8283 -0.5549 -0.0778
vn -0.0307 -0.9877 0.1533
vn 0.2732 -0.8191 -0.5045
vn 0.4839 -0.7265 -0.4878
vn 0.2496 -0.8464 -0.4704
vn 0.2496 -0.9164 -0.3129
vn 0.0414 -0.9976 -0.0550
vn -0.8128 -0.3382 0.4744
vn 0.9292 -0.1801 -0.3228
vn 0.9895 0.0006 -0.1445
vn 0.3400 -0.8702 0.3566
vn 0.3297 -0.8522 0.4062
vn 0.2904 -0.9264 0.2396
vn 0.8116 0.4827 0.3292
vn 0.5280 -0.8457 0.0776
vn 0.8049 -0.2524 -0.5370
vn 0.8432 -0.0305 -0.5368
vn 0.9155 -0.1886 -0.3554
vn 0.9136 -0.4059 -0.0262
vn 0.7570 -0.5050 0.4147
vn 0.4649 -0.5440 0.6985
vn 0.4474 -0.5001 0.7414
vn -0.0374 -0.4501 0.8922
vn -0.6254 -0.3704 0.6868
vn -0.8959 -0.1937 0.3997
vn -0.9118 -0.2592 0.3186
vn -0.9763 -0.0666 -0.2059
vn -0.1819 -0.8353 -0.5188
vn -0.9322 -0.2462 -0.2655
vn -0.9478 -0.2776 -0.1566
vn -0.8196 0.4096 -0.4007
vn -0.2532 0.5017 -0.8272
vn 0.2186 0.1983 -0.9555
vn -0.2379 -0.8892 -0.3909
vn -0.0007 -0.9912 -0.1321
vn -0.8882 -0.4029 0.2209
vn 0.7902 -0.3116 -0.5277
vn 0.1575 -0.9818 -0.1063
vn -0.7843 -0.4443 0.4330
vn -0.7469 -0.4269 0.5098
vn 0.8709 0.1890 -0.4537
vn 0.9812 0.1667 -0.0976
vn 0.9335 0.3063 -0.1864
vn 0.9567 0.2893 -0.0308
vn 0.9065 0.3386 0.2520
vn 0.8397 0.3384 0.4247
vn 0.8309 0.2744 0.4841
vn 0.9766 0.2017 0.0742
vn 0.5021 -0.6666 0.5510
vn 0.4108 -0.7491 0.5197
vn 0.6416 -0.7390 0.2056
vn 0.5464 -0.7607 0.3506
vn 0.8137 0.4998 0.2969
vn 0.9136 0.0860 0.3974
vn 0.5990 -0.7982 -0.0641
vn 0.6246 -0.5501 0.5544
vn 0.2707 -0.5093 0.8169
vn 0.1171 -0.4646 0.8778
vn -0.9681 -0.2409 0.0690
vn -0.9740 0.0301 -0.2245
vn -0.9607 0.1704 -0.2189
vn -0.3927 0.5601 -0.7294
vn -0.4972 0.3725 -0.7836
vn -0.4022 0.3164 -0.8591
vn 0.4477 0.1398 -0.8832
vn 0.0465 -0.2007 -0.9785
vn 0.0948 -0.9005 0.4243
vn 0.3149 -0.8609 0.3996
vn -0.5564 -0.7158 -0.4220
vn 0.1361 -0.9905 0.0171
vn 0.3347 -0.7652 -0.5500
vn 0.3082 -0.8285 -0.4676
vn 0.6212 -0.4815 -0.6183
vn 0.3853 -0.8374 -0.3876
vn 0.3570 -0.9042 -0.2345
vn 0.0731 -0.9899 0.1214
vn -0.7232 -0.4801 0.4965
vn -0.6141 -0.5396 0.5760
vn 0.9509 0.1990 0.2368
vn 0.5072 -0.7287 0.4602
vn 0.4042 -0.8896 0.2129
vn 0.5005 -0.8654 0.0238
vn 0.2110 -0.9747 0.0743
vn 0.6768 0.4842 0.5545
vn 0.8643 -0.1654 -0.4750
vn 0.8575 -0.0876 -0.5069
vn 0.9412 -0.2397 -0.2382
vn 0.8941 -0.3901 0.2198
vn 0.7428 -0.5189 0.4230
vn 0.4229 -0.7137 0.5584
vn 0.3901 -0.6545 0.6476
vn 0.0130 -0.3961 0.9181
vn -0.4492 -0.2451 0.8592
vn -0.8435 -0.1270 0.5219
vn -0.8623 -0.2355 0.4483
vn -0.9479 -0.2048 0.2440
vn -0.9925 0.0406 -0.1157
vn -0.9852 0.0408 -0.1665
vn -0.9299 0.2032 -0.3066
vn -0.7670 0.4314 -0.4749
vn -0.5090 0.5401 -0.6702
vn 0.0551 0.4009 -0.9145
vn -0.3385 -0.8375 -0.4289
vn 0.1111 -0.7620 -0.6380
vn 0.2171 -0.9226 -0.3189
vn 0.2150 -0.9740 -0.0718
vn -0.7414 -0.5270 0.4155
vn 0.8725 0.0363 -0.4873
vn 0.2677 -0.9634 -0.0161
vn -0.7311 -0.5067 0.4570
vn -0.4769 -0.6410 0.6014
vn 0.9581 0.1898 -0.2145
vn 0.8630 0.4773 -0.1656
vn 0.8573 0.4968 -0.1350
vn 0.8828 0.4541 0.1202
vn 0.9182 0.2940 0.2653
vn 0.7916 0.2875 0.5392
vn 0.8355 -0.2951 0.4635
vn 0.6588 -0.4970 0.5647
vn 0.7029 -0.7034 0.1057
vn 0.7387 -0.6721 -0.0504
vn 0.3865 -0.9186 0.0822
vn 0.9310 0.1485 0.3335
vn 0.9239 0.3176 0.2133
vn 0.3937 -0.8068 0.4404
vn 0.5887 -0.7255 0.3565
vn 0.0636 -0.7165 0.6946
vn 0.0613 -0.5211 0.8513
vn -0.9859 0.1053 -0.1301
vn -0.9938 -0.0027 -0.1108
vn -0.6254 0.3983 -0.6710
vn -0.4507 0.4761 -0.7551
vn 0.2347 0.3262 -0.9157
vn -0.0046 0.0570 -0.9984
vn -0.5762 -0.2181 -0.7877
vn -0.0475 -0.8846 0.4640
vn 0.1484 -0.7689 0.6219
vn 0.0389 -0.8141 -0.5795
vn 0.1236 -0.9905 0.0599
vn -0.4187 -0.8810 -0.2204
vn 0.5156 -0.6090 -0.6028
vn 0.4247 -0.8010 -0.4219
vn 0.4647 -0.8350 -0.2945
vn 0.7890 -0.2293 -0.5699
vn 0.5118 -0.8343 -0.2051
vn 0.4859 -0.8740 -0.0075
vn 0.1756 -0.9637 0.2012
vn -0.2607 -0.8517 0.4545
vn -0.7136 -0.5419 0.4440
vn -0.6476 -0.6111 0.4552
vn -0.6505 -0.4434 0.6167
vn -0.5607 -0.6571 0.5038
vn 0.8676 -0.4949 0.0479
vn 0.9039 0.3815 -0.1936
vn 0.6618 -0.6208 0.4202
vn 0.5286 -0.8428 0.1017
vn 0.5954 -0.8024 0.0415
vn 0.1499 -0.9873 -0.0522
vn 0.6612 -0.1322 0.7385
vn 0.9933 -0.0291 -0.1119
vn 0.6205 -0.5208 0.5863
vn 0.9739 0.1841 -0.1332
vn 0.7567 -0.1027 -0.6456
vn 0.8841 -0.2617 -0.3872
vn 0.9545 -0.2932 -0.0540
vn 0.7997 -0.5972 0.0625
vn 0.6751 -0.7356 0.0560
vn 0.3695 -0.9014 0.2257
vn 0.3265 -0.8733 0.3615
vn 0.0102 -0.8115 0.5842
vn -0.0845 -0.3977 0.9136
vn -0.3105 -0.1417 0.9400
vn -0.6919 -0.0640 0.7191
vn -0.8037 -0.2015 0.5599
vn -0.9241 -0.1364 0.3569
vn -0.9937 0.1101 -0.0225
vn -0.9914 0.0755 -0.1073
vn -0.9314 0.1914 -0.3096
vn -0.7754 0.3185 -0.5452
vn -0.5871 0.4363 -0.6819
vn -0.0667 0.5298 -0.8455
vn -0.5396 -0.0507 -0.8404
vn -0.3927 -0.7845 -0.4799
vn 0.2674 -0.7843 -0.5598
vn 0.1398 -0.5872 -0.7973
vn 0.3837 -0.9005 -0.2045
vn 0.3574 -0.9218 0.1503
vn -0.2455 -0.9000 0.3602
vn 0.9429 0.0896 -0.3207
vn -0.0702 -0.8122 0.5792
vn -0.4820 -0.3722 0.7932
vn -0.6045 -0.3585 0.7114
vn -0.4167 -0.7860 0.4566
vn 0.9504 0.2390 -0.1988
vn 0.9752 0.1280 -0.1806
vn 0.7963 0.5975 -0.0943
vn 0.8965 0.4382 -0.0654
vn 0.7652 0.6409 -0.0612
vn 0.9407 -0.0508 -0.3354
vn 0.6694 -0.5913 0.4498
vn 0.8433 -0.3978 0.3613
vn 0.6624 -0.3185 0.6780
vn 0.6291 -0.7734 0.0781
vn 0.6093 -0.7928 0.0172
vn 0.1966 -0.9676 -0.1582
vn 0.6313 -0.7025 0.3286
vn 0.7344 -0.6438 0.2146
vn 0.9606 0.0917 -0.2623
vn 0.3374 -0.6569 0.6743
vn 0.7468 -0.4451 0.4942
vn -0.2950 -0.4950 0.8173
vn -0.9841 0.1704 -0.0507
vn -0.9943 0.0927 -0.0527
vn -0.6229 0.4410 -0.6461
vn -0.4500 0.5801 -0.6789
vn 0.0080 0.4706 -0.8823
vn -0.1316 0.2092 -0.9690
vn -0.4248 0.1385 -0.8946
vn -0.3989 -0.0656 -0.9146
vn -0.1323 -0.6953 -0.7064
vn 0.2132 -0.9353 0.2824
vn 0.2563 -0.6919 0.6750
vn 0.0102 -0.8263 -0.5631
vn 0.1768 -0.9736 0.1443
vn -0.2168 -0.9605 0.1746
vn 0.6880 -0.3561 -0.6323
vn 0.6328 -0.6307 -0.4492
vn 0.5763 -0.7811 -0.2403
vn 0.5880 -0.8007 -0.1148
vn 0.8407 -0.0650 -0.5376
vn -0.6413 -0.5768 0.5060
vn -0.6875 -0.6190 0.3797
vn -0.6675 -0.6867 0.2881
vn 0.9377 0.3269 -0.1173
vn 0.6524 -0.2471 0.7165
vn 0.8006 -0.3253 0.5033
vn 0.7287 -0.5988 0.3323
vn 0.6929 -0.7169 0.0773
vn 0.0587 -0.9976 -0.0359
vn 0.3825 -0.8082 0.4478
vn 0.8035 -0.4321 0.4095
vn 0.6643 -0.7434 -0.0779
vn 0.8309 -0.5129 0.2157
vn 0.5459 -0.4037 0.7342
vn 0.6320 -0.3468 0.6931
vn 0.6856 -0.2291 -0.6910
vn 0.7223 -0.3376 -0.6036
vn 0.7970 -0.5614 -0.2229
vn -0.4162 -0.4445 0.7932
vn -0.3251 -0.1899 0.9264
vn -0.5192 -0.0816 0.8508
vn -0.7027 -0.1141 0.7023
vn -0.8799 -0.0063 0.4751
vn -0.9829 0.1740 0.0611
vn -0.9921 0.1249 -0.0146
vn -0.9686 0.1675 -0.1837
vn -0.7663 0.3624 -0.5305
vn -0.5600 0.4490 -0.6963
vn -0.1270 0.6591 -0.7413
vn -0.3222 0.2283 -0.9187
vn 0.2011 -0.6237 -0.7554
vn 0.3608 -0.7759 -0.5174
vn 0.1161 -0.5089 -0.8530
vn 0.5251 -0.8473 -0.0792
vn 0.3957 -0.8052 0.4416
vn 0.9430 0.0907 -0.3201
vn -0.4968 -0.2249 0.8382
vn -0.5351 -0.3478 0.7699
vn -0.2056 -0.9760 0.0716
vn -0.4883 -0.8573 0.1634
vn 0.9122 0.3965 0.1032
vn 0.9695 0.2449 -0.0063
vn 0.9666 0.2561 -0.0130
vn 0.8094 -0.0501 -0.5851
vn -0.2781 -0.9468 0.1620
vn 0.6648 -0.2012 0.7194
vn 0.4175 0.1987 0.8867
vn 0.5988 0.1243 0.7912
vn 0.5727 -0.7420 0.3485
vn 0.6901 -0.7237 -0.0027
vn 0.4927 -0.8622 -0.1175
vn -0.0995 -0.9950 0.0131
vn 0.1252 -0.7550 0.6436
vn 0.5251 -0.8351 0.1639
vn 0.5053 -0.8257 0.2506
vn 0.6159 -0.4934 0.6141
vn 0.6462 -0.3926 0.6544
vn 0.9045 -0.3791 -0.1956
vn 0.6641 -0.7229 -0.1908
vn -0.4504 -0.2559 0.8554
vn -0.9753 0.2178 0.0380
vn -0.9883 0.1526 0.0072
vn -0.9096 0.3059 -0.2812
vn -0.5153 0.6174 -0.5944
vn -0.4000 0.7653 -0.5044
vn -0.1919 0.6733 -0.7141
vn -0.2496 0.3691 -0.8952
vn -0.2256 0.3538 -0.9077
vn -0.0822 0.4671 -0.8804
vn 0.5721 0.2568 -0.7789
vn 0.5427 -0.2494 -0.8020
vn 0.6521 -0.7400 -0.1649
vn 0.7621 -0.5367 0.3622
vn -0.0786 -0.8204 -0.5664
vn 0.1658 -0.9362 0.3098
vn 0.7552 -0.3349 -0.5635
vn 0.7565 -0.1333 -0.6402
vn 0.7160 -0.5733 -0.3983
vn 0.8055 0.0461 -0.5908
vn -0.6969 -0.4089 0.5892
vn -0.8351 -0.4486 0.3183
vn -0.7183 -0.6957 0.0057
vn 0.9315 0.2914 -0.2176
vn 0.9427 0.2864 -0.1710
vn -0.2393 -0.6500 -0.7213
vn 0.2897 0.2107 0.9336
vn 0.7040 0.1603 0.6918
vn 0.6527 -0.0887 0.7524
vn -0.2805 -0.9440 -0.1737
vn 0.7333 -0.5749 0.3629
vn 0.8211 -0.5680 -0.0560
vn -0.0038 -0.9956 0.0940
vn 0.5054 -0.7019 0.5020
vn 0.7122 -0.6354 0.2985
vn 0.7031 -0.1957 0.6836
vn 0.9395 -0.1340 0.3152
vn 0.8484 -0.2635 0.4591
vn 0.7385 0.0222 -0.6739
vn 0.6673 -0.1737 -0.7243
vn 0.7321 -0.4827 -0.4806
vn -0.4635 -0.1757 0.8685
vn -0.6339 -0.0822 0.7690
vn -0.8051 0.0868 0.5867
vn -0.9473 0.2398 0.2122
vn -0.9837 0.1788 0.0168
vn -0.9514 0.2719 -0.1444
vn -0.4305 0.5791 -0.6923
vn -0.7319 0.4869 -0.4767
vn -0.1163 0.8634 -0.4909
vn 0.4697 0.4074 -0.7832
vn 0.1189 -0.4847 -0.8666
vn 0.2901 -0.5861 -0.7566
vn 0.5212 -0.7016 -0.4858
vn -0.1146 -0.3969 -0.9107
vn 0.6411 -0.7316 0.2319
vn 0.2139 -0.7351 0.6434
vn 0.8876 0.1582 -0.4327
vn -0.4820 -0.2267 0.8463
vn -0.5919 -0.1635 0.7892
vn -0.2890 -0.9544 -0.0747
vn -0.3892 -0.9169 -0.0881
vn 0.9215 0.2339 -0.3102
vn 0.9546 0.2542 0.1553
vn 0.9881 -0.1516 -0.0276
vn 0.6113 -0.5916 -0.5256
vn 0.9413 0.3179 -0.1134
vn -0.0088 -0.4557 -0.8901
vn -0.6529 -0.5900 -0.4750
vn -0.1972 -0.6494 0.7344
vn 0.4695 -0.0658 0.8805
vn 0.0621 0.5333 0.8436
vn 0.2765 0.6027 0.7486
vn 0.5066 0.4632 0.7272
vn 0.6487 -0.3352 0.6833
vn 0.5583 -0.8173 -0.1423
vn -0.2009 -0.9796 -0.0020
vn -0.1999 -0.9298 0.3091
vn -0.4450 -0.8790 0.1714
vn 0.4530 -0.3037 0.8382
vn 0.6347 -0.7507 0.1835
vn 0.5600 -0.8090 0.1785
vn 0.9930 -0.0188 -0.1164
vn 0.7722 -0.1624 0.6142
vn 0.7922 -0.0943 0.6029
vn 0.9974 0.0658 0.0283
vn -0.9604 0.2391 0.1432
vn -0.9794 0.1884 0.0731
vn -0.8973 0.3416 -0.2794
vn -0.3291 0.7510 -0.5725
vn -0.2683 0.8350 -0.4804
vn -0.2710 0.8606 -0.4311
vn -0.2125 0.7387 -0.6396
vn 0.0841 0.5503 -0.8307
vn 0.2683 0.5488 -0.7917
vn 0.6705 0.4438 -0.5945
vn 0.9014 0.2293 -0.3674
vn 0.9688 0.0024 -0.2479
vn -0.2727 -0.8502 -0.4504
vn 0.1638 -0.9265 0.3388
vn 0.7674 -0.1018 -0.6330
vn 0.7090 -0.2466 -0.6607
vn 0.7462 0.0561 -0.6634
vn 0.7380 0.1370 -0.6607
vn -0.8207 -0.0567 0.5685
vn -0.9146 -0.3377 0.2225
vn -0.3695 -0.9149 -0.1623
vn 0.9873 -0.1345 -0.0846
vn 0.6256 -0.4891 -0.6078
vn 0.5946 -0.1566 -0.7886
vn 0.8416 0.4366 -0.3179
vn 0.8827 0.3197 -0.3445
vn 0.8102 0.4844 -0.3301
vn -0.2598 -0.1651 -0.9514
vn -0.3637 -0.9225 0.1291
vn 0.4057 -0.2203 0.8871
vn 0.1967 0.1985 0.9602
vn -0.1814 0.4086 0.8945
vn 0.4914 0.3972 0.7751
vn 0.6762 0.2729 0.6844
vn -0.5771 -0.8164 0.0193
vn 0.7656 -0.3980 0.5055
vn 0.9259 -0.2476 0.2853
vn 0.6570 -0.7294 -0.1906
vn -0.1621 -0.9099 0.3817
vn 0.7355 -0.5885 0.3356
vn 0.6566 -0.6390 0.4006
vn 0.5824 -0.2885 0.7600
vn 0.5212 0.0415 0.8524
vn 0.9159 0.1629 -0.3669
vn 0.9865 0.1592 -0.0386
vn 0.8898 0.0085 0.4562
vn 0.6865 0.3383 -0.6436
vn 0.5609 0.0716 -0.8248
vn -0.5781 -0.0992 0.8099
vn -0.7425 0.1380 0.6554
vn -0.8756 0.2572 0.4088
vn -0.9624 0.2674 0.0479
vn -0.9550 0.2783 -0.1031
vn -0.2492 0.7344 -0.6313
vn -0.5879 0.6034 -0.5387
vn -0.1855 0.7784 -0.5998
vn 0.3619 0.6272 -0.6897
vn 0.0923 -0.4504 -0.8881
vn -0.1209 -0.2110 -0.9700
vn 0.5868 -0.2036 -0.7837
vn 0.9562 -0.2311 -0.1795
vn -0.3849 -0.4789 -0.7890
vn 0.6170 0.0527 0.7852
vn 0.6861 -0.3027 0.6615
vn 0.6553 -0.1003 -0.7487
vn 0.8344 0.1808 -0.5206
vn -0.7324 -0.6808 0.0087
vn -0.7208 0.1252 0.6818
vn -0.2076 -0.9720 -0.1099
vn -0.1270 -0.9845 -0.1211
vn 0.9739 0.2256 0.0238
vn 0.9936 0.1091 -0.0307
vn 0.8915 0.2731 -0.3615
vn 0.2364 -0.3357 -0.9118
vn 0.1860 -0.0570 -0.9809
vn -0.1519 -0.6525 -0.7424
vn 0.0815 0.0743 -0.9939
vn 0.3550 -0.7961 0.4900
vn 0.6530 -0.1751 0.7369
vn -0.1341 0.6838 0.7173
vn 0.1464 0.6686 0.7291
vn 0.3595 0.7488 0.5568
vn 0.4198 0.5782 0.6996
vn 0.9551 -0.1739 0.2399
vn -0.0124 -0.9999 0.0040
vn -0.4983 -0.8669 -0.0097
vn -0.3253 -0.8523 0.4097
vn -0.3539 -0.8391 0.4130
vn -0.4602 -0.8878 0.0053
vn 0.6793 0.0524 0.7319
vn 0.7975 -0.2302 0.5577
vn 0.7314 -0.6686 0.1346
vn 0.9102 0.1900 0.3680
vn 0.8699 0.2955 0.3950
vn 0.9344 0.1009 0.3416
vn 0.9324 0.0394 -0.3593
vn -0.8909 0.2932 0.3468
vn -0.9606 0.2199 0.1700
vn -0.9662 0.2268 0.1224
vn -0.8634 0.4328 -0.2594
vn -0.2633 0.7449 -0.6130
vn -0.3137 0.6017 -0.7346
vn -0.1459 0.7347 -0.6625
vn -0.0438 0.9323 -0.3591
vn 0.2696 0.8424 -0.4665
vn 0.4796 0.6296 -0.6112
vn 0.7647 0.3991 -0.5060
vn 0.8709 -0.3321 0.3623
vn -0.2183 -0.9573 -0.1898
vn 0.6633 -0.4911 0.5646
vn 0.2189 -0.5736 0.7893
vn 0.6821 0.0743 -0.7274
vn 0.7259 0.1187 -0.6775
vn 0.7595 0.0650 -0.6472
vn -0.9301 -0.3362 0.1479
vn -0.7844 0.2343 0.5743
vn -0.5533 -0.6342 -0.5401
vn 0.0536 -0.9604 -0.2735
vn 0.6919 0.6024 -0.3981
vn 0.6212 0.6378 -0.4554
vn 0.8020 0.3008 -0.5160
vn 0.7395 0.3977 -0.5432
vn 0.3153 0.2857 -0.9050
vn 0.4831 -0.8388 -0.2510
vn 0.7156 0.0787 0.6940
vn 0.1209 0.3731 0.9199
vn -0.3311 0.4519 0.8283
vn -0.5008 0.6146 0.6095
vn 0.5209 0.5739 0.6319
vn 0.8533 0.4997 0.1490
vn -0.4444 -0.8898 -0.1041
vn 0.8070 -0.3013 -0.5079
vn 0.8472 -0.2451 0.4714
vn 0.9650 -0.0085 -0.2623
vn -0.1174 -0.9190 -0.3763
vn -0.6864 -0.6556 0.3148
vn 0.8740 -0.4774 0.0902
vn 0.8465 -0.4633 0.2623
vn 0.5661 -0.3894 0.7266
vn 0.3149 0.0188 0.9490
vn 0.8456 0.4526 -0.2830
vn 0.9297 0.2938 0.2222
vn 0.4443 0.0962 -0.8907
vn -0.7889 0.2860 0.5439
vn -0.9323 0.3486 0.0965
vn -0.8984 0.4379 0.0322
vn -0.2348 0.6171 -0.7510
vn -0.5503 0.6083 -0.5719
vn -0.2119 0.5027 -0.8381
vn -0.2850 -0.2884 -0.9141
vn 0.0308 -0.0754 -0.9967
vn -0.4535 0.1894 -0.8709
vn 0.8584 0.0213 -0.5126
vn 0.9143 0.1515 0.3758
vn -0.3122 -0.9138 -0.2597
vn 0.3609 -0.4651 0.8084
vn 0.4843 0.0381 -0.8741
vn -0.8939 0.0254 0.4475
vn -0.1037 -0.9940 -0.0359
vn 0.0173 -0.9998 -0.0022
vn 0.8921 -0.3759 -0.2506
vn 0.7789 -0.2780 -0.5622
vn 0.3372 -0.2178 -0.9159
vn 0.5408 -0.0178 -0.8409
vn 0.5172 0.2345 -0.8231
vn 0.7553 -0.0827 -0.6501
vn 0.7539 0.3847 -0.5326
vn 0.9494 -0.3114 -0.0409
vn 0.9808 0.1255 0.1492
vn -0.1083 0.8785 0.4653
vn -0.3498 0.8991 0.2632
vn 0.0897 0.8768 0.4724
vn 0.2684 0.8766 0.3993
vn 0.3554 0.6875 0.6333
vn 0.8130 0.5619 -0.1528
vn -0.2949 -0.9227 -0.2482
vn -0.4887 -0.8593 -0.1510
vn 0.4876 0.2468 -0.8375
vn 0.5727 0.6321 -0.5220
vn 0.3695 -0.6088 -0.7020
vn -0.4058 -0.7232 0.5588
vn -0.7514 -0.6326 0.1876
vn -0.6799 -0.6966 0.2289
vn -0.6970 -0.7147 -0.0582
vn 0.9340 0.2067 0.2914
vn 0.8259 -0.0149 0.5636
vn 0.9378 -0.3078 0.1605
vn 0.3454 -0.2304 0.9097
vn 0.7486 0.6617 -0.0425
vn 0.6977 0.7040 -0.1328
vn 0.9614 0.2716 -0.0451
vn 0.9539 -0.2868 -0.0884
vn 0.6518 -0.4465 -0.6131
vn -0.8412 0.2546 0.4770
vn -0.9081 0.3505 0.2292
vn -0.8882 0.4469 0.1067
vn -0.7777 0.6270 -0.0444
vn -0.3342 0.5341 -0.7765
vn -0.4191 0.4793 -0.7711
vn 0.1179 0.5670 -0.8152
vn 0.2077 0.8004 -0.5623
vn 0.3459 0.9002 -0.2645
vn 0.1995 0.1235 -0.9721
vn -0.7493 -0.1291 -0.6496
vn 0.6322 -0.2288 0.7402
vn -0.1062 -0.9941 -0.0221
vn -0.0708 -0.5888 0.8052
vn -0.7154 -0.3131 0.6246
vn 0.6656 -0.0042 -0.7463
vn 0.8376 -0.1432 -0.5272
vn 0.8903 0.1469 -0.4310
vn -0.9581 -0.0274 0.2851
vn -0.9590 -0.1906 -0.2095
vn -0.8526 0.1897 0.4870
vn 0.3174 -0.6779 -0.6631
vn 0.3405 -0.9328 0.1182
vn 0.6550 0.6567 -0.3738
vn 0.5178 0.7422 -0.4254
vn 0.6519 0.4656 -0.5986
vn 0.7464 -0.1176 -0.6551
vn 0.7624 0.3736 -0.5284
vn 0.7430 0.3458 -0.5730
vn 0.0195 0.4609 0.8872
vn -0.2654 0.5369 0.8008
vn -0.6404 0.4712 0.6065
vn -0.7053 0.5639 0.4297
vn 0.7642 0.6100 0.2094
vn 0.7050 0.6990 0.1198
vn -0.5718 -0.8199 -0.0290
vn -0.0687 0.3556 -0.9321
vn 0.5522 -0.2942 -0.7801
vn 0.8000 0.4566 -0.3893
vn 0.5599 -0.5471 -0.6223
vn 0.2800 0.0089 -0.9600
vn -0.0739 -0.7901 -0.6085
vn -0.4729 -0.6868 -0.5519
vn -0.9276 -0.3691 0.0576
vn 0.9542 0.2309 0.1905
vn 0.9412 -0.3106 0.1332
vn 0.8867 -0.1542 0.4358
vn 0.5885 0.1196 0.7996
vn 0.1592 0.3076 0.9381
vn 0.6681 0.6342 -0.3891
vn 0.4573 -0.2175 -0.8623
vn -0.7367 0.6599 0.1479
vn -0.3365 0.5022 -0.7966
vn -0.7305 0.6456 -0.2227
vn -0.0766 0.5021 -0.8614
vn -0.6183 0.0700 -0.7828
vn -0.4524 -0.1341 -0.8817
vn -0.4031 0.1087 -0.9087
vn 0.7284 0.0359 -0.6842
vn 0.1142 -0.1615 -0.9802
vn 0.5473 0.4253 0.7208
vn -0.6767 -0.7361 -0.0133
vn -0.3653 -0.9160 0.1659
vn -0.5225 -0.3396 0.7821
vn -0.8986 -0.2906 0.3287
vn -0.4495 -0.5186 -0.7273
vn -0.0159 -0.9988 0.0457
vn 0.6088 -0.7005 -0.3724
vn 0.2044 -0.9458 0.2524
vn 0.5026 -0.7817 -0.3693
vn 0.7118 -0.6881 -0.1411
vn 0.4688 -0.6946 -0.5457
vn 0.7679 -0.4507 -0.4552
vn 0.7389 0.2545 -0.6239
vn 0.5319 0.1256 -0.8375
vn 0.8210 0.0099 -0.5708
vn -0.2451 0.9478 0.2041
vn -0.2656 0.9588 0.1007
vn -0.4915 0.8435 0.2166
vn 0.0973 0.9854 0.1396
vn 0.3439 0.9093 0.2342
vn 0.6997 0.6965 0.1592
vn 0.7055 0.6238 0.3363
vn 0.1431 0.8605 -0.4890
vn -0.5966 -0.7623 -0.2511
vn -0.6352 -0.7710 -0.0462
vn -0.0844 0.5831 -0.8080
vn -0.1147 0.1995 -0.9732
vn 0.4588 -0.8316 -0.3129
vn -0.6289 -0.5323 0.5667
vn -0.6529 -0.5009 0.5681
vn -0.9505 -0.3107 0.0001
vn -0.9218 -0.3859 -0.0377
vn -0.8765 -0.4736 -0.0864
vn 0.9366 -0.2332 0.2616
vn 0.9109 -0.2779 0.3049
vn 0.9734 -0.1755 0.1476
vn 0.5037 0.5677 -0.6511
vn 0.7565 -0.3253 -0.5673
vn 0.5116 -0.5060 -0.6944
vn -0.8571 0.4422 0.2642
vn -0.7593 0.6444 0.0907
vn -0.8683 0.4889 0.0839
vn -0.3223 0.4995 -0.8042
vn -0.4134 0.4983 -0.7621
vn -0.3989 -0.1036 -0.9111
vn -0.7944 0.2703 -0.5440
vn 0.9198 0.3577 -0.1610
vn 0.7660 0.4711 0.4374
vn 0.1927 0.0791 0.9781
vn -0.8947 -0.2120 -0.3931
vn -0.1430 -0.9816 0.1266
vn -0.8225 -0.2497 0.5110
vn -0.9130 -0.1690 0.3714
vn -0.9190 -0.1226 0.3748
vn 0.6910 -0.3887 -0.6094
vn 0.8920 0.0066 -0.4519
vn 0.6997 0.6568 -0.2811
vn -0.9607 -0.2574 0.1042
vn -0.3880 -0.8875 -0.2486
vn 0.5068 -0.4524 -0.7338
vn 0.7581 -0.6466 -0.0850
vn 0.5726 -0.6584 0.4885
vn 0.6483 -0.7397 -0.1804
vn 0.4403 0.8517 -0.2842
vn 0.5437 0.5762 -0.6102
vn 0.6973 0.0242 -0.7164
vn 0.5383 -0.5182 -0.6646
vn 0.0451 0.6396 0.7674
vn -0.2561 0.6921 0.6748
vn -0.5825 0.6620 0.4717
vn -0.7546 0.5308 0.3858
vn -0.7859 0.5358 0.3087
vn 0.8467 0.5310 0.0338
vn 0.8215 0.5661 0.0685
vn 0.5327 0.8323 0.1532
vn 0.2354 0.9689 0.0768
vn -0.7768 -0.6284 0.0401
vn 0.1922 0.2116 -0.9583
vn -0.0458 0.1735 -0.9838
vn 0.5252 -0.6615 -0.5354
vn 0.5717 -0.7973 -0.1936
vn 0.2831 -0.1523 -0.9469
vn -0.3344 -0.8445 -0.4183
vn 0.1734 -0.9802 -0.0957
vn -0.7654 -0.5325 -0.3615
vn -0.8820 -0.3845 0.2723
vn -0.9439 -0.2936 0.1509
vn 0.8169 0.2476 0.5209
vn 0.5351 0.5384 0.6510
vn 0.3358 0.6514 0.6804
vn 0.5552 0.3492 -0.7549
vn -0.9862 0.1654 -0.0053
vn -0.4796 0.5921 -0.6476
vn -0.8310 0.4568 -0.3174
vn 0.1331 0.5972 -0.7910
vn -0.8227 -0.0860 -0.5619
vn -0.8535 -0.0680 -0.5167
vn -0.8509 0.0441 -0.5234
vn -0.0195 0.1436 -0.9894
vn 0.5111 0.3133 -0.8004
vn -0.3631 -0.1306 -0.9225
vn 0.3828 0.5964 0.7055
vn -0.0147 0.3432 0.9392
vn -0.6892 -0.1051 0.7169
vn -0.8621 -0.5049 0.0428
vn -0.6426 -0.6438 0.4154
vn -0.4070 -0.8116 0.4192
vn -0.9484 -0.1910 0.2531
vn -0.9447 -0.2955 0.1423
vn -0.0268 -0.9737 0.2261
vn 0.1398 -0.8048 -0.5769
vn 0.6513 -0.3528 -0.6719
vn 0.1650 -0.7324 0.6605
vn 0.2622 -0.9305 -0.2557
vn 0.6635 -0.7389 -0.1174
vn 0.7093 -0.6974 -0.1021
vn 0.2522 -0.8717 -0.4201
vn 0.8370 -0.2942 -0.4613
vn 0.4004 0.0723 -0.9135
vn 0.8805 -0.2931 -0.3727
vn 0.1361 0.9902 0.0315
vn -0.2648 0.9604 0.0870
vn -0.3095 0.9508 0.0102
vn -0.5937 0.7993 0.0927
vn 0.5397 0.8410 0.0396
vn 0.7551 0.6538 0.0493
vn 0.8230 0.5677 -0.0196
vn 0.6932 0.6630 0.2827
vn 0.7512 0.6110 0.2498
vn 0.0930 0.9817 0.1664
vn 0.1996 0.9261 -0.3201
vn -0.7681 -0.6370 -0.0657
vn -0.7430 -0.6623 0.0965
vn 0.5340 0.4037 -0.7429
vn 0.4612 -0.8857 -0.0529
vn -0.5039 -0.7780 -0.3751
vn -0.7593 -0.6073 0.2338
vn -0.6486 -0.5010 0.5729
vn -0.9248 -0.2613 0.2766
vn -0.9592 -0.2789 -0.0451
vn -0.9427 -0.3304 -0.0453
vn -0.9439 -0.3292 -0.0273
vn 0.7945 -0.4743 0.3791
vn 0.8728 -0.2875 0.3945
vn 0.7953 0.1077 0.5965
vn 0.4447 -0.0826 -0.8919
vn 0.6523 -0.0959 -0.7519
vn -0.9828 0.1474 -0.1114
vn -0.9279 0.0163 -0.3725
vn -0.3551 0.5527 -0.7539
vn -0.2495 0.7312 -0.6349
vn -0.7545 -0.1014 -0.6484
vn -0.9994 -0.0220 -0.0268
vn -0.9559 0.1043 -0.2747
vn 0.9556 0.2826 0.0834
vn 0.8850 0.0491 -0.4631
vn 0.7708 0.5266 0.3585
vn -0.6928 0.1207 0.7110
vn -0.9154 -0.1945 -0.3525
vn -0.2717 -0.9328 0.2370
vn -0.9980 0.0398 0.0501
vn -0.9978 -0.0279 -0.0602
vn -0.9795 -0.1987 -0.0335
vn 0.6096 0.6186 -0.4956
vn 0.3806 0.9056 -0.1870
vn -0.4318 -0.9004 -0.0523
vn 0.3165 0.0351 -0.9480
vn 0.0481 -0.3423 -0.9384
vn 0.8255 -0.3041 -0.4756
vn 0.7024 -0.7022 0.1164
vn 0.2273 -0.7340 0.6400
vn 0.5548 -0.8191 -0.1457
vn 0.3077 0.8921 -0.3310
vn 0.5929 0.0611 -0.8029
vn 0.5329 -0.4623 -0.7087
vn 0.2802 -0.8863 -0.3688
vn 0.7434 -0.6688 -0.0022
vn 0.3976 -0.1467 -0.9058
vn 0.1934 0.5349 0.8225
vn -0.2630 0.4709 0.8421
vn -0.5914 0.6695 0.4494
vn -0.6836 0.6924 0.2309
vn -0.7625 0.5968 0.2501
vn -0.8512 0.4995 0.1611
vn 0.5651 0.7777 0.2754
vn 0.5837 0.7918 0.1798
vn 0.5820 0.7869 0.2052
vn 0.4400 0.8872 0.1389
vn 0.1798 0.9452 0.2723
vn -0.8632 -0.4988 0.0782
vn 0.8595 -0.2364 -0.4533
vn 0.5715 -0.2897 -0.7678
vn 0.6551 -0.6306 -0.4161
vn 0.5425 -0.8152 -0.2028
vn 0.5048 -0.8528 -0.1335
vn -0.0490 -0.9972 -0.0561
vn 0.2528 -0.9674 -0.0162
vn -0.5876 -0.6770 -0.4432
vn -0.8458 -0.2827 -0.4524
vn -0.9669 -0.2363 -0.0961
vn -0.9592 -0.1500 0.2396
vn -0.9573 -0.2739 0.0921
vn 0.9893 -0.1447 0.0190
vn 0.4135 0.4611 0.7851
vn 0.1663 0.7631 -0.6245
vn 0.2373 0.5820 -0.7778
vn -0.9090 -0.2697 -0.3177
vn -0.5183 0.6673 -0.5348
vn -0.7090 0.5400 -0.4535
vn -0.4250 0.1925 -0.8845
vn -0.0988 0.1129 -0.9887
vn 0.3485 -0.1607 -0.9235
vn -0.7938 -0.0360 -0.6071
vn -0.2740 0.4196 0.8653
vn 0.1139 0.8216 0.5585
vn -0.6938 0.1810 0.6970
vn -0.9884 -0.0896 0.1224
vn -0.9572 -0.2772 -0.0835
vn -0.7919 -0.5199 0.3203
vn -0.3517 -0.7430 0.5695
vn -0.3162 -0.8361 0.4483
vn -0.6763 -0.6737 -0.2978
vn -0.8948 -0.4055 -0.1869
vn -0.3573 -0.8458 0.3961
vn -0.4172 -0.6958 -0.5846
vn 0.4928 0.0089 -0.8701
vn -0.3642 -0.4634 0.8079
vn 0.0724 -0.9971 -0.0221
vn 0.5435 -0.8285 -0.1350
vn 0.7187 -0.6902 -0.0836
vn 0.6670 -0.7424 -0.0627
vn 0.5032 0.4881 -0.7131
vn 0.7796 -0.6243 -0.0502
vn 0.4548 -0.3583 -0.8154
vn 0.8976 0.1768 -0.4037
vn 0.1644 0.9846 0.0600
vn 0.7881 0.6086 0.0926
vn -0.1171 0.9926 0.0307
vn -0.3417 0.9318 -0.1223
vn -0.6760 0.7369 0.0001
vn 0.8608 0.4972 0.1088
vn 0.6168 0.7600 0.2046
vn 0.3692 0.9016 0.2255
vn 0.4967 0.7569 0.4247
vn 0.5512 0.7429 0.3798
vn 0.1879 0.9131 0.3619
vn 0.3656 0.8853 0.2875
vn 0.9177 0.3868 -0.0901
vn -0.8132 -0.5818 0.0135
vn -0.8404 -0.5082 0.1880
vn 0.4148 -0.9056 -0.0888
vn -0.2177 -0.9753 -0.0369
vn -0.8972 -0.3538 0.2643
vn -0.7777 -0.4708 0.4166
vn -0.9003 -0.2610 0.3484
vn -0.9339 -0.2343 0.2701
vn -0.9408 -0.3355 0.0477
vn -0.9953 -0.0664 0.0703
vn -0.9970 -0.0726 -0.0267
vn 0.9878 -0.0719 0.1380
vn 0.7649 0.0790 0.6393
vn 0.5051 -0.0182 0.8629
vn 0.3879 0.5209 -0.7604
vn -0.7813 0.4005 -0.4786
vn -0.2366 0.8554 -0.4608
vn -0.0913 0.9640 -0.2499
vn 0.9775 -0.1722 -0.1217
vn 0.9811 -0.1409 0.1328
vn 0.7324 -0.5143 -0.4461
vn 0.9205 -0.0178 0.3903
vn -0.9872 0.0898 0.1315
vn -0.9785 -0.0711 -0.1938
vn -0.4720 -0.6411 0.6051
vn -0.3850 -0.9163 0.1099
vn 0.3231 0.8649 -0.3841
vn 0.1347 0.9720 -0.1926
vn -0.1093 0.1957 -0.9746
vn 0.0723 0.2147 -0.9740
vn -0.5021 0.2056 -0.8400
vn 0.6841 0.3237 -0.6536
vn 0.7397 -0.6725 0.0235
vn 0.0923 -0.9671 0.2370
vn -0.4724 -0.7114 0.5204
vn 0.2832 -0.9443 0.1674
vn 0.7664 -0.6394 -0.0625
vn 0.2124 0.7845 -0.5827
vn 0.5496 -0.0300 -0.8349
vn 0.4768 -0.5207 -0.7082
vn 0.1737 -0.9217 -0.3467
vn -0.0533 -0.9964 0.0652
vn 0.7231 -0.6869 0.0725
vn 0.6215 0.0440 -0.7822
vn -0.0572 0.0343 0.9978
vn 0.2393 -0.0540 0.9694
vn -0.7414 0.2166 0.6352
vn -0.8057 0.4474 0.3881
vn -0.7200 0.6449 0.2562
vn -0.8071 0.5495 0.2160
vn -0.9017 0.4013 0.1608
vn 0.6223 0.7265 0.2914
vn 0.3266 0.9072 0.2653
vn 0.2537 0.8927 0.3725
vn 0.3044 0.8541 0.4216
vn 0.3595 0.9089 0.2112
vn 0.4348 0.8801 0.1906
vn 0.2426 0.9073 0.3436
vn -0.9321 -0.2289 0.2808
vn 0.9517 -0.2628 -0.1590
vn 0.8480 -0.4536 -0.2741
vn 0.6778 -0.7110 -0.1871
vn 0.5492 -0.8253 -0.1316
vn 0.4856 -0.8632 -0.1381
vn 0.0142 -0.9998 0.0143
vn 0.2471 -0.9664 -0.0712
vn -0.3153 -0.9489 0.0095
vn -0.6518 -0.5209 -0.5512
vn -0.8400 -0.2691 -0.4711
vn -0.9646 -0.2572 0.0576
vn -0.8757 -0.4769 0.0761
vn 0.9700 0.2014 -0.1361
vn 0.8983 0.1821 0.3999
vn -0.0757 0.9351 -0.3462
vn 0.0301 0.8877 -0.4594
vn -0.8857 0.0806 -0.4572
vn -0.2687 0.9214 -0.2807
vn -0.3724 0.8383 -0.3983
vn -0.8638 0.0289 -0.5029
vn -0.5843 -0.0721 -0.8083
vn -0.2196 -0.2137 -0.9519
vn 0.2621 -0.5847 -0.7678
vn -0.6804 0.1463 0.7181
vn -0.5517 0.4366 0.7107
vn 0.7644 0.3619 0.5337
vn -0.9999 0.0142 0.0097
vn -0.9632 -0.1941 -0.1861
vn -0.9284 -0.2961 0.2245
vn -0.7095 -0.4036 0.5777
vn -0.3617 -0.5792 0.7305
vn -0.3560 -0.7526 0.5540
vn -0.3056 -0.9144 0.2654
vn -0.6305 -0.3563 -0.6896
vn -0.8039 -0.2321 -0.5476
vn -0.6441 -0.6496 0.4040
vn -0.0693 0.4846 -0.8720
vn 0.2322 0.4727 -0.8501
vn 0.9593 -0.0765 -0.2719
vn -0.7579 -0.3114 0.5732
vn -0.0510 -0.9486 0.3123
vn 0.7248 -0.6807 0.1066
vn 0.7978 -0.5864 -0.1399
vn 0.8163 -0.5571 -0.1526
vn 0.7268 -0.6705 -0.1488
vn 0.9341 -0.2786 0.2233
vn 0.8414 -0.3117 -0.4415
vn 0.9692 -0.0297 -0.2444
vn -0.4939 0.2395 0.8359
vn 0.7334 0.6151 0.2894
vn 0.5467 0.7915 0.2732
vn 0.8829 0.4594 0.0974
vn 0.1669 0.9770 -0.1325
vn -0.3674 0.9192 -0.1420
vn -0.7302 0.6828 0.0239
vn 0.6730 0.6670 0.3198
vn 0.2777 0.8570 0.4341
vn -0.0845 0.9273 0.3647
vn -0.0797 0.8818 0.4648
vn 0.0096 0.7792 0.6267
vn 0.0833 0.7588 0.6460
vn 0.2347 0.8835 0.4053
vn 0.3721 0.8522 0.3679
vn 0.9236 0.3511 0.1538
vn -0.9226 -0.3852 0.0230
vn -0.9012 -0.1714 0.3981
vn 0.3851 -0.9144 -0.1247
vn -0.1641 -0.9837 0.0733
vn -0.6121 0.0802 -0.7867
vn -0.9178 -0.2134 0.3348
vn -0.8287 -0.3309 0.4513
vn -0.9109 -0.2531 0.3259
vn -0.9336 -0.1946 0.3010
vn -0.9218 -0.2332 0.3098
vn -0.9236 -0.3269 0.2002
vn -0.9712 0.1479 0.1868
vn -0.9167 0.3442 0.2028
vn 0.9849 0.1704 -0.0308
vn 0.7834 0.2023 0.5877
vn 0.7259 0.2827 0.6271
vn 0.4841 0.1315 0.8651
vn -0.4260 0.7858 -0.4484
vn -0.0701 0.9838 -0.1650
vn -0.1799 0.9476 -0.2639
vn 0.6663 -0.7441 0.0493
vn 0.5039 -0.7701 0.3913
vn 0.3292 -0.9320 -0.1517
vn 0.1415 0.0170 0.9898
vn 0.4533 -0.7727 0.4444
vn -0.5048 -0.2658 0.8213
vn -0.5618 -0.8178 -0.1251
vn -0.1208 0.9429 -0.3104
vn -0.3003 0.4425 -0.8450
vn -0.2158 0.6842 -0.6967
vn -0.3492 0.3802 -0.8564
vn -0.3854 0.5119 -0.7678
vn -0.6408 0.5658 -0.5189
vn 0.3387 0.5907 -0.7324
vn 0.6972 0.4440 -0.5629
vn 0.8122 -0.5655 0.1431
vn 0.2293 -0.8803 0.4153
vn -0.4490 -0.7899 0.4177
vn -0.8729 -0.4249 0.2397
vn 0.5216 -0.8122 0.2612
vn 0.8933 -0.4367 -0.1069
vn 0.0715 0.2239 -0.9720
vn 0.5616 -0.5679 -0.6017
vn 0.1554 -0.9195 -0.3611
vn -0.1538 -0.9831 -0.0993
vn -0.2962 -0.9521 0.0755
vn 0.9466 -0.2736 0.1706
vn 0.7926 -0.0627 -0.6065
vn 0.0656 0.2348 0.9698
vn -0.3220 0.3762 0.8688
vn -0.8307 0.2569 0.4939
vn -0.8872 0.1515 0.4359
vn -0.8034 0.2232 0.5520
vn -0.6408 0.1325 0.7562
vn -0.7934 0.1386 0.5926
vn 0.8995 0.3856 0.2054
vn -0.6433 0.5623 0.5195
vn 0.3838 0.7364 0.5572
vn 0.0240 0.9177 0.3966
vn 0.0909 0.8668 0.4904
vn 0.1440 0.8832 0.4464
vn 0.3723 0.9029 0.2150
vn 0.4728 0.8590 0.1964
vn 0.2690 0.9104 0.3143
vn -0.8099 0.2572 0.5271
vn 0.9842 -0.1712 -0.0448
vn 0.8706 -0.4543 -0.1887
vn 0.6707 -0.7353 -0.0970
vn 0.5731 -0.8079 -0.1377
vn 0.4680 -0.8673 -0.1695
vn -0.0759 -0.9967 0.0291
vn 0.0853 -0.9961 -0.0243
vn 0.2343 -0.9696 -0.0701
vn -0.3021 -0.9448 0.1271
vn -0.4365 -0.8944 0.0976
vn -0.6982 -0.4905 -0.5215
vn -0.5154 0.1628 -0.8414
vn -0.7749 0.0592 -0.6293
vn -0.9036 -0.3560 -0.2384
vn -0.9466 -0.2974 0.1243
vn 0.9280 -0.0528 0.3689
vn -0.6076 0.6281 -0.4862
vn -0.0657 0.9720 -0.2257
vn -0.1038 0.9710 -0.2152
vn -0.8924 -0.2167 -0.3958
vn -0.7074 -0.2240 -0.6704
vn -0.1616 -0.7452 -0.6470
vn -0.5462 -0.5842 0.6003
vn -0.7907 0.4125 0.4524
vn -0.2336 -0.5540 0.7991
vn -0.9221 -0.2884 -0.2578
vn -0.8420 -0.4398 0.3125
vn -0.7313 -0.3532 0.5835
vn -0.6767 0.1000 0.7294
vn -0.7933 -0.2271 0.5649
vn -0.8199 -0.3954 0.4141
vn -0.7599 -0.5726 -0.3077
vn -0.1571 0.8256 -0.5420
vn -0.9824 -0.1778 0.0572
vn -0.4839 0.5792 -0.6560
vn -0.2612 0.8313 -0.4905
vn -0.2949 0.7126 -0.6365
vn -0.2639 0.9215 -0.2850
vn 0.9803 0.0731 -0.1836
vn -0.9893 -0.1000 0.1067
vn 0.0295 -0.9995 -0.0113
vn 0.9145 -0.4041 0.0217
vn 0.8970 -0.4271 -0.1139
vn 0.9079 -0.3750 -0.1874
vn 0.9200 -0.3568 -0.1621
vn 0.9352 -0.3237 -0.1439
vn 0.3757 -0.4820 -0.7915
vn 0.9580 -0.2102 0.1952
vn 0.9295 -0.2277 -0.2902
vn 0.8666 -0.2857 -0.4092
vn -0.5455 0.5990 0.5862
vn -0.5394 -0.0053 0.8420
vn 0.8888 0.3107 0.3368
vn 0.7717 0.6360 0.0068
vn 0.8020 0.5963 0.0347
vn 0.6738 0.7300 0.1146
vn 0.4098 0.9084 -0.0824
vn -0.2783 0.9562 0.0910
vn 0.5218 0.7646 0.3784
vn 0.2621 0.7202 0.6423
vn -0.3988 0.7824 0.4784
vn -0.3227 0.7937 0.5156
vn -0.3705 0.6848 0.6275
vn -0.3508 0.6583 0.6660
vn -0.2681 0.7836 0.5605
vn 0.0508 0.9337 0.3544
vn 0.7450 0.6033 0.2846
vn -0.9793 0.0871 -0.1827
vn -0.8744 0.3647 0.3201
vn 0.2773 -0.9527 -0.1240
vn -0.2186 -0.9744 0.0526
vn -0.8737 -0.0692 0.4815
vn -0.8302 -0.0388 0.5562
vn -0.9295 -0.0708 0.3620
vn -0.8797 -0.2655 0.3946
vn -0.8946 -0.3317 0.2995
vn -0.9394 -0.2849 0.1908
vn -0.8724 0.2926 0.3915
vn -0.7418 0.4370 0.5088
vn 0.9700 -0.2428 0.0131
vn 0.7067 -0.2370 0.6667
vn 0.6925 0.3909 0.6064
vn 0.3509 0.4890 0.7986
vn -0.1671 0.9796 -0.1115
vn -0.2101 0.8960 -0.3911
vn 0.2421 -0.9367 0.2528
vn 0.2487 -0.8870 0.3891
vn 0.0279 -0.9979 0.0583
vn -0.7998 -0.4525 0.3944
vn -0.9396 -0.3235 -0.1119
vn -0.7845 -0.0312 0.6193
vn -0.6409 -0.7668 0.0354
vn -0.8085 -0.4706 -0.3534
vn 0.0257 -0.1192 -0.9925
vn 0.5120 0.1774 -0.8405
vn -0.0722 0.4596 -0.8852
vn -0.8197 0.3378 -0.4626
vn -0.9553 0.2042 -0.2140
vn -0.7714 0.4411 -0.4587
vn -0.1544 0.9845 -0.0831
vn -0.1990 0.6682 -0.7169
vn 0.2599 0.6885 -0.6771
vn 0.6110 0.6340 -0.4740
vn 0.8516 -0.4824 0.2052
vn 0.3148 -0.8265 0.4667
vn -0.3397 -0.7294 0.5938
vn -0.8569 -0.2914 0.4251
vn 0.7211 -0.6306 -0.2872
vn 0.9341 -0.3310 -0.1338
vn -0.0410 -0.4183 -0.9074
vn -0.2894 0.4312 -0.8546
vn 0.4095 -0.7990 -0.4404
vn 0.2566 -0.9323 -0.2549
vn -0.0420 -0.9800 -0.1948
vn -0.2835 -0.9130 -0.2935
vn -0.2987 -0.7933 -0.5305
vn 0.9612 -0.2108 0.1778
vn 0.7633 -0.2155 -0.6091
vn -0.0929 0.5814 0.8083
vn -0.5694 0.0367 0.8212
vn -0.6560 0.4403 0.6130
vn -0.2137 -0.2608 0.9415
vn -0.1159 -0.3986 0.9098
vn -0.2791 -0.5228 0.8055
vn 0.8133 0.5699 0.1175
vn 0.8447 0.5322 0.0559
vn -0.0060 0.6773 0.7357
vn -0.1013 0.1401 0.9849
vn 0.4874 0.6733 0.5560
vn -0.2239 0.8051 0.5492
vn -0.1060 0.7519 0.6507
vn -0.1941 0.8753 0.4430
vn 0.0499 0.9271 0.3715
vn 0.4114 0.8816 0.2312
vn 0.4869 0.8510 0.1969
vn 0.7535 0.6069 0.2528
vn -0.6722 0.4862 0.5583
vn 0.9834 -0.1683 0.0672
vn 0.8374 -0.5458 -0.0298
vn 0.7041 -0.7043 -0.0902
vn 0.6030 -0.7790 -0.1720
vn 0.4446 -0.8752 -0.1905
vn 0.0767 -0.9968 -0.0229
vn -0.0955 -0.9952 -0.0201
vn -0.4184 -0.8911 0.1756
vn -0.3582 -0.9297 0.0856
vn -0.5780 -0.8014 0.1536
vn -0.8287 -0.3768 -0.4138
vn -0.5222 0.2131 -0.8258
vn -0.5720 0.2330 -0.7864
vn -0.8554 0.2340 0.4622
vn -0.9471 -0.2442 -0.2084
vn -0.9789 -0.1997 0.0428
vn 0.9099 -0.3023 0.2839
vn 0.5238 0.0950 0.8465
vn -0.2535 0.8465 -0.4682
vn -0.4026 0.7876 -0.4665
vn -0.6499 -0.6846 -0.3301
vn -0.1408 -0.9285 0.3438
vn -0.8989 -0.3855 -0.2083
vn -0.8358 -0.5433 -0.0795
vn -0.8399 -0.4930 0.2270
vn -0.8848 -0.2723 0.3782
vn -0.9051 0.2542 0.3407
vn -0.8364 0.3926 0.3824
vn -0.9736 0.1039 0.2033
vn -0.9961 -0.0300 0.0832
vn -0.9589 -0.2723 -0.0796
vn -0.2460 -0.2683 -0.9314
vn -0.3326 0.1347 -0.9334
vn 0.1489 0.2806 -0.9482
vn -0.9173 0.3634 -0.1629
vn -0.4627 0.8272 -0.3187
vn 0.9000 0.2635 -0.3471
vn 0.9828 -0.1543 -0.1013
vn 0.1350 -0.6726 -0.7275
vn 0.8839 0.0280 -0.4668
vn 0.9388 -0.0342 -0.3427
vn 0.9033 -0.2497 -0.3488
vn 0.8976 -0.3912 -0.2031
vn 0.9198 -0.3697 -0.1315
vn 0.9496 -0.3085 -0.0549
vn 0.1198 -0.7492 -0.6514
vn 0.8699 -0.4732 0.1389
vn 0.8366 -0.5322 -0.1297
vn 0.8053 -0.5067 -0.3079
vn 0.9440 -0.3087 -0.1163
vn -0.4009 0.5302 0.7471
vn -0.5695 0.5478 0.6128
vn -0.1534 -0.3226 0.9340
vn 0.8210 0.5704 0.0242
vn 0.7266 0.6869 -0.0157
vn 0.6423 0.7664 -0.0043
vn 0.6915 0.7122 -0.1204
vn 0.5837 0.8025 0.1233
vn 0.5642 0.7479 0.3498
vn 0.4545 0.8315 0.3195
vn 0.1052 0.6579 0.7457
vn -0.1671 0.6414 0.7488
vn -0.6545 0.5521 0.5166
vn -0.6495 0.5365 0.5388
vn -0.6283 0.5272 0.5721
vn -0.5629 0.4867 0.6680
vn -0.5348 0.6426 0.5487
vn -0.4525 0.7908 0.4121
vn -0.1881 0.8777 0.4408
vn 0.2783 0.9069 0.3165
vn -0.6937 0.5934 -0.4082
vn -0.6147 0.7571 0.2212
vn 0.2402 -0.9563 -0.1667
vn -0.2566 -0.9665 -0.0105
vn 0.0624 -0.9929 -0.1008
vn -0.7572 0.2043 0.6204
vn -0.7662 0.1586 0.6227
vn -0.7946 0.0618 0.6040
vn -0.8111 -0.0276 0.5842
vn -0.9140 0.0476 0.4030
vn -0.9578 0.1759 0.2274
vn 0.7901 -0.0246 0.6125
vn 0.4152 -0.0017 0.9097
vn 0.0906 0.2795 0.9559
vn -0.5466 0.7306 -0.4092
vn -0.6346 -0.7515 0.1803
vn -0.7789 -0.5840 -0.2288
vn -0.6629 -0.6090 -0.4356
vn 0.7399 -0.6143 -0.2743
vn 0.4458 -0.7490 -0.4901
vn 0.6799 -0.2939 -0.6718
vn 0.0102 -0.4046 -0.9144
vn -0.8930 0.4153 -0.1733
vn -0.1376 0.8152 -0.5627
vn 0.2307 0.8095 -0.5398
vn 0.6580 0.5310 -0.5339
vn 0.3347 -0.8213 0.4619
vn 0.7892 -0.6018 0.1226
vn -0.2626 -0.7459 0.6121
vn -0.8516 -0.3454 0.3943
vn 0.4378 -0.1230 -0.8906
vn 0.8986 -0.4314 -0.0804
vn -0.1289 -0.7188 -0.6832
vn -0.2860 -0.4034 -0.8692
vn 0.0893 -0.7788 -0.6208
vn 0.1050 -0.8429 -0.5278
vn -0.0119 -0.7823 -0.6227
vn -0.1460 -0.5710 -0.8079
vn -0.0687 -0.3430 -0.9368
vn 0.9174 -0.3939 0.0562
vn 0.0255 -0.2029 0.9789
vn -0.0447 0.2597 0.9646
vn 0.1643 -0.3643 0.9167
vn 0.0860 -0.4366 0.8955
vn -0.0722 -0.6062 0.7920
vn -0.2439 -0.6226 0.7436
vn 0.6665 0.7409 -0.0828
vn 0.1579 0.5037 0.8493
vn -0.2828 -0.0264 0.9588
vn -0.0140 0.8173 0.5760
vn -0.4219 0.6335 0.6486
vn -0.4269 0.5700 0.7021
vn -0.3096 0.8487 0.4289
vn 0.0809 0.9128 0.4004
vn -0.1886 0.8745 0.4468
vn 0.4074 0.8716 0.2726
vn 0.4916 0.8363 0.2429
vn 0.9765 -0.2143 0.0208
vn 0.8154 0.5227 0.2489
vn 0.8521 -0.5227 -0.0281
vn 0.7401 -0.6571 -0.1430
vn 0.6166 -0.7624 -0.1966
vn 0.4377 -0.8763 -0.2012
vn -0.1244 -0.9876 -0.0958
vn -0.4273 -0.8963 0.1186
vn -0.5191 -0.8476 0.1097
vn -0.4075 -0.9110 0.0625
vn -0.7376 -0.6439 0.2034
vn -0.9254 -0.2903 -0.2435
vn -0.6579 0.2021 -0.7255
vn -0.4770 0.6843 -0.5516
vn -0.9633 -0.2678 0.0160
vn -0.9712 0.1351 0.1965
vn 0.9773 -0.0248 0.2103
vn -0.5313 0.1501 -0.8337
vn -0.6400 0.0024 -0.7684
vn -0.9293 -0.3613 0.0766
vn -0.9493 0.2639 0.1705
vn -0.9186 0.2944 0.2635
vn -0.8819 0.3637 0.3000
vn -0.7982 0.3387 0.4981
vn -0.9532 -0.0932 0.2876
vn -0.8671 -0.4638 0.1817
vn 0.7357 -0.6761 -0.0393
vn -0.3343 -0.3467 -0.8764
vn -0.5688 0.7382 -0.3626
vn -0.8232 -0.0584 -0.5648
vn 0.9666 -0.0755 -0.2448
vn 0.6166 0.2365 -0.7509
vn 0.7891 0.0437 -0.6127
vn 0.8097 -0.2153 -0.5460
vn 0.7884 -0.3774 -0.4857
vn 0.8730 -0.4158 -0.2548
vn 0.9229 -0.3809 -0.0567
vn 0.9473 -0.3175 -0.0433
vn -0.1330 -0.7435 -0.6553
vn 0.9243 -0.3785 0.0497
vn 0.8469 -0.5205 -0.1085
vn 0.9783 -0.2018 -0.0477
vn -0.3387 0.3433 0.8760
vn -0.5630 0.3595 0.7442
vn -0.0783 0.1553 0.9848
vn -0.3238 -0.4013 0.8568
vn 0.6319 0.7583 0.1600
vn 0.6293 0.7769 -0.0196
vn 0.5349 0.8412 -0.0791
vn 0.6550 0.7379 -0.1629
vn 0.5646 0.8254 -0.0010
vn 0.6049 0.7668 -0.2148
vn 0.3834 0.9177 0.1038
vn -0.0895 0.9406 0.3275
vn -0.3948 0.6427 0.6565
vn -0.4421 0.5881 0.6772
vn -0.6572 0.3320 0.6767
vn -0.2360 0.9309 0.2789
vn -0.2431 0.8568 0.4548
vn 0.3251 0.8828 0.3392
vn -0.3113 0.9502 -0.0124
vn 0.0542 -0.9832 -0.1740
vn 0.2595 -0.9409 -0.2176
vn -0.3768 -0.9263 0.0003
vn -0.3916 -0.9158 0.0890
vn -0.6656 0.3839 0.6400
vn -0.5961 0.3608 0.7173
vn -0.6368 0.4641 0.6157
vn -0.7225 0.5527 0.4153
vn -0.7693 0.5262 0.3622
vn 0.8304 0.3116 0.4618
vn 0.5315 0.2657 0.8043
vn 0.0930 0.2238 0.9702
vn -0.9799 0.1837 0.0780
vn -0.9480 0.2642 0.1775
vn -0.8099 -0.5749 -0.1168
vn -0.8871 -0.4171 -0.1975
vn 0.9257 -0.2943 -0.2377
vn 0.4566 -0.8781 0.1432
vn 0.4283 -0.8834 -0.1903
vn 0.7093 -0.6706 -0.2173
vn 0.3060 0.5195 -0.7978
vn -0.3169 -0.5641 -0.7625
vn -0.1989 -0.0910 -0.9758
vn -0.5632 -0.4946 -0.6619
vn -0.8344 -0.3057 0.4586
vn -0.8761 0.4613 -0.1400
vn -0.1694 0.8255 -0.5383
vn 0.2755 0.7144 -0.6432
vn 0.7107 0.3740 -0.5959
vn -0.2061 -0.7542 0.6235
vn 0.4002 -0.8109 0.4270
vn 0.7780 -0.5893 0.2178
vn 0.2625 0.0133 -0.9649
vn 0.9508 -0.2892 -0.1108
vn -0.2419 -0.7166 -0.6542
vn -0.2903 -0.6941 -0.6587
vn -0.4473 -0.4745 -0.7581
vn -0.0759 -0.6455 -0.7600
vn 0.0291 -0.6225 -0.7821
vn 0.0924 -0.5676 -0.8181
vn 0.0191 -0.4949 -0.8687
vn 0.0467 -0.3167 -0.9474
vn 0.8586 -0.4146 -0.3015
vn 0.4035 -0.1760 0.8979
vn 0.3281 -0.3920 0.8595
vn 0.4245 -0.0426 0.9044
vn 0.1546 -0.5102 0.8461
vn -0.0193 -0.5094 0.8603
vn -0.2363 -0.6356 0.7350
vn -0.3846 -0.6585 0.6469
vn 0.1069 0.6916 0.7143
vn -0.4011 -0.2001 0.8939
vn -0.4604 0.7146 0.5267
vn -0.1662 0.9082 0.3841
vn 0.1018 0.9024 0.4187
vn -0.1730 0.8635 0.4738
vn -0.2200 0.8568 0.4663
vn 0.3984 0.8648 0.3056
vn 0.5231 0.8358 0.1667
vn 0.8680 -0.4831 -0.1150
vn 0.9785 -0.2021 -0.0413
vn 0.8094 0.5419 0.2264
vn 0.7537 -0.6299 -0.1876
vn 0.6165 -0.7581 -0.2124
vn 0.4621 -0.8552 -0.2349
vn -0.1561 -0.9754 -0.1557
vn -0.4540 -0.8888 0.0625
vn -0.7593 -0.6312 0.1582
vn -0.4302 -0.8930 0.1320
vn -0.8139 -0.4929 0.3076
vn -0.9575 -0.2613 0.1220
vn -0.8357 0.5373 -0.1137
vn -0.2751 0.9442 0.1812
vn -0.9778 0.0661 0.1991
vn -0.8084 0.4827 0.3369
vn 0.9545 0.2175 0.2040
vn -0.5763 -0.5037 -0.6435
vn -0.7879 0.6157 0.0054
vn -0.8598 0.4018 0.3151
vn -0.9017 0.1300 0.4123
vn -0.8579 0.5133 0.0252
vn -0.6323 0.5579 0.5376
vn -0.8160 -0.1493 0.5584
vn -0.6668 -0.7241 0.1761
vn -0.9840 -0.0381 0.1742
vn 0.4107 -0.8576 -0.3095
vn 0.9902 -0.1387 0.0137
vn 0.8635 -0.5038 0.0241
vn -0.7395 -0.2452 -0.6269
vn -0.5318 -0.6196 -0.5773
vn 0.9432 -0.1867 -0.2749
vn 0.4691 0.0116 -0.8830
vn 0.5723 -0.2059 -0.7938
vn 0.7454 -0.4056 -0.5291
vn 0.7628 -0.4470 -0.4672
vn 0.7899 -0.4243 -0.4428
vn 0.9589 -0.1821 -0.2176
vn 0.9795 -0.1701 -0.1079
vn 0.9550 -0.2966 -0.0034
vn -0.2398 -0.6511 -0.7201
vn 0.9672 -0.2536 0.0135
vn 0.9451 -0.3063 -0.1142
vn 0.9837 -0.0872 -0.1574
vn -0.2380 -0.0750 0.9684
vn -0.5161 0.1472 0.8438
vn -0.1528 -0.0366 0.9876
vn 0.3777 -0.2384 0.8947
vn -0.4870 -0.4512 0.7478
vn 0.5924 0.8056 0.0130
vn 0.4627 0.8860 -0.0284
vn 0.5517 0.8152 -0.1764
vn 0.5429 0.8351 -0.0889
vn 0.7055 0.6651 -0.2447
vn 0.2858 0.9577 -0.0330
vn -0.1112 0.9895 0.0927
vn -0.4527 0.8272 0.3328
vn -0.4977 0.6556 0.5678
vn -0.1334 0.9351 0.3285
vn -0.1474 0.8996 0.4111
vn 0.4519 0.8571 0.2472
vn 0.0798 -0.9685 -0.2361
vn 0.2990 -0.9158 -0.2683
vn -0.4530 -0.8914 0.0101
vn -0.5236 -0.7745 0.3548
vn -0.5356 -0.8220 0.1933
vn -0.6104 0.6614 0.4359
vn -0.5898 0.7176 0.3705
vn 0.9739 0.2170 0.0665
vn 0.8902 0.2051 0.4067
vn 0.7162 0.2541 0.6500
vn 0.3496 0.1316 0.9276
vn -0.7852 0.6175 0.0473
vn -0.9974 -0.0354 -0.0627
vn -0.6749 0.4521 0.5832
vn -0.9190 -0.3695 0.1377
vn -0.9320 -0.3459 -0.1082
vn -0.9742 0.1696 -0.1492
vn 0.8783 -0.3678 -0.3056
vn 0.1593 -0.9872 -0.0108
vn 0.3390 -0.9073 -0.2488
vn 0.8404 -0.4683 -0.2729
vn 0.9413 -0.2751 -0.1955
vn -0.8764 0.4680 -0.1140
vn -0.4994 -0.6163 -0.6089
vn -0.8666 -0.2963 0.4015
vn -0.8582 0.4706 -0.2049
vn -0.1103 0.8329 -0.5423
vn 0.5168 0.5860 -0.6241
vn 0.6312 0.2311 -0.7404
vn -0.1660 -0.7859 0.5957
vn 0.4240 -0.7789 0.4622
vn 0.7540 -0.6375 0.1583
vn 0.3320 -0.1160 -0.9361
vn 0.9742 -0.1656 -0.1532
vn -0.3679 -0.6973 -0.6151
vn -0.3330 -0.6273 -0.7040
vn -0.4338 -0.6578 -0.6157
vn -0.2388 -0.5285 -0.8147
vn -0.0380 -0.5673 -0.8226
vn 0.0985 -0.5175 -0.8500
vn 0.1289 -0.4344 -0.8914
vn 0.1501 -0.3534 -0.9233
vn 0.9764 0.0083 -0.2157
vn 0.3959 -0.0569 0.9165
vn 0.2658 -0.1626 0.9502
vn 0.0729 -0.3558 0.9317
vn 0.3585 -0.1434 0.9225
vn -0.0567 -0.4874 0.8713
vn -0.2170 -0.5265 0.8220
vn -0.3826 -0.6268 0.6787
vn -0.5326 -0.6590 0.5311
vn 0.1111 0.5577 0.8226
vn -0.5064 -0.2381 0.8288
vn -0.1283 0.9046 0.4065
vn -0.1583 0.8728 0.4617
vn 0.1036 0.9183 0.3822
vn -0.2272 0.8429 0.4877
vn -0.1178 0.8796 0.4608
vn 0.3536 0.9050 0.2364
vn 0.8713 -0.4641 -0.1597
vn 0.9778 -0.1860 -0.0966
vn 0.8521 0.5006 0.1526
vn 0.7628 -0.6144 -0.2016
vn 0.6470 -0.7257 -0.2339
vn 0.4998 -0.8153 -0.2925
vn -0.1598 -0.9697 -0.1850
vn -0.6864 -0.6347 0.3549
vn -0.8537 -0.2664 0.4475
vn -0.5985 -0.6644 0.4476
vn -0.7747 -0.3124 0.5497
vn -0.6808 0.4189 0.6008
vn -0.1938 0.8737 0.4461
vn -0.5618 0.8104 0.1665
vn 0.9775 0.1103 0.1797
vn -0.4947 -0.6527 -0.5738
vn -0.6786 0.7279 0.0983
vn -0.7267 0.5540 0.4061
vn -0.7198 0.0940 0.6878
vn -0.7817 -0.3658 0.5050
vn -0.7163 0.5028 -0.4838
vn -0.5405 0.7500 0.3812
vn -0.5338 0.6710 0.5146
vn -0.7288 -0.6832 0.0454
vn -0.8282 0.5520 0.0968
vn 0.4457 -0.8815 -0.1562
vn 0.7421 -0.1485 -0.6536
vn 0.8061 -0.5372 -0.2484
vn 0.9815 -0.0174 -0.1905
vn 0.9549 0.2743 -0.1135
vn -0.1374 0.9833 -0.1191
vn -0.9535 -0.2508 -0.1671
vn -0.8283 -0.4894 -0.2728
vn 0.8723 -0.2462 -0.4225
vn 0.5201 -0.2678 -0.8110
vn 0.4076 -0.3264 -0.8528
vn 0.4360 -0.4697 -0.7677
vn 0.6910 -0.5482 -0.4711
vn 0.7363 -0.5800 -0.3485
vn 0.9184 -0.3434 -0.1964
vn 0.9293 -0.3015 -0.2135
vn 0.9477 -0.2984 -0.1133
vn 0.9740 -0.2142 -0.0741
vn 0.9761 -0.2056 0.0699
vn -0.3714 -0.4756 -0.7974
vn 0.9916 -0.1293 -0.0023
vn 0.2466 -0.5747 0.7803
vn -0.4372 -0.4918 0.7530
vn -0.2222 -0.4369 0.8717
vn 0.2389 -0.5977 0.7653
vn 0.1871 -0.5037 0.8434
vn -0.6036 -0.4644 0.6481
vn 0.5371 0.8288 0.1573
vn 0.5348 0.8437 0.0468
vn 0.6916 0.6719 -0.2650
vn 0.2690 0.9630 0.0182
vn 0.5958 0.7817 -0.1845
vn -0.0355 0.9963 0.0785
vn -0.3454 0.9162 0.2032
vn -0.2030 0.8448 0.4950
vn -0.2495 0.8090 0.5322
vn 0.3948 0.8831 0.2535
vn 0.5597 0.8072 0.1876
vn 0.1163 -0.9597 -0.2558
vn 0.3051 -0.9012 -0.3078
vn -0.4794 -0.8771 0.0299
vn -0.6452 -0.7390 0.1939
vn -0.7536 -0.2871 0.5913
vn -0.6763 -0.6251 0.3897
vn -0.6901 -0.3620 0.6267
vn 0.9934 0.0859 -0.0762
vn 0.8917 -0.3642 0.2686
vn 0.8228 -0.3387 0.4564
vn 0.6436 -0.3505 0.6804
vn -0.6579 -0.3356 -0.6742
vn -0.9548 -0.2686 -0.1274
vn -0.9943 -0.1035 -0.0263
vn -0.9856 0.1668 0.0270
vn -0.8286 0.5597 -0.0157
vn 0.1011 -0.5718 -0.8142
vn 0.0790 -0.8266 -0.5572
vn 0.4819 -0.8762 0.0060
vn 0.7552 -0.5980 -0.2685
vn 0.9744 -0.0691 -0.2141
vn 0.4436 0.8565 0.2638
vn 0.2599 0.9643 -0.0511
vn -0.9477 0.3182 -0.0258
vn -0.8865 -0.4503 0.1064
vn -0.5177 -0.6793 -0.5201
vn -0.8851 -0.2759 0.3747
vn -0.8460 0.5314 -0.0445
vn -0.0885 0.9886 -0.1221
vn 0.8144 0.1782 -0.5523
vn -0.2774 -0.8359 0.4736
vn 0.4302 -0.8779 0.2101
vn 0.2676 -0.2915 -0.9184
vn 0.7644 -0.6444 0.0198
vn -0.4411 -0.6976 -0.5646
vn -0.4326 -0.6213 -0.6534
vn -0.4082 -0.4741 -0.7801
vn -0.4027 -0.2900 -0.8682
vn -0.2369 -0.3222 -0.9166
vn -0.0041 -0.3223 -0.9466
vn 0.1536 -0.3119 -0.9376
vn 0.1322 -0.2817 -0.9503
vn 0.9997 0.0229 -0.0029
vn -0.1468 -0.7472 0.6481
vn 0.3203 0.0341 0.9467
vn 0.2731 -0.1102 0.9556
vn 0.1370 -0.2608 0.9556
vn -0.0350 -0.3803 0.9242
vn -0.0220 0.0916 0.9956
vn -0.2476 -0.4589 0.8533
vn -0.4152 -0.4704 0.7787
vn -0.5950 -0.5466 0.5893
vn -0.6845 -0.5269 0.5037
vn -0.0135 -0.0316 0.9994
vn 0.2952 0.3853 0.8743
vn -0.2893 0.8530 0.4343
vn -0.1131 0.8870 0.4476
vn 0.0864 0.9181 0.3868
vn -0.1470 0.8669 0.4762
vn -0.2661 0.7837 0.5613
vn 0.8796 -0.4432 -0.1726
vn 0.9624 -0.2363 -0.1336
vn 0.9002 0.4220 0.1076
vn 0.8156 -0.5372 -0.2148
vn 0.6889 -0.6590 -0.3020
vn 0.5188 -0.7678 -0.3759
vn -0.1360 -0.9815 -0.1348
vn -0.8330 -0.1407 0.5351
vn -0.7555 -0.3852 0.5300
vn -0.6015 0.3575 0.7144
vn -0.3541 0.9178 0.1795
vn 0.9189 -0.3914 -0.0482
vn -0.3829 0.8979 0.2173
vn -0.1831 0.6656 0.7235
vn -0.3803 0.4769 0.7924
vn -0.7945 -0.5754 -0.1941
vn -0.3354 0.3317 -0.8818
vn -0.2407 0.9331 0.2672
vn -0.3580 0.8943 0.2685
vn -0.6023 0.7972 0.0402
vn -0.7203 -0.2645 -0.6412
vn 0.2347 -0.9720 0.0153
vn -0.0584 0.0349 -0.9977
vn 0.8223 -0.2459 0.5133
vn 0.7471 0.3900 0.5382
vn 0.1464 0.9679 -0.2041
vn -0.2430 0.8507 -0.4661
vn -0.9430 -0.2828 -0.1757
vn -0.9655 -0.2027 -0.1635
vn -0.0872 -0.9933 -0.0763
vn 0.8302 0.5400 -0.1388
vn 0.6668 -0.6109 -0.4269
vn 0.3088 -0.3362 -0.8897
vn 0.4789 -0.4471 -0.7555
vn 0.3060 -0.5550 -0.7735
vn 0.4513 -0.5766 -0.6811
vn 0.6190 -0.6405 -0.4547
vn 0.8200 -0.5400 -0.1897
vn 0.9718 -0.2283 0.0585
vn 0.5747 -0.6998 -0.4243
vn 0.7928 -0.5791 0.1899
vn 0.9430 -0.3326 0.0061
vn 0.9756 -0.1499 0.1602
vn -0.3936 -0.3003 -0.8689
vn 0.4399 -0.7450 0.5014
vn 0.0176 -0.7481 0.6633
vn -0.0570 -0.8486 0.5259
vn 0.0406 -0.7741 0.6317
vn -0.3887 -0.2161 0.8957
vn -0.5480 -0.4950 0.6743
vn 0.7034 0.4954 0.5097
vn 0.7685 0.5884 0.2516
vn 0.6163 0.7722 -0.1544
vn 0.0704 0.9896 0.1252
vn 0.3508 0.9276 -0.1288
vn -0.6611 0.3635 0.6563
vn -0.6302 0.2733 0.7267
vn 0.0586 0.9308 0.3608
vn 0.3910 0.8936 0.2205
vn 0.6683 0.7344 0.1181
vn 0.0066 -0.9802 -0.1980
vn 0.2665 -0.8884 -0.3738
vn -0.3733 -0.9267 0.0436
vn -0.6581 -0.7324 0.1746
vn -0.7476 -0.5972 0.2906
vn -0.8067 -0.3457 0.4794
vn -0.6652 0.2657 0.6978
vn 0.9072 -0.4057 -0.1116
vn 0.7108 -0.7001 0.0678
vn 0.6451 -0.7318 0.2196
vn 0.5759 -0.7513 0.3223
vn -0.4544 -0.7142 -0.5324
vn -0.1478 0.9330 0.3282
vn -0.8306 0.4328 0.3505
vn -0.5604 0.4958 -0.6634
vn -0.1478 0.9005 -0.4090
vn -0.9937 0.1108 -0.0162
vn -0.8847 -0.2617 -0.3857
vn -0.7986 0.5830 0.1498
vn -0.5768 0.8125 0.0845
vn -0.4052 -0.8988 -0.1674
vn 0.4957 -0.8356 0.2367
vn 0.7299 -0.6794 0.0759
vn 0.9300 -0.3498 0.1125
vn 0.9954 0.0677 0.0679
vn 0.1592 0.9865 0.0388
vn 0.1044 0.8575 0.5037
vn 0.1571 0.9876 0.0063
vn -0.8100 -0.0336 -0.5855
vn -0.9112 -0.4085 -0.0528
vn -0.8952 -0.3382 0.2902
vn -0.9111 -0.3149 0.2660
vn -0.8396 0.5386 0.0708
vn -0.1455 0.9514 0.2713
vn 0.9603 -0.1797 -0.2133
vn 0.8176 -0.4077 -0.4066
vn -0.3402 -0.9307 0.1340
vn 0.1498 -0.3267 -0.9332
vn 0.8564 -0.4200 -0.3003
vn 0.7346 -0.6714 0.0980
vn -0.4322 -0.6444 -0.6308
vn -0.3945 -0.5972 -0.6983
vn -0.1712 -0.5513 -0.8166
vn -0.4089 -0.2301 -0.8831
vn -0.3487 -0.2171 -0.9118
vn -0.1615 -0.1946 -0.9675
vn 0.0449 -0.2161 -0.9753
vn 0.1134 -0.3093 -0.9442
vn 0.9332 -0.3508 0.0778
vn 0.2081 -0.7028 0.6803
vn -0.0666 -0.8042 0.5906
vn 0.0969 0.4626 0.8812
vn 0.2487 0.2018 0.9473
vn 0.2615 -0.1368 0.9555
vn -0.0096 -0.4148 0.9099
vn -0.3320 -0.4151 0.8470
vn -0.5366 0.3039 0.7872
vn -0.4917 -0.3816 0.7827
vn -0.6190 -0.4032 0.6740
vn -0.5977 -0.4860 0.6376
vn 0.2170 0.0376 0.9755
vn -0.2232 0.8582 0.4623
vn -0.1840 0.8673 0.4626
vn -0.3015 0.8059 0.5095
vn 0.9445 -0.2900 -0.1544
vn 0.9835 0.1638 -0.0763
vn 0.8535 -0.4512 -0.2608
vn 0.7137 -0.5768 -0.3973
vn 0.5106 -0.7211 -0.4682
vn -0.7308 0.2126 0.6486
vn 0.7640 -0.6275 -0.1499
vn 0.1716 0.9852 -0.0049
vn 0.1942 0.7926 0.5779
vn 0.0297 0.8519 0.5229
vn -0.3015 0.9534 -0.0123
vn -0.1647 0.9136 -0.3717
vn -0.0761 0.5044 -0.8601
vn -0.0410 0.9989 -0.0220
vn -0.3233 0.9452 -0.0453
vn -0.0993 -0.9602 0.2611
vn -0.7808 -0.5883 -0.2103
vn 0.3057 0.8286 -0.4691
vn -0.0863 0.6938 -0.7150
vn -0.9777 -0.1867 -0.0966
vn -0.9179 -0.3409 -0.2030
vn -0.8144 -0.5214 0.2546
vn 0.3378 -0.5777 0.7431
vn 0.9261 0.3645 0.0970
vn -0.0797 -0.9446 -0.3184
vn 0.2021 -0.3193 -0.9258
vn 0.2997 -0.2830 -0.9111
vn 0.2662 -0.4084 -0.8731
vn 0.2498 -0.5479 -0.7984
vn 0.4477 -0.6113 -0.6526
vn 0.6896 -0.5569 -0.4630
vn 0.9390 -0.3257 -0.1107
vn 0.9454 -0.3257 0.0095
vn 0.6230 -0.5691 -0.5367
vn 0.6374 -0.6205 -0.4568
vn 0.8134 -0.4497 0.3691
vn 0.9090 -0.3540 0.2202
vn 0.9455 -0.2773 0.1707
vn 0.1300 -0.4500 -0.8835
vn 0.4244 -0.8152 0.3942
vn 0.2859 -0.7017 0.6526
vn -0.1955 -0.1930 0.9615
vn -0.3379 -0.2287 0.9130
vn -0.3441 -0.2219 0.9123
vn -0.1745 0.5423 0.8219
vn -0.5399 0.2869 0.7913
vn -0.6941 -0.3735 0.6154
vn -0.1347 -0.2479 0.9594
vn 0.6347 0.4766 0.6083
vn 0.4939 0.7225 0.4838
vn 0.4054 0.9124 0.0553
vn -0.1839 0.9022 0.3901
vn 0.0720 0.9475 0.3115
vn 0.3880 0.9010 0.1938
vn 0.7643 0.6402 0.0771
vn -0.0804 -0.9703 -0.2284
vn 0.1996 -0.8905 -0.4090
vn -0.3602 -0.9327 0.0195
vn -0.6128 -0.7551 0.2330
vn -0.7392 -0.5828 0.3375
vn -0.8383 -0.2438 0.4877
vn -0.5507 0.5311 0.6440
vn 0.7742 -0.5997 -0.2024
vn 0.8405 -0.5360 -0.0790
vn 0.7843 -0.6126 0.0977
vn 0.6377 -0.7216 0.2695
vn 0.3728 0.8800 0.2941
vn -0.2878 0.3588 -0.8879
vn -0.9977 -0.0599 0.0322
vn -0.8459 0.4570 0.2749
vn -0.6039 0.7171 0.3479
vn -0.3204 0.8911 0.3212
vn -0.6696 -0.7425 -0.0172
vn -0.7912 -0.5850 -0.1780
vn 0.6044 -0.7308 0.3173
vn 0.7670 -0.6347 0.0942
vn 0.7932 -0.5918 0.1437
vn 0.9167 -0.1761 0.3587
vn 0.9182 0.0521 0.3927
vn -0.0640 0.9825 0.1748
vn -0.1845 0.8817 0.4343
vn -0.2640 0.2037 -0.9428
vn -0.8160 -0.0290 -0.5773
vn -0.9992 0.0357 0.0187
vn -0.9083 -0.4073 0.0958
vn -0.8820 0.4032 0.2441
vn 0.0343 0.6776 0.7346
vn 0.8769 -0.3669 -0.3106
vn 0.1926 -0.8591 -0.4742
vn 0.0961 -0.3341 -0.9376
vn 0.8583 -0.4908 0.1497
vn -0.1723 -0.7343 -0.6566
vn -0.0006 -0.8718 -0.4898
vn 0.4740 -0.8047 -0.3575
vn -0.1593 -0.3528 -0.9220
vn -0.4069 -0.2670 -0.8736
vn -0.2467 -0.2592 -0.9338
vn -0.0567 -0.2359 -0.9701
vn 0.0008 -0.2542 -0.9671
vn 0.9799 -0.1923 0.0530
vn 0.5670 -0.7418 0.3581
vn -0.0457 -0.0884 0.9950
vn -0.1556 0.7219 0.6742
vn 0.0154 0.6732 0.7393
vn 0.0099 0.4039 0.9147
vn -0.1844 -0.0450 0.9818
vn -0.5608 -0.2485 0.7898
vn -0.6123 -0.2244 0.7581
vn -0.4817 0.4799 0.7333
vn -0.5803 0.4776 0.6597
vn -0.6457 -0.2517 0.7210
vn -0.6602 -0.2753 0.6988
vn -0.5698 -0.3433 0.7467
vn 0.3773 0.5463 0.7478
vn -0.2553 0.8413 0.4765
vn 0.9680 0.2068 -0.1425
vn 0.8661 -0.3345 -0.3716
vn 0.7188 -0.5094 -0.4731
vn 0.4893 -0.7154 -0.4987
vn 0.9514 0.1214 -0.2830
vn 0.9557 0.1518 -0.2521
vn 0.7408 -0.6417 0.1986
vn 0.3386 0.6824 0.6479
vn 0.1201 0.8889 0.4420
vn -0.3363 0.9002 -0.2767
vn -0.5792 -0.7022 0.4141
vn -0.9374 -0.3377 -0.0852
vn 0.0565 -0.8073 0.5874
vn -0.9072 -0.2577 0.3324
vn -0.2160 0.8426 0.4933
vn -0.9805 0.0043 0.1965
vn -0.9630 -0.2690 -0.0173
vn -0.9012 -0.4207 0.1044
vn -0.8295 -0.3192 0.4584
vn -0.5613 0.6217 0.5463
vn 0.6775 0.2809 0.6797
vn 0.9285 -0.1635 -0.3333
vn -0.8310 -0.5382 -0.1404
vn 0.1591 -0.0815 -0.9839
vn 0.2384 0.0374 -0.9705
vn 0.1302 0.0197 -0.9913
vn -0.0296 -0.2447 -0.9691
vn 0.2225 -0.4406 -0.8697
vn 0.5504 -0.3631 -0.7518
vn 0.8289 -0.1817 -0.5291
vn 0.9792 -0.0597 -0.1938
vn 0.8968 -0.2526 -0.3632
vn 0.5155 -0.4151 -0.7496
vn 0.6912 -0.5384 -0.4820
vn 0.8432 -0.3568 0.4020
vn 0.8676 -0.3426 0.3604
vn 0.9408 -0.2739 0.1997
vn 0.7399 -0.5659 -0.3637
vn 0.5439 -0.4227 -0.7249
vn 0.3725 -0.6571 0.6553
vn 0.0347 0.0088 0.9994
vn -0.3190 0.5815 0.7483
vn -0.4680 0.4539 0.7583
vn -0.4395 0.4245 0.7916
vn -0.3006 0.6373 0.7096
vn -0.4026 0.6360 0.6584
vn -0.7223 -0.1068 0.6833
vn -0.5768 0.1567 0.8017
vn 0.3072 0.7615 0.5707
vn 0.1425 0.4601 0.8763
vn -0.3326 0.8197 0.4664
vn -0.1836 0.8863 0.4251
vn 0.0842 0.9388 0.3340
vn 0.4604 0.8603 0.2189
vn 0.8105 0.5804 0.0790
vn -0.1609 -0.9596 -0.2308
vn -0.4514 -0.8923 0.0023
vn 0.1407 -0.9242 -0.3550
vn -0.6189 -0.7526 0.2248
vn -0.7329 -0.5844 0.3485
vn -0.8163 -0.2213 0.5336
vn -0.5915 0.5198 0.6164
vn 0.9633 0.2424 -0.1157
vn 0.9679 0.2403 0.0739
vn 0.9316 -0.0524 0.3598
vn 0.8063 -0.2945 0.5130
vn -0.8650 0.3140 0.3913
vn -0.6221 0.6186 0.4798
vn -0.3075 0.8482 0.4313
vn -0.9129 -0.3754 -0.1602
vn -0.8543 -0.4636 -0.2351
vn -0.8713 -0.4745 -0.1251
vn 0.7358 -0.5821 0.3460
vn 0.8855 -0.4633 0.0361
vn 0.7646 -0.6405 -0.0710
vn 0.8695 -0.4922 0.0419
vn 0.9313 -0.0806 0.3551
vn 0.7733 -0.4167 0.4779
vn -0.8943 0.4396 0.0842
vn -0.9736 0.1648 0.1578
vn -0.9995 0.0297 -0.0112
vn -0.4172 0.4364 0.7972
vn 0.2607 -0.6371 -0.7253
vn -0.5652 -0.6407 -0.5196
vn -0.0550 -0.1708 -0.9838
vn 0.8872 -0.4212 0.1883
vn 0.2623 -0.9252 -0.2742
vn 0.5044 -0.8574 0.1018
vn 0.7251 -0.6748 -0.1373
vn 0.0344 -0.4557 -0.8895
vn -0.3532 -0.2132 -0.9109
vn -0.1437 -0.2138 -0.9663
vn -0.0110 -0.1883 -0.9821
vn 0.8972 -0.2735 0.3466
vn 0.6744 -0.3585 0.6454
vn -0.1901 0.6871 0.7012
vn -0.2828 0.8439 0.4559
vn -0.3842 0.6840 0.6201
vn -0.3438 0.7434 0.5737
vn -0.5804 0.3438 0.7382
vn -0.7478 0.1078 0.6551
vn -0.7025 0.0164 0.7115
vn -0.4063 0.5242 0.7484
vn -0.4199 0.6389 0.6446
vn -0.3729 0.7942 0.4798
vn -0.6530 0.1166 0.7484
vn -0.6113 -0.1107 0.7836
vn -0.8141 -0.1753 0.5537
vn 0.9790 0.1644 -0.1207
vn 0.8711 -0.3193 -0.3732
vn 0.7687 -0.4819 -0.4207
vn 0.5037 -0.7667 -0.3980
vn 0.9695 0.2251 0.0971
vn 0.7036 0.6918 -0.1624
vn 0.5348 0.8239 -0.1875
vn -0.0815 0.7969 0.5986
vn -0.9596 -0.0771 0.2707
vn -0.3662 -0.6330 0.6821
vn -0.9771 -0.2100 0.0344
vn 0.3275 -0.6554 0.6806
vn 0.9344 -0.2223 -0.2784
vn 0.3955 -0.9154 -0.0750
vn -0.2568 0.7368 0.6254
vn -0.1119 0.7495 0.6525
vn -0.3793 0.5203 0.7651
vn -0.9399 0.1774 0.2916
vn -0.9803 0.0213 0.1966
vn -0.9962 -0.0384 -0.0778
vn -0.9668 0.2527 -0.0369
vn -0.7736 0.4456 0.4505
vn -0.9863 0.1260 0.1063
vn 0.8957 -0.2185 -0.3873
vn -0.4805 0.2830 0.8301
vn 0.2017 -0.6113 -0.7653
vn 0.1329 0.0225 -0.9909
vn 0.2125 -0.0374 -0.9764
vn 0.2595 -0.1611 -0.9522
vn 0.0904 -0.4590 -0.8838
vn 0.0034 -0.2085 -0.9780
vn 0.3492 -0.1088 -0.9307
vn 0.6198 0.0170 -0.7846
vn 0.8372 0.0761 -0.5416
vn 0.9381 -0.0106 -0.3461
vn 0.7273 -0.2331 -0.6455
vn 0.3694 -0.3757 -0.8499
vn 0.7417 -0.4697 -0.4788
vn 0.8420 -0.3636 0.3985
vn 0.8426 -0.3608 0.3997
vn 0.8789 -0.3654 0.3066
vn 0.6882 -0.4615 -0.5598
vn 0.7471 -0.2949 -0.5956
vn 0.6626 -0.3565 -0.6587
vn 0.2698 0.1566 0.9501
vn -0.0648 0.7997 0.5968
vn -0.1814 0.8390 0.5130
vn -0.3358 0.7394 0.5835
vn -0.3857 0.6497 0.6551
vn -0.3912 0.5682 0.7240
vn -0.4145 0.7603 0.5001
vn -0.7209 0.2617 0.6417
vn -0.9714 0.0385 0.2344
vn -0.5415 0.5347 0.6487
vn -0.3781 0.7557 0.5348
vn -0.2204 0.8546 0.4701
vn 0.0831 0.9154 0.3938
vn 0.5300 0.8227 0.2053
vn 0.8400 0.5426 0.0013
vn -0.1219 -0.9666 -0.2256
vn -0.5426 -0.8367 -0.0742
vn -0.6697 -0.7279 0.1471
vn 0.2774 -0.9269 -0.2530
vn -0.7687 -0.5689 0.2924
vn -0.8170 -0.1089 0.5663
vn 0.4162 0.9039 -0.0991
vn 0.6861 0.7164 0.1268
vn 0.6007 0.6664 0.4417
vn 0.4762 0.5887 0.6532
vn -0.6374 0.5680 0.5207
vn -0.8385 0.3342 0.4304
vn -0.8360 -0.3390 -0.4315
vn -0.7059 0.1429 -0.6938
vn -0.8090 -0.4865 -0.3298
vn -0.9844 -0.1733 0.0310
vn 0.7936 -0.4230 0.4373
vn 0.9586 -0.0258 -0.2836
vn 0.6966 -0.4393 -0.5672
vn 0.7162 -0.4789 -0.5077
vn 0.9126 -0.3127 -0.2634
vn 0.8156 -0.5380 0.2129
vn 0.5180 -0.7809 0.3492
vn -0.5439 0.3072 0.7809
vn -0.9868 0.1567 0.0422
vn -0.6591 -0.4130 -0.6284
vn -0.9884 0.1153 0.0985
vn 0.9883 -0.1512 -0.0198
vn 0.3737 -0.0666 0.9252
vn -0.0113 -0.1048 -0.9944
vn -0.0022 -0.3986 -0.9171
vn 0.8887 -0.4004 0.2233
vn 0.6846 -0.7238 0.0865
vn 0.7170 -0.5263 -0.4572
vn -0.1047 -0.1631 -0.9810
vn 0.4540 -0.2572 -0.8531
vn -0.3136 -0.0663 -0.9472
vn -0.0967 -0.0914 -0.9911
vn 0.8458 -0.4052 0.3469
vn 0.8314 -0.3589 0.4242
vn -0.0496 0.9283 0.3685
vn -0.4689 0.8185 0.3318
vn -0.4261 0.6840 0.5921
vn -0.3735 0.6122 0.6969
vn -0.6604 0.5790 0.4781
vn -0.7118 0.3984 0.5785
vn 0.2511 0.2280 0.9407
vn -0.2310 -0.3452 0.9096
vn -0.1918 0.7671 0.6122
vn -0.4823 0.7204 0.4984
vn -0.5371 0.5737 0.6183
vn -0.5296 0.3979 0.7491
vn -0.7837 0.1537 0.6018
vn -0.9794 0.1217 0.1609
vn 0.9685 0.1496 -0.1992
vn 0.8958 -0.3167 -0.3120
vn 0.7328 -0.5932 -0.3335
vn 0.9373 0.0368 0.3466
vn 0.7749 0.6159 0.1422
vn 0.4679 0.8822 0.0536
vn 0.2583 0.9651 0.0425
vn -0.3493 -0.5780 0.7375
vn -0.9966 -0.0330 0.0754
vn -0.6486 -0.1779 -0.7400
vn -0.5812 0.3742 -0.7226
vn 0.2662 -0.6056 0.7499
vn 0.3510 0.3179 -0.8808
vn 0.2847 0.0235 -0.9583
vn -0.3563 0.7788 0.5162
vn -0.3171 0.7116 0.6270
vn -0.5336 0.3249 0.7809
vn -0.9244 0.3070 0.2263
vn -0.8775 0.1810 0.4441
vn -0.9715 -0.0303 -0.2350
vn -0.8869 0.2214 -0.4054
vn -0.8521 0.5204 0.0564
vn -0.5425 0.3256 0.7744
vn -0.7760 -0.3000 -0.5549
vn -0.0806 -0.3830 -0.9202
vn 0.3831 -0.2035 -0.9010
vn -0.8327 0.1679 0.5277
vn -0.9584 0.2034 -0.2002
vn 0.0717 -0.1064 -0.9917
vn -0.0236 -0.3149 -0.9488
vn -0.0065 -0.6799 -0.7333
vn 0.2854 -0.7644 -0.5781
vn 0.3344 -0.6862 -0.6460
vn 0.1875 -0.0752 -0.9794
vn 0.4238 0.0850 -0.9018
vn 0.6273 0.0464 -0.7774
vn 0.8531 -0.0478 -0.5196
vn 0.8682 -0.1921 -0.4575
vn 0.5482 -0.3045 -0.7789
vn 0.3787 -0.2805 -0.8820
vn 0.8668 -0.3323 -0.3718
vn 0.8543 -0.3481 0.3861
vn 0.8409 -0.3809 0.3845
vn 0.5503 -0.2397 -0.7999
vn 0.6193 -0.2811 -0.7331
vn 0.3647 -0.0661 -0.9288
vn 0.3999 -0.0092 -0.9165
vn 0.8400 -0.4520 0.3002
vn 0.0346 0.9600 0.2778
vn 0.1023 0.9183 0.3824
vn -0.1785 0.8218 0.5411
vn -0.3225 0.7581 0.5669
vn -0.4214 -0.1900 0.8868
vn -0.4649 0.6197 0.6323
vn -0.6252 0.6248 0.4678
vn -0.5615 0.5747 0.5953
vn -0.2137 0.8421 0.4952
vn 0.0844 0.9030 0.4213
vn 0.5331 0.8130 0.2341
vn 0.8581 0.5132 0.0176
vn -0.5523 -0.8336 0.0053
vn -0.0254 -0.9906 -0.1344
vn -0.7528 -0.6470 0.1211
vn -0.8270 -0.5071 0.2427
vn 0.6152 -0.7366 -0.2811
vn -0.8448 0.0386 0.5337
vn 0.1876 0.9789 0.0808
vn -0.6079 0.7284 0.3162
vn -0.8189 0.5627 0.1128
vn -0.7520 -0.3369 -0.5666
vn -0.6292 -0.2849 -0.7231
vn -0.2005 0.0271 -0.9793
vn -0.1354 0.3811 -0.9146
vn -0.9359 -0.0668 -0.3459
vn 0.9407 0.1281 -0.3143
vn 0.6530 -0.5581 0.5120
vn 0.1669 0.5856 -0.7933
vn 0.3355 -0.3566 -0.8719
vn 0.5836 -0.2871 -0.7596
vn 0.6735 -0.5249 -0.5205
vn -0.4723 0.3237 0.8198
vn -0.9202 0.3912 0.0135
vn -0.9945 -0.0042 0.1051
vn -0.6952 0.4072 0.5924
vn -0.6807 -0.1149 -0.7235
vn 0.8016 -0.2653 -0.5358
vn 0.9626 -0.2618 -0.0704
vn -0.5734 -0.2140 0.7908
vn -0.0695 -0.0989 -0.9927
vn 0.4491 -0.3513 -0.8215
vn 0.9541 -0.2302 0.1913
vn 0.6364 -0.6881 -0.3486
vn 0.5329 -0.4105 -0.7400
vn 0.2585 0.0206 -0.9658
vn -0.2882 0.0395 -0.9568
vn 0.3499 0.0831 -0.9331
vn -0.3070 -0.0825 -0.9481
vn 0.7913 -0.5112 0.3355
vn 0.7988 -0.4791 0.3638
vn 0.7381 -0.4774 0.4768
vn 0.0626 0.9871 0.1473
vn -0.5814 0.7200 0.3788
vn -0.5455 0.6881 0.4785
vn -0.5463 0.5503 0.6315
vn -0.6303 -0.2144 0.7462
vn 0.5234 0.3950 0.7550
vn 0.3235 -0.9080 0.2663
vn -0.0166 -0.9791 0.2027
vn -0.3394 0.6600 0.6702
vn -0.7143 0.3641 0.5977
vn -0.5158 0.7425 0.4274
vn -0.4363 0.7109 0.5516
vn -0.7600 0.5296 0.3766
vn 0.8480 -0.3749 -0.3747
vn 0.9748 0.0895 -0.2043
vn 0.3224 -0.9275 -0.1894
vn 0.8143 -0.3018 0.4958
vn 0.9135 0.0638 0.4018
vn 0.6833 0.5036 0.5286
vn -0.5076 -0.4655 0.7251
vn -0.9829 0.1668 0.0781
vn -0.5609 0.5778 -0.5928
vn -0.3234 -0.3874 -0.8633
vn 0.8552 -0.4185 0.3057
vn 0.2774 -0.5919 0.7567
vn -0.0067 -0.4173 -0.9087
vn -0.4930 0.8034 0.3338
vn -0.6916 0.5613 0.4545
vn -0.7800 0.3773 0.4992
vn -0.9215 0.3181 0.2227
vn -0.8526 0.2437 0.4624
vn -0.8939 0.2287 0.3856
vn -0.9736 0.1182 -0.1951
vn -0.8516 0.0603 -0.5207
vn -0.9031 0.2737 -0.3310
vn -0.4749 0.2200 0.8521
vn -0.5577 0.2756 0.7829
vn -0.1888 -0.0821 -0.9786
vn -0.6180 0.3563 -0.7007
vn -0.9744 0.2039 -0.0949
vn -0.0390 -0.1754 -0.9837
vn -0.1580 -0.3161 -0.9355
vn -0.3900 -0.4587 -0.7985
vn 0.0451 -0.6272 -0.7775
vn 0.5662 -0.5175 -0.6416
vn 0.4664 -0.0729 -0.8816
vn 0.4628 -0.0278 -0.8860
vn 0.6310 -0.1442 -0.7623
vn 0.8309 -0.2510 -0.4966
vn 0.7711 -0.3780 -0.5123
vn 0.5158 -0.3031 -0.8013
vn 0.5192 -0.0869 -0.8502
vn 0.9194 0.0253 -0.3926
vn 0.9158 -0.2835 0.2846
vn 0.8587 -0.3958 0.3257
vn 0.1467 0.3172 -0.9370
vn 0.1888 0.1125 -0.9755
vn -0.0303 0.0302 -0.9991
vn 0.1041 0.2681 -0.9578
vn 0.8056 -0.5480 0.2253
vn 0.3527 0.1340 0.9261
vn 0.4012 0.8099 0.4279
vn -0.2617 0.3913 0.8823
vn -0.0936 -0.9839 0.1521
vn 0.8112 -0.0586 0.5819
vn 0.7251 -0.2068 0.6569
vn -0.5974 0.1801 0.7815
vn -0.5601 0.7361 0.3800
vn -0.3821 0.7449 0.5469
vn -0.6176 0.5434 0.5686
vn -0.2023 0.8366 0.5092
vn 0.1019 0.9024 0.4187
vn 0.5527 0.7968 0.2444
vn 0.8653 0.5004 0.0286
vn -0.4735 -0.8766 0.0860
vn -0.7597 -0.6190 0.1990
vn -0.0042 -0.9908 -0.1355
vn -0.8384 -0.4540 0.3017
vn -0.8704 0.0480 0.4900
vn 0.7512 -0.5902 -0.2956
vn -0.6109 0.7779 0.1473
vn -0.7644 0.6193 -0.1791
vn -0.8178 0.1908 -0.5430
vn -0.7247 -0.0350 -0.6882
vn -0.5210 -0.2456 -0.8175
vn 0.0938 0.6600 -0.7454
vn 0.8516 0.1293 -0.5080
vn 0.7897 -0.5265 0.3150
vn 0.9487 -0.3057 -0.0804
vn 0.3344 -0.4405 -0.8332
vn 0.4885 -0.4347 -0.7566
vn 0.3706 -0.5713 -0.7323
vn -0.6923 0.4909 0.5289
vn -0.7197 0.6241 0.3041
vn -0.8716 0.2299 0.4331
vn 0.3192 0.1410 -0.9372
vn -0.9581 0.2833 0.0413
vn -0.1139 -0.1951 -0.9742
vn 0.6867 -0.3268 -0.6493
vn 0.9874 -0.0576 -0.1472
vn -0.0882 0.2265 -0.9700
vn 0.1781 -0.1622 -0.9705
vn 0.3531 -0.0530 -0.9341
vn -0.0661 -0.1219 -0.9903
vn 0.0578 0.1040 -0.9929
vn 0.7532 -0.5785 0.3132
vn 0.7398 -0.6052 0.2940
vn 0.7134 -0.6394 0.2869
vn 0.6210 -0.6802 0.3895
vn -0.6569 0.5677 0.4963
vn -0.6772 0.5182 0.5224
vn -0.3178 -0.9423 0.1055
vn 0.2320 0.2307 0.9449
vn 0.8429 0.0524 0.5356
vn 0.5893 -0.5337 0.6066
vn 0.0256 -0.9882 0.1510
vn -0.6694 0.1548 0.7266
vn -0.6721 0.0713 0.7371
vn -0.5424 0.6678 0.5098
vn -0.4027 0.7423 0.5356
vn 0.9772 0.1552 -0.1449
vn 0.3933 -0.8753 -0.2814
vn 0.6872 -0.6298 0.3621
vn 0.7022 -0.5111 0.4957
vn 0.6418 -0.2999 0.7057
vn -0.5181 0.6373 -0.5704
vn -0.1445 -0.4260 -0.8931
vn -0.6295 0.7599 0.1623
vn -0.8433 0.5205 0.1338
vn -0.8338 0.5481 0.0656
vn -0.6496 0.5874 0.4827
vn -0.8400 0.3087 0.4461
vn -0.8610 0.2782 0.4258
vn -0.9460 0.3020 0.1180
vn -0.9200 0.0601 -0.3873
vn -0.8732 -0.0357 -0.4860
vn -0.5189 -0.0945 0.8496
vn -0.6519 0.0943 0.7524
vn -0.8422 0.2301 0.4875
vn 0.4535 0.2719 -0.8487
vn -0.4427 0.5712 -0.6912
vn -0.2468 -0.4336 -0.8666
vn -0.0679 -0.1490 -0.9865
vn -0.1423 -0.2449 -0.9591
vn -0.4434 -0.2514 -0.8604
vn -0.4617 -0.3374 -0.8204
vn 0.1589 -0.5175 -0.8408
vn 0.6753 -0.4718 -0.5669
vn 0.6042 -0.2236 -0.7648
vn 0.4755 -0.2374 -0.8471
vn 0.6358 -0.3516 -0.6871
vn 0.7292 -0.4571 -0.5092
vn 0.6818 -0.5661 -0.4634
vn 0.6880 -0.3292 -0.6468
vn 0.7435 0.1074 -0.6601
vn 0.9112 -0.4104 0.0350
vn 0.8200 -0.5431 0.1807
vn 0.0212 0.4589 -0.8883
vn -0.0273 0.3592 -0.9328
vn -0.1495 0.0640 -0.9867
vn -0.0582 0.3177 -0.9464
vn -0.0904 0.3437 -0.9347
vn 0.7250 -0.6536 0.2173
vn -0.5042 -0.1048 0.8572
vn -0.7282 -0.3290 0.6012
vn -0.3021 -0.9429 0.1401
vn 0.7853 0.1169 0.6080
vn 0.6002 0.1166 0.7913
vn 0.6124 0.1601 0.7741
vn -0.1160 -0.9177 0.3799
vn -0.5938 0.2114 0.7763
vn -0.5623 0.5359 0.6298
vn -0.6483 0.4867 0.5855
vn -0.2116 0.8348 0.5082
vn 0.1164 0.9161 0.3837
vn 0.7033 0.6955 0.1472
vn 0.8811 0.4635 -0.0937
vn -0.4595 -0.8853 -0.0717
vn -0.7643 -0.6278 0.1476
vn -0.8804 -0.2059 0.4271
vn -0.0287 -0.8927 -0.4498
vn 0.7570 -0.5550 -0.3449
vn -0.6640 0.7418 -0.0936
vn -0.7593 0.4643 -0.4559
vn -0.6443 0.2564 -0.7205
vn -0.3603 0.0292 -0.9324
vn 0.1875 0.5338 -0.8246
vn 0.1874 -0.2579 -0.9478
vn 0.2001 -0.2985 -0.9332
vn -0.9287 0.3429 0.1410
vn -0.9405 -0.2771 0.1968
vn 0.1053 -0.2593 -0.9600
vn -0.1079 -0.2257 -0.9682
vn 0.7716 -0.3887 -0.5035
vn 0.7966 -0.1141 -0.5936
vn 0.8937 -0.3523 -0.2778
vn -0.0402 0.2672 -0.9628
vn -0.1296 0.1846 -0.9742
vn 0.0887 -0.5047 -0.8587
vn 0.0309 -0.5679 -0.8225
vn -0.2816 -0.2413 -0.9287
vn 0.8177 -0.4538 0.3542
vn 0.7965 -0.5137 0.3190
vn 0.8142 -0.4826 0.3229
vn 0.7534 -0.5034 0.4230
vn 0.6800 -0.4113 0.6069
vn 0.4694 -0.5197 0.7138
vn -0.1098 -0.2696 0.9567
vn -0.5393 0.5170 0.6647
vn -0.6108 0.4765 0.6324
vn -0.6045 -0.7962 0.0255
vn -0.5418 -0.8370 0.0771
vn -0.0353 -0.0623 0.9974
vn 0.7419 0.1246 0.6588
vn 0.2652 -0.5005 0.8241
vn -0.7074 0.0246 0.7064
vn -0.5319 0.3048 0.7900
vn -0.6101 0.5528 0.5676
vn 0.9655 0.1942 -0.1735
vn 0.2060 -0.8638 -0.4598
vn 0.6935 -0.4537 0.5596
vn 0.5882 -0.5045 0.6320
vn -0.7198 0.6882 -0.0915
vn -0.8499 0.5220 -0.0718
vn -0.8455 0.5193 -0.1245
vn -0.5317 0.6585 0.5326
vn -0.6707 0.5730 0.4709
vn -0.8511 0.4553 0.2613
vn -0.9645 0.1035 0.2428
vn -0.8586 -0.4983 -0.1205
vn -0.6492 -0.6424 0.4072
vn -0.7885 -0.1661 0.5922
vn -0.8561 0.2973 0.4227
vn -0.9431 0.3225 0.0809
vn 0.1257 -0.6402 -0.7579
vn -0.0990 0.0523 -0.9937
vn -0.2033 -0.2027 -0.9579
vn -0.2809 -0.2794 -0.9182
vn -0.5492 -0.2665 -0.7921
vn -0.4171 -0.3015 -0.8574
vn 0.2252 -0.4028 -0.8872
vn 0.7134 -0.4266 -0.5559
vn 0.5975 -0.4197 -0.6833
vn 0.4765 -0.4465 -0.7574
vn 0.5658 -0.6135 -0.5510
vn 0.5093 -0.7380 -0.4426
vn 0.7619 -0.6118 -0.2124
vn 0.9316 -0.0782 -0.3550
vn 0.6784 0.1298 -0.7232
vn 0.9863 -0.1530 -0.0609
vn 0.7505 -0.6603 -0.0284
vn -0.1828 0.4307 -0.8838
vn -0.3977 0.4356 -0.8075
vn -0.5383 0.3249 -0.7776
vn -0.5244 0.3911 -0.7564
vn -0.3324 0.5133 -0.7913
vn -0.2886 -0.0718 -0.9547
vn 0.8100 -0.4933 0.3171
vn -0.5543 0.4223 0.7172
vn -0.8685 -0.2598 0.4222
vn -0.5674 -0.5505 0.6124
vn -0.8541 -0.3461 0.3882
vn 0.8192 0.0746 0.5686
vn 0.5941 0.0742 0.8009
vn 0.5589 0.1712 0.8113
vn 0.4527 0.2188 0.8644
vn -0.0627 -0.3049 0.9503
vn -0.3914 0.5964 0.7008
vn -0.5746 0.5454 0.6102
vn -0.6764 0.4775 0.5608
vn -0.2274 0.8491 0.4767
vn 0.1920 0.9200 0.3417
vn 0.6640 0.7455 0.0576
vn -0.5149 -0.8446 -0.1468
vn -0.8253 -0.5440 0.1515
vn -0.8874 -0.1329 0.4413
vn 0.8349 -0.4148 -0.3618
vn -0.6461 0.6572 -0.3881
vn -0.5581 0.4144 -0.7189
vn -0.2447 0.0834 -0.9660
vn -0.8809 0.3475 -0.3214
vn 0.4008 0.0406 -0.9153
vn -0.1865 -0.3060 -0.9336
vn 0.7798 -0.3631 -0.5099
vn 0.5313 -0.5837 -0.6140
vn 0.4415 -0.4421 -0.7808
vn 0.8826 -0.4700 -0.0120
vn -0.5704 0.4850 -0.6629
vn -0.5739 0.4072 -0.7105
vn -0.2174 -0.7773 -0.5903
vn 0.0608 -0.7278 -0.6831
vn -0.2798 -0.6913 -0.6662
vn 0.8309 0.4272 0.3566
vn 0.7300 0.4706 0.4956
vn 0.7237 0.3508 0.5943
vn 0.6721 0.4591 0.5810
vn 0.5593 0.4551 0.6929
vn 0.4904 0.4467 0.7483
vn 0.4451 0.1613 0.8808
vn -0.0457 0.3745 0.9261
vn -0.5087 0.7337 0.4505
vn -0.8946 -0.3465 0.2820
vn -0.7144 -0.6963 0.0697
vn -0.6797 -0.7334 -0.0062
vn -0.2730 0.1440 0.9512
vn 0.5827 0.0847 0.8083
vn -0.5012 0.4894 0.7137
vn -0.2616 0.8033 0.5350
vn -0.5718 0.6866 0.4489
vn 0.9513 0.2474 -0.1837
vn -0.1868 -0.8666 -0.4627
vn 0.2708 -0.7623 -0.5879
vn 0.5685 0.3089 0.7625
vn -0.7874 0.4720 -0.3965
vn -0.6709 0.5636 -0.4819
vn -0.5382 0.7182 0.4410
vn -0.5749 0.6920 0.4365
vn -0.7749 0.4447 0.4492
vn -0.8428 -0.3110 0.4394
vn -0.6753 -0.7016 0.2273
vn -0.9859 0.1307 0.1049
vn -0.8342 0.5424 -0.1000
vn -0.7532 0.5361 -0.3813
vn 0.4510 0.0916 -0.8878
vn 0.1666 0.5935 -0.7874
vn -0.3963 -0.2163 -0.8923
vn -0.2766 -0.3546 -0.8932
vn -0.3805 -0.2918 -0.8775
vn -0.5577 -0.2347 -0.7961
vn -0.2889 -0.2448 -0.9255
vn 0.3045 -0.2653 -0.9148
vn 0.7715 -0.1353 -0.6217
vn 0.4631 -0.5423 -0.7010
vn 0.4629 -0.7273 -0.5068
vn 0.4374 -0.7459 -0.5024
vn 0.8466 -0.4270 -0.3177
vn 0.9851 0.1614 -0.0598
vn 0.8452 0.4667 -0.2605
vn 0.1377 0.3662 -0.9203
vn 0.8162 0.0511 0.5755
vn 0.9709 -0.1142 -0.2106
vn -0.7752 0.4957 -0.3916
vn -0.6241 -0.1795 -0.7604
vn -0.0958 -0.6669 -0.7390
vn -0.2497 -0.6971 -0.6721
vn 0.8874 0.4322 0.1606
vn 0.2622 0.9539 0.1459
vn -0.1825 0.8499 0.4943
vn -0.9818 -0.1628 0.0980
vn -0.5295 0.0683 0.8456
vn -0.7694 0.1339 0.6246
vn -0.8489 -0.0312 0.5276
vn 0.8133 0.2225 0.5376
vn 0.6584 0.0679 0.7496
vn 0.4983 0.0650 0.8646
vn 0.3020 0.3769 0.8756
vn -0.0847 0.3976 0.9136
vn -0.0803 0.9320 0.3535
vn -0.7007 0.4603 0.5451
vn -0.2158 0.8615 0.4595
vn 0.2178 0.9390 0.2662
vn 0.6383 0.7681 -0.0516
vn -0.5005 -0.8539 -0.1425
vn -0.8486 -0.4834 0.2149
vn -0.9056 -0.0644 0.4192
vn 0.9058 -0.1771 -0.3849
vn -0.7622 0.5549 -0.3335
vn -0.7332 0.3618 0.5758
vn -0.8540 -0.5173 0.0567
vn -0.4434 0.0838 -0.8924
vn -0.1826 -0.4096 -0.8938
vn 0.6007 -0.2412 -0.7623
vn 0.3924 -0.6597 -0.6409
vn 0.4029 -0.3399 -0.8498
vn -0.1854 -0.1095 -0.9765
vn 0.8364 -0.2603 0.4824
vn 0.7623 0.6407 0.0915
vn -0.2820 -0.6848 -0.6719
vn 0.2737 0.2129 -0.9379
vn -0.2767 -0.6761 -0.6829
vn 0.4177 0.8902 0.1821
vn 0.0996 0.9465 0.3070
vn 0.1344 0.9368 0.3230
vn 0.0775 0.9317 0.3549
vn 0.0779 0.9094 0.4085
vn 0.1181 0.8846 0.4511
vn 0.0963 0.8355 0.5409
vn -0.7852 0.5202 0.3359
vn -0.9086 -0.0963 0.4064
vn -0.9097 -0.3263 0.2567
vn -0.7780 -0.6273 -0.0338
vn -0.7322 -0.6652 -0.1465
vn -0.0015 0.5706 0.8212
vn 0.6796 0.2650 0.6841
vn 0.3906 0.0204 0.9203
vn -0.1129 0.8799 0.4616
vn -0.0135 0.9403 0.3402
vn 0.9231 0.2283 -0.3096
vn 0.0126 -0.8812 -0.4725
vn 0.5976 -0.6281 -0.4984
vn -0.5379 0.7182 0.4415
vn -0.5416 0.6413 0.5436
vn -0.5751 0.5847 0.5722
vn -0.6757 0.5087 0.5335
vn -0.7425 0.4628 0.4843
vn -0.9198 -0.2654 0.2890
vn -0.8217 -0.5023 -0.2693
vn -0.9207 0.0546 -0.3865
vn 0.3171 0.8258 -0.4664
vn -0.0759 0.5568 -0.8272
vn -0.3879 -0.4688 -0.7935
vn -0.6139 -0.3358 -0.7144
vn -0.2452 -0.5030 -0.8288
vn -0.3535 -0.2206 -0.9090
vn -0.5110 -0.0164 -0.8594
vn -0.1366 0.0573 -0.9890
vn 0.4485 0.1598 -0.8794
vn 0.6183 0.0271 -0.7855
vn 0.2072 -0.4487 -0.8693
vn 0.6950 0.0139 -0.7189
vn 0.5244 -0.1197 -0.8430
vn 0.8815 0.0403 -0.4705
vn 0.7959 0.5764 -0.1852
vn 0.6886 0.7189 -0.0943
vn 0.5351 0.8194 -0.2053
vn 0.8861 -0.3927 -0.2462
vn -0.3064 0.1274 -0.9433
vn 0.6176 -0.1062 0.7793
vn 0.5830 0.5721 0.5769
vn -0.4934 -0.6576 -0.5693
vn 0.0555 0.2594 -0.9642
vn -0.4670 -0.5794 -0.6680
vn 0.2611 0.9003 0.3483
vn 0.0929 0.9646 0.2470
vn -0.0739 0.9470 0.3127
vn -0.8984 -0.4217 -0.1225
vn -0.5311 0.2891 0.7965
vn -0.7055 -0.0047 0.7087
vn -0.8432 -0.0805 0.5316
vn 0.7668 0.1991 0.6102
vn 0.6799 0.3139 0.6627
vn 0.3890 0.1908 0.9013
vn 0.2019 0.1507 0.9677
vn -0.0649 0.2568 0.9643
vn -0.0492 0.9548 0.2932
vn -0.7042 0.4923 0.5117
vn -0.2228 0.8699 0.4401
vn 0.0767 0.9870 0.1411
vn 0.5723 0.7777 -0.2601
vn -0.5443 -0.8202 -0.1764
vn -0.8383 -0.5163 0.1751
vn -0.9343 -0.0390 0.3544
vn 0.8423 -0.0037 -0.5390
vn -0.7123 0.5450 0.4422
vn -0.9749 -0.1709 0.1427
vn -0.5577 -0.0618 -0.8277
vn -0.0126 -0.5166 -0.8561
vn 0.6715 -0.0377 -0.7401
vn 0.1135 -0.0360 -0.9929
vn -0.0021 0.8419 -0.5397
vn -0.0835 0.1467 -0.9857
vn 0.2321 0.0391 -0.9719
vn -0.4365 0.2147 -0.8737
vn 0.9304 -0.2526 -0.2657
vn 0.8180 -0.1776 0.5470
vn 0.6494 0.0848 0.7557
vn -0.6459 -0.5966 -0.4763
vn -0.2335 0.2442 -0.9412
vn 0.2427 0.8871 -0.3926
vn -0.4270 0.3278 -0.8427
vn -0.0062 0.9594 0.2820
vn -0.0354 0.9641 0.2632
vn -0.0479 0.9594 0.2779
vn -0.0554 0.9574 0.2833
vn -0.9058 0.3061 0.2929
vn -0.9384 -0.0352 0.3438
vn -0.8557 -0.1154 0.5045
vn -0.8708 -0.4517 0.1939
vn -0.8248 -0.5524 -0.1206
vn -0.7379 -0.6497 -0.1828
vn 0.0891 0.9118 0.4008
vn 0.5466 0.6199 0.5631
vn 0.7588 0.0603 0.6486
vn 0.1304 0.1182 0.9844
vn 0.0165 0.9484 0.3166
vn -0.0040 0.9487 0.3160
vn 0.7922 0.3195 -0.5199
vn 0.1281 -0.9092 -0.3961
vn 0.4375 -0.7299 -0.5252
vn -0.4337 0.7210 0.5404
vn -0.4967 0.6298 0.5972
vn -0.5260 0.6679 0.5264
vn -0.6338 0.6539 0.4132
vn -0.7720 0.4600 0.4386
vn -0.7037 0.5348 0.4677
vn -0.9969 -0.0384 0.0692
vn 0.1141 0.8628 -0.4926
vn -0.2834 0.3641 -0.8872
vn -0.5133 -0.5797 -0.6328
vn -0.3128 -0.5349 -0.7849
vn -0.6113 -0.5391 -0.5794
vn -0.2324 -0.5465 -0.8045
vn -0.1148 -0.4648 -0.8780
vn -0.2599 -0.0974 -0.9607
vn 0.1230 0.0877 -0.9885
vn 0.6181 -0.3960 -0.6790
vn 0.4340 0.3182 -0.8428
vn 0.4204 0.7215 -0.5502
vn 0.6107 0.7287 -0.3099
vn 0.3146 0.6103 -0.7270
vn 0.5822 0.7961 -0.1652
vn 0.5147 0.8534 -0.0822
vn 0.4057 0.9114 -0.0687
vn -0.4189 -0.1359 -0.8978
vn -0.1193 0.0958 -0.9882
vn 0.6205 -0.1246 0.7742
vn 0.5341 -0.1041 0.8390
vn 0.1604 0.1597 0.9741
vn -0.9439 0.1622 -0.2876
vn -0.9957 -0.0024 -0.0921
vn -0.3786 0.3454 -0.8587
vn 0.0642 0.9298 -0.3624
vn -0.6897 0.5014 -0.5224
vn 0.0327 0.6257 0.7794
vn 0.0191 0.9261 0.3768
vn -0.0166 0.9568 0.2901
vn -0.8099 -0.5791 -0.0928
vn -0.4306 0.0120 0.9024
vn -0.6727 -0.0676 0.7368
vn -0.9112 -0.0381 0.4102
vn 0.8199 0.1397 0.5551
vn 0.7324 -0.0110 0.6808
vn 0.7287 -0.1222 0.6738
vn 0.5406 0.0722 0.8382
vn 0.2098 -0.0011 0.9778
vn -0.0070 0.1338 0.9910
vn -0.0484 0.9562 0.2888
vn -0.6684 0.5979 0.4425
vn -0.3421 0.9069 0.2460
vn -0.0369 0.9992 -0.0171
vn 0.5714 0.7748 -0.2705
vn -0.5093 -0.8436 -0.1702
vn -0.8659 -0.4853 0.1214
vn -0.9547 -0.0776 0.2873
vn 0.2767 -0.2758 -0.9205
vn -0.6288 0.6519 0.4238
vn -0.7406 0.5139 0.4329
vn -0.4004 -0.3256 -0.8565
vn -0.3913 -0.5467 -0.7403
vn -0.0386 -0.7071 -0.7060
vn 0.2010 -0.4057 -0.8916
vn 0.9615 0.2044 -0.1839
vn 0.1760 0.6587 -0.7316
vn -0.8178 0.3682 -0.4422
vn 0.2490 0.9621 -0.1112
vn 0.2634 -0.0063 -0.9647
vn -0.7585 0.6285 -0.1723
vn -0.9337 -0.0704 -0.3509
vn 0.9481 -0.2478 -0.1992
vn 0.7899 -0.2193 0.5726
vn -0.1072 0.9628 -0.2479
vn 0.0885 0.9700 -0.2262
vn -0.1391 0.9594 -0.2452
vn -0.0344 0.9543 0.2969
vn -0.0329 0.9605 0.2765
vn -0.8375 0.2199 0.5003
vn -0.9417 0.0492 0.3329
vn -0.7557 0.0796 0.6501
vn -0.8626 -0.2553 0.4368
vn -0.9221 -0.3735 -0.1008
vn -0.9044 -0.3833 -0.1876
vn -0.8189 -0.5313 -0.2170
vn 0.4417 0.8510 0.2841
vn 0.0402 0.9697 0.2409
vn 0.8753 0.2940 0.3840
vn 0.8525 -0.0586 0.5194
vn -0.0314 0.0667 0.9973
vn -0.0067 0.9580 0.2867
vn -0.0142 0.9530 0.3027
vn 0.8331 0.1081 -0.5424
vn 0.9232 0.2632 -0.2801
vn 0.2146 -0.8362 -0.5046
vn 0.7713 -0.3871 -0.5052
vn -0.8838 0.3061 0.3538
vn -0.4860 0.7378 0.4685
vn -0.4977 0.7740 0.3915
vn -0.5466 0.7762 0.3144
vn -0.6444 0.6571 0.3911
vn -0.6843 0.6250 0.3756
vn -0.2531 0.7886 -0.5604
vn -0.4004 -0.0883 -0.9121
vn -0.6649 -0.4172 -0.6196
vn -0.4042 -0.3855 -0.8295
vn -0.3113 -0.4340 -0.8454
vn -0.5202 -0.5126 -0.6831
vn -0.3042 -0.4549 -0.8369
vn 0.0652 -0.7203 -0.6906
vn 0.1067 -0.3262 -0.9393
vn 0.0870 -0.4857 -0.8698
vn 0.8240 -0.3643 -0.4339
vn 0.3910 0.7735 -0.4989
vn 0.3198 0.7990 -0.5093
vn 0.4674 0.8235 -0.3216
vn 0.4552 0.8807 -0.1308
vn 0.3844 0.9230 -0.0191
vn -0.2742 0.9399 -0.2036
vn 0.2883 0.9575 0.0129
vn -0.2574 -0.1170 -0.9592
vn -0.6361 0.5097 0.5793
vn -0.7979 0.2338 0.5557
vn 0.6031 -0.2277 0.7644
vn 0.5362 -0.1748 0.8258
vn -0.0026 0.0382 0.9993
vn -0.6095 0.3431 0.7148
vn -0.5968 0.7392 0.3122
vn -0.3611 0.9304 0.0629
vn -0.3800 0.8636 0.3314
vn -0.0663 0.9610 0.2685
vn -0.0242 0.9571 0.2886
vn -0.8723 -0.4842 -0.0683
vn -0.3710 0.0959 0.9237
vn -0.7278 0.1216 0.6749
vn -0.9112 0.1454 0.3855
vn 0.9193 0.0195 0.3931
vn 0.7152 -0.0828 0.6940
vn 0.5548 -0.0629 0.8296
vn 0.8028 -0.0212 0.5958
vn 0.2950 -0.0831 0.9519
vn -0.1108 -0.1418 0.9837
vn -0.7338 0.6409 0.2253
vn -0.3978 0.9150 0.0677
vn 0.0011 0.9898 -0.1424
vn 0.8018 0.5415 -0.2526
vn -0.8868 -0.4548 0.0820
vn -0.4085 -0.7838 -0.4678
vn -0.9564 -0.1357 0.2586
vn 0.4026 -0.7310 -0.5510
vn -0.5045 0.8022 0.3192
vn -0.3628 -0.4254 -0.8291
vn -0.5300 -0.2647 -0.8056
vn -0.1043 -0.5541 -0.8259
vn -0.2127 -0.2485 -0.9450
vn 0.9246 -0.0455 0.3782
vn 0.7123 0.6352 0.2985
vn 0.2802 0.8186 -0.5013
vn 0.1520 0.9872 0.0490
vn 0.0217 0.9997 0.0087
vn 0.0121 0.0644 -0.9979
vn 0.2630 0.0129 -0.9647
vn 0.9225 -0.2388 -0.3032
vn 0.8216 -0.2737 0.5000
vn -0.1013 0.9933 -0.0559
vn -0.1134 0.9784 -0.1726
vn -0.0139 0.9520 0.3057
vn -0.9328 0.0307 0.3591
vn -0.8523 0.1999 0.4834
vn -0.9323 0.1998 0.3014
vn -0.9884 0.0256 -0.1498
vn -0.9248 -0.2547 -0.2825
vn -0.9221 -0.2384 -0.3048
vn 0.8267 0.5460 0.1358
vn 0.1663 0.9635 0.2098
vn -0.0418 0.9621 0.2696
vn 0.9781 0.0731 0.1949
vn 0.7028 -0.0478 0.7097
vn 0.9180 0.0740 0.3896
vn -0.4813 0.0716 0.8736
vn -0.0263 0.9570 0.2889
vn 0.9624 0.0497 -0.2672
vn 0.8892 0.2132 -0.4048
vn -0.8755 -0.4825 -0.0266
vn 0.2776 -0.7991 -0.5332
vn 0.8236 -0.3294 -0.4617
vn -0.9403 0.2078 0.2697
vn -0.6961 0.4934 0.5215
vn -0.6569 0.6571 0.3697
vn -0.5464 0.8113 0.2082
vn -0.5201 0.7945 0.3135
vn -0.6124 0.3246 -0.7208
vn -0.3783 -0.3599 -0.8528
vn -0.7117 0.4166 -0.5656
vn -0.5925 0.5441 -0.5940
vn -0.5245 0.1987 -0.8279
vn -0.3910 0.3846 -0.8362
vn -0.5301 0.2440 -0.8121
vn -0.6683 0.3944 -0.6308
vn -0.2269 0.3557 -0.9066
vn 0.5114 -0.2413 -0.8248
vn 0.1833 0.3368 -0.9236
vn -0.4147 -0.1427 -0.8987
vn 0.0887 -0.2399 -0.9667
vn 0.8239 -0.2068 -0.5277
vn 0.2209 0.9432 -0.2482
vn 0.1483 0.8802 -0.4509
vn 0.3642 0.8731 -0.3242
vn 0.3329 0.9393 -0.0833
vn 0.2352 0.9714 0.0339
vn 0.1502 0.9861 0.0713
vn -0.1509 0.9832 0.1029
vn -0.5963 -0.0238 -0.8024
vn -0.1847 0.1159 -0.9759
vn 0.5707 -0.3100 0.7604
vn 0.5237 -0.2168 0.8239
vn -0.0501 -0.0343 0.9982
vn -0.2943 0.9379 0.1834
vn -0.0286 0.9749 0.2207
vn -0.0259 0.9620 0.2718
vn -0.9608 -0.1629 -0.2244
vn -0.7918 0.0928 0.6037
vn -0.8952 -0.0434 0.4436
vn -0.9541 -0.0394 -0.2969
vn 0.9625 0.0900 0.2561
vn 0.7014 0.1884 0.6874
vn 0.6019 0.2194 0.7679
vn 0.4261 0.2706 0.8633
vn 0.1812 0.2434 0.9529
vn 0.8317 0.1700 0.5285
vn -0.1280 0.0731 0.9891
vn -0.6184 -0.1265 0.7756
vn -0.8117 0.5346 0.2354
vn -0.5886 0.8065 -0.0557
vn 0.0657 0.8360 -0.5447
vn 0.8494 0.2805 -0.4470
vn -0.9061 -0.4160 -0.0768
vn -0.9653 -0.0777 0.2492
vn -0.2025 -0.8743 -0.4411
vn -0.8676 -0.4830 -0.1184
vn 0.4185 -0.7353 -0.5331
vn -0.3840 0.9074 0.1707
vn -0.6042 0.3950 -0.6920
vn 0.1880 0.2590 -0.9474
vn -0.5637 0.0808 -0.8220
vn 0.9103 -0.0406 0.4119
vn 0.7022 0.1201 0.7018
vn 0.6539 0.6622 0.3660
vn 0.2347 0.9306 -0.2809
vn 0.0241 0.9901 0.1386
vn 0.0710 0.9862 0.1494
vn -0.0454 0.9852 0.1655
vn 0.1117 0.0311 -0.9933
vn 0.8034 -0.1830 -0.5666
vn 0.8290 -0.4034 0.3873
vn -0.2549 0.9663 -0.0373
vn -0.9474 -0.0496 0.3161
vn -0.9571 0.0761 0.2796
vn -0.9390 0.3171 0.1333
vn -0.9617 0.2306 -0.1485
vn -0.9287 -0.0326 -0.3694
vn -0.9447 -0.0389 -0.3256
vn 0.4900 0.8555 0.1673
vn 0.9832 0.1586 -0.0903
vn -0.0198 0.9476 0.3189
vn -0.0346 0.9590 0.2812
vn 0.9989 0.0451 0.0129
vn 0.8297 0.2864 0.4791
vn 0.9367 0.1912 0.2934
vn 0.6069 0.5811 -0.5422
vn 0.9173 0.1086 -0.3831
vn 0.9429 0.1436 -0.3007
vn -0.9864 -0.1459 0.0757
vn 0.2718 -0.7658 -0.5829
vn 0.8853 -0.3243 -0.3333
vn -0.9978 -0.0615 -0.0266
vn -0.9207 0.1229 0.3705
vn -0.8601 0.2818 0.4253
vn -0.8958 0.2446 0.3710
vn -0.9356 0.3241 -0.1402
vn -0.6398 -0.5062 -0.5783
vn -0.6998 0.2607 -0.6651
vn -0.3199 0.9466 -0.0400
vn -0.3856 0.9224 -0.0202
vn -0.4261 0.7809 -0.4568
vn -0.2775 0.9065 -0.3182
vn -0.1109 0.9334 -0.3412
vn -0.3767 0.9256 -0.0359
vn 0.0922 0.8872 -0.4520
vn -0.3987 0.5768 -0.7130
vn -0.4774 -0.0295 -0.8782
vn -0.0252 -0.1315 -0.9910
vn 0.7714 -0.1344 -0.6220
vn 0.6155 0.1285 0.7776
vn 0.2836 0.9551 0.0851
vn 0.0175 0.9829 -0.1831
vn 0.1225 0.9923 -0.0168
vn 0.0542 0.9975 0.0452
vn 0.0291 0.9960 0.0846
vn -0.9691 0.1949 -0.1514
vn -0.5431 0.1911 -0.8176
vn -0.1742 0.1234 -0.9770
vn 0.5368 -0.3204 0.7805
vn 0.4446 -0.2258 0.8668
vn 0.0246 -0.0400 0.9989
vn -0.7074 0.1007 0.6996
vn -0.0115 0.9720 0.2349
vn -0.0014 0.9818 0.1898
vn -0.8227 -0.2183 0.5248
vn -0.9367 -0.1157 0.3306
vn -0.9291 0.1642 -0.3314
vn 0.9743 0.1702 0.1472
vn 0.6755 0.3995 0.6197
vn 0.5316 0.4407 0.7233
vn 0.3719 0.4544 0.8095
vn 0.1567 0.4188 0.8945
vn -0.0368 0.3801 0.9242
vn -0.4428 0.0636 0.8944
vn -0.8694 0.4121 0.2725
vn -0.6962 0.5713 -0.4347
vn 0.1379 0.6835 -0.7168
vn 0.8719 0.3081 -0.3807
vn 0.9732 0.0158 0.2293
vn -0.9180 -0.3946 -0.0388
vn -0.9654 0.0548 0.2549
vn -0.5358 -0.8097 -0.2395
vn -0.8978 -0.4314 -0.0891
vn 0.6489 -0.5748 -0.4985
vn -0.4006 0.9147 -0.0528
vn -0.2481 0.9667 -0.0637
vn -0.6891 0.0243 -0.7243
vn -0.6130 0.0359 -0.7892
vn 0.9823 0.1556 -0.1040
vn 0.5581 0.2276 0.7979
vn 0.5711 0.2462 0.7831
vn 0.3951 0.5756 0.7159
vn 0.0354 0.9976 -0.0599
vn 0.0363 0.9815 0.1880
vn 0.0363 0.9865 0.1596
vn 0.1056 -0.0721 -0.9918
vn 0.7721 -0.3342 -0.5405
vn 0.8767 -0.3588 0.3204
vn -0.9880 0.0119 0.1541
vn -0.9954 0.0377 0.0877
vn -0.9870 0.1605 0.0084
vn -0.9641 0.1639 -0.2089
vn -0.9289 0.1201 -0.3504
vn -0.9701 0.1050 -0.2189
vn 0.7217 0.6904 0.0494
vn 0.0596 0.9387 0.3396
vn 0.9781 -0.0774 -0.1934
vn 0.0083 0.9604 0.2786
vn 0.9855 0.1670 0.0307
vn 0.8248 0.3901 0.4092
vn 0.6551 0.4871 0.5776
vn 0.9351 0.2890 0.2052
vn -0.8923 0.4515 -0.0023
vn 0.5896 0.5991 -0.5417
vn 0.9937 -0.0901 -0.0670
vn 0.9135 0.2530 0.3185
vn -0.9658 -0.0473 0.2551
vn 0.1939 -0.8876 -0.4178
vn 0.8538 -0.1070 -0.5094
vn -0.9733 0.2187 0.0699
vn -0.8678 0.2958 0.3994
vn -0.6967 0.1417 0.7033
vn -0.8563 -0.3146 0.4095
vn -0.9944 0.0442 -0.0959
vn -0.6288 0.7675 0.1246
vn -0.2264 0.9685 0.1037
vn -0.1608 0.9802 0.1151
vn -0.2892 0.9515 0.1053
vn -0.1749 0.9796 -0.0987
vn -0.1361 0.9839 -0.1156
vn -0.1922 0.9233 -0.3326
vn -0.2893 0.9515 0.1047
vn -0.8341 0.4781 -0.2750
vn -0.5493 0.0005 -0.8357
vn -0.1093 -0.1245 -0.9862
vn 0.8045 -0.0442 -0.5923
vn 0.8578 0.2731 0.4354
vn 0.4906 0.2700 0.8285
vn 0.0962 0.9665 0.2380
vn 0.0704 0.9955 0.0636
vn -0.0249 0.9997 0.0063
vn -0.0093 0.9996 0.0279
vn 0.0159 0.9970 0.0754
vn -0.9359 0.1612 -0.3133
vn -0.4840 0.1830 -0.8557
vn -0.2221 0.0366 -0.9743
vn 0.6476 -0.1949 0.7366
vn 0.4332 -0.2853 0.8549
vn 0.0031 -0.2096 0.9778
vn -0.4862 -0.0462 0.8726
vn 0.0277 0.9750 0.2203
vn -0.9199 0.0734 0.3853
vn -0.9777 0.0932 0.1884
vn -0.9250 0.1492 -0.3495
vn -0.9131 0.1733 -0.3691
vn 0.9981 0.0091 -0.0614
vn 0.9718 0.2270 0.0641
vn 0.5255 0.5262 0.6686
vn 0.3836 0.5331 0.7541
vn 0.2259 0.5083 0.8310
vn 0.0187 0.4169 0.9088
vn -0.3227 0.3997 0.8580
vn -0.7530 0.0707 0.6542
vn -0.8980 0.1653 0.4077
vn -0.9368 0.3348 -0.1017
vn -0.6883 0.6640 -0.2920
vn 0.0364 0.9356 -0.3512
vn 0.9215 0.3662 -0.1294
vn 0.8722 -0.1811 0.4543
vn 0.5195 0.0327 0.8538
vn -0.9452 -0.3262 0.0156
vn -0.6300 0.1078 0.7690
vn -0.2072 -0.9783 -0.0023
vn -0.8014 -0.5914 -0.0889
vn 0.5449 -0.6763 -0.4956
vn -0.3946 0.8767 0.2751
vn -0.1311 0.9848 0.1137
vn -0.9605 0.0064 -0.2783
vn -0.5920 -0.0669 -0.8032
vn -0.5740 -0.0428 -0.8177
vn 0.9185 0.2106 0.3347
vn 0.6179 0.3050 0.7247
vn 0.4806 0.2590 0.8378
vn 0.3872 0.2928 0.8743
vn 0.0155 0.9998 0.0129
vn 0.0554 0.9785 0.1987
vn 0.0603 0.9881 0.1413
vn 0.1095 -0.1136 -0.9875
vn 0.7607 -0.3053 -0.5727
vn 0.9087 -0.2951 0.2953
vn -0.8227 -0.0217 0.5680
vn -0.9929 0.1160 0.0254
vn -0.9950 0.0865 -0.0492
vn -0.9889 0.0960 -0.1137
vn -0.9519 0.1120 -0.2851
vn -0.9128 0.2321 -0.3360
vn -0.9051 0.3940 -0.1599
vn 0.1473 0.9174 0.3698
vn 0.8289 0.5585 0.0320
vn 0.0659 0.9652 0.2532
vn 0.9525 -0.2083 -0.2223
vn 0.9758 0.2181 -0.0142
vn 0.8070 0.4773 0.3477
vn 0.6470 0.5566 0.5212
vn 0.5337 0.5788 0.6166
vn 0.9253 0.3483 0.1503
vn -0.9874 0.1449 0.0636
vn 0.0836 0.9932 -0.0815
vn 0.8842 0.4027 -0.2367
vn 0.5049 0.7701 0.3899
vn -0.8502 0.2076 0.4838
vn 0.1600 -0.9871 -0.0105
vn 0.4999 -0.2666 -0.8241
vn -0.7806 0.5974 0.1838
vn -0.6448 0.5226 0.5578
vn -0.6445 0.4378 0.6268
vn -0.2475 0.9650 0.0866
vn -0.1749 0.9824 0.0657
vn -0.1537 0.9858 0.0678
vn -0.2962 0.9506 0.0934
vn -0.1244 0.9888 0.0819
vn -0.3523 0.9353 0.0344
vn -0.3866 0.8980 0.2101
vn -0.8550 0.2730 0.4410
vn -0.5944 -0.0763 -0.8005
vn -0.2285 -0.2177 -0.9489
vn 0.8066 -0.2410 -0.5397
vn 0.3802 0.2391 0.8935
vn -0.0558 0.9977 0.0378
vn 0.0367 0.9992 0.0158
vn 0.0334 0.9991 0.0260
vn 0.0546 0.9959 0.0723
vn -0.8735 0.1412 -0.4658
vn -0.5101 0.1148 -0.8524
vn -0.2418 -0.0030 -0.9703
vn 0.7639 -0.1190 0.6342
vn 0.5948 -0.2957 0.7475
vn 0.2144 -0.3569 0.9092
vn -0.5955 -0.0950 0.7977
vn -0.5859 -0.0219 0.8101
vn -0.6791 0.3766 0.6301
vn -0.8708 0.2674 0.4125
vn -0.9694 0.1916 0.1534
vn -0.9052 0.1081 -0.4109
vn -0.8894 0.1813 -0.4197
vn 0.9709 0.1556 -0.1818
vn 0.9616 0.2721 -0.0369
vn 0.4122 0.5784 0.7039
vn 0.2721 0.5630 0.7804
vn 0.1052 0.5271 0.8433
vn -0.3227 0.4314 0.8425
vn -0.7595 -0.0963 0.6433
vn -0.9363 0.3471 0.0535
vn -0.6747 0.7341 -0.0768
vn 0.6353 0.6640 0.3943
vn 0.5979 -0.2795 0.7513
vn 0.3680 -0.4248 0.8271
vn -0.0278 0.7702 0.6371
vn -0.9907 -0.1141 0.0744
vn -0.3439 0.6371 0.6897
vn 0.0307 -0.9874 0.1551
vn -0.5995 -0.7998 0.0301
vn 0.1586 -0.9748 -0.1570
vn 0.5852 0.4938 -0.6432
vn -0.1378 0.9879 0.0714
vn -0.6144 0.7010 0.3621
vn -0.8598 0.1538 0.4870
vn -0.9381 0.0420 -0.3438
vn -0.5806 -0.0908 -0.8091
vn -0.5482 -0.1532 -0.8222
vn 0.9334 0.0476 0.3556
vn 0.6535 0.1915 0.7323
vn 0.4854 0.2772 0.8292
vn 0.3859 0.2122 0.8978
vn -0.1911 0.9460 0.2620
vn 0.0909 0.9753 0.2011
vn 0.2467 0.9683 0.0397
vn 0.1270 -0.1455 -0.9812
vn 0.7264 -0.2724 -0.6310
vn 0.9656 -0.0568 0.2539
vn -0.9586 0.1960 0.2066
vn -0.9864 0.1644 -0.0037
vn -0.9880 0.1039 -0.1139
vn -0.9753 0.0983 -0.1979
vn -0.9386 0.0799 -0.3357
vn -0.8257 0.3388 -0.4510
vn -0.6822 0.6794 -0.2701
vn 0.9361 0.0195 -0.3512
vn 0.9449 0.2933 -0.1450
vn 0.8135 0.5089 0.2816
vn 0.6616 0.5886 0.4646
vn 0.5464 0.6142 0.5693
vn 0.4553 0.6065 0.6517
vn 0.9160 0.3966 0.0601
vn -0.7024 -0.2063 0.6813
vn -0.5564 0.7641 0.3265
vn 0.5017 0.7332 0.4591
vn 0.1572 0.3397 0.9273
vn 0.1654 0.0817 0.9828
vn 0.1567 0.6909 0.7058
vn -0.7459 0.5280 0.4060
vn -0.0880 -0.4132 0.9064
vn 0.0869 -0.9913 0.0985
vn 0.6767 0.7193 -0.1569
vn 0.7757 0.0323 -0.6303
vn 0.3067 -0.8738 -0.3773
vn -0.3141 0.9492 -0.0183
vn -0.2393 0.9709 -0.0003
vn -0.2226 0.9745 -0.0281
vn -0.1774 0.9825 -0.0561
vn -0.4314 0.9022 0.0053
vn -0.2526 0.9564 0.1469
vn -0.5999 -0.1305 -0.7894
vn -0.2865 -0.2143 -0.9338
vn 0.7578 -0.1928 -0.6234
vn -0.1575 0.9875 0.0016
vn 0.0055 0.9998 -0.0178
vn 0.0456 0.9986 0.0280
vn 0.1888 0.9761 0.1078
vn -0.7401 0.1213 -0.6615
vn -0.4823 0.0442 -0.8749
vn -0.0820 -0.2051 -0.9753
vn 0.7451 0.5592 0.3635
vn 0.7680 0.0423 0.6390
vn 0.5922 -0.1755 0.7864
vn -0.0525 -0.3695 0.9278
vn -0.7925 -0.0562 0.6073
vn -0.6816 0.3759 0.6279
vn -0.8640 0.3566 0.3556
vn -0.9330 0.3301 0.1432
vn -0.8811 0.0546 -0.4697
vn -0.8444 0.1440 -0.5160
vn 0.9082 0.1803 -0.3778
vn 0.9432 0.3071 -0.1269
vn 0.3121 0.5920 0.7430
vn 0.1481 0.5931 0.7914
vn -0.2635 0.5555 0.7887
vn -0.4791 0.0487 0.8764
vn 0.1801 -0.3929 0.9018
vn -0.1931 0.7489 0.6340
vn -0.8719 -0.0916 0.4811
vn 0.0311 -0.9398 0.3404
vn -0.3881 -0.7476 0.5389
vn 0.0592 -0.9966 0.0567
vn -0.8450 0.0937 0.5264
vn -0.9773 0.0249 -0.2106
vn -0.6377 -0.1468 -0.7562
vn -0.5256 -0.1763 -0.8323
vn 0.9609 0.0273 0.2755
vn 0.6819 0.0925 0.7255
vn 0.5075 0.1560 0.8474
vn 0.5000 0.0860 0.8617
vn -0.1045 0.9908 -0.0855
vn 0.3786 0.1373 -0.9153
vn 0.7348 0.5466 -0.4017
vn -0.6730 -0.4047 0.6191
vn -0.9754 -0.0176 0.2196
vn -0.9791 0.1332 -0.1536
vn -0.9669 0.2535 -0.0277
vn -0.9656 0.0886 -0.2443
vn -0.9258 0.0652 -0.3723
vn -0.6489 0.4725 -0.5963
vn -0.7346 0.2003 -0.6483
vn -0.4780 0.8075 -0.3456
vn 0.8346 0.0816 -0.5447
vn 0.9286 0.2605 -0.2642
vn 0.8127 0.5509 0.1898
vn 0.6909 0.6061 0.3941
vn 0.5761 0.6222 0.5301
vn 0.4741 0.6358 0.6091
vn 0.3370 0.6391 0.6913
vn 0.8951 0.4439 -0.0407
vn 0.2480 0.5893 0.7689
vn 0.3748 0.7345 0.5658
vn 0.1197 0.6101 0.7833
vn -0.4982 0.3940 0.7724
vn 0.0639 -0.9541 0.2927
vn 0.9797 0.1958 0.0440
vn 0.6576 -0.7494 -0.0776
vn -0.3621 0.8802 -0.3069
vn -0.3339 0.9121 -0.2379
vn -0.1988 0.9555 -0.2180
vn -0.5839 -0.2601 -0.7691
vn -0.3203 -0.2942 -0.9005
vn 0.6306 -0.2439 -0.7368
vn 0.1496 0.9735 -0.1729
vn 0.1882 0.9809 -0.0486
vn -0.5869 0.1282 -0.7994
vn -0.0974 0.0426 -0.9943
vn -0.0800 0.9798 -0.1831
vn 0.4224 0.6803 -0.5990
vn 0.2103 0.9539 -0.2141
vn 0.3156 0.9472 -0.0564
vn 0.6737 0.6515 0.3488
vn 0.6076 0.6966 0.3815
vn 0.5028 0.2925 0.8134
vn -0.1440 -0.0274 0.9892
vn -0.9074 0.2459 -0.3409
vn -0.6331 0.5478 0.5468
vn -0.7205 0.5469 0.4264
vn -0.8926 0.4269 0.1449
vn -0.8493 0.0350 -0.5267
vn -0.7863 0.0529 -0.6155
vn 0.8400 0.1160 -0.5301
vn 0.9018 0.3612 -0.2371
vn 0.1430 0.6356 0.7586
vn -0.2296 0.6687 0.7072
vn 0.2325 -0.0888 0.9685
vn -0.2017 -0.1793 0.9629
vn 0.3264 -0.8941 0.3068
vn -0.8647 0.0118 0.5022
vn -0.9933 -0.0421 -0.1076
vn -0.6628 -0.1920 -0.7237
vn -0.5765 -0.2816 -0.7671
vn 0.9783 -0.0497 0.2010
vn 0.7442 0.0950 0.6611
vn 0.5377 0.1173 0.8349
vn 0.5158 0.0391 0.8558
vn -0.7196 -0.1038 0.6866
vn -0.9479 0.1214 0.2946
vn -0.9610 0.2012 -0.1899
vn -0.9510 0.1147 -0.2871
vn -0.9273 0.3729 -0.0342
vn -0.9020 0.1041 -0.4190
vn -0.5868 0.2383 -0.7739
vn -0.4928 0.5423 -0.6805
vn -0.6566 0.0702 -0.7510
vn 0.6460 -0.0303 -0.7628
vn 0.8676 0.2747 -0.4146
vn 0.7926 0.6075 0.0524
vn 0.7078 0.6514 0.2732
vn 0.6075 0.6587 0.4439
vn 0.5214 0.6447 0.5591
vn 0.1801 0.6950 0.6961
vn 0.8370 0.5133 -0.1895
vn 0.2469 -0.1660 0.9547
vn 0.6712 -0.0125 0.7412
vn -0.4131 0.6209 -0.6662
vn 0.0019 0.7293 -0.6842
vn -0.5662 -0.2875 -0.7725
vn -0.3208 -0.1667 -0.9324
vn 0.4869 -0.3043 -0.8187
vn -0.4305 0.5957 -0.6781
vn -0.0376 0.3303 -0.9431
vn 0.2549 0.7769 -0.5757
vn 0.1935 0.9673 -0.1638
vn 0.2495 0.9563 -0.1525
vn 0.3577 0.9159 0.1823
vn 0.1908 0.8797 0.4355
vn -0.2205 0.7039 0.6752
vn -0.9029 0.4298 0.0075
vn -0.6797 0.6558 0.3285
vn -0.8356 0.5469 0.0510
vn -0.8067 0.0762 -0.5860
vn -0.7221 0.0134 -0.6916
vn 0.5639 0.0157 -0.8257
vn 0.8246 0.4470 -0.3467
vn -0.2583 0.6931 0.6730
vn 0.2626 0.7302 0.6308
vn -0.8007 0.0452 0.5973
vn -0.9911 -0.0932 -0.0949
vn -0.7042 -0.2297 -0.6718
vn -0.6219 -0.2030 -0.7564
vn 0.9652 -0.0097 0.2615
vn 0.7999 0.0207 0.5997
vn 0.6010 0.0595 0.7970
vn 0.4723 0.0102 0.8814
vn -0.4484 0.8227 0.3494
vn -0.9359 0.2848 -0.2075
vn -0.9274 0.1716 -0.3324
vn -0.8806 0.4738 -0.0048
vn -0.8706 0.1489 -0.4689
vn -0.5172 0.0727 -0.8528
vn -0.4481 0.2575 -0.8561
vn -0.5892 -0.0008 -0.8080
vn 0.1066 -0.0565 -0.9927
vn 0.4929 0.1910 -0.8488
vn 0.7088 0.3952 -0.5843
vn 0.7607 0.6420 -0.0955
vn 0.7024 0.7007 0.1251
vn 0.6250 0.7127 0.3184
vn 0.5234 0.7181 0.4587
vn 0.3141 0.7888 0.5283
vn -0.1792 0.8104 0.5578
vn 0.7642 0.5645 -0.3120
vn -0.3547 0.3020 -0.8849
vn -0.5486 -0.1153 -0.8281
vn -0.4128 -0.1382 -0.9003
vn 0.8619 0.0755 -0.5015
vn -0.5936 0.7618 -0.2595
vn 0.1836 0.9608 -0.2076
vn 0.1724 0.9844 -0.0355
vn -0.5864 0.7734 0.2408
vn -0.7711 0.6248 0.1226
vn -0.7714 0.0742 -0.6320
vn -0.6668 0.0234 -0.7448
vn 0.1670 -0.0294 -0.9855
vn 0.2273 0.2581 -0.9390
vn -0.0872 -0.0117 -0.9961
vn 0.5610 0.4255 -0.7100
vn -0.1259 0.8546 0.5037
vn -0.7625 -0.0726 0.6429
vn -0.9771 -0.2125 0.0112
vn -0.7446 -0.2065 -0.6348
vn -0.5949 -0.0923 -0.7985
vn 0.0228 0.2688 -0.9629
vn 0.5525 0.8073 -0.2075
vn 0.7693 0.5331 0.3522
vn 0.7052 0.1653 0.6895
vn 0.5229 -0.0387 0.8515
vn -0.1081 0.6466 0.7551
vn -0.9083 0.2292 -0.3499
vn -0.9083 0.3714 -0.1922
vn -0.8348 0.5496 0.0332
vn -0.8708 0.1676 -0.4621
vn -0.4718 -0.0338 -0.8811
vn -0.3589 0.0531 -0.9319
vn -0.5413 -0.0212 -0.8406
vn -0.2535 -0.0718 -0.9647
vn -0.3624 -0.0368 -0.9313
vn 0.0225 0.1279 -0.9915
vn 0.7445 0.6347 -0.2068
vn 0.7164 0.6975 -0.0136
vn 0.6085 0.7701 0.1916
vn 0.4200 0.8251 0.3779
vn 0.0915 0.8848 0.4568
vn 0.6869 0.4387 -0.5794
vn -0.6481 -0.0518 -0.7598
vn -0.4565 0.5038 -0.7334
vn -0.3026 0.4912 -0.8168
vn 0.6325 0.1418 0.7615
vn 0.0037 -0.1074 0.9942
vn -0.4861 0.8139 0.3181
vn -0.7246 0.6702 0.1609
vn -0.8213 0.0885 -0.5636
vn -0.6022 0.0033 -0.7983
vn -0.4232 0.0038 -0.9060
vn 0.1146 0.2613 -0.9584
vn 0.7702 0.5565 -0.3115
vn -0.0429 0.0760 -0.9962
vn -0.6783 -0.2240 0.6998
vn -0.9588 -0.2211 -0.1784
vn -0.4118 0.5775 -0.7049
vn 0.0957 0.9783 -0.1838
vn 0.4310 0.8500 0.3029
vn 0.5869 0.5521 0.5922
vn 0.0353 -0.2636 0.9640
vn -0.9011 0.3083 -0.3048
vn -0.8556 0.5125 -0.0734
vn -0.8885 0.2255 -0.3997
vn -0.6616 -0.0339 -0.7491
vn -0.4615 -0.0706 -0.8843
vn 0.8110 0.5627 -0.1600
vn 0.6409 0.7546 0.1407
vn -0.0207 0.9382 0.3454
vn -0.2954 0.8775 0.3778
vn 0.4379 0.2346 -0.8679
vn 0.8412 0.4208 -0.3395
vn -0.5483 0.5338 -0.6438
vn 0.0210 0.9733 -0.2285
vn 0.5451 0.7681 0.3359
vn -0.7170 0.6783 0.1609
vn -0.8463 0.0565 -0.5297
vn -0.7404 0.0004 -0.6722
vn -0.5174 -0.0467 -0.8544
vn -0.3299 0.0967 -0.9390
vn -0.6059 -0.4542 0.6531
vn -0.9535 0.2936 -0.0681
vn 0.0824 0.9703 -0.2273
vn 0.1820 0.3973 0.8995
vn -0.8941 0.4197 -0.1563
vn -0.9100 0.3080 -0.2776
vn 0.8072 0.4673 -0.3606
vn 0.7078 0.7055 0.0356
vn -0.0567 0.9552 0.2905
vn -0.1092 0.4281 -0.8971
vn -0.0661 0.9931 -0.0970
vn -0.7597 0.6410 0.1095
vn -0.8356 0.2511 -0.4886
vn -0.6174 0.2993 0.7275
vn -0.7791 0.6162 -0.1153
vn 0.0438 0.8657 -0.4987
vn -0.1189 0.9902 0.0736
vn 0.0823 -0.1778 0.9806
vn 0.8422 0.5380 0.0349
vn -0.3083 0.0242 -0.9510
vn -0.1061 0.3720 0.9221
vn -0.0079 0.0424 0.9991
vn 0.0554 0.3902 0.9191
vn -0.1334 0.4776 0.8684
vn -0.1776 0.2062 0.9622
vn 0.6665 0.5536 -0.4993
vn 0.9219 0.1444 0.3596
vn 0.3428 0.4858 0.8040
vn 0.5824 0.0816 0.8088
vn 0.2943 0.5345 0.7923
vn -0.4239 -0.8896 0.1702
vt 0.233850 0.983263
vt 0.226461 0.973526
vt 0.241244 0.969195
vt 0.233894 0.959898
vt 0.250171 0.956324
vt 0.387952 0.984441
vt 0.378261 0.969519
vt 0.391111 0.972311
vt 0.913915 0.375929
vt 0.905253 0.362391
vt 0.918292 0.363803
vt 0.908651 0.351413
vt 0.922174 0.352220
vt 0.011600 0.217989
vt 0.020311 0.219012
vt 0.017144 0.232381
vt 0.000865 0.978264
vt 0.009051 0.987886
vt 0.000521 0.991255
vt 0.237104 0.946541
vt 0.371640 0.978705
vt 0.384689 0.958016
vt 0.913938 0.339622
vt 0.020311 0.204717
vt 0.012271 0.973729
vt 0.219327 0.965412
vt 0.224912 0.952091
vt 0.365268 0.966373
vt 0.373322 0.956002
vt 0.374100 0.943585
vt 0.389876 0.946449
vt 0.899824 0.338624
vt 0.904950 0.327718
vt 0.919325 0.327378
vt 0.000521 0.963294
vt 0.211879 0.974028
vt 0.229157 0.939052
vt 0.358108 0.974940
vt 0.382404 0.933215
vt 0.910415 0.316283
vt 0.016075 0.958570
vt 0.030647 0.957421
vt 0.028085 0.967401
vt 0.204503 0.963060
vt 0.211725 0.956528
vt 0.433268 0.585348
vt 0.433268 0.570211
vt 0.443046 0.576381
vt 0.230220 0.925258
vt 0.239722 0.931826
vt 0.361509 0.952826
vt 0.883925 0.337451
vt 0.895053 0.347778
vt 0.889500 0.328076
vt 0.894880 0.317972
vt 0.901231 0.307189
vt 0.918524 0.305040
vt 0.020046 0.947781
vt 0.042106 0.964509
vt 0.005997 0.951755
vt 0.217675 0.945674
vt 0.218118 0.931990
vt 0.240235 0.917088
vt 0.360753 0.938670
vt 0.371304 0.930314
vt 0.907155 0.295489
vt 0.034198 0.945664
vt 0.113613 0.874952
vt 0.123336 0.870823
vt 0.124002 0.884449
vt 0.009289 0.936712
vt 0.139344 0.878895
vt 0.130196 0.894503
vt 0.204503 0.950866
vt 0.207838 0.938249
vt 0.216862 0.918543
vt 0.227707 0.912331
vt 0.232450 0.903821
vt 0.173873 0.778893
vt 0.162722 0.768256
vt 0.176765 0.768917
vt 0.358108 0.924209
vt 0.157766 0.778719
vt 0.149000 0.767211
vt 0.885334 0.307993
vt 0.922174 0.294112
vt 0.891353 0.296506
vt 0.073759 0.436205
vt 0.084178 0.443595
vt 0.070867 0.451766
vt 0.081113 0.458018
vt 0.073569 0.467983
vt 0.025309 0.933582
vt 0.044563 0.956790
vt 0.140386 0.890761
vt 0.188360 0.338092
vt 0.182024 0.346176
vt 0.176867 0.335114
vt 0.185144 0.325671
vt 0.224429 0.901040
vt 0.372357 0.918616
vt 0.221691 0.889955
vt 0.880270 0.320739
vt 0.913528 0.283549
vt 0.117099 0.770781
vt 0.123406 0.760875
vt 0.131793 0.773136
vt 0.076665 0.420956
vt 0.086371 0.429760
vt 0.874034 0.305071
vt 0.876136 0.297382
vt 0.883936 0.306389
vt 0.094214 0.861572
vt 0.104126 0.853061
vt 0.109292 0.864327
vt 0.119888 0.857411
vt 0.133795 0.864444
vt 0.015023 0.922016
vt 0.151740 0.889313
vt 0.188360 0.355711
vt 0.176045 0.357038
vt 0.169147 0.346089
vt 0.171456 0.321442
vt 0.214656 0.907446
vt 0.168693 0.789010
vt 0.188756 0.774936
vt 0.184779 0.786717
vt 0.210408 0.898173
vt 0.871043 0.311841
vt 0.139505 0.787014
vt 0.145489 0.775626
vt 0.082194 0.815920
vt 0.077800 0.795213
vt 0.087614 0.803346
vt 0.898567 0.286511
vt 0.123186 0.784562
vt 0.955891 0.726436
vt 0.959338 0.740462
vt 0.946342 0.737585
vt 0.079617 0.406411
vt 0.089575 0.415633
vt 0.096300 0.437586
vt 0.093256 0.451567
vt 0.866507 0.304078
vt 0.030078 0.918667
vt 0.037175 0.933107
vt 0.028214 0.974094
vt 0.034412 0.967959
vt 0.034412 0.985840
vt 0.152257 0.879455
vt 0.183321 0.367525
vt 0.163021 0.336179
vt 0.184585 0.314292
vt 0.180377 0.850895
vt 0.172154 0.862218
vt 0.172154 0.845875
vt 0.865215 0.323266
vt 0.198769 0.788730
vt 0.204546 0.778442
vt 0.154000 0.787508
vt 0.103446 0.768229
vt 0.110770 0.756966
vt 0.343535 0.255701
vt 0.331031 0.246538
vt 0.343535 0.240744
vt 0.941491 0.725216
vt 0.076733 0.395135
vt 0.091172 0.399321
vt 0.143569 0.937071
vt 0.153099 0.931119
vt 0.153099 0.946981
vt 0.095838 0.422909
vt 0.091298 0.467190
vt 0.045204 0.920509
vt 0.051938 0.932434
vt 0.045825 0.946772
vt 0.060813 0.944256
vt 0.056180 0.957943
vt 0.060092 0.982364
vt 0.056015 0.969995
vt 0.067485 0.965362
vt 0.162604 0.886161
vt 0.176788 0.369707
vt 0.162657 0.356170
vt 0.341917 0.991005
vt 0.341917 0.980317
vt 0.355130 0.988112
vt 0.238275 0.757816
vt 0.233551 0.772302
vt 0.223129 0.763190
vt 0.210103 0.771475
vt 0.219444 0.775371
vt 0.201925 0.931906
vt 0.193627 0.923692
vt 0.201925 0.916650
vt 0.178222 0.798648
vt 0.163501 0.799084
vt 0.192327 0.800315
vt 0.213793 0.787095
vt 0.149191 0.799434
vt 0.133786 0.799550
vt 0.096343 0.756243
vt 0.335189 0.232134
vt 0.113131 0.794599
vt 0.111093 0.779108
vt 0.949841 0.714602
vt 0.964405 0.715543
vt 0.965554 0.732486
vt 0.972561 0.744143
vt 0.977990 0.735405
vt 0.144937 0.922601
vt 0.639189 0.891877
vt 0.639189 0.877293
vt 0.649295 0.883489
vt 0.842274 0.310708
vt 0.857847 0.312550
vt 0.850303 0.321872
vt 0.851165 0.301810
vt 0.955354 0.445032
vt 0.952003 0.430777
vt 0.962066 0.434420
vt 0.069535 0.955098
vt 0.162643 0.875433
vt 0.158402 0.898192
vt 0.165347 0.368724
vt 0.157252 0.344521
vt 0.349555 0.969424
vt 0.247599 0.772363
vt 0.206922 0.799302
vt 0.124342 0.799856
vt 0.089007 0.765531
vt 0.096259 0.776997
vt 0.301709 0.634556
vt 0.301709 0.618349
vt 0.312603 0.624995
vt 0.937819 0.713763
vt 0.970427 0.725890
vt 0.978123 0.277628
vt 0.965506 0.282459
vt 0.967890 0.268589
vt 0.980612 0.266654
vt 0.836522 0.320893
vt 0.859814 0.291017
vt 0.959778 0.419229
vt 0.059600 0.919200
vt 0.067215 0.931089
vt 0.074383 0.942834
vt 0.634885 0.606793
vt 0.623549 0.598711
vt 0.637648 0.592373
vt 0.072485 0.978067
vt 0.066922 0.987950
vt 0.173248 0.881779
vt 0.170450 0.897814
vt 0.170683 0.381144
vt 0.344855 0.971651
vt 0.336973 0.957976
vt 0.348349 0.958670
vt 0.343993 0.946527
vt 0.356082 0.948076
vt 0.045476 0.865632
vt 0.046207 0.879838
vt 0.035148 0.875015
vt 0.241925 0.780999
vt 0.228607 0.785056
vt 0.184594 0.811840
vt 0.169853 0.807052
vt 0.376629 0.886294
vt 0.367529 0.892297
vt 0.364062 0.880778
vt 0.199143 0.812310
vt 0.222646 0.798493
vt 0.141487 0.811921
vt 0.128035 0.813496
vt 0.102925 0.788598
vt 0.112423 0.809166
vt 0.102635 0.802938
vt 0.452056 0.518424
vt 0.452111 0.504607
vt 0.465927 0.511620
vt 0.959376 0.703255
vt 0.977094 0.716805
vt 0.986240 0.726015
vt 0.989942 0.740905
vt 0.968597 0.255928
vt 0.836097 0.308123
vt 0.835935 0.296570
vt 0.846097 0.288047
vt 0.348551 0.224501
vt 0.340851 0.211304
vt 0.350836 0.209619
vt 0.969552 0.422561
vt 0.080791 0.955296
vt 0.622472 0.610498
vt 0.622472 0.589508
vt 0.949273 0.458999
vt 0.930022 0.439541
vt 0.942703 0.426229
vt 0.952135 0.415493
vt 0.075396 0.989980
vt 0.171923 0.868726
vt 0.332162 0.969790
vt 0.338092 0.983702
vt 0.609261 0.021661
vt 0.619921 0.028583
vt 0.609261 0.035858
vt 0.351357 0.934503
vt 0.033542 0.859212
vt 0.046207 0.851351
vt 0.154845 0.807880
vt 0.380827 0.899284
vt 0.213166 0.812830
vt 0.115719 0.815546
vt 0.081552 0.773118
vt 0.290405 0.739765
vt 0.298619 0.749691
vt 0.288932 0.756029
vt 0.375922 0.910243
vt 0.388157 0.921580
vt 0.378543 0.927359
vt 0.093013 0.797232
vt 0.464578 0.523568
vt 0.943135 0.702336
vt 0.945022 0.310766
vt 0.939515 0.296237
vt 0.953060 0.302065
vt 0.947556 0.286140
vt 0.960167 0.277886
vt 0.956002 0.260131
vt 0.826377 0.330468
vt 0.826896 0.317450
vt 0.854186 0.278594
vt 0.006311 0.966075
vt 0.022776 0.983406
vt 0.029940 0.985817
vt 0.016917 0.992237
vt 0.345420 0.195764
vt 0.966165 0.406940
vt 0.073849 0.918914
vt 0.078377 0.929001
vt 0.085791 0.942765
vt 0.091142 0.964986
vt 0.077265 0.966204
vt 0.083041 0.978886
vt 0.932333 0.419956
vt 0.940978 0.410221
vt 0.182616 0.872934
vt 0.180267 0.887149
vt 0.326193 0.956523
vt 0.331860 0.944978
vt 0.339379 0.933660
vt 0.345010 0.920821
vt 0.357313 0.921368
vt 0.037660 0.845059
vt 0.236267 0.793519
vt 0.935335 0.397747
vt 0.930022 0.385144
vt 0.942162 0.384923
vt 0.333249 0.197939
vt 0.328891 0.185364
vt 0.340073 0.181684
vt 0.386849 0.876642
vt 0.371782 0.874812
vt 0.391707 0.889488
vt 0.350836 0.178230
vt 0.223575 0.811716
vt 0.396556 0.902088
vt 0.384942 0.910434
vt 0.400313 0.913713
vt 0.298619 0.765318
vt 0.089399 0.783912
vt 0.096942 0.813486
vt 0.390525 0.935553
vt 0.318749 0.384423
vt 0.309361 0.395150
vt 0.309361 0.377340
vt 0.455795 0.530416
vt 0.954248 0.690869
vt 0.226222 0.370865
vt 0.236453 0.373472
vt 0.226623 0.381084
vt 0.936170 0.281377
vt 0.946796 0.269772
vt 0.956532 0.245858
vt 0.977625 0.255924
vt 0.969705 0.242589
vt 0.827048 0.304545
vt 0.832424 0.282624
vt 0.844232 0.274050
vt 0.023636 0.971653
vt 0.955620 0.403492
vt 0.070417 0.910147
vt 0.091389 0.955826
vt 0.808211 0.877479
vt 0.819256 0.883439
vt 0.808383 0.891236
vt 0.410478 0.858846
vt 0.396157 0.855062
vt 0.409510 0.842685
vt 0.949591 0.399625
vt 0.085481 0.991257
vt 0.182255 0.859949
vt 0.320870 0.961957
vt 0.262928 0.789853
vt 0.256234 0.777706
vt 0.270185 0.781237
vt 0.248719 0.788422
vt 0.231782 0.808165
vt 0.377985 0.865798
vt 0.959673 0.394730
vt 0.227276 0.819794
vt 0.401312 0.928344
vt 0.086245 0.796335
vt 0.104636 0.821739
vt 0.457375 0.263706
vt 0.457375 0.248211
vt 0.463525 0.251191
vt 0.937782 0.689019
vt 0.967586 0.695949
vt 0.241643 0.384948
vt 0.926327 0.293955
vt 0.944288 0.252493
vt 0.980049 0.242545
vt 0.009672 0.855055
vt 0.000575 0.860546
vt 0.003183 0.846062
vt 0.821850 0.292091
vt 0.852689 0.265237
vt 0.936782 0.676948
vt 0.950830 0.680475
vt 0.083785 0.913073
vt 0.087025 0.917554
vt 0.091950 0.929565
vt 0.815214 0.870147
vt 0.828501 0.876592
vt 0.820499 0.896599
vt 0.035185 0.378445
vt 0.022516 0.390331
vt 0.022516 0.373454
vt 0.397722 0.868192
vt 0.931646 0.402925
vt 0.308743 0.920406
vt 0.318548 0.928720
vt 0.308743 0.938472
vt 0.194205 0.865302
vt 0.189127 0.876558
vt 0.315680 0.941304
vt 0.323765 0.933128
vt 0.330114 0.922587
vt 0.334639 0.910319
vt 0.348422 0.909443
vt 0.242838 0.801571
vt 0.256290 0.798503
vt 0.384673 0.865324
vt 0.350809 0.230389
vt 0.341418 0.235163
vt 0.341418 0.219471
vt 0.409036 0.892275
vt 0.969587 0.397947
vt 0.235243 0.822771
vt 0.529948 0.237196
vt 0.518020 0.241654
vt 0.515855 0.230567
vt 0.410478 0.905586
vt 0.091155 0.826023
vt 0.468455 0.253579
vt 0.964463 0.682049
vt 0.251589 0.373302
vt 0.231185 0.395138
vt 0.029725 0.625774
vt 0.042020 0.630973
vt 0.030255 0.642851
vt 0.935600 0.264165
vt 0.943900 0.236664
vt 0.958638 0.231695
vt 0.970505 0.230309
vt 0.015714 0.843183
vt 0.023060 0.853632
vt 0.831233 0.269340
vt 0.819652 0.278586
vt 0.843199 0.260165
vt 0.820883 0.408198
vt 0.814093 0.416430
vt 0.808109 0.400969
vt 0.515855 0.254507
vt 0.528070 0.250522
vt 0.822944 0.862932
vt 0.832003 0.890206
vt 0.031130 0.363741
vt 0.408969 0.873884
vt 0.279234 0.292398
vt 0.270244 0.296975
vt 0.270244 0.282519
vt 0.190508 0.853061
vt 0.314878 0.952842
vt 0.344203 0.896284
vt 0.631852 0.918620
vt 0.642208 0.918124
vt 0.638509 0.930996
vt 0.241557 0.816083
vt 0.398816 0.883153
vt 0.397054 0.946989
vt 0.977685 0.685897
vt 0.255873 0.386822
vt 0.245218 0.396627
vt 0.043639 0.615644
vt 0.018551 0.634677
vt 0.932377 0.246136
vt 0.873514 0.863206
vt 0.860101 0.862342
vt 0.871885 0.852678
vt 0.009845 0.833459
vt 0.029313 0.841048
vt 0.034391 0.848712
vt 0.853229 0.251729
vt 0.172858 0.313320
vt 0.172858 0.296549
vt 0.184774 0.307362
vt 0.100388 0.918980
vt 0.838139 0.868805
vt 0.844512 0.879882
vt 0.309346 0.914067
vt 0.320849 0.915972
vt 0.317656 0.923661
vt 0.272405 0.267287
vt 0.282233 0.277211
vt 0.285095 0.290831
vt 0.309346 0.941661
vt 0.627579 0.908667
vt 0.638751 0.905801
vt 0.249821 0.809684
vt 0.649542 0.930973
vt 0.250374 0.826023
vt 0.096014 0.910147
vt 0.961228 0.672148
vt 0.974958 0.674175
vt 0.266936 0.376477
vt 0.928169 0.277101
vt 0.926327 0.258857
vt 0.013435 0.624945
vt 0.049019 0.602421
vt 0.045654 0.588656
vt 0.060677 0.592606
vt 0.396338 0.588874
vt 0.396338 0.606334
vt 0.386403 0.596262
vt 0.847387 0.867862
vt 0.847387 0.856354
vt 0.859565 0.850291
vt 0.022910 0.833019
vt 0.830523 0.255021
vt 0.817416 0.264490
vt 0.813836 0.287260
vt 0.808880 0.273439
vt 0.841516 0.246459
vt 0.850814 0.237849
vt 0.863859 0.244370
vt 0.806296 0.425890
vt 0.801877 0.407357
vt 0.317767 0.083841
vt 0.331372 0.083442
vt 0.325832 0.097226
vt 0.430513 0.234176
vt 0.427258 0.250585
vt 0.417885 0.239623
vt 0.314208 0.096471
vt 0.845330 0.895522
vt 0.833911 0.904729
vt 0.821923 0.898462
vt 0.617350 0.901128
vt 0.629880 0.898082
vt 0.652509 0.907551
vt 0.641907 0.943318
vt 0.659467 0.920369
vt 0.248994 0.824380
vt 0.344759 0.073724
vt 0.347377 0.085758
vt 0.989942 0.675269
vt 0.259072 0.399023
vt 0.269079 0.389695
vt 0.020540 0.616927
vt 0.034489 0.611406
vt 0.249298 0.406529
vt 0.036679 0.597605
vt 0.054045 0.578476
vt 0.230777 0.274883
vt 0.242224 0.267668
vt 0.242589 0.278318
vt 0.870722 0.840675
vt 0.018180 0.821712
vt 0.809364 0.296322
vt 0.802608 0.285416
vt 0.861005 0.227833
vt 0.872949 0.230870
vt 0.875191 0.241202
vt 0.792848 0.415958
vt 0.340002 0.097638
vt 0.417885 0.225861
vt 0.319795 0.109386
vt 0.855200 0.886275
vt 0.439583 0.972573
vt 0.443743 0.958123
vt 0.449229 0.966273
vt 0.643361 0.897605
vt 0.176369 0.039878
vt 0.185618 0.050186
vt 0.176369 0.054849
vt 0.661806 0.932893
vt 0.352583 0.074095
vt 0.358570 0.085465
vt 0.789607 0.402610
vt 0.780686 0.410987
vt 0.776891 0.396675
vt 0.279974 0.382500
vt 0.026281 0.607189
vt 0.008953 0.613896
vt 0.263290 0.407762
vt 0.031555 0.581843
vt 0.041174 0.573764
vt 0.230318 0.263632
vt 0.847761 0.844680
vt 0.857770 0.835559
vt 0.030282 0.821928
vt 0.036555 0.833455
vt 0.830032 0.240630
vt 0.819523 0.249536
vt 0.801114 0.266139
vt 0.793736 0.276936
vt 0.839996 0.232556
vt 0.848700 0.223916
vt 0.884362 0.234443
vt 0.799599 0.434316
vt 0.333397 0.110373
vt 0.616793 0.469270
vt 0.627294 0.462286
vt 0.627294 0.477568
vt 0.851898 0.871311
vt 0.857986 0.900504
vt 0.847204 0.908926
vt 0.434511 0.963810
vt 0.435364 0.949313
vt 0.421129 0.939846
vt 0.433943 0.934614
vt 0.667343 0.910829
vt 0.651208 0.942742
vt 0.674970 0.925909
vt 0.355047 0.097279
vt 0.769570 0.406726
vt 0.272071 0.401248
vt 0.281232 0.395674
vt 0.281214 0.370865
vt 0.016393 0.605013
vt 0.000721 0.620015
vt 0.022824 0.595476
vt 0.023235 0.589273
vt 0.048638 0.564788
vt 0.242200 0.256857
vt 0.871623 0.829034
vt 0.025883 0.807851
vt 0.043071 0.826147
vt 0.809797 0.258412
vt 0.050423 0.836971
vt 0.857639 0.214774
vt 0.870744 0.218486
vt 0.881866 0.221779
vt 0.783589 0.424998
vt 0.349212 0.109761
vt 0.317332 0.119906
vt 0.309073 0.108177
vt 0.864412 0.878923
vt 0.329281 0.121217
vt 0.868825 0.892024
vt 0.006201 0.672499
vt 0.011422 0.668753
vt 0.011422 0.684062
vt 0.426510 0.956422
vt 0.422651 0.924036
vt 0.661529 0.944114
vt 0.674739 0.939480
vt 0.366314 0.096495
vt 0.771705 0.420358
vt 0.769175 0.395229
vt 0.757089 0.389436
vt 0.770207 0.383957
vt 0.757044 0.402378
vt 0.775195 0.365419
vt 0.761408 0.364273
vt 0.768959 0.354172
vt 0.756257 0.351852
vt 0.760194 0.343785
vt 0.780354 0.377292
vt 0.766338 0.375464
vt 0.010623 0.312487
vt 0.016062 0.306197
vt 0.016062 0.327635
vt 0.443464 0.453682
vt 0.442581 0.440641
vt 0.454840 0.447682
vt 0.029713 0.567521
vt 0.219372 0.271602
vt 0.218609 0.257998
vt 0.229296 0.249918
vt 0.197498 0.627939
vt 0.187723 0.632245
vt 0.187723 0.616690
vt 0.262062 0.254317
vt 0.250057 0.256225
vt 0.253337 0.241250
vt 0.038255 0.813446
vt 0.830521 0.227937
vt 0.718157 0.439086
vt 0.708623 0.438027
vt 0.715821 0.426092
vt 0.726737 0.428639
vt 0.724994 0.415437
vt 0.719203 0.400957
vt 0.716862 0.386049
vt 0.730272 0.391593
vt 0.731192 0.404573
vt 0.708290 0.373361
vt 0.716393 0.371428
vt 0.838428 0.218955
vt 0.846338 0.210131
vt 0.793921 0.442070
vt 0.342994 0.121860
vt 0.860148 0.866672
vt 0.870459 0.906341
vt 0.858990 0.914243
vt 0.664878 0.884433
vt 0.677410 0.881624
vt 0.683579 0.891607
vt 0.417433 0.957572
vt 0.408242 0.951312
vt 0.696796 0.901373
vt 0.681644 0.906654
vt 0.686274 0.930098
vt 0.363396 0.108789
vt 0.759144 0.415402
vt 0.010129 0.593998
vt 0.633695 0.251419
vt 0.629024 0.239345
vt 0.639603 0.240787
vt 0.448801 0.461642
vt 0.430652 0.459432
vt 0.429555 0.445288
vt 0.454475 0.434828
vt 0.041047 0.559952
vt 0.242323 0.242545
vt 0.262903 0.239103
vt 0.036481 0.799238
vt 0.049701 0.818650
vt 0.709024 0.449163
vt 0.735717 0.418552
vt 0.729131 0.378382
vt 0.053029 0.831397
vt 0.867268 0.205464
vt 0.854617 0.200954
vt 0.880831 0.209304
vt 0.774479 0.434045
vt 0.358135 0.121578
vt 0.873575 0.871532
vt 0.325152 0.129812
vt 0.878157 0.883542
vt 0.338107 0.132637
vt 0.880851 0.897629
vt 0.402642 0.930658
vt 0.695350 0.917937
vt 0.427909 0.978801
vt 0.415106 0.980530
vt 0.423403 0.969311
vt 0.377773 0.094545
vt 0.374874 0.107753
vt 0.686719 0.942595
vt 0.762150 0.428827
vt 0.743399 0.396458
vt 0.753086 0.373990
vt 0.745276 0.408755
vt 0.524795 0.888677
vt 0.523650 0.873956
vt 0.536629 0.883964
vt 0.748679 0.361270
vt 0.620188 0.251038
vt 0.536629 0.865656
vt 0.430884 0.431757
vt 0.443239 0.426329
vt 0.029672 0.553356
vt 0.217662 0.244152
vt 0.226385 0.236469
vt 0.248303 0.228517
vt 0.258367 0.227437
vt 0.025307 0.792261
vt 0.046408 0.805234
vt 0.710101 0.461691
vt 0.699169 0.458428
vt 0.720937 0.452006
vt 0.729693 0.441991
vt 0.739259 0.432047
vt 0.742710 0.383328
vt 0.705204 0.363955
vt 0.715882 0.358523
vt 0.728528 0.366052
vt 0.836876 0.205166
vt 0.844766 0.196279
vt 0.777254 0.447633
vt 0.788759 0.452719
vt 0.351555 0.133518
vt 0.313550 0.130988
vt 0.882819 0.912242
vt 0.871204 0.920597
vt 0.409852 0.969243
vt 0.387500 0.106540
vt 0.699094 0.933472
vt 0.372631 0.120129
vt 0.748993 0.423451
vt 0.745607 0.332383
vt 0.757529 0.324017
vt 0.752568 0.338254
vt 0.632400 0.263712
vt 0.619231 0.237204
vt 0.525270 0.863414
vt 0.099135 0.471691
vt 0.110499 0.465476
vt 0.109291 0.478184
vt 0.099829 0.458245
vt 0.110231 0.452120
vt 0.454601 0.421600
vt 0.041219 0.546080
vt 0.235004 0.227669
vt 0.015433 0.784104
vt 0.024848 0.778309
vt 0.036424 0.784817
vt 0.046147 0.791120
vt 0.056997 0.810949
vt 0.698295 0.468637
vt 0.739651 0.369657
vt 0.701834 0.355298
vt 0.863625 0.191409
vt 0.877130 0.195766
vt 0.852393 0.186111
vt 0.764927 0.442245
vt 0.781314 0.461482
vt 0.365422 0.132492
vt 0.316321 0.144256
vt 0.885870 0.874893
vt 0.331434 0.145171
vt 0.888352 0.888490
vt 0.345205 0.146453
vt 0.892437 0.902843
vt 0.402642 0.983260
vt 0.840395 0.912897
vt 0.408330 0.920316
vt 0.660790 0.897438
vt 0.383743 0.119379
vt 0.502125 0.240826
vt 0.512164 0.230897
vt 0.512164 0.246940
vt 0.752594 0.436571
vt 0.744184 0.319068
vt 0.619231 0.264263
vt 0.737351 0.341891
vt 0.749341 0.347036
vt 0.754111 0.311579
vt 0.099135 0.445524
vt 0.432256 0.417082
vt 0.444534 0.413763
vt 0.031290 0.538985
vt 0.211933 0.231187
vt 0.220325 0.223704
vt 0.242647 0.216283
vt 0.496912 0.979985
vt 0.487177 0.983939
vt 0.487177 0.968489
vt 0.011399 0.771416
vt 0.689535 0.348030
vt 0.692734 0.358496
vt 0.679597 0.355169
vt 0.553984 0.800663
vt 0.556434 0.783866
vt 0.564936 0.792404
vt 0.722062 0.464814
vt 0.732855 0.455949
vt 0.742884 0.446124
vt 0.713801 0.346401
vt 0.726702 0.351212
vt 0.739670 0.356797
vt 0.835699 0.190858
vt 0.686690 0.489449
vt 0.675962 0.486920
vt 0.687744 0.477556
vt 0.768787 0.455929
vt 0.359661 0.145850
vt 0.884009 0.863947
vt 0.893487 0.914631
vt 0.882593 0.923616
vt 0.871967 0.928864
vt 0.862701 0.924491
vt 0.432329 0.972064
vt 0.709307 0.921113
vt 0.395884 0.119503
vt 0.698135 0.944114
vt 0.710688 0.935668
vt 0.380113 0.131919
vt 0.733513 0.328543
vt 0.631192 0.275365
vt 0.740630 0.307463
vt 0.731430 0.314026
vt 0.728675 0.300219
vt 0.109285 0.437491
vt 0.438394 0.415422
vt 0.454840 0.407573
vt 0.044266 0.536000
vt 0.230059 0.216786
vt 0.255288 0.215676
vt 0.267777 0.215716
vt 0.024135 0.764288
vt 0.036423 0.770950
vt 0.047251 0.777504
vt 0.676010 0.343195
vt 0.700951 0.341121
vt 0.697379 0.479521
vt 0.710011 0.472179
vt 0.564936 0.808052
vt 0.847308 0.183700
vt 0.872672 0.181979
vt 0.860283 0.177709
vt 0.676469 0.499491
vt 0.755973 0.450522
vt 0.724295 0.500730
vt 0.711383 0.504946
vt 0.712402 0.498540
vt 0.372272 0.144843
vt 0.326304 0.156033
vt 0.897362 0.868876
vt 0.632709 0.787589
vt 0.623280 0.779572
vt 0.632709 0.772729
vt 0.339503 0.158835
vt 0.899501 0.893568
vt 0.354175 0.159337
vt 0.903423 0.907314
vt 0.031886 0.141810
vt 0.021978 0.133612
vt 0.036288 0.130537
vt 0.667118 0.873282
vt 0.708597 0.905557
vt 0.651921 0.875749
vt 0.390945 0.132001
vt 0.598037 0.448789
vt 0.587897 0.456556
vt 0.587897 0.441132
vt 0.724329 0.336973
vt 0.719858 0.309069
vt 0.714240 0.301488
vt 0.719324 0.296078
vt 0.178963 0.454604
vt 0.171508 0.445938
vt 0.178963 0.438623
vt 0.709156 0.306899
vt 0.032954 0.526501
vt 0.045994 0.521233
vt 0.056510 0.530416
vt 0.221908 0.210034
vt 0.235208 0.205663
vt 0.249144 0.203666
vt 0.261675 0.203036
vt 0.011618 0.757360
vt 0.666942 0.352896
vt 0.688458 0.335061
vt 0.710483 0.485373
vt 0.722270 0.476688
vt 0.734001 0.468178
vt 0.745373 0.459551
vt 0.711864 0.331800
vt 0.697417 0.493140
vt 0.690060 0.502303
vt 0.758482 0.464446
vt 0.699322 0.507052
vt 0.373250 0.157540
vt 0.311857 0.155064
vt 0.895759 0.880175
vt 0.901555 0.917840
vt 0.893712 0.925007
vt 0.884154 0.931688
vt 0.026844 0.123641
vt 0.040924 0.119278
vt 0.049186 0.124357
vt 0.691234 0.881186
vt 0.701937 0.890889
vt 0.719604 0.908525
vt 0.721120 0.923513
vt 0.402033 0.133104
vt 0.404191 0.122392
vt 0.412068 0.135586
vt 0.386424 0.144604
vt 0.722592 0.322832
vt 0.022086 0.537187
vt 0.021952 0.526685
vt 0.710552 0.319436
vt 0.698800 0.318575
vt 0.060280 0.517329
vt 0.273432 0.203155
vt 0.024824 0.751170
vt 0.037246 0.757875
vt 0.049030 0.764549
vt 0.302857 0.280720
vt 0.304510 0.295831
vt 0.292363 0.288159
vt 0.679897 0.329710
vt 0.700383 0.328302
vt 0.868933 0.167787
vt 0.677739 0.511869
vt 0.770723 0.470537
vt 0.334198 0.169467
vt 0.105362 0.988580
vt 0.110260 0.972979
vt 0.118155 0.979605
vt 0.118902 0.991061
vt 0.909149 0.883931
vt 0.347945 0.170861
vt 0.910895 0.897753
vt 0.364126 0.169801
vt 0.966841 0.094338
vt 0.954744 0.093808
vt 0.957833 0.082469
vt 0.013015 0.124161
vt 0.054775 0.114219
vt 0.715099 0.893436
vt 0.685580 0.838615
vt 0.676211 0.833622
vt 0.687483 0.823836
vt 0.395941 0.145239
vt 0.406403 0.147154
vt 0.162861 0.616094
vt 0.171399 0.623810
vt 0.159884 0.624828
vt 0.023755 0.515043
vt 0.033572 0.513553
vt 0.053020 0.508790
vt 0.227797 0.197466
vt 0.241407 0.192733
vt 0.255367 0.190552
vt 0.267573 0.190118
vt 0.013516 0.742521
vt 0.058069 0.769340
vt 0.292643 0.272031
vt 0.304510 0.264490
vt 0.561237 0.984142
vt 0.551180 0.989062
vt 0.551180 0.974523
vt 0.690537 0.322410
vt 0.723643 0.489534
vt 0.735303 0.481121
vt 0.746862 0.473121
vt 0.666942 0.510168
vt 0.365631 0.982369
vt 0.357008 0.991880
vt 0.357008 0.976863
vt 0.759385 0.478787
vt 0.390549 0.157778
vt 0.118902 0.964467
vt 0.902168 0.872020
vt 0.963046 0.105844
vt 0.381350 0.170026
vt 0.944849 0.081912
vt 0.949098 0.072204
vt 0.959855 0.074169
vt 0.003150 0.120982
vt 0.005390 0.112978
vt 0.017453 0.114657
vt 0.030394 0.112282
vt 0.043416 0.106850
vt 0.055893 0.100068
vt 0.066911 0.106296
vt 0.067199 0.091356
vt 0.707279 0.806811
vt 0.691991 0.809970
vt 0.699172 0.799179
vt 0.701133 0.817400
vt 0.697131 0.829687
vt 0.691814 0.851812
vt 0.699329 0.844412
vt 0.174635 0.612400
vt 0.141307 0.116274
vt 0.141307 0.131021
vt 0.133054 0.125354
vt 0.183841 0.621290
vt 0.043186 0.505291
vt 0.063529 0.503643
vt 0.003519 0.747537
vt 0.038199 0.744508
vt 0.025769 0.737188
vt 0.050647 0.751165
vt 0.060040 0.756270
vt 0.167752 0.589147
vt 0.162743 0.576332
vt 0.172551 0.575941
vt 0.176487 0.600962
vt 0.164967 0.603196
vt 0.687714 0.510236
vt 0.904185 0.862932
vt 0.914858 0.873539
vt 0.968125 0.142459
vt 0.957107 0.151808
vt 0.954810 0.140697
vt 0.971004 0.117822
vt 0.958395 0.117829
vt 0.357614 0.180362
vt 0.949814 0.105395
vt 0.373138 0.181203
vt 0.940589 0.093657
vt 0.054124 0.085114
vt 0.064036 0.076738
vt 0.401470 0.158636
vt 0.700997 0.858248
vt 0.186026 0.612415
vt 0.027222 0.567181
vt 0.017142 0.565689
vt 0.027222 0.554361
vt 0.034646 0.499081
vt 0.054516 0.496929
vt 0.233170 0.185020
vt 0.247474 0.177980
vt 0.262676 0.177445
vt 0.002285 0.733572
vt 0.014071 0.728449
vt 0.169258 0.562944
vt 0.179851 0.589247
vt 0.736073 0.493269
vt 0.747906 0.485149
vt 0.395356 0.170696
vt 0.965656 0.131026
vt 0.943573 0.150813
vt 0.388012 0.182601
vt 0.931385 0.083735
vt 0.000787 0.100937
vt 0.010959 0.103348
vt 0.021228 0.105831
vt 0.031022 0.100004
vt 0.042868 0.093005
vt 0.715592 0.814781
vt 0.050101 0.071262
vt 0.710863 0.823839
vt 0.709346 0.837257
vt 0.413128 0.160721
vt 0.708141 0.850655
vt 0.023542 0.581495
vt 0.021940 0.505282
vt 0.044494 0.490723
vt 0.066052 0.489961
vt 0.274754 0.177524
vt 0.039104 0.730463
vt 0.051557 0.737080
vt 0.027209 0.723076
vt 0.062380 0.742771
vt 0.178847 0.563711
vt 0.184294 0.578234
vt 0.189233 0.601366
vt 0.951966 0.130658
vt 0.941363 0.140379
vt 0.943637 0.117064
vt 0.366781 0.190302
vt 0.935576 0.103313
vt 0.380931 0.192398
vt 0.925949 0.093804
vt 0.007738 0.091012
vt 0.040245 0.079401
vt 0.059886 0.063110
vt 0.408589 0.172059
vt 0.710500 0.864821
vt 0.198838 0.610737
vt 0.195835 0.622919
vt 0.026376 0.492934
vt 0.033882 0.483676
vt 0.056383 0.483722
vt 0.235861 0.172241
vt 0.257093 0.164843
vt 0.269741 0.164489
vt 0.002325 0.719050
vt 0.015356 0.714394
vt 0.177003 0.551078
vt 0.192358 0.592114
vt 0.059318 0.789461
vt 0.059318 0.807648
vt 0.050393 0.800912
vt 0.401830 0.184547
vt 0.930874 0.150933
vt 0.394208 0.196155
vt 0.004605 0.078488
vt 0.015515 0.081369
vt 0.018508 0.094567
vt 0.029173 0.086726
vt 0.725085 0.822796
vt 0.049514 0.056576
vt 0.038423 0.065547
vt 0.720483 0.830829
vt 0.052935 0.564175
vt 0.044544 0.554371
vt 0.055899 0.549307
vt 0.420062 0.174701
vt 0.717408 0.856708
vt 0.208547 0.618353
vt 0.046394 0.477589
vt 0.067962 0.476628
vt 0.245435 0.165444
vt 0.281227 0.164615
vt 0.051595 0.722786
vt 0.039893 0.716210
vt 0.063372 0.728632
vt 0.028361 0.708940
vt 0.186813 0.552765
vt 0.190661 0.566867
vt 0.232228 0.716921
vt 0.242561 0.708095
vt 0.242561 0.725691
vt 0.266956 0.733636
vt 0.257240 0.738929
vt 0.257240 0.722722
vt 0.936882 0.129356
vt 0.927848 0.139046
vt 0.929407 0.115487
vt 0.918829 0.159334
vt 0.918432 0.149702
vt 0.920729 0.103070
vt 0.387052 0.204870
vt 0.011789 0.066262
vt 0.026471 0.072907
vt 0.729690 0.814786
vt 0.044544 0.541133
vt 0.717532 0.842158
vt 0.415245 0.186901
vt 0.720973 0.872002
vt 0.000488 0.572772
vt 0.009062 0.577697
vt 0.000488 0.590950
vt 0.210768 0.608299
vt 0.020263 0.482820
vt 0.207854 0.183239
vt 0.208065 0.169661
vt 0.218068 0.175784
vt 0.058748 0.470247
vt 0.237756 0.159216
vt 0.249927 0.154384
vt 0.262467 0.151940
vt 0.273822 0.151507
vt 0.005202 0.704249
vt 0.071326 0.732730
vt 0.018378 0.700527
vt 0.197310 0.582065
vt 0.206769 0.594646
vt 0.286413 0.151049
vt 0.296171 0.157868
vt 0.286413 0.169123
vt 0.407768 0.200092
vt 0.375638 0.198735
vt 0.000787 0.066208
vt 0.399771 0.210767
vt 0.735186 0.829646
vt 0.036361 0.049899
vt 0.023839 0.057519
vt 0.054130 0.534805
vt 0.727676 0.847729
vt 0.426161 0.189636
vt 0.728595 0.863601
vt 0.008971 0.483175
vt 0.018536 0.493996
vt 0.025078 0.474243
vt 0.038516 0.471528
vt 0.217182 0.163503
vt 0.226595 0.166599
vt 0.284687 0.151666
vt 0.051772 0.708885
vt 0.063311 0.714468
vt 0.040357 0.702115
vt 0.072787 0.718913
vt 0.029501 0.694677
vt 0.198760 0.556054
vt 0.204382 0.570690
vt 0.212957 0.584008
vt 0.216225 0.603754
vt 0.202069 0.602616
vt 0.922837 0.126845
vt 0.917464 0.138492
vt 0.917111 0.113237
vt 0.380810 0.210944
vt 0.419478 0.815980
vt 0.428424 0.811856
vt 0.428424 0.827536
vt 0.392682 0.217285
vt 0.046727 0.039745
vt 0.059334 0.042656
vt 0.056198 0.028706
vt 0.730032 0.834673
vt 0.421649 0.202475
vt 0.730864 0.877613
vt 0.010856 0.472402
vt 0.031447 0.465103
vt 0.041595 0.459114
vt 0.049650 0.466592
vt 0.222139 0.159339
vt 0.071050 0.463813
vt 0.240958 0.146296
vt 0.253099 0.143806
vt 0.262108 0.138082
vt 0.276335 0.139177
vt 0.012123 0.691274
vt 0.196231 0.542873
vt 0.022500 0.686840
vt 0.222400 0.594008
vt 0.414198 0.214747
vt 0.909299 0.150117
vt 0.909299 0.099678
vt 0.001139 0.057230
vt 0.011224 0.051720
vt 0.188037 0.043414
vt 0.177126 0.038066
vt 0.184822 0.027356
vt 0.490861 0.805044
vt 0.480130 0.797277
vt 0.490861 0.788708
vt 0.043391 0.025858
vt 0.024369 0.045252
vt 0.740411 0.840283
vt 0.739436 0.854976
vt 0.431391 0.202897
vt 0.740439 0.871189
vt 0.018630 0.461661
vt 0.054412 0.452757
vt 0.057196 0.463689
vt 0.229271 0.153114
vt 0.000575 0.694460
vt 0.912260 0.981882
vt 0.908131 0.968747
vt 0.921632 0.971611
vt 0.062848 0.700740
vt 0.072019 0.704631
vt 0.918055 0.959043
vt 0.905231 0.955732
vt 0.208148 0.544882
vt 0.914754 0.947968
vt 0.902050 0.944170
vt 0.212965 0.558760
vt 0.220346 0.571869
vt 0.228918 0.582430
vt 0.005743 0.459419
vt 0.406175 0.222418
vt 0.722010 0.914156
vt 0.734774 0.915458
vt 0.726174 0.922425
vt 0.370603 0.204023
vt 0.374163 0.216132
vt 0.739629 0.927856
vt 0.753556 0.929120
vt 0.748884 0.940210
vt 0.385206 0.222677
vt 0.832147 0.147678
vt 0.832963 0.136841
vt 0.844790 0.144867
vt 0.196440 0.034275
vt 0.035927 0.036347
vt 0.051600 0.014312
vt 0.428223 0.214674
vt 0.740726 0.884750
vt 0.028764 0.452051
vt 0.040396 0.443243
vt 0.064710 0.457878
vt 0.231407 0.139678
vt 0.245479 0.135357
vt 0.265739 0.127062
vt 0.006647 0.681429
vt 0.015590 0.677522
vt 0.925770 0.984381
vt 0.206515 0.532605
vt 0.913487 0.936879
vt 0.003355 0.445830
vt 0.015819 0.448323
vt 0.420774 0.224281
vt 0.730337 0.906564
vt 0.747860 0.915992
vt 0.759393 0.942031
vt 0.198960 0.049543
vt 0.845505 0.130288
vt 0.195942 0.017894
vt 0.857169 0.139031
vt 0.856483 0.150918
vt 0.022744 0.032707
vt 0.030923 0.023041
vt 0.039000 0.012585
vt 0.752606 0.848218
vt 0.752353 0.863325
vt 0.753184 0.877534
vt 0.051698 0.442410
vt 0.068996 0.445053
vt 0.251034 0.125898
vt 0.278430 0.128608
vt 0.289256 0.129450
vt 0.284933 0.141039
vt 0.900243 0.931172
vt 0.930534 0.960961
vt 0.934400 0.973346
vt 0.070311 0.690867
vt 0.218386 0.533894
vt 0.925583 0.946668
vt 0.222490 0.546888
vt 0.228787 0.559695
vt 0.235891 0.570145
vt 0.015063 0.435123
vt 0.187731 0.011135
vt 0.741833 0.904436
vt 0.375418 0.228812
vt 0.761186 0.915783
vt 0.766660 0.929739
vt 0.388489 0.234216
vt 0.398008 0.227633
vt 0.835004 0.123765
vt 0.412207 0.231377
vt 0.402268 0.238158
vt 0.012875 0.041894
vt 0.043433 0.000814
vt 0.753497 0.886071
vt 0.024996 0.437490
vt 0.061195 0.438552
vt 0.049949 0.433204
vt 0.235790 0.127991
vt 0.256678 0.116342
vt 0.270190 0.117033
vt 0.282681 0.117503
vt 0.912170 0.923554
vt 0.939184 0.986661
vt 0.216282 0.522012
vt 0.924372 0.931047
vt 0.003380 0.432152
vt 0.212201 0.161241
vt 0.212201 0.147069
vt 0.224037 0.152183
vt 0.198960 0.001511
vt 0.365296 0.221054
vt 0.754948 0.901073
vt 0.773489 0.941525
vt 0.847101 0.116392
vt 0.858601 0.125313
vt 0.522190 0.991295
vt 0.512338 0.983757
vt 0.522190 0.974967
vt 0.870347 0.134719
vt 0.867598 0.148817
vt 0.880853 0.145885
vt 0.876864 0.159783
vt 0.889060 0.157982
vt 0.886722 0.170870
vt 0.031895 0.000501
vt 0.766895 0.857668
vt 0.764025 0.871707
vt 0.672561 0.500634
vt 0.661982 0.494256
vt 0.672561 0.486491
vt 0.036652 0.428838
vt 0.223157 0.133698
vt 0.242425 0.118731
vt 0.295093 0.117939
vt 0.942143 0.962916
vt 0.937848 0.951627
vt 0.947293 0.975068
vt 0.227384 0.522738
vt 0.231815 0.535626
vt 0.236005 0.548326
vt 0.935420 0.939371
vt 0.244553 0.559496
vt 0.012869 0.421347
vt 0.221456 0.136883
vt 0.352931 0.972304
vt 0.352931 0.955497
vt 0.362607 0.965876
vt 0.364450 0.234629
vt 0.377610 0.241521
vt 0.354284 0.227342
vt 0.774278 0.916397
vt 0.769163 0.902355
vt 0.780487 0.929837
vt 0.391665 0.246173
vt 0.837345 0.110514
vt 0.405391 0.248238
vt 0.416403 0.240693
vt 0.693095 0.039110
vt 0.682079 0.045277
vt 0.682079 0.031577
vt 0.766721 0.842945
vt 0.766137 0.881005
vt 0.025537 0.424830
vt 0.059321 0.425854
vt 0.046146 0.421444
vt 0.069929 0.431842
vt 0.066759 0.418632
vt 0.784242 0.490061
vt 0.774353 0.499708
vt 0.771456 0.485766
vt 0.262366 0.107910
vt 0.275813 0.105375
vt 0.288452 0.105626
vt 0.924383 0.916798
vt 0.953027 0.988187
vt 0.935510 0.925308
vt 0.000721 0.417236
vt 0.566959 0.807033
vt 0.566625 0.795681
vt 0.580555 0.799388
vt 0.355976 0.240221
vt 0.766211 0.890184
vt 0.787614 0.941594
vt 0.849802 0.103458
vt 0.860562 0.111521
vt 0.872089 0.120601
vt 0.566625 0.818435
vt 0.580252 0.812224
vt 0.884140 0.131087
vt 0.893081 0.143964
vt 0.893586 0.169486
vt 0.900043 0.156552
vt 0.776358 0.846642
vt 0.776906 0.872891
vt 0.032753 0.418769
vt 0.782326 0.477311
vt 0.771456 0.472865
vt 0.784307 0.502471
vt 0.298979 0.106714
vt 0.954184 0.964283
vt 0.948329 0.953875
vt 0.944607 0.944202
vt 0.960822 0.976285
vt 0.240276 0.524301
vt 0.246499 0.539579
vt 0.944702 0.933385
vt 0.247992 0.842242
vt 0.247627 0.860899
vt 0.235578 0.849394
vt 0.025694 0.411674
vt 0.366796 0.247395
vt 0.380718 0.253782
vt 0.757146 0.889328
vt 0.788321 0.917796
vt 0.782963 0.904085
vt 0.778903 0.891243
vt 0.794753 0.930387
vt 0.394855 0.256940
vt 0.840913 0.097869
vt 0.418751 0.245879
vt 0.408038 0.256009
vt 0.774723 0.831164
vt 0.781997 0.859259
vt 0.054723 0.413866
vt 0.039971 0.412706
vt 0.250018 0.110956
vt 0.252168 0.097192
vt 0.793166 0.481661
vt 0.267751 0.092659
vt 0.282344 0.093221
vt 0.293640 0.093873
vt 0.938232 0.911008
vt 0.966846 0.989107
vt 0.977068 0.614578
vt 0.967669 0.603274
vt 0.978990 0.598629
vt 0.947955 0.921042
vt 0.988043 0.576040
vt 0.991199 0.587912
vt 0.979470 0.581926
vt 0.016391 0.404707
vt 0.790229 0.870498
vt 0.348040 0.241385
vt 0.356401 0.251232
vt 0.778139 0.881357
vt 0.801779 0.940950
vt 0.853143 0.090747
vt 0.863419 0.098118
vt 0.874126 0.107200
vt 0.884915 0.116926
vt 0.804519 0.872060
vt 0.802969 0.863742
vt 0.895196 0.129285
vt 0.775659 0.818004
vt 0.787482 0.820428
vt 0.786583 0.836171
vt 0.788582 0.852149
vt 0.047218 0.390579
vt 0.063161 0.391485
vt 0.060693 0.405411
vt 0.049675 0.403204
vt 0.171938 0.288565
vt 0.183850 0.289044
vt 0.181995 0.299997
vt 0.959760 0.954638
vt 0.967620 0.965140
vt 0.953974 0.945544
vt 0.950711 0.938023
vt 0.976360 0.977468
vt 0.254218 0.525011
vt 0.258509 0.546772
vt 0.248596 0.551260
vt 0.969220 0.590171
vt 0.954821 0.929317
vt 0.023903 0.393782
vt 0.792436 0.860722
vt 0.369354 0.259461
vt 0.383850 0.265040
vt 0.346255 0.254907
vt 0.800080 0.919075
vt 0.795357 0.907907
vt 0.791218 0.896559
vt 0.788799 0.885868
vt 0.805459 0.929532
vt 0.398297 0.265977
vt 0.843468 0.084107
vt 0.816286 0.866680
vt 0.903448 0.140859
vt 0.036504 0.400628
vt 0.056250 0.382350
vt 0.253483 0.083191
vt 0.277857 0.080027
vt 0.290525 0.082393
vt 0.199254 0.300939
vt 0.953776 0.907641
vt 0.249290 0.513736
vt 0.259407 0.535802
vt 0.962858 0.059319
vt 0.958242 0.071626
vt 0.950304 0.060827
vt 0.956875 0.601543
vt 0.960928 0.918943
vt 0.969642 0.575858
vt 0.981245 0.567770
vt 0.257831 0.853951
vt 0.357411 0.263288
vt 0.786299 0.876041
vt 0.811598 0.938592
vt 0.411919 0.263970
vt 0.855948 0.077313
vt 0.866488 0.084858
vt 0.876930 0.093910
vt 0.886551 0.103569
vt 0.896897 0.115129
vt 0.801709 0.855026
vt 0.419636 0.253012
vt 0.424785 0.261528
vt 0.903759 0.126108
vt 0.800689 0.827804
vt 0.800498 0.842139
vt 0.041762 0.381271
vt 0.241598 0.087503
vt 0.266684 0.076030
vt 0.031594 0.387383
vt 0.195031 0.288610
vt 0.191958 0.312624
vt 0.964570 0.944273
vt 0.973508 0.953037
vt 0.983270 0.964831
vt 0.959564 0.936141
vt 0.263608 0.514612
vt 0.268964 0.525786
vt 0.584408 0.800576
vt 0.595769 0.798721
vt 0.586919 0.810932
vt 0.968920 0.075688
vt 0.952669 0.050489
vt 0.957478 0.592968
vt 0.964520 0.927246
vt 0.958078 0.584377
vt 0.989367 0.559490
vt 0.264914 0.841356
vt 0.371447 0.270731
vt 0.387399 0.275485
vt 0.345702 0.267623
vt 0.814473 0.924806
vt 0.809438 0.912125
vt 0.804570 0.900191
vt 0.801007 0.887806
vt 0.337396 0.270385
vt 0.338853 0.257706
vt 0.820755 0.936612
vt 0.403296 0.274287
vt 0.846274 0.070145
vt 0.814658 0.858806
vt 0.418591 0.273485
vt 0.803260 0.814502
vt 0.795858 0.808328
vt 0.286848 0.366394
vt 0.296297 0.373574
vt 0.286848 0.383990
vt 0.818256 0.973688
vt 0.828902 0.962966
vt 0.831875 0.975874
vt 0.819443 0.984417
vt 0.808864 0.980639
vt 0.253207 0.068789
vt 0.278853 0.065921
vt 0.288818 0.069188
vt 0.208023 0.289103
vt 0.204815 0.317278
vt 0.968777 0.907641
vt 0.258347 0.502799
vt 0.066571 0.746566
vt 0.077799 0.749108
vt 0.066571 0.761224
vt 0.595769 0.814551
vt 0.940112 0.054247
vt 0.974526 0.064537
vt 0.965897 0.046488
vt 0.947677 0.592843
vt 0.973756 0.920809
vt 0.958554 0.569575
vt 0.970763 0.562253
vt 0.249246 0.831583
vt 0.256809 0.817725
vt 0.259321 0.830072
vt 0.271078 0.850283
vt 0.358344 0.274009
vt 0.799424 0.876633
vt 0.346156 0.279127
vt 0.835036 0.077757
vt 0.859861 0.063871
vt 0.870282 0.072895
vt 0.881404 0.080868
vt 0.890655 0.091233
vt 0.899445 0.103109
vt 0.907191 0.115287
vt 0.813791 0.848171
vt 0.430268 0.273148
vt 0.807463 0.802798
vt 0.814477 0.821435
vt 0.814184 0.834797
vt 0.331348 0.718690
vt 0.321656 0.725982
vt 0.321656 0.709821
vt 0.842283 0.963376
vt 0.239355 0.076606
vt 0.265983 0.061364
vt 0.217802 0.297999
vt 0.212229 0.308723
vt 0.197570 0.326664
vt 0.969327 0.932912
vt 0.973042 0.940505
vt 0.988576 0.951616
vt 0.274150 0.505698
vt 0.277690 0.517033
vt 0.072024 0.734625
vt 0.447657 0.291395
vt 0.439355 0.277207
vt 0.453368 0.280028
vt 0.981249 0.053615
vt 0.245729 0.554489
vt 0.258616 0.554603
vt 0.245816 0.564272
vt 0.953620 0.037502
vt 0.014251 0.395327
vt 0.947677 0.577239
vt 0.982215 0.551816
vt 0.269590 0.821562
vt 0.271987 0.829444
vt 0.277687 0.837729
vt 0.055588 0.655430
vt 0.057398 0.636711
vt 0.066396 0.649659
vt 0.396312 0.282289
vt 0.066396 0.667517
vt 0.537014 0.915382
vt 0.523758 0.914460
vt 0.530394 0.903558
vt 0.535942 0.892464
vt 0.543420 0.904012
vt 0.548902 0.892493
vt 0.540168 0.881496
vt 0.552749 0.880886
vt 0.544415 0.870008
vt 0.548533 0.859186
vt 0.559240 0.869487
vt 0.335551 0.283825
vt 0.836388 0.063082
vt 0.410134 0.283741
vt 0.848917 0.056349
vt 0.829073 0.855015
vt 0.424803 0.283950
vt 0.816578 0.808937
vt 0.838025 0.950652
vt 0.844404 0.975743
vt 0.832962 0.988227
vt 0.238896 0.064355
vt 0.252397 0.056011
vt 0.277172 0.051181
vt 0.287864 0.055444
vt 0.298506 0.059366
vt 0.218530 0.320881
vt 0.210308 0.330734
vt 0.983107 0.908209
vt 0.980598 0.943139
vt 0.268565 0.492816
vt 0.284122 0.524778
vt 0.430390 0.268739
vt 0.437565 0.261617
vt 0.834607 0.929501
vt 0.852293 0.950312
vt 0.260377 0.564401
vt 0.967548 0.032779
vt 0.978608 0.931477
vt 0.948685 0.564537
vt 0.959724 0.557310
vt 0.970987 0.552115
vt 0.656338 0.459563
vt 0.666075 0.465166
vt 0.656338 0.472147
vt 0.284721 0.849778
vt 0.281284 0.861111
vt 0.373108 0.280435
vt 0.386193 0.286193
vt 0.360118 0.284376
vt 0.529543 0.926518
vt 0.561639 0.856518
vt 0.347967 0.290682
vt 0.862774 0.049024
vt 0.873990 0.059126
vt 0.884775 0.069005
vt 0.894634 0.079777
vt 0.902069 0.092233
vt 0.250360 0.768821
vt 0.251797 0.752120
vt 0.260328 0.761066
vt 0.828771 0.841608
vt 0.845045 0.860600
vt 0.836337 0.865342
vt 0.822407 0.799179
vt 0.826772 0.815844
vt 0.827072 0.828613
vt 0.855804 0.963675
vt 0.227304 0.069245
vt 0.264656 0.046695
vt 0.297222 0.046492
vt 0.225330 0.309952
vt 0.200259 0.339319
vt 0.985426 0.923788
vt 0.989594 0.937590
vt 0.283374 0.497168
vt 0.291842 0.506035
vt 0.818505 0.911134
vt 0.832012 0.911951
vt 0.822535 0.924058
vt 0.825930 0.937327
vt 0.453128 0.252883
vt 0.453368 0.266555
vt 0.268479 0.549763
vt 0.254327 0.577714
vt 0.955757 0.021747
vt 0.978342 0.043120
vt 0.266931 0.576864
vt 0.263101 0.587639
vt 0.240753 0.907519
vt 0.249310 0.897038
vt 0.251451 0.912867
vt 0.281916 0.826013
vt 0.231357 0.849702
vt 0.230696 0.835650
vt 0.240868 0.840143
vt 0.242446 0.988141
vt 0.242446 0.970755
vt 0.251208 0.976318
vt 0.374505 0.290782
vt 0.399444 0.291746
vt 0.544041 0.927642
vt 0.550865 0.915916
vt 0.557494 0.904028
vt 0.564168 0.891154
vt 0.562026 0.880286
vt 0.336819 0.296564
vt 0.836144 0.046879
vt 0.417267 0.294547
vt 0.849344 0.045861
vt 0.242949 0.761241
vt 0.845959 0.849002
vt 0.432304 0.290695
vt 0.515257 0.206725
vt 0.515257 0.191046
vt 0.524748 0.198063
vt 0.830334 0.805406
vt 0.857499 0.974902
vt 0.845454 0.987165
vt 0.227652 0.055791
vt 0.239656 0.049738
vt 0.251808 0.041593
vt 0.274363 0.036613
vt 0.285119 0.041373
vt 0.230381 0.299159
vt 0.232430 0.323425
vt 0.224089 0.334301
vt 0.213815 0.343464
vt 0.059249 0.000633
vt 0.059249 0.019440
vt 0.049964 0.008188
vt 0.276909 0.481660
vt 0.290117 0.522639
vt 0.273730 0.562874
vt 0.970203 0.017393
vt 0.980102 0.028741
vt 0.282064 0.552487
vt 0.285569 0.401328
vt 0.285612 0.387422
vt 0.295707 0.392844
vt 0.293876 0.409997
vt 0.306393 0.399272
vt 0.307749 0.413728
vt 0.231944 0.898904
vt 0.351388 0.063284
vt 0.341684 0.071752
vt 0.341684 0.053746
vt 0.287984 0.840540
vt 0.240868 0.826003
vt 0.296826 0.850306
vt 0.289943 0.862534
vt 0.387250 0.299385
vt 0.362545 0.295327
vt 0.535770 0.939624
vt 0.350993 0.300840
vt 0.853915 0.037667
vt 0.878079 0.046128
vt 0.888384 0.056461
vt 0.429424 0.174353
vt 0.419910 0.162650
vt 0.432136 0.159732
vt 0.419059 0.150176
vt 0.432136 0.147082
vt 0.239838 0.745137
vt 0.842394 0.835522
vt 0.281341 0.819339
vt 0.281341 0.805092
vt 0.292708 0.811587
vt 0.052138 0.795765
vt 0.050096 0.778855
vt 0.061803 0.783695
vt 0.244385 0.738737
vt 0.254603 0.736906
vt 0.838973 0.811944
vt 0.836771 0.822465
vt 0.303225 0.862021
vt 0.000488 0.673994
vt 0.005413 0.678403
vt 0.000488 0.685541
vt 0.429567 0.145387
vt 0.420677 0.138877
vt 0.434361 0.130424
vt 0.262842 0.032292
vt 0.293576 0.031524
vt 0.237386 0.313227
vt 0.293767 0.474038
vt 0.308138 0.471148
vt 0.303791 0.481692
vt 0.282960 0.470094
vt 0.290761 0.485339
vt 0.298129 0.492425
vt 0.304044 0.513897
vt 0.961886 0.009074
vt 0.296117 0.548035
vt 0.288451 0.561265
vt 0.297411 0.377505
vt 0.236992 0.887720
vt 0.039037 0.359251
vt 0.039037 0.340518
vt 0.048856 0.346551
vt 0.292429 0.829185
vt 0.299956 0.841478
vt 0.375736 0.302027
vt 0.401927 0.302487
vt 0.558671 0.927606
vt 0.552009 0.939333
vt 0.565104 0.915534
vt 0.572235 0.903793
vt 0.572617 0.879699
vt 0.340066 0.305974
vt 0.841612 0.037296
vt 0.868611 0.035145
vt 0.897698 0.068687
vt 0.331707 0.072278
vt 0.319946 0.081208
vt 0.321325 0.065681
vt 0.277511 0.821819
vt 0.266565 0.818619
vt 0.274087 0.808043
vt 0.292370 0.796092
vt 0.061803 0.768224
vt 0.415661 0.304200
vt 0.430508 0.300720
vt 0.246121 0.726915
vt 0.255545 0.722119
vt 0.309377 0.852681
vt 0.311614 0.861272
vt 0.000488 0.094921
vt 0.000488 0.083114
vt 0.005660 0.090421
vt 0.857499 0.986671
vt 0.425927 0.124291
vt 0.228449 0.041419
vt 0.239652 0.035379
vt 0.250831 0.027162
vt 0.271416 0.022182
vt 0.281524 0.026993
vt 0.243837 0.303631
vt 0.244775 0.326082
vt 0.238096 0.336676
vt 0.227746 0.345889
vt 0.316835 0.476019
vt 0.308939 0.501008
vt 0.307899 0.528614
vt 0.846178 0.917487
vt 0.282378 0.573282
vt 0.951253 0.010784
vt 0.974059 0.000791
vt 0.981249 0.010445
vt 0.302631 0.558328
vt 0.307671 0.383439
vt 0.284050 0.590444
vt 0.291393 0.580845
vt 0.298554 0.593626
vt 0.251000 0.883229
vt 0.039310 0.697504
vt 0.035530 0.684779
vt 0.050878 0.689817
vt 0.292839 0.817352
vt 0.382300 0.311330
vt 0.391381 0.311524
vt 0.364731 0.306446
vt 0.546732 0.949451
vt 0.580167 0.892211
vt 0.328500 0.303626
vt 0.352342 0.312451
vt 0.832147 0.032377
vt 0.011674 0.214764
vt 0.002709 0.211573
vt 0.015280 0.203863
vt 0.004100 0.198217
vt 0.016620 0.190835
vt 0.883160 0.034761
vt 0.893182 0.044031
vt 0.901979 0.056899
vt 0.909417 0.070207
vt 0.904717 0.081909
vt 0.332099 0.058786
vt 0.236565 0.735004
vt 0.258712 0.804914
vt 0.277511 0.796361
vt 0.264837 0.794578
vt 0.099985 0.092832
vt 0.088599 0.105183
vt 0.088599 0.088443
vt 0.012319 0.398241
vt 0.005666 0.414859
vt 0.000488 0.400720
vt 0.112308 0.498672
vt 0.124224 0.490703
vt 0.125584 0.502376
vt 0.236603 0.733742
vt 0.247556 0.713073
vt 0.115488 0.455734
vt 0.113016 0.446680
vt 0.123705 0.444361
vt 0.254128 0.815026
vt 0.215678 0.063923
vt 0.225160 0.056032
vt 0.225160 0.068503
vt 0.319818 0.852624
vt 0.323207 0.863937
vt 0.312449 0.861722
vt 0.412668 0.133021
vt 0.218488 0.045886
vt 0.260600 0.018248
vt 0.288877 0.017379
vt 0.249523 0.316387
vt 0.216585 0.352540
vt 0.204560 0.359691
vt 0.202864 0.348256
vt 0.190985 0.351774
vt 0.311191 0.484916
vt 0.317774 0.506658
vt 0.531682 0.250252
vt 0.531682 0.234939
vt 0.542913 0.240522
vt 0.160055 0.574746
vt 0.149433 0.567076
vt 0.160055 0.548321
vt 0.309609 0.534497
vt 0.308284 0.546171
vt 0.297301 0.570620
vt 0.307749 0.367589
vt 0.305457 0.581317
vt 0.238215 0.876081
vt 0.046645 0.679375
vt 0.749441 0.600220
vt 0.761588 0.600792
vt 0.754357 0.615709
vt 0.875650 0.026109
vt 0.889029 0.025842
vt 0.885669 0.034716
vt 0.311743 0.841952
vt 0.862436 0.606666
vt 0.873164 0.594915
vt 0.877123 0.602920
vt 0.884396 0.591475
vt 0.889087 0.602967
vt 0.402448 0.312773
vt 0.892417 0.592171
vt 0.899320 0.603207
vt 0.375006 0.316066
vt 0.565530 0.938561
vt 0.572173 0.926876
vt 0.559439 0.949205
vt 0.579117 0.915142
vt 0.586802 0.903599
vt 0.587536 0.880087
vt 0.327994 0.312138
vt 0.339077 0.318729
vt 0.000584 0.221562
vt 0.004010 0.184632
vt 0.016776 0.176533
vt 0.319946 0.050052
vt 0.339599 0.066039
vt 0.039887 0.375000
vt 0.039887 0.387131
vt 0.033884 0.383122
vt 0.269721 0.784837
vt 0.094000 0.078630
vt 0.138488 0.491653
vt 0.000488 0.387829
vt 0.414206 0.315105
vt 0.427938 0.307725
vt 0.922677 0.096128
vt 0.915084 0.085736
vt 0.927859 0.083627
vt 0.412150 0.859847
vt 0.418058 0.845358
vt 0.421698 0.857869
vt 0.260328 0.708380
vt 0.125670 0.459765
vt 0.335023 0.855745
vt 0.418083 0.117310
vt 0.218677 0.032080
vt 0.228449 0.027490
vt 0.239345 0.020518
vt 0.248661 0.012548
vt 0.268763 0.008442
vt 0.278501 0.012280
vt 0.256258 0.308067
vt 0.256191 0.327007
vt 0.250968 0.337920
vt 0.241552 0.347930
vt 0.230661 0.355351
vt 0.219587 0.364629
vt 0.322393 0.493600
vt 0.313642 0.521824
vt 0.323768 0.528264
vt 0.320500 0.542262
vt 0.316319 0.555922
vt 0.311367 0.568545
vt 0.312962 0.594299
vt 0.251451 0.872483
vt 0.033538 0.670605
vt 0.750639 0.587855
vt 0.764736 0.614533
vt 0.879360 0.018871
vt 0.898621 0.035633
vt 0.873116 0.616819
vt 0.886159 0.614447
vt 0.897062 0.614428
vt 0.364853 0.319561
vt 0.512091 0.161816
vt 0.502656 0.155690
vt 0.512807 0.148550
vt 0.594466 0.892013
vt 0.319034 0.306918
vt 0.351986 0.327841
vt 0.502980 0.142738
vt 0.491165 0.148786
vt 0.490535 0.135991
vt 0.004481 0.170412
vt 0.016475 0.161698
vt 0.028116 0.167431
vt 0.906694 0.046051
vt 0.914756 0.058293
vt 0.922710 0.070172
vt 0.137848 0.450526
vt 0.136160 0.464904
vt 0.145783 0.468006
vt 0.150540 0.456686
vt 0.134990 0.473035
vt 0.146135 0.479217
vt 0.148560 0.489351
vt 0.135756 0.482326
vt 0.138526 0.505288
vt 0.148261 0.495700
vt 0.115007 0.507079
vt 0.127990 0.513542
vt 0.431875 0.844989
vt 0.110986 0.436213
vt 0.122362 0.432083
vt 0.323320 0.842238
vt 0.336099 0.869271
vt 0.430678 0.109018
vt 0.258933 0.004620
vt 0.470379 0.017033
vt 0.460673 0.006409
vt 0.470379 0.000618
vt 0.287356 0.005826
vt 0.259895 0.317157
vt 0.324643 0.477063
vt 0.331752 0.501805
vt 0.327594 0.515202
vt 0.319784 0.580217
vt 0.328335 0.591629
vt 0.322796 0.601092
vt 0.044892 0.667543
vt 0.762505 0.588855
vt 0.775163 0.605178
vt 0.891966 0.012611
vt 0.902172 0.024221
vt 0.858358 0.622500
vt 0.401494 0.324046
vt 0.390823 0.321761
vt 0.374199 0.324631
vt 0.571856 0.949142
vt 0.578599 0.938100
vt 0.585592 0.926646
vt 0.501183 0.167941
vt 0.593151 0.914964
vt 0.600894 0.903150
vt 0.601784 0.880421
vt 0.595255 0.869732
vt 0.315876 0.316409
vt 0.325594 0.324890
vt 0.309033 0.307389
vt 0.336150 0.333537
vt 0.475622 0.144571
vt 0.462825 0.137777
vt 0.465178 0.122764
vt 0.476055 0.130403
vt 0.025368 0.151896
vt 0.156247 0.472699
vt 0.158255 0.485461
vt 0.160962 0.498258
vt 0.426353 0.315600
vt 0.412751 0.327014
vt 0.412150 0.833766
vt 0.424492 0.828839
vt 0.472036 0.016529
vt 0.472036 0.000627
vt 0.483066 0.008424
vt 0.136796 0.437555
vt 0.912383 0.035032
vt 0.334081 0.841016
vt 0.481347 0.155229
vt 0.423329 0.101841
vt 0.218512 0.019005
vt 0.228761 0.014266
vt 0.233627 0.003667
vt 0.620860 0.912163
vt 0.607018 0.914149
vt 0.614430 0.902351
vt 0.620902 0.892308
vt 0.608366 0.891810
vt 0.628514 0.881646
vt 0.615183 0.880547
vt 0.627510 0.869176
vt 0.619722 0.869058
vt 0.266836 0.311775
vt 0.265120 0.325106
vt 0.261265 0.337616
vt 0.254067 0.348774
vt 0.244134 0.358407
vt 0.234050 0.368384
vt 0.335685 0.487207
vt 0.336876 0.522111
vt 0.335296 0.537386
vt 0.330173 0.553540
vt 0.325413 0.566505
vt 0.337792 0.598151
vt 0.035559 0.655886
vt 0.058383 0.675299
vt 0.774318 0.592780
vt 0.263275 0.495214
vt 0.259410 0.481333
vt 0.269018 0.484825
vt 0.878606 0.006296
vt 0.884299 0.626908
vt 0.871417 0.631424
vt 0.851734 0.613168
vt 0.896082 0.625119
vt 0.388846 0.331634
vt 0.365130 0.329462
vt 0.511407 0.174750
vt 0.491189 0.161379
vt 0.608444 0.869340
vt 0.297081 0.313247
vt 0.300622 0.299195
vt 0.304006 0.320675
vt 0.347377 0.342892
vt 0.469852 0.159274
vt 0.460188 0.151583
vt 0.003725 0.155508
vt 0.452312 0.129309
vt 0.013459 0.146407
vt 0.920330 0.048300
vt 0.928632 0.056859
vt 0.150305 0.442236
vt 0.163172 0.461982
vt 0.151030 0.508829
vt 0.141751 0.518379
vt 0.013302 0.671066
vt 0.025833 0.665567
vt 0.027524 0.681674
vt 0.414833 0.818739
vt 0.107877 0.425640
vt 0.097961 0.411150
vt 0.107538 0.412067
vt 0.118872 0.419028
vt 0.411463 0.127982
vt 0.402332 0.117650
vt 0.411463 0.114045
vt 0.914863 0.024120
vt 0.923293 0.035633
vt 0.346464 0.847824
vt 0.349095 0.866372
vt 0.410594 0.108814
vt 0.434361 0.094780
vt 0.612896 0.925903
vt 0.275235 0.309124
vt 0.273621 0.322215
vt 0.339140 0.472874
vt 0.346058 0.497925
vt 0.341543 0.510126
vt 0.334415 0.577716
vt 0.343565 0.588318
vt 0.046572 0.654766
vt 0.539251 0.845595
vt 0.547850 0.854804
vt 0.539251 0.861119
vt 0.775163 0.582016
vt 0.314963 0.611547
vt 0.324596 0.614983
vt 0.317263 0.626513
vt 0.269018 0.471601
vt 0.893200 0.000507
vt 0.905607 0.012119
vt 0.858895 0.637371
vt 0.067950 0.908080
vt 0.061064 0.914377
vt 0.061064 0.902403
vt 0.905396 0.625966
vt 0.400196 0.336549
vt 0.361940 0.339120
vt 0.500197 0.180695
vt 0.584997 0.949066
vt 0.592151 0.938274
vt 0.599262 0.926588
vt 0.489560 0.173417
vt 0.287181 0.305493
vt 0.312751 0.329996
vt 0.322009 0.338916
vt 0.332684 0.347649
vt 0.453227 0.115523
vt 0.449992 0.143600
vt 0.021876 0.135819
vt 0.162955 0.448249
vt 0.167319 0.476915
vt 0.170726 0.491652
vt 0.133182 0.524621
vt 0.163430 0.512559
vt 0.015179 0.652717
vt 0.618384 0.376967
vt 0.609275 0.385695
vt 0.609275 0.370968
vt 0.147158 0.766008
vt 0.138161 0.772175
vt 0.138161 0.760602
vt 0.242525 0.827220
vt 0.250714 0.835949
vt 0.242525 0.842561
vt 0.128168 0.425789
vt 0.134146 0.435455
vt 0.397995 0.604008
vt 0.397995 0.588361
vt 0.406730 0.599853
vt 0.150011 0.428634
vt 0.323735 0.832549
vt 0.335862 0.829689
vt 0.339835 0.837314
vt 0.348288 0.859537
vt 0.828955 0.663888
vt 0.838824 0.669207
vt 0.829785 0.677985
vt 0.828955 0.691021
vt 0.839199 0.683556
vt 0.218907 0.007377
vt 0.284666 0.318884
vt 0.270018 0.335697
vt 0.265002 0.348421
vt 0.257317 0.360289
vt 0.248361 0.371678
vt 0.350186 0.483969
vt 0.349468 0.515359
vt 0.344514 0.525448
vt 0.344462 0.551268
vt 0.339464 0.564567
vt 0.352685 0.596319
vt 0.038637 0.642325
vt 0.056013 0.666361
vt 0.329747 0.605770
vt 0.341191 0.608862
vt 0.335903 0.617524
vt 0.330264 0.627036
vt 0.287416 0.140056
vt 0.296643 0.128253
vt 0.299559 0.143753
vt 0.288350 0.150010
vt 0.300642 0.156502
vt 0.882986 0.640110
vt 0.895309 0.636342
vt 0.870647 0.645435
vt 0.850727 0.630079
vt 0.850695 0.619953
vt 0.606316 0.802384
vt 0.608311 0.788504
vt 0.617772 0.796133
vt 0.027524 0.651729
vt 0.617633 0.782041
vt 0.606316 0.774504
vt 0.511516 0.188449
vt 0.479425 0.166956
vt 0.292334 0.327347
vt 0.300002 0.336048
vt 0.356694 0.352116
vt 0.343533 0.356767
vt 0.441421 0.121359
vt 0.000584 0.140452
vt 0.439995 0.135112
vt 0.009522 0.131467
vt 0.192546 0.404327
vt 0.193244 0.393289
vt 0.202032 0.402395
vt 0.161819 0.433759
vt 0.172743 0.451549
vt 0.173835 0.465205
vt 0.173898 0.503474
vt 0.154362 0.522457
vt 0.725092 0.271776
vt 0.711600 0.277405
vt 0.710904 0.264110
vt 0.860264 0.802867
vt 0.863701 0.814625
vt 0.842429 0.809279
vt 0.208514 0.393066
vt 0.208816 0.404327
vt 0.146509 0.752139
vt 0.116332 0.408321
vt 0.128014 0.414943
vt 0.139591 0.422192
vt 0.917518 0.012596
vt 0.924766 0.026619
vt 0.348165 0.835492
vt 0.358911 0.858174
vt 0.839162 0.655596
vt 0.208247 0.010848
vt 0.617773 0.938415
vt 0.605752 0.938547
vt 0.280369 0.332396
vt 0.157657 0.760611
vt 0.148832 0.764999
vt 0.148832 0.750471
vt 0.354106 0.470094
vt 0.360323 0.495628
vt 0.355375 0.506723
vt 0.190093 0.348678
vt 0.190093 0.332546
vt 0.199211 0.345310
vt 0.350371 0.537107
vt 0.348743 0.574679
vt 0.358085 0.584452
vt 0.050505 0.643053
vt 0.616561 0.431233
vt 0.616561 0.446513
vt 0.606776 0.440699
vt 0.348353 0.619364
vt 0.343160 0.627147
vt 0.296966 0.118630
vt 0.310913 0.123918
vt 0.310734 0.135966
vt 0.310913 0.150413
vt 0.906634 0.000489
vt 0.907507 0.633721
vt 0.859180 0.651511
vt 0.851252 0.644036
vt 0.017905 0.639018
vt 0.880244 0.848850
vt 0.891991 0.850888
vt 0.882192 0.859065
vt 0.500137 0.197344
vt 0.488978 0.186376
vt 0.599603 0.949451
vt 0.478060 0.179481
vt 0.308194 0.344642
vt 0.317879 0.351188
vt 0.330681 0.360116
vt 0.440794 0.108305
vt 0.447816 0.157320
vt 0.437755 0.148892
vt 0.648757 0.687821
vt 0.657231 0.696768
vt 0.646547 0.700683
vt 0.655493 0.711000
vt 0.619656 0.401903
vt 0.620092 0.386990
vt 0.629739 0.394836
vt 0.628423 0.409609
vt 0.178311 0.479069
vt 0.183376 0.492903
vt 0.144951 0.533247
vt 0.722915 0.289604
vt 0.176660 0.515089
vt 0.166927 0.526660
vt 0.876047 0.807520
vt 0.710904 0.297224
vt 0.219429 0.403078
vt 0.104767 0.403636
vt 0.113225 0.395505
vt 0.149434 0.416160
vt 0.161561 0.421001
vt 0.323579 0.823389
vt 0.336202 0.816991
vt 0.359684 0.844344
vt 0.371522 0.861304
vt 0.360803 0.867789
vt 0.849413 0.675833
vt 0.207854 0.000625
vt 0.613022 0.949172
vt 0.275932 0.346267
vt 0.270009 0.359702
vt 0.261570 0.371174
vt 0.364434 0.482292
vt 0.363098 0.514072
vt 0.356897 0.524089
vt 0.353875 0.562033
vt 0.359361 0.549603
vt 0.366251 0.592251
vt 0.046069 0.629843
vt 0.346805 0.603409
vt 0.359995 0.601662
vt 0.355072 0.611603
vt 0.339238 0.633611
vt 0.308430 0.114558
vt 0.296686 0.818548
vt 0.296690 0.807152
vt 0.310026 0.816008
vt 0.881498 0.654049
vt 0.894169 0.649217
vt 0.906209 0.644564
vt 0.869792 0.659573
vt 0.630235 0.788743
vt 0.879224 0.817910
vt 0.892313 0.843323
vt 0.512977 0.203581
vt 0.467683 0.172798
vt 0.287695 0.341949
vt 0.294950 0.351003
vt 0.351962 0.365738
vt 0.340651 0.370530
vt 0.457732 0.165261
vt 0.044478 0.371426
vt 0.057685 0.368254
vt 0.055764 0.379975
vt 0.068373 0.377220
vt 0.067227 0.387339
vt 0.621779 0.356169
vt 0.621779 0.371155
vt 0.610781 0.366084
vt 0.033233 0.363746
vt 0.046853 0.360153
vt 0.659843 0.686190
vt 0.178646 0.394175
vt 0.183848 0.398413
vt 0.200419 0.379783
vt 0.625800 0.383689
vt 0.641599 0.401989
vt 0.631011 0.424329
vt 0.641232 0.416308
vt 0.640656 0.430488
vt 0.630221 0.439356
vt 0.186142 0.504898
vt 0.159107 0.536284
vt 0.735919 0.284669
vt 0.873276 0.796176
vt 0.845849 0.799632
vt 0.858276 0.790306
vt 0.223021 0.390983
vt 0.125356 0.403184
vt 0.137972 0.408459
vt 0.168219 0.427717
vt 0.323506 0.808362
vt 0.348102 0.824519
vt 0.359885 0.831585
vt 0.372685 0.852688
vt 0.847093 0.659933
vt 0.847073 0.690536
vt 0.368852 0.471301
vt 0.374127 0.493159
vt 0.369924 0.503533
vt 0.365521 0.536296
vt 0.362234 0.570577
vt 0.371169 0.579123
vt 0.058383 0.632242
vt 0.369117 0.612844
vt 0.362796 0.620255
vt 0.800933 0.377554
vt 0.810376 0.372327
vt 0.812586 0.383383
vt 0.823331 0.387596
vt 0.822230 0.376421
vt 0.319181 0.990685
vt 0.307050 0.987615
vt 0.312290 0.978150
vt 0.312401 0.790757
vt 0.311005 0.802097
vt 0.299500 0.794794
vt 0.920158 0.643916
vt 0.850695 0.658267
vt 0.858268 0.665763
vt 0.901943 0.843012
vt 0.889841 0.813636
vt 0.879035 0.838844
vt 0.488362 0.198792
vt 0.503447 0.213953
vt 0.477966 0.192862
vt 0.466750 0.186170
vt 0.302910 0.358693
vt 0.318045 0.358324
vt 0.330225 0.374780
vt 0.121557 0.012935
vt 0.131138 0.007387
vt 0.131138 0.020039
vt 0.070459 0.354654
vt 0.080239 0.351252
vt 0.077708 0.364801
vt 0.436021 0.162429
vt 0.445973 0.170917
vt 0.832490 0.203059
vt 0.820972 0.202119
vt 0.827402 0.189752
vt 0.656937 0.675368
vt 0.667676 0.695171
vt 0.183864 0.380557
vt 0.663482 0.706113
vt 0.213089 0.380463
vt 0.631507 0.380388
vt 0.642621 0.388165
vt 0.639794 0.444639
vt 0.627393 0.454049
vt 0.632173 0.467978
vt 0.639646 0.458368
vt 0.152621 0.545889
vt 0.844703 0.784701
vt 0.833578 0.795888
vt 0.189884 0.516649
vt 0.180136 0.528493
vt 0.426491 0.910039
vt 0.426491 0.923623
vt 0.413658 0.915574
vt 0.888736 0.799582
vt 0.230518 0.400073
vt 0.122566 0.389080
vt 0.147993 0.403874
vt 0.158638 0.407970
vt 0.202551 0.190515
vt 0.193653 0.180301
vt 0.202551 0.174523
vt 0.319305 0.966106
vt 0.307050 0.965968
vt 0.310085 0.953680
vt 0.347634 0.810323
vt 0.371805 0.838683
vt 0.290760 0.986979
vt 0.301554 0.981961
vt 0.301554 0.991562
vt 0.507082 0.227664
vt 0.500436 0.240032
vt 0.493498 0.226690
vt 0.515265 0.217364
vt 0.282409 0.356359
vt 0.274649 0.368665
vt 0.378426 0.480636
vt 0.004650 0.273794
vt 0.000500 0.259863
vt 0.013693 0.260449
vt 0.371204 0.522892
vt 0.368679 0.560211
vt 0.374164 0.547657
vt 0.045246 0.616511
vt 0.056767 0.619351
vt 0.372324 0.598236
vt 0.798127 0.366833
vt 0.816303 0.374374
vt 0.270746 0.591766
vt 0.270346 0.579130
vt 0.280888 0.589693
vt 0.325508 0.978699
vt 0.892579 0.662544
vt 0.879698 0.668022
vt 0.908817 0.656518
vt 0.965132 0.297376
vt 0.957173 0.283350
vt 0.973187 0.286690
vt 0.361341 0.359608
vt 0.359178 0.374001
vt 0.868694 0.673285
vt 0.892635 0.835759
vt 0.887276 0.827979
vt 0.491176 0.210601
vt 0.456044 0.178718
vt 0.322185 0.364770
vt 0.287704 0.364294
vt 0.347898 0.379762
vt 0.601275 0.571329
vt 0.611298 0.564633
vt 0.611298 0.580045
vt 0.059468 0.356756
vt 0.068069 0.365806
vt 0.826050 0.215480
vt 0.814957 0.189285
vt 0.667139 0.673969
vt 0.672091 0.686069
vt 0.171708 0.382739
vt 0.676318 0.706597
vt 0.193963 0.366376
vt 0.205402 0.367395
vt 0.239338 0.107170
vt 0.239338 0.090986
vt 0.246094 0.100285
vt 0.654495 0.395322
vt 0.654129 0.409285
vt 0.653471 0.422976
vt 0.652137 0.436605
vt 0.200480 0.504559
vt 0.191726 0.492467
vt 0.166286 0.547043
vt 0.833386 0.779433
vt 0.168927 0.540874
vt 0.418363 0.900401
vt 0.885330 0.785236
vt 0.871174 0.782887
vt 0.857513 0.775185
vt 0.103547 0.384635
vt 0.111039 0.371512
vt 0.114020 0.385470
vt 0.120192 0.375374
vt 0.135295 0.396577
vt 0.168785 0.412960
vt 0.335399 0.804963
vt 0.360638 0.818804
vt 0.370550 0.825777
vt 0.384859 0.845344
vt 0.297233 0.971574
vt 0.489915 0.240906
vt 0.382310 0.471634
vt 0.387227 0.489745
vt 0.381633 0.497841
vt 0.010585 0.250645
vt 0.376833 0.508301
vt 0.380271 0.534511
vt 0.375685 0.566523
vt 0.052637 0.604576
vt 0.377104 0.585967
vt 0.384749 0.594886
vt 0.380167 0.606763
vt 0.785186 0.360657
vt 0.798246 0.352347
vt 0.809214 0.359611
vt 0.821948 0.364872
vt 0.280888 0.575453
vt 0.920276 0.652578
vt 0.974185 0.301467
vt 0.857098 0.680884
vt 0.005736 0.796344
vt 0.000488 0.806285
vt 0.000488 0.787955
vt 0.985785 0.295673
vt 0.985490 0.286291
vt 0.009685 0.758392
vt 0.000488 0.762329
vt 0.000488 0.746306
vt 0.007135 0.772741
vt 0.478993 0.206254
vt 0.466748 0.199921
vt 0.455177 0.192600
vt 0.310878 0.366903
vt 0.685393 0.459454
vt 0.685054 0.474008
vt 0.672584 0.472241
vt 0.336092 0.384346
vt 0.319450 0.378896
vt 0.120586 0.947246
vt 0.130433 0.954335
vt 0.120586 0.965632
vt 0.820996 0.177735
vt 0.434927 0.176170
vt 0.813479 0.214694
vt 0.444649 0.184630
vt 0.807662 0.201438
vt 0.662333 0.662922
vt 0.680791 0.697454
vt 0.666695 0.715386
vt 0.671145 0.727236
vt 0.658014 0.723344
vt 0.180358 0.370611
vt 0.333838 0.730378
vt 0.325396 0.739220
vt 0.325396 0.725311
vt 0.627176 0.369132
vt 0.636728 0.364986
vt 0.646413 0.373812
vt 0.656088 0.381400
vt 0.652381 0.451161
vt 0.203807 0.490832
vt 0.819533 0.787435
vt 0.846159 0.770502
vt 0.203522 0.517527
vt 0.191732 0.528684
vt 0.178753 0.540096
vt 0.804881 0.790513
vt 0.808034 0.780412
vt 0.899520 0.788279
vt 0.101208 0.375676
vt 0.167743 0.115197
vt 0.165744 0.098241
vt 0.175650 0.107294
vt 0.133316 0.381949
vt 0.146332 0.388336
vt 0.161494 0.394759
vt 0.170175 0.399804
vt 0.832490 0.368373
vt 0.831737 0.355451
vt 0.820062 0.352709
vt 0.824219 0.341207
vt 0.383306 0.831701
vt 0.388928 0.857964
vt 0.479584 0.245971
vt 0.480043 0.233854
vt 0.391483 0.479479
vt 0.001861 0.245781
vt 0.017534 0.248746
vt 0.386421 0.520719
vt 0.382478 0.554599
vt 0.281037 0.468406
vt 0.270056 0.458681
vt 0.281037 0.454414
vt 0.388832 0.546372
vt 0.384454 0.575522
vt 0.392244 0.586083
vt 0.788500 0.346726
vt 0.890745 0.676230
vt 0.904323 0.669598
vt 0.878291 0.680501
vt 0.954834 0.292197
vt 0.954834 0.308284
vt 0.972322 0.312674
vt 0.354607 0.388706
vt 0.864635 0.689895
vt 0.121987 0.930033
vt 0.121987 0.946129
vt 0.114345 0.938810
vt 0.999512 0.293410
vt 0.897296 0.811335
vt 0.480234 0.219609
vt 0.299518 0.708305
vt 0.292355 0.715034
vt 0.292355 0.700205
vt 0.694831 0.461235
vt 0.677177 0.457527
vt 0.342282 0.393502
vt 0.966541 0.901814
vt 0.951538 0.893453
vt 0.966480 0.890587
vt 0.171156 0.137902
vt 0.181540 0.147105
vt 0.171156 0.154412
vt 0.049097 0.351400
vt 0.059319 0.343736
vt 0.818707 0.228260
vt 0.803913 0.191168
vt 0.674819 0.662442
vt 0.679473 0.674832
vt 0.683403 0.687225
vt 0.684011 0.719587
vt 0.120117 0.976752
vt 0.127781 0.966630
vt 0.134280 0.979979
vt 0.079324 0.389507
vt 0.085965 0.382235
vt 0.087159 0.393724
vt 0.095518 0.386069
vt 0.089686 0.374701
vt 0.625668 0.355772
vt 0.666934 0.401972
vt 0.664800 0.389637
vt 0.666212 0.416152
vt 0.666481 0.428416
vt 0.664869 0.442479
vt 0.369617 0.091028
vt 0.376243 0.080706
vt 0.382034 0.093620
vt 0.216688 0.498521
vt 0.821377 0.773602
vt 0.834110 0.765226
vt 0.213676 0.509632
vt 0.188580 0.539317
vt 0.178493 0.549381
vt 0.530845 0.202670
vt 0.531693 0.194110
vt 0.540347 0.193778
vt 0.881567 0.770527
vt 0.896894 0.772567
vt 0.869590 0.766828
vt 0.859429 0.761755
vt 0.098869 0.366716
vt 0.175650 0.090417
vt 0.130670 0.367591
vt 0.165835 0.397282
vt 0.357426 0.805736
vt 0.369145 0.811384
vt 0.802324 0.331119
vt 0.803561 0.318951
vt 0.813181 0.331009
vt 0.396661 0.836626
vt 0.396695 0.851096
vt 0.469038 0.239791
vt 0.695496 0.476246
vt 0.400020 0.487292
vt 0.010780 0.236627
vt 0.000500 0.235393
vt 0.385027 0.499028
vt 0.391708 0.507619
vt 0.394955 0.532854
vt 0.609171 0.485164
vt 0.619427 0.476087
vt 0.619427 0.491335
vt 0.272466 0.442914
vt 0.391053 0.564948
vt 0.398862 0.575598
vt 0.768497 0.329558
vt 0.778759 0.324917
vt 0.780549 0.337828
vt 0.790876 0.333693
vt 0.800822 0.339734
vt 0.812859 0.341201
vt 0.155664 0.865672
vt 0.143679 0.859815
vt 0.155664 0.850565
vt 0.757829 0.117998
vt 0.749173 0.110013
vt 0.767068 0.109873
vt 0.145256 0.877035
vt 0.981706 0.309074
vt 0.879708 0.686611
vt 0.349251 0.403287
vt 0.361378 0.398430
vt 0.999019 0.279267
vt 0.994287 0.302690
vt 0.911621 0.802749
vt 0.467491 0.213551
vt 0.455411 0.206456
vt 0.443608 0.198963
vt 0.308799 0.610107
vt 0.301136 0.613730
vt 0.301072 0.602986
vt 0.391579 0.344589
vt 0.402570 0.350113
vt 0.394261 0.356701
vt 0.695496 0.445842
vt 0.687014 0.444167
vt 0.329609 0.397948
vt 0.954231 0.879409
vt 0.315714 0.402880
vt 0.323655 0.390466
vt 0.811368 0.179006
vt 0.434102 0.190375
vt 0.805614 0.227536
vt 0.800300 0.213414
vt 0.796246 0.201894
vt 0.670915 0.651195
vt 0.134390 0.955155
vt 0.141535 0.968357
vt 0.128846 0.985568
vt 0.123413 0.991156
vt 0.076488 0.380682
vt 0.639642 0.351049
vt 0.651440 0.360564
vt 0.660119 0.368708
vt 0.666673 0.376472
vt 0.663819 0.459036
vt 0.358399 0.081105
vt 0.384386 0.068813
vt 0.370139 0.068266
vt 0.847566 0.756937
vt 0.708949 0.398434
vt 0.696462 0.392899
vt 0.707593 0.382044
vt 0.203073 0.529809
vt 0.199225 0.485913
vt 0.207580 0.476722
vt 0.207580 0.490552
vt 0.536501 0.187192
vt 0.545627 0.185265
vt 0.232803 0.397591
vt 0.240801 0.403124
vt 0.232803 0.411099
vt 0.548161 0.208863
vt 0.524346 0.217339
vt 0.537562 0.220881
vt 0.906247 0.775439
vt 0.106862 0.356457
vt 0.117914 0.360920
vt 0.144483 0.373727
vt 0.157504 0.378455
vt 0.168713 0.382935
vt 0.620069 0.350902
vt 0.626212 0.343239
vt 0.791891 0.320711
vt 0.791494 0.307495
vt 0.469447 0.247578
vt 0.468148 0.226731
vt 0.002777 0.222347
vt 0.118563 0.555421
vt 0.108422 0.553307
vt 0.120758 0.544241
vt 0.401069 0.520157
vt 0.397425 0.555883
vt 0.403525 0.544301
vt 0.406798 0.586736
vt 0.765583 0.318628
vt 0.889999 0.688096
vt 0.902504 0.682286
vt 0.148539 0.843964
vt 0.745396 0.124847
vt 0.959314 0.322931
vt 0.984692 0.333778
vt 0.979512 0.321362
vt 0.994736 0.327441
vt 0.634750 0.946232
vt 0.621891 0.936897
vt 0.634897 0.934388
vt 0.870772 0.698696
vt 0.355487 0.413178
vt 0.909532 0.816102
vt 0.894629 0.824451
vt 0.905920 0.830570
vt 0.913515 0.789041
vt 0.312404 0.621869
vt 0.312404 0.597575
vt 0.402570 0.336940
vt 0.275142 0.948529
vt 0.274182 0.939149
vt 0.286271 0.940477
vt 0.336062 0.406870
vt 0.970987 0.880156
vt 0.941640 0.883135
vt 0.935246 0.891510
vt 0.323003 0.411109
vt 0.048765 0.341613
vt 0.052055 0.328105
vt 0.071053 0.341816
vt 0.810755 0.241392
vt 0.594553 0.483092
vt 0.600152 0.471595
vt 0.604157 0.485104
vt 0.682221 0.650986
vt 0.684011 0.663666
vt 0.126637 0.944043
vt 0.138832 0.943742
vt 0.148515 0.956930
vt 0.083211 0.372686
vt 0.151955 0.978280
vt 0.144830 0.989269
vt 0.677298 0.411339
vt 0.676901 0.397236
vt 0.340963 0.177958
vt 0.330521 0.182756
vt 0.330521 0.168929
vt 0.678953 0.424097
vt 0.680807 0.435090
vt 0.680448 0.445701
vt 0.367583 0.061757
vt 0.535133 0.159249
vt 0.544630 0.149579
vt 0.544630 0.165398
vt 0.513277 0.227647
vt 0.525976 0.230471
vt 0.834541 0.751781
vt 0.697037 0.378629
vt 0.513277 0.180969
vt 0.521490 0.165723
vt 0.526793 0.177710
vt 0.521360 0.190963
vt 0.195865 0.540773
vt 0.617489 0.406168
vt 0.607806 0.405401
vt 0.606321 0.390815
vt 0.537003 0.179165
vt 0.554372 0.196788
vt 0.529781 0.183277
vt 0.875863 0.755955
vt 0.891154 0.757366
vt 0.904053 0.760452
vt 0.865011 0.751659
vt 0.858244 0.746840
vt 0.157660 0.966277
vt 0.114690 0.345238
vt 0.128027 0.353083
vt 0.141734 0.359565
vt 0.615172 0.335956
vt 0.778072 0.313631
vt 0.407118 0.842545
vt 0.456601 0.232957
vt 0.274269 0.960438
vt 0.289132 0.950920
vt 0.110729 0.536554
vt 0.121031 0.527863
vt 0.408085 0.531750
vt 0.405365 0.563886
vt 0.413570 0.575952
vt 0.912094 0.679362
vt 0.970924 0.333210
vt 0.964740 0.321839
vt 0.734397 0.115968
vt 0.996187 0.340645
vt 0.689075 0.735058
vt 0.686778 0.717666
vt 0.699763 0.726685
vt 0.623563 0.952219
vt 0.993919 0.315181
vt 0.984950 0.321096
vt 0.368226 0.393983
vt 0.378644 0.402643
vt 0.368769 0.408367
vt 0.342594 0.416279
vt 0.921738 0.825115
vt 0.924196 0.812230
vt 0.924454 0.801806
vt 0.456123 0.219876
vt 0.443894 0.213176
vt 0.432911 0.205108
vt 0.292147 0.931996
vt 0.304050 0.933229
vt 0.299319 0.921469
vt 0.264667 0.936881
vt 0.264667 0.922511
vt 0.272545 0.927059
vt 0.970621 0.870252
vt 0.944633 0.870479
vt 0.082442 0.026430
vt 0.074619 0.016894
vt 0.086095 0.013136
vt 0.093497 0.020831
vt 0.095183 0.005970
vt 0.612051 0.472698
vt 0.061451 0.332561
vt 0.797865 0.241694
vt 0.791416 0.226581
vt 0.788678 0.212500
vt 0.589665 0.471679
vt 0.081653 0.340049
vt 0.129882 0.933370
vt 0.641728 0.336635
vt 0.654726 0.345681
vt 0.664771 0.355513
vt 0.671390 0.363822
vt 0.673783 0.384840
vt 0.429352 0.014773
vt 0.419449 0.007932
vt 0.429352 0.000629
vt 0.867717 0.350401
vt 0.875230 0.338130
vt 0.878510 0.352307
vt 0.245818 0.924392
vt 0.250706 0.934685
vt 0.237548 0.939419
vt 0.358399 0.065965
vt 0.017419 0.571725
vt 0.017419 0.587929
vt 0.011758 0.585786
vt 0.565063 0.036616
vt 0.571150 0.051915
vt 0.557488 0.049729
vt 0.549634 0.037987
vt 0.554260 0.028077
vt 0.685751 0.388291
vt 0.824668 0.761636
vt 0.847702 0.742604
vt 0.446548 0.542297
vt 0.446548 0.526269
vt 0.457175 0.535684
vt 0.529015 0.165339
vt 0.617489 0.388630
vt 0.548015 0.173578
vt 0.617001 0.611142
vt 0.623093 0.622119
vt 0.611478 0.622961
vt 0.536539 0.164956
vt 0.550789 0.220442
vt 0.609220 0.601144
vt 0.621710 0.599419
vt 0.538505 0.233213
vt 0.918936 0.776615
vt 0.190506 0.896769
vt 0.190506 0.880377
vt 0.200717 0.890270
vt 0.274235 0.543865
vt 0.264820 0.549233
vt 0.264820 0.533205
vt 0.163329 0.954596
vt 0.157512 0.364166
vt 0.162977 0.368293
vt 0.629273 0.328302
vt 0.777278 0.299238
vt 0.791780 0.295441
vt 0.457462 0.245023
vt 0.291109 0.965501
vt 0.108422 0.517850
vt 0.120451 0.513421
vt 0.411990 0.556082
vt 0.408092 0.840921
vt 0.396986 0.828615
vt 0.409839 0.827216
vt 0.417044 0.542897
vt 0.421319 0.586141
vt 0.763266 0.306786
vt 0.904245 0.694146
vt 0.728424 0.141939
vt 0.740154 0.135641
vt 0.739339 0.150933
vt 0.725644 0.155325
vt 0.735366 0.163045
vt 0.730444 0.130964
vt 0.739432 0.100825
vt 0.988949 0.347993
vt 0.468576 0.991968
vt 0.468576 0.976364
vt 0.479506 0.984982
vt 0.701883 0.742174
vt 0.977055 0.345524
vt 0.633210 0.961355
vt 0.999094 0.325091
vt 0.906326 0.841344
vt 0.920546 0.836304
vt 0.379178 0.416348
vt 0.366684 0.424052
vt 0.350573 0.428063
vt 0.926484 0.790286
vt 0.803840 0.255244
vt 0.305230 0.944056
vt 0.307737 0.916905
vt 0.328990 0.418550
vt 0.956615 0.865119
vt 0.070033 0.026886
vt 0.062489 0.016463
vt 0.102667 0.013728
vt 0.608739 0.458022
vt 0.485311 0.013490
vt 0.485311 0.000636
vt 0.494210 0.008765
vt 0.071444 0.330113
vt 0.584976 0.481475
vt 0.597239 0.462661
vt 0.120117 0.923337
vt 0.134893 0.921181
vt 0.142182 0.933480
vt 0.413510 0.884217
vt 0.430697 0.895208
vt 0.417957 0.898760
vt 0.287047 0.882456
vt 0.286757 0.872995
vt 0.300123 0.874787
vt 0.689304 0.419894
vt 0.686984 0.406680
vt 0.685409 0.393221
vt 0.274515 0.879035
vt 0.274474 0.889501
vt 0.871475 0.364623
vt 0.695246 0.437485
vt 0.858811 0.346883
vt 0.852143 0.352858
vt 0.851959 0.338083
vt 0.250706 0.948271
vt 0.297525 0.084207
vt 0.308691 0.093725
vt 0.297525 0.098760
vt 0.564252 0.061993
vt 0.543289 0.024586
vt 0.683167 0.374863
vt 0.824084 0.747230
vt 0.835366 0.737447
vt 0.708949 0.368729
vt 0.695046 0.363813
vt 0.524854 0.149688
vt 0.618332 0.633504
vt 0.604169 0.612714
vt 0.551409 0.231202
vt 0.614027 0.590526
vt 0.814978 0.757387
vt 0.871621 0.740579
vt 0.885633 0.743182
vt 0.898239 0.746139
vt 0.911474 0.763734
vt 0.202679 0.874621
vt 0.273602 0.527716
vt 0.854285 0.732642
vt 0.100254 0.348750
vt 0.103599 0.334926
vt 0.128996 0.341308
vt 0.141475 0.344074
vt 0.153128 0.352140
vt 0.611922 0.327912
vt 0.617597 0.314638
vt 0.623435 0.321470
vt 0.445678 0.255046
vt 0.445879 0.239874
vt 0.444785 0.226138
vt 0.302932 0.958306
vt 0.307737 0.973918
vt 0.644009 0.626549
vt 0.644009 0.639955
vt 0.634411 0.631693
vt 0.396986 0.815467
vt 0.418189 0.528776
vt 0.420037 0.564333
vt 0.428796 0.575829
vt 0.914452 0.686988
vt 0.721991 0.168404
vt 0.718701 0.119828
vt 0.723156 0.105950
vt 0.686778 0.742291
vt 0.709934 0.719713
vt 0.696262 0.714501
vt 0.714563 0.736319
vt 0.964740 0.346022
vt 0.645122 0.955343
vt 0.624116 0.967256
vt 0.654666 0.945032
vt 0.643824 0.944214
vt 0.917960 0.845987
vt 0.388618 0.411418
vt 0.336095 0.429163
vt 0.933656 0.836032
vt 0.931564 0.827499
vt 0.717382 0.131511
vt 0.705419 0.131575
vt 0.710297 0.118271
vt 0.937676 0.801897
vt 0.432911 0.219229
vt 0.790631 0.255728
vt 0.685961 0.153018
vt 0.676452 0.145800
vt 0.688742 0.137980
vt 0.679607 0.129706
vt 0.105967 0.000637
vt 0.968091 0.861293
vt 0.931370 0.858279
vt 0.933991 0.875223
vt 0.944617 0.856951
vt 0.078758 0.038693
vt 0.092827 0.035483
vt 0.105967 0.028742
vt 0.621347 0.458824
vt 0.049874 0.313975
vt 0.060758 0.322532
vt 0.785025 0.243360
vt 0.778724 0.221407
vt 0.578213 0.470463
vt 0.585979 0.461197
vt 0.083660 0.325912
vt 0.095995 0.336264
vt 0.413745 0.875372
vt 0.430522 0.882074
vt 0.643807 0.323259
vt 0.657746 0.329842
vt 0.665938 0.340928
vt 0.312796 0.867502
vt 0.313336 0.879546
vt 0.300378 0.886365
vt 0.885068 0.365499
vt 0.253453 0.869051
vt 0.265167 0.867502
vt 0.264332 0.879641
vt 0.681818 0.380753
vt 0.287341 0.894623
vt 0.857928 0.361856
vt 0.843068 0.347673
vt 0.840206 0.337187
vt 0.848117 0.326146
vt 0.835194 0.324534
vt 0.306485 0.109140
vt 0.548891 0.061403
vt 0.542710 0.049133
vt 0.536558 0.036178
vt 0.550498 0.013570
vt 0.845073 0.727325
vt 0.524521 0.137205
vt 0.537102 0.140366
vt 0.537645 0.151940
vt 0.061388 0.407503
vt 0.069228 0.400116
vt 0.069228 0.416377
vt 0.626517 0.642970
vt 0.614079 0.645996
vt 0.606437 0.635439
vt 0.599031 0.624805
vt 0.601226 0.592096
vt 0.606853 0.581587
vt 0.596390 0.603335
vt 0.551433 0.242127
vt 0.813292 0.743213
vt 0.863703 0.736848
vt 0.196166 0.864821
vt 0.930726 0.778120
vt 0.926750 0.763173
vt 0.211828 0.884329
vt 0.118256 0.331888
vt 0.625010 0.302958
vt 0.632475 0.314467
vt 0.762377 0.293163
vt 0.434064 0.247468
vt 0.539111 0.513465
vt 0.529152 0.521237
vt 0.529152 0.502155
vt 0.538583 0.495627
vt 0.426361 0.554227
vt 0.409040 0.814110
vt 0.429251 0.539801
vt 0.750299 0.297860
vt 0.716259 0.144900
vt 0.711387 0.157304
vt 0.729117 0.092396
vt 0.979425 0.356574
vt 0.695271 0.751449
vt 0.466955 0.956187
vt 0.464626 0.942033
vt 0.475063 0.946163
vt 0.984615 0.442197
vt 0.985478 0.429740
vt 0.995737 0.440402
vt 0.970494 0.357665
vt 0.646497 0.966596
vt 0.633954 0.974420
vt 0.658124 0.957024
vt 0.931772 0.845251
vt 0.741884 0.094289
vt 0.732503 0.083021
vt 0.382559 0.428213
vt 0.359945 0.439838
vt 0.344038 0.441387
vt 0.706023 0.143487
vt 0.934025 0.814083
vt 0.712788 0.105916
vt 0.797208 0.268911
vt 0.698991 0.142767
vt 0.700178 0.151881
vt 0.690804 0.165477
vt 0.322426 0.430034
vt 0.315047 0.418280
vt 0.955174 0.852939
vt 0.923169 0.867256
vt 0.923152 0.881640
vt 0.307715 0.429285
vt 0.301597 0.413799
vt 0.597409 0.454770
vt 0.618867 0.447465
vt 0.062024 0.309168
vt 0.072629 0.317568
vt 0.779836 0.232668
vt 0.573455 0.479740
vt 0.093579 0.321148
vt 0.414632 0.861089
vt 0.426378 0.867297
vt 0.565769 0.507663
vt 0.579694 0.499444
vt 0.580244 0.511512
vt 0.326024 0.875235
vt 0.698535 0.414181
vt 0.877718 0.378206
vt 0.253752 0.881000
vt 0.263530 0.891801
vt 0.274059 0.901667
vt 0.860544 0.374292
vt 0.845485 0.358818
vt 0.826998 0.335950
vt 0.792324 0.609079
vt 0.786649 0.594812
vt 0.796742 0.597268
vt 0.556912 0.070834
vt 0.530437 0.024085
vt 0.536487 0.013247
vt 0.554504 0.000628
vt 0.540774 0.001011
vt 0.823676 0.732788
vt 0.833888 0.722971
vt 0.622396 0.680719
vt 0.609822 0.686099
vt 0.616955 0.669328
vt 0.622252 0.655361
vt 0.591714 0.614803
vt 0.593283 0.582184
vt 0.598245 0.571847
vt 0.282266 0.397047
vt 0.282266 0.412063
vt 0.270999 0.406123
vt 0.237157 0.853370
vt 0.245479 0.862570
vt 0.237157 0.869257
vt 0.880124 0.729893
vt 0.891717 0.732999
vt 0.907869 0.749490
vt 0.903689 0.735318
vt 0.935701 0.791673
vt 0.915878 0.752659
vt 0.211565 0.868568
vt 0.323470 0.797876
vt 0.314795 0.790817
vt 0.322661 0.783425
vt 0.852826 0.717632
vt 0.111219 0.322888
vt 0.131047 0.329032
vt 0.154690 0.337031
vt 0.634462 0.301267
vt 0.776165 0.287669
vt 0.433983 0.233396
vt 0.703544 0.163068
vt 0.421326 0.515598
vt 0.431419 0.526123
vt 0.434393 0.563333
vt 0.753025 0.282885
vt 0.707004 0.168357
vt 0.713613 0.094787
vt 0.725150 0.186717
vt 0.716563 0.178687
vt 0.729556 0.173770
vt 0.733709 0.179212
vt 0.733789 0.194241
vt 0.971633 0.434338
vt 0.455729 0.927711
vt 0.452089 0.939245
vt 0.456137 0.951839
vt 0.992803 0.455384
vt 0.621891 0.981084
vt 0.702502 0.179017
vt 0.693070 0.175110
vt 0.700989 0.166106
vt 0.928707 0.854543
vt 0.718166 0.083357
vt 0.392267 0.421860
vt 0.374619 0.438903
vt 0.328878 0.441430
vt 0.784402 0.267568
vt 0.778055 0.257323
vt 0.703544 0.133711
vt 0.932660 0.848056
vt 0.914804 0.855291
vt 0.945949 0.840769
vt 0.372098 0.824123
vt 0.372098 0.807519
vt 0.381505 0.817571
vt 0.088014 0.047875
vt 0.100494 0.041562
vt 0.294859 0.428471
vt 0.608519 0.447223
vt 0.041713 0.315270
vt 0.028410 0.306677
vt 0.038503 0.304614
vt 0.050143 0.300874
vt 0.771322 0.245150
vt 0.767375 0.230859
vt 0.566012 0.467697
vt 0.574905 0.459851
vt 0.686725 0.547086
vt 0.686956 0.532272
vt 0.694431 0.540520
vt 0.083044 0.313169
vt 0.430697 0.859344
vt 0.555125 0.494261
vt 0.567344 0.493731
vt 0.655723 0.317658
vt 0.644200 0.310427
vt 0.672032 0.330253
vt 0.326615 0.886665
vt 0.313939 0.892815
vt 0.301177 0.898257
vt 0.893417 0.378164
vt 0.694642 0.401761
vt 0.288931 0.911066
vt 0.847455 0.371852
vt 0.660383 0.771241
vt 0.650304 0.780185
vt 0.650304 0.765855
vt 0.793298 0.558352
vt 0.783143 0.568922
vt 0.780727 0.555356
vt 0.832134 0.347755
vt 0.794758 0.583462
vt 0.671905 0.122219
vt 0.671905 0.136449
vt 0.661731 0.129180
vt 0.543400 0.067658
vt 0.533553 0.061024
vt 0.528839 0.047329
vt 0.523298 0.034675
vt 0.842601 0.712310
vt 0.602845 0.671874
vt 0.608999 0.658522
vt 0.601565 0.647931
vt 0.593926 0.637001
vt 0.586484 0.626262
vt 0.586768 0.594395
vt 0.584599 0.606187
vt 0.585847 0.571032
vt 0.098894 0.592101
vt 0.098894 0.573624
vt 0.108799 0.582711
vt 0.816010 0.726238
vt 0.321266 0.699238
vt 0.321266 0.684081
vt 0.329609 0.691108
vt 0.868199 0.726695
vt 0.914627 0.737954
vt 0.703803 0.082775
vt 0.702132 0.067864
vt 0.712635 0.070278
vt 0.923825 0.740888
vt 0.311495 0.776640
vt 0.122044 0.321817
vt 0.144596 0.326535
vt 0.627748 0.288590
vt 0.764539 0.277651
vt 0.774022 0.272523
vt 0.787921 0.280670
vt 0.427538 0.503571
vt 0.434887 0.513030
vt 0.438903 0.550220
vt 0.441372 0.536212
vt 0.742409 0.287713
vt 0.711786 0.190624
vt 0.721041 0.200204
vt 0.970514 0.448465
vt 0.441041 0.934755
vt 0.561887 0.253425
vt 0.551699 0.243971
vt 0.561887 0.237449
vt 0.981007 0.455883
vt 0.658135 0.970623
vt 0.649339 0.979285
vt 0.006726 0.051571
vt 0.000488 0.055625
vt 0.000488 0.042027
vt 0.696769 0.190195
vt 0.723642 0.071534
vt 0.397269 0.431885
vt 0.388663 0.441993
vt 0.368138 0.453537
vt 0.352846 0.454310
vt 0.335524 0.453464
vt 0.955962 0.840943
vt 0.964146 0.851303
vt 0.431826 0.492858
vt 0.439146 0.501418
vt 0.315362 0.441908
vt 0.168109 0.989401
vt 0.155581 0.974535
vt 0.168109 0.975795
vt 0.898878 0.179046
vt 0.895709 0.170538
vt 0.910007 0.172010
vt 0.152820 0.985786
vt 0.910589 0.183202
vt 0.918544 0.187733
vt 0.920043 0.172427
vt 0.077775 0.054637
vt 0.287088 0.415066
vt 0.300770 0.442664
vt 0.674914 0.539486
vt 0.678529 0.525280
vt 0.026640 0.296497
vt 0.039606 0.291713
vt 0.062813 0.295904
vt 0.071981 0.305125
vt 0.560260 0.478639
vt 0.694431 0.554830
vt 0.095481 0.307163
vt 0.105094 0.314740
vt 0.100394 0.327389
vt 0.494166 0.834898
vt 0.492952 0.822462
vt 0.505963 0.828508
vt 0.580244 0.483695
vt 0.669754 0.319996
vt 0.537594 0.846069
vt 0.537594 0.862965
vt 0.526479 0.854558
vt 0.337014 0.877241
vt 0.890108 0.388540
vt 0.707041 0.405127
vt 0.386880 0.336027
vt 0.375444 0.325842
vt 0.386880 0.317413
vt 0.253891 0.893394
vt 0.261885 0.905746
vt 0.274782 0.914351
vt 0.849415 0.382808
vt 0.792251 0.543403
vt 0.780885 0.541148
vt 0.434055 0.282431
vt 0.444153 0.291792
vt 0.434055 0.297564
vt 0.806038 0.575202
vt 0.793958 0.571415
vt 0.806544 0.587389
vt 0.807045 0.601997
vt 0.797760 0.611811
vt 0.549729 0.078326
vt 0.518103 0.024595
vt 0.523685 0.014553
vt 0.527579 0.004826
vt 0.823724 0.718468
vt 0.829311 0.710056
vt 0.596268 0.684243
vt 0.579631 0.616115
vt 0.579875 0.582843
vt 0.592565 0.559660
vt 0.561268 0.973969
vt 0.573290 0.978537
vt 0.568476 0.990054
vt 0.581141 0.983830
vt 0.329067 0.789947
vt 0.329591 0.777593
vt 0.872975 0.718421
vt 0.885855 0.719800
vt 0.895911 0.723123
vt 0.907800 0.724673
vt 0.926546 0.755779
vt 0.026309 0.917172
vt 0.017009 0.909469
vt 0.026309 0.900824
vt 0.325525 0.769112
vt 0.303458 0.768186
vt 0.314909 0.761743
vt 0.122146 0.311761
vt 0.562193 0.079070
vt 0.562193 0.067196
vt 0.573757 0.071636
vt 0.570635 0.056702
vt 0.389355 0.409701
vt 0.378618 0.400432
vt 0.389355 0.392713
vt 0.633751 0.288117
vt 0.418802 0.425726
vt 0.419551 0.439095
vt 0.409446 0.429129
vt 0.445562 0.523577
vt 0.746728 0.273785
vt 0.758381 0.268314
vt 0.958713 0.443042
vt 0.441041 0.949045
vt 0.463643 0.966478
vt 0.448423 0.962051
vt 0.984042 0.466075
vt 0.071679 0.490536
vt 0.071679 0.469503
vt 0.081326 0.474211
vt 0.638365 0.988383
vt 0.468339 0.972770
vt 0.456333 0.973020
vt 0.624651 0.982254
vt 0.735069 0.072737
vt 0.381357 0.453719
vt 0.321865 0.453536
vt 0.767252 0.262038
vt 0.967068 0.837490
vt 0.163235 0.962463
vt 0.216614 0.874703
vt 0.230628 0.883450
vt 0.219228 0.889211
vt 0.513162 0.146217
vt 0.522669 0.135051
vt 0.522669 0.150290
vt 0.239875 0.282984
vt 0.230569 0.294814
vt 0.231301 0.277231
vt 0.959802 0.829255
vt 0.901056 0.191672
vt 0.911865 0.196936
vt 0.083995 0.062204
vt 0.094854 0.054515
vt 0.279989 0.428347
vt 0.286197 0.442053
vt 0.663886 0.531099
vt 0.013004 0.303621
vt 0.051940 0.287366
vt 0.759099 0.239409
vt 0.554453 0.464024
vt 0.562455 0.456374
vt 0.574296 0.450369
vt 0.586150 0.452684
vt 0.675549 0.554457
vt 0.084517 0.299499
vt 0.505963 0.815864
vt 0.107643 0.318319
vt 0.113126 0.305164
vt 0.419551 0.411159
vt 0.408061 0.413780
vt 0.666720 0.313355
vt 0.682977 0.320888
vt 0.335847 0.887204
vt 0.565607 0.699994
vt 0.555490 0.693723
vt 0.565607 0.684244
vt 0.318920 0.909056
vt 0.303280 0.912839
vt 0.709636 0.415385
vt 0.911263 0.386852
vt 0.898644 0.388840
vt 0.902612 0.377315
vt 0.877198 0.389197
vt 0.862939 0.385239
vt 0.276913 0.927061
vt 0.777025 0.526620
vt 0.789496 0.528338
vt 0.805217 0.562414
vt 0.804315 0.548112
vt 0.807567 0.616140
vt 0.538016 0.074100
vt 0.520031 0.058497
vt 0.515433 0.044774
vt 0.508846 0.030198
vt 0.833908 0.700461
vt 0.589435 0.671827
vt 0.596329 0.660482
vt 0.588663 0.649097
vt 0.580997 0.637926
vt 0.573481 0.626826
vt 0.573322 0.593336
vt 0.577697 0.600971
vt 0.575293 0.608152
vt 0.572769 0.572134
vt 0.578965 0.559742
vt 0.568961 0.964953
vt 0.306204 0.775377
vt 0.306204 0.789397
vt 0.298286 0.783401
vt 0.816185 0.712404
vt 0.860474 0.716687
vt 0.918999 0.726747
vt 0.937676 0.744667
vt 0.930289 0.729400
vt 0.307291 0.753519
vt 0.133107 0.318609
vt 0.145410 0.314403
vt 0.379720 0.384240
vt 0.159252 0.334155
vt 0.154031 0.324049
vt 0.645392 0.888907
vt 0.655392 0.880892
vt 0.655392 0.895236
vt 0.068577 0.816905
vt 0.056967 0.825539
vt 0.060240 0.811239
vt 0.446477 0.510483
vt 0.728397 0.269123
vt 0.739464 0.264679
vt 0.734342 0.278144
vt 0.720348 0.260111
vt 0.730685 0.255562
vt 0.066918 0.831073
vt 0.706447 0.199893
vt 0.959376 0.456585
vt 0.969752 0.463202
vt 0.995737 0.468210
vt 0.772282 0.970557
vt 0.761294 0.976455
vt 0.766196 0.961704
vt 0.000488 0.921784
vt 0.005041 0.928562
vt 0.000488 0.939795
vt 0.648364 0.989874
vt 0.462714 0.984182
vt 0.935682 0.758712
vt 0.727184 0.058942
vt 0.402631 0.441904
vt 0.393313 0.451912
vt 0.375451 0.467721
vt 0.361949 0.468822
vt 0.345092 0.467133
vt 0.325225 0.465504
vt 0.758686 0.252943
vt 0.307219 0.454561
vt 0.219876 0.856113
vt 0.224230 0.869166
vt 0.210053 0.865745
vt 0.356974 0.220744
vt 0.351561 0.206051
vt 0.364785 0.206597
vt 0.239875 0.300476
vt 0.888585 0.186010
vt 0.887151 0.173165
vt 0.205177 0.853580
vt 0.395349 0.501348
vt 0.411776 0.497359
vt 0.411214 0.510192
vt 0.919648 0.204057
vt 0.073790 0.070955
vt 0.272648 0.415326
vt 0.292666 0.452701
vt 0.661341 0.546806
vt 0.014695 0.288070
vt 0.029070 0.283451
vt 0.042361 0.278535
vt 0.064877 0.282656
vt 0.073778 0.291038
vt 0.548001 0.486717
vt 0.548260 0.471742
vt 0.688231 0.561415
vt 0.097105 0.294776
vt 0.107823 0.301670
vt 0.493618 0.809513
vt 0.128146 0.295456
vt 0.651815 0.307696
vt 0.678759 0.306469
vt 0.295563 0.543251
vt 0.295563 0.527110
vt 0.304433 0.533567
vt 0.326558 0.897216
vt 0.293679 0.926698
vt 0.197945 0.029032
vt 0.205000 0.022304
vt 0.211604 0.032354
vt 0.197945 0.017313
vt 0.905956 0.397756
vt 0.867167 0.396512
vt 0.853685 0.395235
vt 0.922229 0.384967
vt 0.921060 0.396774
vt 0.261527 0.918815
vt 0.784670 0.513717
vt 0.803098 0.531271
vt 0.818172 0.582274
vt 0.818013 0.568378
vt 0.819160 0.594920
vt 0.818328 0.609259
vt 0.541177 0.086740
vt 0.524430 0.071592
vt 0.512851 0.011936
vt 0.819205 0.705263
vt 0.819550 0.701822
vt 0.579981 0.683983
vt 0.566189 0.614900
vt 0.566354 0.583778
vt 0.585809 0.548975
vt 0.580123 0.971059
vt 0.591457 0.976502
vt 0.599321 0.982660
vt 0.586570 0.987116
vt 0.851049 0.711285
vt 0.863868 0.709952
vt 0.877301 0.709032
vt 0.053574 0.705318
vt 0.044949 0.698029
vt 0.053574 0.689663
vt 0.900029 0.711738
vt 0.912492 0.712792
vt 0.924397 0.714420
vt 0.329591 0.755038
vt 0.322493 0.749601
vt 0.135812 0.304692
vt 0.158854 0.310521
vt 0.163814 0.331279
vt 0.639754 0.287643
vt 0.640406 0.299455
vt 0.651406 0.291834
vt 0.970987 0.824116
vt 0.711561 0.253762
vt 0.724227 0.247470
vt 0.750876 0.259230
vt 0.053270 0.838103
vt 0.712730 0.208708
vt 0.793520 0.977883
vt 0.800048 0.987168
vt 0.785386 0.989492
vt 0.805933 0.972888
vt 0.779297 0.980161
vt 0.771372 0.990937
vt 0.971401 0.474298
vt 0.765232 0.983085
vt 0.776893 0.957764
vt 0.696227 0.201509
vt 0.688342 0.188288
vt 0.767365 0.948302
vt 0.451543 0.984548
vt 0.711630 0.064339
vt 0.412621 0.435109
vt 0.387896 0.462966
vt 0.330462 0.463700
vt 0.617869 0.921281
vt 0.628053 0.912187
vt 0.628053 0.926735
vt 0.056679 0.043841
vt 0.056679 0.058751
vt 0.050284 0.049647
vt 0.229641 0.862836
vt 0.238037 0.873205
vt 0.364785 0.191393
vt 0.402363 0.486364
vt 0.202661 0.838777
vt 0.194226 0.846050
vt 0.180209 0.844617
vt 0.189376 0.831913
vt 0.217114 0.842459
vt 0.705431 0.245600
vt 0.708308 0.231469
vt 0.718120 0.238447
vt 0.891928 0.198292
vt 0.903831 0.204044
vt 0.912717 0.210756
vt 0.080728 0.076354
vt 0.090617 0.068417
vt 0.265355 0.427412
vt 0.271716 0.441048
vt 0.194015 0.820908
vt 0.203867 0.825335
vt 0.002541 0.308405
vt 0.000506 0.293970
vt 0.055722 0.273780
vt 0.537138 0.481491
vt 0.049682 0.850791
vt 0.039126 0.841893
vt 0.545718 0.457100
vt 0.551535 0.452478
vt 0.561287 0.446843
vt 0.680516 0.567867
vt 0.666776 0.561853
vt 0.086263 0.286772
vt 0.010436 0.492539
vt 0.000488 0.502772
vt 0.000488 0.485103
vt 0.004661 0.477805
vt 0.664279 0.298453
vt 0.343205 0.894812
vt 0.346599 0.878603
vt 0.689843 0.308241
vt 0.035819 0.345770
vt 0.032610 0.359919
vt 0.023337 0.351281
vt 0.035149 0.334563
vt 0.024073 0.338847
vt 0.038647 0.317529
vt 0.024051 0.325762
vt 0.206334 0.043791
vt 0.887873 0.392819
vt 0.892915 0.398516
vt 0.880323 0.398443
vt 0.841522 0.395400
vt 0.931817 0.393996
vt 0.660555 0.853631
vt 0.650304 0.856018
vt 0.656393 0.840324
vt 0.669085 0.843483
vt 0.668905 0.829707
vt 0.795608 0.515722
vt 0.817050 0.554796
vt 0.816171 0.540043
vt 0.554338 0.089392
vt 0.527602 0.083963
vt 0.510796 0.068367
vt 0.507000 0.055115
vt 0.501953 0.042050
vt 0.500101 0.014252
vt 0.594140 0.992116
vt 0.605887 0.991756
vt 0.850519 0.610377
vt 0.845918 0.624156
vt 0.838787 0.614036
vt 0.575670 0.671257
vt 0.582774 0.660468
vt 0.575287 0.649228
vt 0.567644 0.638243
vt 0.559734 0.627398
vt 0.568181 0.603006
vt 0.560477 0.594834
vt 0.566006 0.561625
vt 0.558817 0.573239
vt 0.573324 0.548131
vt 0.578587 0.956970
vt 0.589778 0.964424
vt 0.601328 0.971586
vt 0.854274 0.700924
vt 0.888733 0.710612
vt 0.702932 0.049856
vt 0.713930 0.051463
vt 0.695035 0.035916
vt 0.705767 0.038087
vt 0.434551 0.910641
vt 0.424956 0.904253
vt 0.434551 0.893765
vt 0.842775 0.699914
vt 0.838941 0.600860
vt 0.148915 0.299992
vt 0.165144 0.320032
vt 0.742662 0.250706
vt 0.735520 0.242060
vt 0.064312 0.844388
vt 0.959489 0.468949
vt 0.799639 0.964736
vt 0.444830 0.971275
vt 0.810172 0.956201
vt 0.801698 0.950234
vt 0.786688 0.968656
vt 0.783629 0.948302
vt 0.313317 0.459863
vt 0.415589 0.448420
vt 0.406044 0.456059
vt 0.394759 0.463900
vt 0.647337 0.875668
vt 0.634611 0.875163
vt 0.633830 0.861571
vt 0.363956 0.343806
vt 0.369835 0.329307
vt 0.378388 0.334257
vt 0.365163 0.361411
vt 0.375099 0.350559
vt 0.375225 0.366911
vt 0.365631 0.377406
vt 0.374392 0.380713
vt 0.384652 0.373183
vt 0.389414 0.384210
vt 0.319416 0.465165
vt 0.218706 0.827560
vt 0.228718 0.848144
vt 0.347480 0.194777
vt 0.395349 0.471019
vt 0.409683 0.475054
vt 0.418382 0.482110
vt 0.173976 0.830550
vt 0.723378 0.223184
vt 0.166142 0.842435
vt 0.919131 0.216899
vt 0.072568 0.083134
vt 0.257827 0.414431
vt 0.179834 0.821965
vt 0.601846 0.444171
vt 0.600075 0.430989
vt 0.612597 0.430099
vt 0.005855 0.276612
vt 0.021231 0.274073
vt 0.034265 0.269879
vt 0.046384 0.264577
vt 0.068468 0.268694
vt 0.077250 0.278018
vt 0.536796 0.466060
vt 0.534698 0.496300
vt 0.691746 0.575906
vt 0.587537 0.438337
vt 0.098345 0.281954
vt 0.111048 0.289241
vt 0.123329 0.295894
vt 0.176772 0.969825
vt 0.170168 0.967046
vt 0.176772 0.956034
vt 0.137256 0.289694
vt 0.674859 0.289651
vt 0.359063 0.882354
vt 0.685879 0.293410
vt 0.530506 0.941461
vt 0.518927 0.947537
vt 0.518927 0.932276
vt 0.023337 0.313840
vt 0.213532 0.020436
vt 0.205606 0.011332
vt 0.913078 0.407870
vt 0.899311 0.408604
vt 0.859482 0.407398
vt 0.873004 0.408223
vt 0.846166 0.407276
vt 0.661132 0.866454
vt 0.650304 0.870277
vt 0.679435 0.840107
vt 0.792129 0.501001
vt 0.805682 0.516482
vt 0.816267 0.524296
vt 0.829790 0.577243
vt 0.831048 0.589774
vt 0.829295 0.563699
vt 0.829692 0.603824
vt 0.545582 0.098920
vt 0.530585 0.096729
vt 0.514307 0.081037
vt 0.494999 0.028545
vt 0.567162 0.682433
vt 0.611893 0.980584
vt 0.550470 0.110486
vt 0.543498 0.119996
vt 0.535951 0.109275
vt 0.551032 0.617640
vt 0.552417 0.585630
vt 0.555734 0.606013
vt 0.579153 0.536588
vt 0.082001 0.835460
vt 0.072091 0.825766
vt 0.082001 0.821459
vt 0.847276 0.559972
vt 0.844114 0.573721
vt 0.837567 0.562571
vt 0.279454 0.192936
vt 0.270776 0.188170
vt 0.279454 0.177702
vt 0.890754 0.701785
vt 0.904665 0.699245
vt 0.917121 0.700363
vt 0.698022 0.023899
vt 0.550614 0.135096
vt 0.541973 0.139429
vt 0.540227 0.123281
vt 0.838717 0.575242
vt 0.838554 0.588358
vt 0.162434 0.295535
vt 0.169571 0.306157
vt 0.647685 0.278284
vt 0.660306 0.280863
vt 0.068577 0.892493
vt 0.059027 0.885360
vt 0.068556 0.876949
vt 0.726967 0.233591
vt 0.704552 0.215916
vt 0.790464 0.956358
vt 0.226008 0.826011
vt 0.625128 0.432056
vt 0.614976 0.426203
vt 0.625128 0.417217
vt 0.743934 0.067816
vt 0.741924 0.061008
vt 0.752705 0.068500
vt 0.647337 0.860961
vt 0.465653 0.413453
vt 0.456505 0.423749
vt 0.456505 0.408429
vt 0.233310 0.824462
vt 0.227896 0.837956
vt 0.099050 0.970361
vt 0.112199 0.966934
vt 0.103779 0.979827
vt 0.105552 0.955010
vt 0.118266 0.956958
vt 0.351687 0.183932
vt 0.470759 0.556444
vt 0.469924 0.542282
vt 0.481228 0.544291
vt 0.711466 0.213958
vt 0.059056 0.901877
vt 0.159039 0.830245
vt 0.893439 0.211522
vt 0.903936 0.217008
vt 0.068285 0.082726
vt 0.913244 0.223945
vt 0.088436 0.082656
vt 0.077896 0.089653
vt 0.250555 0.425439
vt 0.257129 0.438581
vt 0.602177 0.415516
vt 0.613201 0.413818
vt 0.059363 0.259573
vt 0.524944 0.473327
vt 0.525037 0.487912
vt 0.062037 0.857548
vt 0.536094 0.451703
vt 0.548660 0.443605
vt 0.574532 0.442127
vt 0.561851 0.436436
vt 0.575199 0.429885
vt 0.588576 0.422859
vt 0.087819 0.273798
vt 0.124193 0.283345
vt 0.242294 0.301298
vt 0.242294 0.284157
vt 0.252962 0.293927
vt 0.698375 0.299161
vt 0.731586 0.623807
vt 0.745807 0.613797
vt 0.743804 0.629391
vt 0.718092 0.631009
vt 0.731533 0.636851
vt 0.706080 0.638160
vt 0.719237 0.644719
vt 0.694462 0.646186
vt 0.708259 0.652271
vt 0.886308 0.408976
vt 0.927885 0.407434
vt 0.833486 0.407670
vt 0.671930 0.857171
vt 0.011599 0.395279
vt 0.002244 0.387164
vt 0.011288 0.380133
vt 0.804137 0.502935
vt 0.828318 0.548021
vt 0.828561 0.533213
vt 0.559029 0.100817
vt 0.517182 0.093933
vt 0.497733 0.065331
vt 0.501349 0.077942
vt 0.493818 0.052581
vt 0.488463 0.040253
vt 0.562161 0.669836
vt 0.487245 0.016383
vt 0.531805 0.121109
vt 0.569060 0.659817
vt 0.561725 0.648980
vt 0.553982 0.638605
vt 0.545651 0.629016
vt 0.546506 0.596994
vt 0.559505 0.562530
vt 0.561532 0.550852
vt 0.545896 0.577542
vt 0.565778 0.538474
vt 0.590669 0.951056
vt 0.600697 0.959419
vt 0.612297 0.967647
vt 0.072703 0.808797
vt 0.842788 0.549808
vt 0.878626 0.701095
vt 0.928526 0.702567
vt 0.207960 0.282657
vt 0.207960 0.264998
vt 0.216301 0.272825
vt 0.709864 0.027029
vt 0.550614 0.118829
vt 0.150265 0.285170
vt 0.649461 0.265667
vt 0.060616 0.871385
vt 0.049341 0.862557
vt 0.048998 0.875985
vt 0.560094 0.182775
vt 0.550875 0.189216
vt 0.550875 0.173969
vt 0.418478 0.459894
vt 0.409111 0.471059
vt 0.749215 0.050837
vt 0.748953 0.084148
vt 0.763951 0.071777
vt 0.389414 0.341000
vt 0.385231 0.357907
vt 0.171203 0.407127
vt 0.180669 0.411733
vt 0.171203 0.423391
vt 0.631624 0.641046
vt 0.621920 0.630680
vt 0.631624 0.626269
vt 0.095517 0.988094
vt 0.116503 0.945590
vt 0.736034 0.617162
vt 0.727086 0.610617
vt 0.741069 0.605316
vt 0.456390 0.553612
vt 0.480114 0.531784
vt 0.493706 0.537674
vt 0.727841 0.210099
vt 0.164997 0.821835
vt 0.048166 0.889863
vt 0.151780 0.841317
vt 0.069079 0.094546
vt 0.920043 0.227462
vt 0.243200 0.413165
vt 0.498833 0.871898
vt 0.513169 0.873731
vt 0.502067 0.887096
vt 0.519380 0.885936
vt 0.513450 0.898582
vt 0.028227 0.261477
vt 0.038391 0.255734
vt 0.049240 0.250264
vt 0.073265 0.254418
vt 0.084599 0.262359
vt 0.524071 0.459358
vt 0.522855 0.502216
vt 0.098432 0.269191
vt 0.110514 0.276765
vt 0.135430 0.274994
vt 0.673808 0.274562
vt 0.686546 0.280404
vt 0.702446 0.311933
vt 0.758568 0.621636
vt 0.699315 0.284999
vt 0.697700 0.660613
vt 0.919645 0.417439
vt 0.906249 0.419266
vt 0.893082 0.420457
vt 0.865877 0.419268
vt 0.852024 0.418832
vt 0.879858 0.420491
vt 0.838214 0.419683
vt 0.675375 0.866531
vt 0.682241 0.850643
vt 0.000936 0.372228
vt 0.803116 0.489300
vt 0.817278 0.510403
vt 0.829508 0.518470
vt 0.833586 0.553360
vt 0.520511 0.106505
vt 0.504269 0.091063
vt 0.481538 0.028914
vt 0.554544 0.679233
vt 0.522015 0.119178
vt 0.541766 0.608799
vt 0.536887 0.620232
vt 0.536263 0.586294
vt 0.547902 0.566366
vt 0.571160 0.525668
vt 0.523474 0.131087
vt 0.264568 0.255389
vt 0.264568 0.239090
vt 0.272191 0.250863
vt 0.844172 0.536884
vt 0.837138 0.541744
vt 0.849588 0.523738
vt 0.838919 0.527786
vt 0.850519 0.510240
vt 0.841524 0.513031
vt 0.688342 0.021659
vt 0.698315 0.010006
vt 0.716341 0.041134
vt 0.709765 0.013322
vt 0.162059 0.281300
vt 0.171957 0.291135
vt 0.661377 0.264678
vt 0.427595 0.456152
vt 0.421432 0.469880
vt 0.739601 0.043999
vt 0.760112 0.056526
vt 0.222794 0.127614
vt 0.212824 0.138241
vt 0.212798 0.119991
vt 0.138782 0.558123
vt 0.129276 0.564034
vt 0.128382 0.549325
vt 0.139860 0.580689
vt 0.126172 0.582773
vt 0.134266 0.571857
vt 0.147560 0.567033
vt 0.092286 0.961255
vt 0.268994 0.307468
vt 0.257427 0.294941
vt 0.268184 0.289310
vt 0.727909 0.623646
vt 0.715212 0.615488
vt 0.729389 0.598107
vt 0.458734 0.540349
vt 0.466457 0.528900
vt 0.489367 0.522469
vt 0.722228 0.201866
vt 0.104773 0.749954
vt 0.099697 0.737444
vt 0.104773 0.727863
vt 0.044068 0.904943
vt 0.150364 0.821203
vt 0.145209 0.829799
vt 0.893714 0.224531
vt 0.904836 0.231866
vt 0.914225 0.236660
vt 0.236207 0.423755
vt 0.084692 0.096348
vt 0.075707 0.103135
vt 0.242541 0.436982
vt 0.587480 0.409151
vt 0.512036 0.861260
vt 0.524170 0.897616
vt 0.062910 0.245105
vt 0.512189 0.466508
vt 0.513223 0.480476
vt 0.514226 0.495270
vt 0.523136 0.444745
vt 0.535528 0.437086
vt 0.548627 0.429536
vt 0.562332 0.422578
vt 0.575404 0.415999
vt 0.121669 0.269767
vt 0.771592 0.614564
vt 0.768583 0.630505
vt 0.755601 0.636494
vt 0.786025 0.610119
vt 0.782103 0.625301
vt 0.743172 0.642969
vt 0.731658 0.650544
vt 0.721094 0.658199
vt 0.710885 0.666374
vt 0.790170 0.487744
vt 0.927260 0.427764
vt 0.927646 0.412809
vt 0.684988 0.863720
vt 0.011459 0.365000
vt 0.817113 0.496239
vt 0.507639 0.103515
vt 0.484759 0.062619
vt 0.488088 0.074902
vt 0.490822 0.087525
vt 0.480744 0.050719
vt 0.474818 0.039793
vt 0.555503 0.658909
vt 0.548826 0.668085
vt 0.474142 0.018846
vt 0.548087 0.648950
vt 0.540120 0.639848
vt 0.531643 0.631327
vt 0.532301 0.600047
vt 0.550064 0.554595
vt 0.553341 0.542954
vt 0.535480 0.571816
vt 0.556951 0.530911
vt 0.560588 0.517585
vt 0.572984 0.513417
vt 0.612890 0.951056
vt 0.512327 0.129320
vt 0.688869 0.007797
vt 0.720372 0.030855
vt 0.719310 0.015941
vt 0.149186 0.271802
vt 0.652880 0.251741
vt 0.513995 0.510451
vt 0.506703 0.519260
vt 0.504234 0.504760
vt 0.726406 0.044523
vt 0.432036 0.465661
vt 0.729953 0.035984
vt 0.743061 0.029114
vt 0.754688 0.036591
vt 0.761935 0.041999
vt 0.772858 0.061210
vt 0.223076 0.111054
vt 0.125187 0.533777
vt 0.139195 0.544204
vt 0.138037 0.595278
vt 0.151338 0.549982
vt 0.097971 0.945638
vt 0.422039 0.692959
vt 0.413958 0.684522
vt 0.422039 0.679100
vt 0.125187 0.597857
vt 0.257054 0.280409
vt 0.111630 0.939938
vt 0.715080 0.603940
vt 0.477048 0.517579
vt 0.501990 0.527926
vt 0.506170 0.541776
vt 0.045918 0.918640
vt 0.497541 0.513441
vt 0.138469 0.842451
vt 0.919091 0.241183
vt 0.228497 0.413118
vt 0.069041 0.109204
vt 0.523572 0.863377
vt 0.434234 0.477716
vt 0.434234 0.461829
vt 0.443680 0.467948
vt 0.017945 0.267666
vt 0.021684 0.252605
vt 0.032559 0.247246
vt 0.041627 0.241453
vt 0.053992 0.236075
vt 0.077176 0.240902
vt 0.087584 0.249185
vt 0.511100 0.452377
vt 0.098398 0.256415
vt 0.110311 0.263629
vt 0.128691 0.264766
vt 0.677073 0.261810
vt 0.687629 0.268199
vt 0.699588 0.273311
vt 0.796117 0.621988
vt 0.700892 0.675044
vt 0.914477 0.430581
vt 0.900442 0.432197
vt 0.887240 0.432730
vt 0.859191 0.430845
vt 0.873383 0.431606
vt 0.846065 0.431655
vt 0.833942 0.433866
vt 0.826998 0.421710
vt 0.021639 0.371860
vt 0.000519 0.357321
vt 0.815974 0.483030
vt 0.829932 0.504244
vt 0.510885 0.116028
vt 0.492626 0.101164
vt 0.466728 0.030869
vt 0.541395 0.676974
vt 0.528021 0.611912
vt 0.523010 0.623074
vt 0.522124 0.591529
vt 0.535077 0.557870
vt 0.523371 0.577635
vt 0.560465 0.506768
vt 0.513394 0.143372
vt 0.840894 0.499721
vt 0.710646 0.000642
vt 0.837355 0.474493
vt 0.837931 0.487730
vt 0.827581 0.477815
vt 0.136654 0.262711
vt 0.159635 0.268380
vt 0.661781 0.239353
vt 0.650842 0.238846
vt 0.666456 0.251602
vt 0.730222 0.020926
vt 0.391478 0.832760
vt 0.380981 0.823630
vt 0.391478 0.816300
vt 0.771273 0.046849
vt 0.774646 0.075702
vt 0.238206 0.116617
vt 0.140721 0.535381
vt 0.146236 0.590576
vt 0.584100 0.527871
vt 0.573788 0.522869
vt 0.584100 0.512572
vt 0.498391 0.805941
vt 0.495218 0.789990
vt 0.509589 0.798827
vt 0.260401 0.268991
vt 0.268994 0.264655
vt 0.266527 0.279953
vt 0.133426 0.607181
vt 0.249082 0.287658
vt 0.104263 0.931985
vt 0.700901 0.607101
vt 0.717991 0.591559
vt 0.726950 0.583239
vt 0.036206 0.888637
vt 0.022499 0.886685
vt 0.032615 0.873786
vt 0.484914 0.508954
vt 0.136071 0.820908
vt 0.131732 0.830599
vt 0.895634 0.237004
vt 0.907721 0.244169
vt 0.914797 0.246833
vt 0.223695 0.422904
vt 0.228156 0.434212
vt 0.082896 0.111224
vt 0.075136 0.115037
vt 0.574519 0.404146
vt 0.524170 0.852410
vt 0.597513 0.407314
vt 0.584938 0.399857
vt 0.595215 0.396205
vt 0.604339 0.392193
vt 0.604151 0.406492
vt 0.203667 0.921666
vt 0.214191 0.916989
vt 0.214191 0.931871
vt 0.068780 0.232566
vt 0.500824 0.473990
vt 0.499438 0.459757
vt 0.502829 0.489011
vt 0.510221 0.437685
vt 0.522370 0.429899
vt 0.534725 0.422810
vt 0.548660 0.415667
vt 0.561707 0.408512
vt 0.123538 0.257764
vt 0.709636 0.283174
vt 0.778822 0.639565
vt 0.766370 0.644015
vt 0.753822 0.649368
vt 0.792336 0.636128
vt 0.742714 0.656393
vt 0.732487 0.663634
vt 0.722787 0.671599
vt 0.713565 0.680676
vt 0.801993 0.477413
vt 0.021385 0.356126
vt 0.011560 0.350001
vt 0.828763 0.491152
vt 0.498986 0.110886
vt 0.475166 0.071938
vt 0.472022 0.060383
vt 0.477858 0.083436
vt 0.479528 0.096451
vt 0.468121 0.048279
vt 0.542313 0.658267
vt 0.535825 0.666638
vt 0.460668 0.019286
vt 0.534678 0.650215
vt 0.526215 0.642390
vt 0.517609 0.634100
vt 0.519320 0.604152
vt 0.541691 0.548519
vt 0.544896 0.537014
vt 0.523066 0.563673
vt 0.547388 0.525019
vt 0.548449 0.512585
vt 0.501015 0.138354
vt 0.501290 0.123793
vt 0.720806 0.003199
vt 0.731815 0.008002
vt 0.147775 0.259103
vt 0.661359 0.227426
vt 0.492948 0.498275
vt 0.744269 0.016035
vt 0.755438 0.021016
vt 0.329409 0.270053
vt 0.325925 0.283311
vt 0.317300 0.275637
vt 0.334690 0.259738
vt 0.320083 0.261411
vt 0.787511 0.050209
vt 0.786628 0.065936
vt 0.237314 0.101546
vt 0.150614 0.575292
vt 0.147652 0.606520
vt 0.510062 0.814054
vt 0.512630 0.783713
vt 0.261621 0.256139
vt 0.248327 0.271026
vt 0.248609 0.278251
vt 0.091713 0.938766
vt 0.118266 0.923511
vt 0.706351 0.590516
vt 0.716585 0.582644
vt 0.024143 0.900574
vt 0.019816 0.877028
vt 0.471564 0.503258
vt 0.125135 0.842782
vt 0.916967 0.252364
vt 0.216505 0.413540
vt 0.070822 0.121619
vt 0.573554 0.391945
vt 0.583678 0.388383
vt 0.595934 0.382264
vt 0.023445 0.238176
vt 0.206170 0.905976
vt 0.044638 0.227205
vt 0.060211 0.223271
vt 0.082929 0.229440
vt 0.091572 0.237278
vt 0.099270 0.242891
vt 0.498552 0.445551
vt 0.110267 0.250278
vt 0.088599 0.987181
vt 0.088599 0.972957
vt 0.095051 0.978844
vt 0.968878 0.199941
vt 0.973684 0.211226
vt 0.959458 0.206558
vt 0.964593 0.187400
vt 0.971304 0.185853
vt 0.698468 0.265438
vt 0.963767 0.162409
vt 0.971154 0.171721
vt 0.959020 0.169491
vt 0.804812 0.632781
vt 0.704362 0.690854
vt 0.906889 0.443574
vt 0.894775 0.445447
vt 0.880962 0.443840
vt 0.854355 0.443378
vt 0.866843 0.442442
vt 0.843230 0.445042
vt 0.814224 0.471935
vt 0.919420 0.441392
vt 0.000938 0.341139
vt 0.490831 0.116824
vt 0.480174 0.110122
vt 0.456420 0.044466
vt 0.528084 0.674596
vt 0.452438 0.030857
vt 0.514714 0.615089
vt 0.508948 0.625999
vt 0.510045 0.597384
vt 0.511284 0.583849
vt 0.533078 0.543487
vt 0.511338 0.570128
vt 0.521925 0.550637
vt 0.825915 0.465635
vt 0.135420 0.251555
vt 0.158743 0.254382
vt 0.170408 0.277398
vt 0.170410 0.263925
vt 0.179603 0.274274
vt 0.177119 0.286803
vt 0.314162 0.290547
vt 0.328986 0.249660
vt 0.259466 0.925016
vt 0.248811 0.917370
vt 0.259466 0.908227
vt 0.221742 0.096675
vt 0.503662 0.775570
vt 0.519105 0.772509
vt 0.157453 0.585748
vt 0.507695 0.843442
vt 0.512410 0.828286
vt 0.516767 0.837259
vt 0.518633 0.808185
vt 0.522966 0.794010
vt 0.638534 0.260185
vt 0.638534 0.246449
vt 0.648032 0.255293
vt 0.137349 0.849642
vt 0.137349 0.863022
vt 0.127328 0.857692
vt 0.140579 0.615365
vt 0.623130 0.009895
vt 0.618306 0.000597
vt 0.628104 0.002902
vt 0.097538 0.925645
vt 0.107792 0.917445
vt 0.693271 0.596550
vt 0.751795 0.215111
vt 0.764587 0.212620
vt 0.757199 0.222112
vt 0.752720 0.201968
vt 0.764083 0.195732
vt 0.011580 0.895713
vt 0.009773 0.890107
vt 0.027841 0.861950
vt 0.480140 0.498095
vt 0.121240 0.821016
vt 0.118488 0.831116
vt 0.893051 0.248730
vt 0.911137 0.255626
vt 0.208565 0.422513
vt 0.216493 0.433160
vt 0.080554 0.126898
vt 0.561853 0.396365
vt 0.606018 0.378268
vt 0.033592 0.232614
vt 0.072792 0.220425
vt 0.491018 0.480910
vt 0.488507 0.466728
vt 0.487434 0.452975
vt 0.498828 0.431173
vt 0.510471 0.423119
vt 0.522492 0.415499
vt 0.535441 0.409123
vt 0.548864 0.402433
vt 0.122860 0.244819
vt 0.153020 0.801522
vt 0.153020 0.818623
vt 0.144043 0.811226
vt 0.956858 0.193908
vt 0.965764 0.177091
vt 0.638784 0.014767
vt 0.638784 0.000935
vt 0.648925 0.005441
vt 0.788330 0.649983
vt 0.776049 0.653378
vt 0.764372 0.656844
vt 0.753557 0.661556
vt 0.802948 0.647679
vt 0.743812 0.668437
vt 0.733543 0.676300
vt 0.724334 0.683870
vt 0.720698 0.695441
vt 0.617684 0.258837
vt 0.606885 0.253435
vt 0.617684 0.243830
vt 0.013058 0.332045
vt 0.022333 0.340198
vt 0.464743 0.078909
vt 0.462372 0.068860
vt 0.459511 0.058169
vt 0.466708 0.091129
vt 0.468824 0.103592
vt 0.531241 0.658748
vt 0.523602 0.665337
vt 0.447613 0.019306
vt 0.520935 0.654517
vt 0.512139 0.645255
vt 0.503524 0.637048
vt 0.508647 0.607894
vt 0.535987 0.532172
vt 0.510597 0.557219
vt 0.537307 0.520850
vt 0.490593 0.129408
vt 0.812408 0.460195
vt 0.146026 0.245782
vt 0.745920 0.003468
vt 0.413770 0.100426
vt 0.413770 0.084846
vt 0.424562 0.090496
vt 0.660058 0.475583
vt 0.668711 0.483961
vt 0.653576 0.483827
vt 0.308875 0.268268
vt 0.324270 0.248192
vt 0.535269 0.982778
vt 0.524747 0.973663
vt 0.540468 0.969643
vt 0.799075 0.059040
vt 0.234247 0.085856
vt 0.528195 0.780815
vt 0.517202 0.824443
vt 0.153444 0.599537
vt 0.518535 0.849432
vt 0.708371 0.634765
vt 0.692626 0.630094
vt 0.705803 0.624773
vt 0.131642 0.844872
vt 0.613139 0.008273
vt 0.622961 0.023655
vt 0.633636 0.015367
vt 0.692270 0.620300
vt 0.690616 0.609931
vt 0.703810 0.616686
vt 0.696335 0.581464
vt 0.709589 0.574584
vt 0.724687 0.579904
vt 0.755764 0.188958
vt 0.014637 0.909205
vt 0.297734 0.071888
vt 0.306297 0.074365
vt 0.303893 0.086920
vt 0.308412 0.089981
vt 0.318254 0.078194
vt 0.014351 0.867282
vt 0.618424 0.750070
vt 0.620844 0.730959
vt 0.627267 0.740700
vt 0.114007 0.844625
vt 0.901885 0.256979
vt 0.672695 0.732545
vt 0.684333 0.730593
vt 0.681319 0.742619
vt 0.914402 0.267775
vt 0.202140 0.411767
vt 0.069526 0.137410
vt 0.562477 0.383121
vt 0.573447 0.379152
vt 0.585081 0.373790
vt 0.597466 0.368370
vt 0.024242 0.223971
vt 0.033919 0.218550
vt 0.047265 0.214604
vt 0.064558 0.210520
vt 0.085612 0.216067
vt 0.095938 0.224963
vt 0.110006 0.236192
vt 0.487802 0.438917
vt 0.192500 0.273379
vt 0.186729 0.284032
vt 0.944886 0.200809
vt 0.956181 0.180863
vt 0.949856 0.163336
vt 0.946134 0.174084
vt 0.936964 0.165119
vt 0.939719 0.152607
vt 0.708723 0.706469
vt 0.912440 0.455694
vt 0.160204 0.629701
vt 0.171364 0.639669
vt 0.160591 0.644858
vt 0.888401 0.457029
vt 0.875141 0.454710
vt 0.850660 0.456205
vt 0.861906 0.454826
vt 0.801284 0.467973
vt 0.001464 0.325571
vt 0.479882 0.122959
vt 0.468990 0.116544
vt 0.447091 0.055891
vt 0.443584 0.042267
vt 0.515088 0.672861
vt 0.439073 0.029243
vt 0.499979 0.616995
vt 0.494662 0.629540
vt 0.499297 0.604111
vt 0.499697 0.590380
vt 0.499746 0.576754
vt 0.518655 0.537768
vt 0.499492 0.563734
vt 0.508664 0.545272
vt 0.134826 0.238638
vt 0.156881 0.240962
vt 0.172326 0.249281
vt 0.185179 0.261594
vt 0.479776 0.487315
vt 0.756884 0.008683
vt 0.672529 0.120517
vt 0.661965 0.113553
vt 0.672529 0.106181
vt 0.659645 0.494023
vt 0.646454 0.472191
vt 0.308875 0.254221
vt 0.518165 0.971867
vt 0.530849 0.962950
vt 0.548605 0.985603
vt 0.623397 0.587429
vt 0.612420 0.581403
vt 0.623397 0.572705
vt 0.219488 0.083180
vt 0.535320 0.771168
vt 0.528011 0.817399
vt 0.527954 0.833235
vt 0.532454 0.804464
vt 0.536933 0.792593
vt 0.448751 0.558760
vt 0.452317 0.572723
vt 0.435723 0.568435
vt 0.534611 0.842997
vt 0.528507 0.850806
vt 0.613139 0.020433
vt 0.680039 0.627056
vt 0.680054 0.614833
vt 0.681534 0.601921
vt 0.683852 0.588921
vt 0.742718 0.208645
vt 0.561613 0.770840
vt 0.548630 0.770895
vt 0.555209 0.756494
vt 0.766811 0.181857
vt 0.743796 0.194404
vt 0.001010 0.905716
vt 0.300538 0.058076
vt 0.316943 0.063573
vt 0.008496 0.883772
vt 0.627378 0.751071
vt 0.639383 0.749322
vt 0.461542 0.494372
vt 0.106628 0.822772
vt 0.106131 0.835351
vt 0.888581 0.261539
vt 0.671358 0.740697
vt 0.904364 0.271217
vt 0.193522 0.423341
vt 0.202350 0.433649
vt 0.189945 0.412790
vt 0.549637 0.389492
vt 0.608822 0.364464
vt 0.059025 0.212154
vt 0.333547 0.714840
vt 0.329757 0.702977
vt 0.341802 0.703634
vt 0.074698 0.207685
vt 0.478612 0.473677
vt 0.476918 0.459908
vt 0.477218 0.446637
vt 0.488634 0.424802
vt 0.500059 0.417317
vt 0.512113 0.409776
vt 0.524075 0.402447
vt 0.536909 0.395582
vt 0.122275 0.231090
vt 0.202162 0.281058
vt 0.944624 0.213146
vt 0.944548 0.187435
vt 0.797447 0.660814
vt 0.784343 0.662432
vt 0.773254 0.665120
vt 0.763590 0.668579
vt 0.754347 0.673448
vt 0.825989 0.097767
vt 0.839042 0.096941
vt 0.833913 0.107416
vt 0.744610 0.680546
vt 0.734185 0.688615
vt 0.724302 0.710028
vt 0.899859 0.456026
vt 0.171364 0.625674
vt 0.799344 0.456898
vt 0.010689 0.317705
vt 0.541827 0.755669
vt 0.543701 0.768316
vt 0.529235 0.765450
vt 0.453604 0.085390
vt 0.450466 0.071003
vt 0.456148 0.097790
vt 0.458902 0.109154
vt 0.513153 0.663920
vt 0.433995 0.017168
vt 0.506453 0.656426
vt 0.498234 0.647710
vt 0.489749 0.639971
vt 0.527543 0.528752
vt 0.498366 0.553138
vt 0.143799 0.233289
vt 0.810453 0.448899
vt 0.807968 0.438846
vt 0.797720 0.446384
vt 0.647250 0.494512
vt 0.639746 0.483982
vt 0.640728 0.461681
vt 0.632664 0.474091
vt 0.518917 0.954924
vt 0.545178 0.952883
vt 0.745791 0.180446
vt 0.731272 0.166726
vt 0.744579 0.171452
vt 0.735996 0.189541
vt 0.226746 0.072572
vt 0.541827 0.783947
vt 0.739099 0.509705
vt 0.732653 0.497595
vt 0.746045 0.497814
vt 0.440857 0.549346
vt 0.727444 0.504783
vt 0.453791 0.571359
vt 0.453791 0.555651
vt 0.463948 0.561841
vt 0.555875 0.781513
vt 0.570365 0.758272
vt 0.756244 0.175179
vt 0.008728 0.918074
vt 0.694462 0.780983
vt 0.698805 0.765030
vt 0.708551 0.777177
vt 0.000636 0.872560
vt 0.021066 0.855549
vt 0.008805 0.857826
vt 0.623127 0.761841
vt 0.103385 0.851505
vt 0.897650 0.268553
vt 0.660413 0.733473
vt 0.669288 0.749581
vt 0.609583 0.701363
vt 0.618668 0.707788
vt 0.609583 0.715349
vt 0.181844 0.424091
vt 0.550238 0.376059
vt 0.562776 0.370334
vt 0.574481 0.364832
vt 0.586818 0.359008
vt 0.600014 0.354174
vt 0.023604 0.209782
vt 0.035421 0.204903
vt 0.049871 0.202420
vt 0.336137 0.691611
vt 0.065685 0.197661
vt 0.088200 0.203366
vt 0.098849 0.211780
vt 0.109433 0.219871
vt 0.477689 0.431395
vt 0.198180 0.265588
vt 0.956257 0.217148
vt 0.944005 0.224309
vt 0.932635 0.206735
vt 0.933666 0.193136
vt 0.933986 0.179017
vt 0.811656 0.660316
vt 0.817745 0.648454
vt 0.824204 0.106694
vt 0.735521 0.700694
vt 0.714485 0.721103
vt 0.543701 0.742675
vt 0.530764 0.752372
vt 0.879554 0.463655
vt 0.870956 0.466239
vt 0.858010 0.467041
vt 0.639587 0.534694
vt 0.653522 0.532890
vt 0.649500 0.544435
vt 0.000519 0.309598
vt 0.437999 0.066347
vt 0.434509 0.053053
vt 0.430680 0.040089
vt 0.501799 0.669016
vt 0.425669 0.027412
vt 0.485034 0.622880
vt 0.480973 0.633541
vt 0.487563 0.610336
vt 0.488385 0.596516
vt 0.488597 0.583143
vt 0.488469 0.570100
vt 0.487966 0.556100
vt 0.447640 0.102623
vt 0.130912 0.227822
vt 0.156710 0.232627
vt 0.168663 0.235139
vt 0.189027 0.248248
vt 0.466785 0.480805
vt 0.857280 0.479232
vt 0.866045 0.477079
vt 0.654396 0.504409
vt 0.533030 0.950924
vt 0.553101 0.966155
vt 0.548672 0.975607
vt 0.212798 0.071965
vt 0.549272 0.775669
vt 0.122633 0.462365
vt 0.115603 0.477658
vt 0.112070 0.457830
vt 0.541473 0.811781
vt 0.112070 0.493847
vt 0.127200 0.480735
vt 0.546237 0.801371
vt 0.584802 0.798622
vt 0.574228 0.795218
vt 0.580491 0.785197
vt 0.753742 0.506516
vt 0.452317 0.543627
vt 0.729757 0.519290
vt 0.668225 0.621634
vt 0.668511 0.608512
vt 0.670258 0.594591
vt 0.672123 0.583349
vt 0.686415 0.577286
vt 0.567798 0.783416
vt 0.731272 0.201307
vt 0.575433 0.772013
vt 0.000636 0.917512
vt 0.318254 0.049469
vt 0.713350 0.762640
vt 0.704092 0.791607
vt 0.637645 0.756991
vt 0.093449 0.827772
vt 0.095653 0.840895
vt 0.684404 0.112471
vt 0.689778 0.125108
vt 0.677893 0.123568
vt 0.656630 0.744661
vt 0.660894 0.756763
vt 0.673875 0.759843
vt 0.190322 0.433423
vt 0.537642 0.381336
vt 0.612936 0.350505
vt 0.060449 0.199954
vt 0.348925 0.691636
vt 0.077801 0.194389
vt 0.467397 0.466717
vt 0.466644 0.454106
vt 0.467285 0.441356
vt 0.479403 0.417862
vt 0.488931 0.410874
vt 0.501341 0.403600
vt 0.513208 0.396144
vt 0.525260 0.388809
vt 0.123132 0.215860
vt 0.199253 0.256734
vt 0.206189 0.271591
vt 0.932635 0.218962
vt 0.831149 0.118742
vt 0.805295 0.672302
vt 0.791912 0.672329
vt 0.780194 0.673119
vt 0.771331 0.674037
vt 0.764634 0.678397
vt 0.755556 0.684713
vt 0.825705 0.660889
vt 0.813797 0.096224
vt 0.745939 0.692365
vt 0.738670 0.713192
vt 0.729679 0.723305
vt 0.667803 0.527741
vt 0.657896 0.523536
vt 0.662573 0.513150
vt 0.668711 0.523928
vt 0.645168 0.525010
vt 0.465969 0.497543
vt 0.465969 0.509753
vt 0.455907 0.504404
vt 0.440603 0.094335
vt 0.440150 0.080253
vt 0.420077 0.015412
vt 0.493100 0.658502
vt 0.484966 0.649570
vt 0.476976 0.642503
vt 0.136644 0.220649
vt 0.150667 0.223904
vt 0.180822 0.239425
vt 0.642939 0.505707
vt 0.635399 0.496479
vt 0.628732 0.486372
vt 0.556879 0.952404
vt 0.039815 0.917345
vt 0.032887 0.914209
vt 0.039586 0.901832
vt 0.006133 0.927148
vt 0.553855 0.789002
vt 0.537191 0.825998
vt 0.591130 0.788141
vt 0.748722 0.520387
vt 0.759202 0.492971
vt 0.547445 0.848875
vt 0.537371 0.841321
vt 0.544777 0.835187
vt 0.735786 0.527262
vt 0.667742 0.635681
vt 0.675469 0.569984
vt 0.732468 0.215399
vt 0.582533 0.761476
vt 0.028135 0.899344
vt 0.039815 0.887312
vt 0.704003 0.750501
vt 0.722689 0.774083
vt 0.718517 0.788189
vt 0.651785 0.757495
vt 0.646928 0.768013
vt 0.632945 0.770761
vt 0.695968 0.115063
vt 0.702127 0.127870
vt 0.679617 0.099987
vt 0.647040 0.736855
vt 0.000577 0.568976
vt 0.012700 0.565867
vt 0.012820 0.578352
vt 0.180047 0.434854
vt 0.538682 0.367750
vt 0.551236 0.363093
vt 0.562372 0.358440
vt 0.573948 0.350363
vt 0.588989 0.345094
vt 0.602551 0.340448
vt 0.026160 0.195810
vt 0.039950 0.192489
vt 0.054267 0.190667
vt 0.340375 0.679738
vt 0.067354 0.184548
vt 0.091385 0.190676
vt 0.102143 0.199200
vt 0.112859 0.207065
vt 0.467271 0.429570
vt 0.473062 0.418619
vt 0.209275 0.262632
vt 0.953372 0.226975
vt 0.944124 0.234637
vt 0.934219 0.230009
vt 0.823029 0.143648
vt 0.816148 0.155286
vt 0.809085 0.143371
vt 0.827455 0.131538
vt 0.815920 0.131953
vt 0.818694 0.120254
vt 0.819540 0.672797
vt 0.815807 0.087356
vt 0.808648 0.108259
vt 0.748060 0.704223
vt 0.721913 0.734726
vt 0.650810 0.513935
vt 0.635014 0.530290
vt 0.638196 0.517059
vt 0.427560 0.074398
vt 0.424868 0.062729
vt 0.421806 0.050327
vt 0.417769 0.037683
vt 0.413021 0.025088
vt 0.487758 0.669673
vt 0.471736 0.627373
vt 0.474754 0.615725
vt 0.468482 0.637309
vt 0.476416 0.602530
vt 0.476725 0.589246
vt 0.476955 0.576578
vt 0.476823 0.563990
vt 0.165918 0.225950
vt 0.180617 0.229922
vt 0.192694 0.237948
vt 0.202249 0.245421
vt 0.454546 0.474321
vt 0.626397 0.500782
vt 0.566926 0.964546
vt 0.551764 0.818653
vt 0.600159 0.791450
vt 0.600428 0.778021
vt 0.587950 0.774726
vt 0.760573 0.514853
vt 0.764944 0.499650
vt 0.769229 0.486409
vt 0.762138 0.478983
vt 0.667155 0.647071
vt 0.655708 0.648630
vt 0.656823 0.628305
vt 0.656081 0.614920
vt 0.655839 0.601749
vt 0.657907 0.587484
vt 0.660406 0.574756
vt 0.577894 0.747740
vt 0.717625 0.747799
vt 0.726980 0.759999
vt 0.713764 0.801816
vt 0.618424 0.776160
vt 0.083886 0.835932
vt 0.086783 0.846255
vt 0.096163 0.854394
vt 0.692609 0.102030
vt 0.647109 0.719846
vt 0.012341 0.551449
vt 0.019122 0.542534
vt 0.022635 0.556948
vt 0.002521 0.559637
vt 0.526136 0.374929
vt 0.613534 0.337109
vt 0.331070 0.680590
vt 0.353240 0.679159
vt 0.080649 0.180771
vt 0.455557 0.461686
vt 0.458604 0.451568
vt 0.632692 0.555530
vt 0.628837 0.542009
vt 0.640790 0.546559
vt 0.628749 0.525515
vt 0.636559 0.535578
vt 0.477370 0.405056
vt 0.489943 0.397054
vt 0.501771 0.389451
vt 0.513723 0.382123
vt 0.127371 0.201517
vt 0.209749 0.253985
vt 0.801737 0.155502
vt 0.807970 0.166727
vt 0.798841 0.683108
vt 0.812801 0.684522
vt 0.785678 0.682025
vt 0.774503 0.681074
vt 0.766756 0.688319
vt 0.757582 0.696050
vt 0.819353 0.075070
vt 0.806184 0.077104
vt 0.803005 0.087463
vt 0.799590 0.100247
vt 0.751396 0.717013
vt 0.743281 0.726049
vt 0.625425 0.519054
vt 0.736410 0.735650
vt 0.428490 0.087917
vt 0.407873 0.012884
vt 0.480137 0.659176
vt 0.472641 0.650356
vt 0.466743 0.644533
vt 0.508786 0.988390
vt 0.499665 0.976210
vt 0.513640 0.972359
vt 0.504313 0.963011
vt 0.515943 0.957544
vt 0.506176 0.948537
vt 0.517270 0.941885
vt 0.630414 0.508720
vt 0.570800 0.950924
vt 0.550237 0.829872
vt 0.555066 0.807553
vt 0.746636 0.535865
vt 0.758925 0.530057
vt 0.552217 0.843458
vt 0.658701 0.660367
vt 0.647493 0.638317
vt 0.665302 0.563874
vt 0.438524 0.480898
vt 0.446342 0.469786
vt 0.596974 0.764258
vt 0.592161 0.750721
vt 0.585780 0.735896
vt 0.574361 0.733720
vt 0.736494 0.770989
vt 0.732259 0.785440
vt 0.726987 0.800211
vt 0.190036 0.981966
vt 0.178582 0.976505
vt 0.185065 0.969593
vt 0.200614 0.988847
vt 0.198184 0.974015
vt 0.704342 0.118568
vt 0.700857 0.104560
vt 0.633916 0.729666
vt 0.690156 0.089008
vt 0.638304 0.742755
vt 0.648315 0.750721
vt 0.077623 0.845690
vt 0.527550 0.361721
vt 0.034059 0.140962
vt 0.045131 0.143919
vt 0.033532 0.153519
vt 0.045131 0.155627
vt 0.034849 0.165099
vt 0.559289 0.347400
vt 0.579681 0.339231
vt 0.590300 0.333098
vt 0.601083 0.329131
vt 0.033029 0.184310
vt 0.047083 0.181881
vt 0.331255 0.669719
vt 0.343746 0.667496
vt 0.069680 0.169653
vt 0.094944 0.178106
vt 0.103720 0.187378
vt 0.116469 0.190320
vt 0.599386 0.326301
vt 0.599386 0.313614
vt 0.609125 0.320835
vt 0.646610 0.556067
vt 0.621196 0.549555
vt 0.617369 0.535605
vt 0.464238 0.406753
vt 0.137228 0.212826
vt 0.216688 0.256306
vt 0.936480 0.238815
vt 0.794083 0.168052
vt 0.792493 0.145127
vt 0.798924 0.133048
vt 0.804829 0.121190
vt 0.827462 0.686403
vt 0.808576 0.064222
vt 0.795326 0.111826
vt 0.760197 0.708008
vt 0.731008 0.746787
vt 0.416817 0.080768
vt 0.415376 0.069975
vt 0.413070 0.060004
vt 0.409464 0.047663
vt 0.405216 0.035086
vt 0.400427 0.023188
vt 0.475304 0.669665
vt 0.459096 0.631281
vt 0.461938 0.620250
vt 0.464014 0.608046
vt 0.456411 0.642291
vt 0.464416 0.595027
vt 0.464524 0.582633
vt 0.464998 0.570790
vt 0.505214 0.933788
vt 0.517270 0.927022
vt 0.509551 0.916079
vt 0.515984 0.915390
vt 0.204565 0.237799
vt 0.211999 0.244703
vt 0.618312 0.511972
vt 0.564329 0.811931
vt 0.559645 0.823561
vt 0.733504 0.543485
vt 0.182592 0.904327
vt 0.197156 0.899584
vt 0.192250 0.910909
vt 0.167024 0.902283
vt 0.171904 0.915050
vt 0.209577 0.893399
vt 0.204650 0.905038
vt 0.633783 0.280691
vt 0.633783 0.266971
vt 0.644719 0.274565
vt 0.647640 0.661754
vt 0.642483 0.650342
vt 0.645133 0.621251
vt 0.642321 0.608622
vt 0.643454 0.594285
vt 0.645730 0.578465
vt 0.653421 0.565219
vt 0.584847 0.723879
vt 0.740350 0.757919
vt 0.721060 0.813111
vt 0.573097 0.721922
vt 0.078954 0.857257
vt 0.089687 0.858522
vt 0.697979 0.090595
vt 0.633212 0.713905
vt 0.677893 0.085112
vt 0.011207 0.537377
vt 0.001760 0.545440
vt 0.514683 0.368273
vt 0.044589 0.130273
vt 0.551458 0.356130
vt 0.568620 0.337825
vt 0.818204 0.015655
vt 0.825493 0.028495
vt 0.814619 0.031206
vt 0.059685 0.178960
vt 0.357256 0.664962
vt 0.084939 0.167521
vt 0.660748 0.556075
vt 0.638200 0.567721
vt 0.624848 0.563148
vt 0.617876 0.520412
vt 0.480634 0.391333
vt 0.468965 0.393863
vt 0.490573 0.383014
vt 0.501756 0.374913
vt 0.131974 0.186359
vt 0.141114 0.197631
vt 0.800350 0.176414
vt 0.786186 0.157985
vt 0.791010 0.693197
vt 0.804924 0.695820
vt 0.820646 0.698257
vt 0.778122 0.690785
vt 0.769411 0.699280
vt 0.792295 0.078522
vt 0.800161 0.066934
vt 0.789235 0.092124
vt 0.785802 0.104328
vt 0.764828 0.722850
vt 0.754855 0.730694
vt 0.747401 0.736712
vt 0.744323 0.745871
vt 0.395285 0.011977
vt 0.467729 0.659031
vt 0.461125 0.650207
vt 0.492999 0.964773
vt 0.493101 0.955285
vt 0.494066 0.943110
vt 0.501386 0.919759
vt 0.507617 0.907883
vt 0.610706 0.767484
vt 0.473121 0.924159
vt 0.473121 0.942443
vt 0.463455 0.931107
vt 0.556316 0.837334
vt 0.748315 0.550054
vt 0.758744 0.542935
vt 0.181788 0.918121
vt 0.158412 0.914473
vt 0.363067 0.915224
vt 0.352931 0.904218
vt 0.362959 0.900689
vt 0.653177 0.671445
vt 0.017341 0.802356
vt 0.008833 0.796061
vt 0.021715 0.791462
vt 0.108966 0.572485
vt 0.095954 0.565712
vt 0.104832 0.559536
vt 0.607041 0.753580
vt 0.600621 0.739735
vt 0.597435 0.727067
vt 0.750130 0.768273
vt 0.746346 0.781552
vt 0.739631 0.800952
vt 0.733672 0.812718
vt 0.195350 0.961222
vt 0.583370 0.710015
vt 0.082128 0.868348
vt 0.093690 0.870259
vt 0.007881 0.524626
vt 0.018531 0.526770
vt 0.626331 0.008825
vt 0.637127 0.000630
vt 0.637127 0.015185
vt 0.641796 0.705140
vt 0.689495 0.075665
vt 0.104499 0.876574
vt 0.097677 0.883149
vt 0.000577 0.531284
vt 0.517059 0.355457
vt 0.540177 0.359370
vt 0.530214 0.351765
vt 0.542357 0.343525
vt 0.549269 0.338403
vt 0.556183 0.333281
vt 0.578053 0.329257
vt 0.814619 0.002274
vt 0.825224 0.001491
vt 0.829725 0.014178
vt 0.040619 0.173481
vt 0.054002 0.170371
vt 0.332739 0.658188
vt 0.347228 0.654604
vt 0.075690 0.156853
vt 0.099374 0.165362
vt 0.108750 0.176450
vt 0.101808 0.488929
vt 0.090506 0.480354
vt 0.101979 0.475573
vt 0.090560 0.491706
vt 0.101198 0.502042
vt 0.187092 0.881715
vt 0.187092 0.899961
vt 0.177121 0.893406
vt 0.455197 0.394090
vt 0.122619 0.175002
vt 0.149905 0.208544
vt 0.788118 0.180907
vt 0.780026 0.171837
vt 0.778777 0.148432
vt 0.783849 0.135251
vt 0.790465 0.123587
vt 0.812278 0.052108
vt 0.802431 0.052950
vt 0.781978 0.114325
vt 0.772213 0.711263
vt 0.404341 0.072272
vt 0.400780 0.057512
vt 0.396954 0.045034
vt 0.392596 0.032701
vt 0.462717 0.669869
vt 0.387717 0.021018
vt 0.449595 0.623852
vt 0.446793 0.634956
vt 0.452081 0.612732
vt 0.452119 0.600045
vt 0.450763 0.650683
vt 0.452067 0.589040
vt 0.451481 0.577425
vt 0.491889 0.931324
vt 0.776220 0.185468
vt 0.766260 0.177871
vt 0.440889 0.990761
vt 0.430507 0.981952
vt 0.440889 0.973750
vt 0.569727 0.829840
vt 0.738071 0.559129
vt 0.153794 0.901452
vt 0.198784 0.916680
vt 0.191005 0.925395
vt 0.084302 0.584359
vt 0.076221 0.581000
vt 0.084810 0.572266
vt 0.167365 0.925617
vt 0.352954 0.889472
vt 0.634988 0.662231
vt 0.645207 0.677663
vt 0.006183 0.806497
vt 0.011457 0.783394
vt 0.094828 0.551485
vt 0.106645 0.547364
vt 0.096052 0.539156
vt 0.108966 0.536862
vt 0.634798 0.587132
vt 0.595679 0.714448
vt 0.753501 0.755293
vt 0.742575 0.794087
vt 0.180800 0.957788
vt 0.567726 0.712516
vt 0.572338 0.705740
vt 0.086358 0.880310
vt 0.011755 0.513846
vt 0.626256 0.723305
vt 0.624462 0.708601
vt 0.629145 0.697967
vt 0.108971 0.886226
vt 0.763401 0.584741
vt 0.748681 0.586252
vt 0.757146 0.576480
vt 0.503331 0.360875
vt 0.565989 0.325245
vt 0.587887 0.323240
vt 0.836769 0.026655
vt 0.064506 0.166558
vt 0.361017 0.653490
vt 0.089682 0.154217
vt 0.628819 0.576477
vt 0.087316 0.469364
vt 0.089957 0.504061
vt 0.452504 0.405472
vt 0.471706 0.384254
vt 0.038815 0.338620
vt 0.038815 0.325753
vt 0.048174 0.329793
vt 0.114155 0.750905
vt 0.125189 0.746335
vt 0.127470 0.760505
vt 0.488949 0.368827
vt 0.136757 0.172816
vt 0.146009 0.183490
vt 0.154717 0.194490
vt 0.774527 0.162117
vt 0.781628 0.702434
vt 0.795067 0.705889
vt 0.809379 0.709024
vt 0.801929 0.041132
vt 0.778047 0.080891
vt 0.680658 0.028280
vt 0.679398 0.043075
vt 0.670113 0.029063
vt 0.685533 0.013105
vt 0.673410 0.016663
vt 0.774861 0.095049
vt 0.772769 0.105647
vt 0.776272 0.722029
vt 0.766146 0.738135
vt 0.755626 0.743145
vt 0.455251 0.658914
vt 0.383048 0.008849
vt 0.443402 0.645973
vt 0.161995 0.204381
vt 0.159554 0.217045
vt 0.482680 0.947120
vt 0.481401 0.938976
vt 0.488010 0.920232
vt 0.618899 0.756078
vt 0.182437 0.000928
vt 0.182437 0.017081
vt 0.171037 0.005927
vt 0.567375 0.845392
vt 0.752717 0.563417
vt 0.761307 0.556234
vt 0.144416 0.911812
vt 0.363067 0.886406
vt 0.071606 0.587391
vt 0.060287 0.582061
vt 0.066361 0.573740
vt 0.073908 0.565558
vt 0.178936 0.926444
vt 0.272162 0.232982
vt 0.265165 0.222051
vt 0.272162 0.218167
vt 0.015008 0.815697
vt 0.640527 0.673001
vt 0.745121 0.574194
vt 0.734039 0.570883
vt 0.008088 0.470113
vt 0.000488 0.466370
vt 0.001408 0.452781
vt 0.160945 0.925780
vt 0.148680 0.921358
vt 0.002996 0.788806
vt 0.083872 0.558095
vt 0.098106 0.528667
vt 0.613652 0.742062
vt 0.607765 0.728113
vt 0.608133 0.717530
vt 0.763912 0.764145
vt 0.759944 0.777898
vt 0.755876 0.791404
vt 0.752379 0.801880
vt 0.747090 0.813076
vt 0.190381 0.947916
vt 0.199230 0.956261
vt 0.583906 0.697945
vt 0.594647 0.701354
vt 0.076726 0.878641
vt 0.001152 0.517091
vt 0.007275 0.502787
vt 0.017950 0.503715
vt 0.640656 0.694126
vt 0.102943 0.899616
vt 0.081937 0.009724
vt 0.073394 0.013824
vt 0.073394 0.000637
vt 0.089501 0.895517
vt 0.506375 0.345706
vt 0.520199 0.342464
vt 0.530987 0.335066
vt 0.542885 0.326899
vt 0.554834 0.318437
vt 0.575002 0.318877
vt 0.836087 0.000527
vt 0.256266 0.457382
vt 0.256266 0.440760
vt 0.264917 0.446357
vt 0.046938 0.160624
vt 0.059138 0.157450
vt 0.335438 0.646480
vt 0.349857 0.643072
vt 0.081372 0.145606
vt 0.104105 0.152687
vt 0.113444 0.163789
vt 0.101459 0.514899
vt 0.080450 0.483131
vt 0.077772 0.494375
vt 0.440405 0.397711
vt 0.458456 0.386105
vt 0.481895 0.380567
vt 0.045012 0.312553
vt 0.116598 0.735323
vt 0.127180 0.162503
vt 0.768093 0.137886
vt 0.767970 0.151115
vt 0.775788 0.125870
vt 0.820271 0.039882
vt 0.688811 0.000795
vt 0.671492 0.005011
vt 0.680792 0.057291
vt 0.668890 0.053537
vt 0.664703 0.039775
vt 0.769890 0.114247
vt 0.784752 0.714745
vt 0.776806 0.733239
vt 0.391538 0.067279
vt 0.388098 0.054512
vt 0.384254 0.042300
vt 0.379578 0.030552
vt 0.450132 0.670204
vt 0.375049 0.019150
vt 0.437769 0.628107
vt 0.440029 0.616270
vt 0.434444 0.639494
vt 0.440541 0.603378
vt 0.440424 0.597472
vt 0.441621 0.659246
vt 0.439795 0.584591
vt 0.170046 0.213570
vt 0.298038 0.470111
vt 0.298038 0.455876
vt 0.307575 0.462323
vt 0.627495 0.886661
vt 0.637532 0.881072
vt 0.637532 0.895338
vt 0.478922 0.931034
vt 0.574509 0.818624
vt 0.585537 0.826822
vt 0.582323 0.838245
vt 0.139790 0.900285
vt 0.580083 0.849874
vt 0.573801 0.856528
vt 0.055647 0.567935
vt 0.061992 0.559032
vt 0.000580 0.777364
vt 0.003185 0.818934
vt 0.627134 0.674775
vt 0.740935 0.582318
vt 0.000488 0.480686
vt 0.084277 0.543805
vt 0.085119 0.531766
vt 0.088559 0.517661
vt 0.606521 0.705058
vt 0.766124 0.751083
vt 0.176277 0.945863
vt 0.200614 0.940158
vt 0.570187 0.690978
vt 0.014928 0.492633
vt 0.617369 0.702445
vt 0.746717 0.589789
vt 0.113300 0.893816
vt 0.769229 0.580624
vt 0.765136 0.568624
vt 0.492724 0.353239
vt 0.564059 0.312246
vt 0.585223 0.313368
vt 0.597670 0.319473
vt 0.596175 0.308309
vt 0.413505 0.153199
vt 0.413505 0.137625
vt 0.423038 0.142829
vt 0.324371 0.647117
vt 0.361017 0.643109
vt 0.093597 0.141463
vt 0.065785 0.127131
vt 0.055581 0.116465
vt 0.066524 0.109677
vt 0.076769 0.508524
vt 0.439176 0.413465
vt 0.106599 0.737919
vt 0.462803 0.375735
vt 0.475195 0.374763
vt 0.445008 0.388894
vt 0.449598 0.377645
vt 0.141276 0.160106
vt 0.151160 0.169976
vt 0.160369 0.180994
vt 0.168218 0.191305
vt 0.797565 0.718655
vt 0.812107 0.032152
vt 0.546944 0.681922
vt 0.555124 0.697530
vt 0.541339 0.694929
vt 0.763503 0.082722
vt 0.673203 0.067908
vt 0.660332 0.029646
vt 0.663242 0.019370
vt 0.762819 0.095737
vt 0.110200 0.075329
vt 0.101007 0.086387
vt 0.099613 0.074097
vt 0.787131 0.727170
vt 0.777551 0.746581
vt 0.370340 0.008784
vt 0.431700 0.651345
vt 0.175370 0.201372
vt 0.182197 0.211252
vt 0.176543 0.218569
vt 0.187592 0.219931
vt 0.184717 0.226363
vt 0.589080 0.816318
vt 0.130517 0.909549
vt 0.134792 0.919086
vt 0.588232 0.858449
vt 0.071771 0.550687
vt 0.008060 0.828517
vt 0.633088 0.685090
vt 0.689379 0.698624
vt 0.698450 0.695326
vt 0.693714 0.703764
vt 0.618899 0.729683
vt 0.614549 0.818186
vt 0.603680 0.813421
vt 0.614774 0.803619
vt 0.627839 0.795313
vt 0.627679 0.810000
vt 0.776309 0.760060
vt 0.774457 0.773320
vt 0.769820 0.787427
vt 0.765859 0.800221
vt 0.760807 0.812163
vt 0.185112 0.935595
vt 0.585073 0.685822
vt 0.596522 0.689900
vt 0.605797 0.691060
vt 0.096953 0.907521
vt 0.620856 0.689483
vt 0.685435 0.711501
vt 0.117094 0.906256
vt 0.126496 0.898380
vt 0.479748 0.359637
vt 0.493872 0.339223
vt 0.513129 0.334396
vt 0.522271 0.328196
vt 0.531622 0.319378
vt 0.543392 0.310495
vt 0.554293 0.303984
vt 0.572726 0.307662
vt 0.584349 0.302108
vt 0.103241 0.512970
vt 0.103241 0.494322
vt 0.112576 0.503217
vt 0.052381 0.146609
vt 0.328134 0.635120
vt 0.337824 0.635454
vt 0.039619 0.969425
vt 0.048616 0.973975
vt 0.039054 0.983784
vt 0.050106 0.991460
vt 0.108696 0.140341
vt 0.117945 0.151602
vt 0.066524 0.142969
vt 0.056334 0.131652
vt 0.067022 0.502736
vt 0.426649 0.403415
vt 0.109181 0.721587
vt 0.458547 0.017336
vt 0.448411 0.008753
vt 0.458547 0.000632
vt 0.130968 0.150746
vt 0.755527 0.145213
vt 0.506366 0.845098
vt 0.510954 0.855401
vt 0.495737 0.848728
vt 0.497858 0.835919
vt 0.811273 0.722835
vt 0.799527 0.029799
vt 0.547346 0.709343
vt 0.534869 0.681678
vt 0.684417 0.071507
vt 0.659930 0.063958
vt 0.656780 0.050071
vt 0.653549 0.036512
vt 0.653494 0.009185
vt 0.113664 0.062325
vt 0.268102 0.956047
vt 0.270929 0.969472
vt 0.258386 0.965911
vt 0.788448 0.740170
vt 0.378685 0.063511
vt 0.375421 0.051228
vt 0.371133 0.039363
vt 0.366390 0.027058
vt 0.437623 0.672172
vt 0.363333 0.019757
vt 0.425017 0.632884
vt 0.427275 0.619931
vt 0.428834 0.606534
vt 0.421803 0.644335
vt 0.428875 0.592160
vt 0.428773 0.663044
vt 0.600472 0.823481
vt 0.597164 0.834883
vt 0.593722 0.847743
vt 0.596461 0.868017
vt 0.603093 0.858416
vt 0.060920 0.544161
vt 0.000985 0.831050
vt 0.073134 0.535682
vt 0.074644 0.522555
vt 0.615090 0.716214
vt 0.641735 0.803946
vt 0.754099 0.824852
vt 0.194735 0.928262
vt 0.569269 0.042499
vt 0.567146 0.031175
vt 0.580604 0.032770
vt 0.642099 0.790951
vt 0.109730 0.912921
vt 0.483466 0.345879
vt 0.503567 0.330630
vt 0.109244 0.039701
vt 0.119056 0.029819
vt 0.119135 0.044582
vt 0.563079 0.299085
vt 0.595489 0.293868
vt 0.361337 0.378432
vt 0.371506 0.384416
vt 0.361337 0.395169
vt 0.062514 0.144581
vt 0.148185 0.639688
vt 0.156535 0.633013
vt 0.157560 0.645771
vt 0.050106 0.959376
vt 0.091208 0.132323
vt 0.081088 0.137793
vt 0.100745 0.129411
vt 0.000488 0.613693
vt 0.000488 0.599685
vt 0.011717 0.602813
vt 0.061455 0.060915
vt 0.071345 0.050180
vt 0.071345 0.068618
vt 0.062421 0.515531
vt 0.422217 0.413860
vt 0.429789 0.392047
vt 0.121957 0.719981
vt 0.453759 0.366545
vt 0.466450 0.364632
vt 0.436054 0.384727
vt 0.439825 0.373217
vt 0.145586 0.147070
vt 0.155803 0.157631
vt 0.165883 0.168627
vt 0.175493 0.179867
vt 0.181731 0.188627
vt 0.193045 0.231881
vt 0.202639 0.219784
vt 0.495737 0.860718
vt 0.267733 0.979351
vt 0.799004 0.732048
vt 0.805559 0.022712
vt 0.561655 0.714213
vt 0.534367 0.705609
vt 0.528863 0.692611
vt 0.755527 0.082593
vt 0.678641 0.080361
vt 0.665638 0.078708
vt 0.652225 0.023665
vt 0.099613 0.060972
vt 0.256946 0.951734
vt 0.789461 0.754608
vt 0.357940 0.009023
vt 0.420748 0.657157
vt 0.188971 0.199622
vt 0.195596 0.209639
vt 0.121643 0.917956
vt 0.611275 0.866765
vt 0.000580 0.841388
vt 0.611262 0.831957
vt 0.628162 0.823998
vt 0.641109 0.816860
vt 0.788193 0.769677
vt 0.784728 0.782920
vt 0.779879 0.796841
vt 0.775584 0.810997
vt 0.768735 0.823402
vt 0.180022 0.924732
vt 0.575673 0.020258
vt 0.594381 0.032619
vt 0.590437 0.022855
vt 0.607670 0.036850
vt 0.606165 0.027048
vt 0.224898 0.975384
vt 0.224898 0.991812
vt 0.215676 0.982707
vt 0.471923 0.349442
vt 0.481969 0.334486
vt 0.492104 0.325132
vt 0.512812 0.321930
vt 0.521991 0.313065
vt 0.531008 0.303988
vt 0.543103 0.294908
vt 0.106983 0.024074
vt 0.572614 0.295330
vt 0.583834 0.291002
vt 0.169766 0.989979
vt 0.169766 0.971623
vt 0.179388 0.981804
vt 0.055275 0.133608
vt 0.144781 0.628160
vt 0.579257 0.533482
vt 0.588744 0.527915
vt 0.588744 0.542438
vt 0.578507 0.066080
vt 0.583904 0.055697
vt 0.589281 0.065060
vt 0.114650 0.127273
vt 0.121243 0.139934
vt 0.005560 0.587015
vt 0.097960 0.419325
vt 0.107061 0.428982
vt 0.097960 0.437821
vt 0.639429 0.857793
vt 0.641414 0.844044
vt 0.651611 0.847709
vt 0.665764 0.816629
vt 0.676737 0.821278
vt 0.665292 0.829170
vt 0.416242 0.398638
vt 0.117239 0.706604
vt 0.561151 0.215089
vt 0.551638 0.206465
vt 0.561151 0.199064
vt 0.133570 0.139755
vt 0.207857 0.228507
vt 0.261417 0.988993
vt 0.253727 0.976403
vt 0.811372 0.736576
vt 0.794592 0.019890
vt 0.550727 0.721264
vt 0.538323 0.717462
vt 0.523137 0.679854
vt 0.109105 0.047746
vt 0.651418 0.075046
vt 0.646566 0.061800
vt 0.644783 0.046276
vt 0.642403 0.032229
vt 0.642394 0.016372
vt 0.264319 0.941831
vt 0.248700 0.961426
vt 0.799724 0.745936
vt 0.366112 0.059487
vt 0.362435 0.047524
vt 0.357694 0.035572
vt 0.351649 0.023082
vt 0.425831 0.675804
vt 0.411610 0.636379
vt 0.414261 0.624257
vt 0.416616 0.611777
vt 0.417710 0.599014
vt 0.416334 0.667972
vt 0.607696 0.844966
vt 0.616528 0.854801
vt 0.062261 0.529945
vt 0.651825 0.809923
vt 0.566984 0.013944
vt 0.650942 0.781908
vt 0.650140 0.795016
vt 0.476076 0.340616
vt 0.501791 0.316214
vt 0.555511 0.289431
vt 0.118618 0.015057
vt 0.128419 0.021356
vt 0.588446 0.280047
vt 0.599240 0.279667
vt 0.610900 0.280187
vt 0.605706 0.292307
vt 0.621347 0.281452
vt 0.615270 0.292548
vt 0.155683 0.620955
vt 0.571629 0.054605
vt 0.093658 0.118794
vt 0.187772 0.168997
vt 0.196351 0.160901
vt 0.197400 0.174496
vt 0.104805 0.115556
vt 0.141885 0.646844
vt 0.132748 0.634747
vt 0.141885 0.629657
vt 0.654589 0.837367
vt 0.653940 0.823353
vt 0.629493 0.850673
vt 0.413714 0.410671
vt 0.678174 0.809805
vt 0.689758 0.800389
vt 0.688688 0.813995
vt 0.127470 0.705534
vt 0.442022 0.362265
vt 0.458410 0.350544
vt 0.428005 0.380117
vt 0.428412 0.366759
vt 0.146258 0.136559
vt 0.163395 0.143794
vt 0.169819 0.155718
vt 0.179675 0.164550
vt 0.188645 0.175568
vt 0.195320 0.187018
vt 0.208680 0.209300
vt 0.213788 0.215327
vt 0.248694 0.987483
vt 0.800188 0.011997
vt 0.565095 0.726880
vt 0.525926 0.713507
vt 0.521231 0.702130
vt 0.516327 0.689424
vt 0.099854 0.047800
vt 0.672502 0.090804
vt 0.659777 0.090223
vt 0.253338 0.937198
vt 0.259331 0.588687
vt 0.269546 0.596237
vt 0.257560 0.599540
vt 0.804217 0.764508
vt 0.345021 0.010383
vt 0.407444 0.648416
vt 0.406039 0.660797
vt 0.202502 0.198430
vt 0.625198 0.862445
vt 0.629237 0.836927
vt 0.641994 0.830644
vt 0.800008 0.779268
vt 0.794650 0.792447
vt 0.790048 0.805920
vt 0.561957 0.000488
vt 0.577153 0.000488
vt 0.581850 0.012959
vt 0.416200 0.517870
vt 0.407031 0.526495
vt 0.407031 0.510388
vt 0.662633 0.789110
vt 0.664034 0.802774
vt 0.465663 0.337783
vt 0.955888 0.377280
vt 0.959828 0.387409
vt 0.952391 0.387090
vt 0.480103 0.320328
vt 0.489695 0.310696
vt 0.511720 0.307460
vt 0.520372 0.298186
vt 0.530508 0.288809
vt 0.543163 0.280963
vt 0.106983 0.008564
vt 0.574993 0.281722
vt 0.563238 0.285863
vt 0.594629 0.266972
vt 0.607415 0.267980
vt 0.620631 0.269814
vt 0.144875 0.615031
vt 0.576268 0.046004
vt 0.179955 0.160575
vt 0.121302 0.114136
vt 0.124194 0.130622
vt 0.675911 0.794992
vt 0.688465 0.784882
vt 0.699636 0.790706
vt 0.444219 0.351313
vt 0.415857 0.373592
vt 0.134415 0.129406
vt 0.281407 0.692820
vt 0.296046 0.686225
vt 0.289653 0.702060
vt 0.281951 0.592043
vt 0.293084 0.596934
vt 0.279918 0.604460
vt 0.810523 0.750361
vt 0.097237 0.596968
vt 0.081865 0.592233
vt 0.086851 0.584322
vt 0.554199 0.732427
vt 0.541153 0.728635
vt 0.528612 0.724661
vt 0.511477 0.675508
vt 0.259879 0.927454
vt 0.643343 0.086183
vt 0.637364 0.073283
vt 0.639167 0.051897
vt 0.633685 0.041222
vt 0.630319 0.026748
vt 0.247148 0.592031
vt 0.267640 0.608959
vt 0.353626 0.055429
vt 0.348960 0.043766
vt 0.343518 0.031809
vt 0.413654 0.680388
vt 0.337077 0.020524
vt 0.398798 0.642512
vt 0.401389 0.628685
vt 0.404136 0.616498
vt 0.406061 0.604838
vt 0.403646 0.673485
vt 0.619484 0.841395
vt 0.324641 0.246421
vt 0.315198 0.241732
vt 0.323582 0.231056
vt 0.332554 0.234346
vt 0.595221 0.013334
vt 0.602223 0.023081
vt 0.661984 0.776812
vt 0.942900 0.380131
vt 0.470253 0.338079
vt 0.471184 0.330075
vt 0.499750 0.302015
vt 0.555459 0.275685
vt 0.120371 0.000635
vt 0.562031 0.273620
vt 0.582838 0.268598
vt 0.132679 0.622448
vt 0.157560 0.610490
vt 0.589281 0.043959
vt 0.091959 0.105085
vt 0.187925 0.149192
vt 0.114061 0.102964
vt 0.278833 0.732153
vt 0.264863 0.726178
vt 0.276368 0.719816
vt 0.287148 0.724402
vt 0.417544 0.388346
vt 0.430042 0.353750
vt 0.450662 0.336262
vt 0.414957 0.359495
vt 0.278292 0.706650
vt 0.288134 0.715131
vt 0.283894 0.679319
vt 0.297135 0.673343
vt 0.286058 0.666124
vt 0.298810 0.660869
vt 0.299988 0.647159
vt 0.287657 0.653007
vt 0.288534 0.639470
vt 0.298794 0.633320
vt 0.300048 0.620334
vt 0.289111 0.626145
vt 0.298837 0.607212
vt 0.289885 0.612763
vt 0.097237 0.582289
vt 0.012103 0.665709
vt 0.002409 0.673338
vt 0.001473 0.659302
vt 0.516419 0.720881
vt 0.513129 0.710284
vt 0.508661 0.698654
vt 0.503797 0.686856
vt 0.248694 0.922021
vt 0.667133 0.102515
vt 0.651590 0.100322
vt 0.631868 0.061257
vt 0.245271 0.604056
vt 0.255436 0.613385
vt 0.295408 0.267323
vt 0.284187 0.277167
vt 0.277360 0.263583
vt 0.332449 0.008938
vt 0.395577 0.654428
vt 0.392885 0.666284
vt 0.082955 0.902878
vt 0.070235 0.906739
vt 0.070235 0.892031
vt 0.310859 0.249589
vt 0.301035 0.259653
vt 0.295571 0.245782
vt 0.654681 0.470318
vt 0.644504 0.464176
vt 0.654681 0.455454
vt 0.313057 0.225926
vt 0.329346 0.220091
vt 0.591183 0.001990
vt 0.606345 0.014302
vt 0.674259 0.782499
vt 0.947908 0.366870
vt 0.821105 0.650524
vt 0.826307 0.638868
vt 0.833819 0.647480
vt 0.477060 0.305160
vt 0.467600 0.316187
vt 0.487462 0.296337
vt 0.510146 0.293583
vt 0.518790 0.283714
vt 0.530175 0.274079
vt 0.543732 0.268746
vt 0.473263 0.975177
vt 0.485520 0.968022
vt 0.485520 0.985066
vt 0.572009 0.270640
vt 0.604010 0.254387
vt 0.590399 0.255914
vt 0.614562 0.260255
vt 0.217113 0.764873
vt 0.211437 0.754462
vt 0.223552 0.753472
vt 0.216566 0.743204
vt 0.228355 0.742059
vt 0.223013 0.731745
vt 0.235191 0.732240
vt 0.200335 0.146714
vt 0.000488 0.121578
vt 0.010068 0.126738
vt 0.000488 0.137853
vt 0.181279 0.482157
vt 0.199437 0.483213
vt 0.193034 0.488321
vt 0.101291 0.102992
vt 0.126977 0.101172
vt 0.266913 0.711239
vt 0.403602 0.380481
vt 0.435462 0.337079
vt 0.934020 0.367797
vt 0.402505 0.367269
vt 0.268575 0.697722
vt 0.270496 0.684277
vt 0.278266 0.618242
vt 0.087019 0.575848
vt 0.542522 0.740532
vt 0.010359 0.650750
vt 0.530416 0.736533
vt 0.518050 0.732281
vt 0.499558 0.674659
vt 0.234118 0.595419
vt 0.635346 0.097318
vt 0.628573 0.084139
vt 0.623199 0.071781
vt 0.626200 0.049174
vt 0.621714 0.037315
vt 0.265817 0.623026
vt 0.289122 0.253309
vt 0.341255 0.051642
vt 0.335661 0.040791
vt 0.329101 0.028969
vt 0.402389 0.686099
vt 0.323308 0.017761
vt 0.385770 0.647880
vt 0.388779 0.633874
vt 0.391533 0.620977
vt 0.393980 0.609329
vt 0.392911 0.679940
vt 0.080847 0.889369
vt 0.304537 0.236483
vt 0.067547 0.161009
vt 0.066594 0.145353
vt 0.077155 0.149921
vt 0.337314 0.220961
vt 0.317988 0.216239
vt 0.604612 0.003494
vt 0.669385 0.771168
vt 0.961630 0.364144
vt 0.842790 0.637803
vt 0.847307 0.650870
vt 0.497747 0.288192
vt 0.474717 0.961390
vt 0.548002 0.265131
vt 0.555463 0.260419
vt 0.576684 0.257576
vt 0.206474 0.764018
vt 0.229703 0.718133
vt 0.189665 0.140316
vt 0.245302 0.446786
vt 0.254609 0.440527
vt 0.254609 0.457585
vt 0.192553 0.472567
vt 0.182930 0.144016
vt 0.107588 0.091314
vt 0.120866 0.090165
vt 0.131488 0.111241
vt 0.132797 0.122868
vt 0.414890 0.402160
vt 0.405656 0.393151
vt 0.422069 0.341068
vt 0.926853 0.354829
vt 0.940602 0.355284
vt 0.401242 0.353685
vt 0.272571 0.671174
vt 0.274192 0.658034
vt 0.275599 0.644874
vt 0.276898 0.631636
vt 0.097094 0.569048
vt 0.000489 0.644979
vt 0.506601 0.728696
vt 0.504106 0.717817
vt 0.500892 0.708057
vt 0.496054 0.697187
vt 0.491145 0.685308
vt 0.233187 0.608811
vt 0.659673 0.113296
vt 0.641560 0.105866
vt 0.617382 0.059453
vt 0.243197 0.617894
vt 0.253421 0.627362
vt 0.273820 0.248408
vt 0.319737 0.006139
vt 0.382559 0.659875
vt 0.379947 0.672129
vt 0.070622 0.876917
vt 0.291995 0.230180
vt 0.301081 0.220532
vt 0.077155 0.135698
vt 0.285624 0.540365
vt 0.282257 0.549789
vt 0.275978 0.537804
vt 0.324348 0.206443
vt 0.293906 0.545561
vt 0.614258 0.003605
vt 0.680174 0.776569
vt 0.953887 0.354912
vt 0.831821 0.629992
vt 0.462173 0.302641
vt 0.475179 0.290464
vt 0.462086 0.325888
vt 0.456850 0.313042
vt 0.485607 0.281850
vt 0.508801 0.281037
vt 0.121087 0.589199
vt 0.109594 0.580475
vt 0.123642 0.574699
vt 0.111768 0.566116
vt 0.123518 0.560537
vt 0.475651 0.948805
vt 0.485138 0.952012
vt 0.542029 0.250491
vt 0.061531 0.040205
vt 0.070763 0.047263
vt 0.060032 0.059977
vt 0.561875 0.259705
vt 0.179044 0.767110
vt 0.186522 0.757239
vt 0.193014 0.766913
vt 0.198989 0.755830
vt 0.165739 0.765677
vt 0.174199 0.759036
vt 0.204273 0.744415
vt 0.209878 0.733116
vt 0.179402 0.469320
vt 0.215788 0.721317
vt 0.196375 0.136644
vt 0.210528 0.146865
vt 0.210179 0.135905
vt 0.206875 0.474496
vt 0.186378 0.131567
vt 0.131878 0.087940
vt 0.023443 0.191830
vt 0.022535 0.175715
vt 0.031978 0.181215
vt 0.140405 0.108875
vt 0.391488 0.372821
vt 0.393043 0.386724
vt 0.411735 0.347632
vt 0.922794 0.342928
vt 0.936027 0.343476
vt 0.393922 0.359961
vt 0.257259 0.701707
vt 0.258295 0.689213
vt 0.259782 0.675845
vt 0.404478 0.955182
vt 0.393915 0.950777
vt 0.404662 0.945741
vt 0.532065 0.749013
vt 0.011643 0.638372
vt 0.519750 0.745071
vt 0.507859 0.740461
vt 0.486333 0.672761
vt 0.223426 0.601127
vt 0.647286 0.114694
vt 0.620333 0.095564
vt 0.627853 0.108476
vt 0.613794 0.082450
vt 0.608510 0.070042
vt 0.612358 0.046407
vt 0.264129 0.636409
vt 0.282596 0.239104
vt 0.328907 0.048509
vt 0.321829 0.038155
vt 0.314621 0.026250
vt 0.563300 0.847212
vt 0.553954 0.854783
vt 0.553954 0.839684
vt 0.309602 0.014156
vt 0.373040 0.653121
vt 0.376465 0.638867
vt 0.378974 0.624990
vt 0.381896 0.612750
vt 0.720038 0.503984
vt 0.723127 0.511402
vt 0.716566 0.520159
vt 0.308192 0.211067
vt 0.314740 0.201774
vt 0.284184 0.526575
vt 0.293906 0.531351
vt 0.398481 0.399071
vt 0.409518 0.405468
vt 0.076097 0.862102
vt 0.073693 0.878016
vt 0.066338 0.868392
vt 0.964185 0.350261
vt 0.847307 0.628040
vt 0.468705 0.296590
vt 0.451128 0.324715
vt 0.496976 0.274806
vt 0.109594 0.555536
vt 0.532837 0.265393
vt 0.531828 0.253088
vt 0.060032 0.023549
vt 0.070217 0.031505
vt 0.156312 0.753018
vt 0.167423 0.750625
vt 0.191503 0.454099
vt 0.220906 0.708995
vt 0.198909 0.124285
vt 0.174430 0.138460
vt 0.204996 0.453562
vt 0.218026 0.452731
vt 0.113435 0.078350
vt 0.126118 0.077451
vt 0.031978 0.165884
vt 0.136014 0.098009
vt 0.756970 0.036555
vt 0.767946 0.024870
vt 0.770601 0.040247
vt 0.923582 0.332272
vt 0.936969 0.333352
vt 0.947249 0.343885
vt 0.926651 0.313111
vt 0.934637 0.325173
vt 0.922794 0.322288
vt 0.261224 0.662705
vt 0.262616 0.649562
vt 0.391493 0.961063
vt 0.000634 0.634804
vt 0.496572 0.735964
vt 0.495258 0.724765
vt 0.493909 0.715304
vt 0.488767 0.708174
vt 0.482902 0.699181
vt 0.479124 0.684566
vt 0.222043 0.613645
vt 0.230931 0.622215
vt 0.654987 0.125356
vt 0.634943 0.118866
vt 0.603060 0.057148
vt 0.240824 0.631408
vt 0.251403 0.640646
vt 0.273703 0.234750
vt 0.215267 0.292545
vt 0.215258 0.279792
vt 0.225863 0.283039
vt 0.307277 0.000628
vt 0.369999 0.665224
vt 0.223577 0.295372
vt 0.726501 0.524554
vt 0.277947 0.220696
vt 0.287474 0.214408
vt 0.295523 0.205328
vt 0.301731 0.197205
vt 0.334031 0.211038
vt 0.331289 0.197471
vt 0.321885 0.191827
vt 0.066338 0.852816
vt 0.821950 0.623604
vt 0.820369 0.636575
vt 0.836307 0.619434
vt 0.448351 0.300467
vt 0.463670 0.284991
vt 0.473562 0.276048
vt 0.443076 0.311172
vt 0.484773 0.268110
vt 0.509032 0.267741
vt 0.520890 0.272244
vt 0.521042 0.259459
vt 0.895401 0.463662
vt 0.891669 0.475725
vt 0.884398 0.462299
vt 0.436052 0.012853
vt 0.446280 0.000637
vt 0.446280 0.017142
vt 0.143479 0.744608
vt 0.157136 0.739960
vt 0.179771 0.747601
vt 0.192117 0.745763
vt 0.197269 0.734538
vt 0.202533 0.723188
vt 0.181340 0.452780
vt 0.207730 0.711450
vt 0.234116 0.704036
vt 0.211145 0.123623
vt 0.175998 0.125653
vt 0.212616 0.442829
vt 0.224608 0.444317
vt 0.137719 0.075234
vt 0.141526 0.084743
vt 0.146774 0.094988
vt 0.780491 0.028934
vt 0.139643 0.745961
vt 0.127147 0.735241
vt 0.139677 0.731181
vt 0.127147 0.720582
vt 0.138659 0.716574
vt 0.137855 0.758355
vt 0.127462 0.748372
vt 0.518138 0.914636
vt 0.518138 0.899951
vt 0.526916 0.905461
vt 0.960790 0.344577
vt 0.940666 0.313210
vt 0.246233 0.696851
vt 0.246097 0.681661
vt 0.248365 0.667121
vt 0.404662 0.967209
vt 0.521855 0.757893
vt 0.012103 0.626295
vt 0.509491 0.753181
vt 0.497497 0.748346
vt 0.473232 0.673214
vt 0.639798 0.244658
vt 0.648911 0.238650
vt 0.648911 0.253138
vt 0.641459 0.128111
vt 0.614883 0.108220
vt 0.604915 0.091035
vt 0.622081 0.119427
vt 0.599169 0.079737
vt 0.593810 0.067470
vt 0.598962 0.044055
vt 0.315816 0.047469
vt 0.308164 0.037312
vt 0.301359 0.024135
vt 0.225863 0.269023
vt 0.296914 0.009453
vt 0.363996 0.641316
vt 0.694554 0.523666
vt 0.706923 0.529238
vt 0.698209 0.537926
vt 0.366446 0.627621
vt 0.369273 0.615444
vt 0.719319 0.534872
vt 0.761315 0.947471
vt 0.756497 0.959013
vt 0.749038 0.950073
vt 0.308746 0.188689
vt 0.518377 0.527987
vt 0.508652 0.535963
vt 0.507169 0.522118
vt 0.983595 0.367600
vt 0.994904 0.369267
vt 0.988462 0.378153
vt 0.453721 0.291198
vt 0.436695 0.322587
vt 0.497279 0.261754
vt 0.906808 0.461156
vt 0.902925 0.474295
vt 0.877400 0.475308
vt 0.474229 0.800978
vt 0.487877 0.808907
vt 0.475961 0.816656
vt 0.143056 0.731659
vt 0.171882 0.738131
vt 0.212632 0.699401
vt 0.226209 0.696877
vt 0.189482 0.119661
vt 0.201335 0.113409
vt 0.117940 0.065767
vt 0.131460 0.065449
vt 0.769353 0.012519
vt 0.780645 0.016041
vt 0.783580 0.042319
vt 0.947352 0.324326
vt 0.953835 0.334947
vt 0.249789 0.653871
vt 0.393282 0.973577
vt 0.485835 0.742921
vt 0.485633 0.730699
vt 0.485641 0.719429
vt 0.477724 0.711884
vt 0.474687 0.692595
vt 0.467519 0.684113
vt 0.573550 0.251217
vt 0.563544 0.256252
vt 0.563544 0.243349
vt 0.218678 0.626093
vt 0.228357 0.635205
vt 0.650917 0.138112
vt 0.608601 0.099405
vt 0.628883 0.132441
vt 0.589228 0.054230
vt 0.238592 0.644552
vt 0.750953 0.972625
vt 0.744602 0.962098
vt 0.743002 0.985488
vt 0.732962 0.974115
vt 0.347393 0.624510
vt 0.359665 0.629475
vt 0.352210 0.641074
vt 0.709050 0.543360
vt 0.360316 0.622025
vt 0.728945 0.537235
vt 0.273703 0.206941
vt 0.281451 0.200025
vt 0.289624 0.192551
vt 0.295415 0.184379
vt 0.316306 0.179011
vt 0.518377 0.513524
vt 0.824493 0.609608
vt 0.978335 0.377185
vt 0.000528 0.038542
vt 0.010410 0.034532
vt 0.006765 0.048579
vt 0.014774 0.021713
vt 0.002093 0.023887
vt 0.455844 0.282971
vt 0.472585 0.261193
vt 0.462349 0.272096
vt 0.432839 0.309830
vt 0.485662 0.254386
vt 0.510626 0.254729
vt 0.913703 0.472296
vt 0.899844 0.485818
vt 0.888725 0.486323
vt 0.490919 0.822664
vt 0.461668 0.804637
vt 0.154798 0.722089
vt 0.164681 0.728847
vt 0.184824 0.736010
vt 0.189564 0.724794
vt 0.194632 0.713328
vt 0.199567 0.701450
vt 0.237897 0.692039
vt 0.210900 0.111421
vt 0.226761 0.464005
vt 0.220649 0.475346
vt 0.178907 0.112784
vt 0.143406 0.062823
vt 0.147963 0.072050
vt 0.152611 0.081792
vt 0.783580 0.004230
vt 0.183947 0.439100
vt 0.198644 0.441476
vt 0.324435 0.169443
vt 0.328750 0.183188
vt 0.309123 0.166977
vt 0.316845 0.157290
vt 0.968828 0.333551
vt 0.299743 0.159204
vt 0.234540 0.670829
vt 0.236644 0.657661
vt 0.618089 0.310165
vt 0.606344 0.315691
vt 0.607320 0.305830
vt 0.510799 0.766347
vt 0.498340 0.761500
vt 0.485670 0.756102
vt 0.470230 0.703642
vt 0.460831 0.673110
vt 0.211018 0.617083
vt 0.664988 0.134686
vt 0.637497 0.141391
vt 0.611001 0.118401
vt 0.603878 0.109173
vt 0.597642 0.099869
vt 0.591329 0.089590
vt 0.618937 0.127120
vt 0.584314 0.077738
vt 0.439521 0.254118
vt 0.429861 0.262344
vt 0.429861 0.246419
vt 0.302840 0.048601
vt 0.296489 0.036205
vt 0.259749 0.776256
vt 0.262540 0.771537
vt 0.275402 0.780580
vt 0.733108 0.987856
vt 0.360316 0.641229
vt 0.066864 0.690598
vt 0.055557 0.700008
vt 0.055557 0.679511
vt 0.698214 0.553717
vt 0.392518 0.491148
vt 0.392518 0.504636
vt 0.386307 0.494528
vt 0.212804 0.064177
vt 0.212804 0.047518
vt 0.222706 0.055718
vt 0.721353 0.548370
vt 0.737242 0.951651
vt 0.619183 0.297579
vt 0.302176 0.176180
vt 0.983898 0.388706
vt 0.974119 0.366293
vt 0.438965 0.298279
vt 0.008173 0.014621
vt 0.424600 0.320920
vt 0.499311 0.249476
vt 0.083092 0.121162
vt 0.090171 0.122423
vt 0.083092 0.133246
vt 0.911789 0.485918
vt 0.875701 0.489521
vt 0.476584 0.829973
vt 0.459715 0.817431
vt 0.142644 0.719631
vt 0.176640 0.726661
vt 0.217066 0.686736
vt 0.203959 0.689042
vt 0.231015 0.683772
vt 0.192097 0.107628
vt 0.208750 0.100802
vt 0.235522 0.475077
vt 0.122188 0.054884
vt 0.137464 0.053273
vt 0.770342 0.000714
vt 0.961519 0.327403
vt 0.095539 0.338202
vt 0.094913 0.352578
vt 0.083142 0.345397
vt 0.293252 0.168200
vt 0.473971 0.749602
vt 0.474903 0.736909
vt 0.475913 0.724297
vt 0.466780 0.716437
vt 0.462398 0.694974
vt 0.455366 0.684631
vt 0.205837 0.628602
vt 0.662072 0.148431
vt 0.215955 0.638546
vt 0.225996 0.648071
vt 0.648740 0.152361
vt 0.616726 0.136742
vt 0.625376 0.145090
vt 0.209535 0.491494
vt 0.210967 0.476554
vt 0.220294 0.483434
vt 0.501029 0.775699
vt 0.953992 0.636989
vt 0.964923 0.629539
vt 0.967734 0.634023
vt 0.274626 0.767096
vt 0.293892 0.793022
vt 0.283314 0.800122
vt 0.284504 0.784140
vt 0.286375 0.774370
vt 0.296648 0.781548
vt 0.400246 0.974967
vt 0.400246 0.989274
vt 0.391976 0.977790
vt 0.952234 0.676475
vt 0.943459 0.676852
vt 0.937088 0.666710
vt 0.943491 0.658561
vt 0.063442 0.673850
vt 0.709114 0.556426
vt 0.402774 0.111825
vt 0.391522 0.109253
vt 0.401809 0.100464
vt 0.732467 0.963686
vt 0.727331 0.941902
vt 0.725685 0.952987
vt 0.606344 0.294242
vt 0.301963 0.839434
vt 0.297996 0.825417
vt 0.309380 0.831261
vt 0.282049 0.185105
vt 0.286203 0.180830
vt 0.285567 0.174463
vt 0.973585 0.387273
vt 0.968257 0.375648
vt 0.068567 0.651847
vt 0.080218 0.656156
vt 0.070444 0.665067
vt 0.067373 0.639061
vt 0.077641 0.643347
vt 0.000528 0.008734
vt 0.009795 0.000657
vt 0.071251 0.688319
vt 0.082137 0.692017
vt 0.076065 0.701396
vt 0.087186 0.704493
vt 0.080565 0.714604
vt 0.063705 0.626658
vt 0.074753 0.630535
vt 0.091854 0.717361
vt 0.084650 0.727822
vt 0.085979 0.108970
vt 0.924410 0.482026
vt 0.898815 0.494021
vt 0.887758 0.498017
vt 0.492569 0.835620
vt 0.462988 0.827587
vt 0.450412 0.809352
vt 0.148737 0.708627
vt 0.168372 0.717605
vt 0.181495 0.715306
vt 0.186627 0.703363
vt 0.191362 0.691125
vt 0.230869 0.452297
vt 0.240368 0.462802
vt 0.181295 0.101311
vt 0.150943 0.051320
vt 0.153739 0.059136
vt 0.158529 0.068662
vt 0.000488 0.902998
vt 0.000488 0.882851
vt 0.010456 0.893364
vt 0.084513 0.358779
vt 0.223647 0.660962
vt 0.220823 0.673795
vt 0.485819 0.769369
vt 0.472845 0.762571
vt 0.456461 0.707370
vt 0.448648 0.673558
vt 0.674769 0.144232
vt 0.633996 0.153407
vt 0.607745 0.128530
vt 0.600001 0.119787
vt 0.592762 0.110681
vt 0.585600 0.101062
vt 0.577879 0.090314
vt 0.220294 0.498956
vt 0.374941 0.904618
vt 0.364699 0.911455
vt 0.364699 0.895302
vt 0.952759 0.624608
vt 0.265075 0.759347
vt 0.286869 0.760958
vt 0.296648 0.767787
vt 0.403188 0.086643
vt 0.412113 0.093527
vt 0.412113 0.080697
vt 0.931325 0.653379
vt 0.939951 0.644465
vt 0.949286 0.648873
vt 0.694554 0.566173
vt 0.392188 0.093575
vt 0.723826 0.560909
vt 0.731098 0.549626
vt 0.309380 0.817946
vt 0.173629 0.958036
vt 0.168387 0.966044
vt 0.164675 0.952800
vt 0.413507 0.511967
vt 0.413507 0.497755
vt 0.423344 0.506269
vt 0.295615 0.717898
vt 0.295615 0.732063
vt 0.287305 0.726671
vt 0.095539 0.367257
vt 0.981955 0.396543
vt 0.059637 0.614371
vt 0.071226 0.618289
vt 0.084061 0.669142
vt 0.076550 0.678775
vt 0.096817 0.731352
vt 0.103081 0.718862
vt 0.921746 0.495678
vt 0.909136 0.500869
vt 0.874106 0.502468
vt 0.482236 0.843974
vt 0.464599 0.840048
vt 0.450583 0.822678
vt 0.136820 0.708961
vt 0.160814 0.707297
vt 0.207927 0.676433
vt 0.195739 0.678626
vt 0.195342 0.094639
vt 0.250125 0.472057
vt 0.127896 0.042341
vt 0.143315 0.040873
vt 0.263282 0.757574
vt 0.254235 0.750240
vt 0.263282 0.741690
vt 0.220225 0.205187
vt 0.211547 0.196275
vt 0.224357 0.189691
vt 0.241268 0.439100
vt 0.461929 0.755509
vt 0.463376 0.742643
vt 0.464877 0.729641
vt 0.454881 0.721703
vt 0.450066 0.695442
vt 0.443001 0.684857
vt 0.674320 0.159093
vt 0.203636 0.641986
vt 0.660001 0.163592
vt 0.213664 0.651390
vt 0.640319 0.159518
vt 0.569549 0.078414
vt 0.613873 0.148245
vt 0.604822 0.139582
vt 0.621897 0.156509
vt 0.491607 0.786193
vt 0.942440 0.632979
vt 0.960633 0.615979
vt 0.275809 0.753404
vt 0.728704 0.976611
vt 0.720969 0.964708
vt 0.714281 0.975849
vt 0.722415 0.989902
vt 0.933290 0.674939
vt 0.924004 0.663118
vt 0.711026 0.571456
vt 0.075862 0.843246
vt 0.075862 0.859277
vt 0.066606 0.847915
vt 0.716216 0.942687
vt 0.709567 0.954461
vt 0.154773 0.948040
vt 0.161479 0.939744
vt 0.173629 0.943392
vt 0.420919 0.491758
vt 0.292019 0.979214
vt 0.282092 0.988335
vt 0.274449 0.974476
vt 0.285964 0.967663
vt 0.965553 0.385599
vt 0.068304 0.607852
vt 0.090641 0.646610
vt 0.094208 0.659566
vt 0.087462 0.633648
vt 0.088997 0.682302
vt 0.094565 0.694731
vt 0.099708 0.706985
vt 0.084033 0.620985
vt 0.934333 0.490330
vt 0.897552 0.506037
vt 0.886126 0.510870
vt 0.491669 0.848483
vt 0.477237 0.843441
vt 0.452196 0.834962
vt 0.439431 0.815050
vt 0.141595 0.698142
vt 0.153437 0.695788
vt 0.173631 0.705186
vt 0.178736 0.692807
vt 0.183662 0.680174
vt 0.209916 0.088944
vt 0.244128 0.450181
vt 0.254257 0.460309
vt 0.182855 0.089941
vt 0.155765 0.037900
vt 0.199506 0.174414
vt 0.198754 0.158744
vt 0.208467 0.165480
vt 0.164758 0.056272
vt 0.214567 0.181414
vt 0.211181 0.663992
vt 0.470900 0.774904
vt 0.460378 0.768196
vt 0.444297 0.714432
vt 0.444616 0.703998
vt 0.435891 0.674518
vt 0.192567 0.632142
vt 0.648938 0.168112
vt 0.629962 0.164619
vt 0.596460 0.130909
vt 0.588611 0.122061
vt 0.580824 0.112891
vt 0.572707 0.103030
vt 0.563920 0.091679
vt 0.480429 0.781098
vt 0.928555 0.639511
vt 0.940020 0.619960
vt 0.948242 0.612692
vt 0.266328 0.745622
vt 0.288007 0.746805
vt 0.147165 0.125055
vt 0.142132 0.113582
vt 0.154281 0.111854
vt 0.357509 0.877919
vt 0.347639 0.873610
vt 0.357509 0.861625
vt 0.396757 0.078778
vt 0.920433 0.673756
vt 0.921686 0.647295
vt 0.971356 0.482456
vt 0.977417 0.498345
vt 0.966150 0.497321
vt 0.068381 0.832446
vt 0.724583 0.572921
vt 0.705442 0.941902
vt 0.847181 0.012965
vt 0.838130 0.000521
vt 0.850891 0.001348
vt 0.271230 0.990754
vt 0.271230 0.962724
vt 0.060120 0.601630
vt 0.079996 0.609449
vt 0.098541 0.672467
vt 0.111119 0.709190
vt 0.931160 0.504380
vt 0.918918 0.509109
vt 0.907299 0.514251
vt 0.873411 0.515355
vt 0.479268 0.855696
vt 0.466256 0.853195
vt 0.453881 0.847984
vt 0.441146 0.827121
vt 0.166011 0.694299
vt 0.199642 0.666704
vt 0.188585 0.668013
vt 0.196652 0.081636
vt 0.263918 0.469855
vt 0.132854 0.029291
vt 0.146940 0.027050
vt 0.208467 0.149018
vt 0.159737 0.046401
vt 0.204642 0.187018
vt 0.224357 0.175986
vt 0.286237 0.472464
vt 0.286237 0.454507
vt 0.295959 0.459598
vt 0.449783 0.761122
vt 0.451471 0.748183
vt 0.453136 0.735075
vt 0.442784 0.727352
vt 0.437375 0.695514
vt 0.429674 0.685072
vt 0.192297 0.646731
vt 0.674303 0.174107
vt 0.202132 0.654854
vt 0.658552 0.177614
vt 0.638081 0.172397
vt 0.479586 0.793991
vt 0.609871 0.159712
vt 0.601837 0.151313
vt 0.593081 0.142533
vt 0.618504 0.168122
vt 0.930119 0.627356
vt 0.954252 0.602088
vt 0.274620 0.735885
vt 0.707941 0.967229
vt 0.147180 0.098095
vt 0.159157 0.130740
vt 0.634142 0.608886
vt 0.634142 0.624178
vt 0.623375 0.617560
vt 0.384491 0.085591
vt 0.095135 0.404362
vt 0.095135 0.392059
vt 0.103290 0.399794
vt 0.100723 0.385650
vt 0.311037 0.838063
vt 0.311037 0.820319
vt 0.320797 0.826957
vt 0.969728 0.510043
vt 0.958074 0.488451
vt 0.540686 0.494310
vt 0.550682 0.490111
vt 0.550682 0.506401
vt 0.088688 0.733999
vt 0.100181 0.732889
vt 0.091844 0.745388
vt 0.171378 0.929678
vt 0.858418 0.015548
vt 0.838130 0.024424
vt 0.851556 0.028325
vt 0.065782 0.588687
vt 0.074492 0.599866
vt 0.100136 0.636582
vt 0.103762 0.649667
vt 0.108195 0.662697
vt 0.096705 0.623520
vt 0.103528 0.685134
vt 0.108008 0.697426
vt 0.092901 0.610975
vt 0.301999 0.639706
vt 0.311552 0.649013
vt 0.301333 0.653894
vt 0.896143 0.519730
vt 0.884655 0.524471
vt 0.493962 0.861408
vt 0.441602 0.840211
vt 0.143146 0.684021
vt 0.158175 0.682586
vt 0.171196 0.681395
vt 0.176769 0.668358
vt 0.210635 0.076401
vt 0.402004 0.423543
vt 0.390072 0.415404
vt 0.402004 0.407713
vt 0.267975 0.458954
vt 0.183735 0.076871
vt 0.158849 0.023769
vt 0.166110 0.033726
vt 0.172865 0.044205
vt 0.668635 0.981155
vt 0.661430 0.970607
vt 0.676277 0.968026
vt 0.676561 0.989313
vt 0.682178 0.976825
vt 0.868974 0.513327
vt 0.855612 0.509373
vt 0.864652 0.499944
vt 0.468873 0.787668
vt 0.458391 0.780734
vt 0.447906 0.773848
vt 0.432068 0.719471
vt 0.433676 0.706863
vt 0.157735 0.926974
vt 0.179762 0.637431
vt 0.647123 0.181231
vt 0.626985 0.176458
vt 0.584895 0.133719
vt 0.576747 0.124969
vt 0.568239 0.115838
vt 0.559285 0.105783
vt 0.701635 0.263096
vt 0.695187 0.254931
vt 0.704850 0.253515
vt 0.929410 0.612130
vt 0.940299 0.605522
vt 0.946386 0.594279
vt 0.700039 0.979105
vt 0.287368 0.730481
vt 0.162424 0.100373
vt 0.165532 0.117875
vt 0.988351 0.800001
vt 0.973782 0.790543
vt 0.983338 0.783982
vt 0.388459 0.070338
vt 0.159089 0.869426
vt 0.157324 0.857404
vt 0.170497 0.861141
vt 0.953397 0.803241
vt 0.962798 0.798014
vt 0.961809 0.811246
vt 0.325679 0.798239
vt 0.332134 0.792216
vt 0.332134 0.810245
vt 0.958144 0.510448
vt 0.060906 0.000628
vt 0.071138 0.007947
vt 0.060906 0.015220
vt 0.077690 0.724727
vt 0.079664 0.738027
vt 0.819130 0.154093
vt 0.829775 0.154319
vt 0.828562 0.162122
vt 0.818882 0.168417
vt 0.861213 0.003971
vt 0.088459 0.601206
vt 0.113271 0.675698
vt 0.121559 0.700946
vt 0.314879 0.635593
vt 0.310073 0.662295
vt 0.928564 0.517406
vt 0.916977 0.522409
vt 0.905985 0.527746
vt 0.872059 0.528506
vt 0.482556 0.869628
vt 0.468437 0.866674
vt 0.455563 0.861476
vt 0.444276 0.853739
vt 0.131319 0.692653
vt 0.193072 0.658399
vt 0.183349 0.655673
vt 0.198244 0.069151
vt 0.393929 0.398090
vt 0.278257 0.469680
vt 0.137225 0.014823
vt 0.149851 0.012149
vt 0.662316 0.959651
vt 0.850881 0.492705
vt 0.843404 0.502132
vt 0.437535 0.766960
vt 0.439390 0.753843
vt 0.441102 0.740627
vt 0.430550 0.732840
vt 0.422079 0.696698
vt 0.101449 0.599441
vt 0.110691 0.590113
vt 0.113520 0.603290
vt 0.656933 0.189516
vt 0.635906 0.185142
vt 0.466703 0.801264
vt 0.606962 0.172009
vt 0.598644 0.163483
vt 0.589605 0.154677
vt 0.581295 0.145436
vt 0.614912 0.180264
vt 0.701728 0.239929
vt 0.920433 0.619594
vt 0.928765 0.597015
vt 0.843161 0.147508
vt 0.847233 0.160621
vt 0.242799 0.491209
vt 0.244193 0.475765
vt 0.254515 0.482916
vt 0.156568 0.083638
vt 0.168722 0.135641
vt 0.975299 0.804034
vt 0.970958 0.777416
vt 0.218830 0.384009
vt 0.209493 0.370498
vt 0.218830 0.366895
vt 0.170497 0.850839
vt 0.949046 0.792875
vt 0.319222 0.804265
vt 0.962436 0.522354
vt 0.952839 0.496690
vt 0.972597 0.521912
vt 0.836863 0.170333
vt 0.827671 0.176844
vt 0.080538 0.750142
vt 0.108971 0.626544
vt 0.112531 0.639691
vt 0.116924 0.652771
vt 0.122281 0.665904
vt 0.105350 0.613033
vt 0.118074 0.688679
vt 0.300611 0.666985
vt 0.894344 0.533071
vt 0.882341 0.537726
vt 0.496809 0.874976
vt 0.127727 0.679538
vt 0.150963 0.670112
vt 0.164163 0.669416
vt 0.170153 0.655731
vt 0.211145 0.062277
vt 0.859942 0.484167
vt 0.872369 0.488250
vt 0.171347 0.087623
vt 0.171250 0.073315
vt 0.184560 0.063672
vt 0.159396 0.009164
vt 0.169945 0.019245
vt 0.178166 0.029729
vt 0.672954 0.952260
vt 0.154969 0.600633
vt 0.161430 0.595772
vt 0.161430 0.610603
vt 0.843057 0.485776
vt 0.455974 0.792994
vt 0.445754 0.786104
vt 0.435286 0.780137
vt 0.419504 0.724800
vt 0.420697 0.711239
vt 0.123283 0.593436
vt 0.646527 0.194352
vt 0.624028 0.188596
vt 0.573442 0.136828
vt 0.564495 0.128740
vt 0.554997 0.119625
vt 0.688736 0.246763
vt 0.921026 0.602904
vt 0.254515 0.500310
vt 0.980976 0.769714
vt 0.168722 0.089752
vt 0.677839 0.243636
vt 0.678063 0.229349
vt 0.689939 0.232854
vt 0.677839 0.258163
vt 0.959799 0.786092
vt 0.936566 0.500995
vt 0.943417 0.490213
vt 0.157886 0.844135
vt 0.690298 0.263402
vt 0.949958 0.523838
vt 0.943450 0.511735
vt 0.967707 0.533555
vt 0.090582 0.756032
vt 0.977417 0.531938
vt 0.310855 0.675478
vt 0.927120 0.530477
vt 0.916033 0.535532
vt 0.904665 0.541128
vt 0.870545 0.542271
vt 0.485170 0.883209
vt 0.471121 0.880448
vt 0.457653 0.875130
vt 0.444200 0.867740
vt 0.136786 0.668778
vt 0.196680 0.052331
vt 0.872369 0.474285
vt 0.145407 0.000801
vt 0.235153 0.739437
vt 0.235153 0.756141
vt 0.225800 0.752940
vt 0.685553 0.959815
vt 0.680942 0.971292
vt 0.077493 0.595476
vt 0.070579 0.591590
vt 0.077493 0.584164
vt 0.845528 0.481211
vt 0.427260 0.759542
vt 0.425298 0.772578
vt 0.428956 0.746261
vt 0.418209 0.738531
vt 0.124012 0.608649
vt 0.408387 0.703398
vt 0.116419 0.617180
vt 0.656997 0.202626
vt 0.635197 0.198722
vt 0.453026 0.805692
vt 0.603788 0.184038
vt 0.595719 0.175819
vt 0.586756 0.167328
vt 0.576211 0.157946
vt 0.568530 0.149215
vt 0.611694 0.192106
vt 0.702726 0.224969
vt 0.245436 0.506168
vt 0.967464 0.764169
vt 0.847233 0.173164
vt 0.691740 0.218731
vt 0.956958 0.772262
vt 0.937282 0.785909
vt 0.944093 0.780397
vt 0.958168 0.534948
vt 0.839681 0.184637
vt 0.077690 0.759745
vt 0.974475 0.544641
vt 0.120034 0.630357
vt 0.124397 0.643485
vt 0.130782 0.656291
vt 0.302117 0.679886
vt 0.893024 0.546399
vt 0.881342 0.551180
vt 0.500622 0.888119
vt 0.145599 0.657979
vt 0.157982 0.659340
vt 0.210072 0.049185
vt 0.162553 0.083892
vt 0.160246 0.069155
vt 0.171418 0.058575
vt 0.867468 0.978060
vt 0.872027 0.975070
vt 0.876151 0.987638
vt 0.888989 0.989037
vt 0.883452 0.976286
vt 0.896989 0.978458
vt 0.891625 0.966648
vt 0.898993 0.966525
vt 0.320406 0.380701
vt 0.330008 0.376671
vt 0.330008 0.392420
vt 0.661430 0.950618
vt 0.671842 0.942619
vt 0.683611 0.944476
vt 0.685608 0.974556
vt 0.682953 0.989389
vt 0.696308 0.979446
vt 0.443205 0.796959
vt 0.431544 0.795712
vt 0.422569 0.785646
vt 0.406840 0.730783
vt 0.407814 0.716971
vt 0.407081 0.690637
vt 0.645358 0.207326
vt 0.622476 0.202306
vt 0.562776 0.141013
vt 0.552782 0.133286
vt 0.979811 0.756944
vt 0.931222 0.512824
vt 0.942911 0.537501
vt 0.935713 0.525060
vt 0.964701 0.546451
vt 0.237286 0.572699
vt 0.243451 0.563541
vt 0.248356 0.573900
vt 0.311274 0.688527
vt 0.926491 0.543186
vt 0.915246 0.548610
vt 0.904015 0.554415
vt 0.869620 0.555953
vt 0.488482 0.896414
vt 0.474623 0.891872
vt 0.460571 0.888916
vt 0.447391 0.881028
vt 0.215775 0.509600
vt 0.224222 0.498281
vt 0.227880 0.513717
vt 0.861891 0.970657
vt 0.899312 0.957438
vt 0.628276 0.643352
vt 0.638143 0.652406
vt 0.628276 0.657753
vt 0.690740 0.951864
vt 0.697203 0.964611
vt 0.415196 0.765037
vt 0.416749 0.752001
vt 0.413229 0.777428
vt 0.405642 0.744637
vt 0.395825 0.696403
vt 0.126305 0.621813
vt 0.395833 0.709466
vt 0.658255 0.217222
vt 0.632663 0.212438
vt 0.439712 0.808968
vt 0.600998 0.195816
vt 0.592842 0.187878
vt 0.584525 0.179823
vt 0.575739 0.171856
vt 0.561163 0.155427
vt 0.609951 0.205075
vt 0.965685 0.750554
vt 0.954547 0.757234
vt 0.977912 0.743660
vt 0.988351 0.748811
vt 0.942524 0.766720
vt 0.953110 0.544956
vt 0.237286 0.584952
vt 0.130407 0.634189
vt 0.138674 0.649346
vt 0.302298 0.692467
vt 0.892617 0.560555
vt 0.881346 0.566089
vt 0.502986 0.901531
vt 0.235932 0.503363
vt 0.238266 0.522216
vt 0.237962 0.513378
vt 0.866118 0.962718
vt 0.879165 0.965432
vt 0.886521 0.955962
vt 0.016483 0.030792
vt 0.015908 0.023557
vt 0.025942 0.024155
vt 0.019400 0.013098
vt 0.030564 0.010251
vt 0.695928 0.943912
vt 0.227268 0.484886
vt 0.232767 0.487948
vt 0.415668 0.799133
vt 0.410174 0.789437
vt 0.393476 0.737395
vt 0.394857 0.723217
vt 0.394265 0.684501
vt 0.645371 0.223993
vt 0.620860 0.216526
vt 0.550411 0.149036
vt 0.563145 0.167873
vt 0.246439 0.588584
vt 0.958853 0.555331
vt 0.310603 0.701263
vt 0.925440 0.555682
vt 0.915813 0.561893
vt 0.906016 0.568696
vt 0.868173 0.569550
vt 0.491437 0.909742
vt 0.478644 0.905129
vt 0.464652 0.901591
vt 0.450507 0.894161
vt 0.861205 0.950244
vt 0.861205 0.960596
vt 0.896015 0.950831
vt 0.025631 0.000517
vt 0.170288 0.552000
vt 0.161712 0.562739
vt 0.161712 0.548931
vt 0.116582 0.850882
vt 0.123890 0.844822
vt 0.123890 0.857282
vt 0.237151 0.479512
vt 0.423970 0.810116
vt 0.403339 0.770450
vt 0.404495 0.758007
vt 0.401552 0.781727
vt 0.392540 0.751555
vt 0.383964 0.702238
vt 0.383795 0.689872
vt 0.382858 0.715576
vt 0.655659 0.228218
vt 0.635848 0.227666
vt 0.628624 0.225530
vt 0.598582 0.207743
vt 0.590055 0.199808
vt 0.581748 0.191963
vt 0.573986 0.183653
vt 0.564694 0.178673
vt 0.551674 0.162721
vt 0.607342 0.219179
vt 0.381777 0.678398
vt 0.373059 0.684871
vt 0.364389 0.672761
vt 0.301655 0.704845
vt 0.892717 0.574732
vt 0.881922 0.582481
vt 0.502014 0.914165
vt 0.238266 0.491011
vt 0.873931 0.953705
vt 0.883244 0.946038
vt 0.893861 0.941124
vt 0.015908 0.001059
vt 0.410447 0.812065
vt 0.403070 0.801813
vt 0.398000 0.792736
vt 0.377395 0.745247
vt 0.380787 0.729627
vt 0.663559 0.224338
vt 0.672991 0.219309
vt 0.644229 0.234503
vt 0.618656 0.233574
vt 0.555563 0.175717
vt 0.357987 0.687120
vt 0.308988 0.713773
vt 0.926148 0.568304
vt 0.919129 0.574824
vt 0.903406 0.579738
vt 0.870304 0.584063
vt 0.860063 0.579273
vt 0.606852 0.564981
vt 0.606797 0.552093
vt 0.617382 0.559611
vt 0.481450 0.919010
vt 0.471496 0.913882
vt 0.449174 0.908598
vt 0.131867 0.701773
vt 0.869593 0.941067
vt 0.882539 0.936820
vt 0.392478 0.764668
vt 0.392258 0.776308
vt 0.391970 0.785536
vt 0.379973 0.759803
vt 0.371476 0.708036
vt 0.372463 0.695520
vt 0.368899 0.721200
vt 0.361051 0.701021
vt 0.358280 0.712891
vt 0.348932 0.704178
vt 0.344450 0.716255
vt 0.631477 0.236112
vt 0.596508 0.217975
vt 0.588040 0.212066
vt 0.578627 0.204707
vt 0.570235 0.196168
vt 0.561258 0.187955
vt 0.140454 0.521396
vt 0.140454 0.532854
vt 0.133166 0.527111
vt 0.397078 0.813763
vt 0.607367 0.237705
vt 0.301116 0.717338
vt 0.912811 0.582932
vt 0.893948 0.590048
vt 0.882618 0.589570
vt 0.597597 0.558012
vt 0.616079 0.545800
vt 0.458555 0.915518
vt 0.438826 0.901175
vt 0.390877 0.804323
vt 0.386300 0.794778
vt 0.366434 0.756542
vt 0.365033 0.734854
vt 0.353760 0.725599
vt 0.338517 0.727500
vt 0.338842 0.738671
vt 0.331043 0.737916
vt 0.600257 0.230224
vt 0.385007 0.815316
vt 0.612728 0.245859
vt 0.310042 0.725201
vt 0.928093 0.582782
vt 0.906468 0.592206
vt 0.592639 0.545230
vt 0.604009 0.539464
vt 0.468177 0.924209
vt 0.442980 0.924132
vt 0.436112 0.912251
vt 0.319305 0.720946
vt 0.381214 0.772402
vt 0.382703 0.784044
vt 0.368317 0.768824
vt 0.360474 0.747209
vt 0.347232 0.739482
vt 0.337202 0.749881
vt 0.588967 0.226745
vt 0.576984 0.218567
vt 0.563059 0.213293
vt 0.213108 0.978708
vt 0.213108 0.989992
vt 0.202358 0.988538
vt 0.377212 0.805851
vt 0.600784 0.246748
vt 0.597768 0.240404
vt 0.297876 0.731466
vt 0.920132 0.593979
vt 0.590425 0.520697
vt 0.603141 0.525997
vt 0.590515 0.533736
vt 0.613812 0.531371
vt 0.455461 0.924476
vt 0.320691 0.732137
vt 0.373902 0.794650
vt 0.353740 0.763753
vt 0.357214 0.754851
vt 0.348491 0.752376
vt 0.202624 0.970501
vt 0.339533 0.760943
vt 0.330982 0.759949
vt 0.311006 0.737574
vt 0.934333 0.594239
vt 0.603459 0.512529
vt 0.589731 0.506527
vt 0.615245 0.518499
vt 0.617382 0.505922
vt 0.430513 0.925699
vt 0.370751 0.781625
vt 0.356802 0.779161
vt 0.589360 0.242988
vt 0.577390 0.233854
vt 0.564349 0.228981
vt 0.363265 0.804889
vt 0.331898 0.770386
vt 0.299849 0.744198
vt 0.592005 0.492033
vt 0.604370 0.500091
vt 0.616993 0.492947
vt 0.325427 0.745701
vt 0.360832 0.792111
vt 0.342294 0.774278
vt 0.348180 0.800876
vt 0.591665 0.252051
vt 0.314716 0.749861
vt 0.607156 0.485866
vt 0.345701 0.788865
vt 0.578779 0.247605
vt 0.566430 0.240653
vt 0.332749 0.783937
vt 0.336892 0.797379
vt 0.000488 0.063471
vt 0.000488 0.059768
vt 0.001548 0.060093
vt 0.000488 0.000570
vt 0.001438 0.004440
vt 0.000488 0.004702
vt 0.432866 0.828710
vt 0.325427 0.635352
vt 0.322214 0.648907
vt 0.439204 0.886690
vt 0.437842 0.872237
vt 0.436483 0.857875
vt 0.434981 0.843435
vt 0.430513 0.814978
vt 0.318233 0.706555
vt 0.319971 0.677963
vt 0.319044 0.692202
vt 0.320718 0.663587
vt 0.182070 0.055014
vt 0.170526 0.012601
vt 0.178268 0.015534
vt 0.158771 0.648119
vt 0.681629 0.198247
vt 0.688811 0.218306
vt 0.936059 0.024644
vt 0.947908 0.032034
vt 0.271682 0.865896
vt 0.287946 0.869271
vt 0.256880 0.865396
vt 0.432577 0.489727
vt 0.419158 0.488401
vt 0.422005 0.472440
vt 0.251747 0.868229
vt 0.432577 0.467284
vt 0.072895 0.415733
vt 0.070867 0.397153
vt 0.886195 0.269955
vt 0.886322 0.288443
vt 0.886322 0.252322
vt 0.082187 0.466092
vt 0.919717 0.274867
vt 0.578546 0.864710
vt 0.319018 0.292426
vt 0.122068 0.000623
vt 0.353422 0.696714
vt 0.846481 0.929897
s 1
f 1/1/1 8/2/2 2/3/3
f 2/3/3 9/4/4 3/5/5
f 3/6/5 10/7/6 4/8/7
f 4/9/7 11/10/8 5/11/9
f 5/11/9 12/12/10 6/13/11
f 7/14/12 15/15/13 1/16/1
f 15/17/13 8/18/2 1/19/1
f 8/2/2 9/4/4 2/3/3
f 9/4/4 16/20/14 3/5/5
f 3/6/5 16/21/14 10/7/6
f 4/8/7 10/7/6 11/22/8
f 5/11/9 11/10/8 12/12/10
f 6/13/11 12/12/10 13/23/15
f 17/24/16 15/15/13 7/14/12
f 15/17/13 18/25/17 8/18/2
f 8/2/2 19/26/18 9/4/4
f 9/4/4 20/27/19 16/20/14
f 16/21/14 21/28/20 10/7/6
f 11/22/8 10/7/6 22/29/21
f 11/22/8 23/30/22 12/31/10
f 12/12/10 24/32/23 13/23/15
f 13/23/15 25/33/24 14/34/25
f 17/35/16 18/25/17 15/17/13
f 18/36/17 19/26/18 8/2/2
f 19/26/18 20/27/19 9/4/4
f 20/27/19 27/37/26 16/20/14
f 16/21/14 27/38/26 21/28/20
f 10/7/6 21/28/20 22/29/21
f 11/22/8 22/29/21 23/30/22
f 12/31/10 23/30/22 24/39/23
f 13/23/15 24/32/23 25/33/24
f 14/34/25 25/33/24 26/40/27
f 17/41/16 29/42/28 18/43/17
f 18/36/17 31/44/29 19/26/18
f 19/26/18 32/45/30 20/27/19
f 20/46/19 33/47/31 27/48/26
f 27/37/26 34/49/32 21/50/20
f 22/29/21 21/28/20 35/51/33
f 22/29/21 35/51/33 23/30/22
f 36/52/34 24/32/23 23/53/22
f 37/54/35 25/33/24 24/32/23
f 38/55/36 26/40/27 25/33/24
f 39/56/37 28/57/38 26/40/27
f 43/58/39 29/42/28 17/41/16
f 18/43/17 29/42/28 31/59/29
f 30/60/40 43/58/39 17/41/16
f 31/44/29 32/45/30 19/26/18
f 32/45/30 33/61/31 20/27/19
f 33/61/31 44/62/41 27/37/26
f 27/37/26 44/62/41 34/49/32
f 21/50/20 34/49/32 35/63/33
f 35/51/33 45/64/42 23/30/22
f 36/52/34 37/54/35 24/32/23
f 36/65/34 23/30/22 45/64/42
f 37/54/35 38/55/36 25/33/24
f 38/55/36 39/56/37 26/40/27
f 47/66/43 28/57/38 39/56/37
f 43/58/39 48/67/44 29/42/28
f 29/68/28 49/69/45 31/70/29
f 30/60/40 50/71/46 43/58/39
f 31/70/29 51/72/47 32/73/30
f 32/45/30 52/74/48 33/61/31
f 33/61/31 53/75/49 44/62/41
f 44/62/41 54/76/50 34/49/32
f 34/49/32 55/77/51 35/63/33
f 55/77/51 45/78/42 35/63/33
f 56/79/52 37/80/35 36/81/34
f 36/65/34 45/64/42 57/82/53
f 58/83/54 38/84/36 37/80/35
f 38/55/36 59/85/55 39/56/37
f 47/66/43 46/86/56 28/57/38
f 47/66/43 39/56/37 60/87/57
f 40/88/58 63/89/59 41/90/60
f 64/91/61 42/92/62 41/90/60
f 43/58/39 66/93/63 48/67/44
f 48/67/44 49/94/45 29/42/28
f 49/69/45 51/72/47 31/70/29
f 50/71/46 66/93/63 43/58/39
f 32/73/30 51/72/47 52/95/48
f 33/61/31 52/74/48 53/75/49
f 44/96/41 53/97/49 67/98/64
f 44/96/41 67/98/64 54/99/50
f 34/49/32 54/76/50 55/77/51
f 55/77/51 68/100/65 45/78/42
f 56/79/52 58/83/54 37/80/35
f 56/101/52 36/65/34 57/82/53
f 45/78/42 68/100/65 57/102/53
f 58/103/54 59/85/55 38/55/36
f 39/56/37 59/85/55 60/87/57
f 47/66/43 69/104/66 46/86/56
f 70/105/67 47/106/43 60/107/57
f 62/108/68 72/109/69 40/88/58
f 40/88/58 72/109/69 63/89/59
f 64/91/61 41/90/60 63/89/59
f 4769/110/70 65/111/71 42/112/62
f 66/113/63 73/114/72 48/115/44
f 48/115/44 74/116/73 49/69/45
f 49/69/45 75/117/74 51/72/47
f 76/118/75 66/93/63 50/71/46
f 51/72/47 77/119/76 52/95/48
f 52/120/48 78/121/77 53/97/49
f 53/97/49 79/122/78 67/98/64
f 67/98/64 80/123/79 54/99/50
f 55/77/51 54/76/50 81/124/80
f 55/77/51 81/124/80 68/100/65
f 56/79/52 82/125/81 58/83/54
f 56/79/52 57/126/53 83/127/82
f 84/128/83 57/102/53 68/100/65
f 85/129/84 59/85/55 58/103/54
f 86/130/85 60/107/57 59/131/55
f 259/132/86 233/133/87 215/134/88
f 70/135/67 69/104/66 47/66/43
f 87/136/89 70/105/67 60/107/57
f 89/137/90 71/138/91 61/139/92
f 62/108/68 71/140/91 90/141/93
f 62/108/68 90/141/93 72/109/69
f 72/109/69 91/142/94 63/89/59
f 64/91/61 63/89/59 92/143/95
f 93/144/96 65/111/71 4769/110/70
f 66/93/63 94/145/97 73/146/72
f 48/115/44 73/114/72 74/116/73
f 74/116/73 75/117/74 49/69/45
f 1398/147/98 1399/148/99 1274/149/100
f 76/118/75 94/145/97 66/93/63
f 51/72/47 95/150/101 77/119/76
f 52/120/48 77/151/76 78/121/77
f 78/121/77 79/122/78 53/97/49
f 79/122/78 96/152/102 67/98/64
f 67/98/64 96/152/102 80/123/79
f 81/153/80 54/99/50 80/123/79
f 84/154/83 68/155/65 81/156/80
f 56/79/52 83/127/82 82/125/81
f 85/129/84 58/103/54 82/157/81
f 97/158/103 83/127/82 57/126/53
f 84/159/83 97/158/103 57/126/53
f 85/160/84 86/130/85 59/131/55
f 87/136/89 60/107/57 86/130/85
f 70/105/67 99/161/104 69/162/66
f 87/163/89 100/164/105 70/165/67
f 88/166/106 89/137/90 61/139/92
f 89/167/90 101/168/107 71/140/91
f 90/141/93 71/140/91 101/168/107
f 90/169/93 102/170/108 72/171/69
f 102/172/108 91/142/94 72/109/69
f 92/143/95 63/89/59 91/142/94
f 64/91/61 92/143/95 93/173/96
f 73/146/72 94/145/97 103/174/109
f 73/146/72 104/175/110 74/176/73
f 74/176/73 105/177/111 75/178/74
f 95/179/101 51/180/47 106/181/112
f 95/150/101 107/182/113 77/119/76
f 78/121/77 77/151/76 131/183/114
f 78/121/77 109/184/115 79/122/78
f 79/185/78 110/186/116 96/187/102
f 96/188/102 111/189/117 80/190/79
f 81/191/80 80/190/79 112/192/118
f 84/193/83 81/194/80 112/195/118
f 82/125/81 83/127/82 113/196/119
f 85/160/84 82/125/81 114/197/120
f 115/198/121 83/127/82 97/158/103
f 84/159/83 116/199/122 97/158/103
f 117/200/123 86/130/85 85/160/84
f 87/136/89 86/130/85 118/201/124
f 13/23/15 14/34/25 6/13/11
f 99/161/104 98/202/125 69/162/66
f 100/164/105 99/203/104 70/165/67
f 87/136/89 119/204/126 100/205/105
f 121/206/127 89/137/90 88/166/106
f 122/207/128 101/208/107 89/137/90
f 90/209/93 101/208/107 123/210/129
f 90/169/93 123/211/129 102/170/108
f 102/212/108 124/213/130 91/214/94
f 125/215/131 92/216/95 91/217/94
f 126/218/132 93/144/96 92/216/95
f 94/219/97 128/220/133 103/221/109
f 73/146/72 103/174/109 104/175/110
f 74/176/73 104/175/110 105/177/111
f 105/177/111 129/222/134 75/178/74
f 75/178/74 129/222/134 106/181/112
f 75/178/74 106/181/112 51/180/47
f 95/150/101 130/223/135 107/182/113
f 77/119/76 107/182/113 131/224/114
f 131/183/114 108/225/136 78/121/77
f 78/121/77 108/225/136 109/184/115
f 79/122/78 109/184/115 110/226/116
f 132/227/137 96/187/102 110/186/116
f 132/228/137 111/189/117 96/188/102
f 112/192/118 80/190/79 111/189/117
f 84/159/83 112/192/118 116/199/122
f 115/198/121 113/196/119 83/127/82
f 82/125/81 113/196/119 114/197/120
f 117/200/123 85/160/84 114/197/120
f 115/198/121 97/158/103 133/229/138
f 116/199/122 133/229/138 97/158/103
f 117/200/123 118/201/124 86/130/85
f 134/230/139 87/136/89 118/201/124
f 99/161/104 135/231/140 98/202/125
f 100/205/105 136/232/141 99/161/104
f 134/230/139 119/204/126 87/136/89
f 119/233/126 137/234/142 100/235/105
f 120/236/143 121/206/127 88/166/106
f 121/206/127 122/207/128 89/137/90
f 122/207/128 138/237/144 101/208/107
f 101/208/107 138/237/144 123/210/129
f 102/238/108 123/239/129 139/240/145
f 102/238/108 139/240/145 124/241/130
f 124/242/130 125/215/131 91/217/94
f 126/218/132 92/216/95 125/215/131
f 127/243/146 93/144/96 126/218/132
f 128/220/133 141/244/147 103/221/109
f 103/174/109 142/245/148 104/175/110
f 105/177/111 104/175/110 143/246/149
f 105/177/111 144/247/150 129/222/134
f 129/248/134 145/249/151 106/250/112
f 106/181/112 146/251/152 95/179/101
f 95/179/101 146/251/152 130/252/135
f 107/182/113 130/223/135 148/253/153
f 107/182/113 149/254/154 131/224/114
f 131/183/114 149/255/154 108/225/136
f 108/256/136 150/257/155 109/258/115
f 151/259/156 110/260/116 109/258/115
f 132/261/137 110/262/116 152/263/157
f 132/228/137 153/264/158 111/189/117
f 154/265/159 112/192/118 111/189/117
f 116/199/122 112/192/118 154/265/159
f 155/266/160 113/196/119 115/198/121
f 156/267/161 114/197/120 113/196/119
f 157/268/162 117/269/123 114/270/120
f 158/271/163 115/198/121 133/229/138
f 116/199/122 159/272/164 133/229/138
f 160/273/165 118/201/124 117/200/123
f 134/230/139 118/201/124 161/274/166
f 136/232/141 135/231/140 99/161/104
f 137/275/142 136/232/141 100/205/105
f 162/276/167 119/204/126 134/230/139
f 163/277/168 137/275/142 119/204/126
f 164/278/169 121/279/127 120/280/143
f 165/281/170 122/207/128 121/206/127
f 122/207/128 166/282/171 138/237/144
f 167/283/172 123/210/129 138/237/144
f 167/283/172 139/284/145 123/210/129
f 124/241/130 139/240/145 168/285/173
f 124/242/130 169/286/174 125/215/131
f 170/287/175 126/218/132 125/215/131
f 127/243/146 126/218/132 171/288/176
f 128/289/133 174/290/177 141/291/147
f 103/221/109 141/244/147 142/292/148
f 104/175/110 142/245/148 143/246/149
f 105/177/111 143/246/149 144/247/150
f 144/247/150 175/293/178 129/222/134
f 129/248/134 175/294/178 145/249/151
f 106/250/112 145/249/151 146/295/152
f 94/219/97 76/296/75 176/297/179
f 128/220/133 147/298/180 174/299/177
f 130/252/135 146/251/152 177/300/181
f 130/223/135 177/301/181 148/253/153
f 107/182/113 148/253/153 149/254/154
f 178/302/182 108/256/136 149/303/154
f 178/302/182 150/257/155 108/256/136
f 151/304/156 109/305/115 150/306/155
f 151/259/156 152/307/157 110/260/116
f 132/261/137 152/263/157 179/308/183
f 132/261/137 179/308/183 153/309/158
f 154/265/159 111/189/117 153/264/158
f 116/199/122 154/265/159 159/272/164
f 155/266/160 156/267/161 113/196/119
f 155/266/160 115/198/121 158/271/163
f 157/310/162 114/197/120 156/267/161
f 157/268/162 160/311/165 117/269/123
f 180/312/184 158/271/163 133/229/138
f 180/312/184 133/229/138 159/272/164
f 161/274/166 118/201/124 160/273/165
f 181/313/185 134/230/139 161/274/166
f 182/314/186 135/231/140 136/232/141
f 137/315/142 183/316/187 136/317/141
f 163/277/168 119/204/126 162/276/167
f 134/318/139 181/319/185 162/320/167
f 163/277/168 184/321/188 137/275/142
f 140/322/189 164/278/169 120/280/143
f 164/323/169 165/281/170 121/206/127
f 165/324/170 185/325/190 122/326/128
f 185/325/190 166/327/171 122/326/128
f 167/283/172 138/237/144 166/282/171
f 167/328/172 186/329/191 139/240/145
f 139/240/145 186/329/191 168/285/173
f 124/242/130 168/330/173 187/331/192
f 124/242/130 187/331/192 169/286/174
f 170/287/175 125/215/131 169/286/174
f 170/287/175 171/288/176 126/218/132
f 172/332/193 127/243/146 171/288/176
f 17/41/16 7/333/12 30/60/40
f 173/334/194 188/335/195 140/336/189
f 141/291/147 174/290/177 189/337/196
f 141/244/147 190/338/197 142/292/148
f 142/245/148 191/339/198 143/246/149
f 143/246/149 192/340/199 144/247/150
f 144/247/150 193/341/200 175/293/178
f 175/293/178 194/342/201 145/343/151
f 145/343/151 195/344/202 146/251/152
f 176/297/179 197/345/203 147/298/180
f 147/298/180 198/346/204 174/299/177
f 177/300/181 146/251/152 195/344/202
f 177/301/181 199/347/205 148/253/153
f 148/253/153 178/348/182 149/254/154
f 178/302/182 200/349/206 150/257/155
f 201/350/207 151/259/156 150/257/155
f 151/259/156 202/351/208 152/307/157
f 152/307/157 203/352/209 179/353/183
f 204/354/210 153/309/158 179/308/183
f 154/265/159 153/264/158 205/355/211
f 159/272/164 154/265/159 205/355/211
f 206/356/212 156/357/161 155/358/160
f 207/359/213 155/360/160 158/361/163
f 208/362/214 157/268/162 156/363/161
f 209/364/215 160/311/165 157/268/162
f 189/337/196 158/361/163 180/365/184
f 180/312/184 159/272/164 210/366/216
f 211/367/217 161/368/166 160/311/165
f 181/319/185 161/368/166 212/369/218
f 183/316/187 182/370/186 136/317/141
f 184/321/188 183/371/187 137/275/142
f 213/372/219 163/277/168 162/276/167
f 162/320/167 181/319/185 214/373/220
f 163/374/168 215/375/88 184/376/188
f 140/322/189 188/377/195 164/278/169
f 164/323/169 216/378/221 165/281/170
f 165/379/170 217/380/222 185/381/190
f 185/325/190 218/382/223 166/327/171
f 167/328/172 166/327/171 219/383/224
f 167/328/172 219/383/224 186/329/191
f 186/329/191 220/384/225 168/285/173
f 187/385/192 168/285/173 221/386/226
f 222/387/227 169/286/174 187/331/192
f 170/287/175 169/286/174 222/387/227
f 223/388/228 171/288/176 170/287/175
f 224/389/229 172/332/193 171/288/176
f 226/390/230 188/335/195 173/334/194
f 174/290/177 207/359/213 189/337/196
f 141/244/147 189/391/196 190/338/197
f 142/245/148 190/392/197 191/339/198
f 191/339/198 192/340/199 143/246/149
f 144/247/150 192/340/199 193/341/200
f 193/341/200 227/393/231 175/293/178
f 175/394/178 227/395/231 194/396/201
f 145/343/151 194/342/201 195/344/202
f 196/397/232 197/398/203 176/399/179
f 147/298/180 197/345/203 198/346/204
f 198/346/204 207/400/213 174/299/177
f 177/300/181 195/344/202 228/401/233
f 177/301/181 228/402/233 199/347/205
f 148/253/153 199/347/205 178/348/182
f 199/403/205 200/349/206 178/302/182
f 200/349/206 201/350/207 150/257/155
f 201/350/207 202/351/208 151/259/156
f 152/307/157 202/351/208 203/352/209
f 229/404/234 179/405/183 203/406/209
f 205/355/211 153/264/158 204/407/210
f 229/404/234 204/407/210 179/405/183
f 159/272/164 205/355/211 230/408/235
f 206/409/212 208/362/214 156/363/161
f 206/356/212 155/358/160 207/400/213
f 189/337/196 207/359/213 158/361/163
f 209/364/215 157/268/162 208/362/214
f 209/364/215 211/367/217 160/311/165
f 190/338/197 189/391/196 180/410/184
f 210/366/216 159/272/164 230/408/235
f 180/312/184 210/366/216 231/411/236
f 211/367/217 212/369/218 161/368/166
f 232/412/237 181/319/185 212/369/218
f 183/371/187 184/321/188 261/413/238
f 213/372/219 215/134/88 163/277/168
f 213/372/219 162/276/167 214/414/220
f 232/412/237 214/373/220 181/319/185
f 215/415/88 233/416/87 261/417/238
f 188/418/195 216/378/221 164/323/169
f 216/378/221 217/419/222 165/281/170
f 217/380/222 234/420/239 185/381/190
f 235/421/240 218/382/223 185/325/190
f 218/382/223 219/383/224 166/327/171
f 219/383/224 236/422/241 186/329/191
f 236/422/241 220/384/225 186/329/191
f 168/285/173 220/384/225 221/386/226
f 187/385/192 221/386/226 237/423/242
f 222/424/227 187/425/192 237/426/242
f 170/287/175 222/387/227 238/427/243
f 223/388/228 224/389/229 171/288/176
f 223/388/228 170/287/175 238/427/243
f 225/428/244 172/332/193 224/389/229
f 226/429/230 239/430/245 188/418/195
f 190/392/197 231/431/236 191/339/198
f 191/339/198 240/432/246 192/340/199
f 192/340/199 241/433/247 193/341/200
f 193/434/200 242/435/248 227/395/231
f 194/396/201 227/395/231 243/436/249
f 244/437/250 195/438/202 194/439/201
f 196/397/232 246/440/251 197/398/203
f 197/345/203 247/441/252 198/346/204
f 198/346/204 206/356/212 207/400/213
f 244/442/250 228/443/233 195/444/202
f 228/402/233 248/445/253 199/347/205
f 199/347/205 248/445/253 200/446/206
f 200/349/206 249/447/254 201/350/207
f 201/350/207 250/448/255 202/351/208
f 251/449/256 203/352/209 202/351/208
f 252/450/257 229/451/234 203/352/209
f 253/452/258 205/355/211 204/407/210
f 229/404/234 254/453/259 204/407/210
f 230/408/235 205/355/211 253/452/258
f 247/454/252 208/362/214 206/409/212
f 255/455/260 209/456/215 208/457/214
f 256/458/261 211/367/217 209/364/215
f 190/338/197 180/410/184 231/459/236
f 257/460/262 210/366/216 230/408/235
f 257/461/262 231/462/236 210/463/216
f 258/464/263 212/369/218 211/367/217
f 28/57/38 14/34/25 26/40/27
f 259/132/86 215/134/88 213/372/219
f 260/465/264 213/372/219 214/414/220
f 184/466/188 215/415/88 261/417/238
f 239/430/245 216/378/221 188/418/195
f 262/467/265 217/419/222 216/378/221
f 263/468/266 234/420/239 217/380/222
f 234/420/239 235/469/240 185/381/190
f 264/470/267 218/471/223 235/472/240
f 218/382/223 265/473/268 219/383/224
f 265/473/268 236/422/241 219/383/224
f 236/422/241 266/474/269 220/384/225
f 220/384/225 267/475/270 221/386/226
f 237/423/242 221/386/226 268/476/271
f 222/424/227 237/426/242 269/477/272
f 238/478/243 222/424/227 269/477/272
f 270/479/273 224/389/229 223/388/228
f 271/480/274 223/388/228 238/427/243
f 272/481/275 225/428/244 224/389/229
f 226/482/230 274/483/276 239/484/245
f 191/485/198 231/462/236 240/486/246
f 240/432/246 241/433/247 192/340/199
f 193/434/200 241/487/247 242/435/248
f 242/435/248 275/488/277 227/395/231
f 227/395/231 275/488/277 243/436/249
f 244/437/250 194/439/201 243/489/249
f 196/397/232 245/490/278 246/440/251
f 197/398/203 246/440/251 247/454/252
f 198/346/204 247/441/252 206/356/212
f 276/491/279 228/492/233 244/493/250
f 228/402/233 276/494/279 248/445/253
f 248/495/253 249/447/254 200/349/206
f 249/447/254 250/448/255 201/350/207
f 250/448/255 251/449/256 202/351/208
f 252/450/257 203/352/209 251/449/256
f 252/450/257 277/496/280 229/451/234
f 254/453/259 253/452/258 204/407/210
f 229/497/234 277/498/280 254/499/259
f 230/408/235 253/452/258 278/500/281
f 247/454/252 246/440/251 208/362/214
f 255/501/260 256/458/261 209/364/215
f 255/501/260 208/362/214 246/440/251
f 258/464/263 211/367/217 256/458/261
f 257/460/262 230/408/235 278/500/281
f 240/486/246 231/462/236 257/461/262
f 182/314/186 183/371/187 233/133/87
f 233/133/87 183/371/187 261/413/238
f 260/465/264 259/132/86 213/372/219
f 260/502/264 214/373/220 232/412/237
f 239/430/245 262/467/265 216/378/221
f 262/467/265 263/503/266 217/419/222
f 279/504/282 234/420/239 263/468/266
f 234/420/239 280/505/283 235/469/240
f 264/470/267 265/506/268 218/471/223
f 280/507/283 264/470/267 235/472/240
f 265/473/268 281/508/284 236/422/241
f 236/422/241 281/508/284 266/474/269
f 220/384/225 266/474/269 267/475/270
f 221/386/226 267/475/270 268/476/271
f 237/509/242 268/510/271 282/511/285
f 237/426/242 282/512/285 269/477/272
f 238/478/243 269/477/272 283/513/286
f 272/481/275 224/389/229 270/479/273
f 270/479/273 223/388/228 271/480/274
f 271/514/274 238/478/243 283/513/286
f 272/481/275 273/515/287 225/428/244
f 285/516/288 239/517/245 274/518/276
f 240/432/246 286/519/289 241/433/247
f 287/520/290 242/435/248 241/487/247
f 288/521/291 275/488/277 242/435/248
f 275/522/277 289/523/292 243/524/249
f 244/493/250 243/525/249 250/526/255
f 245/490/278 256/458/261 255/501/260
f 245/490/278 255/501/260 246/440/251
f 244/493/250 249/527/254 276/491/279
f 249/447/254 248/495/253 276/528/279
f 244/493/250 250/526/255 249/527/254
f 243/524/249 251/449/256 250/448/255
f 289/523/292 252/450/257 251/449/256
f 252/529/257 290/530/293 277/498/280
f 254/453/259 291/531/294 253/452/258
f 277/498/280 292/532/295 254/499/259
f 278/500/281 253/452/258 291/531/294
f 286/533/289 257/460/262 278/500/281
f 240/432/246 257/534/262 286/519/289
f 285/535/288 262/467/265 239/430/245
f 293/536/296 263/503/266 262/467/265
f 279/504/282 280/505/283 234/420/239
f 294/537/297 279/504/282 263/468/266
f 264/538/267 295/539/298 265/473/268
f 296/540/299 264/470/267 280/507/283
f 265/473/268 295/539/298 281/508/284
f 281/541/284 297/542/300 266/543/269
f 298/544/301 267/545/270 266/546/269
f 267/547/270 299/548/302 268/510/271
f 282/511/285 268/510/271 300/549/303
f 301/550/304 269/477/272 282/512/285
f 283/513/286 269/477/272 301/550/304
f 302/551/305 272/481/275 270/479/273
f 303/552/306 270/479/273 271/480/274
f 271/480/274 283/553/286 304/554/307
f 305/555/308 273/515/287 272/481/275
f 306/556/309 284/557/310 273/515/287
f 308/558/311 285/559/288 274/483/276
f 241/560/247 286/561/289 309/562/312
f 288/563/291 242/564/248 287/565/290
f 287/566/290 241/560/247 309/562/312
f 288/521/291 310/567/313 275/488/277
f 275/488/277 311/568/314 289/569/292
f 243/524/249 289/523/292 251/449/256
f 258/464/263 232/412/237 212/369/218
f 289/570/292 312/571/315 252/529/257
f 252/529/257 312/571/315 290/530/293
f 277/498/280 290/530/293 313/572/316
f 254/499/259 292/532/295 291/573/294
f 277/498/280 314/574/317 292/532/295
f 315/575/318 278/500/281 291/531/294
f 286/561/289 278/576/281 315/577/318
f 285/535/288 293/536/296 262/467/265
f 293/536/296 294/578/297 263/503/266
f 279/504/282 316/579/319 280/505/283
f 294/537/297 317/580/320 279/504/282
f 264/470/267 318/581/321 295/582/298
f 296/540/299 318/581/321 264/470/267
f 316/579/319 296/583/299 280/505/283
f 295/582/298 319/584/322 281/541/284
f 281/541/284 319/584/322 297/542/300
f 297/542/300 298/585/301 266/543/269
f 298/586/301 299/587/302 267/588/270
f 300/549/303 268/510/271 299/548/302
f 320/589/323 282/511/285 300/549/303
f 301/550/304 282/512/285 320/590/323
f 283/553/286 301/591/304 321/592/324
f 302/551/305 305/555/308 272/481/275
f 302/551/305 270/479/273 303/552/306
f 303/552/306 271/480/274 304/554/307
f 304/554/307 283/553/286 321/592/324
f 306/556/309 273/515/287 305/555/308
f 306/556/309 322/593/325 284/557/310
f 284/557/310 324/594/326 307/595/327
f 325/596/328 285/559/288 308/558/311
f 309/562/312 286/561/289 326/597/329
f 288/563/291 287/565/290 327/598/330
f 328/599/331 287/566/290 309/562/312
f 288/521/291 329/600/332 310/567/313
f 310/567/313 311/568/314 275/488/277
f 311/601/314 312/602/315 289/603/292
f 312/571/315 330/604/333 290/530/293
f 330/604/333 313/572/316 290/530/293
f 277/498/280 313/572/316 314/574/317
f 292/605/295 331/606/334 291/607/294
f 292/532/295 314/574/317 332/608/335
f 315/577/318 291/609/294 331/610/334
f 286/561/289 315/577/318 326/597/329
f 325/596/328 293/611/296 285/559/288
f 333/612/336 294/613/297 293/611/296
f 279/504/282 317/580/320 316/579/319
f 334/614/337 317/580/320 294/537/297
f 318/581/321 335/615/338 295/582/298
f 296/540/299 336/616/339 318/581/321
f 316/579/319 337/617/340 296/583/299
f 335/615/338 319/584/322 295/582/298
f 319/584/322 338/618/341 297/542/300
f 297/542/300 339/619/342 298/585/301
f 340/620/343 299/587/302 298/586/301
f 300/549/303 299/548/302 341/621/344
f 320/589/323 300/549/303 342/622/345
f 301/550/304 320/590/323 343/623/346
f 321/624/324 301/550/304 343/623/346
f 344/625/347 305/555/308 302/551/305
f 345/626/348 302/551/305 303/552/306
f 303/552/306 304/554/307 346/627/349
f 304/554/307 321/592/324 347/628/350
f 348/629/351 306/556/309 305/555/308
f 349/630/352 322/593/325 306/556/309
f 322/593/325 324/594/326 284/557/310
f 323/631/353 307/595/327 324/594/326
f 350/632/354 325/596/328 308/558/311
f 351/633/355 309/562/312 326/597/329
f 328/634/331 327/635/330 287/636/290
f 288/521/291 327/637/330 329/600/332
f 328/599/331 309/562/312 351/633/355
f 329/600/332 352/638/356 310/567/313
f 310/567/313 353/639/357 311/568/314
f 311/601/314 354/640/358 312/602/315
f 354/640/358 330/641/333 312/602/315
f 355/642/359 313/643/316 330/641/333
f 356/644/360 314/574/317 313/572/316
f 292/532/295 332/608/335 331/645/334
f 332/608/335 314/574/317 357/646/361
f 315/577/318 331/610/334 358/647/362
f 326/597/329 315/577/318 358/647/362
f 325/596/328 333/612/336 293/611/296
f 359/648/363 294/613/297 333/612/336
f 317/580/320 360/649/364 316/579/319
f 334/614/337 361/650/365 317/580/320
f 359/651/363 334/614/337 294/537/297
f 318/581/321 362/652/366 335/615/338
f 337/653/340 336/616/339 296/540/299
f 318/581/321 336/616/339 362/652/366
f 360/649/364 337/617/340 316/579/319
f 335/615/338 363/654/367 319/584/322
f 364/655/368 338/618/341 319/584/322
f 297/542/300 338/618/341 339/619/342
f 340/656/343 298/585/301 339/619/342
f 340/620/343 341/657/344 299/587/302
f 342/622/345 300/549/303 341/621/344
f 320/589/323 342/622/345 365/658/369
f 343/623/346 320/590/323 365/659/369
f 321/624/324 343/623/346 366/660/370
f 344/625/347 348/629/351 305/555/308
f 344/625/347 302/551/305 345/626/348
f 367/661/371 345/626/348 303/552/306
f 346/627/349 304/554/307 347/628/350
f 367/661/371 303/552/306 346/627/349
f 347/662/350 321/624/324 366/660/370
f 348/629/351 349/630/352 306/556/309
f 368/663/372 322/593/325 349/630/352
f 322/593/325 369/664/373 324/594/326
f 370/665/374 323/631/353 324/594/326
f 350/632/354 371/666/375 325/596/328
f 351/633/355 326/597/329 372/667/376
f 373/668/377 327/669/330 328/599/331
f 329/600/332 327/637/330 374/670/378
f 375/671/379 328/599/331 351/633/355
f 376/672/380 352/638/356 329/600/332
f 352/638/356 353/639/357 310/567/313
f 519/673/381 354/674/358 311/675/314
f 354/640/358 377/676/382 330/641/333
f 355/642/359 356/677/360 313/643/316
f 377/676/382 355/642/359 330/641/333
f 356/644/360 357/646/361 314/574/317
f 378/678/383 331/645/334 332/608/335
f 332/608/335 357/646/361 379/679/384
f 358/647/362 331/610/334 378/680/383
f 372/667/376 326/597/329 358/647/362
f 325/596/328 371/666/375 333/612/336
f 380/681/385 359/648/363 333/612/336
f 317/580/320 361/650/365 360/649/364
f 334/682/337 381/683/386 361/684/365
f 359/648/363 382/685/387 334/682/337
f 362/652/366 363/654/367 335/615/338
f 337/686/340 383/687/388 336/688/339
f 336/688/339 384/689/389 362/690/366
f 360/691/364 385/692/390 337/686/340
f 363/693/367 364/694/368 319/695/322
f 364/696/368 386/697/391 338/698/341
f 338/618/341 387/699/392 339/619/342
f 340/620/343 339/700/342 388/701/393
f 340/620/343 389/702/394 341/657/344
f 342/703/345 341/704/344 390/705/395
f 365/706/369 342/707/345 391/708/396
f 343/623/346 365/659/369 392/709/397
f 366/660/370 343/623/346 392/709/397
f 393/710/398 348/629/351 344/625/347
f 394/711/399 344/712/347 345/713/348
f 395/714/400 345/713/348 367/715/371
f 346/716/349 347/717/350 396/718/401
f 367/715/371 346/716/349 397/719/402
f 347/717/350 366/720/370 398/721/403
f 399/722/404 349/630/352 348/629/351
f 368/663/372 369/664/373 322/593/325
f 400/723/405 368/663/372 349/630/352
f 369/664/373 370/665/374 324/594/326
f 350/632/354 401/724/406 371/666/375
f 351/633/355 372/667/376 402/725/407
f 373/726/377 374/670/378 327/637/330
f 373/668/377 328/599/331 375/671/379
f 376/672/380 329/600/332 374/670/378
f 375/671/379 351/633/355 402/725/407
f 376/672/380 403/727/408 352/638/356
f 352/638/356 404/728/409 353/639/357
f 460/729/410 516/730/411 517/731/412
f 405/732/413 460/733/410 355/642/359
f 517/731/412 518/734/414 406/735/415
f 378/678/383 332/608/335 379/679/384
f 379/679/384 357/646/361 407/736/416
f 408/737/417 358/647/362 378/680/383
f 372/667/376 358/647/362 408/737/417
f 380/681/385 333/612/336 371/666/375
f 380/681/385 409/738/418 359/648/363
f 361/684/365 385/692/390 360/691/364
f 334/682/337 382/685/387 381/683/386
f 361/684/365 381/683/386 385/692/390
f 359/648/363 409/738/418 382/685/387
f 362/652/366 410/739/419 363/654/367
f 337/686/340 385/692/390 383/687/388
f 336/688/339 383/687/388 384/689/389
f 384/740/389 410/741/419 362/742/366
f 363/743/367 411/744/420 364/696/368
f 364/696/368 412/745/421 386/697/391
f 338/698/341 386/697/391 387/746/392
f 387/699/392 388/747/393 339/619/342
f 340/620/343 388/701/393 389/702/394
f 389/702/394 390/748/395 341/657/344
f 342/707/345 390/748/395 391/708/396
f 365/706/369 391/708/396 413/749/422
f 392/709/397 365/659/369 414/750/423
f 366/660/370 392/709/397 415/751/424
f 393/710/398 399/722/404 348/629/351
f 394/711/399 393/752/398 344/712/347
f 394/711/399 345/713/348 395/714/400
f 395/714/400 367/715/371 416/753/425
f 396/718/401 347/717/350 417/754/426
f 397/719/402 346/716/349 396/718/401
f 416/753/425 367/715/371 397/719/402
f 398/755/403 366/660/370 415/751/424
f 417/754/426 347/717/350 398/721/403
f 400/723/405 349/630/352 399/722/404
f 368/663/372 418/756/427 369/664/373
f 400/723/405 419/757/428 368/663/372
f 420/758/429 370/665/374 369/664/373
f 421/759/430 371/666/375 401/724/406
f 402/725/407 372/667/376 423/760/431
f 373/726/377 424/761/432 374/670/378
f 373/668/377 375/671/379 425/762/433
f 426/763/434 376/672/380 374/670/378
f 375/671/379 402/725/407 427/764/435
f 376/672/380 428/765/436 403/727/408
f 352/638/356 403/727/408 404/728/409
f 460/733/410 517/766/412 355/642/359
f 406/735/415 518/734/414 461/767/437
f 353/768/357 404/769/409 429/770/438
f 357/646/361 461/767/437 407/736/416
f 378/680/383 379/771/384 430/772/439
f 379/679/384 407/736/416 431/773/440
f 408/737/417 378/680/383 430/772/439
f 372/667/376 408/737/417 423/760/431
f 421/759/430 380/681/385 371/666/375
f 432/774/441 409/738/418 380/681/385
f 382/685/387 433/775/442 381/683/386
f 381/683/386 434/776/443 385/692/390
f 409/738/418 435/777/444 382/685/387
f 410/778/419 436/779/445 363/780/367
f 434/776/443 383/687/388 385/692/390
f 437/781/446 384/689/389 383/687/388
f 384/740/389 438/782/447 410/741/419
f 436/779/445 411/783/420 363/780/367
f 364/696/368 411/744/420 412/745/421
f 412/745/421 439/784/448 386/697/391
f 386/697/391 440/785/449 387/746/392
f 387/699/392 441/786/450 388/747/393
f 389/702/394 388/701/393 442/787/451
f 389/702/394 443/788/452 390/748/395
f 391/708/396 390/748/395 444/789/453
f 391/708/396 445/790/454 413/749/422
f 365/659/369 413/791/422 414/750/423
f 392/709/397 414/750/423 446/792/455
f 415/751/424 392/709/397 446/792/455
f 447/793/456 399/794/404 393/752/398
f 448/795/457 393/752/398 394/711/399
f 449/796/458 394/711/399 395/714/400
f 450/797/459 395/714/400 416/753/425
f 451/798/460 396/718/401 417/754/426
f 397/719/402 396/718/401 433/775/442
f 416/753/425 397/719/402 435/777/444
f 398/721/403 415/799/424 452/800/461
f 417/754/426 398/721/403 453/801/462
f 454/802/463 400/723/405 399/722/404
f 368/663/372 419/757/428 418/756/427
f 420/758/429 369/664/373 418/756/427
f 455/803/464 419/757/428 400/723/405
f 456/804/465 421/759/430 401/724/406
f 422/805/466 456/804/465 401/724/406
f 402/725/407 423/760/431 457/806/467
f 373/668/377 425/762/433 424/807/432
f 426/763/434 374/670/378 424/761/432
f 425/762/433 375/671/379 427/764/435
f 426/763/434 428/765/436 376/672/380
f 402/725/407 457/806/467 427/764/435
f 428/765/436 458/808/468 403/727/408
f 404/728/409 403/727/408 459/809/469
f 355/642/359 377/676/382 405/732/413
f 404/769/409 486/810/470 429/770/438
f 406/735/415 461/767/437 357/646/361
f 430/772/439 379/771/384 431/811/440
f 431/773/440 407/736/416 462/812/471
f 408/737/417 430/772/439 463/813/472
f 423/760/431 408/737/417 463/813/472
f 421/759/430 432/774/441 380/681/385
f 432/774/441 464/814/473 409/738/418
f 382/685/387 435/777/444 433/775/442
f 433/775/442 451/798/460 381/683/386
f 381/683/386 451/798/460 434/776/443
f 409/738/418 464/814/473 435/777/444
f 465/815/474 436/816/445 410/817/419
f 434/776/443 437/781/446 383/687/388
f 437/818/446 438/782/447 384/740/389
f 438/782/447 465/819/474 410/741/419
f 436/779/445 466/820/475 411/783/420
f 466/821/475 412/822/421 411/823/420
f 412/822/421 467/824/476 439/825/448
f 386/697/391 439/784/448 440/785/449
f 387/746/392 440/785/449 441/826/450
f 388/747/393 441/786/450 442/827/451
f 389/702/394 442/787/451 443/788/452
f 390/748/395 443/788/452 468/828/477
f 390/748/395 468/828/477 444/789/453
f 391/708/396 444/789/453 445/790/454
f 413/791/422 445/829/454 469/830/478
f 414/750/423 413/791/422 470/831/479
f 446/792/455 414/750/423 471/832/480
f 415/751/424 446/792/455 472/833/481
f 454/834/463 399/794/404 447/793/456
f 447/793/456 393/752/398 448/795/457
f 449/796/458 448/795/457 394/711/399
f 449/796/458 395/714/400 450/797/459
f 450/797/459 416/753/425 464/814/473
f 433/775/442 396/718/401 451/798/460
f 451/798/460 417/754/426 473/835/482
f 435/777/444 397/719/402 433/775/442
f 464/814/473 416/753/425 435/777/444
f 452/800/461 415/799/424 472/836/481
f 453/801/462 398/721/403 452/800/461
f 417/754/426 453/801/462 473/835/482
f 454/802/463 455/803/464 400/723/405
f 474/837/483 418/756/427 419/757/428
f 475/838/484 420/758/429 418/756/427
f 455/803/464 476/839/485 419/757/428
f 456/804/465 477/840/486 421/759/430
f 478/841/487 456/804/465 422/805/466
f 457/806/467 423/760/431 479/842/488
f 425/762/433 480/843/489 424/807/432
f 426/763/434 424/761/432 481/844/490
f 425/762/433 427/764/435 482/845/491
f 426/763/434 483/846/492 428/765/436
f 427/764/435 457/806/467 484/847/493
f 428/765/436 485/848/494 458/808/468
f 458/808/468 459/809/469 403/727/408
f 404/769/409 459/849/469 486/810/470
f 353/639/357 519/850/381 311/568/314
f 406/851/415 356/677/360 355/642/359
f 517/731/412 406/735/415 355/852/359
f 407/736/416 461/767/437 462/812/471
f 430/772/439 431/811/440 487/853/495
f 431/854/440 462/855/471 488/856/496
f 463/813/472 430/772/439 487/853/495
f 423/760/431 463/813/472 479/842/488
f 477/840/486 432/774/441 421/759/430
f 432/774/441 489/857/497 464/814/473
f 434/776/443 451/798/460 473/835/482
f 465/815/474 490/858/498 436/816/445
f 434/776/443 473/835/482 437/781/446
f 437/818/446 491/859/499 438/782/447
f 492/860/500 465/815/474 438/861/447
f 436/816/445 490/858/498 466/862/475
f 466/821/475 467/824/476 412/822/421
f 467/824/476 493/863/501 439/825/448
f 440/785/449 439/784/448 494/864/502
f 495/865/503 441/826/450 440/785/449
f 496/866/504 442/827/451 441/786/450
f 442/787/451 497/867/505 443/788/452
f 468/828/477 443/788/452 498/868/506
f 444/789/453 468/828/477 499/869/507
f 445/870/454 444/871/453 500/872/508
f 469/830/478 445/829/454 501/873/509
f 470/831/479 413/791/422 469/830/478
f 471/832/480 414/750/423 470/831/479
f 502/874/510 446/875/455 471/876/480
f 472/836/481 446/875/455 502/874/510
f 503/877/511 454/878/463 447/879/456
f 447/793/456 448/795/457 504/880/512
f 505/881/513 448/795/457 449/796/458
f 506/882/514 449/796/458 450/797/459
f 489/857/497 450/797/459 464/814/473
f 452/800/461 472/836/481 507/883/515
f 453/801/462 452/800/461 508/884/516
f 491/885/499 473/835/482 453/801/462
f 509/886/517 455/803/464 454/802/463
f 475/838/484 418/756/427 474/837/483
f 474/837/483 419/757/428 476/839/485
f 510/887/518 476/888/485 455/889/464
f 511/890/519 477/840/486 456/804/465
f 478/841/487 511/890/519 456/804/465
f 512/891/520 457/806/467 479/842/488
f 425/762/433 482/845/491 480/843/489
f 424/761/432 480/892/489 481/844/490
f 426/763/434 481/844/490 483/846/492
f 482/845/491 427/764/435 484/847/493
f 483/846/492 485/848/494 428/765/436
f 484/847/493 457/806/467 512/891/520
f 458/808/468 485/848/494 513/893/521
f 458/808/468 514/894/522 459/809/469
f 459/809/469 515/895/523 486/896/470
f 486/810/470 460/733/410 405/732/413
f 377/676/382 354/640/358 429/770/438
f 405/732/413 377/676/382 429/770/438
f 354/640/358 519/897/381 429/770/438
f 462/812/471 461/767/437 520/898/524
f 431/811/440 488/899/496 487/853/495
f 488/900/496 462/812/471 521/901/525
f 522/902/526 463/813/472 487/853/495
f 479/842/488 463/813/472 522/902/526
f 477/840/486 489/857/497 432/774/441
f 465/815/474 523/903/527 490/858/498
f 437/818/446 473/904/482 491/859/499
f 491/885/499 492/860/500 438/861/447
f 492/860/500 523/903/527 465/815/474
f 466/862/475 490/858/498 467/905/476
f 524/906/528 493/907/501 467/905/476
f 493/863/501 494/908/502 439/825/448
f 440/785/449 494/864/502 525/909/529
f 495/865/503 496/910/504 441/826/450
f 525/909/529 495/865/503 440/785/449
f 496/866/504 497/911/505 442/827/451
f 497/867/505 498/868/506 443/788/452
f 468/828/477 498/868/506 526/912/530
f 468/828/477 526/912/530 499/869/507
f 444/789/453 499/869/507 500/913/508
f 445/790/454 500/913/508 501/914/509
f 469/830/478 501/873/509 527/915/531
f 470/831/479 469/830/478 528/916/532
f 471/832/480 470/831/479 529/917/533
f 502/874/510 471/876/480 530/918/534
f 472/836/481 502/874/510 531/919/535
f 509/920/517 454/834/463 503/921/511
f 503/877/511 447/879/456 504/922/512
f 505/881/513 504/880/512 448/795/457
f 505/881/513 449/796/458 506/882/514
f 506/882/514 450/797/459 489/857/497
f 472/836/481 531/919/535 507/883/515
f 452/800/461 507/883/515 508/884/516
f 491/885/499 453/801/462 508/884/516
f 509/886/517 510/923/518 455/803/464
f 532/924/536 475/838/484 474/837/483
f 533/925/537 474/837/483 476/839/485
f 533/926/537 476/888/485 510/887/518
f 511/890/519 534/927/538 477/840/486
f 658/928/539 535/929/540 611/930/541
f 512/891/520 479/842/488 536/931/542
f 480/843/489 482/845/491 537/932/543
f 480/892/489 538/933/544 481/844/490
f 481/934/490 539/935/545 483/936/492
f 540/937/546 482/845/491 484/847/493
f 483/846/492 541/938/547 485/848/494
f 542/939/548 484/847/493 512/891/520
f 485/848/494 543/940/549 513/893/521
f 458/808/468 513/893/521 514/894/522
f 459/809/469 514/894/522 515/895/523
f 486/941/470 515/942/523 544/943/550
f 460/729/410 544/944/550 516/730/411
f 429/770/438 486/810/470 405/732/413
f 357/646/361 356/644/360 406/735/415
f 461/767/437 518/734/414 545/945/551
f 544/944/550 460/729/410 486/946/470
f 429/770/438 519/897/381 353/768/357
f 461/767/437 545/945/551 520/898/524
f 462/812/471 520/898/524 521/901/525
f 546/947/552 487/853/495 488/899/496
f 488/948/496 521/949/525 547/950/553
f 522/902/526 487/853/495 546/947/552
f 479/842/488 522/902/526 536/931/542
f 534/927/538 489/857/497 477/840/486
f 490/858/498 523/903/527 524/906/528
f 491/885/499 508/884/516 492/860/500
f 492/860/500 548/951/554 523/903/527
f 490/858/498 524/906/528 467/905/476
f 524/906/528 549/952/555 493/907/501
f 493/907/501 525/953/529 494/954/502
f 550/955/556 496/956/504 495/957/503
f 549/952/555 495/958/503 525/953/529
f 496/866/504 551/959/557 497/911/505
f 497/911/505 552/960/558 498/961/506
f 498/868/506 553/962/559 526/912/530
f 499/869/507 526/912/530 554/963/560
f 499/869/507 555/964/561 500/913/508
f 501/914/509 500/913/508 556/965/562
f 527/915/531 501/873/509 557/966/563
f 469/830/478 527/915/531 528/916/532
f 529/917/533 470/831/479 528/916/532
f 471/876/480 529/967/533 530/918/534
f 502/874/510 530/918/534 558/968/564
f 531/919/535 502/874/510 558/968/564
f 559/969/565 509/920/517 503/921/511
f 560/970/566 503/921/511 504/880/512
f 561/971/567 504/880/512 505/881/513
f 562/972/568 505/881/513 506/882/514
f 534/927/538 506/882/514 489/857/497
f 507/883/515 531/919/535 563/973/569
f 508/884/516 507/883/515 548/951/554
f 564/974/570 510/887/518 509/920/517
f 533/925/537 532/924/536 474/837/483
f 565/975/571 533/926/537 510/887/518
f 511/890/519 566/976/572 534/927/538
f 615/977/573 611/930/541 535/929/540
f 512/891/520 536/931/542 568/978/574
f 540/937/546 537/932/543 482/845/491
f 480/843/489 537/932/543 538/979/544
f 538/933/544 539/980/545 481/844/490
f 539/980/545 541/938/547 483/846/492
f 540/937/546 484/847/493 542/939/548
f 541/938/547 543/940/549 485/848/494
f 542/939/548 512/891/520 568/978/574
f 543/940/549 569/981/575 513/893/521
f 513/893/521 570/982/576 514/894/522
f 514/894/522 571/983/577 515/895/523
f 572/984/578 544/943/550 515/942/523
f 544/943/550 573/985/579 516/986/411
f 516/730/411 574/987/580 517/731/412
f 517/731/412 575/988/581 518/734/414
f 545/945/551 518/734/414 575/988/581
f 545/945/551 576/989/582 520/898/524
f 521/901/525 520/898/524 577/990/583
f 546/947/552 488/899/496 547/991/553
f 547/991/553 521/992/525 578/993/584
f 522/902/526 546/947/552 579/994/585
f 522/902/526 579/994/585 536/931/542
f 524/906/528 523/903/527 580/995/586
f 508/884/516 548/951/554 492/860/500
f 548/951/554 580/995/586 523/903/527
f 524/906/528 580/995/586 549/952/555
f 493/907/501 549/952/555 525/953/529
f 550/996/556 581/997/587 496/866/504
f 582/998/588 550/999/556 495/958/503
f 549/952/555 582/998/588 495/958/503
f 581/997/587 551/959/557 496/866/504
f 551/959/557 552/960/558 497/911/505
f 552/960/558 553/1000/559 498/961/506
f 526/912/530 553/962/559 554/963/560
f 499/869/507 554/963/560 555/964/561
f 500/913/508 555/964/561 556/965/562
f 501/914/509 556/965/562 557/1001/563
f 583/1002/589 527/915/531 557/966/563
f 584/1003/590 528/916/532 527/915/531
f 529/917/533 528/916/532 585/1004/591
f 530/1005/534 529/1006/533 586/1007/592
f 530/918/534 587/1008/593 558/968/564
f 531/919/535 558/968/564 588/1009/594
f 559/969/565 564/974/570 509/920/517
f 559/969/565 503/921/511 560/970/566
f 560/970/566 504/880/512 561/971/567
f 561/971/567 505/881/513 562/972/568
f 534/927/538 562/972/568 506/882/514
f 563/973/569 531/919/535 588/1009/594
f 507/883/515 563/973/569 548/951/554
f 564/974/570 565/975/571 510/887/518
f 589/1010/595 532/924/536 533/925/537
f 590/1011/596 533/926/537 565/975/571
f 567/1012/597 566/976/572 511/890/519
f 566/976/572 562/972/568 534/927/538
f 568/978/574 536/931/542 579/994/585
f 591/1013/598 537/932/543 540/937/546
f 538/1014/544 537/1015/543 592/1016/599
f 538/1014/544 592/1016/599 539/1017/545
f 539/980/545 593/1018/600 541/938/547
f 540/937/546 542/939/548 594/1019/601
f 541/938/547 595/1020/602 543/940/549
f 542/939/548 568/978/574 596/1021/603
f 543/1022/549 597/1023/604 569/1024/575
f 513/893/521 569/981/575 570/982/576
f 514/894/522 570/982/576 571/983/577
f 571/1025/577 572/984/578 515/942/523
f 572/984/578 573/985/579 544/943/550
f 516/986/411 573/985/579 574/1026/580
f 574/987/580 575/988/581 517/731/412
f 545/945/551 575/988/581 598/1027/605
f 545/945/551 598/1027/605 576/989/582
f 577/990/583 520/898/524 576/989/582
f 578/1028/584 521/1029/525 577/1030/583
f 546/947/552 547/991/553 599/1031/606
f 547/991/553 578/993/584 600/1032/607
f 579/994/585 546/947/552 599/1031/606
f 548/951/554 563/973/569 580/995/586
f 580/995/586 582/998/588 549/952/555
f 601/1033/608 581/1034/587 550/1035/556
f 588/1009/594 550/999/556 582/998/588
f 581/997/587 602/1036/609 551/959/557
f 551/959/557 603/1037/610 552/960/558
f 552/960/558 604/1038/611 553/1000/559
f 553/962/559 605/1039/612 554/963/560
f 555/964/561 554/963/560 606/1040/613
f 556/965/562 555/964/561 607/1041/614
f 557/1001/563 556/965/562 608/1042/615
f 584/1003/590 527/915/531 583/1002/589
f 583/1002/589 557/966/563 609/1043/616
f 585/1004/591 528/916/532 584/1003/590
f 529/917/533 585/1004/591 586/1044/592
f 610/1045/617 530/1005/534 586/1007/592
f 610/1045/617 587/1046/593 530/1005/534
f 558/1047/564 587/1048/593 601/1049/608
f 558/968/564 601/1050/608 588/1009/594
f 611/930/541 564/974/570 559/969/565
f 559/969/565 560/970/566 612/1051/618
f 613/1052/619 560/970/566 561/971/567
f 614/1053/620 561/971/567 562/972/568
f 563/973/569 588/1009/594 582/998/588
f 615/977/573 565/975/571 564/974/570
f 590/1011/596 589/1054/595 533/926/537
f 616/1055/621 590/1056/596 565/1057/571
f 617/1058/622 566/976/572 567/1012/597
f 614/1053/620 562/972/568 566/976/572
f 568/978/574 579/994/585 618/1059/623
f 592/1016/599 537/1015/543 591/1060/598
f 591/1013/598 540/937/546 594/1019/601
f 539/980/545 592/1061/599 593/1018/600
f 593/1018/600 595/1020/602 541/938/547
f 594/1019/601 542/939/548 596/1021/603
f 595/1062/602 597/1023/604 543/1022/549
f 596/1021/603 568/978/574 619/1063/624
f 597/1023/604 620/1064/625 569/1024/575
f 569/1024/575 621/1065/626 570/1066/576
f 570/1067/576 621/1068/626 571/1025/577
f 571/1025/577 622/1069/627 572/984/578
f 572/984/578 623/1070/628 573/985/579
f 573/985/579 624/1071/629 574/1026/580
f 574/1026/580 625/1072/630 575/1073/581
f 575/1073/581 625/1072/630 598/1074/605
f 626/1075/631 576/1076/582 598/1077/605
f 577/1030/583 576/1076/582 627/1078/632
f 578/1028/584 577/1030/583 628/1079/633
f 599/1031/606 547/991/553 600/1032/607
f 600/1080/607 578/1028/584 629/1081/634
f 579/994/585 599/1031/606 618/1059/623
f 563/973/569 582/998/588 580/995/586
f 601/1033/608 630/1082/635 581/1034/587
f 601/1083/608 550/1084/556 588/1085/594
f 630/1082/635 602/1086/609 581/1034/587
f 551/959/557 602/1036/609 603/1037/610
f 552/960/558 603/1037/610 631/1087/636
f 552/960/558 631/1087/636 604/1038/611
f 605/1088/612 553/1000/559 604/1038/611
f 606/1040/613 554/963/560 605/1039/612
f 555/964/561 606/1040/613 607/1041/614
f 556/965/562 607/1041/614 608/1042/615
f 557/966/563 608/1089/615 609/1043/616
f 584/1003/590 583/1002/589 632/1090/637
f 583/1002/589 609/1043/616 633/1091/638
f 634/1092/639 585/1004/591 584/1003/590
f 635/1093/640 586/1044/592 585/1004/591
f 610/1094/617 586/1095/592 636/1096/641
f 610/1094/617 637/1097/642 587/1098/593
f 587/1098/593 630/1082/635 601/1033/608
f 615/977/573 564/974/570 611/930/541
f 611/930/541 559/969/565 612/1051/618
f 612/1051/618 560/970/566 613/1052/619
f 613/1052/619 561/971/567 614/1053/620
f 615/977/573 616/1099/621 565/975/571
f 617/1058/622 614/1053/620 566/976/572
f 568/978/574 618/1059/623 619/1063/624
f 592/1061/599 591/1100/598 638/1101/643
f 591/1102/598 594/1103/601 639/1104/644
f 592/1061/599 638/1101/643 593/1018/600
f 593/1105/600 640/1106/645 595/1062/602
f 594/1019/601 596/1021/603 641/1107/646
f 595/1062/602 642/1108/647 597/1023/604
f 596/1021/603 619/1063/624 643/1109/648
f 597/1023/604 644/1110/649 620/1064/625
f 569/1024/575 620/1064/625 621/1065/626
f 571/1025/577 621/1068/626 622/1069/627
f 572/984/578 622/1069/627 623/1070/628
f 623/1070/628 624/1071/629 573/985/579
f 574/1026/580 624/1071/629 625/1072/630
f 645/1111/650 598/1074/605 625/1072/630
f 626/1075/631 627/1078/632 576/1076/582
f 645/1111/650 626/1112/631 598/1074/605
f 628/1079/633 577/1030/583 627/1078/632
f 629/1081/634 578/1028/584 628/1079/633
f 646/1113/651 599/1031/606 600/1032/607
f 647/1114/652 600/1080/607 629/1081/634
f 618/1059/623 599/1031/606 646/1113/651
f 630/1082/635 648/1115/653 602/1086/609
f 602/1116/609 649/1117/654 603/1118/610
f 603/1037/610 650/1119/655 631/1087/636
f 604/1038/611 631/1087/636 651/1120/656
f 606/1040/613 605/1039/612 652/1121/657
f 607/1041/614 606/1040/613 653/1122/658
f 607/1041/614 654/1123/659 608/1042/615
f 609/1043/616 608/1089/615 655/1124/660
f 632/1090/637 583/1002/589 633/1091/638
f 634/1092/639 584/1003/590 632/1090/637
f 633/1091/638 609/1043/616 656/1125/661
f 635/1093/640 585/1004/591 634/1092/639
f 635/1126/640 636/1096/641 586/1095/592
f 610/1094/617 636/1096/641 657/1127/662
f 610/1094/617 657/1127/662 637/1097/642
f 587/1098/593 637/1097/642 630/1082/635
f 658/928/539 611/930/541 612/1051/618
f 659/1128/663 612/1051/618 613/1052/619
f 660/1129/664 613/1052/619 614/1053/620
f 617/1058/622 660/1129/664 614/1053/620
f 619/1063/624 618/1059/623 661/1130/665
f 638/1131/643 591/1102/598 639/1104/644
f 639/1104/644 594/1103/601 641/1132/646
f 638/1131/643 640/1106/645 593/1105/600
f 595/1062/602 640/1106/645 642/1108/647
f 596/1021/603 643/1109/648 641/1107/646
f 642/1108/647 644/1110/649 597/1023/604
f 643/1109/648 619/1063/624 662/1133/666
f 644/1110/649 663/1134/667 620/1064/625
f 620/1135/625 664/1136/668 621/1068/626
f 622/1069/627 621/1068/626 664/1136/668
f 665/1137/669 623/1070/628 622/1069/627
f 666/1138/670 624/1071/629 623/1070/628
f 667/1139/671 625/1072/630 624/1071/629
f 667/1139/671 645/1111/650 625/1072/630
f 668/1140/672 627/1078/632 626/1075/631
f 669/1141/673 626/1112/631 645/1111/650
f 628/1079/633 627/1078/632 670/1142/674
f 629/1081/634 628/1079/633 671/1143/675
f 646/1113/651 600/1032/607 647/1144/652
f 647/1114/652 629/1081/634 672/1145/676
f 618/1059/623 646/1113/651 661/1130/665
f 637/1097/642 648/1115/653 630/1082/635
f 648/1146/653 649/1117/654 602/1116/609
f 649/1147/654 650/1119/655 603/1037/610
f 650/1119/655 673/1148/677 631/1087/636
f 651/1120/656 631/1087/636 673/1148/677
f 604/1038/611 651/1120/656 605/1088/612
f 605/1088/612 651/1120/656 652/1149/657
f 606/1040/613 652/1121/657 653/1122/658
f 607/1041/614 653/1122/658 654/1123/659
f 655/1150/660 608/1042/615 654/1123/659
f 609/1043/616 655/1124/660 656/1125/661
f 674/1151/678 632/1090/637 633/1091/638
f 634/1092/639 632/1090/637 675/1152/679
f 633/1091/638 656/1125/661 676/1153/680
f 635/1093/640 634/1092/639 677/1154/681
f 635/1126/640 678/1155/682 636/1096/641
f 636/1096/641 679/1156/683 657/1127/662
f 637/1097/642 657/1127/662 680/1157/684
f 658/928/539 612/1051/618 659/1128/663
f 659/1128/663 613/1052/619 660/1129/664
f 619/1063/624 661/1130/665 662/1133/666
f 638/1131/643 639/1104/644 681/1158/685
f 639/1104/644 641/1132/646 682/1159/686
f 638/1131/643 681/1158/685 640/1106/645
f 640/1106/645 683/1160/687 642/1108/647
f 641/1107/646 643/1109/648 684/1161/688
f 642/1108/647 685/1162/689 644/1110/649
f 643/1109/648 662/1133/666 686/1163/690
f 644/1110/649 687/1164/691 663/1134/667
f 620/1135/625 663/1165/667 664/1136/668
f 622/1069/627 664/1136/668 665/1137/669
f 665/1137/669 666/1138/670 623/1070/628
f 666/1138/670 667/1139/671 624/1071/629
f 688/1166/692 645/1111/650 667/1139/671
f 668/1140/672 670/1142/674 627/1078/632
f 668/1167/672 626/1112/631 669/1141/673
f 688/1166/692 669/1141/673 645/1111/650
f 671/1143/675 628/1079/633 670/1142/674
f 672/1145/676 629/1081/634 671/1143/675
f 646/1113/651 647/1144/652 689/1168/693
f 690/1169/694 647/1114/652 672/1145/676
f 661/1130/665 646/1113/651 689/1168/693
f 637/1097/642 680/1157/684 648/1115/653
f 648/1115/653 691/1170/695 649/1171/654
f 649/1147/654 692/1172/696 650/1119/655
f 650/1119/655 693/1173/697 673/1148/677
f 651/1120/656 673/1148/677 694/1174/698
f 652/1149/657 651/1120/656 694/1174/698
f 652/1121/657 695/1175/699 653/1122/658
f 654/1123/659 653/1122/658 696/1176/700
f 655/1150/660 654/1123/659 697/1177/701
f 656/1125/661 655/1124/660 698/1178/702
f 675/1152/679 632/1090/637 674/1151/678
f 674/1151/678 633/1091/638 676/1153/680
f 634/1092/639 675/1152/679 677/1154/681
f 676/1153/680 656/1125/661 699/1179/703
f 635/1126/640 677/1180/681 678/1155/682
f 636/1096/641 678/1155/682 679/1156/683
f 700/1181/704 657/1127/662 679/1156/683
f 680/1182/684 657/1183/662 700/1184/704
f 662/1133/666 661/1130/665 701/1185/705
f 681/1158/685 639/1104/644 682/1159/686
f 641/1132/646 684/1186/688 682/1159/686
f 681/1158/685 683/1160/687 640/1106/645
f 683/1160/687 685/1162/689 642/1108/647
f 684/1161/688 643/1109/648 686/1163/690
f 685/1162/689 687/1164/691 644/1110/649
f 662/1133/666 702/1187/706 686/1163/690
f 687/1188/691 703/1189/707 663/1165/667
f 663/1165/667 704/1190/708 664/1136/668
f 664/1136/668 704/1190/708 665/1137/669
f 665/1137/669 704/1190/708 666/1138/670
f 666/1138/670 705/1191/709 667/1139/671
f 705/1191/709 688/1166/692 667/1139/671
f 668/1140/672 706/1192/710 670/1142/674
f 707/1193/711 668/1167/672 669/1141/673
f 708/1194/712 669/1141/673 688/1166/692
f 709/1195/713 671/1143/675 670/1142/674
f 672/1196/676 671/1197/675 710/1198/714
f 689/1168/693 647/1144/652 690/1199/694
f 690/1169/694 672/1145/676 711/1200/715
f 701/1185/705 661/1130/665 689/1168/693
f 680/1157/684 691/1170/695 648/1115/653
f 691/1170/695 692/1201/696 649/1171/654
f 650/1119/655 692/1172/696 693/1173/697
f 673/1148/677 693/1173/697 712/1202/716
f 673/1148/677 712/1202/716 694/1174/698
f 652/1149/657 694/1174/698 695/1203/699
f 695/1175/699 713/1204/717 653/1122/658
f 653/1122/658 713/1204/717 696/1176/700
f 654/1123/659 696/1176/700 697/1177/701
f 655/1150/660 697/1177/701 698/1205/702
f 656/1125/661 698/1178/702 699/1179/703
f 675/1152/679 674/1151/678 714/1206/718
f 674/1151/678 676/1153/680 715/1207/719
f 677/1154/681 675/1152/679 716/1208/720
f 676/1153/680 699/1179/703 717/1209/721
f 677/1180/681 718/1210/722 678/1155/682
f 678/1155/682 719/1211/723 679/1156/683
f 720/1212/724 700/1213/704 679/1214/683
f 680/1215/684 700/1216/704 721/1217/725
f 662/1133/666 701/1185/705 702/1187/706
f 681/1158/685 682/1159/686 722/1218/726
f 682/1159/686 684/1186/688 723/1219/727
f 681/1158/685 722/1218/726 683/1160/687
f 683/1160/687 724/1220/728 685/1162/689
f 684/1186/688 686/1221/690 725/1222/729
f 685/1162/689 726/1223/730 687/1164/691
f 702/1187/706 727/1224/731 686/1163/690
f 687/1188/691 728/1225/732 703/1189/707
f 663/1165/667 703/1189/707 704/1190/708
f 704/1190/708 705/1191/709 666/1138/670
f 705/1191/709 729/1226/733 688/1166/692
f 707/1227/711 706/1192/710 668/1140/672
f 706/1192/710 709/1195/713 670/1142/674
f 708/1194/712 707/1193/711 669/1141/673
f 729/1226/733 708/1194/712 688/1166/692
f 710/1198/714 671/1197/675 709/1228/713
f 672/1145/676 710/1229/714 711/1200/715
f 730/1230/734 689/1168/693 690/1199/694
f 690/1169/694 711/1200/715 731/1231/735
f 701/1185/705 689/1168/693 730/1230/734
f 680/1232/684 721/1233/725 691/1234/695
f 691/1170/695 732/1235/736 692/1201/696
f 732/1236/736 693/1173/697 692/1172/696
f 693/1237/697 733/1238/737 712/1239/716
f 712/1202/716 734/1240/738 694/1174/698
f 694/1174/698 734/1240/738 695/1203/699
f 695/1175/699 735/1241/739 713/1204/717
f 696/1176/700 713/1204/717 736/1242/740
f 696/1176/700 737/1243/741 697/1177/701
f 698/1205/702 697/1177/701 738/1244/742
f 699/1179/703 698/1178/702 739/1245/743
f 674/1151/678 715/1207/719 714/1206/718
f 675/1152/679 714/1206/718 716/1208/720
f 676/1153/680 717/1209/721 715/1207/719
f 677/1154/681 716/1208/720 718/1246/722
f 717/1209/721 699/1179/703 740/1247/744
f 678/1155/682 718/1210/722 719/1211/723
f 720/1248/724 679/1156/683 719/1211/723
f 720/1248/724 741/1249/745 700/1181/704
f 700/1250/704 741/1251/745 721/1252/725
f 702/1187/706 701/1185/705 742/1253/746
f 682/1159/686 723/1219/727 722/1218/726
f 684/1186/688 725/1222/729 723/1219/727
f 683/1160/687 722/1218/726 724/1220/728
f 685/1162/689 724/1220/728 726/1223/730
f 725/1254/729 686/1163/690 727/1224/731
f 726/1255/730 728/1225/732 687/1188/691
f 702/1187/706 743/1256/747 727/1224/731
f 728/1225/732 729/1226/733 703/1189/707
f 704/1190/708 703/1189/707 705/1191/709
f 703/1189/707 729/1226/733 705/1191/709
f 706/1192/710 707/1227/711 744/1257/748
f 744/1257/748 709/1195/713 706/1192/710
f 708/1194/712 745/1258/749 707/1193/711
f 729/1226/733 746/1259/750 708/1194/712
f 710/1198/714 709/1228/713 747/1260/751
f 711/1200/715 710/1229/714 748/1261/752
f 730/1230/734 690/1199/694 731/1262/735
f 711/1200/715 749/1263/753 731/1231/735
f 742/1253/746 701/1185/705 730/1230/734
f 721/1264/725 732/1236/736 691/1265/695
f 732/1236/736 750/1266/754 693/1173/697
f 693/1173/697 750/1266/754 733/1267/737
f 712/1239/716 733/1238/737 751/1268/755
f 712/1239/716 751/1268/755 734/1269/738
f 713/1204/717 735/1241/739 736/1242/740
f 696/1176/700 736/1242/740 737/1243/741
f 738/1244/742 697/1177/701 737/1243/741
f 739/1270/743 698/1205/702 738/1244/742
f 699/1179/703 739/1245/743 740/1247/744
f 714/1206/718 715/1207/719 752/1271/756
f 716/1208/720 714/1206/718 753/1272/757
f 715/1207/719 717/1209/721 754/1273/758
f 755/1274/759 718/1246/722 716/1208/720
f 717/1209/721 740/1247/744 756/1275/760
f 757/1276/761 719/1211/723 718/1210/722
f 720/1248/724 719/1211/723 758/1277/762
f 720/1248/724 759/1278/763 741/1249/745
f 741/1249/745 760/1279/764 721/1280/725
f 702/1187/706 742/1253/746 743/1256/747
f 723/1219/727 761/1281/765 722/1218/726
f 723/1219/727 725/1222/729 762/1282/766
f 722/1218/726 761/1281/765 724/1220/728
f 726/1223/730 724/1220/728 763/1283/767
f 725/1254/729 727/1224/731 764/1284/768
f 726/1285/730 765/1286/769 728/1287/732
f 727/1224/731 743/1256/747 766/1288/770
f 728/1225/732 746/1259/750 729/1226/733
f 707/1193/711 745/1258/749 744/1289/748
f 709/1290/713 744/1289/748 747/1291/751
f 708/1194/712 746/1259/750 745/1258/749
f 710/1229/714 747/1292/751 748/1261/752
f 711/1200/715 748/1261/752 749/1263/753
f 730/1230/734 731/1262/735 767/1293/771
f 768/1294/772 731/1231/735 749/1263/753
f 742/1253/746 730/1230/734 767/1293/771
f 721/1264/725 760/1295/764 732/1236/736
f 732/1236/736 760/1295/764 750/1266/754
f 750/1266/754 769/1296/773 733/1267/737
f 733/1267/737 770/1297/774 751/1298/755
f 734/1269/738 751/1268/755 771/1299/775
f 735/1300/739 695/1203/699 734/1240/738
f 736/1242/740 735/1241/739 773/1301/776
f 736/1242/740 774/1302/777 737/1243/741
f 738/1244/742 737/1243/741 775/1303/778
f 739/1270/743 738/1244/742 776/1304/779
f 740/1247/744 739/1245/743 777/1305/780
f 752/1271/756 715/1207/719 754/1273/758
f 753/1272/757 714/1206/718 752/1271/756
f 755/1274/759 716/1208/720 753/1272/757
f 754/1273/758 717/1209/721 756/1275/760
f 757/1276/761 718/1210/722 755/1306/759
f 756/1275/760 740/1247/744 778/1307/781
f 757/1276/761 758/1277/762 719/1211/723
f 720/1248/724 758/1277/762 759/1278/763
f 759/1278/763 779/1308/782 741/1249/745
f 741/1249/745 779/1308/782 760/1279/764
f 742/1253/746 780/1309/783 743/1256/747
f 723/1219/727 762/1282/766 761/1281/765
f 725/1222/729 764/1310/768 762/1282/766
f 761/1281/765 763/1283/767 724/1220/728
f 726/1223/730 763/1283/767 765/1311/769
f 764/1284/768 727/1224/731 766/1288/770
f 765/1312/769 781/1313/784 728/1225/732
f 766/1314/770 743/1315/747 782/1316/785
f 728/1225/732 781/1313/784 746/1259/750
f 745/1317/749 783/1318/786 744/1319/748
f 784/1320/787 747/1291/751 744/1289/748
f 746/1259/750 785/1321/788 745/1258/749
f 748/1261/752 747/1292/751 786/1322/789
f 749/1263/753 748/1261/752 787/1323/790
f 767/1293/771 731/1262/735 768/1324/772
f 768/1294/772 749/1263/753 788/1325/791
f 742/1253/746 767/1293/771 780/1309/783
f 760/1295/764 789/1326/792 750/1266/754
f 750/1266/754 789/1326/792 769/1296/773
f 769/1296/773 770/1297/774 733/1267/737
f 751/1298/755 770/1297/774 790/1327/793
f 751/1298/755 790/1327/793 771/1328/775
f 734/1269/738 771/1299/775 772/1329/794
f 772/1329/794 773/1301/776 735/1241/739
f 736/1242/740 773/1301/776 774/1302/777
f 775/1303/778 737/1243/741 774/1302/777
f 776/1304/779 738/1244/742 775/1303/778
f 739/1245/743 776/1330/779 777/1305/780
f 740/1247/744 777/1305/780 778/1307/781
f 752/1331/756 754/1332/758 791/1333/795
f 753/1272/757 752/1271/756 792/1334/796
f 755/1274/759 753/1272/757 793/1335/797
f 794/1336/798 754/1332/758 756/1337/760
f 757/1276/761 755/1306/759 795/1338/799
f 796/1339/800 756/1337/760 778/1340/781
f 757/1276/761 797/1341/801 758/1277/762
f 758/1277/762 798/1342/802 759/1278/763
f 759/1278/763 799/1343/803 779/1308/782
f 779/1344/782 789/1326/792 760/1295/764
f 743/1256/747 780/1309/783 782/1345/785
f 762/1346/766 800/1347/804 761/1348/765
f 762/1349/766 764/1284/768 801/1350/805
f 761/1348/765 800/1347/804 763/1351/767
f 763/1351/767 802/1352/806 765/1353/769
f 764/1284/768 766/1288/770 803/1354/807
f 765/1355/769 804/1356/808 781/1357/784
f 766/1314/770 782/1316/785 805/1358/809
f 781/1313/784 785/1321/788 746/1259/750
f 785/1321/788 783/1359/786 745/1258/749
f 783/1359/786 784/1320/787 744/1289/748
f 784/1320/787 786/1360/789 747/1291/751
f 787/1323/790 748/1261/752 786/1322/789
f 749/1263/753 787/1323/790 788/1325/791
f 806/1361/810 767/1293/771 768/1324/772
f 806/1362/810 768/1294/772 788/1325/791
f 780/1309/783 767/1293/771 806/1361/810
f 789/1326/792 807/1363/811 769/1296/773
f 769/1296/773 807/1363/811 770/1297/774
f 790/1327/793 770/1297/774 808/1364/812
f 790/1327/793 772/1365/794 771/1328/775
f 772/1329/794 809/1366/813 773/1301/776
f 773/1301/776 810/1367/814 774/1302/777
f 775/1303/778 774/1302/777 810/1367/814
f 776/1304/779 775/1303/778 811/1368/815
f 777/1305/780 776/1330/779 812/1369/816
f 778/1307/781 777/1305/780 813/1370/817
f 791/1333/795 754/1332/758 794/1336/798
f 752/1331/756 791/1333/795 792/1371/796
f 753/1272/757 792/1334/796 793/1335/797
f 755/1306/759 793/1372/797 795/1338/799
f 794/1336/798 756/1337/760 796/1339/800
f 757/1276/761 795/1338/799 797/1341/801
f 796/1339/800 778/1340/781 814/1373/818
f 758/1277/762 797/1341/801 798/1342/802
f 759/1278/763 798/1342/802 799/1343/803
f 779/1344/782 799/1374/803 815/1375/819
f 779/1344/782 815/1375/819 789/1326/792
f 782/1345/785 780/1309/783 816/1376/820
f 762/1346/766 801/1377/805 800/1347/804
f 764/1284/768 803/1354/807 801/1350/805
f 800/1347/804 817/1378/821 763/1351/767
f 763/1351/767 817/1378/821 802/1352/806
f 765/1353/769 802/1352/806 804/1379/808
f 766/1314/770 805/1358/809 803/1380/807
f 804/1356/808 818/1381/822 781/1357/784
f 805/1358/809 782/1316/785 819/1382/823
f 781/1357/784 820/1383/824 785/1384/788
f 785/1321/788 821/1385/825 783/1359/786
f 783/1359/786 822/1386/826 784/1320/787
f 784/1320/787 823/1387/827 786/1360/789
f 824/1388/828 787/1323/790 786/1322/789
f 788/1325/791 787/1323/790 825/1389/829
f 806/1362/810 788/1325/791 826/1390/830
f 780/1309/783 806/1361/810 816/1376/820
f 815/1375/819 807/1363/811 789/1326/792
f 770/1297/774 807/1363/811 808/1364/812
f 827/1391/831 790/1327/793 808/1364/812
f 772/1329/794 735/1241/739 734/1269/738
f 809/1392/813 772/1365/794 790/1327/793
f 773/1301/776 809/1366/813 810/1367/814
f 775/1303/778 810/1367/814 828/1393/832
f 811/1368/815 775/1303/778 828/1393/832
f 776/1304/779 811/1368/815 812/1394/816
f 813/1395/817 777/1396/780 812/1394/816
f 778/1340/781 813/1397/817 814/1373/818
f 829/1398/833 791/1333/795 794/1336/798
f 792/1371/796 791/1333/795 830/1399/834
f 793/1335/797 792/1334/796 831/1400/835
f 795/1338/799 793/1372/797 832/1401/836
f 833/1402/837 794/1336/798 796/1339/800
f 795/1338/799 834/1403/838 797/1341/801
f 833/1402/837 796/1339/800 814/1373/818
f 798/1342/802 797/1341/801 835/1404/839
f 798/1342/802 836/1405/840 799/1343/803
f 799/1374/803 837/1406/841 815/1375/819
f 782/1316/785 816/1407/820 819/1382/823
f 800/1347/804 801/1377/805 838/1408/842
f 839/1409/843 801/1350/805 803/1354/807
f 800/1347/804 838/1408/842 817/1378/821
f 840/1410/844 802/1352/806 817/1378/821
f 841/1411/845 804/1379/808 802/1352/806
f 842/1412/846 803/1354/807 805/1413/809
f 843/1414/847 818/1381/822 804/1356/808
f 818/1381/822 820/1383/824 781/1357/784
f 805/1413/809 819/1415/823 844/1416/848
f 820/1417/824 821/1385/825 785/1321/788
f 821/1385/825 822/1386/826 783/1359/786
f 822/1386/826 823/1387/827 784/1320/787
f 823/1387/827 824/1418/828 786/1360/789
f 825/1389/829 787/1323/790 824/1388/828
f 826/1390/830 788/1325/791 825/1389/829
f 816/1419/820 806/1362/810 826/1390/830
f 815/1375/819 845/1420/849 807/1363/811
f 807/1363/811 845/1420/849 808/1364/812
f 827/1391/831 846/1421/850 790/1327/793
f 808/1364/812 847/1422/851 827/1391/831
f 846/1421/850 809/1392/813 790/1327/793
f 848/1423/852 810/1367/814 809/1366/813
f 848/1423/852 828/1393/832 810/1367/814
f 811/1368/815 828/1393/832 849/1424/853
f 812/1394/816 811/1368/815 850/1425/854
f 813/1395/817 812/1394/816 851/1426/855
f 814/1373/818 813/1397/817 852/1427/856
f 829/1398/833 830/1399/834 791/1333/795
f 829/1398/833 794/1336/798 833/1402/837
f 831/1428/835 792/1371/796 830/1399/834
f 793/1372/797 831/1429/835 832/1401/836
f 795/1338/799 832/1401/836 834/1403/838
f 834/1403/838 835/1404/839 797/1341/801
f 833/1402/837 814/1373/818 853/1430/857
f 798/1342/802 835/1404/839 836/1405/840
f 836/1431/840 837/1406/841 799/1374/803
f 815/1432/819 837/1433/841 845/1434/849
f 819/1382/823 816/1407/820 854/1435/858
f 838/1436/842 801/1350/805 839/1409/843
f 839/1409/843 803/1354/807 842/1412/846
f 855/1437/859 817/1378/821 838/1408/842
f 840/1410/844 841/1411/845 802/1352/806
f 855/1437/859 840/1410/844 817/1378/821
f 841/1411/845 843/1438/847 804/1379/808
f 842/1412/846 805/1413/809 844/1416/848
f 843/1414/847 856/1439/860 818/1381/822
f 818/1381/822 857/1440/861 820/1383/824
f 844/1441/848 819/1442/823 858/1443/862
f 820/1383/824 859/1444/863 821/1445/825
f 821/1445/825 860/1446/864 822/1447/826
f 822/1447/826 861/1448/865 823/1449/827
f 862/1450/866 824/1418/828 823/1387/827
f 825/1389/829 824/1388/828 863/1451/867
f 826/1390/830 825/1389/829 864/1452/868
f 854/1453/858 816/1454/820 826/1455/830
f 865/1456/869 808/1364/812 845/1420/849
f 827/1391/831 847/1422/851 846/1421/850
f 865/1456/869 847/1422/851 808/1364/812
f 848/1423/852 809/1366/813 846/1457/850
f 848/1423/852 866/1458/870 828/1393/832
f 849/1424/853 828/1393/832 866/1458/870
f 811/1368/815 849/1424/853 850/1425/854
f 812/1394/816 850/1425/854 851/1426/855
f 813/1395/817 851/1426/855 852/1459/856
f 853/1430/857 814/1373/818 852/1427/856
f 867/1460/871 830/1399/834 829/1398/833
f 829/1398/833 833/1402/837 868/1461/872
f 831/1428/835 830/1399/834 869/1462/873
f 831/1429/835 870/1463/874 832/1401/836
f 832/1401/836 871/1464/875 834/1403/838
f 834/1403/838 872/1465/876 835/1404/839
f 833/1402/837 853/1430/857 873/1466/877
f 835/1404/839 874/1467/878 836/1405/840
f 836/1431/840 875/1468/879 837/1406/841
f 837/1433/841 876/1469/880 845/1434/849
f 819/1470/823 854/1471/858 858/1472/862
f 877/1473/881 838/1436/842 839/1409/843
f 878/1474/882 839/1409/843 842/1412/846
f 877/1473/881 855/1475/859 838/1436/842
f 879/1476/883 841/1411/845 840/1410/844
f 880/1477/884 840/1410/844 855/1437/859
f 841/1411/845 881/1478/885 843/1438/847
f 842/1412/846 844/1416/848 882/1479/886
f 843/1414/847 883/1480/887 856/1439/860
f 856/1439/860 857/1440/861 818/1381/822
f 857/1440/861 859/1444/863 820/1383/824
f 884/1481/888 844/1416/848 858/1482/862
f 821/1445/825 859/1444/863 860/1446/864
f 822/1447/826 860/1446/864 861/1448/865
f 862/1483/866 823/1484/827 861/1485/865
f 862/1486/866 863/1451/867 824/1388/828
f 864/1452/868 825/1389/829 863/1451/867
f 854/1487/858 826/1390/830 864/1452/868
f 876/1488/880 865/1456/869 845/1420/849
f 847/1422/851 885/1489/889 846/1421/850
f 865/1456/869 886/1490/890 847/1422/851
f 848/1491/852 846/1421/850 885/1489/889
f 848/1491/852 885/1489/889 866/1492/870
f 887/1493/891 849/1494/853 866/1495/870
f 850/1425/854 849/1424/853 888/1496/892
f 851/1426/855 850/1425/854 889/1497/893
f 851/1426/855 890/1498/894 852/1459/856
f 853/1430/857 852/1427/856 891/1499/895
f 867/1460/871 869/1462/873 830/1399/834
f 867/1460/871 829/1398/833 868/1461/872
f 868/1461/872 833/1402/837 873/1466/877
f 831/1428/835 869/1462/873 870/1500/874
f 870/1463/874 871/1464/875 832/1401/836
f 834/1403/838 871/1464/875 872/1465/876
f 872/1465/876 874/1467/878 835/1404/839
f 853/1430/857 892/1501/896 873/1466/877
f 836/1431/840 874/1502/878 875/1468/879
f 837/1406/841 875/1468/879 876/1488/880
f 858/1503/862 854/1504/858 893/1505/897
f 877/1473/881 839/1409/843 878/1474/882
f 878/1474/882 842/1412/846 882/1479/886
f 894/1506/898 855/1475/859 877/1473/881
f 879/1476/883 881/1478/885 841/1411/845
f 880/1477/884 879/1476/883 840/1410/844
f 895/1507/899 880/1477/884 855/1437/859
f 881/1478/885 883/1508/887 843/1438/847
f 882/1479/886 844/1416/848 884/1481/888
f 883/1480/887 896/1509/900 856/1439/860
f 856/1439/860 897/1510/901 857/1440/861
f 857/1440/861 898/1511/902 859/1444/863
f 884/1512/888 858/1503/862 899/1513/903
f 859/1444/863 900/1514/904 860/1446/864
f 861/1448/865 860/1446/864 901/1515/905
f 862/1516/866 861/1448/865 902/1517/906
f 903/1518/907 863/1451/867 862/1486/866
f 893/1519/897 864/1452/868 863/1451/867
f 854/1487/858 864/1452/868 893/1519/897
f 876/1488/880 904/1520/908 865/1456/869
f 847/1422/851 886/1490/890 885/1489/889
f 865/1456/869 904/1520/908 886/1490/890
f 905/1521/909 866/1495/870 885/1522/889
f 887/1493/891 888/1523/892 849/1494/853
f 887/1493/891 866/1495/870 905/1521/909
f 889/1497/893 850/1425/854 888/1496/892
f 851/1426/855 889/1497/893 890/1498/894
f 891/1524/895 852/1459/856 890/1498/894
f 853/1430/857 891/1499/895 892/1501/896
f 867/1460/871 906/1525/910 869/1462/873
f 867/1460/871 868/1461/872 907/1526/911
f 868/1461/872 873/1466/877 908/1527/912
f 870/1500/874 869/1462/873 909/1528/913
f 870/1463/874 910/1529/914 871/1464/875
f 871/1464/875 911/1530/915 872/1465/876
f 872/1465/876 911/1530/915 874/1467/878
f 873/1466/877 892/1501/896 912/1531/916
f 956/1532/917 913/1533/918 875/1534/879
f 876/1488/880 875/1468/879 914/1535/919
f 858/1503/862 893/1505/897 899/1513/903
f 877/1473/881 878/1474/882 915/1536/920
f 878/1474/882 882/1479/886 916/1537/921
f 895/1507/899 855/1437/859 894/1538/898
f 894/1506/898 877/1473/881 915/1536/920
f 917/1539/922 881/1478/885 879/1476/883
f 880/1477/884 918/1540/923 879/1476/883
f 895/1507/899 919/1541/924 880/1477/884
f 920/1542/925 883/1508/887 881/1478/885
f 882/1479/886 884/1481/888 921/1543/926
f 883/1480/887 922/1544/927 896/1509/900
f 856/1439/860 896/1509/900 897/1510/901
f 897/1510/901 898/1511/902 857/1440/861
f 859/1444/863 898/1511/902 900/1514/904
f 884/1481/888 899/1545/903 923/1546/928
f 860/1446/864 900/1514/904 901/1515/905
f 861/1448/865 901/1515/905 902/1517/906
f 903/1518/907 862/1486/866 902/1547/906
f 924/1548/929 863/1451/867 903/1518/907
f 893/1519/897 863/1451/867 924/1548/929
f 904/1520/908 876/1488/880 914/1535/919
f 886/1490/890 905/1549/909 885/1489/889
f 904/1520/908 925/1550/930 886/1490/890
f 887/1551/891 926/1552/931 888/1496/892
f 927/1553/932 887/1493/891 905/1521/909
f 889/1497/893 888/1496/892 928/1554/933
f 889/1497/893 929/1555/934 890/1498/894
f 891/1524/895 890/1498/894 930/1556/935
f 892/1501/896 891/1499/895 931/1557/936
f 867/1460/871 907/1526/911 906/1525/910
f 869/1462/873 906/1525/910 909/1528/913
f 868/1461/872 908/1527/912 907/1526/911
f 908/1527/912 873/1466/877 912/1531/916
f 870/1500/874 909/1528/913 910/1558/914
f 910/1529/914 911/1530/915 871/1464/875
f 911/1559/915 932/1560/937 874/1561/878
f 912/1531/916 892/1501/896 933/1562/938
f 956/1563/917 875/1564/879 934/1565/939
f 875/1468/879 913/1566/918 914/1535/919
f 899/1567/903 893/1519/897 924/1548/929
f 915/1536/920 878/1474/882 916/1537/921
f 916/1537/921 882/1479/886 921/1543/926
f 895/1568/899 894/1506/898 935/1569/940
f 935/1569/940 894/1506/898 915/1536/920
f 917/1539/922 920/1542/925 881/1478/885
f 918/1540/923 917/1539/922 879/1476/883
f 880/1477/884 919/1541/924 918/1540/923
f 895/1507/899 936/1570/941 919/1541/924
f 920/1542/925 922/1571/927 883/1508/887
f 884/1481/888 923/1546/928 921/1543/926
f 922/1544/927 937/1572/942 896/1509/900
f 896/1509/900 938/1573/943 897/1510/901
f 897/1510/901 939/1574/944 898/1511/902
f 898/1511/902 940/1575/945 900/1514/904
f 923/1576/928 899/1567/903 941/1577/946
f 901/1515/905 900/1514/904 942/1578/947
f 901/1579/905 943/1580/948 902/1547/906
f 903/1518/907 902/1547/906 944/1581/949
f 924/1548/929 903/1518/907 945/1582/950
f 914/1535/919 925/1550/930 904/1520/908
f 925/1550/930 905/1549/909 886/1490/890
f 946/1583/951 926/1584/931 887/1585/891
f 888/1496/892 926/1552/931 928/1554/933
f 946/1583/951 887/1585/891 927/1586/932
f 925/1550/930 927/1586/932 905/1549/909
f 889/1497/893 928/1554/933 929/1555/934
f 930/1556/935 890/1498/894 929/1555/934
f 891/1587/895 930/1588/935 931/1589/936
f 892/1501/896 931/1557/936 933/1562/938
f 906/1525/910 907/1526/911 947/1590/952
f 909/1528/913 906/1525/910 948/1591/953
f 908/1527/912 949/1592/954 907/1526/911
f 908/1527/912 912/1531/916 950/1593/955
f 910/1558/914 909/1528/913 951/1594/956
f 910/1529/914 952/1595/957 911/1530/915
f 911/1530/915 953/1596/958 932/1597/937
f 932/1560/937 954/1598/959 874/1561/878
f 955/1599/960 912/1531/916 933/1562/938
f 954/1598/959 934/1565/939 874/1561/878
f 875/1564/879 874/1561/878 934/1565/939
f 957/1600/961 914/1535/919 913/1566/918
f 899/1567/903 924/1548/929 958/1601/962
f 915/1536/920 916/1537/921 959/1602/963
f 916/1537/921 921/1543/926 960/1603/964
f 895/1568/899 935/1569/940 936/1604/941
f 935/1569/940 915/1536/920 959/1602/963
f 961/1605/965 920/1542/925 917/1539/922
f 962/1606/966 917/1539/922 918/1540/923
f 963/1607/967 918/1540/923 919/1541/924
f 964/1608/968 919/1541/924 936/1570/941
f 965/1609/969 922/1571/927 920/1542/925
f 966/1610/970 921/1543/926 923/1546/928
f 967/1611/971 937/1572/942 922/1544/927
f 937/1572/942 938/1573/943 896/1509/900
f 897/1510/901 938/1573/943 939/1574/944
f 939/1574/944 940/1575/945 898/1511/902
f 900/1514/904 940/1575/945 942/1578/947
f 958/1601/962 941/1577/946 899/1567/903
f 923/1576/928 941/1577/946 968/1612/972
f 901/1515/905 942/1578/947 943/1613/948
f 944/1581/949 902/1547/906 943/1580/948
f 945/1582/950 903/1518/907 944/1581/949
f 958/1601/962 924/1548/929 945/1582/950
f 914/1535/919 969/1614/973 925/1550/930
f 946/1583/951 970/1615/974 926/1584/931
f 926/1552/931 971/1616/975 928/1554/933
f 969/1614/973 946/1583/951 927/1586/932
f 969/1614/973 927/1586/932 925/1550/930
f 929/1555/934 928/1554/933 972/1617/976
f 930/1556/935 929/1555/934 973/1618/977
f 931/1589/936 930/1588/935 974/1619/978
f 933/1562/938 931/1557/936 975/1620/979
f 947/1590/952 907/1526/911 949/1592/954
f 906/1525/910 947/1590/952 948/1591/953
f 909/1528/913 948/1591/953 951/1594/956
f 908/1527/912 950/1593/955 949/1592/954
f 950/1593/955 912/1531/916 955/1599/960
f 910/1529/914 951/1621/956 952/1595/957
f 911/1530/915 952/1595/957 976/1622/980
f 911/1530/915 976/1622/980 953/1596/958
f 977/1623/981 932/1624/937 953/1625/958
f 978/1626/982 954/1598/959 932/1560/937
f 955/1599/960 933/1562/938 979/1627/983
f 954/1598/959 980/1628/984 934/1565/939
f 934/1565/939 981/1629/985 956/1563/917
f 913/1533/918 956/1532/917 982/1630/986
f 957/1600/961 969/1614/973 914/1535/919
f 959/1602/963 916/1537/921 960/1603/964
f 960/1603/964 921/1543/926 966/1610/970
f 936/1604/941 935/1569/940 983/1631/987
f 983/1631/987 935/1569/940 959/1602/963
f 961/1605/965 965/1609/969 920/1542/925
f 962/1606/966 961/1605/965 917/1539/922
f 963/1607/967 962/1606/966 918/1540/923
f 964/1608/968 963/1607/967 919/1541/924
f 964/1608/968 936/1570/941 984/1632/988
f 965/1609/969 967/1633/971 922/1571/927
f 966/1610/970 923/1546/928 968/1634/972
f 967/1611/971 985/1635/989 937/1572/942
f 937/1572/942 986/1636/990 938/1573/943
f 938/1573/943 987/1637/991 939/1574/944
f 939/1574/944 988/1638/992 940/1575/945
f 940/1575/945 989/1639/993 942/1578/947
f 941/1577/946 958/1601/962 990/1640/994
f 968/1634/972 941/1641/946 991/1642/995
f 992/1643/996 943/1613/948 942/1578/947
f 944/1581/949 943/1580/948 993/1644/997
f 945/1582/950 944/1581/949 994/1645/998
f 958/1601/962 945/1582/950 990/1640/994
f 946/1583/951 995/1646/999 970/1615/974
f 926/1552/931 970/1647/974 971/1616/975
f 971/1616/975 996/1648/1000 928/1554/933
f 969/1614/973 997/1649/1001 946/1583/951
f 972/1617/976 928/1554/933 996/1648/1000
f 929/1555/934 972/1617/976 973/1618/977
f 974/1619/978 930/1588/935 973/1650/977
f 931/1589/936 974/1619/978 975/1651/979
f 979/1627/983 933/1562/938 975/1620/979
f 947/1590/952 949/1592/954 998/1652/1002
f 947/1590/952 999/1653/1003 948/1591/953
f 1000/1654/1004 951/1594/956 948/1591/953
f 949/1592/954 950/1593/955 1001/1655/1005
f 1001/1655/1005 950/1593/955 955/1599/960
f 951/1621/956 1002/1656/1006 952/1595/957
f 952/1595/957 1003/1657/1007 976/1622/980
f 953/1658/958 976/1659/980 1004/1660/1008
f 978/1661/982 932/1624/937 977/1623/981
f 977/1623/981 953/1625/958 1005/1662/1009
f 1006/1663/1010 954/1598/959 978/1626/982
f 955/1599/960 979/1627/983 1007/1664/1011
f 1008/1665/1012 980/1628/984 954/1598/959
f 934/1565/939 980/1628/984 981/1629/985
f 981/1629/985 1009/1666/1013 956/1563/917
f 982/1630/986 956/1532/917 1010/1667/1014
f 957/1600/961 997/1649/1001 969/1614/973
f 959/1602/963 960/1603/964 1011/1668/1015
f 960/1603/964 966/1610/970 1012/1669/1016
f 936/1604/941 983/1631/987 984/1670/988
f 983/1631/987 959/1602/963 1011/1668/1015
f 1013/1671/1017 965/1609/969 961/1605/965
f 1014/1672/1018 961/1605/965 962/1606/966
f 1015/1673/1019 962/1606/966 963/1607/967
f 1016/1674/1020 963/1607/967 964/1608/968
f 1017/1675/1021 964/1676/968 984/1670/988
f 965/1609/969 1018/1677/1022 967/1633/971
f 1019/1678/1023 966/1610/970 968/1634/972
f 967/1611/971 1020/1679/1024 985/1635/989
f 985/1635/989 986/1636/990 937/1572/942
f 938/1573/943 986/1636/990 987/1637/991
f 939/1574/944 987/1637/991 988/1638/992
f 988/1638/992 989/1639/993 940/1575/945
f 992/1643/996 942/1578/947 989/1639/993
f 941/1577/946 990/1640/994 991/1680/995
f 968/1634/972 991/1642/995 1021/1681/1025
f 1022/1682/1026 943/1580/948 992/1683/996
f 993/1644/997 943/1580/948 1022/1682/1026
f 944/1581/949 993/1644/997 994/1645/998
f 990/1640/994 945/1582/950 994/1645/998
f 997/1684/1001 995/1685/999 946/1686/951
f 970/1687/974 995/1688/999 1023/1689/1027
f 970/1687/974 1024/1690/1028 971/1691/975
f 971/1616/975 1025/1692/1029 996/1648/1000
f 972/1617/976 996/1648/1000 1026/1693/1030
f 973/1618/977 972/1617/976 1027/1694/1031
f 974/1619/978 973/1650/977 1027/1695/1031
f 975/1651/979 974/1619/978 1028/1696/1032
f 979/1627/983 975/1620/979 1029/1697/1033
f 949/1592/954 1001/1655/1005 998/1652/1002
f 947/1590/952 998/1652/1002 999/1653/1003
f 999/1653/1003 1000/1654/1004 948/1591/953
f 1000/1698/1004 1002/1656/1006 951/1621/956
f 1001/1655/1005 955/1599/960 1007/1664/1011
f 1002/1656/1006 1003/1657/1007 952/1595/957
f 1003/1699/1007 1030/1700/1034 976/1701/980
f 1004/1660/1008 976/1659/980 957/1702/961
f 953/1625/958 1004/1703/1008 1005/1662/1009
f 978/1661/982 977/1623/981 1031/1704/1035
f 977/1623/981 1005/1662/1009 1032/1705/1036
f 1006/1663/1010 1008/1665/1012 954/1598/959
f 1006/1663/1010 978/1626/982 1033/1706/1037
f 1007/1664/1011 979/1627/983 1034/1707/1038
f 1008/1665/1012 1035/1708/1039 980/1628/984
f 980/1628/984 1036/1709/1040 981/1629/985
f 981/1710/985 1037/1711/1041 1009/1712/1013
f 956/1532/917 1009/1712/1013 1010/1667/1014
f 982/1630/986 1010/1667/1014 1038/1713/1042
f 1011/1668/1015 960/1603/964 1012/1669/1016
f 1012/1669/1016 966/1610/970 1019/1678/1023
f 983/1631/987 1039/1714/1043 984/1670/988
f 983/1631/987 1011/1668/1015 1039/1714/1043
f 1013/1671/1017 1018/1677/1022 965/1609/969
f 1014/1672/1018 1013/1671/1017 961/1605/965
f 1015/1673/1019 1014/1672/1018 962/1606/966
f 1016/1674/1020 1015/1673/1019 963/1607/967
f 1017/1715/1021 1016/1674/1020 964/1608/968
f 1017/1675/1021 984/1670/988 1040/1716/1044
f 1018/1717/1022 1020/1679/1024 967/1611/971
f 1019/1678/1023 968/1634/972 1021/1681/1025
f 1020/1679/1024 1041/1718/1045 985/1635/989
f 985/1635/989 1042/1719/1046 986/1636/990
f 986/1636/990 1043/1720/1047 987/1637/991
f 987/1637/991 1044/1721/1048 988/1638/992
f 988/1638/992 1045/1722/1049 989/1639/993
f 992/1643/996 989/1639/993 1046/1723/1050
f 991/1680/995 990/1640/994 1047/1724/1051
f 1021/1681/1025 991/1642/995 1048/1725/1052
f 1022/1682/1026 992/1683/996 1046/1726/1050
f 993/1644/997 1022/1682/1026 1049/1727/1053
f 1050/1728/1054 994/1645/998 993/1644/997
f 990/1640/994 994/1645/998 1047/1724/1051
f 997/1729/1001 1051/1730/1055 995/1731/999
f 995/1688/999 1052/1732/1056 1023/1689/1027
f 970/1687/974 1023/1689/1027 1024/1690/1028
f 971/1616/975 1024/1733/1028 1025/1692/1029
f 996/1648/1000 1025/1692/1029 1053/1734/1057
f 1026/1693/1030 996/1648/1000 1053/1734/1057
f 972/1617/976 1026/1693/1030 1027/1694/1031
f 974/1619/978 1027/1695/1031 1054/1735/1058
f 974/1619/978 1055/1736/1059 1028/1696/1032
f 975/1651/979 1028/1696/1032 1029/1737/1033
f 1034/1707/1038 979/1627/983 1029/1697/1033
f 998/1652/1002 1001/1655/1005 1056/1738/1060
f 999/1653/1003 998/1652/1002 1057/1739/1061
f 999/1653/1003 1058/1740/1062 1000/1654/1004
f 1000/1698/1004 1059/1741/1063 1002/1656/1006
f 1001/1655/1005 1007/1664/1011 1056/1738/1060
f 1002/1656/1006 1060/1742/1064 1003/1657/1007
f 1003/1699/1007 1061/1743/1065 1030/1700/1034
f 976/1744/980 1030/1745/1034 957/1746/961
f 1032/1705/1036 1092/1747/1066 1031/1704/1035
f 978/1748/982 1031/1749/1035 1033/1750/1037
f 1032/1705/1036 1005/1662/1009 1062/1751/1067
f 957/1600/961 913/1566/918 1004/1752/1008
f 1006/1663/1010 1033/1706/1037 1008/1665/1012
f 1056/1738/1060 1007/1664/1011 1034/1707/1038
f 1008/1665/1012 1063/1753/1068 1035/1708/1039
f 1035/1708/1039 1036/1709/1040 980/1628/984
f 1036/1709/1040 1037/1754/1041 981/1629/985
f 1009/1712/1013 1037/1711/1041 1064/1755/1069
f 1009/1712/1013 1065/1756/1070 1010/1667/1014
f 1010/1667/1014 1066/1757/1071 1038/1713/1042
f 1011/1758/1015 1012/1759/1016 1068/1760/1072
f 1012/1669/1016 1019/1678/1023 1069/1761/1073
f 1040/1716/1044 984/1670/988 1039/1714/1043
f 1039/1762/1043 1011/1758/1015 1068/1760/1072
f 1070/1763/1074 1018/1764/1022 1013/1765/1017
f 1014/1766/1018 1071/1767/1075 1013/1765/1017
f 1072/1768/1076 1014/1766/1018 1015/1769/1019
f 1073/1770/1077 1015/1769/1019 1016/1771/1020
f 1017/1772/1021 1074/1773/1078 1016/1771/1020
f 1017/1675/1021 1040/1716/1044 1075/1774/1079
f 1018/1717/1022 1076/1775/1080 1020/1679/1024
f 1019/1678/1023 1021/1681/1025 1077/1776/1081
f 1020/1679/1024 1078/1777/1082 1041/1718/1045
f 985/1635/989 1041/1718/1045 1042/1719/1046
f 986/1636/990 1042/1719/1046 1043/1720/1047
f 1043/1720/1047 1044/1721/1048 987/1637/991
f 988/1638/992 1044/1721/1048 1045/1722/1049
f 1045/1722/1049 1046/1723/1050 989/1639/993
f 991/1680/995 1047/1724/1051 1048/1778/1052
f 1021/1681/1025 1048/1725/1052 1079/1779/1083
f 1022/1682/1026 1046/1726/1050 1080/1780/1084
f 1049/1727/1053 1022/1682/1026 1080/1780/1084
f 1050/1728/1054 993/1644/997 1049/1727/1053
f 1050/1728/1054 1047/1724/1051 994/1645/998
f 1051/1781/1055 1052/1732/1056 995/1688/999
f 1052/1732/1056 1081/1782/1085 1023/1689/1027
f 1024/1690/1028 1023/1689/1027 1082/1783/1086
f 1024/1733/1028 1083/1784/1087 1025/1692/1029
f 1053/1734/1057 1025/1692/1029 1084/1785/1088
f 1026/1693/1030 1053/1734/1057 1085/1786/1089
f 1027/1694/1031 1026/1693/1030 1086/1787/1090
f 1054/1788/1058 1027/1694/1031 1086/1787/1090
f 974/1619/978 1054/1735/1058 1055/1736/1059
f 1028/1696/1032 1055/1736/1059 1087/1789/1091
f 1029/1737/1033 1028/1696/1032 1088/1790/1092
f 1034/1707/1038 1029/1697/1033 1089/1791/1093
f 998/1652/1002 1056/1738/1060 1057/1739/1061
f 999/1653/1003 1057/1739/1061 1090/1792/1094
f 1090/1792/1094 1058/1740/1062 999/1653/1003
f 1000/1698/1004 1058/1793/1062 1059/1741/1063
f 1002/1656/1006 1059/1741/1063 1060/1742/1064
f 1003/1657/1007 1060/1742/1064 1061/1794/1065
f 1030/1745/1034 1061/1795/1065 1091/1796/1095
f 1051/1781/1055 1123/1797/1096 1113/1798/1097
f 977/1623/981 1032/1705/1036 1031/1704/1035
f 1033/1750/1037 1031/1749/1035 1093/1799/1098
f 1032/1705/1036 1062/1751/1067 1094/1800/1099
f 1033/1706/1037 1063/1753/1068 1008/1665/1012
f 1056/1738/1060 1034/1707/1038 1095/1801/1100
f 1035/1708/1039 1063/1753/1068 1096/1802/1101
f 1035/1708/1039 1097/1803/1102 1036/1709/1040
f 1036/1709/1040 1098/1804/1103 1037/1754/1041
f 1098/1805/1103 1064/1806/1069 1037/1807/1041
f 1009/1712/1013 1064/1755/1069 1065/1756/1070
f 1010/1667/1014 1065/1756/1070 1066/1757/1071
f 1066/1757/1071 1099/1808/1104 1038/1713/1042
f 1067/1809/1105 1038/1713/1042 1099/1808/1104
f 1068/1810/1072 1012/1669/1016 1100/1811/1106
f 1069/1761/1073 1019/1678/1023 1077/1776/1081
f 1100/1811/1106 1012/1669/1016 1069/1761/1073
f 1040/1716/1044 1039/1714/1043 1101/1812/1107
f 1101/1812/1107 1039/1714/1043 1068/1810/1072
f 1070/1763/1074 1076/1813/1080 1018/1764/1022
f 1071/1767/1075 1070/1763/1074 1013/1765/1017
f 1072/1768/1076 1071/1767/1075 1014/1766/1018
f 1073/1770/1077 1072/1768/1076 1015/1769/1019
f 1073/1770/1077 1016/1771/1020 1074/1773/1078
f 1017/1772/1021 1075/1814/1079 1074/1773/1078
f 1102/1815/1108 1075/1774/1079 1040/1716/1044
f 1076/1775/1080 1078/1777/1082 1020/1679/1024
f 1077/1776/1081 1021/1681/1025 1079/1779/1083
f 1078/1777/1082 1103/1816/1109 1041/1718/1045
f 1041/1718/1045 1104/1817/1110 1042/1719/1046
f 1042/1719/1046 1105/1818/1111 1043/1720/1047
f 1043/1720/1047 1106/1819/1112 1044/1721/1048
f 1044/1721/1048 1107/1820/1113 1045/1722/1049
f 1045/1821/1049 1108/1822/1114 1046/1823/1050
f 1109/1824/1115 1048/1778/1052 1047/1724/1051
f 1048/1778/1052 1110/1825/1116 1079/1826/1083
f 1080/1780/1084 1046/1726/1050 1108/1827/1114
f 1049/1727/1053 1080/1780/1084 1111/1828/1117
f 1050/1728/1054 1049/1727/1053 1112/1829/1118
f 1109/1824/1115 1047/1724/1051 1050/1728/1054
f 1051/1781/1055 1113/1798/1097 1052/1732/1056
f 1052/1732/1056 1114/1830/1119 1081/1782/1085
f 1023/1689/1027 1081/1782/1085 1082/1783/1086
f 1024/1733/1028 1082/1831/1086 1083/1784/1087
f 1025/1692/1029 1083/1784/1087 1084/1785/1088
f 1053/1734/1057 1084/1785/1088 1115/1832/1120
f 1053/1734/1057 1115/1832/1120 1085/1786/1089
f 1086/1787/1090 1026/1693/1030 1085/1786/1089
f 1054/1788/1058 1086/1787/1090 1116/1833/1121
f 1055/1736/1059 1054/1735/1058 1117/1834/1122
f 1055/1736/1059 1117/1834/1122 1087/1789/1091
f 1028/1696/1032 1087/1789/1091 1088/1790/1092
f 1029/1737/1033 1088/1790/1092 1089/1835/1093
f 1034/1707/1038 1089/1791/1093 1118/1836/1123
f 1056/1738/1060 1095/1801/1100 1057/1739/1061
f 1090/1792/1094 1057/1739/1061 1095/1801/1100
f 1090/1792/1094 1119/1837/1124 1058/1740/1062
f 1058/1793/1062 1120/1838/1125 1059/1741/1063
f 1059/1741/1063 1121/1839/1126 1060/1742/1064
f 1060/1840/1064 1122/1841/1127 1061/1842/1065
f 1061/1842/1065 1123/1797/1096 1091/1843/1095
f 1051/1844/1055 997/1845/1001 1091/1796/1095
f 1092/1846/1066 1093/1799/1098 1031/1749/1035
f 1033/1750/1037 1093/1799/1098 1063/1847/1068
f 1062/1751/1067 1124/1848/1128 1094/1800/1099
f 1125/1849/1129 1032/1705/1036 1094/1800/1099
f 1092/1747/1066 1032/1705/1036 1125/1849/1129
f 1034/1707/1038 1118/1836/1123 1095/1801/1100
f 1063/1847/1068 1126/1850/1130 1096/1851/1101
f 1035/1708/1039 1096/1802/1101 1097/1803/1102
f 1036/1709/1040 1097/1803/1102 1098/1804/1103
f 1098/1852/1103 1127/1853/1131 1064/1854/1069
f 1064/1755/1069 1128/1855/1132 1065/1756/1070
f 1066/1757/1071 1065/1756/1070 1128/1855/1132
f 1066/1856/1071 1129/1857/1133 1099/1858/1104
f 1067/1859/1105 1099/1860/1104 1113/1861/1097
f 1068/1810/1072 1100/1811/1106 1130/1862/1134
f 1131/1863/1135 1069/1761/1073 1077/1776/1081
f 1100/1811/1106 1069/1761/1073 1131/1863/1135
f 1102/1815/1108 1040/1716/1044 1101/1812/1107
f 1101/1812/1107 1068/1810/1072 1130/1862/1134
f 1070/1763/1074 1132/1864/1136 1076/1813/1080
f 1071/1767/1075 1133/1865/1137 1070/1763/1074
f 1072/1768/1076 1134/1866/1138 1071/1767/1075
f 1073/1770/1077 1135/1867/1139 1072/1768/1076
f 1073/1770/1077 1074/1773/1078 1136/1868/1140
f 1102/1815/1108 1137/1869/1141 1075/1774/1079
f 1138/1870/1142 1078/1777/1082 1076/1775/1080
f 1139/1871/1143 1077/1776/1081 1079/1779/1083
f 1140/1872/1144 1103/1816/1109 1078/1777/1082
f 1041/1718/1045 1103/1816/1109 1104/1817/1110
f 1104/1817/1110 1105/1818/1111 1042/1719/1046
f 1043/1720/1047 1105/1818/1111 1106/1819/1112
f 1106/1819/1112 1107/1820/1113 1044/1721/1048
f 1107/1873/1113 1108/1822/1114 1045/1821/1049
f 1109/1824/1115 1141/1874/1145 1048/1778/1052
f 1141/1874/1145 1110/1825/1116 1048/1778/1052
f 1139/1871/1143 1079/1779/1083 1110/1875/1116
f 1080/1876/1084 1108/1877/1114 1142/1878/1146
f 1080/1780/1084 1142/1879/1146 1111/1828/1117
f 1049/1727/1053 1111/1828/1117 1112/1829/1118
f 1109/1824/1115 1050/1728/1054 1112/1829/1118
f 1113/1798/1097 1114/1830/1119 1052/1732/1056
f 1114/1830/1119 1143/1880/1147 1081/1782/1085
f 1082/1783/1086 1081/1782/1085 1144/1881/1148
f 1082/1831/1086 1145/1882/1149 1083/1784/1087
f 1083/1784/1087 1146/1883/1150 1084/1785/1088
f 1084/1785/1088 1147/1884/1151 1115/1832/1120
f 1085/1786/1089 1115/1832/1120 1148/1885/1152
f 1086/1787/1090 1085/1786/1089 1149/1886/1153
f 1086/1787/1090 1149/1886/1153 1116/1833/1121
f 1054/1735/1058 1116/1887/1121 1117/1834/1122
f 1087/1789/1091 1117/1834/1122 1150/1888/1154
f 1088/1790/1092 1087/1789/1091 1151/1889/1155
f 1089/1835/1093 1088/1790/1092 1152/1890/1156
f 1153/1891/1157 1118/1892/1123 1089/1893/1093
f 1090/1792/1094 1095/1801/1100 1119/1837/1124
f 1058/1793/1062 1119/1894/1124 1120/1838/1125
f 1120/1838/1125 1121/1839/1126 1059/1741/1063
f 1060/1742/1064 1121/1839/1126 1122/1895/1127
f 1122/1841/1127 1123/1797/1096 1061/1842/1065
f 1091/1843/1095 1123/1797/1096 1051/1781/1055
f 1092/1846/1066 1154/1896/1158 1093/1799/1098
f 1063/1847/1068 1093/1799/1098 1126/1850/1130
f 1094/1800/1099 1124/1848/1128 1155/1897/1159
f 1125/1849/1129 1094/1800/1099 1156/1898/1160
f 1092/1846/1066 1125/1899/1129 1154/1896/1158
f 1119/1837/1124 1095/1801/1100 1118/1836/1123
f 1096/1900/1101 1126/1901/1130 1157/1902/1161
f 1096/1900/1101 1157/1902/1161 1097/1903/1102
f 1097/1903/1102 1158/1904/1162 1098/1905/1103
f 1158/1906/1162 1127/1853/1131 1098/1852/1103
f 1064/1907/1069 1127/1908/1131 1128/1909/1132
f 1066/1757/1071 1128/1855/1132 1129/1910/1133
f 1099/1858/1104 1129/1857/1133 1159/1911/1163
f 1099/1808/1104 1159/1912/1163 1113/1913/1097
f 1130/1862/1134 1100/1811/1106 1160/1914/1164
f 1139/1871/1143 1131/1863/1135 1077/1776/1081
f 1100/1811/1106 1131/1863/1135 1160/1914/1164
f 1102/1815/1108 1101/1812/1107 1161/1915/1165
f 1161/1915/1165 1101/1812/1107 1130/1862/1134
f 1133/1865/1137 1132/1864/1136 1070/1763/1074
f 1132/1864/1136 1138/1916/1142 1076/1813/1080
f 1134/1866/1138 1133/1865/1137 1071/1767/1075
f 1072/1768/1076 1135/1867/1139 1134/1866/1138
f 1073/1770/1077 1136/1868/1140 1135/1867/1139
f 1102/1815/1108 1162/1917/1166 1137/1869/1141
f 1138/1870/1142 1140/1872/1144 1078/1777/1082
f 1140/1872/1144 1163/1918/1167 1103/1816/1109
f 1104/1817/1110 1103/1816/1109 1164/1919/1168
f 1104/1817/1110 1165/1920/1169 1105/1818/1111
f 1105/1921/1111 1166/1922/1170 1106/1923/1112
f 1106/1923/1112 1167/1924/1171 1107/1925/1113
f 1168/1926/1172 1108/1822/1114 1107/1873/1113
f 1109/1824/1115 1169/1927/1173 1141/1874/1145
f 1141/1928/1145 1170/1929/1174 1110/1930/1116
f 1139/1931/1143 1110/1932/1116 1171/1933/1175
f 1108/1822/1114 1172/1934/1176 1142/1935/1146
f 1111/1828/1117 1142/1879/1146 1173/1936/1177
f 1174/1937/1178 1112/1829/1118 1111/1828/1117
f 1109/1824/1115 1112/1829/1118 1169/1927/1173
f 1113/1913/1097 1159/1912/1163 1114/1938/1119
f 1114/1939/1119 1175/1940/1179 1143/1941/1147
f 1081/1782/1085 1143/1880/1147 1144/1881/1148
f 1082/1942/1086 1144/1943/1148 1145/1944/1149
f 1145/1882/1149 1146/1883/1150 1083/1784/1087
f 1146/1883/1150 1147/1884/1151 1084/1785/1088
f 1115/1832/1120 1147/1884/1151 1176/1945/1180
f 1148/1885/1152 1115/1832/1120 1176/1945/1180
f 1149/1886/1153 1085/1786/1089 1148/1885/1152
f 1116/1833/1121 1149/1886/1153 1177/1946/1181
f 1117/1834/1122 1116/1887/1121 1178/1947/1182
f 1150/1888/1154 1117/1834/1122 1178/1947/1182
f 1151/1889/1155 1087/1789/1091 1150/1888/1154
f 1088/1790/1092 1151/1889/1155 1152/1890/1156
f 1089/1948/1093 1152/1949/1156 1179/1950/1183
f 1119/1894/1124 1118/1951/1123 1153/1952/1157
f 1153/1952/1157 1089/1948/1093 1179/1950/1183
f 1119/1894/1124 1153/1952/1157 1120/1838/1125
f 1120/1838/1125 1180/1953/1184 1121/1839/1126
f 1122/1895/1127 1121/1839/1126 1181/1954/1185
f 1030/1745/1034 1091/1796/1095 957/1746/961
f 1126/1850/1130 1093/1799/1098 1154/1896/1158
f 1155/1897/1159 1124/1848/1128 1183/1955/1186
f 1094/1800/1099 1155/1897/1159 1156/1898/1160
f 1125/1899/1129 1156/1956/1160 1184/1957/1187
f 1154/1896/1158 1125/1899/1129 1184/1957/1187
f 1126/1901/1130 1185/1958/1188 1157/1902/1161
f 1097/1903/1102 1157/1902/1161 1158/1904/1162
f 1158/1906/1162 1186/1959/1189 1127/1853/1131
f 1128/1960/1132 1127/1961/1131 1187/1962/1190
f 1128/1855/1132 1188/1963/1191 1129/1910/1133
f 1129/1910/1133 1189/1964/1192 1159/1912/1163
f 1130/1862/1134 1160/1914/1164 1190/1965/1193
f 1139/1871/1143 1191/1966/1194 1131/1863/1135
f 1160/1914/1164 1131/1863/1135 1191/1966/1194
f 1102/1815/1108 1161/1915/1165 1162/1917/1166
f 1161/1915/1165 1130/1862/1134 1190/1965/1193
f 1192/1967/1195 1132/1864/1136 1133/1865/1137
f 1193/1968/1196 1138/1916/1142 1132/1864/1136
f 1134/1866/1138 1194/1969/1197 1133/1865/1137
f 1195/1970/1198 1134/1866/1138 1135/1867/1139
f 1135/1867/1139 1136/1868/1140 1196/1971/1199
f 1198/1972/1200 1137/1869/1141 1162/1917/1166
f 1199/1973/1201 1140/1872/1144 1138/1870/1142
f 1199/1973/1201 1163/1918/1167 1140/1872/1144
f 1163/1918/1167 1200/1974/1202 1103/1816/1109
f 1200/1974/1202 1164/1919/1168 1103/1816/1109
f 1104/1817/1110 1164/1919/1168 1165/1920/1169
f 1105/1818/1111 1165/1920/1169 1166/1975/1170
f 1166/1922/1170 1167/1924/1171 1106/1923/1112
f 1168/1976/1172 1107/1977/1113 1167/1978/1171
f 1168/1926/1172 1172/1934/1176 1108/1822/1114
f 1141/1979/1145 1169/1980/1173 1170/1981/1174
f 1110/1930/1116 1170/1929/1174 1201/1982/1203
f 1171/1933/1175 1110/1932/1116 1202/1983/1204
f 1203/1984/1205 1139/1871/1143 1171/1985/1175
f 1204/1986/1206 1142/1935/1146 1172/1934/1176
f 1204/1986/1206 1173/1987/1177 1142/1935/1146
f 1174/1937/1178 1111/1828/1117 1173/1936/1177
f 1169/1927/1173 1112/1829/1118 1174/1937/1178
f 1159/1912/1163 1205/1988/1207 1114/1938/1119
f 1114/1938/1119 1205/1988/1207 1175/1989/1179
f 1205/1990/1207 1143/1991/1147 1175/1992/1179
f 1144/1881/1148 1143/1880/1147 1206/1993/1208
f 1145/1944/1149 1144/1943/1148 1207/1994/1209
f 1145/1882/1149 1208/1995/1210 1146/1883/1150
f 1146/1883/1150 1209/1996/1211 1147/1884/1151
f 1147/1884/1151 1210/1997/1212 1176/1945/1180
f 1148/1885/1152 1176/1945/1180 1211/1998/1213
f 1149/1886/1153 1148/1885/1152 1212/1999/1214
f 1149/1886/1153 1212/1999/1214 1177/1946/1181
f 1116/1887/1121 1177/2000/1181 1178/1947/1182
f 1150/1888/1154 1178/1947/1182 1213/2001/1215
f 1151/1889/1155 1150/1888/1154 1214/2002/1216
f 1152/1890/1156 1151/1889/1155 1215/2003/1217
f 1152/1949/1156 1216/2004/1218 1179/1950/1183
f 1153/1952/1157 1179/1950/1183 1180/1953/1184
f 1120/1838/1125 1153/1952/1157 1180/1953/1184
f 1180/1953/1184 1217/2005/1219 1121/1839/1126
f 1181/1954/1185 1121/1839/1126 1217/2005/1219
f 1122/1895/1127 1181/1954/1185 1183/2006/1186
f 1183/2007/1186 1123/1797/1096 1122/1841/1127
f 997/1845/1001 957/1746/961 1091/1796/1095
f 1126/1850/1130 1154/1896/1158 1185/2008/1188
f 1183/1955/1186 1124/1848/1128 1182/2009/1220
f 1218/2010/1221 1155/1897/1159 1183/1955/1186
f 1156/1898/1160 1155/1897/1159 1219/2011/1222
f 1184/1957/1187 1156/1956/1160 1220/2012/1223
f 1154/1896/1158 1184/1957/1187 1185/2008/1188
f 1185/1958/1188 1221/2013/1224 1157/1902/1161
f 1157/1902/1161 1221/2013/1224 1158/1904/1162
f 1158/2014/1162 1221/2015/1224 1186/2016/1189
f 1186/1959/1189 1222/2017/1225 1127/1853/1131
f 1127/2018/1131 1222/2019/1225 1187/2020/1190
f 1128/1855/1132 1187/2021/1190 1188/1963/1191
f 1129/1910/1133 1188/1963/1191 1189/1964/1192
f 1159/1912/1163 1189/1964/1192 1205/1988/1207
f 1223/2022/1226 1190/1965/1193 1160/1914/1164
f 1203/1984/1205 1191/1966/1194 1139/1871/1143
f 1224/2023/1227 1160/1914/1164 1191/1966/1194
f 1162/1917/1166 1161/1915/1165 1225/2024/1228
f 1161/1915/1165 1190/1965/1193 1225/2024/1228
f 1192/1967/1195 1193/1968/1196 1132/1864/1136
f 1194/1969/1197 1192/1967/1195 1133/1865/1137
f 1193/1968/1196 1226/2025/1229 1138/1916/1142
f 1195/1970/1198 1194/1969/1197 1134/1866/1138
f 1227/2026/1230 1195/1970/1198 1135/1867/1139
f 1227/2026/1230 1135/1867/1139 1196/1971/1199
f 1198/1972/1200 1197/2027/1231 1137/1869/1141
f 1198/1972/1200 1162/1917/1166 1228/2028/1232
f 1226/2029/1229 1199/1973/1201 1138/1870/1142
f 1199/2030/1201 1229/2031/1233 1163/2032/1167
f 1230/2033/1234 1200/2034/1202 1163/2032/1167
f 1200/1974/1202 1231/2035/1235 1164/1919/1168
f 1164/1919/1168 1232/2036/1236 1165/1920/1169
f 1166/1975/1170 1165/1920/1169 1233/2037/1237
f 1166/1975/1170 1234/2038/1238 1167/2039/1171
f 1168/1976/1172 1167/1978/1171 1235/2040/1239
f 1168/1926/1172 1236/2041/1240 1172/1934/1176
f 1170/1981/1174 1169/1980/1173 1237/2042/1241
f 1201/2043/1203 1170/1981/1174 1238/2044/1242
f 1202/2045/1204 1110/2046/1116 1201/2047/1203
f 1239/2048/1243 1171/2049/1175 1202/2050/1204
f 1203/2051/1205 1171/2052/1175 1240/2053/1244
f 1235/2054/1239 1204/1986/1206 1172/1934/1176
f 1204/1986/1206 1241/2055/1245 1173/1987/1177
f 1174/2056/1178 1173/2057/1177 1242/2058/1246
f 1169/1980/1173 1174/2059/1178 1237/2042/1241
f 1205/2060/1207 1243/2061/1247 1143/2062/1147
f 1243/2063/1247 1206/2064/1208 1143/2065/1147
f 1144/1943/1148 1206/2066/1208 1207/1994/1209
f 1145/1882/1149 1207/2067/1209 1208/1995/1210
f 1146/1883/1150 1208/1995/1210 1209/1996/1211
f 1147/1884/1151 1209/1996/1211 1210/1997/1212
f 1176/1945/1180 1210/1997/1212 1244/2068/1248
f 1211/1998/1213 1176/1945/1180 1244/2068/1248
f 1148/1885/1152 1211/1998/1213 1212/1999/1214
f 1177/1946/1181 1212/1999/1214 1245/2069/1249
f 1178/1947/1182 1177/2000/1181 1246/2070/1250
f 1178/1947/1182 1246/2070/1250 1213/2001/1215
f 1150/1888/1154 1213/2001/1215 1214/2002/1216
f 1151/1889/1155 1214/2002/1216 1215/2003/1217
f 1152/1890/1156 1215/2003/1217 1216/2071/1218
f 1247/2072/1251 1179/2073/1183 1216/2071/1218
f 1180/2074/1184 1179/2073/1183 1247/2072/1251
f 1180/1953/1184 1247/2075/1251 1217/2005/1219
f 1181/1954/1185 1217/2005/1219 1248/2076/1252
f 1181/2077/1185 1218/2078/1221 1183/2079/1186
f 1123/2080/1096 1182/2081/1220 1113/2082/1097
f 1219/2011/1222 1155/1897/1159 1218/2010/1221
f 1156/1956/1160 1219/2083/1222 1249/2084/1253
f 1220/2012/1223 1156/1956/1160 1249/2084/1253
f 1184/1957/1187 1220/2012/1223 1250/2085/1254
f 1185/2008/1188 1184/1957/1187 1250/2085/1254
f 1185/1958/1188 1250/2086/1254 1221/2013/1224
f 1221/2015/1224 1251/2087/1255 1186/2016/1189
f 1186/1959/1189 1252/2088/1256 1222/2017/1225
f 1222/2019/1225 1253/2089/1257 1187/2020/1190
f 1187/2090/1190 1254/2091/1258 1188/2092/1191
f 1188/2093/1191 1255/2094/1259 1189/2095/1192
f 1189/1964/1192 1256/2096/1260 1205/1988/1207
f 1257/2097/1261 1190/2098/1193 1223/2099/1226
f 1223/2099/1226 1160/2100/1164 1224/2101/1227
f 1203/1984/1205 1258/2102/1262 1191/1966/1194
f 1224/2101/1227 1191/2103/1194 1258/2104/1262
f 1228/2028/1232 1162/1917/1166 1225/2024/1228
f 1257/2105/1261 1225/2024/1228 1190/1965/1193
f 1259/2106/1263 1193/1968/1196 1192/1967/1195
f 1194/1969/1197 1260/2107/1264 1192/1967/1195
f 1261/2108/1265 1226/2025/1229 1193/1968/1196
f 1195/1970/1198 1262/2109/1266 1194/1969/1197
f 1227/2026/1230 1263/2110/1267 1195/1970/1198
f 1264/2111/1268 1227/2026/1230 1196/1971/1199
f 1265/2112/1269 1197/2027/1231 1198/1972/1200
f 1267/2113/1270 1198/1972/1200 1228/2028/1232
f 1226/2114/1229 1229/2031/1233 1199/2030/1201
f 1229/2031/1233 1230/2033/1234 1163/2032/1167
f 1200/2034/1202 1268/2115/1271 1231/2116/1235
f 1164/1919/1168 1231/2035/1235 1232/2036/1236
f 1233/2037/1237 1165/1920/1169 1232/2036/1236
f 1166/1975/1170 1233/2037/1237 1234/2038/1238
f 1167/1978/1171 1234/2117/1238 1235/2040/1239
f 1168/1976/1172 1235/2040/1239 1236/2118/1240
f 1235/2119/1239 1172/2120/1176 1236/2121/1240
f 1170/1981/1174 1237/2042/1241 1238/2044/1242
f 1201/2043/1203 1238/2044/1242 1269/2122/1272
f 1202/2045/1204 1201/2047/1203 1270/2123/1273
f 1240/2053/1244 1171/2052/1175 1239/2124/1243
f 1239/2048/1243 1202/2050/1204 1271/2125/1274
f 1272/2126/1275 1203/1984/1205 1240/2127/1244
f 1204/2128/1206 1235/2129/1239 1273/2130/1276
f 1204/2131/1206 1273/2132/1276 1241/2133/1245
f 1241/2055/1245 1242/2134/1246 1173/1987/1177
f 1174/2056/1178 1242/2058/1246 1237/2135/1241
f 1205/1988/1207 1256/2096/1260 1243/2063/1247
f 1243/2063/1247 1274/2136/100 1206/2064/1208
f 1206/2066/1208 1275/2137/1277 1207/1994/1209
f 1207/2067/1209 1276/2138/1278 1208/1995/1210
f 1209/1996/1211 1208/1995/1210 1277/2139/1279
f 1209/1996/1211 1278/2140/1280 1210/1997/1212
f 1210/1997/1212 1279/2141/1281 1244/2068/1248
f 1211/1998/1213 1244/2068/1248 1280/2142/1282
f 1211/1998/1213 1281/2143/1283 1212/1999/1214
f 1245/2069/1249 1212/1999/1214 1281/2143/1283
f 1246/2070/1250 1177/2000/1181 1245/2144/1249
f 1246/2070/1250 1282/2145/1284 1213/2001/1215
f 1214/2002/1216 1213/2001/1215 1283/2146/1285
f 1215/2003/1217 1214/2002/1216 1284/2147/1286
f 1216/2071/1218 1215/2003/1217 1285/2148/1287
f 1247/2072/1251 1216/2071/1218 1286/2149/1288
f 1217/2005/1219 1247/2075/1251 1287/2150/1289
f 1217/2005/1219 1287/2150/1289 1248/2076/1252
f 1181/1954/1185 1248/2076/1252 1218/2151/1221
f 1219/2083/1222 1218/2151/1221 1288/2152/1290
f 1219/2083/1222 1289/2153/1291 1249/2084/1253
f 1220/2012/1223 1249/2084/1253 1290/2154/1292
f 1220/2012/1223 1291/2155/1293 1250/2085/1254
f 1250/2085/1254 1251/2087/1255 1221/2015/1224
f 1251/2087/1255 1252/2156/1256 1186/2016/1189
f 1252/2088/1256 1292/2157/1294 1222/2017/1225
f 1222/2019/1225 1292/2158/1294 1253/2089/1257
f 1187/2090/1190 1253/2159/1257 1254/2091/1258
f 1254/2091/1258 1293/2160/1295 1188/2092/1191
f 1188/2093/1191 1293/2161/1295 1255/2094/1259
f 1189/2095/1192 1255/2094/1259 1256/2162/1260
f 1257/2097/1261 1223/2099/1226 1294/2163/1296
f 1223/2099/1226 1224/2101/1227 1295/2164/1297
f 1272/2126/1275 1258/2102/1262 1203/1984/1205
f 1224/2101/1227 1258/2104/1262 1296/2165/1298
f 1228/2028/1232 1225/2024/1228 1297/2166/1299
f 1297/2166/1299 1225/2024/1228 1257/2105/1261
f 1259/2106/1263 1261/2108/1265 1193/1968/1196
f 1260/2107/1264 1259/2106/1263 1192/1967/1195
f 1262/2109/1266 1260/2107/1264 1194/1969/1197
f 1261/2167/1265 1298/2168/1300 1226/2169/1229
f 1263/2110/1267 1262/2109/1266 1195/1970/1198
f 1299/2170/1301 1263/2110/1267 1227/2026/1230
f 1299/2170/1301 1227/2026/1230 1264/2111/1268
f 1265/2112/1269 1266/2171/1302 1197/2027/1231
f 1265/2112/1269 1198/1972/1200 1267/2113/1270
f 1267/2113/1270 1228/2028/1232 1302/2172/1303
f 1226/2169/1229 1298/2168/1300 1229/2173/1233
f 1229/2173/1233 1303/2174/1304 1230/2175/1234
f 1304/2176/1305 1231/2116/1235 1268/2115/1271
f 1305/2177/1306 1232/2178/1236 1231/2116/1235
f 1306/2179/1307 1233/2037/1237 1232/2036/1236
f 1233/2037/1237 1307/2180/1308 1234/2038/1238
f 1234/2038/1238 1308/2181/1309 1235/2129/1239
f 1237/2135/1241 1309/2182/1310 1238/2183/1242
f 1269/2184/1272 1238/2183/1242 1310/2185/1311
f 1201/2186/1203 1269/2184/1272 1270/2187/1273
f 1271/2188/1274 1202/2189/1204 1270/2187/1273
f 1240/2053/1244 1239/2124/1243 1311/2190/1312
f 1239/2124/1243 1271/2188/1274 1312/2191/1313
f 1272/2192/1275 1240/2053/1244 1313/2193/1314
f 1273/2130/1276 1235/2129/1239 1308/2181/1309
f 1273/2132/1276 1314/2194/1315 1241/2133/1245
f 1241/2195/1245 1315/2196/1316 1242/2058/1246
f 1237/2135/1241 1242/2058/1246 1309/2182/1310
f 1256/2096/1260 1316/2197/1317 1243/2063/1247
f 1243/2063/1247 1316/2197/1317 1274/2136/100
f 1206/2064/1208 1274/2136/100 1275/2198/1277
f 1207/1994/1209 1275/2137/1277 1276/2199/1278
f 1208/1995/1210 1276/2138/1278 1277/2139/1279
f 1209/1996/1211 1277/2139/1279 1278/2140/1280
f 1210/1997/1212 1278/2140/1280 1279/2141/1281
f 1244/2068/1248 1279/2141/1281 1317/2200/1318
f 1280/2142/1282 1244/2068/1248 1317/2200/1318
f 1211/2201/1213 1280/2202/1282 1281/2203/1283
f 1245/2069/1249 1281/2143/1283 1318/2204/1319
f 1246/2070/1250 1245/2144/1249 1319/2205/1320
f 1246/2070/1250 1319/2205/1320 1282/2145/1284
f 1213/2001/1215 1282/2145/1284 1283/2146/1285
f 1284/2147/1286 1214/2002/1216 1283/2146/1285
f 1285/2148/1287 1215/2003/1217 1284/2147/1286
f 1286/2149/1288 1216/2071/1218 1285/2148/1287
f 1247/2075/1251 1286/2206/1288 1287/2150/1289
f 1248/2076/1252 1287/2150/1289 1320/2207/1321
f 1248/2076/1252 1321/2208/1322 1218/2151/1221
f 1218/2151/1221 1321/2208/1322 1288/2152/1290
f 1219/2083/1222 1288/2152/1290 1289/2153/1291
f 1249/2084/1253 1289/2153/1291 1290/2154/1292
f 1220/2012/1223 1290/2154/1292 1291/2155/1293
f 1250/2085/1254 1291/2155/1293 1251/2087/1255
f 1251/2087/1255 1322/2209/1323 1252/2156/1256
f 1252/2156/1256 1323/2210/1324 1292/2211/1294
f 1253/2089/1257 1292/2158/1294 1324/2212/1325
f 1253/2159/1257 1325/2213/1326 1254/2091/1258
f 1254/2091/1258 1326/2214/1327 1293/2160/1295
f 1293/2161/1295 1327/2215/1328 1255/2094/1259
f 1256/2162/1260 1255/2094/1259 1328/2216/1329
f 1223/2099/1226 1295/2164/1297 1294/2163/1296
f 1257/2097/1261 1294/2163/1296 1329/2217/1330
f 1224/2101/1227 1296/2165/1298 1295/2164/1297
f 1330/2218/1331 1258/2102/1262 1272/2126/1275
f 1330/2218/1331 1296/2219/1298 1258/2102/1262
f 1228/2028/1232 1297/2166/1299 1302/2172/1303
f 1297/2166/1299 1257/2105/1261 1331/2220/1332
f 1332/2221/1333 1261/2108/1265 1259/2106/1263
f 1333/2222/1334 1259/2106/1263 1260/2107/1264
f 1334/2223/1335 1260/2107/1264 1262/2109/1266
f 1335/2224/1336 1298/2168/1300 1261/2167/1265
f 1263/2110/1267 1336/2225/1337 1262/2109/1266
f 1337/2226/1338 1263/2110/1267 1299/2170/1301
f 1299/2170/1301 1264/2111/1268 1338/2227/1339
f 1300/2228/1340 1338/2227/1339 1264/2111/1268
f 1339/2229/1341 1266/2171/1302 1265/2112/1269
f 1340/2230/1342 1265/2112/1269 1267/2113/1270
f 1301/2231/1343 1266/2171/1302 1339/2229/1341
f 1267/2113/1270 1302/2172/1303 1341/2232/1344
f 1229/2173/1233 1298/2168/1300 1303/2174/1304
f 1230/2175/1234 1303/2174/1304 1382/2233/1345
f 1304/2176/1305 1305/2177/1306 1231/2116/1235
f 1342/2234/1346 1304/2235/1305 1268/2236/1271
f 1305/2177/1306 1306/2237/1307 1232/2178/1236
f 1306/2179/1307 1307/2180/1308 1233/2037/1237
f 1307/2180/1308 1308/2181/1309 1234/2038/1238
f 1238/2183/1242 1309/2182/1310 1310/2185/1311
f 1269/2184/1272 1310/2185/1311 1343/2238/1347
f 1270/2187/1273 1269/2184/1272 1343/2238/1347
f 1271/2188/1274 1270/2187/1273 1344/2239/1348
f 1239/2124/1243 1312/2191/1313 1311/2190/1312
f 1240/2053/1244 1311/2190/1312 1313/2193/1314
f 1312/2191/1313 1271/2188/1274 1345/2240/1349
f 1272/2126/1275 1313/2241/1314 1346/2242/1350
f 1273/2132/1276 1308/2243/1309 1347/2244/1351
f 1273/2132/1276 1347/2244/1351 1314/2194/1315
f 1314/2245/1315 1315/2246/1316 1241/2247/1245
f 1315/2196/1316 1348/2248/1352 1242/2058/1246
f 1309/2182/1310 1242/2058/1246 1348/2248/1352
f 1256/2162/1260 1328/2216/1329 1316/2249/1317
f 1316/2197/1317 1349/2250/1353 1274/2136/100
f 1303/2174/1304 1381/2251/1354 1382/2233/1345
f 1275/2137/1277 1350/2252/1355 1276/2199/1278
f 1276/2138/1278 1351/2253/1356 1277/2139/1279
f 1277/2139/1279 1352/2254/1357 1278/2140/1280
f 1279/2141/1281 1278/2140/1280 1353/2255/1358
f 1279/2256/1281 1354/2257/1359 1317/2258/1318
f 1280/2259/1282 1317/2258/1318 1355/2260/1360
f 1281/2261/1283 1280/2259/1282 1356/2262/1361
f 1318/2263/1319 1281/2261/1283 1357/2264/1362
f 1319/2205/1320 1245/2144/1249 1318/2265/1319
f 1282/2145/1284 1319/2205/1320 1358/2266/1363
f 1283/2146/1285 1282/2145/1284 1359/2267/1364
f 1284/2147/1286 1283/2146/1285 1360/2268/1365
f 1285/2148/1287 1284/2147/1286 1361/2269/1366
f 1286/2149/1288 1285/2148/1287 1362/2270/1367
f 1287/2150/1289 1286/2206/1288 1363/2271/1368
f 1320/2207/1321 1287/2150/1289 1363/2271/1368
f 1248/2076/1252 1320/2207/1321 1321/2208/1322
f 1321/2208/1322 1364/2272/1369 1288/2152/1290
f 1289/2153/1291 1288/2152/1290 1365/2273/1370
f 1289/2153/1291 1366/2274/1371 1290/2154/1292
f 1291/2155/1293 1290/2154/1292 1367/2275/1372
f 1251/2087/1255 1291/2155/1293 1322/2209/1323
f 1322/2209/1323 1323/2210/1324 1252/2156/1256
f 1323/2210/1324 1368/2276/1373 1292/2211/1294
f 1292/2158/1294 1368/2277/1373 1324/2212/1325
f 1253/2089/1257 1324/2212/1325 1325/2278/1326
f 1254/2091/1258 1325/2213/1326 1369/2279/1374
f 1254/2091/1258 1369/2279/1374 1326/2214/1327
f 1293/2280/1295 1326/2281/1327 1370/2282/1375
f 1293/2161/1295 1370/2283/1375 1327/2215/1328
f 1327/2215/1328 1328/2216/1329 1255/2094/1259
f 1371/2284/1376 1294/2163/1296 1295/2164/1297
f 1329/2217/1330 1294/2163/1296 1372/2285/1377
f 1257/2097/1261 1329/2217/1330 1331/2286/1332
f 1295/2164/1297 1296/2165/1298 1373/2287/1378
f 1330/2218/1331 1272/2126/1275 1346/2242/1350
f 1330/2218/1331 1374/2288/1379 1296/2219/1298
f 1302/2172/1303 1297/2166/1299 1375/2289/1380
f 1297/2166/1299 1331/2220/1332 1375/2289/1380
f 1332/2290/1333 1335/2224/1336 1261/2167/1265
f 1333/2222/1334 1332/2221/1333 1259/2106/1263
f 1334/2223/1335 1333/2222/1334 1260/2107/1264
f 1336/2225/1337 1334/2223/1335 1262/2109/1266
f 1335/2224/1336 1376/2291/1381 1298/2168/1300
f 1337/2226/1338 1336/2225/1337 1263/2110/1267
f 1355/2260/1360 1337/2226/1338 1299/2170/1301
f 1355/2260/1360 1299/2170/1301 1338/2227/1339
f 1377/2292/1382 1338/2227/1339 1300/2228/1340
f 1378/2293/1383 1300/2294/1340 1301/2231/1343
f 1340/2230/1342 1339/2229/1341 1265/2112/1269
f 1340/2230/1342 1267/2113/1270 1341/2232/1344
f 1379/2295/1384 1301/2231/1343 1339/2229/1341
f 1341/2232/1344 1302/2172/1303 1380/2296/1385
f 1376/2291/1381 1303/2174/1304 1298/2168/1300
f 1382/2233/1345 1268/2236/1271 1230/2175/1234
f 1460/2297/1386 1461/2298/1387 1382/2233/1345
f 1304/2176/1305 1383/2299/1388 1305/2177/1306
f 1342/2234/1346 1384/2300/1389 1304/2235/1305
f 1385/2301/1390 1306/2237/1307 1305/2177/1306
f 1306/2179/1307 1386/2302/1391 1307/2180/1308
f 1307/2180/1308 1387/2303/1392 1308/2181/1309
f 1309/2182/1310 1388/2304/1393 1310/2185/1311
f 1343/2238/1347 1310/2185/1311 1389/2305/1394
f 1270/2187/1273 1343/2238/1347 1344/2239/1348
f 1271/2188/1274 1344/2239/1348 1345/2240/1349
f 1390/2306/1395 1311/2190/1312 1312/2191/1313
f 1391/2307/1396 1313/2193/1314 1311/2190/1312
f 1390/2306/1395 1312/2191/1313 1345/2240/1349
f 1392/2308/1397 1346/2309/1350 1313/2310/1314
f 1308/2243/1309 1387/2311/1392 1347/2244/1351
f 1314/2312/1315 1347/2313/1351 1393/2314/1398
f 1314/2312/1315 1394/2315/1399 1315/2196/1316
f 1315/2316/1316 1395/2317/1400 1348/2318/1352
f 1309/2182/1310 1348/2248/1352 1388/2304/1393
f 1328/2216/1329 1396/2319/1401 1316/2249/1317
f 1316/2249/1317 1396/2319/1401 1349/2320/1353
f 1349/2250/1353 1397/2321/1402 1274/2136/100
f 1399/2322/99 1275/2198/1277 1274/2136/100
f 1275/2137/1277 1399/2323/99 1350/2252/1355
f 1276/2199/1278 1350/2252/1355 1351/2324/1356
f 1277/2139/1279 1351/2253/1356 1352/2254/1357
f 1278/2140/1280 1352/2254/1357 1353/2255/1358
f 1279/2256/1281 1353/2325/1358 1354/2257/1359
f 1317/2258/1318 1354/2257/1359 1337/2226/1338
f 1355/2260/1360 1317/2258/1318 1337/2226/1338
f 1356/2262/1361 1280/2259/1282 1355/2260/1360
f 1281/2261/1283 1356/2262/1361 1357/2264/1362
f 1318/2265/1319 1357/2326/1362 1400/2327/1403
f 1358/2266/1363 1319/2205/1320 1318/2265/1319
f 1359/2267/1364 1282/2145/1284 1358/2266/1363
f 1360/2268/1365 1283/2146/1285 1359/2267/1364
f 1284/2147/1286 1360/2268/1365 1361/2269/1366
f 1285/2148/1287 1361/2269/1366 1362/2270/1367
f 1286/2206/1288 1362/2328/1367 1363/2271/1368
f 1320/2207/1321 1363/2271/1368 1401/2329/1404
f 1321/2208/1322 1320/2207/1321 1402/2330/1405
f 1321/2208/1322 1402/2330/1405 1364/2272/1369
f 1288/2152/1290 1364/2272/1369 1365/2273/1370
f 1289/2153/1291 1365/2273/1370 1366/2274/1371
f 1290/2154/1292 1366/2274/1371 1367/2275/1372
f 1291/2155/1293 1367/2275/1372 1322/2209/1323
f 1322/2209/1323 1403/2331/1406 1323/2210/1324
f 1323/2210/1324 1404/2332/1407 1368/2276/1373
f 1324/2212/1325 1368/2277/1373 1405/2333/1408
f 1324/2334/1325 1406/2335/1409 1325/2336/1326
f 1369/2279/1374 1325/2213/1326 1407/2337/1410
f 1326/2338/1327 1369/2339/1374 1408/2340/1411
f 1370/2282/1375 1326/2281/1327 1409/2341/1412
f 1327/2215/1328 1370/2283/1375 1410/2342/1413
f 1327/2215/1328 1411/2343/1414 1328/2216/1329
f 1371/2284/1376 1372/2285/1377 1294/2163/1296
f 1371/2284/1376 1295/2164/1297 1373/2287/1378
f 1329/2217/1330 1372/2285/1377 1412/2344/1415
f 1331/2345/1332 1329/2346/1330 1375/2347/1380
f 1296/2165/1298 1374/2348/1379 1373/2287/1378
f 1330/2218/1331 1346/2242/1350 1413/2349/1416
f 1330/2218/1331 1413/2349/1416 1374/2288/1379
f 1375/2289/1380 1414/2350/1417 1302/2172/1303
f 1332/2290/1333 1415/2351/1418 1335/2224/1336
f 1416/2352/1419 1332/2221/1333 1333/2222/1334
f 1334/2223/1335 1417/2353/1420 1333/2222/1334
f 1336/2225/1337 1418/2354/1421 1334/2223/1335
f 1419/2355/1422 1376/2291/1381 1335/2224/1336
f 1354/2257/1359 1336/2225/1337 1337/2226/1338
f 1356/2262/1361 1355/2260/1360 1338/2227/1339
f 1356/2262/1361 1338/2227/1339 1377/2292/1382
f 1377/2356/1382 1300/2294/1340 1378/2293/1383
f 1378/2293/1383 1301/2231/1343 1379/2295/1384
f 1420/2357/1423 1339/2229/1341 1340/2230/1342
f 1340/2230/1342 1341/2232/1344 1421/2358/1424
f 1379/2295/1384 1339/2229/1341 1420/2357/1423
f 1380/2296/1385 1302/2172/1303 1414/2350/1417
f 1422/2359/1425 1341/2232/1344 1380/2296/1385
f 1376/2291/1381 1381/2251/1354 1303/2174/1304
f 1461/2298/1387 1342/2234/1346 1382/2233/1345
f 1384/2300/1389 1383/2360/1388 1304/2235/1305
f 1383/2299/1388 1385/2301/1390 1305/2177/1306
f 1342/2234/1346 1423/2361/1426 1384/2300/1389
f 1385/2301/1390 1386/2362/1391 1306/2237/1307
f 1386/2302/1391 1387/2303/1392 1307/2180/1308
f 1310/2185/1311 1388/2304/1393 1424/2363/1427
f 1389/2305/1394 1310/2185/1311 1424/2363/1427
f 1343/2238/1347 1389/2305/1394 1425/2364/1428
f 1344/2239/1348 1343/2238/1347 1425/2364/1428
f 1345/2240/1349 1344/2239/1348 1426/2365/1429
f 1391/2307/1396 1311/2190/1312 1390/2306/1395
f 1392/2366/1397 1313/2193/1314 1391/2307/1396
f 1390/2306/1395 1345/2240/1349 1427/2367/1430
f 1428/2368/1431 1346/2309/1350 1392/2308/1397
f 1347/2369/1351 1387/2370/1392 1429/2371/1432
f 1393/2372/1398 1347/2373/1351 1429/2374/1432
f 1314/2312/1315 1393/2314/1398 1394/2315/1399
f 1394/2375/1399 1430/2376/1433 1315/2377/1316
f 1315/2196/1316 1430/2378/1433 1395/2379/1400
f 1395/2380/1400 1431/2381/1434 1348/2382/1352
f 1348/2248/1352 1432/2383/1435 1388/2304/1393
f 1328/2216/1329 1411/2343/1414 1396/2319/1401
f 1396/2384/1401 1433/2385/1436 1349/2250/1353
f 1349/2250/1353 1434/2386/1437 1397/2321/1402
f 1274/2136/100 1397/2321/1402 1398/2387/98
f 1399/2388/99 1435/2389/1438 1350/2390/1355
f 1351/2391/1356 1350/2390/1355 1436/2392/1439
f 1351/2253/1356 1437/2393/1440 1352/2254/1357
f 1352/2254/1357 1437/2393/1440 1353/2255/1358
f 1353/2325/1358 1418/2354/1421 1354/2257/1359
f 1356/2262/1361 1377/2292/1382 1357/2264/1362
f 1400/2327/1403 1357/2326/1362 1438/2394/1441
f 1358/2266/1363 1318/2265/1319 1400/2327/1403
f 1359/2267/1364 1358/2266/1363 1439/2395/1442
f 1360/2268/1365 1359/2267/1364 1440/2396/1443
f 1361/2269/1366 1360/2268/1365 1441/2397/1444
f 1362/2270/1367 1361/2269/1366 1442/2398/1445
f 1363/2271/1368 1362/2328/1367 1443/2399/1446
f 1401/2329/1404 1363/2271/1368 1443/2399/1446
f 1320/2207/1321 1401/2329/1404 1402/2330/1405
f 1402/2330/1405 1444/2400/1447 1364/2272/1369
f 1445/2401/1448 1365/2273/1370 1364/2272/1369
f 1446/2402/1449 1366/2274/1371 1365/2273/1370
f 1367/2275/1372 1366/2274/1371 1447/2403/1450
f 1367/2275/1372 1403/2331/1406 1322/2209/1323
f 1323/2210/1324 1403/2331/1406 1404/2332/1407
f 1404/2332/1407 1448/2404/1451 1368/2276/1373
f 1368/2277/1373 1448/2405/1451 1405/2333/1408
f 1324/2212/1325 1405/2333/1408 1406/2406/1409
f 1325/2407/1326 1406/2408/1409 1407/2409/1410
f 1369/2339/1374 1407/2409/1410 1449/2410/1452
f 1369/2339/1374 1449/2410/1452 1408/2340/1411
f 1326/2411/1327 1408/2412/1411 1409/2413/1412
f 1370/2414/1375 1409/2413/1412 1410/2415/1413
f 1327/2215/1328 1410/2342/1413 1411/2343/1414
f 1450/2416/1453 1372/2285/1377 1371/2284/1376
f 1451/2417/1454 1371/2284/1376 1373/2287/1378
f 1372/2285/1377 1452/2418/1455 1412/2344/1415
f 1414/2419/1417 1329/2217/1330 1412/2344/1415
f 1414/2419/1417 1375/2420/1380 1329/2217/1330
f 1373/2421/1378 1374/2422/1379 1453/2423/1456
f 1428/2368/1431 1413/2424/1416 1346/2309/1350
f 1454/2425/1457 1374/2422/1379 1413/2426/1416
f 1416/2427/1419 1415/2351/1418 1332/2290/1333
f 1415/2351/1418 1419/2355/1422 1335/2224/1336
f 1417/2353/1420 1416/2352/1419 1333/2222/1334
f 1418/2354/1421 1417/2353/1420 1334/2223/1335
f 1354/2257/1359 1418/2354/1421 1336/2225/1337
f 1419/2355/1422 1455/2428/1458 1376/2291/1381
f 1438/2394/1441 1377/2356/1382 1378/2293/1383
f 1378/2293/1383 1379/2295/1384 1456/2429/1459
f 1420/2357/1423 1340/2230/1342 1421/2358/1424
f 1422/2359/1425 1421/2358/1424 1341/2232/1344
f 1379/2295/1384 1420/2357/1423 1457/2430/1460
f 1458/2431/1461 1380/2296/1385 1414/2350/1417
f 1422/2359/1425 1380/2296/1385 1459/2432/1462
f 1376/2291/1381 1455/2428/1458 1381/2251/1354
f 1342/2234/1346 1268/2236/1271 1382/2233/1345
f 1382/2233/1345 1381/2251/1354 1460/2297/1386
f 1384/2300/1389 1462/2433/1463 1383/2360/1388
f 1383/2299/1388 1463/2434/1464 1385/2301/1390
f 1342/2234/1346 1461/2298/1387 1423/2361/1426
f 1423/2361/1426 1464/2435/1465 1384/2300/1389
f 1465/2436/1466 1386/2362/1391 1385/2301/1390
f 1386/2437/1391 1466/2438/1467 1387/2439/1392
f 1424/2363/1427 1388/2304/1393 1467/2440/1468
f 1389/2305/1394 1424/2363/1427 1468/2441/1469
f 1425/2364/1428 1389/2305/1394 1469/2442/1470
f 1426/2365/1429 1344/2239/1348 1425/2364/1428
f 1345/2240/1349 1426/2365/1429 1470/2443/1471
f 1391/2307/1396 1390/2306/1395 1471/2444/1472
f 1472/2445/1473 1392/2446/1397 1391/2447/1396
f 1345/2240/1349 1470/2443/1471 1427/2367/1430
f 1471/2444/1472 1390/2306/1395 1427/2367/1430
f 1473/2448/1474 1428/2449/1431 1392/2450/1397
f 1387/2439/1392 1474/2451/1475 1429/2452/1432
f 1393/2372/1398 1429/2374/1432 1475/2453/1476
f 1394/2315/1399 1393/2314/1398 1475/2454/1476
f 1394/2315/1399 1476/2455/1477 1430/2378/1433
f 1395/2379/1400 1430/2378/1433 1431/2456/1434
f 1348/2248/1352 1431/2456/1434 1432/2383/1435
f 1388/2304/1393 1432/2383/1435 1467/2440/1468
f 1396/2319/1401 1411/2343/1414 1477/2457/1478
f 1396/2319/1401 1477/2457/1478 1433/2458/1436
f 1434/2386/1437 1349/2250/1353 1433/2385/1436
f 1478/2459/1479 1397/2321/1402 1434/2386/1437
f 1398/2387/98 1397/2321/1402 1479/2460/1480
f 1398/2387/98 1479/2460/1480 1399/2322/99
f 1479/2461/1480 1435/2389/1438 1399/2388/99
f 1350/2390/1355 1435/2389/1438 1436/2392/1439
f 1351/2253/1356 1436/2462/1439 1437/2393/1440
f 1353/2325/1358 1437/2463/1440 1480/2464/1481
f 1353/2325/1358 1480/2464/1481 1418/2354/1421
f 1438/2394/1441 1357/2326/1362 1377/2356/1382
f 1400/2327/1403 1438/2394/1441 1481/2465/1482
f 1358/2266/1363 1400/2327/1403 1439/2395/1442
f 1359/2466/1364 1439/2467/1442 1440/2468/1443
f 1360/2268/1365 1440/2396/1443 1441/2397/1444
f 1442/2398/1445 1361/2269/1366 1441/2397/1444
f 1362/2328/1367 1442/2469/1445 1443/2399/1446
f 1401/2329/1404 1443/2399/1446 1482/2470/1483
f 1402/2330/1405 1401/2329/1404 1483/2471/1484
f 1402/2472/1405 1483/2473/1484 1444/2474/1447
f 1445/2401/1448 1364/2272/1369 1444/2400/1447
f 1445/2401/1448 1484/2475/1485 1365/2273/1370
f 1446/2402/1449 1447/2403/1450 1366/2274/1371
f 1446/2402/1449 1365/2273/1370 1484/2475/1485
f 1367/2275/1372 1447/2403/1450 1403/2331/1406
f 1403/2331/1406 1485/2476/1486 1404/2332/1407
f 1404/2332/1407 1486/2477/1487 1448/2404/1451
f 1448/2405/1451 1487/2478/1488 1405/2333/1408
f 1405/2479/1408 1488/2480/1489 1406/2481/1409
f 1406/2408/1409 1489/2482/1490 1407/2409/1410
f 1407/2409/1410 1490/2483/1491 1449/2410/1452
f 1408/2412/1411 1449/2484/1452 1491/2485/1492
f 1408/2412/1411 1492/2486/1493 1409/2413/1412
f 1410/2415/1413 1409/2413/1412 1493/2487/1494
f 1410/2342/1413 1494/2488/1495 1411/2343/1414
f 1450/2416/1453 1452/2418/1455 1372/2285/1377
f 1450/2416/1453 1371/2284/1376 1451/2417/1454
f 1451/2417/1454 1373/2287/1378 1453/2489/1456
f 1495/2490/1496 1412/2344/1415 1452/2418/1455
f 1458/2491/1461 1414/2419/1417 1412/2344/1415
f 1454/2425/1457 1453/2423/1456 1374/2422/1379
f 1496/2492/1497 1413/2424/1416 1428/2368/1431
f 1496/2493/1497 1454/2494/1457 1413/2495/1416
f 1497/2496/1498 1415/2351/1418 1416/2427/1419
f 1498/2497/1499 1419/2355/1422 1415/2351/1418
f 1499/2498/1500 1416/2352/1419 1417/2353/1420
f 1480/2464/1481 1417/2353/1420 1418/2354/1421
f 1500/2499/1501 1455/2428/1458 1419/2355/1422
f 1438/2394/1441 1378/2293/1383 1456/2429/1459
f 1379/2295/1384 1457/2430/1460 1456/2429/1459
f 1501/2500/1502 1420/2357/1423 1421/2358/1424
f 1422/2359/1425 1502/2501/1503 1421/2358/1424
f 1501/2500/1502 1457/2430/1460 1420/2357/1423
f 1459/2432/1462 1380/2296/1385 1458/2431/1461
f 1503/2502/1504 1422/2359/1425 1459/2432/1462
f 1381/2251/1354 1455/2428/1458 1460/2297/1386
f 1268/2115/1271 1200/2034/1202 1230/2033/1234
f 1464/2435/1465 1462/2433/1463 1384/2300/1389
f 1462/2433/1463 1463/2503/1464 1383/2360/1388
f 1463/2434/1464 1465/2436/1466 1385/2301/1390
f 1504/2504/1505 1423/2361/1426 1461/2298/1387
f 1505/2505/1506 1464/2435/1465 1423/2361/1426
f 1465/2506/1466 1506/2507/1507 1386/2508/1391
f 1386/2508/1391 1506/2507/1507 1466/2509/1467
f 1387/2439/1392 1466/2438/1467 1474/2451/1475
f 1424/2510/1427 1467/2511/1468 1507/2512/1508
f 1468/2513/1469 1424/2510/1427 1507/2512/1508
f 1389/2305/1394 1468/2441/1469 1469/2442/1470
f 1425/2364/1428 1469/2442/1470 1508/2514/1509
f 1426/2365/1429 1425/2364/1428 1508/2514/1509
f 1470/2443/1471 1426/2365/1429 1509/2515/1510
f 1472/2516/1473 1391/2307/1396 1471/2444/1472
f 1510/2517/1511 1392/2446/1397 1472/2445/1473
f 1427/2367/1430 1470/2443/1471 1511/2518/1512
f 1471/2444/1472 1427/2367/1430 1512/2519/1513
f 1473/2448/1474 1513/2520/1514 1428/2449/1431
f 1473/2521/1474 1392/2446/1397 1510/2517/1511
f 1429/2452/1432 1474/2451/1475 1514/2522/1515
f 1429/2523/1432 1514/2524/1515 1475/2454/1476
f 1394/2315/1399 1475/2454/1476 1476/2455/1477
f 1430/2378/1433 1476/2455/1477 1431/2456/1434
f 1431/2456/1434 1515/2525/1516 1432/2383/1435
f 1467/2440/1468 1432/2383/1435 1516/2526/1517
f 1494/2488/1495 1477/2457/1478 1411/2343/1414
f 1477/2527/1478 1517/2528/1518 1433/2385/1436
f 1433/2385/1436 1478/2459/1479 1434/2386/1437
f 1397/2321/1402 1478/2459/1479 1518/2529/1519
f 1479/2460/1480 1397/2321/1402 1518/2529/1519
f 1479/2460/1480 1519/2530/1520 1435/2531/1438
f 1435/2389/1438 1520/2532/1521 1436/2392/1439
f 1436/2462/1439 1521/2533/1522 1437/2393/1440
f 1437/2463/1440 1521/2534/1522 1480/2464/1481
f 1438/2394/1441 1456/2429/1459 1481/2465/1482
f 1439/2395/1442 1400/2327/1403 1481/2465/1482
f 1440/2396/1443 1439/2395/1442 1522/2535/1523
f 1441/2397/1444 1440/2396/1443 1523/2536/1524
f 1442/2398/1445 1441/2397/1444 1524/2537/1525
f 1443/2399/1446 1442/2469/1445 1525/2538/1526
f 1443/2399/1446 1525/2538/1526 1482/2470/1483
f 1401/2329/1404 1482/2470/1483 1483/2471/1484
f 1444/2400/1447 1483/2471/1484 1526/2539/1527
f 1445/2401/1448 1444/2400/1447 1527/2540/1528
f 1445/2401/1448 1527/2540/1528 1484/2475/1485
f 1446/2402/1449 1528/2541/1529 1447/2403/1450
f 1446/2402/1449 1484/2475/1485 1529/2542/1530
f 1447/2403/1450 1485/2476/1486 1403/2331/1406
f 1485/2476/1486 1486/2477/1487 1404/2332/1407
f 1486/2477/1487 1530/2543/1531 1448/2404/1451
f 1448/2405/1451 1530/2544/1531 1487/2478/1488
f 1405/2545/1408 1487/2546/1488 1488/2547/1489
f 1406/2408/1409 1488/2547/1489 1489/2482/1490
f 1407/2409/1410 1489/2482/1490 1490/2483/1491
f 1449/2410/1452 1490/2483/1491 1531/2548/1532
f 1491/2485/1492 1449/2484/1452 1531/2549/1532
f 1408/2412/1411 1491/2485/1492 1492/2486/1493
f 1409/2413/1412 1492/2486/1493 1493/2487/1494
f 1410/2550/1413 1493/2551/1494 1494/2552/1495
f 1450/2416/1453 1532/2553/1533 1452/2418/1455
f 1450/2416/1453 1451/2417/1454 1533/2554/1534
f 1534/2555/1535 1451/2417/1454 1453/2489/1456
f 1495/2490/1496 1458/2491/1461 1412/2344/1415
f 1495/2490/1496 1452/2418/1455 1535/2556/1536
f 1536/2557/1537 1453/2423/1456 1454/2425/1457
f 1496/2558/1497 1428/2449/1431 1513/2520/1514
f 1537/2559/1538 1454/2494/1457 1496/2493/1497
f 1497/2496/1498 1498/2497/1499 1415/2351/1418
f 1499/2560/1500 1497/2496/1498 1416/2427/1419
f 1498/2497/1499 1500/2499/1501 1419/2355/1422
f 1480/2464/1481 1499/2498/1500 1417/2353/1420
f 1500/2499/1501 1538/2561/1539 1455/2428/1458
f 1456/2429/1459 1457/2430/1460 1539/2562/1540
f 1501/2500/1502 1421/2358/1424 1502/2501/1503
f 1503/2502/1504 1502/2501/1503 1422/2359/1425
f 1540/2563/1541 1457/2430/1460 1501/2500/1502
f 1459/2432/1462 1458/2431/1461 1541/2564/1542
f 1503/2502/1504 1459/2432/1462 1542/2565/1543
f 1455/2428/1458 1538/2561/1539 1460/2297/1386
f 1460/2297/1386 1543/2566/1544 1461/2298/1387
f 1464/2567/1465 1544/2568/1545 1462/2569/1463
f 1462/2569/1463 1545/2570/1546 1463/2571/1464
f 1587/2572/1547 1465/2573/1466 1463/2574/1464
f 1504/2504/1505 1505/2505/1506 1423/2361/1426
f 1543/2566/1544 1504/2504/1505 1461/2298/1387
f 1505/2575/1506 1546/2576/1548 1464/2567/1465
f 1465/2506/1466 1547/2577/1549 1506/2507/1507
f 1548/2578/1550 1466/2438/1467 1506/2579/1507
f 1474/2451/1475 1466/2438/1467 1549/2580/1551
f 1507/2512/1508 1467/2511/1468 1550/2581/1552
f 1468/2513/1469 1507/2512/1508 1551/2582/1553
f 1469/2583/1470 1468/2513/1469 1552/2584/1554
f 1469/2583/1470 1553/2585/1555 1508/2586/1509
f 1426/2365/1429 1508/2514/1509 1509/2515/1510
f 1470/2443/1471 1509/2515/1510 1554/2587/1556
f 1472/2516/1473 1471/2444/1472 1555/2588/1557
f 1510/2517/1511 1472/2445/1473 1556/2589/1558
f 1511/2518/1512 1470/2443/1471 1554/2587/1556
f 1512/2519/1513 1427/2367/1430 1511/2518/1512
f 1555/2588/1557 1471/2444/1472 1512/2519/1513
f 1557/2590/1559 1513/2520/1514 1473/2448/1474
f 1473/2448/1474 1510/2591/1511 1558/2592/1560
f 1514/2522/1515 1474/2451/1475 1559/2593/1561
f 1475/2454/1476 1514/2524/1515 1560/2594/1562
f 1475/2454/1476 1560/2594/1562 1476/2455/1477
f 1431/2456/1434 1476/2455/1477 1561/2595/1563
f 1431/2456/1434 1561/2595/1563 1515/2525/1516
f 1515/2525/1516 1516/2526/1517 1432/2383/1435
f 1467/2440/1468 1516/2526/1517 1550/2596/1552
f 1494/2552/1495 1562/2597/1564 1477/2527/1478
f 1562/2597/1564 1517/2528/1518 1477/2527/1478
f 1433/2385/1436 1517/2528/1518 1563/2598/1565
f 1433/2385/1436 1563/2598/1565 1478/2459/1479
f 1518/2529/1519 1478/2459/1479 1564/2599/1566
f 1479/2460/1480 1518/2529/1519 1565/2600/1567
f 1479/2460/1480 1565/2600/1567 1519/2530/1520
f 1435/2389/1438 1519/2601/1520 1520/2532/1521
f 1436/2392/1439 1520/2532/1521 1521/2602/1522
f 1480/2464/1481 1521/2534/1522 1499/2498/1500
f 1481/2465/1482 1456/2429/1459 1539/2562/1540
f 1439/2395/1442 1481/2465/1482 1522/2535/1523
f 1523/2536/1524 1440/2396/1443 1522/2535/1523
f 1441/2397/1444 1523/2536/1524 1524/2537/1525
f 1442/2469/1445 1524/2603/1525 1525/2538/1526
f 1482/2470/1483 1525/2538/1526 1566/2604/1568
f 1482/2470/1483 1567/2605/1569 1483/2471/1484
f 1526/2539/1527 1483/2471/1484 1567/2605/1569
f 1527/2540/1528 1444/2400/1447 1526/2539/1527
f 1527/2540/1528 1568/2606/1570 1484/2475/1485
f 1446/2402/1449 1529/2542/1530 1528/2541/1529
f 1447/2403/1450 1528/2541/1529 1485/2476/1486
f 1484/2475/1485 1568/2606/1570 1529/2542/1530
f 1485/2476/1486 1569/2607/1571 1486/2477/1487
f 1486/2477/1487 1570/2608/1572 1530/2543/1531
f 1530/2544/1531 1571/2609/1573 1487/2478/1488
f 1487/2546/1488 1572/2610/1574 1488/2547/1489
f 1489/2482/1490 1488/2547/1489 1573/2611/1575
f 1489/2612/1490 1574/2613/1576 1490/2614/1491
f 1531/2615/1532 1490/2614/1491 1575/2616/1577
f 1491/2617/1492 1531/2618/1532 1576/2619/1578
f 1491/2620/1492 1577/2621/1579 1492/2622/1493
f 1493/2551/1494 1492/2622/1493 1577/2621/1579
f 1493/2551/1494 1577/2621/1579 1494/2552/1495
f 1450/2416/1453 1533/2554/1534 1532/2553/1533
f 1452/2418/1455 1532/2553/1533 1535/2556/1536
f 1534/2555/1535 1533/2554/1534 1451/2417/1454
f 1536/2623/1537 1534/2555/1535 1453/2489/1456
f 1495/2490/1496 1541/2624/1542 1458/2491/1461
f 1495/2490/1496 1535/2556/1536 1578/2625/1580
f 1536/2626/1537 1454/2494/1457 1537/2559/1538
f 1579/2627/1581 1496/2558/1497 1513/2520/1514
f 1579/2628/1581 1537/2559/1538 1496/2493/1497
f 1497/2496/1498 1580/2629/1582 1498/2497/1499
f 1499/2560/1500 1581/2630/1583 1497/2496/1498
f 1582/2631/1584 1500/2499/1501 1498/2497/1499
f 1583/2632/1585 1538/2561/1539 1500/2499/1501
f 1540/2563/1541 1539/2562/1540 1457/2430/1460
f 1501/2500/1502 1502/2501/1503 1584/2633/1586
f 1585/2634/1587 1502/2501/1503 1503/2502/1504
f 1540/2563/1541 1501/2500/1502 1584/2633/1586
f 1459/2432/1462 1541/2564/1542 1542/2565/1543
f 1586/2635/1588 1503/2502/1504 1542/2565/1543
f 1538/2561/1539 1543/2566/1544 1460/2297/1386
f 1464/2567/1465 1546/2576/1548 1544/2568/1545
f 1462/2569/1463 1544/2568/1545 1545/2570/1546
f 1545/2636/1546 1587/2637/1547 1463/2638/1464
f 1726/2639/1589 1782/2640/1590 1682/2641/1591
f 1504/2504/1505 1588/2642/1592 1505/2505/1506
f 1543/2566/1544 1589/2643/1593 1504/2504/1505
f 1505/2644/1506 1590/2645/1594 1546/2646/1548
f 1465/2506/1466 1587/2647/1547 1547/2577/1549
f 1547/2577/1549 1591/2648/1595 1506/2507/1507
f 1548/2578/1550 1592/2649/1596 1466/2438/1467
f 1548/2650/1550 1506/2507/1507 1591/2648/1595
f 1466/2438/1467 1592/2649/1596 1549/2580/1551
f 1474/2451/1475 1549/2580/1551 1593/2651/1597
f 1550/2581/1552 1594/2652/1598 1507/2512/1508
f 1551/2582/1553 1507/2512/1508 1595/2653/1599
f 1552/2584/1554 1468/2513/1469 1551/2582/1553
f 1469/2583/1470 1552/2584/1554 1553/2585/1555
f 1596/2654/1600 1508/2586/1509 1553/2585/1555
f 1509/2655/1510 1508/2586/1509 1596/2654/1600
f 1554/2656/1556 1509/2655/1510 1597/2657/1601
f 1556/2658/1558 1472/2516/1473 1555/2588/1557
f 1598/2659/1602 1510/2591/1511 1556/2660/1558
f 1511/2518/1512 1554/2587/1556 1599/2661/1603
f 1600/2662/1604 1512/2519/1513 1511/2518/1512
f 1555/2663/1557 1512/2664/1513 1601/2665/1605
f 1602/2666/1606 1513/2520/1514 1557/2590/1559
f 1557/2590/1559 1473/2448/1474 1558/2592/1560
f 1558/2592/1560 1510/2591/1511 1598/2659/1602
f 1474/2451/1475 1593/2651/1597 1559/2593/1561
f 1514/2522/1515 1559/2593/1561 1603/2667/1607
f 1560/2594/1562 1514/2524/1515 1603/2668/1607
f 1560/2594/1562 1561/2595/1563 1476/2455/1477
f 1515/2525/1516 1561/2595/1563 1604/2669/1608
f 1515/2525/1516 1605/2670/1609 1516/2526/1517
f 1550/2671/1552 1516/2672/1517 1606/2673/1610
f 1577/2621/1579 1562/2597/1564 1494/2552/1495
f 1562/2674/1564 1607/2675/1611 1517/2676/1518
f 1517/2528/1518 1608/2677/1612 1563/2598/1565
f 1478/2459/1479 1563/2598/1565 1564/2599/1566
f 1518/2529/1519 1564/2599/1566 1609/2678/1613
f 1518/2529/1519 1609/2678/1613 1565/2600/1567
f 1565/2679/1567 1610/2680/1614 1519/2681/1520
f 1520/2682/1521 1519/2683/1520 1611/2684/1615
f 1521/2685/1522 1520/2682/1521 1581/2630/1583
f 1521/2685/1522 1581/2630/1583 1499/2560/1500
f 1522/2535/1523 1481/2465/1482 1539/2562/1540
f 1523/2536/1524 1522/2535/1523 1612/2686/1616
f 1523/2536/1524 1613/2687/1617 1524/2537/1525
f 1524/2603/1525 1614/2688/1618 1525/2538/1526
f 1614/2688/1618 1566/2604/1568 1525/2538/1526
f 1482/2470/1483 1566/2604/1568 1567/2605/1569
f 1526/2689/1527 1567/2690/1569 1615/2691/1619
f 1527/2540/1528 1526/2539/1527 1616/2692/1620
f 1527/2540/1528 1616/2692/1620 1568/2606/1570
f 1528/2541/1529 1529/2542/1530 1617/2693/1621
f 1528/2541/1529 1569/2607/1571 1485/2476/1486
f 1529/2542/1530 1568/2606/1570 1618/2694/1622
f 1569/2607/1571 1570/2608/1572 1486/2477/1487
f 1530/2544/1531 1570/2695/1572 1619/2696/1623
f 1530/2544/1531 1619/2696/1623 1571/2609/1573
f 1487/2546/1488 1571/2697/1573 1572/2610/1574
f 1488/2547/1489 1572/2610/1574 1573/2611/1575
f 1489/2612/1490 1573/2698/1575 1574/2613/1576
f 1490/2614/1491 1574/2613/1576 1620/2699/1624
f 1620/2699/1624 1575/2616/1577 1490/2614/1491
f 1531/2700/1532 1575/2701/1577 1576/2702/1578
f 1491/2617/1492 1576/2619/1578 1577/2703/1579
f 1621/2704/1625 1532/2553/1533 1533/2554/1534
f 1622/2705/1626 1535/2556/1536 1532/2553/1533
f 1623/2706/1627 1533/2554/1534 1534/2555/1535
f 1624/2707/1628 1534/2708/1535 1536/2709/1537
f 1495/2710/1496 1578/2711/1580 1541/2564/1542
f 1625/2712/1629 1578/2625/1580 1535/2556/1536
f 1537/2559/1538 1626/2713/1630 1536/2626/1537
f 1602/2666/1606 1579/2627/1581 1513/2520/1514
f 1627/2714/1631 1537/2559/1538 1579/2628/1581
f 1628/2715/1632 1580/2629/1582 1497/2496/1498
f 1580/2629/1582 1582/2631/1584 1498/2497/1499
f 1581/2630/1583 1628/2715/1632 1497/2496/1498
f 1582/2631/1584 1583/2632/1585 1500/2499/1501
f 1583/2632/1585 1629/2716/1633 1538/2561/1539
f 1612/2686/1616 1539/2562/1540 1540/2563/1541
f 1502/2501/1503 1585/2634/1587 1584/2633/1586
f 1585/2634/1587 1503/2502/1504 1630/2717/1634
f 1540/2563/1541 1584/2633/1586 1631/2718/1635
f 1541/2564/1542 1632/2719/1636 1542/2565/1543
f 1586/2635/1588 1630/2717/1634 1503/2502/1504
f 1586/2720/1588 1542/2721/1543 1633/2722/1637
f 1629/2716/1633 1543/2566/1544 1538/2561/1539
f 1546/2576/1548 1634/2723/1638 1544/2568/1545
f 1635/2724/1639 1545/2570/1546 1544/2568/1545
f 1589/2643/1593 1588/2642/1592 1504/2504/1505
f 1588/2725/1592 1590/2645/1594 1505/2644/1506
f 1629/2716/1633 1589/2643/1593 1543/2566/1544
f 1590/2645/1594 1636/2726/1640 1546/2646/1548
f 1587/2647/1547 1637/2727/1641 1547/2577/1549
f 1547/2577/1549 1638/2728/1642 1591/2648/1595
f 1548/2578/1550 1639/2729/1643 1592/2649/1596
f 1548/2650/1550 1591/2648/1595 1640/2730/1644
f 1592/2649/1596 1641/2731/1645 1549/2580/1551
f 1549/2580/1551 1642/2732/1646 1593/2651/1597
f 1550/2733/1552 1606/2734/1610 1594/2735/1598
f 1507/2512/1508 1594/2652/1598 1595/2653/1599
f 1643/2736/1647 1551/2582/1553 1595/2653/1599
f 1552/2584/1554 1551/2582/1553 1644/2737/1648
f 1552/2584/1554 1645/2738/1649 1553/2585/1555
f 1596/2654/1600 1553/2585/1555 1646/2739/1650
f 1509/2655/1510 1596/2654/1600 1597/2657/1601
f 1647/2740/1651 1554/2587/1556 1597/2741/1601
f 1556/2658/1558 1555/2588/1557 1648/2742/1652
f 1598/2659/1602 1556/2660/1558 1649/2743/1653
f 1599/2661/1603 1554/2587/1556 1647/2740/1651
f 1600/2662/1604 1511/2518/1512 1599/2661/1603
f 1601/2744/1605 1512/2519/1513 1600/2662/1604
f 1555/2663/1557 1601/2665/1605 1648/2745/1652
f 1602/2666/1606 1557/2590/1559 1650/2746/1654
f 1557/2590/1559 1558/2592/1560 1651/2747/1655
f 1652/2748/1656 1558/2592/1560 1598/2659/1602
f 1593/2749/1597 1653/2750/1657 1559/2751/1561
f 1559/2751/1561 1654/2752/1658 1603/2668/1607
f 1560/2594/1562 1603/2668/1607 1655/2753/1659
f 1560/2594/1562 1655/2753/1659 1561/2595/1563
f 1561/2595/1563 1655/2753/1659 1604/2669/1608
f 1515/2525/1516 1604/2669/1608 1605/2670/1609
f 1516/2526/1517 1605/2670/1609 1606/2754/1610
f 1577/2703/1579 1576/2619/1578 1562/2674/1564
f 1576/2619/1578 1607/2675/1611 1562/2674/1564
f 1607/2755/1611 1608/2677/1612 1517/2528/1518
f 1608/2677/1612 1656/2756/1660 1563/2598/1565
f 1563/2598/1565 1656/2756/1660 1564/2599/1566
f 1564/2599/1566 1657/2757/1661 1609/2678/1613
f 1565/2600/1567 1609/2678/1613 1658/2758/1662
f 1565/2679/1567 1659/2759/1663 1610/2680/1614
f 1610/2760/1614 1611/2684/1615 1519/2683/1520
f 1520/2682/1521 1611/2684/1615 1581/2630/1583
f 1522/2535/1523 1539/2562/1540 1612/2686/1616
f 1523/2536/1524 1612/2686/1616 1613/2687/1617
f 1524/2603/1525 1613/2761/1617 1614/2688/1618
f 1614/2688/1618 1660/2762/1664 1566/2604/1568
f 1567/2605/1569 1566/2604/1568 1661/2763/1665
f 1567/2690/1569 1662/2764/1666 1615/2691/1619
f 1526/2539/1527 1615/2765/1619 1616/2692/1620
f 1568/2606/1570 1616/2692/1620 1663/2766/1667
f 1529/2542/1530 1618/2694/1622 1617/2693/1621
f 1528/2541/1529 1617/2693/1621 1569/2607/1571
f 1618/2694/1622 1568/2606/1570 1663/2766/1667
f 1569/2607/1571 1664/2767/1668 1570/2608/1572
f 1570/2695/1572 1665/2768/1669 1619/2696/1623
f 1571/2697/1573 1619/2769/1623 1666/2770/1670
f 1571/2697/1573 1667/2771/1671 1572/2610/1574
f 1573/2698/1575 1572/2772/1574 1668/2773/1672
f 1573/2698/1575 1669/2774/1673 1574/2613/1576
f 1620/2699/1624 1574/2613/1576 1670/2775/1674
f 1670/2775/1674 1575/2616/1577 1620/2699/1624
f 1576/2702/1578 1575/2701/1577 1607/2776/1611
f 1621/2704/1625 1622/2705/1626 1532/2553/1533
f 1623/2706/1627 1621/2704/1625 1533/2554/1534
f 1622/2705/1626 1625/2712/1629 1535/2556/1536
f 1623/2706/1627 1534/2555/1535 1624/2777/1628
f 1671/2778/1675 1624/2707/1628 1536/2709/1537
f 1541/2564/1542 1578/2711/1580 1632/2719/1636
f 1672/2779/1676 1578/2625/1580 1625/2712/1629
f 1626/2780/1630 1537/2781/1538 1627/2782/1631
f 1673/2783/1677 1536/2709/1537 1626/2784/1630
f 1674/2785/1678 1579/2786/1581 1602/2787/1606
f 1674/2785/1678 1627/2788/1631 1579/2786/1581
f 1628/2715/1632 1675/2789/1679 1580/2629/1582
f 1675/2789/1679 1582/2631/1584 1580/2629/1582
f 1611/2684/1615 1628/2715/1632 1581/2630/1583
f 1582/2631/1584 1676/2790/1680 1583/2632/1585
f 1677/2791/1681 1629/2716/1633 1583/2632/1585
f 1612/2686/1616 1540/2563/1541 1631/2718/1635
f 1584/2633/1586 1585/2634/1587 1678/2792/1682
f 1585/2634/1587 1630/2717/1634 1678/2792/1682
f 1679/2793/1683 1631/2794/1635 1584/2795/1586
f 1633/2796/1637 1542/2565/1543 1632/2719/1636
f 1586/2635/1588 1680/2797/1684 1630/2717/1634
f 1586/2798/1588 1633/2799/1637 1681/2800/1685
f 1636/2726/1640 1634/2801/1638 1546/2646/1548
f 1635/2724/1639 1544/2568/1545 1634/2723/1638
f 1589/2643/1593 1683/2802/1686 1588/2642/1592
f 1588/2725/1592 1684/2803/1687 1590/2645/1594
f 1685/2804/1688 1589/2643/1593 1629/2716/1633
f 1590/2645/1594 1686/2805/1689 1636/2726/1640
f 1587/2647/1547 1682/2806/1591 1637/2727/1641
f 1637/2727/1641 1638/2728/1642 1547/2577/1549
f 1591/2648/1595 1638/2728/1642 1687/2807/1690
f 1548/2650/1550 1640/2730/1644 1639/2808/1643
f 1639/2808/1643 1688/2809/1691 1592/2810/1596
f 1591/2648/1595 1687/2807/1690 1640/2730/1644
f 1592/2649/1596 1688/2811/1691 1641/2731/1645
f 1549/2580/1551 1641/2731/1645 1642/2732/1646
f 1593/2812/1597 1642/2813/1646 1689/2814/1692
f 1606/2815/1610 1690/2816/1693 1594/2652/1598
f 1595/2653/1599 1594/2652/1598 1691/2817/1694
f 1644/2737/1648 1551/2582/1553 1643/2736/1647
f 1692/2818/1695 1643/2736/1647 1595/2653/1599
f 1552/2584/1554 1644/2737/1648 1645/2738/1649
f 1646/2739/1650 1553/2585/1555 1645/2738/1649
f 1693/2819/1696 1596/2654/1600 1646/2739/1650
f 1693/2819/1696 1597/2657/1601 1596/2654/1600
f 1647/2740/1651 1597/2741/1601 1694/2820/1697
f 1556/2660/1558 1648/2821/1652 1649/2743/1653
f 1695/2822/1698 1598/2659/1602 1649/2743/1653
f 1599/2661/1603 1647/2740/1651 1696/2823/1699
f 1600/2662/1604 1599/2661/1603 1697/2824/1700
f 1698/2825/1701 1601/2744/1605 1600/2662/1604
f 1648/2821/1652 1601/2826/1605 1699/2827/1702
f 1557/2590/1559 1651/2747/1655 1650/2746/1654
f 1602/2666/1606 1650/2746/1654 1700/2828/1703
f 1651/2747/1655 1558/2592/1560 1652/2748/1656
f 1652/2748/1656 1598/2659/1602 1695/2822/1698
f 1593/2749/1597 1689/2829/1692 1653/2750/1657
f 1559/2830/1561 1653/2831/1657 1654/2832/1658
f 1654/2752/1658 1701/2833/1704 1603/2668/1607
f 1655/2753/1659 1603/2668/1607 1701/2833/1704
f 1655/2753/1659 1702/2834/1705 1604/2669/1608
f 1605/2670/1609 1604/2669/1608 1703/2835/1706
f 1605/2670/1609 1704/2836/1707 1606/2754/1610
f 1607/2837/1611 1670/2775/1674 1608/2838/1612
f 1608/2838/1612 1705/2839/1708 1656/2840/1660
f 1564/2599/1566 1656/2756/1660 1657/2757/1661
f 1657/2757/1661 1706/2841/1709 1609/2678/1613
f 1609/2678/1613 1706/2841/1709 1658/2758/1662
f 1565/2600/1567 1658/2758/1662 1659/2842/1663
f 1659/2843/1663 1707/2844/1710 1610/2760/1614
f 1610/2760/1614 1707/2844/1710 1611/2684/1615
f 1613/2687/1617 1612/2686/1616 1631/2718/1635
f 1613/2761/1617 1708/2845/1711 1614/2688/1618
f 1614/2688/1618 1708/2845/1711 1660/2762/1664
f 1566/2604/1568 1660/2762/1664 1661/2763/1665
f 1567/2690/1569 1661/2846/1665 1662/2764/1666
f 1709/2847/1712 1615/2691/1619 1662/2764/1666
f 1616/2692/1620 1615/2765/1619 1710/2848/1713
f 1663/2766/1667 1616/2692/1620 1710/2848/1713
f 1618/2694/1622 1711/2849/1714 1617/2693/1621
f 1569/2850/1571 1617/2851/1621 1664/2852/1668
f 1618/2694/1622 1663/2766/1667 1712/2853/1715
f 1570/2608/1572 1664/2767/1668 1665/2854/1669
f 1619/2769/1623 1665/2854/1669 1713/2855/1716
f 1619/2769/1623 1713/2855/1716 1666/2770/1670
f 1571/2697/1573 1666/2770/1670 1667/2771/1671
f 1572/2772/1574 1667/2856/1671 1668/2773/1672
f 1573/2698/1575 1668/2773/1672 1669/2774/1673
f 1574/2613/1576 1669/2774/1673 1670/2775/1674
f 1575/2616/1577 1670/2775/1674 1607/2837/1611
f 1714/2857/1717 1622/2705/1626 1621/2704/1625
f 1623/2706/1627 1715/2858/1718 1621/2704/1625
f 1716/2859/1719 1625/2712/1629 1622/2705/1626
f 1623/2860/1627 1624/2707/1628 1717/2861/1720
f 1718/2862/1721 1624/2707/1628 1671/2778/1675
f 1673/2783/1677 1671/2778/1675 1536/2709/1537
f 1672/2863/1676 1632/2719/1636 1578/2711/1580
f 1672/2779/1676 1625/2712/1629 1719/2864/1722
f 1674/2865/1678 1626/2866/1630 1627/2867/1631
f 1673/2783/1677 1626/2784/1630 1720/2868/1723
f 1674/2869/1678 1602/2666/1606 1700/2828/1703
f 1721/2870/1724 1675/2789/1679 1628/2715/1632
f 1675/2789/1679 1676/2790/1680 1582/2631/1584
f 1611/2684/1615 1721/2870/1724 1628/2715/1632
f 1676/2790/1680 1677/2791/1681 1583/2632/1585
f 1677/2791/1681 1685/2804/1688 1629/2716/1633
f 1722/2871/1725 1584/2872/1586 1678/2873/1682
f 1680/2797/1684 1678/2792/1682 1630/2717/1634
f 1708/2874/1711 1631/2794/1635 1679/2793/1683
f 1679/2793/1683 1584/2795/1586 1722/2875/1725
f 1723/2876/1726 1633/2796/1637 1632/2719/1636
f 1586/2877/1588 1681/2878/1685 1680/2879/1684
f 1724/2880/1727 1681/2881/1685 1633/2882/1637
f 1636/2883/1640 1725/2884/1728 1634/2723/1638
f 1635/2724/1639 1634/2723/1638 1726/2639/1589
f 1685/2804/1688 1683/2802/1686 1589/2643/1593
f 1683/2885/1686 1684/2803/1687 1588/2725/1592
f 1684/2803/1687 1686/2805/1689 1590/2645/1594
f 1727/2886/1729 1636/2726/1640 1686/2805/1689
f 1637/2727/1641 1682/2806/1591 1728/2887/1730
f 1637/2727/1641 1729/2888/1731 1638/2728/1642
f 1687/2807/1690 1638/2728/1642 1730/2889/1732
f 1639/2808/1643 1640/2730/1644 1731/2890/1733
f 1639/2808/1643 1731/2890/1733 1688/2809/1691
f 1640/2891/1644 1687/2892/1690 1732/2893/1734
f 1688/2894/1691 1733/2895/1735 1641/2896/1645
f 1641/2896/1645 1733/2895/1735 1642/2897/1646
f 1642/2897/1646 1734/2898/1736 1689/2829/1692
f 1606/2815/1610 1704/2899/1707 1690/2816/1693
f 1691/2817/1694 1594/2652/1598 1690/2816/1693
f 1692/2818/1695 1595/2653/1599 1691/2817/1694
f 1735/2900/1737 1644/2737/1648 1643/2736/1647
f 1736/2901/1738 1643/2736/1647 1692/2818/1695
f 1737/2902/1739 1645/2738/1649 1644/2737/1648
f 1738/2903/1740 1646/2739/1650 1645/2738/1649
f 1693/2819/1696 1646/2739/1650 1739/2904/1741
f 1693/2905/1696 1694/2906/1697 1597/2907/1601
f 1647/2740/1651 1694/2820/1697 1740/2908/1742
f 1649/2743/1653 1648/2821/1652 1741/2909/1743
f 1695/2822/1698 1649/2743/1653 1742/2910/1744
f 1696/2823/1699 1647/2740/1651 1743/2911/1745
f 1599/2661/1603 1696/2823/1699 1697/2824/1700
f 1600/2662/1604 1697/2824/1700 1744/2912/1746
f 1745/2913/1747 1601/2744/1605 1698/2825/1701
f 1600/2662/1604 1744/2912/1746 1698/2825/1701
f 1699/2914/1702 1601/2915/1605 1745/2916/1747
f 1648/2821/1652 1699/2827/1702 1741/2909/1743
f 1650/2746/1654 1651/2747/1655 1746/2917/1748
f 1747/2918/1749 1700/2828/1703 1650/2746/1654
f 1651/2747/1655 1652/2748/1656 1748/2919/1750
f 1749/2920/1751 1652/2748/1656 1695/2822/1698
f 1689/2829/1692 1750/2921/1752 1653/2750/1657
f 1654/2832/1658 1653/2831/1657 1751/2922/1753
f 1654/2752/1658 1752/2923/1754 1701/2833/1704
f 1655/2753/1659 1701/2833/1704 1702/2834/1705
f 1604/2669/1608 1702/2834/1705 1703/2835/1706
f 1605/2670/1609 1703/2835/1706 1753/2924/1755
f 1753/2924/1755 1704/2836/1707 1605/2670/1609
f 1670/2775/1674 1705/2839/1708 1608/2838/1612
f 1656/2756/1660 1705/2925/1708 1754/2926/1756
f 1656/2756/1660 1754/2926/1756 1657/2757/1661
f 1755/2927/1757 1706/2928/1709 1657/2929/1661
f 1706/2841/1709 1756/2930/1758 1658/2758/1662
f 1659/2842/1663 1658/2758/1662 1757/2931/1759
f 1659/2843/1663 1758/2932/1760 1707/2844/1710
f 1611/2684/1615 1707/2844/1710 1721/2870/1724
f 1613/2933/1617 1631/2794/1635 1708/2874/1711
f 1660/2762/1664 1708/2845/1711 1759/2934/1761
f 1760/2935/1762 1661/2846/1665 1660/2936/1664
f 1662/2764/1666 1661/2846/1665 1760/2935/1762
f 1709/2937/1712 1761/2938/1763 1615/2765/1619
f 1709/2847/1712 1662/2764/1666 1760/2935/1762
f 1615/2765/1619 1761/2938/1763 1710/2848/1713
f 1663/2766/1667 1710/2848/1713 1762/2939/1764
f 1618/2940/1622 1712/2941/1715 1711/2942/1714
f 1617/2851/1621 1711/2943/1714 1664/2852/1668
f 1663/2766/1667 1762/2939/1764 1712/2853/1715
f 1664/2767/1668 1763/2944/1765 1665/2854/1669
f 1665/2854/1669 1764/2945/1766 1713/2855/1716
f 1713/2946/1716 1765/2947/1767 1666/2948/1670
f 1667/2856/1671 1666/2948/1670 1766/2949/1768
f 1667/2856/1671 1767/2950/1769 1668/2773/1672
f 1669/2774/1673 1668/2773/1672 1754/2951/1756
f 1669/2774/1673 1705/2839/1708 1670/2775/1674
f 1714/2857/1717 1716/2859/1719 1622/2705/1626
f 1714/2857/1717 1621/2704/1625 1715/2858/1718
f 1623/2952/1627 1768/2953/1770 1715/2954/1718
f 1716/2955/1719 1769/2956/1771 1625/2957/1629
f 1718/2862/1721 1717/2861/1720 1624/2707/1628
f 1623/2952/1627 1717/2958/1720 1768/2953/1770
f 1718/2862/1721 1671/2778/1675 1770/2959/1772
f 1770/2959/1772 1671/2778/1675 1673/2783/1677
f 1723/2876/1726 1632/2719/1636 1672/2863/1676
f 1769/2960/1771 1719/2864/1722 1625/2712/1629
f 1771/2961/1773 1672/2863/1676 1719/2962/1722
f 1720/2868/1723 1626/2784/1630 1674/2963/1678
f 1772/2964/1774 1673/2783/1677 1720/2868/1723
f 1773/2965/1775 1674/2869/1678 1700/2828/1703
f 1721/2870/1724 1774/2966/1776 1675/2789/1679
f 1675/2789/1679 1774/2966/1776 1676/2790/1680
f 1676/2790/1680 1775/2967/1777 1677/2791/1681
f 1677/2791/1681 1776/2968/1778 1685/2804/1688
f 1777/2969/1779 1722/2970/1725 1678/2971/1682
f 1680/2972/1684 1778/2973/1780 1678/2974/1682
f 1759/2975/1761 1708/2874/1711 1679/2793/1683
f 1679/2793/1683 1722/2875/1725 1779/2976/1781
f 1724/2977/1727 1633/2796/1637 1723/2876/1726
f 1780/2978/1782 1680/2879/1684 1681/2878/1685
f 1781/2979/1783 1681/2980/1685 1724/2977/1727
f 1727/2886/1729 1725/2981/1728 1636/2726/1640
f 1725/2884/1728 1726/2639/1589 1634/2723/1638
f 1685/2804/1688 1783/2982/1784 1683/2802/1686
f 1683/2885/1686 1784/2983/1785 1684/2803/1687
f 1785/2984/1786 1686/2805/1689 1684/2803/1687
f 1786/2985/1787 1727/2886/1729 1686/2805/1689
f 1782/2986/1590 1728/2887/1730 1682/2806/1591
f 1637/2727/1641 1728/2887/1730 1729/2888/1731
f 1729/2888/1731 1730/2889/1732 1638/2728/1642
f 1687/2892/1690 1730/2987/1732 1787/2988/1788
f 1788/2989/1789 1731/2990/1733 1640/2891/1644
f 1731/2991/1733 1733/2895/1735 1688/2894/1691
f 1687/2892/1690 1787/2988/1788 1732/2893/1734
f 1640/2891/1644 1732/2893/1734 1788/2989/1789
f 1733/2895/1735 1734/2898/1736 1642/2897/1646
f 1734/2898/1736 1750/2921/1752 1689/2829/1692
f 1690/2816/1693 1704/2899/1707 1789/2992/1790
f 1691/2817/1694 1690/2816/1693 1790/2993/1791
f 1692/2818/1695 1691/2817/1694 1791/2994/1792
f 1735/2900/1737 1737/2902/1739 1644/2737/1648
f 1735/2900/1737 1643/2736/1647 1736/2901/1738
f 1736/2901/1738 1692/2818/1695 1792/2995/1793
f 1738/2903/1740 1645/2738/1649 1737/2902/1739
f 1738/2903/1740 1739/2904/1741 1646/2739/1650
f 1793/2996/1794 1693/2819/1696 1739/2904/1741
f 1793/2997/1794 1694/2906/1697 1693/2905/1696
f 1740/2998/1742 1694/2906/1697 1794/2999/1795
f 1647/2740/1651 1740/2908/1742 1743/2911/1745
f 1742/2910/1744 1649/2743/1653 1741/2909/1743
f 1695/2822/1698 1742/2910/1744 1795/3000/1796
f 1696/3001/1699 1743/3002/1745 1796/3003/1797
f 1696/2823/1699 1797/3004/1798 1697/2824/1700
f 1744/3005/1746 1697/3006/1700 1798/3007/1799
f 1745/2916/1747 1698/3008/1701 1799/3009/1800
f 1698/3010/1701 1744/3011/1746 1800/3012/1801
f 1801/3013/1802 1699/2914/1702 1745/2916/1747
f 1741/3014/1743 1699/2914/1702 1802/3015/1803
f 1746/2917/1748 1651/2747/1655 1748/2919/1750
f 1747/2918/1749 1650/2746/1654 1746/2917/1748
f 1803/3016/1804 1700/2828/1703 1747/2918/1749
f 1748/2919/1750 1652/2748/1656 1749/2920/1751
f 1749/2920/1751 1695/2822/1698 1795/3000/1796
f 1750/2921/1752 1804/3017/1805 1653/2750/1657
f 1653/2750/1657 1804/3017/1805 1751/3018/1753
f 1654/2752/1658 1751/3018/1753 1752/2923/1754
f 1701/2833/1704 1752/2923/1754 1805/3019/1806
f 1702/2834/1705 1701/2833/1704 1805/3019/1806
f 1702/2834/1705 1806/3020/1807 1703/2835/1706
f 1703/2835/1706 1807/3021/1808 1753/2924/1755
f 1704/2899/1707 1753/3022/1755 1808/3023/1809
f 1669/2774/1673 1754/2951/1756 1705/2839/1708
f 1755/2927/1757 1657/2929/1661 1754/2951/1756
f 1755/2927/1757 1809/3024/1810 1706/2928/1709
f 1809/3024/1810 1756/3025/1758 1706/2928/1709
f 1757/2931/1759 1658/2758/1662 1756/2930/1758
f 1757/3026/1759 1758/2932/1760 1659/2843/1663
f 1707/2844/1710 1758/2932/1760 1810/3027/1811
f 1707/2844/1710 1810/3027/1811 1721/2870/1724
f 1760/2935/1762 1660/2936/1664 1759/3028/1761
f 1709/3029/1712 1760/3030/1762 1761/3031/1763
f 1710/2848/1713 1761/2938/1763 1811/3032/1812
f 1710/2848/1713 1811/3032/1812 1762/2939/1764
f 1712/2853/1715 1812/3033/1813 1711/2849/1714
f 1664/2767/1668 1711/2849/1714 1763/2944/1765
f 1762/2939/1764 1813/3034/1814 1712/2853/1715
f 1763/2944/1765 1764/2945/1766 1665/2854/1669
f 1713/2855/1716 1764/2945/1766 1814/3035/1815
f 1713/2946/1716 1814/3036/1815 1765/2947/1767
f 1666/2948/1670 1765/2947/1767 1766/2949/1768
f 1667/2856/1671 1766/2949/1768 1767/2950/1769
f 1668/2773/1672 1767/2950/1769 1754/2951/1756
f 1815/3037/1816 1716/2859/1719 1714/2857/1717
f 1816/3038/1817 1714/2857/1717 1715/2858/1718
f 1817/3039/1818 1715/2954/1718 1768/2953/1770
f 1815/3040/1816 1769/2956/1771 1716/2955/1719
f 1818/3041/1819 1717/2861/1720 1718/2862/1721
f 1819/3042/1820 1768/3043/1770 1717/3044/1720
f 1820/3045/1821 1718/3046/1721 1770/3047/1772
f 1772/2964/1774 1770/2959/1772 1673/2783/1677
f 1723/2876/1726 1672/2863/1676 1771/2961/1773
f 1769/2960/1771 1821/3048/1822 1719/2864/1722
f 1771/2961/1773 1719/2962/1722 1822/3049/1823
f 1674/2869/1678 1823/3050/1824 1720/3051/1723
f 1772/3052/1774 1720/3051/1723 1823/3050/1824
f 1823/3050/1824 1674/2869/1678 1773/2965/1775
f 1773/2965/1775 1700/2828/1703 1824/3053/1825
f 1721/2870/1724 1810/3027/1811 1774/2966/1776
f 1774/2966/1776 1775/2967/1777 1676/2790/1680
f 1677/2791/1681 1775/2967/1777 1776/2968/1778
f 1776/2968/1778 1783/2982/1784 1685/2804/1688
f 1779/3054/1781 1722/2970/1725 1777/2969/1779
f 1777/2969/1779 1678/2971/1682 1778/3055/1780
f 1680/2972/1684 1825/3056/1826 1778/2973/1780
f 1759/3057/1761 1679/3058/1683 1779/3059/1781
f 1826/3060/1827 1724/2977/1727 1723/2876/1726
f 1780/2978/1782 1825/3061/1826 1680/2879/1684
f 1780/2978/1782 1681/2878/1685 1827/3062/1828
f 1781/3063/1783 1827/3062/1828 1681/2878/1685
f 1828/3064/1829 1781/2979/1783 1724/2977/1727
f 1727/3065/1729 1829/3066/1830 1725/2884/1728
f 1725/2884/1728 1830/3067/1831 1726/2639/1589
f 1783/3068/1784 1784/2983/1785 1683/2885/1686
f 1784/2983/1785 1785/2984/1786 1684/2803/1687
f 1785/2984/1786 1786/2985/1787 1686/2805/1689
f 1786/3069/1787 1831/3070/1832 1727/3071/1729
f 1782/2986/1590 1832/3072/1833 1728/2887/1730
f 1728/2887/1730 1833/3073/1834 1729/2888/1731
f 1729/3074/1731 1834/3075/1835 1730/2987/1732
f 1730/2987/1732 1835/3076/1836 1787/2988/1788
f 1731/2991/1733 1788/3077/1789 1733/2895/1735
f 1732/2893/1734 1787/2988/1788 1750/3078/1752
f 1732/2893/1734 1734/3079/1736 1788/2989/1789
f 1733/2895/1735 1788/3077/1789 1734/2898/1736
f 1732/2893/1734 1750/3078/1752 1734/3079/1736
f 1704/2899/1707 1808/3023/1809 1789/2992/1790
f 1690/2816/1693 1789/2992/1790 1790/2993/1791
f 1691/2817/1694 1790/2993/1791 1791/2994/1792
f 1692/2818/1695 1791/2994/1792 1792/2995/1793
f 1836/3080/1837 1737/2902/1739 1735/2900/1737
f 1735/2900/1737 1736/2901/1738 1837/3081/1838
f 1838/3082/1839 1736/3083/1738 1792/3084/1793
f 1839/3085/1840 1738/2903/1740 1737/2902/1739
f 1840/3086/1841 1739/2904/1741 1738/2903/1740
f 1841/3087/1842 1793/2996/1794 1739/2904/1741
f 1793/2997/1794 1794/2999/1795 1694/2906/1697
f 1740/2998/1742 1794/2999/1795 1842/3088/1843
f 1743/3089/1745 1740/3090/1742 1843/3091/1844
f 1742/3092/1744 1741/3014/1743 1844/3093/1845
f 1795/3000/1796 1742/2910/1744 1845/3094/1846
f 1796/3003/1797 1743/3002/1745 1846/3095/1847
f 1696/3096/1699 1796/3097/1797 1847/3098/1848
f 1696/3096/1699 1847/3098/1848 1797/3099/1798
f 1798/3100/1799 1697/2824/1700 1797/3004/1798
f 1744/3101/1746 1798/3102/1799 1797/3103/1798
f 1698/3008/1701 1800/3104/1801 1799/3009/1800
f 1745/2916/1747 1799/3009/1800 1848/3105/1849
f 1744/3106/1746 1847/3098/1848 1800/3104/1801
f 1801/3013/1802 1802/3015/1803 1699/2914/1702
f 1801/3013/1802 1745/2916/1747 1848/3105/1849
f 1844/3093/1845 1741/3014/1743 1802/3015/1803
f 1746/2917/1748 1748/2919/1750 1849/3107/1850
f 1747/2918/1749 1746/2917/1748 1850/3108/1851
f 1824/3053/1825 1700/2828/1703 1803/3016/1804
f 1803/3016/1804 1747/2918/1749 1851/3109/1852
f 1748/2919/1750 1749/2920/1751 1852/3110/1853
f 1749/2920/1751 1795/3000/1796 1853/3111/1854
f 1750/3078/1752 1787/2988/1788 1804/3112/1805
f 1751/3018/1753 1804/3017/1805 1854/3113/1855
f 1752/2923/1754 1751/3018/1753 1855/3114/1856
f 1752/2923/1754 1856/3115/1857 1805/3019/1806
f 1702/2834/1705 1805/3019/1806 1806/3020/1807
f 1703/2835/1706 1806/3020/1807 1807/3021/1808
f 1753/3022/1755 1807/3116/1808 1808/3023/1809
f 1767/2950/1769 1755/2927/1757 1754/2951/1756
f 1755/2927/1757 1766/2949/1768 1809/3024/1810
f 1857/3117/1858 1756/3025/1758 1809/3024/1810
f 1757/2931/1759 1756/2930/1758 1858/3118/1859
f 1758/2932/1760 1859/3119/1860 1810/3027/1811
f 1760/3120/1762 1759/3057/1761 1860/3121/1861
f 1760/3030/1762 1861/3122/1862 1761/3031/1763
f 1811/3123/1812 1761/3031/1763 1861/3122/1862
f 1811/3032/1812 1862/3124/1863 1762/2939/1764
f 1712/2853/1715 1813/3034/1814 1812/3033/1813
f 1711/2849/1714 1812/3033/1813 1763/2944/1765
f 1762/2939/1764 1862/3124/1863 1813/3034/1814
f 1763/2944/1765 1863/3125/1864 1764/2945/1766
f 1764/2945/1766 1864/3126/1865 1814/3035/1815
f 1814/3036/1815 1857/3117/1858 1765/2947/1767
f 1765/2947/1767 1809/3024/1810 1766/2949/1768
f 1767/2950/1769 1766/2949/1768 1755/2927/1757
f 1816/3038/1817 1815/3037/1816 1714/2857/1717
f 1817/3127/1818 1816/3038/1817 1715/2858/1718
f 1865/3128/1866 1817/3129/1818 1768/3043/1770
f 1815/3040/1816 1866/3130/1867 1769/2956/1771
f 1819/3042/1820 1717/3044/1720 1818/3131/1819
f 1818/3132/1819 1718/3133/1721 1867/3134/1868
f 1819/3042/1820 1865/3128/1866 1768/3043/1770
f 1820/3045/1821 1868/3135/1869 1718/3046/1721
f 1869/3136/1870 1820/3137/1821 1770/2959/1772
f 1869/3136/1870 1770/2959/1772 1772/2964/1774
f 1826/3060/1827 1723/2876/1726 1771/2961/1773
f 1769/3138/1771 1870/3139/1871 1821/3140/1822
f 1821/3140/1822 1822/3049/1823 1719/2962/1722
f 1771/2961/1773 1822/3049/1823 1871/3141/1872
f 1872/3142/1873 1772/3052/1774 1823/3050/1824
f 1873/3143/1874 1823/3050/1824 1773/2965/1775
f 1874/3144/1875 1773/2965/1775 1824/3053/1825
f 1810/3027/1811 1875/3145/1876 1774/2966/1776
f 1875/3145/1876 1775/2967/1777 1774/2966/1776
f 1876/3146/1877 1776/2968/1778 1775/2967/1777
f 1776/2968/1778 1877/3147/1878 1783/2982/1784
f 1779/3059/1781 1777/3148/1779 1878/3149/1879
f 1777/3148/1779 1778/3150/1780 1878/3149/1879
f 1778/3151/1780 1825/3152/1826 1879/3153/1880
f 1759/3057/1761 1779/3059/1781 1860/3121/1861
f 1826/3060/1827 1828/3064/1829 1724/2977/1727
f 1780/2978/1782 1879/3154/1880 1825/3061/1826
f 1780/2978/1782 1827/3062/1828 1880/3155/1881
f 1881/3156/1882 1827/3157/1828 1781/3158/1783
f 1882/3159/1883 1781/3158/1783 1828/3160/1829
f 1727/3071/1729 1831/3070/1832 1829/3161/1830
f 1725/2884/1728 1829/3066/1830 1883/3162/1884
f 1725/2884/1728 1883/3162/1884 1830/3067/1831
f 1726/2639/1589 1830/3067/1831 1782/2640/1590
f 1783/3068/1784 1884/3163/1885 1784/2983/1785
f 1885/3164/1886 1785/2984/1786 1784/2983/1785
f 1785/2984/1786 1886/3165/1887 1786/2985/1787
f 1786/3069/1787 1887/3166/1888 1831/3070/1832
f 1782/2640/1590 1830/3067/1831 1832/3167/1833
f 1728/2887/1730 1832/3072/1833 1833/3073/1834
f 1729/3074/1731 1833/3168/1834 1834/3075/1835
f 1834/3075/1835 1835/3076/1836 1730/2987/1732
f 1787/2988/1788 1835/3076/1836 1804/3112/1805
f 1789/2992/1790 1808/3023/1809 1888/3169/1889
f 1790/2993/1791 1789/2992/1790 1889/3170/1890
f 1791/2994/1792 1790/2993/1791 1890/3171/1891
f 1792/2995/1793 1791/2994/1792 1891/3172/1892
f 1839/3085/1840 1737/2902/1739 1836/3080/1837
f 1836/3080/1837 1735/2900/1737 1837/3081/1838
f 1838/3173/1839 1837/3081/1838 1736/2901/1738
f 1838/3174/1839 1792/3175/1793 1892/3176/1893
f 1840/3177/1841 1738/3178/1740 1839/3179/1840
f 1841/3087/1842 1739/2904/1741 1840/3086/1841
f 1841/3180/1842 1893/3181/1894 1793/3182/1794
f 1793/2997/1794 1894/3183/1895 1794/2999/1795
f 1894/3184/1895 1842/3185/1843 1794/3186/1795
f 1740/3187/1742 1842/3188/1843 1895/3189/1896
f 1740/3187/1742 1896/3190/1897 1843/3191/1844
f 1743/3002/1745 1843/3192/1844 1846/3095/1847
f 1845/3094/1846 1742/2910/1744 1844/3193/1845
f 1795/3000/1796 1845/3094/1846 1897/3194/1898
f 1796/3195/1797 1846/3196/1847 1898/3197/1899
f 1847/3098/1848 1796/3097/1797 1899/3198/1900
f 1744/3101/1746 1797/3103/1798 1847/3199/1848
f 1800/3104/1801 1900/3200/1901 1799/3009/1800
f 1848/3201/1849 1799/3202/1800 1901/3203/1902
f 1800/3104/1801 1847/3098/1848 1902/3204/1903
f 1903/3205/1904 1802/3015/1803 1801/3013/1802
f 1904/3206/1905 1801/3207/1802 1848/3201/1849
f 1844/3093/1845 1802/3015/1803 1905/3208/1906
f 1748/2919/1750 1852/3110/1853 1849/3107/1850
f 1850/3108/1851 1746/2917/1748 1849/3107/1850
f 1851/3109/1852 1747/2918/1749 1850/3108/1851
f 1906/3209/1907 1824/3053/1825 1803/3016/1804
f 1803/3210/1804 1851/3211/1852 1907/3212/1908
f 1852/3213/1853 1749/3214/1751 1853/3215/1854
f 1795/3000/1796 1897/3194/1898 1853/3111/1854
f 1835/3076/1836 1854/3216/1855 1804/3112/1805
f 1751/3018/1753 1854/3113/1855 1855/3114/1856
f 1752/2923/1754 1855/3114/1856 1856/3115/1857
f 1856/3115/1857 1908/3217/1909 1805/3019/1806
f 1805/3019/1806 1908/3217/1909 1806/3020/1807
f 1807/3021/1808 1806/3020/1807 1909/3218/1910
f 1807/3116/1808 1910/3219/1911 1808/3023/1809
f 1857/3117/1858 1911/3220/1912 1756/3025/1758
f 1765/2947/1767 1857/3117/1858 1809/3024/1810
f 1911/3220/1912 1858/3221/1859 1756/3025/1758
f 1757/3026/1759 1858/3222/1859 1758/2932/1760
f 1858/3222/1859 1859/3119/1860 1758/2932/1760
f 1810/3027/1811 1859/3119/1860 1875/3145/1876
f 1760/3120/1762 1860/3121/1861 1861/3223/1862
f 1811/3123/1812 1861/3122/1862 1912/3224/1913
f 1811/3123/1812 1912/3224/1913 1862/3225/1863
f 1812/3033/1813 1813/3034/1814 1913/3226/1914
f 1763/3227/1765 1812/3228/1813 1863/3229/1864
f 1862/3124/1863 1914/3230/1915 1813/3034/1814
f 1764/2945/1766 1863/3125/1864 1864/3126/1865
f 1864/3126/1865 1915/3231/1916 1814/3035/1815
f 1814/3036/1815 1915/3232/1916 1857/3117/1858
f 1816/3038/1817 1916/3233/1917 1815/3037/1816
f 1917/3234/1918 1816/3235/1817 1817/3236/1818
f 1918/3237/1919 1817/3236/1818 1865/3238/1866
f 1916/3239/1917 1866/3130/1867 1815/3040/1816
f 1866/3130/1867 1870/3240/1871 1769/2956/1771
f 1919/3241/1920 1819/3042/1820 1818/3131/1819
f 1867/3242/1868 1718/3243/1721 1868/3244/1869
f 1920/3245/1921 1818/3132/1819 1867/3134/1868
f 1921/3246/1922 1865/3128/1866 1819/3042/1820
f 1820/3045/1821 1922/3247/1923 1868/3135/1869
f 1869/3136/1870 1923/3248/1924 1820/3137/1821
f 1869/3249/1870 1772/3052/1774 1924/3250/1925
f 1826/3060/1827 1771/2961/1773 1871/3141/1872
f 1870/3139/1871 1925/3251/1926 1821/3140/1822
f 1926/3252/1927 1822/3049/1823 1821/3140/1822
f 1927/3253/1928 1871/3141/1872 1822/3049/1823
f 1872/3142/1873 1924/3250/1925 1772/3052/1774
f 1872/3142/1873 1823/3050/1824 1873/3143/1874
f 1873/3143/1874 1773/2965/1775 1874/3144/1875
f 1874/3144/1875 1824/3053/1825 1928/3254/1929
f 1875/3145/1876 1876/3146/1877 1775/2967/1777
f 1876/3146/1877 1877/3147/1878 1776/2968/1778
f 1877/3255/1878 1884/3163/1885 1783/3068/1784
f 1779/3059/1781 1878/3149/1879 1929/3256/1930
f 1878/3149/1879 1778/3150/1780 1879/3257/1880
f 1779/3059/1781 1929/3256/1930 1860/3121/1861
f 1930/3258/1931 1828/3064/1829 1826/3060/1827
f 1931/3259/1932 1879/3154/1880 1780/2978/1782
f 1932/3260/1933 1880/3261/1881 1827/3157/1828
f 1931/3259/1932 1780/2978/1782 1880/3155/1881
f 1881/3156/1882 1932/3260/1933 1827/3157/1828
f 1882/3159/1883 1881/3156/1882 1781/3158/1783
f 1882/3159/1883 1828/3160/1829 1933/3262/1934
f 1831/3070/1832 1934/3263/1935 1829/3161/1830
f 1829/3264/1830 1935/3265/1936 1883/3266/1884
f 1883/3162/1884 1936/3267/1937 1830/3067/1831
f 1885/3164/1886 1784/2983/1785 1884/3163/1885
f 1885/3164/1886 1886/3165/1887 1785/2984/1786
f 1886/3268/1887 1887/3166/1888 1786/3069/1787
f 1887/3166/1888 1937/3269/1938 1831/3070/1832
f 1830/3067/1831 1936/3267/1937 1832/3167/1833
f 1832/3270/1833 1938/3271/1939 1833/3168/1834
f 1834/3075/1835 1833/3168/1834 1939/3272/1940
f 1834/3273/1835 1940/3274/1941 1835/3275/1836
f 1888/3169/1889 1808/3023/1809 1910/3219/1911
f 1789/2992/1790 1888/3169/1889 1889/3170/1890
f 1890/3171/1891 1790/2993/1791 1889/3170/1890
f 1891/3172/1892 1791/2994/1792 1890/3171/1891
f 1892/3276/1893 1792/3277/1793 1891/3278/1892
f 1839/3085/1840 1836/3080/1837 1941/3279/1942
f 1942/3280/1943 1836/3080/1837 1837/3081/1838
f 1943/3281/1944 1837/3081/1838 1838/3173/1839
f 1838/3282/1839 1892/3276/1893 1944/3283/1945
f 1945/3284/1946 1840/3177/1841 1839/3179/1840
f 1946/3285/1947 1841/3087/1842 1840/3086/1841
f 1841/3286/1842 1947/3287/1948 1893/3288/1894
f 1793/3182/1794 1893/3181/1894 1894/3289/1895
f 1894/3290/1895 1948/3291/1949 1842/3292/1843
f 1949/3293/1950 1895/3189/1896 1842/3188/1843
f 1740/3187/1742 1895/3189/1896 1896/3190/1897
f 1896/3190/1897 1950/3294/1951 1843/3191/1844
f 1846/3095/1847 1843/3192/1844 1951/3295/1952
f 1845/3094/1846 1844/3193/1845 1952/3296/1953
f 1845/3094/1846 1953/3297/1954 1897/3194/1898
f 1898/3298/1899 1846/3095/1847 1954/3299/1955
f 1899/3198/1900 1796/3097/1797 1898/3300/1899
f 1899/3198/1900 1902/3204/1903 1847/3098/1848
f 1800/3104/1801 1902/3204/1903 1900/3200/1901
f 1799/3202/1800 1900/3301/1901 1901/3203/1902
f 1955/3302/1956 1848/3201/1849 1901/3203/1902
f 1903/3205/1904 1956/3303/1957 1802/3015/1803
f 1903/3304/1904 1801/3207/1802 1904/3206/1905
f 1904/3206/1905 1848/3201/1849 1955/3302/1956
f 1956/3303/1957 1905/3208/1906 1802/3015/1803
f 1844/3193/1845 1905/3305/1906 1952/3296/1953
f 1852/3110/1853 1957/3306/1958 1849/3107/1850
f 1850/3108/1851 1849/3107/1850 1958/3307/1959
f 1851/3109/1852 1850/3108/1851 1959/3308/1960
f 1928/3254/1929 1824/3053/1825 1906/3209/1907
f 1906/3209/1907 1803/3016/1804 1907/3309/1908
f 1907/3212/1908 1851/3211/1852 1960/3310/1961
f 1852/3213/1853 1853/3215/1854 1961/3311/1962
f 1853/3111/1854 1897/3194/1898 1962/3312/1963
f 1835/3313/1836 1940/3314/1941 1854/3113/1855
f 1855/3114/1856 1854/3113/1855 1963/3315/1964
f 1855/3114/1856 1964/3316/1965 1856/3115/1857
f 1856/3115/1857 1965/3317/1966 1908/3217/1909
f 1806/3318/1807 1908/3319/1909 1909/3320/1910
f 1807/3116/1808 1909/3320/1910 1910/3219/1911
f 1915/3232/1916 1911/3220/1912 1857/3117/1858
f 1911/3321/1912 1966/3322/1967 1858/3222/1859
f 1858/3222/1859 1966/3322/1967 1859/3119/1860
f 1859/3119/1860 1967/3323/1968 1875/3145/1876
f 1861/3223/1862 1860/3121/1861 1968/3324/1969
f 1861/3223/1862 1968/3324/1969 1912/3325/1913
f 1862/3326/1863 1912/3327/1913 1969/3328/1970
f 1813/3034/1814 1914/3230/1915 1913/3226/1914
f 1812/3228/1813 1913/3329/1914 1863/3229/1864
f 1862/3124/1863 1969/3330/1970 1914/3230/1915
f 1863/3125/1864 1970/3331/1971 1864/3126/1865
f 1864/3126/1865 1971/3332/1972 1915/3231/1916
f 1917/3333/1918 1916/3233/1917 1816/3038/1817
f 1918/3237/1919 1917/3234/1918 1817/3236/1818
f 1972/3334/1973 1918/3237/1919 1865/3238/1866
f 1973/3335/1974 1866/3130/1867 1916/3239/1917
f 1974/3336/1975 1870/3240/1871 1866/3130/1867
f 1921/3246/1922 1819/3042/1820 1919/3241/1920
f 1920/3245/1921 1919/3337/1920 1818/3132/1819
f 1975/3338/1976 1867/3134/1868 1868/3339/1869
f 1920/3245/1921 1867/3134/1868 1976/3340/1977
f 1921/3246/1922 1972/3341/1973 1865/3128/1866
f 1923/3342/1924 1922/3247/1923 1820/3045/1821
f 1977/3343/1978 1868/3135/1869 1922/3247/1923
f 1978/3344/1979 1923/3342/1924 1869/3345/1870
f 1978/3346/1979 1869/3249/1870 1924/3250/1925
f 1930/3258/1931 1826/3060/1827 1871/3141/1872
f 1870/3139/1871 1979/3347/1980 1925/3251/1926
f 1926/3252/1927 1821/3140/1822 1925/3251/1926
f 1927/3253/1928 1822/3049/1823 1926/3252/1927
f 1980/3348/1981 1871/3141/1872 1927/3253/1928
f 1981/3349/1982 1924/3250/1925 1872/3142/1873
f 1982/3350/1983 1872/3142/1873 1873/3143/1874
f 1983/3351/1984 1873/3352/1874 1874/3353/1875
f 1973/3354/1974 1874/3144/1875 1928/3254/1929
f 1875/3145/1876 1967/3323/1968 1876/3146/1877
f 1984/3355/1985 1877/3147/1878 1876/3146/1877
f 1877/3255/1878 1985/3356/1986 1884/3163/1885
f 1929/3357/1930 1878/3358/1879 1986/3359/1987
f 1878/3358/1879 1879/3360/1880 1986/3359/1987
f 1860/3121/1861 1929/3256/1930 1968/3324/1969
f 1933/3262/1934 1828/3160/1829 1930/3361/1931
f 1931/3259/1932 1986/3362/1987 1879/3154/1880
f 1987/3363/1988 1880/3155/1881 1932/3364/1933
f 1988/3365/1989 1931/3259/1932 1880/3155/1881
f 1989/3366/1990 1932/3260/1933 1881/3156/1882
f 1882/3159/1883 1990/3367/1991 1881/3156/1882
f 1991/3368/1992 1882/3159/1883 1933/3262/1934
f 1937/3269/1938 1934/3263/1935 1831/3070/1832
f 1934/3263/1935 1992/3369/1993 1829/3161/1830
f 1829/3066/1830 1992/3370/1993 1935/3371/1936
f 1883/3162/1884 1935/3371/1936 1936/3267/1937
f 1993/3372/1994 1885/3164/1886 1884/3163/1885
f 1885/3164/1886 1994/3373/1995 1886/3165/1887
f 1886/3268/1887 1995/3374/1996 1887/3166/1888
f 1996/3375/1997 1937/3269/1938 1887/3166/1888
f 1936/3267/1937 1997/3376/1998 1832/3167/1833
f 1832/3167/1833 1997/3376/1998 1938/3377/1939
f 1938/3271/1939 1939/3272/1940 1833/3168/1834
f 1834/3273/1835 1939/3378/1940 1998/3379/1999
f 1834/3273/1835 1998/3379/1999 1940/3274/1941
f 1999/3380/2000 1888/3169/1889 1910/3219/1911
f 2000/3381/2001 1889/3170/1890 1888/3169/1889
f 2001/3382/2002 1890/3171/1891 1889/3170/1890
f 1891/3278/1892 1890/3383/1891 2002/3384/2003
f 1892/3276/1893 1891/3278/1892 2003/3385/2004
f 1942/3280/1943 1941/3279/1942 1836/3080/1837
f 1945/3284/1946 1839/3179/1840 1941/3386/1942
f 1942/3387/1943 1837/3388/1838 1943/3389/1944
f 1943/3281/1944 1838/3173/1839 1944/3390/1945
f 2004/3391/2005 1944/3283/1945 1892/3276/1893
f 1946/3392/1947 1840/3177/1841 1945/3284/1946
f 1947/3287/1948 1841/3286/1842 1946/3392/1947
f 2005/3393/2006 1893/3288/1894 1947/3287/1948
f 1893/3288/1894 2006/3394/2007 1894/3395/1895
f 1894/3395/1895 2006/3394/2007 1948/3396/1949
f 1949/3397/1950 1842/3292/1843 1948/3291/1949
f 1949/3293/1950 2007/3398/2008 1895/3189/1896
f 1895/3189/1896 2008/3399/2009 1896/3190/1897
f 1896/3190/1897 2009/3400/2010 1950/3294/1951
f 1843/3191/1844 1950/3294/1951 1951/3401/1952
f 1846/3095/1847 1951/3295/1952 1954/3299/1955
f 1845/3094/1846 1952/3296/1953 1953/3297/1954
f 2010/3402/2011 1897/3194/1898 1953/3297/1954
f 1898/3300/1899 1954/3403/1955 2011/3404/2012
f 2012/3405/2013 1899/3198/1900 1898/3300/1899
f 1902/3406/1903 1899/3407/1900 2012/3408/2013
f 1900/3301/1901 1902/3409/1903 2013/3410/2014
f 1901/3203/1902 1900/3301/1901 2014/3411/2015
f 1955/3302/1956 1901/3203/1902 2015/3412/2016
f 1903/3304/1904 2016/3413/2017 1956/3414/1957
f 1903/3304/1904 1904/3206/1905 2016/3413/2017
f 1904/3206/1905 1955/3302/1956 2017/3415/2018
f 1956/3303/1957 2018/3416/2019 1905/3208/1906
f 1905/3305/1906 2019/3417/2020 1952/3296/1953
f 1852/3110/1853 1961/3418/1962 1957/3306/1958
f 1958/3307/1959 1849/3107/1850 1957/3306/1958
f 1850/3108/1851 1958/3307/1959 1959/3308/1960
f 1851/3211/1852 1959/3419/1960 1960/3310/1961
f 1928/3254/1929 1906/3209/1907 2020/3420/2021
f 1906/3209/1907 1907/3309/1908 2021/3421/2022
f 1907/3212/1908 1960/3310/1961 2022/3422/2023
f 1961/3418/1962 1853/3111/1854 1962/3312/1963
f 2010/3402/2011 1962/3312/1963 1897/3194/1898
f 1854/3113/1855 1940/3314/1941 2023/3423/2024
f 1854/3113/1855 2023/3423/2024 1963/3315/1964
f 1855/3114/1856 1963/3315/1964 1964/3316/1965
f 1856/3115/1857 1964/3316/1965 1965/3317/1966
f 1908/3319/1909 1965/3424/1966 2024/3425/2025
f 1909/3320/1910 1908/3319/1909 2024/3425/2025
f 2024/3425/2025 1910/3219/1911 1909/3320/1910
f 1915/3232/1916 2025/3426/2026 1911/3220/1912
f 1911/3321/1912 2026/3427/2027 1966/3322/1967
f 1966/3322/1967 1967/3323/1968 1859/3119/1860
f 1912/3428/1913 1968/3429/1969 2027/3430/2028
f 1912/3428/1913 2027/3430/2028 1969/3431/1970
f 1914/3230/1915 2028/3432/2029 1913/3226/1914
f 1913/3329/1914 1970/3433/1971 1863/3229/1864
f 1914/3230/1915 1969/3330/1970 2029/3434/2030
f 1864/3126/1865 1970/3331/1971 1971/3332/1972
f 1915/3232/1916 1971/3435/1972 2025/3426/2026
f 1917/3234/1918 1983/3351/1984 1916/3239/1917
f 1918/3237/1919 1982/3436/1983 1917/3234/1918
f 1972/3334/1973 1981/3437/1982 1918/3237/1919
f 1973/3335/1974 1974/3336/1975 1866/3130/1867
f 1973/3335/1974 1916/3239/1917 1983/3351/1984
f 1974/3336/1975 1979/3438/1980 1870/3240/1871
f 2030/3439/2031 1921/3246/1922 1919/3241/1920
f 2031/3440/2032 1919/3337/1920 1920/3245/1921
f 1976/3340/1977 1867/3134/1868 1975/3338/1976
f 1977/3441/1978 1975/3442/1976 1868/3443/1869
f 2032/3444/2033 1920/3445/1921 1976/3446/1977
f 1921/3246/1922 2033/3447/2034 1972/3341/1973
f 1923/3342/1924 2034/3448/2035 1922/3247/1923
f 2035/3449/2036 1977/3343/1978 1922/3247/1923
f 2036/3450/2037 1923/3342/1924 1978/3344/1979
f 1978/3346/1979 1924/3250/1925 2037/3451/2038
f 1980/3348/1981 1930/3258/1931 1871/3141/1872
f 1925/3452/1926 1979/3438/1980 2038/3453/2039
f 1926/3252/1927 1925/3251/1926 2039/3454/2040
f 1927/3253/1928 1926/3252/1927 2040/3455/2041
f 2041/3456/2042 1980/3348/1981 1927/3253/1928
f 1981/3349/1982 2037/3451/2038 1924/3250/1925
f 1981/3437/1982 1872/3457/1873 1982/3436/1983
f 1982/3436/1983 1873/3352/1874 1983/3351/1984
f 1973/3354/1974 1983/3458/1984 1874/3144/1875
f 1973/3335/1974 1928/3459/1929 1974/3336/1975
f 1967/3323/1968 1984/3355/1985 1876/3146/1877
f 1984/3460/1985 1985/3356/1986 1877/3255/1878
f 1985/3356/1986 1993/3372/1994 1884/3163/1885
f 1929/3357/1930 1986/3359/1987 2042/3461/2043
f 1929/3357/1930 2043/3462/2044 1968/3463/1969
f 2044/3464/2045 1933/3465/1934 1930/3258/1931
f 2045/3466/2046 1986/3362/1987 1931/3259/1932
f 1987/3363/1988 1988/3365/1989 1880/3155/1881
f 2046/3467/2047 1987/3363/1988 1932/3364/1933
f 1988/3365/1989 2045/3466/2046 1931/3259/1932
f 2046/3467/2047 1932/3364/1933 1989/3468/1990
f 1989/3366/1990 1881/3156/1882 1990/3367/1991
f 1991/3368/1992 1990/3367/1991 1882/3159/1883
f 2047/3469/2048 1991/3470/1992 1933/3465/1934
f 1937/3269/1938 2048/3471/2049 1934/3263/1935
f 1934/3263/1935 2049/3472/2050 1992/3369/1993
f 1992/3370/1993 2050/3473/2051 1935/3371/1936
f 1935/3371/1936 2051/3474/2052 1936/3267/1937
f 1993/3372/1994 2052/3475/2053 1885/3164/1886
f 1885/3164/1886 2052/3475/2053 1994/3373/1995
f 1994/3476/1995 1995/3374/1996 1886/3268/1887
f 1996/3375/1997 1887/3166/1888 1995/3374/1996
f 1996/3375/1997 2048/3471/2049 1937/3269/1938
f 1936/3267/1937 2051/3474/2052 1997/3376/1998
f 1938/3377/1939 1997/3376/1998 2053/3477/2054
f 1938/3478/1939 2054/3479/2055 1939/3378/1940
f 1939/3378/1940 2054/3479/2055 1998/3379/1999
f 1998/3480/1999 2055/3481/2056 1940/3482/1941
f 2000/3381/2001 1888/3169/1889 1999/3380/2000
f 1999/3380/2000 1910/3219/1911 2024/3425/2025
f 2001/3382/2002 1889/3170/1890 2000/3381/2001
f 2002/3384/2003 1890/3383/1891 2001/3483/2002
f 2003/3385/2004 1891/3278/1892 2002/3384/2003
f 2004/3391/2005 1892/3276/1893 2003/3385/2004
f 2056/3484/2057 1941/3279/1942 1942/3280/1943
f 2057/3485/2058 1945/3284/1946 1941/3386/1942
f 1942/3387/1943 1943/3389/1944 2058/3486/2059
f 2059/3487/2060 1943/3389/1944 1944/3283/1945
f 2060/3488/2061 1944/3283/1945 2004/3391/2005
f 1946/3392/1947 1945/3284/1946 2061/3489/2062
f 1946/3392/1947 2062/3490/2063 1947/3287/1948
f 1893/3288/1894 2005/3393/2006 2006/3394/2007
f 1947/3287/1948 2062/3490/2063 2005/3393/2006
f 1948/3396/1949 2006/3394/2007 2063/3491/2064
f 1949/3492/1950 1948/3493/1949 2064/3494/2065
f 1949/3293/1950 2065/3495/2066 2007/3398/2008
f 1895/3189/1896 2007/3398/2008 2008/3399/2009
f 1896/3190/1897 2008/3399/2009 2009/3400/2010
f 2009/3400/2010 2066/3496/2067 1950/3294/1951
f 1951/3401/1952 1950/3294/1951 2067/3497/2068
f 1954/3498/1955 1951/3401/1952 2068/3499/2069
f 1953/3297/1954 1952/3296/1953 2069/3500/2070
f 2010/3402/2011 1953/3297/1954 2070/3501/2071
f 1954/3502/1955 2068/3503/2069 2011/3504/2012
f 2012/3405/2013 1898/3300/1899 2011/3404/2012
f 1902/3409/1903 2012/3505/2013 2013/3410/2014
f 1900/3301/1901 2013/3410/2014 2014/3411/2015
f 1901/3203/1902 2014/3411/2015 2015/3412/2016
f 1955/3302/1956 2015/3412/2016 2071/3506/2072
f 2016/3413/2017 2072/3507/2073 1956/3414/1957
f 1904/3206/1905 2017/3415/2018 2016/3413/2017
f 2017/3415/2018 1955/3302/1956 2071/3506/2072
f 1956/3414/1957 2072/3507/2073 2018/3508/2019
f 1905/3509/1906 2018/3510/2019 2019/3511/2020
f 1952/3296/1953 2019/3417/2020 2069/3500/2070
f 1957/3512/1958 1961/3513/1962 2073/3514/2074
f 1958/3307/1959 1957/3306/1958 2074/3515/2075
f 1959/3308/1960 1958/3307/1959 2075/3516/2076
f 1960/3517/1961 1959/3308/1960 2076/3518/2077
f 1906/3209/1907 2021/3421/2022 2020/3420/2021
f 1974/3519/1975 1928/3254/1929 2020/3420/2021
f 2021/3421/2022 1907/3309/1908 2022/3520/2023
f 1960/3310/1961 2077/3521/2078 2022/3422/2023
f 1961/3522/1962 1962/3523/1963 2078/3524/2079
f 2010/3402/2011 2079/3525/2080 1962/3312/1963
f 1940/3314/1941 2055/3526/2056 2023/3423/2024
f 2023/3423/2024 2080/3527/2081 1963/3315/1964
f 1963/3315/1964 2080/3527/2081 1964/3316/1965
f 1964/3316/1965 2081/3528/2082 1965/3317/1966
f 2024/3425/2025 1965/3424/1966 2082/3529/2083
f 2025/3426/2026 2026/3530/2027 1911/3220/1912
f 1966/3322/1967 2026/3427/2027 2083/3531/2084
f 1966/3322/1967 2083/3531/2084 1967/3323/1968
f 2027/3532/2028 1968/3463/1969 2043/3462/2044
f 1969/3330/1970 2027/3533/2028 2084/3534/2085
f 1914/3230/1915 2029/3434/2030 2028/3432/2029
f 1913/3226/1914 2028/3432/2029 1970/3331/1971
f 2029/3434/2030 1969/3330/1970 2084/3534/2085
f 1970/3331/1971 2085/3535/2086 1971/3332/1972
f 1971/3435/1972 2086/3536/2087 2025/3426/2026
f 1917/3234/1918 1982/3436/1983 1983/3351/1984
f 1981/3437/1982 1982/3436/1983 1918/3237/1919
f 1972/3334/1973 2037/3537/2038 1981/3437/1982
f 1974/3336/1975 2020/3538/2021 1979/3438/1980
f 2030/3539/2031 2033/3540/2034 1921/3541/1922
f 2030/3539/2031 1919/3542/1920 2031/3543/2032
f 2032/3444/2033 2031/3544/2032 1920/3445/1921
f 1976/3545/1977 1975/3442/1976 2087/3546/2088
f 2088/3547/2089 1975/3442/1976 1977/3441/1978
f 2032/3444/2033 1976/3446/1977 2089/3548/2090
f 1972/3334/1973 2033/3540/2034 2037/3537/2038
f 2036/3450/2037 2034/3448/2035 1923/3342/1924
f 2034/3448/2035 2035/3449/2036 1922/3247/1923
f 2035/3449/2036 2090/3549/2091 1977/3343/1978
f 2091/3550/2092 2036/3551/2037 1978/3552/1979
f 2091/3553/2092 1978/3346/1979 2037/3451/2038
f 2044/3464/2045 1930/3258/1931 1980/3348/1981
f 2092/3554/2093 2038/3453/2039 1979/3438/1980
f 1925/3251/1926 2038/3555/2039 2039/3454/2040
f 2093/3556/2094 1926/3252/1927 2039/3454/2040
f 2040/3455/2041 1926/3252/1927 2093/3556/2094
f 2041/3456/2042 1927/3253/1928 2040/3455/2041
f 2094/3557/2095 1980/3348/1981 2041/3456/2042
f 2083/3531/2084 1984/3355/1985 1967/3323/1968
f 1984/3460/1985 2095/3558/2096 1985/3356/1986
f 2096/3559/2097 1993/3372/1994 1985/3356/1986
f 2045/3560/2046 2042/3461/2043 1986/3359/1987
f 1929/3357/1930 2042/3461/2043 2043/3462/2044
f 2047/3469/2048 1933/3465/1934 2044/3464/2045
f 1987/3363/1988 2097/3561/2098 1988/3365/1989
f 2046/3467/2047 2098/3562/2099 1987/3363/1988
f 1988/3365/1989 2099/3563/2100 2045/3466/2046
f 2100/3564/2101 2046/3565/2047 1989/3566/1990
f 2101/3567/2102 1989/3366/1990 1990/3367/1991
f 1991/3368/1992 2102/3568/2103 1990/3367/1991
f 2103/3569/2104 1991/3470/1992 2047/3469/2048
f 1934/3263/1935 2048/3471/2049 2104/3570/2105
f 1934/3571/1935 2104/3572/2105 2049/3573/2050
f 1992/3370/1993 2049/3573/2050 2105/3574/2106
f 1992/3370/1993 2105/3574/2106 2050/3473/2051
f 1935/3371/1936 2050/3473/2051 2051/3474/2052
f 2106/3575/2107 2052/3475/2053 1993/3372/1994
f 2107/3576/2108 1994/3373/1995 2052/3475/2053
f 1994/3476/1995 2108/3577/2109 1995/3374/1996
f 2109/3578/2110 1996/3375/1997 1995/3374/1996
f 2110/3579/2111 2048/3580/2049 1996/3581/1997
f 2051/3474/2052 2111/3582/2112 1997/3376/1998
f 1997/3376/1998 2111/3582/2112 2053/3477/2054
f 1938/3478/1939 2053/3583/2054 2054/3479/2055
f 1998/3480/1999 2054/3584/2055 2112/3585/2113
f 1998/3480/1999 2112/3585/2113 2055/3481/2056
f 2000/3381/2001 1999/3380/2000 2113/3586/2114
f 1999/3380/2000 2024/3425/2025 2114/3587/2115
f 2001/3382/2002 2000/3381/2001 2115/3588/2116
f 2002/3384/2003 2001/3483/2002 2116/3589/2117
f 2117/3590/2118 2003/3385/2004 2002/3384/2003
f 2004/3391/2005 2003/3385/2004 2118/3591/2119
f 2056/3592/2057 2057/3485/2058 1941/3386/1942
f 2056/3484/2057 1942/3280/1943 2058/3593/2059
f 2057/3485/2058 2061/3489/2062 1945/3284/1946
f 2059/3487/2060 2058/3486/2059 1943/3389/1944
f 2059/3487/2060 1944/3283/1945 2060/3488/2061
f 2119/3594/2120 2060/3488/2061 2004/3391/2005
f 1946/3392/1947 2061/3489/2062 2120/3595/2121
f 1946/3392/1947 2120/3595/2121 2062/3490/2063
f 2121/3596/2122 2006/3597/2007 2005/3598/2006
f 2122/3599/2123 2005/3600/2006 2062/3601/2063
f 2121/3602/2122 2063/3491/2064 2006/3394/2007
f 2064/3494/2065 1948/3493/1949 2063/3603/2064
f 1949/3604/1950 2064/3605/2065 2065/3606/2066
f 2007/3398/2008 2065/3495/2066 2123/3607/2124
f 2008/3399/2009 2007/3398/2008 2124/3608/2125
f 2008/3399/2009 2125/3609/2126 2009/3400/2010
f 2009/3400/2010 2126/3610/2127 2066/3496/2067
f 1950/3294/1951 2066/3496/2067 2067/3497/2068
f 1951/3401/1952 2067/3497/2068 2068/3499/2069
f 2070/3501/2071 1953/3297/1954 2069/3500/2070
f 2010/3402/2011 2070/3501/2071 2127/3611/2128
f 2011/3504/2012 2068/3503/2069 2128/3612/2129
f 2012/3505/2013 2011/3504/2012 2129/3613/2130
f 2013/3410/2014 2012/3505/2013 2129/3613/2130
f 2013/3410/2014 2130/3614/2131 2014/3411/2015
f 2015/3412/2016 2014/3411/2015 2131/3615/2132
f 2071/3506/2072 2015/3412/2016 2132/3616/2133
f 2016/3413/2017 2133/3617/2134 2072/3507/2073
f 2016/3413/2017 2017/3415/2018 2133/3617/2134
f 2017/3415/2018 2071/3506/2072 2134/3618/2135
f 2018/3508/2019 2072/3507/2073 2135/3619/2136
f 2136/3620/2137 2019/3621/2020 2018/3622/2019
f 2019/3417/2020 2137/3623/2138 2069/3500/2070
f 1961/3624/1962 2078/3625/2079 2073/3626/2074
f 2074/3515/2075 1957/3306/1958 2073/3627/2074
f 1958/3307/1959 2074/3515/2075 2075/3516/2076
f 1959/3308/1960 2075/3516/2076 2076/3518/2077
f 1960/3517/1961 2076/3518/2077 2077/3628/2078
f 2020/3538/2021 2021/3629/2022 2092/3554/2093
f 2021/3629/2022 2022/3630/2023 2138/3631/2139
f 2139/3632/2140 2022/3520/2023 2077/3628/2078
f 2079/3633/2080 2078/3524/2079 1962/3523/1963
f 2010/3402/2011 2127/3611/2128 2079/3525/2080
f 2023/3423/2024 2055/3526/2056 2140/3634/2141
f 2023/3423/2024 2140/3634/2141 2080/3527/2081
f 2080/3527/2081 2141/3635/2142 1964/3316/1965
f 1964/3316/1965 2141/3635/2142 2081/3528/2082
f 2081/3636/2082 2082/3529/2083 1965/3424/1966
f 2114/3587/2115 2024/3425/2025 2082/3529/2083
f 2025/3426/2026 2142/3637/2143 2026/3530/2027
f 2026/3530/2027 2143/3638/2144 2083/3639/2084
f 2027/3533/2028 2043/3640/2044 2144/3641/2145
f 2027/3533/2028 2144/3641/2145 2084/3534/2085
f 2029/3434/2030 2145/3642/2146 2028/3432/2029
f 1970/3331/1971 2028/3432/2029 2085/3535/2086
f 2029/3434/2030 2084/3534/2085 2146/3643/2147
f 1971/3435/1972 2085/3644/2086 2086/3536/2087
f 2025/3426/2026 2086/3536/2087 2142/3637/2143
f 2020/3538/2021 2092/3554/2093 1979/3438/1980
f 2147/3645/2148 2033/3540/2034 2030/3539/2031
f 2148/3646/2149 2030/3539/2031 2031/3543/2032
f 2149/3647/2150 2031/3544/2032 2032/3444/2033
f 2087/3546/2088 1975/3442/1976 2088/3547/2089
f 2087/3546/2088 2089/3648/2090 1976/3545/1977
f 2088/3649/2089 1977/3650/1978 2090/3651/2091
f 2150/3652/2151 2032/3444/2033 2089/3548/2090
f 2091/3550/2092 2037/3537/2038 2033/3540/2034
f 2151/3653/2152 2034/3448/2035 2036/3450/2037
f 2152/3654/2153 2035/3449/2036 2034/3448/2035
f 2153/3655/2154 2090/3656/2091 2035/3657/2036
f 2154/3658/2155 2036/3551/2037 2091/3550/2092
f 2044/3464/2045 1980/3348/1981 2094/3557/2095
f 2092/3554/2093 2155/3659/2156 2038/3453/2039
f 2038/3555/2039 2156/3660/2157 2039/3454/2040
f 2093/3556/2094 2039/3454/2040 2157/3661/2158
f 2040/3455/2041 2093/3556/2094 2158/3662/2159
f 2159/3663/2160 2041/3456/2042 2040/3455/2041
f 2160/3664/2161 2094/3557/2095 2041/3456/2042
f 2083/3639/2084 2095/3558/2096 1984/3460/1985
f 2096/3559/2097 1985/3356/1986 2095/3558/2096
f 2106/3575/2107 1993/3372/1994 2096/3559/2097
f 2161/3665/2162 2042/3666/2043 2045/3466/2046
f 2043/3640/2044 2042/3667/2043 2162/3668/2163
f 2047/3469/2048 2044/3464/2045 2163/3669/2164
f 1987/3670/1988 2164/3671/2165 2097/3672/2098
f 2097/3561/2098 2099/3563/2100 1988/3365/1989
f 2165/3673/2166 2098/3674/2099 2046/3675/2047
f 2098/3676/2099 2164/3671/2165 1987/3670/1988
f 2099/3563/2100 2161/3665/2162 2045/3466/2046
f 2165/3673/2166 2046/3675/2047 2100/3677/2101
f 2166/3678/2167 2100/3677/2101 1989/3679/1990
f 2101/3567/2102 2166/3680/2167 1989/3366/1990
f 2101/3567/2102 1990/3367/1991 2102/3568/2103
f 2103/3569/2104 2102/3681/2103 1991/3470/1992
f 2167/3682/2168 2103/3569/2104 2047/3469/2048
f 2168/3683/2169 2104/3684/2105 2048/3580/2049
f 2104/3572/2105 2169/3685/2170 2049/3573/2050
f 2049/3573/2050 2170/3686/2171 2105/3574/2106
f 2050/3473/2051 2105/3574/2106 2171/3687/2172
f 2050/3473/2051 2172/3688/2173 2051/3474/2052
f 2106/3575/2107 2107/3576/2108 2052/3475/2053
f 2107/3689/2108 2108/3577/2109 1994/3476/1995
f 2108/3577/2109 2109/3578/2110 1995/3374/1996
f 2109/3690/2110 2110/3579/2111 1996/3581/1997
f 2110/3579/2111 2168/3683/2169 2048/3580/2049
f 2172/3688/2173 2111/3582/2112 2051/3474/2052
f 2111/3582/2112 2173/3691/2174 2053/3477/2054
f 2053/3477/2054 2174/3692/2175 2054/3693/2055
f 2054/3694/2055 2174/3695/2175 2112/3696/2113
f 2112/3585/2113 2175/3697/2176 2055/3481/2056
f 1999/3380/2000 2114/3587/2115 2113/3586/2114
f 2176/3698/2177 2000/3381/2001 2113/3586/2114
f 2115/3699/2116 2000/3700/2001 2176/3701/2177
f 2116/3589/2117 2001/3483/2002 2115/3702/2116
f 2117/3590/2118 2002/3384/2003 2116/3589/2117
f 2118/3591/2119 2003/3385/2004 2117/3590/2118
f 2119/3594/2120 2004/3391/2005 2118/3591/2119
f 2177/3703/2178 2057/3485/2058 2056/3592/2057
f 2178/3704/2179 2056/3484/2057 2058/3593/2059
f 2057/3705/2058 2179/3706/2180 2061/3707/2062
f 2180/3708/2181 2058/3486/2059 2059/3487/2060
f 2059/3487/2060 2060/3488/2061 2181/3709/2182
f 2119/3594/2120 2182/3710/2183 2060/3488/2061
f 2061/3489/2062 2183/3711/2184 2120/3595/2121
f 2184/3712/2185 2062/3601/2063 2120/3713/2121
f 2122/3714/2123 2121/3715/2122 2005/3716/2006
f 2184/3712/2185 2122/3599/2123 2062/3601/2063
f 2185/3717/2186 2063/3603/2064 2121/3718/2122
f 2064/3494/2065 2063/3603/2064 2186/3719/2187
f 2064/3494/2065 2187/3720/2188 2065/3721/2066
f 2188/3722/2189 2123/3607/2124 2065/3495/2066
f 2124/3608/2125 2007/3398/2008 2123/3607/2124
f 2008/3399/2009 2124/3608/2125 2125/3609/2126
f 2125/3609/2126 2126/3610/2127 2009/3400/2010
f 2189/3723/2190 2066/3496/2067 2126/3610/2127
f 2066/3496/2067 2190/3724/2191 2067/3497/2068
f 2068/3499/2069 2067/3497/2068 2191/3725/2192
f 2070/3501/2071 2069/3500/2070 2192/3726/2193
f 2127/3611/2128 2070/3501/2071 2193/3727/2194
f 2128/3612/2129 2068/3503/2069 2191/3728/2192
f 2129/3613/2130 2011/3504/2012 2128/3612/2129
f 2013/3410/2014 2129/3613/2130 2130/3614/2131
f 2014/3411/2015 2130/3614/2131 2131/3615/2132
f 2015/3412/2016 2131/3615/2132 2132/3616/2133
f 2071/3506/2072 2132/3616/2133 2194/3729/2195
f 2133/3617/2134 2195/3730/2196 2072/3507/2073
f 2133/3617/2134 2017/3415/2018 2134/3618/2135
f 2071/3506/2072 2194/3729/2195 2134/3618/2135
f 2072/3507/2073 2195/3730/2196 2135/3619/2136
f 2136/3731/2137 2018/3508/2019 2135/3619/2136
f 2136/3732/2137 2196/3733/2197 2019/3734/2020
f 2196/3733/2197 2137/3735/2138 2019/3734/2020
f 2069/3500/2070 2137/3623/2138 2192/3726/2193
f 2073/3736/2074 2078/3524/2079 2197/3737/2198
f 2074/3515/2075 2073/3627/2074 2198/3738/2199
f 2075/3516/2076 2074/3515/2075 2199/3739/2200
f 2075/3516/2076 2200/3740/2201 2076/3518/2077
f 2077/3628/2078 2076/3518/2077 2201/3741/2202
f 2021/3629/2022 2138/3631/2139 2092/3554/2093
f 2138/3742/2139 2022/3520/2023 2139/3632/2140
f 2139/3743/2140 2077/3744/2078 2202/3745/2203
f 2079/3633/2080 2203/3746/2204 2078/3524/2079
f 2079/3633/2080 2127/3747/2128 2204/3748/2205
f 2055/3526/2056 2175/3749/2176 2140/3634/2141
f 2140/3750/2141 2205/3751/2206 2080/3752/2081
f 2080/3752/2081 2205/3751/2206 2141/3753/2142
f 2081/3754/2082 2141/3755/2142 2206/3756/2207
f 2081/3636/2082 2207/3757/2208 2082/3529/2083
f 2114/3758/2115 2082/3759/2083 2208/3760/2209
f 2142/3637/2143 2143/3638/2144 2026/3530/2027
f 2083/3639/2084 2143/3638/2144 2095/3558/2096
f 2144/3641/2145 2043/3640/2044 2162/3668/2163
f 2144/3641/2145 2209/3761/2210 2084/3534/2085
f 2029/3434/2030 2146/3643/2147 2145/3642/2146
f 2028/3432/2029 2145/3642/2146 2085/3535/2086
f 2084/3534/2085 2209/3761/2210 2146/3643/2147
f 2085/3644/2086 2210/3762/2211 2086/3536/2087
f 2086/3536/2087 2211/3763/2212 2142/3637/2143
f 2147/3645/2148 2091/3550/2092 2033/3540/2034
f 2148/3646/2149 2147/3645/2148 2030/3539/2031
f 2149/3647/2150 2148/3764/2149 2031/3544/2032
f 2149/3647/2150 2032/3444/2033 2150/3652/2151
f 2212/3765/2213 2087/3546/2088 2088/3547/2089
f 2089/3648/2090 2087/3546/2088 2212/3765/2213
f 2088/3547/2089 2090/3766/2091 2213/3767/2214
f 2150/3652/2151 2089/3548/2090 2214/3768/2215
f 2151/3653/2152 2152/3654/2153 2034/3448/2035
f 2154/3769/2155 2151/3770/2152 2036/3771/2037
f 2152/3654/2153 2215/3772/2216 2035/3449/2036
f 2090/3766/2091 2153/3773/2154 2216/3774/2217
f 2215/3772/2216 2153/3775/2154 2035/3449/2036
f 2147/3645/2148 2154/3658/2155 2091/3550/2092
f 2044/3464/2045 2094/3557/2095 2163/3669/2164
f 2092/3554/2093 2138/3631/2139 2155/3659/2156
f 2038/3453/2039 2155/3659/2156 2156/3776/2157
f 2157/3661/2158 2039/3454/2040 2156/3660/2157
f 2093/3556/2094 2157/3661/2158 2217/3777/2218
f 2158/3662/2159 2093/3556/2094 2217/3777/2218
f 2159/3663/2160 2040/3455/2041 2158/3662/2159
f 2160/3664/2161 2041/3456/2042 2159/3663/2160
f 2218/3778/2219 2094/3557/2095 2160/3664/2161
f 2143/3638/2144 2096/3559/2097 2095/3558/2096
f 2219/3779/2220 2106/3575/2107 2096/3559/2097
f 2162/3780/2163 2042/3666/2043 2161/3665/2162
f 2167/3682/2168 2047/3469/2048 2163/3669/2164
f 2164/3671/2165 2220/3781/2221 2097/3672/2098
f 2097/3782/2098 2221/3783/2222 2099/3784/2100
f 2222/3785/2223 2098/3786/2099 2165/3787/2166
f 2098/3788/2099 2223/3789/2224 2164/3790/2165
f 2099/3563/2100 2224/3791/2225 2161/3665/2162
f 2225/3792/2226 2165/3673/2166 2100/3677/2101
f 2226/3793/2227 2100/3677/2101 2166/3678/2167
f 2227/3794/2228 2166/3680/2167 2101/3567/2102
f 2228/3795/2229 2101/3567/2102 2102/3568/2103
f 2229/3796/2230 2102/3681/2103 2103/3569/2104
f 2230/3797/2231 2103/3569/2104 2167/3682/2168
f 2168/3683/2169 2231/3798/2232 2104/3684/2105
f 2231/3799/2232 2169/3685/2170 2104/3572/2105
f 2049/3573/2050 2169/3685/2170 2170/3686/2171
f 2105/3574/2106 2170/3686/2171 2232/3800/2233
f 2105/3574/2106 2232/3800/2233 2171/3687/2172
f 2050/3473/2051 2171/3687/2172 2172/3688/2173
f 2233/3801/2234 2107/3576/2108 2106/3575/2107
f 2107/3689/2108 2234/3802/2235 2108/3577/2109
f 2108/3577/2109 2235/3803/2236 2109/3578/2110
f 2109/3578/2110 2236/3804/2237 2110/3805/2111
f 2110/3579/2111 2237/3806/2238 2168/3683/2169
f 2172/3688/2173 2238/3807/2239 2111/3582/2112
f 2111/3582/2112 2238/3807/2239 2173/3691/2174
f 2053/3477/2054 2173/3691/2174 2174/3692/2175
f 2174/3695/2175 2239/3808/2240 2112/3696/2113
f 2112/3809/2113 2239/3810/2240 2175/3749/2176
f 2113/3811/2114 2114/3758/2115 2240/3812/2241
f 2176/3698/2177 2113/3586/2114 2241/3813/2242
f 2242/3814/2243 2115/3588/2116 2176/3698/2177
f 2243/3815/2244 2116/3589/2117 2115/3702/2116
f 2117/3816/2118 2116/3817/2117 2244/3818/2245
f 2245/3819/2246 2118/3591/2119 2117/3590/2118
f 2119/3594/2120 2118/3591/2119 2246/3820/2247
f 2177/3821/2178 2056/3484/2057 2178/3704/2179
f 2180/3822/2181 2178/3823/2179 2058/3824/2059
f 2057/3485/2058 2247/3825/2248 2179/3826/2180
f 2179/3826/2180 2183/3711/2184 2061/3489/2062
f 2180/3708/2181 2059/3487/2060 2181/3709/2182
f 2060/3488/2061 2182/3710/2183 2181/3709/2182
f 2248/3827/2249 2182/3710/2183 2119/3594/2120
f 2120/3713/2121 2183/3828/2184 2249/3829/2250
f 2184/3712/2185 2120/3713/2121 2249/3829/2250
f 2122/3599/2123 2250/3830/2251 2121/3718/2122
f 2251/3831/2252 2122/3599/2123 2184/3712/2185
f 2185/3717/2186 2186/3719/2187 2063/3603/2064
f 2185/3717/2186 2121/3718/2122 2250/3830/2251
f 2064/3494/2065 2186/3719/2187 2187/3720/2188
f 2188/3832/2189 2065/3721/2066 2187/3720/2188
f 2188/3722/2189 2252/3833/2253 2123/3607/2124
f 2123/3607/2124 2252/3833/2253 2124/3608/2125
f 2125/3609/2126 2124/3608/2125 2253/3834/2254
f 2125/3609/2126 2254/3835/2255 2126/3610/2127
f 2189/3723/2190 2190/3724/2191 2066/3496/2067
f 2255/3836/2256 2189/3723/2190 2126/3610/2127
f 2190/3724/2191 2191/3725/2192 2067/3497/2068
f 2070/3501/2071 2192/3726/2193 2193/3727/2194
f 2127/3611/2128 2193/3727/2194 2256/3837/2257
f 2128/3612/2129 2191/3728/2192 2257/3838/2258
f 2129/3613/2130 2128/3612/2129 2258/3839/2259
f 2130/3614/2131 2129/3613/2130 2258/3839/2259
f 2131/3615/2132 2130/3614/2131 2259/3840/2260
f 2132/3616/2133 2131/3615/2132 2260/3841/2261
f 2261/3842/2262 2194/3729/2195 2132/3616/2133
f 2133/3617/2134 2262/3843/2263 2195/3730/2196
f 2133/3617/2134 2134/3618/2135 2263/3844/2264
f 2264/3845/2265 2134/3618/2135 2194/3729/2195
f 2265/3846/2266 2135/3619/2136 2195/3730/2196
f 2136/3731/2137 2135/3619/2136 2266/3847/2267
f 2136/3732/2137 2267/3848/2268 2196/3733/2197
f 2268/3849/2269 2137/3850/2138 2196/3851/2197
f 2269/3852/2270 2192/3726/2193 2137/3623/2138
f 2078/3524/2079 2203/3746/2204 2197/3737/2198
f 2198/3738/2199 2073/3627/2074 2197/3853/2198
f 2074/3515/2075 2198/3738/2199 2199/3739/2200
f 2075/3516/2076 2199/3739/2200 2200/3740/2201
f 2076/3518/2077 2200/3740/2201 2201/3741/2202
f 2077/3628/2078 2201/3741/2202 2202/3854/2203
f 2138/3742/2139 2139/3632/2140 2270/3855/2271
f 2139/3632/2140 2202/3854/2203 2271/3856/2272
f 2079/3633/2080 2204/3748/2205 2203/3746/2204
f 2127/3747/2128 2256/3857/2257 2204/3748/2205
f 2175/3749/2176 2205/3858/2206 2140/3634/2141
f 2205/3858/2206 2272/3859/2273 2141/3635/2142
f 2272/3860/2273 2206/3756/2207 2141/3755/2142
f 2207/3861/2208 2081/3528/2082 2206/3862/2207
f 2082/3863/2083 2207/3864/2208 2208/3865/2209
f 2114/3758/2115 2208/3760/2209 2240/3812/2241
f 2142/3866/2143 2219/3867/2220 2143/3868/2144
f 2144/3641/2145 2162/3668/2163 2273/3869/2274
f 2144/3641/2145 2273/3869/2274 2209/3761/2210
f 2146/3870/2147 2274/3871/2275 2145/3872/2146
f 2085/3644/2086 2145/3872/2146 2210/3762/2211
f 2209/3873/2210 2275/3874/2276 2146/3870/2147
f 2086/3536/2087 2210/3762/2211 2211/3763/2212
f 2142/3866/2143 2211/3875/2212 2219/3867/2220
f 2148/3646/2149 2276/3876/2277 2147/3645/2148
f 2277/3877/2278 2148/3764/2149 2149/3647/2150
f 2278/3878/2279 2149/3647/2150 2150/3652/2151
f 2212/3765/2213 2088/3547/2089 2213/3767/2214
f 2214/3768/2215 2089/3548/2090 2212/3879/2213
f 2213/3767/2214 2090/3766/2091 2216/3774/2217
f 2278/3878/2279 2150/3652/2151 2214/3768/2215
f 2279/3880/2280 2152/3881/2153 2151/3882/2152
f 2154/3883/2155 2280/3884/2281 2151/3885/2152
f 2281/3886/2282 2215/3772/2216 2152/3654/2153
f 2215/3887/2216 2216/3774/2217 2153/3773/2154
f 2147/3645/2148 2276/3876/2277 2154/3658/2155
f 2218/3778/2219 2163/3669/2164 2094/3557/2095
f 2138/3742/2139 2270/3855/2271 2155/3888/2156
f 2282/3889/2283 2156/3776/2157 2155/3659/2156
f 2157/3661/2158 2156/3660/2157 2283/3890/2284
f 2217/3777/2218 2157/3661/2158 2284/3891/2285
f 2158/3662/2159 2217/3777/2218 2285/3892/2286
f 2286/3893/2287 2159/3663/2160 2158/3662/2159
f 2287/3894/2288 2160/3664/2161 2159/3663/2160
f 2288/3895/2289 2218/3778/2219 2160/3664/2161
f 2143/3638/2144 2219/3779/2220 2096/3559/2097
f 2289/3896/2290 2106/3575/2107 2219/3779/2220
f 2162/3780/2163 2161/3665/2162 2224/3791/2225
f 2290/3897/2291 2167/3682/2168 2163/3669/2164
f 2291/3898/2292 2220/3899/2221 2164/3900/2165
f 2220/3899/2221 2221/3783/2222 2097/3782/2098
f 2099/3901/2100 2221/3902/2222 2292/3903/2293
f 2222/3904/2223 2223/3789/2224 2098/3788/2099
f 2293/3905/2294 2222/3906/2223 2165/3673/2166
f 2223/3907/2224 2291/3898/2292 2164/3900/2165
f 2099/3908/2100 2294/3909/2295 2224/3910/2225
f 2293/3905/2294 2165/3673/2166 2225/3792/2226
f 2226/3793/2227 2225/3792/2226 2100/3677/2101
f 2295/3911/2296 2226/3793/2227 2166/3678/2167
f 2295/3912/2296 2166/3680/2167 2227/3794/2228
f 2228/3795/2229 2227/3794/2228 2101/3567/2102
f 2228/3913/2229 2102/3681/2103 2229/3796/2230
f 2229/3796/2230 2103/3569/2104 2230/3797/2231
f 2230/3797/2231 2167/3682/2168 2296/3914/2297
f 2168/3683/2169 2297/3915/2298 2231/3798/2232
f 2231/3799/2232 2298/3916/2299 2169/3685/2170
f 2169/3685/2170 2299/3917/2300 2170/3686/2171
f 2170/3686/2171 2300/3918/2301 2232/3800/2233
f 2171/3687/2172 2232/3800/2233 2301/3919/2302
f 2171/3687/2172 2302/3920/2303 2172/3688/2173
f 2233/3921/2234 2303/3922/2304 2107/3689/2108
f 2289/3896/2290 2233/3801/2234 2106/3575/2107
f 2303/3922/2304 2234/3802/2235 2107/3689/2108
f 2234/3802/2235 2235/3803/2236 2108/3577/2109
f 2109/3578/2110 2235/3803/2236 2236/3804/2237
f 2110/3579/2111 2236/3923/2237 2237/3806/2238
f 2237/3806/2238 2297/3915/2298 2168/3683/2169
f 2172/3688/2173 2302/3920/2303 2238/3807/2239
f 2238/3807/2239 2304/3924/2305 2173/3691/2174
f 2173/3691/2174 2305/3925/2306 2174/3692/2175
f 2174/3695/2175 2305/3926/2306 2239/3808/2240
f 2239/3810/2240 2306/3927/2307 2175/3749/2176
f 2241/3813/2242 2113/3586/2114 2240/3928/2241
f 2176/3698/2177 2241/3813/2242 2307/3929/2308
f 2243/3930/2244 2115/3931/2116 2242/3932/2243
f 2242/3814/2243 2176/3698/2177 2307/3929/2308
f 2244/3933/2245 2116/3589/2117 2243/3815/2244
f 2245/3819/2246 2117/3590/2118 2244/3933/2245
f 2246/3820/2247 2118/3591/2119 2245/3819/2246
f 2308/3934/2309 2119/3594/2120 2246/3820/2247
f 2177/3935/2178 2309/3936/2310 2247/3937/2248
f 2177/3935/2178 2178/3938/2179 2309/3936/2310
f 2180/3822/2181 2310/3939/2311 2178/3823/2179
f 2311/3940/2312 2179/3826/2180 2247/3825/2248
f 2179/3826/2180 2312/3941/2313 2183/3711/2184
f 2180/3822/2181 2181/3942/2182 2313/3943/2314
f 2314/3944/2315 2181/3709/2182 2182/3710/2183
f 2314/3944/2315 2182/3710/2183 2248/3827/2249
f 2248/3827/2249 2119/3594/2120 2308/3934/2309
f 2183/3828/2184 2315/3945/2316 2249/3829/2250
f 2316/3946/2317 2184/3712/2185 2249/3829/2250
f 2251/3831/2252 2250/3830/2251 2122/3599/2123
f 2316/3946/2317 2251/3831/2252 2184/3712/2185
f 2185/3717/2186 2317/3947/2318 2186/3719/2187
f 2318/3948/2319 2185/3717/2186 2250/3830/2251
f 2319/3949/2320 2187/3720/2188 2186/3719/2187
f 2320/3950/2321 2188/3832/2189 2187/3720/2188
f 2321/3951/2322 2252/3833/2253 2188/3722/2189
f 2252/3833/2253 2322/3952/2323 2124/3608/2125
f 2322/3952/2323 2253/3834/2254 2124/3608/2125
f 2125/3609/2126 2253/3834/2254 2254/3835/2255
f 2255/3836/2256 2126/3610/2127 2254/3835/2255
f 2323/3953/2324 2190/3724/2191 2189/3723/2190
f 2255/3836/2256 2323/3953/2324 2189/3723/2190
f 2323/3953/2324 2191/3725/2192 2190/3724/2191
f 2193/3727/2194 2192/3726/2193 2324/3954/2325
f 2193/3727/2194 2325/3955/2326 2256/3837/2257
f 2323/3956/2324 2257/3838/2258 2191/3728/2192
f 2258/3839/2259 2128/3612/2129 2257/3838/2258
f 2130/3614/2131 2258/3839/2259 2259/3840/2260
f 2131/3615/2132 2259/3840/2260 2260/3841/2261
f 2261/3842/2262 2132/3616/2133 2260/3841/2261
f 2326/3957/2327 2194/3729/2195 2261/3842/2262
f 2133/3617/2134 2263/3844/2264 2262/3843/2263
f 2262/3843/2263 2327/3958/2328 2195/3730/2196
f 2263/3844/2264 2134/3618/2135 2264/3845/2265
f 2326/3957/2327 2264/3845/2265 2194/3729/2195
f 2266/3847/2267 2135/3619/2136 2265/3846/2266
f 2265/3846/2266 2195/3730/2196 2327/3958/2328
f 2136/3731/2137 2266/3847/2267 2267/3959/2268
f 2267/3848/2268 2268/3960/2269 2196/3733/2197
f 2268/3960/2269 2269/3961/2270 2137/3735/2138
f 2269/3961/2270 2324/3962/2325 2192/3963/2193
f 2197/3853/2198 2203/3964/2204 2328/3965/2329
f 2198/3738/2199 2197/3853/2198 2328/3965/2329
f 2199/3739/2200 2198/3738/2199 2329/3966/2330
f 2200/3967/2201 2199/3968/2200 2330/3969/2331
f 2201/3741/2202 2200/3740/2201 2331/3970/2332
f 2202/3854/2203 2201/3741/2202 2332/3971/2333
f 2270/3855/2271 2139/3632/2140 2271/3856/2272
f 2202/3854/2203 2333/3972/2334 2271/3856/2272
f 2204/3748/2205 2334/3973/2335 2203/3746/2204
f 2204/3748/2205 2256/3857/2257 2335/3974/2336
f 2175/3749/2176 2336/3975/2337 2205/3858/2206
f 2205/3858/2206 2336/3975/2337 2272/3859/2273
f 2272/3859/2273 2337/3976/2338 2206/3862/2207
f 2338/3977/2339 2207/3861/2208 2206/3862/2207
f 2338/3978/2339 2208/3979/2209 2207/3757/2208
f 2240/3928/2241 2208/3979/2209 2339/3980/2340
f 2162/3780/2163 2224/3791/2225 2273/3981/2274
f 2273/3982/2274 2340/3983/2341 2209/3873/2210
f 2146/3870/2147 2275/3874/2276 2274/3871/2275
f 2145/3872/2146 2274/3871/2275 2210/3762/2211
f 2209/3873/2210 2340/3983/2341 2275/3874/2276
f 2341/3984/2342 2211/3763/2212 2210/3762/2211
f 2289/3985/2290 2219/3867/2220 2211/3875/2212
f 2277/3986/2278 2276/3876/2277 2148/3646/2149
f 2278/3878/2279 2277/3877/2278 2149/3647/2150
f 2342/3987/2343 2212/3988/2213 2213/3989/2214
f 2342/3987/2343 2214/3990/2215 2212/3988/2213
f 2343/3991/2344 2213/3989/2214 2216/3992/2217
f 2278/3878/2279 2214/3768/2215 2344/3993/2345
f 2279/3880/2280 2281/3994/2282 2152/3881/2153
f 2345/3995/2346 2279/3880/2280 2151/3882/2152
f 2346/3996/2347 2280/3997/2281 2154/3658/2155
f 2280/3998/2281 2345/3995/2346 2151/3882/2152
f 2281/3999/2282 2216/3774/2217 2215/3887/2216
f 2346/3996/2347 2154/3658/2155 2276/3876/2277
f 2290/3897/2291 2163/3669/2164 2218/3778/2219
f 2270/4000/2271 2282/3889/2283 2155/3659/2156
f 2282/4001/2283 2283/3890/2284 2156/3660/2157
f 2157/3661/2158 2283/3890/2284 2284/3891/2285
f 2217/3777/2218 2284/3891/2285 2347/4002/2348
f 2285/3892/2286 2217/3777/2218 2347/4002/2348
f 2286/3893/2287 2158/3662/2159 2285/3892/2286
f 2287/3894/2288 2159/3663/2160 2286/3893/2287
f 2348/4003/2349 2160/3664/2161 2287/3894/2288
f 2288/4004/2289 2349/4005/2350 2218/4006/2219
f 2288/4007/2289 2160/4008/2161 2348/4009/2349
f 2296/3914/2297 2167/3682/2168 2290/3897/2291
f 2291/3898/2292 2350/4010/2351 2220/3899/2221
f 2220/3899/2221 2351/4011/2352 2221/3783/2222
f 2221/3902/2222 2352/4012/2353 2292/3903/2293
f 2099/3908/2100 2292/4013/2293 2294/3909/2295
f 2353/4014/2354 2223/3907/2224 2222/4015/2223
f 2293/4016/2294 2354/4017/2355 2222/4015/2223
f 2355/4018/2356 2291/3898/2292 2223/3907/2224
f 2224/4019/2225 2294/4020/2295 2356/4021/2357
f 2357/4022/2358 2293/3905/2294 2225/3792/2226
f 2358/4023/2359 2225/3792/2226 2226/3793/2227
f 2359/4024/2360 2226/3793/2227 2295/3911/2296
f 2295/3912/2296 2227/3794/2228 2360/4025/2361
f 2361/4026/2362 2227/3794/2228 2228/3795/2229
f 2362/4027/2363 2228/3913/2229 2229/3796/2230
f 2229/3796/2230 2230/3797/2231 2363/4028/2364
f 2354/4017/2355 2230/4029/2231 2296/4030/2297
f 2297/4031/2298 2364/4032/2365 2231/3799/2232
f 2231/3799/2232 2364/4032/2365 2298/3916/2299
f 2298/3916/2299 2299/3917/2300 2169/3685/2170
f 2299/3917/2300 2300/3918/2301 2170/3686/2171
f 2300/3918/2301 2365/4033/2366 2232/3800/2233
f 2232/3800/2233 2365/4033/2366 2301/3919/2302
f 2171/3687/2172 2301/3919/2302 2302/3920/2303
f 2366/4034/2367 2303/3922/2304 2233/3921/2234
f 2289/3985/2290 2367/4035/2368 2233/4036/2234
f 2303/3922/2304 2368/4037/2369 2234/3802/2235
f 2234/3802/2235 2369/4038/2370 2235/3803/2236
f 2236/3804/2237 2235/3803/2236 2370/4039/2371
f 2371/4040/2372 2237/3806/2238 2236/3923/2237
f 2372/4041/2373 2297/3915/2298 2237/3806/2238
f 2302/3920/2303 2373/4042/2374 2238/3807/2239
f 2238/3807/2239 2373/4042/2374 2304/3924/2305
f 2173/3691/2174 2304/3924/2305 2305/3925/2306
f 2239/4043/2240 2305/4044/2306 2374/4045/2375
f 2239/4043/2240 2374/4045/2375 2306/4046/2307
f 2175/3749/2176 2306/3927/2307 2336/3975/2337
f 2241/3813/2242 2240/3928/2241 2375/4047/2376
f 2241/3813/2242 2375/4047/2376 2307/3929/2308
f 2376/4048/2377 2243/3815/2244 2242/4049/2243
f 2242/3814/2243 2307/3929/2308 2377/4050/2378
f 2244/3933/2245 2243/3815/2244 2376/4048/2377
f 2245/4051/2246 2244/4052/2245 2378/4053/2379
f 2246/4054/2247 2245/4051/2246 2379/4055/2380
f 2308/4056/2309 2246/4054/2247 2380/4057/2381
f 2057/4058/2058 2177/3935/2178 2247/3937/2248
f 2309/4059/2310 2178/3823/2179 2381/4060/2382
f 2180/3822/2181 2313/3943/2314 2310/3939/2311
f 2178/3823/2179 2310/3939/2311 2381/4060/2382
f 2311/3940/2312 2312/3941/2313 2179/3826/2180
f 2311/3940/2312 2247/3825/2248 2382/4061/2383
f 2183/3711/2184 2312/3941/2313 2315/4062/2316
f 2314/4063/2315 2313/3943/2314 2181/3942/2182
f 2383/4064/2384 2314/4065/2315 2248/4066/2249
f 2384/4067/2385 2248/4066/2249 2308/4068/2309
f 2385/4069/2386 2249/3829/2250 2315/3945/2316
f 2316/3946/2317 2249/3829/2250 2385/4069/2386
f 2386/4070/2387 2250/3830/2251 2251/3831/2252
f 2316/3946/2317 2387/4071/2388 2251/3831/2252
f 2318/3948/2319 2317/3947/2318 2185/3717/2186
f 2319/3949/2320 2186/3719/2187 2317/3947/2318
f 2386/4070/2387 2318/3948/2319 2250/3830/2251
f 2320/3950/2321 2187/3720/2188 2319/3949/2320
f 2320/4072/2321 2321/3951/2322 2188/3722/2189
f 2321/3951/2322 2388/4073/2389 2252/3833/2253
f 2252/3833/2253 2388/4073/2389 2322/3952/2323
f 2389/4074/2390 2253/3834/2254 2322/3952/2323
f 2390/4075/2391 2254/3835/2255 2253/3834/2254
f 2391/4076/2392 2255/3836/2256 2254/3835/2255
f 2392/4077/2393 2323/3953/2324 2255/3836/2256
f 2193/4078/2194 2324/3962/2325 2325/4079/2326
f 2256/4080/2257 2325/4081/2326 2393/4082/2394
f 2394/4083/2395 2257/3838/2258 2323/3956/2324
f 2395/4084/2396 2258/3839/2259 2257/3838/2258
f 2395/4084/2396 2259/3840/2260 2258/3839/2259
f 2396/4085/2397 2260/3841/2261 2259/3840/2260
f 2261/3842/2262 2260/3841/2261 2397/4086/2398
f 2326/3957/2327 2261/3842/2262 2398/4087/2399
f 2399/4088/2400 2262/3843/2263 2263/3844/2264
f 2400/4089/2401 2327/3958/2328 2262/3843/2263
f 2399/4088/2400 2263/3844/2264 2264/3845/2265
f 2399/4088/2400 2264/3845/2265 2326/3957/2327
f 2266/3847/2267 2265/3846/2266 2401/4090/2402
f 2265/3846/2266 2327/3958/2328 2402/4091/2403
f 2266/3847/2267 2403/4092/2404 2267/3959/2268
f 2404/4093/2405 2268/3960/2269 2267/3848/2268
f 2268/3960/2269 2405/4094/2406 2269/3961/2270
f 2269/3961/2270 2406/4095/2407 2324/3962/2325
f 2203/3964/2204 2407/4096/2408 2328/3965/2329
f 2198/3738/2199 2328/3965/2329 2329/3966/2330
f 2199/3739/2200 2329/3966/2330 2330/4097/2331
f 2200/3740/2201 2330/4097/2331 2331/3970/2332
f 2201/3741/2202 2331/3970/2332 2332/3971/2333
f 2202/3854/2203 2332/3971/2333 2333/3972/2334
f 2270/4000/2271 2271/4098/2272 2408/4099/2409
f 2271/4098/2272 2333/4100/2334 2409/4101/2410
f 2204/4102/2205 2335/4103/2336 2334/4104/2335
f 2203/3964/2204 2334/4105/2335 2407/4096/2408
f 2256/4080/2257 2393/4082/2394 2335/4106/2336
f 2336/3975/2337 2410/4107/2411 2272/3859/2273
f 2272/3859/2273 2410/4107/2411 2337/3976/2338
f 2206/3862/2207 2337/3976/2338 2411/4108/2412
f 2338/3977/2339 2206/3862/2207 2411/4108/2412
f 2339/3980/2340 2208/3979/2209 2338/3978/2339
f 2375/4047/2376 2240/3928/2241 2339/3980/2340
f 2273/3982/2274 2224/4019/2225 2356/4021/2357
f 2273/3982/2274 2356/4021/2357 2340/3983/2341
f 2274/3871/2275 2275/3874/2276 2412/4109/2413
f 2274/3871/2275 2341/3984/2342 2210/3762/2211
f 2340/3983/2341 2413/4110/2414 2275/3874/2276
f 2341/4111/2342 2289/3985/2290 2211/3875/2212
f 2277/3986/2278 2346/3996/2347 2276/3876/2277
f 2278/3878/2279 2414/4112/2415 2277/3877/2278
f 2342/3987/2343 2213/3989/2214 2343/3991/2344
f 2344/4113/2345 2214/3990/2215 2342/3987/2343
f 2281/3999/2282 2343/4114/2344 2216/3774/2217
f 2278/4115/2279 2344/4113/2345 2414/4116/2415
f 2279/3880/2280 2343/3991/2344 2281/3994/2282
f 2415/4117/2416 2279/3880/2280 2345/3995/2346
f 2346/4118/2347 2345/3995/2346 2280/3998/2281
f 2416/4119/2417 2290/3897/2291 2218/3778/2219
f 2270/4000/2271 2408/4099/2409 2282/3889/2283
f 2282/4001/2283 2417/4120/2418 2283/3890/2284
f 2284/3891/2285 2283/3890/2284 2418/4121/2419
f 2284/3891/2285 2419/4122/2420 2347/4002/2348
f 2285/4123/2286 2347/4124/2348 2420/4125/2421
f 2286/4126/2287 2285/4127/2286 2421/4128/2422
f 2287/4129/2288 2286/4126/2287 2422/4130/2423
f 2423/4131/2424 2348/4132/2349 2287/4129/2288
f 2288/4133/2289 2424/4134/2425 2349/4135/2350
f 2218/3778/2219 2349/4136/2350 2416/4119/2417
f 2288/4133/2289 2348/4132/2349 2423/4131/2424
f 2296/4030/2297 2290/4137/2291 2353/4014/2354
f 2291/3898/2292 2425/4138/2426 2350/4010/2351
f 2350/4010/2351 2351/4011/2352 2220/3899/2221
f 2351/4139/2352 2352/4012/2353 2221/3902/2222
f 2292/4013/2293 2352/4140/2353 2426/4141/2427
f 2292/4013/2293 2427/4142/2428 2294/3909/2295
f 2353/4014/2354 2355/4018/2356 2223/3907/2224
f 2354/4017/2355 2353/4014/2354 2222/4015/2223
f 2428/4143/2429 2354/4017/2355 2293/4016/2294
f 2355/4018/2356 2425/4138/2426 2291/3898/2292
f 2294/4020/2295 2429/4144/2430 2356/4021/2357
f 2428/4143/2429 2293/4016/2294 2357/4145/2358
f 2357/4022/2358 2225/3792/2226 2358/4023/2359
f 2359/4024/2360 2358/4023/2359 2226/3793/2227
f 2359/4024/2360 2295/3911/2296 2430/4146/2431
f 2361/4026/2362 2360/4025/2361 2227/3794/2228
f 2295/3912/2296 2360/4025/2361 2431/4147/2432
f 2362/4027/2363 2361/4148/2362 2228/3913/2229
f 2362/4027/2363 2229/3796/2230 2363/4028/2364
f 2363/4149/2364 2230/4029/2231 2354/4017/2355
f 2354/4017/2355 2296/4030/2297 2353/4014/2354
f 2297/4150/2298 2432/4151/2433 2364/4152/2365
f 2364/4032/2365 2433/4153/2434 2298/3916/2299
f 2298/3916/2299 2434/4154/2435 2299/3917/2300
f 2299/3917/2300 2435/4155/2436 2300/3918/2301
f 2300/3918/2301 2436/4156/2437 2365/4033/2366
f 2365/4033/2366 2437/4157/2438 2301/3919/2302
f 2302/3920/2303 2301/3919/2302 2438/4158/2439
f 2366/4034/2367 2439/4159/2440 2303/3922/2304
f 2366/4034/2367 2233/3921/2234 2367/4160/2368
f 2341/4111/2342 2367/4035/2368 2289/3985/2290
f 2303/3922/2304 2439/4159/2440 2368/4037/2369
f 2234/3802/2235 2368/4037/2369 2369/4038/2370
f 2369/4038/2370 2370/4039/2371 2235/3803/2236
f 2371/4040/2372 2236/3923/2237 2370/4161/2371
f 2371/4040/2372 2372/4041/2373 2237/3806/2238
f 2372/4162/2373 2432/4151/2433 2297/4150/2298
f 2302/3920/2303 2438/4158/2439 2373/4042/2374
f 2304/3924/2305 2373/4042/2374 2440/4163/2441
f 2304/3924/2305 2441/4164/2442 2305/3925/2306
f 2305/3925/2306 2441/4164/2442 2374/4165/2375
f 2306/4166/2307 2374/4167/2375 2442/4168/2443
f 2336/3975/2337 2306/3927/2307 2443/4169/2444
f 2307/3929/2308 2375/4047/2376 2444/4170/2445
f 2376/4048/2377 2242/4049/2243 2377/4171/2378
f 2377/4050/2378 2307/3929/2308 2445/4172/2446
f 2378/4173/2379 2244/4174/2245 2376/4175/2377
f 2379/4055/2380 2245/4051/2246 2378/4053/2379
f 2380/4057/2381 2246/4054/2247 2379/4055/2380
f 2308/4056/2309 2380/4057/2381 2446/4176/2447
f 2309/3936/2310 2382/4177/2383 2247/3937/2248
f 2309/3936/2310 2381/4178/2382 2382/4177/2383
f 2310/3939/2311 2313/3943/2314 2447/4179/2448
f 2448/4180/2449 2381/4060/2382 2310/3939/2311
f 2311/3940/2312 2449/4181/2450 2312/3941/2313
f 2450/4182/2451 2311/3940/2312 2382/4061/2383
f 2451/4183/2452 2315/4062/2316 2312/3941/2313
f 2452/4184/2453 2313/4185/2314 2314/4065/2315
f 2452/4184/2453 2314/4065/2315 2383/4064/2384
f 2384/4067/2385 2383/4064/2384 2248/4066/2249
f 2384/4067/2385 2308/4068/2309 2446/4186/2447
f 2453/4187/2454 2385/4069/2386 2315/3945/2316
f 2454/4188/2455 2316/3946/2317 2385/4069/2386
f 2387/4071/2388 2386/4070/2387 2251/3831/2252
f 2455/4189/2456 2387/4071/2388 2316/3946/2317
f 2456/4190/2457 2317/3947/2318 2318/3948/2319
f 2457/4191/2458 2319/3949/2320 2317/3947/2318
f 2386/4070/2387 2458/4192/2459 2318/3948/2319
f 2459/4193/2460 2320/3950/2321 2319/3949/2320
f 2460/4194/2461 2321/3951/2322 2320/4072/2321
f 2461/4195/2462 2388/4073/2389 2321/3951/2322
f 2462/4196/2463 2322/3952/2323 2388/4073/2389
f 2389/4074/2390 2390/4075/2391 2253/3834/2254
f 2462/4196/2463 2389/4074/2390 2322/3952/2323
f 2390/4075/2391 2391/4076/2392 2254/3835/2255
f 2391/4076/2392 2463/4197/2464 2255/3836/2256
f 2394/4083/2395 2323/3956/2324 2392/4198/2393
f 2392/4077/2393 2255/3836/2256 2463/4197/2464
f 2324/3962/2325 2464/4199/2465 2325/4079/2326
f 2393/4200/2394 2325/4201/2326 2465/4202/2466
f 2395/4084/2396 2257/3838/2258 2394/4083/2395
f 2396/4085/2397 2259/3840/2260 2395/4084/2396
f 2397/4086/2398 2260/3841/2261 2396/4085/2397
f 2398/4087/2399 2261/3842/2262 2397/4086/2398
f 2466/4203/2467 2326/3957/2327 2398/4087/2399
f 2400/4089/2401 2262/3843/2263 2399/4088/2400
f 2400/4089/2401 2467/4204/2468 2327/3958/2328
f 2399/4088/2400 2326/3957/2327 2468/4205/2469
f 2401/4090/2402 2265/3846/2266 2402/4091/2403
f 2266/3847/2267 2401/4090/2402 2403/4092/2404
f 2402/4091/2403 2327/3958/2328 2467/4204/2468
f 2404/4206/2405 2267/3959/2268 2403/4092/2404
f 2404/4093/2405 2405/4094/2406 2268/3960/2269
f 2405/4094/2406 2406/4095/2407 2269/3961/2270
f 2406/4095/2407 2464/4199/2465 2324/3962/2325
f 2328/4207/2329 2407/4208/2408 2469/4209/2470
f 2329/4210/2330 2328/4211/2329 2469/4212/2470
f 2330/4213/2331 2329/4214/2330 2470/4215/2471
f 2330/4097/2331 2471/4216/2472 2331/3970/2332
f 2332/3971/2333 2331/3970/2332 2472/4217/2473
f 2332/3971/2333 2473/4218/2474 2333/3972/2334
f 2408/4099/2409 2271/4098/2272 2409/4101/2410
f 2409/4101/2410 2333/4100/2334 2474/4219/2475
f 2334/4220/2335 2335/4221/2336 2457/4222/2458
f 2407/4223/2408 2334/4224/2335 2456/4190/2457
f 2335/4106/2336 2393/4082/2394 2459/4193/2460
f 2336/3975/2337 2443/4169/2444 2410/4107/2411
f 2337/3976/2338 2410/4107/2411 2475/4225/2476
f 2337/3976/2338 2476/4226/2477 2411/4108/2412
f 2339/3980/2340 2338/3978/2339 2411/4227/2412
f 2375/4047/2376 2339/3980/2340 2477/4228/2478
f 2356/4229/2357 2478/4230/2479 2340/4231/2341
f 2275/3874/2276 2413/4110/2414 2412/4109/2413
f 2274/3871/2275 2412/4109/2413 2341/3984/2342
f 2340/3983/2341 2478/4232/2479 2413/4110/2414
f 2277/3986/2278 2414/4233/2415 2346/3996/2347
f 2415/4117/2416 2342/3987/2343 2343/3991/2344
f 2344/4113/2345 2342/3987/2343 2415/4117/2416
f 2414/4116/2415 2344/4113/2345 2479/4234/2480
f 2415/4117/2416 2343/3991/2344 2279/3880/2280
f 2479/4234/2480 2415/4117/2416 2345/3995/2346
f 2479/4234/2480 2345/3995/2346 2346/4118/2347
f 2290/4137/2291 2416/4235/2417 2355/4018/2356
f 2282/4236/2283 2408/4237/2409 2417/4238/2418
f 2418/4121/2419 2283/3890/2284 2417/4120/2418
f 2284/3891/2285 2418/4121/2419 2419/4122/2420
f 2347/4239/2348 2419/4240/2420 2420/4241/2421
f 2285/4123/2286 2420/4125/2421 2421/4242/2422
f 2422/4130/2423 2286/4126/2287 2421/4128/2422
f 2423/4131/2424 2287/4129/2288 2422/4130/2423
f 2288/4133/2289 2423/4131/2424 2424/4134/2425
f 2480/4243/2481 2349/4244/2350 2424/4245/2425
f 2416/4235/2417 2349/4246/2350 2481/4247/2482
f 2353/4014/2354 2290/4137/2291 2355/4018/2356
f 2482/4248/2483 2350/4249/2351 2425/4250/2426
f 2483/4251/2484 2351/4252/2352 2350/4249/2351
f 2351/4139/2352 2484/4253/2485 2352/4012/2353
f 2352/4254/2353 2485/4255/2486 2426/4256/2427
f 2292/4013/2293 2426/4141/2427 2427/4142/2428
f 2294/4020/2295 2427/4257/2428 2429/4144/2430
f 2428/4143/2429 2363/4149/2364 2354/4017/2355
f 2355/4018/2356 2481/4247/2482 2425/4138/2426
f 2356/4229/2357 2429/4258/2430 2478/4230/2479
f 2486/4259/2487 2428/4143/2429 2357/4145/2358
f 2487/4260/2488 2357/4022/2358 2358/4023/2359
f 2359/4024/2360 2488/4261/2489 2358/4023/2359
f 2430/4262/2431 2295/3912/2296 2431/4147/2432
f 2489/4263/2490 2359/4024/2360 2430/4146/2431
f 2361/4026/2362 2490/4264/2491 2360/4025/2361
f 2491/4265/2492 2431/4147/2432 2360/4025/2361
f 2492/4266/2493 2361/4148/2362 2362/4027/2363
f 2493/4267/2494 2362/4027/2363 2363/4028/2364
f 2494/4268/2495 2364/4152/2365 2432/4151/2433
f 2494/4268/2495 2433/4269/2434 2364/4152/2365
f 2433/4153/2434 2434/4154/2435 2298/3916/2299
f 2434/4154/2435 2435/4155/2436 2299/3917/2300
f 2435/4155/2436 2436/4156/2437 2300/3918/2301
f 2436/4156/2437 2495/4270/2496 2365/4033/2366
f 2365/4033/2366 2495/4270/2496 2437/4157/2438
f 2301/3919/2302 2437/4157/2438 2438/4158/2439
f 2496/4271/2497 2439/4159/2440 2366/4034/2367
f 2497/4272/2498 2366/4034/2367 2367/4160/2368
f 2341/4111/2342 2412/4273/2413 2367/4035/2368
f 2439/4159/2440 2498/4274/2499 2368/4037/2369
f 2368/4037/2369 2499/4275/2500 2369/4038/2370
f 2499/4275/2500 2370/4039/2371 2369/4038/2370
f 2371/4276/2372 2370/4039/2371 2500/4277/2501
f 2371/4276/2372 2501/4278/2502 2372/4162/2373
f 2372/4162/2373 2502/4279/2503 2432/4151/2433
f 2373/4042/2374 2438/4158/2439 2503/4280/2504
f 2373/4042/2374 2503/4280/2504 2440/4163/2441
f 2304/3924/2305 2440/4163/2441 2441/4164/2442
f 2441/4164/2442 2442/4281/2443 2374/4165/2375
f 2442/4281/2443 2443/4169/2444 2306/3927/2307
f 2375/4047/2376 2477/4228/2478 2444/4170/2445
f 2445/4172/2446 2307/3929/2308 2444/4170/2445
f 2376/4282/2377 2377/4283/2378 2504/4284/2505
f 2505/4285/2506 2377/4050/2378 2445/4172/2446
f 2378/4286/2379 2376/4287/2377 2506/4288/2507
f 2379/4289/2380 2378/4286/2379 2507/4290/2508
f 2380/4291/2381 2379/4289/2380 2508/4292/2509
f 2446/4293/2447 2380/4291/2381 2509/4294/2510
f 2381/4060/2382 2510/4295/2511 2382/4061/2383
f 2452/4296/2453 2447/4179/2448 2313/3943/2314
f 2448/4180/2449 2310/3939/2311 2447/4179/2448
f 2448/4180/2449 2510/4295/2511 2381/4060/2382
f 2450/4182/2451 2449/4181/2450 2311/3940/2312
f 2451/4183/2452 2312/3941/2313 2449/4181/2450
f 2450/4182/2451 2382/4061/2383 2510/4295/2511
f 2453/4297/2454 2315/4062/2316 2451/4183/2452
f 2452/4184/2453 2383/4064/2384 2511/4298/2512
f 2511/4298/2512 2383/4064/2384 2384/4067/2385
f 2384/4299/2385 2446/4300/2447 2512/4301/2513
f 2453/4187/2454 2513/4302/2514 2385/4069/2386
f 2455/4189/2456 2316/3946/2317 2454/4188/2455
f 2513/4302/2514 2454/4188/2455 2385/4069/2386
f 2514/4303/2515 2386/4070/2387 2387/4071/2388
f 2455/4189/2456 2515/4304/2516 2387/4071/2388
f 2456/4190/2457 2457/4191/2458 2317/3947/2318
f 2458/4192/2459 2456/4190/2457 2318/3948/2319
f 2459/4193/2460 2319/3949/2320 2457/4191/2458
f 2514/4303/2515 2458/4192/2459 2386/4070/2387
f 2459/4305/2460 2460/4194/2461 2320/4072/2321
f 2460/4194/2461 2461/4195/2462 2321/3951/2322
f 2461/4195/2462 2516/4306/2517 2388/4073/2389
f 2462/4196/2463 2388/4073/2389 2516/4306/2517
f 2517/4307/2518 2390/4075/2391 2389/4074/2390
f 2462/4196/2463 2518/4308/2519 2389/4074/2390
f 2390/4075/2391 2519/4309/2520 2391/4076/2392
f 2391/4076/2392 2520/4310/2521 2463/4197/2464
f 2521/4311/2522 2394/4083/2395 2392/4198/2393
f 2392/4077/2393 2463/4197/2464 2522/4312/2523
f 2464/4313/2465 2465/4202/2466 2325/4201/2326
f 2393/4200/2394 2465/4202/2466 2460/4194/2461
f 2523/4314/2524 2395/4084/2396 2394/4083/2395
f 2396/4085/2397 2395/4084/2396 2523/4314/2524
f 2397/4086/2398 2396/4085/2397 2524/4315/2525
f 2398/4087/2399 2397/4086/2398 2525/4316/2526
f 2468/4205/2469 2326/3957/2327 2466/4203/2467
f 2466/4203/2467 2398/4087/2399 2526/4317/2527
f 2400/4089/2401 2399/4088/2400 2468/4205/2469
f 2400/4089/2401 2527/4318/2528 2467/4204/2468
f 2401/4090/2402 2402/4091/2403 2528/4319/2529
f 2403/4092/2404 2401/4090/2402 2529/4320/2530
f 2402/4091/2403 2467/4204/2468 2530/4321/2531
f 2531/4322/2532 2404/4206/2405 2403/4092/2404
f 2532/4323/2533 2405/4094/2406 2404/4093/2405
f 2533/4324/2534 2406/4095/2407 2405/4094/2406
f 2406/4095/2407 2534/4325/2535 2464/4199/2465
f 2407/4208/2408 2458/4326/2459 2469/4209/2470
f 2329/4210/2330 2469/4212/2470 2470/4327/2471
f 2330/4097/2331 2470/4328/2471 2471/4216/2472
f 2472/4217/2473 2331/3970/2332 2471/4216/2472
f 2332/3971/2333 2472/4217/2473 2473/4218/2474
f 2333/3972/2334 2473/4218/2474 2474/4329/2475
f 2408/4330/2409 2409/4331/2410 2535/4332/2536
f 2409/4101/2410 2474/4219/2475 2536/4333/2537
f 2335/4106/2336 2459/4193/2460 2457/4191/2458
f 2334/4220/2335 2457/4222/2458 2456/4334/2457
f 2407/4223/2408 2456/4190/2457 2458/4192/2459
f 2393/4200/2394 2460/4194/2461 2459/4305/2460
f 2410/4107/2411 2443/4169/2444 2537/4335/2538
f 2410/4107/2411 2537/4335/2538 2475/4225/2476
f 2337/3976/2338 2475/4225/2476 2476/4226/2477
f 2411/4227/2412 2476/4336/2477 2477/4228/2478
f 2339/3980/2340 2411/4227/2412 2477/4228/2478
f 2413/4337/2414 2538/4338/2539 2412/4273/2413
f 2478/4230/2479 2539/4339/2540 2413/4337/2414
f 2414/4116/2415 2479/4234/2480 2346/4118/2347
f 2479/4234/2480 2344/4113/2345 2415/4117/2416
f 2481/4247/2482 2355/4018/2356 2416/4235/2417
f 2408/4340/2409 2535/4341/2536 2417/4342/2418
f 2418/4121/2419 2417/4120/2418 2540/4343/2541
f 2419/4122/2420 2418/4121/2419 2541/4344/2542
f 2420/4241/2421 2419/4240/2420 2542/4345/2543
f 2421/4346/2422 2420/4241/2421 2543/4347/2544
f 2422/4130/2423 2421/4128/2422 2544/4348/2545
f 2423/4131/2424 2422/4130/2423 2545/4349/2546
f 2423/4131/2424 2545/4349/2546 2424/4134/2425
f 2480/4350/2481 2481/4351/2482 2349/4352/2350
f 2480/4353/2481 2424/4354/2425 2546/4355/2547
f 2482/4248/2483 2483/4251/2484 2350/4249/2351
f 2481/4356/2482 2482/4248/2483 2425/4250/2426
f 2483/4251/2484 2547/4357/2548 2351/4252/2352
f 2351/4358/2352 2547/4359/2548 2484/4360/2485
f 2352/4254/2353 2484/4361/2485 2485/4255/2486
f 2426/4256/2427 2485/4255/2486 2548/4362/2549
f 2426/4256/2427 2548/4362/2549 2427/4363/2428
f 2429/4144/2430 2427/4257/2428 2549/4364/2550
f 2493/4365/2494 2363/4149/2364 2428/4143/2429
f 2429/4258/2430 2550/4366/2551 2478/4230/2479
f 2486/4259/2487 2493/4365/2494 2428/4143/2429
f 2487/4367/2488 2486/4259/2487 2357/4145/2358
f 2487/4260/2488 2358/4023/2359 2488/4261/2489
f 2489/4263/2490 2488/4261/2489 2359/4024/2360
f 2551/4368/2552 2430/4262/2431 2431/4147/2432
f 2551/4369/2552 2489/4263/2490 2430/4146/2431
f 2492/4266/2493 2490/4370/2491 2361/4148/2362
f 2491/4265/2492 2360/4025/2361 2490/4264/2491
f 2551/4368/2552 2431/4147/2432 2491/4265/2492
f 2492/4266/2493 2362/4027/2363 2493/4267/2494
f 2502/4279/2503 2494/4268/2495 2432/4151/2433
f 2494/4371/2495 2552/4372/2553 2433/4373/2434
f 2433/4373/2434 2553/4374/2554 2434/4375/2435
f 2434/4154/2435 2554/4376/2555 2435/4155/2436
f 2555/4377/2556 2436/4156/2437 2435/4155/2436
f 2436/4156/2437 2556/4378/2557 2495/4270/2496
f 2437/4157/2438 2495/4270/2496 2557/4379/2558
f 2438/4158/2439 2437/4157/2438 2558/4380/2559
f 2496/4271/2497 2559/4381/2560 2439/4159/2440
f 2497/4272/2498 2496/4271/2497 2366/4034/2367
f 2538/4382/2539 2497/4272/2498 2367/4160/2368
f 2538/4338/2539 2367/4035/2368 2412/4273/2413
f 2559/4381/2560 2498/4274/2499 2439/4159/2440
f 2498/4274/2499 2499/4275/2500 2368/4037/2369
f 2499/4275/2500 2500/4277/2501 2370/4039/2371
f 2371/4276/2372 2500/4277/2501 2501/4278/2502
f 2501/4278/2502 2502/4279/2503 2372/4162/2373
f 2438/4158/2439 2558/4380/2559 2503/4280/2504
f 2440/4163/2441 2503/4280/2504 2560/4383/2561
f 2440/4163/2441 2561/4384/2562 2441/4164/2442
f 2441/4164/2442 2561/4384/2562 2442/4281/2443
f 2442/4281/2443 2562/4385/2563 2443/4169/2444
f 2444/4170/2445 2477/4228/2478 2563/4386/2564
f 2445/4172/2446 2444/4170/2445 2564/4387/2565
f 2504/4388/2505 2377/4050/2378 2505/4285/2506
f 2506/4288/2507 2376/4287/2377 2504/4389/2505
f 2505/4285/2506 2445/4172/2446 2565/4390/2566
f 2507/4290/2508 2378/4286/2379 2506/4288/2507
f 2379/4289/2380 2507/4290/2508 2508/4292/2509
f 2509/4294/2510 2380/4291/2381 2508/4292/2509
f 2566/4391/2567 2446/4293/2447 2509/4294/2510
f 2452/4296/2453 2567/4392/2568 2447/4179/2448
f 2448/4180/2449 2447/4179/2448 2568/4393/2569
f 2448/4180/2449 2569/4394/2570 2510/4295/2511
f 2570/4395/2571 2449/4181/2450 2450/4182/2451
f 2571/4396/2572 2451/4183/2452 2449/4181/2450
f 2572/4397/2573 2450/4182/2451 2510/4295/2511
f 2573/4398/2574 2453/4297/2454 2451/4183/2452
f 2452/4184/2453 2511/4298/2512 2567/4399/2568
f 2511/4298/2512 2384/4067/2385 2512/4400/2513
f 2512/4301/2513 2446/4300/2447 2566/4401/2567
f 2574/4402/2575 2513/4302/2514 2453/4187/2454
f 2575/4403/2576 2455/4189/2456 2454/4188/2455
f 2575/4403/2576 2454/4188/2455 2513/4302/2514
f 2515/4304/2516 2514/4303/2515 2387/4071/2388
f 2576/4404/2577 2515/4304/2516 2455/4189/2456
f 2577/4405/2578 2458/4192/2459 2514/4303/2515
f 2465/4202/2466 2461/4195/2462 2460/4194/2461
f 2461/4195/2462 2578/4406/2579 2516/4306/2517
f 2579/4407/2580 2462/4196/2463 2516/4306/2517
f 2517/4307/2518 2519/4309/2520 2390/4075/2391
f 2517/4307/2518 2389/4074/2390 2518/4308/2519
f 2579/4407/2580 2518/4308/2519 2462/4196/2463
f 2519/4309/2520 2520/4310/2521 2391/4076/2392
f 2580/4408/2581 2463/4197/2464 2520/4310/2521
f 2523/4314/2524 2394/4083/2395 2521/4311/2522
f 2521/4311/2522 2392/4198/2393 2522/4409/2523
f 2522/4312/2523 2463/4197/2464 2580/4408/2581
f 2464/4313/2465 2581/4410/2582 2465/4202/2466
f 2396/4085/2397 2523/4314/2524 2524/4315/2525
f 2525/4316/2526 2397/4086/2398 2524/4315/2525
f 2398/4087/2399 2525/4316/2526 2526/4317/2527
f 2468/4205/2469 2466/4203/2467 2582/4411/2583
f 2466/4203/2467 2526/4317/2527 2583/4412/2584
f 2400/4089/2401 2468/4205/2469 2527/4318/2528
f 2467/4204/2468 2527/4318/2528 2584/4413/2585
f 2528/4319/2529 2402/4091/2403 2585/4414/2586
f 2401/4090/2402 2528/4319/2529 2529/4320/2530
f 2531/4322/2532 2403/4092/2404 2529/4320/2530
f 2530/4321/2531 2467/4204/2468 2584/4413/2585
f 2585/4414/2586 2402/4091/2403 2530/4321/2531
f 2532/4415/2533 2404/4206/2405 2531/4322/2532
f 2532/4323/2533 2533/4324/2534 2405/4094/2406
f 2533/4324/2534 2534/4325/2535 2406/4095/2407
f 2534/4416/2535 2581/4410/2582 2464/4313/2465
f 2469/4417/2470 2458/4418/2459 2577/4419/2578
f 2469/4212/2470 2577/4405/2578 2470/4327/2471
f 2471/4420/2472 2470/4327/2471 2586/4421/2587
f 2472/4422/2473 2471/4420/2472 2587/4423/2588
f 2473/4424/2474 2472/4422/2473 2588/4425/2589
f 2474/4219/2475 2473/4426/2474 2589/4427/2590
f 2535/4428/2536 2409/4101/2410 2536/4333/2537
f 2536/4333/2537 2474/4219/2475 2590/4429/2591
f 2443/4169/2444 2562/4385/2563 2537/4335/2538
f 2537/4335/2538 2591/4430/2592 2475/4225/2476
f 2476/4226/2477 2475/4225/2476 2592/4431/2593
f 2476/4336/2477 2593/4432/2594 2477/4228/2478
f 2539/4339/2540 2538/4338/2539 2413/4337/2414
f 2478/4230/2479 2550/4366/2551 2539/4339/2540
f 2540/4343/2541 2417/4120/2418 2535/4433/2536
f 2418/4121/2419 2540/4343/2541 2594/4434/2595
f 2418/4121/2419 2594/4434/2595 2541/4344/2542
f 2419/4240/2420 2541/4435/2542 2542/4345/2543
f 2595/4436/2596 2420/4241/2421 2542/4345/2543
f 2543/4347/2544 2420/4241/2421 2595/4436/2596
f 2544/4437/2545 2421/4438/2422 2543/4439/2544
f 2422/4130/2423 2544/4348/2545 2545/4349/2546
f 2546/4440/2547 2424/4441/2425 2545/4442/2546
f 2596/4443/2597 2481/4444/2482 2480/4445/2481
f 2480/4445/2481 2546/4440/2547 2597/4446/2598
f 2598/4447/2599 2483/4251/2484 2482/4248/2483
f 2481/4448/2482 2599/4449/2600 2482/4450/2483
f 2483/4451/2484 2600/4452/2601 2547/4359/2548
f 2547/4359/2548 2601/4453/2602 2484/4360/2485
f 2601/4454/2602 2485/4255/2486 2484/4361/2485
f 2602/4455/2603 2548/4362/2549 2485/4255/2486
f 2427/4363/2428 2548/4362/2549 2603/4456/2604
f 2427/4257/2428 2604/4457/2605 2549/4364/2550
f 2429/4458/2430 2549/4459/2550 2604/4460/2605
f 2429/4258/2430 2605/4461/2606 2550/4366/2551
f 2606/4462/2607 2493/4365/2494 2486/4259/2487
f 2607/4463/2608 2486/4259/2487 2487/4367/2488
f 2608/4464/2609 2487/4260/2488 2488/4261/2489
f 2609/4465/2610 2488/4261/2489 2489/4263/2490
f 2610/4466/2611 2489/4263/2490 2551/4369/2552
f 2611/4467/2612 2490/4370/2491 2492/4266/2493
f 2612/4468/2613 2491/4265/2492 2490/4264/2491
f 2613/4469/2614 2551/4368/2552 2491/4265/2492
f 2606/4470/2607 2492/4266/2493 2493/4267/2494
f 2502/4279/2503 2614/4471/2615 2494/4268/2495
f 2494/4371/2495 2614/4472/2615 2552/4372/2553
f 2433/4373/2434 2552/4372/2553 2553/4374/2554
f 2553/4374/2554 2554/4473/2555 2434/4375/2435
f 2554/4376/2555 2555/4377/2556 2435/4155/2436
f 2555/4377/2556 2556/4378/2557 2436/4156/2437
f 2556/4378/2557 2615/4474/2616 2495/4270/2496
f 2615/4474/2616 2557/4379/2558 2495/4270/2496
f 2437/4157/2438 2557/4379/2558 2558/4380/2559
f 2496/4271/2497 2616/4475/2617 2559/4381/2560
f 2497/4272/2498 2617/4476/2618 2496/4271/2497
f 2618/4477/2619 2497/4272/2498 2538/4382/2539
f 2559/4381/2560 2619/4478/2620 2498/4274/2499
f 2498/4274/2499 2620/4479/2621 2499/4275/2500
f 2621/4480/2622 2500/4277/2501 2499/4275/2500
f 2501/4278/2502 2500/4277/2501 2622/4481/2623
f 2501/4278/2502 2623/4482/2624 2502/4279/2503
f 2558/4380/2559 2560/4383/2561 2503/4280/2504
f 2440/4163/2441 2560/4383/2561 2561/4384/2562
f 2561/4384/2562 2624/4483/2625 2442/4281/2443
f 2442/4281/2443 2624/4483/2625 2562/4385/2563
f 2563/4386/2564 2477/4228/2478 2593/4432/2594
f 2564/4387/2565 2444/4170/2445 2563/4386/2564
f 2445/4172/2446 2564/4387/2565 2565/4390/2566
f 2504/4389/2505 2505/4484/2506 2625/4485/2626
f 2506/4288/2507 2504/4389/2505 2626/4486/2627
f 2505/4484/2506 2565/4487/2566 2627/4488/2628
f 2507/4290/2508 2506/4288/2507 2628/4489/2629
f 2629/4490/2630 2508/4292/2509 2507/4290/2508
f 2509/4294/2510 2508/4292/2509 2630/4491/2631
f 2566/4391/2567 2509/4294/2510 2631/4492/2632
f 2568/4393/2569 2447/4179/2448 2567/4392/2568
f 2448/4180/2449 2568/4393/2569 2569/4394/2570
f 2572/4397/2573 2510/4295/2511 2569/4394/2570
f 2571/4396/2572 2449/4181/2450 2570/4395/2571
f 2572/4397/2573 2570/4395/2571 2450/4182/2451
f 2573/4398/2574 2451/4183/2452 2571/4396/2572
f 2574/4402/2575 2453/4187/2454 2573/4493/2574
f 2632/4494/2633 2567/4392/2568 2511/4495/2512
f 2632/4496/2633 2511/4298/2512 2512/4400/2513
f 2633/4497/2634 2512/4301/2513 2566/4401/2567
f 2634/4498/2635 2513/4302/2514 2574/4402/2575
f 2576/4404/2577 2455/4189/2456 2575/4403/2576
f 2634/4498/2635 2575/4403/2576 2513/4302/2514
f 2586/4421/2587 2514/4303/2515 2515/4304/2516
f 2587/4423/2588 2515/4304/2516 2576/4404/2577
f 2586/4421/2587 2577/4405/2578 2514/4303/2515
f 2465/4202/2466 2578/4406/2579 2461/4195/2462
f 2635/4499/2636 2516/4306/2517 2578/4406/2579
f 2579/4407/2580 2516/4306/2517 2635/4499/2636
f 2517/4307/2518 2636/4500/2637 2519/4309/2520
f 2637/4501/2638 2517/4307/2518 2518/4308/2519
f 2579/4407/2580 2638/4502/2639 2518/4308/2519
f 2519/4309/2520 2639/4503/2640 2520/4310/2521
f 2580/4408/2581 2520/4310/2521 2640/4504/2641
f 2523/4314/2524 2521/4311/2522 2641/4505/2642
f 2521/4311/2522 2522/4409/2523 2642/4506/2643
f 2522/4312/2523 2580/4408/2581 2643/4507/2644
f 2581/4410/2582 2578/4406/2579 2465/4202/2466
f 2524/4315/2525 2523/4314/2524 2641/4505/2642
f 2525/4316/2526 2524/4315/2525 2644/4508/2645
f 2526/4317/2527 2525/4316/2526 2645/4509/2646
f 2582/4411/2583 2466/4203/2467 2583/4412/2584
f 2468/4205/2469 2582/4411/2583 2527/4318/2528
f 2583/4412/2584 2526/4317/2527 2646/4510/2647
f 2584/4413/2585 2527/4318/2528 2647/4511/2648
f 2528/4319/2529 2585/4414/2586 2648/4512/2649
f 2528/4319/2529 2648/4512/2649 2529/4320/2530
f 2531/4322/2532 2529/4320/2530 2649/4513/2650
f 2650/4514/2651 2530/4321/2531 2584/4413/2585
f 2585/4414/2586 2530/4321/2531 2650/4514/2651
f 2532/4415/2533 2531/4322/2532 2651/4515/2652
f 2532/4415/2533 2652/4516/2653 2533/4517/2534
f 2653/4518/2654 2534/4325/2535 2533/4324/2534
f 2534/4416/2535 2654/4519/2655 2581/4410/2582
f 2586/4421/2587 2470/4327/2471 2577/4405/2578
f 2471/4420/2472 2586/4421/2587 2587/4423/2588
f 2472/4422/2473 2587/4423/2588 2588/4425/2589
f 2473/4426/2474 2588/4520/2589 2589/4427/2590
f 2474/4219/2475 2589/4427/2590 2590/4429/2591
f 2535/4428/2536 2536/4333/2537 2655/4521/2656
f 2656/4522/2657 2536/4333/2537 2590/4429/2591
f 2537/4335/2538 2562/4385/2563 2657/4523/2658
f 2537/4335/2538 2657/4523/2658 2591/4430/2592
f 2592/4431/2593 2475/4225/2476 2591/4430/2592
f 2476/4336/2477 2592/4524/2593 2593/4432/2594
f 2539/4525/2540 2618/4477/2619 2538/4382/2539
f 2550/4526/2551 2658/4527/2659 2539/4525/2540
f 2540/4528/2541 2535/4428/2536 2655/4521/2656
f 2540/4343/2541 2655/4529/2656 2594/4434/2595
f 2541/4435/2542 2594/4530/2595 2659/4531/2660
f 2542/4345/2543 2541/4435/2542 2660/4532/2661
f 2595/4436/2596 2542/4345/2543 2661/4533/2662
f 2543/4347/2544 2595/4436/2596 2662/4534/2663
f 2544/4437/2545 2543/4439/2544 2663/4535/2664
f 2545/4442/2546 2544/4536/2545 2664/4537/2665
f 2546/4440/2547 2545/4442/2546 2664/4537/2665
f 2665/4538/2666 2481/4444/2482 2596/4443/2597
f 2596/4443/2597 2480/4445/2481 2597/4446/2598
f 2546/4440/2547 2666/4539/2667 2597/4446/2598
f 2598/4447/2599 2667/4540/2668 2483/4251/2484
f 2668/4541/2669 2598/4542/2599 2482/4543/2483
f 2481/4444/2482 2665/4538/2666 2599/4544/2600
f 2599/4449/2600 2668/4545/2669 2482/4450/2483
f 2667/4540/2668 2600/4546/2601 2483/4251/2484
f 2547/4359/2548 2600/4452/2601 2669/4547/2670
f 2547/4359/2548 2669/4547/2670 2601/4453/2602
f 2601/4454/2602 2602/4455/2603 2485/4255/2486
f 2602/4455/2603 2670/4548/2671 2548/4362/2549
f 2548/4362/2549 2670/4548/2671 2603/4456/2604
f 2427/4363/2428 2603/4456/2604 2605/4549/2606
f 2427/4363/2428 2605/4549/2606 2604/4550/2605
f 2429/4258/2430 2604/4551/2605 2605/4461/2606
f 2550/4526/2551 2605/4549/2606 2671/4552/2672
f 2607/4463/2608 2606/4462/2607 2486/4259/2487
f 2608/4553/2609 2607/4463/2608 2487/4367/2488
f 2608/4464/2609 2488/4261/2489 2609/4465/2610
f 2610/4466/2611 2609/4465/2610 2489/4263/2490
f 2610/4466/2611 2551/4369/2552 2672/4554/2673
f 2611/4467/2612 2612/4555/2613 2490/4370/2491
f 2611/4467/2612 2492/4266/2493 2606/4470/2607
f 2612/4468/2613 2613/4469/2614 2491/4265/2492
f 2613/4469/2614 2672/4556/2673 2551/4368/2552
f 2502/4279/2503 2623/4482/2624 2614/4471/2615
f 2614/4472/2615 2673/4557/2674 2552/4372/2553
f 2552/4558/2553 2674/4559/2675 2553/4560/2554
f 2553/4561/2554 2675/4562/2676 2554/4376/2555
f 2554/4376/2555 2676/4563/2677 2555/4377/2556
f 2555/4377/2556 2677/4564/2678 2556/4378/2557
f 2556/4378/2557 2678/4565/2679 2615/4474/2616
f 2615/4474/2616 2679/4566/2680 2557/4379/2558
f 2558/4380/2559 2557/4379/2558 2680/4567/2681
f 2496/4271/2497 2617/4476/2618 2616/4475/2617
f 2681/4568/2682 2559/4381/2560 2616/4475/2617
f 2618/4477/2619 2617/4476/2618 2497/4272/2498
f 2681/4568/2682 2619/4478/2620 2559/4381/2560
f 2619/4478/2620 2620/4479/2621 2498/4274/2499
f 2620/4479/2621 2621/4480/2622 2499/4275/2500
f 2621/4480/2622 2622/4481/2623 2500/4277/2501
f 2501/4278/2502 2622/4481/2623 2623/4482/2624
f 2558/4380/2559 2682/4569/2683 2560/4383/2561
f 2560/4383/2561 2683/4570/2684 2561/4384/2562
f 2561/4384/2562 2683/4570/2684 2624/4483/2625
f 2624/4483/2625 2684/4571/2685 2562/4385/2563
f 2563/4386/2564 2593/4432/2594 2685/4572/2686
f 2564/4387/2565 2563/4386/2564 2686/4573/2687
f 2565/4390/2566 2564/4387/2565 2687/4574/2688
f 2625/4485/2626 2505/4484/2506 2627/4488/2628
f 2626/4486/2627 2504/4389/2505 2625/4485/2626
f 2628/4489/2629 2506/4288/2507 2626/4486/2627
f 2627/4488/2628 2565/4487/2566 2688/4575/2689
f 2629/4490/2630 2507/4290/2508 2628/4489/2629
f 2630/4491/2631 2508/4292/2509 2629/4490/2630
f 2509/4294/2510 2630/4491/2631 2631/4492/2632
f 2689/4576/2690 2566/4391/2567 2631/4492/2632
f 2568/4393/2569 2567/4392/2568 2690/4577/2691
f 2691/4578/2692 2569/4394/2570 2568/4393/2569
f 2692/4579/2693 2572/4397/2573 2569/4394/2570
f 2693/4580/2694 2571/4396/2572 2570/4395/2571
f 2694/4581/2695 2570/4395/2571 2572/4397/2573
f 2695/4582/2696 2573/4398/2574 2571/4396/2572
f 2696/4583/2697 2574/4584/2575 2573/4398/2574
f 2632/4494/2633 2690/4577/2691 2567/4392/2568
f 2632/4585/2633 2512/4301/2513 2633/4497/2634
f 2633/4497/2634 2566/4401/2567 2689/4586/2690
f 2697/4587/2698 2634/4498/2635 2574/4402/2575
f 2698/4588/2699 2576/4404/2577 2575/4403/2576
f 2634/4498/2635 2698/4588/2699 2575/4403/2576
f 2587/4423/2588 2586/4421/2587 2515/4304/2516
f 2588/4425/2589 2587/4423/2588 2576/4404/2577
f 2699/4589/2700 2635/4499/2636 2578/4406/2579
f 2700/4590/2701 2579/4407/2580 2635/4499/2636
f 2637/4501/2638 2636/4500/2637 2517/4307/2518
f 2636/4500/2637 2639/4503/2640 2519/4309/2520
f 2638/4502/2639 2637/4501/2638 2518/4308/2519
f 2700/4590/2701 2638/4502/2639 2579/4407/2580
f 2520/4310/2521 2639/4503/2640 2640/4504/2641
f 2580/4408/2581 2640/4504/2641 2701/4591/2702
f 2641/4505/2642 2521/4311/2522 2642/4506/2643
f 2642/4506/2643 2522/4409/2523 2643/4592/2644
f 2580/4408/2581 2701/4591/2702 2643/4507/2644
f 2581/4410/2582 2699/4589/2700 2578/4406/2579
f 2644/4508/2645 2524/4315/2525 2641/4505/2642
f 2525/4316/2526 2644/4508/2645 2645/4509/2646
f 2646/4510/2647 2526/4317/2527 2645/4509/2646
f 2582/4411/2583 2583/4412/2584 2702/4593/2703
f 2582/4411/2583 2647/4511/2648 2527/4318/2528
f 2583/4412/2584 2646/4510/2647 2703/4594/2704
f 2584/4413/2585 2647/4511/2648 2704/4595/2705
f 2648/4512/2649 2585/4414/2586 2705/4596/2706
f 2529/4320/2530 2648/4512/2649 2649/4513/2650
f 2531/4322/2532 2649/4513/2650 2651/4515/2652
f 2650/4514/2651 2584/4413/2585 2706/4597/2707
f 2705/4596/2706 2585/4414/2586 2650/4514/2651
f 2532/4415/2533 2651/4515/2652 2652/4516/2653
f 2652/4516/2653 2653/4598/2654 2533/4517/2534
f 2653/4599/2654 2654/4519/2655 2534/4416/2535
f 2654/4519/2655 2699/4589/2700 2581/4410/2582
f 2589/4600/2590 2588/4425/2589 2698/4588/2699
f 2590/4429/2591 2589/4427/2590 2707/4601/2708
f 2655/4521/2656 2536/4333/2537 2656/4522/2657
f 2656/4602/2657 2590/4603/2591 2708/4604/2709
f 2709/4605/2710 2657/4523/2658 2562/4385/2563
f 2657/4523/2658 2710/4606/2711 2591/4430/2592
f 2711/4607/2712 2592/4524/2593 2591/4608/2592
f 2593/4432/2594 2592/4524/2593 2712/4609/2713
f 2539/4525/2540 2658/4527/2659 2618/4477/2619
f 2550/4526/2551 2671/4552/2672 2658/4527/2659
f 2594/4530/2595 2655/4521/2656 2713/4610/2714
f 2594/4530/2595 2713/4610/2714 2659/4531/2660
f 2541/4435/2542 2659/4531/2660 2660/4532/2661
f 2542/4611/2543 2660/4612/2661 2661/4613/2662
f 2595/4436/2596 2661/4533/2662 2714/4614/2715
f 2662/4534/2663 2595/4436/2596 2714/4614/2715
f 2543/4347/2544 2662/4534/2663 2663/4615/2664
f 2715/4616/2716 2544/4437/2545 2663/4535/2664
f 2664/4537/2665 2544/4536/2545 2715/4617/2716
f 2546/4440/2547 2664/4537/2665 2666/4539/2667
f 2665/4538/2666 2596/4443/2597 2716/4618/2717
f 2596/4619/2597 2597/4620/2598 2717/4621/2718
f 2597/4622/2598 2666/4623/2667 2718/4624/2719
f 2719/4625/2720 2667/4626/2668 2598/4627/2599
f 2719/4625/2720 2598/4627/2599 2668/4545/2669
f 2665/4538/2666 2720/4628/2721 2599/4544/2600
f 2720/4629/2721 2668/4545/2669 2599/4449/2600
f 2667/4540/2668 2721/4630/2722 2600/4546/2601
f 2722/4631/2723 2669/4547/2670 2600/4452/2601
f 2601/4453/2602 2669/4547/2670 2723/4632/2724
f 2601/4453/2602 2723/4632/2724 2602/4633/2603
f 2602/4634/2603 2724/4635/2725 2670/4636/2671
f 2670/4548/2671 2725/4637/2726 2603/4456/2604
f 2605/4549/2606 2603/4456/2604 2671/4552/2672
f 2726/4638/2727 2606/4462/2607 2607/4463/2608
f 2727/4639/2728 2607/4463/2608 2608/4553/2609
f 2608/4464/2609 2609/4465/2610 2728/4640/2729
f 2729/4641/2730 2609/4465/2610 2610/4466/2611
f 2730/4642/2731 2610/4466/2611 2672/4554/2673
f 2731/4643/2732 2612/4555/2613 2611/4467/2612
f 2726/4644/2727 2611/4467/2612 2606/4470/2607
f 2732/4645/2733 2613/4469/2614 2612/4468/2613
f 2733/4646/2734 2672/4556/2673 2613/4469/2614
f 2734/4647/2735 2614/4471/2615 2623/4482/2624
f 2734/4648/2735 2673/4557/2674 2614/4472/2615
f 2552/4649/2553 2673/4650/2674 2674/4651/2675
f 2674/4651/2675 2675/4652/2676 2553/4653/2554
f 2675/4562/2676 2676/4563/2677 2554/4376/2555
f 2676/4654/2677 2677/4655/2678 2555/4656/2556
f 2677/4564/2678 2678/4565/2679 2556/4378/2557
f 2615/4474/2616 2678/4565/2679 2735/4657/2736
f 2615/4474/2616 2735/4657/2736 2679/4566/2680
f 2557/4379/2558 2679/4566/2680 2680/4567/2681
f 2558/4380/2559 2680/4567/2681 2682/4569/2683
f 2617/4476/2618 2736/4658/2737 2616/4475/2617
f 2737/4659/2738 2681/4568/2682 2616/4475/2617
f 2618/4477/2619 2738/4660/2739 2617/4476/2618
f 2681/4568/2682 2739/4661/2740 2619/4478/2620
f 2619/4478/2620 2740/4662/2741 2620/4479/2621
f 2741/4663/2742 2621/4480/2622 2620/4479/2621
f 2621/4480/2622 2742/4664/2743 2622/4481/2623
f 2622/4481/2623 2743/4665/2744 2623/4482/2624
f 2560/4383/2561 2682/4569/2683 2683/4570/2684
f 2683/4570/2684 2744/4666/2745 2624/4483/2625
f 2744/4666/2745 2684/4571/2685 2624/4483/2625
f 2684/4571/2685 2709/4605/2710 2562/4385/2563
f 2685/4572/2686 2593/4432/2594 2712/4609/2713
f 2686/4573/2687 2563/4386/2564 2685/4572/2686
f 2564/4387/2565 2686/4573/2687 2687/4574/2688
f 2565/4390/2566 2687/4574/2688 2688/4667/2689
f 2625/4485/2626 2627/4488/2628 2745/4668/2746
f 2626/4486/2627 2625/4485/2626 2746/4669/2747
f 2628/4489/2629 2626/4486/2627 2747/4670/2748
f 2748/4671/2749 2627/4488/2628 2688/4575/2689
f 2629/4490/2630 2628/4489/2629 2749/4672/2750
f 2630/4491/2631 2629/4490/2630 2750/4673/2751
f 2751/4674/2752 2631/4492/2632 2630/4491/2631
f 2752/4675/2753 2689/4576/2690 2631/4492/2632
f 2691/4578/2692 2568/4393/2569 2690/4577/2691
f 2692/4579/2693 2569/4394/2570 2691/4578/2692
f 2692/4579/2693 2694/4581/2695 2572/4397/2573
f 2695/4582/2696 2571/4396/2572 2693/4580/2694
f 2694/4581/2695 2693/4580/2694 2570/4395/2571
f 2696/4583/2697 2573/4398/2574 2695/4582/2696
f 2697/4587/2698 2574/4402/2575 2696/4676/2697
f 2633/4497/2634 2819/4677/2754 2632/4585/2633
f 2633/4497/2634 2689/4586/2690 2753/4678/2755
f 2707/4679/2708 2634/4498/2635 2697/4587/2698
f 2588/4425/2589 2576/4404/2577 2698/4588/2699
f 2707/4679/2708 2698/4588/2699 2634/4498/2635
f 2699/4589/2700 2754/4680/2756 2635/4499/2636
f 2700/4590/2701 2635/4499/2636 2754/4680/2756
f 2637/4501/2638 2755/4681/2757 2636/4500/2637
f 2636/4500/2637 2756/4682/2758 2639/4503/2640
f 2638/4502/2639 2757/4683/2759 2637/4501/2638
f 2700/4590/2701 2758/4684/2760 2638/4502/2639
f 2639/4503/2640 2759/4685/2761 2640/4504/2641
f 2701/4591/2702 2640/4504/2641 2759/4685/2761
f 2641/4505/2642 2642/4506/2643 2760/4686/2762
f 2642/4506/2643 2643/4592/2644 2761/4687/2763
f 2701/4591/2702 2762/4688/2764 2643/4507/2644
f 2644/4508/2645 2641/4505/2642 2760/4686/2762
f 2645/4509/2646 2644/4508/2645 2763/4689/2765
f 2646/4510/2647 2645/4509/2646 2764/4690/2766
f 2583/4412/2584 2703/4594/2704 2702/4593/2703
f 2582/4411/2583 2702/4593/2703 2647/4511/2648
f 2703/4594/2704 2646/4510/2647 2765/4691/2767
f 2704/4595/2705 2647/4511/2648 2766/4692/2768
f 2584/4413/2585 2704/4595/2705 2706/4597/2707
f 2648/4512/2649 2705/4596/2706 2767/4693/2769
f 2648/4512/2649 2767/4693/2769 2649/4513/2650
f 2649/4513/2650 2768/4694/2770 2651/4515/2652
f 2650/4514/2651 2706/4597/2707 2769/4695/2771
f 2705/4596/2706 2650/4514/2651 2769/4695/2771
f 2652/4516/2653 2651/4515/2652 2770/4696/2772
f 2652/4516/2653 2771/4697/2773 2653/4598/2654
f 2653/4599/2654 2771/4698/2773 2654/4519/2655
f 2654/4519/2655 2772/4699/2774 2699/4589/2700
f 2589/4600/2590 2698/4588/2699 2707/4679/2708
f 2590/4603/2591 2707/4679/2708 2708/4604/2709
f 2713/4610/2714 2655/4521/2656 2656/4522/2657
f 2656/4522/2657 2708/4700/2709 2773/4701/2775
f 2709/4605/2710 2774/4702/2776 2657/4523/2658
f 2774/4702/2776 2710/4606/2711 2657/4523/2658
f 2711/4607/2712 2591/4608/2592 2710/4703/2711
f 2711/4607/2712 2712/4609/2713 2592/4524/2593
f 2658/4527/2659 2738/4660/2739 2618/4477/2619
f 2658/4527/2659 2671/4552/2672 2775/4704/2777
f 2713/4610/2714 2776/4705/2778 2659/4531/2660
f 2660/4532/2661 2659/4531/2660 2777/4706/2779
f 2661/4707/2662 2660/4708/2661 2778/4709/2780
f 2714/4710/2715 2661/4707/2662 2779/4711/2781
f 2662/4534/2663 2714/4614/2715 2780/4712/2782
f 2663/4615/2664 2662/4534/2663 2781/4713/2783
f 2715/4616/2716 2663/4535/2664 2782/4714/2784
f 2666/4539/2667 2664/4537/2665 2715/4617/2716
f 2716/4618/2717 2596/4443/2597 2717/4715/2718
f 2783/4716/2785 2665/4538/2666 2716/4618/2717
f 2597/4622/2598 2718/4624/2719 2717/4717/2718
f 2718/4624/2719 2666/4623/2667 2784/4718/2786
f 2785/4719/2787 2667/4626/2668 2719/4625/2720
f 2786/4720/2788 2719/4625/2720 2668/4545/2669
f 2783/4716/2785 2720/4628/2721 2665/4538/2666
f 2720/4629/2721 2787/4721/2789 2668/4545/2669
f 2785/4722/2787 2721/4630/2722 2667/4540/2668
f 2721/4630/2722 2722/4723/2723 2600/4546/2601
f 2722/4631/2723 2788/4724/2790 2669/4547/2670
f 2788/4724/2790 2723/4632/2724 2669/4547/2670
f 2723/4632/2724 2789/4725/2791 2602/4633/2603
f 2602/4634/2603 2790/4726/2792 2724/4635/2725
f 2670/4636/2671 2724/4635/2725 2791/4727/2793
f 2670/4548/2671 2792/4728/2794 2725/4637/2726
f 2603/4456/2604 2725/4637/2726 2671/4552/2672
f 2726/4638/2727 2607/4463/2608 2727/4639/2728
f 2727/4639/2728 2608/4553/2609 2728/4729/2729
f 2729/4641/2730 2728/4640/2729 2609/4465/2610
f 2729/4641/2730 2610/4466/2611 2730/4642/2731
f 2793/4730/2795 2730/4642/2731 2672/4554/2673
f 2732/4731/2733 2612/4555/2613 2731/4643/2732
f 2726/4644/2727 2731/4643/2732 2611/4467/2612
f 2733/4646/2734 2613/4469/2614 2732/4645/2733
f 2733/4646/2734 2793/4732/2795 2672/4556/2673
f 2743/4665/2744 2734/4647/2735 2623/4482/2624
f 2734/4647/2735 2794/4733/2796 2673/4650/2674
f 2673/4650/2674 2795/4734/2797 2674/4651/2675
f 2674/4651/2675 2796/4735/2798 2675/4652/2676
f 2675/4562/2676 2797/4736/2799 2676/4563/2677
f 2798/4737/2800 2677/4655/2678 2676/4654/2677
f 2677/4564/2678 2799/4738/2801 2678/4565/2679
f 2800/4739/2802 2735/4657/2736 2678/4565/2679
f 2735/4657/2736 2801/4740/2803 2679/4566/2680
f 2680/4567/2681 2679/4566/2680 2802/4741/2804
f 2680/4567/2681 2803/4742/2805 2682/4569/2683
f 2738/4660/2739 2736/4658/2737 2617/4476/2618
f 2737/4659/2738 2616/4475/2617 2736/4658/2737
f 2737/4659/2738 2804/4743/2806 2681/4568/2682
f 2681/4568/2682 2804/4743/2806 2739/4661/2740
f 2619/4478/2620 2739/4661/2740 2740/4662/2741
f 2740/4662/2741 2741/4663/2742 2620/4479/2621
f 2741/4663/2742 2742/4664/2743 2621/4480/2622
f 2742/4664/2743 2743/4665/2744 2622/4481/2623
f 2682/4569/2683 2805/4744/2807 2683/4570/2684
f 2805/4744/2807 2744/4666/2745 2683/4570/2684
f 2744/4745/2745 2709/4746/2710 2684/4747/2685
f 2685/4748/2686 2712/4749/2713 2806/4750/2808
f 2807/4751/2809 2686/4752/2687 2685/4748/2686
f 2687/4574/2688 2686/4573/2687 2808/4753/2810
f 2688/4754/2689 2687/4755/2688 2809/4756/2811
f 2745/4668/2746 2627/4488/2628 2748/4671/2749
f 2746/4669/2747 2625/4485/2626 2745/4668/2746
f 2747/4670/2748 2626/4486/2627 2746/4669/2747
f 2628/4489/2629 2747/4670/2748 2749/4672/2750
f 2748/4671/2749 2688/4575/2689 2810/4757/2812
f 2750/4673/2751 2629/4490/2630 2749/4672/2750
f 2751/4674/2752 2630/4491/2631 2750/4673/2751
f 2752/4675/2753 2631/4492/2632 2751/4674/2752
f 2811/4758/2813 2689/4576/2690 2752/4675/2753
f 2691/4578/2692 2690/4577/2691 2812/4759/2814
f 2692/4579/2693 2691/4578/2692 2813/4760/2815
f 2692/4579/2693 2814/4761/2816 2694/4581/2695
f 2815/4762/2817 2695/4582/2696 2693/4580/2694
f 2816/4763/2818 2693/4580/2694 2694/4581/2695
f 2817/4764/2819 2696/4583/2697 2695/4582/2696
f 2818/4765/2820 2697/4587/2698 2696/4676/2697
f 2690/4577/2691 2632/4494/2633 2819/4766/2754
f 2753/4678/2755 2689/4586/2690 2811/4767/2813
f 2819/4677/2754 2633/4497/2634 2753/4678/2755
f 2707/4679/2708 2697/4587/2698 2708/4604/2709
f 2699/4589/2700 2772/4699/2774 2754/4680/2756
f 2820/4768/2821 2700/4590/2701 2754/4680/2756
f 2757/4683/2759 2755/4681/2757 2637/4501/2638
f 2755/4681/2757 2756/4682/2758 2636/4500/2637
f 2756/4682/2758 2759/4685/2761 2639/4503/2640
f 2758/4684/2760 2757/4683/2759 2638/4502/2639
f 2821/4769/2822 2758/4684/2760 2700/4590/2701
f 2701/4591/2702 2759/4685/2761 2822/4770/2823
f 2642/4506/2643 2761/4687/2763 2760/4686/2762
f 2761/4687/2763 2643/4592/2644 2762/4771/2764
f 2701/4591/2702 2823/4772/2824 2762/4688/2764
f 2644/4508/2645 2760/4686/2762 2763/4689/2765
f 2764/4690/2766 2645/4509/2646 2763/4689/2765
f 2646/4510/2647 2764/4690/2766 2765/4691/2767
f 2824/4773/2825 2702/4593/2703 2703/4594/2704
f 2647/4511/2648 2702/4593/2703 2766/4692/2768
f 2703/4594/2704 2765/4691/2767 2825/4774/2826
f 2704/4595/2705 2766/4692/2768 2826/4775/2827
f 2706/4597/2707 2704/4595/2705 2827/4776/2828
f 2767/4693/2769 2705/4596/2706 2828/4777/2829
f 2649/4513/2650 2767/4693/2769 2768/4694/2770
f 2651/4515/2652 2768/4694/2770 2770/4696/2772
f 2769/4695/2771 2706/4597/2707 2829/4778/2830
f 2705/4596/2706 2769/4695/2771 2830/4779/2831
f 2652/4516/2653 2770/4696/2772 2771/4697/2773
f 2771/4698/2773 2772/4699/2774 2654/4519/2655
f 2713/4610/2714 2656/4522/2657 2773/4701/2775
f 2773/4780/2775 2708/4604/2709 2818/4765/2820
f 2709/4605/2710 2831/4781/2832 2774/4702/2776
f 2774/4702/2776 2832/4782/2833 2710/4606/2711
f 2711/4783/2712 2710/4606/2711 2833/4784/2834
f 2834/4785/2835 2712/4786/2713 2711/4783/2712
f 2658/4527/2659 2775/4704/2777 2738/4660/2739
f 2725/4637/2726 2775/4704/2777 2671/4552/2672
f 2713/4610/2714 2773/4701/2775 2776/4705/2778
f 2659/4531/2660 2776/4705/2778 2777/4706/2779
f 2660/4708/2661 2777/4787/2779 2778/4709/2780
f 2779/4711/2781 2661/4707/2662 2778/4709/2780
f 2714/4710/2715 2779/4711/2781 2835/4788/2836
f 2780/4789/2782 2714/4790/2715 2835/4791/2836
f 2662/4534/2663 2780/4712/2782 2781/4713/2783
f 2782/4714/2784 2663/4535/2664 2781/4792/2783
f 2715/4793/2716 2782/4794/2784 2784/4718/2786
f 2666/4623/2667 2715/4793/2716 2784/4718/2786
f 2716/4618/2717 2717/4715/2718 2836/4795/2837
f 2783/4796/2785 2716/4797/2717 2837/4798/2838
f 2838/4799/2839 2717/4717/2718 2718/4624/2719
f 2718/4624/2719 2784/4718/2786 2839/4800/2840
f 2840/4801/2841 2785/4802/2787 2719/4803/2720
f 2840/4804/2841 2719/4805/2720 2786/4806/2788
f 2786/4720/2788 2668/4545/2669 2787/4721/2789
f 2783/4716/2785 2841/4807/2842 2720/4628/2721
f 2841/4808/2842 2787/4809/2789 2720/4810/2721
f 2785/4722/2787 2842/4811/2843 2721/4630/2722
f 2721/4630/2722 2843/4812/2844 2722/4723/2723
f 2844/4813/2845 2788/4724/2790 2722/4631/2723
f 2788/4724/2790 2789/4725/2791 2723/4632/2724
f 2845/4814/2846 2602/4815/2603 2789/4816/2791
f 2602/4815/2603 2846/4817/2847 2790/4818/2792
f 2790/4726/2792 2847/4819/2848 2724/4635/2725
f 2791/4727/2793 2724/4635/2725 2848/4820/2849
f 2670/4636/2671 2791/4727/2793 2792/4821/2794
f 2792/4728/2794 2849/4822/2850 2725/4637/2726
f 2850/4823/2851 2726/4638/2727 2727/4639/2728
f 2851/4824/2852 2727/4639/2728 2728/4729/2729
f 2852/4825/2853 2728/4640/2729 2729/4641/2730
f 2853/4826/2854 2729/4641/2730 2730/4642/2731
f 2853/4826/2854 2730/4642/2731 2793/4730/2795
f 2854/4827/2855 2732/4731/2733 2731/4643/2732
f 2850/4828/2851 2731/4643/2732 2726/4644/2727
f 2855/4829/2856 2733/4646/2734 2732/4645/2733
f 2855/4829/2856 2793/4732/2795 2733/4646/2734
f 2743/4665/2744 2856/4830/2857 2734/4647/2735
f 2856/4830/2857 2794/4733/2796 2734/4647/2735
f 2794/4733/2796 2795/4734/2797 2673/4650/2674
f 2674/4651/2675 2795/4734/2797 2796/4735/2798
f 2796/4735/2798 2797/4831/2799 2675/4652/2676
f 2797/4736/2799 2798/4832/2800 2676/4563/2677
f 2798/4832/2800 2799/4738/2801 2677/4564/2678
f 2799/4738/2801 2800/4739/2802 2678/4565/2679
f 2800/4739/2802 2857/4833/2858 2735/4657/2736
f 2735/4657/2736 2857/4833/2858 2801/4740/2803
f 2679/4566/2680 2801/4740/2803 2802/4741/2804
f 2680/4567/2681 2802/4741/2804 2803/4742/2805
f 2803/4742/2805 2805/4744/2807 2682/4569/2683
f 2858/4834/2859 2736/4658/2737 2738/4660/2739
f 2859/4835/2860 2737/4659/2738 2736/4658/2737
f 2860/4836/2861 2804/4743/2806 2737/4659/2738
f 2804/4743/2806 2861/4837/2862 2739/4661/2740
f 2739/4661/2740 2862/4838/2863 2740/4662/2741
f 2863/4839/2864 2741/4663/2742 2740/4662/2741
f 2741/4663/2742 2864/4840/2865 2742/4664/2743
f 2742/4664/2743 2865/4841/2866 2743/4665/2744
f 2805/4744/2807 2866/4842/2867 2744/4666/2745
f 2744/4666/2745 2831/4781/2832 2709/4605/2710
f 2834/4843/2835 2806/4844/2808 2712/4845/2713
f 2867/4846/2868 2685/4748/2686 2806/4750/2808
f 2808/4847/2810 2686/4752/2687 2807/4751/2809
f 2685/4748/2686 2867/4846/2868 2807/4751/2809
f 2687/4755/2688 2808/4847/2810 2809/4756/2811
f 2688/4848/2689 2809/4849/2811 2810/4850/2812
f 2745/4668/2746 2748/4671/2749 2868/4851/2869
f 2746/4669/2747 2745/4668/2746 2869/4852/2870
f 2747/4670/2748 2746/4669/2747 2870/4853/2871
f 2749/4672/2750 2747/4670/2748 2871/4854/2872
f 2748/4671/2749 2810/4757/2812 2872/4855/2873
f 2750/4673/2751 2749/4672/2750 2873/4856/2874
f 2751/4674/2752 2750/4673/2751 2874/4857/2875
f 2752/4675/2753 2751/4674/2752 2875/4858/2876
f 2811/4758/2813 2752/4675/2753 2876/4859/2877
f 2812/4759/2814 2690/4577/2691 2819/4766/2754
f 2691/4578/2692 2812/4759/2814 2813/4760/2815
f 2692/4579/2693 2813/4760/2815 2814/4761/2816
f 2816/4763/2818 2694/4581/2695 2814/4761/2816
f 2817/4764/2819 2695/4582/2696 2815/4762/2817
f 2816/4763/2818 2815/4762/2817 2693/4580/2694
f 2818/4860/2820 2696/4861/2697 2817/4862/2819
f 2818/4765/2820 2708/4604/2709 2697/4587/2698
f 2753/4678/2755 2811/4767/2813 2877/4863/2878
f 2878/4864/2879 2819/4677/2754 2753/4678/2755
f 2820/4768/2821 2754/4680/2756 2772/4699/2774
f 2820/4768/2821 2821/4769/2822 2700/4590/2701
f 2757/4683/2759 2879/4865/2880 2755/4681/2757
f 2755/4681/2757 2880/4866/2881 2756/4682/2758
f 2756/4682/2758 2881/4867/2882 2759/4685/2761
f 2758/4684/2760 2882/4868/2883 2757/4683/2759
f 2821/4769/2822 2883/4869/2884 2758/4684/2760
f 2881/4867/2882 2822/4770/2823 2759/4685/2761
f 2701/4591/2702 2822/4770/2823 2823/4772/2824
f 2760/4686/2762 2761/4687/2763 2884/4870/2885
f 2761/4687/2763 2762/4771/2764 2885/4871/2886
f 2762/4688/2764 2823/4772/2824 2886/4872/2887
f 2763/4689/2765 2760/4686/2762 2884/4870/2885
f 2764/4690/2766 2763/4689/2765 2887/4873/2888
f 2765/4691/2767 2764/4690/2766 2888/4874/2889
f 2824/4773/2825 2766/4692/2768 2702/4593/2703
f 2824/4773/2825 2703/4594/2704 2825/4774/2826
f 2825/4774/2826 2765/4691/2767 2889/4875/2890
f 2766/4692/2768 2890/4876/2891 2826/4775/2827
f 2704/4595/2705 2826/4775/2827 2827/4776/2828
f 2829/4778/2830 2706/4597/2707 2827/4776/2828
f 2705/4596/2706 2830/4779/2831 2828/4777/2829
f 2767/4693/2769 2828/4777/2829 2768/4694/2770
f 2770/4696/2772 2768/4694/2770 2891/4877/2892
f 2769/4695/2771 2829/4778/2830 2892/4878/2893
f 2769/4695/2771 2892/4878/2893 2830/4779/2831
f 2770/4696/2772 2893/4879/2894 2771/4697/2773
f 2771/4698/2773 2893/4880/2894 2772/4699/2774
f 2894/4881/2895 2773/4780/2775 2818/4765/2820
f 2831/4781/2832 2895/4882/2896 2774/4702/2776
f 2774/4702/2776 2895/4882/2896 2832/4782/2833
f 2710/4606/2711 2832/4782/2833 2833/4784/2834
f 2834/4785/2835 2711/4783/2712 2833/4784/2834
f 2858/4834/2859 2738/4660/2739 2775/4704/2777
f 2725/4637/2726 2849/4822/2850 2775/4704/2777
f 2776/4705/2778 2773/4701/2775 2894/4883/2895
f 2776/4884/2778 2896/4885/2897 2777/4886/2779
f 2778/4887/2780 2777/4888/2779 2897/4889/2898
f 2779/4711/2781 2778/4709/2780 2898/4890/2899
f 2899/4891/2900 2835/4788/2836 2779/4711/2781
f 2780/4892/2782 2835/4893/2836 2900/4894/2901
f 2781/4713/2783 2780/4712/2782 2901/4895/2902
f 2782/4714/2784 2781/4792/2783 2902/4896/2903
f 2903/4897/2904 2784/4718/2786 2782/4794/2784
f 2836/4898/2837 2717/4717/2718 2838/4799/2839
f 2837/4899/2838 2716/4618/2717 2836/4795/2837
f 2904/4900/2905 2783/4796/2785 2837/4798/2838
f 2838/4799/2839 2718/4624/2719 2839/4800/2840
f 2839/4800/2840 2784/4718/2786 2903/4897/2904
f 2840/4901/2841 2905/4902/2906 2785/4903/2787
f 2906/4904/2907 2840/4804/2841 2786/4806/2788
f 2841/4808/2842 2786/4905/2788 2787/4809/2789
f 2904/4906/2905 2841/4808/2842 2783/4907/2785
f 2905/4902/2906 2842/4908/2843 2785/4903/2787
f 2842/4908/2843 2843/4909/2844 2721/4910/2722
f 2843/4909/2844 2844/4813/2845 2722/4631/2723
f 2844/4813/2845 2907/4911/2908 2788/4724/2790
f 2788/4724/2790 2908/4912/2909 2789/4725/2791
f 2845/4814/2846 2846/4817/2847 2602/4815/2603
f 2845/4913/2846 2789/4725/2791 2908/4912/2909
f 2909/4914/2910 2790/4818/2792 2846/4817/2847
f 2790/4726/2792 2910/4915/2911 2847/4819/2848
f 2847/4916/2848 2848/4917/2849 2724/4918/2725
f 2791/4919/2793 2848/4917/2849 2911/4920/2912
f 2792/4821/2794 2791/4727/2793 2912/4921/2913
f 2913/4922/2914 2849/4923/2850 2792/4924/2794
f 2851/4824/2852 2850/4823/2851 2727/4639/2728
f 2851/4824/2852 2728/4729/2729 2852/4925/2853
f 2852/4825/2853 2729/4641/2730 2914/4926/2915
f 2914/4927/2915 2729/4928/2730 2853/4929/2854
f 2915/4930/2916 2853/4826/2854 2793/4730/2795
f 2854/4827/2855 2855/4931/2856 2732/4731/2733
f 2854/4827/2855 2731/4643/2732 2850/4828/2851
f 2915/4932/2916 2793/4732/2795 2855/4829/2856
f 2865/4841/2866 2856/4830/2857 2743/4665/2744
f 2856/4830/2857 2916/4933/2917 2794/4733/2796
f 2794/4733/2796 2917/4934/2918 2795/4734/2797
f 2918/4935/2919 2796/4735/2798 2795/4734/2797
f 2796/4735/2798 2919/4936/2920 2797/4831/2799
f 2797/4736/2799 2920/4937/2921 2798/4832/2800
f 2798/4832/2800 2921/4938/2922 2799/4738/2801
f 2799/4738/2801 2922/4939/2923 2800/4739/2802
f 2800/4739/2802 2923/4940/2924 2857/4833/2858
f 2857/4833/2858 2924/4941/2925 2801/4740/2803
f 2801/4740/2803 2925/4942/2926 2802/4741/2804
f 2802/4741/2804 2925/4942/2926 2803/4742/2805
f 2803/4742/2805 2926/4943/2927 2805/4744/2807
f 2858/4834/2859 2859/4835/2860 2736/4658/2737
f 2859/4835/2860 2860/4836/2861 2737/4659/2738
f 2860/4836/2861 2927/4944/2928 2804/4743/2806
f 2927/4944/2928 2861/4837/2862 2804/4743/2806
f 2861/4837/2862 2862/4838/2863 2739/4661/2740
f 2862/4838/2863 2863/4839/2864 2740/4662/2741
f 2863/4839/2864 2864/4840/2865 2741/4663/2742
f 2742/4664/2743 2864/4840/2865 2865/4841/2866
f 2926/4943/2927 2866/4842/2867 2805/4744/2807
f 2744/4666/2745 2866/4842/2867 2831/4781/2832
f 2834/4785/2835 2928/4945/2929 2806/4946/2808
f 2867/4846/2868 2806/4750/2808 2929/4947/2930
f 2808/4847/2810 2807/4751/2809 2930/4948/2931
f 2867/4846/2868 2930/4948/2931 2807/4751/2809
f 2809/4756/2811 2808/4847/2810 2930/4948/2931
f 2810/4949/2812 2809/4756/2811 2931/4950/2932
f 2868/4851/2869 2748/4671/2749 2872/4855/2873
f 2869/4852/2870 2745/4668/2746 2868/4851/2869
f 2870/4853/2871 2746/4669/2747 2869/4852/2870
f 2871/4854/2872 2747/4670/2748 2870/4853/2871
f 2873/4856/2874 2749/4672/2750 2871/4854/2872
f 2810/4949/2812 2932/4951/2933 2872/4952/2873
f 2874/4857/2875 2750/4673/2751 2873/4856/2874
f 2875/4858/2876 2751/4674/2752 2874/4857/2875
f 2752/4675/2753 2875/4858/2876 2876/4859/2877
f 2933/4953/2934 2811/4758/2813 2876/4859/2877
f 2878/4954/2879 2812/4759/2814 2819/4766/2754
f 2934/4955/2935 2813/4956/2815 2812/4957/2814
f 2935/4958/2936 2814/4761/2816 2813/4760/2815
f 2936/4959/2937 2816/4763/2818 2814/4761/2816
f 2817/4764/2819 2815/4762/2817 2937/4960/2938
f 2938/4961/2939 2815/4762/2817 2816/4763/2818
f 2894/4881/2895 2818/4765/2820 2817/4962/2819
f 2877/4863/2878 2811/4767/2813 2933/4963/2934
f 2878/4864/2879 2753/4678/2755 2877/4863/2878
f 2893/4880/2894 2820/4768/2821 2772/4699/2774
f 2820/4768/2821 2939/4964/2940 2821/4769/2822
f 2882/4868/2883 2879/4865/2880 2757/4683/2759
f 2879/4865/2880 2880/4866/2881 2755/4681/2757
f 2880/4866/2881 2881/4867/2882 2756/4682/2758
f 2883/4869/2884 2882/4868/2883 2758/4684/2760
f 2821/4769/2822 2940/4965/2941 2883/4869/2884
f 2881/4867/2882 2941/4966/2942 2822/4770/2823
f 2823/4772/2824 2822/4770/2823 2942/4967/2943
f 2884/4870/2885 2761/4687/2763 2885/4871/2886
f 2762/4771/2764 2886/4968/2887 2885/4871/2886
f 2823/4772/2824 2943/4969/2944 2886/4872/2887
f 2763/4689/2765 2884/4870/2885 2887/4873/2888
f 2764/4690/2766 2887/4873/2888 2888/4874/2889
f 2765/4691/2767 2888/4874/2889 2889/4875/2890
f 2824/4773/2825 2890/4876/2891 2766/4692/2768
f 2824/4773/2825 2825/4774/2826 2944/4970/2945
f 2825/4774/2826 2889/4875/2890 2945/4971/2946
f 2826/4775/2827 2890/4876/2891 2946/4972/2947
f 2947/4973/2948 2827/4776/2828 2826/4775/2827
f 2829/4778/2830 2827/4776/2828 2948/4974/2949
f 2828/4777/2829 2830/4779/2831 2940/4975/2941
f 2828/4777/2829 2891/4877/2892 2768/4694/2770
f 2770/4696/2772 2891/4877/2892 2893/4879/2894
f 2892/4878/2893 2829/4778/2830 2949/4976/2950
f 2830/4779/2831 2892/4878/2893 2950/4977/2951
f 2831/4781/2832 2951/4978/2952 2895/4882/2896
f 2895/4882/2896 2952/4979/2953 2832/4782/2833
f 2833/4784/2834 2832/4782/2833 2953/4980/2954
f 2834/4785/2835 2833/4784/2834 2954/4981/2955
f 2858/4834/2859 2775/4704/2777 2955/4982/2956
f 2955/4982/2956 2775/4704/2777 2849/4822/2850
f 2776/4705/2778 2894/4883/2895 2896/4983/2897
f 2777/4984/2779 2896/4985/2897 2956/4986/2957
f 2897/4889/2898 2777/4888/2779 2956/4987/2957
f 2898/4988/2899 2778/4887/2780 2897/4889/2898
f 2779/4711/2781 2898/4890/2899 2957/4989/2958
f 2899/4990/2900 2958/4991/2959 2835/4893/2836
f 2899/4891/2900 2779/4711/2781 2957/4989/2958
f 2835/4893/2836 2958/4991/2959 2900/4894/2901
f 2780/4892/2782 2900/4894/2901 2959/4992/2960
f 2901/4993/2902 2780/4994/2782 2959/4995/2960
f 2902/4896/2903 2781/4792/2783 2901/4996/2902
f 2903/4897/2904 2782/4794/2784 2902/4997/2903
f 2960/4998/2961 2836/4898/2837 2838/4799/2839
f 2837/4798/2838 2836/4898/2837 2961/4999/2962
f 2904/4900/2905 2837/4798/2838 2961/4999/2962
f 2838/4799/2839 2839/4800/2840 2962/5000/2963
f 2839/4800/2840 2903/4897/2904 2963/5001/2964
f 2964/5002/2965 2905/5003/2906 2840/5004/2841
f 2904/4900/2905 2840/5005/2841 2906/5006/2907
f 2841/4808/2842 2906/5007/2907 2786/4905/2788
f 2904/4906/2905 2906/5007/2907 2841/4808/2842
f 2905/4902/2906 2965/5008/2966 2842/4908/2843
f 2842/4908/2843 2966/5009/2967 2843/4909/2844
f 2967/5010/2968 2844/4813/2845 2843/4909/2844
f 2844/4813/2845 2968/5011/2969 2907/4911/2908
f 2788/4724/2790 2907/4911/2908 2908/4912/2909
f 2845/4814/2846 2969/5012/2970 2846/4817/2847
f 2970/5013/2971 2845/5014/2846 2908/5015/2909
f 2909/4914/2910 2910/5016/2911 2790/4818/2792
f 2971/5017/2972 2909/4914/2910 2846/4817/2847
f 2847/4819/2848 2910/4915/2911 2972/5018/2973
f 2847/4916/2848 2972/5019/2973 2848/4917/2849
f 2911/4920/2912 2848/4917/2849 2973/5020/2974
f 2912/4921/2913 2791/4727/2793 2911/5021/2912
f 2974/5022/2975 2792/4924/2794 2912/5023/2913
f 2913/5024/2914 2955/4982/2956 2849/4822/2850
f 2913/4922/2914 2792/4924/2794 2974/5022/2975
f 2975/5025/2976 2850/4823/2851 2851/4824/2852
f 2851/4824/2852 2852/4925/2853 2976/5026/2977
f 2852/4825/2853 2914/4926/2915 2977/5027/2978
f 2978/5028/2979 2914/4927/2915 2853/4929/2854
f 2915/4930/2916 2979/5029/2980 2853/4826/2854
f 2854/4827/2855 2980/5030/2981 2855/4931/2856
f 2975/5031/2976 2854/4827/2855 2850/4828/2851
f 2980/5030/2981 2915/5032/2916 2855/4931/2856
f 2865/4841/2866 2981/5033/2982 2856/4830/2857
f 2981/5033/2982 2916/4933/2917 2856/4830/2857
f 2916/4933/2917 2917/4934/2918 2794/4733/2796
f 2917/4934/2918 2918/4935/2919 2795/4734/2797
f 2918/4935/2919 2919/4936/2920 2796/4735/2798
f 2919/4936/2920 2920/5034/2921 2797/4831/2799
f 2798/4832/2800 2920/4937/2921 2921/4938/2922
f 2921/4938/2922 2922/4939/2923 2799/4738/2801
f 2922/4939/2923 2982/5035/2983 2800/4739/2802
f 2800/5036/2802 2982/5037/2983 2923/5038/2924
f 2857/4833/2858 2923/4940/2924 2983/5039/2984
f 2857/4833/2858 2983/5039/2984 2924/4941/2925
f 2924/4941/2925 2925/4942/2926 2801/4740/2803
f 2803/4742/2805 2925/4942/2926 2926/4943/2927
f 2858/4834/2859 2984/5040/2985 2859/4835/2860
f 2985/5041/2986 2860/4836/2861 2859/4835/2860
f 2986/5042/2987 2927/4944/2928 2860/4836/2861
f 2927/4944/2928 2987/5043/2988 2861/4837/2862
f 2861/4837/2862 2988/5044/2989 2862/4838/2863
f 2862/4838/2863 2989/5045/2990 2863/4839/2864
f 2863/4839/2864 2990/5046/2991 2864/4840/2865
f 2864/4840/2865 2991/5047/2992 2865/4841/2866
f 2926/4943/2927 2992/5048/2993 2866/4842/2867
f 2866/4842/2867 2951/4978/2952 2831/4781/2832
f 2834/4785/2835 2954/4981/2955 2928/4945/2929
f 2806/4946/2808 2928/4945/2929 2993/5049/2994
f 2929/4947/2930 2806/4750/2808 2993/5050/2994
f 2994/5051/2995 2867/4846/2868 2929/4947/2930
f 2994/5051/2995 2930/4948/2931 2867/4846/2868
f 2809/4756/2811 2930/4948/2931 2931/4950/2932
f 2810/4949/2812 2931/4950/2932 2932/4951/2933
f 2868/4851/2869 2872/4855/2873 2995/5052/2996
f 2869/4852/2870 2868/4851/2869 2996/5053/2997
f 2870/4853/2871 2869/4852/2870 2997/5054/2998
f 2871/4854/2872 2870/4853/2871 2998/5055/2999
f 2873/4856/2874 2871/4854/2872 2999/5056/3000
f 3000/5057/3001 2872/5058/2873 2932/5059/2933
f 3001/5060/3002 2874/4857/2875 2873/4856/2874
f 2875/4858/2876 2874/4857/2875 3002/5061/3003
f 2875/4858/2876 3002/5061/3003 2876/4859/2877
f 2933/4953/2934 2876/4859/2877 3003/5062/3004
f 2934/5063/2935 2812/4759/2814 2878/4954/2879
f 2935/5064/2936 2813/4956/2815 2934/4955/2935
f 2935/4958/2936 2936/4959/2937 2814/4761/2816
f 2938/4961/2939 2816/4763/2818 2936/4959/2937
f 2938/4961/2939 2937/4960/2938 2815/4762/2817
f 2894/4881/2895 2817/4962/2819 2937/5065/2938
f 3004/5066/3005 2877/4863/2878 2933/4963/2934
f 2934/5067/2935 2878/5068/2879 2877/5069/2878
f 2893/4880/2894 2939/4964/2940 2820/4768/2821
f 2939/4964/2940 2940/4965/2941 2821/4769/2822
f 2882/4868/2883 3005/5070/3006 2879/4865/2880
f 2879/4865/2880 3006/5071/3007 2880/4866/2881
f 2880/4866/2881 3006/5071/3007 2881/4867/2882
f 2883/4869/2884 3007/5072/3008 2882/4868/2883
f 2940/4965/2941 2950/5073/2951 2883/4869/2884
f 2881/4867/2882 3006/5071/3007 2941/4966/2942
f 2941/4966/2942 2942/4967/2943 2822/4770/2823
f 2823/4772/2824 2942/4967/2943 2943/4969/2944
f 2884/4870/2885 2885/4871/2886 2887/4873/2888
f 2885/4871/2886 2886/4968/2887 3008/5074/3009
f 2943/4969/2944 3009/5075/3010 2886/4872/2887
f 2888/4874/2889 2887/4873/2888 3010/5076/3011
f 2889/4875/2890 2888/4874/2889 3011/5077/3012
f 2824/4773/2825 2944/4970/2945 2890/4876/2891
f 2944/4970/2945 2825/4774/2826 2945/4971/2946
f 2889/4875/2890 3012/5078/3013 2945/4971/2946
f 2944/4970/2945 2946/4972/2947 2890/4876/2891
f 2947/4973/2948 2826/4775/2827 2946/4972/2947
f 2947/4973/2948 2948/4974/2949 2827/4776/2828
f 2829/4778/2830 2948/4974/2949 2949/4976/2950
f 2830/4779/2831 2950/4977/2951 2940/4975/2941
f 2828/4777/2829 2940/4975/2941 2939/5079/2940
f 2828/4777/2829 2939/5079/2940 2891/4877/2892
f 2891/4877/2892 2939/5079/2940 2893/4879/2894
f 2892/4878/2893 2949/4976/2950 3013/5080/3014
f 2892/4878/2893 3013/5080/3014 2950/4977/2951
f 2895/4882/2896 2951/4978/2952 3014/5081/3015
f 2895/4882/2896 3014/5081/3015 2952/4979/2953
f 2832/4782/2833 2952/4979/2953 2953/4980/2954
f 2833/4784/2834 2953/4980/2954 2954/4981/2955
f 2858/4834/2859 2955/4982/2956 2984/5040/2985
f 2896/5082/2897 2894/4881/2895 2937/5065/2938
f 2956/5083/2957 2896/5082/2897 3015/5084/3016
f 2897/4889/2898 2956/4987/2957 3016/5085/3017
f 2898/4988/2899 2897/4889/2898 3017/5086/3018
f 2957/5087/2958 2898/4988/2899 3018/5088/3019
f 2899/4990/2900 2957/5089/2958 2958/4991/2959
f 2958/4991/2959 3019/5090/3020 2900/4894/2901
f 2959/5091/2960 2900/5092/2901 3020/5093/3021
f 2901/5094/2902 2959/5091/2960 2971/5017/2972
f 2902/4896/2903 2901/4996/2902 3021/5095/3022
f 2903/4897/2904 2902/4997/2903 3022/5096/3023
f 2960/4998/2961 2961/4999/2962 2836/4898/2837
f 2960/4998/2961 2838/4799/2839 2962/5000/2963
f 2904/4900/2905 2961/4999/2962 2840/5005/2841
f 2962/5000/2963 2839/4800/2840 2963/5001/2964
f 2963/5001/2964 2903/4897/2904 3022/5096/3023
f 3023/5097/3024 2905/5098/2906 2964/5099/2965
f 2964/5002/2965 2840/5004/2841 3024/5100/3025
f 3023/5097/3024 2965/5101/2966 2905/5098/2906
f 2842/4908/2843 2965/5008/2966 2966/5009/2967
f 2966/5009/2967 2967/5010/2968 2843/4909/2844
f 2967/5010/2968 2968/5011/2969 2844/4813/2845
f 2907/5102/2908 2968/5103/2969 3025/5104/3026
f 2970/5013/2971 2969/5105/2970 2845/5014/2846
f 2971/5017/2972 2846/4817/2847 2969/5012/2970
f 2907/5106/2908 2970/5013/2971 2908/5015/2909
f 2909/4914/2910 3026/5107/3027 2910/5016/2911
f 2971/5017/2972 2959/5091/2960 2909/4914/2910
f 3026/5108/3027 2972/5018/2973 2910/4915/2911
f 2848/4917/2849 2972/5019/2973 2973/5020/2974
f 2911/5109/2912 2973/5110/2974 3027/5111/3028
f 2912/4921/2913 2911/5021/2912 3028/5112/3029
f 2974/5113/2975 2912/4921/2913 3029/5114/3030
f 2913/4922/2914 2974/5022/2975 3030/5115/3031
f 2975/5025/2976 2851/4824/2852 2976/5026/2977
f 2976/5026/2977 2852/4925/2853 2977/5116/2978
f 2977/5027/2978 2914/4926/2915 3031/5117/3032
f 2978/5028/2979 3031/5118/3032 2914/4927/2915
f 2979/5119/2980 2978/5028/2979 2853/4929/2854
f 3032/5120/3033 2979/5121/2980 2915/5122/2916
f 2975/5031/2976 2980/5030/2981 2854/4827/2855
f 3032/5123/3033 2915/5032/2916 2980/5030/2981
f 2865/4841/2866 2991/5047/2992 2981/5033/2982
f 2981/5033/2982 3033/5124/3034 2916/4933/2917
f 2916/4933/2917 3034/5125/3035 2917/4934/2918
f 2917/4934/2918 3035/5126/3036 2918/4935/2919
f 2918/4935/2919 3036/5127/3037 2919/4936/2920
f 3037/5128/3038 2920/5034/2921 2919/4936/2920
f 2920/4937/2921 3038/5129/3039 2921/4938/2922
f 2921/4938/2922 3039/5130/3040 2922/4939/2923
f 2922/4939/2923 3040/5131/3041 2982/5035/2983
f 3041/5132/3042 2923/5038/2924 2982/5037/2983
f 2923/4940/2924 3042/5133/3043 2983/5039/2984
f 2924/4941/2925 2983/5039/2984 3043/5134/3044
f 2924/4941/2925 3044/5135/3045 2925/4942/2926
f 2925/4942/2926 3045/5136/3046 2926/4943/2927
f 2984/5040/2985 2985/5041/2986 2859/4835/2860
f 2986/5042/2987 2860/4836/2861 2985/5041/2986
f 2986/5042/2987 3046/5137/3047 2927/4944/2928
f 2927/4944/2928 3046/5137/3047 2987/5043/2988
f 2861/4837/2862 2987/5043/2988 2988/5044/2989
f 2988/5044/2989 2989/5045/2990 2862/4838/2863
f 2863/4839/2864 2989/5045/2990 2990/5046/2991
f 2990/5046/2991 2991/5047/2992 2864/4840/2865
f 2926/4943/2927 3045/5136/3046 2992/5048/2993
f 2866/4842/2867 2992/5048/2993 2951/4978/2952
f 2928/4945/2929 2954/4981/2955 3047/5138/3048
f 2993/5050/2994 2928/5139/2929 3048/5140/3049
f 2929/4947/2930 2993/5050/2994 3049/5141/3050
f 2994/5051/2995 2929/4947/2930 3050/5142/3051
f 2931/4950/2932 2930/4948/2931 2994/5051/2995
f 2932/4951/2933 2931/4950/2932 3051/5143/3052
f 2995/5052/2996 2872/4855/2873 3052/5144/3053
f 2996/5053/2997 2868/4851/2869 2995/5052/2996
f 2997/5054/2998 2869/4852/2870 2996/5053/2997
f 2998/5055/2999 2870/4853/2871 2997/5054/2998
f 2999/5056/3000 2871/4854/2872 2998/5055/2999
f 3001/5060/3002 2873/4856/2874 2999/5056/3000
f 3052/5144/3053 2872/4855/2873 3000/5145/3001
f 3000/5057/3001 2932/5059/2933 3053/5146/3054
f 3002/5061/3003 2874/4857/2875 3001/5060/3002
f 3054/5147/3055 2876/4859/2877 3002/5061/3003
f 3003/5062/3004 2876/4859/2877 3054/5147/3055
f 2933/4953/2934 3003/5062/3004 3055/5148/3056
f 2935/5149/2936 2934/5067/2935 3056/5150/3057
f 2935/4958/2936 3057/5151/3058 2936/4959/2937
f 3058/5152/3059 2938/4961/2939 2936/4959/2937
f 3015/5153/3016 2937/4960/2938 2938/4961/2939
f 3004/5154/3005 3056/5155/3057 2877/5156/2878
f 3004/5066/3005 2933/4963/2934 3055/5157/3056
f 3056/5150/3057 2934/5067/2935 2877/5069/2878
f 3007/5072/3008 3005/5070/3006 2882/4868/2883
f 2879/4865/2880 3005/5070/3006 3006/5071/3007
f 2883/4869/2884 2950/5073/2951 3007/5072/3008
f 2941/4966/2942 3006/5071/3007 3059/5158/3060
f 2941/4966/2942 3060/5159/3061 2942/4967/2943
f 2942/4967/2943 3061/5160/3062 2943/4969/2944
f 2885/4871/2886 3008/5074/3009 2887/4873/2888
f 3008/5074/3009 2886/4968/2887 3009/5161/3010
f 2943/4969/2944 3062/5162/3063 3009/5075/3010
f 3010/5076/3011 2887/4873/2888 3008/5074/3009
f 2888/4874/2889 3010/5076/3011 3011/5077/3012
f 2889/4875/2890 3011/5077/3012 3012/5078/3013
f 2944/4970/2945 2945/4971/2946 3063/5163/3064
f 3064/5164/3065 2945/4971/2946 3012/5078/3013
f 2944/4970/2945 3065/5165/3066 2946/4972/2947
f 2947/4973/2948 2946/4972/2947 3066/5166/3067
f 2947/4973/2948 3067/5167/3068 2948/4974/2949
f 2948/4974/2949 3068/5168/3069 2949/4976/2950
f 3013/5080/3014 2949/4976/2950 3069/5169/3070
f 2950/5073/2951 3013/5170/3014 3007/5072/3008
f 2951/4978/2952 3070/5171/3071 3014/5081/3015
f 3014/5081/3015 3071/5172/3072 2952/4979/2953
f 2953/4980/2954 2952/4979/2953 3072/5173/3073
f 2953/4980/2954 3073/5174/3074 2954/4981/2955
f 2913/5175/2914 2984/5040/2985 2955/4982/2956
f 2896/5082/2897 2937/5065/2938 3015/5084/3016
f 2956/5176/2957 3015/5153/3016 3074/5177/3075
f 2956/4987/2957 3074/5178/3075 3016/5085/3017
f 3017/5086/3018 2897/4889/2898 3016/5085/3017
f 3018/5088/3019 2898/4988/2899 3017/5086/3018
f 2958/4991/2959 2957/5089/2958 3018/5179/3019
f 2958/4991/2959 3018/5179/3019 3019/5090/3020
f 2900/4894/2901 3019/5090/3020 3075/5180/3076
f 3020/5181/3021 2900/4894/2901 3075/5180/3076
f 2959/5091/2960 3020/5093/3021 3026/5107/3027
f 2901/4996/2902 2971/5182/2972 3021/5095/3022
f 3022/5096/3023 2902/4997/2903 3021/5183/3022
f 3076/5184/3077 2961/5185/2962 2960/5186/2961
f 2960/4998/2961 2962/5000/2963 3077/5187/3078
f 2840/5188/2841 2961/5185/2962 3024/5189/3025
f 2962/5000/2963 2963/5001/2964 3078/5190/3079
f 2963/5191/2964 3022/5192/3023 3079/5193/3080
f 3080/5194/3081 3023/5097/3024 2964/5099/2965
f 2964/5002/2965 3024/5100/3025 3081/5195/3082
f 3023/5097/3024 3082/5196/3083 2965/5101/2966
f 3083/5197/3084 2966/5009/2967 2965/5008/2966
f 2966/5009/2967 3084/5198/3085 2967/5010/2968
f 2967/5010/2968 3085/5199/3086 2968/5011/2969
f 2968/5011/2969 3086/5200/3087 3025/5201/3026
f 3087/5202/3088 2969/5105/2970 2970/5013/2971
f 3021/5203/3022 2971/5017/2972 2969/5012/2970
f 3088/5204/3089 2970/5013/2971 2907/5106/2908
f 2959/5091/2960 3026/5107/3027 2909/4914/2910
f 3026/5108/3027 3089/5205/3090 2972/5018/2973
f 2972/5019/2973 3090/5206/3091 2973/5020/2974
f 3027/5111/3028 2973/5110/2974 3091/5207/3092
f 3028/5208/3029 2911/5109/2912 3027/5111/3028
f 3029/5114/3030 2912/4921/2913 3028/5112/3029
f 2974/5022/2975 3029/5209/3030 3030/5115/3031
f 3092/5210/3093 2975/5025/2976 2976/5026/2977
f 3093/5211/3094 2976/5026/2977 2977/5116/2978
f 3094/5212/3095 2977/5213/2978 3031/5214/3032
f 3095/5215/3096 3031/5118/3032 2978/5028/2979
f 3095/5215/3096 2978/5028/2979 2979/5119/2980
f 3096/5216/3097 2979/5119/2980 3032/5217/3033
f 3092/5218/3093 2980/5030/2981 2975/5031/2976
f 3092/5218/3093 3032/5123/3033 2980/5030/2981
f 2991/5047/2992 3097/5219/3098 2981/5033/2982
f 2981/5033/2982 3097/5219/3098 3033/5124/3034
f 2916/4933/2917 3033/5124/3034 3034/5125/3035
f 2917/4934/2918 3034/5125/3035 3035/5126/3036
f 3035/5126/3036 3036/5127/3037 2918/4935/2919
f 3036/5127/3037 3037/5128/3038 2919/4936/2920
f 3037/5128/3038 3038/5220/3039 2920/5034/2921
f 3038/5129/3039 3039/5130/3040 2921/4938/2922
f 3039/5130/3040 3040/5131/3041 2922/4939/2923
f 3040/5131/3041 3041/5221/3042 2982/5035/2983
f 3041/5132/3042 3042/5222/3043 2923/5038/2924
f 2983/5039/2984 3042/5133/3043 3098/5223/3099
f 2983/5039/2984 3098/5223/3099 3043/5134/3044
f 2924/4941/2925 3043/5134/3044 3044/5135/3045
f 2925/4942/2926 3044/5135/3045 3045/5136/3046
f 3099/5224/3100 2985/5041/2986 2984/5040/2985
f 3100/5225/3101 2986/5042/2987 2985/5041/2986
f 2986/5042/2987 3101/5226/3102 3046/5137/3047
f 3102/5227/3103 2987/5043/2988 3046/5137/3047
f 2987/5043/2988 3103/5228/3104 2988/5044/2989
f 2988/5044/2989 3104/5229/3105 2989/5045/2990
f 2989/5045/2990 3105/5230/3106 2990/5046/2991
f 2990/5046/2991 3106/5231/3107 2991/5047/2992
f 2992/5048/2993 3045/5136/3046 3107/5232/3108
f 2992/5048/2993 3070/5171/3071 2951/4978/2952
f 3047/5138/3048 2954/4981/2955 3108/5233/3109
f 2928/4945/2929 3047/5138/3048 3048/5234/3049
f 2993/5050/2994 3048/5140/3049 3109/5235/3110
f 3049/5141/3050 2993/5050/2994 3109/5235/3110
f 3050/5142/3051 2929/4947/2930 3049/5141/3050
f 3051/5143/3052 2994/5051/2995 3050/5142/3051
f 2931/4950/2932 2994/5051/2995 3051/5143/3052
f 2932/5059/2933 3051/5236/3052 3053/5146/3054
f 3110/5237/3111 2995/5052/2996 3052/5144/3053
f 2996/5053/2997 2995/5052/2996 3111/5238/3112
f 2997/5054/2998 2996/5053/2997 3112/5239/3113
f 2998/5055/2999 2997/5054/2998 3113/5240/3114
f 2999/5056/3000 2998/5055/2999 3114/5241/3115
f 3001/5060/3002 2999/5056/3000 3115/5242/3116
f 3116/5243/3117 3052/5144/3053 3000/5145/3001
f 3000/5057/3001 3053/5146/3054 3117/5244/3118
f 3002/5061/3003 3001/5060/3002 3118/5245/3119
f 3054/5147/3055 3002/5061/3003 3118/5245/3119
f 3003/5062/3004 3054/5147/3055 3119/5246/3120
f 3055/5148/3056 3003/5062/3004 3120/5247/3121
f 2935/5248/2936 3056/5155/3057 3057/5249/3058
f 3058/5250/3059 2936/5251/2937 3057/5249/3058
f 3058/5152/3059 3015/5153/3016 2938/4961/2939
f 3121/5252/3122 3056/5155/3057 3004/5154/3005
f 3121/5253/3122 3004/5254/3005 3055/5255/3056
f 3007/5072/3008 3069/5256/3070 3005/5070/3006
f 3005/5070/3006 3122/5257/3123 3006/5071/3007
f 3122/5257/3123 3059/5158/3060 3006/5071/3007
f 2941/4966/2942 3059/5158/3060 3060/5159/3061
f 3060/5159/3061 3061/5160/3062 2942/4967/2943
f 2943/4969/2944 3061/5160/3062 3062/5162/3063
f 3010/5076/3011 3008/5074/3009 3009/5161/3010
f 3062/5162/3063 3123/5258/3124 3009/5075/3010
f 3011/5077/3012 3010/5076/3011 3124/5259/3125
f 3011/5077/3012 3125/5260/3126 3012/5078/3013
f 3063/5163/3064 2945/4971/2946 3064/5164/3065
f 2944/4970/2945 3063/5163/3064 3065/5165/3066
f 3064/5164/3065 3012/5078/3013 3126/5261/3127
f 2946/4972/2947 3065/5165/3066 3066/5166/3067
f 2947/4973/2948 3066/5166/3067 3067/5167/3068
f 2948/4974/2949 3067/5167/3068 3068/5168/3069
f 2949/4976/2950 3068/5168/3069 3069/5169/3070
f 3013/5170/3014 3069/5256/3070 3007/5072/3008
f 3070/5171/3071 3127/5262/3128 3014/5081/3015
f 3014/5081/3015 3128/5263/3129 3071/5172/3072
f 2952/4979/2953 3071/5172/3072 3072/5173/3073
f 2953/4980/2954 3072/5173/3073 3129/5264/3130
f 2953/4980/2954 3129/5264/3130 3073/5174/3074
f 2954/4981/2955 3073/5174/3074 3108/5233/3109
f 3099/5224/3100 2984/5040/2985 2913/5175/2914
f 3058/5152/3059 3074/5177/3075 3015/5153/3016
f 3016/5085/3017 3074/5178/3075 3130/5265/3131
f 3131/5266/3132 3017/5086/3018 3016/5085/3017
f 3018/5088/3019 3017/5086/3018 3019/5267/3020
f 3075/5180/3076 3019/5090/3020 3132/5268/3133
f 3020/5269/3021 3075/5270/3076 3089/5271/3090
f 3020/5272/3021 3089/5205/3090 3026/5108/3027
f 3022/5096/3023 3021/5183/3022 3087/5273/3088
f 3024/5189/3025 2961/5185/2962 3076/5184/3077
f 3076/5274/3077 2960/4998/2961 3077/5187/3078
f 3077/5187/3078 2962/5000/2963 3078/5190/3079
f 3078/5275/3079 2963/5191/2964 3079/5193/3080
f 3079/5193/3080 3022/5192/3023 3087/5202/3088
f 3133/5276/3134 3023/5097/3024 3080/5194/3081
f 3080/5194/3081 2964/5099/2965 3081/5277/3082
f 3081/5278/3082 3024/5279/3025 3134/5280/3135
f 3135/5281/3136 3082/5196/3083 3023/5097/3024
f 3082/5282/3083 3083/5197/3084 2965/5008/2966
f 3083/5197/3084 3084/5198/3085 2966/5009/2967
f 3084/5198/3085 3085/5199/3086 2967/5010/2968
f 3085/5199/3086 3086/5200/3087 2968/5011/2969
f 3086/5200/3087 3136/5283/3137 3025/5201/3026
f 3087/5284/3088 3021/5203/3022 2969/5012/2970
f 3088/5204/3089 3087/5202/3088 2970/5013/2971
f 3137/5285/3138 3088/5204/3089 2907/5106/2908
f 3089/5271/3090 3090/5286/3091 2972/5287/2973
f 2973/5110/2974 3090/5288/3091 3091/5207/3092
f 3027/5111/3028 3091/5207/3092 3138/5289/3139
f 3028/5208/3029 3027/5111/3028 3139/5290/3140
f 3029/5209/3030 3028/5291/3029 3140/5292/3141
f 3029/5209/3030 3141/5293/3142 3030/5115/3031
f 3092/5210/3093 2976/5026/2977 3093/5211/3094
f 3142/5294/3143 3093/5295/3094 2977/5213/2978
f 3142/5294/3143 2977/5213/2978 3094/5212/3095
f 3094/5212/3095 3031/5214/3032 3143/5296/3144
f 3144/5297/3145 3031/5118/3032 3095/5215/3096
f 3096/5216/3097 3095/5215/3096 2979/5119/2980
f 3145/5298/3146 3096/5299/3097 3032/5300/3033
f 3145/5301/3146 3032/5123/3033 3092/5218/3093
f 2991/5047/2992 3106/5231/3107 3097/5219/3098
f 3097/5219/3098 3146/5302/3147 3033/5124/3034
f 3033/5124/3034 3147/5303/3148 3034/5125/3035
f 3034/5125/3035 3148/5304/3149 3035/5126/3036
f 3035/5126/3036 3149/5305/3150 3036/5127/3037
f 3036/5127/3037 3150/5306/3151 3037/5128/3038
f 3037/5128/3038 3151/5307/3152 3038/5220/3039
f 3038/5129/3039 3152/5308/3153 3039/5130/3040
f 3039/5130/3040 3153/5309/3154 3040/5131/3041
f 3040/5131/3041 3154/5310/3155 3041/5221/3042
f 3041/5132/3042 3155/5311/3156 3042/5222/3043
f 3042/5133/3043 3156/5312/3157 3098/5223/3099
f 3098/5223/3099 3157/5313/3158 3043/5134/3044
f 3044/5135/3045 3043/5134/3044 3158/5314/3159
f 3044/5135/3045 3159/5315/3160 3045/5136/3046
f 3099/5224/3100 3100/5225/3101 2985/5041/2986
f 3100/5225/3101 3101/5226/3102 2986/5042/2987
f 3101/5226/3102 3160/5316/3161 3046/5137/3047
f 3102/5227/3103 3103/5228/3104 2987/5043/2988
f 3161/5317/3162 3102/5227/3103 3046/5137/3047
f 3103/5228/3104 3104/5229/3105 2988/5044/2989
f 2989/5045/2990 3104/5229/3105 3105/5230/3106
f 2990/5046/2991 3105/5230/3106 3106/5231/3107
f 3159/5315/3160 3107/5232/3108 3045/5136/3046
f 2992/5048/2993 3107/5232/3108 3070/5171/3071
f 3047/5138/3048 3108/5233/3109 3162/5318/3163
f 3047/5319/3048 3162/5320/3163 3048/5140/3049
f 3048/5140/3049 3163/5321/3164 3109/5235/3110
f 3049/5322/3050 3109/5323/3110 3164/5324/3165
f 3050/5325/3051 3049/5322/3050 3165/5326/3166
f 3051/5236/3052 3050/5325/3051 3166/5327/3167
f 3053/5146/3054 3051/5236/3052 3166/5327/3167
f 3110/5237/3111 3111/5238/3112 2995/5052/2996
f 3110/5237/3111 3052/5144/3053 3167/5328/3168
f 2996/5053/2997 3111/5238/3112 3112/5239/3113
f 3113/5240/3114 2997/5054/2998 3112/5239/3113
f 3114/5241/3115 2998/5055/2999 3113/5240/3114
f 3115/5242/3116 2999/5056/3000 3114/5241/3115
f 3118/5245/3119 3001/5060/3002 3115/5242/3116
f 3167/5328/3168 3052/5144/3053 3116/5243/3117
f 3116/5329/3117 3000/5057/3001 3117/5244/3118
f 3053/5146/3054 3168/5330/3169 3117/5244/3118
f 3054/5147/3055 3118/5245/3119 3169/5331/3170
f 3054/5147/3055 3169/5331/3170 3119/5246/3120
f 3120/5247/3121 3003/5062/3004 3119/5246/3120
f 3170/5332/3171 3055/5148/3056 3120/5247/3121
f 3057/5249/3058 3056/5155/3057 3121/5252/3122
f 3058/5250/3059 3057/5249/3058 3171/5333/3172
f 3121/5252/3122 3055/5334/3056 3172/5335/3173
f 3069/5256/3070 3122/5257/3123 3005/5070/3006
f 3122/5257/3123 3173/5336/3174 3059/5158/3060
f 3059/5158/3060 3174/5337/3175 3060/5159/3061
f 3175/5338/3176 3061/5160/3062 3060/5159/3061
f 3176/5339/3177 3062/5162/3063 3061/5160/3062
f 3010/5076/3011 3009/5161/3010 3124/5259/3125
f 3062/5162/3063 3177/5340/3178 3123/5258/3124
f 3124/5259/3125 3009/5161/3010 3123/5341/3124
f 3011/5077/3012 3124/5259/3125 3125/5260/3126
f 3012/5078/3013 3125/5260/3126 3126/5261/3127
f 3063/5163/3064 3064/5164/3065 3178/5342/3179
f 3063/5163/3064 3179/5343/3180 3065/5165/3066
f 3064/5164/3065 3126/5261/3127 3180/5344/3181
f 3066/5166/3067 3065/5165/3066 3181/5345/3182
f 3066/5166/3067 3182/5346/3183 3067/5167/3068
f 3068/5168/3069 3067/5167/3068 3183/5347/3184
f 3068/5168/3069 3184/5348/3185 3069/5169/3070
f 3070/5171/3071 3107/5232/3108 3127/5262/3128
f 3014/5081/3015 3127/5262/3128 3128/5263/3129
f 3128/5263/3129 3185/5349/3186 3071/5172/3072
f 3072/5173/3073 3071/5172/3072 3185/5349/3186
f 3129/5264/3130 3072/5173/3073 3186/5350/3187
f 3129/5264/3130 3187/5351/3188 3073/5174/3074
f 3108/5233/3109 3073/5174/3074 3188/5352/3189
f 3030/5353/3031 3099/5224/3100 2913/5175/2914
f 3058/5250/3059 3171/5333/3172 3074/5178/3075
f 3171/5333/3172 3130/5265/3131 3074/5178/3075
f 3131/5266/3132 3016/5085/3017 3130/5265/3131
f 3019/5267/3020 3017/5086/3018 3131/5266/3132
f 3019/5267/3020 3131/5266/3132 3132/5354/3133
f 3075/5180/3076 3132/5268/3133 3090/5355/3091
f 3089/5271/3090 3075/5270/3076 3090/5286/3091
f 3134/5280/3135 3024/5279/3025 3076/5274/3077
f 3076/5274/3077 3077/5187/3078 3189/5356/3190
f 3077/5357/3078 3078/5275/3079 3190/5358/3191
f 3078/5275/3079 3079/5193/3080 3191/5359/3192
f 3079/5193/3080 3087/5202/3088 3088/5204/3089
f 3133/5276/3134 3135/5281/3136 3023/5097/3024
f 3133/5276/3134 3080/5194/3081 3192/5360/3193
f 3080/5194/3081 3081/5277/3082 3193/5361/3194
f 3194/5362/3195 3081/5277/3082 3134/5363/3135
f 3135/5364/3136 3195/5365/3196 3082/5282/3083
f 3082/5282/3083 3196/5366/3197 3083/5197/3084
f 3083/5197/3084 3197/5367/3198 3084/5198/3085
f 3084/5198/3085 3198/5368/3199 3085/5199/3086
f 3085/5199/3086 3199/5369/3200 3086/5200/3087
f 3086/5200/3087 3200/5370/3201 3136/5283/3137
f 3191/5359/3192 3088/5204/3089 3137/5285/3138
f 3137/5285/3138 2907/5106/2908 3025/5371/3026
f 3091/5207/3092 3090/5288/3091 3201/5372/3202
f 3138/5289/3139 3091/5207/3092 3202/5373/3203
f 3139/5290/3140 3027/5111/3028 3138/5289/3139
f 3140/5374/3141 3028/5208/3029 3139/5290/3140
f 3029/5209/3030 3140/5292/3141 3141/5293/3142
f 3136/5375/3137 3030/5115/3031 3141/5293/3142
f 3145/5376/3146 3092/5210/3093 3093/5211/3094
f 3203/5377/3204 3093/5211/3094 3142/5378/3143
f 3142/5294/3143 3094/5212/3095 3204/5379/3205
f 3144/5297/3145 3143/5380/3144 3031/5118/3032
f 3094/5212/3095 3143/5296/3144 3204/5379/3205
f 3205/5381/3206 3144/5382/3145 3095/5383/3096
f 3096/5299/3097 3205/5381/3206 3095/5383/3096
f 3145/5298/3146 3206/5384/3207 3096/5299/3097
f 3106/5231/3107 3207/5385/3208 3097/5219/3098
f 3207/5385/3208 3146/5302/3147 3097/5219/3098
f 3033/5124/3034 3146/5302/3147 3147/5303/3148
f 3147/5303/3148 3148/5304/3149 3034/5125/3035
f 3148/5304/3149 3149/5305/3150 3035/5126/3036
f 3149/5305/3150 3150/5306/3151 3036/5127/3037
f 3150/5306/3151 3151/5307/3152 3037/5128/3038
f 3151/5307/3152 3152/5386/3153 3038/5220/3039
f 3152/5308/3153 3153/5309/3154 3039/5130/3040
f 3153/5309/3154 3154/5310/3155 3040/5131/3041
f 3154/5387/3155 3155/5311/3156 3041/5132/3042
f 3042/5222/3043 3155/5311/3156 3156/5388/3157
f 3156/5312/3157 3208/5389/3209 3098/5223/3099
f 3098/5223/3099 3208/5389/3209 3157/5313/3158
f 3043/5134/3044 3157/5313/3158 3158/5314/3159
f 3044/5135/3045 3158/5314/3159 3159/5315/3160
f 3209/5390/3210 3100/5225/3101 3099/5224/3100
f 3210/5391/3211 3101/5226/3102 3100/5225/3101
f 3211/5392/3212 3160/5393/3161 3101/5394/3102
f 3160/5393/3161 3161/5395/3162 3046/5396/3047
f 3102/5227/3103 3212/5397/3213 3103/5228/3104
f 3161/5317/3162 3212/5397/3213 3102/5227/3103
f 3103/5228/3104 3213/5398/3214 3104/5229/3105
f 3104/5229/3105 3214/5399/3215 3105/5230/3106
f 3105/5230/3106 3215/5400/3216 3106/5231/3107
f 3159/5315/3160 3216/5401/3217 3107/5232/3108
f 3162/5318/3163 3108/5233/3109 3217/5402/3218
f 3048/5140/3049 3162/5320/3163 3163/5321/3164
f 3218/5403/3219 3109/5323/3110 3163/5404/3164
f 3164/5324/3165 3109/5323/3110 3218/5403/3219
f 3165/5326/3166 3049/5322/3050 3164/5324/3165
f 3166/5327/3167 3050/5325/3051 3165/5326/3166
f 3053/5146/3054 3166/5327/3167 3168/5330/3169
f 3219/5405/3220 3111/5238/3112 3110/5237/3111
f 3110/5237/3111 3167/5328/3168 3220/5406/3221
f 3112/5239/3113 3111/5238/3112 3221/5407/3222
f 3222/5408/3223 3113/5240/3114 3112/5239/3113
f 3114/5241/3115 3113/5240/3114 3222/5408/3223
f 3115/5242/3116 3114/5241/3115 3223/5409/3224
f 3118/5245/3119 3115/5242/3116 3224/5410/3225
f 3167/5411/3168 3116/5329/3117 3225/5412/3226
f 3116/5329/3117 3117/5244/3118 3226/5413/3227
f 3117/5244/3118 3168/5330/3169 3227/5414/3228
f 3118/5245/3119 3224/5410/3225 3169/5331/3170
f 3119/5246/3120 3169/5331/3170 3228/5415/3229
f 3120/5247/3121 3119/5246/3120 3229/5416/3230
f 3170/5417/3171 3172/5335/3173 3055/5334/3056
f 3170/5332/3171 3120/5247/3121 3230/5418/3231
f 3171/5333/3172 3057/5249/3058 3121/5252/3122
f 3171/5333/3172 3121/5252/3122 3172/5335/3173
f 3069/5256/3070 3184/5419/3185 3122/5257/3123
f 3184/5419/3185 3173/5336/3174 3122/5257/3123
f 3173/5336/3174 3174/5337/3175 3059/5158/3060
f 3175/5338/3176 3060/5159/3061 3174/5337/3175
f 3175/5338/3176 3176/5339/3177 3061/5160/3062
f 3176/5339/3177 3177/5340/3178 3062/5162/3063
f 3123/5258/3124 3177/5340/3178 3231/5420/3232
f 3124/5259/3125 3123/5341/3124 3232/5421/3233
f 3125/5260/3126 3124/5259/3125 3232/5421/3233
f 3126/5261/3127 3125/5260/3126 3233/5422/3234
f 3064/5164/3065 3180/5344/3181 3178/5342/3179
f 3063/5163/3064 3178/5342/3179 3179/5343/3180
f 3179/5343/3180 3181/5345/3182 3065/5165/3066
f 3126/5261/3127 3234/5423/3235 3180/5344/3181
f 3066/5166/3067 3181/5345/3182 3182/5346/3183
f 3067/5167/3068 3182/5346/3183 3183/5347/3184
f 3068/5168/3069 3183/5347/3184 3184/5348/3185
f 3107/5424/3108 3235/5425/3236 3127/5426/3128
f 3127/5426/3128 3236/5427/3237 3128/5428/3129
f 3128/5428/3129 3237/5429/3238 3185/5430/3186
f 3072/5173/3073 3185/5349/3186 3186/5350/3187
f 3129/5264/3130 3186/5350/3187 3187/5351/3188
f 3073/5174/3074 3187/5351/3188 3188/5352/3189
f 3108/5233/3109 3188/5352/3189 3217/5402/3218
f 3030/5353/3031 3209/5390/3210 3099/5224/3100
f 3171/5333/3172 3172/5335/3173 3130/5265/3131
f 3131/5266/3132 3130/5265/3131 3238/5431/3239
f 3132/5354/3133 3131/5266/3132 3238/5431/3239
f 3132/5268/3133 3201/5432/3202 3090/5355/3091
f 3134/5280/3135 3076/5274/3077 3239/5433/3240
f 3189/5356/3190 3077/5187/3078 3190/5434/3191
f 3076/5274/3077 3189/5356/3190 3239/5433/3240
f 3078/5275/3079 3191/5359/3192 3190/5358/3191
f 3191/5359/3192 3079/5193/3080 3088/5204/3089
f 3240/5435/3241 3135/5281/3136 3133/5276/3134
f 3192/5360/3193 3080/5194/3081 3193/5361/3194
f 3241/5436/3242 3133/5276/3134 3192/5360/3193
f 3194/5362/3195 3193/5361/3194 3081/5277/3082
f 3194/5437/3195 3134/5280/3135 3239/5433/3240
f 3242/5438/3243 3195/5365/3196 3135/5364/3136
f 3243/5439/3244 3082/5282/3083 3195/5365/3196
f 3243/5439/3244 3196/5366/3197 3082/5282/3083
f 3196/5366/3197 3197/5367/3198 3083/5197/3084
f 3084/5198/3085 3197/5367/3198 3198/5368/3199
f 3198/5368/3199 3199/5369/3200 3085/5199/3086
f 3199/5369/3200 3200/5370/3201 3086/5200/3087
f 3136/5283/3137 3200/5370/3201 3244/5440/3245
f 3136/5441/3137 3244/5442/3245 3030/5353/3031
f 3191/5359/3192 3137/5285/3138 3245/5443/3246
f 3246/5444/3247 3137/5285/3138 3025/5371/3026
f 3247/5445/3248 3025/5371/3026 3136/5446/3137
f 3091/5207/3092 3201/5372/3202 3202/5373/3203
f 3138/5289/3139 3202/5373/3203 3248/5447/3249
f 3139/5290/3140 3138/5289/3139 3249/5448/3250
f 3140/5374/3141 3139/5290/3140 3250/5449/3251
f 3141/5450/3142 3140/5451/3141 3251/5452/3252
f 3136/5453/3137 3141/5450/3142 3252/5454/3253
f 3145/5376/3146 3093/5211/3094 3203/5377/3204
f 3203/5455/3204 3142/5294/3143 3253/5456/3254
f 3253/5456/3254 3142/5294/3143 3204/5379/3205
f 3144/5297/3145 3254/5457/3255 3143/5380/3144
f 3204/5379/3205 3143/5296/3144 3255/5458/3256
f 3256/5459/3257 3144/5297/3145 3205/5460/3206
f 3096/5299/3097 3206/5384/3207 3205/5381/3206
f 3145/5376/3146 3203/5377/3204 3206/5461/3207
f 3106/5231/3107 3215/5400/3216 3207/5385/3208
f 3207/5385/3208 3257/5462/3258 3146/5302/3147
f 3146/5463/3147 3258/5464/3259 3147/5465/3148
f 3147/5465/3148 3259/5466/3260 3148/5467/3149
f 3148/5304/3149 3260/5468/3261 3149/5305/3150
f 3261/5469/3262 3150/5306/3151 3149/5305/3150
f 3150/5306/3151 3262/5470/3263 3151/5307/3152
f 3151/5307/3152 3263/5471/3264 3152/5386/3153
f 3152/5308/3153 3264/5472/3265 3153/5309/3154
f 3153/5309/3154 3265/5473/3266 3154/5310/3155
f 3154/5387/3155 3266/5474/3267 3155/5311/3156
f 3155/5311/3156 3267/5475/3268 3156/5388/3157
f 3156/5312/3157 3268/5476/3269 3208/5389/3209
f 3208/5389/3209 3269/5477/3270 3157/5313/3158
f 3157/5313/3158 3270/5478/3271 3158/5314/3159
f 3159/5315/3160 3158/5314/3159 3271/5479/3272
f 3210/5480/3211 3100/5481/3101 3209/5482/3210
f 3210/5483/3211 3211/5392/3212 3101/5394/3102
f 3272/5484/3273 3160/5393/3161 3211/5392/3212
f 3160/5393/3161 3273/5485/3274 3161/5395/3162
f 3103/5228/3104 3212/5397/3213 3213/5398/3214
f 3161/5317/3162 3274/5486/3275 3212/5397/3213
f 3213/5398/3214 3214/5399/3215 3104/5229/3105
f 3105/5230/3106 3214/5399/3215 3215/5400/3216
f 3159/5315/3160 3271/5479/3272 3216/5401/3217
f 3107/5232/3108 3216/5401/3217 3235/5487/3236
f 3162/5318/3163 3217/5402/3218 3275/5488/3276
f 3163/5321/3164 3162/5320/3163 3275/5489/3276
f 3218/5403/3219 3163/5404/3164 3276/5490/3277
f 3164/5324/3165 3218/5403/3219 3277/5491/3278
f 3278/5492/3279 3165/5326/3166 3164/5324/3165
f 3166/5327/3167 3165/5326/3166 3279/5493/3280
f 3168/5330/3169 3166/5327/3167 3279/5493/3280
f 3219/5405/3220 3221/5407/3222 3111/5238/3112
f 3219/5405/3220 3110/5237/3111 3220/5406/3221
f 3220/5406/3221 3167/5328/3168 3280/5494/3281
f 3222/5408/3223 3112/5239/3113 3221/5407/3222
f 3223/5409/3224 3114/5241/3115 3222/5408/3223
f 3224/5410/3225 3115/5242/3116 3223/5409/3224
f 3225/5412/3226 3116/5329/3117 3226/5413/3227
f 3280/5495/3281 3167/5411/3168 3225/5412/3226
f 3226/5413/3227 3117/5244/3118 3227/5414/3228
f 3227/5414/3228 3168/5330/3169 3281/5496/3282
f 3169/5331/3170 3224/5410/3225 3282/5497/3283
f 3228/5415/3229 3169/5331/3170 3282/5497/3283
f 3229/5416/3230 3119/5246/3120 3228/5415/3229
f 3230/5418/3231 3120/5247/3121 3229/5416/3230
f 3238/5431/3239 3172/5335/3173 3170/5417/3171
f 3170/5332/3171 3230/5418/3231 3283/5498/3284
f 3184/5419/3185 3284/5499/3285 3173/5336/3174
f 3285/5500/3286 3174/5337/3175 3173/5336/3174
f 3175/5338/3176 3174/5337/3175 3286/5501/3287
f 3175/5338/3176 3287/5502/3288 3176/5339/3177
f 3176/5339/3177 3288/5503/3289 3177/5340/3178
f 3289/5504/3290 3231/5420/3232 3177/5340/3178
f 3232/5421/3233 3123/5341/3124 3231/5505/3232
f 3125/5260/3126 3232/5421/3233 3233/5422/3234
f 3126/5261/3127 3233/5422/3234 3234/5423/3235
f 3290/5506/3291 3178/5342/3179 3180/5344/3181
f 3179/5343/3180 3178/5342/3179 3291/5507/3292
f 3179/5343/3180 3292/5508/3293 3181/5345/3182
f 3293/5509/3294 3180/5344/3181 3234/5423/3235
f 3182/5346/3183 3181/5345/3182 3294/5510/3295
f 3182/5346/3183 3295/5511/3296 3183/5347/3184
f 3183/5347/3184 3284/5512/3285 3184/5348/3185
f 3235/5425/3236 3236/5427/3237 3127/5426/3128
f 3236/5427/3237 3237/5429/3238 3128/5428/3129
f 3237/5429/3238 3296/5513/3297 3185/5430/3186
f 3185/5430/3186 3296/5513/3297 3186/5514/3187
f 4771/5515/3298 3187/5516/3188 3186/5514/3187
f 3188/5352/3189 3187/5351/3188 3298/5517/3299
f 3188/5352/3189 3299/5518/3300 3217/5402/3218
f 3244/5442/3245 3209/5390/3210 3030/5353/3031
f 3238/5431/3239 3130/5265/3131 3172/5335/3173
f 3132/5354/3133 3238/5431/3239 3201/5519/3202
f 3189/5356/3190 3190/5434/3191 3300/5520/3301
f 3301/5521/3302 3239/5433/3240 3189/5356/3190
f 3190/5358/3191 3191/5359/3192 3245/5443/3246
f 3242/5522/3243 3135/5281/3136 3240/5435/3241
f 3241/5436/3242 3240/5435/3241 3133/5276/3134
f 3192/5523/3193 3193/5524/3194 3302/5525/3303
f 3241/5526/3242 3192/5523/3193 3303/5527/3304
f 3194/5528/3195 3304/5529/3305 3193/5524/3194
f 3194/5530/3195 3239/5531/3240 3305/5532/3306
f 3306/5533/3307 3195/5365/3196 3242/5438/3243
f 3307/5534/3308 3243/5439/3244 3195/5365/3196
f 3243/5439/3244 3308/5535/3309 3196/5366/3197
f 3196/5366/3197 3308/5535/3309 3197/5367/3198
f 3197/5367/3198 3309/5536/3310 3198/5368/3199
f 3198/5368/3199 3310/5537/3311 3199/5369/3200
f 3311/5538/3312 3200/5370/3201 3199/5369/3200
f 3200/5370/3201 3312/5539/3313 3244/5440/3245
f 3246/5444/3247 3245/5443/3246 3137/5285/3138
f 3246/5444/3247 3025/5371/3026 3247/5445/3248
f 3247/5445/3248 3136/5446/3137 3313/5540/3314
f 3202/5373/3203 3201/5372/3202 3283/5498/3284
f 3248/5447/3249 3202/5373/3203 3314/5541/3315
f 3138/5289/3139 3248/5447/3249 3249/5448/3250
f 3139/5290/3140 3249/5448/3250 3250/5449/3251
f 3251/5542/3252 3140/5374/3141 3250/5449/3251
f 3252/5454/3253 3141/5450/3142 3251/5452/3252
f 3313/5540/3314 3136/5446/3137 3252/5543/3253
f 3315/5544/3316 3203/5377/3204 3253/5545/3254
f 3253/5456/3254 3204/5379/3205 3316/5546/3317
f 3256/5459/3257 3254/5457/3255 3144/5297/3145
f 3143/5380/3144 3254/5457/3255 3317/5547/3318
f 3143/5296/3144 3318/5548/3319 3255/5458/3256
f 3316/5546/3317 3204/5379/3205 3255/5458/3256
f 3256/5549/3257 3205/5381/3206 3315/5550/3316
f 3206/5384/3207 3315/5550/3316 3205/5381/3206
f 3206/5461/3207 3203/5377/3204 3315/5544/3316
f 3215/5400/3216 3319/5551/3320 3207/5385/3208
f 3319/5551/3320 3257/5462/3258 3207/5385/3208
f 3146/5463/3147 3257/5552/3258 3258/5464/3259
f 3258/5464/3259 3259/5466/3260 3147/5465/3148
f 3148/5304/3149 3259/5553/3260 3260/5468/3261
f 3149/5305/3150 3260/5468/3261 3320/5554/3321
f 3150/5306/3151 3261/5469/3262 3262/5470/3263
f 3149/5305/3150 3320/5554/3321 3261/5469/3262
f 3151/5307/3152 3262/5470/3263 3263/5471/3264
f 3263/5555/3264 3264/5556/3265 3152/5557/3153
f 3153/5309/3154 3264/5472/3265 3265/5473/3266
f 3154/5310/3155 3265/5473/3266 3266/5558/3267
f 3155/5311/3156 3266/5474/3267 3267/5475/3268
f 3267/5475/3268 3268/5559/3269 3156/5388/3157
f 3268/5476/3269 3321/5560/3322 3208/5389/3209
f 3208/5389/3209 3321/5560/3322 3269/5477/3270
f 3157/5313/3158 3269/5477/3270 3270/5478/3271
f 3158/5314/3159 3270/5478/3271 3271/5479/3272
f 3210/5483/3211 3209/5561/3210 3312/5539/3313
f 3322/5562/3323 3211/5392/3212 3210/5483/3211
f 3272/5484/3273 3273/5485/3274 3160/5393/3161
f 3323/5563/3324 3272/5484/3273 3211/5392/3212
f 3273/5485/3274 3274/5564/3275 3161/5395/3162
f 3212/5397/3213 3324/5565/3325 3213/5398/3214
f 3274/5486/3275 3325/5566/3326 3212/5397/3213
f 3213/5398/3214 3326/5567/3327 3214/5399/3215
f 3214/5399/3215 3327/5568/3328 3215/5400/3216
f 3216/5401/3217 3271/5479/3272 3328/5569/3329
f 3235/5487/3236 3216/5401/3217 3329/5570/3330
f 3275/5488/3276 3217/5402/3218 3299/5518/3300
f 3163/5404/3164 3275/5571/3276 3276/5490/3277
f 3218/5403/3219 3276/5490/3277 3330/5572/3331
f 3277/5491/3278 3218/5403/3219 3330/5572/3331
f 3278/5492/3279 3164/5324/3165 3277/5491/3278
f 3279/5493/3280 3165/5326/3166 3278/5492/3279
f 3168/5330/3169 3279/5493/3280 3281/5496/3282
f 3331/5573/3332 3221/5407/3222 3219/5405/3220
f 3332/5574/3333 3219/5405/3220 3220/5406/3221
f 3333/5575/3334 3220/5406/3221 3280/5494/3281
f 3334/5576/3335 3222/5408/3223 3221/5407/3222
f 3334/5576/3335 3223/5409/3224 3222/5408/3223
f 3224/5410/3225 3223/5409/3224 3335/5577/3336
f 3225/5412/3226 3226/5413/3227 3336/5578/3337
f 3280/5495/3281 3225/5412/3226 3337/5579/3338
f 3226/5413/3227 3227/5414/3228 3338/5580/3339
f 3227/5414/3228 3281/5496/3282 3339/5581/3340
f 3282/5497/3283 3224/5410/3225 3335/5577/3336
f 3228/5415/3229 3282/5497/3283 3340/5582/3341
f 3341/5583/3342 3229/5416/3230 3228/5415/3229
f 3230/5418/3231 3229/5416/3230 3342/5584/3343
f 3238/5431/3239 3170/5417/3171 3201/5519/3202
f 3283/5498/3284 3230/5418/3231 3343/5585/3344
f 3201/5372/3202 3170/5332/3171 3283/5498/3284
f 3284/5499/3285 3285/5500/3286 3173/5336/3174
f 3285/5500/3286 3286/5501/3287 3174/5337/3175
f 3175/5338/3176 3286/5501/3287 3287/5502/3288
f 3176/5339/3177 3287/5502/3288 3288/5503/3289
f 3289/5504/3290 3177/5340/3178 3288/5503/3289
f 3344/5586/3345 3231/5420/3232 3289/5504/3290
f 3232/5421/3233 3231/5505/3232 3345/5587/3346
f 3233/5422/3234 3232/5421/3233 3345/5587/3346
f 3233/5422/3234 3346/5588/3347 3234/5423/3235
f 3291/5507/3292 3178/5342/3179 3290/5506/3291
f 3290/5506/3291 3180/5344/3181 3293/5509/3294
f 3179/5343/3180 3291/5507/3292 3292/5508/3293
f 3181/5345/3182 3292/5508/3293 3294/5510/3295
f 3293/5509/3294 3234/5423/3235 3346/5588/3347
f 3182/5346/3183 3294/5510/3295 3295/5511/3296
f 3183/5347/3184 3295/5511/3296 3284/5512/3285
f 3235/5425/3236 3347/5589/3348 3236/5427/3237
f 3236/5427/3237 3348/5590/3349 3237/5429/3238
f 3349/5591/3350 3296/5513/3297 3237/5429/3238
f 3297/5592/3351 3186/5514/3187 3296/5513/3297
f 3298/5593/3299 3187/5516/3188 4771/5515/3298
f 3188/5352/3189 3298/5517/3299 3299/5518/3300
f 3244/5440/3245 3312/5539/3313 3209/5561/3210
f 3300/5594/3301 3190/5358/3191 3245/5443/3246
f 3301/5595/3302 3189/5596/3190 3300/5597/3301
f 3305/5598/3306 3239/5433/3240 3301/5521/3302
f 3350/5599/3352 3242/5522/3243 3240/5435/3241
f 3351/5600/3353 3240/5435/3241 3241/5436/3242
f 3302/5525/3303 3193/5524/3194 3304/5529/3305
f 3192/5523/3193 3302/5525/3303 3352/5601/3354
f 3303/5527/3304 3192/5523/3193 3352/5601/3354
f 3241/5526/3242 3303/5527/3304 3353/5602/3355
f 3194/5603/3195 3305/5604/3306 3304/5605/3305
f 3306/5533/3307 3307/5534/3308 3195/5365/3196
f 3354/5606/3356 3306/5533/3307 3242/5438/3243
f 3307/5607/3308 3355/5608/3357 3243/5609/3244
f 3243/5610/3244 3356/5611/3358 3308/5612/3309
f 3308/5535/3309 3309/5536/3310 3197/5367/3198
f 3309/5536/3310 3310/5537/3311 3198/5368/3199
f 3310/5537/3311 3311/5538/3312 3199/5369/3200
f 3311/5538/3312 3312/5539/3313 3200/5370/3201
f 3357/5613/3359 3245/5443/3246 3246/5444/3247
f 3358/5614/3360 3246/5444/3247 3247/5445/3248
f 3359/5615/3361 3247/5445/3248 3313/5540/3314
f 3202/5373/3203 3283/5498/3284 3314/5541/3315
f 3248/5447/3249 3314/5541/3315 3360/5616/3362
f 3249/5448/3250 3248/5447/3249 3361/5617/3363
f 3250/5449/3251 3249/5448/3250 3362/5618/3364
f 3251/5542/3252 3250/5449/3251 3363/5619/3365
f 3252/5454/3253 3251/5452/3252 3364/5620/3366
f 3313/5540/3314 3252/5543/3253 3365/5621/3367
f 3366/5622/3368 3315/5544/3316 3253/5545/3254
f 3366/5622/3368 3253/5545/3254 3316/5623/3317
f 3367/5624/3369 3254/5625/3255 3256/5549/3257
f 3254/5626/3255 3368/5627/3370 3317/5628/3318
f 3143/5380/3144 3317/5547/3318 3318/5629/3319
f 3369/5630/3371 3255/5458/3256 3318/5548/3319
f 3316/5623/3317 3255/5631/3256 3370/5632/3372
f 3366/5633/3368 3256/5549/3257 3315/5550/3316
f 3215/5400/3216 3327/5568/3328 3319/5551/3320
f 3319/5551/3320 3371/5634/3373 3257/5462/3258
f 3258/5635/3259 3257/5462/3258 3372/5636/3374
f 3258/5635/3259 3373/5637/3375 3259/5553/3260
f 3374/5638/3376 3260/5468/3261 3259/5553/3260
f 3375/5639/3377 3320/5554/3321 3260/5468/3261
f 3261/5469/3262 3376/5640/3378 3262/5470/3263
f 3320/5554/3321 3376/5640/3378 3261/5469/3262
f 3262/5641/3263 3377/5642/3379 3263/5555/3264
f 3263/5555/3264 3378/5643/3380 3264/5556/3265
f 3264/5472/3265 3379/5644/3381 3265/5473/3266
f 3265/5473/3266 3380/5645/3382 3266/5558/3267
f 3266/5474/3267 3381/5646/3383 3267/5475/3268
f 3267/5475/3268 3382/5647/3384 3268/5559/3269
f 3268/5476/3269 3383/5648/3385 3321/5560/3322
f 3269/5477/3270 3321/5560/3322 3384/5649/3386
f 3269/5477/3270 3385/5650/3387 3270/5478/3271
f 3270/5478/3271 3385/5650/3387 3271/5479/3272
f 3322/5562/3323 3210/5483/3211 3312/5539/3313
f 3323/5563/3324 3211/5392/3212 3322/5562/3323
f 3272/5651/3273 3386/5652/3388 3273/5653/3274
f 3387/5654/3389 3272/5651/3273 3323/5655/3324
f 3388/5656/3390 3274/5657/3275 3273/5658/3274
f 3212/5397/3213 3325/5566/3326 3324/5565/3325
f 3213/5398/3214 3324/5565/3325 3326/5567/3327
f 3389/5659/3391 3325/5566/3326 3274/5486/3275
f 3214/5399/3215 3326/5567/3327 3327/5568/3328
f 3271/5479/3272 3390/5660/3392 3328/5569/3329
f 3216/5401/3217 3328/5569/3329 3329/5570/3330
f 3235/5487/3236 3329/5570/3330 3347/5661/3348
f 3276/5490/3277 3275/5571/3276 3299/5662/3300
f 3330/5572/3331 3276/5490/3277 3391/5663/3393
f 3392/5664/3394 3277/5491/3278 3330/5572/3331
f 3278/5492/3279 3277/5491/3278 3393/5665/3395
f 3279/5493/3280 3278/5492/3279 3394/5666/3396
f 3281/5496/3282 3279/5493/3280 3394/5666/3396
f 3334/5576/3335 3221/5407/3222 3331/5573/3332
f 3331/5573/3332 3219/5405/3220 3332/5574/3333
f 3332/5574/3333 3220/5406/3221 3333/5575/3334
f 3333/5667/3334 3280/5495/3281 3395/5668/3397
f 3335/5577/3336 3223/5409/3224 3334/5576/3335
f 3336/5578/3337 3226/5413/3227 3338/5580/3339
f 3337/5579/3338 3225/5412/3226 3336/5578/3337
f 3395/5668/3397 3280/5495/3281 3337/5579/3338
f 3338/5580/3339 3227/5414/3228 3339/5581/3340
f 3339/5581/3340 3281/5496/3282 3396/5669/3398
f 3282/5497/3283 3335/5577/3336 3397/5670/3399
f 3282/5497/3283 3397/5670/3399 3340/5582/3341
f 3341/5583/3342 3228/5415/3229 3340/5582/3341
f 3342/5584/3343 3229/5416/3230 3341/5583/3342
f 3343/5585/3344 3230/5418/3231 3342/5584/3343
f 3314/5541/3315 3283/5498/3284 3343/5585/3344
f 3284/5499/3285 3398/5671/3400 3285/5500/3286
f 3285/5500/3286 3398/5671/3400 3286/5501/3287
f 3286/5501/3287 3399/5672/3401 3287/5502/3288
f 3287/5502/3288 3400/5673/3402 3288/5503/3289
f 3289/5504/3290 3288/5503/3289 3401/5674/3403
f 3345/5587/3346 3231/5505/3232 3344/5675/3345
f 3344/5586/3345 3289/5504/3290 3402/5676/3404
f 3233/5422/3234 3345/5587/3346 3346/5588/3347
f 3291/5507/3292 3290/5506/3291 3403/5677/3405
f 3290/5506/3291 3293/5509/3294 3404/5678/3406
f 3291/5507/3292 3405/5679/3407 3292/5508/3293
f 3294/5510/3295 3292/5508/3293 3406/5680/3408
f 3293/5509/3294 3346/5588/3347 3407/5681/3409
f 3294/5510/3295 3408/5682/3410 3295/5511/3296
f 3295/5511/3296 3398/5683/3400 3284/5512/3285
f 3347/5589/3348 3348/5590/3349 3236/5427/3237
f 3349/5591/3350 3237/5429/3238 3348/5590/3349
f 3349/5591/3350 3409/5684/3411 3296/5513/3297
f 3409/5684/3411 3297/5592/3351 3296/5513/3297
f 3391/5663/3393 3298/5685/3299 3297/5686/3351
f 3391/5663/3393 3299/5662/3300 3298/5685/3299
f 3300/5594/3301 3245/5443/3246 3357/5613/3359
f 3301/5687/3302 3300/5688/3301 3410/5689/3412
f 3305/5598/3306 3301/5521/3302 3411/5690/3413
f 3354/5691/3356 3242/5522/3243 3350/5599/3352
f 3350/5599/3352 3240/5435/3241 3351/5600/3353
f 3351/5692/3353 3241/5526/3242 3353/5602/3355
f 3302/5525/3303 3304/5529/3305 3412/5693/3414
f 3352/5601/3354 3302/5525/3303 3413/5694/3415
f 3303/5695/3304 3352/5696/3354 3414/5697/3416
f 3353/5602/3355 3303/5527/3304 3415/5698/3417
f 3416/5699/3418 3304/5605/3305 3305/5604/3306
f 3417/5700/3419 3307/5534/3308 3306/5533/3307
f 3354/5606/3356 3418/5701/3420 3306/5533/3307
f 3419/5702/3421 3355/5608/3357 3307/5607/3308
f 3355/5608/3357 3356/5703/3358 3243/5609/3244
f 3356/5611/3358 3420/5704/3422 3308/5612/3309
f 3308/5612/3309 3420/5704/3422 3309/5705/3310
f 3421/5706/3423 3310/5707/3311 3309/5705/3310
f 3422/5708/3424 3311/5538/3312 3310/5537/3311
f 3311/5538/3312 3322/5562/3323 3312/5539/3313
f 3357/5613/3359 3246/5444/3247 3358/5614/3360
f 3358/5614/3360 3247/5445/3248 3359/5615/3361
f 3359/5615/3361 3313/5540/3314 3423/5709/3425
f 3314/5541/3315 3424/5710/3426 3360/5616/3362
f 3248/5447/3249 3360/5616/3362 3361/5617/3363
f 3425/5711/3427 3249/5448/3250 3361/5617/3363
f 3362/5618/3364 3249/5448/3250 3425/5711/3427
f 3363/5619/3365 3250/5449/3251 3362/5618/3364
f 3251/5452/3252 3363/5712/3365 3364/5620/3366
f 3252/5543/3253 3364/5713/3366 3426/5714/3428
f 3365/5621/3367 3252/5543/3253 3426/5714/3428
f 3313/5540/3314 3365/5621/3367 3423/5709/3425
f 3366/5622/3368 3316/5623/3317 3427/5715/3429
f 3367/5624/3369 3368/5716/3370 3254/5625/3255
f 3366/5633/3368 3367/5624/3369 3256/5549/3257
f 3368/5717/3370 3428/5718/3430 3317/5547/3318
f 3317/5547/3318 3429/5719/3431 3318/5629/3319
f 3370/5632/3372 3255/5631/3256 3369/5720/3371
f 3369/5721/3371 3318/5722/3319 3430/5723/3432
f 3316/5623/3317 3370/5632/3372 3427/5715/3429
f 3319/5551/3320 3327/5568/3328 3431/5724/3433
f 3319/5551/3320 3431/5724/3433 3371/5634/3373
f 3371/5634/3373 3372/5636/3374 3257/5462/3258
f 3258/5635/3259 3372/5636/3374 3373/5637/3375
f 3373/5637/3375 3374/5638/3376 3259/5553/3260
f 3374/5638/3376 3375/5639/3377 3260/5468/3261
f 3375/5639/3377 3432/5725/3434 3320/5554/3321
f 3376/5640/3378 3377/5726/3379 3262/5470/3263
f 3432/5725/3434 3376/5640/3378 3320/5554/3321
f 3377/5642/3379 3378/5643/3380 3263/5555/3264
f 3378/5643/3380 3379/5727/3381 3264/5556/3265
f 3379/5644/3381 3380/5645/3382 3265/5473/3266
f 3266/5558/3267 3380/5645/3382 3381/5728/3383
f 3267/5475/3268 3381/5646/3383 3382/5647/3384
f 3268/5559/3269 3382/5647/3384 3383/5729/3385
f 3383/5648/3385 3433/5730/3435 3321/5560/3322
f 3321/5560/3322 3433/5730/3435 3384/5649/3386
f 3269/5477/3270 3384/5649/3386 3385/5650/3387
f 3271/5479/3272 3385/5650/3387 3390/5660/3392
f 3434/5731/3436 3323/5563/3324 3322/5562/3323
f 3387/5654/3389 3386/5652/3388 3272/5651/3273
f 3386/5652/3388 3388/5732/3390 3273/5653/3274
f 3435/5733/3437 3387/5654/3389 3323/5655/3324
f 3388/5734/3390 3389/5659/3391 3274/5486/3275
f 3325/5566/3326 3436/5735/3438 3324/5565/3325
f 3324/5736/3325 3437/5737/3439 3326/5738/3327
f 3389/5739/3391 3438/5740/3440 3325/5741/3326
f 3326/5567/3327 3439/5742/3441 3327/5568/3328
f 3390/5660/3392 3440/5743/3442 3328/5569/3329
f 3329/5570/3330 3328/5569/3329 3441/5744/3443
f 3347/5661/3348 3329/5570/3330 3442/5745/3444
f 3276/5490/3277 3299/5662/3300 3391/5663/3393
f 3330/5572/3331 3391/5663/3393 3443/5746/3445
f 3393/5665/3395 3277/5491/3278 3392/5664/3394
f 3392/5664/3394 3330/5572/3331 3443/5746/3445
f 3394/5666/3396 3278/5492/3279 3393/5665/3395
f 3396/5669/3398 3281/5496/3282 3394/5666/3396
f 3444/5747/3446 3334/5576/3335 3331/5573/3332
f 3445/5748/3447 3331/5573/3332 3332/5574/3333
f 3446/5749/3448 3332/5574/3333 3333/5575/3334
f 3447/5750/3449 3333/5667/3334 3395/5668/3397
f 3335/5577/3336 3334/5576/3335 3444/5747/3446
f 3336/5578/3337 3338/5580/3339 3448/5751/3450
f 3337/5752/3338 3336/5753/3337 3449/5754/3451
f 3395/5755/3397 3337/5752/3338 3450/5756/3452
f 3338/5580/3339 3339/5581/3340 3451/5757/3453
f 3339/5581/3340 3396/5669/3398 3452/5758/3454
f 3397/5670/3399 3335/5577/3336 3444/5747/3446
f 3340/5582/3341 3397/5670/3399 3453/5759/3455
f 3341/5583/3342 3340/5582/3341 3454/5760/3456
f 3342/5584/3343 3341/5583/3342 3455/5761/3457
f 3343/5585/3344 3342/5584/3343 3455/5761/3457
f 3314/5541/3315 3343/5585/3344 3424/5710/3426
f 3286/5501/3287 3398/5671/3400 3399/5672/3401
f 3399/5672/3401 3400/5673/3402 3287/5502/3288
f 3288/5503/3289 3400/5673/3402 3401/5674/3403
f 3289/5504/3290 3401/5674/3403 3402/5676/3404
f 3345/5587/3346 3344/5675/3345 3456/5762/3458
f 3344/5586/3345 3402/5676/3404 3457/5763/3459
f 3345/5587/3346 3456/5762/3458 3346/5588/3347
f 3290/5506/3291 3404/5678/3406 3403/5677/3405
f 3291/5507/3292 3403/5677/3405 3405/5679/3407
f 3404/5678/3406 3293/5509/3294 3458/5764/3460
f 3406/5680/3408 3292/5508/3293 3405/5679/3407
f 3294/5510/3295 3406/5680/3408 3408/5682/3410
f 3346/5588/3347 3456/5762/3458 3407/5681/3409
f 3458/5764/3460 3293/5509/3294 3407/5681/3409
f 3295/5511/3296 3408/5682/3410 3398/5683/3400
f 3347/5661/3348 3459/5765/3461 3348/5766/3349
f 3349/5591/3350 3348/5590/3349 3460/5767/3462
f 3349/5591/3350 3461/5768/3463 3409/5684/3411
f 3443/5769/3445 3297/5592/3351 3409/5684/3411
f 3443/5746/3445 3391/5663/3393 3297/5686/3351
f 3410/5770/3412 3300/5594/3301 3357/5613/3359
f 3411/5771/3413 3301/5772/3302 3410/5773/3412
f 3416/5774/3418 3305/5598/3306 3411/5690/3413
f 3462/5775/3464 3354/5691/3356 3350/5599/3352
f 3463/5776/3465 3350/5599/3352 3351/5600/3353
f 3351/5692/3353 3353/5602/3355 3464/5777/3466
f 3416/5699/3418 3412/5778/3414 3304/5605/3305
f 3302/5779/3303 3412/5780/3414 3413/5781/3415
f 3352/5696/3354 3413/5781/3415 3465/5782/3467
f 3352/5696/3354 3465/5782/3467 3414/5697/3416
f 3303/5527/3304 3414/5783/3416 3415/5698/3417
f 3353/5784/3355 3415/5785/3417 3355/5786/3357
f 3417/5787/3419 3419/5702/3421 3307/5607/3308
f 3466/5788/3468 3417/5700/3419 3306/5533/3307
f 3467/5789/3469 3418/5790/3420 3354/5691/3356
f 3418/5791/3420 3466/5792/3468 3306/5793/3307
f 3353/5602/3355 3355/5794/3357 3419/5795/3421
f 3415/5796/3417 3356/5703/3358 3355/5608/3357
f 3356/5611/3358 3468/5797/3470 3420/5704/3422
f 3420/5704/3422 3421/5706/3423 3309/5705/3310
f 3421/5706/3423 3422/5798/3424 3310/5707/3311
f 3422/5708/3424 3434/5731/3436 3311/5538/3312
f 3434/5731/3436 3322/5562/3323 3311/5538/3312
f 3357/5613/3359 3358/5614/3360 3469/5799/3471
f 3358/5614/3360 3359/5615/3361 3470/5800/3472
f 3471/5801/3473 3359/5615/3361 3423/5709/3425
f 3360/5616/3362 3424/5710/3426 3472/5802/3474
f 3361/5617/3363 3360/5616/3362 3473/5803/3475
f 3474/5804/3476 3425/5711/3427 3361/5617/3363
f 3362/5618/3364 3425/5711/3427 3475/5805/3477
f 3363/5619/3365 3362/5618/3364 3476/5806/3478
f 3363/5712/3365 3477/5807/3479 3364/5620/3366
f 3426/5808/3428 3364/5620/3366 3477/5807/3479
f 3365/5621/3367 3426/5714/3428 3478/5809/3480
f 3423/5709/3425 3365/5621/3367 3479/5810/3481
f 3366/5622/3368 3427/5715/3429 3367/5811/3369
f 3367/5624/3369 3427/5812/3429 3368/5716/3370
f 3368/5716/3370 3480/5813/3482 3428/5814/3430
f 3428/5718/3430 3429/5719/3431 3317/5547/3318
f 3429/5719/3431 3467/5815/3469 3318/5629/3319
f 3370/5632/3372 3369/5720/3371 3481/5816/3483
f 3318/5722/3319 3467/5789/3469 3430/5723/3432
f 3369/5817/3371 3430/5818/3432 3482/5819/3484
f 3370/5632/3372 3480/5820/3482 3427/5715/3429
f 3327/5568/3328 3439/5742/3441 3431/5724/3433
f 3431/5724/3433 3483/5821/3485 3371/5634/3373
f 3371/5634/3373 3484/5822/3486 3372/5636/3374
f 3372/5636/3374 3485/5823/3487 3373/5637/3375
f 3374/5638/3376 3373/5637/3375 3486/5824/3488
f 3486/5824/3488 3375/5639/3377 3374/5638/3376
f 3375/5639/3377 3487/5825/3489 3432/5725/3434
f 3376/5640/3378 3488/5826/3490 3377/5726/3379
f 3432/5725/3434 3488/5826/3490 3376/5640/3378
f 3377/5642/3379 3489/5827/3491 3378/5643/3380
f 3378/5828/3380 3490/5829/3492 3379/5830/3381
f 3379/5644/3381 3491/5831/3493 3380/5645/3382
f 3380/5645/3382 3492/5832/3494 3381/5728/3383
f 3493/5833/3495 3382/5647/3384 3381/5646/3383
f 3382/5647/3384 3494/5834/3496 3383/5729/3385
f 3383/5648/3385 3495/5835/3497 3433/5730/3435
f 3384/5649/3386 3433/5730/3435 3496/5836/3498
f 3385/5650/3387 3384/5649/3386 3497/5837/3499
f 3385/5650/3387 3497/5837/3499 3390/5660/3392
f 3434/5838/3436 3435/5733/3437 3323/5655/3324
f 3387/5654/3389 3498/5839/3500 3386/5652/3388
f 3498/5839/3500 3388/5732/3390 3386/5652/3388
f 3499/5840/3501 3387/5654/3389 3435/5733/3437
f 3388/5734/3390 3500/5841/3502 3389/5659/3391
f 3438/5842/3440 3436/5735/3438 3325/5566/3326
f 3436/5735/3438 3437/5843/3439 3324/5565/3325
f 3437/5737/3439 3439/5844/3441 3326/5738/3327
f 3389/5739/3391 3501/5845/3503 3438/5740/3440
f 3390/5660/3392 3502/5846/3504 3440/5743/3442
f 3328/5569/3329 3440/5743/3442 3441/5744/3443
f 3442/5745/3444 3329/5570/3330 3441/5744/3443
f 3347/5661/3348 3442/5745/3444 3459/5765/3461
f 3393/5665/3395 3392/5664/3394 3503/5847/3505
f 3392/5664/3394 3443/5746/3445 3504/5848/3506
f 3505/5849/3507 3394/5666/3396 3393/5665/3395
f 3396/5669/3398 3394/5666/3396 3505/5849/3507
f 3445/5748/3447 3444/5747/3446 3331/5573/3332
f 3445/5748/3447 3332/5574/3333 3446/5749/3448
f 3446/5850/3448 3333/5667/3334 3447/5750/3449
f 3447/5851/3449 3395/5755/3397 3506/5852/3508
f 3448/5751/3450 3338/5580/3339 3451/5757/3453
f 3336/5753/3337 3448/5853/3450 3507/5854/3509
f 3449/5754/3451 3336/5753/3337 3508/5855/3510
f 3450/5756/3452 3337/5752/3338 3449/5754/3451
f 3395/5755/3397 3450/5756/3452 3506/5852/3508
f 3451/5757/3453 3339/5581/3340 3452/5758/3454
f 3452/5758/3454 3396/5669/3398 3509/5856/3511
f 3397/5670/3399 3444/5747/3446 3510/5857/3512
f 3453/5759/3455 3397/5670/3399 3510/5857/3512
f 3511/5858/3513 3340/5582/3341 3453/5759/3455
f 3454/5760/3456 3340/5582/3341 3511/5858/3513
f 3341/5583/3342 3454/5760/3456 3455/5761/3457
f 3343/5585/3344 3455/5761/3457 3424/5710/3426
f 3398/5671/3400 3512/5859/3514 3399/5672/3401
f 3399/5672/3401 3513/5860/3515 3400/5673/3402
f 3401/5674/3403 3400/5673/3402 3514/5861/3516
f 3401/5674/3403 3515/5862/3517 3402/5676/3404
f 3456/5762/3458 3344/5675/3345 3457/5863/3459
f 3457/5763/3459 3402/5676/3404 3516/5864/3518
f 3403/5677/3405 3404/5678/3406 3517/5865/3519
f 3403/5677/3405 3518/5866/3520 3405/5679/3407
f 3404/5678/3406 3458/5764/3460 3519/5867/3521
f 3406/5680/3408 3405/5679/3407 3520/5868/3522
f 3406/5680/3408 3521/5869/3523 3408/5682/3410
f 3456/5762/3458 3522/5870/3524 3407/5681/3409
f 3458/5764/3460 3407/5681/3409 3522/5870/3524
f 3408/5682/3410 3512/5871/3514 3398/5683/3400
f 3460/5872/3462 3348/5766/3349 3459/5765/3461
f 3349/5873/3350 3460/5874/3462 3461/5875/3463
f 3461/5876/3463 3504/5877/3506 3409/5878/3411
f 3504/5879/3506 3443/5769/3445 3409/5684/3411
f 3410/5770/3412 3357/5613/3359 3469/5799/3471
f 3411/5690/3413 3410/5880/3412 3523/5881/3525
f 3416/5774/3418 3411/5690/3413 3524/5882/3526
f 3467/5789/3469 3354/5691/3356 3462/5775/3464
f 3462/5775/3464 3350/5599/3352 3463/5776/3465
f 3463/5883/3465 3351/5692/3353 3464/5777/3466
f 3464/5777/3466 3353/5602/3355 3419/5795/3421
f 3416/5774/3418 3525/5884/3527 3412/5885/3414
f 3413/5781/3415 3412/5780/3414 3526/5886/3528
f 3413/5781/3415 3527/5887/3529 3465/5782/3467
f 3465/5782/3467 3468/5797/3470 3414/5697/3416
f 3415/5796/3417 3414/5888/3416 3356/5703/3358
f 3528/5889/3530 3419/5702/3421 3417/5787/3419
f 3529/5890/3531 3417/5700/3419 3466/5788/3468
f 3467/5789/3469 3530/5891/3532 3418/5790/3420
f 3531/5892/3533 3466/5792/3468 3418/5791/3420
f 3356/5611/3358 3414/5697/3416 3468/5797/3470
f 3468/5797/3470 3532/5893/3534 3420/5704/3422
f 3420/5704/3422 3532/5893/3534 3421/5706/3423
f 3421/5706/3423 3533/5894/3535 3422/5798/3424
f 3422/5798/3424 3534/5895/3536 3434/5838/3436
f 3469/5799/3471 3358/5614/3360 3470/5800/3472
f 3471/5801/3473 3470/5800/3472 3359/5615/3361
f 3471/5801/3473 3423/5709/3425 3535/5896/3537
f 3424/5710/3426 3536/5897/3538 3472/5802/3474
f 3360/5616/3362 3472/5802/3474 3473/5803/3475
f 3474/5804/3476 3361/5617/3363 3473/5803/3475
f 3474/5804/3476 3475/5805/3477 3425/5711/3427
f 3362/5618/3364 3475/5805/3477 3476/5806/3478
f 3363/5712/3365 3476/5898/3478 3477/5807/3479
f 3426/5808/3428 3477/5807/3479 3537/5899/3539
f 3478/5809/3480 3426/5714/3428 3537/5900/3539
f 3479/5810/3481 3365/5621/3367 3478/5809/3480
f 3535/5896/3537 3423/5709/3425 3479/5810/3481
f 3427/5812/3429 3480/5813/3482 3368/5716/3370
f 3480/5813/3482 3538/5901/3540 3428/5814/3430
f 3428/5718/3430 3538/5902/3540 3429/5719/3431
f 3429/5903/3431 3530/5891/3532 3467/5789/3469
f 3369/5720/3371 3482/5904/3484 3481/5816/3483
f 3370/5632/3372 3481/5816/3483 3480/5820/3482
f 3430/5723/3432 3467/5789/3469 3462/5775/3464
f 3482/5905/3484 3430/5723/3432 3539/5906/3541
f 3439/5742/3441 3540/5907/3542 3431/5724/3433
f 3431/5724/3433 3540/5907/3542 3483/5821/3485
f 3371/5634/3373 3483/5821/3485 3484/5822/3486
f 3372/5636/3374 3484/5822/3486 3485/5823/3487
f 3485/5823/3487 3486/5824/3488 3373/5637/3375
f 3486/5824/3488 3487/5825/3489 3375/5639/3377
f 3487/5825/3489 3541/5908/3543 3432/5725/3434
f 3377/5726/3379 3488/5826/3490 3489/5909/3491
f 3432/5725/3434 3541/5908/3543 3488/5826/3490
f 3378/5910/3380 3489/5909/3491 3490/5911/3492
f 3379/5912/3381 3490/5913/3492 3491/5914/3493
f 3491/5831/3493 3492/5832/3494 3380/5645/3382
f 3492/5915/3494 3493/5833/3495 3381/5646/3383
f 3493/5833/3495 3494/5834/3496 3382/5647/3384
f 3494/5834/3496 3495/5916/3497 3383/5729/3385
f 3495/5835/3497 3542/5917/3544 3433/5730/3435
f 3433/5730/3435 3542/5917/3544 3496/5836/3498
f 3497/5837/3499 3384/5649/3386 3496/5836/3498
f 3497/5837/3499 3502/5846/3504 3390/5660/3392
f 3534/5895/3536 3435/5733/3437 3434/5838/3436
f 3499/5840/3501 3498/5839/3500 3387/5654/3389
f 3498/5918/3500 3543/5919/3545 3388/5920/3390
f 3544/5921/3546 3499/5840/3501 3435/5733/3437
f 3543/5922/3545 3500/5841/3502 3388/5734/3390
f 3500/5923/3502 3501/5845/3503 3389/5739/3391
f 3438/5842/3440 3545/5924/3547 3436/5735/3438
f 3436/5735/3438 3546/5925/3548 3437/5843/3439
f 3437/5843/3439 3546/5925/3548 3439/5742/3441
f 3501/5926/3503 3547/5927/3549 3438/5842/3440
f 3502/5846/3504 3548/5928/3550 3440/5743/3442
f 3441/5744/3443 3440/5743/3442 3549/5929/3551
f 3442/5745/3444 3441/5744/3443 3550/5930/3552
f 3442/5745/3444 3551/5931/3553 3459/5765/3461
f 3503/5847/3505 3392/5664/3394 3504/5848/3506
f 3505/5849/3507 3393/5665/3395 3503/5847/3505
f 3396/5669/3398 3505/5849/3507 3509/5856/3511
f 3510/5857/3512 3444/5747/3446 3445/5748/3447
f 3552/5932/3554 3445/5748/3447 3446/5749/3448
f 3553/5933/3555 3446/5850/3448 3447/5750/3449
f 3447/5934/3449 3506/5935/3508 3554/5936/3556
f 3448/5751/3450 3451/5757/3453 3555/5937/3557
f 3448/5853/3450 3556/5938/3558 3507/5854/3509
f 3336/5753/3337 3507/5854/3509 3508/5855/3510
f 3449/5754/3451 3508/5855/3510 3557/5939/3559
f 3558/5940/3560 3450/5756/3452 3449/5754/3451
f 3558/5940/3560 3506/5852/3508 3450/5756/3452
f 3451/5757/3453 3452/5758/3454 3559/5941/3561
f 3452/5942/3454 3509/5943/3511 3560/5944/3562
f 3453/5759/3455 3510/5857/3512 3561/5945/3563
f 3511/5858/3513 3453/5759/3455 3561/5945/3563
f 3454/5760/3456 3511/5858/3513 3562/5946/3564
f 3455/5761/3457 3454/5760/3456 3536/5897/3538
f 3424/5710/3426 3455/5761/3457 3536/5897/3538
f 3512/5859/3514 3513/5860/3515 3399/5672/3401
f 3513/5860/3515 3514/5861/3516 3400/5673/3402
f 3401/5674/3403 3514/5861/3516 3515/5862/3517
f 3402/5676/3404 3515/5862/3517 3516/5864/3518
f 3456/5762/3458 3457/5863/3459 3522/5870/3524
f 3563/5947/3565 3457/5763/3459 3516/5864/3518
f 3404/5678/3406 3519/5867/3521 3517/5865/3519
f 3403/5677/3405 3517/5865/3519 3518/5866/3520
f 3518/5866/3520 3520/5868/3522 3405/5679/3407
f 3458/5764/3460 3564/5948/3566 3519/5867/3521
f 3406/5680/3408 3520/5868/3522 3521/5869/3523
f 3408/5682/3410 3521/5869/3523 3512/5871/3514
f 3458/5764/3460 3522/5870/3524 3564/5948/3566
f 3460/5872/3462 3459/5765/3461 3565/5949/3567
f 3460/5872/3462 3566/5950/3568 3461/5951/3463
f 3461/5951/3463 3567/5952/3569 3504/5953/3506
f 3523/5881/3525 3410/5880/3412 3469/5954/3471
f 3411/5690/3413 3523/5881/3525 3524/5882/3526
f 3416/5774/3418 3524/5882/3526 3525/5884/3527
f 3462/5775/3464 3463/5776/3465 3539/5906/3541
f 3568/5955/3570 3463/5883/3465 3464/5777/3466
f 3528/5956/3530 3464/5777/3466 3419/5795/3421
f 3412/5885/3414 3525/5884/3527 3526/5957/3528
f 3413/5781/3415 3526/5886/3528 3527/5887/3529
f 3465/5782/3467 3527/5887/3529 3569/5958/3571
f 3465/5782/3467 3569/5958/3571 3468/5797/3470
f 3529/5959/3531 3528/5889/3530 3417/5787/3419
f 3531/5960/3533 3529/5890/3531 3466/5788/3468
f 3531/5961/3533 3418/5962/3420 3530/5963/3532
f 3569/5958/3571 3532/5893/3534 3468/5797/3470
f 3532/5893/3534 3533/5894/3535 3421/5706/3423
f 3533/5894/3535 3534/5895/3536 3422/5798/3424
f 3570/5964/3572 3469/5799/3471 3470/5800/3472
f 3571/5965/3573 3470/5966/3472 3471/5967/3473
f 3471/5967/3473 3535/5968/3537 3572/5969/3574
f 3472/5802/3474 3536/5897/3538 3573/5970/3575
f 3473/5803/3475 3472/5802/3474 3574/5971/3576
f 3474/5804/3476 3473/5803/3475 3575/5972/3577
f 3474/5804/3476 3576/5973/3578 3475/5805/3477
f 3476/5806/3478 3475/5805/3477 3577/5974/3579
f 3476/5898/3478 3578/5975/3580 3477/5807/3479
f 3537/5899/3539 3477/5807/3479 3578/5975/3580
f 3478/5809/3480 3537/5900/3539 3579/5976/3581
f 3479/5810/3481 3478/5809/3480 3580/5977/3582
f 3535/5896/3537 3479/5810/3481 3581/5978/3583
f 3480/5820/3482 3481/5816/3483 3538/5979/3540
f 3538/5902/3540 3582/5980/3584 3429/5719/3431
f 3429/5981/3431 3531/5961/3533 3530/5963/3532
f 3481/5816/3483 3482/5904/3484 3583/5982/3585
f 3430/5723/3432 3462/5775/3464 3539/5906/3541
f 3583/5982/3585 3482/5904/3484 3539/5983/3541
f 3439/5742/3441 3584/5984/3586 3540/5907/3542
f 3483/5821/3485 3540/5907/3542 3585/5985/3587
f 3483/5821/3485 3586/5986/3588 3484/5822/3486
f 3485/5823/3487 3484/5822/3486 3587/5987/3589
f 3588/5988/3590 3486/5824/3488 3485/5823/3487
f 3589/5989/3591 3487/5825/3489 3486/5824/3488
f 3487/5825/3489 3590/5990/3592 3541/5908/3543
f 3488/5826/3490 3591/5991/3593 3489/5909/3491
f 3488/5826/3490 3541/5908/3543 3591/5991/3593
f 3489/5909/3491 3592/5992/3594 3490/5911/3492
f 3490/5993/3492 3593/5994/3595 3491/5995/3493
f 3594/5996/3596 3492/5832/3494 3491/5831/3493
f 3492/5915/3494 3595/5997/3597 3493/5833/3495
f 3493/5833/3495 3596/5998/3598 3494/5834/3496
f 3494/5999/3496 3597/6000/3599 3495/6001/3497
f 3495/6001/3497 3597/6000/3599 3542/6002/3544
f 3542/5917/3544 3598/6003/3600 3496/5836/3498
f 3497/5837/3499 3496/5836/3498 3599/6004/3601
f 3497/5837/3499 3599/6004/3601 3502/5846/3504
f 3544/5921/3546 3435/5733/3437 3534/5895/3536
f 3499/6005/3501 3600/6006/3602 3498/5918/3500
f 3600/6006/3602 3543/5919/3545 3498/5918/3500
f 3544/5921/3546 3601/6007/3603 3499/5840/3501
f 3543/5922/3545 3602/6008/3604 3500/5841/3502
f 3500/5923/3502 3603/6009/3605 3501/5845/3503
f 3438/5842/3440 3547/5927/3549 3545/5924/3547
f 3436/5735/3438 3545/5924/3547 3546/5925/3548
f 3439/5742/3441 3546/5925/3548 3584/5984/3586
f 3501/6010/3503 3604/6011/3606 3547/6012/3549
f 3502/5846/3504 3605/6013/3607 3548/5928/3550
f 3549/5929/3551 3440/5743/3442 3548/5928/3550
f 3441/5744/3443 3549/5929/3551 3550/5930/3552
f 3442/5745/3444 3550/5930/3552 3551/5931/3553
f 3459/5765/3461 3551/5931/3553 3565/5949/3567
f 3503/5847/3505 3504/5848/3506 3567/6014/3569
f 3505/6015/3507 3503/6016/3505 3606/6017/3608
f 3505/6015/3507 3606/6017/3608 3509/6018/3511
f 3510/5857/3512 3445/5748/3447 3552/5932/3554
f 3552/5932/3554 3446/5749/3448 3553/6019/3555
f 3607/6020/3609 3553/5933/3555 3447/5750/3449
f 3554/5936/3556 3506/5935/3508 3608/6021/3610
f 3607/6022/3609 3447/5934/3449 3554/5936/3556
f 3451/5757/3453 3559/5941/3561 3555/5937/3557
f 3448/5853/3450 3555/6023/3557 3556/5938/3558
f 3556/5938/3558 3609/6024/3611 3507/5854/3509
f 3508/5855/3510 3507/5854/3509 3610/6025/3612
f 3557/5939/3559 3508/5855/3510 3611/6026/3613
f 3558/5940/3560 3449/5754/3451 3557/5939/3559
f 3612/6027/3614 3506/5852/3508 3558/5940/3560
f 3452/5942/3454 3560/5944/3562 3559/6028/3561
f 3560/6029/3562 3509/6030/3511 3613/6031/3615
f 3561/5945/3563 3510/5857/3512 3552/5932/3554
f 3511/5858/3513 3561/5945/3563 3614/6032/3616
f 3562/5946/3564 3511/5858/3513 3614/6032/3616
f 3536/5897/3538 3454/5760/3456 3562/5946/3564
f 3512/5859/3514 3615/6033/3617 3513/5860/3515
f 3616/6034/3618 3514/5861/3516 3513/5860/3515
f 3515/5862/3517 3514/5861/3516 3617/6035/3619
f 3515/5862/3517 3618/6036/3620 3516/5864/3518
f 3522/5870/3524 3457/5863/3459 3563/6037/3565
f 3563/5947/3565 3516/5864/3518 3619/6038/3621
f 3517/5865/3519 3519/5867/3521 3620/6039/3622
f 3517/5865/3519 3621/6040/3623 3518/5866/3520
f 3518/5866/3520 3622/6041/3624 3520/5868/3522
f 3519/5867/3521 3564/5948/3566 3623/6042/3625
f 3521/5869/3523 3520/5868/3522 3622/6041/3624
f 3521/5869/3523 3615/6043/3617 3512/5871/3514
f 3564/5948/3566 3522/5870/3524 3624/6044/3626
f 3460/5872/3462 3565/5949/3567 3566/5950/3568
f 3461/5951/3463 3566/5950/3568 3567/5952/3569
f 3523/5881/3525 3469/5954/3471 3570/6045/3572
f 3524/5882/3526 3523/5881/3525 3625/6046/3627
f 3525/5884/3527 3524/5882/3526 3626/6047/3628
f 3539/5983/3541 3463/5883/3465 3568/5955/3570
f 3568/5955/3570 3464/5777/3466 3528/5956/3530
f 3525/5884/3527 3626/6047/3628 3526/5957/3528
f 3527/6048/3529 3526/5957/3528 3627/6049/3629
f 3527/5887/3529 3628/6050/3630 3569/5958/3571
f 3529/5959/3531 3629/6051/3631 3528/5889/3530
f 3531/5960/3533 3582/5980/3584 3529/5890/3531
f 3569/5958/3571 3630/6052/3632 3532/5893/3534
f 3532/5893/3534 3630/6052/3632 3533/5894/3535
f 3631/6053/3633 3534/5895/3536 3533/5894/3535
f 3570/5964/3572 3470/5800/3472 3571/6054/3573
f 3571/5965/3573 3471/5967/3473 3572/5969/3574
f 3572/5969/3574 3535/5968/3537 3632/6055/3634
f 3573/5970/3575 3536/5897/3538 3562/5946/3564
f 3574/5971/3576 3472/5802/3474 3573/5970/3575
f 3575/5972/3577 3473/5803/3475 3574/5971/3576
f 3474/5804/3476 3575/5972/3577 3576/5973/3578
f 3577/5974/3579 3475/5805/3477 3576/5973/3578
f 3476/5806/3478 3577/5974/3579 3578/6056/3580
f 3537/5899/3539 3578/5975/3580 3633/6057/3635
f 3537/6058/3539 3633/6059/3635 3579/6060/3581
f 3580/5977/3582 3478/5809/3480 3579/5976/3581
f 3581/5978/3583 3479/5810/3481 3580/5977/3582
f 3535/5968/3537 3581/6061/3583 3632/6055/3634
f 3538/5979/3540 3481/5816/3483 3582/6062/3584
f 3429/5719/3431 3582/5980/3584 3531/5960/3533
f 3481/5816/3483 3583/5982/3585 3582/6062/3584
f 3583/5982/3585 3539/5983/3541 3568/5955/3570
f 3634/6063/3636 3540/5907/3542 3584/5984/3586
f 3634/6063/3636 3585/5985/3587 3540/5907/3542
f 3483/5821/3485 3585/5985/3587 3635/6064/3637
f 3483/5821/3485 3635/6064/3637 3586/5986/3588
f 3484/5822/3486 3586/5986/3588 3587/5987/3589
f 3588/5988/3590 3485/5823/3487 3587/5987/3589
f 3588/5988/3590 3589/5989/3591 3486/5824/3488
f 3589/5989/3591 3590/5990/3592 3487/5825/3489
f 3590/6065/3592 3636/6066/3638 3541/6067/3543
f 3591/5991/3593 3592/5992/3594 3489/5909/3491
f 3636/6068/3638 3591/5991/3593 3541/5908/3543
f 3592/5992/3594 3593/6069/3595 3490/5911/3492
f 3593/6070/3595 3594/6071/3596 3491/6072/3493
f 3594/5996/3596 3595/6073/3597 3492/5832/3494
f 3595/6074/3597 3596/6075/3598 3493/6076/3495
f 3596/6077/3598 3597/6000/3599 3494/5999/3496
f 3637/6078/3639 3542/5917/3544 3597/6079/3599
f 3542/5917/3544 3638/6080/3640 3598/6003/3600
f 3496/5836/3498 3598/6003/3600 3599/6004/3601
f 3502/5846/3504 3599/6004/3601 3605/6013/3607
f 3631/6053/3633 3544/5921/3546 3534/5895/3536
f 3499/6081/3501 3601/6082/3603 3600/6083/3602
f 3600/6084/3602 3639/6085/3641 3543/6086/3545
f 3640/6087/3642 3601/6007/3603 3544/5921/3546
f 3639/6088/3641 3602/6008/3604 3543/5922/3545
f 3602/6008/3604 3603/6089/3605 3500/5841/3502
f 3501/5845/3503 3603/6009/3605 3604/6090/3606
f 3547/5927/3549 3641/6091/3643 3545/5924/3547
f 3642/6092/3644 3546/5925/3548 3545/5924/3547
f 3642/6092/3644 3584/5984/3586 3546/5925/3548
f 3604/6093/3606 3643/6094/3645 3547/5927/3549
f 3605/6013/3607 3644/6095/3646 3548/5928/3550
f 3549/5929/3551 3548/5928/3550 3645/6096/3647
f 3550/5930/3552 3549/5929/3551 3646/6097/3648
f 3551/5931/3553 3550/5930/3552 3647/6098/3649
f 3565/5949/3567 3551/5931/3553 3648/6099/3650
f 3503/6100/3505 3567/5952/3569 3649/6101/3651
f 3503/6016/3505 3650/6102/3652 3606/6017/3608
f 3613/6031/3615 3509/6030/3511 3606/6103/3608
f 3651/6104/3653 3552/5932/3554 3553/6019/3555
f 3652/6105/3654 3553/5933/3555 3607/6020/3609
f 3608/6021/3610 3506/5935/3508 3612/6106/3614
f 3554/5936/3556 3608/6021/3610 3653/6107/3655
f 3607/6022/3609 3554/5936/3556 3654/6108/3656
f 3555/5937/3557 3559/5941/3561 3655/6109/3657
f 3556/5938/3558 3555/6023/3557 3655/6110/3657
f 3556/5938/3558 3656/6111/3658 3609/6024/3611
f 3610/6025/3612 3507/5854/3509 3609/6024/3611
f 3508/5855/3510 3610/6025/3612 3611/6026/3613
f 3557/5939/3559 3611/6026/3613 3657/6112/3659
f 3558/5940/3560 3557/5939/3559 3657/6112/3659
f 3612/6027/3614 3558/5940/3560 3657/6112/3659
f 3559/6028/3561 3560/5944/3562 3658/6113/3660
f 3560/6029/3562 3613/6031/3615 3659/6114/3661
f 3651/6104/3653 3561/5945/3563 3552/5932/3554
f 3614/6032/3616 3561/5945/3563 3651/6104/3653
f 3562/5946/3564 3614/6032/3616 3660/6115/3662
f 3615/6033/3617 3616/6034/3618 3513/5860/3515
f 3616/6034/3618 3617/6035/3619 3514/5861/3516
f 3515/5862/3517 3617/6035/3619 3618/6036/3620
f 3516/5864/3518 3618/6036/3620 3619/6038/3621
f 3522/5870/3524 3563/6037/3565 3624/6044/3626
f 3563/5947/3565 3619/6038/3621 3661/6116/3663
f 3519/5867/3521 3623/6042/3625 3620/6039/3622
f 3517/5865/3519 3620/6039/3622 3621/6040/3623
f 3518/5866/3520 3621/6040/3623 3622/6041/3624
f 3623/6042/3625 3564/5948/3566 3662/6117/3664
f 3521/5869/3523 3622/6041/3624 3615/6043/3617
f 3564/5948/3566 3624/6044/3626 3662/6117/3664
f 3566/5950/3568 3565/5949/3567 3663/6118/3665
f 3566/5950/3568 3664/6119/3666 3567/5952/3569
f 3625/6046/3627 3523/5881/3525 3570/6045/3572
f 3626/6047/3628 3524/5882/3526 3625/6046/3627
f 3568/5955/3570 3528/5956/3530 3629/6120/3631
f 3526/5957/3528 3626/6047/3628 3627/6049/3629
f 3527/6048/3529 3627/6049/3629 3628/6121/3630
f 3569/5958/3571 3628/6050/3630 3630/6052/3632
f 3582/6122/3584 3629/6051/3631 3529/5959/3531
f 3630/6052/3632 3631/6053/3633 3533/5894/3535
f 3665/6123/3667 3570/6045/3572 3571/5965/3573
f 3666/6124/3668 3571/5965/3573 3572/5969/3574
f 3667/6125/3669 3572/5969/3574 3632/6055/3634
f 3573/5970/3575 3562/5946/3564 3660/6115/3662
f 3574/5971/3576 3573/5970/3575 3668/6126/3670
f 3575/5972/3577 3574/5971/3576 3669/6127/3671
f 3576/5973/3578 3575/5972/3577 3670/6128/3672
f 3577/5974/3579 3576/5973/3578 3671/6129/3673
f 3578/6056/3580 3577/5974/3579 3672/6130/3674
f 3578/5975/3580 3672/6131/3674 3633/6057/3635
f 3579/6060/3581 3633/6059/3635 3673/6132/3675
f 3580/6133/3582 3579/6060/3581 3674/6134/3676
f 3581/6135/3583 3580/6133/3582 3675/6136/3677
f 3632/6137/3634 3581/6138/3583 3676/6139/3678
f 3583/5982/3585 3629/6120/3631 3582/6062/3584
f 3583/5982/3585 3568/5955/3570 3629/6120/3631
f 3677/6140/3679 3634/6063/3636 3584/5984/3586
f 3634/6063/3636 3678/6141/3680 3585/5985/3587
f 3679/6142/3681 3635/6064/3637 3585/5985/3587
f 3586/5986/3588 3635/6064/3637 3680/6143/3682
f 3586/5986/3588 3680/6143/3682 3587/5987/3589
f 3681/6144/3683 3588/5988/3590 3587/5987/3589
f 3588/5988/3590 3682/6145/3684 3589/5989/3591
f 3589/5989/3591 3683/6146/3685 3590/5990/3592
f 3684/6147/3686 3636/6066/3638 3590/6065/3592
f 3685/6148/3687 3592/5992/3594 3591/5991/3593
f 3636/6068/3638 3685/6148/3687 3591/5991/3593
f 3592/5992/3594 3686/6149/3688 3593/6069/3595
f 3593/6150/3595 3687/6151/3689 3594/6152/3596
f 3594/5996/3596 3688/6153/3690 3595/6073/3597
f 3595/6074/3597 3689/6154/3691 3596/6075/3598
f 3596/6155/3598 3690/6156/3692 3597/6157/3599
f 3637/6078/3639 3638/6080/3640 3542/5917/3544
f 3597/6158/3599 3691/6159/3693 3637/6160/3639
f 3638/6080/3640 3692/6161/3694 3598/6003/3600
f 3598/6003/3600 3693/6162/3695 3599/6004/3601
f 3599/6004/3601 3693/6162/3695 3605/6013/3607
f 3631/6053/3633 3640/6087/3642 3544/5921/3546
f 3601/6082/3603 3694/6163/3696 3600/6083/3602
f 3694/6164/3696 3639/6165/3641 3600/6166/3602
f 3640/6167/3642 3695/6168/3697 3601/6169/3603
f 3696/6170/3698 3602/6171/3604 3639/6172/3641
f 3602/6008/3604 3697/6173/3699 3603/6089/3605
f 3698/6174/3700 3604/6090/3606 3603/6009/3605
f 3643/6094/3645 3641/6091/3643 3547/5927/3549
f 3641/6091/3643 3642/6092/3644 3545/5924/3547
f 3642/6092/3644 3677/6140/3679 3584/5984/3586
f 3604/6175/3606 3699/6176/3701 3643/6177/3645
f 3605/6013/3607 3700/6178/3702 3644/6095/3646
f 3645/6096/3647 3548/5928/3550 3644/6095/3646
f 3549/5929/3551 3645/6096/3647 3646/6097/3648
f 3550/5930/3552 3646/6097/3648 3647/6098/3649
f 3551/5931/3553 3647/6098/3649 3648/6099/3650
f 3565/5949/3567 3648/6099/3650 3663/6118/3665
f 3567/5952/3569 3664/6119/3666 3649/6101/3651
f 3503/6100/3505 3649/6101/3651 3650/6179/3652
f 3606/6103/3608 3650/6180/3652 3701/6181/3703
f 3613/6031/3615 3606/6103/3608 3701/6181/3703
f 3651/6104/3653 3553/6019/3555 3652/6182/3654
f 3652/6105/3654 3607/6020/3609 3702/6183/3704
f 3608/6021/3610 3612/6106/3614 3703/6184/3705
f 3653/6107/3655 3608/6021/3610 3704/6185/3706
f 3654/6108/3656 3554/5936/3556 3653/6107/3655
f 3702/6186/3704 3607/6022/3609 3654/6108/3656
f 3655/6187/3657 3559/6028/3561 3658/6113/3660
f 3556/5938/3558 3655/6110/3657 3656/6111/3658
f 3656/6111/3658 3705/6188/3707 3609/6024/3611
f 3610/6025/3612 3609/6024/3611 3706/6189/3708
f 3611/6026/3613 3610/6025/3612 3707/6190/3709
f 3611/6026/3613 3708/6191/3710 3657/6112/3659
f 3612/6027/3614 3657/6112/3659 3709/6192/3711
f 3658/6193/3660 3560/6029/3562 3659/6114/3661
f 3659/6114/3661 3613/6031/3615 3710/6194/3712
f 3614/6032/3616 3651/6104/3653 3711/6195/3713
f 3614/6032/3616 3711/6195/3713 3660/6115/3662
f 3615/6033/3617 3712/6196/3714 3616/6034/3618
f 3616/6034/3618 3713/6197/3715 3617/6035/3619
f 3617/6035/3619 3714/6198/3716 3618/6036/3620
f 3619/6038/3621 3618/6036/3620 3715/6199/3717
f 3563/6037/3565 3661/6200/3663 3624/6044/3626
f 3661/6116/3663 3619/6038/3621 3715/6199/3717
f 3620/6039/3622 3623/6042/3625 3716/6201/3718
f 3621/6040/3623 3620/6039/3622 3717/6202/3719
f 3621/6040/3623 3718/6203/3720 3622/6041/3624
f 3622/6041/3624 3712/6204/3714 3615/6043/3617
f 3662/6117/3664 3624/6044/3626 3719/6205/3721
f 3566/5950/3568 3663/6118/3665 3664/6119/3666
f 3625/6046/3627 3570/6045/3572 3665/6123/3667
f 3626/6047/3628 3625/6046/3627 3720/6206/3722
f 3626/6047/3628 3720/6206/3722 3627/6049/3629
f 3628/6121/3630 3627/6049/3629 3721/6207/3723
f 3628/6050/3630 3722/6208/3724 3630/6052/3632
f 3722/6208/3724 3631/6053/3633 3630/6052/3632
f 3665/6123/3667 3571/5965/3573 3666/6124/3668
f 3666/6124/3668 3572/5969/3574 3667/6125/3669
f 3667/6125/3669 3632/6055/3634 3723/6209/3725
f 3668/6126/3670 3573/5970/3575 3660/6115/3662
f 3669/6127/3671 3574/5971/3576 3668/6126/3670
f 3575/5972/3577 3669/6127/3671 3670/6128/3672
f 3671/6129/3673 3576/5973/3578 3670/6128/3672
f 3577/5974/3579 3671/6129/3673 3672/6130/3674
f 3673/6132/3675 3633/6059/3635 3672/6210/3674
f 3674/6134/3676 3579/6060/3581 3673/6132/3675
f 3580/6133/3582 3674/6134/3676 3675/6136/3677
f 3581/6061/3583 3675/6211/3677 3676/6212/3678
f 3723/6209/3725 3632/6055/3634 3676/6212/3678
f 3677/6140/3679 3724/6213/3726 3634/6063/3636
f 3634/6063/3636 3724/6213/3726 3678/6141/3680
f 3678/6141/3680 3679/6142/3681 3585/5985/3587
f 3679/6142/3681 3725/6214/3727 3635/6064/3637
f 3725/6214/3727 3680/6143/3682 3635/6064/3637
f 3681/6144/3683 3587/5987/3589 3680/6143/3682
f 3681/6144/3683 3682/6145/3684 3588/5988/3590
f 3589/5989/3591 3682/6145/3684 3683/6146/3685
f 3683/6146/3685 3684/6215/3686 3590/5990/3592
f 3684/6147/3686 3726/6216/3728 3636/6066/3638
f 3685/6148/3687 3686/6149/3688 3592/5992/3594
f 3636/6066/3638 3726/6216/3728 3685/6217/3687
f 3686/6149/3688 3727/6218/3729 3593/6069/3595
f 3593/6069/3595 3727/6218/3729 3687/6219/3689
f 3687/6219/3689 3688/6220/3690 3594/6221/3596
f 3688/6220/3690 3689/6222/3691 3595/6223/3597
f 3689/6154/3691 3690/6224/3692 3596/6075/3598
f 3690/6225/3692 3691/6159/3693 3597/6158/3599
f 3637/6078/3639 3728/6226/3730 3638/6080/3640
f 3691/6227/3693 3728/6228/3730 3637/6229/3639
f 3638/6080/3640 3729/6230/3731 3692/6161/3694
f 3598/6003/3600 3692/6161/3694 3693/6162/3695
f 3693/6162/3695 3700/6178/3702 3605/6013/3607
f 3722/6208/3724 3640/6087/3642 3631/6053/3633
f 3695/6231/3697 3694/6232/3696 3601/6233/3603
f 3694/6234/3696 3730/6235/3732 3639/6172/3641
f 3731/6236/3733 3695/6168/3697 3640/6167/3642
f 3696/6237/3698 3697/6173/3699 3602/6008/3604
f 3730/6235/3732 3696/6170/3698 3639/6172/3641
f 3697/6238/3699 3698/6239/3700 3603/6240/3605
f 3698/6174/3700 3699/6241/3701 3604/6090/3606
f 3643/6094/3645 3732/6242/3734 3641/6091/3643
f 3641/6091/3643 3733/6243/3735 3642/6092/3644
f 3642/6092/3644 3733/6243/3735 3677/6140/3679
f 3643/6094/3645 3699/6244/3701 3734/6245/3736
f 3700/6178/3702 3735/6246/3737 3644/6095/3646
f 3645/6096/3647 3644/6095/3646 3736/6247/3738
f 3645/6096/3647 3737/6248/3739 3646/6097/3648
f 3646/6097/3648 3738/6249/3740 3647/6098/3649
f 3648/6099/3650 3647/6098/3649 3739/6250/3741
f 3648/6099/3650 3740/6251/3742 3663/6118/3665
f 3649/6101/3651 3664/6119/3666 3741/6252/3743
f 3650/6179/3652 3649/6101/3651 3742/6253/3744
f 3701/6181/3703 3650/6180/3652 3742/6254/3744
f 3613/6031/3615 3701/6181/3703 3710/6194/3712
f 3651/6104/3653 3652/6182/3654 3711/6195/3713
f 3743/6255/3745 3652/6105/3654 3702/6183/3704
f 3703/6184/3705 3612/6106/3614 3709/6256/3711
f 3608/6021/3610 3703/6184/3705 3704/6185/3706
f 3653/6107/3655 3704/6185/3706 3744/6257/3746
f 3745/6258/3747 3654/6108/3656 3653/6107/3655
f 3702/6186/3704 3654/6108/3656 3746/6259/3748
f 3655/6187/3657 3658/6113/3660 3747/6260/3749
f 3656/6111/3658 3655/6110/3657 3747/6261/3749
f 3656/6111/3658 3748/6262/3750 3705/6188/3707
f 3706/6189/3708 3609/6024/3611 3705/6188/3707
f 3707/6190/3709 3610/6025/3612 3706/6189/3708
f 3611/6026/3613 3707/6190/3709 3708/6191/3710
f 3657/6112/3659 3708/6191/3710 3709/6192/3711
f 3658/6193/3660 3659/6114/3661 3749/6263/3751
f 3659/6264/3661 3710/6265/3712 3750/6266/3752
f 3751/6267/3753 3660/6115/3662 3711/6195/3713
f 3616/6034/3618 3712/6196/3714 3713/6197/3715
f 3713/6197/3715 3714/6198/3716 3617/6035/3619
f 3714/6198/3716 3715/6199/3717 3618/6036/3620
f 3624/6044/3626 3661/6200/3663 3719/6205/3721
f 3661/6116/3663 3715/6199/3717 3752/6268/3754
f 3716/6201/3718 3623/6042/3625 3753/6269/3755
f 3620/6039/3622 3716/6201/3718 3717/6202/3719
f 3621/6040/3623 3717/6202/3719 3718/6203/3720
f 3622/6041/3624 3718/6203/3720 3712/6204/3714
f 3753/6269/3755 3662/6117/3664 3754/6270/3756
f 3662/6117/3664 3719/6205/3721 3754/6270/3756
f 3664/6119/3666 3663/6118/3665 3755/6271/3757
f 3720/6206/3722 3625/6046/3627 3665/6123/3667
f 3627/6049/3629 3720/6206/3722 3721/6207/3723
f 3628/6121/3630 3721/6207/3723 3722/6272/3724
f 3665/6123/3667 3666/6124/3668 3756/6273/3758
f 3757/6274/3759 3666/6124/3668 3667/6125/3669
f 3667/6125/3669 3723/6209/3725 3730/6235/3732
f 3668/6126/3670 3660/6115/3662 3751/6267/3753
f 3669/6127/3671 3668/6126/3670 3758/6275/3760
f 3670/6128/3672 3669/6127/3671 3759/6276/3761
f 3671/6129/3673 3670/6128/3672 3760/6277/3762
f 3672/6210/3674 3671/6278/3673 3761/6279/3763
f 3762/6280/3764 3673/6132/3675 3672/6210/3674
f 3674/6134/3676 3673/6132/3675 3762/6280/3764
f 3675/6281/3677 3674/6282/3676 3763/6283/3765
f 3676/6212/3678 3675/6211/3677 3764/6284/3766
f 3723/6209/3725 3676/6212/3678 3765/6285/3767
f 3677/6140/3679 3766/6286/3768 3724/6213/3726
f 3767/6287/3769 3678/6288/3680 3724/6289/3726
f 3768/6290/3770 3679/6142/3681 3678/6141/3680
f 3679/6142/3681 3769/6291/3771 3725/6214/3727
f 3725/6214/3727 3770/6292/3772 3680/6143/3682
f 3770/6292/3772 3681/6144/3683 3680/6143/3682
f 3681/6144/3683 3771/6293/3773 3682/6145/3684
f 3682/6145/3684 3772/6294/3774 3683/6146/3685
f 3683/6146/3685 3773/6295/3775 3684/6215/3686
f 3774/6296/3776 3726/6216/3728 3684/6147/3686
f 3685/6148/3687 3775/6297/3777 3686/6149/3688
f 3685/6148/3687 3726/6298/3728 3775/6297/3777
f 3775/6297/3777 3727/6218/3729 3686/6149/3688
f 3776/6299/3778 3687/6219/3689 3727/6218/3729
f 3687/6219/3689 3777/6300/3779 3688/6220/3690
f 3688/6220/3690 3778/6301/3780 3689/6222/3691
f 3689/6154/3691 3779/6302/3781 3690/6224/3692
f 3690/6225/3692 3780/6303/3782 3691/6159/3693
f 3728/6226/3730 3729/6230/3731 3638/6080/3640
f 3691/6227/3693 3781/6304/3783 3728/6228/3730
f 3729/6230/3731 3782/6305/3784 3692/6161/3694
f 3693/6162/3695 3692/6161/3694 3783/6306/3785
f 3693/6162/3695 3783/6306/3785 3700/6178/3702
f 3722/6272/3724 3731/6236/3733 3640/6167/3642
f 3695/6168/3697 3757/6274/3759 3694/6234/3696
f 3694/6234/3696 3757/6274/3759 3730/6235/3732
f 3731/6236/3733 3756/6273/3758 3695/6168/3697
f 3696/6170/3698 3765/6285/3767 3697/6238/3699
f 3730/6235/3732 3723/6209/3725 3696/6170/3698
f 3697/6238/3699 3784/6307/3786 3698/6239/3700
f 3698/6239/3700 3785/6308/3787 3699/6309/3701
f 3643/6094/3645 3734/6245/3736 3732/6242/3734
f 3732/6242/3734 3786/6310/3788 3641/6091/3643
f 3641/6091/3643 3786/6310/3788 3733/6243/3735
f 3733/6243/3735 3766/6286/3768 3677/6140/3679
f 3787/6311/3789 3734/6245/3736 3699/6244/3701
f 3700/6178/3702 3788/6312/3790 3735/6246/3737
f 3789/6313/3791 3736/6314/3738 3735/6315/3737
f 3735/6246/3737 3736/6247/3738 3644/6095/3646
f 3645/6096/3647 3736/6247/3738 3737/6248/3739
f 3646/6097/3648 3737/6248/3739 3738/6249/3740
f 3739/6250/3741 3647/6098/3649 3738/6249/3740
f 3648/6099/3650 3739/6250/3741 3740/6251/3742
f 3663/6118/3665 3740/6251/3742 3755/6271/3757
f 3741/6252/3743 3664/6119/3666 3755/6271/3757
f 3742/6253/3744 3649/6101/3651 3741/6252/3743
f 3701/6316/3703 3742/6317/3744 3790/6318/3792
f 3710/6265/3712 3701/6316/3703 3790/6318/3792
f 3711/6195/3713 3652/6182/3654 3743/6319/3745
f 3743/6320/3745 3702/6321/3704 3791/6322/3793
f 3792/6323/3794 3703/6184/3705 3709/6256/3711
f 3704/6185/3706 3703/6184/3705 3793/6324/3795
f 3744/6257/3746 3704/6185/3706 3794/6325/3796
f 3745/6258/3747 3653/6107/3655 3744/6257/3746
f 3746/6259/3748 3654/6108/3656 3745/6258/3747
f 3702/6186/3704 3746/6259/3748 3791/6326/3793
f 3747/6327/3749 3658/6193/3660 3749/6263/3751
f 3656/6111/3658 3747/6261/3749 3748/6262/3750
f 3748/6262/3750 3795/6328/3797 3705/6188/3707
f 3706/6189/3708 3705/6188/3707 3796/6329/3798
f 3707/6190/3709 3706/6189/3708 3797/6330/3799
f 3798/6331/3800 3708/6191/3710 3707/6190/3709
f 3799/6332/3801 3709/6192/3711 3708/6191/3710
f 3749/6333/3751 3659/6264/3661 3750/6266/3752
f 3750/6266/3752 3710/6265/3712 3800/6334/3802
f 3751/6267/3753 3711/6195/3713 3743/6319/3745
f 3712/6196/3714 3801/6335/3803 3713/6197/3715
f 3802/6336/3804 3714/6198/3716 3713/6197/3715
f 3714/6198/3716 3803/6337/3805 3715/6199/3717
f 3661/6200/3663 3752/6338/3754 3719/6205/3721
f 3752/6268/3754 3715/6199/3717 3804/6339/3806
f 3716/6201/3718 3753/6269/3755 3805/6340/3807
f 3717/6202/3719 3716/6201/3718 3806/6341/3808
f 3717/6202/3719 3807/6342/3809 3718/6203/3720
f 3718/6203/3720 3801/6343/3803 3712/6204/3714
f 3754/6270/3756 3719/6205/3721 3808/6344/3810
f 3720/6206/3722 3665/6123/3667 3809/6345/3811
f 3721/6207/3723 3720/6206/3722 3809/6345/3811
f 3721/6207/3723 3731/6236/3733 3722/6272/3724
f 3756/6273/3758 3666/6124/3668 3757/6274/3759
f 3756/6273/3758 3809/6345/3811 3665/6123/3667
f 3757/6274/3759 3667/6125/3669 3730/6235/3732
f 3668/6126/3670 3751/6267/3753 3758/6275/3760
f 3669/6127/3671 3758/6275/3760 3759/6276/3761
f 3670/6128/3672 3759/6276/3761 3760/6277/3762
f 3671/6346/3673 3760/6347/3762 3810/6348/3812
f 3671/6346/3673 3810/6348/3812 3761/6349/3763
f 3762/6280/3764 3672/6210/3674 3761/6279/3763
f 3674/6134/3676 3762/6280/3764 3811/6350/3813
f 3763/6351/3765 3674/6134/3676 3811/6350/3813
f 3675/6211/3677 3763/6352/3765 3764/6284/3766
f 3765/6285/3767 3676/6212/3678 3764/6284/3766
f 3696/6170/3698 3723/6209/3725 3765/6285/3767
f 3766/6353/3768 3767/6287/3769 3724/6289/3726
f 3767/6354/3769 3812/6355/3814 3678/6141/3680
f 3768/6290/3770 3769/6291/3771 3679/6142/3681
f 3768/6290/3770 3678/6141/3680 3812/6355/3814
f 3769/6291/3771 3813/6356/3815 3725/6214/3727
f 3725/6214/3727 3813/6356/3815 3770/6292/3772
f 3770/6292/3772 3771/6293/3773 3681/6144/3683
f 3682/6145/3684 3771/6293/3773 3772/6294/3774
f 3772/6294/3774 3773/6295/3775 3683/6146/3685
f 3773/6295/3775 3774/6357/3776 3684/6215/3686
f 3774/6296/3776 3814/6358/3816 3726/6216/3728
f 3726/6298/3728 3814/6359/3816 3775/6297/3777
f 3775/6297/3777 3815/6360/3817 3727/6218/3729
f 3776/6299/3778 3777/6300/3779 3687/6219/3689
f 3815/6360/3817 3776/6299/3778 3727/6218/3729
f 3688/6220/3690 3777/6300/3779 3778/6301/3780
f 3689/6154/3691 3778/6361/3780 3779/6302/3781
f 3779/6302/3781 3780/6362/3782 3690/6224/3692
f 3691/6159/3693 3780/6303/3782 3781/6363/3783
f 3728/6226/3730 3816/6364/3818 3729/6230/3731
f 3781/6304/3783 3817/6365/3819 3728/6228/3730
f 3729/6230/3731 3818/6366/3820 3782/6305/3784
f 3692/6367/3694 3782/6368/3784 3819/6369/3821
f 3692/6367/3694 3819/6369/3821 3783/6370/3785
f 3700/6178/3702 3783/6306/3785 3788/6312/3790
f 3756/6273/3758 3757/6274/3759 3695/6168/3697
f 3731/6236/3733 3809/6345/3811 3756/6273/3758
f 3765/6285/3767 3784/6307/3786 3697/6238/3699
f 3784/6307/3786 3785/6308/3787 3698/6239/3700
f 3785/6371/3787 3787/6311/3789 3699/6244/3701
f 3734/6245/3736 3820/6372/3822 3732/6242/3734
f 3820/6372/3822 3786/6310/3788 3732/6242/3734
f 3786/6310/3788 3821/6373/3823 3733/6243/3735
f 3733/6243/3735 3821/6373/3823 3766/6286/3768
f 3822/6374/3824 3734/6245/3736 3787/6311/3789
f 3823/6375/3825 3735/6315/3737 3788/6376/3790
f 3823/6375/3825 3789/6313/3791 3735/6315/3737
f 3789/6313/3791 3824/6377/3826 3736/6314/3738
f 3737/6378/3739 3736/6314/3738 3824/6377/3826
f 3825/6379/3827 3738/6380/3740 3737/6378/3739
f 3739/6381/3741 3738/6380/3740 3826/6382/3828
f 3827/6383/3829 3740/6384/3742 3739/6381/3741
f 3755/6385/3757 3740/6384/3742 3828/6386/3830
f 3741/6387/3743 3755/6385/3757 3829/6388/3831
f 3742/6317/3744 3741/6387/3743 3829/6388/3831
f 3742/6317/3744 3829/6388/3831 3790/6318/3792
f 3710/6265/3712 3790/6318/3792 3800/6334/3802
f 3743/6320/3745 3791/6322/3793 3830/6389/3832
f 3703/6184/3705 3792/6323/3794 3793/6324/3795
f 3792/6390/3794 3709/6391/3711 3799/6392/3801
f 3794/6325/3796 3704/6185/3706 3793/6324/3795
f 3744/6257/3746 3794/6325/3796 3831/6393/3833
f 3745/6258/3747 3744/6257/3746 3832/6394/3834
f 3833/6395/3835 3746/6259/3748 3745/6258/3747
f 3834/6396/3836 3791/6326/3793 3746/6259/3748
f 3747/6327/3749 3749/6263/3751 3835/6397/3837
f 3748/6262/3750 3747/6261/3749 3835/6398/3837
f 3748/6262/3750 3836/6399/3838 3795/6328/3797
f 3796/6329/3798 3705/6188/3707 3795/6328/3797
f 3706/6189/3708 3796/6329/3798 3837/6400/3839
f 3797/6330/3799 3706/6189/3708 3837/6400/3839
f 3798/6331/3800 3707/6190/3709 3797/6330/3799
f 3799/6332/3801 3708/6191/3710 3798/6331/3800
f 3749/6333/3751 3750/6266/3752 3838/6401/3840
f 3839/6402/3841 3750/6266/3752 3800/6334/3802
f 3751/6403/3753 3743/6404/3745 3830/6405/3832
f 3801/6335/3803 3802/6336/3804 3713/6197/3715
f 3802/6336/3804 3803/6337/3805 3714/6198/3716
f 3715/6199/3717 3803/6337/3805 3804/6339/3806
f 3719/6205/3721 3752/6338/3754 3808/6344/3810
f 3752/6268/3754 3804/6339/3806 3840/6406/3842
f 3805/6340/3807 3753/6269/3755 3841/6407/3843
f 3716/6201/3718 3805/6340/3807 3806/6341/3808
f 3717/6202/3719 3806/6341/3808 3807/6342/3809
f 3718/6203/3720 3807/6342/3809 3801/6343/3803
f 3753/6269/3755 3754/6270/3756 3841/6407/3843
f 3754/6270/3756 3808/6344/3810 3842/6408/3844
f 3721/6207/3723 3809/6345/3811 3731/6236/3733
f 3758/6409/3760 3751/6410/3753 3843/6411/3845
f 3759/6412/3761 3758/6413/3760 3844/6414/3846
f 3760/6415/3762 3759/6416/3761 3845/6417/3847
f 3810/6348/3812 3760/6347/3762 3846/6418/3848
f 3847/6419/3849 3761/6349/3763 3810/6348/3812
f 3762/6280/3764 3761/6279/3763 3848/6420/3850
f 3811/6350/3813 3762/6280/3764 3848/6420/3850
f 3763/6351/3765 3811/6350/3813 3849/6421/3851
f 3764/6284/3766 3763/6352/3765 3850/6422/3852
f 3765/6285/3767 3764/6284/3766 3784/6307/3786
f 3851/6423/3853 3767/6287/3769 3766/6353/3768
f 3767/6424/3769 3852/6425/3854 3812/6426/3814
f 3768/6290/3770 3853/6427/3855 3769/6291/3771
f 3768/6290/3770 3812/6355/3814 3854/6428/3856
f 3769/6291/3771 3855/6429/3857 3813/6356/3815
f 3813/6356/3815 3856/6430/3858 3770/6292/3772
f 3770/6292/3772 3856/6430/3858 3771/6293/3773
f 3857/6431/3859 3772/6294/3774 3771/6293/3773
f 3772/6294/3774 3858/6432/3860 3773/6295/3775
f 3773/6295/3775 3859/6433/3861 3774/6357/3776
f 3774/6434/3776 3860/6435/3862 3814/6436/3816
f 3814/6359/3816 3861/6437/3863 3775/6297/3777
f 3861/6437/3863 3815/6360/3817 3775/6297/3777
f 3776/6299/3778 3862/6438/3864 3777/6300/3779
f 3815/6360/3817 3863/6439/3865 3776/6299/3778
f 3777/6300/3779 3864/6440/3866 3778/6301/3780
f 3778/6441/3780 3865/6442/3867 3779/6443/3781
f 3779/6443/3781 3866/6444/3868 3780/6445/3782
f 3867/6446/3869 3781/6447/3783 3780/6445/3782
f 3728/6228/3730 3817/6365/3819 3816/6448/3818
f 3816/6449/3818 3868/6450/3870 3729/6451/3731
f 3781/6452/3783 3869/6453/3871 3817/6454/3819
f 3868/6455/3870 3818/6366/3820 3729/6230/3731
f 3782/6305/3784 3818/6366/3820 3870/6456/3872
f 3871/6457/3873 3819/6369/3821 3782/6368/3784
f 3819/6369/3821 3788/6376/3790 3783/6370/3785
f 3784/6307/3786 3850/6422/3852 3785/6308/3787
f 3872/6458/3874 3787/6311/3789 3785/6371/3787
f 3822/6374/3824 3820/6372/3822 3734/6245/3736
f 3873/6459/3875 3786/6310/3788 3820/6372/3822
f 3873/6459/3875 3821/6373/3823 3786/6310/3788
f 3821/6460/3823 3851/6423/3853 3766/6353/3768
f 3874/6461/3876 3822/6374/3824 3787/6311/3789
f 3823/6375/3825 3788/6376/3790 3819/6369/3821
f 3823/6375/3825 3875/6462/3877 3789/6313/3791
f 3876/6463/3878 3824/6377/3826 3789/6313/3791
f 3825/6379/3827 3737/6378/3739 3824/6377/3826
f 3825/6379/3827 3826/6382/3828 3738/6380/3740
f 3827/6383/3829 3739/6381/3741 3826/6382/3828
f 3827/6383/3829 3828/6386/3830 3740/6384/3742
f 3829/6388/3831 3755/6385/3757 3828/6386/3830
f 3877/6464/3879 3790/6318/3792 3829/6388/3831
f 3800/6334/3802 3790/6318/3792 3877/6464/3879
f 3830/6389/3832 3791/6322/3793 3878/6465/3880
f 3793/6324/3795 3792/6323/3794 3879/6466/3881
f 3792/6390/3794 3799/6392/3801 3879/6467/3881
f 3794/6325/3796 3793/6324/3795 3880/6468/3882
f 3831/6393/3833 3794/6325/3796 3881/6469/3883
f 3832/6394/3834 3744/6257/3746 3831/6393/3833
f 3833/6395/3835 3745/6258/3747 3832/6394/3834
f 3834/6396/3836 3746/6259/3748 3833/6395/3835
f 3834/6396/3836 3878/6470/3880 3791/6326/3793
f 3835/6471/3837 3749/6333/3751 3838/6401/3840
f 3748/6262/3750 3835/6398/3837 3836/6399/3838
f 3882/6472/3884 3795/6328/3797 3836/6399/3838
f 3796/6329/3798 3795/6328/3797 3883/6473/3885
f 3837/6400/3839 3796/6329/3798 3884/6474/3886
f 3885/6475/3887 3797/6330/3799 3837/6400/3839
f 3798/6331/3800 3797/6330/3799 3885/6475/3887
f 3886/6476/3888 3799/6332/3801 3798/6331/3800
f 3838/6401/3840 3750/6266/3752 3839/6402/3841
f 3839/6402/3841 3800/6334/3802 3887/6477/3889
f 3751/6403/3753 3830/6405/3832 3843/6478/3845
f 3801/6335/3803 3888/6479/3890 3802/6336/3804
f 3802/6336/3804 3889/6480/3891 3803/6337/3805
f 3803/6337/3805 3890/6481/3892 3804/6339/3806
f 3808/6344/3810 3752/6338/3754 3840/6482/3842
f 3840/6406/3842 3804/6339/3806 3891/6483/3893
f 3805/6340/3807 3841/6407/3843 3892/6484/3894
f 3806/6341/3808 3805/6340/3807 3893/6485/3895
f 3806/6341/3808 3894/6486/3896 3807/6342/3809
f 3801/6343/3803 3807/6342/3809 3888/6487/3890
f 3841/6407/3843 3754/6270/3756 3842/6408/3844
f 3842/6408/3844 3808/6344/3810 3895/6488/3897
f 3844/6489/3846 3758/6409/3760 3843/6411/3845
f 3759/6412/3761 3844/6414/3846 3845/6490/3847
f 3760/6347/3762 3845/6490/3847 3846/6418/3848
f 3810/6491/3812 3846/6492/3848 3896/6493/3898
f 3848/6494/3850 3761/6349/3763 3847/6419/3849
f 3847/6419/3849 3810/6348/3812 3896/6495/3898
f 3897/6496/3899 3811/6350/3813 3848/6420/3850
f 3849/6421/3851 3811/6350/3813 3897/6496/3899
f 3850/6422/3852 3763/6352/3765 3849/6497/3851
f 3784/6307/3786 3764/6284/3766 3850/6422/3852
f 3851/6423/3853 3852/6498/3854 3767/6287/3769
f 3812/6426/3814 3852/6425/3854 3898/6499/3900
f 3768/6290/3770 3854/6428/3856 3853/6427/3855
f 3769/6291/3771 3853/6427/3855 3855/6429/3857
f 3812/6426/3814 3898/6499/3900 3854/6500/3856
f 3813/6356/3815 3855/6429/3857 3899/6501/3901
f 3813/6356/3815 3899/6501/3901 3856/6430/3858
f 3856/6430/3858 3857/6431/3859 3771/6293/3773
f 3857/6431/3859 3858/6432/3860 3772/6294/3774
f 3858/6432/3860 3859/6433/3861 3773/6295/3775
f 3859/6502/3861 3860/6435/3862 3774/6434/3776
f 3860/6503/3862 3900/6504/3902 3814/6359/3816
f 3900/6504/3902 3861/6437/3863 3814/6359/3816
f 3861/6437/3863 3901/6505/3903 3815/6360/3817
f 3863/6439/3865 3862/6438/3864 3776/6299/3778
f 3862/6438/3864 3864/6440/3866 3777/6300/3779
f 3901/6505/3903 3863/6439/3865 3815/6360/3817
f 3864/6506/3866 3865/6442/3867 3778/6441/3780
f 3779/6443/3781 3865/6442/3867 3866/6444/3868
f 3867/6446/3869 3780/6445/3782 3866/6444/3868
f 3902/6507/3904 3781/6447/3783 3867/6446/3869
f 3817/6365/3819 3903/6508/3905 3816/6448/3818
f 3816/6509/3818 3904/6510/3906 3868/6511/3870
f 3781/6452/3783 3905/6512/3907 3869/6453/3871
f 3869/6513/3871 3903/6508/3905 3817/6365/3819
f 3868/6455/3870 3906/6514/3908 3818/6366/3820
f 3870/6456/3872 3818/6366/3820 3907/6515/3909
f 3782/6305/3784 3870/6456/3872 3908/6516/3910
f 3871/6457/3873 3823/6375/3825 3819/6369/3821
f 3871/6517/3873 3782/6305/3784 3908/6516/3910
f 3785/6371/3787 3850/6518/3852 3909/6519/3911
f 3872/6458/3874 3874/6461/3876 3787/6311/3789
f 3872/6458/3874 3785/6371/3787 3909/6519/3911
f 3822/6374/3824 3910/6520/3912 3820/6372/3822
f 3873/6459/3875 3820/6372/3822 3910/6520/3912
f 3873/6521/3875 3911/6522/3913 3821/6460/3823
f 3911/6522/3913 3851/6423/3853 3821/6460/3823
f 3874/6461/3876 3912/6523/3914 3822/6374/3824
f 3871/6457/3873 3875/6462/3877 3823/6375/3825
f 3876/6463/3878 3789/6313/3791 3875/6462/3877
f 3876/6463/3878 3913/6524/3915 3824/6377/3826
f 3913/6524/3915 3825/6379/3827 3824/6377/3826
f 3914/6525/3916 3826/6382/3828 3825/6379/3827
f 3915/6526/3917 3827/6383/3829 3826/6382/3828
f 3827/6383/3829 3916/6527/3918 3828/6386/3830
f 3877/6464/3879 3829/6388/3831 3828/6386/3830
f 3800/6334/3802 3877/6464/3879 3887/6477/3889
f 3917/6528/3919 3830/6389/3832 3878/6465/3880
f 3793/6324/3795 3879/6466/3881 3880/6468/3882
f 3879/6467/3881 3799/6392/3801 3886/6529/3888
f 3794/6325/3796 3880/6468/3882 3881/6469/3883
f 3831/6393/3833 3881/6469/3883 3918/6530/3920
f 3832/6394/3834 3831/6393/3833 3919/6531/3921
f 3833/6395/3835 3832/6394/3834 3920/6532/3922
f 3921/6533/3923 3834/6396/3836 3833/6395/3835
f 3922/6534/3924 3878/6470/3880 3834/6396/3836
f 3923/6535/3925 3835/6471/3837 3838/6401/3840
f 3836/6399/3838 3835/6398/3837 3924/6536/3926
f 3882/6472/3884 3883/6473/3885 3795/6328/3797
f 3925/6537/3927 3882/6472/3884 3836/6399/3838
f 3796/6329/3798 3883/6473/3885 3884/6474/3886
f 3837/6400/3839 3884/6474/3886 3926/6538/3928
f 3885/6475/3887 3837/6400/3839 3926/6538/3928
f 3886/6476/3888 3798/6331/3800 3885/6475/3887
f 3838/6401/3840 3839/6402/3841 3927/6539/3929
f 3839/6402/3841 3887/6477/3889 3928/6540/3930
f 3843/6478/3845 3830/6405/3832 3917/6541/3919
f 3802/6336/3804 3888/6479/3890 3889/6480/3891
f 3889/6480/3891 3890/6481/3892 3803/6337/3805
f 3890/6481/3892 3891/6483/3893 3804/6339/3806
f 3808/6344/3810 3840/6482/3842 3895/6488/3897
f 3840/6406/3842 3891/6483/3893 3929/6542/3931
f 3841/6407/3843 3930/6543/3932 3892/6484/3894
f 3805/6340/3807 3892/6484/3894 3893/6485/3895
f 3806/6341/3808 3893/6485/3895 3894/6486/3896
f 3807/6342/3809 3894/6486/3896 3888/6487/3890
f 3841/6407/3843 3842/6408/3844 3930/6543/3932
f 3895/6488/3897 3931/6544/3933 3842/6408/3844
f 3844/6489/3846 3843/6411/3845 3932/6545/3934
f 3845/6490/3847 3844/6414/3846 3933/6546/3935
f 3846/6418/3848 3845/6490/3847 3934/6547/3936
f 3896/6493/3898 3846/6492/3848 3935/6548/3937
f 3936/6549/3938 3848/6550/3850 3847/6551/3849
f 3847/6419/3849 3896/6495/3898 3937/6552/3939
f 3897/6553/3899 3848/6550/3850 3936/6549/3938
f 3938/6554/3940 3849/6421/3851 3897/6496/3899
f 3850/6422/3852 3849/6497/3851 3909/6555/3911
f 3851/6423/3853 3939/6556/3941 3852/6498/3854
f 3852/6425/3854 3940/6557/3942 3898/6499/3900
f 3854/6428/3856 3941/6558/3943 3853/6427/3855
f 3942/6559/3944 3855/6429/3857 3853/6427/3855
f 3854/6428/3856 3898/6560/3900 3943/6561/3945
f 3855/6429/3857 3944/6562/3946 3899/6501/3901
f 3856/6430/3858 3899/6501/3901 3945/6563/3947
f 3856/6564/3858 3945/6565/3947 3857/6566/3859
f 3857/6566/3859 3946/6567/3948 3858/6568/3860
f 3858/6569/3860 3947/6570/3949 3859/6502/3861
f 3859/6502/3861 3947/6570/3949 3860/6435/3862
f 3860/6503/3862 3948/6571/3950 3900/6504/3902
f 3900/6572/3902 3949/6573/3951 3861/6574/3863
f 3949/6575/3951 3901/6505/3903 3861/6437/3863
f 3863/6576/3865 3950/6577/3952 3862/6578/3864
f 3862/6578/3864 3951/6579/3953 3864/6506/3866
f 3901/6580/3903 3952/6581/3954 3863/6576/3865
f 3864/6506/3866 3951/6579/3953 3865/6442/3867
f 3953/6582/3955 3866/6444/3868 3865/6442/3867
f 3954/6583/3956 3867/6446/3869 3866/6444/3868
f 3902/6584/3904 3905/6512/3907 3781/6452/3783
f 3955/6585/3957 3902/6507/3904 3867/6446/3869
f 3903/6508/3905 3904/6586/3906 3816/6448/3818
f 3868/6587/3870 3904/6586/3906 3906/6588/3908
f 3956/6589/3958 3869/6453/3871 3905/6512/3907
f 3903/6508/3905 3869/6513/3871 3957/6590/3959
f 3906/6514/3908 3907/6515/3909 3818/6366/3820
f 3870/6456/3872 3907/6515/3909 3958/6591/3960
f 3908/6592/3910 3870/6593/3872 3959/6594/3961
f 3871/6517/3873 3908/6516/3910 3960/6595/3962
f 3872/6458/3874 3961/6596/3963 3874/6461/3876
f 3962/6597/3964 3872/6458/3874 3909/6519/3911
f 3822/6374/3824 3963/6598/3965 3910/6520/3912
f 3873/6521/3875 3910/6599/3912 3964/6600/3966
f 3873/6521/3875 3964/6600/3966 3911/6522/3913
f 3911/6522/3913 3939/6556/3941 3851/6423/3853
f 3965/6601/3967 3912/6523/3914 3874/6461/3876
f 3822/6374/3824 3912/6523/3914 3963/6598/3965
f 3871/6457/3873 3966/6602/3968 3875/6462/3877
f 3967/6603/3969 3876/6463/3878 3875/6462/3877
f 3968/6604/3970 3913/6524/3915 3876/6463/3878
f 3914/6525/3916 3825/6379/3827 3913/6524/3915
f 3915/6526/3917 3826/6382/3828 3914/6525/3916
f 3915/6526/3917 3916/6527/3918 3827/6383/3829
f 3877/6464/3879 3828/6386/3830 3916/6527/3918
f 3887/6477/3889 3877/6464/3879 3916/6527/3918
f 3969/6605/3971 3917/6606/3919 3878/6607/3880
f 3880/6468/3882 3879/6466/3881 3970/6608/3972
f 3970/6609/3972 3879/6467/3881 3886/6529/3888
f 3881/6469/3883 3880/6468/3882 3971/6610/3973
f 3918/6530/3920 3881/6469/3883 3972/6611/3974
f 3919/6531/3921 3831/6393/3833 3918/6530/3920
f 3920/6532/3922 3832/6394/3834 3919/6531/3921
f 3921/6533/3923 3833/6395/3835 3920/6532/3922
f 3922/6534/3924 3834/6396/3836 3921/6533/3923
f 3969/6612/3971 3878/6470/3880 3922/6534/3924
f 3923/6535/3925 3924/6613/3926 3835/6471/3837
f 3923/6535/3925 3838/6401/3840 3927/6539/3929
f 3836/6399/3838 3924/6536/3926 3973/6614/3975
f 3882/6472/3884 3974/6615/3976 3883/6473/3885
f 3882/6472/3884 3925/6537/3927 3975/6616/3977
f 3836/6399/3838 3973/6614/3975 3925/6537/3927
f 3884/6474/3886 3883/6473/3885 3976/6617/3978
f 3926/6538/3928 3884/6474/3886 3977/6618/3979
f 3885/6475/3887 3926/6538/3928 3978/6619/3980
f 3886/6476/3888 3885/6475/3887 3978/6619/3980
f 3927/6539/3929 3839/6402/3841 3928/6540/3930
f 3928/6540/3930 3887/6477/3889 3979/6620/3981
f 3932/6621/3934 3843/6478/3845 3917/6541/3919
f 3980/6622/3982 3889/6480/3891 3888/6479/3890
f 3889/6480/3891 3981/6623/3983 3890/6481/3892
f 3890/6481/3892 3982/6624/3984 3891/6483/3893
f 3840/6625/3842 3929/6626/3931 3895/6627/3897
f 3929/6542/3931 3891/6483/3893 3983/6628/3985
f 3984/6629/3986 3892/6484/3894 3930/6543/3932
f 3893/6485/3895 3892/6484/3894 3985/6630/3987
f 3893/6485/3895 3986/6631/3988 3894/6486/3896
f 3894/6486/3896 3980/6632/3982 3888/6487/3890
f 3930/6543/3932 3842/6408/3844 3931/6544/3933
f 3895/6633/3897 3987/6634/3989 3931/6635/3933
f 3844/6414/3846 3932/6621/3934 3933/6546/3935
f 3845/6490/3847 3933/6546/3935 3934/6547/3936
f 3846/6418/3848 3934/6547/3936 3935/6636/3937
f 3988/6637/3990 3896/6495/3898 3935/6636/3937
f 3936/6549/3938 3847/6551/3849 3937/6638/3939
f 3988/6637/3990 3937/6552/3939 3896/6495/3898
f 3897/6553/3899 3936/6549/3938 3989/6639/3991
f 3938/6640/3940 3909/6519/3911 3849/6641/3851
f 3938/6642/3940 3897/6643/3899 3989/6644/3991
f 3939/6556/3941 3940/6645/3942 3852/6498/3854
f 3940/6557/3942 3990/6646/3992 3898/6499/3900
f 3854/6428/3856 3943/6561/3945 3941/6558/3943
f 3941/6558/3943 3991/6647/3993 3853/6427/3855
f 3942/6559/3944 3944/6562/3946 3855/6429/3857
f 3991/6647/3993 3942/6559/3944 3853/6427/3855
f 3943/6561/3945 3898/6560/3900 3990/6648/3992
f 3944/6562/3946 3992/6649/3994 3899/6501/3901
f 3992/6649/3994 3945/6563/3947 3899/6501/3901
f 3857/6566/3859 3945/6565/3947 3946/6567/3948
f 3858/6568/3860 3946/6567/3948 3947/6650/3949
f 3860/6503/3862 3947/6651/3949 3993/6652/3995
f 3860/6503/3862 3993/6652/3995 3948/6571/3950
f 3948/6653/3950 3994/6654/3996 3900/6572/3902
f 3900/6572/3902 3994/6654/3996 3949/6573/3951
f 3949/6655/3951 3995/6656/3997 3901/6580/3903
f 3863/6576/3865 3952/6581/3954 3950/6577/3952
f 3862/6578/3864 3950/6577/3952 3951/6579/3953
f 3901/6580/3903 3995/6656/3997 3952/6581/3954
f 3951/6579/3953 3953/6582/3955 3865/6442/3867
f 3953/6582/3955 3954/6583/3956 3866/6444/3868
f 3954/6583/3956 3955/6585/3957 3867/6446/3869
f 3902/6584/3904 3996/6657/3998 3905/6512/3907
f 3955/6585/3957 3997/6658/3999 3902/6507/3904
f 3957/6590/3959 3904/6586/3906 3903/6508/3905
f 3904/6586/3906 3998/6659/4000 3906/6588/3908
f 3956/6660/3958 3957/6590/3959 3869/6513/3871
f 4049/6661/4001 4142/6662/4002 3956/6589/3958
f 3906/6514/3908 3999/6663/4003 3907/6515/3909
f 3907/6515/3909 4000/6664/4004 3958/6591/3960
f 3870/6593/3872 3958/6665/3960 3959/6594/3961
f 3960/6595/3962 3908/6516/3910 3959/6666/3961
f 3871/6667/3873 3960/6668/3962 3966/6669/3968
f 3962/6597/3964 3961/6596/3963 3872/6458/3874
f 3961/6596/3963 3965/6601/3967 3874/6461/3876
f 3962/6597/3964 3909/6519/3911 3938/6640/3940
f 3963/6670/3965 4001/6671/4005 3910/6599/3912
f 4001/6671/4005 3964/6600/3966 3910/6599/3912
f 3964/6600/3966 4002/6672/4006 3911/6522/3913
f 3911/6522/3913 4002/6672/4006 3939/6556/3941
f 3965/6673/3967 4003/6674/4007 3912/6675/3914
f 3912/6675/3914 4003/6674/4007 3963/6670/3965
f 3967/6603/3969 3875/6462/3877 3966/6602/3968
f 3968/6604/3970 3876/6463/3878 3967/6603/3969
f 4004/6676/4008 3913/6524/3915 3968/6604/3970
f 4004/6676/4008 3914/6525/3916 3913/6524/3915
f 4005/6677/4009 3915/6526/3917 3914/6525/3916
f 3979/6620/3981 3916/6527/3918 3915/6526/3917
f 3887/6477/3889 3916/6527/3918 3979/6620/3981
f 4006/6678/4010 3917/6606/3919 3969/6605/3971
f 3880/6468/3882 3970/6608/3972 3971/6610/3973
f 3970/6609/3972 3886/6529/3888 3978/6679/3980
f 3881/6469/3883 3971/6610/3973 3972/6611/3974
f 3918/6530/3920 3972/6611/3974 4007/6680/4011
f 3919/6531/3921 3918/6530/3920 4008/6681/4012
f 4009/6682/4013 3920/6532/3922 3919/6531/3921
f 3921/6533/3923 3920/6532/3922 4010/6683/4014
f 3922/6534/3924 3921/6533/3923 4011/6684/4015
f 3969/6612/3971 3922/6534/3924 4012/6685/4016
f 4013/6686/4017 3924/6613/3926 3923/6535/3925
f 3923/6535/3925 3927/6539/3929 4014/6687/4018
f 3924/6536/3926 4015/6688/4019 3973/6614/3975
f 3882/6472/3884 3975/6616/3977 3974/6615/3976
f 3976/6617/3978 3883/6473/3885 3974/6615/3976
f 3975/6616/3977 3925/6537/3927 4016/6689/4020
f 3973/6614/3975 4016/6689/4020 3925/6537/3927
f 3884/6474/3886 3976/6617/3978 3977/6618/3979
f 4017/6690/4021 3926/6538/3928 3977/6618/3979
f 4017/6690/4021 3978/6619/3980 3926/6538/3928
f 3927/6539/3929 3928/6540/3930 4018/6691/4022
f 3928/6540/3930 3979/6620/3981 4019/6692/4023
f 3932/6621/3934 3917/6541/3919 4006/6693/4010
f 3980/6622/3982 3981/6623/3983 3889/6480/3891
f 3890/6481/3892 3981/6623/3983 3982/6624/3984
f 3982/6624/3984 3983/6628/3985 3891/6483/3893
f 3895/6694/3897 3929/6695/3931 4020/6696/4024
f 3929/6542/3931 3983/6628/3985 4021/6697/4025
f 3984/6629/3986 3985/6630/3987 3892/6484/3894
f 3984/6629/3986 3930/6543/3932 4022/6698/4026
f 3893/6485/3895 3985/6630/3987 3986/6631/3988
f 3894/6486/3896 3986/6631/3988 3980/6632/3982
f 3930/6543/3932 3931/6544/3933 4022/6698/4026
f 3895/6694/3897 4020/6696/4024 3987/6699/3989
f 3931/6635/3933 3987/6634/3989 4023/6700/4027
f 3933/6546/3935 3932/6621/3934 4024/6701/4028
f 3934/6547/3936 3933/6546/3935 4025/6702/4029
f 3935/6636/3937 3934/6547/3936 4026/6703/4030
f 3988/6637/3990 3935/6636/3937 4027/6704/4031
f 3936/6705/3938 3937/6552/3939 3989/6706/3991
f 4028/6707/4032 3937/6552/3939 3988/6637/3990
f 3938/6642/3940 3989/6644/3991 4029/6708/4033
f 4030/6709/4034 3940/6557/3942 3939/6710/3941
f 4031/6711/4035 3990/6646/3992 3940/6557/3942
f 3943/6561/3945 4032/6712/4036 3941/6558/3943
f 3991/6647/3993 3941/6558/3943 4033/6713/4037
f 4034/6714/4038 3944/6562/3946 3942/6559/3944
f 4033/6713/4037 3942/6559/3944 3991/6647/3993
f 4035/6715/4039 3943/6561/3945 3990/6648/3992
f 3944/6562/3946 4036/6716/4040 3992/6649/3994
f 3992/6649/3994 4037/6717/4041 3945/6563/3947
f 3945/6563/3947 4037/6717/4041 3946/6718/3948
f 3946/6718/3948 4038/6719/4042 3947/6651/3949
f 4038/6719/4042 3993/6652/3995 3947/6651/3949
f 3993/6720/3995 4039/6721/4043 3948/6722/3950
f 3948/6723/3950 4040/6724/4044 3994/6725/3996
f 3994/6726/3996 4041/6727/4045 3949/6655/3951
f 3949/6655/3951 4041/6727/4045 3995/6656/3997
f 3952/6581/3954 4042/6728/4046 3950/6577/3952
f 4043/6729/4047 3951/6579/3953 3950/6577/3952
f 3995/6656/3997 4042/6728/4046 3952/6581/3954
f 4043/6729/4047 3953/6582/3955 3951/6579/3953
f 4044/6730/4048 3954/6583/3956 3953/6582/3955
f 4045/6731/4049 3955/6585/3957 3954/6583/3956
f 3902/6584/3904 4046/6732/4050 3996/6657/3998
f 3905/6512/3907 3996/6657/3998 4049/6661/4001
f 4047/6733/4051 3997/6658/3999 3955/6585/3957
f 3997/6658/3999 4046/6734/4050 3902/6507/3904
f 3957/6590/3959 3998/6659/4000 3904/6586/3906
f 3998/6659/4000 3999/6735/4003 3906/6588/3908
f 3956/6660/3958 4048/6736/4052 3957/6590/3959
f 4091/6737/4053 4146/6738/4054 4142/6662/4002
f 3999/6663/4003 4000/6664/4004 3907/6515/3909
f 3958/6591/3960 4000/6664/4004 4050/6739/4055
f 3959/6666/3961 3958/6591/3960 4051/6740/4056
f 3960/6595/3962 3959/6666/3961 4052/6741/4057
f 4053/6742/4058 3966/6669/3968 3960/6668/3962
f 3962/6743/3964 4054/6744/4059 3961/6745/3963
f 3961/6745/3963 4055/6746/4060 3965/6747/3967
f 3962/6743/3964 3938/6748/3940 4029/6749/4033
f 3963/6750/3965 4003/6751/4007 4001/6752/4005
f 4001/6671/4005 4002/6672/4006 3964/6600/3966
f 4002/6672/4006 4030/6753/4034 3939/6556/3941
f 3965/6673/3967 4055/6754/4060 4003/6674/4007
f 4056/6755/4061 3967/6603/3969 3966/6602/3968
f 3968/6604/3970 3967/6603/3969 4057/6756/4062
f 4058/6757/4063 4004/6676/4008 3968/6604/3970
f 4005/6677/4009 3914/6525/3916 4004/6676/4008
f 3979/6620/3981 3915/6526/3917 4005/6677/4009
f 4006/6678/4010 3969/6605/3971 4059/6758/4064
f 3971/6610/3973 3970/6608/3972 4060/6759/4065
f 3970/6609/3972 3978/6679/3980 4060/6760/4065
f 3971/6610/3973 4061/6761/4066 3972/6611/3974
f 4007/6680/4011 3972/6611/3974 4062/6762/4067
f 3918/6530/3920 4007/6680/4011 4008/6681/4012
f 4009/6682/4013 3919/6531/3921 4008/6681/4012
f 4010/6683/4014 3920/6532/3922 4009/6682/4013
f 3921/6533/3923 4010/6683/4014 4011/6684/4015
f 3922/6534/3924 4011/6684/4015 4012/6685/4016
f 4059/6763/4064 3969/6612/3971 4012/6685/4016
f 4013/6764/4017 4015/6765/4019 3924/6766/3926
f 4013/6686/4017 3923/6535/3925 4014/6687/4018
f 4014/6687/4018 3927/6539/3929 4018/6691/4022
f 4015/6688/4019 4063/6767/4068 3973/6614/3975
f 3975/6616/3977 4064/6768/4069 3974/6615/3976
f 3976/6617/3978 3974/6615/3976 4065/6769/4070
f 3975/6616/3977 4016/6689/4020 4066/6770/4071
f 4063/6767/4068 4016/6689/4020 3973/6614/3975
f 3977/6618/3979 3976/6617/3978 4067/6771/4072
f 4017/6690/4021 3977/6618/3979 4068/6772/4073
f 4060/6773/4065 3978/6619/3980 4017/6690/4021
f 4018/6691/4022 3928/6540/3930 4019/6692/4023
f 4019/6692/4023 3979/6620/3981 4005/6677/4009
f 3932/6621/3934 4006/6693/4010 4024/6701/4028
f 3980/6622/3982 4069/6774/4074 3981/6623/3983
f 3981/6623/3983 4070/6775/4075 3982/6624/3984
f 3982/6624/3984 4071/6776/4076 3983/6628/3985
f 4020/6696/4024 3929/6695/3931 4021/6777/4025
f 4021/6697/4025 3983/6628/3985 4072/6778/4077
f 3984/6629/3986 4073/6779/4078 3985/6630/3987
f 3984/6780/3986 4022/6781/4026 4074/6782/4079
f 3985/6630/3987 4075/6783/4080 3986/6631/3988
f 3986/6631/3988 4069/6784/4074 3980/6632/3982
f 4022/6781/4026 3931/6635/3933 4076/6785/4081
f 3987/6786/3989 4020/6787/4024 4023/6788/4027
f 3931/6635/3933 4023/6700/4027 4076/6785/4081
f 4025/6702/4029 3933/6546/3935 4024/6701/4028
f 3934/6547/3936 4025/6702/4029 4026/6703/4030
f 4027/6704/4031 3935/6636/3937 4026/6703/4030
f 3988/6637/3990 4027/6704/4031 4077/6789/4082
f 3989/6706/3991 3937/6552/3939 4028/6707/4032
f 4028/6707/4032 3988/6637/3990 4077/6789/4082
f 4029/6790/4033 3989/6791/3991 4028/6792/4032
f 4030/6709/4034 4031/6711/4035 3940/6557/3942
f 4078/6793/4083 3990/6794/3992 4031/6795/4035
f 4035/6715/4039 4032/6712/4036 3943/6561/3945
f 4079/6796/4084 3941/6558/3943 4032/6712/4036
f 4079/6796/4084 4033/6713/4037 3941/6558/3943
f 4034/6714/4038 4036/6716/4040 3944/6562/3946
f 4033/6713/4037 4034/6714/4038 3942/6559/3944
f 4078/6797/4083 4035/6715/4039 3990/6648/3992
f 3992/6649/3994 4036/6716/4040 4080/6798/4085
f 3992/6649/3994 4080/6798/4085 4037/6717/4041
f 4037/6717/4041 4038/6719/4042 3946/6718/3948
f 4038/6799/4042 4081/6800/4086 3993/6720/3995
f 4081/6800/4086 4039/6721/4043 3993/6720/3995
f 4039/6721/4043 4040/6801/4044 3948/6722/3950
f 3994/6802/3996 4040/6803/4044 4082/6804/4087
f 3994/6726/3996 4083/6805/4088 4041/6727/4045
f 4041/6727/4045 4084/6806/4089 3995/6656/3997
f 4042/6728/4046 4043/6729/4047 3950/6577/3952
f 4084/6806/4089 4042/6728/4046 3995/6656/3997
f 4043/6729/4047 4044/6730/4048 3953/6582/3955
f 4044/6730/4048 4045/6731/4049 3954/6583/3956
f 4045/6731/4049 4047/6733/4051 3955/6585/3957
f 4085/6807/4090 3997/6658/3999 4047/6733/4051
f 4086/6808/4091 4046/6734/4050 3997/6658/3999
f 3957/6590/3959 4087/6809/4092 3998/6659/4000
f 3998/6659/4000 4088/6810/4093 3999/6735/4003
f 3956/6589/3958 3905/6512/3907 4049/6661/4001
f 4048/6736/4052 4087/6809/4092 3957/6590/3959
f 3999/6663/4003 4089/6811/4094 4000/6664/4004
f 4000/6664/4004 4090/6812/4095 4050/6739/4055
f 3958/6591/3960 4050/6739/4055 4051/6740/4056
f 3959/6666/3961 4051/6740/4056 4052/6741/4057
f 3960/6668/3962 4052/6813/4057 4091/6814/4053
f 4056/6815/4061 3966/6669/3968 4053/6742/4058
f 4053/6742/4058 3960/6668/3962 4091/6814/4053
f 3962/6743/3964 4029/6749/4033 4054/6744/4059
f 3961/6745/3963 4054/6744/4059 4055/6746/4060
f 4003/6674/4007 4092/6816/4096 4001/6671/4005
f 4001/6671/4005 4093/6817/4097 4002/6672/4006
f 4093/6817/4097 4030/6753/4034 4002/6672/4006
f 4055/6754/4060 4092/6816/4096 4003/6674/4007
f 4056/6755/4061 4057/6756/4062 3967/6603/3969
f 4058/6757/4063 3968/6604/3970 4057/6756/4062
f 4094/6818/4098 4004/6676/4008 4058/6757/4063
f 4094/6818/4098 4005/6677/4009 4004/6676/4008
f 4024/6819/4028 4006/6678/4010 4059/6758/4064
f 3971/6610/3973 4060/6759/4065 4061/6761/4066
f 3972/6611/3974 4061/6761/4066 4062/6762/4067
f 4007/6680/4011 4062/6762/4067 4095/6820/4099
f 4096/6821/4100 4008/6681/4012 4007/6680/4011
f 4009/6682/4013 4008/6681/4012 4097/6822/4101
f 4010/6683/4014 4009/6682/4013 4097/6822/4101
f 4011/6684/4015 4010/6683/4014 4098/6823/4102
f 4099/6824/4103 4012/6685/4016 4011/6684/4015
f 4059/6763/4064 4012/6685/4016 4100/6825/4104
f 4013/6826/4017 4101/6827/4105 4015/6828/4019
f 4102/6829/4106 4013/6686/4017 4014/6687/4018
f 4014/6687/4018 4018/6691/4022 4103/6830/4107
f 4015/6688/4019 4104/6831/4108 4063/6767/4068
f 3975/6616/3977 4066/6770/4071 4064/6768/4069
f 3974/6615/3976 4064/6768/4069 4105/6832/4109
f 4065/6769/4070 3974/6615/3976 4105/6832/4109
f 4067/6771/4072 3976/6617/3978 4065/6769/4070
f 4106/6833/4110 4066/6770/4071 4016/6689/4020
f 4063/6767/4068 4106/6833/4110 4016/6689/4020
f 3977/6618/3979 4067/6771/4072 4068/6772/4073
f 4017/6690/4021 4068/6772/4073 4107/6834/4111
f 4060/6773/4065 4017/6690/4021 4107/6834/4111
f 4108/6835/4112 4018/6691/4022 4019/6692/4023
f 4094/6818/4098 4019/6692/4023 4005/6677/4009
f 4069/6774/4074 4070/6775/4075 3981/6623/3983
f 4070/6775/4075 4071/6776/4076 3982/6624/3984
f 4071/6776/4076 4072/6778/4077 3983/6628/3985
f 4020/6787/4024 4021/6836/4025 4109/6837/4113
f 4021/6836/4025 4072/6838/4077 4110/6839/4114
f 3984/6840/3986 4111/6841/4115 4073/6842/4078
f 3985/6630/3987 4073/6779/4078 4075/6783/4080
f 4074/6782/4079 4022/6781/4026 4112/6843/4116
f 3984/6840/3986 4074/6844/4079 4111/6841/4115
f 3986/6631/3988 4075/6783/4080 4069/6784/4074
f 4022/6781/4026 4076/6785/4081 4112/6843/4116
f 4020/6787/4024 4109/6837/4113 4023/6788/4027
f 4076/6785/4081 4023/6700/4027 4113/6845/4117
f 4025/6702/4029 4024/6701/4028 4114/6846/4118
f 4026/6703/4030 4025/6702/4029 4115/6847/4119
f 4027/6704/4031 4026/6703/4030 4116/6848/4120
f 4077/6789/4082 4027/6704/4031 4117/6849/4121
f 4028/6707/4032 4077/6789/4082 4118/6850/4122
f 4029/6790/4033 4028/6792/4032 4118/6851/4122
f 4030/6709/4034 4119/6852/4123 4031/6711/4035
f 4078/6793/4083 4031/6795/4035 4120/6853/4124
f 4121/6854/4125 4032/6855/4036 4035/6856/4039
f 4079/6857/4084 4032/6855/4036 4122/6858/4126
f 4079/6796/4084 4123/6859/4127 4033/6713/4037
f 4034/6714/4038 4124/6860/4128 4036/6716/4040
f 4033/6713/4037 4125/6861/4129 4034/6714/4038
f 4078/6797/4083 4126/6862/4130 4035/6715/4039
f 4036/6716/4040 4127/6863/4131 4080/6798/4085
f 4080/6798/4085 4128/6864/4132 4037/6717/4041
f 4037/6717/4041 4128/6864/4132 4038/6719/4042
f 4129/6865/4133 4081/6800/4086 4038/6799/4042
f 4081/6800/4086 4130/6866/4134 4039/6721/4043
f 4039/6721/4043 4131/6867/4135 4040/6801/4044
f 4040/6803/4044 4132/6868/4136 4082/6804/4087
f 3994/6802/3996 4082/6804/4087 4083/6869/4088
f 4041/6727/4045 4083/6805/4088 4133/6870/4137
f 4041/6727/4045 4134/6871/4138 4084/6806/4089
f 4042/6728/4046 4135/6872/4139 4043/6729/4047
f 4084/6806/4089 4135/6872/4139 4042/6728/4046
f 4043/6729/4047 4135/6872/4139 4044/6730/4048
f 4136/6873/4140 4045/6731/4049 4044/6730/4048
f 4137/6874/4141 4047/6733/4051 4045/6731/4049
f 4085/6807/4090 4086/6808/4091 3997/6658/3999
f 4138/6875/4142 4085/6807/4090 4047/6733/4051
f 4086/6808/4091 4139/6876/4143 4046/6734/4050
f 3998/6659/4000 4087/6809/4092 4088/6810/4093
f 3999/6735/4003 4088/6810/4093 4089/6877/4094
f 4142/6662/4002 4140/6878/4144 4048/6879/4052
f 4048/6736/4052 4141/6880/4145 4087/6809/4092
f 4000/6664/4004 4089/6811/4094 4090/6812/4095
f 4050/6739/4055 4090/6812/4095 4143/6881/4146
f 4051/6740/4056 4050/6739/4055 4144/6882/4147
f 4052/6741/4057 4051/6740/4056 4145/6883/4148
f 4091/6814/4053 4052/6813/4057 4146/6884/4054
f 4056/6885/4061 4053/6886/4058 3996/6657/3998
f 4049/6661/4001 4091/6737/4053 4142/6662/4002
f 4054/6887/4059 4029/6888/4033 4118/6850/4122
f 4054/6887/4059 4147/6889/4149 4055/6890/4060
f 4001/6671/4005 4092/6816/4096 4093/6817/4097
f 4093/6817/4097 4119/6891/4123 4030/6753/4034
f 4055/6890/4060 4147/6889/4149 4092/6892/4096
f 4057/6756/4062 4056/6755/4061 4139/6876/4143
f 4148/6893/4150 4058/6757/4063 4057/6756/4062
f 4149/6894/4151 4094/6818/4098 4058/6757/4063
f 4024/6895/4028 4059/6896/4064 4150/6897/4152
f 4061/6761/4066 4060/6759/4065 4107/6898/4111
f 4062/6762/4067 4061/6761/4066 4151/6899/4153
f 4095/6820/4099 4062/6762/4067 4152/6900/4154
f 4096/6821/4100 4007/6680/4011 4095/6820/4099
f 4097/6822/4101 4008/6681/4012 4096/6821/4100
f 4098/6823/4102 4010/6683/4014 4097/6822/4101
f 4011/6684/4015 4098/6823/4102 4153/6901/4155
f 4100/6825/4104 4012/6685/4016 4099/6824/4103
f 4099/6824/4103 4011/6684/4015 4153/6901/4155
f 4059/6763/4064 4100/6825/4104 4150/6902/4152
f 4102/6829/4106 4101/6903/4105 4013/6686/4017
f 4015/6688/4019 4101/6904/4105 4104/6831/4108
f 4102/6829/4106 4014/6687/4018 4103/6830/4107
f 4103/6830/4107 4018/6691/4022 4108/6835/4112
f 4063/6767/4068 4104/6831/4108 4154/6905/4156
f 4064/6768/4069 4066/6770/4071 4155/6906/4157
f 4064/6768/4069 4156/6907/4158 4105/6832/4109
f 4065/6769/4070 4105/6832/4109 4157/6908/4159
f 4067/6771/4072 4065/6769/4070 4158/6909/4160
f 4106/6833/4110 4159/6910/4161 4066/6770/4071
f 4063/6767/4068 4154/6905/4156 4106/6833/4110
f 4068/6772/4073 4067/6771/4072 4160/6911/4162
f 4107/6912/4111 4068/6913/4073 4161/6914/4163
f 4108/6835/4112 4019/6692/4023 4094/6818/4098
f 4069/6774/4074 4162/6915/4164 4070/6775/4075
f 4070/6775/4075 4163/6916/4165 4071/6776/4076
f 4071/6917/4076 4164/6918/4166 4072/6919/4077
f 4021/6836/4025 4110/6839/4114 4109/6837/4113
f 4110/6839/4114 4072/6838/4077 4165/6920/4167
f 4073/6842/4078 4111/6841/4115 4166/6921/4168
f 4075/6922/4080 4073/6923/4078 4167/6924/4169
f 4074/6782/4079 4112/6843/4116 4168/6925/4170
f 4074/6926/4079 4169/6927/4171 4111/6928/4115
f 4075/6929/4080 4162/6930/4164 4069/6931/4074
f 4076/6785/4081 4170/6932/4172 4112/6843/4116
f 4113/6933/4117 4023/6788/4027 4109/6837/4113
f 4076/6785/4081 4113/6845/4117 4170/6932/4172
f 4114/6934/4118 4024/6895/4028 4150/6897/4152
f 4025/6702/4029 4114/6846/4118 4115/6847/4119
f 4116/6848/4120 4026/6703/4030 4115/6847/4119
f 4027/6704/4031 4116/6848/4120 4117/6849/4121
f 4171/6935/4173 4077/6789/4082 4117/6849/4121
f 4118/6850/4122 4077/6789/4082 4171/6935/4173
f 4119/6936/4123 4120/6853/4124 4031/6795/4035
f 4172/6937/4174 4078/6793/4083 4120/6853/4124
f 4121/6854/4125 4122/6858/4126 4032/6855/4036
f 4126/6862/4130 4121/6938/4125 4035/6715/4039
f 4123/6939/4127 4079/6857/4084 4122/6858/4126
f 4123/6859/4127 4125/6861/4129 4033/6713/4037
f 4125/6861/4129 4124/6860/4128 4034/6714/4038
f 4124/6860/4128 4127/6863/4131 4036/6716/4040
f 4172/6940/4174 4126/6862/4130 4078/6797/4083
f 4080/6798/4085 4127/6863/4131 4173/6941/4175
f 4080/6798/4085 4173/6941/4175 4128/6864/4132
f 4128/6942/4132 4129/6943/4133 4038/6944/4042
f 4129/6865/4133 4174/6945/4176 4081/6800/4086
f 4174/6945/4176 4130/6866/4134 4081/6800/4086
f 4130/6866/4134 4131/6867/4135 4039/6721/4043
f 4131/6867/4135 4132/6946/4136 4040/6801/4044
f 4132/6868/4136 4175/6947/4177 4082/6804/4087
f 4082/6804/4087 4176/6948/4178 4083/6869/4088
f 4177/6949/4179 4133/6870/4137 4083/6805/4088
f 4041/6727/4045 4133/6870/4137 4134/6871/4138
f 4134/6871/4138 4178/6950/4180 4084/6806/4089
f 4084/6806/4089 4178/6950/4180 4135/6872/4139
f 4136/6873/4140 4044/6730/4048 4135/6872/4139
f 4136/6873/4140 4137/6874/4141 4045/6731/4049
f 4138/6875/4142 4047/6733/4051 4137/6874/4141
f 4046/6732/4050 4056/6885/4061 3996/6657/3998
f 4085/6807/4090 4179/6951/4181 4086/6808/4091
f 4138/6875/4142 4180/6952/4182 4085/6807/4090
f 4181/6953/4183 4139/6876/4143 4086/6808/4091
f 4046/6734/4050 4139/6876/4143 4056/6755/4061
f 4087/6809/4092 4182/6954/4184 4088/6810/4093
f 4183/6955/4185 4089/6877/4094 4088/6810/4093
f 4048/6879/4052 3956/6589/3958 4142/6662/4002
f 4048/6879/4052 4140/6878/4144 4141/6956/4145
f 4141/6880/4145 4182/6954/4184 4087/6809/4092
f 4183/6957/4185 4090/6812/4095 4089/6811/4094
f 4184/6958/4186 4143/6881/4146 4090/6812/4095
f 4050/6739/4055 4143/6881/4146 4144/6882/4147
f 4145/6883/4148 4051/6740/4056 4144/6882/4147
f 4146/6884/4054 4052/6813/4057 4145/6959/4148
f 4053/6886/4058 4091/6737/4053 4049/6661/4001
f 4054/6887/4059 4118/6850/4122 4147/6889/4149
f 4092/6816/4096 4185/6960/4187 4093/6817/4097
f 4093/6961/4097 4185/6962/4187 4119/6963/4123
f 4092/6892/4096 4147/6889/4149 4185/6964/4187
f 4139/6876/4143 4181/6953/4183 4057/6756/4062
f 4149/6894/4151 4058/6757/4063 4148/6893/4150
f 4148/6893/4150 4057/6756/4062 4181/6953/4183
f 4108/6835/4112 4094/6818/4098 4149/6894/4151
f 4061/6761/4066 4107/6898/4111 4151/6899/4153
f 4062/6762/4067 4151/6899/4153 4152/6900/4154
f 4095/6820/4099 4152/6900/4154 4186/6965/4188
f 4096/6821/4100 4095/6820/4099 4187/6966/4189
f 4188/6967/4190 4097/6822/4101 4096/6821/4100
f 4098/6823/4102 4097/6822/4101 4188/6967/4190
f 4098/6823/4102 4189/6968/4191 4153/6901/4155
f 4100/6825/4104 4099/6824/4103 4190/6969/4192
f 4099/6824/4103 4153/6901/4155 4190/6969/4192
f 4150/6902/4152 4100/6825/4104 4191/6970/4193
f 4192/6971/4194 4101/6903/4105 4102/6829/4106
f 4193/6972/4195 4104/6831/4108 4101/6904/4105
f 4194/6973/4196 4102/6829/4106 4103/6830/4107
f 4195/6974/4197 4103/6830/4107 4108/6835/4112
f 4154/6905/4156 4104/6831/4108 4196/6975/4198
f 4066/6770/4071 4159/6910/4161 4155/6906/4157
f 4064/6768/4069 4155/6906/4157 4156/6907/4158
f 4105/6832/4109 4156/6907/4158 4157/6908/4159
f 4065/6769/4070 4157/6908/4159 4158/6909/4160
f 4067/6771/4072 4158/6909/4160 4160/6911/4162
f 4106/6833/4110 4197/6976/4199 4159/6910/4161
f 4154/6905/4156 4198/6977/4200 4106/6833/4110
f 4161/6978/4163 4068/6979/4073 4160/6980/4162
f 4151/6899/4153 4107/6898/4111 4161/6981/4163
f 4162/6915/4164 4163/6916/4165 4070/6775/4075
f 4163/6982/4165 4164/6983/4166 4071/6984/4076
f 4164/6918/4166 4199/6985/4201 4072/6919/4077
f 4200/6986/4202 4109/6987/4113 4110/6988/4114
f 4165/6989/4167 4072/6919/4077 4199/6985/4201
f 4110/6988/4114 4165/6989/4167 4201/6990/4203
f 4111/6991/4115 4169/6992/4171 4166/6993/4168
f 4073/6994/4078 4166/6995/4168 4202/6996/4204
f 4073/6994/4078 4202/6996/4204 4167/6997/4169
f 4075/6922/4080 4167/6924/4169 4162/6998/4164
f 4168/6925/4170 4112/6843/4116 4203/6999/4205
f 4074/7000/4079 4168/7001/4170 4169/7002/4171
f 4112/6843/4116 4170/6932/4172 4203/6999/4205
f 4113/6933/4117 4109/6837/4113 4200/7003/4202
f 4170/7004/4172 4113/6933/4117 4204/7005/4206
f 4114/6934/4118 4150/6897/4152 4205/7006/4207
f 4115/7007/4119 4114/7008/4118 4206/7009/4208
f 4116/6848/4120 4115/6847/4119 4207/7010/4209
f 4117/6849/4121 4116/6848/4120 4208/7011/4210
f 4171/6935/4173 4117/6849/4121 4209/7012/4211
f 4147/6889/4149 4118/6850/4122 4171/6935/4173
f 4119/6936/4123 4210/7013/4212 4120/6853/4124
f 4172/6937/4174 4120/6853/4124 4211/7014/4213
f 4121/7015/4125 4212/7016/4214 4122/7017/4126
f 4126/7018/4130 4213/7019/4215 4121/7015/4125
f 4122/6858/4126 4214/7020/4216 4123/6939/4127
f 4123/6939/4127 4214/7020/4216 4125/7021/4129
f 4125/7022/4129 4215/7023/4217 4124/7024/4128
f 4124/7024/4128 4216/7025/4218 4127/7026/4131
f 4172/7027/4174 4217/7028/4219 4126/7018/4130
f 4127/7026/4131 4218/7029/4220 4173/7030/4175
f 4173/7031/4175 4129/6943/4133 4128/6942/4132
f 4129/6865/4133 4219/7032/4221 4174/6945/4176
f 4174/6945/4176 4220/7033/4222 4130/6866/4134
f 4130/6866/4134 4220/7033/4222 4131/6867/4135
f 4131/6867/4135 4221/7034/4223 4132/6946/4136
f 4132/6868/4136 4222/7035/4224 4175/6947/4177
f 4082/6804/4087 4175/6947/4177 4223/7036/4225
f 4082/6804/4087 4223/7036/4225 4176/6948/4178
f 4177/7037/4179 4083/6869/4088 4176/6948/4178
f 4177/6949/4179 4224/7038/4226 4133/6870/4137
f 4133/6870/4137 4225/7039/4227 4134/6871/4138
f 4134/6871/4138 4225/7039/4227 4178/6950/4180
f 4178/6950/4180 4136/6873/4140 4135/6872/4139
f 4226/7040/4228 4137/6874/4141 4136/6873/4140
f 4227/7041/4229 4138/6875/4142 4137/6874/4141
f 4085/6807/4090 4180/6952/4182 4179/6951/4181
f 4179/6951/4181 4181/6953/4183 4086/6808/4091
f 4138/6875/4142 4228/7042/4230 4180/6952/4182
f 4183/6955/4185 4088/6810/4093 4182/6954/4184
f 4142/6662/4002 4229/7043/4231 4140/6878/4144
f 4141/6956/4145 4140/6878/4144 4230/7044/4232
f 4141/6880/4145 4231/7045/4233 4182/6954/4184
f 4049/6661/4001 3996/6657/3998 4053/6886/4058
f 4183/6957/4185 4184/6958/4186 4090/6812/4095
f 4184/6958/4186 4232/7046/4234 4143/6881/4146
f 4144/6882/4147 4143/6881/4146 4233/7047/4235
f 4145/6883/4148 4144/6882/4147 4234/7048/4236
f 4146/7049/4054 4145/7050/4148 4235/7051/4237
f 4185/6962/4187 4209/7052/4211 4119/6963/4123
f 4147/6889/4149 4171/6935/4173 4185/6964/4187
f 4236/7053/4238 4149/6894/4151 4148/6893/4150
f 4237/7054/4239 4148/6893/4150 4181/6953/4183
f 4195/6974/4197 4108/6835/4112 4149/6894/4151
f 4152/6900/4154 4151/6899/4153 4238/7055/4240
f 4186/6965/4188 4152/6900/4154 4239/7056/4241
f 4095/6820/4099 4186/6965/4188 4187/6966/4189
f 4188/6967/4190 4096/6821/4100 4187/6966/4189
f 4098/6823/4102 4188/6967/4190 4189/6968/4191
f 4240/7057/4242 4153/6901/4155 4189/6968/4191
f 4191/6970/4193 4100/6825/4104 4190/6969/4192
f 4190/6969/4192 4153/6901/4155 4240/7057/4242
f 4205/7058/4207 4150/6902/4152 4191/6970/4193
f 4192/7059/4194 4193/6972/4195 4101/6904/4105
f 4194/6973/4196 4192/6971/4194 4102/6829/4106
f 4193/6972/4195 4196/6975/4198 4104/6831/4108
f 4194/6973/4196 4103/6830/4107 4195/6974/4197
f 4154/6905/4156 4196/6975/4198 4241/7060/4243
f 4155/6906/4157 4159/6910/4161 4242/7061/4244
f 4156/6907/4158 4155/6906/4157 4243/7062/4245
f 4157/6908/4159 4156/6907/4158 4244/7063/4246
f 4158/6909/4160 4157/6908/4159 4245/7064/4247
f 4160/6911/4162 4158/6909/4160 4246/7065/4248
f 4106/6833/4110 4198/6977/4200 4197/6976/4199
f 4197/6976/4199 4242/7061/4244 4159/6910/4161
f 4154/6905/4156 4241/7060/4243 4198/6977/4200
f 4161/6978/4163 4160/6980/4162 4247/7066/4249
f 4151/6899/4153 4161/6981/4163 4238/7055/4240
f 4162/7067/4164 4248/7068/4250 4163/7069/4165
f 4163/6982/4165 4249/7070/4251 4164/6983/4166
f 4164/6918/4166 4250/7071/4252 4199/6985/4201
f 4200/6986/4202 4110/6988/4114 4201/6990/4203
f 4165/6989/4167 4199/6985/4201 4251/7072/4253
f 4165/6989/4167 4252/7073/4254 4201/6990/4203
f 4253/7074/4255 4166/7075/4168 4169/7002/4171
f 4253/7074/4255 4202/7076/4204 4166/7075/4168
f 4202/6996/4204 4254/7077/4256 4167/6997/4169
f 4167/6997/4169 4248/7078/4250 4162/7079/4164
f 4168/6925/4170 4203/6999/4205 4255/7080/4257
f 4256/7081/4258 4169/7002/4171 4168/7001/4170
f 4203/6999/4205 4170/6932/4172 4257/7082/4259
f 4113/6933/4117 4200/7003/4202 4204/7005/4206
f 4170/6932/4172 4204/7083/4206 4257/7082/4259
f 4114/7008/4118 4205/7084/4207 4206/7009/4208
f 4207/7085/4209 4115/7086/4119 4206/7087/4208
f 4116/7088/4120 4207/7089/4209 4208/7090/4210
f 4209/7091/4211 4117/7092/4121 4208/7093/4210
f 4171/7094/4173 4209/7052/4211 4185/6962/4187
f 4209/7095/4211 4210/7013/4212 4119/6936/4123
f 4210/7013/4212 4211/7014/4213 4120/6853/4124
f 4172/7027/4174 4211/7096/4213 4258/7097/4260
f 4121/7015/4125 4213/7019/4215 4212/7016/4214
f 4122/7017/4126 4212/7016/4214 4259/7098/4261
f 4126/7018/4130 4217/7028/4219 4213/7019/4215
f 4122/7017/4126 4259/7098/4261 4214/7099/4216
f 4214/7099/4216 4215/7023/4217 4125/7022/4129
f 4124/7024/4128 4215/7023/4217 4216/7025/4218
f 4127/7026/4131 4216/7025/4218 4218/7029/4220
f 4172/7027/4174 4258/7097/4260 4217/7028/4219
f 4173/7030/4175 4218/7029/4220 4129/7100/4133
f 4218/7029/4220 4219/7101/4221 4129/7100/4133
f 4174/6945/4176 4219/7032/4221 4260/7102/4262
f 4174/6945/4176 4261/7103/4263 4220/7033/4222
f 4220/7033/4222 4221/7034/4223 4131/6867/4135
f 4221/7034/4223 4222/7104/4224 4132/6946/4136
f 4175/6947/4177 4222/7035/4224 4262/7105/4264
f 4175/6947/4177 4263/7106/4265 4223/7036/4225
f 4264/7107/4266 4176/6948/4178 4223/7036/4225
f 4264/7107/4266 4177/7037/4179 4176/6948/4178
f 4265/7108/4267 4224/7038/4226 4177/6949/4179
f 4224/7038/4226 4266/7109/4268 4133/6870/4137
f 4133/6870/4137 4266/7109/4268 4225/7039/4227
f 4225/7039/4227 4226/7040/4228 4178/6950/4180
f 4226/7040/4228 4136/6873/4140 4178/6950/4180
f 4226/7040/4228 4227/7041/4229 4137/6874/4141
f 4227/7041/4229 4228/7042/4230 4138/6875/4142
f 4179/6951/4181 4180/6952/4182 4267/7110/4269
f 4179/6951/4181 4237/7054/4239 4181/6953/4183
f 4268/7111/4270 4180/6952/4182 4228/7042/4230
f 4183/6955/4185 4182/6954/4184 4269/7112/4271
f 4142/6662/4002 4146/6738/4054 4229/7043/4231
f 4229/7043/4231 4230/7044/4232 4140/6878/4144
f 4141/6956/4145 4230/7044/4232 4231/7113/4233
f 4231/7045/4233 4269/7112/4271 4182/6954/4184
f 4183/6957/4185 4270/7114/4272 4184/6958/4186
f 4184/6958/4186 4271/7115/4273 4232/7046/4234
f 4143/7116/4146 4232/7117/4234 4233/7118/4235
f 4144/6882/4147 4233/7047/4235 4234/7048/4236
f 4145/7119/4148 4234/7120/4236 4235/7121/4237
f 4229/7043/4231 4146/6738/4054 4235/7122/4237
f 4236/7053/4238 4195/6974/4197 4149/6894/4151
f 4236/7053/4238 4148/6893/4150 4237/7054/4239
f 4239/7056/4241 4152/6900/4154 4238/7055/4240
f 4186/6965/4188 4239/7056/4241 4272/7123/4274
f 4273/7124/4275 4187/6966/4189 4186/6965/4188
f 4188/6967/4190 4187/6966/4189 4274/7125/4276
f 4189/6968/4191 4188/6967/4190 4274/7125/4276
f 4240/7057/4242 4189/6968/4191 4275/7126/4277
f 4191/6970/4193 4190/6969/4192 4276/7127/4278
f 4276/7127/4278 4190/6969/4192 4240/7057/4242
f 4205/7058/4207 4191/6970/4193 4277/7128/4279
f 4192/7059/4194 4278/7129/4280 4193/6972/4195
f 4194/6973/4196 4279/7130/4281 4192/6971/4194
f 4280/7131/4282 4196/6975/4198 4193/6972/4195
f 4194/6973/4196 4195/6974/4197 4281/7132/4283
f 4196/6975/4198 4282/7133/4284 4241/7060/4243
f 4155/6906/4157 4242/7061/4244 4243/7062/4245
f 4156/6907/4158 4243/7062/4245 4244/7063/4246
f 4157/6908/4159 4244/7063/4246 4245/7064/4247
f 4158/6909/4160 4245/7064/4247 4246/7065/4248
f 4247/7134/4249 4160/6911/4162 4246/7065/4248
f 4198/6977/4200 4283/7135/4285 4197/6976/4199
f 4197/6976/4199 4284/7136/4286 4242/7061/4244
f 4241/7060/4243 4285/7137/4287 4198/6977/4200
f 4238/7055/4240 4161/6981/4163 4247/7138/4249
f 4248/7078/4250 4286/7139/4288 4163/6982/4165
f 4163/6982/4165 4286/7139/4288 4249/7070/4251
f 4164/6983/4166 4249/7070/4251 4250/7140/4252
f 4250/7071/4252 4287/7141/4289 4199/6985/4201
f 4200/7003/4202 4201/7142/4203 4288/7143/4290
f 4199/6985/4201 4287/7141/4289 4251/7072/4253
f 4165/6989/4167 4251/7072/4253 4252/7073/4254
f 4289/7144/4291 4201/7142/4203 4252/7145/4254
f 4253/7074/4255 4169/7002/4171 4256/7081/4258
f 4253/7146/4255 4290/7147/4292 4202/6996/4204
f 4202/6996/4204 4290/7147/4292 4254/7077/4256
f 4167/6997/4169 4254/7077/4256 4248/7078/4250
f 4255/7080/4257 4203/6999/4205 4291/7148/4293
f 4256/7149/4258 4168/7150/4170 4255/7151/4257
f 4203/6999/4205 4257/7082/4259 4291/7148/4293
f 4204/7005/4206 4200/7003/4202 4288/7143/4290
f 4257/7152/4259 4204/7005/4206 4292/7153/4294
f 4206/7087/4208 4205/7154/4207 4293/7155/4295
f 4207/7085/4209 4206/7087/4208 4294/7156/4296
f 4208/7090/4210 4207/7089/4209 4295/7157/4297
f 4209/7158/4211 4208/7159/4210 4296/7160/4298
f 4209/7158/4211 4296/7160/4298 4210/7161/4212
f 4297/7162/4299 4211/7014/4213 4210/7013/4212
f 4211/7096/4213 4298/7163/4300 4258/7097/4260
f 4213/7019/4215 4299/7164/4301 4212/7016/4214
f 4212/7016/4214 4300/7165/4302 4259/7098/4261
f 4213/7019/4215 4217/7028/4219 4301/7166/4303
f 4214/7099/4216 4259/7098/4261 4302/7167/4304
f 4214/7099/4216 4302/7167/4304 4215/7023/4217
f 4215/7023/4217 4303/7168/4305 4216/7025/4218
f 4216/7025/4218 4304/7169/4306 4218/7029/4220
f 4258/7097/4260 4305/7170/4307 4217/7028/4219
f 4218/7029/4220 4304/7169/4306 4219/7101/4221
f 4219/7032/4221 4306/7171/4308 4260/7102/4262
f 4174/6945/4176 4260/7102/4262 4261/7103/4263
f 4220/7033/4222 4261/7103/4263 4307/7172/4309
f 4220/7033/4222 4307/7172/4309 4221/7034/4223
f 4221/7034/4223 4308/7173/4310 4222/7104/4224
f 4222/7035/4224 4309/7174/4311 4262/7105/4264
f 4175/6947/4177 4262/7105/4264 4310/7175/4312
f 4175/6947/4177 4310/7175/4312 4263/7106/4265
f 4311/7176/4313 4223/7036/4225 4263/7106/4265
f 4264/7107/4266 4223/7036/4225 4311/7176/4313
f 4264/7107/4266 4265/7177/4267 4177/7037/4179
f 4265/7108/4267 4312/7178/4314 4224/7038/4226
f 4224/7038/4226 4313/7179/4315 4266/7109/4268
f 4266/7109/4268 4314/7180/4316 4225/7039/4227
f 4314/7180/4316 4226/7040/4228 4225/7039/4227
f 4314/7180/4316 4227/7041/4229 4226/7040/4228
f 4227/7041/4229 4315/7181/4317 4228/7042/4230
f 4267/7110/4269 4180/6952/4182 4268/7111/4270
f 4179/6951/4181 4267/7110/4269 4237/7054/4239
f 4268/7111/4270 4228/7042/4230 4316/7182/4318
f 4183/6955/4185 4269/7112/4271 4270/7183/4272
f 4229/7043/4231 4317/7184/4319 4230/7044/4232
f 4318/7185/4320 4231/7113/4233 4230/7044/4232
f 4231/7045/4233 4319/7186/4321 4269/7112/4271
f 4270/7114/4272 4271/7115/4273 4184/6958/4186
f 4271/7115/4273 4320/7187/4322 4232/7046/4234
f 4233/7188/4235 4232/7189/4234 4321/7190/4323
f 4234/7048/4236 4233/7047/4235 4322/7191/4324
f 4235/7121/4237 4234/7120/4236 4323/7192/4325
f 4229/7043/4231 4235/7122/4237 4317/7184/4319
f 4281/7132/4283 4195/6974/4197 4236/7053/4238
f 4236/7053/4238 4237/7054/4239 4324/7193/4326
f 4239/7056/4241 4238/7055/4240 4325/7194/4327
f 4239/7056/4241 4326/7195/4328 4272/7123/4274
f 4273/7124/4275 4186/6965/4188 4272/7123/4274
f 4274/7125/4276 4187/6966/4189 4273/7124/4275
f 4189/6968/4191 4274/7125/4276 4275/7126/4277
f 4240/7057/4242 4275/7126/4277 4327/7196/4329
f 4277/7128/4279 4191/6970/4193 4276/7127/4278
f 4328/7197/4330 4276/7127/4278 4240/7057/4242
f 4293/7198/4295 4205/7058/4207 4277/7128/4279
f 4192/6971/4194 4279/7130/4281 4278/7199/4280
f 4278/7129/4280 4280/7131/4282 4193/6972/4195
f 4194/6973/4196 4281/7132/4283 4279/7130/4281
f 4280/7131/4282 4329/7200/4331 4196/6975/4198
f 4196/6975/4198 4329/7200/4331 4282/7133/4284
f 4282/7133/4284 4330/7201/4332 4241/7060/4243
f 4331/7202/4333 4243/7062/4245 4242/7061/4244
f 4332/7203/4334 4244/7063/4246 4243/7062/4245
f 4245/7064/4247 4244/7063/4246 4333/7204/4335
f 4334/7205/4336 4246/7065/4248 4245/7064/4247
f 4247/7134/4249 4246/7065/4248 4335/7206/4337
f 4198/6977/4200 4285/7137/4287 4283/7135/4285
f 4197/6976/4199 4283/7135/4285 4284/7136/4286
f 4284/7136/4286 4331/7202/4333 4242/7061/4244
f 4330/7201/4332 4285/7137/4287 4241/7060/4243
f 4238/7055/4240 4247/7138/4249 4336/7207/4338
f 4248/7078/4250 4337/7208/4339 4286/7139/4288
f 4286/7139/4288 4338/7209/4340 4249/7070/4251
f 4249/7070/4251 4339/7210/4341 4250/7140/4252
f 4250/7071/4252 4340/7211/4342 4287/7141/4289
f 4288/7143/4290 4201/7142/4203 4289/7144/4291
f 4251/7072/4253 4287/7141/4289 4341/7212/4343
f 4252/7213/4254 4251/7214/4253 4342/7215/4344
f 4343/7216/4345 4289/7217/4291 4252/7218/4254
f 4253/7074/4255 4256/7081/4258 4344/7219/4346
f 4253/7146/4255 4344/7220/4346 4290/7147/4292
f 4290/7147/4292 4345/7221/4347 4254/7077/4256
f 4254/7077/4256 4337/7208/4339 4248/7078/4250
f 4255/7222/4257 4291/7223/4293 4346/7224/4348
f 4256/7149/4258 4255/7151/4257 4347/7225/4349
f 4257/7082/4259 4348/7226/4350 4291/7148/4293
f 4204/7005/4206 4288/7143/4290 4292/7153/4294
f 4257/7152/4259 4292/7153/4294 4348/7227/4350
f 4294/7156/4296 4206/7087/4208 4293/7155/4295
f 4295/7228/4297 4207/7229/4209 4294/7230/4296
f 4296/7160/4298 4208/7159/4210 4295/7231/4297
f 4296/7160/4298 4297/7232/4299 4210/7161/4212
f 4297/7233/4299 4298/7163/4300 4211/7096/4213
f 4298/7163/4300 4349/7234/4351 4258/7097/4260
f 4213/7019/4215 4301/7166/4303 4299/7164/4301
f 4212/7016/4214 4299/7164/4301 4300/7165/4302
f 4259/7098/4261 4300/7165/4302 4350/7235/4352
f 4217/7028/4219 4305/7170/4307 4301/7166/4303
f 4259/7098/4261 4350/7235/4352 4302/7167/4304
f 4215/7023/4217 4302/7167/4304 4303/7168/4305
f 4216/7025/4218 4303/7168/4305 4304/7169/4306
f 4258/7097/4260 4349/7234/4351 4305/7170/4307
f 4304/7169/4306 4306/7236/4308 4219/7101/4221
f 4306/7171/4308 4351/7237/4353 4260/7102/4262
f 4261/7103/4263 4260/7102/4262 4352/7238/4354
f 4261/7103/4263 4353/7239/4355 4307/7172/4309
f 4221/7034/4223 4307/7172/4309 4308/7173/4310
f 4308/7173/4310 4309/7240/4311 4222/7104/4224
f 4309/7174/4311 4354/7241/4356 4262/7105/4264
f 4354/7241/4356 4310/7175/4312 4262/7105/4264
f 4263/7106/4265 4310/7175/4312 4355/7242/4357
f 4311/7176/4313 4263/7106/4265 4356/7243/4358
f 4264/7107/4266 4311/7176/4313 4357/7244/4359
f 4264/7107/4266 4357/7244/4359 4265/7177/4267
f 4224/7038/4226 4312/7178/4314 4313/7179/4315
f 4313/7179/4315 4358/7245/4360 4266/7109/4268
f 4358/7245/4360 4314/7180/4316 4266/7109/4268
f 4314/7180/4316 4315/7181/4317 4227/7041/4229
f 4228/7042/4230 4315/7181/4317 4316/7182/4318
f 4267/7110/4269 4268/7111/4270 4359/7246/4361
f 4324/7193/4326 4237/7054/4239 4267/7110/4269
f 4360/7247/4362 4268/7111/4270 4316/7182/4318
f 4270/7183/4272 4269/7112/4271 4361/7248/4363
f 4317/7184/4319 4318/7185/4320 4230/7044/4232
f 4318/7185/4320 4319/7249/4321 4231/7113/4233
f 4361/7248/4363 4269/7112/4271 4319/7186/4321
f 4270/7114/4272 4362/7250/4364 4271/7115/4273
f 4363/7251/4365 4320/7187/4322 4271/7115/4273
f 4320/7252/4322 4321/7190/4323 4232/7189/4234
f 4322/7191/4324 4233/7047/4235 4321/7253/4323
f 4323/7192/4325 4234/7120/4236 4322/7254/4324
f 4235/7121/4237 4323/7192/4325 4364/7255/4366
f 4317/7256/4319 4235/7257/4237 4364/7258/4366
f 4281/7132/4283 4236/7053/4238 4324/7193/4326
f 4238/7055/4240 4336/7207/4338 4325/7194/4327
f 4239/7056/4241 4325/7194/4327 4326/7195/4328
f 4272/7123/4274 4326/7195/4328 4365/7259/4367
f 4273/7124/4275 4272/7123/4274 4366/7260/4368
f 4274/7125/4276 4273/7124/4275 4367/7261/4369
f 4275/7126/4277 4274/7125/4276 4367/7261/4369
f 4327/7196/4329 4275/7126/4277 4368/7262/4370
f 4240/7057/4242 4327/7196/4329 4328/7197/4330
f 4277/7128/4279 4276/7127/4278 4369/7263/4371
f 4276/7127/4278 4328/7197/4330 4369/7263/4371
f 4293/7198/4295 4277/7128/4279 4370/7264/4372
f 4371/7265/4373 4278/7199/4280 4279/7130/4281
f 4372/7266/4374 4280/7131/4282 4278/7129/4280
f 4281/7132/4283 4373/7267/4375 4279/7130/4281
f 4374/7268/4376 4329/7200/4331 4280/7131/4282
f 4329/7200/4331 4375/7269/4377 4282/7133/4284
f 4375/7269/4377 4330/7201/4332 4282/7133/4284
f 4332/7203/4334 4243/7062/4245 4331/7202/4333
f 4333/7204/4335 4244/7063/4246 4332/7203/4334
f 4334/7205/4336 4245/7064/4247 4333/7204/4335
f 4335/7206/4337 4246/7065/4248 4334/7205/4336
f 4247/7138/4249 4335/7270/4337 4336/7207/4338
f 4283/7135/4285 4285/7137/4287 4376/7271/4378
f 4283/7135/4285 4377/7272/4379 4284/7136/4286
f 4284/7136/4286 4378/7273/4380 4331/7202/4333
f 4330/7201/4332 4379/7274/4381 4285/7137/4287
f 4337/7208/4339 4380/7275/4382 4286/7139/4288
f 4286/7139/4288 4380/7275/4382 4338/7209/4340
f 4249/7070/4251 4338/7209/4340 4339/7210/4341
f 4250/7140/4252 4339/7210/4341 4340/7276/4342
f 4287/7141/4289 4340/7211/4342 4381/7277/4383
f 4288/7143/4290 4289/7144/4291 4382/7278/4384
f 4287/7141/4289 4381/7277/4383 4341/7212/4343
f 4251/7214/4253 4341/7279/4343 4342/7215/4344
f 4343/7280/4345 4252/7213/4254 4342/7215/4344
f 4343/7281/4345 4383/7282/4385 4289/7283/4291
f 4256/7081/4258 4347/7284/4349 4344/7219/4346
f 4344/7285/4346 4384/7286/4386 4290/7287/4292
f 4290/7287/4292 4384/7286/4386 4345/7288/4347
f 4254/7289/4256 4345/7290/4347 4337/7291/4339
f 4346/7224/4348 4291/7223/4293 4385/7292/4387
f 4255/7222/4257 4346/7224/4348 4347/7293/4349
f 4291/7294/4293 4348/7295/4350 4385/7296/4387
f 4292/7153/4294 4288/7143/4290 4382/7278/4384
f 4348/7297/4350 4292/7298/4294 4386/7299/4388
f 4294/7156/4296 4293/7155/4295 4387/7300/4389
f 4295/7228/4297 4294/7230/4296 4388/7301/4390
f 4296/7302/4298 4295/7228/4297 4389/7303/4391
f 4296/7304/4298 4389/7305/4391 4297/7233/4299
f 4297/7233/4299 4389/7305/4391 4298/7163/4300
f 4389/7305/4391 4349/7234/4351 4298/7163/4300
f 4299/7164/4301 4301/7166/4303 4390/7306/4392
f 4299/7164/4301 4391/7307/4393 4300/7165/4302
f 4350/7235/4352 4300/7165/4302 4392/7308/4394
f 4305/7170/4307 4393/7309/4395 4301/7166/4303
f 4302/7167/4304 4350/7235/4352 4394/7310/4396
f 4303/7168/4305 4302/7167/4304 4394/7310/4396
f 4303/7168/4305 4395/7311/4397 4304/7169/4306
f 4305/7170/4307 4349/7234/4351 4396/7312/4398
f 4304/7169/4306 4395/7311/4397 4306/7236/4308
f 4306/7313/4308 4397/7314/4399 4351/7315/4353
f 4351/7237/4353 4352/7238/4354 4260/7102/4262
f 4261/7103/4263 4352/7238/4354 4353/7239/4355
f 4353/7239/4355 4398/7316/4400 4307/7172/4309
f 4398/7316/4400 4308/7173/4310 4307/7172/4309
f 4308/7173/4310 4399/7317/4401 4309/7240/4311
f 4309/7174/4311 4400/7318/4402 4354/7241/4356
f 4354/7241/4356 4355/7242/4357 4310/7175/4312
f 4263/7106/4265 4355/7242/4357 4356/7243/4358
f 4311/7176/4313 4356/7243/4358 4401/7319/4403
f 4357/7244/4359 4311/7176/4313 4401/7319/4403
f 4312/7178/4314 4403/7320/4404 4313/7179/4315
f 4313/7179/4315 4404/7321/4405 4358/7245/4360
f 4358/7245/4360 4315/7181/4317 4314/7180/4316
f 4316/7182/4318 4315/7181/4317 4405/7322/4406
f 4360/7247/4362 4359/7246/4361 4268/7111/4270
f 4324/7193/4326 4267/7110/4269 4359/7246/4361
f 4406/7323/4407 4360/7247/4362 4316/7182/4318
f 4270/7183/4272 4361/7248/4363 4362/7324/4364
f 4317/7325/4319 4407/7326/4408 4318/7327/4320
f 4318/7185/4320 4408/7328/4409 4319/7249/4321
f 4361/7248/4363 4319/7186/4321 4409/7329/4410
f 4362/7250/4364 4363/7251/4365 4271/7115/4273
f 4363/7251/4365 4410/7330/4411 4320/7187/4322
f 4320/7187/4322 4411/7331/4412 4321/7253/4323
f 4322/7191/4324 4321/7253/4323 4412/7332/4413
f 4323/7333/4325 4322/7334/4324 4413/7335/4414
f 4364/7336/4366 4323/7333/4325 4414/7337/4415
f 4317/7338/4319 4364/7339/4366 4407/7340/4408
f 4281/7132/4283 4324/7193/4326 4373/7267/4375
f 4325/7194/4327 4336/7207/4338 4415/7341/4416
f 4326/7195/4328 4325/7194/4327 4416/7342/4417
f 4365/7259/4367 4326/7195/4328 4417/7343/4418
f 4366/7260/4368 4272/7123/4274 4365/7259/4367
f 4367/7261/4369 4273/7124/4275 4366/7260/4368
f 4368/7262/4370 4275/7126/4277 4367/7261/4369
f 4327/7196/4329 4368/7262/4370 4418/7344/4419
f 4328/7197/4330 4327/7196/4329 4419/7345/4420
f 4277/7128/4279 4369/7263/4371 4370/7264/4372
f 4328/7197/4330 4419/7345/4420 4369/7263/4371
f 4293/7155/4295 4370/7346/4372 4387/7300/4389
f 4372/7347/4374 4278/7199/4280 4371/7265/4373
f 4371/7265/4373 4279/7130/4281 4373/7267/4375
f 4374/7268/4376 4280/7131/4282 4372/7266/4374
f 4374/7268/4376 4420/7348/4421 4329/7200/4331
f 4420/7348/4421 4375/7269/4377 4329/7200/4331
f 4375/7269/4377 4421/7349/4422 4330/7201/4332
f 4422/7350/4423 4332/7203/4334 4331/7202/4333
f 4333/7204/4335 4332/7203/4334 4423/7351/4424
f 4334/7205/4336 4333/7204/4335 4424/7352/4425
f 4335/7206/4337 4334/7205/4336 4425/7353/4426
f 4336/7207/4338 4335/7270/4337 4415/7341/4416
f 4379/7274/4381 4376/7271/4378 4285/7137/4287
f 4283/7135/4285 4376/7271/4378 4377/7272/4379
f 4377/7272/4379 4378/7273/4380 4284/7136/4286
f 4422/7350/4423 4331/7202/4333 4378/7273/4380
f 4330/7201/4332 4421/7349/4422 4379/7274/4381
f 4337/7354/4339 4426/7355/4427 4380/7356/4382
f 4380/7275/4382 4427/7357/4428 4338/7209/4340
f 4339/7210/4341 4338/7209/4340 4428/7358/4429
f 4339/7210/4341 4428/7358/4429 4340/7276/4342
f 4428/7358/4429 4381/7359/4383 4340/7276/4342
f 4383/7360/4385 4382/7278/4384 4289/7144/4291
f 4341/7212/4343 4381/7277/4383 4429/7361/4430
f 4430/7362/4431 4342/7215/4344 4341/7279/4343
f 4343/7280/4345 4342/7215/4344 4431/7363/4432
f 4343/7364/4345 4432/7365/4433 4383/7366/4385
f 4344/7219/4346 4347/7284/4349 4433/7367/4434
f 4344/7368/4346 4433/7369/4434 4384/7370/4386
f 4384/7371/4386 4434/7372/4435 4345/7373/4347
f 4426/7374/4427 4337/7375/4339 4345/7376/4347
f 4346/7224/4348 4385/7292/4387 4435/7377/4436
f 4347/7378/4349 4346/7379/4348 4436/7380/4437
f 4385/7381/4387 4348/7297/4350 4437/7382/4438
f 4292/7383/4294 4382/7384/4384 4438/7385/4439
f 4292/7383/4294 4438/7385/4439 4386/7386/4388
f 4348/7297/4350 4386/7299/4388 4437/7382/4438
f 4388/7301/4390 4294/7230/4296 4387/7387/4389
f 4389/7303/4391 4295/7228/4297 4388/7301/4390
f 4389/7305/4391 4388/7388/4390 4349/7234/4351
f 4301/7166/4303 4393/7309/4395 4390/7306/4392
f 4299/7164/4301 4390/7306/4392 4391/7307/4393
f 4391/7307/4393 4392/7308/4394 4300/7165/4302
f 4350/7235/4352 4392/7308/4394 4439/7389/4440
f 4305/7170/4307 4396/7312/4398 4393/7309/4395
f 4394/7310/4396 4350/7235/4352 4439/7389/4440
f 4303/7168/4305 4394/7310/4396 4395/7311/4397
f 4388/7388/4390 4396/7312/4398 4349/7234/4351
f 4395/7311/4397 4440/7390/4441 4306/7236/4308
f 4306/7313/4308 4440/7391/4441 4397/7314/4399
f 4351/7315/4353 4397/7314/4399 4441/7392/4442
f 4442/7393/4443 4352/7238/4354 4351/7237/4353
f 4352/7238/4354 4443/7394/4444 4353/7239/4355
f 4353/7239/4355 4444/7395/4445 4398/7316/4400
f 4398/7316/4400 4399/7317/4401 4308/7173/4310
f 4399/7317/4401 4400/7396/4402 4309/7240/4311
f 4400/7318/4402 4445/7397/4446 4354/7241/4356
f 4354/7241/4356 4446/7398/4447 4355/7242/4357
f 4356/7243/4358 4355/7242/4357 4447/7399/4448
f 4401/7319/4403 4356/7243/4358 4448/7400/4449
f 4312/7178/4314 4402/7401/4450 4403/7320/4404
f 4313/7179/4315 4403/7320/4404 4404/7321/4405
f 4358/7245/4360 4404/7321/4405 4405/7322/4406
f 4358/7245/4360 4405/7322/4406 4315/7181/4317
f 4406/7323/4407 4316/7182/4318 4405/7322/4406
f 4449/7402/4451 4359/7246/4361 4360/7247/4362
f 4324/7193/4326 4359/7246/4361 4373/7267/4375
f 4406/7323/4407 4450/7403/4452 4360/7247/4362
f 4361/7248/4363 4451/7404/4453 4362/7324/4364
f 4318/7327/4320 4407/7326/4408 4408/7405/4409
f 4319/7249/4321 4408/7328/4409 4409/7406/4410
f 4361/7248/4363 4409/7329/4410 4451/7404/4453
f 4362/7250/4364 4452/7407/4454 4363/7251/4365
f 4363/7251/4365 4453/7408/4455 4410/7330/4411
f 4320/7187/4322 4410/7330/4411 4411/7331/4412
f 4411/7331/4412 4412/7332/4413 4321/7253/4323
f 4322/7334/4324 4412/7409/4413 4413/7335/4414
f 4323/7333/4325 4413/7335/4414 4414/7337/4415
f 4454/7410/4456 4364/7339/4366 4414/7411/4415
f 4407/7340/4408 4364/7339/4366 4454/7410/4456
f 4416/7342/4417 4325/7194/4327 4415/7341/4416
f 4326/7195/4328 4416/7342/4417 4417/7343/4418
f 4455/7412/4457 4365/7259/4367 4417/7343/4418
f 4366/7260/4368 4365/7259/4367 4456/7413/4458
f 4367/7261/4369 4366/7260/4368 4457/7414/4459
f 4368/7262/4370 4367/7261/4369 4457/7414/4459
f 4418/7344/4419 4368/7262/4370 4458/7415/4460
f 4327/7196/4329 4418/7344/4419 4419/7345/4420
f 4370/7264/4372 4369/7263/4371 4459/7416/4461
f 4369/7263/4371 4419/7345/4420 4459/7416/4461
f 4387/7417/4389 4370/7418/4372 4460/7419/4462
f 4371/7265/4373 4373/7267/4375 4449/7402/4451
f 4374/7268/4376 4461/7420/4463 4420/7348/4421
f 4420/7348/4421 4462/7421/4464 4375/7269/4377
f 4462/7421/4464 4421/7349/4422 4375/7269/4377
f 4423/7351/4424 4332/7203/4334 4422/7350/4423
f 4424/7352/4425 4333/7204/4335 4423/7351/4424
f 4334/7205/4336 4424/7352/4425 4425/7353/4426
f 4415/7341/4416 4335/7270/4337 4425/7422/4426
f 4379/7274/4381 4463/7423/4465 4376/7271/4378
f 4377/7272/4379 4376/7271/4378 4464/7424/4466
f 4377/7272/4379 4465/7425/4467 4378/7273/4380
f 4466/7426/4468 4422/7350/4423 4378/7273/4380
f 4421/7349/4422 4467/7427/4469 4379/7274/4381
f 4380/7356/4382 4426/7355/4427 4468/7428/4470
f 4380/7275/4382 4468/7429/4470 4427/7357/4428
f 4338/7209/4340 4427/7357/4428 4428/7358/4429
f 4428/7358/4429 4469/7430/4471 4381/7359/4383
f 4383/7431/4385 4470/7432/4472 4382/7384/4384
f 4471/7433/4473 4429/7434/4430 4381/7435/4383
f 4430/7362/4431 4341/7279/4343 4429/7436/4430
f 4431/7363/4432 4342/7215/4344 4430/7362/4431
f 4472/7437/4474 4343/7280/4345 4431/7363/4432
f 4472/7438/4474 4432/7365/4433 4343/7364/4345
f 4383/7366/4385 4432/7365/4433 4473/7439/4475
f 4347/7440/4349 4436/7441/4437 4433/7442/4434
f 4433/7369/4434 4474/7443/4476 4384/7370/4386
f 4384/7371/4386 4474/7444/4476 4434/7372/4435
f 4345/7373/4347 4434/7372/4435 4472/7438/4474
f 4345/7376/4347 4475/7445/4477 4426/7374/4427
f 4435/7377/4436 4385/7292/4387 4476/7446/4478
f 4436/7447/4437 4346/7224/4348 4435/7377/4436
f 4385/7292/4387 4437/7448/4438 4476/7446/4478
f 4382/7384/4384 4477/7449/4479 4438/7385/4439
f 4386/7386/4388 4438/7385/4439 4478/7450/4480
f 4437/7382/4438 4386/7299/4388 4479/7451/4481
f 4388/7388/4390 4387/7417/4389 4396/7312/4398
f 4393/7309/4395 4480/7452/4482 4390/7306/4392
f 4391/7307/4393 4390/7306/4392 4481/7453/4483
f 4391/7307/4393 4482/7454/4484 4392/7308/4394
f 4392/7308/4394 4483/7455/4485 4439/7389/4440
f 4393/7309/4395 4396/7312/4398 4484/7456/4486
f 4394/7310/4396 4439/7389/4440 4485/7457/4487
f 4394/7310/4396 4485/7457/4487 4395/7311/4397
f 4395/7311/4397 4485/7457/4487 4440/7390/4441
f 4442/7458/4443 4351/7315/4353 4441/7392/4442
f 4442/7393/4443 4443/7394/4444 4352/7238/4354
f 4353/7239/4355 4443/7394/4444 4444/7395/4445
f 4398/7316/4400 4444/7395/4445 4486/7459/4488
f 4398/7316/4400 4486/7459/4488 4399/7317/4401
f 4399/7317/4401 4487/7460/4489 4400/7396/4402
f 4488/7461/4490 4445/7397/4446 4400/7318/4402
f 4354/7241/4356 4445/7397/4446 4446/7398/4447
f 4447/7399/4448 4355/7242/4357 4446/7398/4447
f 4356/7243/4358 4447/7399/4448 4448/7400/4449
f 4485/7457/4487 4402/7401/4450 4440/7390/4441
f 4489/7462/4491 4403/7320/4404 4402/7401/4450
f 4403/7320/4404 4490/7463/4492 4404/7321/4405
f 4404/7321/4405 4491/7464/4493 4405/7322/4406
f 4406/7323/4407 4405/7322/4406 4491/7464/4493
f 4449/7402/4451 4373/7267/4375 4359/7246/4361
f 4449/7402/4451 4360/7247/4362 4450/7403/4452
f 4406/7323/4407 4492/7465/4494 4450/7403/4452
f 4362/7324/4364 4451/7404/4453 4452/7466/4454
f 4407/7340/4408 4493/7467/4495 4408/7468/4409
f 4408/7469/4409 4494/7470/4496 4409/7329/4410
f 4451/7404/4453 4409/7329/4410 4495/7471/4497
f 4363/7251/4365 4452/7407/4454 4453/7408/4455
f 4410/7330/4411 4453/7408/4455 4496/7472/4498
f 4411/7331/4412 4410/7330/4411 4497/7473/4499
f 4411/7331/4412 4498/7474/4500 4412/7332/4413
f 4413/7335/4414 4412/7409/4413 4499/7475/4501
f 4413/7476/4414 4500/7477/4502 4414/7478/4415
f 4454/7410/4456 4414/7411/4415 4500/7479/4502
f 4407/7340/4408 4454/7410/4456 4493/7467/4495
f 4416/7342/4417 4415/7341/4416 4501/7480/4503
f 4416/7342/4417 4502/7481/4504 4417/7343/4418
f 4456/7413/4458 4365/7259/4367 4455/7412/4457
f 4455/7412/4457 4417/7343/4418 4503/7482/4505
f 4457/7414/4459 4366/7260/4368 4456/7413/4458
f 4368/7262/4370 4457/7414/4459 4458/7415/4460
f 4418/7344/4419 4458/7415/4460 4504/7483/4506
f 4419/7345/4420 4418/7344/4419 4505/7484/4507
f 4370/7418/4372 4459/7485/4461 4460/7419/4462
f 4419/7345/4420 4505/7484/4507 4459/7416/4461
f 4387/7417/4389 4460/7419/4462 4484/7456/4486
f 4371/7265/4373 4449/7402/4451 4450/7403/4452
f 4506/7486/4508 4420/7348/4421 4461/7420/4463
f 4506/7486/4508 4462/7421/4464 4420/7348/4421
f 4462/7421/4464 4507/7487/4509 4421/7349/4422
f 4508/7488/4510 4423/7351/4424 4422/7350/4423
f 4509/7489/4511 4424/7352/4425 4423/7351/4424
f 4425/7353/4426 4424/7352/4425 4510/7490/4512
f 4501/7480/4503 4415/7341/4416 4425/7422/4426
f 4379/7274/4381 4467/7427/4469 4463/7423/4465
f 4464/7424/4466 4376/7271/4378 4463/7423/4465
f 4377/7272/4379 4464/7424/4466 4465/7425/4467
f 4466/7426/4468 4378/7273/4380 4465/7425/4467
f 4466/7426/4468 4508/7488/4510 4422/7350/4423
f 4421/7349/4422 4507/7487/4509 4467/7427/4469
f 4426/7355/4427 4475/7491/4477 4468/7428/4470
f 4468/7429/4470 4511/7492/4513 4427/7357/4428
f 4428/7358/4429 4427/7357/4428 4469/7430/4471
f 4469/7493/4471 4471/7433/4473 4381/7435/4383
f 4383/7366/4385 4473/7439/4475 4470/7494/4472
f 4470/7432/4472 4477/7449/4479 4382/7384/4384
f 4471/7495/4473 4430/7362/4431 4429/7436/4430
f 4431/7496/4432 4430/7497/4431 4512/7498/4514
f 4472/7499/4474 4431/7496/4432 4475/7491/4477
f 4472/7438/4474 4434/7372/4435 4432/7365/4433
f 4513/7500/4515 4473/7439/4475 4432/7365/4433
f 4436/7447/4437 4514/7501/4516 4433/7502/4434
f 4433/7369/4434 4514/7503/4516 4474/7443/4476
f 4474/7444/4476 4513/7500/4515 4434/7372/4435
f 4345/7504/4347 4472/7499/4474 4475/7491/4477
f 4435/7377/4436 4476/7446/4478 4515/7505/4517
f 4436/7447/4437 4435/7377/4436 4516/7506/4518
f 4437/7448/4438 4517/7507/4519 4476/7446/4478
f 4438/7385/4439 4477/7449/4479 4478/7450/4480
f 4479/7451/4481 4386/7299/4388 4478/7508/4480
f 4437/7448/4438 4479/7509/4481 4517/7507/4519
f 4387/7417/4389 4484/7456/4486 4396/7312/4398
f 4393/7309/4395 4484/7456/4486 4480/7452/4482
f 4390/7306/4392 4480/7452/4482 4481/7453/4483
f 4391/7307/4393 4481/7453/4483 4482/7454/4484
f 4392/7308/4394 4482/7454/4484 4483/7455/4485
f 4483/7455/4485 4489/7462/4491 4439/7389/4440
f 4485/7457/4487 4439/7389/4440 4489/7462/4491
f 4442/7458/4443 4441/7392/4442 4518/7510/4520
f 4442/7393/4443 4519/7511/4521 4443/7394/4444
f 4443/7394/4444 4520/7512/4522 4444/7395/4445
f 4444/7395/4445 4521/7513/4523 4486/7459/4488
f 4486/7459/4488 4487/7460/4489 4399/7317/4401
f 4488/7514/4490 4400/7396/4402 4487/7460/4489
f 4488/7461/4490 4522/7515/4524 4445/7397/4446
f 4445/7397/4446 4523/7516/4525 4446/7398/4447
f 4447/7399/4448 4446/7398/4447 4524/7517/4526
f 4447/7399/4448 4525/7518/4527 4448/7400/4449
f 4485/7457/4487 4489/7462/4491 4402/7401/4450
f 4489/7462/4491 4526/7519/4528 4403/7320/4404
f 4526/7519/4528 4490/7463/4492 4403/7320/4404
f 4490/7463/4492 4491/7464/4493 4404/7321/4405
f 4406/7323/4407 4491/7464/4493 4492/7465/4494
f 4451/7404/4453 4527/7520/4529 4452/7466/4454
f 4408/7468/4409 4493/7467/4495 4494/7521/4496
f 4495/7471/4497 4409/7329/4410 4494/7470/4496
f 4451/7404/4453 4495/7471/4497 4527/7520/4529
f 4452/7407/4454 4528/7522/4530 4453/7408/4455
f 4528/7522/4530 4496/7472/4498 4453/7408/4455
f 4410/7330/4411 4496/7472/4498 4497/7473/4499
f 4411/7331/4412 4497/7473/4499 4498/7474/4500
f 4498/7523/4500 4499/7524/4501 4412/7525/4413
f 4413/7335/4414 4499/7475/4501 4529/7526/4531
f 4500/7527/4502 4413/7335/4414 4529/7526/4531
f 4454/7528/4456 4500/7529/4502 4530/7530/4532
f 4454/7410/4456 4530/7531/4532 4493/7467/4495
f 4416/7342/4417 4501/7480/4503 4502/7481/4504
f 4503/7482/4505 4417/7343/4418 4502/7481/4504
f 4456/7413/4458 4455/7412/4457 4531/7532/4533
f 4532/7533/4534 4455/7412/4457 4503/7482/4505
f 4533/7534/4535 4457/7414/4459 4456/7413/4458
f 4533/7534/4535 4458/7415/4460 4457/7414/4459
f 4504/7483/4506 4458/7415/4460 4534/7535/4536
f 4418/7344/4419 4504/7483/4506 4505/7484/4507
f 4460/7419/4462 4459/7485/4461 4535/7536/4537
f 4459/7416/4461 4505/7484/4507 4536/7537/4538
f 4484/7456/4486 4460/7419/4462 4537/7538/4539
f 4538/7539/4540 4506/7486/4508 4461/7420/4463
f 4506/7486/4508 4539/7540/4541 4462/7421/4464
f 4539/7540/4541 4507/7487/4509 4462/7421/4464
f 4509/7489/4511 4423/7351/4424 4508/7488/4510
f 4510/7490/4512 4424/7352/4425 4509/7489/4511
f 4501/7480/4503 4425/7422/4426 4510/7541/4512
f 4467/7427/4469 4540/7542/4542 4463/7423/4465
f 4464/7424/4466 4463/7423/4465 4541/7543/4543
f 4465/7425/4467 4464/7424/4466 4542/7544/4544
f 4466/7426/4468 4465/7425/4467 4543/7545/4545
f 4544/7546/4546 4508/7488/4510 4466/7426/4468
f 4545/7547/4547 4467/7427/4469 4507/7487/4509
f 4475/7491/4477 4512/7498/4514 4468/7428/4470
f 4468/7428/4470 4512/7498/4514 4511/7548/4513
f 4427/7357/4428 4511/7492/4513 4469/7430/4471
f 4511/7549/4513 4471/7433/4473 4469/7493/4471
f 4546/7550/4548 4470/7494/4472 4473/7439/4475
f 4470/7432/4472 4547/7551/4549 4477/7449/4479
f 4512/7498/4514 4430/7497/4431 4471/7552/4473
f 4475/7491/4477 4431/7496/4432 4512/7498/4514
f 4434/7372/4435 4513/7500/4515 4432/7365/4433
f 4548/7553/4550 4473/7439/4475 4513/7500/4515
f 4436/7447/4437 4516/7506/4518 4514/7501/4516
f 4474/7444/4476 4514/7554/4516 4549/7555/4551
f 4474/7444/4476 4549/7555/4551 4513/7500/4515
f 4476/7446/4478 4550/7556/4552 4515/7505/4517
f 4516/7506/4518 4435/7377/4436 4515/7505/4517
f 4476/7446/4478 4517/7507/4519 4550/7556/4552
f 4477/7449/4479 4551/7557/4553 4478/7450/4480
f 4479/7451/4481 4478/7508/4480 4552/7558/4554
f 4479/7509/4481 4552/7559/4554 4517/7507/4519
f 4484/7456/4486 4537/7538/4539 4480/7452/4482
f 4480/7452/4482 4553/7560/4555 4481/7453/4483
f 4481/7453/4483 4554/7561/4556 4482/7454/4484
f 4483/7455/4485 4482/7454/4484 4555/7562/4557
f 4483/7455/4485 4526/7519/4528 4489/7462/4491
f 4442/7458/4443 4518/7510/4520 4519/7563/4521
f 4519/7511/4521 4520/7512/4522 4443/7394/4444
f 4444/7395/4445 4520/7512/4522 4521/7513/4523
f 4521/7513/4523 4556/7564/4558 4486/7459/4488
f 4486/7459/4488 4556/7564/4558 4487/7460/4489
f 4557/7565/4559 4488/7514/4490 4487/7460/4489
f 4488/7461/4490 4558/7566/4560 4522/7515/4524
f 4445/7397/4446 4522/7515/4524 4523/7516/4525
f 4524/7517/4526 4446/7398/4447 4523/7516/4525
f 4447/7399/4448 4524/7517/4526 4525/7518/4527
f 4526/7519/4528 4559/7567/4561 4490/7463/4492
f 4490/7463/4492 4560/7568/4562 4491/7464/4493
f 4492/7465/4494 4491/7464/4493 4560/7568/4562
f 4452/7466/4454 4527/7520/4529 4528/7569/4530
f 4493/7570/4495 4561/7571/4563 4494/7470/4496
f 4495/7471/4497 4494/7470/4496 4562/7572/4564
f 4762/7573/4565 4563/7574/4566 4527/7575/4529
f 4528/7576/4530 4564/7577/4567 4496/7578/4498
f 4496/7578/4498 4565/7579/4568 4764/7580/4569
f 4497/7581/4499 4566/7582/4570 4498/7583/4500
f 4498/7584/4500 4567/7585/4571 4499/7475/4501
f 4529/7526/4531 4499/7475/4501 4568/7586/4572
f 4500/7527/4502 4529/7526/4531 4530/7587/4532
f 4493/7588/4495 4530/7587/4532 4569/7589/4573
f 4502/7481/4504 4501/7480/4503 4570/7590/4574
f 4503/7482/4505 4502/7481/4504 4571/7591/4575
f 4531/7532/4533 4455/7412/4457 4532/7533/4534
f 4533/7534/4535 4456/7413/4458 4531/7532/4533
f 4532/7533/4534 4503/7482/4505 4572/7592/4576
f 4533/7534/4535 4534/7535/4536 4458/7415/4460
f 4504/7483/4506 4534/7535/4536 4573/7593/4577
f 4505/7484/4507 4504/7483/4506 4574/7594/4578
f 4459/7416/4461 4536/7537/4538 4535/7595/4537
f 4537/7538/4539 4460/7419/4462 4535/7536/4537
f 4536/7537/4538 4505/7484/4507 4574/7594/4578
f 4575/7596/4579 4506/7486/4508 4538/7539/4540
f 4575/7596/4579 4539/7540/4541 4506/7486/4508
f 4576/7597/4580 4507/7487/4509 4539/7540/4541
f 4509/7489/4511 4508/7488/4510 4577/7598/4581
f 4510/7490/4512 4509/7489/4511 4578/7599/4582
f 4501/7480/4503 4510/7541/4512 4570/7590/4574
f 4545/7547/4547 4540/7542/4542 4467/7427/4469
f 4540/7542/4542 4541/7543/4543 4463/7423/4465
f 4464/7424/4466 4541/7543/4543 4542/7544/4544
f 4543/7545/4545 4465/7425/4467 4542/7544/4544
f 4544/7546/4546 4466/7426/4468 4543/7545/4545
f 4544/7546/4546 4577/7598/4581 4508/7488/4510
f 4576/7597/4580 4545/7547/4547 4507/7487/4509
f 4511/7548/4513 4512/7498/4514 4471/7552/4473
f 4546/7550/4548 4547/7600/4549 4470/7494/4472
f 4548/7553/4550 4546/7550/4548 4473/7439/4475
f 4477/7449/4479 4547/7551/4549 4551/7557/4553
f 4549/7555/4551 4548/7553/4550 4513/7500/4515
f 4514/7501/4516 4516/7506/4518 4549/7601/4551
f 4550/7556/4552 4579/7602/4583 4515/7505/4517
f 4516/7506/4518 4515/7505/4517 4580/7603/4584
f 4517/7507/4519 4581/7604/4585 4550/7556/4552
f 4552/7605/4554 4478/7606/4480 4551/7607/4553
f 4517/7507/4519 4552/7559/4554 4581/7604/4585
f 4537/7538/4539 4553/7560/4555 4480/7452/4482
f 4481/7453/4483 4553/7560/4555 4554/7561/4556
f 4554/7561/4556 4555/7562/4557 4482/7454/4484
f 4483/7455/4485 4555/7562/4557 4526/7519/4528
f 4519/7563/4521 4518/7510/4520 4582/7608/4586
f 4519/7511/4521 4583/7609/4587 4520/7512/4522
f 4520/7512/4522 4584/7610/4588 4521/7513/4523
f 4521/7513/4523 4585/7611/4589 4556/7564/4558
f 4556/7564/4558 4557/7565/4559 4487/7460/4489
f 4557/7565/4559 4558/7612/4560 4488/7514/4490
f 4558/7566/4560 4586/7613/4590 4522/7515/4524
f 4523/7516/4525 4522/7515/4524 4587/7614/4591
f 4524/7517/4526 4523/7516/4525 4588/7615/4592
f 4525/7518/4527 4524/7517/4526 4589/7616/4593
f 4526/7519/4528 4555/7562/4557 4559/7567/4561
f 4490/7463/4492 4559/7567/4561 4560/7568/4562
f 4527/7575/4529 4564/7577/4567 4528/7576/4530
f 4493/7617/4495 4569/7618/4573 4561/7619/4563
f 4562/7572/4564 4494/7470/4496 4561/7571/4563
f 4562/7620/4564 4563/7574/4566 4762/7573/4565
f 4527/7575/4529 4563/7574/4566 4564/7577/4567
f 4564/7577/4567 4565/7579/4568 4496/7578/4498
f 4764/7580/4569 4565/7579/4568 4566/7621/4570
f 4566/7622/4570 4567/7623/4571 4498/7624/4500
f 4499/7475/4501 4567/7585/4571 4568/7586/4572
f 4590/7625/4594 4529/7526/4531 4568/7586/4572
f 4530/7587/4532 4529/7526/4531 4591/7626/4595
f 4569/7589/4573 4530/7587/4532 4591/7626/4595
f 4502/7481/4504 4570/7590/4574 4571/7591/4575
f 4503/7482/4505 4571/7591/4575 4572/7592/4576
f 4531/7532/4533 4532/7533/4534 4592/7627/4596
f 4533/7534/4535 4531/7532/4533 4593/7628/4597
f 4532/7533/4534 4572/7592/4576 4594/7629/4598
f 4533/7534/4535 4593/7628/4597 4534/7535/4536
f 4573/7593/4577 4534/7535/4536 4595/7630/4599
f 4574/7594/4578 4504/7483/4506 4573/7593/4577
f 4535/7595/4537 4536/7537/4538 4596/7631/4600
f 4537/7538/4539 4535/7536/4537 4597/7632/4601
f 4536/7537/4538 4574/7594/4578 4598/7633/4602
f 4600/7634/4603 4575/7596/4579 4538/7539/4540
f 4575/7596/4579 4601/7635/4604 4539/7540/4541
f 4601/7635/4604 4576/7597/4580 4539/7540/4541
f 4578/7599/4582 4509/7489/4511 4577/7598/4581
f 4570/7590/4574 4510/7541/4512 4578/7636/4582
f 4545/7547/4547 4602/7637/4605 4540/7542/4542
f 4540/7542/4542 4603/7638/4606 4541/7543/4543
f 4542/7544/4544 4541/7543/4543 4604/7639/4607
f 4543/7545/4545 4542/7544/4544 4605/7640/4608
f 4544/7546/4546 4543/7545/4545 4606/7641/4609
f 4544/7546/4546 4606/7641/4609 4577/7598/4581
f 4576/7597/4580 4607/7642/4610 4545/7547/4547
f 4546/7550/4548 4608/7643/4611 4547/7600/4549
f 4548/7553/4550 4579/7644/4583 4546/7550/4548
f 4547/7600/4549 4609/7645/4612 4551/7646/4553
f 4549/7555/4551 4580/7647/4584 4548/7553/4550
f 4516/7506/4518 4580/7603/4584 4549/7601/4551
f 4550/7556/4552 4608/7648/4611 4579/7602/4583
f 4580/7603/4584 4515/7505/4517 4579/7602/4583
f 4581/7604/4585 4608/7648/4611 4550/7556/4552
f 4552/7605/4554 4551/7607/4553 4581/7649/4585
f 4537/7538/4539 4597/7632/4601 4553/7560/4555
f 4553/7560/4555 4610/7650/4613 4554/7561/4556
f 4554/7561/4556 4611/7651/4614 4555/7562/4557
f 4519/7563/4521 4582/7608/4586 4583/7652/4587
f 4520/7512/4522 4583/7609/4587 4584/7610/4588
f 4521/7513/4523 4584/7610/4588 4585/7611/4589
f 4556/7564/4558 4585/7611/4589 4612/7653/4615
f 4556/7564/4558 4612/7653/4615 4557/7565/4559
f 4557/7565/4559 4613/7654/4616 4558/7612/4560
f 4558/7566/4560 4614/7655/4617 4586/7613/4590
f 4522/7515/4524 4586/7613/4590 4587/7614/4591
f 4523/7516/4525 4587/7614/4591 4588/7615/4592
f 4589/7616/4593 4524/7517/4526 4588/7615/4592
f 4611/7651/4614 4559/7567/4561 4555/7562/4557
f 4569/7618/4573 4615/7656/4618 4561/7619/4563
f 4562/7657/4564 4561/7619/4563 4763/7658/4619
f 4563/7574/4566 4562/7620/4564 4616/7659/4620
f 4563/7574/4566 4617/7660/4621 4564/7577/4567
f 4564/7577/4567 4617/7660/4621 4565/7579/4568
f 4618/7661/4622 4566/7621/4570 4565/7579/4568
f 4566/7662/4570 4619/7663/4623 4567/7664/4571
f 4620/7665/4624 4568/7666/4572 4567/7664/4571
f 4591/7626/4595 4529/7526/4531 4590/7625/4594
f 4568/7586/4572 4621/7667/4625 4590/7625/4594
f 4569/7618/4573 4591/7668/4595 4622/7669/4626
f 4570/7590/4574 4578/7636/4582 4571/7591/4575
f 4572/7592/4576 4571/7591/4575 4623/7670/4627
f 4532/7533/4534 4594/7629/4598 4592/7627/4596
f 4531/7532/4533 4592/7627/4596 4593/7628/4597
f 4594/7629/4598 4572/7592/4576 4624/7671/4628
f 4534/7535/4536 4593/7628/4597 4595/7630/4599
f 4573/7593/4577 4595/7630/4599 4625/7672/4629
f 4574/7594/4578 4573/7593/4577 4626/7673/4630
f 4536/7537/4538 4598/7633/4602 4596/7631/4600
f 4535/7595/4537 4596/7631/4600 4597/7674/4601
f 4574/7594/4578 4626/7673/4630 4598/7633/4602
f 4600/7634/4603 4627/7675/4631 4575/7596/4579
f 4575/7596/4579 4627/7675/4631 4601/7635/4604
f 4601/7635/4604 4628/7676/4632 4576/7597/4580
f 4578/7599/4582 4577/7598/4581 4629/7677/4633
f 4545/7547/4547 4607/7642/4610 4602/7637/4605
f 4602/7637/4605 4603/7638/4606 4540/7542/4542
f 4603/7638/4606 4604/7639/4607 4541/7543/4543
f 4542/7544/4544 4604/7639/4607 4605/7640/4608
f 4630/7678/4634 4543/7545/4545 4605/7640/4608
f 4630/7678/4634 4606/7641/4609 4543/7545/4545
f 4629/7677/4633 4577/7598/4581 4606/7641/4609
f 4576/7597/4580 4628/7676/4632 4607/7642/4610
f 4546/7550/4548 4579/7644/4583 4608/7643/4611
f 4608/7643/4611 4609/7645/4612 4547/7600/4549
f 4548/7553/4550 4580/7647/4584 4579/7644/4583
f 4581/7649/4585 4551/7607/4553 4609/7679/4612
f 4581/7604/4585 4609/7680/4612 4608/7648/4611
f 4553/7560/4555 4597/7632/4601 4610/7650/4613
f 4554/7561/4556 4610/7650/4613 4611/7651/4614
f 4582/7608/4586 4631/7681/4635 4583/7652/4587
f 4583/7609/4587 4632/7682/4636 4584/7610/4588
f 4633/7683/4637 4585/7611/4589 4584/7610/4588
f 4585/7611/4589 4634/7684/4638 4612/7653/4615
f 4612/7653/4615 4613/7654/4616 4557/7565/4559
f 4613/7654/4616 4614/7685/4617 4558/7612/4560
f 4614/7655/4617 4635/7686/4639 4586/7613/4590
f 4587/7614/4591 4586/7613/4590 4636/7687/4640
f 4587/7614/4591 4637/7688/4641 4588/7615/4592
f 4589/7616/4593 4588/7615/4592 4638/7689/4642
f 4569/7618/4573 4622/7669/4626 4615/7656/4618
f 4615/7690/4618 4616/7659/4620 4763/7691/4619
f 4563/7574/4566 4616/7659/4620 4617/7660/4621
f 4617/7660/4621 4618/7661/4622 4565/7579/4568
f 4618/7661/4622 4619/7692/4623 4566/7621/4570
f 4620/7665/4624 4567/7664/4571 4619/7663/4623
f 4621/7693/4625 4568/7666/4572 4620/7665/4624
f 4591/7694/4595 4590/7695/4594 4640/7696/4643
f 4590/7697/4594 4621/7698/4625 4640/7699/4643
f 4622/7669/4626 4591/7668/4595 4640/7700/4643
f 4578/7636/4582 4629/7701/4633 4571/7591/4575
f 4623/7670/4627 4571/7591/4575 4629/7701/4633
f 4624/7671/4628 4572/7592/4576 4623/7670/4627
f 4641/7702/4644 4592/7627/4596 4594/7629/4598
f 4642/7703/4645 4593/7628/4597 4592/7627/4596
f 4643/7704/4646 4594/7629/4598 4624/7671/4628
f 4595/7630/4599 4593/7628/4597 4642/7703/4645
f 4595/7630/4599 4644/7705/4647 4625/7672/4629
f 4573/7593/4577 4625/7672/4629 4626/7673/4630
f 4598/7633/4602 4645/7706/4648 4596/7631/4600
f 4597/7674/4601 4596/7631/4600 4646/7707/4649
f 4598/7633/4602 4626/7673/4630 4647/7708/4650
f 4600/7634/4603 4649/7709/4651 4627/7675/4631
f 4627/7675/4631 4650/7710/4652 4601/7635/4604
f 4651/7711/4653 4628/7676/4632 4601/7635/4604
f 4607/7642/4610 4652/7712/4654 4602/7637/4605
f 4602/7637/4605 4653/7713/4655 4603/7638/4606
f 4603/7638/4606 4654/7714/4656 4604/7639/4607
f 4605/7640/4608 4604/7639/4607 4655/7715/4657
f 4630/7678/4634 4605/7640/4608 4656/7716/4658
f 4630/7678/4634 4657/7717/4659 4606/7641/4609
f 4629/7677/4633 4606/7641/4609 4657/7717/4659
f 4628/7676/4632 4658/7718/4660 4607/7642/4610
f 4597/7674/4601 4646/7707/4649 4610/7719/4613
f 4610/7719/4613 4659/7720/4661 4611/7721/4614
f 4583/7652/4587 4631/7681/4635 4632/7722/4636
f 4632/7682/4636 4633/7683/4637 4584/7610/4588
f 4633/7683/4637 4634/7684/4638 4585/7611/4589
f 4612/7653/4615 4634/7684/4638 4660/7723/4662
f 4612/7653/4615 4660/7723/4662 4613/7654/4616
f 4613/7654/4616 4661/7724/4663 4614/7685/4617
f 4614/7655/4617 4662/7725/4664 4635/7686/4639
f 4636/7687/4640 4586/7613/4590 4635/7686/4639
f 4587/7614/4591 4636/7687/4640 4637/7688/4641
f 4638/7689/4642 4588/7615/4592 4637/7688/4641
f 4622/7669/4626 4663/7726/4665 4615/7656/4618
f 4615/7690/4618 4664/7727/4666 4616/7659/4620
f 4617/7660/4621 4616/7659/4620 4664/7727/4666
f 4617/7660/4621 4664/7727/4666 4618/7661/4622
f 4618/7661/4622 4665/7728/4667 4619/7692/4623
f 4665/7728/4667 4620/7729/4624 4619/7692/4623
f 4640/7730/4643 4621/7693/4625 4620/7665/4624
f 4622/7669/4626 4640/7700/4643 4663/7726/4665
f 4623/7670/4627 4629/7701/4633 4657/7731/4659
f 4624/7671/4628 4623/7670/4627 4666/7732/4668
f 4641/7702/4644 4642/7703/4645 4592/7627/4596
f 4641/7702/4644 4594/7629/4598 4643/7704/4646
f 4643/7704/4646 4624/7671/4628 4667/7733/4669
f 4595/7630/4599 4642/7703/4645 4644/7705/4647
f 4644/7705/4647 4668/7734/4670 4625/7672/4629
f 4626/7673/4630 4625/7672/4629 4669/7735/4671
f 4598/7633/4602 4647/7708/4650 4645/7706/4648
f 4596/7631/4600 4645/7706/4648 4646/7707/4649
f 4647/7708/4650 4626/7673/4630 4669/7735/4671
f 4770/7736/4672 4600/7634/4603 4648/7737/4673
f 4649/7709/4651 4600/7634/4603 4770/7736/4672
f 4671/7738/4674 4627/7675/4631 4649/7709/4651
f 4671/7738/4674 4650/7710/4652 4627/7675/4631
f 4650/7710/4652 4651/7711/4653 4601/7635/4604
f 4672/7739/4675 4628/7676/4632 4651/7711/4653
f 4658/7718/4660 4652/7712/4654 4607/7642/4610
f 4602/7637/4605 4652/7712/4654 4653/7713/4655
f 4653/7713/4655 4654/7714/4656 4603/7638/4606
f 4654/7714/4656 4655/7715/4657 4604/7639/4607
f 4656/7716/4658 4605/7640/4608 4655/7715/4657
f 4673/7740/4676 4630/7678/4634 4656/7716/4658
f 4673/7740/4676 4657/7717/4659 4630/7678/4634
f 4672/7739/4675 4658/7718/4660 4628/7676/4632
f 4610/7719/4613 4646/7707/4649 4659/7720/4661
f 4611/7721/4614 4659/7720/4661 4648/7741/4673
f 4632/7722/4636 4631/7681/4635 4674/7742/4677
f 4632/7682/4636 4675/7743/4678 4633/7683/4637
f 4633/7683/4637 4676/7744/4679 4634/7684/4638
f 4677/7745/4680 4660/7723/4662 4634/7684/4638
f 4613/7654/4616 4660/7723/4662 4661/7724/4663
f 4661/7724/4663 4678/7746/4681 4614/7685/4617
f 4614/7685/4617 4678/7746/4681 4662/7747/4664
f 4662/7748/4664 4679/7749/4682 4635/7750/4639
f 4636/7687/4640 4635/7686/4639 4680/7751/4683
f 4637/7688/4641 4636/7687/4640 4681/7752/4684
f 4638/7689/4642 4637/7688/4641 4682/7753/4685
f 4265/7108/4267 4639/7754/4686 4312/7178/4314
f 4639/7754/4686 4440/7390/4441 4402/7401/4450
f 4615/7690/4618 4663/7755/4665 4664/7727/4666
f 4618/7661/4622 4664/7727/4666 4665/7728/4667
f 4640/7756/4643 4620/7729/4624 4665/7728/4667
f 4640/7756/4643 4665/7728/4667 4663/7755/4665
f 4623/7670/4627 4657/7731/4659 4666/7732/4668
f 4624/7671/4628 4666/7732/4668 4667/7733/4669
f 4641/7702/4644 4684/7757/4687 4642/7703/4645
f 4641/7702/4644 4643/7704/4646 4685/7758/4688
f 4643/7704/4646 4667/7733/4669 4686/7759/4689
f 4684/7757/4687 4644/7705/4647 4642/7703/4645
f 4687/7760/4690 4668/7734/4670 4644/7705/4647
f 4669/7735/4671 4625/7672/4629 4668/7734/4670
f 4645/7706/4648 4647/7708/4650 4688/7761/4691
f 4646/7707/4649 4645/7706/4648 4689/7762/4692
f 4647/7708/4650 4669/7735/4671 4690/7763/4693
f 4689/7762/4692 4670/7764/4694 4648/7741/4673
f 4670/7764/4694 4691/7765/4695 4649/7766/4651
f 4671/7767/4674 4649/7766/4651 4691/7765/4695
f 4671/7738/4674 4692/7768/4696 4650/7710/4652
f 4692/7768/4696 4651/7711/4653 4650/7710/4652
f 4692/7768/4696 4672/7739/4675 4651/7711/4653
f 4658/7718/4660 4693/7769/4697 4652/7712/4654
f 4694/7770/4698 4653/7713/4655 4652/7712/4654
f 4695/7771/4699 4654/7714/4656 4653/7713/4655
f 4696/7772/4700 4655/7715/4657 4654/7714/4656
f 4697/7773/4701 4656/7716/4658 4655/7715/4657
f 4697/7774/4701 4673/7775/4676 4656/7776/4658
f 4666/7732/4668 4657/7731/4659 4673/7777/4676
f 4672/7739/4675 4698/7778/4702 4658/7718/4660
f 4646/7707/4649 4689/7762/4692 4659/7720/4661
f 4659/7720/4661 4689/7762/4692 4648/7741/4673
f 4632/7722/4636 4674/7742/4677 4675/7779/4678
f 4633/7683/4637 4675/7743/4678 4676/7744/4679
f 4634/7684/4638 4676/7744/4679 4699/7780/4703
f 4677/7745/4680 4700/7781/4704 4660/7723/4662
f 4677/7745/4680 4634/7684/4638 4699/7780/4703
f 4660/7723/4662 4700/7781/4704 4661/7724/4663
f 4661/7724/4663 4701/7782/4705 4678/7746/4681
f 4662/7748/4664 4678/7783/4681 4679/7749/4682
f 4679/7749/4682 4680/7784/4683 4635/7750/4639
f 4636/7687/4640 4680/7751/4683 4681/7752/4684
f 4637/7688/4641 4681/7752/4684 4702/7785/4706
f 4682/7753/4685 4637/7688/4641 4702/7785/4706
f 4683/7786/4707 4638/7689/4642 4682/7753/4685
f 4639/7754/4686 4402/7401/4450 4312/7178/4314
f 4664/7727/4666 4663/7755/4665 4665/7728/4667
f 4667/7733/4669 4666/7732/4668 4703/7787/4708
f 4641/7702/4644 4685/7758/4688 4684/7757/4687
f 4643/7704/4646 4686/7759/4689 4685/7758/4688
f 4686/7759/4689 4667/7733/4669 4704/7788/4709
f 4687/7760/4690 4644/7705/4647 4684/7757/4687
f 4687/7760/4690 4705/7789/4710 4668/7734/4670
f 4669/7735/4671 4668/7734/4670 4706/7790/4711
f 4647/7708/4650 4690/7763/4693 4688/7761/4691
f 4645/7706/4648 4688/7761/4691 4689/7762/4692
f 4669/7735/4671 4706/7790/4711 4690/7763/4693
f 4688/7761/4691 4670/7764/4694 4689/7762/4692
f 4688/7761/4691 4691/7765/4695 4670/7764/4694
f 4671/7767/4674 4691/7765/4695 4707/7791/4712
f 4671/7767/4674 4707/7791/4712 4692/7792/4696
f 4772/7793/4713 4672/7794/4675 4692/7792/4696
f 4658/7718/4660 4709/7795/4714 4693/7769/4697
f 4694/7770/4698 4652/7712/4654 4693/7769/4697
f 4695/7771/4699 4653/7713/4655 4694/7770/4698
f 4695/7771/4699 4696/7772/4700 4654/7714/4656
f 4697/7773/4701 4655/7715/4657 4696/7772/4700
f 4703/7787/4708 4673/7777/4676 4697/7796/4701
f 4666/7732/4668 4673/7777/4676 4703/7787/4708
f 4710/7797/4715 4698/7778/4702 4672/7739/4675
f 4698/7778/4702 4709/7795/4714 4658/7718/4660
f 4675/7779/4678 4674/7742/4677 4711/7798/4716
f 4676/7744/4679 4675/7743/4678 4712/7799/4717
f 4676/7744/4679 4712/7799/4717 4699/7780/4703
f 4677/7745/4680 4713/7800/4718 4700/7781/4704
f 4677/7745/4680 4699/7780/4703 4713/7800/4718
f 4700/7781/4704 4701/7782/4705 4661/7724/4663
f 4701/7801/4705 4679/7749/4682 4678/7783/4681
f 4679/7749/4682 4714/7802/4719 4680/7784/4683
f 4681/7752/4684 4680/7751/4683 4715/7803/4720
f 4681/7752/4684 4715/7803/4720 4702/7785/4706
f 4682/7753/4685 4702/7785/4706 4716/7804/4721
f 4683/7786/4707 4682/7753/4685 4717/7805/4722
f 4674/7742/4677 4683/7806/4707 4711/7798/4716
f 4704/7788/4709 4667/7733/4669 4703/7787/4708
f 4684/7757/4687 4685/7758/4688 4718/7807/4723
f 4685/7758/4688 4686/7759/4689 4719/7808/4724
f 4686/7759/4689 4704/7788/4709 4719/7808/4724
f 4687/7760/4690 4684/7757/4687 4718/7807/4723
f 4687/7760/4690 4720/7809/4725 4705/7789/4710
f 4705/7789/4710 4721/7810/4726 4668/7734/4670
f 4706/7790/4711 4668/7734/4670 4721/7810/4726
f 4688/7761/4691 4690/7763/4693 4691/7765/4695
f 4690/7763/4693 4706/7790/4711 4707/7791/4712
f 4690/7763/4693 4707/7791/4712 4691/7765/4695
f 4708/7811/4727 4692/7792/4696 4707/7791/4712
f 4710/7812/4715 4672/7794/4675 4772/7793/4713
f 4709/7795/4714 4722/7813/4728 4693/7769/4697
f 4722/7813/4728 4694/7770/4698 4693/7769/4697
f 4723/7814/4729 4695/7771/4699 4694/7770/4698
f 4695/7771/4699 4724/7815/4730 4696/7772/4700
f 4725/7816/4731 4697/7817/4701 4696/7818/4700
f 4725/7819/4731 4703/7787/4708 4697/7796/4701
f 4710/7797/4715 4726/7820/4732 4698/7778/4702
f 4698/7778/4702 4727/7821/4733 4709/7795/4714
f 4712/7822/4717 4675/7779/4678 4711/7798/4716
f 4712/7799/4717 4728/7823/4734 4699/7780/4703
f 4713/7824/4718 4729/7825/4735 4700/7826/4704
f 4699/7780/4703 4728/7823/4734 4713/7800/4718
f 4700/7826/4704 4714/7802/4719 4701/7801/4705
f 4701/7801/4705 4714/7802/4719 4679/7749/4682
f 4680/7784/4683 4714/7802/4719 4715/7827/4720
f 4702/7785/4706 4715/7803/4720 4730/7828/4736
f 4716/7804/4721 4702/7785/4706 4730/7828/4736
f 4717/7805/4722 4682/7753/4685 4716/7804/4721
f 4711/7798/4716 4683/7806/4707 4717/7829/4722
f 4704/7788/4709 4703/7787/4708 4725/7819/4731
f 4685/7758/4688 4719/7808/4724 4718/7807/4723
f 4719/7808/4724 4704/7788/4709 4731/7830/4737
f 4687/7760/4690 4718/7807/4723 4720/7809/4725
f 4705/7789/4710 4720/7809/4725 4732/7831/4738
f 4733/7832/4739 4721/7810/4726 4705/7789/4710
f 4706/7790/4711 4721/7810/4726 4708/7811/4727
f 4706/7790/4711 4708/7811/4727 4707/7791/4712
f 4708/7811/4727 4734/7833/4740 4710/7812/4715
f 4709/7795/4714 4727/7821/4733 4722/7813/4728
f 4722/7813/4728 4723/7814/4729 4694/7770/4698
f 4723/7814/4729 4724/7815/4730 4695/7771/4699
f 4725/7816/4731 4696/7818/4700 4724/7834/4730
f 4710/7812/4715 4735/7835/4741 4726/7836/4732
f 4698/7778/4702 4726/7820/4732 4727/7821/4733
f 4712/7822/4717 4711/7798/4716 4736/7837/4742
f 4712/7799/4717 4737/7838/4743 4728/7823/4734
f 4713/7824/4718 4738/7839/4744 4729/7825/4735
f 4700/7826/4704 4729/7825/4735 4714/7802/4719
f 4713/7824/4718 4728/7840/4734 4738/7839/4744
f 4729/7825/4735 4715/7827/4720 4714/7802/4719
f 4729/7825/4735 4730/7841/4736 4715/7827/4720
f 4738/7839/4744 4716/7842/4721 4730/7841/4736
f 4717/7805/4722 4716/7804/4721 4739/7843/4745
f 4711/7798/4716 4717/7829/4722 4736/7837/4742
f 4704/7788/4709 4725/7819/4731 4731/7830/4737
f 4718/7807/4723 4719/7808/4724 4740/7844/4746
f 4740/7844/4746 4719/7808/4724 4731/7830/4737
f 4718/7807/4723 4740/7844/4746 4720/7809/4725
f 4720/7809/4725 4741/7845/4747 4732/7831/4738
f 4733/7832/4739 4705/7789/4710 4732/7831/4738
f 4733/7832/4739 4734/7833/4740 4721/7810/4726
f 4708/7811/4727 4721/7810/4726 4734/7833/4740
f 4734/7833/4740 4735/7835/4741 4710/7812/4715
f 4742/7846/4748 4722/7813/4728 4727/7821/4733
f 4743/7847/4749 4723/7814/4729 4722/7813/4728
f 4744/7848/4750 4724/7815/4730 4723/7814/4729
f 4731/7830/4737 4725/7819/4731 4724/7849/4730
f 4735/7835/4741 4745/7850/4751 4726/7836/4732
f 4726/7820/4732 4742/7846/4748 4727/7821/4733
f 4712/7822/4717 4736/7837/4742 4737/7851/4743
f 4728/7840/4734 4737/7852/4743 4746/7853/4752
f 4738/7839/4744 4730/7841/4736 4729/7825/4735
f 4728/7840/4734 4746/7853/4752 4738/7839/4744
f 4746/7853/4752 4716/7842/4721 4738/7839/4744
f 4746/7853/4752 4739/7854/4745 4716/7842/4721
f 4717/7829/4722 4739/7855/4745 4736/7837/4742
f 4740/7844/4746 4731/7830/4737 4747/7856/4753
f 4720/7809/4725 4740/7844/4746 4741/7845/4747
f 4732/7831/4738 4741/7845/4747 4748/7857/4754
f 4732/7831/4738 4735/7835/4741 4734/7833/4740
f 4733/7832/4739 4732/7831/4738 4734/7833/4740
f 4742/7846/4748 4743/7847/4749 4722/7813/4728
f 4743/7847/4749 4744/7848/4750 4723/7814/4729
f 4747/7856/4753 4724/7849/4730 4744/7858/4750
f 4747/7856/4753 4731/7830/4737 4724/7849/4730
f 4735/7835/4741 4748/7857/4754 4745/7850/4751
f 4726/7820/4732 4745/7859/4751 4742/7846/4748
f 4737/7851/4743 4736/7837/4742 4749/7860/4755
f 4737/7852/4743 4749/7861/4755 4746/7853/4752
f 4739/7854/4745 4746/7853/4752 4749/7861/4755
f 4736/7837/4742 4739/7855/4745 4749/7860/4755
f 4741/7845/4747 4740/7844/4746 4747/7856/4753
f 4741/7845/4747 4750/7862/4756 4748/7857/4754
f 4732/7831/4738 4748/7857/4754 4735/7835/4741
f 4751/7863/4757 4743/7847/4749 4742/7846/4748
f 4743/7847/4749 4752/7864/4758 4744/7848/4750
f 4747/7856/4753 4744/7858/4750 4750/7862/4756
f 4745/7850/4751 4748/7857/4754 4751/7865/4757
f 4745/7859/4751 4751/7863/4757 4742/7846/4748
f 4741/7845/4747 4747/7856/4753 4750/7862/4756
f 4751/7865/4757 4748/7857/4754 4750/7862/4756
f 4751/7863/4757 4752/7864/4758 4743/7847/4749
f 4750/7862/4756 4744/7858/4750 4752/7866/4758
f 4751/7865/4757 4750/7862/4756 4752/7866/4758
f 4754/7867/4759 4755/7868/4760 4756/7869/4761
f 4754/7870/4759 4756/7871/4761 4755/7872/4760
f 4401/7319/4403 4757/7873/4762 4357/7244/4359
f 4440/7391/4441 4639/7874/4686 4757/7875/4762
f 4589/7616/4593 4638/7689/4642 4761/7876/4763
f 4638/7689/4642 4683/7786/4707 4761/7876/4763
f 4761/7876/4763 4760/7877/4764 4589/7616/4593
f 4760/7877/4764 4759/7878/4765 4525/7518/4527
f 4401/7319/4403 4448/7400/4449 4758/7879/4766
f 4448/7400/4449 4525/7518/4527 4759/7878/4765
f 4758/7879/4766 4448/7400/4449 4759/7878/4765
f 4525/7518/4527 4589/7616/4593 4760/7877/4764
f 4757/7873/4762 4639/7880/4686 4265/7177/4267
f 4758/7879/4766 4757/7873/4762 4401/7319/4403
f 4757/7873/4762 4265/7177/4267 4357/7244/4359
f 4761/7881/4763 4683/7806/4707 4674/7742/4677
f 4761/7881/4763 4674/7742/4677 4631/7681/4635
f 4759/7882/4765 4760/7883/4764 4582/7608/4586
f 4760/7883/4764 4761/7881/4763 4631/7681/4635
f 4582/7608/4586 4760/7883/4764 4631/7681/4635
f 4758/7884/4766 4759/7882/4765 4518/7510/4520
f 4518/7510/4520 4759/7882/4765 4582/7608/4586
f 4518/7510/4520 4441/7392/4442 4758/7884/4766
f 4441/7392/4442 4397/7314/4399 4757/7875/4762
f 4441/7392/4442 4757/7875/4762 4758/7884/4766
f 4397/7314/4399 4440/7391/4441 4757/7875/4762
f 4495/7471/4497 4562/7572/4564 4762/7885/4565
f 4495/7471/4497 4762/7885/4565 4527/7520/4529
f 4561/7619/4563 4615/7656/4618 4763/7658/4619
f 4616/7659/4620 4562/7620/4564 4763/7691/4619
f 4497/7473/4499 4764/7886/4569 4566/7887/4570
f 4497/7473/4499 4496/7472/4498 4764/7886/4569
f 4450/7403/4452 4492/7465/4494 4372/7347/4374
f 4560/7568/4562 4559/7567/4561 4599/7888/4767
f 4559/7567/4561 4611/7651/4614 4599/7888/4767
f 4599/7888/4767 4372/7347/4374 4492/7465/4494
f 4560/7568/4562 4599/7888/4767 4492/7465/4494
f 4372/7347/4374 4371/7265/4373 4450/7403/4452
f 4648/7737/4673 4538/7539/4540 4599/7889/4767
f 4648/7737/4673 4600/7634/4603 4538/7539/4540
f 4538/7539/4540 4461/7420/4463 4599/7889/4767
f 4461/7420/4463 4374/7268/4376 4372/7266/4374
f 4599/7889/4767 4461/7420/4463 4372/7266/4374
f 4599/7889/4767 4611/7890/4614 4648/7737/4673
f 1124/1848/1128 1113/7891/1097 1182/2009/1220
f 1124/1848/1128 1067/7892/1105 1113/7891/1097
f 1038/1713/1042 1067/1809/1105 1062/7893/1067
f 1067/1809/1105 1124/7894/1128 1062/7893/1067
f 1062/7893/1067 1005/7895/1009 1038/1713/1042
f 1005/7896/1009 1004/7897/1008 982/7898/986
f 1004/7899/1008 913/1533/918 982/1630/986
f 982/7898/986 1038/7900/1042 1005/7896/1009
f 62/108/68 40/88/58 4765/7901/4768
f 61/7902/92 71/140/91 4765/7901/4768
f 71/140/91 62/108/68 4765/7901/4768
f 478/841/487 567/1012/597 511/890/519
f 4767/7903/4769 4766/7904/4770 127/243/146
f 4766/7904/4770 42/112/62 65/111/71
f 65/111/71 93/144/96 127/243/146
f 127/243/146 172/332/193 4767/7903/4769
f 172/332/193 225/428/244 4767/7903/4769
f 225/428/244 273/515/287 284/557/310
f 307/595/327 323/631/353 4768/7905/4771
f 225/428/244 284/557/310 4767/7903/4769
f 284/557/310 307/595/327 4768/7905/4771
f 4767/7903/4769 284/557/310 4768/7905/4771
f 65/111/71 127/243/146 4766/7904/4770
f 64/91/61 93/173/96 4769/7906/70
f 64/91/61 4769/7906/70 42/92/62
f 69/104/66 98/7907/125 46/86/56
f 4753/7908/4772 1196/1971/1199 1074/1773/1078
f 1266/2171/1302 1301/2231/1343 4753/7909/4772
f 1074/1773/1078 1075/1814/1079 4753/7908/4772
f 4753/7908/4772 1300/2228/1340 1264/2111/1268
f 1196/1971/1199 1136/1868/1140 1074/1773/1078
f 4753/7908/4772 1264/2111/1268 1196/1971/1199
f 1301/2231/1343 1300/2294/1340 4753/7909/4772
f 4753/7909/4772 1075/1774/1079 1137/1869/1141
f 1137/1869/1141 1197/2027/1231 4753/7909/4772
f 1197/2027/1231 1266/2171/1302 4753/7909/4772
f 1635/2724/1639 1726/2639/1589 1682/2641/1591
f 1682/7910/1591 1587/2637/1547 1545/2636/1546
f 1545/2570/1546 1635/2724/1639 1682/2641/1591
f 4670/7764/4694 4649/7766/4651 4770/7911/4672
f 4670/7764/4694 4770/7911/4672 4648/7741/4673
f 3297/5592/3351 3298/5593/3299 4771/5515/3298
f 3297/5592/3351 4771/5515/3298 3186/5514/3187
f 4708/7811/4727 4710/7812/4715 4772/7793/4713
f 4708/7811/4727 4772/7793/4713 4692/7792/4696
f 176/297/179 147/298/180 94/219/97
f 147/298/180 128/220/133 94/219/97
f 1183/2007/1186 1182/7912/1220 1123/1797/1096
f 3753/6269/3755 3623/6042/3625 3662/6117/3664
