# Blender 4.1.1
# www.blender.org
mtllib Solitaire L.mtl
o Solitaire_L
v 0.194455 0.021415 0.363319
v 0.187703 0.017963 0.369908
v 0.188756 0.010239 0.390762
v 0.186944 0.017224 0.370951
v 0.186640 0.018236 0.365810
v 0.187926 0.023916 0.366659
v 0.236406 1.293305 -0.209117
v 0.236295 1.293669 -0.209846
v 0.265268 1.342292 -0.163239
v 0.228692 1.253905 -0.199976
v 0.322364 1.653029 -0.182797
v 0.334927 1.658394 -0.156001
v 0.355569 1.706106 -0.215769
v 0.266230 1.729156 -0.313529
v 0.293694 1.649627 -0.193416
v 0.313192 1.724196 -0.165233
v 0.346569 0.649621 0.133134
v 0.286142 0.808669 -0.006995
v 0.286031 0.808740 -0.006995
v 0.210086 0.420347 -0.052378
v 0.449372 0.564422 0.021807
v 0.455152 0.564169 0.002693
v 0.453137 0.570578 0.003270
v 0.320572 0.614118 0.016207
v 0.258000 0.794608 -0.077313
v 0.258678 0.795863 -0.075399
v 0.257969 0.794658 -0.077443
v 0.242227 0.812496 -0.239325
v 0.284796 1.027435 0.143377
v 0.213396 1.210243 0.208168
v 0.659381 1.340196 0.125997
v 0.367534 1.474118 0.058240
v 0.361329 1.286350 0.301980
v 0.208081 1.283718 -0.152670
v 0.205631 1.225630 0.087235
v 0.311775 1.647208 -0.104878
v 0.286183 0.808649 -0.006995
v 0.340495 1.624309 0.039564
v 0.239352 1.349115 -0.084865
v 0.230110 1.232291 0.031444
v 0.074493 1.108341 0.499084
v 0.166717 0.890911 -0.098458
v 0.335362 0.949870 0.307893
v 0.396133 0.764703 0.258704
v 0.341892 1.265678 0.120105
v 0.322121 1.641397 -0.204198
v 0.546242 1.216610 0.163898
v -0.402803 0.011444 -0.142941
v -0.043373 1.114557 0.186472
v 0.263588 0.155368 -0.086462
v 0.357502 1.484637 0.237879
v -0.125130 0.088169 0.165923
v 0.437588 1.149067 0.262095
v 0.426624 1.505673 0.024691
v 0.644317 0.637078 -0.211274
v 0.632230 1.517194 0.130045
v 0.454089 1.377673 0.366669
v -0.152604 1.175671 0.023315
v 0.244475 1.604953 -0.204410
v 0.150844 1.207742 0.381916
v 0.371239 0.034464 0.100232
v 0.309548 1.609144 -0.236207
v 0.037118 0.044304 0.134529
v 0.262839 0.305760 -0.173444
v 0.241539 1.145686 0.120489
v 0.399312 1.618103 0.014011
v 0.589671 0.545573 -0.268795
v 0.404312 0.900873 0.294490
v 0.326737 0.753608 -0.028850
v 0.363698 0.036742 0.178293
v 0.016861 1.061581 0.269625
v 0.376716 1.636548 0.014609
v -0.102332 0.026740 0.256882
v 0.283085 0.711262 -0.212346
v 0.346954 0.623371 -0.162165
v 0.460305 1.200626 0.139187
v 0.145822 0.637938 0.092923
v -0.164955 1.111732 0.072352
v -0.056260 1.110943 0.235176
v 0.295426 1.635384 -0.055648
v 0.666163 1.430183 0.322754
v 0.063580 1.073031 0.109150
v 0.614089 1.277604 0.342161
v 0.440058 0.519961 0.008747
v 0.605757 1.212227 0.287616
v 0.248048 0.789374 0.095313
v -0.075302 0.026102 0.347942
v 0.503076 0.487515 -0.049452
v 0.164723 1.215831 0.320374
v -0.151015 0.031002 -0.357536
v 0.148120 1.019843 0.425667
v 0.419052 1.670390 -0.106558
v 0.676014 1.282453 0.192284
v 0.392954 0.803607 0.171206
v 0.199881 0.031174 0.166997
v 0.009430 1.209605 -0.170234
v 0.782522 1.049777 0.313927
v 0.210855 0.044517 -0.303780
v 0.692474 1.128861 0.290561
v 0.292085 1.112886 0.097640
v 0.275159 0.872497 0.237759
v 0.142087 0.261096 0.066572
v 0.621955 1.273949 0.160789
v 0.030457 1.026008 0.076149
v 0.268001 0.105935 -0.009676
v 0.029181 1.145180 -0.140957
v 0.288299 0.118387 -0.122230
v 0.722703 1.225043 0.216864
v 0.007102 1.047823 -0.015488
v 0.334968 1.328848 0.177827
v 0.075830 1.002673 0.089653
v 0.355103 0.061342 -0.093346
v 0.505749 0.554431 0.154311
v 0.090458 1.094016 -0.184549
v 0.273873 1.103411 0.380487
v 0.336678 0.529629 -0.071865
v 0.051493 1.081180 -0.178464
v 0.596241 1.447676 0.156720
v 0.252887 1.034542 0.166794
v 0.173986 1.101265 0.492533
v 0.784070 1.162956 0.225145
v 0.247228 0.819238 0.191990
v 0.385321 1.370283 0.315344
v -0.065705 1.230662 -0.154188
v 0.260996 1.640759 -0.153652
v 0.314862 0.819299 0.298265
v 0.462643 1.323442 0.376256
v 0.618553 1.370820 0.345765
v -0.294706 1.065266 0.197681
v 0.678706 1.120610 0.226451
v -0.014167 1.192001 -0.272117
v 0.299536 0.006331 0.312650
v 0.129473 1.183841 0.470727
v 0.778654 1.015165 0.217552
v 0.239818 0.453157 -0.042144
v 0.797757 1.005842 0.180643
v 0.139090 0.963455 0.012160
v 0.441354 0.922132 0.235084
v 0.362048 1.669014 -0.154806
v 0.089121 1.156204 -0.386084
v 0.213730 0.592839 0.029825
v 0.018460 1.247973 -0.296634
v 0.584134 1.203015 0.244956
v 0.064269 1.109110 0.230631
v 0.308191 0.029413 0.215254
v -0.236811 0.049568 0.207610
v 0.580985 1.569440 0.422792
v 0.517431 1.608294 0.262298
v 0.654502 1.586984 0.368127
v 0.515457 1.545711 0.107137
v 0.494036 1.519421 0.377127
v 0.401984 1.500733 0.235794
v 0.632534 1.613953 0.215749
v 0.037877 1.134965 -0.287412
v 0.376898 1.461900 0.170043
v -0.007202 0.041642 -0.247030
v 0.050167 1.013819 0.282755
v 0.254041 0.707830 0.197447
v 0.728412 1.213260 0.276024
v 0.250194 1.230651 0.311861
v -0.237651 0.068732 -0.021249
v -0.100175 1.226987 -0.184993
v 0.175939 1.209605 0.003654
v 0.114906 0.716233 0.059606
v 0.278256 1.254492 0.165539
v 0.429520 1.038419 0.284792
v 0.084758 1.056874 0.474057
v 0.533932 1.184570 0.222847
v 0.377638 0.556192 -0.099551
v 0.318031 1.699515 -0.112481
v -0.037248 1.275539 -0.346035
v 0.203009 0.741662 0.150971
v 0.689063 1.541297 0.385548
v -0.070129 0.069714 -0.237918
v 0.351985 1.560582 -0.169514
v 0.623979 1.496420 0.390663
v 0.698862 1.287555 0.276075
v 0.484773 1.477176 0.105556
v 0.244475 0.737562 0.075116
v 0.007183 1.135259 0.382582
v 0.584893 0.615920 -0.068078
v 0.451407 1.466526 0.323482
v 0.244343 1.279547 -0.056266
v 0.241276 1.025036 0.315293
v 0.888291 1.040028 0.332391
v -0.327668 0.034363 -0.174081
v 0.210592 0.786306 0.162259
v 0.372333 1.432845 0.245806
v 0.149771 0.740964 0.049575
v 0.554371 1.466587 0.394317
v 0.034050 1.207216 -0.431952
v 0.082966 0.034231 0.180349
v 0.417695 0.414495 -0.233190
v 0.124138 1.025360 0.212348
v 0.481594 1.301576 0.074954
v 0.097493 0.972627 0.196658
v 0.483649 1.637955 0.013475
v 0.055917 0.961228 0.214868
v 0.125839 0.043909 -0.363377
v 0.195802 1.148247 0.178495
v 0.388723 1.275954 0.322915
v 0.288825 0.686925 0.061894
v 0.280787 1.697288 -0.203003
v -0.161786 1.191656 -0.100029
v 0.572694 1.597026 0.116712
v -0.398329 0.027459 0.095747
v -0.213810 0.098424 0.110943
v 0.583719 1.331997 0.356211
v 0.265896 0.662376 0.106012
v 0.290101 1.015206 0.322988
v 0.548733 1.575808 0.076463
v -0.047453 0.773824 0.174527
v 0.304516 0.075494 0.015570
v 0.448572 0.295526 -0.145999
v 0.381140 1.345947 0.323301
v -0.139282 1.156478 -0.005568
v 0.200904 0.963941 0.185613
v -0.403188 0.025596 -0.077291
v 0.632372 1.583451 0.070549
v -0.283054 0.030587 0.290057
v 0.894112 1.069518 0.246535
v 0.318720 0.221858 -0.243274
v 0.508917 1.611341 0.031372
v 0.276920 0.205731 -0.244225
v 0.114896 0.519232 0.088844
v 0.169946 0.040518 0.098723
v 0.097332 0.597131 0.016736
v 0.461752 1.447231 0.073496
v 0.140660 0.923539 0.198499
v 0.134272 1.146243 0.252518
v -0.286941 0.010472 -0.319746
v 0.280575 1.635890 -0.145169
v 0.485542 1.455370 0.064658
v 0.403513 0.606617 -0.073291
v -0.050480 1.250605 -0.229010
v 0.175767 0.933227 -0.179690
v 0.134515 0.063680 -0.226408
v 0.037189 0.240211 0.032053
v 0.088554 0.013954 -0.415250
v 0.410093 0.683676 0.220588
v 0.557479 1.630049 0.076808
v 0.261634 1.331247 -0.076562
v 0.323356 1.751195 -0.192506
v 0.061657 0.833087 0.163108
v -0.073915 1.056104 0.233931
v 0.610009 1.414816 0.321305
v 0.263952 0.911654 0.225437
v -0.283975 0.035760 -0.061327
v 0.314235 0.080495 -0.185934
v 0.181345 0.578332 0.103695
v -0.145457 0.059752 -0.035137
v 0.331880 1.353995 0.213664
v -0.133805 0.041986 -0.134669
v 0.194465 0.712365 0.092964
v 0.534843 1.222259 0.307174
v 0.484469 1.433696 0.302163
v 0.615476 0.568239 -0.091251
v 0.665040 1.482673 0.278008
v -0.003011 1.231127 -0.459093
v 0.817559 1.000335 0.231795
v 0.484338 0.549207 0.011703
v 0.402916 0.029352 0.026393
v 0.149386 0.635752 0.132354
v 0.633111 1.366760 0.091415
v 0.223560 0.910055 0.165650
v 0.592698 1.240289 0.085321
v 0.135314 0.025778 0.260203
v -0.042543 1.158998 -0.038236
v 0.298807 0.121525 -0.165831
v 0.595685 0.517076 0.103958
v 0.690652 1.356961 0.292272
v 0.537273 0.360629 -0.285145
v 0.459131 0.623776 0.149937
v 0.174755 1.003959 0.348294
v 0.255894 1.319444 -0.208410
v 0.218043 0.242378 -0.004777
v -0.010007 1.112734 0.082142
v 0.486919 1.608466 -0.147375
v 0.312838 0.674372 0.157116
v -0.039658 1.213816 -0.146991
v 0.223550 1.161458 0.422035
v 0.384967 1.422580 0.135704
v 0.082744 0.989533 0.325882
v 0.603814 1.218301 0.185987
v 0.139657 0.671781 0.108532
v 0.256329 0.691744 0.068942
v 0.361724 0.052342 -0.051567
v 0.677036 1.497240 0.381013
v 0.348006 1.637176 -0.191806
v -0.010199 1.253652 -0.482215
v 0.102282 0.972819 0.315566
v 0.448845 1.265699 0.333706
v -0.079919 1.128051 -0.042578
v 0.596434 0.442244 -0.161588
v 0.231203 0.762233 0.209433
v 0.229583 0.889383 -0.085420
v 0.211705 0.189159 -0.023598
v 0.073126 0.024422 0.405178
v -0.248189 0.053365 0.004161
v 0.480926 0.609320 -0.098509
v -0.105450 0.038453 -0.082789
v 0.017539 0.026841 -0.316790
v 0.165867 1.253814 -0.001407
v -0.197339 0.042290 -0.216852
v 0.460993 1.571465 -0.179396
v -0.073693 1.262246 -0.254591
v 0.599613 1.233344 0.160446
v 0.156796 0.423839 0.028589
v -0.257300 1.104737 0.163818
v 0.726246 1.400532 0.233414
v 0.316462 0.025859 0.112766
v 0.498156 1.580140 0.245178
v 0.425946 1.197710 0.294792
v 0.119826 0.976545 0.004525
v 0.518585 1.580475 -0.074711
v 0.396993 1.218190 0.324687
v 0.340211 0.506851 -0.094024
v 0.401306 1.359927 0.081606
v 0.377405 0.378395 -0.211830
v 0.372363 0.605665 0.091922
v 0.729100 1.076138 0.153189
v 0.726084 1.454520 0.202226
v 0.065645 0.853495 0.255991
v 0.626308 1.498313 0.140573
v 0.209367 0.127518 -0.224243
v 0.047089 1.119305 0.420019
v 0.136883 0.158243 0.086445
v 0.407825 1.110649 0.115732
v 0.053669 1.212794 -0.328158
v 0.366299 1.573753 0.087336
v -0.055258 0.054903 -0.261851
v 0.552519 1.670249 0.178932
v -0.159792 0.061139 -0.231187
v 0.008843 1.053209 0.241676
v 0.765899 1.098329 0.169548
v -0.185080 1.145777 0.046457
v 0.097200 0.917495 0.305079
v -0.071273 1.059465 0.277827
v -0.133643 1.217633 -0.176622
v -0.213810 1.032689 0.241454
v 0.283915 0.793190 0.282939
v 0.466733 1.233739 0.069811
v 0.328904 0.535287 -0.163077
v 0.145185 1.019579 0.098846
v 0.102110 0.532007 0.014173
v 0.085204 1.011875 0.176603
v 0.310945 1.600650 0.058909
v 0.400668 1.560967 0.180602
v 0.390373 0.882833 0.180105
v 0.089516 1.141566 -0.253225
v 0.028351 0.162808 0.116319
v 0.600159 1.459045 0.410930
v 0.814278 1.125804 0.257681
v 0.315116 0.923336 0.149998
v 1.028702 1.108938 0.276825
v 0.604927 0.401669 -0.226116
v 0.366643 1.738865 -0.065315
v 0.525054 1.609761 -0.010103
v 0.060513 0.384712 0.086931
v 0.200458 0.680173 0.144917
v 0.701292 1.127140 0.197000
v 0.725082 1.500662 0.149988
v 0.351165 0.534265 -0.197780
v 0.067670 0.074927 -0.239994
v 0.139971 0.052099 0.238326
v 0.096532 1.156771 0.488392
v 0.257250 1.742874 -0.442480
v 0.545685 0.504685 0.057460
v 0.436890 1.567517 0.052257
v 0.357846 1.569248 -0.362882
v -0.261076 0.045914 -0.191423
v -0.227720 0.056108 0.051388
v 0.259812 1.516009 -0.166174
v 0.636613 1.317824 0.189216
v -0.239514 0.049761 -0.269838
v -0.052808 1.218777 -0.316841
v 0.184048 0.027985 -0.247213
v 0.111717 1.166591 -0.310230
v 0.297045 0.650248 -0.019345
v -0.259052 1.054606 0.306343
v 0.228915 0.144819 0.004921
v 0.340475 1.656855 -0.212054
v 0.875272 1.080856 0.401251
v 0.396659 0.955762 0.152723
v 0.965552 1.115731 0.361465
v 0.431676 1.574370 -0.323806
v 0.850642 1.024276 0.341370
v 0.628980 1.186068 0.237768
v 0.211867 0.909012 -0.177805
v 0.269500 1.595154 -0.063917
v -0.097483 0.127933 0.066077
v -0.182306 0.042452 -0.117723
v -0.231749 0.034241 0.170731
v 0.206968 0.038908 -0.215940
v -0.096895 1.287545 -0.311079
v 0.517249 1.605702 0.058525
v 0.202311 1.252083 0.076745
v 0.282700 0.102007 -0.054847
v 0.372677 0.542718 0.010185
v 0.309406 0.850954 0.077090
v 0.219632 0.983621 0.244572
v 0.083604 0.538780 0.056490
v 0.477170 1.359846 0.378807
v 0.085558 1.160355 -0.254237
v -0.037745 0.802038 0.150232
v 0.556467 1.451381 0.089976
v -0.049963 0.037451 -0.295490
v 0.436677 1.366588 0.041931
v 0.133229 1.163746 -0.380668
v 0.592273 1.523308 0.109717
v 0.207555 1.174335 0.176562
v 0.533062 1.617354 -0.097336
v 0.233430 0.669817 0.151405
v 0.438955 1.538665 -0.257102
v 0.119714 1.126189 0.522378
v -0.021466 1.050678 0.055447
v -0.432050 0.003790 -0.059606
v 0.393258 1.097003 0.298762
v 0.501213 1.494932 0.365313
v 0.022439 0.029473 0.306749
v 0.326656 1.531285 -0.087930
v 0.577726 1.662028 0.242313
v 0.439714 1.311719 0.081929
v 0.551314 1.624400 0.306150
v 0.197199 1.369838 -0.234527
v -0.012548 0.200892 0.086617
v 0.451245 0.586390 0.015297
v 0.880749 1.080552 0.276997
v 0.141358 0.698466 0.065640
v 0.478689 1.544618 -0.196433
v 0.646970 0.513370 -0.214707
v 0.136124 0.611243 -0.027544
v -0.126061 1.119041 0.032113
v -0.022560 0.710148 0.183506
v 0.573342 0.418970 -0.278908
v -0.321351 0.037157 0.184276
v 0.192157 0.863659 -0.125823
v -0.004145 1.251222 -0.446905
v 0.226698 0.044476 0.186646
v 0.567309 1.503780 0.129528
v 0.166970 0.271766 0.065478
v -0.167486 1.228110 -0.092303
v 0.419295 0.687168 0.207034
v 0.385898 0.477665 -0.285761
v -0.146561 1.070571 0.316983
v -0.098019 1.227027 -0.126137
v 0.180819 1.069963 0.419737
v -0.368769 0.024725 -0.199298
v 0.194566 0.628746 0.133194
v 0.250954 0.108395 -0.178271
v 0.292692 1.540619 -0.002288
v 0.364032 1.246403 0.108624
v 0.028644 1.272937 -0.464997
v 0.232863 1.292971 -0.218351
v 0.338865 0.034201 -0.022017
v 0.504281 1.505815 0.103797
v 0.924107 1.087143 0.253481
v 0.339290 0.698830 0.211730
v 0.171819 0.045175 0.310181
v 0.078674 1.051822 -0.037162
v -0.215592 0.057697 -0.243071
v 0.573849 0.515375 -0.271569
v 0.164176 0.653488 0.038924
v -0.148980 0.062364 0.185207
v 0.798770 1.074802 0.315547
v 0.211199 0.330725 0.041890
v 0.187926 1.268361 0.002957
v 0.175119 0.078724 -0.171539
v 0.258890 0.877194 0.028649
v 0.391780 1.389993 0.108513
v 0.683565 1.445378 0.284124
v 0.309922 1.739118 -0.285751
v 0.267181 1.547493 -0.125913
v 0.346437 0.838057 0.298094
v 0.991346 1.113433 0.299593
v 0.185233 0.003730 -0.393253
v 0.390241 1.470990 0.051214
v 0.047919 0.974216 0.236846
v -0.350972 0.019036 0.233274
v 0.178298 0.681681 0.043389
v 0.681257 1.568013 0.338466
v 0.017802 1.245340 -0.544585
v 0.028229 1.111186 -0.208612
v 0.432294 0.428030 -0.243952
v 0.430249 1.374403 0.340238
v 0.359537 1.616666 -0.158279
v 0.640400 1.330559 0.081444
v 0.450566 1.586498 -0.263034
v -0.095903 0.055440 0.226268
v 0.040793 1.197224 -0.196525
v 0.313000 0.852534 0.292982
v -0.155803 1.125530 0.147114
v 0.505850 1.597583 0.123212
v 0.152484 0.046238 0.154685
v 0.297774 1.184378 0.331684
v 0.200833 1.179468 0.073718
v 0.615051 1.449630 0.341370
v 0.321493 0.034484 0.234681
v 0.696726 1.437128 0.181341
v -0.081133 1.206406 -0.215718
v 0.547275 1.388424 0.352446
v 0.691057 1.262074 0.230549
v 0.148120 1.011470 0.207176
v 0.926749 1.101062 0.318259
v 0.194415 0.306530 0.040949
v 0.532889 0.304667 -0.214909
v 0.046765 1.290035 -0.630888
v 0.016233 1.170721 -0.176651
v 0.289048 0.718935 -0.087252
v 0.305681 1.669337 -0.086969
v 0.143109 0.435380 0.006389
v 0.545898 0.655695 -0.135268
v 0.406995 1.669520 0.012442
v 0.215552 1.740242 -0.472974
v -0.246853 0.023035 0.337262
v -0.008032 0.131476 -0.077563
v 0.507358 1.375173 0.022627
v 0.460052 1.303712 0.361516
v 0.590896 1.386369 0.042245
v 0.329055 0.012152 -0.276864
v 0.331718 1.321721 0.255677
v 0.598114 1.512699 0.413003
v 0.276110 0.033098 -0.205837
v 0.111393 1.201618 -0.428887
v 0.103243 0.709217 -0.000748
v 0.025921 1.288000 -0.543311
v 0.465721 1.571404 0.127807
v 0.498247 1.532085 0.248671
v 0.514111 1.582145 0.094939
v 0.195214 0.555565 0.047379
v 0.545230 0.647120 -0.161518
v 0.311319 1.705255 -0.062633
v 0.247259 0.026102 0.335044
v 0.634933 1.546723 0.207186
v 0.693699 1.050466 0.194693
v 0.073116 0.043029 -0.263703
v 0.623281 1.274688 0.175915
v 0.476543 1.407264 0.041465
v 0.384704 1.489192 0.224901
v 0.591069 1.570189 0.450491
v 0.333175 0.060714 -0.075843
v 0.339412 1.548161 -0.226763
v 0.408301 0.023966 -0.107864
v 0.071881 1.236999 -0.416525
v 0.256653 1.384425 -0.182179
v 0.434834 1.571090 -0.233253
v -0.151926 0.103607 0.060094
v -0.204244 0.070686 -0.090978
v 0.166262 1.005730 0.107967
v 0.270502 1.699232 -0.320444
v 0.332852 1.642511 0.015085
v -0.156370 0.027368 0.314859
v 0.239990 1.358125 -0.207031
v 0.018713 0.032622 0.369464
v 0.747667 1.159585 0.313087
v 0.139445 0.084423 -0.190196
v 0.971616 1.071856 0.301120
v 0.006272 0.073591 -0.206010
v 0.471208 0.270298 -0.192656
v 0.329460 1.381884 0.155334
v 0.643224 0.528940 -0.140764
v 0.242572 0.155934 -0.216447
v -0.126385 1.176957 -0.026584
v 0.308626 0.672884 -0.029569
v -0.317311 0.023764 -0.265525
v 0.087481 0.030557 0.146264
v 0.490634 1.555480 0.227696
v 0.254102 0.617874 0.078244
v 0.176658 0.923124 -0.246221
v 0.240344 1.380771 -0.126987
v -0.106644 0.030445 0.285934
v 0.461834 1.111692 0.219454
v 0.123936 1.095302 0.526963
v 0.723776 1.172412 0.186535
v 0.664078 1.508315 0.180957
v 0.939029 1.068080 0.338191
v 0.596636 1.468075 0.155819
v 0.310580 1.253459 0.186402
v 0.593923 1.532733 0.457688
v 0.087340 0.767001 0.009872
v 0.736228 1.078578 0.310838
v 0.046431 0.477655 0.063089
v 0.032228 1.226562 -0.285012
v 0.003275 1.250038 -0.313054
v 0.209509 1.212217 -0.096617
v 0.215593 1.173191 0.000466
v 0.289078 0.766859 -0.232838
v 0.109854 0.969833 0.020064
v 0.069745 0.910773 0.274597
v 0.203262 1.334659 -0.110961
v -0.105470 1.062725 0.337646
v 0.478456 1.196050 0.170854
v 0.957433 1.094543 0.292130
v 0.453735 1.214252 0.100850
v 0.429833 0.991254 0.183093
v 0.546789 1.242992 0.095504
v 0.642586 1.526851 0.418166
v -0.035639 1.190492 -0.122119
v 0.757000 1.051286 0.178799
v 0.349970 0.517835 -0.031442
v 0.488094 1.580181 -0.221882
v 0.166424 0.032925 0.170366
v 0.358211 1.510239 0.130481
v 0.356186 1.623327 0.063777
v 0.315996 1.572832 0.052795
v 0.244708 0.620516 0.047570
v 0.773897 1.171349 0.287908
v 0.203131 0.590551 0.124559
v 0.403098 0.663075 0.029014
v 0.142542 1.049878 0.157813
v 0.523465 1.359137 0.389294
v 0.664989 1.444821 0.257883
v -0.223184 0.029949 0.238871
v 0.683606 1.478320 0.205585
v -0.191559 0.038858 0.234307
v 0.636816 0.515172 -0.246412
v 0.039851 0.037845 0.398649
v -0.046461 0.004337 0.433058
v -0.159751 0.041055 0.354601
v 0.346194 0.669371 -0.117755
v 0.589327 1.253621 0.332927
v 0.307078 0.758933 -0.102267
v 0.072701 0.922911 0.158228
v -0.000521 0.093554 -0.158714
v -0.046339 0.102858 0.149554
v -0.239331 1.093318 0.236979
v -0.356388 0.060846 -0.088275
v 0.299272 1.210921 0.101832
v 0.379774 1.404743 0.316995
v 0.181852 0.063427 -0.227349
v 0.129433 0.609370 0.072524
v -0.071040 1.186473 0.000022
v 0.600939 1.575484 0.424098
v 0.472858 0.280330 -0.232847
v 0.502894 1.457415 0.345581
v -0.185191 0.021354 -0.374675
v -0.277709 0.029271 0.189612
v 0.666650 0.664290 -0.159401
v 0.133867 1.104626 0.223463
v 0.215755 0.856694 -0.002136
v 0.627664 0.708154 -0.158492
v 0.330938 0.707344 -0.060953
v -0.001250 0.869763 0.182666
v -0.052737 0.070200 -0.198347
v -0.093697 1.282483 -0.340923
v 0.137936 0.957209 0.224436
v 0.698710 1.303692 0.234954
v 0.047494 1.235156 -0.525139
v 0.673270 1.556300 0.067240
v 0.239504 1.550833 -0.138719
v 0.051068 1.010509 0.234853
v 0.271939 0.225087 -0.051639
v 0.171617 0.528717 0.009840
v -0.137267 0.117769 0.118484
v -0.377758 0.041368 -0.020965
v -0.054296 0.082570 0.181157
v 0.365813 1.544243 -0.118686
v 0.222001 1.126401 0.140635
v 0.324024 1.524766 -0.059211
v -0.112921 1.262641 -0.312689
v 0.194415 1.284002 0.012442
v 0.048901 1.260718 -0.489859
v 0.625073 1.519006 0.217562
v 0.406925 1.625210 0.034785
v -0.027449 1.092002 0.361263
v 0.344251 1.229842 0.316447
v -0.274905 1.037184 0.205141
v -0.012952 1.121360 0.315800
v 0.438641 1.539040 -0.297261
v 0.680701 0.648578 -0.100879
v -0.043140 1.178881 -0.037628
v 0.600169 0.661931 -0.194399
v 0.090934 1.069315 -0.156112
v -0.182569 0.036894 -0.349822
v 0.512612 1.685160 0.022627
v -0.116909 0.124410 0.023619
v 0.053781 0.148129 -0.113724
v 0.004277 1.069032 -0.078869
v 0.472473 0.617914 -0.116174
v 0.056798 1.169901 -0.177339
v 0.262545 0.786286 0.026383
v 0.207504 0.821698 -0.153389
v -0.267019 1.048097 0.238183
v 0.641645 1.532125 0.148004
v 0.047565 1.215021 -0.473621
v 0.021103 1.215912 -0.314207
v 0.210764 1.282686 0.026422
v 0.350892 0.950761 0.151040
v 0.375927 1.287889 0.124143
v 0.355366 1.035240 0.121662
v 0.043637 0.031012 0.223878
v -0.303028 0.036418 -0.058827
v -0.095063 0.009966 0.421031
v 0.691300 1.089795 0.284254
v 0.351185 0.173013 -0.166367
v 0.222912 0.123084 0.027648
v 0.320339 1.536549 -0.142120
v 0.069472 0.195051 0.080795
v 0.143828 1.006814 0.033428
v 0.158791 0.937074 0.276147
v -0.084413 0.034950 -0.302344
v 0.123966 0.894880 0.253266
v -0.102980 1.217329 -0.148306
v 0.434632 1.565684 0.094096
v 0.168570 1.201010 0.418289
v 0.235576 1.210162 0.376154
v 0.453482 1.024418 0.254907
v -0.252421 1.097104 0.133093
v 0.064967 1.098248 0.451676
v 0.413788 0.839120 0.225073
v -0.126162 1.093318 0.276864
v 0.076730 1.182889 -0.409460
v 0.387174 1.684988 0.019357
v -0.274945 1.065711 0.288456
v 0.432162 1.406029 0.337484
v 0.587262 0.466661 -0.287909
v -0.128602 0.058183 0.202366
v 0.403422 0.519981 0.004120
v 0.316229 1.278424 0.177677
v 0.830142 1.018162 0.312447
v 0.273832 0.049396 -0.194995
v 0.346873 0.491403 -0.156628
v 0.879038 1.017595 0.292424
v 0.484560 0.590338 0.178365
v 0.154589 1.115772 0.221602
v 0.185202 1.023882 0.310606
v 0.865290 1.060771 0.344044
v 0.406955 0.029575 0.143155
v 0.629142 1.390277 0.213898
v 0.851502 1.074590 0.315414
v 0.101300 1.016542 -0.053490
v 0.339746 1.642774 -0.166510
v -0.015281 1.130056 0.009193
v 0.083584 1.251171 -0.563071
v 0.353382 0.432171 0.018314
v 0.520225 0.563299 0.117919
v -0.016030 1.248853 -0.223391
v -0.146966 0.032115 -0.303558
v 0.468130 1.328858 0.036423
v 0.694418 1.374778 0.258238
v 0.575134 1.273645 0.363693
v 0.308191 1.553567 0.034138
v 0.269368 1.553121 -0.229830
v 0.297177 1.235531 0.285763
v 0.442599 1.440772 0.316418
v 0.640936 1.227736 0.183375
v -0.160025 0.112272 0.101173
v -0.041541 0.026021 0.270072
v 0.569556 0.375794 -0.182109
v 0.003002 0.050985 0.233800
v 0.030821 1.181087 -0.369694
v 0.419153 1.070834 0.138376
v 0.170827 0.976302 0.032417
v 0.216423 1.257893 -0.192415
v 0.243847 0.784646 -0.151202
v 0.203293 1.774843 -0.509245
v 0.213902 0.677389 0.038338
v 0.617895 0.428051 -0.249368
v 0.271534 0.836417 -0.066145
v 0.476026 1.448425 0.093339
v 0.095975 0.750935 0.041688
v 0.061080 1.148419 -0.320697
v 0.231365 1.771766 -0.517840
v -0.114682 1.157429 -0.087435
v 0.231780 1.729167 -0.461109
v 0.215856 1.015459 0.285519
v 0.134788 1.013111 0.257620
v 0.358514 1.533209 -0.077889
v 0.436201 1.567881 -0.009524
v 0.408939 1.567942 -0.035007
v -0.307300 0.056634 0.068394
v 0.547335 1.403113 0.387250
v 0.666427 1.503213 0.412609
v 0.271838 1.564885 -0.108279
v 0.994981 1.065317 0.243143
v 0.017995 0.804549 0.226461
v -0.006858 0.152574 0.130856
v 0.409131 1.327431 0.080209
v 0.057405 0.088503 -0.212124
v 0.527170 1.247385 0.358661
v 0.413241 0.462936 -0.001962
v -0.151977 0.032419 -0.116357
v -0.070777 1.148176 0.043157
v 0.235374 1.349368 -0.122411
v 0.332265 0.029828 0.090727
v 0.198606 0.627268 0.027100
v 0.116394 0.316542 0.019256
v 0.403179 0.728441 0.142255
v 0.068449 1.043238 0.418035
v 0.032107 0.192146 0.107521
v 0.533871 1.433807 0.029501
v 0.433012 0.300607 -0.271033
v 0.589894 1.407861 0.351647
v 0.357047 1.696387 -0.186533
v 0.481422 1.613264 -0.114253
v 0.144932 0.426269 0.063231
v 0.399089 0.041216 0.054485
v 0.068196 1.016664 -0.091121
v 0.228500 0.902341 -0.025823
v 0.275321 1.617769 -0.237119
v -0.189028 0.031721 0.357881
v -0.168933 0.074492 -0.064991
v 0.232539 1.225458 0.353155
v 0.265086 0.054185 0.259300
v 0.238320 1.112360 0.414128
v 0.481918 1.184803 0.249409
v -0.038231 0.202360 0.013545
v 0.118489 0.468504 0.089108
v 0.244566 1.234326 0.074771
v -0.121627 1.121825 0.155810
v 0.367140 0.967413 0.138601
v -0.170492 1.048360 0.232536
v 0.367190 1.716543 -0.127827
v 0.725659 1.162734 0.300179
v 0.615152 1.621170 0.362124
v 0.297430 1.574988 0.004697
v 0.629416 1.548555 0.460585
v 0.517168 1.482217 0.111267
v 0.246995 1.244531 0.270608
v 0.217972 0.113922 -0.197517
v 0.404940 0.794506 0.211426
v 0.066860 0.765280 0.216034
v 0.387842 1.557039 0.122140
v 0.141388 0.049376 -0.322539
v -0.365661 0.036732 -0.167733
v 0.345587 1.391066 0.192810
v 0.495868 0.293633 -0.194428
v -0.036682 0.054164 0.190554
v 0.435290 1.464805 0.301089
v -0.147856 0.078207 -0.222510
v 0.520296 0.554087 -0.031239
v 0.236720 0.050662 0.258714
v 0.079950 1.140017 0.486845
v 0.533385 1.291412 0.047195
v 0.435776 0.006382 0.062078
v -0.105844 1.171197 -0.128869
v -0.317615 0.045711 0.035362
v 0.376160 1.604548 -0.127798
v 0.212788 0.854103 -0.197020
v 0.178278 0.541068 0.073376
v 0.192309 1.198581 -0.076685
v 0.084019 1.175094 -0.317123
v 0.394634 0.276625 -0.253508
v 0.271069 0.036975 0.063222
v 0.040884 1.257600 -0.599536
v -0.037957 0.732723 0.206022
v 0.318102 1.123597 0.350633
v 0.164794 0.996660 0.293609
v 0.283439 0.712143 0.047379
v 0.157758 0.222121 0.037780
v 0.084323 1.134368 0.272896
v 0.158588 0.954516 -0.020388
v 0.420611 0.324043 -0.283777
v 0.413434 1.274162 0.333941
v 0.364426 1.397343 0.152660
v 0.687099 1.501452 0.173728
v 0.832784 1.047489 0.334397
v -0.126577 0.053648 -0.218551
v 0.073946 0.930038 0.308359
v 0.259852 1.222533 0.164911
v 0.114480 0.784920 0.012280
v 0.540664 1.625736 -0.039511
v 0.092837 0.328346 -0.010953
v -0.155652 1.077404 0.148226
v 0.644489 1.583248 0.473915
v 0.158203 0.039880 -0.247717
v 0.216767 1.351555 -0.166792
v 0.073704 1.134500 0.438698
v 0.592455 1.416010 0.376985
v 0.665900 1.407537 0.293305
v 0.408878 0.576824 -0.088275
v 0.339533 0.043130 -0.147010
v 0.698153 1.198459 0.298256
v 0.090488 0.815391 0.194328
v 0.329238 1.069407 0.339357
v 0.348573 0.275583 -0.264745
v 0.234149 1.074013 0.380195
v -0.177801 0.074765 0.030583
v 0.216180 1.043511 0.193216
v 0.461489 1.058190 0.208552
v -0.427990 0.005005 0.071706
v 0.126629 1.015216 0.066825
v 0.491283 1.554943 0.279902
v -0.032187 1.231765 -0.389900
v 0.574324 1.458933 0.152346
v -0.012993 1.208947 -0.177513
v 0.937845 1.063535 0.238801
v 0.699308 0.551870 -0.184993
v -0.044497 1.276419 -0.302081
v -0.123986 1.247051 -0.162894
v 0.690581 0.624069 -0.196829
v 0.181092 0.577998 -0.017402
v 0.226121 1.241777 -0.041637
v 0.081033 1.201587 -0.407990
v 0.289706 1.704203 -0.330053
v 0.108447 0.026011 -0.285367
v 0.230879 1.317429 -0.227146
v -0.099791 1.169253 0.010692
v 0.338237 1.723619 -0.139591
v 0.715252 1.565016 0.444831
v 0.293775 0.754732 0.053159
v 0.715323 1.532763 0.407548
v 0.052465 0.891772 0.254108
v 0.414243 1.213917 0.123335
v 0.423496 1.244348 0.106975
v 0.062608 0.770119 0.172867
v -0.151126 0.034029 -0.168614
v -0.143362 0.019522 -0.394375
v -0.052636 0.044668 -0.337643
v 0.464810 0.600259 0.194550
v 0.860198 1.078447 0.397293
v 0.341224 0.820787 0.093804
v -0.399544 0.014015 0.147012
v 0.483376 1.404500 0.325730
v 0.102231 1.110072 -0.190925
v 0.253889 0.846298 -0.243445
v 0.563594 1.287666 0.066673
v 1.023620 1.137415 0.317033
v 0.429509 1.534980 0.249583
v 0.164804 0.971058 0.255018
v 0.232914 1.182090 0.127788
v 0.125221 1.011855 0.213524
v 0.633769 0.545988 -0.115761
v -0.060310 1.247760 -0.261982
v 0.251591 1.362478 -0.090462
v 0.239626 0.370955 0.027464
v 0.090336 0.726730 0.031970
v 0.311380 1.531498 -0.205615
v 0.405122 1.596135 0.040131
v 0.192694 1.252710 -0.243477
v 0.077692 0.369052 0.078830
v 0.348664 0.580306 -0.138669
v 0.042038 0.953140 0.278829
v 0.557236 1.533705 0.395258
v 0.061718 0.078177 -0.171479
v 0.636097 1.206204 0.195726
v 0.072499 0.807788 0.222119
v 0.575326 1.216317 0.204634
v 0.239210 0.072518 -0.196595
v 0.287823 1.563477 -0.048238
v 0.384572 1.607008 -0.086827
v 0.428072 1.609691 -0.033477
v 0.687899 1.331055 0.288111
v 0.208142 0.968689 0.090797
v -0.076963 0.035507 -0.336096
v 0.057537 1.167259 -0.252364
v 0.307057 1.616463 -0.044512
v 0.501082 1.645335 -0.060253
v -0.229663 1.089856 0.212269
v 0.304324 0.758963 0.272683
v 0.581512 1.588067 0.097652
v 0.509889 1.563255 -0.161154
v -0.012699 1.211650 -0.394942
v 0.034961 1.240785 -0.336309
v 0.352805 1.553951 -0.195685
v 0.077490 0.037815 -0.363519
v 0.213011 1.366882 -0.239043
v 0.806595 1.119791 0.227006
v 0.407339 0.029008 0.090705
v 0.369923 0.020190 -0.199581
v 0.332892 0.603640 -0.123323
v 0.235617 0.589346 0.092629
v 0.435422 1.577012 0.151639
v -0.008660 0.849972 0.169111
v 0.348037 1.270011 0.309179
v -0.189332 0.040133 -0.149947
v -0.194029 0.103597 0.062927
v 0.763965 1.122989 0.170661
v 0.869765 1.023234 0.243600
v -0.030901 1.113514 -0.142617
v 0.075404 0.965581 0.304055
v -0.376422 0.027854 0.120803
v 0.336152 1.506240 0.001914
v 0.145033 0.034535 0.342666
v 0.237540 0.048191 0.065196
v 0.216433 0.950983 0.037669
v 0.191681 0.043555 0.327612
v -0.012274 0.037127 0.203532
v 0.417412 1.651834 -0.068189
v 0.925909 1.095201 0.338355
v 0.425420 1.543909 -0.021339
v 0.558076 0.677966 -0.147295
v -0.265530 1.079297 0.214313
v 0.192633 0.895325 0.076554
v 0.305610 0.738079 0.234529
v 0.705847 0.601069 -0.145644
v 0.373841 0.486493 -0.009565
v 0.440544 1.582428 -0.241128
v 0.147108 0.726052 0.070318
v 0.080071 0.375875 0.090756
v 0.058124 0.025100 -0.280629
v 0.047818 0.482332 0.045899
v 0.317343 0.028360 -0.248183
v 0.494664 1.262216 0.052146
v -0.010027 0.027418 0.409158
v 0.041420 0.729909 0.196588
v 0.332376 1.297304 0.168918
v 0.161554 0.125645 -0.215829
v 0.100166 1.086414 0.188174
v 0.965633 1.078123 0.243315
v 0.677441 1.329911 0.203674
v 0.995274 1.091060 0.221691
v -0.022772 1.052166 0.165327
v -0.384855 0.051239 -0.036038
v 0.401458 1.426792 0.106548
v 0.558066 0.494905 -0.279970
v 0.229067 1.777536 -0.475716
v 0.266787 1.595214 -0.118614
v 0.734071 1.500338 0.108757
v -0.095448 1.191332 -0.159119
v -0.076203 0.068175 -0.140148
v 0.264074 0.745307 0.230692
v 0.095742 1.190593 -0.438889
v 0.371867 0.041449 -0.093945
v 0.247198 0.838725 0.129692
v -0.016901 0.194747 0.036059
v 0.404110 0.207614 -0.177605
v 0.291417 0.049386 0.033185
v 0.303646 0.029129 -0.266488
v 0.339007 1.246201 0.263896
v 0.459880 1.523136 0.347910
v 0.199507 0.172537 -0.215810
v 0.517097 1.418885 0.314605
v -0.148808 0.055227 -0.260432
v -0.002009 0.726589 0.217542
v -0.169551 0.053567 -0.280892
v 0.655048 1.308581 0.153148
v -0.104377 0.034839 0.235398
v 0.145519 0.524395 -0.005699
v 0.590066 0.399128 -0.197951
v 0.268852 0.320773 0.019721
v -0.076345 0.046653 0.197152
v 0.155713 0.924541 -0.128597
v 0.374094 0.903667 0.309503
v 0.050308 1.074600 0.068708
v 0.498389 0.379388 -0.304671
v 0.747717 1.438879 0.179477
v 0.269550 1.189338 0.068708
v 0.328084 1.006307 0.322430
v -0.125322 0.040761 -0.110314
v 0.290111 1.539080 -0.227735
v 0.448572 0.558095 -0.023132
v 0.535329 1.303935 0.384730
v 0.425349 1.237758 0.312650
v 0.985455 1.115518 0.315870
v -0.266178 0.030921 -0.125732
v 0.241134 0.005744 -0.363348
v -0.118144 1.221925 -0.080035
v 0.528425 1.482146 0.136909
v 0.509919 1.332584 0.040939
v 0.045692 1.030016 0.172867
v 0.286355 0.751938 -0.018524
v 0.429904 0.020929 -0.021623
v -0.238521 0.046541 -0.096049
v 0.204487 1.301505 -0.250319
v 0.882601 1.046133 0.391674
v 0.509919 1.407486 0.312752
v -0.088777 0.048657 -0.279850
v 0.502074 1.608688 0.076422
v 0.167324 0.546788 -0.006488
v 0.316310 1.156326 0.347647
v 0.692069 0.552659 -0.214716
v -0.071891 1.244470 -0.215151
v 0.105278 1.022333 0.440752
v 0.427900 1.574917 0.026554
v 0.350456 1.179437 0.308166
v 0.049195 0.021759 0.302547
v 0.983430 1.055882 0.229719
v 0.312524 1.605530 -0.384192
v 0.212039 0.037208 0.071300
v -0.279349 0.037643 0.155718
v -0.023531 0.801552 0.208713
v 0.254163 0.024584 -0.204239
v -0.024807 0.067861 -0.207922
v -0.110319 0.043697 -0.300693
v 0.348674 0.881577 0.146192
v 0.312605 1.654669 -0.050575
v 0.146116 0.651362 0.060205
v 0.696746 1.246393 0.269850
v 0.621621 1.572508 0.489092
v -0.102625 1.198216 -0.039267
v 0.363465 1.364948 0.311142
v 0.271180 0.850995 0.158998
v 0.293421 1.177990 0.098096
v 0.063621 1.166621 0.450440
v 0.253555 0.035021 0.209088
v 0.455415 0.550219 0.085654
v 0.490979 1.674976 0.035330
v 0.056828 0.027621 -0.399468
v 0.246854 0.096196 0.020470
v 0.238866 0.875919 -0.228585
v 0.269793 0.891104 0.208865
v 0.476320 0.346244 -0.135176
v 0.153719 0.185940 0.027496
v -0.009561 1.116065 0.262551
v 0.294444 0.921474 0.272816
v -0.154396 1.098167 0.234599
v 0.310732 0.665585 0.122007
v 0.172852 1.166722 0.474028
v 0.345313 1.358682 0.269201
v 0.187014 1.141212 0.477673
v 0.213021 1.787690 -0.549596
v 0.093393 0.904558 0.156317
v 0.941408 1.097215 0.312378
v 0.004075 1.275012 -0.559164
v 0.941448 1.080603 0.259563
v -0.319579 0.033938 0.233699
v 0.304304 0.040154 -0.251685
v 0.299576 1.671909 -0.164818
v 0.242551 1.595022 -0.169575
v 0.064987 1.105709 -0.131734
v 0.393106 1.712048 -0.037273
v 0.339351 0.753780 0.270953
v 0.629072 1.314362 0.346079
v 0.135821 0.755127 0.060173
v 0.031499 0.034565 0.259443
v 0.630712 1.453690 0.254765
v 0.354293 0.191619 -0.207538
v 0.650270 1.263046 0.175227
v -0.200225 0.077691 -0.013159
v 0.241427 0.338317 0.048523
v 0.537374 1.534818 0.107733
v 0.454039 1.135735 0.175855
v 0.284978 1.221702 0.308308
v 0.269095 0.153535 -0.052954
v 0.495473 1.569865 0.206466
v 0.628626 1.533988 0.172917
v 0.630752 1.503719 0.404985
v 0.601070 1.490680 0.400339
v 0.613087 0.503125 -0.255159
v 0.696159 1.517983 0.383402
v -0.173256 1.204857 -0.096363
v 0.344676 1.740059 -0.213138
v 0.246368 0.960651 0.122381
v 0.023401 1.276561 -0.620411
v 0.766942 1.052632 0.168068
v 0.706819 1.058038 0.245979
v 0.038575 1.047844 0.264808
v -0.205985 0.028714 0.261122
v 0.256603 1.641701 -0.188649
v 0.049377 1.202387 -0.247727
v 0.341153 0.502822 -0.211972
v -0.096379 0.050935 -0.164475
v 0.188928 1.278424 -0.092021
v 0.192086 0.039192 0.090078
v 0.086307 1.058149 -0.097558
v 0.287469 0.141428 -0.187686
v 0.558340 0.504472 0.085815
v 0.434531 0.661141 0.126048
v 0.223853 1.275346 0.010439
v -0.285261 0.041885 -0.149906
v 0.387022 1.251232 0.330974
v 0.267202 0.176627 -0.083680
v -0.108456 0.137186 0.010579
v 0.266928 0.760340 -0.096122
v 0.373507 1.524118 0.188205
v 0.345718 1.323564 0.306961
v 0.285120 1.239722 0.127930
v 0.148465 1.121198 0.519633
v 0.680134 1.506544 0.335661
v 0.861150 1.065863 0.405188
v 0.626379 1.558537 0.434689
v 0.174927 1.804211 -0.613071
v 0.974218 1.134874 0.350392
v 0.172062 1.770541 -0.569935
v 0.324388 1.350927 0.149858
v 0.075657 1.234903 -0.481195
v 0.800237 1.025451 0.318906
v -0.208080 0.037076 0.193508
v 1.008333 1.116379 0.278464
v 0.360124 0.477523 -0.208187
v 0.140498 0.902502 0.243346
v -0.135921 0.045873 -0.178838
v 0.226425 1.319231 -0.085036
v -0.363940 0.033108 0.158301
v 0.004885 1.186969 -0.161417
v 0.374115 1.511555 -0.026736
v 0.282225 1.061055 0.349096
v 0.674333 0.635246 -0.089764
v 0.366522 0.757870 0.087051
v 0.663046 1.180996 0.292991
v -0.357471 0.033239 -0.124486
v -0.004965 1.163048 -0.235966
v 0.108892 1.187475 0.356556
v -0.086641 0.128672 0.045132
v 0.228925 0.801846 0.127049
v 0.498916 1.577397 0.295755
v 0.502590 1.586255 0.180076
v -0.255458 1.038196 0.269020
v 0.453735 1.491055 0.288719
v 0.342530 1.212460 0.097164
v 0.162070 1.064152 0.460027
v 0.622370 1.459187 0.396199
v 0.976344 1.090200 0.347375
v 0.292044 0.430551 0.002582
v 0.252513 0.036286 -0.247860
v 0.630671 1.297071 0.108209
v 0.074463 1.004576 0.196981
v 0.141601 0.938815 0.042033
v 0.485128 0.593679 0.120004
v -0.183481 0.036550 0.298215
v 0.511944 1.446735 0.372561
v 0.483487 1.469027 0.337655
v -0.064420 1.261923 -0.389010
v -0.000369 0.774250 0.160082
v 0.393460 1.715075 -0.104422
v 0.011202 1.263431 -0.530048
v 0.088302 1.213563 -0.361697
v -0.166321 0.053871 0.207895
v 0.296782 1.588027 0.030544
v -0.107566 0.033189 0.367236
v 0.543671 1.630302 0.010943
v -0.255620 1.058524 0.280651
v -0.059712 0.042178 0.375375
v 0.545078 1.663375 0.014083
v 0.039294 1.072535 0.276024
v 0.222760 1.214515 0.133984
v -0.025941 1.165700 -0.071399
v 0.136134 0.587838 0.089989
v 0.864956 1.057431 0.244845
v 0.688587 1.471497 0.153522
v 0.289078 1.728802 -0.235044
v 0.353939 0.034920 0.031777
v 0.171465 1.035200 0.417721
v -0.089910 1.241848 -0.169191
v -0.072539 1.093146 0.024336
v 0.295820 1.102135 0.373087
v 0.412685 1.522275 -0.003259
v 0.171019 0.045914 0.210697
v 0.236386 1.408306 -0.157012
v 0.307452 0.409707 -0.135369
v 0.494876 1.575130 -0.097498
v 0.249972 1.541672 -0.187899
v 0.375734 0.591887 -0.125358
v 0.194000 1.757340 -0.587014
v 0.061809 1.250109 -0.512687
v -0.330340 0.030192 -0.075357
v -0.184088 0.062091 0.191606
v -0.001331 1.273767 -0.477721
v 0.374722 1.524827 0.155658
v 0.426867 1.307791 0.345521
v 0.359699 1.640648 -0.141029
v 0.414871 0.867435 0.277928
v -0.099608 1.223444 -0.070883
v 0.813003 1.103148 0.302344
v 0.324763 1.181442 0.099179
v 0.483487 1.569936 0.169729
v 0.295102 1.734471 -0.185753
v 0.602984 1.650609 0.189986
v 0.193898 1.226997 0.349308
v 0.819917 1.009992 0.193752
v -0.027621 1.112380 0.392352
v 0.213234 0.039101 0.133122
v 0.697607 1.426792 0.238000
v 0.501234 0.565678 0.064952
v 0.807000 0.997551 0.146394
v 0.248828 0.033604 0.160973
v -0.006554 1.107845 0.199472
v -0.037937 0.145720 0.077981
v 0.341953 1.267976 0.278322
v -0.081731 0.146530 0.079822
v -0.075596 1.231613 -0.285326
v -0.182853 0.068499 0.002957
v 0.395637 0.530459 -0.124344
v 0.063833 1.270396 -0.541255
v 0.212029 1.766866 -0.571038
v 0.073005 0.454533 0.089624
v 0.824797 1.030978 0.186950
v 0.653024 1.467376 0.360575
v -0.010827 0.110167 0.138123
v 0.272294 0.754985 -0.229304
v 0.132561 0.030688 0.387918
v 0.713136 1.050010 0.181309
v 0.495210 1.182778 0.212732
v 0.316351 1.556705 -0.233586
v -0.031468 0.143351 0.121450
v -0.194880 0.028390 0.207429
v -0.129422 1.049534 0.271863
v -0.073612 1.105031 0.315151
v -0.126527 1.196829 -0.027119
v -0.194383 1.065337 0.284032
v 0.099943 1.001631 0.140179
v 0.106513 0.844556 0.227595
v 0.645259 1.627224 0.262428
v -0.217313 1.041780 0.271863
v 0.544471 1.607089 0.067747
v 0.403574 0.500210 -0.159686
v 0.474437 0.530145 -0.185338
v -0.072073 0.114155 0.132678
v 0.492123 1.340186 0.019335
v -0.282153 0.028724 -0.286692
v 0.047747 1.251698 -0.385365
v 0.557813 1.259797 0.360920
v 0.356085 1.485123 0.105537
v 0.058346 1.232696 -0.438817
v 0.538852 1.263340 0.074681
v 0.620072 0.606465 -0.225416
v -0.100084 0.030172 0.393566
v -0.109965 1.083772 0.126593
v 0.113256 1.068040 0.505885
v 0.269034 0.994392 0.300696
v 0.190659 0.928266 -0.094591
v 0.374590 0.448864 -0.179618
v 0.237935 1.263957 -0.169606
v 0.312838 1.130714 0.093399
v 0.497620 1.485214 0.339173
v 0.301854 1.647137 -0.208217
v 0.436414 0.938420 0.269961
v 0.213619 1.190229 0.409510
v 0.617976 1.573803 0.439437
v 0.348462 1.652249 0.007188
v 0.586644 0.631399 -0.193477
v 0.071102 1.095079 -0.200746
v 0.552478 1.228546 0.359583
v -0.012183 0.173256 0.114385
v -0.333853 0.040204 -0.100261
v 0.738009 1.438008 0.168353
v 0.323690 0.083654 -0.121995
v -0.354009 0.043494 -0.068474
v 0.314144 0.721244 -0.189933
v 0.260510 1.371032 -0.105243
v 0.593164 1.433261 0.137486
v -0.030081 0.014086 -0.424796
v 0.373963 1.453852 0.091231
v 0.046320 0.041713 0.273270
v 0.342499 0.375814 -0.001113
v 0.115675 0.474395 0.013475
v 0.334117 0.213263 -0.104897
v 0.074392 0.031387 0.313350
v -0.057738 0.044861 0.219403
v 0.521865 1.666199 0.106671
v 0.415630 1.673630 -0.034754
v 0.418465 0.495432 -0.006630
v 0.631167 0.488598 -0.224810
v 0.455830 1.554407 -0.290419
v -0.086165 0.082459 -0.046435
v -0.114885 1.143985 -0.037708
v 0.721559 1.136413 0.322025
v 0.033392 0.910945 0.208178
v 0.676105 1.362640 0.232079
v 0.048861 1.048805 0.314231
v 0.400020 1.492492 0.259411
v 0.682402 1.497220 0.153683
v 0.412097 1.376479 0.339649
v 0.268457 0.737016 -0.185126
v 0.113650 0.993289 0.207661
v -0.089090 0.049507 -0.249125
v 0.337559 1.732305 -0.170002
v 0.130060 0.995820 0.228486
v 0.255813 0.880342 0.185987
v -0.060067 0.133724 0.103341
v 0.379338 1.166722 0.295835
v 0.132743 0.909731 0.289287
v -0.187196 0.005481 0.387716
v 0.410204 1.572184 0.098137
v 0.275766 0.771648 0.084763
v -0.233085 0.039212 -0.129062
v 0.854428 1.006439 0.259462
v 0.142269 0.686460 0.050031
v 0.175555 0.643851 0.131816
v 0.313081 0.653123 0.069002
v 0.332690 0.031619 -0.213389
v 0.207433 1.057997 0.351422
v 0.287843 1.613841 -0.075662
v 0.074999 0.303270 -0.004687
v -0.056463 1.196272 -0.245005
v 0.648316 1.518104 0.260850
v 0.044062 1.084379 -0.013565
v 0.097271 0.027054 0.321964
v 0.684892 1.109201 0.268148
v -0.075363 0.036651 0.269688
v 0.138048 0.029696 -0.250906
v 0.045662 1.093105 0.355209
v 0.093272 0.526106 0.076260
v 0.067862 0.031447 -0.338099
v 0.037766 1.083761 0.336644
v 0.111514 0.615465 -0.009869
v 0.448724 1.503284 0.265334
v 0.392904 1.565897 0.140240
v 0.578333 0.337355 -0.235570
v 0.355265 0.903464 0.161064
v -0.009045 0.042391 0.153896
v 0.441971 0.444177 -0.229627
v 0.625356 0.481350 -0.171074
v 0.323923 1.613224 0.034430
v 0.067660 0.945365 0.171957
v 0.162243 0.478688 0.054890
v 0.236801 0.834838 0.067392
v 0.784799 1.049960 0.169669
v 0.239818 0.166098 -0.221682
v -0.268831 1.064861 0.254077
v 0.568544 1.236169 0.326782
v 0.496678 1.228607 0.076190
v 0.360438 1.125561 0.321429
v 0.506791 1.608111 -0.012836
v 0.469547 1.504671 0.076229
v 0.040165 1.019033 0.012382
v 0.345850 1.573732 -0.352859
v 0.076245 1.071249 -0.187363
v 0.351863 1.679704 -0.214029
v -0.197674 0.080991 0.044331
v 0.476158 0.538658 -0.010123
v -0.069522 0.027935 0.243042
v 0.469274 0.513927 0.002532
v 0.144081 0.954527 0.119063
v 0.085548 0.033472 0.353590
v 0.091349 0.577826 0.009780
v 0.394351 1.558355 0.204786
v -0.038393 1.262560 -0.365158
v 0.616964 1.569754 0.195209
v 0.570093 0.342640 -0.209037
v 0.247917 0.775636 -0.200645
v 0.056332 1.251789 -0.445022
v 0.649622 1.606785 0.488252
v 0.585703 0.388418 -0.254693
v 0.674242 0.525032 -0.204968
v 0.315500 1.689058 -0.034389
v 0.361683 1.319838 0.124194
v 0.237591 0.603711 0.109647
v 0.380533 0.343197 -0.051011
v 0.372940 0.471399 -0.276690
v 0.981122 1.108857 0.367905
v 0.469821 0.426390 -0.070591
v 0.551962 1.227199 0.324636
v 0.959437 1.044837 0.255554
v 0.423598 1.589869 -0.009657
v 0.110765 0.695216 0.037507
v 0.619201 1.566525 0.061177
v 0.410690 1.547371 -0.281501
v 0.633870 1.413216 0.202033
v 0.639944 1.398649 0.297334
v 0.373092 0.816120 0.291828
v -0.237276 0.043575 0.122879
v 0.250336 0.035618 0.097145
v 0.309376 0.058244 -0.043013
v 0.177650 1.213472 0.074479
v 0.088554 1.022910 0.421132
v 0.219592 0.037370 0.310495
v 0.162931 0.037957 0.279659
v -0.232640 1.068941 0.156862
v -0.055228 1.244551 -0.366860
v 0.244728 1.749069 -0.389355
v 0.053123 0.288854 -0.018150
v 0.278793 1.699718 -0.236258
v 0.340262 0.032946 0.194592
v 0.735509 1.577387 0.439922
v 0.301510 0.057313 -0.197688
v 0.382031 0.444359 -0.247213
v 0.257595 0.035385 -0.184327
v 0.350578 0.025303 0.226905
v -0.216554 1.088084 0.264890
v -0.059581 1.143732 -0.139429
v 0.353392 1.362498 0.115903
v 0.200651 0.931222 -0.238152
v 0.343289 1.701753 -0.024872
v 0.241053 0.671700 0.055578
v -0.035021 0.701716 0.191809
v -0.223508 0.047766 -0.320627
v 0.466268 0.520447 0.033863
v -0.238430 0.062961 -0.294254
v 0.334178 1.507343 0.077525
v 0.446021 0.252532 -0.226975
v 0.399494 1.272127 0.122229
v -0.025809 1.248377 -0.256160
v 0.746108 1.506098 0.116166
v -0.008093 1.272410 -0.356839
v 0.638284 1.636184 0.314564
v 0.188088 0.046582 0.258330
v 0.384187 0.844890 0.162988
v 0.122235 1.006399 0.020986
v 0.123845 0.034697 0.145989
v 0.568210 0.412066 -0.164434
v 0.411196 0.041449 -0.056944
v 0.371675 0.390118 -0.019487
v 0.335504 0.027074 0.028649
v 0.497144 1.467589 0.091041
v 0.370561 0.518159 -0.223441
v 0.245447 1.411070 -0.173342
v 0.244485 1.233648 0.200362
v -0.231293 0.034899 0.316498
v -0.227811 1.066248 0.279275
v 0.534509 1.495438 0.395055
v 0.411348 1.620826 -0.002834
v 0.518899 1.530161 0.383272
v 0.708510 1.074984 0.170134
v -0.113133 0.055369 -0.180064
v 0.216160 1.250999 -0.154473
v -0.224642 0.045772 -0.266599
v 0.262656 0.671062 0.170933
v -0.274702 0.048515 -0.221103
v 0.118489 1.136939 -0.373138
v 0.298483 0.767690 -0.180125
v 0.634872 1.513994 0.201475
v 0.379146 1.478097 0.211417
v 0.671002 1.564753 0.296049
v 0.139921 1.071786 0.509723
v 0.642100 0.509989 -0.170883
v 0.204437 1.021412 0.182555
v 0.076933 0.045671 0.123576
v 0.048891 0.037015 -0.317589
v 0.466905 1.348143 0.011510
v 0.374924 1.664924 -0.134853
v 0.701818 1.112674 0.308774
v 0.613148 0.467542 -0.271052
v -0.224460 0.031630 0.143773
v 0.460396 1.542259 0.237546
v -0.199698 0.050530 0.157024
v 0.188756 0.865846 -0.077221
v 0.638669 0.684901 -0.119384
v -0.224996 0.074968 0.089815
v 0.313941 0.650431 -0.188485
v -0.243269 0.067112 0.074428
v 0.378042 0.028825 -0.154381
v 0.246125 0.659228 0.135229
v -0.198706 0.114378 0.099645
v -0.030921 0.068286 -0.115334
v 0.845580 1.019650 0.233861
v 0.176810 0.605979 -0.016116
v 0.222588 0.716050 0.070175
v -0.263354 0.040700 0.299086
v -0.252886 1.066177 0.314301
v 0.973529 1.059040 0.267996
v 0.161585 1.208178 0.290107
v 0.092705 1.184864 0.412619
v 0.154346 0.542708 0.094309
v -0.201156 1.153461 0.063627
v 0.052677 1.060984 0.362619
v 0.627563 1.229497 0.310171
v 0.080253 0.777965 0.187384
v 0.401437 0.029949 -0.027281
v 0.666569 1.318735 0.324759
v -0.119369 0.059277 -0.247080
v 0.155045 0.977345 0.285338
v 0.035549 0.024381 -0.335761
v 0.407380 1.655327 -0.112136
v 0.565375 1.214565 0.284841
v 0.487152 1.646125 -0.008310
v 0.655878 1.348832 0.196435
v -0.276535 0.046157 -0.007289
v 0.556659 1.671899 0.078871
v -0.365904 0.024908 0.191748
v 0.608420 1.629553 0.184995
v -0.332355 0.039293 0.132282
v 0.311248 0.641471 -0.164839
v 0.971869 1.114891 0.339690
v -0.337143 0.048110 0.104646
v 0.179543 0.525265 0.035038
v 0.361916 0.045013 -0.168411
v -0.060725 1.123587 -0.087597
v 0.730983 1.218524 0.255190
v 0.041359 1.153663 -0.318643
v 0.133037 0.948949 0.303450
v -0.009187 1.197700 -0.342514
v 0.683626 1.371903 0.295502
v 0.304294 1.677092 -0.269252
v 0.488002 1.516252 0.081888
v -0.035841 0.040710 -0.388968
v 0.157910 0.304242 0.039310
v 0.069442 1.161924 -0.282452
v 0.314478 1.277138 0.144927
v 0.098425 0.033472 0.252306
v 0.578728 1.218443 0.123576
v 0.038393 0.222779 0.049252
v 0.254254 1.116500 0.115387
v 0.322830 1.361901 0.191676
v 0.450900 0.277860 -0.246969
v 0.216656 0.098363 0.038712
v 0.754672 1.483644 0.121551
v -0.141125 0.034768 0.380750
v 0.215694 0.065999 0.068435
v 0.520417 1.667313 -0.017127
v 0.601080 1.439152 0.326499
v 0.465539 1.537126 0.082152
v 0.358170 1.499467 -0.001446
v 0.518858 1.464673 0.070197
v 0.211675 1.070844 0.404297
v 0.423466 1.423977 0.086617
v 0.073450 1.237090 -0.558415
v 0.191843 0.946509 -0.008098
v 0.450455 1.452920 0.072140
v 0.273093 0.038382 0.273596
v 0.312747 1.678843 -0.139207
v 0.461732 1.428675 0.312286
v 0.162485 0.001351 0.404652
v 0.403341 1.589768 -0.320891
v 0.095428 0.259243 -0.071684
v 0.252249 0.165197 -0.022302
v 0.252462 1.292819 -0.172845
v 0.097666 0.752130 -0.009201
v 0.086206 0.737593 0.001549
v 0.319256 0.304657 -0.034266
v 0.915097 1.073628 0.235946
v 0.542253 0.528545 0.053543
v 0.279431 0.263586 -0.037790
v 0.053082 1.228890 -0.336297
v 0.381657 0.673147 0.205595
v 0.267586 1.146476 0.102076
v 0.318902 1.278606 0.244307
v 0.348523 0.211127 -0.127877
v 0.954416 1.055112 0.307488
v 0.394543 0.986030 0.151690
v 1.009913 1.080532 0.265638
v 0.042483 1.168757 -0.194956
v 0.374033 0.621721 -0.109585
v 0.647435 1.243650 0.315737
v 0.684791 0.534923 -0.171844
v 0.112456 0.245061 0.061216
v 0.658845 0.584882 -0.225073
v 0.482657 1.247456 0.330011
v 0.104549 0.386848 0.088943
v 0.697303 1.500186 0.411859
v 0.526238 1.394863 0.346827
v -0.170847 0.102513 0.129084
v 0.029444 0.004944 -0.427084
v 0.371806 0.040488 -0.044806
v 0.090579 0.324306 -0.023484
v 0.028118 1.125318 0.291372
v 0.365550 0.435481 -0.162653
v -0.433335 0.008751 0.014600
v 0.783200 1.017899 0.168556
v 0.167881 0.631945 0.007866
v 0.770070 1.036161 0.141403
v 0.122630 0.961896 0.318675
v -0.006220 1.272481 -0.399195
v 0.277548 0.688555 0.183771
v 0.172052 1.235956 -0.033984
v 0.313496 0.795083 0.000437
v 0.503967 1.585081 0.118860
v 0.898859 1.067726 0.339538
v 0.028017 0.027752 -0.265950
v 0.335777 0.655300 -0.175326
v 0.429662 1.575342 0.178555
v 0.196115 0.031619 -0.275001
v -0.277021 0.040660 0.230419
v 0.221221 0.088877 -0.182755
v 0.219612 0.426006 -0.032019
v 0.218893 1.253328 0.081403
v 0.508006 1.293477 0.051629
v 0.851219 1.048836 0.366174
v 0.500140 1.308581 0.048602
v -0.000055 0.204861 0.101366
v 0.231790 1.368917 -0.195634
v 0.282306 0.122659 -0.183161
v 0.219855 0.040822 -0.274788
v 0.489622 1.645507 0.037761
v 0.464354 1.278201 0.085765
v 0.093140 0.216675 0.070774
v 0.861545 1.062826 0.367347
v 0.622744 1.545367 0.080633
v 0.627765 0.420407 -0.213097
v 0.013409 1.121977 0.418105
v 0.258860 0.806654 0.232980
v 0.364497 1.718476 -0.031626
v 0.137278 0.027965 0.172099
v 0.759623 1.172756 0.229811
v 0.441931 1.045404 0.172806
v 0.416916 0.022043 0.098562
v 0.037016 0.910257 0.172299
v 0.488903 1.278495 0.363814
v 0.642424 1.539485 0.119780
v -0.177832 0.050641 0.177716
v 0.704309 1.550550 0.415231
v 0.282437 1.665815 -0.228981
v 0.071557 1.139146 -0.272044
v -0.008812 1.135310 -0.035229
v 0.641989 1.555379 0.120581
v 0.240557 0.034626 -0.287938
v 0.534620 1.502586 0.148188
v 0.676135 1.541996 0.404278
v -0.294169 0.040589 -0.088782
v 0.380543 1.449559 0.288171
v 0.189869 0.412572 -0.036453
v -0.011454 0.034333 0.372044
v 0.399281 0.703345 0.074935
v -0.263182 0.030425 0.280996
v -0.117335 0.027763 0.337332
v 0.388267 1.595042 -0.109867
v 0.156037 0.040245 -0.351401
v 0.297309 1.240238 0.182688
v 0.369023 1.581669 -0.326336
v 0.754632 1.023345 0.156507
v 0.008560 0.042269 -0.367557
v 0.464132 1.385519 0.028659
v 0.198423 0.065290 -0.183981
v 0.988745 1.092883 0.264241
v 0.170827 1.004769 0.062867
v 0.400860 1.580839 -0.091920
v -0.137075 0.050834 0.359865
v 0.240952 0.934391 0.084044
v 0.033534 0.030172 -0.358649
v 0.397510 1.561989 -0.072756
v 0.486251 0.570334 0.158038
v 0.289908 0.145781 -0.122471
v 0.295911 0.672824 0.146942
v -0.055278 1.282433 -0.374545
v 1.002816 1.142862 0.362185
v 0.351023 0.880616 0.308603
v -0.142602 1.196586 -0.145999
v 0.178005 0.611557 0.136788
v 0.593670 1.261467 0.076178
v 0.390049 0.324610 -0.262822
v 0.183724 1.181158 0.465199
v 0.281020 0.036216 0.186301
v 0.338521 1.552747 0.093804
v -0.115826 1.197417 -0.148965
v 0.306754 1.606087 -0.019263
v 0.416825 0.027762 -0.050454
v -0.031407 0.093433 -0.183880
v 0.085376 1.151132 0.455815
v 0.288471 0.036995 0.100780
v 0.164490 1.017383 0.226410
v 0.677471 1.177838 0.186716
v 0.580611 0.536492 0.117755
v 0.221727 1.255322 0.043085
v 0.360741 1.586103 -0.204097
v 0.990000 1.133184 0.340732
v 0.146622 0.947207 -0.033185
v 0.765433 1.033367 0.179864
v 0.047039 1.121927 -0.261031
v 0.143565 0.634780 0.025531
v 0.162162 0.055561 0.225792
v 0.201410 1.031221 0.300877
v -0.248139 0.040741 0.244937
v 0.234685 1.197275 0.142274
v -0.131042 1.149847 0.080259
v -0.183187 1.036657 0.273666
v 0.090701 1.039026 0.048228
v 0.654370 1.318816 0.111875
v 0.082410 1.131483 -0.164726
v 0.800116 1.013131 0.288799
v 0.533922 1.396320 0.033469
v 0.548024 1.602179 0.340298
v -0.157939 0.083066 0.008271
v 0.209255 0.574495 0.084947
v 0.604269 1.584392 0.068413
v 0.795135 1.031393 0.166135
v 0.191874 1.205191 0.106662
v 0.680792 1.301920 0.204543
v 1.003170 1.070652 0.284913
v 0.566043 1.430213 0.394133
v 0.708975 1.161468 0.184500
v 0.097200 1.093976 0.515624
v -0.057586 0.059408 -0.082475
v 0.668208 1.525960 0.304340
v 0.098475 1.178182 0.464178
v 0.357391 1.070318 0.322725
v 0.244222 0.264133 0.000741
v 0.247714 0.044851 0.227836
v 0.011617 0.029767 -0.229871
v -0.004813 0.078015 0.138398
v 0.163012 0.035335 0.317733
v 0.397064 1.586255 -0.063565
v 0.096370 1.000163 -0.049937
v 0.268902 1.245847 0.149129
v 0.328144 1.511160 -0.033882
v 0.586695 0.688586 -0.174091
v 0.301004 0.120594 -0.137211
v 0.126608 0.880980 0.191910
v 0.208658 1.294034 -0.188821
v 0.515103 1.583056 -0.168979
v 0.366613 1.445804 0.263420
v 0.328904 1.202033 0.301980
v -0.409738 0.022579 -0.014820
v 0.613036 1.262571 0.106316
v 0.297977 1.527266 -0.176420
v 0.068804 1.122838 -0.130853
v 0.290404 0.840102 0.272208
v 0.055239 1.092275 0.185642
v 0.359618 0.473424 -0.139378
v 0.345557 1.487846 0.037770
v 0.556406 0.454726 -0.289456
v 0.367909 0.551586 -0.138963
v -0.165825 0.050327 -0.209360
v 0.357968 0.998006 0.136069
v 0.690197 1.265830 0.282292
v 0.004541 1.134075 -0.215363
v 0.314873 0.934928 0.285449
v 0.049974 0.924268 0.263553
v 0.022257 0.876374 0.151202
v 0.064036 0.507317 0.052744
v 0.018663 0.848110 0.154048
v -0.293653 1.045252 0.206022
v 0.479782 1.589616 -0.102013
v 0.411287 0.728796 0.187616
v 0.456276 1.207965 0.295856
v 0.124857 0.076395 -0.197305
v 0.183066 1.241878 0.045636
v 0.039112 1.040626 0.230926
v -0.009571 0.755693 0.222432
v -0.054590 1.128618 0.095212
v 0.425197 0.265813 -0.141331
v 0.296296 0.706200 0.208390
v 0.586898 1.301960 0.353143
v 0.147705 0.918204 -0.057692
v 0.360438 1.597259 0.063859
v -0.258343 0.036084 0.203157
v 0.220938 0.928590 0.038673
v 0.341274 1.624420 0.055112
v -0.043636 0.162980 -0.028162
v 0.247755 0.190081 -0.220811
v 0.378518 1.455937 0.217147
v 0.273012 0.439662 -0.089479
v 0.716983 1.530971 0.439861
v 0.763692 1.040535 0.289550
v 0.262990 1.163736 0.093580
v -0.079858 1.244439 -0.262134
v 0.944222 1.049534 0.239610
v 0.348786 0.706899 -0.027474
v 0.085011 0.548772 0.030655
v 0.054358 1.076483 0.416244
v -0.137278 0.032318 0.290127
v 0.603753 1.358378 0.344500
v 0.225524 1.166287 0.059152
v 0.374125 0.294037 -0.249450
v 0.955378 1.088995 0.323787
v 0.247967 0.186527 -0.059232
v 0.755138 1.159575 0.208735
v 0.159914 0.683524 0.107096
v -0.401943 0.025616 0.037346
v 0.337640 0.521742 -0.145260
v -0.117223 0.047625 -0.098489
v 0.359021 1.474098 0.227706
v 0.571520 1.553658 0.416153
v 0.282387 1.589454 -0.028111
v 0.405669 0.651554 0.004434
v -0.149638 1.197730 -0.052397
v 0.270846 0.736368 0.065814
v 0.359719 1.377380 0.134104
v 0.473546 1.494760 0.355685
v 0.320896 0.077165 -0.080824
v 0.477100 0.296670 -0.262761
v 0.327355 0.939321 0.156478
v -0.191924 0.002859 -0.391633
v -0.027520 0.049325 0.352810
v 0.246601 1.567557 -0.159047
v 0.310489 1.715186 -0.301990
v 0.589327 0.519039 -0.109129
v 0.887713 1.058514 0.378797
v 0.688324 0.573655 -0.143527
v 0.158993 0.033037 0.127230
v 0.589935 1.558051 0.462081
v 0.869157 1.032254 0.351656
v 0.064501 1.130845 -0.294520
v -0.245729 0.034535 0.226673
v 0.160360 0.172041 0.054637
v 0.110158 0.135344 -0.170557
v 0.337195 0.524810 -0.087090
v 0.203839 0.226596 -0.182958
v 0.649673 1.325416 0.187182
v 0.434855 1.295968 0.107622
v 0.530905 1.214677 0.132678
v -0.282214 0.050540 -0.044046
v 0.242491 1.572275 -0.202284
v 0.191124 0.918092 -0.248437
v 0.220968 1.750325 -0.520157
v 0.611103 1.586650 0.475071
v 0.041035 0.038058 -0.254369
v 0.002729 0.038230 0.184853
v 0.269074 1.250433 0.233214
v 0.138108 0.040042 0.217036
v -0.261552 0.049568 -0.029550
v 0.240921 0.809874 -0.201343
v 0.639600 1.372591 0.158766
v 0.366593 1.568397 -0.144145
v -0.235727 0.026224 -0.332775
v 0.662681 1.547766 0.057682
v -0.011353 0.028127 0.346928
v 0.262616 1.760225 -0.408659
v 0.676823 0.592758 -0.114272
v 0.154012 0.940455 0.294165
v 0.239433 0.874775 0.152397
v 0.432425 1.119791 0.266519
v 0.302441 1.556270 -0.016987
v 0.182358 0.924541 0.120185
v 0.363688 0.775080 0.279022
v -0.170796 0.041702 0.248084
v 0.360590 0.026467 0.003077
v 0.173358 0.243107 -0.146170
v -0.363120 0.034505 0.072574
v 0.352400 0.039992 -0.129031
v 0.080921 0.500615 0.029682
v 0.034303 1.141282 0.336308
v 0.774018 1.017484 0.144290
v 0.266716 0.042654 -0.291956
v -0.090659 0.128176 0.095139
v -0.177376 1.042782 0.292526
v 0.237510 0.033604 -0.224839
v 0.168701 1.059172 0.199088
v 0.366451 1.630514 -0.122715
v 0.014806 1.093085 0.352101
v -0.144050 1.179620 -0.053208
v 0.131559 1.147579 -0.380608
v 0.287894 1.673721 -0.263804
v 0.609351 1.655226 0.275932
v 0.570579 1.673630 0.181502
v 0.373780 0.733169 0.259392
v 0.481149 1.273413 0.055223
v 0.550929 0.545077 -0.057135
v 0.263851 1.529017 -0.193366
v 0.119927 0.970957 0.205880
v 0.155824 0.492334 0.007907
v 0.298928 1.747540 -0.288860
v 0.033402 1.178303 -0.198832
v 0.687949 1.275771 0.304360
v 0.193058 1.055639 0.390074
v 0.468140 1.521830 0.307113
v 0.684882 1.348386 0.262621
v -0.022884 0.037967 -0.293465
v 0.593994 1.315819 0.063444
v 0.600078 1.251728 0.146981
v 0.397651 0.234644 -0.235085
v 0.676155 1.089026 0.214677
v 0.275624 0.680801 0.081394
v 0.114167 0.997186 -0.017421
v -0.021517 0.037714 0.280600
v 0.527463 1.636609 -0.076289
v 0.450161 1.490103 0.050396
v 0.274035 0.467977 -0.038265
v 0.804793 1.130288 0.283405
v 0.555667 1.469877 0.135147
v 0.782127 1.174558 0.264019
v 0.594328 0.700632 -0.156071
v 0.498966 0.441100 -0.078444
v 0.120220 0.050722 -0.248002
v 0.323852 0.992995 0.141111
v -0.119501 1.185522 -0.022594
v 0.430471 1.122088 0.137324
v -0.118863 1.057289 0.228758
v 0.088595 0.847998 0.249612
v 0.374570 1.109272 0.098451
v 0.088251 0.826112 0.179528
v 0.284391 1.594637 -0.048287
v 0.343279 1.320820 0.284872
v -0.125575 0.045590 0.238193
v -0.259041 0.004327 -0.345712
v -0.055562 0.023146 -0.406148
v 0.400810 1.621322 -0.077453
v -0.234948 0.058598 -0.077088
v 0.426807 0.898413 0.216246
v 0.257615 0.803233 0.088499
v 0.329815 1.249005 0.294459
v 0.247947 0.815674 0.020856
v -0.009247 0.823733 0.210596
v 0.504139 1.412143 0.034328
v 1.004142 1.089653 0.289873
v 0.407370 0.431655 -0.256172
v -0.137753 0.055349 -0.292666
v 0.266331 0.831355 0.151152
v -0.040569 0.078845 -0.234619
v 0.671924 0.651969 -0.084003
v 0.238370 0.393581 -0.089815
v -0.287427 0.059793 0.057714
v 0.171151 0.349200 -0.069951
v 0.158517 0.606303 0.112674
v 0.051594 0.803719 0.230581
v 0.110765 0.773662 0.034227
v 0.630428 1.468460 0.232343
v -0.103243 0.037380 -0.344558
v -0.133988 1.239641 -0.173656
v 0.546627 1.593169 0.080542
v 0.464375 1.552210 -0.186533
v 0.488640 0.459534 -0.068667
v 0.342368 1.597097 -0.377378
v 0.067903 0.139059 0.109901
v 0.213457 0.044345 0.320041
v -0.125960 0.118417 0.062239
v 0.417837 1.612343 0.037558
v 0.460436 1.139521 0.210748
v 0.241731 0.038746 -0.310715
v 0.637464 1.557778 0.417367
v 0.464557 0.460850 -0.039672
v 0.107971 0.385532 0.056500
v 0.114298 1.008049 0.181978
v -0.217202 0.049538 -0.288758
v -0.033645 0.034474 -0.336794
v -0.135466 0.034363 -0.332987
v 0.531766 0.458188 -0.285823
v 0.267232 0.884685 0.061996
v 0.053345 1.014720 -0.044480
v 0.161311 1.028184 0.265597
v 0.008975 1.290450 -0.554860
v 0.126305 0.032227 -0.279941
v 0.971758 1.063545 0.290501
v 0.074402 1.015186 0.355279
v -0.024362 0.024422 0.307833
v 0.327749 1.531569 0.079530
v 0.058923 0.983550 0.293619
v -0.036165 0.028674 0.336866
v 0.260146 0.964377 0.269809
v 0.008094 1.265810 -0.449193
v 0.263284 0.817122 0.105588
v 0.404130 0.597425 0.117057
v 0.255135 0.826598 0.141666
v 0.378326 0.027307 0.030858
v 0.716092 1.095069 0.154716
v 0.094203 0.278680 0.032538
v 0.365489 1.680210 0.018495
v 0.258577 0.295212 0.004677
v -0.276869 1.054363 0.297546
v 0.121192 0.618876 0.037133
v 0.293745 1.650022 -0.160454
v 0.674870 0.550230 -0.232695
v -0.235768 0.053223 0.028649
v -0.038210 1.114405 0.328413
v 0.364568 0.334409 -0.232775
v 0.383499 1.439264 0.137182
v 0.205844 1.089461 0.197630
v 0.597983 1.400107 0.331713
v 0.147877 0.669665 0.066622
v -0.106786 1.079337 0.347425
v 0.686421 1.243863 0.290390
v 0.087188 1.071583 0.141758
v 0.512541 0.334926 -0.161750
v 0.438155 0.614108 0.195229
v 0.560506 0.603934 -0.203104
v -0.128035 0.034505 -0.374513
v 0.686866 1.507789 0.427663
v -0.169288 0.069066 0.171865
v 0.289736 1.565340 0.027739
v 0.229239 0.168751 -0.009625
v 0.341993 1.077525 0.092943
v 0.139779 1.069255 0.199805
v 0.055613 0.028056 0.163787
v -0.240091 1.054616 0.318148
v 0.370855 0.028127 0.076907
v 0.682290 1.477378 0.327339
v 0.411429 0.831598 0.253510
v 0.349059 0.556374 -0.004149
v -0.086124 0.048050 -0.176753
v 0.275371 1.619824 -0.099066
v 0.491788 1.578025 0.268959
v 0.025678 1.228354 -0.496651
v 0.682624 1.389052 0.231442
v 0.665202 1.452009 0.237525
v 0.452388 1.168221 0.262013
v 0.365064 1.263998 0.123769
v 0.582190 1.393921 0.336999
v 0.667479 0.653255 -0.202001
v 0.253940 1.136140 0.403628
v 0.512866 1.205758 0.160415
v 0.324895 1.689615 -0.260695
v 0.428902 1.555521 -0.324443
v -0.393541 0.001108 0.186776
v -0.182863 0.084615 0.185907
v 0.560182 0.568988 -0.042994
v 0.422970 0.542809 0.043136
v -0.307715 0.043393 -0.167106
v 0.303636 1.519653 -0.007531
v 0.276535 1.594465 -0.088772
v 0.225615 0.044243 -0.190896
v 0.294616 0.036529 -0.233868
v 0.532748 0.615343 -0.173796
v -0.203687 1.060964 0.179325
v 0.154832 0.042391 -0.296260
v 0.137977 0.587251 -0.019881
v 0.145245 1.021816 0.267349
v 0.180930 0.702171 0.063263
v 0.880435 1.078325 0.418996
v 0.066303 0.044335 0.188183
v 0.187885 0.186618 -0.003563
v 0.411672 0.460648 -0.271812
v 0.313789 1.055983 0.111885
v 0.020880 1.238426 -0.319078
v 0.803406 1.013384 0.144521
v 0.381991 0.212666 -0.209554
v 0.385189 1.536428 0.199846
v 0.325381 1.517042 0.023911
v 0.408645 1.045272 0.143611
v 0.650260 1.462213 0.265344
v 0.336375 0.728219 0.247922
v 0.323842 0.040710 -0.003734
v 0.418262 0.514575 -0.147536
v 0.025486 0.037278 0.219343
v 1.018750 1.108726 0.316387
v 0.204963 0.954334 0.013152
v 0.228804 0.992459 0.161530
v -0.180150 0.041338 -0.320859
v 0.352532 0.585550 0.036930
v 0.525368 0.503257 0.064385
v 0.184322 1.748219 -0.574430
v 0.298210 1.643665 -0.103652
v -0.214904 0.041601 0.329171
v 0.993979 1.092356 0.327380
v 0.126446 1.153552 -0.341440
v 0.751250 1.121825 0.323391
v 0.250083 0.011251 0.348215
v 0.432456 0.012021 0.017788
v 0.214591 1.266519 -0.247071
v 0.563583 1.324728 0.046010
v 0.515487 1.521273 0.113514
v -0.385320 0.010462 -0.196351
v 0.573778 1.248965 0.078345
v 0.173064 0.990879 0.324132
v 0.327669 1.297830 0.215587
v 0.691938 1.253399 0.201516
v 0.304405 0.034079 -0.207478
v 0.090893 1.163068 0.321974
v 0.212384 0.651483 0.029248
v 0.183066 0.049396 -0.317236
v 0.105704 1.142032 0.279963
v 0.006302 0.865370 0.214484
v 0.324591 0.490643 -0.027930
v 0.260409 0.776335 0.244500
v 0.202756 1.174770 0.027061
v 0.430704 1.339842 0.056246
v 0.348047 1.183487 0.107004
v 0.200317 0.151662 0.039856
v 0.062345 1.196475 -0.413498
v 0.567866 1.393790 0.385114
v 0.650159 1.331339 0.346310
v -0.033068 0.032521 0.387827
v 0.405993 0.768884 0.219536
v -0.179128 1.126310 0.058423
v -0.029140 1.056266 0.235350
v 0.106463 1.150900 -0.320516
v -0.211502 1.139339 0.104950
v -0.352045 0.045347 0.167118
v 0.071041 0.962271 0.196737
v -0.411226 0.029605 -0.050413
v 0.587890 1.226400 0.307459
v 0.366745 1.703706 -0.149967
v 0.059065 1.095707 0.420567
v 0.365246 1.459925 0.113615
v 0.661304 1.292242 0.324496
v 0.215350 1.355604 -0.187363
v 0.165401 0.962139 0.274525
v 0.248453 0.860875 -0.120347
v -0.283692 0.043383 -0.205240
v -0.094668 1.213148 -0.152873
v -0.314831 0.046319 -0.183253
v 0.669383 1.560410 0.049049
v 0.018015 1.094695 0.104079
v 0.226070 1.249359 -0.150544
v 0.373305 1.613689 -0.144370
v 0.333317 1.671757 -0.023120
v 0.390474 0.037319 -0.073354
v 0.192552 1.082648 0.442473
v 0.743911 1.038844 0.193276
v 0.252381 1.064142 0.360707
v 0.569536 1.517457 0.402323
v 0.372546 1.198439 0.108776
v 0.399129 0.542779 -0.113695
v 0.417270 1.386501 0.072910
v 0.047008 0.031397 0.341664
v 0.525925 1.408995 0.339639
v 0.483204 1.514946 0.261781
v -0.095478 0.091955 0.160659
v 0.023168 0.072710 -0.203824
v 0.081701 1.045647 -0.142091
v 0.688374 1.280610 0.231655
v 0.320704 1.227807 0.279294
v 0.599572 1.633713 0.345714
v 0.675649 1.530435 0.422438
v -0.288834 1.051559 0.287423
v -0.012274 0.030648 -0.282097
v 0.046229 1.189672 -0.276104
v 0.231497 0.041399 0.282261
v 0.385351 1.473430 0.199795
v 0.990304 1.101406 0.276034
v 0.374762 0.509149 -0.012744
v 0.684710 1.434000 0.300392
v -0.077671 1.185390 -0.198062
v 0.509130 1.609772 -0.153843
v -0.252694 1.037710 0.239863
v 0.366866 1.534120 0.130349
v 0.908912 1.032011 0.293448
v -0.080293 1.109981 0.231592
v -0.295050 0.034717 0.248772
v -0.062081 1.070085 0.110193
v -0.092937 0.059196 0.188193
v 0.407390 1.480709 0.038480
v -0.152878 0.040073 -0.092617
v 0.680508 1.497676 0.364533
v 0.629041 1.442777 0.322034
v 0.304739 0.024665 0.149493
v 0.304202 0.790427 -0.063048
v 0.285717 1.560744 -0.089784
v 0.243422 1.763920 -0.414572
v 0.280625 1.636629 -0.082738
v 0.071163 1.018334 0.148065
v -0.342397 0.041297 -0.024508
v 0.348219 0.758002 0.046549
v -0.025850 0.831882 0.183385
v -0.215987 0.060481 0.015935
v 0.274278 0.077742 0.022869
v 0.178187 0.981202 0.061682
v -0.163092 0.035153 -0.189661
v 0.405446 1.703899 -0.063736
v 0.270451 0.037015 -0.270263
v 0.332174 1.585719 -0.235287
v 0.189140 1.031889 0.372693
v 0.956674 1.099453 0.332826
v 0.158133 1.001469 0.047693
v 0.537415 0.431665 -0.300592
v -0.064096 1.277189 -0.310008
v 0.425491 0.024057 0.050060
v -0.135425 1.233942 -0.104169
v 0.201795 1.249521 -0.250319
v 0.387791 1.734633 -0.062826
v 0.516884 1.619834 0.175510
v 0.414264 1.187840 0.122727
v 0.621874 1.289154 0.090565
v 0.539429 0.542900 0.075046
v -0.322556 0.028542 -0.215303
v 0.347116 1.158664 0.307659
v 0.216362 1.099807 0.440407
v 0.636715 1.392231 0.228353
v 0.460062 0.251610 -0.191695
v 0.109895 0.097340 -0.192354
v 0.494066 1.617374 -0.015479
v 0.125302 0.037693 0.239632
v 0.212070 0.999738 0.134611
v 0.188806 0.930170 -0.181136
v 0.445656 0.628564 0.192496
v 0.742241 1.033317 0.223545
v 0.451528 1.099675 0.183112
v 0.459049 0.600826 0.049940
v 0.580712 1.531123 0.418491
v 0.088514 0.091600 -0.207792
v 0.050713 0.287771 -0.001265
v 0.122792 0.242034 -0.102397
v 0.363040 0.803607 0.113007
v 0.128036 0.228266 0.055629
v 0.428517 0.661334 0.091120
v 0.452065 1.244338 0.073477
v 0.003781 0.029149 0.278384
v 0.091268 0.032531 0.289721
v -0.097017 1.246161 -0.326589
v -0.103779 1.262338 -0.340894
v 0.324156 1.186595 0.318564
v 0.582929 1.640476 0.130136
v 0.463879 0.476916 -0.031927
v 0.705219 1.195453 0.188053
v 1.001703 1.135958 0.308977
v -0.087056 1.227159 -0.112368
v 1.017384 1.133022 0.300360
v 0.437497 0.630133 0.209220
v 0.621904 1.390874 0.121136
v 0.277659 1.687691 -0.262052
v 0.657255 1.336147 0.156053
v 0.524113 0.647373 -0.120661
v -0.348674 0.045873 0.013859
v 0.615759 1.412791 0.149421
v 0.465083 0.542961 -0.031939
v 0.286345 0.670343 0.114728
v 0.849295 1.061925 0.333798
v 0.449564 0.421096 -0.245005
v 0.648660 1.486368 0.386055
v 0.351205 0.031954 -0.141128
v 0.069067 1.152367 -0.264017
v 0.075657 1.118758 0.427004
v -0.406336 0.028967 0.015418
v 0.245092 0.637594 0.113676
v 0.259316 0.992570 0.172432
v 0.576015 1.422692 0.062309
v 0.242015 0.999889 0.173272
v 0.307169 0.043403 -0.186755
v 0.530652 1.586407 -0.078181
v 0.595705 0.527169 0.094068
v 0.088716 1.077515 -0.187626
v 0.299515 0.644265 -0.044502
v -0.337548 0.037157 -0.196088
v 0.124675 0.208809 -0.131056
v 0.561316 0.652536 -0.114130
v 0.335676 1.311375 0.150869
v 0.285646 1.632499 -0.216406
v -0.269013 0.033472 -0.301777
v 0.688212 1.062209 0.178102
v 0.506549 0.640338 -0.137899
v -0.045044 1.092933 -0.037961
v 0.383549 0.936335 0.156428
v 0.399534 1.630889 -0.059524
v 0.990678 1.109455 0.328008
v 0.218559 0.654399 0.142366
v 0.296691 0.672570 0.090959
v 0.342175 1.286988 0.139653
v 0.380735 0.034090 -0.126147
v 0.234696 0.812870 0.157065
v 0.825262 1.079591 0.220084
v -0.125626 1.048917 0.301000
v -0.257219 0.038098 -0.079335
v 0.507712 0.528545 -0.023091
v 0.675285 1.194430 0.300249
v 0.453411 1.180915 0.151113
v 0.415033 1.642369 -0.042154
v 0.776498 1.078001 0.179620
v 0.471937 0.377343 -0.292149
v 0.334876 0.065401 -0.104897
v 0.650199 1.262520 0.323968
v 0.999212 1.119203 0.358369
v 0.240344 0.227385 -0.023313
v -0.234826 0.039850 -0.164272
v 0.097392 0.033847 -0.310210
v 0.359648 0.937479 0.312510
v 0.399119 1.547867 -0.052276
v 0.480258 0.520730 -0.004009
v 0.615446 0.524273 -0.268653
v 0.235586 1.139744 0.432208
v 0.680893 1.246181 0.182504
v 0.294646 0.729747 0.032417
v -0.279896 0.043211 0.100941
v -0.014329 0.040386 -0.372539
v 0.015150 1.172918 -0.316507
v -0.273619 1.064011 0.228879
v 0.195761 0.246984 0.022263
v 0.225655 1.370243 -0.171489
v 0.247734 1.629684 -0.177776
v 0.085659 1.155293 -0.324019
v 0.095236 1.033752 -0.109949
v 0.631056 1.402182 0.311962
v -0.240505 1.088378 0.130510
v 0.382881 0.430197 -0.185845
v 0.366046 0.571074 -0.126350
v 0.238897 1.247183 0.120489
v 0.303656 0.396061 0.032234
v 0.132267 0.952168 0.016321
v 0.494228 1.635434 0.077537
v -0.391981 0.042229 -0.085572
v 0.089486 0.985666 -0.025106
v 0.586564 1.206902 0.223564
v 0.349748 0.411388 0.015814
v 0.165674 0.058143 -0.307213
v -0.076497 0.041004 -0.086402
v 0.413515 1.541793 -0.324373
v 0.632271 1.580252 0.216225
v 0.176233 0.038534 -0.282138
v 0.200570 1.042205 0.332999
v 0.153243 0.691673 0.043592
v 0.322354 0.038058 -0.162105
v -0.269954 0.058284 0.068841
v 0.257969 0.028633 0.310172
v 0.334269 0.907048 0.300423
v 0.245517 1.183973 0.394418
v 0.572948 0.581329 -0.232888
v 0.399453 0.785051 0.268776
v 0.618078 1.391704 0.324829
v 0.160157 0.987276 0.272968
v 0.401205 0.711525 0.241543
v 0.506437 0.570041 0.165882
v 0.994171 1.085847 0.238548
v 0.333530 0.153515 -0.163806
v 0.963234 1.078578 0.259524
v -0.014005 1.065225 0.281713
v 0.266695 0.139859 -0.096496
v 0.273650 0.046440 -0.254997
v 0.329582 0.649135 -0.187230
v 0.307108 0.978691 0.306993
v 0.331110 1.295704 0.253034
v 0.364993 0.038453 -0.068341
v -0.183754 1.051519 0.296050
v 0.122539 0.927173 0.310200
v 0.821618 0.999788 0.145909
v 0.748274 1.442037 0.194015
v 0.392600 0.559492 0.046599
v 0.639154 1.466081 0.369201
v 0.392023 1.587288 0.067494
v 0.307634 1.079570 0.344985
v 0.074685 1.250028 -0.582254
v -0.023319 0.088138 0.157461
v 0.238350 0.595562 0.065336
v 0.740580 1.066562 0.168078
v -0.186801 0.055966 -0.257234
v 0.071233 0.406771 0.096182
v 0.611730 1.259989 0.134459
v 0.316685 0.160004 -0.189892
v -0.324661 0.042452 0.058576
v -0.302289 0.050925 0.085210
v 0.387012 0.032227 0.123253
v -0.119683 0.050743 -0.147650
v 0.974643 1.071786 0.225145
v 0.227204 1.172057 0.033843
v -0.059287 1.211731 -0.275467
v 0.098526 1.002390 0.387361
v 0.095125 0.400221 0.094825
v 0.038302 1.207783 -0.304094
v 0.071699 0.891711 0.267096
v 0.210318 1.008282 0.181068
v -0.320014 0.041277 0.086161
v 0.069492 1.180531 -0.296330
v 0.563594 1.359674 0.039390
v 0.092472 0.902077 0.274465
v 0.230130 1.186250 0.024336
v 0.255803 1.725391 -0.352434
v 0.010645 0.009986 0.429698
v 0.142978 0.442891 0.075632
v -0.176161 1.083215 0.265616
v -0.191630 1.091293 0.235198
v -0.069795 1.234843 -0.266235
v 0.286770 0.752282 0.017494
v -0.253706 0.022620 -0.318064
v 0.082329 0.478860 0.024073
v 0.131073 0.780627 0.021544
v 0.495787 1.567233 0.325983
v 0.319236 1.709244 -0.133658
v 0.189150 0.700258 0.128162
v 0.513827 1.638269 0.108503
v 0.201612 0.140010 0.071665
v 0.644449 1.638603 0.288000
v 0.317434 0.819572 0.046891
v 0.320025 1.649303 -0.037708
v 0.427181 1.203541 0.125541
v 0.460730 1.038419 0.235249
v 0.104691 0.042674 -0.339567
v -0.054468 1.058149 0.201811
v 0.621975 1.355169 0.063463
v 0.102494 0.952168 0.166823
v 0.127985 1.056418 0.485083
v -0.150610 0.046956 -0.139105
v 0.179847 1.286138 -0.036414
v 0.259518 1.594789 -0.147375
v 0.198879 0.147826 -0.224899
v 0.487861 1.537339 0.369413
v 0.134292 0.988430 0.010842
v 0.264063 0.024685 -0.226864
v 0.595513 1.349571 0.058341
v 0.281405 0.117962 -0.044543
v 0.024585 1.266913 -0.399284
v 0.291862 0.300435 -0.203114
v 0.620679 1.432471 0.170924
v 0.321443 0.590065 -0.120661
v 0.419194 0.470488 -0.197365
v -0.295050 1.065276 0.215508
v 0.097909 0.069228 -0.241502
v 0.353382 1.669186 -0.177735
v 0.137035 0.476805 0.085745
v 0.716872 1.212520 0.197761
v 0.229026 1.231411 0.123677
v 0.647689 1.542239 0.241442
v 0.328235 1.647886 -0.195207
v 0.596930 0.427069 -0.270171
v -0.286314 0.011899 0.318817
v 0.270542 0.923033 0.247558
v 0.038019 1.141647 0.434556
v 0.622846 1.531174 0.430224
v 0.419386 1.621808 -0.053360
v 0.226546 1.178648 0.106497
v 0.009683 1.252316 -0.345753
v 0.526279 1.286695 0.367154
v 0.536777 1.636082 0.226825
v 0.318881 1.256770 0.224983
v 0.431737 1.599608 0.017696
v 0.055967 1.043723 -0.118230
v 0.209782 1.299521 -0.044896
v 0.212667 1.131817 0.454592
v 0.067650 1.219799 -0.478542
v 0.014077 1.080137 -0.126429
v 0.626622 1.461090 0.332147
v 0.374044 1.398892 0.286977
v 0.660282 1.158300 0.208542
v 0.253889 1.402901 -0.148823
v 0.642060 1.445186 0.175246
v 0.338814 1.723781 -0.115546
v 0.180738 0.990809 0.088265
v 0.370926 1.737569 -0.086747
v 0.395060 0.765554 0.160649
v -0.071101 1.211174 -0.065932
v 0.226769 1.239034 -0.114798
v 0.593619 1.229325 0.135299
v -0.019563 0.034495 0.263664
v 0.373264 0.387162 -0.206607
v 0.565790 0.476622 -0.290885
v 0.367676 0.267484 -0.259450
v 0.702031 1.105618 0.185876
v 0.289412 1.155172 0.361687
v 0.310823 1.248914 0.226065
v -0.380421 0.039900 0.016219
v -0.045833 0.716314 0.191140
v 0.227710 1.236321 0.244237
v 0.909185 1.046275 0.324940
v 0.093768 0.095569 -0.186016
v 0.069148 1.210769 -0.354358
v 0.429044 1.567537 0.067979
v 0.202129 1.228090 0.285024
v 0.290364 0.107504 -0.079021
v 0.382891 1.625230 0.057723
v 0.108417 0.942996 0.307294
v 0.212839 0.705532 0.160820
v 0.363647 1.619136 -0.181643
v 0.077743 0.293754 -0.031828
v 0.609736 1.495722 0.214931
v 0.528364 1.682417 0.032588
v 0.133755 1.166287 0.480091
v 0.287550 0.797685 -0.107651
v 0.204497 0.049244 0.304128
v 0.261715 0.034687 0.139907
v 0.137501 0.182356 0.048197
v -0.347732 0.040498 -0.115730
v 0.239484 1.333090 -0.043904
v 0.591909 1.384790 0.329548
v 0.192987 1.277391 0.035067
v 0.033392 1.288466 -0.632033
v -0.083401 1.174112 -0.010468
v 0.399301 1.529422 -0.041029
v 0.540016 1.514227 0.124001
v 0.211726 1.163412 0.450460
v 0.456711 0.442679 -0.232705
v 0.188229 1.796264 -0.613791
v 0.627270 1.560359 0.485295
v 0.244232 0.631024 0.041507
v 0.485735 1.551664 -0.218250
v 0.305741 0.092603 -0.114484
v 0.439461 1.484910 0.321368
v 0.299799 1.744757 -0.242403
v 0.387710 0.491706 -0.257517
v 0.010756 1.208542 -0.424502
v 0.584984 1.449610 0.397312
v 0.155834 0.038777 0.256051
v -0.108608 1.279254 -0.310816
v 0.213578 0.930615 0.003191
v 0.124027 0.562874 -0.000121
v -0.137794 0.065644 -0.020619
v 0.208709 1.320507 -0.160758
v 0.497002 1.391664 0.342161
v 0.408261 0.846186 0.205243
v 0.360083 0.000024 0.247083
v 0.404120 1.571191 -0.284810
v 0.617541 0.504350 -0.138488
v 1.015946 1.110416 0.258561
v 0.614524 1.497149 0.228809
v 0.035154 1.273787 -0.634219
v 0.206856 0.288328 -0.137636
v 0.150671 0.686288 0.080421
v -0.143331 0.037187 0.262428
v -0.021993 1.047996 0.091092
v 0.366866 1.378716 0.289398
v 0.384602 0.018297 0.186919
v 0.662195 1.571576 0.069700
v 0.491657 1.309847 0.383009
v 0.325340 1.024104 0.129559
v -0.040650 0.031933 0.290390
v -0.009015 0.850246 0.191181
v 0.189930 0.588678 0.003949
v 0.370156 0.237529 -0.242323
v 0.173540 0.937600 -0.113128
v -0.377171 0.036347 0.042822
v 0.359679 1.618002 -0.213582
v -0.034971 0.078258 0.180967
v 0.193423 0.934553 -0.044784
v 0.566165 0.483425 -0.107762
v 0.046684 1.155081 0.430427
v -0.342539 0.034727 -0.050961
v -0.004125 0.712325 0.204118
v 0.239828 1.223980 0.051600
v -0.119835 1.099412 0.073709
v 0.706779 1.477874 0.142011
v 0.133421 0.494156 0.013849
v 0.219521 0.026001 -0.248285
v 0.589570 0.540946 -0.091859
v -0.329915 0.047493 -0.039581
v 0.244171 1.159920 0.107531
v -0.259133 1.107845 0.144097
v 0.868469 1.073183 0.261477
v 0.400840 0.821809 0.273393
v 0.363566 0.660139 -0.080368
v 0.705351 1.496754 0.142467
v 0.534398 1.676211 0.010924
v 0.840427 1.039269 0.211943
v 0.540219 1.606441 -0.073627
v 0.195579 1.205212 0.402395
v 0.184089 0.033421 0.342333
v 0.329106 1.233405 0.261183
v 0.653529 0.607305 -0.096030
v -0.127286 0.026892 0.262257
v 0.301145 1.585040 -0.010376
v 0.187187 0.043879 0.225437
v 0.282842 0.703315 0.208634
v -0.242844 0.052504 -0.235164
v -0.288632 0.037805 0.127493
v 0.215370 0.258666 0.010214
v 0.312757 0.611506 -0.008786
v 0.455081 1.076361 0.248702
v 0.049357 0.421197 0.077283
v 1.006663 1.082445 0.217026
v 0.608025 0.408138 -0.200322
v 0.066526 1.081362 -0.099351
v 0.498824 1.591610 0.232343
v 0.412583 1.516829 0.233223
v 0.674920 1.216894 0.179275
v 0.085113 0.002464 0.423876
v 0.518575 1.425830 0.355878
v -0.382364 0.041945 0.077394
v 0.313789 0.183885 -0.112520
v -0.013884 0.185667 0.056782
v 0.526593 1.235258 0.334163
v 0.193959 0.639315 0.031029
v 0.314700 0.219297 -0.093488
v 0.166029 1.799150 -0.607139
v 0.430978 0.344178 -0.093245
v 0.609189 1.199593 0.258723
v 0.351337 0.044284 -0.111588
v 0.564565 0.437293 -0.137445
v 0.655271 1.514541 0.162775
v -0.316330 0.038331 -0.130701
v 0.287064 0.737643 -0.231126
v 0.136924 1.191919 0.307335
v 0.605970 1.438302 0.378848
v 0.469811 0.605604 0.096597
v 0.416501 0.404119 -0.230245
v 0.465630 1.592582 -0.189670
v -0.292104 1.063413 0.284853
v -0.298421 0.025859 0.199411
v 0.476958 0.500493 -0.205199
v -0.239443 0.027226 0.291705
v 0.204913 0.842451 -0.089378
v -0.094547 1.122028 0.160345
v -0.051047 1.220771 -0.127513
v 0.267829 0.768570 0.038936
v 0.318730 0.154274 -0.147831
v -0.121019 1.162349 -0.056063
v 0.107840 0.018024 -0.409622
v -0.046268 1.070237 0.034287
v 0.406712 1.687215 0.000101
v 0.289564 0.706949 0.020450
v 0.396325 1.626283 -0.115952
v 0.123429 1.091951 0.211175
v 0.015838 1.268715 -0.511027
v 0.343603 0.219145 -0.239721
v 0.266807 1.236938 0.116623
v 0.247937 1.536914 -0.140015
v 0.418576 1.629128 -0.014750
v 0.272152 1.749484 -0.335700
v 0.763824 1.177463 0.251890
v 0.197249 1.318117 -0.232816
v 0.740560 1.148622 0.192528
v 0.532596 1.590760 0.079844
v -0.213507 0.077661 0.066065
v 0.269459 0.023652 0.324738
v -0.145366 0.050813 0.225336
v 0.055998 0.004155 -0.431549
v 0.300194 0.093716 -0.197587
v 0.127357 0.030202 0.280489
v -0.186902 0.036975 0.336622
v 0.180232 1.124974 0.206790
v 0.576005 1.315647 0.366720
v 0.668208 1.602948 0.307640
v -0.020879 1.188133 -0.078324
v 0.040884 1.114962 -0.103136
v 0.389128 1.644373 -0.112155
v 0.395009 0.684273 0.222169
v 0.225716 1.258875 0.004697
v 0.405274 1.634584 -0.101304
v 0.060948 0.998594 0.217004
v 0.142006 1.091384 0.521972
v 0.503036 1.431965 0.331481
v 0.424438 0.683311 0.188792
v -0.171424 1.220336 -0.106558
v 0.418931 1.658374 -0.014496
v 0.179888 0.020524 -0.375131
v 0.078127 1.217977 -0.376336
v 0.406540 0.004722 -0.165851
v -0.320156 0.042320 -0.023636
v 0.312352 1.623489 -0.002409
v 0.396923 0.578889 -0.098094
v 0.157515 0.973933 0.018305
v 0.265157 0.858355 0.199472
v 0.851877 1.059071 0.229750
v 0.422362 1.675594 -0.074296
v 0.376787 1.200727 0.320202
v 0.718734 1.130218 0.187952
v 0.042726 1.106326 0.398627
v 0.540613 1.401929 0.343334
v 0.551111 0.530317 0.132313
v 0.296317 0.048181 0.250616
v 0.969014 1.066278 0.256932
v 0.226840 0.027864 -0.343424
v 0.419072 1.549831 -0.001984
v 0.679152 1.414411 0.282229
v 0.955186 1.089815 0.279142
v 0.658278 1.536003 0.412214
v 0.317373 1.647370 -0.004900
v 0.334714 0.584720 -0.138377
v 0.754915 1.034137 0.145494
v -0.084494 0.036803 -0.102366
v 0.387346 1.300422 0.112937
v 0.367099 1.074519 0.103118
v 0.039365 0.737097 0.211841
v 0.163417 0.703386 0.076371
v 0.560516 1.271813 0.080643
v -0.034343 0.166706 0.044726
v 0.370298 1.633602 0.047693
v 0.480602 1.490701 0.102288
v 0.634224 1.179103 0.250918
v 0.658146 1.364189 0.323939
v 0.337903 1.540578 -0.179437
v -0.302673 0.047574 -0.157205
v 0.734415 1.104089 0.321165
v 0.560708 1.387311 0.356800
v 0.545756 1.198570 0.254746
v 0.301105 1.531477 -0.150189
v 0.483062 1.594141 -0.197688
v 0.522432 1.225347 0.104818
v -0.056857 1.194126 -0.033498
v 0.220169 1.043076 0.321996
v -0.074310 1.244885 -0.361231
v 0.223378 1.173566 0.149503
v -0.099264 0.022762 -0.402434
v 0.137066 1.031201 0.224204
v -0.052970 1.263876 -0.281187
v 0.346275 0.670870 0.173931
v -0.059064 1.233314 -0.353213
v 0.553197 1.194501 0.223282
v 0.631370 1.199117 0.286270
v 0.381413 0.319407 -0.072451
v 0.417372 0.493539 -0.169070
v 0.502347 1.547260 0.234225
v 0.525135 1.288486 0.051163
v -0.026811 0.715656 0.209503
v 0.161210 0.702667 0.053765
v 0.378002 1.439243 0.182434
v 0.322475 0.791682 0.296969
v 0.153678 0.899992 -0.046930
v 0.577695 1.610450 0.132120
v 0.439157 1.166075 0.135968
v 0.107951 0.773561 -0.006145
v 0.122022 1.000750 0.395632
v 0.107880 0.042806 0.115447
v -0.250234 0.027641 0.259402
v 0.069583 0.031862 0.136798
v 0.306642 1.536964 -0.098743
v 0.420257 1.602179 -0.052974
v -0.258282 0.034160 0.141352
v 0.934696 1.036384 0.249938
v -0.034657 1.244318 -0.227907
v -0.208080 0.042016 -0.116002
v 0.758853 1.174153 0.276388
v 0.484550 0.284896 -0.216316
v 0.344787 0.591432 -0.137435
v 0.076943 0.039252 -0.287320
v 0.170827 0.193776 0.009821
v 0.449888 1.431904 0.071756
v 0.053214 1.184023 -0.396258
v 0.092867 1.151456 -0.236349
v 0.226819 1.358196 -0.148439
v 0.280494 0.847634 0.247486
v 0.103790 1.164515 0.470606
v -0.049447 1.109262 0.364169
v 0.282630 0.694194 0.074438
v 0.069664 1.168504 0.387887
v 0.241964 0.823824 -0.015761
v 0.235738 0.037592 0.318066
v 0.529184 0.530256 0.133153
v 0.042686 0.902918 0.237271
v 0.599572 1.287778 0.073740
v -0.050196 0.027094 0.410442
v 0.566064 1.368835 0.355533
v 0.135223 0.973275 0.318716
v 0.094112 0.187691 0.075765
v 0.976738 1.132637 0.364492
v 0.632139 1.541125 0.151902
v 0.252756 1.191788 0.046153
v 0.044670 0.941214 0.228860
v 0.419326 1.442058 0.076919
v 0.108062 0.976585 0.081150
v 0.189353 1.187040 0.036110
v -0.045266 1.155931 -0.181563
v 0.416602 1.686112 -0.097355
v -0.078157 1.228171 -0.141949
v 0.095469 0.997774 0.196525
v 0.533568 1.327097 0.038733
v 0.168398 0.908921 -0.174911
v 0.532839 0.421491 -0.128657
v 0.499766 1.542542 0.110366
v 0.137774 0.033219 0.111124
v 0.106898 1.018061 0.004132
v 0.590653 0.365265 -0.218037
v -0.208222 1.056155 0.282543
v 0.191114 0.711485 0.106761
v -0.081164 0.040700 0.365810
v 0.345091 1.131918 0.094574
v 0.653428 1.301100 0.133255
v -0.082530 0.035223 0.397141
v 0.360732 1.216195 0.112623
v 0.108447 0.963000 0.306394
v 0.744519 1.170569 0.288425
v 0.376686 0.029554 0.060154
v 0.510193 1.601865 0.204634
v -0.096045 0.049933 -0.226480
v 0.272881 0.225330 -0.237129
v 0.117437 0.512297 0.009983
v 0.150196 0.581237 0.101284
v 0.014431 1.045019 0.196081
v 0.272921 0.730891 -0.152214
v 0.734365 1.459136 0.143013
v 0.340697 1.381388 0.213299
v -0.029980 0.046136 -0.268815
v -0.204972 0.037633 0.308825
v -0.078096 1.167785 -0.155931
v -0.045104 0.052828 -0.276953
v 0.322516 1.532206 0.054909
v 0.257503 0.058659 -0.190957
v -0.010513 1.192243 -0.158197
v 0.551537 1.447940 0.057400
v 0.327689 0.646604 0.091152
v 0.201420 0.181871 -0.014426
v 0.443176 0.935444 0.255516
v 0.530338 1.613467 0.020935
v 0.720901 1.199350 0.290966
v 0.257524 0.263556 -0.202518
v 0.233724 0.204689 -0.216275
v 0.421694 1.403113 0.088721
v 0.374469 1.348386 0.094876
v 0.311825 1.537754 -0.033093
v 0.402855 0.572875 -0.101082
v -0.024584 0.073692 -0.102923
v 0.363768 1.627164 0.029400
v -0.057445 0.033573 -0.376913
v 0.100804 0.702455 0.014001
v 0.652446 1.172483 0.277523
v 0.403310 1.539111 -0.311424
v 0.104266 0.376270 0.079094
v 0.680691 1.062523 0.202996
v 0.035407 1.160375 -0.177260
v 0.017893 0.182417 0.117472
v 0.799701 1.059921 0.182282
v 0.559990 1.489830 0.138256
v 0.305924 0.029200 0.266640
v 0.068298 1.066400 0.438971
v 0.880516 1.080218 0.320830
v -0.050288 0.040477 -0.354792
v 0.670790 1.461039 0.342687
v 0.225696 0.936365 0.057492
v 0.002840 0.083633 -0.135328
v 0.326261 1.564297 0.064264
v 0.337964 1.367236 0.141475
v 0.216413 0.401416 -0.000536
v 0.393987 1.556685 -0.109039
v 0.392802 0.457176 0.009244
v -0.151106 0.061251 -0.217784
v 0.349049 0.320662 -0.233190
v 0.256198 0.665606 0.072393
v 0.105673 0.037167 0.265435
v -0.194525 1.093389 0.111935
v 0.539115 1.363207 0.038743
v -0.146358 1.094654 0.102802
v 0.554533 1.383180 0.032567
v 0.308383 0.716010 0.229164
v 0.178156 0.029038 0.152793
v 0.435492 0.454888 -0.207589
v 0.637089 0.590055 -0.233900
v 0.523343 0.457823 -0.089267
v 0.233278 0.765847 0.088651
v 0.930667 1.083063 0.351999
v -0.126253 0.042674 -0.086706
v 0.187490 0.900802 -0.241585
v 0.586979 1.220589 0.162288
v 0.379834 1.548505 0.164950
v 0.145559 0.029514 0.308612
v 0.247056 0.278194 -0.178809
v 0.296772 1.711441 -0.172927
v -0.084596 1.201375 -0.030976
v 0.494593 0.353856 -0.294983
v 0.481230 0.377393 -0.112298
v -0.253393 1.043754 0.278100
v 0.168489 0.573361 -0.026847
v 0.532059 0.318698 -0.251495
v -0.020100 0.036124 -0.345854
v 0.740236 1.491035 0.100352
v 0.205469 1.744068 -0.513578
v 0.630317 1.585121 0.460372
v 0.181973 0.943320 0.147427
v 0.374924 1.541874 -0.080996
v 0.384511 1.248236 0.118698
v 0.226354 1.407770 -0.172370
v 0.559554 1.586549 0.083134
v -0.191164 0.043180 -0.178141
v 0.441344 0.513188 -0.011054
v 0.073633 1.153511 -0.314685
v -0.154335 1.190391 -0.122331
v 0.193554 0.999545 0.120984
v 0.383985 0.645703 0.173900
v 0.299465 0.034535 0.055233
v 0.417493 0.641755 0.208926
v 0.030224 0.033594 0.323625
v 0.634508 1.472651 0.385862
v 0.648316 1.500125 0.199887
v 0.407785 0.030749 0.004709
v 0.200468 1.010357 0.151243
v 0.777379 1.149857 0.199877
v 0.146703 0.418383 0.022615
v 0.435746 1.264706 0.104656
v 0.294251 0.041439 -0.221023
v 0.445130 1.286927 0.109384
v 0.657468 1.491581 0.148673
v 0.824402 1.032173 0.324557
v 0.029495 0.232366 -0.035968
v 0.611811 1.518712 0.425505
v 0.239190 0.732076 0.205202
v 0.628160 0.669128 -0.193286
v 0.615608 1.230844 0.179984
v 0.129848 0.875757 0.216034
v 0.188128 0.406447 -0.022241
v 0.220887 1.343416 -0.240035
v 0.052839 0.031245 0.377846
v 0.352035 0.050267 -0.073960
v 0.116819 0.693688 0.013041
v 0.574598 1.472823 0.398294
v 0.682715 1.394772 0.284387
v 0.901481 1.085989 0.333646
v 0.736987 1.096385 0.150048
v 0.480329 1.345471 0.384781
v 0.308637 0.449775 -0.106840
v 0.445525 0.437000 -0.043377
v 0.125302 1.029055 0.450966
v 0.178916 0.028876 -0.354944
v -0.100469 1.103796 0.039218
v 0.664665 1.303985 0.202530
v 0.866940 1.080299 0.283354
v 0.145954 0.948746 0.251596
v 0.625913 1.258562 0.176470
v 0.177843 0.026052 0.378098
v 0.295183 0.004215 -0.322003
v 0.038059 1.246970 -0.345348
v 0.036966 0.071252 -0.162358
v 0.875890 1.059506 0.336067
v -0.007283 0.054296 -0.221508
v 0.517522 1.211893 0.288415
v 0.496567 1.662039 -0.008583
v 0.403290 1.000689 0.302224
v 0.335929 1.297648 0.182079
v -0.124117 1.225053 -0.177127
v 0.065828 1.010235 0.321175
v 0.224856 0.854153 0.091405
v 0.644328 1.508052 0.147336
v 0.226657 1.203653 0.180824
v 0.521926 1.504954 0.122838
v -0.034566 0.038179 0.211711
v 0.278277 0.099679 -0.016480
v 0.968964 1.079985 0.320931
v -0.156360 0.002707 -0.407616
v 0.722004 1.401251 0.246778
v 0.377172 1.159474 0.106640
v 0.636664 1.537248 0.102580
v 0.077581 1.264889 -0.576211
v 0.272567 0.774179 -0.037618
v 0.623271 1.408600 0.175712
v 0.059055 1.050496 0.387028
v -0.246478 0.009692 0.356131
v 0.334674 0.053668 -0.054888
v 0.166393 1.157409 0.220962
v 1.006643 1.106205 0.302771
v 0.521349 0.382890 -0.303467
v 0.379247 1.493758 0.011197
v 0.232671 0.036469 0.114759
v 0.744761 1.474878 0.168706
v 0.252594 1.325690 -0.053189
v 0.632766 0.500827 -0.200623
v 0.073076 0.985929 0.205759
v 0.420469 0.005683 -0.103116
v 0.291619 1.205434 0.097640
v 0.029495 0.084069 -0.138113
v 0.307736 0.079726 -0.075884
v 0.738910 1.204027 0.255687
v 0.590087 0.511417 -0.269797
v 0.231375 0.031539 0.131746
v 0.679628 1.111884 0.242212
v 0.671377 1.224385 0.304835
v -0.080982 0.140456 -0.010519
v 0.648741 0.536067 -0.245391
v -0.254213 1.082860 0.247992
v 0.121283 0.209690 0.054798
v -0.039972 0.036722 0.231563
v 0.013996 0.044820 0.390824
v -0.198990 0.073945 -0.049037
v 0.161169 0.247379 0.056954
v 0.313486 1.650052 -0.162530
v 0.487952 1.632073 -0.058868
v -0.236416 0.061949 -0.046404
v 0.866829 1.053928 0.402081
v 0.965937 1.083529 0.288982
v -0.373496 0.029544 0.098340
v 0.345142 0.477402 -0.117967
v 0.756697 1.478310 0.149037
v 0.215603 0.910176 -0.237614
v 0.648853 1.611877 0.477762
v 0.258161 1.040231 0.336948
v 0.296073 1.656228 -0.181389
v 0.364244 1.030259 0.318370
v 0.010635 0.167020 -0.064465
v 0.315743 1.052328 0.334213
v 0.482931 1.556138 0.203490
v 0.318112 1.665055 -0.119384
v 0.400972 0.352662 -0.070509
v -0.138776 1.138681 0.010711
v 0.673199 0.534346 -0.226956
v 0.323194 1.654406 -0.138760
v 0.495787 1.561797 0.183436
v 0.487000 1.621100 -0.041941
v 0.432354 0.011555 -0.054463
v -0.172203 0.044041 0.216703
v -0.043788 0.772103 0.191637
v 0.431463 0.568806 -0.075500
v 0.394392 1.547159 0.218312
v 0.681895 1.312671 0.301454
v 0.415914 0.018469 0.120337
v -0.182073 0.054650 -0.231146
v -0.384440 0.020464 -0.161031
v -0.238046 0.050935 -0.204724
v 0.361794 0.461549 -0.193812
v 0.061839 0.024493 0.414077
v 0.143919 0.908192 0.222502
v 0.206796 0.114419 0.072039
v 0.327294 0.697383 -0.148762
v 0.114632 0.338003 -0.000596
v 0.680255 1.259290 0.297568
v 0.050491 0.984785 0.276895
v 0.385271 0.953099 0.306718
v 0.340981 1.647704 -0.151637
v 0.062305 0.035112 0.228891
v 0.957393 1.078487 0.329586
v 0.027359 0.202360 -0.052095
v -0.017630 1.101416 0.393769
v -0.043697 0.039050 0.366305
v 0.115240 1.144907 0.508963
v 0.058407 1.021047 0.192649
v 0.409880 0.396881 -0.038579
v 0.432111 0.884584 0.250515
v 0.878815 1.046548 0.240532
v 0.680731 1.370475 0.241645
v 0.007811 1.265142 -0.375525
v 0.261543 1.706895 -0.357143
v 0.562612 1.486003 0.401898
v 0.226951 0.617003 0.122007
v 0.259761 1.303287 -0.150930
v 0.533527 1.326945 0.383596
v 0.395920 0.360386 -0.057055
v 0.143848 0.070848 -0.201425
v 0.238704 0.798546 -0.176531
v 0.406914 0.951348 0.166043
v 0.527787 1.419918 0.381865
v 0.833533 1.100556 0.255931
v 0.332052 0.872223 0.123132
v 0.257746 0.645258 0.091618
v -0.081214 0.031690 0.299916
v 0.828654 1.109181 0.278495
v -0.369619 0.045782 -0.090725
v 0.060057 0.037774 0.269099
v 0.058741 1.244925 -0.582933
v 0.562146 1.412680 0.034411
v 0.286325 1.682053 -0.177735
v 0.614059 1.310879 0.080177
v 0.168651 0.903039 0.014346
v 0.403290 1.694525 -0.109817
v 0.442204 1.547726 0.037659
v 0.195022 0.571438 0.018780
v 0.720708 1.144947 0.306223
v 0.240962 1.529837 -0.173130
v 0.375734 0.249586 -0.116225
v 0.268032 1.209423 0.346057
v 0.186407 1.300604 -0.083458
v 0.076488 1.149371 -0.338131
v 0.031246 0.214174 0.063181
v -0.020312 1.172331 -0.101465
v -0.308079 0.024412 0.275469
v 0.237915 0.314112 0.026453
v 0.508755 1.600094 0.148156
v -0.106128 0.007698 -0.415745
v 0.346721 0.288075 -0.070569
v -0.010047 0.036043 -0.388464
v 0.275381 1.615481 -0.132384
v -0.052646 1.122402 0.133385
v 0.129655 0.624373 -0.005679
v 0.717641 1.526740 0.422054
v 0.050956 1.217461 -0.434484
v 0.454626 1.051255 0.193711
v 0.227690 0.007769 0.366254
v 0.493965 1.452434 0.047550
v 0.147533 0.999798 0.188751
v 0.630094 0.483263 -0.201627
v 0.106382 0.109185 0.102723
v 0.097443 0.038918 0.207388
v 0.044407 1.124316 -0.130409
v 0.150864 1.193306 0.456554
v 0.111676 1.188417 0.457587
v 0.450850 1.533431 0.053949
v 0.341436 0.541321 -0.033325
v 0.701221 1.145494 0.297872
v 0.086226 1.135877 0.504862
v 0.512653 0.605857 -0.081534
v 0.310084 0.136153 -0.158450
v 0.162425 0.935920 -0.113461
v 0.135152 0.243805 0.069022
v 0.157019 0.996964 0.023648
v 0.467725 0.510283 -0.010801
v 0.712579 1.394549 0.235562
v 0.353291 1.720005 -0.176652
v 0.365824 1.237070 0.331662
v -0.323041 0.036205 -0.191625
v 0.265177 1.365626 -0.123545
v 0.093201 1.102348 -0.199692
v 0.486008 1.444417 0.313116
v 0.556234 1.660490 0.060772
v 0.341335 0.037157 -0.183535
v 0.080527 1.017980 -0.099846
v 0.127266 1.165194 0.276803
v 0.263122 0.790204 0.065235
v 0.062173 0.113750 0.111793
v 0.193686 1.767069 -0.529158
v 0.027693 0.111230 0.125905
v 0.281020 1.748047 -0.370777
v 0.424944 0.604055 -0.021187
v 0.417928 1.603829 0.001834
v 0.392377 1.299754 0.337969
v 0.283753 1.725593 -0.364572
v 0.152433 0.708367 0.066816
v 0.483335 1.172209 0.215648
v 0.463058 1.161691 0.166369
v 0.683029 1.414178 0.266640
v 0.137015 0.031751 -0.380789
v -0.149416 0.073874 -0.237332
v 0.475804 0.526693 -0.016096
v 0.488498 0.300911 -0.171498
v 0.087805 0.033057 -0.274545
v -0.347530 0.004590 0.256245
v 0.131306 0.046734 -0.368388
v -0.079777 1.229649 -0.215455
v 0.252401 0.816494 0.123779
v 0.236224 0.423272 -0.067704
v 0.124634 0.923002 0.164018
v 0.311188 0.044183 0.018324
v 0.114278 0.934199 0.157429
v -0.049984 0.190739 -0.003005
v 0.123764 0.945274 0.180774
v 0.084687 1.208846 -0.399357
v -0.388560 0.031387 -0.110840
v 0.151238 0.614604 -0.027201
v 0.188543 0.936618 -0.238365
v 0.165776 0.476076 0.030107
v 0.202766 0.096196 0.078821
v 0.267890 0.834625 0.203157
v 0.187399 1.101032 0.472358
v 0.568068 1.234276 0.089836
v 0.551506 1.652634 0.029277
v 0.480541 0.397012 -0.100869
v 0.289109 0.832287 0.004962
v 0.658186 1.613183 0.334346
v 0.348806 0.034191 0.152561
v -0.390149 0.040781 -0.068059
v 0.911463 1.058342 0.235135
v -0.240708 0.050408 0.104564
v -0.122457 0.046724 -0.312914
v 0.366087 0.019603 0.220275
v -0.094527 1.134763 0.107835
v 0.265217 0.100833 -0.179031
v 0.271038 0.833988 0.230064
v -0.073146 1.275589 -0.374808
v -0.250973 1.046264 0.310273
v 0.186822 0.283590 0.038115
v -0.282669 0.048880 0.026656
v 0.168306 0.292347 0.046517
v 0.208162 1.197508 -0.059920
v 0.444766 0.481411 -0.012249
v 0.208618 0.821647 -0.131360
v 0.273124 0.040498 0.083286
v -0.014491 0.228559 -0.001740
v 0.052627 0.461812 0.076808
v 0.322992 0.021992 0.278191
v 0.374874 1.317763 0.322370
v 0.897695 1.093611 0.321327
v 0.070879 1.156073 -0.360635
v 0.420469 1.338992 0.350351
v 0.600271 0.538122 -0.278706
v -0.145275 0.045954 -0.199704
v 0.761435 1.030877 0.265293
v 0.335524 1.720329 -0.250189
v 0.398917 1.352213 0.336106
v 0.145266 0.620030 0.102843
v 0.254841 0.644913 0.061815
v 0.533608 0.556941 0.143561
v 0.379814 0.453278 -0.227644
v -0.107981 0.032824 -0.371405
v 0.341953 0.271078 -0.075956
v 0.408402 1.257853 0.323239
v 0.365267 1.477510 0.255252
v -0.226667 0.007485 -0.363155
v 0.353503 1.720349 -0.148914
v 0.643447 1.192395 0.203227
v 0.035812 1.209261 -0.216802
v 0.220239 1.230803 -0.012532
v 0.280919 0.180261 -0.218704
v 0.829848 1.004323 0.263179
v 0.356834 0.478718 -0.241959
v 0.031955 0.036165 0.203338
v 0.340890 1.326216 0.159008
v -0.098627 0.040255 -0.358123
v 0.231557 1.052349 0.344408
v 0.121334 0.730557 0.065044
v 0.472179 1.508771 0.259088
v 0.549725 1.225570 0.112826
v 0.629234 1.470555 0.160557
v 0.266372 0.013246 -0.339618
v 0.364062 1.479271 0.129994
v -0.102413 0.059864 -0.047741
v 0.292753 0.032267 -0.285741
v -0.122740 0.050064 -0.048511
v 0.265076 0.145811 -0.023009
v 0.277325 1.537855 -0.138456
v 0.294707 1.641002 -0.138031
v -0.132094 1.077718 0.325903
v 0.284634 1.636254 -0.120296
v 0.184372 0.618815 0.005891
v -0.264316 0.059520 0.038683
v -0.110977 1.067058 0.342282
v 0.368840 1.571353 -0.361374
v 0.464304 1.526922 0.361830
v 0.342408 0.504978 -0.217784
v 0.122184 1.008150 0.201364
v -0.149446 0.015969 0.397363
v 0.050278 1.181908 -0.225488
v 0.250447 1.623752 -0.198316
v 0.070363 0.036732 0.331621
v 0.375390 0.191812 -0.189236
v -0.185637 0.042816 -0.331964
v 0.376959 1.698807 -0.134669
v 0.495939 0.293197 -0.241765
v 0.752577 1.127515 0.165628
v 0.832693 1.007006 0.237404
v 0.418090 0.038200 0.054757
v -0.062901 0.149941 0.054475
v 0.410427 0.041186 0.073142
v 0.206684 1.266397 0.053676
v 0.553764 0.347570 -0.264666
v 0.284280 0.028987 0.299045
v 0.500606 1.661411 0.076938
v -0.055521 0.157706 0.038490
v 0.473678 0.329388 -0.139844
v 0.521855 1.677841 0.090816
v 0.280251 1.235116 0.173567
v 0.296934 0.727763 0.006024
v 0.166960 1.037093 0.155474
v 0.000896 0.848332 0.157236
v 0.430765 0.996609 0.283576
v 0.311653 0.011626 -0.304287
v 0.913923 1.094927 0.289629
v 0.502216 1.674146 0.057016
v 0.225220 0.688272 0.162804
v 0.017823 1.077647 0.305706
v 0.100318 0.483476 0.089146
v 0.410984 1.355958 0.347264
v 0.025790 0.037532 0.160437
v 0.210420 0.125848 0.040433
v 0.269763 1.569612 -0.239062
v 0.517887 0.528383 -0.221518
v 0.880253 1.071300 0.379739
v 0.247927 1.166905 0.078285
v 0.165118 0.663115 0.124742
v 0.037968 0.042371 0.153633
v 0.351165 0.186760 -0.140665
v 0.806727 1.102712 0.215872
v 0.018997 0.089029 -0.127798
v 0.256764 0.825231 -0.244387
v -0.110663 0.045215 -0.134022
v 0.011718 1.110275 0.397384
v 0.476482 1.600418 -0.113705
v 0.327587 0.036438 0.175621
v 0.373618 0.030243 -0.025946
v 0.609007 1.207884 0.206700
v 0.219156 0.739992 0.087355
v 0.453107 1.402526 0.325324
v -0.200984 1.153370 0.079094
v 0.563482 1.232838 0.352081
v 0.207170 0.618633 0.123849
v 0.825596 1.057096 0.332473
v 0.065767 1.108786 -0.223857
v 0.616225 1.574613 0.420758
v 0.327587 0.330623 -0.209218
v -0.180484 1.113585 0.174913
v -0.007516 1.159251 -0.098176
v 0.874097 1.049089 0.350623
v -0.110967 0.114368 0.131201
v 0.683626 1.349632 0.307792
v 0.280969 1.118100 0.377856
v 0.235839 1.167542 0.091830
v -0.103769 0.057232 -0.248275
v 0.357330 1.721088 -0.209614
v 0.536099 1.612414 -0.032982
v -0.004216 1.104676 0.138610
v -0.197147 0.042300 0.185461
v 0.334158 0.609522 -0.132130
v 0.669028 1.508872 0.292282
v 0.303332 1.697875 -0.071419
v -0.339391 0.015827 -0.257982
v 0.177417 0.040791 0.187993
v 0.317049 0.661880 -0.083962
v -0.313212 0.037572 -0.091504
v 0.175990 1.795404 -0.615895
v 0.030872 0.796906 0.159980
v -0.265571 0.038453 -0.050191
v 0.070393 1.223717 -0.383492
v 0.336820 1.121997 0.332169
v 0.470388 1.192284 0.271286
v 0.225716 0.046420 -0.310797
v 0.033301 1.091162 0.153350
v -0.104670 0.044041 -0.117238
v -0.215400 0.028086 0.218088
v -0.045114 1.243002 -0.368520
v 0.089012 0.000000 0.424458
v 0.084160 0.000000 0.425179
v -0.201022 0.000000 0.383649
v -0.189815 0.000000 0.389104
v 0.405074 0.000000 0.157443
v 0.420046 0.000000 0.132084
v 0.299940 0.000000 0.316709
v 0.266669 0.000000 0.342925
v 0.161699 0.000000 0.405724
v 0.254788 0.000000 0.350361
v 0.090229 -0.000000 -0.422398
v 0.059173 -0.000000 -0.432782
v 0.437892 0.000000 0.061659
v 0.437831 0.000000 0.054013
v -0.311440 -0.000000 -0.304782
v -0.331488 -0.000000 -0.283365
v 0.294774 -0.000000 -0.325218
v 0.271893 -0.000000 -0.344102
v 0.435214 -0.000000 -0.001994
v 0.435076 -0.000000 -0.049360
v -0.351091 0.000000 0.255037
v -0.353815 0.000000 0.250579
v 0.433051 -0.000000 -0.066692
v 0.424098 -0.000000 -0.097737
v -0.359284 -0.000000 -0.254893
v -0.360195 -0.000000 -0.253485
v 0.080955 0.000000 0.425878
v 0.020994 0.000000 0.434086
v 0.360057 0.000000 0.247142
v 0.328832 0.000000 0.290022
v 0.191784 -0.000000 -0.391923
v 0.185921 -0.000000 -0.394746
v -0.330914 0.000000 0.278019
v -0.343437 0.000000 0.265815
v 0.360094 0.000000 0.247092
v -0.390792 -0.000000 -0.195806
v 0.177861 0.000000 0.400487
v 0.191706 0.000000 0.394241
v 0.180091 -0.000000 -0.397444
v 0.112636 -0.000000 -0.419975
v 0.361949 -0.000000 -0.238848
v 0.343202 -0.000000 -0.265227
v 0.370056 -0.000000 -0.225589
v -0.394038 0.000000 0.187019
v -0.434225 -0.000000 -0.045044
v -0.434638 -0.000000 -0.058720
v -0.432965 -0.000000 -0.065086
v -0.430621 -0.000000 -0.073007
v -0.047601 0.000000 0.434832
v -0.088304 0.000000 0.426929
v -0.193376 -0.000000 -0.392222
v -0.223897 -0.000000 -0.369576
v -0.229819 -0.000000 -0.366672
v 0.428779 0.000000 0.085298
v -0.184424 0.000000 0.392573
v -0.396854 -0.000000 -0.182947
v -0.409220 -0.000000 -0.146535
v -0.394295 0.000000 0.186103
v 0.422706 -0.000000 -0.104264
v -0.427811 0.000000 0.088198
v -0.431053 0.000000 0.068413
v -0.416918 0.000000 0.127952
v -0.394946 0.000000 0.184729
v -0.160312 -0.000000 -0.407021
v 0.180946 -0.000000 -0.396763
v 0.416293 -0.000000 -0.142201
v 0.415120 -0.000000 -0.144391
v 0.241863 -0.000000 -0.366124
v 0.436567 0.000000 0.010796
v 0.011461 0.000000 0.434281
v 0.360105 0.000000 0.247073
v 0.425714 0.000000 0.112102
v 0.426718 0.000000 0.102161
v -0.055216 -0.000000 -0.432345
v -0.105821 -0.000000 -0.420842
v -0.012013 -0.000000 -0.433592
v -0.030337 -0.000000 -0.431433
v -0.134452 0.000000 0.412424
v -0.152418 0.000000 0.406653
v -0.282514 0.000000 0.331705
v -0.247126 0.000000 0.360757
v 0.360118 0.000000 0.247040
v -0.053460 -0.000000 -0.432617
v -0.052998 -0.000000 -0.432772
v -0.043442 0.000000 0.435225
v 0.027584 -0.000000 -0.430758
v -0.431716 0.000000 0.056423
v 0.422481 0.000000 0.120845
v -0.157957 -0.000000 -0.408435
v 0.104622 -0.000000 -0.419818
v -0.116328 -0.000000 -0.419100
v -0.240651 -0.000000 -0.359704
v -0.265169 -0.000000 -0.341982
v -0.263260 -0.000000 -0.346050
v -0.282962 -0.000000 -0.326785
v 0.339134 -0.000000 -0.273690
v -0.258954 0.000000 0.352731
v 0.224839 0.000000 0.372269
v 0.231620 0.000000 0.368330
v 0.422000 -0.000000 -0.107756
v -0.410444 0.000000 0.140682
v -0.436816 0.000000 0.013441
v 0.360283 0.000000 0.246694
v 0.234100 0.000000 0.365433
v -0.434524 -0.000000 -0.061519
v -0.041935 0.000000 0.434993
v 0.260163 -0.000000 -0.352074
v 0.302297 -0.000000 -0.318247
v 0.327434 -0.000000 -0.290481
v 0.392006 -0.000000 -0.187103
v 0.385345 -0.000000 -0.203804
v 0.400114 0.000000 0.166227
v 0.033463 -0.000000 -0.430155
v 0.414602 -0.000000 -0.148489
v 0.406778 -0.000000 -0.168977
v -0.142089 -0.000000 -0.411202
v 0.307212 0.000000 0.310405
v 0.318026 -0.000000 -0.305046
v -0.154387 -0.000000 -0.410109
v -0.100516 0.000000 0.424959
v 0.417374 -0.000000 -0.136693
v 0.055090 -0.000000 -0.433472
vn 0.2448 0.8007 0.5468
vn 0.9979 -0.0618 0.0202
vn 0.2032 0.7403 0.6409
vn 0.2178 0.7712 0.5982
vn 0.6818 0.5579 0.4733
vn 0.5482 0.6088 0.5734
vn -0.5483 -0.8213 0.1577
vn 0.8102 -0.4870 -0.3262
vn 0.9947 -0.0092 -0.1025
vn 0.5512 -0.8201 -0.1534
vn 0.6070 -0.5057 0.6131
vn -0.2361 -0.9097 -0.3416
vn 0.9375 -0.0125 -0.3478
vn -0.9260 0.2909 0.2408
vn -0.8797 0.4711 -0.0643
vn -0.5191 0.6106 0.5981
vn -0.5081 -0.7814 0.3624
vn -0.0000 -0.0000 -1.0000
vn -0.5958 0.6416 -0.4831
vn -0.0000 -0.0000 -0.0000
vn 0.6448 0.4768 -0.5974
vn 0.7639 0.4051 -0.5023
vn -0.8185 -0.4884 0.3024
vn -0.6288 -0.3845 -0.6758
vn -0.4680 -0.3889 -0.7935
vn -0.6329 0.6606 -0.4037
vn 0.9649 0.2250 -0.1354
vn -0.4463 -0.8567 -0.2587
vn -0.7558 0.1464 0.6382
vn -0.9730 -0.1301 -0.1908
vn -0.7284 0.4644 0.5038
vn -0.6364 0.6717 -0.3791
vn -0.3802 0.8800 0.2847
vn -0.8189 0.5565 0.1402
vn 0.9602 0.1628 -0.2270
vn -0.8578 -0.0421 0.5122
vn -0.8257 -0.5545 -0.1036
vn -0.4108 -0.2746 0.8694
vn 0.7435 -0.2602 0.6160
vn -0.1249 0.5915 -0.7966
vn 0.4399 0.0062 -0.8980
vn 0.2347 -0.9581 -0.1640
vn -0.6680 0.7118 -0.2170
vn 0.1387 0.9895 0.0397
vn 0.9333 0.0144 0.3589
vn -0.8124 0.5831 -0.0016
vn -0.0978 0.7607 0.6417
vn 0.6492 -0.2718 0.7104
vn 0.6038 -0.4107 -0.6832
vn -0.0009 0.4062 -0.9138
vn 0.6254 -0.5324 -0.5705
vn -0.3378 0.6559 0.6750
vn -0.2169 0.9720 0.0903
vn -0.9041 0.1691 -0.3925
vn -0.2729 0.9526 0.1346
vn 0.1614 0.9746 -0.1552
vn 0.1686 0.3710 -0.9132
vn 0.2634 0.6638 0.7001
vn -0.5456 0.4639 -0.6979
vn -0.7288 -0.1502 -0.6681
vn 0.4019 0.9153 0.0267
vn -0.4064 0.5081 -0.7594
vn 0.5550 -0.1281 0.8219
vn 0.8893 0.3791 -0.2558
vn 0.2256 0.9620 0.1535
vn -0.0260 -0.8970 0.4414
vn 0.3038 0.2224 0.9264
vn 0.0228 0.9951 0.0966
vn -0.7305 -0.4786 -0.4872
vn 0.6286 -0.2647 -0.7313
vn 0.4022 -0.7630 -0.5061
vn -0.9904 0.0682 0.1202
vn -0.2232 -0.8490 -0.4789
vn -0.0657 0.9973 0.0330
vn -0.7946 0.1795 0.5800
vn 0.4087 -0.6001 0.6876
vn 0.4630 0.8663 -0.1873
vn 0.2180 -0.3428 0.9138
vn -0.1489 -0.9213 0.3592
vn -0.2013 -0.8380 0.5073
vn -0.5531 0.4043 -0.7284
vn -0.0314 0.9732 -0.2280
vn 0.5029 -0.4340 0.7475
vn -0.4563 0.8857 -0.0853
vn -0.0758 0.9648 -0.2517
vn 0.3957 -0.7910 0.4666
vn 0.8745 -0.0651 -0.4807
vn 0.5904 0.3585 -0.7231
vn 0.9175 0.0864 -0.3882
vn -0.0551 0.9762 -0.2096
vn 0.2740 0.5834 0.7645
vn -0.4232 -0.2642 0.8666
vn 0.0054 0.9516 0.3073
vn -0.7293 -0.1396 0.6698
vn -0.3054 -0.1965 -0.9317
vn -0.9695 -0.0759 0.2332
vn -0.2001 0.4077 0.8909
vn 0.8200 -0.5712 0.0368
vn -0.4235 -0.9042 0.0553
vn 0.6387 0.5622 0.5254
vn 0.6653 0.6544 0.3595
vn 0.7941 0.3646 0.4863
vn 0.7740 0.5601 -0.2952
vn -0.5841 -0.7884 -0.1931
vn -0.9677 -0.2192 -0.1245
vn -0.5345 -0.8312 0.1533
vn 0.5570 0.8287 -0.0560
vn -0.2542 -0.7109 0.6558
vn 0.9618 -0.1930 0.1941
vn 0.4489 -0.3706 0.8131
vn -0.9788 0.1690 0.1154
vn -0.4355 -0.7434 -0.5076
vn 0.5211 0.2984 -0.7996
vn -0.6059 -0.2249 -0.7631
vn 0.7574 -0.2688 0.5950
vn 0.5907 0.7161 -0.3717
vn -0.6871 0.6949 0.2121
vn -0.7461 0.1971 0.6360
vn 0.3082 0.9070 0.2871
vn -0.5479 0.6249 0.5562
vn -0.2529 0.0267 0.9671
vn -0.4407 -0.2414 0.8646
vn 0.0979 0.4449 0.8902
vn -0.9408 0.1466 -0.3057
vn -0.8992 -0.2657 -0.3476
vn -0.5621 -0.7709 -0.2997
vn 0.5499 0.5461 0.6319
vn -0.0941 0.6684 0.7378
vn -0.4515 -0.8922 -0.0107
vn -0.6116 0.7670 0.1942
vn -0.3137 -0.9490 0.0327
vn -0.2184 0.2938 -0.9306
vn 0.9581 -0.2199 -0.1835
vn 0.7630 -0.3508 -0.5430
vn -0.3984 -0.7984 -0.4514
vn 0.7239 -0.1836 -0.6650
vn 0.6046 0.7932 -0.0727
vn 0.0601 -0.9958 0.0685
vn -0.0854 0.9086 -0.4088
vn 0.0563 0.9928 -0.1055
vn -0.0305 0.9861 0.1635
vn -0.5980 0.6549 0.4620
vn -0.7109 0.6812 0.1750
vn 0.5494 0.6348 0.5433
vn -0.2897 -0.2786 -0.9157
vn -0.2965 -0.1482 0.9435
vn -0.5826 0.6745 0.4535
vn 0.8971 0.1655 -0.4097
vn -0.4839 -0.7881 -0.3805
vn -0.9879 -0.0667 0.1399
vn 0.5237 0.8051 -0.2785
vn -0.9607 -0.1933 0.1990
vn -0.3855 -0.6135 0.6892
vn 0.6823 0.5483 0.4837
vn 0.0753 0.9647 0.2525
vn -0.4335 0.8993 0.0568
vn -0.9600 0.2080 -0.1877
vn -0.9132 -0.4055 -0.0418
vn -0.5924 -0.3007 0.7474
vn -0.7312 0.5418 0.4145
vn 0.6519 0.0640 0.7556
vn -0.6679 -0.5607 0.4894
vn 0.2805 -0.9590 -0.0401
vn 0.4999 0.2373 -0.8329
vn -0.9255 0.3667 -0.0943
vn 0.1696 0.9824 -0.0779
vn -0.9369 0.0442 0.3468
vn 0.7635 0.6407 -0.0806
vn -0.4257 0.8735 -0.2361
vn 0.8742 -0.4855 0.0009
vn 0.1417 -0.4864 0.8622
vn 0.9873 -0.0986 0.1242
vn 0.2636 0.2563 -0.9300
vn -0.2409 0.2352 -0.9416
vn -0.4616 0.8871 0.0096
vn -0.1615 0.6441 0.7477
vn -0.4875 -0.3901 0.7811
vn 0.9386 -0.3207 0.1274
vn -0.3515 -0.6791 0.6445
vn 0.5637 -0.3956 0.7251
vn -0.2474 0.9688 0.0130
vn -0.9064 0.3950 0.1496
vn -0.9874 0.1578 0.0079
vn 0.9412 0.3148 -0.1225
vn -0.3158 -0.1509 0.9367
vn 0.0293 -0.9261 -0.3762
vn 0.0605 0.9595 -0.2751
vn -0.5752 -0.4488 -0.6839
vn 0.6785 -0.5315 0.5072
vn -0.6230 -0.3512 -0.6989
vn 0.0954 0.4929 -0.8648
vn -0.9719 -0.2183 0.0877
vn -0.8288 0.3438 -0.4414
vn -0.1447 0.9632 -0.2266
vn -0.8172 0.0981 -0.5679
vn -0.3936 -0.0577 0.9174
vn -0.9013 -0.4313 -0.0412
vn -0.9800 0.1049 0.1693
vn -0.7066 -0.7071 -0.0268
vn 0.7420 0.5478 -0.3864
vn -0.4845 0.8509 0.2029
vn -0.7005 0.6524 0.2891
vn 0.5170 0.1223 0.8472
vn 0.6587 -0.7504 -0.0547
vn -0.0956 -0.4860 0.8687
vn -0.2171 -0.1250 -0.9681
vn -0.9878 0.0552 -0.1459
vn 0.6558 0.5948 0.4648
vn 0.7054 -0.5854 0.3997
vn -0.5251 0.1871 0.8302
vn -0.7385 -0.3249 -0.5908
vn -0.6128 -0.6128 0.4989
vn -0.7126 0.6744 -0.1935
vn 0.2334 0.9618 -0.1429
vn -0.3396 0.9205 0.1931
vn -0.3205 0.6427 -0.6958
vn 0.1711 -0.5349 -0.8274
vn -0.4367 -0.8995 -0.0128
vn -0.2151 -0.3191 -0.9230
vn -0.3257 0.0930 0.9409
vn 0.2493 0.6745 0.6950
vn -0.8720 0.4809 0.0914
vn -0.0768 0.6407 -0.7640
vn 0.9373 0.0482 -0.3452
vn -0.6622 0.4275 -0.6154
vn -0.5038 0.5874 -0.6334
vn -0.4365 0.6019 0.6687
vn -0.3996 0.8888 -0.2243
vn 0.8133 0.4187 -0.4040
vn 0.0697 0.9869 0.1453
vn -0.1738 0.9824 -0.0689
vn 0.2124 0.8179 -0.5347
vn -0.4002 0.5966 0.6956
vn 0.1256 0.7128 -0.6900
vn 0.5018 -0.2022 0.8410
vn 0.9113 -0.2423 -0.3328
vn 0.9680 0.0145 0.2506
vn 0.0618 0.9560 0.2869
vn 0.3096 -0.1678 -0.9359
vn 0.0003 -0.9973 -0.0731
vn 0.3865 0.0155 0.9222
vn -0.8312 -0.4194 0.3649
vn 0.0381 0.9783 -0.2037
vn 0.8337 0.2188 -0.5069
vn 0.0363 -0.6524 0.7570
vn 0.2462 0.9407 -0.2332
vn -0.9738 0.1187 0.1939
vn -0.1415 0.9761 0.1652
vn -0.5248 0.8040 -0.2796
vn -0.0754 -0.9047 0.4193
vn -0.0546 -0.1183 0.9915
vn 0.5205 -0.4435 0.7297
vn 0.7877 0.1277 -0.6027
vn -0.7966 -0.5448 -0.2620
vn 0.0501 -0.9982 -0.0322
vn 0.6027 0.6373 -0.4802
vn 0.0591 0.9914 -0.1164
vn -0.6537 -0.0508 0.7550
vn 0.8103 0.4756 -0.3423
vn -0.7010 -0.4945 0.5138
vn 0.5072 -0.6298 -0.5884
vn -0.1253 0.9779 0.1671
vn 0.7322 0.5011 0.4612
vn 0.9029 0.0762 -0.4230
vn 0.8119 -0.5109 0.2826
vn 0.9520 -0.0404 0.3035
vn 0.4335 -0.4905 -0.7560
vn 0.8150 0.5753 0.0690
vn 0.6800 -0.6948 0.2344
vn 0.8366 -0.1155 -0.5356
vn 0.4838 -0.4712 0.7375
vn 0.4778 0.8710 0.1142
vn -0.2526 0.9324 -0.2585
vn -0.2156 -0.8945 0.3917
vn 0.6200 0.7244 0.3015
vn 0.7247 0.5140 0.4589
vn -0.8962 0.1754 -0.4074
vn -0.5974 -0.6307 0.4952
vn 0.0979 -0.8754 -0.4735
vn -0.8560 0.3544 0.3764
vn 0.3834 0.0841 -0.9197
vn 0.4603 0.8765 0.1406
vn 0.5993 -0.8000 0.0296
vn 0.6237 0.7659 -0.1562
vn -0.9930 0.0014 -0.1182
vn -0.2263 -0.7622 0.6065
vn -0.2382 -0.5008 0.8321
vn -0.5457 -0.7941 -0.2676
vn 0.5972 -0.5006 0.6267
vn -0.8146 -0.0288 0.5793
vn 0.7660 0.6385 -0.0747
vn 0.5881 0.1384 0.7968
vn 0.2294 0.8848 0.4057
vn -0.2508 0.9663 0.0575
vn -0.2956 0.7353 0.6099
vn 0.0892 0.9933 -0.0736
vn 0.0651 0.9978 0.0089
vn -0.9391 0.3016 0.1647
vn -0.0492 0.9561 0.2888
vn -0.9470 -0.0047 0.3212
vn -0.0639 0.3998 0.9144
vn 0.7755 -0.4923 -0.3953
vn 0.8615 -0.4805 -0.1639
vn -0.3953 0.8720 0.2888
vn 0.7601 -0.6453 -0.0762
vn 0.0530 0.9970 0.0562
vn -0.9775 0.1940 -0.0831
vn 0.3811 -0.4490 0.8082
vn 0.2280 -0.6432 -0.7310
vn 0.1996 -0.9309 0.3059
vn 0.3137 -0.3061 0.8988
vn -0.7319 0.2118 -0.6477
vn -0.6170 0.1274 -0.7766
vn -0.5606 0.5029 -0.6579
vn -0.5716 -0.6925 0.4401
vn -0.0091 -0.4605 -0.8876
vn 0.4511 0.5927 0.6673
vn -0.0731 -0.3275 0.9420
vn 0.2301 -0.5274 -0.8178
vn 0.2517 -0.4329 -0.8656
vn -0.3059 -0.5740 0.7596
vn 0.3313 0.4770 0.8141
vn 0.5722 -0.1317 -0.8095
vn 0.5902 0.6035 0.5361
vn -0.2041 0.7528 0.6258
vn -0.1216 0.8784 -0.4621
vn -0.4594 0.8565 0.2353
vn -0.4660 0.8770 0.1173
vn -0.1775 -0.9556 0.2352
vn 0.6211 -0.0398 -0.7828
vn -0.6698 -0.3289 -0.6657
vn -0.1164 -0.6929 0.7116
vn 0.1500 -0.9765 0.1547
vn -0.2925 -0.3954 -0.8707
vn 0.0912 -0.9925 -0.0815
vn -0.6535 -0.1257 0.7464
vn -0.2334 -0.5729 -0.7857
vn -0.9756 -0.1824 -0.1224
vn 0.4915 0.8231 -0.2847
vn -0.5463 -0.1232 -0.8285
vn -0.2519 -0.9202 -0.2995
vn -0.6262 0.3225 0.7098
vn -0.5564 0.8251 0.0982
vn 0.6848 -0.0621 -0.7260
vn 0.8427 -0.1963 -0.5013
vn 0.2297 0.1956 0.9534
vn 0.0813 -0.2655 0.9607
vn 0.8004 0.5938 -0.0827
vn 0.4279 0.4560 -0.7803
vn 0.9217 0.3173 0.2232
vn 0.7952 -0.6034 -0.0594
vn -0.1595 0.9620 0.2217
vn 0.3928 -0.8968 0.2036
vn -0.8456 -0.5077 0.1651
vn -0.5211 -0.1110 0.8462
vn -0.6052 -0.0335 -0.7954
vn 0.3494 0.8376 0.4199
vn -0.4287 0.6621 -0.6147
vn -0.1756 0.7360 -0.6538
vn -0.4017 0.8868 0.2286
vn -0.4383 0.8084 0.3930
vn 0.9132 -0.1844 -0.3635
vn 0.4419 -0.7155 -0.5412
vn 0.7391 0.6609 0.1300
vn 0.0162 -0.9440 -0.3294
vn -0.0409 0.9923 0.1168
vn -0.2656 0.9303 -0.2530
vn -0.1733 -0.9781 0.1151
vn 0.7804 -0.5214 -0.3450
vn -0.0668 0.9892 0.1306
vn -0.5129 -0.8416 -0.1691
vn 0.3001 0.9104 -0.2848
vn 0.4433 0.1071 0.8900
vn -0.9716 -0.2357 0.0214
vn -0.9524 -0.1051 0.2861
vn 0.4722 0.5027 0.7241
vn 0.6822 -0.6633 -0.3077
vn 0.1188 0.9922 0.0389
vn 0.5862 -0.2215 -0.7793
vn -0.6670 0.4446 0.5979
vn 0.6569 0.4101 -0.6327
vn -0.1902 -0.8759 0.4433
vn -0.6361 -0.7484 -0.1878
vn 0.7218 0.6912 0.0346
vn -0.9448 0.2322 0.2310
vn -0.4330 0.8999 -0.0525
vn 0.1420 0.9437 -0.2986
vn -0.1754 0.9796 -0.0984
vn 0.3863 0.8166 -0.4289
vn -0.2349 0.9559 0.1762
vn -0.1325 -0.9538 -0.2696
vn -0.6422 0.5467 0.5374
vn 0.8866 0.4344 0.1589
vn -0.5236 -0.5977 0.6072
vn 0.6947 0.5517 -0.4617
vn -0.6201 -0.6325 0.4641
vn -0.8192 0.4187 0.3919
vn -0.2241 0.4443 0.8674
vn 0.4969 0.7432 -0.4480
vn -0.6330 0.1342 -0.7625
vn 0.5844 0.7705 -0.2546
vn 0.0628 0.9619 -0.2660
vn -0.7410 0.1270 -0.6593
vn 0.9733 0.2198 -0.0665
vn 0.0024 -0.7340 -0.6792
vn -0.7729 0.4125 -0.4822
vn 0.8793 0.3546 -0.3179
vn -0.1923 -0.6667 0.7200
vn -0.2033 -0.9633 0.1755
vn -0.1068 0.3527 0.9296
vn -0.4964 -0.8621 -0.1023
vn -0.7700 0.6283 -0.1105
vn 0.5647 0.0848 0.8209
vn -0.5442 -0.4191 0.7267
vn -0.0067 0.9995 -0.0315
vn -0.0531 -0.9881 -0.1441
vn -0.2890 0.9232 0.2534
vn -0.3047 -0.7571 -0.5780
vn -0.5633 0.7607 0.3227
vn -0.6728 0.6728 -0.3078
vn -0.6852 0.7276 0.0338
vn 0.7511 0.5106 -0.4184
vn -0.2299 0.9428 -0.2414
vn -0.6518 -0.1919 0.7338
vn 0.1606 -0.9800 0.1174
vn 0.6607 -0.7314 -0.1688
vn -0.3173 0.2924 -0.9021
vn -0.3838 -0.8295 -0.4057
vn 0.0687 -0.6545 -0.7529
vn 0.4949 -0.2668 -0.8270
vn 0.0755 0.9814 0.1764
vn -0.8615 -0.5015 -0.0797
vn -0.8965 0.4052 -0.1791
vn 0.0959 0.9694 -0.2261
vn -0.0907 -0.6342 -0.7678
vn 0.3653 0.1994 0.9093
vn -0.6333 0.7031 0.3233
vn 0.9135 0.2058 0.3510
vn 0.0297 0.2674 -0.9631
vn -0.5895 0.4352 0.6805
vn 0.4553 0.8793 -0.1399
vn 0.6293 -0.6564 0.4161
vn -0.5081 0.7966 -0.3274
vn 0.1141 -0.2180 0.9693
vn 0.1620 -0.1575 -0.9741
vn -0.9650 -0.2285 -0.1284
vn 0.2574 0.2871 -0.9227
vn 0.2405 0.9703 -0.0265
vn 0.8587 -0.2721 -0.4343
vn 0.3149 0.8983 0.3064
vn 0.6062 -0.0927 -0.7899
vn 0.0922 0.8749 -0.4754
vn -0.2407 -0.7804 0.5770
vn -0.3772 0.9095 0.1747
vn 0.7779 0.6245 0.0698
vn -0.0744 0.9964 -0.0419
vn -0.2543 0.3202 -0.9126
vn -0.3552 0.5062 -0.7859
vn -0.0190 0.8717 0.4898
vn -0.0711 0.2258 0.9716
vn -0.0816 0.1018 0.9914
vn -0.7554 0.6151 0.2257
vn 0.2256 0.0775 -0.9711
vn 0.7397 0.6242 -0.2515
vn -0.6951 0.4413 -0.5675
vn 0.9138 0.1401 -0.3813
vn 0.7817 0.5283 -0.3314
vn -0.3723 -0.6849 0.6263
vn -0.0112 -0.1614 0.9868
vn -0.2491 0.3575 -0.9001
vn 0.3325 0.5822 -0.7419
vn -0.1474 -0.8268 -0.5428
vn -0.9663 0.1399 -0.2160
vn -0.5741 0.7238 0.3828
vn 0.0046 0.4404 -0.8978
vn 0.9712 0.2125 -0.1082
vn -0.6439 -0.7158 -0.2702
vn -0.4279 -0.7983 -0.4238
vn 0.2905 -0.1963 -0.9365
vn -0.1881 0.5656 0.8030
vn 0.9092 0.2672 -0.3194
vn 0.7457 -0.2138 -0.6310
vn 0.1113 0.9850 -0.1317
vn 0.1491 0.8536 0.4991
vn 0.8536 0.2295 0.4676
vn -0.4770 0.0555 0.8772
vn -0.0159 0.9396 0.3420
vn -0.9979 -0.0588 0.0258
vn 0.1299 0.9874 0.0908
vn 0.4865 0.5642 0.6671
vn -0.6194 -0.7574 0.2065
vn 0.6206 -0.7733 0.1297
vn 0.2764 0.9604 0.0348
vn -0.0912 -0.7204 -0.6875
vn -0.8738 -0.2989 -0.3836
vn -0.3129 0.0073 0.9497
vn 0.8970 0.4351 -0.0786
vn -0.2092 -0.7763 0.5947
vn 0.0208 0.9948 0.0999
vn 0.2106 -0.1478 0.9663
vn 0.5418 -0.8314 0.1234
vn 0.5045 0.5920 -0.6285
vn 0.7512 0.4630 0.4704
vn -0.9053 -0.4067 0.1226
vn -0.9559 0.2352 -0.1758
vn 0.1559 -0.3476 -0.9246
vn -0.5456 0.8278 0.1305
vn 0.6649 0.0782 0.7429
vn -0.8683 -0.4479 0.2130
vn -0.3572 0.7927 0.4941
vn -0.5590 0.4973 -0.6635
vn 0.2749 0.0515 -0.9601
vn -0.3946 -0.4835 0.7814
vn 0.5763 0.1860 -0.7958
vn 0.6292 0.6665 -0.3999
vn -0.9657 0.1077 0.2361
vn -0.2330 -0.7293 0.6433
vn -0.3571 0.8424 -0.4035
vn 0.5616 0.5715 -0.5983
vn -0.0777 -0.4814 -0.8730
vn 0.1184 0.9501 0.2885
vn -0.1286 0.7843 -0.6069
vn -0.7771 0.5685 0.2700
vn -0.6760 -0.3028 -0.6718
vn 0.8063 -0.5884 -0.0607
vn -0.5802 0.5433 -0.6068
vn -0.6581 0.7078 0.2568
vn 0.5163 0.7254 0.4551
vn 0.9446 0.0769 -0.3190
vn -0.4993 -0.8576 -0.1237
vn -0.1508 0.5713 -0.8067
vn 0.8105 -0.1851 -0.5557
vn -0.4484 0.4727 -0.7586
vn -0.6708 0.7222 0.1688
vn -0.6717 0.7217 0.1671
vn 0.5117 0.8092 0.2886
vn 0.5009 -0.5824 -0.6402
vn 0.6311 0.7422 -0.2255
vn 0.8678 0.4751 -0.1454
vn 0.7502 0.3773 -0.5431
vn -0.8595 0.3018 0.4126
vn -0.2905 0.8688 -0.4011
vn -0.1209 0.8882 -0.4432
vn 0.5069 0.7942 -0.3351
vn -0.7071 -0.7064 -0.0331
vn -0.4651 0.6847 0.5611
vn 0.1186 0.9929 0.0115
vn 0.6059 0.4723 -0.6402
vn 0.0550 0.9673 -0.2477
vn -0.0051 0.6755 0.7374
vn 0.1555 0.0524 -0.9864
vn 0.8904 -0.4448 -0.0962
vn 0.1324 0.7891 -0.5998
vn 0.7422 -0.5690 0.3539
vn -0.7359 0.5929 -0.3270
vn 0.5447 -0.6288 0.5549
vn 0.3015 -0.4504 -0.8404
vn -0.9998 -0.0095 0.0153
vn -0.9306 0.1285 -0.3426
vn -0.3645 0.8763 -0.3152
vn -0.0424 0.9800 0.1944
vn -0.5400 0.5976 0.5927
vn 0.9438 -0.3305 0.0026
vn -0.6996 0.1796 -0.6916
vn -0.8915 0.2820 0.3546
vn -0.0496 0.9986 -0.0187
vn 0.9912 0.0735 0.1102
vn -0.0831 -0.2074 0.9747
vn 0.3586 0.1697 -0.9179
vn 0.4155 0.8075 0.4187
vn 0.3577 -0.7486 0.5583
vn 0.2237 -0.3184 -0.9212
vn -0.7834 0.4880 0.3850
vn -0.4148 -0.6750 0.6102
vn -0.8615 0.5006 -0.0843
vn -0.4257 -0.5218 0.7393
vn -0.9146 0.2658 0.3047
vn 0.8684 0.4530 -0.2016
vn 0.4431 0.8874 0.1270
vn 0.5185 -0.7809 -0.3483
vn 0.3999 -0.8586 -0.3209
vn 0.7053 0.1584 -0.6910
vn -0.5548 -0.8146 -0.1690
vn -0.4818 -0.5605 0.6736
vn -0.5899 0.7698 0.2437
vn 0.0776 -0.8983 0.4324
vn 0.5025 -0.7497 -0.4306
vn 0.1076 0.8235 -0.5570
vn -0.0918 -0.8693 -0.4857
vn 0.7516 -0.2247 -0.6201
vn -0.1474 -0.5226 -0.8397
vn 0.2878 -0.1808 0.9405
vn 0.7768 0.6208 0.1059
vn -0.3230 -0.3278 -0.8878
vn -0.7325 0.0928 0.6744
vn 0.7532 0.4788 -0.4511
vn 0.0506 0.9943 -0.0939
vn -0.8750 0.0367 0.4827
vn -0.0081 0.4848 0.8746
vn -0.5967 -0.1186 0.7936
vn 0.7558 -0.3285 -0.5664
vn 0.3852 0.7992 0.4614
vn 0.1971 -0.6023 0.7735
vn 0.7404 0.6062 -0.2904
vn 0.4316 0.8115 -0.3939
vn 0.1329 0.3405 0.9308
vn 0.7045 0.6951 -0.1429
vn 0.0412 0.9981 0.0448
vn 0.3663 0.6596 0.6563
vn -0.3011 0.9509 -0.0718
vn 0.6935 -0.4670 -0.5486
vn 0.1667 0.9554 0.2437
vn -0.0760 0.5530 0.8297
vn -0.1600 0.9871 0.0029
vn 0.8559 0.4726 -0.2099
vn 0.3063 -0.5792 0.7555
vn 0.9176 0.3723 -0.1389
vn -0.2070 0.3166 -0.9257
vn 0.1298 0.9908 0.0390
vn 0.0341 0.7248 0.6881
vn -0.1646 0.9840 0.0680
vn -0.0197 0.9893 0.1447
vn 0.0184 0.4306 -0.9024
vn -0.7550 0.1803 0.6304
vn 0.3619 0.7766 -0.5156
vn -0.8533 0.3432 0.3926
vn 0.0632 0.2242 0.9725
vn -0.0983 0.9290 0.3568
vn 0.5000 -0.7914 -0.3517
vn -0.8089 -0.2585 0.5280
vn -0.2599 0.7944 -0.5490
vn -0.1180 0.9930 -0.0052
vn 0.7788 0.6225 -0.0766
vn -0.2176 0.5901 -0.7774
vn -0.7352 -0.6675 0.1178
vn 0.1954 0.9739 -0.1151
vn 0.8485 0.4570 -0.2668
vn -0.8374 0.5415 -0.0744
vn -0.4113 0.9037 -0.1195
vn -0.5543 0.7486 -0.3637
vn 0.8671 0.1987 -0.4569
vn 0.9768 0.0078 -0.2141
vn 0.2971 -0.9451 -0.1359
vn 0.9856 -0.1253 0.1132
vn -0.9122 -0.0563 0.4059
vn -0.9638 -0.2072 -0.1678
vn 0.5773 -0.4595 0.6749
vn 0.8303 -0.3065 -0.4655
vn -0.2076 0.9356 0.2855
vn -0.0858 0.9722 0.2178
vn -0.0061 0.6382 0.7699
vn 0.4130 -0.8218 -0.3926
vn -0.7594 -0.1677 -0.6286
vn -0.4445 -0.8792 -0.1716
vn -0.9777 -0.1889 0.0913
vn -0.8075 0.5858 0.0695
vn 0.5195 0.8483 0.1029
vn 0.8805 -0.4638 0.0978
vn 0.4710 0.8796 0.0664
vn 0.1817 -0.9505 0.2521
vn -0.6139 -0.0166 0.7892
vn -0.2251 -0.9438 -0.2418
vn -0.2524 0.9622 -0.1027
vn 0.4058 -0.8629 -0.3013
vn 0.8708 0.4107 0.2703
vn 0.8182 0.2342 0.5251
vn -0.3437 0.3481 -0.8722
vn 0.9672 0.2325 0.1024
vn -0.0606 0.9296 -0.3637
vn -0.1587 0.9728 -0.1687
vn -0.5364 0.8018 0.2635
vn -0.5664 0.4908 -0.6621
vn -0.5910 -0.7629 -0.2623
vn -0.4598 0.8445 0.2746
vn 0.1773 0.8996 0.3992
vn -0.8953 -0.4409 -0.0637
vn -0.8529 -0.4859 -0.1909
vn -0.7914 -0.5504 0.2661
vn 0.9353 0.3535 -0.0147
vn 0.0007 -0.9659 -0.2589
vn 0.7760 0.5988 0.1980
vn 0.4220 0.7095 0.5645
vn -0.1634 -0.3171 -0.9342
vn -0.3206 -0.2117 -0.9233
vn 0.1794 -0.4427 -0.8786
vn -0.0443 0.9930 0.1092
vn -0.1030 0.9858 -0.1327
vn -0.1902 0.5974 0.7790
vn -0.7940 -0.4053 0.4531
vn 0.6230 -0.7808 0.0465
vn 0.6366 0.4059 0.6558
vn 0.3990 -0.9054 -0.1451
vn 0.1885 0.6923 0.6966
vn 0.2945 0.8999 -0.3217
vn 0.9247 -0.3774 0.0497
vn 0.1016 0.9759 -0.1931
vn 0.4430 -0.7093 0.5483
vn 0.5071 0.4437 -0.7389
vn 0.3807 0.8917 -0.2449
vn 0.0254 0.9561 0.2920
vn 0.3993 0.7257 0.5603
vn 0.8875 -0.0351 0.4594
vn -0.7187 -0.2461 -0.6503
vn -0.9848 0.0471 0.1674
vn 0.9592 -0.2316 -0.1623
vn -0.2756 0.9335 0.2293
vn -0.4825 -0.4805 -0.7323
vn 0.1804 0.4632 0.8677
vn 0.1290 0.8758 0.4651
vn 0.1025 0.3134 0.9441
vn 0.3653 0.0165 -0.9308
vn -0.0507 0.9279 0.3692
vn -0.1832 -0.6624 0.7264
vn -0.7517 0.5758 0.3216
vn -0.1626 -0.8940 0.4176
vn -0.3665 0.2282 -0.9020
vn -0.9064 -0.4223 0.0059
vn 0.3067 -0.9326 0.1900
vn 0.7145 0.5824 0.3878
vn -0.4322 0.2621 -0.8628
vn 0.7058 -0.6930 -0.1468
vn 0.2984 0.9541 -0.0233
vn 0.6446 0.7400 0.1923
vn 0.9179 0.2065 -0.3389
vn 0.0513 0.8170 0.5744
vn 0.9816 0.1138 -0.1534
vn 0.5454 0.8336 -0.0874
vn 0.5431 0.8172 0.1929
vn 0.9962 -0.0814 0.0305
vn 0.0678 0.2119 0.9749
vn 0.5290 0.8423 -0.1036
vn 0.0548 0.9234 0.3800
vn -0.1463 0.8920 -0.4277
vn -0.2612 -0.7610 -0.5938
vn 0.6128 -0.6575 -0.4385
vn 0.5116 -0.3451 0.7869
vn -0.7289 -0.4371 0.5270
vn -0.5395 -0.5048 -0.6738
vn 0.2957 0.8724 0.3893
vn -0.0396 0.2444 0.9689
vn -0.0850 -0.3128 -0.9460
vn -0.1582 0.9871 0.0244
vn -0.0909 0.9917 -0.0912
vn 0.6673 -0.3735 0.6443
vn 0.0832 0.9965 -0.0094
vn -0.4424 -0.8383 -0.3185
vn 0.6718 -0.2659 -0.6914
vn 0.6095 0.6980 -0.3759
vn -0.7194 -0.6883 0.0936
vn -0.8117 -0.5839 -0.0141
vn -0.8012 0.4271 0.4191
vn 0.2063 0.4377 -0.8752
vn 0.8181 -0.3515 -0.4551
vn 0.8104 0.5673 -0.1467
vn 0.1284 0.7746 -0.6193
vn -0.7349 0.2845 0.6156
vn -0.0068 -0.9424 -0.3344
vn 0.9388 0.2234 -0.2621
vn -0.5518 -0.8093 -0.2015
vn -0.0266 -0.9722 -0.2325
vn -0.4786 -0.7239 0.4970
vn 0.8715 -0.0366 -0.4891
vn 0.2789 -0.9021 -0.3293
vn 0.9736 -0.0778 -0.2147
vn 0.8181 -0.0203 -0.5747
vn -0.3612 0.9323 0.0159
vn -0.3951 -0.5392 0.7438
vn -0.2067 -0.5993 0.7734
vn -0.7442 -0.2931 0.6002
vn 0.7768 -0.3657 0.5127
vn -0.3177 -0.0434 0.9472
vn -0.0760 0.3809 0.9215
vn -0.4908 -0.4404 -0.7517
vn -0.3139 0.9281 -0.2003
vn -0.2684 -0.5186 0.8118
vn 0.4742 -0.5935 0.6503
vn 0.0534 0.9947 0.0875
vn 0.3322 0.9035 0.2707
vn -0.8401 0.4587 0.2894
vn -0.0276 0.9991 0.0323
vn 0.5399 0.3193 -0.7788
vn -0.3934 0.5489 0.7376
vn 0.8928 0.3987 -0.2096
vn -0.8072 -0.5438 0.2297
vn 0.2638 0.6728 0.6912
vn 0.1263 0.4097 -0.9035
vn 0.0379 -0.5710 -0.8201
vn 0.8257 -0.5235 0.2103
vn 0.9775 0.1176 -0.1749
vn -0.8028 0.5893 -0.0910
vn 0.8012 -0.3846 0.4585
vn -0.1695 0.9803 -0.1019
vn -0.4323 -0.8195 -0.3762
vn 0.7570 0.6326 -0.1640
vn -0.3257 0.4668 -0.8222
vn -0.2578 0.8409 0.4759
vn 0.3939 0.8924 -0.2204
vn 0.2107 0.9151 0.3439
vn 0.1323 0.9730 0.1890
vn 0.6461 -0.4585 0.6102
vn 0.4151 -0.8240 0.3856
vn -0.5948 0.6716 0.4419
vn 0.1705 -0.0707 0.9828
vn 0.6790 0.6671 -0.3065
vn -0.0061 0.9604 0.2784
vn 0.0934 -0.2426 -0.9656
vn 0.2061 -0.9444 -0.2561
vn 0.4650 0.7952 -0.3891
vn 0.2417 0.1845 0.9526
vn 0.2622 0.7973 0.5437
vn -0.9320 0.3129 -0.1829
vn 0.7607 -0.6203 0.1912
vn 0.5044 0.5818 -0.6381
vn -0.1475 0.9756 0.1624
vn 0.3518 -0.6308 -0.6916
vn 0.9831 -0.0009 -0.1829
vn 0.6430 -0.4499 0.6198
vn -0.6030 0.7567 0.2524
vn -0.1435 0.9894 0.0242
vn -0.3663 0.9299 -0.0335
vn -0.7774 0.6285 -0.0253
vn 0.5302 -0.8014 0.2770
vn 0.3653 0.6345 0.6812
vn -0.6375 0.4457 0.6285
vn -0.2613 0.8682 0.4219
vn 0.0231 0.4549 0.8902
vn -0.0370 0.9987 0.0356
vn -0.8541 0.4772 0.2071
vn 0.0929 -0.4860 -0.8690
vn 0.9005 0.4052 0.1579
vn -0.4679 -0.7538 -0.4614
vn -0.3536 0.9320 -0.0799
vn 0.8583 0.0399 -0.5116
vn -0.8424 -0.5062 -0.1848
vn 0.7258 -0.5094 0.4622
vn -0.4935 -0.7517 -0.4374
vn 0.5112 0.3806 0.7706
vn 0.0071 -0.3059 -0.9520
vn 0.1655 0.9604 0.2239
vn -0.2345 -0.8802 -0.4126
vn -0.7034 -0.0606 0.7082
vn 0.7048 -0.0391 0.7084
vn 0.8952 -0.2072 -0.3945
vn -0.9532 -0.0829 -0.2909
vn 0.5270 -0.4424 0.7256
vn -0.0516 0.8514 -0.5220
vn 0.0564 0.9432 -0.3275
vn -0.3300 -0.0971 -0.9390
vn -0.2066 -0.4058 0.8903
vn -0.6791 0.6105 -0.4076
vn 0.3337 0.9011 0.2767
vn -0.6207 0.2786 0.7329
vn 0.2185 0.9258 0.3086
vn -0.4314 -0.3267 0.8409
vn -0.6189 0.7746 0.1303
vn -0.0354 0.9890 -0.1439
vn 0.9956 -0.0802 -0.0487
vn -0.6910 0.6718 0.2669
vn 0.0321 -0.9410 -0.3370
vn 0.9626 -0.2264 -0.1488
vn 0.0218 0.8567 -0.5153
vn -0.8983 0.4269 0.1041
vn -0.7362 -0.2100 0.6433
vn 0.6978 -0.5294 0.4825
vn 0.4786 -0.4601 0.7479
vn 0.3218 0.9268 -0.1936
vn 0.7456 0.5359 -0.3961
vn 0.2123 0.1499 0.9657
vn 0.9076 -0.4192 -0.0249
vn 0.3307 -0.1272 0.9351
vn -0.1041 0.1740 -0.9792
vn 0.3849 -0.7613 0.5218
vn -0.3586 0.8503 -0.3852
vn -0.3059 0.1791 -0.9350
vn 0.9761 -0.0697 -0.2061
vn -0.7704 0.6273 0.1140
vn 0.4247 0.8723 -0.2424
vn -0.9582 0.2230 -0.1793
vn -0.7946 -0.4292 -0.4294
vn 0.5485 0.2649 -0.7930
vn 0.1781 0.7823 0.5969
vn -0.0102 0.3257 -0.9454
vn 0.9438 -0.3306 0.0013
vn 0.1605 0.9415 0.2963
vn 0.2646 0.9105 -0.3176
vn 0.8074 0.3548 -0.4713
vn 0.7811 -0.1446 -0.6074
vn 0.9101 -0.4143 -0.0022
vn 0.0469 0.3599 -0.9318
vn 0.6019 -0.6629 -0.4453
vn -0.0548 0.9922 -0.1117
vn 0.7489 -0.0087 -0.6626
vn 0.2739 0.8957 0.3502
vn -0.1234 0.9772 0.1730
vn -0.3347 0.5633 0.7555
vn -0.9549 -0.1915 -0.2271
vn 0.8342 -0.0008 -0.5515
vn -0.6887 -0.0594 0.7226
vn -0.1210 -0.2308 -0.9654
vn -0.5502 -0.0314 -0.8345
vn 0.4761 -0.4097 -0.7781
vn -0.2002 0.9796 0.0147
vn -0.2153 0.7874 -0.5776
vn 0.0663 0.9952 -0.0725
vn 0.2995 -0.1980 0.9333
vn -0.6202 0.7644 0.1762
vn 0.7557 0.4233 -0.4997
vn -0.6574 0.7170 0.2318
vn 0.0589 0.6807 0.7302
vn 0.9846 -0.1492 0.0916
vn 0.6694 0.3353 -0.6629
vn 0.3035 -0.5844 -0.7526
vn 0.6781 0.6347 0.3705
vn -0.3055 0.4794 0.8227
vn 0.9179 0.0572 -0.3927
vn -0.9890 -0.1469 -0.0191
vn 0.9114 -0.3944 0.1171
vn 0.5201 -0.5033 0.6900
vn -0.0511 0.7662 0.6405
vn -0.1964 0.8194 0.5386
vn -0.2464 0.5227 0.8161
vn -0.9170 -0.2239 0.3301
vn 0.2430 -0.9264 -0.2877
vn 0.6128 0.3143 0.7251
vn -0.8333 -0.5177 -0.1939
vn -0.3567 -0.8995 -0.2523
vn 0.4087 0.2861 -0.8667
vn -0.9280 -0.0555 0.3683
vn -0.3922 -0.2678 0.8801
vn -0.4861 0.8443 -0.2256
vn -0.3055 -0.5705 -0.7624
vn 0.6235 -0.4551 0.6357
vn 0.1548 -0.9302 -0.3327
vn 0.0054 0.1545 -0.9880
vn -0.8531 -0.4910 0.1764
vn 0.9688 -0.1853 -0.1643
vn 0.9979 0.0095 -0.0645
vn 0.9811 0.0310 0.1909
vn 0.6320 0.7058 -0.3201
vn -0.0736 0.9959 -0.0520
vn 0.8963 0.4129 0.1618
vn -0.8348 0.3662 0.4111
vn -0.3613 0.8652 -0.3476
vn -0.1638 0.9694 0.1828
vn -0.2619 -0.6766 0.6882
vn 0.2916 0.9561 -0.0304
vn 0.7317 -0.6785 -0.0656
vn -0.5780 -0.7655 -0.2829
vn 0.4932 0.6869 0.5337
vn 0.8576 -0.5102 -0.0654
vn -0.1369 0.9827 -0.1250
vn 0.2711 0.6379 -0.7208
vn 0.7910 0.4228 -0.4422
vn 0.2939 0.9366 0.1908
vn 0.5684 0.7269 -0.3854
vn -0.8536 0.1212 -0.5067
vn 0.6529 -0.7310 0.1985
vn -0.1680 0.9852 -0.0354
vn -0.7603 0.5554 -0.3368
vn -0.6545 0.5151 0.5534
vn 0.0509 0.9987 0.0004
vn -0.4007 0.7872 -0.4687
vn 0.5983 0.2506 -0.7610
vn 0.2708 -0.5708 -0.7752
vn -0.6019 -0.7180 -0.3496
vn -0.4534 -0.2025 0.8680
vn -0.3251 0.9397 0.1059
vn -0.4456 -0.8920 -0.0757
vn -0.0088 0.9999 0.0117
vn 0.2384 0.7132 0.6592
vn 0.8077 0.5314 -0.2552
vn -0.0632 0.9056 0.4193
vn 0.1445 0.9888 -0.0360
vn 0.9259 -0.3747 -0.0468
vn -0.3748 0.8493 0.3718
vn 0.8882 -0.3798 -0.2586
vn -0.6750 0.7342 0.0731
vn -0.4408 0.8499 0.2887
vn -0.7406 -0.6487 0.1752
vn -0.3401 -0.6305 0.6977
vn 0.9767 -0.0068 0.2146
vn -0.2302 0.3733 0.8987
vn -0.5239 0.8328 0.1786
vn 0.4211 0.1980 0.8851
vn -0.0552 -0.6191 0.7834
vn -0.2295 0.9728 -0.0308
vn -0.8589 0.1406 -0.4925
vn 0.4426 0.8760 -0.1915
vn 0.0302 -0.3134 -0.9492
vn -0.0726 0.8656 0.4954
vn 0.5486 -0.8227 -0.1487
vn -0.8119 0.5832 0.0261
vn -0.3764 -0.0069 -0.9264
vn 0.2759 0.8638 -0.4216
vn -0.0695 0.9974 -0.0210
vn 0.6891 0.1952 -0.6979
vn 0.0341 0.8961 -0.4426
vn -0.2901 -0.9567 0.0223
vn -0.1292 0.9714 0.1992
vn -0.7436 -0.3326 -0.5800
vn -0.3938 0.5451 -0.7401
vn 0.0688 0.9872 0.1441
vn -0.9273 0.2550 0.2740
vn -0.4443 0.6156 -0.6509
vn -0.7586 -0.3299 -0.5618
vn -0.4327 0.8816 0.1887
vn -0.4330 -0.5366 0.7243
vn -0.1822 -0.0067 -0.9832
vn 0.4527 0.8854 -0.1056
vn -0.8244 -0.4408 0.3549
vn -0.5295 0.6357 0.5617
vn 0.6187 -0.7793 0.0995
vn 0.4314 0.6314 0.6444
vn 0.4250 0.8497 -0.3121
vn -0.9391 0.3058 0.1567
vn -0.8638 0.5019 0.0439
vn -0.3685 0.3850 -0.8462
vn -0.8000 -0.2460 0.5473
vn -0.0836 0.9719 -0.2199
vn 0.0530 -0.4543 0.8892
vn 0.0008 0.9654 -0.2609
vn 0.8910 -0.3947 0.2242
vn 0.2231 0.6951 0.6835
vn -0.0952 -0.2280 -0.9690
vn 0.6714 -0.5562 0.4897
vn 0.4509 -0.5308 0.7176
vn 0.2048 0.8819 0.4247
vn -0.9768 0.1365 -0.1652
vn 0.2557 -0.1025 0.9613
vn 0.5715 0.8196 -0.0399
vn -0.1662 0.0101 -0.9860
vn 0.8077 -0.5535 -0.2032
vn 0.7285 -0.1510 -0.6682
vn 0.0119 -0.2346 0.9720
vn -0.2471 0.9654 -0.0832
vn -0.0251 -0.6939 -0.7196
vn 0.7186 0.6285 -0.2976
vn 0.1228 -0.2834 0.9511
vn 0.1573 -0.4186 0.8945
vn -0.5698 0.8021 0.1788
vn 0.0546 0.9980 0.0333
vn 0.4208 0.5805 -0.6971
vn -0.0037 0.9402 0.3405
vn 0.6207 0.5221 -0.5850
vn 0.1493 -0.3483 -0.9254
vn -0.4706 -0.8817 -0.0329
vn -0.9032 -0.4233 0.0710
vn 0.7359 0.6771 0.0048
vn -0.4099 0.8527 -0.3239
vn -0.2828 0.1027 -0.9537
vn 0.5843 -0.7088 0.3951
vn -0.2945 0.5754 0.7630
vn 0.0643 0.9520 -0.2993
vn -0.8103 -0.5633 -0.1616
vn 0.4009 -0.3919 -0.8280
vn 0.5656 0.3694 0.7373
vn 0.8692 -0.1838 -0.4590
vn -0.5921 0.7902 -0.1584
vn -0.2300 -0.8500 0.4739
vn 0.9651 0.2299 0.1250
vn 0.1494 -0.1403 0.9788
vn 0.0708 0.9916 0.1082
vn 0.3066 -0.7787 -0.5474
vn -0.7919 0.3810 -0.4772
vn 0.3169 0.6767 0.6645
vn 0.1549 0.9805 0.1206
vn -0.6521 0.2470 0.7168
vn 0.0941 0.9703 -0.2230
vn 0.1425 0.9360 -0.3220
vn 0.2841 0.9361 -0.2074
vn 0.6027 0.3902 -0.6961
vn -0.8402 0.2401 0.4862
vn -0.8854 0.4068 -0.2250
vn 0.8258 0.4884 0.2818
vn -0.2869 -0.0238 0.9577
vn -0.1114 0.7796 0.6163
vn -0.5794 0.5061 0.6388
vn -0.9086 -0.2637 0.3238
vn 0.2395 -0.1162 -0.9639
vn -0.6245 0.4192 0.6590
vn 0.0106 0.9388 -0.3444
vn -0.4351 -0.8010 0.4112
vn -0.7798 0.6194 0.0913
vn 0.0690 0.9094 -0.4102
vn 0.5128 0.5342 0.6721
vn 0.8471 0.5247 -0.0842
vn -0.9033 -0.2560 0.3444
vn 0.5417 -0.4330 0.7205
vn 0.6087 0.4295 0.6671
vn -0.0160 0.9897 -0.1421
vn -0.5968 -0.1156 0.7940
vn -0.1672 0.9466 0.2755
vn -0.3784 -0.9121 0.1578
vn 0.3582 0.4377 0.8247
vn -0.8983 0.3366 0.2824
vn 0.6891 0.2477 0.6810
vn 0.6370 0.7632 -0.1083
vn 0.1879 -0.0967 -0.9774
vn 0.0036 0.9974 -0.0726
vn -0.9952 -0.0551 -0.0810
vn 0.1263 0.8823 -0.4534
vn -0.1668 0.9778 0.1266
vn 0.4669 0.8785 -0.1009
vn -0.6784 -0.3971 0.6182
vn -0.9552 0.0754 0.2861
vn 0.7836 0.2829 0.5531
vn 0.5664 0.7363 0.3703
vn -0.0611 -0.6084 0.7912
vn 0.2679 -0.1564 0.9507
vn 0.2461 0.6207 0.7444
vn -0.0707 0.9962 0.0510
vn 0.6961 0.6520 -0.3005
vn 0.3568 -0.7049 -0.6130
vn 0.0481 0.2543 -0.9659
vn -0.0151 0.9803 0.1967
vn 0.0371 -0.1182 0.9923
vn -0.1108 -0.5537 -0.8253
vn 0.9017 -0.3068 -0.3046
vn 0.3993 0.7179 0.5702
vn 0.9018 0.4303 0.0397
vn -0.8756 0.4741 -0.0925
vn 0.7555 0.6485 0.0928
vn -0.0760 -0.7506 0.6564
vn 0.1578 -0.0922 0.9832
vn 0.6610 -0.1779 -0.7290
vn 0.9005 -0.2432 -0.3604
vn -0.9615 -0.2650 0.0725
vn 0.7074 0.6933 -0.1374
vn 0.5560 0.6921 -0.4603
vn -0.8773 -0.2189 -0.4271
vn -0.5196 0.5619 -0.6436
vn -0.5616 -0.7646 0.3163
vn -0.8218 -0.4839 0.3007
vn -0.3848 0.9229 -0.0142
vn -0.5765 0.7723 -0.2667
vn 0.9034 0.4257 0.0514
vn -0.9463 -0.2664 -0.1831
vn -0.1486 0.9840 -0.0980
vn -0.9489 -0.0598 -0.3097
vn 0.3000 0.7604 0.5760
vn 0.8542 0.5032 0.1310
vn 0.4678 -0.4944 -0.7326
vn 0.1266 -0.9793 0.1577
vn 0.8620 0.4988 -0.0905
vn 0.9007 0.1803 0.3953
vn 0.1447 0.9485 0.2819
vn 0.1013 0.1238 0.9871
vn 0.6140 -0.3200 0.7215
vn -0.6863 0.6953 -0.2137
vn -0.8402 -0.5168 0.1640
vn -0.9616 0.1791 0.2078
vn -0.8358 -0.0718 0.5444
vn -0.1467 0.7653 -0.6268
vn 0.4372 0.2580 0.8616
vn 0.9744 0.0077 -0.2247
vn -0.7489 -0.0385 0.6616
vn 0.9777 0.2091 0.0188
vn -0.1710 0.8475 -0.5025
vn -0.6276 0.7315 -0.2665
vn -0.9706 -0.1318 0.2014
vn -0.9186 -0.1641 -0.3596
vn 0.9968 0.0464 -0.0655
vn -0.3687 -0.5924 0.7163
vn 0.0812 0.9613 0.2631
vn -0.1866 0.9173 0.3517
vn -0.8709 -0.4831 -0.0902
vn 0.7985 -0.5718 0.1884
vn -0.4090 0.8983 0.1604
vn -0.5655 0.7901 0.2365
vn -0.5200 0.8540 -0.0187
vn 0.6034 0.5417 0.5852
vn 0.2332 -0.8755 -0.4231
vn 0.2481 -0.5163 0.8197
vn 0.6902 -0.2257 0.6875
vn 0.8256 0.4331 -0.3617
vn -0.4067 -0.4118 0.8155
vn -0.3209 0.9147 -0.2457
vn -0.6315 -0.6538 -0.4169
vn -0.5097 0.8427 -0.1732
vn -0.4696 0.8720 0.1382
vn -0.6855 0.6389 -0.3492
vn -0.7869 0.5965 0.1579
vn -0.8804 0.4394 0.1782
vn -0.1331 -0.9654 0.2241
vn -0.6540 0.7447 0.1329
vn 0.2456 0.0605 -0.9675
vn 0.6296 -0.6524 0.4217
vn 0.6313 -0.3888 0.6710
vn 0.7137 -0.6964 -0.0751
vn -0.2715 0.5831 0.7656
vn -0.1158 0.9670 0.2268
vn 0.7426 -0.4958 -0.4502
vn -0.4666 -0.6125 -0.6381
vn -0.7280 -0.6761 0.1133
vn 0.6999 0.7115 -0.0621
vn 0.1102 0.9912 0.0728
vn -0.7962 -0.1959 0.5725
vn -0.2745 -0.4594 0.8447
vn -0.0712 -0.1366 -0.9881
vn 0.1010 -0.2965 -0.9497
vn 0.6959 0.6131 -0.3739
vn -0.9951 0.0689 -0.0707
vn 0.3962 0.8659 0.3054
vn -0.2397 0.7695 0.5919
vn -0.8538 0.5200 -0.0264
vn 0.0971 0.9945 -0.0387
vn 0.9211 -0.3657 -0.1334
vn -0.1927 0.9138 0.3575
vn -0.0272 0.9985 0.0485
vn 0.8884 0.3981 -0.2286
vn -0.4942 -0.6959 0.5210
vn -0.7568 0.1347 0.6396
vn 0.8893 0.1774 0.4215
vn -0.6973 0.1480 0.7013
vn 0.3335 0.3916 -0.8576
vn -0.2253 -0.4192 -0.8795
vn -0.8765 0.4580 0.1485
vn -0.0725 0.9961 -0.0492
vn 0.7340 -0.5240 0.4321
vn -0.4700 0.8403 0.2704
vn -0.5395 -0.8041 -0.2497
vn 0.5312 -0.2172 0.8190
vn 0.7510 -0.4984 -0.4331
vn -0.0223 0.9566 -0.2905
vn -0.3527 0.8359 0.4206
vn -0.5567 0.4748 -0.6817
vn -0.4033 -0.8421 0.3580
vn -0.8596 -0.2722 -0.4325
vn 0.7521 -0.0272 -0.6585
vn 0.3104 -0.6906 -0.6533
vn 0.9955 0.0521 0.0788
vn 0.1273 0.9852 0.1151
vn -0.9030 0.3556 0.2413
vn -0.5490 0.8344 0.0487
vn -0.9599 0.2060 0.1900
vn -0.3119 -0.3049 0.8999
vn 0.7781 0.0178 -0.6279
vn 0.7547 -0.2564 0.6039
vn -0.0184 0.9365 0.3501
vn 0.4044 0.5466 0.7333
vn 0.1175 0.0456 -0.9920
vn -0.2055 0.8865 0.4146
vn -0.7033 0.5874 0.4004
vn 0.7623 0.5921 -0.2616
vn -0.1631 0.9751 0.1504
vn 0.6587 -0.7361 -0.1558
vn -0.5932 0.5078 0.6247
vn 0.1437 0.9676 0.2076
vn 0.4371 0.6107 0.6603
vn 0.6181 0.7283 -0.2959
vn -0.2756 -0.7984 -0.5354
vn -0.0197 0.9966 -0.0801
vn 0.2269 0.9690 -0.0979
vn -0.5319 0.8113 0.2425
vn -0.9209 0.2742 0.2771
vn -0.4410 0.8758 0.1962
vn -0.6983 -0.7080 0.1052
vn -0.1133 0.9932 -0.0257
vn -0.1047 0.7176 -0.6885
vn 0.6435 0.7192 0.2622
vn 0.8688 -0.2550 -0.4244
vn -0.3250 0.1829 0.9279
vn 0.8349 0.2033 -0.5115
vn 0.3096 -0.7821 0.5408
vn 0.2930 0.2860 0.9123
vn -0.7237 -0.4512 -0.5222
vn 0.1144 0.8878 0.4458
vn -0.1968 -0.7876 -0.5839
vn 0.3305 -0.9282 -0.1710
vn -0.0326 -0.2880 -0.9571
vn -0.4883 0.6129 0.6213
vn -0.3201 0.9201 0.2256
vn 0.1712 -0.9815 -0.0857
vn -0.3449 0.9283 0.1389
vn -0.2547 0.5299 0.8089
vn -0.2772 0.5577 0.7824
vn -0.4888 -0.8213 0.2942
vn 0.7198 -0.5911 0.3639
vn 0.8683 0.3938 -0.3016
vn 0.0503 -0.9030 0.4266
vn 0.6276 -0.6234 -0.4663
vn 0.3656 0.7812 -0.5060
vn -0.5515 0.4782 -0.6836
vn -0.1573 0.8217 0.5478
vn 0.3296 -0.5317 -0.7802
vn -0.4476 0.8532 -0.2679
vn 0.5930 0.7823 0.1908
vn 0.2724 -0.3078 0.9116
vn -0.8798 -0.4635 0.1055
vn 0.9712 -0.1625 -0.1742
vn 0.4116 -0.6110 -0.6762
vn -0.1418 0.5718 -0.8081
vn -0.1884 0.8948 0.4047
vn -0.1688 -0.9580 -0.2316
vn -0.2113 -0.6945 0.6877
vn -0.3364 -0.5831 0.7395
vn 0.6362 0.7679 -0.0752
vn -0.8486 -0.5226 -0.0819
vn 0.8493 -0.5124 -0.1271
vn -0.0721 0.0241 -0.9971
vn -0.4352 -0.4641 0.7715
vn -0.3331 -0.3790 -0.8634
vn 0.8035 -0.1362 0.5795
vn 0.5046 0.6498 0.5685
vn 0.3257 0.9001 -0.2894
vn -0.4269 0.5343 0.7296
vn -0.4057 0.4231 -0.8102
vn -0.0216 -0.7164 -0.6974
vn 0.1001 -0.7280 0.6782
vn -0.4058 0.5161 0.7543
vn 0.3045 0.9512 0.0496
vn 0.2200 -0.8039 -0.5526
vn 0.7623 0.6394 0.1005
vn 0.2749 0.9341 0.2277
vn 0.9362 0.2924 -0.1950
vn 0.6798 0.5907 0.4348
vn 0.6819 0.6345 -0.3639
vn -0.0488 0.6962 -0.7162
vn -0.6827 -0.6732 -0.2842
vn 0.0144 0.9852 0.1706
vn 0.5152 -0.3836 0.7665
vn -0.2283 0.0116 -0.9735
vn 0.5195 -0.4093 0.7501
vn -0.0779 0.9855 -0.1510
vn 0.2297 0.9484 0.2188
vn -0.8393 0.4193 0.3461
vn 0.9698 0.2341 0.0679
vn 0.0862 0.0079 0.9962
vn 0.9455 -0.2480 -0.2111
vn 0.8426 -0.2443 -0.4799
vn -0.5371 0.4728 -0.6986
vn -0.6948 -0.6473 -0.3134
vn -0.4053 0.3473 0.8456
vn -0.8795 0.4597 0.1231
vn 0.7545 0.4124 -0.5106
vn -0.9349 -0.3117 0.1698
vn -0.3465 0.8116 0.4703
vn 0.0738 0.6202 -0.7810
vn -0.2935 0.2406 0.9252
vn -0.8964 -0.4365 -0.0771
vn 0.6442 -0.1390 -0.7521
vn -0.0085 0.9867 -0.1623
vn 0.2933 0.8943 0.3380
vn 0.8476 0.1811 -0.4989
vn -0.8055 -0.4003 0.4370
vn -0.2957 0.8719 0.3902
vn 0.3833 -0.1838 0.9052
vn 0.4289 -0.7696 0.4731
vn -0.3759 0.5671 0.7329
vn 0.0628 0.9836 0.1689
vn -0.6414 0.0463 -0.7658
vn -0.1274 0.9868 -0.0998
vn 0.2503 -0.9581 -0.1391
vn -0.6642 -0.7329 -0.1470
vn -0.1757 0.0799 0.9812
vn -0.7570 -0.6134 0.2251
vn 0.2404 0.9403 -0.2407
vn 0.4590 -0.8101 0.3649
vn -0.8811 0.2493 0.4018
vn -0.6195 0.7730 0.1363
vn -0.5226 -0.7551 -0.3959
vn 0.8314 -0.1508 -0.5349
vn 0.6571 0.7473 0.0991
vn 0.0735 0.9959 -0.0521
vn -0.9105 -0.2770 0.3069
vn -0.0002 0.9925 -0.1222
vn 0.1030 0.9208 -0.3761
vn -0.6420 -0.6524 0.4027
vn -0.5970 0.2970 0.7452
vn -0.1504 0.9885 0.0145
vn -0.5877 -0.7343 0.3397
vn -0.6825 0.5404 -0.4922
vn -0.1711 0.7366 0.6544
vn -0.5755 0.8172 0.0321
vn 0.7525 -0.6251 -0.2072
vn 0.3641 0.0731 -0.9285
vn 0.5050 0.6877 0.5216
vn 0.3782 0.7321 -0.5666
vn 0.9014 -0.3075 0.3048
vn -0.7308 0.6549 0.1925
vn -0.4444 0.6170 -0.6495
vn 0.8948 -0.2531 0.3679
vn -0.8157 -0.5674 0.1128
vn 0.4151 0.5017 -0.7589
vn 0.0782 -0.1427 -0.9867
vn -0.7060 0.7070 0.0411
vn 0.4774 -0.7122 0.5147
vn 0.2384 -0.7585 -0.6066
vn 0.4501 0.2120 0.8675
vn -0.3061 -0.9165 0.2577
vn 0.7226 -0.1585 -0.6728
vn -0.5563 -0.8300 -0.0406
vn -0.7083 -0.6540 0.2658
vn -0.0638 -0.7258 -0.6849
vn 0.8955 -0.2926 -0.3354
vn -0.4498 0.7289 -0.5162
vn 0.7823 0.3766 -0.4961
vn 0.0476 0.9543 0.2950
vn 0.0826 -0.9935 0.0781
vn -0.6075 -0.7116 0.3528
vn 0.0450 0.9979 0.0462
vn -0.8732 0.0346 -0.4861
vn -0.6231 0.7408 0.2511
vn -0.1150 0.5796 -0.8067
vn 0.8388 0.2358 -0.4908
vn 0.6671 -0.5699 0.4798
vn -0.8956 -0.4136 -0.1637
vn 0.7675 0.6362 0.0783
vn 0.5306 0.4777 0.7002
vn 0.7155 -0.3647 -0.5959
vn 0.6036 -0.7830 -0.1505
vn -0.7297 0.2484 0.6370
vn -0.6526 -0.1562 -0.7415
vn 0.7032 -0.4386 0.5595
vn 0.6190 -0.4511 0.6429
vn -0.6994 -0.2070 -0.6841
vn 0.1999 -0.3465 0.9165
vn 0.5320 -0.4715 0.7033
vn 0.0751 -0.9593 0.2721
vn 0.4949 -0.8623 0.1072
vn 0.9342 0.2259 -0.2762
vn -0.5770 -0.7565 0.3080
vn -0.2519 -0.2349 -0.9388
vn -0.7225 -0.5126 0.4639
vn 0.5418 -0.5821 -0.6063
vn 0.5897 -0.0644 0.8051
vn 0.2742 -0.2616 0.9254
vn -0.4221 0.7576 0.4979
vn -0.0081 0.9976 0.0694
vn 0.6461 0.7224 0.2464
vn -0.9227 0.0681 0.3794
vn -0.6139 -0.7228 0.3172
vn 0.3295 0.9183 0.2196
vn -0.3424 0.9395 0.0063
vn 0.0039 -0.8578 -0.5140
vn -0.2211 -0.4827 -0.8474
vn -0.8605 0.3427 0.3769
vn -0.5700 0.7127 -0.4089
vn -0.9883 0.0935 0.1208
vn 0.0202 0.9861 0.1646
vn 0.6083 0.7662 0.2073
vn 0.4293 -0.0820 -0.8994
vn -0.6922 -0.7093 -0.1334
vn -0.1446 0.4140 -0.8987
vn 0.4365 0.8334 0.3389
vn -0.1019 0.8593 0.5012
vn -0.6148 -0.6979 -0.3673
vn -0.6362 0.4025 -0.6582
vn 0.5948 0.7077 -0.3813
vn -0.5394 0.6180 0.5720
vn 0.6424 0.1742 -0.7463
vn -0.3930 -0.9132 -0.1073
vn -0.1300 0.8262 -0.5482
vn -0.3484 -0.8905 0.2925
vn -0.0962 0.9937 -0.0579
vn -0.8711 -0.4313 0.2349
vn 0.4991 -0.7197 -0.4826
vn -0.2559 0.0220 -0.9665
vn 0.0403 0.9873 0.1539
vn 0.4906 0.8375 -0.2405
vn 0.3986 0.9081 0.1284
vn 0.4289 0.8514 0.3020
vn -0.1067 0.9936 0.0374
vn 0.7967 0.1958 -0.5718
vn 0.5640 0.7577 -0.3282
vn 0.3182 0.9450 -0.0752
vn 0.6034 -0.4787 0.6378
vn 0.5279 0.8481 0.0450
vn 0.5873 -0.5789 0.5657
vn 0.1230 0.9886 0.0868
vn -0.3441 0.8215 -0.4547
vn 0.3719 0.8272 -0.4212
vn 0.3352 0.8494 -0.4076
vn -0.4471 0.8227 -0.3511
vn -0.1713 0.9852 -0.0097
vn -0.0798 0.8395 0.5375
vn -0.4780 -0.1321 0.8684
vn 0.6812 0.2754 0.6783
vn -0.4083 -0.1288 0.9037
vn -0.6508 -0.1381 -0.7465
vn -0.0993 0.9713 0.2163
vn -0.6437 -0.6956 -0.3190
vn -0.0186 0.9988 -0.0452
vn -0.1305 -0.6949 0.7072
vn -0.2623 0.9649 -0.0137
vn 0.1766 -0.9698 -0.1681
vn 0.9137 0.3932 -0.1031
vn 0.8170 0.1959 0.5424
vn -0.9213 0.0354 -0.3873
vn 0.9475 0.0135 -0.3195
vn 0.3550 -0.6942 0.6262
vn 0.6780 -0.6893 0.2552
vn 0.5055 0.5155 -0.6919
vn 0.1863 0.5061 0.8421
vn -0.2049 0.9765 -0.0676
vn -0.2825 -0.2347 -0.9301
vn 0.6876 -0.2319 -0.6881
vn -0.6951 -0.1266 0.7077
vn 0.7470 0.0224 -0.6644
vn -0.3895 0.8764 0.2832
vn -0.0127 0.7694 0.6386
vn -0.5603 0.6811 0.4714
vn -0.7391 -0.6699 0.0706
vn 0.0733 0.8172 0.5716
vn -0.7303 0.6817 -0.0449
vn -0.4179 -0.6067 -0.6762
vn -0.3616 0.9323 -0.0111
vn 0.5102 0.8535 -0.1059
vn 0.2884 -0.8375 0.4642
vn -0.3972 0.9153 0.0675
vn -0.3880 0.9078 0.1595
vn 0.6398 -0.5140 -0.5714
vn 0.6665 0.3582 -0.6538
vn -0.1340 0.5651 -0.8140
vn -0.1430 0.9897 -0.0079
vn -0.3915 0.6788 0.6212
vn 0.6717 -0.6756 -0.3038
vn -0.5941 0.7595 -0.2650
vn -0.4513 0.8924 0.0068
vn 0.2607 -0.2828 0.9231
vn -0.7634 0.5107 -0.3955
vn -0.9351 -0.3010 0.1871
vn -0.0217 -0.5687 0.8222
vn 0.8798 -0.4128 -0.2356
vn 0.2018 0.9663 0.1595
vn 0.7161 -0.1709 0.6767
vn 0.2112 0.9766 -0.0413
vn 0.8684 -0.3158 0.3822
vn -0.0827 0.9962 -0.0269
vn 0.6492 -0.3775 -0.6603
vn 0.0495 -0.9271 0.3716
vn -0.9713 0.1981 -0.1320
vn 0.8108 0.4149 -0.4128
vn -0.1800 0.9817 -0.0615
vn 0.6899 0.7036 -0.1704
vn -0.5136 0.8049 0.2974
vn 0.8527 0.2273 -0.4703
vn -0.0832 0.9905 0.1097
vn -0.8387 -0.5377 -0.0862
vn -0.1471 0.3463 -0.9265
vn -0.1809 0.9830 0.0307
vn 0.9332 -0.3498 -0.0826
vn 0.3575 0.9292 -0.0933
vn -0.6146 -0.7520 -0.2382
vn 0.7865 0.6073 0.1127
vn -0.4337 -0.8027 -0.4094
vn 0.5079 -0.0639 0.8591
vn -0.5276 -0.8297 -0.1820
vn 0.6070 0.3879 0.6936
vn 0.3194 -0.8105 -0.4909
vn 0.5744 0.0175 -0.8184
vn -0.0738 0.9037 -0.4217
vn -0.1717 0.5040 0.8465
vn 0.9196 0.2795 0.2759
vn -0.4831 0.7332 -0.4785
vn 0.0171 0.9995 0.0281
vn 0.3027 -0.9274 -0.2196
vn -0.2872 0.7277 0.6229
vn -0.5527 -0.2822 -0.7841
vn -0.9774 0.0810 0.1951
vn 0.2653 -0.6765 -0.6870
vn 0.7540 0.3290 0.5685
vn 0.8836 -0.2418 -0.4010
vn -0.1555 0.8106 0.5646
vn 0.6488 0.2213 0.7280
vn -0.0006 0.9101 -0.4145
vn 0.6608 -0.5046 0.5556
vn 0.5530 0.5563 -0.6203
vn -0.1135 -0.9296 -0.3507
vn 0.1242 0.9095 -0.3966
vn 0.4943 -0.7701 0.4031
vn -0.5490 -0.2525 -0.7968
vn 0.4589 -0.8880 -0.0298
vn 0.4915 0.7766 -0.3942
vn 0.3326 -0.1499 -0.9311
vn 0.2427 0.8497 0.4682
vn -0.9490 -0.2188 0.2271
vn 0.2867 0.2151 0.9336
vn 0.2432 0.5826 0.7755
vn 0.1180 0.9926 -0.0274
vn -0.5451 0.4803 -0.6871
vn 0.6114 0.6030 0.5124
vn 0.8785 -0.4308 -0.2066
vn -0.2244 0.0588 -0.9727
vn -0.8977 -0.1528 -0.4134
vn 0.5248 -0.5212 0.6730
vn -0.1044 0.5089 -0.8545
vn 0.6340 0.3900 -0.6678
vn 0.5869 -0.4372 0.6814
vn 0.6024 0.5981 0.5285
vn -0.4445 -0.6476 0.6189
vn -0.3045 -0.2442 -0.9207
vn -0.9408 0.1015 0.3235
vn 0.5843 -0.4205 0.6941
vn 0.5164 -0.7642 0.3864
vn 0.5418 -0.1242 -0.8313
vn 0.5406 -0.5417 -0.6437
vn 0.2883 0.9328 0.2165
vn 0.8273 0.3825 -0.4115
vn 0.2843 -0.3818 0.8794
vn 0.6798 -0.6621 0.3155
vn -0.2167 0.2570 0.9418
vn 0.3872 0.3445 -0.8552
vn -0.2054 -0.7034 0.6805
vn 0.5146 -0.3622 0.7771
vn 0.5045 -0.8566 0.1084
vn -0.1607 0.6993 0.6965
vn -0.2359 0.8298 0.5058
vn 0.0224 0.6572 -0.7534
vn 0.2615 0.9226 0.2837
vn -0.7159 0.5653 -0.4098
vn -0.2306 0.9273 -0.2950
vn -0.6338 0.3859 -0.6703
vn -0.7903 0.6122 0.0259
vn -0.4593 -0.8689 -0.1843
vn 0.1746 0.8180 -0.5481
vn 0.1568 0.3843 -0.9098
vn 0.0900 -0.3508 0.9321
vn -0.2213 0.9656 -0.1365
vn -0.0339 -0.7969 0.6032
vn -0.9683 -0.1482 -0.2010
vn 0.8381 0.4873 -0.2452
vn -0.6949 0.6757 -0.2459
vn -0.2271 -0.0304 0.9734
vn -0.0274 0.9775 -0.2092
vn 0.8982 0.2060 -0.3883
vn -0.1658 0.9620 0.2170
vn -0.0130 0.9556 0.2945
vn -0.1806 0.9835 -0.0098
vn -0.1151 0.0093 -0.9933
vn -0.5967 0.7374 0.3166
vn 0.2403 0.9573 0.1607
vn -0.2990 -0.1175 -0.9470
vn -0.9303 0.0426 0.3643
vn -0.2753 -0.4889 -0.8277
vn -0.2774 0.8104 0.5160
vn -0.2797 0.8539 -0.4388
vn 0.3456 -0.0998 -0.9331
vn -0.1131 0.9696 0.2170
vn -0.9735 -0.1671 0.1561
vn -0.6936 0.4539 -0.5593
vn 0.0979 0.3439 0.9339
vn -0.5235 0.8339 -0.1747
vn -0.1255 -0.8043 -0.5809
vn 0.8808 -0.4644 0.0917
vn -0.2993 -0.5055 0.8093
vn -0.8421 0.3274 0.4286
vn -0.1322 0.8348 0.5344
vn -0.0984 0.9931 0.0641
vn 0.5662 0.7348 -0.3735
vn 0.7888 -0.2006 -0.5811
vn 0.7150 0.6795 0.1648
vn -0.6776 0.5968 -0.4297
vn -0.2494 -0.3400 0.9067
vn 0.9381 -0.3425 0.0508
vn -0.7654 0.6405 -0.0630
vn 0.0854 0.8212 -0.5642
vn -0.8472 -0.5242 -0.0866
vn 0.8586 -0.4085 -0.3098
vn 0.5723 0.7900 0.2197
vn 0.6750 0.5696 0.4690
vn 0.0778 0.9968 0.0163
vn 0.2783 -0.3570 -0.8917
vn 0.0638 0.9001 0.4309
vn -0.0068 0.9991 0.0412
vn -0.4653 0.5196 0.7166
vn -0.5797 0.8106 -0.0826
vn 0.1337 0.9907 0.0252
vn 0.8057 0.5049 -0.3097
vn 0.0321 0.9635 -0.2659
vn 0.1192 0.9794 -0.1632
vn 0.9272 0.0022 -0.3746
vn 0.2490 0.9278 -0.2779
vn -0.5208 0.7978 0.3039
vn -0.6011 0.4108 0.6856
vn -0.8480 -0.5241 0.0786
vn 0.0287 0.9845 0.1733
vn -0.4102 0.4823 -0.7740
vn 0.0606 0.6492 -0.7582
vn -0.2390 0.3723 -0.8968
vn 0.6395 0.6956 -0.3274
vn 0.9652 0.2196 -0.1416
vn 0.0177 0.9993 -0.0337
vn 0.6355 0.6211 -0.4587
vn 0.1588 0.9762 0.1476
vn 0.9426 -0.3185 -0.1008
vn -0.3871 -0.7721 0.5040
vn 0.6932 -0.3008 0.6550
vn 0.0470 -0.9670 0.2506
vn 0.3001 0.7921 -0.5315
vn 0.6678 0.6781 0.3069
vn -0.1325 -0.1111 0.9849
vn -0.5264 -0.6327 -0.5680
vn -0.1362 -0.3368 0.9317
vn 0.3838 -0.2714 -0.8826
vn -0.5748 0.1883 -0.7963
vn 0.3996 0.5936 0.6985
vn 0.0524 0.9966 -0.0633
vn -0.6952 0.4118 0.5892
vn -0.0921 -0.5171 -0.8510
vn -0.8604 0.4300 0.2735
vn 0.7488 0.6615 0.0401
vn -0.2120 0.9304 -0.2990
vn -0.7896 0.1653 0.5909
vn 0.1952 0.9767 0.0889
vn -0.4524 -0.7896 0.4145
vn -0.2647 -0.2686 -0.9262
vn 0.6728 0.4947 0.5501
vn 0.8351 0.5380 0.1149
vn 0.9636 -0.1698 -0.2067
vn 0.3212 0.4101 -0.8536
vn -0.7230 0.6292 -0.2851
vn -0.7782 -0.6147 -0.1286
vn -0.1124 -0.9364 -0.3324
vn -0.4508 0.8404 -0.3010
vn -0.0088 0.9855 -0.1695
vn -0.0132 -0.9443 0.3288
vn 0.1397 0.9433 0.3011
vn -0.9675 0.1907 0.1658
vn 0.1191 0.9315 0.3436
vn -0.0138 -0.9830 0.1831
vn 0.6553 0.7491 -0.0969
vn 0.8620 -0.3126 -0.3990
vn 0.8000 0.4689 0.3744
vn -0.3196 -0.9101 0.2639
vn 0.0834 -0.0047 -0.9965
vn -0.5533 0.7179 0.4225
vn -0.5354 0.6887 -0.4889
vn 0.4946 -0.8127 0.3081
vn -0.0789 0.7602 -0.6448
vn 0.4353 0.4815 -0.7607
vn -0.8050 -0.0246 0.5927
vn 0.6241 0.1810 -0.7601
vn 0.5583 -0.6978 0.4486
vn 0.0179 -0.2020 0.9792
vn -0.0432 -0.0701 -0.9966
vn -0.5178 -0.2538 0.8170
vn -0.5414 0.5781 -0.6104
vn 0.9416 0.0497 -0.3331
vn -0.4503 0.5172 0.7278
vn 0.4967 0.0232 0.8676
vn 0.4895 -0.4467 0.7488
vn 0.0786 0.9716 -0.2232
vn 0.0591 0.8745 -0.4814
vn 0.5204 0.1955 0.8312
vn -0.3357 0.9341 0.1218
vn 0.9032 -0.1401 -0.4057
vn 0.5960 -0.6685 -0.4448
vn -0.5491 0.8256 0.1298
vn -0.3627 -0.8625 -0.3529
vn -0.4158 0.6418 -0.6444
vn 0.9031 0.1733 0.3928
vn 0.8398 -0.3710 -0.3964
vn -0.9890 -0.0495 0.1390
vn 0.9341 0.0279 -0.3559
vn -0.9916 -0.1205 0.0465
vn -0.1073 0.4108 0.9054
vn -0.5838 0.8110 0.0379
vn 0.8274 -0.5300 -0.1861
vn 0.2614 -0.9602 0.0978
vn 0.4882 0.2893 0.8234
vn -0.8183 0.1334 0.5592
vn 0.1629 0.9507 -0.2640
vn -0.9054 0.0047 -0.4244
vn -0.5801 -0.8014 -0.1461
vn 0.0951 0.0172 -0.9953
vn 0.7993 0.5338 -0.2760
vn -0.1652 0.8806 0.4441
vn 0.0941 -0.2316 -0.9682
vn 0.9631 -0.1464 0.2259
vn -0.6217 -0.6509 -0.4357
vn -0.5400 -0.2157 0.8135
vn -0.8787 -0.2966 0.3740
vn -0.3726 0.2903 -0.8814
vn -0.8481 0.5287 -0.0342
vn 0.0244 -0.0540 -0.9982
vn -0.7836 -0.6181 -0.0633
vn -0.8814 -0.3703 0.2931
vn 0.9687 0.2208 -0.1139
vn 0.1195 -0.6400 0.7590
vn 0.2951 0.7209 -0.6271
vn -0.7810 0.4766 0.4035
vn -0.6797 -0.7307 0.0633
vn -0.2900 -0.0416 0.9561
vn 0.2655 0.9463 0.1844
vn 0.5875 -0.4679 0.6602
vn -0.1000 -0.7510 0.6527
vn 0.5307 -0.1104 0.8403
vn -0.9743 -0.1875 -0.1245
vn 0.0364 0.3892 0.9204
vn -0.2295 0.9617 -0.1499
vn 0.8525 0.4388 -0.2840
vn -0.4163 0.8344 0.3612
vn -0.5770 0.4485 -0.6826
vn -0.2231 -0.1502 -0.9631
vn -0.9614 0.0503 -0.2704
vn -0.5626 0.4997 -0.6586
vn 0.4631 -0.4539 0.7613
vn -0.5487 -0.6939 0.4663
vn 0.1496 -0.7043 -0.6940
vn -0.5508 -0.4273 0.7170
vn -0.0739 -0.3991 -0.9139
vn 0.7883 0.5096 -0.3448
vn -0.9426 0.1272 -0.3088
vn -0.9474 -0.0866 0.3082
vn 0.1010 0.9915 0.0822
vn -0.0623 0.2879 0.9556
vn -0.1258 -0.9910 -0.0446
vn -0.1693 0.1748 -0.9700
vn 0.6835 0.5059 0.5262
vn 0.8026 0.0019 0.5965
vn 0.4216 0.6646 -0.6169
vn -0.2286 0.2288 0.9463
vn -0.4550 0.8837 0.1095
vn -0.9114 -0.4108 0.0225
vn -0.1064 0.9929 0.0535
vn -0.8786 -0.0534 -0.4746
vn -0.7046 -0.1413 0.6954
vn -0.9091 0.2233 0.3518
vn 0.7632 0.5782 -0.2884
vn -0.8401 0.0358 0.5413
vn -0.5947 0.1239 -0.7944
vn -0.5052 0.6534 -0.5637
vn -0.3640 -0.5231 0.7706
vn 0.5068 0.7564 0.4135
vn 0.2556 -0.6960 -0.6710
vn -0.0176 0.0724 -0.9972
vn -0.4052 0.5496 -0.7306
vn 0.0483 0.9588 -0.2798
vn -0.9801 0.1737 0.0956
vn 0.9020 -0.0604 -0.4276
vn 0.5814 -0.4410 0.6837
vn 0.9826 0.0509 -0.1787
vn 0.6803 -0.4787 0.5551
vn 0.0472 0.9987 0.0176
vn -0.8199 0.0523 0.5702
vn 0.6010 -0.7611 0.2440
vn 0.3874 -0.8642 -0.3211
vn 0.1378 0.9886 0.0602
vn 0.3355 0.8159 0.4709
vn -0.5596 0.4862 -0.6711
vn -0.9525 0.1441 -0.2681
vn -0.5780 0.5111 -0.6362
vn 0.7843 -0.6003 -0.1566
vn -0.2270 -0.5187 -0.8243
vn 0.1425 -0.9616 -0.2344
vn -0.1137 0.9565 -0.2687
vn -0.9391 -0.1427 -0.3125
vn 0.0483 0.1298 -0.9904
vn 0.6200 -0.7075 -0.3392
vn -0.6756 0.6186 0.4011
vn -0.3938 0.7257 -0.5641
vn 0.0862 0.9946 0.0578
vn -0.1007 0.9943 -0.0340
vn -0.2164 0.9401 -0.2635
vn -0.3153 0.9400 -0.1301
vn -0.9131 -0.3784 -0.1519
vn 0.8674 0.4938 -0.0619
vn 0.7686 -0.3577 -0.5304
vn -0.4243 0.7143 -0.5566
vn 0.2321 -0.8271 -0.5119
vn 0.1832 0.9515 -0.2471
vn 0.6280 0.7679 -0.1264
vn 0.5809 -0.4565 0.6739
vn 0.7373 -0.1186 0.6651
vn -0.6405 -0.5466 0.5395
vn 0.7057 0.0912 0.7026
vn -0.9825 -0.1635 -0.0897
vn -0.6551 -0.6508 0.3838
vn 0.2523 -0.3739 0.8925
vn -0.0989 0.9851 0.1407
vn 0.0437 0.9980 0.0456
vn -0.5431 0.4633 -0.7002
vn -0.0018 0.9992 0.0412
vn 0.5673 0.7491 -0.3420
vn -0.5747 0.1439 -0.8056
vn -0.4132 0.8919 -0.1840
vn 0.1882 -0.7194 -0.6687
vn 0.0982 0.9920 -0.0798
vn -0.3151 0.8886 0.3334
vn -0.2240 -0.7987 0.5586
vn 0.1701 0.9829 -0.0709
vn 0.1884 0.6218 -0.7601
vn 0.7467 0.1038 -0.6570
vn 0.0285 -0.9353 0.3527
vn -0.7668 -0.5765 0.2822
vn 0.7783 -0.5505 -0.3020
vn -0.4165 -0.8406 -0.3462
vn 0.1883 0.9669 0.1722
vn 0.2021 0.9781 0.0496
vn 0.1082 -0.5090 0.8540
vn -0.5060 0.1964 -0.8399
vn 0.5690 -0.4647 0.6784
vn -0.4585 -0.7304 -0.5063
vn 0.6301 0.4131 -0.6575
vn 0.0107 -0.1188 -0.9929
vn 0.2998 0.9519 -0.0627
vn 0.8127 0.1693 0.5576
vn 0.7816 -0.1982 0.5914
vn 0.7152 -0.5992 0.3599
vn -0.8366 0.4849 -0.2548
vn 0.9914 -0.0078 -0.1306
vn 0.2381 0.9693 -0.0611
vn 0.4083 -0.2910 -0.8652
vn 0.8743 -0.4822 -0.0552
vn 0.2402 -0.6624 -0.7096
vn -0.9828 0.0290 -0.1822
vn 0.3419 -0.6416 -0.6866
vn 0.9249 0.1107 -0.3637
vn 0.0153 0.9958 0.0903
vn 0.4676 0.7967 -0.3828
vn 0.7211 -0.2374 -0.6509
vn -0.3794 0.6661 0.6422
vn 0.7486 0.5707 0.3375
vn 0.5469 0.5617 -0.6208
vn 0.5359 0.8413 0.0707
vn -0.3485 0.9330 0.0899
vn 0.5099 -0.3852 0.7692
vn 0.3722 0.6813 -0.6304
vn -0.2837 -0.3605 -0.8885
vn -0.1663 0.7742 0.6107
vn 0.7855 -0.1945 -0.5875
vn 0.0607 -0.9737 -0.2198
vn 0.3889 -0.4810 0.7857
vn 0.3363 -0.0365 -0.9411
vn 0.6784 -0.3066 -0.6676
vn -0.8247 0.4224 0.3760
vn -0.9556 -0.0638 0.2877
vn 0.1200 0.8332 0.5398
vn -0.4693 0.6290 -0.6197
vn -0.1288 0.8311 -0.5409
vn 0.8592 -0.3593 -0.3642
vn -0.5419 0.8093 -0.2267
vn 0.8395 -0.2356 -0.4896
vn -0.9764 -0.1692 -0.1345
vn -0.9024 0.3579 0.2399
vn -0.8430 -0.5378 0.0115
vn -0.6502 0.2410 0.7205
vn -0.1526 0.2444 -0.9576
vn 0.1975 0.1243 0.9724
vn -0.1171 -0.7240 -0.6798
vn -0.1120 0.8957 -0.4303
vn -0.8209 0.4576 0.3416
vn 0.1610 0.9602 -0.2280
vn 0.5223 0.4305 0.7361
vn -0.5221 0.4248 -0.7396
vn -0.1530 0.9873 -0.0422
vn -0.5508 0.4945 -0.6723
vn -0.5906 -0.4420 0.6751
vn 0.1322 -0.3490 0.9278
vn -0.3382 0.7578 0.5580
vn 0.5275 0.6666 0.5266
vn -0.0862 0.9914 -0.0981
vn -0.3644 0.5812 -0.7276
vn 0.4996 -0.0372 -0.8655
vn -0.5964 -0.6998 0.3932
vn 0.5198 -0.4827 0.7048
vn 0.3524 0.3761 -0.8569
vn 0.2894 0.1510 0.9452
vn 0.6105 0.7133 0.3441
vn -0.4204 0.9020 -0.0982
vn 0.7622 0.2210 0.6084
vn 0.9441 -0.3169 0.0908
vn 0.2948 0.9338 -0.2029
vn 0.6081 0.4131 0.6779
vn 0.5467 -0.4548 0.7031
vn -0.0122 -0.7708 -0.6370
vn -0.1100 -0.9939 -0.0113
vn 0.1590 0.9872 0.0140
vn 0.1302 0.9906 0.0421
vn -0.1525 0.9796 -0.1306
vn -0.3984 0.4309 -0.8097
vn 0.6737 0.6097 -0.4176
vn -0.6051 -0.7781 -0.1685
vn 0.0834 -0.9959 -0.0352
vn -0.6037 0.7889 0.1149
vn -0.1080 0.9937 -0.0293
vn 0.6274 -0.5990 0.4975
vn -0.7946 -0.5485 0.2601
vn 0.0342 0.9937 0.1070
vn -0.9319 -0.0697 0.3558
vn -0.8199 -0.1152 0.5608
vn -0.0209 0.9570 -0.2893
vn -0.5466 -0.5374 0.6422
vn -0.6032 0.7966 -0.0385
vn -0.9966 0.0097 -0.0820
vn -0.5036 -0.7516 0.4260
vn -0.8121 0.5120 0.2800
vn -0.0867 0.9908 -0.1035
vn -0.5910 0.1783 -0.7867
vn -0.3804 0.5207 0.7643
vn -0.3914 0.3246 0.8611
vn 0.5003 -0.4783 0.7218
vn -0.0178 -0.1614 0.9867
vn -0.7581 0.6346 0.1501
vn -0.1644 0.9453 0.2817
vn 0.5673 0.0101 -0.8235
vn -0.1632 0.9850 -0.0553
vn -0.2972 0.9548 0.0044
vn -0.5356 0.4212 -0.7319
vn -0.9272 -0.3597 -0.1042
vn -0.6413 -0.2223 -0.7344
vn 0.5641 -0.1818 0.8055
vn -0.9862 -0.0292 -0.1629
vn -0.5507 0.3669 0.7497
vn 0.7363 0.1836 0.6513
vn 0.3821 0.8681 -0.3169
vn 0.5325 -0.4580 0.7118
vn -0.2016 -0.6345 0.7462
vn -0.4500 0.5754 -0.6830
vn -0.1149 0.9619 -0.2481
vn -0.1785 -0.5756 0.7980
vn -0.3664 0.9121 0.1841
vn -0.9398 -0.1406 0.3116
vn 0.3334 0.6161 0.7136
vn 0.0275 -0.2949 -0.9551
vn 0.3341 0.7272 -0.5996
vn 0.1036 0.9945 0.0126
vn 0.3468 -0.1037 0.9322
vn 0.0007 0.9991 -0.0433
vn 0.9993 -0.0229 0.0289
vn 0.9497 -0.2508 0.1877
vn -0.7061 -0.5074 0.4939
vn -0.2331 0.9655 -0.1164
vn -0.9334 0.3172 0.1679
vn -0.9412 0.3377 -0.0051
vn -0.2959 -0.9087 -0.2944
vn 0.1950 -0.6823 -0.7046
vn 0.3907 0.7222 0.5707
vn 0.5041 -0.4840 0.7153
vn 0.0076 0.4369 -0.8995
vn 0.6536 -0.3178 0.6868
vn 0.4965 0.5737 -0.6515
vn 0.7631 0.2076 0.6120
vn 0.2087 -0.9331 -0.2930
vn 0.7621 -0.3900 -0.5168
vn 0.6066 -0.3220 -0.7269
vn -0.7525 0.5463 0.3678
vn -0.4659 0.8848 -0.0031
vn 0.4466 -0.2082 0.8702
vn -0.3298 -0.8057 0.4920
vn -0.3047 0.9519 -0.0334
vn -0.7458 -0.6641 -0.0518
vn -0.9881 0.0573 0.1425
vn 0.2210 0.5366 -0.8144
vn 0.1247 0.9863 0.1081
vn -0.5195 0.4932 -0.6978
vn 0.1256 -0.9157 -0.3817
vn -0.2546 0.8823 0.3959
vn -0.3930 -0.3775 -0.8385
vn 0.6796 -0.5064 -0.5307
vn -0.0439 0.8803 -0.4724
vn 0.2931 0.4471 0.8451
vn -0.0095 0.9722 -0.2341
vn 0.6575 0.2733 0.7022
vn 0.6254 0.1054 -0.7732
vn -0.3144 -0.4554 -0.8329
vn 0.8216 0.4211 0.3843
vn -0.2006 0.3553 -0.9130
vn 0.4156 -0.7301 -0.5425
vn -0.8474 0.3548 0.3949
vn -0.7850 -0.5964 0.1677
vn 0.5382 -0.3305 -0.7753
vn 0.3977 0.3923 -0.8294
vn -0.2464 -0.6624 0.7074
vn 0.6847 0.7139 0.1464
vn -0.4015 0.5937 -0.6974
vn 0.2794 0.9576 -0.0703
vn 0.8729 -0.4369 0.2173
vn 0.6308 0.6838 -0.3667
vn 0.4480 0.7778 -0.4409
vn 0.2824 0.9439 -0.1714
vn -0.6536 -0.6101 0.4478
vn -0.1862 -0.9776 0.0981
vn -0.3603 -0.9049 -0.2267
vn -0.5702 0.7770 -0.2666
vn -0.1661 0.9754 0.1451
vn 0.3705 -0.5269 0.7650
vn 0.8822 -0.2963 0.3658
vn 0.1553 0.1084 0.9819
vn 0.4929 0.5397 0.6825
vn 0.8376 0.5454 -0.0297
vn 0.6658 -0.2162 -0.7142
vn 0.3448 -0.2436 -0.9065
vn 0.3328 -0.1847 -0.9247
vn -0.7397 0.5761 -0.3478
vn -0.2474 -0.3452 -0.9053
vn 0.7236 -0.6810 0.1125
vn -0.9541 0.2987 -0.0233
vn 0.7914 0.4821 -0.3759
vn 0.0829 0.9802 -0.1797
vn -0.4060 0.8097 -0.4237
vn 0.1515 0.0689 -0.9860
vn 0.1775 0.9803 -0.0870
vn -0.4084 0.7080 -0.5762
vn -0.7985 0.3613 0.4815
vn -0.3275 0.4807 0.8134
vn -0.7885 -0.1036 0.6062
vn -0.4566 -0.8882 -0.0515
vn -0.6416 -0.3913 -0.6597
vn 0.2498 0.0421 -0.9674
vn 0.8840 0.4347 0.1717
vn 0.1157 -0.6133 -0.7813
vn 0.2167 -0.7423 0.6341
vn 0.4521 -0.0818 0.8882
vn 0.0897 0.9533 0.2883
vn 0.9935 0.0261 0.1105
vn -0.4062 -0.6807 -0.6096
vn -0.0615 -0.9928 0.1029
vn 0.1398 -0.7730 0.6189
vn -0.2003 0.9000 0.3871
vn -0.2942 0.9518 0.0862
vn -0.4828 0.6309 -0.6073
vn -0.7077 0.7040 -0.0593
vn 0.0831 -0.8031 0.5901
vn 0.8892 0.2958 -0.3489
vn -0.8985 -0.0201 0.4385
vn -0.8771 -0.4802 0.0059
vn 0.5439 -0.1838 0.8188
vn -0.8690 0.4559 0.1924
vn 0.9596 -0.0273 0.2800
vn 0.8261 0.5623 -0.0379
vn -0.2276 0.9737 -0.0138
vn -0.7910 0.5585 -0.2498
vn -0.3308 0.9400 -0.0828
vn 0.5618 0.0973 -0.8215
vn 0.4791 0.8777 0.0105
vn 0.3774 -0.8794 -0.2903
vn 0.9072 0.1982 -0.3711
vn -0.7396 0.1289 0.6606
vn 0.0965 0.9834 -0.1539
vn 0.5411 -0.7388 0.4017
vn -0.3134 -0.8483 -0.4267
vn 0.1824 -0.6981 0.6924
vn -0.3768 -0.1717 0.9102
vn 0.2109 0.2414 -0.9472
vn -0.3676 0.5782 -0.7284
vn -0.6526 0.4265 -0.6262
vn -0.0746 0.9954 -0.0600
vn -0.7521 -0.2696 0.6014
vn -0.6924 0.6873 0.2195
vn -0.0459 0.7370 0.6743
vn -0.2112 0.9196 -0.3313
vn 0.0612 -0.8584 -0.5094
vn 0.9696 -0.1386 -0.2018
vn -0.3345 0.8617 0.3814
vn -0.1311 0.8839 0.4489
vn -0.5493 0.2707 0.7905
vn -0.7496 -0.5868 0.3062
vn 0.3667 0.9267 -0.0817
vn 0.8700 0.4881 0.0699
vn 0.3173 0.8791 0.3557
vn -0.9953 -0.0012 -0.0966
vn -0.4594 0.8752 0.1513
vn -0.4467 -0.2115 0.8693
vn 0.9297 -0.2992 0.2146
vn -0.7065 -0.6069 -0.3639
vn 0.4187 0.7997 -0.4303
vn -0.3134 -0.9445 0.0984
vn -0.6626 0.4983 0.5592
vn 0.4001 -0.8797 0.2570
vn -0.1344 0.9820 0.1326
vn -0.1077 0.9880 0.1109
vn -0.4085 -0.9067 -0.1052
vn 0.1905 0.8141 0.5486
vn 0.1649 -0.7318 -0.6613
vn 0.2363 0.9005 -0.3650
vn 0.8428 -0.5291 0.0985
vn 0.0160 -0.4384 0.8986
vn 0.0285 0.9950 -0.0958
vn 0.8626 0.4639 -0.2017
vn -0.8016 -0.5548 0.2228
vn -0.3533 0.8850 0.3032
vn -0.9276 0.3486 0.1345
vn -0.3985 -0.9102 0.1124
vn -0.1297 0.9880 -0.0834
vn 0.8199 0.4578 -0.3437
vn -0.8432 0.5072 0.1783
vn -0.3232 0.9459 0.0287
vn 0.3282 0.6302 0.7036
vn 0.7080 0.6361 -0.3066
vn 0.0670 0.9440 0.3231
vn 0.8679 0.4944 0.0479
vn 0.0438 0.9913 -0.1242
vn 0.3569 0.0187 -0.9339
vn 0.8144 -0.5171 0.2633
vn 0.1976 0.5491 -0.8120
vn 0.5615 0.7797 -0.2771
vn 0.0705 0.1981 -0.9776
vn 0.1832 0.9582 0.2195
vn 0.7919 0.6097 -0.0350
vn 0.0861 0.9534 0.2893
vn -0.0282 -0.7201 -0.6933
vn 0.5453 0.8189 0.1788
vn -0.9084 0.3995 0.1231
vn 0.3421 0.0224 -0.9394
vn 0.8150 -0.2351 -0.5297
vn 0.4526 0.8222 -0.3453
vn -0.2197 0.9519 -0.2138
vn 0.4626 0.2349 0.8549
vn 0.7090 -0.4523 0.5410
vn 0.5756 -0.1084 -0.8105
vn 0.7260 -0.6617 0.1871
vn -0.1245 0.4843 -0.8660
vn -0.8202 -0.5407 0.1868
vn -0.2397 0.9256 0.2931
vn 0.5467 0.7357 -0.3998
vn 0.4806 0.8758 0.0444
vn 0.8462 0.2546 0.4681
vn -0.4031 -0.9152 -0.0007
vn 0.9160 -0.0709 -0.3949
vn 0.7358 0.6030 -0.3082
vn -0.7185 -0.4646 0.5177
vn 0.1027 0.9228 -0.3714
vn -0.5713 0.7527 0.3271
vn -0.5068 0.5193 -0.6881
vn 0.8170 0.2864 -0.5005
vn 0.2953 -0.3915 0.8715
vn 0.8333 0.5100 -0.2133
vn -0.6378 -0.0751 -0.7666
vn 0.0252 0.9754 0.2188
vn 0.0141 0.9900 0.1405
vn -0.6546 -0.7360 -0.1726
vn -0.8753 -0.1239 -0.4675
vn 0.4545 0.5164 0.7258
vn 0.9122 -0.0321 -0.4084
vn 0.5151 -0.4535 0.7273
vn 0.2407 0.1074 -0.9646
vn -0.4741 0.8771 -0.0771
vn 0.0850 0.9943 0.0646
vn 0.4602 0.4218 -0.7812
vn 0.4290 -0.2991 0.8524
vn 0.7926 0.5732 -0.2076
vn -0.9399 -0.3412 0.0110
vn 0.9893 0.1198 0.0832
vn -0.3262 0.8748 0.3582
vn -0.0701 0.9975 -0.0003
vn 0.8242 0.4719 -0.3132
vn 0.3036 0.8908 0.3380
vn 0.1149 -0.9858 -0.1224
vn -0.3767 0.8474 0.3743
vn -0.4037 0.4266 -0.8093
vn 0.2190 -0.7283 0.6493
vn 0.4677 0.8812 -0.0688
vn 0.6825 0.6839 -0.2577
vn -0.8524 -0.0805 0.5166
vn -0.4778 0.8782 0.0242
vn 0.7359 -0.4067 0.5414
vn -0.0834 0.1193 -0.9894
vn 0.7030 0.6035 -0.3762
vn -0.0477 0.4057 -0.9128
vn 0.6055 0.5239 -0.5990
vn 0.7357 -0.6692 0.1047
vn 0.8884 0.2950 -0.3517
vn 0.7088 -0.4625 -0.5327
vn -0.9306 0.1600 -0.3292
vn -0.0860 0.9609 -0.2632
vn -0.5458 0.4772 -0.6887
vn -0.2611 0.7482 0.6099
vn -0.9147 0.2373 -0.3272
vn -0.2148 0.7669 -0.6048
vn -0.5183 0.6988 -0.4930
vn -0.6640 -0.2160 -0.7158
vn -0.5404 0.7590 -0.3633
vn -0.6199 -0.7433 -0.2513
vn 0.3046 -0.3553 -0.8837
vn 0.9534 0.0508 -0.2974
vn -0.1207 0.3482 0.9296
vn 0.0694 -0.4149 0.9072
vn -0.5167 -0.8459 -0.1324
vn -0.5276 0.4039 -0.7473
vn 0.3152 0.9360 -0.1566
vn -0.6486 0.7608 -0.0208
vn 0.6422 0.4544 -0.6173
vn 0.1615 -0.9736 0.1613
vn -0.3399 0.9335 -0.1143
vn 0.4924 -0.2555 0.8320
vn -0.0433 -0.1855 0.9817
vn 0.6827 -0.2710 -0.6786
vn 0.9836 0.0202 -0.1793
vn 0.4672 0.1753 -0.8666
vn -0.4877 0.3792 -0.7864
vn 0.6981 0.7157 -0.0195
vn 0.4435 -0.2556 0.8591
vn 0.9189 -0.3760 0.1190
vn 0.5090 -0.4625 0.7260
vn 0.0174 0.9910 0.1326
vn 0.0568 0.9889 0.1374
vn -0.0161 -0.0893 0.9959
vn 0.8157 -0.2434 -0.5247
vn 0.6920 -0.5106 -0.5103
vn 0.4690 -0.2902 -0.8341
vn 0.7878 0.0745 0.6113
vn 0.4966 0.2226 -0.8389
vn -0.9362 0.1666 -0.3096
vn -0.0432 0.9490 0.3122
vn 0.0555 0.9984 0.0095
vn -0.6335 -0.7287 -0.2601
vn -0.7232 0.4393 0.5329
vn 0.6499 -0.3542 0.6724
vn -0.9498 0.3032 0.0774
vn -0.9161 0.3921 0.0842
vn 0.0448 -0.7232 0.6892
vn 0.9146 -0.3057 -0.2647
vn 0.5518 -0.3925 0.7358
vn -0.3451 -0.6811 -0.6457
vn -0.7870 0.1326 -0.6026
vn 0.7647 0.0290 -0.6437
vn -0.1971 0.9437 0.2656
vn 0.0447 0.2549 0.9659
vn -0.8254 -0.4563 -0.3324
vn -0.9713 0.0295 0.2358
vn -0.5580 0.8182 -0.1386
vn -0.2352 -0.9308 -0.2798
vn -0.0150 -0.9523 -0.3047
vn 0.4761 -0.3317 0.8145
vn 0.0040 0.9907 0.1362
vn -0.4050 0.8462 -0.3463
vn 0.1765 -0.8129 -0.5550
vn 0.8670 0.1017 -0.4879
vn 0.1091 0.9296 0.3521
vn 0.6187 -0.7414 0.2600
vn 0.2848 0.0088 -0.9585
vn 0.5743 0.5806 -0.5771
vn -0.1281 0.9808 0.1471
vn 0.2259 0.9347 0.2744
vn -0.4886 0.0034 0.8725
vn 0.5816 0.4556 0.6739
vn -0.4220 0.5828 -0.6944
vn 0.7343 -0.2982 0.6098
vn 0.4013 0.4599 0.7921
vn 0.9609 0.2370 -0.1431
vn 0.5198 -0.3628 0.7734
vn 0.3436 -0.2060 0.9162
vn 0.4122 0.6896 0.5954
vn 0.6504 -0.7593 -0.0216
vn 0.4220 0.6604 -0.6212
vn 0.0235 -0.9602 0.2782
vn 0.9243 0.1832 0.3348
vn -0.1175 0.9909 -0.0656
vn 0.5055 -0.3132 -0.8039
vn -0.3090 -0.4178 0.8544
vn -0.9229 0.1520 0.3537
vn 0.4515 0.8903 -0.0585
vn -0.4789 -0.2286 0.8476
vn 0.2405 -0.2718 0.9318
vn 0.6965 -0.4184 -0.5830
vn 0.9077 0.0902 0.4098
vn -0.4559 -0.7179 0.5261
vn 0.4801 -0.8477 0.2257
vn 0.1245 0.8810 0.4564
vn 0.4530 -0.2131 0.8657
vn 0.6740 -0.4935 -0.5497
vn 0.5581 0.5156 0.6501
vn 0.7601 -0.6115 -0.2200
vn 0.2788 -0.5343 -0.7980
vn -0.0663 0.9931 -0.0967
vn -0.2994 -0.0212 0.9539
vn 0.7867 -0.6148 0.0564
vn 0.3830 -0.7085 -0.5927
vn -0.3183 0.9473 0.0367
vn -0.1151 0.9563 0.2687
vn 0.1941 0.9809 -0.0140
vn -0.1565 0.9724 0.1729
vn -0.3927 0.1470 -0.9079
vn 0.3904 -0.8565 -0.3376
vn -0.6443 -0.7267 -0.2384
vn -0.4461 -0.8335 0.3260
vn 0.2457 -0.0997 0.9642
vn 0.6338 0.7634 0.1244
vn -0.1908 -0.3642 0.9116
vn 0.4282 0.6136 -0.6634
vn -0.3702 0.9017 -0.2231
vn 0.7055 0.5452 0.4528
vn 0.2248 -0.2007 -0.9535
vn -0.0291 -0.8189 0.5732
vn 0.8306 -0.1370 -0.5398
vn -0.9563 -0.0204 0.2916
vn 0.0218 0.5934 0.8046
vn 0.6819 -0.2101 0.7006
vn -0.1565 0.9023 0.4016
vn -0.1047 0.9655 0.2385
vn -0.9020 -0.3471 0.2568
vn -0.8299 -0.5540 0.0657
vn -0.4099 0.6805 -0.6074
vn -0.4495 -0.0699 -0.8905
vn 0.6890 0.7141 -0.1238
vn -0.6421 0.7245 0.2507
vn -0.8172 0.5168 0.2549
vn -0.8215 0.3281 0.4663
vn -0.8675 0.3690 0.3337
vn 0.6607 0.4025 0.6337
vn 0.6669 0.7451 -0.0057
vn 0.7892 0.4942 -0.3646
vn -0.8394 0.3279 0.4335
vn 0.1106 -0.4670 -0.8773
vn 0.9885 -0.0708 0.1335
vn -0.2096 0.9734 0.0923
vn -0.1656 -0.9832 -0.0774
vn 0.6446 0.0565 -0.7624
vn 0.1339 0.6947 -0.7067
vn 0.3161 -0.7946 0.5184
vn 0.0428 0.9983 -0.0405
vn -0.6706 0.6954 0.2583
vn -0.8493 0.2759 0.4501
vn -0.1461 0.1432 -0.9788
vn -0.4905 0.5105 0.7063
vn 0.5247 0.3132 -0.7916
vn -0.0947 0.9756 0.1979
vn 0.3233 -0.3422 -0.8823
vn 0.9718 0.2283 0.0590
vn 0.3429 0.9273 0.1501
vn -0.5816 0.5055 -0.6374
vn 0.6968 -0.0760 -0.7132
vn -0.7806 0.3437 -0.5221
vn 0.5702 0.7411 -0.3544
vn -0.8278 0.3200 0.4607
vn 0.2187 0.7138 -0.6653
vn 0.8020 -0.5816 -0.1358
vn 0.4916 -0.2137 0.8442
vn 0.6335 0.3535 -0.6882
vn -0.7246 0.4991 0.4753
vn 0.8916 -0.2514 -0.3767
vn 0.9985 -0.0229 -0.0494
vn 0.5235 -0.5424 -0.6571
vn -0.5721 0.6041 0.5547
vn -0.7638 -0.3446 0.5457
vn -0.5022 -0.0120 0.8647
vn 0.7094 -0.4677 0.5272
vn 0.8095 0.3064 -0.5009
vn -0.6377 -0.6701 0.3799
vn 0.4807 0.8397 0.2528
vn -0.0915 -0.4652 0.8805
vn -0.6957 0.6840 0.2194
vn -0.9085 0.3002 0.2906
vn 0.9036 0.4045 0.1413
vn -0.5216 -0.7349 -0.4334
vn -0.6448 0.7409 0.1879
vn 0.6954 -0.0347 0.7178
vn 0.6472 -0.7529 -0.1191
vn -0.5245 -0.7823 -0.3361
vn 0.2179 -0.7772 0.5903
vn -0.9332 0.1421 0.3300
vn -0.6711 -0.4819 -0.5633
vn 0.6114 0.7444 0.2685
vn 0.1356 -0.5519 -0.8228
vn -0.3690 0.9245 -0.0960
vn 0.6499 0.7212 -0.2400
vn 0.1403 0.9567 -0.2552
vn 0.9151 0.2412 -0.3232
vn 0.3659 0.8856 0.2860
vn 0.8356 -0.5467 -0.0541
vn 0.7864 -0.6119 -0.0843
vn -0.1664 0.9755 0.1435
vn -0.3815 0.4373 -0.8144
vn -0.0186 0.2278 -0.9735
vn 0.2475 -0.1624 -0.9552
vn -0.7613 0.2925 -0.5787
vn 0.5856 0.3434 0.7343
vn -0.3258 0.9143 0.2408
vn -0.2967 0.9532 0.0578
vn -0.9046 -0.4148 -0.0985
vn -0.4523 0.8735 -0.1799
vn 0.3149 -0.7366 0.5986
vn -0.4070 0.8086 -0.4249
vn 0.5813 0.6249 0.5212
vn 0.6811 0.7202 0.1320
vn -0.2670 0.9630 0.0355
vn 0.7617 0.6010 0.2420
vn 0.3517 0.3726 0.8588
vn -0.0077 0.0779 0.9969
vn -0.7252 -0.2030 0.6579
vn 0.9549 0.2908 0.0604
vn -0.5916 0.5531 -0.5866
vn 0.9126 0.1455 0.3821
vn 0.3389 0.9407 -0.0122
vn -0.0152 0.6712 0.7411
vn 0.8679 0.4807 -0.1254
vn 0.0747 0.9884 0.1323
vn 0.0313 0.9984 0.0467
vn 0.5069 0.6100 0.6091
vn -0.0769 0.9400 -0.3325
vn 0.1940 0.7750 0.6014
vn 0.4417 0.3162 0.8396
vn -0.6101 0.6936 0.3831
vn -0.4133 0.6132 -0.6732
vn 0.1439 0.5161 0.8444
vn 0.5637 -0.6642 -0.4910
vn 0.0642 -0.7355 -0.6745
vn 0.6810 0.3764 0.6281
vn -0.4115 0.5863 -0.6978
vn 0.6045 0.2540 -0.7550
vn 0.3242 -0.5672 0.7571
vn 0.6377 -0.1114 -0.7621
vn 0.7453 -0.6119 -0.2646
vn 0.6466 0.6717 0.3614
vn -0.9565 0.0987 0.2744
vn -0.5738 0.8099 0.1218
vn 0.5811 0.7479 -0.3209
vn -0.3774 -0.8665 -0.3267
vn -0.0380 -0.4378 0.8983
vn -0.3038 0.8702 0.3879
vn -0.8295 0.5361 0.1568
vn 0.7702 0.5753 -0.2756
vn -0.3288 -0.2306 -0.9158
vn -0.3091 0.7465 -0.5892
vn -0.9828 0.1120 -0.1467
vn -0.1259 0.9008 0.4157
vn 0.8950 -0.0911 -0.4366
vn 0.7249 0.5140 0.4587
vn -0.7349 0.3020 0.6072
vn 0.6436 -0.5182 0.5632
vn 0.2576 0.4743 -0.8419
vn 0.9100 -0.0987 -0.4028
vn -0.1458 -0.4721 -0.8694
vn -0.5414 0.5062 -0.6713
vn -0.9041 0.3797 0.1960
vn 0.2303 0.9368 0.2635
vn -0.4401 -0.8978 -0.0158
vn -0.7351 0.4761 0.4827
vn 0.7440 0.5117 0.4297
vn 0.5912 0.8002 0.1004
vn -0.2094 -0.4438 0.8713
vn -0.1943 -0.4373 -0.8781
vn -0.0139 0.9902 0.1388
vn -0.8562 0.4535 0.2477
vn 0.8510 0.0401 -0.5236
vn 0.2574 -0.5483 -0.7957
vn 0.1878 0.9785 -0.0852
vn -0.2251 0.9736 0.0389
vn 0.7440 0.3738 -0.5537
vn 0.4624 0.4946 0.7359
vn 0.5870 0.7948 -0.1542
vn 0.5929 -0.4377 0.6760
vn -0.6270 0.7581 0.1790
vn 0.0696 0.9880 -0.1376
vn 0.2561 -0.8895 0.3784
vn 0.8520 0.3389 -0.3990
vn -0.2649 -0.9129 -0.3107
vn -0.5130 -0.3419 -0.7873
vn -0.1354 -0.1540 -0.9788
vn -0.1301 0.9898 0.0578
vn 0.5713 -0.5398 0.6182
vn -0.1128 0.9799 -0.1647
vn -0.6620 -0.6503 -0.3727
vn -0.7998 0.5601 -0.2161
vn 0.2440 0.8455 -0.4751
vn 0.7525 -0.1923 0.6299
vn 0.7776 0.5515 -0.3019
vn -0.6348 0.3984 -0.6621
vn 0.5456 0.8034 -0.2386
vn 0.8237 0.0287 -0.5662
vn 0.9900 -0.1293 -0.0558
vn 0.2415 0.8435 0.4798
vn -0.0672 0.9323 0.3554
vn -0.4832 0.8323 0.2717
vn 0.4855 -0.4665 0.7394
vn 0.2487 0.9433 0.2198
vn -0.8971 0.2332 0.3752
vn 0.1583 0.9847 -0.0732
vn -0.0553 -0.7003 0.7117
vn -0.1372 0.9894 -0.0468
vn 0.0352 0.9886 0.1462
vn 0.4898 -0.4240 0.7618
vn -0.9002 -0.3676 0.2336
vn 0.8732 0.1036 0.4763
vn -0.9657 -0.2595 0.0091
vn 0.7774 0.1401 -0.6132
vn 0.5589 -0.7063 0.4345
vn 0.7526 0.6124 0.2421
vn -0.9134 0.4030 0.0576
vn -0.6477 0.2019 0.7347
vn 0.0724 -0.0904 -0.9933
vn 0.1743 0.5473 0.8186
vn -0.7980 -0.5451 0.2571
vn -0.1030 0.9833 0.1503
vn 0.5294 -0.4784 0.7006
vn -0.7195 0.6872 0.1004
vn -0.3121 -0.8904 0.3313
vn 0.1807 0.3907 -0.9026
vn 0.5082 -0.4503 0.7341
vn -0.9226 0.3244 -0.2089
vn 0.5425 -0.4818 0.6881
vn -0.4463 -0.8716 0.2026
vn 0.5628 0.7632 -0.3176
vn 0.5537 -0.5136 0.6555
vn 0.6436 0.6958 -0.3189
vn 0.0152 0.9952 0.0971
vn 0.0265 -0.3124 -0.9496
vn -0.6062 0.7369 -0.2990
vn 0.6487 -0.6779 0.3458
vn 0.7404 0.6523 -0.1620
vn -0.6278 0.2535 -0.7359
vn -0.6168 0.7865 0.0328
vn -0.8601 0.4851 0.1580
vn 0.0882 0.9949 0.0495
vn -0.5398 0.4753 -0.6948
vn 0.0839 0.9712 -0.2231
vn -0.8103 -0.5664 0.1508
vn 0.0094 0.9801 0.1983
vn 0.5390 0.8278 0.1554
vn -0.8007 -0.5953 0.0667
vn 0.6461 -0.5833 0.4923
vn -0.7978 -0.6028 0.0094
vn 0.0800 0.7621 -0.6425
vn -0.5726 -0.8003 -0.1779
vn 0.7151 0.5828 0.3860
vn -0.8763 0.2736 -0.3964
vn 0.6783 0.0456 -0.7333
vn 0.2328 0.7294 -0.6433
vn -0.1649 0.9798 0.1131
vn 0.1635 -0.6112 -0.7745
vn 0.3297 0.8621 -0.3847
vn -0.4744 -0.6461 0.5979
vn 0.9434 0.1532 0.2943
vn -0.7011 0.6418 0.3106
vn 0.4868 0.8691 -0.0880
vn -0.9982 0.0199 -0.0561
vn 0.1852 0.4933 -0.8499
vn -0.1999 -0.5318 -0.8229
vn -0.6471 0.6644 -0.3739
vn 0.2906 0.7957 0.5314
vn -0.1143 0.9425 0.3140
vn 0.0436 0.6094 -0.7916
vn 0.2895 0.3488 -0.8914
vn -0.0107 0.9987 -0.0489
vn 0.0619 0.9975 0.0333
vn -0.6780 -0.1147 -0.7261
vn 0.5311 0.1587 0.8323
vn 0.9197 0.3747 -0.1173
vn 0.8911 0.4039 0.2071
vn 0.6900 0.6510 0.3162
vn 0.4550 -0.2120 -0.8649
vn -0.1694 -0.5614 0.8100
vn 0.9913 -0.0521 0.1210
vn 0.8741 -0.3182 -0.3669
vn -0.8357 -0.1776 -0.5197
vn 0.4347 -0.3035 0.8479
vn -0.7539 -0.5877 0.2937
vn 0.9249 0.3690 0.0921
vn -0.9365 0.2584 -0.2371
vn 0.9843 0.0917 0.1509
vn 0.2837 0.8006 -0.5277
vn 0.5502 0.8343 0.0366
vn 0.7556 0.5687 -0.3250
vn 0.0412 0.9991 -0.0079
vn -0.9412 0.2203 0.2563
vn 0.5866 0.2706 -0.7634
vn 0.3565 0.5731 -0.7379
vn -0.9853 -0.1164 0.1252
vn 0.7239 0.2324 -0.6496
vn 0.9598 0.2735 0.0630
vn 0.0151 -0.4281 0.9036
vn -0.3823 0.3083 -0.8711
vn -0.4549 -0.8162 0.3561
vn -0.6726 -0.1415 0.7263
vn 0.2514 -0.5951 0.7634
vn 0.3286 0.9390 0.1017
vn 0.8940 0.2327 0.3830
vn 0.2612 0.8139 -0.5190
vn 0.9075 -0.3761 0.1872
vn 0.9567 0.0073 0.2909
vn -0.1296 0.9809 -0.1448
vn 0.1500 0.2142 0.9652
vn -0.7128 0.6558 0.2487
vn -0.3580 0.6144 -0.7032
vn -0.7948 0.2021 -0.5723
vn -0.1483 0.9651 0.2159
vn -0.3934 -0.4258 -0.8148
vn 0.3923 -0.3507 -0.8503
vn 0.4072 -0.6066 0.6828
vn -0.3015 0.9298 0.2110
vn 0.0751 -0.4874 -0.8699
vn -0.5747 0.6244 0.5290
vn 0.0174 0.9928 0.1186
vn 0.5455 -0.3222 -0.7737
vn -0.7308 -0.6694 0.1338
vn 0.5395 0.5032 0.6750
vn 0.5688 -0.8187 0.0789
vn -0.2105 0.9724 0.1006
vn -0.2282 -0.2231 0.9477
vn 0.1157 -0.6931 0.7115
vn 0.1856 -0.9218 0.3402
vn -0.0076 -0.9942 0.1076
vn 0.0614 0.9474 -0.3141
vn 0.3372 -0.7820 -0.5242
vn 0.5216 0.7604 0.3870
vn -0.1394 -0.8293 0.5412
vn -0.4862 -0.7154 -0.5017
vn -0.8476 0.1796 -0.4993
vn -0.0778 0.8289 -0.5539
vn 0.1062 -0.9830 0.1495
vn 0.6863 0.5505 0.4753
vn -0.3993 -0.7797 0.4824
vn -0.5225 -0.7650 -0.3765
vn 0.3895 -0.9104 -0.1398
vn -0.4577 -0.6828 0.5695
vn 0.5553 -0.4881 0.6734
vn -0.2720 0.6865 -0.6744
vn -0.7666 0.3976 0.5042
vn -0.0119 -0.5343 -0.8452
vn -0.3080 -0.5030 0.8075
vn 0.6526 0.5713 -0.4978
vn -0.9567 0.2393 -0.1655
vn -0.0316 -0.3069 0.9512
vn -0.8076 -0.5889 0.0309
vn 0.8864 -0.0168 -0.4627
vn 0.6604 -0.0629 -0.7482
vn 0.1149 0.4926 -0.8626
vn 0.0268 -0.9226 0.3848
vn 0.2422 0.6390 0.7301
vn 0.0645 0.9696 0.2360
vn 0.0694 0.8681 0.4915
vn -0.4878 -0.8577 0.1624
vn 0.8199 -0.2666 -0.5066
vn 0.0321 0.9772 0.2099
vn 0.2743 -0.9036 -0.3290
vn 0.0842 0.9243 0.3722
vn -0.0967 0.8968 -0.4317
vn 0.2392 0.8981 0.3691
vn 0.5639 -0.8217 -0.0829
vn -0.7101 -0.1065 -0.6960
vn -0.0643 0.9601 0.2723
vn 0.6627 -0.1191 0.7393
vn -0.4477 0.1227 -0.8857
vn -0.3167 -0.8123 -0.4898
vn 0.9010 0.4336 -0.0123
vn -0.5768 0.7501 0.3236
vn -0.9157 0.0593 0.3974
vn -0.4980 0.6064 0.6199
vn -0.4574 0.8709 0.1795
vn -0.4990 -0.4986 -0.7088
vn -0.5024 0.8616 -0.0725
vn -0.7924 -0.6006 0.1070
vn 0.1811 0.9557 0.2322
vn -0.1883 -0.8055 0.5618
vn -0.8807 0.1931 0.4325
vn 0.3915 -0.2390 -0.8886
vn -0.0201 0.8372 0.5465
vn 0.4928 0.2804 0.8237
vn 0.3610 -0.8374 0.4104
vn 0.4012 0.5008 0.7670
vn -0.4412 0.5581 0.7028
vn 0.5238 0.7692 0.3660
vn 0.7664 -0.0162 -0.6422
vn -0.9820 0.1845 -0.0407
vn -0.2262 -0.5964 -0.7702
vn -0.6385 -0.7552 0.1485
vn -0.7827 -0.6220 0.0232
vn -0.5672 -0.7049 -0.4259
vn 0.8366 0.4999 -0.2240
vn -0.2261 0.9474 0.2266
vn 0.0616 -0.5632 -0.8240
vn 0.0174 -0.1179 -0.9929
vn -0.8841 -0.4391 -0.1599
vn 0.4974 -0.4838 0.7200
vn 0.1820 0.3362 -0.9240
vn 0.1733 0.8482 0.5006
vn 0.7811 0.6114 -0.1267
vn 0.8756 -0.3821 0.2955
vn 0.0322 -0.2069 0.9778
vn -0.7950 0.6018 0.0756
vn -0.0951 0.9564 -0.2762
vn 0.1325 0.1052 -0.9856
vn 0.8438 -0.5185 -0.1383
vn -0.1143 0.9066 0.4062
vn 0.4301 -0.0067 -0.9027
vn -0.3808 -0.3601 0.8516
vn 0.2702 0.7162 0.6435
vn -0.1244 0.9891 0.0786
vn -0.8697 0.4932 -0.0187
vn -0.1248 0.9889 0.0811
vn -0.5327 0.3079 -0.7883
vn -0.3464 -0.1928 -0.9181
vn -0.3567 -0.1368 0.9241
vn -0.2831 -0.9534 0.1047
vn -0.8945 -0.4365 0.0971
vn -0.0743 -0.7422 -0.6661
vn -0.8815 0.4302 0.1946
vn 0.4129 0.8242 -0.3874
vn -0.0599 0.9914 -0.1162
vn -0.5947 -0.6883 -0.4154
vn 0.2770 0.8895 -0.3633
vn -0.9432 -0.2441 0.2255
vn 0.0306 -0.0184 -0.9994
vn 0.4790 0.7440 0.4658
vn 0.5055 0.7626 -0.4037
vn -0.6367 -0.7151 0.2885
vn 0.5325 0.4454 0.7198
vn 0.9499 -0.1787 0.2563
vn 0.4298 -0.8962 -0.1101
vn 0.4467 0.3754 0.8121
vn -0.5458 0.5213 -0.6560
vn -0.4556 0.2722 -0.8476
vn -0.6176 0.3402 -0.7091
vn -0.6267 -0.1606 -0.7625
vn -0.8341 -0.5099 -0.2102
vn -0.2906 0.6174 -0.7311
vn -0.5638 0.6978 -0.4418
vn 0.1394 0.9633 0.2295
vn -0.2268 0.9429 -0.2439
vn -0.7271 -0.6705 -0.1474
vn -0.6738 -0.5222 0.5229
vn -0.3633 -0.9315 0.0155
vn 0.5013 -0.8394 0.2098
vn -0.8819 -0.4715 -0.0029
vn 0.1568 0.8230 0.5460
vn 0.0407 0.2923 0.9555
vn 0.5300 0.4319 -0.7298
vn -0.0808 -0.2157 -0.9731
vn 0.3452 0.8811 0.3232
vn -0.9030 -0.2457 0.3524
vn -0.4322 0.7821 0.4490
vn -0.0912 0.9915 -0.0929
vn 0.7006 -0.4466 0.5566
vn 0.8161 0.5007 -0.2886
vn -0.1850 0.9563 0.2262
vn -0.7437 0.2920 0.6014
vn -0.6448 0.4220 -0.6373
vn -0.3258 0.6242 0.7101
vn 0.8058 -0.4611 -0.3715
vn 0.2685 0.0509 0.9619
vn -0.2776 0.7055 0.6521
vn -0.4769 0.4861 -0.7323
vn 0.8436 -0.1282 -0.5214
vn 0.0270 0.9959 -0.0858
vn -0.0560 -0.8867 -0.4590
vn 0.1163 -0.1880 -0.9753
vn -0.1028 -0.9272 -0.3602
vn 0.0656 -0.1137 -0.9913
vn -0.4671 -0.5561 0.6874
vn 0.0228 0.9997 0.0006
vn 0.0612 0.8107 -0.5822
vn 0.2955 0.4240 -0.8561
vn 0.5187 -0.5217 0.6773
vn -0.4971 0.4298 -0.7538
vn -0.2885 -0.0951 0.9527
vn 0.0001 0.9969 -0.0783
vn -0.6902 -0.4527 -0.5645
vn 0.3582 -0.9172 -0.1743
vn -0.8487 0.5185 0.1041
vn -0.1338 0.9881 0.0755
vn -0.5524 0.4951 -0.6706
vn -0.6867 0.1595 0.7092
vn -0.1257 0.8186 0.5604
vn 0.1560 -0.4648 -0.8715
vn 0.6000 -0.4796 0.6403
vn -0.0719 -0.8992 0.4316
vn 0.1892 -0.3402 -0.9211
vn 0.4403 -0.7256 -0.5288
vn 0.0685 0.9925 0.1013
vn 0.0803 -0.1034 -0.9914
vn -0.4769 -0.8789 -0.0099
vn 0.3424 0.5479 -0.7632
vn -0.6219 -0.5798 0.5265
vn 0.5214 -0.8064 -0.2790
vn 0.0301 0.1295 -0.9911
vn -0.7290 0.6395 -0.2442
vn 0.1643 0.7661 -0.6214
vn 0.0440 0.9951 0.0883
vn 0.0512 -0.5714 0.8191
vn 0.7432 -0.6540 0.1411
vn -0.6830 -0.6181 -0.3893
vn 0.4520 0.7389 -0.4998
vn -0.5500 -0.6832 0.4803
vn 0.2500 0.9492 0.1913
vn -0.4055 -0.5194 0.7522
vn 0.0853 0.9912 -0.1017
vn 0.6130 -0.3232 0.7210
vn 0.3652 0.6242 0.6907
vn 0.2416 0.9701 0.0235
vn 0.6127 0.7734 -0.1629
vn 0.5241 0.6118 -0.5924
vn 0.3776 -0.7341 -0.5644
vn -0.5259 0.2888 -0.8000
vn 0.1553 0.9857 -0.0658
vn -0.3400 -0.0452 -0.9393
vn 0.0998 -0.1680 -0.9807
vn -0.3570 -0.4919 0.7941
vn -0.5557 0.4581 -0.6938
vn 0.1797 -0.8150 0.5509
vn -0.6120 -0.3993 0.6827
vn -0.0091 0.5787 -0.8155
vn 0.3485 -0.4302 -0.8327
vn 0.8782 -0.4779 -0.0185
vn -0.4624 0.7555 0.4641
vn 0.6103 0.1379 -0.7801
vn 0.1094 0.9940 0.0024
vn 0.5145 0.8367 0.1879
vn 0.1841 -0.7423 -0.6443
vn -0.1526 -0.0838 0.9847
vn 0.5610 0.3423 0.7538
vn -0.4459 0.5887 0.6742
vn 0.1695 0.0911 -0.9813
vn -0.2627 0.0932 0.9604
vn -0.5335 0.4245 -0.7315
vn 0.5582 -0.5248 0.6426
vn 0.1558 -0.8275 0.5395
vn 0.2635 0.8557 -0.4453
vn -0.4142 -0.8603 -0.2973
vn 0.2690 0.1704 -0.9480
vn 0.2378 0.9713 -0.0089
vn 0.9016 -0.1067 -0.4191
vn -0.0224 0.0196 -0.9996
vn 0.4903 0.7287 0.4782
vn 0.5311 0.5731 -0.6241
vn 0.4700 0.7249 0.5036
vn -0.0276 0.9590 -0.2819
vn 0.1625 0.5589 0.8131
vn 0.4183 0.6964 -0.5831
vn 0.0764 -0.8413 0.5351
vn -0.6250 0.7169 -0.3091
vn 0.4724 -0.0399 0.8805
vn -0.9125 0.4006 -0.0824
vn 0.4732 -0.0710 -0.8781
vn -0.8463 -0.3954 0.3570
vn -0.7826 -0.5998 0.1667
vn 0.5704 0.1255 -0.8117
vn -0.6679 0.6343 -0.3894
vn 0.7110 -0.2457 -0.6588
vn 0.0454 0.9782 0.2026
vn 0.7463 0.6403 0.1817
vn 0.3777 -0.5683 0.7310
vn -0.2571 0.6053 -0.7533
vn 0.8061 0.1589 0.5700
vn 0.2400 0.1410 -0.9605
vn 0.3770 -0.8814 -0.2845
vn 0.8675 0.4718 -0.1579
vn -0.8522 -0.5056 0.1347
vn 0.9587 0.1885 -0.2129
vn -0.8988 -0.4179 0.1323
vn -0.4301 0.5969 0.6773
vn 0.2942 0.8910 0.3458
vn -0.7415 0.2312 -0.6299
vn 0.4846 -0.3864 -0.7848
vn 0.2759 -0.2113 -0.9377
vn 0.1268 -0.8756 -0.4661
vn 0.0614 0.9953 0.0745
vn 0.5539 0.6206 0.5550
vn 0.8672 0.1844 0.4626
vn 0.8968 -0.4417 -0.0245
vn -0.5241 0.0228 -0.8513
vn 0.8715 0.4501 -0.1945
vn 0.4226 0.3773 -0.8241
vn -0.2240 0.8111 -0.5403
vn 0.6400 0.6991 0.3189
vn 0.8305 0.5258 0.1836
vn 0.2931 -0.0333 -0.9555
vn 0.0536 0.9816 0.1831
vn -0.9527 -0.2942 0.0768
vn 0.3221 -0.0183 0.9465
vn -0.5543 0.4729 -0.6849
vn 0.6015 -0.1739 -0.7797
vn -0.5297 0.7518 0.3928
vn 0.5377 -0.0445 0.8420
vn -0.1220 0.9608 0.2491
vn -0.0117 0.9968 0.0792
vn -0.1690 0.9807 -0.0979
vn 0.5214 -0.4733 0.7100
vn 0.0791 0.9921 0.0975
vn -0.8900 0.4485 -0.0825
vn -0.4731 0.8593 -0.1941
vn -0.3376 -0.6589 0.6722
vn 0.3099 0.5023 0.8072
vn -0.2119 0.9628 0.1675
vn -0.6467 0.4676 -0.6026
vn 0.9422 0.2650 0.2048
vn 0.7735 0.5663 -0.2848
vn 0.4557 0.8667 -0.2027
vn -0.0864 -0.6561 0.7497
vn -0.8602 0.0448 0.5080
vn 0.3039 -0.0890 0.9485
vn -0.5373 0.4962 -0.6819
vn 0.1880 -0.3779 0.9065
vn -0.2826 0.9266 0.2480
vn -0.9826 -0.0377 -0.1820
vn 0.5964 -0.4400 0.6714
vn -0.5590 -0.6645 -0.4959
vn 0.6026 -0.5817 -0.5463
vn -0.8072 0.4495 -0.3826
vn -0.5626 0.7562 0.3342
vn -0.9885 -0.0819 0.1273
vn 0.8706 0.4675 -0.1536
vn -0.4510 0.8662 0.2150
vn -0.8938 0.1629 0.4178
vn -0.1184 0.7778 0.6172
vn -0.7140 0.3306 0.6172
vn 0.8449 0.0122 0.5349
vn 0.7746 0.6208 0.1211
vn -0.2028 0.9332 0.2966
vn -0.5536 0.8313 -0.0495
vn 0.0501 0.9786 0.1996
vn -0.8433 -0.5269 -0.1053
vn 0.2170 0.7371 0.6400
vn 0.9471 -0.2894 -0.1387
vn 0.7440 0.2031 0.6366
vn 0.9263 0.3527 -0.1326
vn -0.4882 0.6425 0.5907
vn 0.7142 -0.2600 0.6498
vn -0.9696 0.1086 0.2195
vn 0.3734 -0.0503 0.9263
vn 0.3229 0.3041 -0.8963
vn -0.0587 0.9967 0.0564
vn 0.8169 -0.5028 0.2826
vn -0.5434 0.4528 -0.7069
vn 0.0084 -0.8257 0.5640
vn -0.1722 0.9830 -0.0642
vn -0.0680 0.6753 0.7344
vn -0.6358 -0.7394 -0.2214
vn 0.5515 -0.4545 0.6995
vn 0.9481 -0.2848 0.1413
vn -0.0757 0.1327 -0.9883
vn 0.6304 0.1040 -0.7693
vn 0.3634 0.9084 0.2066
vn -0.5045 -0.8622 -0.0460
vn -0.0613 -0.1306 0.9895
vn 0.4285 -0.2972 0.8533
vn 0.9524 -0.3031 -0.0313
vn 0.2723 0.0077 0.9622
vn 0.6412 -0.4686 0.6077
vn 0.1746 0.8810 -0.4398
vn -0.8595 -0.4648 -0.2125
vn 0.7133 -0.2306 -0.6618
vn -0.6791 -0.3816 0.6271
vn 0.6996 0.6467 -0.3039
vn 0.6493 0.4713 -0.5970
vn 0.9566 -0.2849 0.0614
vn -0.0189 0.9937 0.1104
vn 0.6446 0.7362 0.2062
vn -0.5193 0.8338 0.1872
vn 0.1664 0.9733 0.1582
vn 0.0164 -0.8657 -0.5003
vn 0.4213 0.2999 -0.8559
vn -0.8747 -0.0482 0.4823
vn 0.5961 -0.3813 -0.7066
vn -0.6791 -0.7110 0.1824
vn 0.7363 0.4813 -0.4756
vn 0.8842 0.1854 -0.4287
vn 0.8109 -0.3927 -0.4339
vn -0.4703 0.5917 0.6547
vn -0.8752 -0.4209 -0.2386
vn 0.4972 -0.4053 0.7671
vn 0.5757 0.6376 0.5119
vn -0.9616 0.2366 -0.1393
vn -0.1460 -0.9891 0.0212
vn -0.1486 0.9338 0.3256
vn 0.7870 0.5900 0.1803
vn -0.4514 0.8104 0.3734
vn 0.2990 -0.5193 0.8006
vn -0.9195 0.3897 0.0521
vn -0.1606 0.6350 -0.7556
vn 0.5127 -0.4363 0.7395
vn 0.0560 0.9059 -0.4198
vn -0.8731 0.4656 0.1448
vn 0.2349 0.9615 0.1426
vn -0.2844 0.9107 -0.2995
vn 0.8768 -0.4760 -0.0684
vn 0.6033 -0.7047 -0.3733
vn 0.8929 -0.1454 -0.4261
vn 0.4899 0.5165 0.7023
vn -0.2838 0.6677 -0.6882
vn -0.3539 -0.8233 0.4437
vn 0.9881 -0.1501 0.0335
vn 0.2618 0.1614 0.9515
vn 0.0162 0.9999 -0.0007
vn 0.4783 0.7040 0.5250
vn 0.0571 0.9096 0.4115
vn -0.2824 0.8944 0.3469
vn 0.8816 0.2774 -0.3818
vn -0.8740 -0.3801 0.3029
vn -0.2957 -0.1153 0.9483
vn -0.6076 0.4162 0.6764
vn -0.2398 0.6920 0.6809
vn 0.7716 -0.6111 -0.1765
vn -0.4458 0.8759 -0.1845
vn -0.0088 -0.2870 0.9579
vn 0.5631 0.5956 -0.5729
vn 0.3694 -0.6266 0.6862
vn 0.2277 -0.8136 -0.5350
vn 0.8454 0.5337 0.0191
vn -0.2935 -0.0260 0.9556
vn -0.2264 0.9461 -0.2315
vn 0.9845 0.1653 0.0594
vn 0.6402 -0.6095 -0.4676
vn -0.4108 -0.6889 0.5972
vn 0.9636 0.1477 -0.2230
vn 0.1186 0.9538 -0.2762
vn 0.1101 -0.8611 -0.4964
vn -0.6531 0.5804 -0.4864
vn -0.8049 -0.5723 0.1571
vn 0.2909 0.1002 0.9515
vn -0.8947 -0.1068 0.4336
vn 0.3068 0.1242 0.9436
vn 0.8939 0.3602 -0.2669
vn 0.8135 0.4649 -0.3493
vn 0.8175 0.5758 0.0131
vn -0.4739 -0.1857 0.8608
vn 0.9059 -0.1883 -0.3793
vn 0.3436 0.4381 0.8307
vn 0.7789 -0.6271 0.0013
vn 0.8310 -0.3070 -0.4639
vn 0.7547 0.5117 0.4107
vn 0.1639 0.7540 -0.6360
vn -0.3691 0.8713 -0.3235
vn 0.8368 0.3001 0.4579
vn 0.5289 -0.6287 0.5700
vn 0.0408 0.9565 -0.2889
vn -0.6683 0.5475 0.5037
vn -0.2644 0.8971 -0.3540
vn -0.8965 0.2635 -0.3561
vn -0.8324 0.4145 -0.3678
vn -0.5509 0.4510 -0.7022
vn 0.7291 -0.0160 -0.6842
vn 0.6618 0.5937 0.4577
vn 0.3799 0.2961 -0.8763
vn -0.6159 0.5554 -0.5587
vn 0.7075 0.5292 -0.4685
vn 0.4970 0.8312 -0.2492
vn -0.4814 0.8048 -0.3472
vn 0.1459 0.5360 -0.8315
vn -0.0821 0.9138 -0.3978
vn 0.9797 -0.2000 -0.0089
vn 0.5028 0.1524 0.8509
vn -0.9419 0.3173 0.1101
vn 0.7293 -0.3662 0.5780
vn -0.1886 -0.7050 -0.6837
vn 0.9683 0.0448 -0.2458
vn 0.6568 -0.4050 0.6361
vn 0.7707 0.5863 -0.2495
vn 0.6833 0.6527 0.3272
vn -0.0600 0.9937 -0.0942
vn -0.4261 0.8992 -0.0996
vn -0.0988 -0.0067 -0.9951
vn -0.5297 0.7586 0.3795
vn -0.0823 0.9606 -0.2656
vn 0.6439 0.6274 0.4379
vn 0.1566 0.9519 0.2633
vn -0.1218 0.1671 -0.9784
vn -0.9450 0.2593 0.1995
vn -0.5411 0.5704 -0.6180
vn -0.3206 -0.7745 0.5453
vn 0.6055 -0.0898 0.7907
vn -0.2549 0.9437 -0.2110
vn 0.2644 0.4945 0.8280
vn 0.7129 -0.6476 -0.2692
vn 0.4189 -0.3335 0.8446
vn -0.8383 -0.5360 0.0997
vn -0.0453 0.9990 0.0004
vn -0.6798 0.6948 -0.2347
vn -0.6802 0.1903 0.7079
vn 0.5117 0.7372 0.4412
vn -0.5869 -0.0365 0.8088
vn -0.4037 0.8760 0.2638
vn -0.4125 -0.8602 -0.2998
vn -0.5163 -0.1318 0.8462
vn 0.0546 0.1854 -0.9811
vn -0.1941 0.8925 0.4072
vn -0.5131 -0.8170 0.2632
vn 0.8790 0.1459 -0.4540
vn -0.6260 0.1151 0.7713
vn -0.9076 -0.0474 0.4171
vn 0.9308 0.0358 -0.3637
vn 0.4103 0.9090 -0.0734
vn -0.7624 -0.6470 -0.0112
vn -0.0368 0.9708 -0.2372
vn 0.5420 -0.4788 0.6907
vn 0.0675 -0.2580 0.9638
vn -0.6801 0.4705 0.5622
vn -0.4162 0.6337 -0.6521
vn 0.5497 0.8353 -0.0143
vn -0.5661 -0.6034 -0.5617
vn 0.7190 0.6541 0.2350
vn 0.9733 -0.2189 -0.0685
vn 0.1509 -0.5971 -0.7879
vn 0.0249 -0.9913 0.1296
vn -0.8898 -0.4190 -0.1807
vn 0.0204 0.9997 -0.0130
vn -0.9418 -0.1944 -0.2741
vn -0.1985 0.9750 -0.1002
vn -0.1241 -0.8221 0.5557
vn -0.4061 0.1087 0.9073
vn -0.3012 0.7235 0.6212
vn -0.0187 -0.8465 -0.5321
vn 0.0657 -0.4986 -0.8643
vn 0.4640 0.6533 -0.5983
vn -0.9399 -0.2338 0.2487
vn -0.4679 0.5824 -0.6647
vn 0.3932 0.8868 -0.2429
vn -0.0308 0.9037 -0.4270
vn 0.7805 0.3759 0.4994
vn -0.0952 -0.9136 0.3952
vn -0.4920 0.8582 0.1462
vn -0.5441 0.6891 0.4786
vn -0.7238 0.6887 -0.0421
vn 0.6432 0.4576 -0.6139
vn -0.0136 0.9950 -0.0994
vn -0.3563 -0.5087 0.7838
vn 0.2428 -0.5644 -0.7890
vn -0.7353 0.2938 0.6107
vn -0.9107 0.1163 -0.3964
vn 0.3046 -0.9525 -0.0022
vn -0.3008 0.6223 0.7227
vn 0.9380 -0.0440 0.3438
vn -0.7615 0.4869 -0.4279
vn -0.0353 0.9884 -0.1475
vn 0.5130 -0.7799 -0.3586
vn 0.1952 0.9478 -0.2523
vn 0.7360 0.2837 -0.6147
vn 0.4053 -0.8538 -0.3266
vn 0.1267 0.5399 -0.8321
vn 0.4660 -0.8564 -0.2224
vn 0.6465 0.7546 -0.1122
vn -0.3877 0.9166 0.0981
vn 0.3140 0.8608 0.4005
vn 0.2907 0.8500 0.4393
vn 0.5188 -0.4928 -0.6986
vn 0.3256 0.8643 0.3833
vn -0.8655 0.3777 0.3289
vn -0.4798 0.6956 0.5347
vn 0.4516 -0.3767 0.8088
vn -0.4760 0.8384 0.2655
vn -0.5859 0.3354 0.7377
vn -0.9653 -0.2603 0.0232
vn 0.4348 0.7792 -0.4515
vn -0.4486 0.3514 -0.8217
vn 0.6837 -0.0483 0.7282
vn 0.5435 0.6236 -0.5619
vn -0.1866 0.9630 -0.1946
vn -0.6560 0.7000 0.2824
vn -0.4734 -0.5004 0.7249
vn 0.4188 -0.8659 0.2737
vn -0.1465 0.1192 0.9820
vn -0.5792 0.1401 0.8031
vn 0.1248 0.9493 0.2887
vn 0.8813 0.3245 0.3435
vn -0.4192 -0.1509 -0.8953
vn -0.5651 0.4748 -0.6748
vn 0.4869 0.7965 -0.3585
vn 0.2374 -0.9246 -0.2980
vn -0.4336 0.3405 0.8343
vn 0.0836 0.9293 0.3596
vn 0.5885 -0.5787 0.5646
vn 0.6838 0.3423 -0.6444
vn -0.4209 0.6974 -0.5801
vn 0.1671 -0.0373 -0.9852
vn -0.2500 0.9477 0.1982
vn 0.0635 -0.9036 0.4236
vn -0.9781 0.1531 0.1409
vn -0.0560 0.9971 -0.0519
vn 0.0505 0.9570 0.2857
vn -0.2694 -0.8692 -0.4147
vn -0.4987 0.3723 -0.7828
vn 0.2052 0.3867 0.8991
vn -0.3133 0.9244 0.2175
vn 0.7917 -0.5089 0.3380
vn 0.1853 -0.3278 0.9264
vn -0.1022 0.2339 0.9669
vn -0.0084 -0.9181 -0.3962
vn 0.4363 0.8115 0.3887
vn -0.5652 0.5405 -0.6233
vn -0.1283 0.9312 0.3411
vn 0.6472 0.6819 0.3407
vn 0.9731 -0.0019 -0.2305
vn -0.0590 0.8731 0.4839
vn 0.8193 0.1041 0.5638
vn 0.5718 0.0707 0.8173
vn -0.4238 -0.9051 0.0352
vn 0.2736 0.9615 0.0254
vn 0.9067 0.2946 -0.3019
vn 0.8475 -0.5055 0.1616
vn 0.3589 0.9332 0.0182
vn -0.4802 0.8434 0.2413
vn -0.9160 -0.3976 -0.0528
vn 0.9153 0.1694 -0.3655
vn -0.9403 0.3395 0.0230
vn -0.5182 0.7332 -0.4402
vn -0.1155 0.9394 -0.3228
vn -0.9360 -0.3521 0.0030
vn -0.1161 0.9856 0.1227
vn -0.2760 -0.2121 -0.9375
vn 0.1860 -0.1548 -0.9703
vn -0.2210 0.9233 -0.3142
vn 0.7098 0.6866 0.1572
vn 0.5706 0.0966 0.8156
vn 0.3439 -0.7467 0.5694
vn 0.2313 0.9718 -0.0456
vn 0.3016 0.9427 -0.1425
vn -0.1304 0.9720 0.1954
vn 0.1907 0.9620 0.1954
vn -0.3682 0.5955 -0.7140
vn 0.1963 0.5084 0.8384
vn 0.1724 0.4076 0.8968
vn -0.4040 0.4139 0.8158
vn -0.4387 0.4119 0.7987
vn 0.8527 0.1823 0.4895
vn 0.9070 0.2856 0.3095
vn 0.5584 0.4727 0.6817
vn 0.5353 0.4544 0.7121
vn 0.2291 0.5199 0.8229
vn 0.5177 0.3641 0.7742
vn 0.2194 0.4655 -0.8574
vn 0.2405 0.4405 -0.8650
vn 0.9403 0.3014 0.1582
vn 0.9427 0.3328 -0.0231
vn -0.5930 0.5582 -0.5803
vn -0.5848 0.5940 -0.5525
vn 0.5796 0.4579 -0.6741
vn 0.5344 0.4623 -0.7076
vn 0.9666 0.2555 -0.0205
vn 0.9766 0.2108 -0.0437
vn -0.7491 0.4545 0.4819
vn -0.7565 0.4487 0.4758
vn 0.9284 0.2950 -0.2258
vn 0.9055 0.3471 -0.2441
vn -0.5992 0.6667 -0.4432
vn -0.6228 0.6740 -0.3973
vn 0.1312 0.4822 0.8662
vn 0.0914 0.4785 0.8733
vn 0.7104 0.4741 0.5202
vn 0.6490 0.4869 0.5846
vn 0.4091 0.4321 -0.8037
vn 0.3707 0.4034 -0.8366
vn -0.6592 0.4548 0.5989
vn -0.5616 0.6264 0.5406
vn 0.7248 0.5027 0.4711
vn -0.8184 0.4069 -0.4059
vn 0.2919 0.4769 0.8291
vn 0.4463 0.4005 0.8003
vn 0.3373 0.4588 -0.8220
vn 0.1413 0.5211 -0.8417
vn 0.7120 0.5460 -0.4415
vn 0.7628 0.4062 -0.5031
vn 0.6929 0.5712 -0.4399
vn -0.8167 0.4471 0.3648
vn -0.9186 0.3936 -0.0347
vn -0.8259 0.5638 -0.0008
vn -0.7857 0.5623 -0.2578
vn -0.8131 0.5317 -0.2371
vn -0.1352 0.4055 0.9040
vn -0.1646 0.4174 0.8937
vn -0.4777 0.4036 -0.7803
vn -0.4897 0.4561 -0.7430
vn -0.4214 0.5249 -0.7395
vn 0.9060 0.3234 0.2730
vn -0.3873 0.4940 0.7785
vn -0.8069 0.5117 -0.2950
vn -0.8068 0.5327 -0.2556
vn -0.8587 0.3685 0.3562
vn 0.9007 0.3922 -0.1868
vn -0.7575 0.6223 0.1971
vn -0.8725 0.4821 0.0787
vn -0.7561 0.6080 0.2421
vn -0.8222 0.4810 0.3043
vn -0.3959 0.3959 -0.8286
vn 0.5765 0.1007 -0.8109
vn 0.6897 0.6592 -0.2996
vn 0.6353 0.7324 -0.2448
vn 0.4777 0.4306 -0.7658
vn 0.9298 0.3607 -0.0734
vn 0.0155 0.4181 0.9083
vn 0.7718 0.5355 0.3430
vn 0.8999 0.3999 0.1740
vn 0.9000 0.4230 0.1051
vn -0.1072 0.7349 -0.6697
vn -0.1644 0.5400 -0.8254
vn 0.0212 0.5490 -0.8356
vn -0.0261 0.4265 -0.9041
vn -0.2923 0.4965 0.8174
vn -0.3021 0.5207 0.7985
vn -0.5987 0.4928 0.6315
vn -0.4548 0.4082 0.7915
vn 0.7996 0.4716 0.3718
vn -0.1696 0.7352 -0.6563
vn -0.1672 0.6776 -0.7162
vn 0.0612 0.4799 0.8752
vn 0.0680 0.5785 -0.8129
vn -0.9227 0.3714 0.1033
vn 0.9056 0.3294 0.2672
vn -0.4203 0.4808 -0.7695
vn 0.0802 0.4799 -0.8736
vn -0.2060 0.6073 -0.7673
vn -0.4508 0.5019 -0.7381
vn -0.6583 0.3644 -0.6587
vn -0.6103 0.6324 -0.4770
vn -0.6151 0.2653 -0.7425
vn 0.7510 0.5148 -0.4135
vn -0.5605 0.4864 0.6702
vn 0.4887 0.4149 0.7675
vn 0.5775 0.4704 0.6672
vn 0.9136 0.3748 -0.1578
vn -0.8070 0.4610 0.3690
vn -0.9301 0.3662 0.0280
vn 0.8669 0.2541 0.4288
vn 0.5894 0.4129 0.6944
vn -0.7708 0.6045 -0.2011
vn 0.0447 0.4456 0.8941
vn 0.5385 0.4294 -0.7250
vn 0.5990 0.3854 -0.7019
vn 0.7452 0.4510 -0.4912
vn 0.7207 0.4779 -0.5021
vn 0.6996 0.6116 -0.3695
vn 0.8595 0.1937 0.4731
vn -0.0679 0.4859 -0.8713
vn 0.6581 0.7459 -0.1028
vn 0.7818 0.3712 -0.5010
vn -0.1569 0.6389 -0.7531
vn 0.5914 0.4898 0.6407
vn 0.6955 0.4193 -0.5835
vn -0.1556 0.6055 -0.7805
vn -0.2429 0.4679 0.8498
vn 0.8454 0.5083 -0.1640
vn -0.0103 0.4219 -0.9066
vt 0.945805 0.852533
vt 0.912184 0.858409
vt 0.915916 0.848319
vt 0.097534 0.041735
vt 0.096287 0.043360
vt 0.095121 0.040528
vt 0.094976 0.041748
vt 0.097568 0.044097
vt 0.097892 0.051841
vt 0.097892 0.044500
vt 0.094879 0.044525
vt 0.980308 0.956655
vt 0.983547 0.959008
vt 0.983077 0.958792
vt 0.527279 0.963946
vt 0.527279 0.965773
vt 0.526938 0.964335
vt 0.003902 0.524775
vt 0.008656 0.542224
vt 0.003014 0.527413
vt 0.732496 0.954747
vt 0.733614 0.953483
vt 0.734223 0.954353
vt 0.983321 0.960835
vt 0.980819 0.962833
vt 0.980534 0.962860
vt 0.381672 0.973791
vt 0.393429 0.966087
vt 0.384913 0.975226
vt 0.385202 0.975359
vt 0.393429 0.985482
vt 0.435692 0.013036
vt 0.447414 0.025546
vt 0.432258 0.012762
vt 0.384730 0.991745
vt 0.980895 0.922011
vt 0.980952 0.939154
vt 0.980895 0.939435
vt 0.687007 0.947066
vt 0.689373 0.955667
vt 0.680205 0.953839
vt 0.959911 0.531456
vt 0.968447 0.523763
vt 0.968341 0.531714
vt 0.966754 0.514055
vt 0.969330 0.520004
vt 0.969697 0.522276
vt 0.113333 0.441455
vt 0.118590 0.452656
vt 0.109270 0.450765
vt 0.964269 0.530004
vt 0.125488 0.462556
vt 0.121265 0.474468
vt 0.114671 0.460693
vt 0.105259 0.460872
vt 0.110615 0.467821
vt 0.097968 0.471292
vt 0.929486 0.536833
vt 0.957785 0.536997
vt 0.930125 0.541707
vt 0.951949 0.528972
vt 0.931463 0.528253
vt 0.913189 0.528241
vt 0.930153 0.516670
vt 0.070663 0.319751
vt 0.072732 0.351141
vt 0.063401 0.327390
vt 0.100349 0.421906
vt 0.088798 0.423314
vt 0.089469 0.392498
vt 0.067086 0.290749
vt 0.060474 0.295828
vt 0.054872 0.288057
vt 0.255492 0.311910
vt 0.276083 0.304763
vt 0.266627 0.328399
vt 0.871185 0.282857
vt 0.851327 0.269915
vt 0.864668 0.266984
vt 0.858166 0.291845
vt 0.215863 0.968891
vt 0.215864 0.968845
vt 0.215864 0.968906
vt 0.348433 0.858082
vt 0.358532 0.833504
vt 0.366264 0.843487
vt 0.906715 0.307271
vt 0.903156 0.322055
vt 0.894584 0.310727
vt 0.834305 0.926944
vt 0.830172 0.928104
vt 0.828971 0.926311
vt 0.532431 0.328063
vt 0.560785 0.353222
vt 0.509540 0.365346
vt 0.836574 0.687258
vt 0.841665 0.716391
vt 0.809566 0.713970
vt 0.765201 0.752011
vt 0.772457 0.731874
vt 0.760344 0.731546
vt 0.777014 0.722012
vt 0.502113 0.321255
vt 0.734961 0.740860
vt 0.728568 0.745452
vt 0.734400 0.739129
vt 0.097559 0.037556
vt 0.095212 0.037556
vt 0.096305 0.030718
vt 0.735513 0.733761
vt 0.118004 0.737078
vt 0.093665 0.756464
vt 0.054323 0.730465
vt 0.536718 0.029097
vt 0.537580 0.029097
vt 0.536750 0.029136
vt 0.980905 0.967266
vt 0.980943 0.966436
vt 0.980943 0.967299
vt 0.034233 0.934421
vt 0.054604 0.908184
vt 0.051534 0.936086
vt 0.258863 0.002502
vt 0.245950 0.018848
vt 0.243398 0.002502
vt 0.923902 0.329127
vt 0.942869 0.344469
vt 0.924894 0.341644
vt 0.676939 0.511547
vt 0.664406 0.495921
vt 0.676503 0.491903
vt 0.611395 0.515198
vt 0.608791 0.520886
vt 0.604822 0.510473
vt 0.633842 0.935233
vt 0.622131 0.938547
vt 0.625828 0.934910
vt 0.602848 0.532335
vt 0.575001 0.542371
vt 0.580235 0.528187
vt 0.627884 0.440879
vt 0.616200 0.425775
vt 0.624603 0.419897
vt 0.262857 0.025304
vt 0.264169 0.036175
vt 0.250608 0.026560
vt 0.677871 0.467661
vt 0.686274 0.478236
vt 0.673196 0.478716
vt 0.631898 0.911337
vt 0.647408 0.899327
vt 0.659846 0.908552
vt 0.554103 0.467063
vt 0.541312 0.464048
vt 0.556236 0.456321
vt 0.106010 0.519683
vt 0.113188 0.521861
vt 0.115240 0.534220
vt 0.123673 0.515920
vt 0.123459 0.531563
vt 0.526939 0.961250
vt 0.528193 0.954412
vt 0.529286 0.961250
vt 0.743078 0.744874
vt 0.095412 0.027108
vt 0.095366 0.027109
vt 0.095351 0.027108
vt 0.866901 0.121879
vt 0.893556 0.136673
vt 0.858795 0.142545
vt 0.118644 0.641652
vt 0.100719 0.632129
vt 0.113167 0.622506
vt 0.640826 0.580060
vt 0.628831 0.567742
vt 0.640522 0.555404
vt 0.604709 0.430157
vt 0.623992 0.446518
vt 0.594568 0.434351
vt 0.610632 0.445685
vt 0.634346 0.455505
vt 0.625916 0.460033
vt 0.615135 0.977060
vt 0.588966 0.966809
vt 0.620027 0.952020
vt 0.605247 0.460875
vt 0.640462 0.469228
vt 0.599701 0.462864
vt 0.738221 0.538944
vt 0.754592 0.534671
vt 0.752736 0.548267
vt 0.697853 0.589039
vt 0.692930 0.571022
vt 0.708221 0.578201
vt 0.025709 0.923594
vt 0.022640 0.896996
vt 0.046410 0.896385
vt 0.708470 0.482136
vt 0.713069 0.497545
vt 0.696274 0.493114
vt 0.609336 0.105580
vt 0.639445 0.084881
vt 0.641248 0.105989
vt 0.919294 0.452470
vt 0.911061 0.461960
vt 0.901412 0.449124
vt 0.391457 0.962883
vt 0.371992 0.967530
vt 0.371877 0.956830
vt 0.283224 0.970899
vt 0.291809 0.954692
vt 0.311438 0.968969
vt 0.159095 0.919465
vt 0.141834 0.905525
vt 0.159167 0.907631
vt 0.163753 0.633776
vt 0.155998 0.640730
vt 0.150632 0.629991
vt 0.541977 0.909372
vt 0.562940 0.899524
vt 0.560983 0.917610
vt 0.036972 0.818292
vt 0.057880 0.808508
vt 0.049035 0.823991
vt 0.194096 0.967888
vt 0.191145 0.954792
vt 0.204912 0.961248
vt 0.190052 0.914137
vt 0.184249 0.889963
vt 0.198504 0.911151
vt 0.510499 0.087885
vt 0.526348 0.074044
vt 0.528575 0.081705
vt 0.203524 0.223504
vt 0.220146 0.230524
vt 0.209405 0.242921
vt 0.645783 0.679326
vt 0.648361 0.669443
vt 0.669084 0.673226
vt 0.390369 0.894032
vt 0.394770 0.861462
vt 0.413321 0.858133
vt 0.677445 0.107729
vt 0.657547 0.096653
vt 0.681924 0.090297
vt 0.655609 0.983601
vt 0.634550 0.990436
vt 0.648519 0.973767
vt 0.172106 0.054702
vt 0.159474 0.061157
vt 0.153494 0.054113
vt 0.544760 0.926587
vt 0.540783 0.919362
vt 0.550246 0.919594
vt 0.570709 0.523726
vt 0.052795 0.044722
vt 0.062393 0.030564
vt 0.066095 0.046771
vt 0.915416 0.661550
vt 0.924891 0.664685
vt 0.898913 0.676690
vt 0.045721 0.975942
vt 0.072575 0.981918
vt 0.054933 0.989873
vt 0.065542 0.769936
vt 0.045127 0.786021
vt 0.053075 0.776458
vt 0.659417 0.920188
vt 0.644633 0.916803
vt 0.643221 0.927126
vt 0.710632 0.775848
vt 0.733605 0.771916
vt 0.716335 0.795459
vt 0.585279 0.352881
vt 0.568052 0.326882
vt 0.574664 0.322458
vt 0.189695 0.710899
vt 0.186898 0.700605
vt 0.212744 0.710111
vt 0.470171 0.531630
vt 0.515890 0.538460
vt 0.496445 0.549030
vt 0.613957 0.602948
vt 0.611203 0.592844
vt 0.629642 0.595695
vt 0.489414 0.615864
vt 0.493348 0.594831
vt 0.510681 0.601023
vt 0.294420 0.653806
vt 0.323565 0.658500
vt 0.310530 0.667033
vt 0.769528 0.516383
vt 0.448628 0.725791
vt 0.422874 0.719874
vt 0.435122 0.712192
vt 0.156963 0.103334
vt 0.167793 0.093039
vt 0.174423 0.108450
vt 0.148031 0.446340
vt 0.142750 0.446560
vt 0.144748 0.433191
vt 0.143013 0.473085
vt 0.136397 0.466849
vt 0.145627 0.463939
vt 0.786503 0.538872
vt 0.798891 0.535953
vt 0.781350 0.557559
vt 0.756191 0.597611
vt 0.757095 0.589528
vt 0.772843 0.600455
vt 0.431669 0.070111
vt 0.441753 0.069260
vt 0.437106 0.080211
vt 0.098874 0.099562
vt 0.085008 0.109021
vt 0.081749 0.093615
vt 0.951454 0.557902
vt 0.950649 0.550491
vt 0.043341 0.414499
vt 0.052029 0.410080
vt 0.051402 0.423095
vt 0.181228 0.089158
vt 0.190169 0.095807
vt 0.230391 0.104899
vt 0.237569 0.091365
vt 0.244857 0.105894
vt 0.897673 0.792395
vt 0.922870 0.812959
vt 0.906799 0.813221
vt 0.078633 0.673289
vt 0.088638 0.668198
vt 0.087088 0.679441
vt 0.689646 0.472632
vt 0.960241 0.716263
vt 0.962637 0.733627
vt 0.949199 0.718702
vt 0.668466 0.950392
vt 0.674972 0.956601
vt 0.662875 0.960044
vt 0.882625 0.847163
vt 0.882490 0.858760
vt 0.868154 0.854055
vt 0.663088 0.352222
vt 0.639318 0.337899
vt 0.664418 0.336006
vt 0.888498 0.785474
vt 0.884414 0.796717
vt 0.874771 0.784978
vt 0.090628 0.580961
vt 0.108190 0.588346
vt 0.077236 0.591111
vt 0.709377 0.598666
vt 0.725212 0.586787
vt 0.727435 0.601406
vt 0.366745 0.900869
vt 0.358249 0.866599
vt 0.378551 0.856696
vt 0.353495 0.957679
vt 0.880247 0.037316
vt 0.873440 0.026717
vt 0.889342 0.030265
vt 0.364970 0.075007
vt 0.366111 0.077379
vt 0.344864 0.082389
vt 0.349984 0.077152
vt 0.770293 0.145008
vt 0.739783 0.137725
vt 0.761412 0.119933
vt 0.909317 0.398202
vt 0.917324 0.417189
vt 0.904469 0.413963
vt 0.970802 0.219480
vt 0.992985 0.222962
vt 0.976866 0.225552
vt 0.672567 0.968331
vt 0.662944 0.968317
vt 0.016576 0.045912
vt 0.015942 0.033181
vt 0.032578 0.049520
vt 0.239231 0.126080
vt 0.238165 0.116138
vt 0.244904 0.116746
vt 0.884113 0.111440
vt 0.871477 0.112111
vt 0.877590 0.097619
vt 0.256511 0.853278
vt 0.271514 0.830952
vt 0.284009 0.853537
vt 0.901289 0.129545
vt 0.896377 0.129311
vt 0.884172 0.101194
vt 0.158056 0.868750
vt 0.175477 0.858854
vt 0.171435 0.876791
vt 0.124806 0.893960
vt 0.123519 0.907064
vt 0.117551 0.900653
vt 0.066025 0.968230
vt 0.053285 0.952152
vt 0.067170 0.946539
vt 0.051984 0.749762
vt 0.022624 0.734929
vt 0.853787 0.231495
vt 0.841713 0.247122
vt 0.837043 0.219789
vt 0.438424 0.205530
vt 0.425355 0.190553
vt 0.445649 0.197206
vt 0.341078 0.652832
vt 0.356213 0.659343
vt 0.341371 0.671737
vt 0.822122 0.499786
vt 0.821578 0.481984
vt 0.830397 0.484782
vt 0.366440 0.630906
vt 0.388524 0.630329
vt 0.375257 0.653843
vt 0.110968 0.480902
vt 0.086119 0.471180
vt 0.097705 0.488499
vt 0.076358 0.490605
vt 0.172212 0.711722
vt 0.548650 0.626350
vt 0.555937 0.648058
vt 0.546263 0.641745
vt 0.322518 0.637722
vt 0.295996 0.638294
vt 0.293882 0.608934
vt 0.618747 0.008041
vt 0.622906 0.013127
vt 0.590211 0.009695
vt 0.008759 0.542895
vt 0.034287 0.554359
vt 0.032717 0.554716
vt 0.345191 0.078057
vt 0.937508 0.219964
vt 0.950394 0.219166
vt 0.943503 0.245881
vt 0.987712 0.184815
vt 0.975293 0.187170
vt 0.968814 0.179587
vt 0.735639 0.727728
vt 0.751240 0.724095
vt 0.746796 0.735889
vt 0.228472 0.970677
vt 0.221305 0.942739
vt 0.226888 0.939405
vt 0.153386 0.653678
vt 0.170126 0.645085
vt 0.160210 0.663977
vt 0.948977 0.191382
vt 0.940913 0.182588
vt 0.957596 0.176763
vt 0.741075 0.155228
vt 0.729488 0.167543
vt 0.055289 0.206538
vt 0.069080 0.211867
vt 0.063782 0.220739
vt 0.204170 0.081110
vt 0.187052 0.081263
vt 0.022855 0.534563
vt 0.734276 0.805204
vt 0.723310 0.814343
vt 0.740312 0.784127
vt 0.684320 0.343788
vt 0.680925 0.362872
vt 0.664724 0.356291
vt 0.739584 0.526460
vt 0.727566 0.538805
vt 0.700316 0.519120
vt 0.092085 0.900553
vt 0.099808 0.888017
vt 0.117087 0.887508
vt 0.501599 0.703078
vt 0.494070 0.713831
vt 0.481033 0.705661
vt 0.712748 0.151518
vt 0.717085 0.126689
vt 0.643347 0.153775
vt 0.619769 0.144635
vt 0.638316 0.138947
vt 0.872190 0.834011
vt 0.884031 0.839445
vt 0.870706 0.842243
vt 0.688685 0.967802
vt 0.681309 0.959706
vt 0.218336 0.645973
vt 0.215699 0.667721
vt 0.204404 0.657042
vt 0.474408 0.917734
vt 0.479857 0.937583
vt 0.460502 0.909253
vt 0.350480 0.940871
vt 0.340137 0.916576
vt 0.364531 0.930162
vt 0.281529 0.888749
vt 0.267127 0.916019
vt 0.256218 0.883559
vt 0.263395 0.110767
vt 0.251730 0.126604
vt 0.256062 0.096315
vt 0.950778 0.615505
vt 0.954553 0.637434
vt 0.927657 0.619208
vt 0.304845 0.523894
vt 0.310586 0.492964
vt 0.324746 0.517321
vt 0.345053 0.619365
vt 0.354558 0.641827
vt 0.185063 0.628497
vt 0.197191 0.614796
vt 0.189570 0.633701
vt 0.932790 0.136102
vt 0.931166 0.153692
vt 0.924765 0.138893
vt 0.674435 0.685767
vt 0.682230 0.675647
vt 0.684990 0.680304
vt 0.676029 0.686610
vt 0.192427 0.609908
vt 0.940605 0.132794
vt 0.952935 0.132471
vt 0.946716 0.145489
vt 0.077772 0.942144
vt 0.093213 0.934614
vt 0.110421 0.941901
vt 0.066786 0.905134
vt 0.081399 0.906317
vt 0.072224 0.921367
vt 0.751203 0.196384
vt 0.752416 0.208464
vt 0.741863 0.197494
vt 0.905878 0.344688
vt 0.889937 0.341257
vt 0.898437 0.332410
vt 0.946975 0.590561
vt 0.923415 0.591159
vt 0.933394 0.577831
vt 0.307943 0.238890
vt 0.323744 0.229129
vt 0.307461 0.249450
vt 0.059543 0.831085
vt 0.057315 0.860781
vt 0.055390 0.875640
vt 0.043248 0.849694
vt 0.738542 0.081211
vt 0.726765 0.108576
vt 0.719601 0.091820
vt 0.443964 0.225343
vt 0.464472 0.200752
vt 0.467963 0.214227
vt 0.917233 0.678763
vt 0.925880 0.671101
vt 0.933311 0.691307
vt 0.890424 0.761922
vt 0.898538 0.772158
vt 0.459903 0.255200
vt 0.441570 0.237379
vt 0.481710 0.249478
vt 0.494197 0.283296
vt 0.473422 0.288174
vt 0.488038 0.279449
vt 0.928727 0.735018
vt 0.917979 0.722780
vt 0.933077 0.718116
vt 0.139168 0.027850
vt 0.129941 0.027079
vt 0.135935 0.020863
vt 0.212704 0.640950
vt 0.914475 0.056289
vt 0.904708 0.061957
vt 0.908046 0.047415
vt 0.779382 0.123189
vt 0.791155 0.105797
vt 0.818688 0.073406
vt 0.805921 0.096009
vt 0.803786 0.080763
vt 0.648761 0.523738
vt 0.638279 0.522032
vt 0.662808 0.514873
vt 0.630017 0.555714
vt 0.615131 0.560680
vt 0.617831 0.539492
vt 0.706694 0.118852
vt 0.668653 0.122901
vt 0.673586 0.135642
vt 0.655473 0.143715
vt 0.947973 0.733542
vt 0.940899 0.730998
vt 0.944474 0.716779
vt 0.955330 0.776247
vt 0.942571 0.772549
vt 0.955924 0.761899
vt 0.873531 0.204092
vt 0.864415 0.185888
vt 0.901534 0.208846
vt 0.294877 0.981344
vt 0.503551 0.276035
vt 0.520880 0.274374
vt 0.293456 0.575176
vt 0.321839 0.610607
vt 0.279700 0.581229
vt 0.932975 0.407879
vt 0.941987 0.400797
vt 0.947646 0.418955
vt 0.935684 0.387822
vt 0.925348 0.405235
vt 0.919782 0.387833
vt 0.059437 0.744503
vt 0.549600 0.282664
vt 0.490950 0.305314
vt 0.502073 0.293684
vt 0.555952 0.264722
vt 0.529569 0.274797
vt 0.549724 0.255810
vt 0.321477 0.465806
vt 0.336590 0.487229
vt 0.315259 0.485749
vt 0.933371 0.175310
vt 0.952979 0.173199
vt 0.471727 0.904873
vt 0.460869 0.900212
vt 0.475985 0.884443
vt 0.342686 0.903361
vt 0.900163 0.509525
vt 0.897677 0.519128
vt 0.890688 0.512897
vt 0.631647 0.159677
vt 0.611544 0.171805
vt 0.614523 0.153655
vt 0.946114 0.121019
vt 0.939184 0.121707
vt 0.965724 0.658977
vt 0.963233 0.644059
vt 0.978484 0.644085
vt 0.800148 0.133807
vt 0.810041 0.108717
vt 0.749711 0.045975
vt 0.760832 0.058953
vt 0.749310 0.060070
vt 0.583277 0.614654
vt 0.586455 0.606017
vt 0.599097 0.602137
vt 0.584294 0.553105
vt 0.606788 0.539690
vt 0.357255 0.571420
vt 0.358469 0.584570
vt 0.351956 0.585286
vt 0.337260 0.516164
vt 0.345050 0.520705
vt 0.350496 0.534709
vt 0.136494 0.436723
vt 0.886826 0.330965
vt 0.102918 0.229822
vt 0.079251 0.231499
vt 0.079044 0.217607
vt 0.604081 0.621710
vt 0.600233 0.613411
vt 0.608746 0.598532
vt 0.153946 0.691972
vt 0.159001 0.695883
vt 0.151225 0.702665
vt 0.163540 0.677638
vt 0.149079 0.671393
vt 0.460126 0.883528
vt 0.392224 0.639362
vt 0.399166 0.676267
vt 0.383303 0.663082
vt 0.387046 0.244952
vt 0.407221 0.220934
vt 0.415652 0.236126
vt 0.043636 0.884041
vt 0.039762 0.854095
vt 0.051105 0.879710
vt 0.017714 0.476614
vt 0.045747 0.495812
vt 0.023690 0.493018
vt 0.512775 0.204369
vt 0.515595 0.192533
vt 0.530243 0.202215
vt 0.586224 0.264909
vt 0.594790 0.248987
vt 0.604225 0.259827
vt 0.930964 0.025853
vt 0.952387 0.026517
vt 0.961306 0.032079
vt 0.077406 0.113546
vt 0.067474 0.121266
vt 0.061784 0.111191
vt 0.766846 0.584265
vt 0.776845 0.589391
vt 0.726941 0.561016
vt 0.730566 0.548393
vt 0.744431 0.561902
vt 0.013068 0.480640
vt 0.016016 0.508642
vt 0.005443 0.486563
vt 0.959113 0.089422
vt 0.958620 0.101597
vt 0.952339 0.093204
vt 0.189548 0.433656
vt 0.175664 0.423657
vt 0.200853 0.400097
vt 0.242491 0.385168
vt 0.253569 0.338425
vt 0.262558 0.352925
vt 0.913086 0.072922
vt 0.944543 0.070843
vt 0.948139 0.074074
vt 0.937053 0.078442
vt 0.450020 0.305741
vt 0.450578 0.296670
vt 0.456397 0.298821
vt 0.738951 0.117316
vt 0.755477 0.104074
vt 0.456923 0.953469
vt 0.473190 0.960884
vt 0.445860 0.969961
vt 0.034781 0.833001
vt 0.025645 0.821218
vt 0.943859 0.513846
vt 0.953420 0.512081
vt 0.948384 0.521275
vt 0.901782 0.853598
vt 0.570850 0.275718
vt 0.577615 0.266096
vt 0.585742 0.280625
vt 0.272961 0.456558
vt 0.275467 0.470103
vt 0.262164 0.452784
vt 0.755161 0.029616
vt 0.768864 0.044284
vt 0.802939 0.282501
vt 0.807001 0.270934
vt 0.816425 0.283800
vt 0.296647 0.515748
vt 0.283607 0.520733
vt 0.288924 0.507259
vt 0.259210 0.488058
vt 0.251638 0.465637
vt 0.022098 0.844726
vt 0.018533 0.832493
vt 0.032106 0.863316
vt 0.305964 0.680816
vt 0.329882 0.679402
vt 0.337394 0.699859
vt 0.886263 0.022016
vt 0.899535 0.025981
vt 0.325169 0.217422
vt 0.313980 0.215129
vt 0.323746 0.201651
vt 0.207674 0.180867
vt 0.221983 0.175567
vt 0.216162 0.188894
vt 0.155425 0.740172
vt 0.158707 0.724608
vt 0.171235 0.727951
vt 0.588007 0.816173
vt 0.556174 0.806041
vt 0.594196 0.799571
vt 0.546980 0.821944
vt 0.585371 0.830407
vt 0.578248 0.833964
vt 0.564666 0.933355
vt 0.563234 0.947137
vt 0.544169 0.943936
vt 0.533178 0.620897
vt 0.514726 0.661240
vt 0.500773 0.625003
vt 0.633813 0.821187
vt 0.641540 0.804019
vt 0.646608 0.823894
vt 0.608474 0.928973
vt 0.614823 0.941792
vt 0.593876 0.933531
vt 0.532541 0.540899
vt 0.534734 0.560696
vt 0.544508 0.555106
vt 0.540499 0.537779
vt 0.559512 0.548151
vt 0.560391 0.589782
vt 0.557370 0.563357
vt 0.577141 0.570577
vt 0.500325 0.565986
vt 0.496959 0.579602
vt 0.486169 0.572213
vt 0.569576 0.614989
vt 0.570607 0.622624
vt 0.558689 0.616475
vt 0.531789 0.782067
vt 0.570393 0.773781
vt 0.578945 0.786731
vt 0.634481 0.788381
vt 0.659818 0.807186
vt 0.627774 0.796049
vt 0.559557 0.251442
vt 0.534163 0.239087
vt 0.544774 0.230460
vt 0.536707 0.264254
vt 0.530161 0.250758
vt 0.523826 0.518037
vt 0.527730 0.533895
vt 0.508750 0.529445
vt 0.142954 0.522138
vt 0.137646 0.531736
vt 0.095266 0.664304
vt 0.099585 0.652979
vt 0.102798 0.664285
vt 0.239674 0.256474
vt 0.220968 0.265393
vt 0.232168 0.239383
vt 0.841748 0.432029
vt 0.875219 0.463731
vt 0.860554 0.460674
vt 0.972232 0.355045
vt 0.963018 0.361052
vt 0.973846 0.333514
vt 0.867526 0.302733
vt 0.856073 0.310836
vt 0.890978 0.295312
vt 0.877951 0.297618
vt 0.027182 0.525634
vt 0.052113 0.515623
vt 0.029585 0.533979
vt 0.065901 0.526178
vt 0.052898 0.526616
vt 0.713368 0.544348
vt 0.704134 0.562315
vt 0.681540 0.539784
vt 0.663803 0.544052
vt 0.665321 0.524365
vt 0.285503 0.189775
vt 0.284437 0.179013
vt 0.295807 0.186307
vt 0.359281 0.389884
vt 0.363906 0.366410
vt 0.401263 0.373800
vt 0.467253 0.068974
vt 0.469928 0.069051
vt 0.466998 0.071326
vt 0.358029 0.552815
vt 0.360667 0.543946
vt 0.370130 0.549135
vt 0.509677 0.183402
vt 0.646852 0.448834
vt 0.627280 0.981019
vt 0.034180 0.185391
vt 0.022517 0.184797
vt 0.032930 0.159034
vt 0.024569 0.160520
vt 0.016729 0.168165
vt 0.018077 0.154581
vt 0.669115 0.518539
vt 0.665764 0.508904
vt 0.950128 0.363248
vt 0.927604 0.360484
vt 0.885834 0.491872
vt 0.887312 0.500172
vt 0.872914 0.492151
vt 0.884659 0.484103
vt 0.875138 0.474927
vt 0.467970 0.941965
vt 0.077493 0.988982
vt 0.091701 0.979396
vt 0.214251 0.892522
vt 0.216976 0.881164
vt 0.224953 0.896462
vt 0.605397 0.296026
vt 0.611307 0.286951
vt 0.654495 0.293088
vt 0.079764 0.453098
vt 0.089048 0.450583
vt 0.084861 0.462991
vt 0.093825 0.463213
vt 0.108486 0.450983
vt 0.306170 0.449870
vt 0.301888 0.422595
vt 0.318945 0.448858
vt 0.538728 0.196549
vt 0.530109 0.186096
vt 0.541391 0.188847
vt 0.094640 0.254238
vt 0.089911 0.243175
vt 0.107692 0.251342
vt 0.120086 0.241237
vt 0.139380 0.784246
vt 0.120829 0.800926
vt 0.120276 0.777413
vt 0.534259 0.633661
vt 0.521840 0.657144
vt 0.183666 0.255365
vt 0.180048 0.243536
vt 0.196394 0.243569
vt 0.201525 0.264560
vt 0.215556 0.280450
vt 0.715060 0.954887
vt 0.719154 0.936448
vt 0.723717 0.944362
vt 0.729682 0.928677
vt 0.724698 0.935986
vt 0.145813 0.764019
vt 0.134343 0.754593
vt 0.145536 0.749357
vt 0.165053 0.739660
vt 0.160316 0.753613
vt 0.177388 0.671508
vt 0.189318 0.666675
vt 0.195256 0.653965
vt 0.198186 0.634786
vt 0.207424 0.634748
vt 0.589113 0.920538
vt 0.599953 0.922200
vt 0.581640 0.938079
vt 0.590059 0.936926
vt 0.588685 0.955393
vt 0.738426 0.051148
vt 0.094874 0.722670
vt 0.062830 0.727524
vt 0.054053 0.719850
vt 0.818638 0.503820
vt 0.800401 0.509155
vt 0.809614 0.491773
vt 0.349905 0.686735
vt 0.695718 0.783924
vt 0.724376 0.831361
vt 0.716572 0.847501
vt 0.713256 0.820431
vt 0.527760 0.580397
vt 0.545227 0.585725
vt 0.534286 0.596510
vt 0.540618 0.574855
vt 0.364729 0.031245
vt 0.351232 0.015649
vt 0.364633 0.007471
vt 0.867747 0.979472
vt 0.898883 0.970309
vt 0.865406 0.987401
vt 0.986116 0.429670
vt 0.976889 0.442510
vt 0.967826 0.429479
vt 0.882801 0.458173
vt 0.894344 0.458559
vt 0.891514 0.472735
vt 0.963601 0.675305
vt 0.980080 0.700657
vt 0.957646 0.688566
vt 0.248995 0.579139
vt 0.247774 0.599080
vt 0.238373 0.593583
vt 0.525535 0.723681
vt 0.554020 0.722149
vt 0.544937 0.727924
vt 0.534715 0.729308
vt 0.209733 0.213289
vt 0.221133 0.221051
vt 0.054079 0.232935
vt 0.083540 0.255916
vt 0.597266 0.569378
vt 0.579631 0.559878
vt 0.552209 0.554898
vt 0.057752 0.228874
vt 0.050087 0.214401
vt 0.144192 0.711971
vt 0.137347 0.717602
vt 0.131982 0.710097
vt 0.576147 0.621427
vt 0.620236 0.242784
vt 0.968325 0.900302
vt 0.973918 0.930717
vt 0.966652 0.931364
vt 0.251872 0.060991
vt 0.246653 0.060080
vt 0.254847 0.052624
vt 0.288684 0.074640
vt 0.270213 0.085130
vt 0.280177 0.066510
vt 0.605756 0.352077
vt 0.804270 0.837397
vt 0.813454 0.825956
vt 0.819045 0.834277
vt 0.901604 0.464438
vt 0.893843 0.408768
vt 0.880103 0.405013
vt 0.885819 0.382436
vt 0.178898 0.964402
vt 0.172314 0.968457
vt 0.175452 0.952171
vt 0.053664 0.796497
vt 0.703875 0.146667
vt 0.698347 0.139170
vt 0.707124 0.140206
vt 0.692523 0.133863
vt 0.688991 0.124584
vt 0.701520 0.130209
vt 0.475901 0.588970
vt 0.464224 0.604438
vt 0.451992 0.582531
vt 0.937851 0.488056
vt 0.938354 0.474762
vt 0.951126 0.470838
vt 0.058733 0.653051
vt 0.052442 0.643813
vt 0.069029 0.646582
vt 0.740022 0.638467
vt 0.751943 0.634176
vt 0.752272 0.636030
vt 0.743628 0.642398
vt 0.246499 0.695767
vt 0.277066 0.712372
vt 0.255029 0.709227
vt 0.309228 0.698352
vt 0.329364 0.714118
vt 0.315357 0.736388
vt 0.625848 0.586251
vt 0.110879 0.598286
vt 0.090107 0.626245
vt 0.088084 0.605250
vt 0.779293 0.030049
vt 0.765640 0.033238
vt 0.718334 0.246327
vt 0.737012 0.256220
vt 0.736147 0.264105
vt 0.106439 0.444099
vt 0.070368 0.297628
vt 0.505369 0.215656
vt 0.483086 0.196409
vt 0.500301 0.194717
vt 0.368994 0.561220
vt 0.376807 0.564996
vt 0.366150 0.586899
vt 0.555155 0.793026
vt 0.579173 0.795467
vt 0.438327 0.554129
vt 0.472300 0.565543
vt 0.143596 0.177886
vt 0.125834 0.177271
vt 0.130918 0.170135
vt 0.487774 0.961872
vt 0.479063 0.988681
vt 0.474816 0.965410
vt 0.317023 0.253769
vt 0.328129 0.238279
vt 0.076858 0.014988
vt 0.072777 0.040082
vt 0.139205 0.694457
vt 0.122561 0.686317
vt 0.146578 0.681760
vt 0.636768 0.604241
vt 0.636802 0.615717
vt 0.624410 0.606721
vt 0.781990 0.027225
vt 0.772632 0.025015
vt 0.779226 0.017304
vt 0.855770 0.253354
vt 0.843717 0.259811
vt 0.916916 0.360488
vt 0.903858 0.355106
vt 0.890808 0.365354
vt 0.646475 0.695051
vt 0.592835 0.709420
vt 0.587470 0.700764
vt 0.598448 0.696798
vt 0.569379 0.970772
vt 0.433977 0.516758
vt 0.443620 0.518887
vt 0.446813 0.526941
vt 0.928042 0.468242
vt 0.925413 0.487816
vt 0.756598 0.405381
vt 0.747724 0.415365
vt 0.729028 0.410836
vt 0.094239 0.089291
vt 0.097934 0.070051
vt 0.101839 0.083526
vt 0.508551 0.074476
vt 0.482986 0.074351
vt 0.490112 0.070077
vt 0.506868 0.070270
vt 0.849035 0.775746
vt 0.816355 0.782536
vt 0.860640 0.756941
vt 0.767624 0.834638
vt 0.765151 0.824185
vt 0.785828 0.831261
vt 0.615417 0.585650
vt 0.675490 0.015681
vt 0.640655 0.013198
vt 0.651394 0.009683
vt 0.470623 0.184023
vt 0.484811 0.175554
vt 0.896694 0.393160
vt 0.906932 0.382198
vt 0.899702 0.366708
vt 0.337894 0.129255
vt 0.332553 0.147552
vt 0.322504 0.135874
vt 0.293922 0.175047
vt 0.553165 0.842137
vt 0.568096 0.840326
vt 0.546061 0.836310
vt 0.553749 0.851385
vt 0.545642 0.844723
vt 0.358473 0.147766
vt 0.357960 0.161955
vt 0.346980 0.153711
vt 0.899305 0.901958
vt 0.897585 0.900798
vt 0.900927 0.901134
vt 0.899467 0.081543
vt 0.890452 0.067550
vt 0.999284 0.031798
vt 0.989936 0.022710
vt 0.999940 0.014647
vt 0.513025 0.070571
vt 0.524380 0.071707
vt 0.890258 0.830428
vt 0.601334 0.383643
vt 0.632396 0.369273
vt 0.610602 0.388107
vt 0.427212 0.527619
vt 0.503047 0.795662
vt 0.530437 0.799066
vt 0.524199 0.809180
vt 0.508350 0.408669
vt 0.509067 0.401685
vt 0.541274 0.397981
vt 0.459155 0.454318
vt 0.451568 0.442092
vt 0.469840 0.445879
vt 0.765887 0.265840
vt 0.775109 0.278673
vt 0.748709 0.269747
vt 0.041959 0.180977
vt 0.040269 0.158608
vt 0.379324 0.970665
vt 0.374615 0.985158
vt 0.371680 0.974717
vt 0.093886 0.119524
vt 0.026791 0.200966
vt 0.017055 0.192085
vt 0.037931 0.126389
vt 0.022296 0.104720
vt 0.038005 0.109550
vt 0.606715 0.892604
vt 0.605771 0.916087
vt 0.595193 0.911734
vt 0.631706 0.897899
vt 0.939171 0.306797
vt 0.961704 0.322681
vt 0.955657 0.328960
vt 0.959228 0.475758
vt 0.290203 0.724223
vt 0.274923 0.727551
vt 0.723602 0.510467
vt 0.703870 0.502377
vt 0.608247 0.706231
vt 0.125616 0.453686
vt 0.135688 0.455980
vt 0.131144 0.460419
vt 0.499407 0.727404
vt 0.521213 0.731331
vt 0.520640 0.731357
vt 0.588379 0.890745
vt 0.601249 0.891287
vt 0.593377 0.897647
vt 0.199106 0.894476
vt 0.238664 0.900598
vt 0.218274 0.873170
vt 0.231136 0.862654
vt 0.225504 0.881924
vt 0.343748 0.541762
vt 0.321922 0.536846
vt 0.837041 0.059805
vt 0.862939 0.081900
vt 0.841236 0.082144
vt 0.280678 0.800208
vt 0.294514 0.843013
vt 0.051562 0.612850
vt 0.063574 0.607511
vt 0.060427 0.615145
vt 0.404349 0.436790
vt 0.399929 0.453787
vt 0.394148 0.445869
vt 0.282914 0.333699
vt 0.321631 0.277271
vt 0.302914 0.289422
vt 0.307660 0.271205
vt 0.656171 0.662776
vt 0.671442 0.658359
vt 0.056767 0.658243
vt 0.037333 0.645820
vt 0.038415 0.636390
vt 0.896179 0.283026
vt 0.902978 0.300739
vt 0.345748 0.964522
vt 0.350291 0.978860
vt 0.316337 0.973603
vt 0.505637 0.777197
vt 0.506729 0.783479
vt 0.463047 0.789128
vt 0.419749 0.561291
vt 0.414452 0.537071
vt 0.448339 0.588427
vt 0.602158 0.942485
vt 0.944871 0.958156
vt 0.926186 0.963129
vt 0.931910 0.949619
vt 0.081167 0.421694
vt 0.077423 0.441800
vt 0.076358 0.404729
vt 0.958669 0.277899
vt 0.975358 0.308141
vt 0.950908 0.293277
vt 0.734714 0.425099
vt 0.617769 0.059614
vt 0.626928 0.047379
vt 0.629899 0.049568
vt 0.380481 0.196876
vt 0.366785 0.212107
vt 0.358172 0.199975
vt 0.146424 0.704400
vt 0.135606 0.701185
vt 0.236379 0.179600
vt 0.278113 0.161995
vt 0.291992 0.158846
vt 0.935343 0.760794
vt 0.957378 0.753701
vt 0.106931 0.694956
vt 0.104795 0.682683
vt 0.113739 0.687291
vt 0.795557 0.271774
vt 0.794933 0.282599
vt 0.784082 0.270053
vt 0.789964 0.258286
vt 0.772169 0.254966
vt 0.780689 0.245448
vt 0.285690 0.202156
vt 0.290156 0.208988
vt 0.274850 0.219192
vt 0.251309 0.192210
vt 0.260708 0.183244
vt 0.262802 0.196335
vt 0.639997 0.540095
vt 0.626646 0.526671
vt 0.140163 0.891999
vt 0.137852 0.872118
vt 0.255173 0.213734
vt 0.268308 0.207783
vt 0.039120 0.229139
vt 0.044978 0.208446
vt 0.044113 0.237324
vt 0.103242 0.617306
vt 0.022160 0.778617
vt 0.016499 0.800102
vt 0.004675 0.783773
vt 0.560062 0.601894
vt 0.573405 0.613769
vt 0.578824 0.620118
vt 0.576402 0.606515
vt 0.760814 0.767928
vt 0.754714 0.828327
vt 0.757600 0.843202
vt 0.747833 0.841927
vt 0.171602 0.745884
vt 0.187952 0.734791
vt 0.187788 0.749464
vt 0.213156 0.723691
vt 0.211615 0.740297
vt 0.197641 0.720038
vt 0.560829 0.223559
vt 0.581021 0.208287
vt 0.587820 0.229553
vt 0.563939 0.203646
vt 0.571398 0.195070
vt 0.066541 0.480252
vt 0.062159 0.501115
vt 0.050715 0.477621
vt 0.080809 0.520763
vt 0.072691 0.510073
vt 0.071947 0.491207
vt 0.886268 0.178079
vt 0.902191 0.196004
vt 0.265819 0.990175
vt 0.244290 0.995864
vt 0.237284 0.990125
vt 0.859463 0.019557
vt 0.863482 0.029444
vt 0.843914 0.034049
vt 0.106345 0.069610
vt 0.089953 0.064517
vt 0.101013 0.057352
vt 0.784563 0.284474
vt 0.948573 0.203718
vt 0.170378 0.985361
vt 0.177008 0.980212
vt 0.182146 0.992209
vt 0.750855 0.173027
vt 0.764547 0.177191
vt 0.780088 0.177431
vt 0.186132 0.976121
vt 0.168943 0.977313
vt 0.064694 0.821374
vt 0.236826 0.055304
vt 0.225548 0.070125
vt 0.216502 0.062187
vt 0.252786 0.071935
vt 0.242473 0.065883
vt 0.299576 0.558440
vt 0.313254 0.544944
vt 0.316517 0.570609
vt 0.333159 0.546589
vt 0.931217 0.745120
vt 0.912969 0.173321
vt 0.908132 0.191730
vt 0.899031 0.176583
vt 0.252665 0.979213
vt 0.253534 0.988915
vt 0.160118 0.706084
vt 0.173872 0.695885
vt 0.187299 0.679435
vt 0.826965 0.826742
vt 0.845276 0.826577
vt 0.859289 0.831975
vt 0.861400 0.841832
vt 0.835126 0.845653
vt 0.245236 0.961317
vt 0.232691 0.945779
vt 0.256876 0.945087
vt 0.236525 0.973754
vt 0.230843 0.987533
vt 0.867250 0.435096
vt 0.884125 0.425257
vt 0.881402 0.441287
vt 0.582191 0.431404
vt 0.578200 0.416134
vt 0.589340 0.428911
vt 0.590735 0.452884
vt 0.277732 0.354803
vt 0.280333 0.345527
vt 0.882717 0.650795
vt 0.871455 0.647246
vt 0.873992 0.638138
vt 0.356025 0.605656
vt 0.317276 0.595009
vt 0.418689 0.510078
vt 0.409736 0.505909
vt 0.398197 0.484304
vt 0.483305 0.791874
vt 0.844200 0.270213
vt 0.824758 0.275904
vt 0.827465 0.263167
vt 0.755822 0.020348
vt 0.755760 0.008370
vt 0.762509 0.012160
vt 0.319152 0.545671
vt 0.349003 0.597171
vt 0.717673 0.608839
vt 0.906660 0.437720
vt 0.925405 0.435572
vt 0.579868 0.509935
vt 0.569770 0.501335
vt 0.616509 0.882779
vt 0.633052 0.889506
vt 0.816063 0.415831
vt 0.800504 0.421929
vt 0.804595 0.405838
vt 0.962872 0.160118
vt 0.969423 0.165457
vt 0.954889 0.167332
vt 0.946546 0.163922
vt 0.039827 0.196859
vt 0.052400 0.196514
vt 0.738439 0.039623
vt 0.750388 0.021029
vt 0.016353 0.745756
vt 0.007493 0.749554
vt 0.012406 0.737548
vt 0.124105 0.014962
vt 0.124031 0.057665
vt 0.142295 0.067236
vt 0.132329 0.072041
vt 0.155425 0.755400
vt 0.155510 0.766794
vt 0.662491 0.815380
vt 0.973708 0.539762
vt 0.647747 0.248606
vt 0.635342 0.237756
vt 0.667306 0.244939
vt 0.282688 0.447031
vt 0.282053 0.461107
vt 0.832064 0.443238
vt 0.852963 0.464803
vt 0.831869 0.454418
vt 0.809564 0.439198
vt 0.820981 0.424846
vt 0.821552 0.448832
vt 0.128010 0.677135
vt 0.522642 0.218097
vt 0.494671 0.268705
vt 0.498655 0.250489
vt 0.517183 0.262041
vt 0.818995 0.761119
vt 0.879853 0.734156
vt 0.763305 0.796722
vt 0.743629 0.799101
vt 0.879281 0.341662
vt 0.349195 0.817883
vt 0.334941 0.798735
vt 0.363716 0.811667
vt 0.295625 0.777665
vt 0.275140 0.802670
vt 0.270049 0.799785
vt 0.898504 0.704022
vt 0.878752 0.691234
vt 0.896446 0.682341
vt 0.225085 0.043537
vt 0.203851 0.048072
vt 0.735380 0.954137
vt 0.759273 0.944673
vt 0.756740 0.949448
vt 0.362583 0.342003
vt 0.380825 0.344399
vt 0.345494 0.360385
vt 0.411785 0.350602
vt 0.393907 0.342974
vt 0.423175 0.332385
vt 0.697154 0.766859
vt 0.704997 0.745024
vt 0.703441 0.767884
vt 0.369101 0.404485
vt 0.361778 0.409626
vt 0.255504 0.223044
vt 0.065183 0.586253
vt 0.057282 0.573009
vt 0.070131 0.571656
vt 0.411246 0.457275
vt 0.658311 0.453899
vt 0.666853 0.471766
vt 0.647149 0.458759
vt 0.655657 0.469874
vt 0.642667 0.464310
vt 0.224260 0.213156
vt 0.247361 0.212483
vt 0.247411 0.221717
vt 0.239336 0.216869
vt 0.392377 0.484730
vt 0.372174 0.464585
vt 0.380016 0.460461
vt 0.343956 0.484781
vt 0.356128 0.485025
vt 0.346110 0.505105
vt 0.588654 0.191219
vt 0.977264 0.170557
vt 0.074854 0.812542
vt 0.075713 0.801983
vt 0.085192 0.806062
vt 0.062527 0.095406
vt 0.048598 0.099916
vt 0.048547 0.092061
vt 0.769732 0.239734
vt 0.751199 0.241474
vt 0.421148 0.197341
vt 0.365117 0.178705
vt 0.394206 0.180176
vt 0.385113 0.185758
vt 0.244249 0.747824
vt 0.229692 0.741598
vt 0.233261 0.723855
vt 0.511089 0.917585
vt 0.522406 0.929470
vt 0.521358 0.951012
vt 0.068616 0.102032
vt 0.071956 0.085673
vt 0.552185 0.598471
vt 0.538739 0.609600
vt 0.518328 0.609917
vt 0.133939 0.626416
vt 0.033689 0.811257
vt 0.276172 0.605043
vt 0.276067 0.634334
vt 0.264730 0.621262
vt 0.288907 0.667605
vt 0.268558 0.676847
vt 0.259492 0.655392
vt 0.466577 0.805357
vt 0.489778 0.810954
vt 0.458179 0.811786
vt 0.387061 0.807881
vt 0.417424 0.805053
vt 0.423141 0.810968
vt 0.655567 0.594282
vt 0.639849 0.594917
vt 0.649296 0.580967
vt 0.501422 0.308075
vt 0.568022 0.307458
vt 0.173346 0.938239
vt 0.176005 0.925183
vt 0.184205 0.927873
vt 0.195163 0.927223
vt 0.183052 0.936791
vt 0.561737 0.357361
vt 0.567426 0.334932
vt 0.581726 0.355784
vt 0.598666 0.359271
vt 0.898117 0.216558
vt 0.950312 0.081781
vt 0.951595 0.087438
vt 0.939237 0.087000
vt 0.949142 0.108262
vt 0.936854 0.110015
vt 0.940103 0.097414
vt 0.481281 0.931658
vt 0.489210 0.921260
vt 0.506609 0.943224
vt 0.827795 0.407955
vt 0.809985 0.399435
vt 0.964480 0.338200
vt 0.547677 0.951252
vt 0.251405 0.750681
vt 0.260801 0.751129
vt 0.253707 0.760030
vt 0.478207 0.408253
vt 0.489874 0.414631
vt 0.476540 0.416100
vt 0.942944 0.799583
vt 0.955317 0.782072
vt 0.584606 0.158470
vt 0.565864 0.161968
vt 0.565668 0.150596
vt 0.590707 0.174793
vt 0.572716 0.170287
vt 0.898904 0.642731
vt 0.897336 0.623167
vt 0.913106 0.634311
vt 0.955895 0.645573
vt 0.936516 0.652127
vt 0.084300 0.952635
vt 0.092465 0.960423
vt 0.107314 0.955060
vt 0.111135 0.967891
vt 0.288230 0.483469
vt 0.293797 0.493952
vt 0.277094 0.500970
vt 0.300117 0.471883
vt 0.513957 0.478494
vt 0.509357 0.470245
vt 0.523475 0.463464
vt 0.497686 0.486161
vt 0.588960 0.681618
vt 0.597874 0.686364
vt 0.046216 0.584923
vt 0.034285 0.572070
vt 0.052823 0.569024
vt 0.439993 0.534592
vt 0.473825 0.548525
vt 0.447393 0.547179
vt 0.389392 0.488677
vt 0.398087 0.511067
vt 0.379060 0.481861
vt 0.200717 0.189210
vt 0.200133 0.175732
vt 0.224890 0.159797
vt 0.228253 0.168511
vt 0.218815 0.162099
vt 0.659411 0.111499
vt 0.654333 0.127048
vt 0.936714 0.094646
vt 0.924971 0.102468
vt 0.912966 0.089480
vt 0.244775 0.630125
vt 0.247673 0.610144
vt 0.256018 0.617786
vt 0.682091 0.021405
vt 0.745330 0.014462
vt 0.720333 0.020082
vt 0.717538 0.014831
vt 0.828807 0.414697
vt 0.830434 0.424408
vt 0.822458 0.432696
vt 0.373373 0.227353
vt 0.375683 0.241394
vt 0.513050 0.169618
vt 0.518371 0.181659
vt 0.469141 0.178189
vt 0.482969 0.170032
vt 0.353086 0.212448
vt 0.348425 0.202159
vt 0.750579 0.008715
vt 0.119867 0.229098
vt 0.099542 0.219431
vt 0.158058 0.942538
vt 0.153046 0.933495
vt 0.162798 0.932877
vt 0.201855 0.947585
vt 0.186255 0.945019
vt 0.095641 0.728807
vt 0.186474 0.861388
vt 0.208746 0.879778
vt 0.186207 0.883854
vt 0.262539 0.642967
vt 0.025190 0.621664
vt 0.026349 0.630030
vt 0.018110 0.618887
vt 0.808532 0.022686
vt 0.806881 0.033657
vt 0.788415 0.019789
vt 0.823400 0.030993
vt 0.820943 0.038696
vt 0.535163 0.488178
vt 0.539332 0.507917
vt 0.525160 0.509269
vt 0.560752 0.497116
vt 0.552814 0.484509
vt 0.563164 0.474270
vt 0.545581 0.532078
vt 0.534792 0.524900
vt 0.543875 0.519180
vt 0.564986 0.541788
vt 0.381928 0.931563
vt 0.385818 0.912916
vt 0.401791 0.919656
vt 0.423742 0.932844
vt 0.393661 0.949379
vt 0.408471 0.927318
vt 0.275466 0.532932
vt 0.269004 0.548341
vt 0.271536 0.529259
vt 0.275203 0.519722
vt 0.295472 0.538051
vt 0.276523 0.527543
vt 0.893360 0.614684
vt 0.894895 0.598522
vt 0.291549 0.302181
vt 0.305941 0.294095
vt 0.300657 0.316986
vt 0.148841 0.738179
vt 0.139064 0.725945
vt 0.151171 0.725496
vt 0.123839 0.749046
vt 0.135640 0.748483
vt 0.232892 0.623423
vt 0.238348 0.606294
vt 0.226480 0.618701
vt 0.415878 0.869778
vt 0.398060 0.898064
vt 0.879220 0.052598
vt 0.869718 0.045260
vt 0.898926 0.045745
vt 0.885100 0.072208
vt 0.870366 0.061883
vt 0.876112 0.056376
vt 0.825335 0.815888
vt 0.833615 0.804897
vt 0.840961 0.810419
vt 0.811113 0.819160
vt 0.816921 0.797981
vt 0.830911 0.796745
vt 0.967476 0.259735
vt 0.960830 0.252107
vt 0.972447 0.240573
vt 0.038836 0.453254
vt 0.032160 0.438787
vt 0.052659 0.449938
vt 0.491892 0.804040
vt 0.505506 0.813067
vt 0.504517 0.804819
vt 0.736306 0.243835
vt 0.051771 0.056361
vt 0.843697 0.307750
vt 0.827796 0.293768
vt 0.844262 0.297916
vt 0.846498 0.286477
vt 0.956858 0.110676
vt 0.970655 0.114295
vt 0.964652 0.129095
vt 0.973349 0.103090
vt 0.248290 0.723474
vt 0.495054 0.958816
vt 0.489652 0.958855
vt 0.898696 0.152409
vt 0.905525 0.154521
vt 0.437988 0.457180
vt 0.421524 0.459539
vt 0.431097 0.449756
vt 0.429641 0.434496
vt 0.445152 0.449727
vt 0.254694 0.088873
vt 0.248210 0.091089
vt 0.273008 0.098502
vt 0.267259 0.092305
vt 0.768597 0.550082
vt 0.766103 0.573718
vt 0.757199 0.579004
vt 0.913445 0.517658
vt 0.051154 0.327180
vt 0.057277 0.325855
vt 0.060409 0.350422
vt 0.220749 0.974019
vt 0.627352 0.927486
vt 0.616910 0.907938
vt 0.364294 0.444390
vt 0.392619 0.801921
vt 0.437091 0.795564
vt 0.283549 0.147948
vt 0.287404 0.154318
vt 0.480031 0.724943
vt 0.471200 0.713397
vt 0.308724 0.183703
vt 0.130580 0.216482
vt 0.116394 0.214121
vt 0.129879 0.199817
vt 0.720448 0.927484
vt 0.148630 0.456082
vt 0.140620 0.451325
vt 0.933221 0.205776
vt 0.930084 0.190956
vt 0.942555 0.196549
vt 0.526748 0.919422
vt 0.548147 0.693475
vt 0.545498 0.711583
vt 0.527076 0.694948
vt 0.569509 0.710358
vt 0.561475 0.712444
vt 0.568620 0.700446
vt 0.610701 0.230276
vt 0.975115 0.895719
vt 0.059338 0.632425
vt 0.076518 0.631575
vt 0.078088 0.641527
vt 0.468466 0.459024
vt 0.458581 0.465857
vt 0.267907 0.492982
vt 0.274017 0.510479
vt 0.262459 0.502173
vt 0.728189 0.047061
vt 0.736377 0.028867
vt 0.407420 0.660202
vt 0.421589 0.679402
vt 0.411213 0.678003
vt 0.548516 0.959372
vt 0.540339 0.961259
vt 0.532247 0.954042
vt 0.911406 0.718692
vt 0.915102 0.705486
vt 0.933999 0.708625
vt 0.960518 0.518873
vt 0.080056 0.532902
vt 0.069264 0.516882
vt 0.181441 0.000107
vt 0.217648 0.013646
vt 0.202993 0.009885
vt 0.404048 0.906340
vt 0.419488 0.895081
vt 0.202707 0.001941
vt 0.982898 0.031693
vt 0.418021 0.795006
vt 0.380872 0.794632
vt 0.400176 0.789518
vt 0.375379 0.804540
vt 0.373775 0.809885
vt 0.357067 0.792660
vt 0.938084 0.688539
vt 0.226761 0.009438
vt 0.224397 0.000107
vt 0.235954 0.002495
vt 0.043017 0.830692
vt 0.052217 0.836352
vt 0.032923 0.843907
vt 0.325819 0.823301
vt 0.309661 0.823342
vt 0.309345 0.797045
vt 0.314940 0.788894
vt 0.335647 0.807521
vt 0.152083 0.479903
vt 0.159772 0.468222
vt 0.710098 0.929792
vt 0.702660 0.919448
vt 0.716298 0.919004
vt 0.285271 0.304776
vt 0.278452 0.273499
vt 0.286741 0.281061
vt 0.294760 0.282728
vt 0.238141 0.196593
vt 0.248580 0.182608
vt 0.248898 0.201517
vt 0.229395 0.207964
vt 0.239407 0.210633
vt 0.468002 0.992368
vt 0.460367 0.983936
vt 0.153253 0.214571
vt 0.136126 0.207925
vt 0.149471 0.202643
vt 0.482903 0.447486
vt 0.487260 0.452878
vt 0.476840 0.454517
vt 0.333779 0.469592
vt 0.604148 0.205069
vt 0.607262 0.197287
vt 0.613441 0.202916
vt 0.529252 0.816683
vt 0.819647 0.981295
vt 0.837346 0.978616
vt 0.824654 0.991432
vt 0.982309 0.840604
vt 0.985151 0.827696
vt 0.991690 0.839499
vt 0.682916 0.989160
vt 0.671665 0.985986
vt 0.684727 0.982797
vt 0.120490 0.029475
vt 0.102199 0.037789
vt 0.101151 0.020884
vt 0.052760 0.766078
vt 0.028524 0.749170
vt 0.765882 0.714760
vt 0.334941 0.943507
vt 0.319420 0.916649
vt 0.714352 0.184318
vt 0.703064 0.164466
vt 0.051653 0.140160
vt 0.045066 0.137941
vt 0.129782 0.670502
vt 0.110304 0.678829
vt 0.116723 0.668947
vt 0.615837 0.619522
vt 0.608315 0.624189
vt 0.290937 0.543613
vt 0.280321 0.551548
vt 0.397070 0.071813
vt 0.381304 0.081804
vt 0.378691 0.073237
vt 0.397047 0.071805
vt 0.719167 0.440702
vt 0.712132 0.414088
vt 0.719388 0.428038
vt 0.571597 0.879580
vt 0.584435 0.885999
vt 0.577588 0.895383
vt 0.205567 0.918722
vt 0.183307 0.921705
vt 0.607873 0.666715
vt 0.616910 0.658105
vt 0.623463 0.671058
vt 0.186505 0.235140
vt 0.605298 0.488153
vt 0.595780 0.484790
vt 0.170141 0.912703
vt 0.587284 0.285665
vt 0.576039 0.283060
vt 0.593126 0.273016
vt 0.606661 0.270884
vt 0.612531 0.281709
vt 0.259206 0.777196
vt 0.267169 0.778332
vt 0.267376 0.789730
vt 0.541344 0.850647
vt 0.552261 0.854732
vt 0.693199 0.510014
vt 0.685015 0.495129
vt 0.371982 0.485987
vt 0.424586 0.788334
vt 0.825436 0.285381
vt 0.817045 0.294983
vt 0.366655 0.415385
vt 0.388045 0.448579
vt 0.369635 0.429969
vt 0.356413 0.424108
vt 0.763454 0.607694
vt 0.430961 0.267870
vt 0.435538 0.248555
vt 0.451539 0.269711
vt 0.458110 0.715273
vt 0.102918 0.560248
vt 0.941689 0.370692
vt 0.538963 0.624759
vt 0.548219 0.615959
vt 0.222638 0.093050
vt 0.241443 0.077794
vt 0.656367 0.897458
vt 0.672068 0.898201
vt 0.028362 0.936513
vt 0.026460 0.945401
vt 0.016971 0.947125
vt 0.616668 0.785625
vt 0.117224 0.814682
vt 0.103375 0.804503
vt 0.111106 0.780913
vt 0.107593 0.918790
vt 0.123060 0.917675
vt 0.119445 0.936403
vt 0.133255 0.931159
vt 0.144680 0.941408
vt 0.107820 0.822184
vt 0.095663 0.834371
vt 0.096741 0.809951
vt 0.607255 0.417461
vt 0.960297 0.953225
vt 0.965150 0.961054
vt 0.954723 0.964660
vt 0.314734 0.287530
vt 0.314667 0.298656
vt 0.309911 0.303845
vt 0.326549 0.960238
vt 0.318531 0.944607
vt 0.259339 0.586131
vt 0.266092 0.590575
vt 0.255924 0.602516
vt 0.025919 0.240137
vt 0.018197 0.241055
vt 0.026450 0.226163
vt 0.036425 0.218332
vt 0.488833 0.816442
vt 0.457704 0.818910
vt 0.383423 0.453644
vt 0.772137 0.856923
vt 0.766761 0.864204
vt 0.762479 0.853907
vt 0.823835 0.851542
vt 0.811306 0.862003
vt 0.802984 0.849992
vt 0.800804 0.067743
vt 0.789520 0.064652
vt 0.794104 0.055441
vt 0.811805 0.045233
vt 0.796870 0.048461
vt 0.804837 0.041408
vt 0.714094 0.661455
vt 0.716754 0.661406
vt 0.714873 0.662630
vt 0.437413 0.216028
vt 0.424188 0.212688
vt 0.910678 0.264708
vt 0.932706 0.269807
vt 0.930275 0.289759
vt 0.919012 0.300579
vt 0.928132 0.312273
vt 0.783907 0.852362
vt 0.776241 0.866278
vt 0.768732 0.843106
vt 0.789644 0.840720
vt 0.129385 0.189216
vt 0.111743 0.184899
vt 0.117880 0.176529
vt 0.895256 0.903959
vt 0.889593 0.906210
vt 0.821361 0.096720
vt 0.966652 0.887913
vt 0.672092 0.265399
vt 0.655094 0.264995
vt 0.658649 0.256658
vt 0.261984 0.088500
vt 0.264856 0.074693
vt 0.579276 0.913003
vt 0.871257 0.665601
vt 0.502138 0.175846
vt 0.901470 0.267287
vt 0.895520 0.269803
vt 0.896410 0.249909
vt 0.172979 0.855475
vt 0.189896 0.852652
vt 0.197326 0.861160
vt 0.161853 0.851477
vt 0.174000 0.852850
vt 0.597169 0.136112
vt 0.595221 0.122555
vt 0.614585 0.132830
vt 0.586193 0.138664
vt 0.582091 0.147987
vt 0.575601 0.134089
vt 0.339555 0.552531
vt 0.349478 0.545641
vt 0.353370 0.556947
vt 0.357838 0.541568
vt 0.397069 0.071803
vt 0.872988 0.417853
vt 0.856590 0.413312
vt 0.861746 0.397649
vt 0.498336 0.731335
vt 0.488674 0.720740
vt 0.802912 0.276221
vt 0.489823 0.418188
vt 0.479939 0.430849
vt 0.477660 0.422129
vt 0.465262 0.439138
vt 0.452284 0.434808
vt 0.146110 0.531823
vt 0.155499 0.522527
vt 0.023836 0.963094
vt 0.031577 0.976346
vt 0.013383 0.981336
vt 0.134439 0.915572
vt 0.149420 0.921149
vt 0.141947 0.928869
vt 0.311835 0.427917
vt 0.312250 0.415411
vt 0.617407 0.409319
vt 0.606433 0.394541
vt 0.592523 0.408762
vt 0.115448 0.014682
vt 0.114935 0.095061
vt 0.579147 0.924239
vt 0.571681 0.919827
vt 0.575184 0.931030
vt 0.869997 0.050798
vt 0.147463 0.969312
vt 0.159371 0.978299
vt 0.153939 0.981257
vt 0.890202 0.272316
vt 0.891770 0.254466
vt 0.882117 0.268226
vt 0.254293 0.080302
vt 0.265720 0.553351
vt 0.281852 0.566984
vt 0.264266 0.565788
vt 0.260603 0.555818
vt 0.317722 0.081243
vt 0.317941 0.085225
vt 0.312341 0.081979
vt 0.209024 0.192979
vt 0.654250 0.357946
vt 0.770707 0.056893
vt 0.013662 0.213785
vt 0.017255 0.200906
vt 0.018871 0.217530
vt 0.503353 0.021479
vt 0.494154 0.026502
vt 0.497238 0.016627
vt 0.171141 0.137697
vt 0.161601 0.131859
vt 0.167375 0.128083
vt 0.215306 0.613161
vt 0.796087 0.709740
vt 0.856872 0.658298
vt 0.861959 0.645979
vt 0.656918 0.480839
vt 0.645486 0.473085
vt 0.853607 0.982518
vt 0.841333 0.990254
vt 0.312207 0.901375
vt 0.332828 0.885325
vt 0.276314 0.876408
vt 0.597128 0.498486
vt 0.585140 0.497854
vt 0.573396 0.494203
vt 0.181211 0.716582
vt 0.181830 0.730506
vt 0.007461 0.295585
vt 0.007801 0.336071
vt 0.000218 0.324762
vt 0.080740 0.384370
vt 0.140695 0.483644
vt 0.012778 0.966395
vt 0.915907 0.348026
vt 0.203446 0.042061
vt 0.201825 0.023237
vt 0.220372 0.026580
vt 0.432747 0.989021
vt 0.428538 0.976221
vt 0.435670 0.974835
vt 0.687622 0.671220
vt 0.713044 0.663801
vt 0.691857 0.676832
vt 0.689825 0.650913
vt 0.709922 0.653592
vt 0.693681 0.657036
vt 0.617970 0.870294
vt 0.630859 0.873581
vt 0.661845 0.891107
vt 0.677934 0.149336
vt 0.663000 0.152399
vt 0.811981 0.428941
vt 0.086819 0.207142
vt 0.095065 0.187817
vt 0.100222 0.199410
vt 0.106460 0.167984
vt 0.756982 0.076576
vt 0.770522 0.066280
vt 0.780128 0.079401
vt 0.000691 0.226645
vt 0.609724 0.791935
vt 0.627808 0.809207
vt 0.596425 0.811187
vt 0.645316 0.231771
vt 0.285151 0.392679
vt 0.300013 0.390007
vt 0.290979 0.413249
vt 0.505035 0.230913
vt 0.527210 0.267432
vt 0.168988 0.857256
vt 0.155439 0.859991
vt 0.588997 0.598587
vt 0.594207 0.579963
vt 0.601104 0.595667
vt 0.606239 0.582327
vt 0.712329 0.945321
vt 0.704063 0.954107
vt 0.711592 0.936459
vt 0.975901 0.530603
vt 0.960925 0.212786
vt 0.959380 0.224334
vt 0.956820 0.240111
vt 0.348016 0.781995
vt 0.376417 0.785839
vt 0.332605 0.414921
vt 0.326838 0.403811
vt 0.011574 0.022383
vt 0.000474 0.013059
vt 0.008335 0.010151
vt 0.215495 0.101300
vt 0.211161 0.114057
vt 0.203750 0.099830
vt 0.299253 0.535398
vt 0.294257 0.525928
vt 0.314935 0.536518
vt 0.873772 0.327330
vt 0.387364 0.682964
vt 0.452755 0.508501
vt 0.460611 0.521867
vt 0.452403 0.515803
vt 0.470215 0.509960
vt 0.948343 0.604700
vt 0.247675 0.132343
vt 0.237642 0.138961
vt 0.235570 0.133093
vt 0.659916 0.575348
vt 0.662702 0.587747
vt 0.669713 0.458185
vt 0.342099 0.034111
vt 0.156880 0.714095
vt 0.152530 0.719947
vt 0.900995 0.042091
vt 0.356130 0.085859
vt 0.500234 0.957425
vt 0.261291 0.745343
vt 0.256261 0.742326
vt 0.270154 0.733595
vt 0.549853 0.207355
vt 0.584025 0.636726
vt 0.584011 0.629870
vt 0.600408 0.635916
vt 0.570626 0.639369
vt 0.580830 0.632928
vt 0.920489 0.156221
vt 0.889290 0.418287
vt 0.879646 0.413711
vt 0.867873 0.398266
vt 0.972883 0.025576
vt 0.979498 0.022630
vt 0.978283 0.033504
vt 0.195395 0.013775
vt 0.181091 0.014733
vt 0.187318 0.008295
vt 0.841992 0.676213
vt 0.838018 0.663731
vt 0.847945 0.660038
vt 0.256388 0.373489
vt 0.794881 0.831167
vt 0.804757 0.824651
vt 0.800702 0.813411
vt 0.306134 0.385520
vt 0.289688 0.358307
vt 0.294675 0.357446
vt 0.680065 0.260086
vt 0.304523 0.543763
vt 0.303532 0.531182
vt 0.861531 0.167081
vt 0.874987 0.155091
vt 0.781351 0.160566
vt 0.116697 0.472448
vt 0.128132 0.500792
vt 0.114353 0.501975
vt 0.123488 0.493410
vt 0.851030 0.009878
vt 0.852578 0.018804
vt 0.031736 0.065242
vt 0.029102 0.073358
vt 0.703073 0.327030
vt 0.695277 0.316325
vt 0.703685 0.301315
vt 0.681885 0.335528
vt 0.986044 0.240079
vt 0.978267 0.262376
vt 0.978549 0.242507
vt 0.984957 0.247673
vt 0.893109 0.548601
vt 0.852471 0.556755
vt 0.904327 0.538686
vt 0.085447 0.361624
vt 0.083787 0.312955
vt 0.091835 0.377341
vt 0.830000 0.911894
vt 0.851093 0.918263
vt 0.880966 0.897982
vt 0.868384 0.910330
vt 0.449282 0.379505
vt 0.501619 0.373796
vt 0.405540 0.412861
vt 0.416381 0.423221
vt 0.431589 0.425018
vt 0.218324 0.923288
vt 0.206819 0.931060
vt 0.197953 0.939590
vt 0.107075 0.661339
vt 0.128540 0.662544
vt 0.217597 0.936336
vt 0.053610 0.687139
vt 0.046813 0.676727
vt 0.064946 0.672158
vt 0.080721 0.682527
vt 0.082104 0.688433
vt 0.659667 0.563354
vt 0.650534 0.568456
vt 0.658422 0.544508
vt 0.665614 0.561885
vt 0.578420 0.079142
vt 0.589806 0.081338
vt 0.595046 0.087223
vt 0.559144 0.664360
vt 0.548554 0.664133
vt 0.554083 0.655158
vt 0.137556 0.736248
vt 0.128886 0.743727
vt 0.129747 0.733956
vt 0.384560 0.020581
vt 0.391207 0.013010
vt 0.406089 0.027466
vt 0.491064 0.457263
vt 0.493488 0.440956
vt 0.503508 0.447844
vt 0.780188 0.087880
vt 0.753615 0.094040
vt 0.008026 0.230176
vt 0.304066 0.403644
vt 0.301360 0.360299
vt 0.311429 0.382150
vt 0.491264 0.524385
vt 0.476664 0.509961
vt 0.501343 0.508325
vt 0.531593 0.577997
vt 0.506485 0.560942
vt 0.523557 0.565666
vt 0.467007 0.538224
vt 0.021537 0.092552
vt 0.033534 0.101813
vt 0.036724 0.088686
vt 0.029410 0.094298
vt 0.668157 0.301853
vt 0.687924 0.303018
vt 0.676950 0.318598
vt 0.101145 0.485638
vt 0.103861 0.506129
vt 0.910731 0.026618
vt 0.922102 0.017211
vt 0.924119 0.031387
vt 0.915157 0.035739
vt 0.609768 0.822026
vt 0.596377 0.823963
vt 0.036628 0.482484
vt 0.961735 0.080158
vt 0.047361 0.596483
vt 0.058111 0.604575
vt 0.215216 0.906093
vt 0.569595 0.549830
vt 0.566668 0.536173
vt 0.483326 0.636616
vt 0.506957 0.665143
vt 0.531552 0.661447
vt 0.528133 0.676635
vt 0.703955 0.935128
vt 0.563670 0.085206
vt 0.572934 0.078189
vt 0.095397 0.692884
vt 0.096659 0.682384
vt 0.288258 0.433193
vt 0.941352 0.934270
vt 0.587859 0.436906
vt 0.580214 0.442404
vt 0.347889 0.428265
vt 0.359532 0.446975
vt 0.351074 0.447612
vt 0.339551 0.775157
vt 0.368948 0.776587
vt 0.308560 0.228274
vt 0.330348 0.376464
vt 0.338527 0.387911
vt 0.321797 0.382068
vt 0.267570 0.186792
vt 0.251444 0.659620
vt 0.371759 0.838026
vt 0.380083 0.822173
vt 0.387957 0.829364
vt 0.067092 0.365284
vt 0.060442 0.364888
vt 0.063509 0.407911
vt 0.114220 0.495866
vt 0.125856 0.483169
vt 0.852500 0.910317
vt 0.841340 0.902400
vt 0.849036 0.900621
vt 0.125224 0.137559
vt 0.133865 0.126613
vt 0.140457 0.142537
vt 0.962244 0.977036
vt 0.950701 0.945938
vt 0.202004 0.060132
vt 0.194171 0.055961
vt 0.206460 0.072602
vt 0.223818 0.625267
vt 0.216686 0.622738
vt 0.206307 0.607065
vt 0.204787 0.612865
vt 0.439381 0.427636
vt 0.441300 0.408201
vt 0.463887 0.419849
vt 0.474964 0.017247
vt 0.475515 0.027130
vt 0.461671 0.026415
vt 0.986999 0.908877
vt 0.992552 0.906436
vt 0.993660 0.920674
vt 0.421583 0.446946
vt 0.418503 0.437017
vt 0.844882 0.800167
vt 0.597452 0.516966
vt 0.615262 0.531261
vt 0.617625 0.518478
vt 0.755245 0.815143
vt 0.778108 0.814589
vt 0.779934 0.802191
vt 0.926623 0.799821
vt 0.935737 0.808806
vt 0.917446 0.779885
vt 0.374682 0.610082
vt 0.365146 0.591934
vt 0.389340 0.625531
vt 0.809144 0.151063
vt 0.817047 0.159192
vt 0.808530 0.169926
vt 0.010907 0.720444
vt 0.000470 0.710916
vt 0.014478 0.709825
vt 0.515871 0.709746
vt 0.531916 0.717861
vt 0.502948 0.720761
vt 0.092367 0.164452
vt 0.080055 0.170625
vt 0.072711 0.152166
vt 0.985995 0.962115
vt 0.991986 0.972663
vt 0.985976 0.976500
vt 0.512839 0.577058
vt 0.510950 0.571215
vt 0.811610 0.253574
vt 0.820696 0.258964
vt 0.816643 0.267498
vt 0.769328 0.015820
vt 0.831826 0.053375
vt 0.797175 0.080538
vt 0.545526 0.014315
vt 0.543101 0.008041
vt 0.566410 0.011417
vt 0.917355 0.971622
vt 0.939030 0.968678
vt 0.943423 0.973588
vt 0.575437 0.443042
vt 0.149950 0.149233
vt 0.142598 0.126660
vt 0.154871 0.141463
vt 0.159339 0.152361
vt 0.027163 0.791969
vt 0.102634 0.972945
vt 0.893457 0.496328
vt 0.897304 0.503135
vt 0.895977 0.492461
vt 0.904335 0.483109
vt 0.903479 0.496846
vt 0.927435 0.111997
vt 0.918908 0.116248
vt 0.915663 0.107041
vt 0.243218 0.774012
vt 0.236721 0.771260
vt 0.238877 0.755727
vt 0.249393 0.764558
vt 0.245909 0.770815
vt 0.243925 0.761630
vt 0.344668 0.012434
vt 0.340351 0.025719
vt 0.338063 0.016013
vt 0.534604 0.934693
vt 0.533291 0.948097
vt 0.648507 0.551264
vt 0.638254 0.526845
vt 0.122300 0.755348
vt 0.107910 0.753618
vt 0.519477 0.676745
vt 0.326044 0.022511
vt 0.318297 0.036811
vt 0.312647 0.025053
vt 0.021287 0.249309
vt 0.196834 0.601879
vt 0.007508 0.506940
vt 0.002337 0.499182
vt 0.034213 0.147781
vt 0.039599 0.139550
vt 0.025828 0.146094
vt 0.034958 0.138820
vt 0.302838 0.499657
vt 0.299426 0.489136
vt 0.300476 0.476566
vt 0.608037 0.714668
vt 0.595429 0.717841
vt 0.305810 0.484493
vt 0.650102 0.432213
vt 0.924476 0.888953
vt 0.924681 0.889333
vt 0.963952 0.746077
vt 0.970428 0.738210
vt 0.967833 0.775240
vt 0.965783 0.725055
vt 0.254520 0.820121
vt 0.262823 0.817330
vt 0.235482 0.849634
vt 0.469703 0.273094
vt 0.672887 0.176967
vt 0.661088 0.174899
vt 0.676293 0.169134
vt 0.790501 0.424666
vt 0.782990 0.430465
vt 0.743223 0.428691
vt 0.613102 0.455462
vt 0.600214 0.450159
vt 0.443246 0.726430
vt 0.448018 0.727280
vt 0.450261 0.727485
vt 0.453136 0.727718
vt 0.617694 0.075722
vt 0.654094 0.081136
vt 0.638985 0.064566
vt 0.031163 0.796873
vt 0.153024 0.962743
vt 0.132809 0.965619
vt 0.131187 0.958674
vt 0.122747 0.965259
vt 0.132832 0.948365
vt 0.145457 0.947195
vt 0.172515 0.950732
vt 0.166115 0.962340
vt 0.148407 0.957123
vt 0.449256 0.940165
vt 0.443751 0.949960
vt 0.404083 0.955173
vt 0.065796 0.798798
vt 0.074332 0.791948
vt 0.079431 0.779509
vt 0.134542 0.775870
vt 0.106298 0.765705
vt 0.096934 0.771431
vt 0.099063 0.764264
vt 0.336606 0.585266
vt 0.331301 0.590536
vt 0.325254 0.578201
vt 0.034274 0.471719
vt 0.022124 0.469990
vt 0.961721 0.627021
vt 0.971344 0.629401
vt 0.069748 0.764689
vt 0.080746 0.761447
vt 0.442060 0.786880
vt 0.469910 0.794680
vt 0.075522 0.130860
vt 0.067247 0.138643
vt 0.088989 0.145652
vt 0.073973 0.142664
vt 0.080296 0.138644
vt 0.549981 0.506560
vt 0.544024 0.483396
vt 0.562347 0.507222
vt 0.130400 0.541542
vt 0.115749 0.540297
vt 0.986219 0.218492
vt 0.969248 0.211687
vt 0.531978 0.468293
vt 0.538652 0.457532
vt 0.796373 0.031967
vt 0.788364 0.043379
vt 0.237701 0.636442
vt 0.801742 0.249720
vt 0.805199 0.264303
vt 0.246797 0.919119
vt 0.266215 0.959627
vt 0.289797 0.686619
vt 0.284275 0.698052
vt 0.309652 0.717643
vt 0.601742 0.834270
vt 0.197929 0.748857
vt 0.121547 0.162930
vt 0.112838 0.159505
vt 0.126091 0.149380
vt 0.138153 0.166380
vt 0.148933 0.166587
vt 0.550261 0.812729
vt 0.595252 0.835488
vt 0.997334 0.969005
vt 0.992626 0.958871
vt 0.997334 0.942641
vt 0.143591 0.158357
vt 0.132586 0.160551
vt 0.138157 0.152508
vt 0.737296 0.838738
vt 0.741975 0.834348
vt 0.740619 0.813539
vt 0.746153 0.821042
vt 0.053511 0.544802
vt 0.058832 0.561570
vt 0.044577 0.549465
vt 0.186956 0.061911
vt 0.192580 0.068718
vt 0.182267 0.072711
vt 0.174922 0.061564
vt 0.154660 0.092079
vt 0.172656 0.072454
vt 0.780234 0.944068
vt 0.779476 0.942577
vt 0.795635 0.935524
vt 0.794166 0.939908
vt 0.238216 0.882447
vt 0.256581 0.836989
vt 0.239190 0.853035
vt 0.118330 0.656631
vt 0.106185 0.645137
vt 0.133055 0.643406
vt 0.138077 0.634523
vt 0.315388 0.875958
vt 0.296276 0.877213
vt 0.300698 0.858239
vt 0.314410 0.844263
vt 0.343484 0.834712
vt 0.328592 0.866282
vt 0.947918 0.462826
vt 0.954829 0.446939
vt 0.958456 0.459933
vt 0.966674 0.457458
vt 0.214825 0.253817
vt 0.033720 0.026266
vt 0.041952 0.018223
vt 0.038337 0.038550
vt 0.907714 0.581012
vt 0.922122 0.577237
vt 0.382940 0.692864
vt 0.394881 0.691428
vt 0.388897 0.700706
vt 0.557841 0.974119
vt 0.547864 0.969282
vt 0.238275 0.145646
vt 0.258961 0.142648
vt 0.239263 0.153648
vt 0.252475 0.152646
vt 0.266248 0.162970
vt 0.244272 0.162727
vt 0.089242 0.914493
vt 0.450904 0.461759
vt 0.028606 0.209627
vt 0.345755 0.591157
vt 0.330236 0.572616
vt 0.347863 0.573494
vt 0.343152 0.584195
vt 0.514520 0.673344
vt 0.112688 0.772883
vt 0.859082 0.808605
vt 0.855177 0.819466
vt 0.877254 0.808728
vt 0.874390 0.824658
vt 0.563180 0.633247
vt 0.576034 0.644731
vt 0.579839 0.718430
vt 0.595339 0.718949
vt 0.582392 0.720908
vt 0.694004 0.329041
vt 0.708817 0.337509
vt 0.691931 0.361048
vt 0.691543 0.347633
vt 0.274414 0.692506
vt 0.263404 0.694035
vt 0.837097 0.155278
vt 0.814058 0.139107
vt 0.820046 0.111522
vt 0.848131 0.130995
vt 0.703398 0.832168
vt 0.688027 0.822480
vt 0.683081 0.811065
vt 0.700611 0.816384
vt 0.275804 0.920778
vt 0.736291 0.438541
vt 0.758010 0.437927
vt 0.197579 0.234074
vt 0.194383 0.257772
vt 0.343983 0.460442
vt 0.599425 0.199049
vt 0.594817 0.187423
vt 0.964674 0.443689
vt 0.958969 0.435609
vt 0.919192 0.162731
vt 0.934003 0.166145
vt 0.915157 0.170991
vt 0.902626 0.161169
vt 0.623050 0.252247
vt 0.639236 0.255753
vt 0.276540 0.418830
vt 0.280494 0.436796
vt 0.557463 0.852984
vt 0.556627 0.848278
vt 0.007305 0.943273
vt 0.014868 0.933429
vt 0.011797 0.951208
vt 0.165668 0.453784
vt 0.155702 0.461368
vt 0.156838 0.448319
vt 0.945088 0.453060
vt 0.944223 0.444042
vt 0.686838 0.150355
vt 0.683124 0.137458
vt 0.908029 0.683611
vt 0.820235 0.022895
vt 0.835700 0.017221
vt 0.064154 0.010513
vt 0.051726 0.029699
vt 0.298766 0.137987
vt 0.277950 0.141106
vt 0.293300 0.133402
vt 0.448189 0.713735
vt 0.047768 0.050781
vt 0.032179 0.040080
vt 0.694154 0.936166
vt 0.687694 0.926766
vt 0.680272 0.943731
vt 0.680805 0.932664
vt 0.699365 0.478283
vt 0.063199 0.919357
vt 0.673179 0.886465
vt 0.680783 0.893331
vt 0.975731 0.865508
vt 0.969972 0.864241
vt 0.983256 0.843670
vt 0.976693 0.876459
vt 0.968552 0.875172
vt 0.201942 0.738347
vt 0.212837 0.754060
vt 0.016359 0.416154
vt 0.001559 0.420036
vt 0.010819 0.412154
vt 0.019168 0.404245
vt 0.031230 0.396175
vt 0.030074 0.405713
vt 0.585538 0.124078
vt 0.592517 0.106496
vt 0.615263 0.074099
vt 0.569689 0.133886
vt 0.686474 0.593215
vt 0.344949 0.188421
vt 0.355603 0.187155
vt 0.783717 0.517728
vt 0.784812 0.490351
vt 0.792423 0.517604
vt 0.772806 0.530230
vt 0.379510 0.800125
vt 0.712896 0.816290
vt 0.322372 0.567682
vt 0.669128 0.292107
vt 0.678495 0.294290
vt 0.698491 0.794293
vt 0.015614 0.663299
vt 0.029420 0.656100
vt 0.031211 0.677637
vt 0.178882 0.187146
vt 0.192087 0.176478
vt 0.191717 0.193048
vt 0.582367 0.696274
vt 0.430939 0.551962
vt 0.386325 0.512393
vt 0.403688 0.528452
vt 0.334427 0.351004
vt 0.342062 0.343782
vt 0.320268 0.372675
vt 0.409281 0.362078
vt 0.417938 0.390748
vt 0.229517 0.267971
vt 0.466631 0.231566
vt 0.484846 0.220052
vt 0.284901 0.561763
vt 0.297814 0.545106
vt 0.291970 0.564889
vt 0.031737 0.720810
vt 0.024490 0.715230
vt 0.839574 0.166876
vt 0.833862 0.104768
vt 0.354789 0.181287
vt 0.357898 0.169618
vt 0.363939 0.172545
vt 0.253065 0.769089
vt 0.263632 0.791933
vt 0.251033 0.780602
vt 0.253495 0.776698
vt 0.643172 0.266457
vt 0.615374 0.468942
vt 0.640713 0.475834
vt 0.649218 0.478917
vt 0.038177 0.987515
vt 0.133835 0.904432
vt 0.063947 0.938759
vt 0.043408 0.946265
vt 0.033710 0.952434
vt 0.042310 0.961384
vt 0.034848 0.969959
vt 0.220094 0.128508
vt 0.225624 0.118018
vt 0.199060 0.121917
vt 0.199299 0.108770
vt 0.277254 0.175598
vt 0.277513 0.187844
vt 0.251780 0.171264
vt 0.789541 0.923766
vt 0.814642 0.926380
vt 0.811097 0.917455
vt 0.014922 0.520587
vt 0.046409 0.505208
vt 0.032028 0.517055
vt 0.916521 0.737783
vt 0.924058 0.759693
vt 0.947343 0.657893
vt 0.934357 0.666505
vt 0.930414 0.654621
vt 0.936668 0.678479
vt 0.955414 0.664303
vt 0.678052 0.916722
vt 0.292700 0.325521
vt 0.888598 0.635997
vt 0.247643 0.645185
vt 0.243860 0.654179
vt 0.250200 0.639207
vt 0.977426 0.364473
vt 0.838078 0.407310
vt 0.601282 0.659918
vt 0.198209 0.212445
vt 0.196584 0.201238
vt 0.204061 0.204621
vt 0.780402 0.407144
vt 0.941964 0.324106
vt 0.510281 0.504579
vt 0.507315 0.489985
vt 0.521552 0.490462
vt 0.580209 0.721486
vt 0.746854 0.573729
vt 0.735298 0.582403
vt 0.752491 0.586890
vt 0.745177 0.592716
vt 0.718196 0.569486
vt 0.736507 0.592337
vt 0.439815 0.957442
vt 0.431393 0.970541
vt 0.411136 0.966957
vt 0.592310 0.148414
vt 0.371984 0.948482
vt 0.784061 0.465278
vt 0.790655 0.486099
vt 0.268847 0.452476
vt 0.965404 0.232357
vt 0.548645 0.981119
vt 0.555106 0.977442
vt 0.340648 0.189475
vt 0.800205 0.863329
vt 0.790287 0.859178
vt 0.795279 0.847139
vt 0.448025 0.983110
vt 0.457598 0.972737
vt 0.457598 0.987102
vt 0.745608 0.711976
vt 0.758291 0.714351
vt 0.733089 0.717626
vt 0.658881 0.527234
vt 0.061877 0.511903
vt 0.499754 0.458195
vt 0.096550 0.672079
vt 0.569528 0.295823
vt 0.545249 0.277718
vt 0.579202 0.293935
vt 0.191177 0.851536
vt 0.209051 0.855345
vt 0.229274 0.868035
vt 0.895151 0.242973
vt 0.867464 0.229450
vt 0.875180 0.254500
vt 0.283547 0.706048
vt 0.528711 0.026535
vt 0.533817 0.015646
vt 0.533817 0.030019
vt 0.069876 0.524549
vt 0.452991 0.077794
vt 0.458332 0.069437
vt 0.112264 0.067175
vt 0.107815 0.054936
vt 0.499768 0.896231
vt 0.516047 0.896371
vt 0.505368 0.910665
vt 0.486853 0.906878
vt 0.491358 0.890382
vt 0.980186 0.046219
vt 0.992355 0.046823
vt 0.987119 0.052906
vt 0.966880 0.029375
vt 0.014760 0.642428
vt 0.464105 0.287826
vt 0.060137 0.278554
vt 0.057970 0.274374
vt 0.066250 0.273924
vt 0.828164 0.928834
vt 0.283453 0.353974
vt 0.272555 0.377641
vt 0.830273 0.672245
vt 0.221370 0.406105
vt 0.256247 0.384708
vt 0.237923 0.409190
vt 0.276490 0.987444
vt 0.265670 0.970361
vt 0.331518 0.517071
vt 0.328068 0.506406
vt 0.599222 0.670726
vt 0.615938 0.675490
vt 0.597319 0.676790
vt 0.180158 0.910554
vt 0.143865 0.662305
vt 0.141991 0.642109
vt 0.164914 0.438694
vt 0.160008 0.435271
vt 0.681988 0.564631
vt 0.695835 0.548271
vt 0.572457 0.597614
vt 0.955624 0.154472
vt 0.091993 0.008563
vt 0.079144 0.033931
vt 0.187757 0.123330
vt 0.191497 0.110948
vt 0.181272 0.116206
vt 0.188371 0.104472
vt 0.794210 0.821272
vt 0.789361 0.809004
vt 0.822310 0.784022
vt 0.220739 0.114387
vt 0.212556 0.125594
vt 0.571962 0.252215
vt 0.574484 0.240184
vt 0.075331 0.965699
vt 0.390490 0.819148
vt 0.011864 0.622819
vt 0.019426 0.628849
vt 0.620183 0.405306
vt 0.603910 0.983511
vt 0.850863 0.109795
vt 0.838136 0.099281
vt 0.072318 0.422789
vt 0.828738 0.558122
vt 0.826880 0.549151
vt 0.858507 0.545093
vt 0.493395 0.731149
vt 0.480114 0.729744
vt 0.784509 0.046623
vt 0.777777 0.042318
vt 0.289889 0.796379
vt 0.592084 0.907511
vt 0.304684 0.039175
vt 0.306240 0.026426
vt 0.749570 0.078661
vt 0.569531 0.264458
vt 0.561365 0.259737
vt 0.012637 0.283297
vt 0.019863 0.258866
vt 0.013575 0.309395
vt 0.014605 0.260174
vt 0.000218 0.251845
vt 0.017350 0.256802
vt 0.461505 0.188389
vt 0.471484 0.193792
vt 0.058912 0.401777
vt 0.058346 0.443356
vt 0.066572 0.443902
vt 0.073344 0.457267
vt 0.697830 0.189996
vt 0.689253 0.188784
vt 0.691373 0.171131
vt 0.697021 0.151807
vt 0.700627 0.149354
vt 0.705940 0.155707
vt 0.687246 0.910132
vt 0.708506 0.915547
vt 0.679857 0.903323
vt 0.670136 0.931636
vt 0.675911 0.922768
vt 0.675012 0.938060
vt 0.043012 0.401303
vt 0.663294 0.926525
vt 0.328920 0.168818
vt 0.329494 0.153579
vt 0.337079 0.166537
vt 0.320437 0.164898
vt 0.321196 0.145580
vt 0.567979 0.651300
vt 0.126925 0.718912
vt 0.160441 0.788956
vt 0.144575 0.776828
vt 0.151576 0.770874
vt 0.673729 0.819629
vt 0.662314 0.825485
vt 0.008570 0.959278
vt 0.159914 0.477161
vt 0.195369 0.029654
vt 0.196190 0.037824
vt 0.132762 0.974119
vt 0.142892 0.983605
vt 0.776722 0.415699
vt 0.318247 0.265170
vt 0.026829 0.009735
vt 0.156751 0.892283
vt 0.166954 0.897262
vt 0.178979 0.896367
vt 0.445559 0.437367
vt 0.140066 0.656935
vt 0.753434 0.738413
vt 0.730712 0.784619
vt 0.128685 0.091360
vt 0.123662 0.081553
vt 0.135963 0.085960
vt 0.141701 0.079425
vt 0.781563 0.058434
vt 0.242813 0.328981
vt 0.250560 0.320975
vt 0.227378 0.377731
vt 0.243124 0.338187
vt 0.297370 0.927475
vt 0.596353 0.162407
vt 0.607327 0.163009
vt 0.599916 0.152485
vt 0.905423 0.594511
vt 0.897934 0.592170
vt 0.898771 0.581577
vt 0.560948 0.877630
vt 0.566808 0.889326
vt 0.838858 0.820160
vt 0.151845 0.708259
vt 0.962597 0.504039
vt 0.686572 0.979103
vt 0.414906 0.519618
vt 0.422156 0.521448
vt 0.421172 0.533727
vt 0.736597 0.226174
vt 0.733437 0.238229
vt 0.717223 0.239773
vt 0.753432 0.233001
vt 0.114059 0.058604
vt 0.122620 0.066286
vt 0.470707 0.079066
vt 0.461237 0.086160
vt 0.454916 0.082295
vt 0.962383 0.554089
vt 0.958607 0.572107
vt 0.148792 0.116594
vt 0.135149 0.114633
vt 0.140702 0.104678
vt 0.274715 0.199945
vt 0.737387 0.575132
vt 0.722703 0.576853
vt 0.903332 0.008110
vt 0.914275 0.012536
vt 0.908016 0.019646
vt 0.930322 0.450784
vt 0.925862 0.461547
vt 0.007228 0.791604
vt 0.120574 0.614194
vt 0.419685 0.327774
vt 0.743502 0.253262
vt 0.239084 0.032528
vt 0.375650 0.682529
vt 0.364606 0.657234
vt 0.412407 0.910987
vt 0.359355 0.228154
vt 0.891992 0.849325
vt 0.890626 0.855917
vt 0.207767 0.619646
vt 0.131634 0.510646
vt 0.000551 0.976975
vt 0.130233 0.767206
vt 0.119842 0.761784
vt 0.586255 0.901589
vt 0.686381 0.523568
vt 0.698184 0.536255
vt 0.489931 0.437326
vt 0.747405 0.390821
vt 0.722878 0.403233
vt 0.915299 0.285190
vt 0.048723 0.630003
vt 0.041296 0.617375
vt 0.063819 0.621225
vt 0.506792 0.709940
vt 0.836830 0.781478
vt 0.182632 0.137372
vt 0.189500 0.148523
vt 0.176458 0.149775
vt 0.001677 0.027001
vt 0.206459 0.206580
vt 0.206811 0.200684
vt 0.857728 0.176851
vt 0.763632 0.741934
vt 0.749982 0.748584
vt 0.991746 0.940017
vt 0.988287 0.959537
vt 0.986481 0.957532
vt 0.169988 0.944217
vt 0.479933 0.087314
vt 0.468181 0.084753
vt 0.497019 0.077730
vt 0.487562 0.085524
vt 0.492638 0.176547
vt 0.321868 0.172740
vt 0.316748 0.177917
vt 0.981454 0.520630
vt 0.977313 0.524477
vt 0.973539 0.517043
vt 0.697336 0.951917
vt 0.691605 0.950495
vt 0.855408 0.091723
vt 0.852446 0.100160
vt 0.962925 0.768868
vt 0.953686 0.805828
vt 0.960404 0.782410
vt 0.259391 0.497342
vt 0.521261 0.374879
vt 0.660317 0.973777
vt 0.657589 0.958725
vt 0.652428 0.965948
vt 0.269537 0.392363
vt 0.273506 0.386912
vt 0.282366 0.405520
vt 0.277835 0.380722
vt 0.717948 0.413556
vt 0.722669 0.423945
vt 0.906591 0.272831
vt 0.905704 0.260933
vt 0.703525 0.611624
vt 0.699968 0.601867
vt 0.714844 0.614941
vt 0.683996 0.607184
vt 0.696250 0.614757
vt 0.860094 0.426691
vt 0.845314 0.412817
vt 0.022085 0.724183
vt 0.893920 0.661804
vt 0.896813 0.670219
vt 0.906865 0.647651
vt 0.922415 0.653884
vt 0.304169 0.724154
vt 0.361340 0.823675
vt 0.376974 0.816303
vt 0.637623 0.015958
vt 0.635610 0.008590
vt 0.924967 0.889155
vt 0.563990 0.386813
vt 0.575613 0.393333
vt 0.556123 0.402002
vt 0.538071 0.368955
vt 0.648543 0.611863
vt 0.586271 0.509320
vt 0.990312 0.060056
vt 0.238392 0.573303
vt 0.210211 0.204665
vt 0.217953 0.208278
vt 0.668563 0.161794
vt 0.655574 0.165175
vt 0.526734 0.071899
vt 0.300857 0.022521
vt 0.297254 0.028675
vt 0.320777 0.017316
vt 0.305387 0.021470
vt 0.294501 0.017049
vt 0.484127 0.797875
vt 0.466518 0.800890
vt 0.438162 0.802641
vt 0.440164 0.323900
vt 0.438955 0.319387
vt 0.481464 0.303833
vt 0.220648 0.366738
vt 0.395860 0.208554
vt 0.404543 0.192501
vt 0.510395 0.684776
vt 0.514864 0.690717
vt 0.500549 0.695821
vt 0.497869 0.692747
vt 0.502177 0.681711
vt 0.436212 0.469270
vt 0.425257 0.464858
vt 0.594869 0.442424
vt 0.564615 0.141599
vt 0.575385 0.148129
vt 0.558823 0.160193
vt 0.129449 0.727172
vt 0.189710 0.720273
vt 0.227107 0.902159
vt 0.413637 0.010902
vt 0.413654 0.029259
vt 0.163503 0.020099
vt 0.150578 0.037501
vt 0.149938 0.027777
vt 0.187392 0.645115
vt 0.176377 0.652148
vt 0.190593 0.659815
vt 0.929850 0.297200
vt 0.945530 0.303874
vt 0.979839 0.320780
vt 0.930538 0.429232
vt 0.908869 0.426745
vt 0.942212 0.425530
vt 0.929413 0.415988
vt 0.546834 0.401791
vt 0.552250 0.393347
vt 0.884516 0.825207
vt 0.886718 0.812861
vt 0.297383 0.198560
vt 0.306265 0.209321
vt 0.303113 0.192326
vt 0.309864 0.196741
vt 0.433275 0.852670
vt 0.447903 0.848988
vt 0.430602 0.867128
vt 0.430568 0.880840
vt 0.445839 0.935194
vt 0.340725 0.144070
vt 0.396232 0.717198
vt 0.402521 0.716561
vt 0.403353 0.718836
vt 0.013111 0.634312
vt 0.008818 0.627868
vt 0.025790 0.640968
vt 0.519018 0.579629
vt 0.516707 0.592348
vt 0.507722 0.591546
vt 0.596525 0.205734
vt 0.563215 0.926408
vt 0.711671 0.989619
vt 0.707066 0.982847
vt 0.711715 0.981417
vt 0.739468 0.846409
vt 0.747497 0.849086
vt 0.340644 0.504841
vt 0.371520 0.543979
vt 0.375549 0.540229
vt 0.379071 0.561601
vt 0.372556 0.547707
vt 0.805420 0.051105
vt 0.017410 0.134868
vt 0.018765 0.127060
vt 0.633610 0.959425
vt 0.978189 0.805429
vt 0.991690 0.796200
vt 0.612664 0.264347
vt 0.626001 0.260239
vt 0.613465 0.271453
vt 0.444121 0.463863
vt 0.074690 0.623775
vt 0.574327 0.419398
vt 0.993225 0.844526
vt 0.993225 0.867813
vt 0.987436 0.843957
vt 0.675499 0.809085
vt 0.675615 0.802520
vt 0.680529 0.806777
vt 0.823681 0.175139
vt 0.819445 0.166078
vt 0.830079 0.165012
vt 0.669869 0.801295
vt 0.670702 0.808052
vt 0.703786 0.180574
vt 0.687469 0.172276
vt 0.695594 0.166157
vt 0.685084 0.159059
vt 0.122320 0.957273
vt 0.118790 0.943450
vt 0.940047 0.280434
vt 0.215612 0.200227
vt 0.228465 0.193887
vt 0.223501 0.202997
vt 0.665786 0.688563
vt 0.635620 0.693043
vt 0.629362 0.684155
vt 0.637701 0.682796
vt 0.285788 0.988310
vt 0.901536 0.233938
vt 0.087960 0.541787
vt 0.529478 0.013019
vt 0.523212 0.025179
vt 0.522408 0.017010
vt 0.349851 0.886321
vt 0.933375 0.876976
vt 0.959385 0.864045
vt 0.956020 0.869230
vt 0.943878 0.877659
vt 0.925440 0.888890
vt 0.587577 0.620648
vt 0.264859 0.547395
vt 0.300243 0.780310
vt 0.295817 0.785838
vt 0.212068 0.968251
vt 0.196784 0.977568
vt 0.208530 0.980752
vt 0.207403 0.993344
vt 0.163780 0.991125
vt 0.159424 0.985851
vt 0.164337 0.977316
vt 0.458482 0.021386
vt 0.453511 0.017370
vt 0.536337 0.544824
vt 0.840693 0.400043
vt 0.858421 0.393167
vt 0.848917 0.405585
vt 0.688564 0.486562
vt 0.972859 0.418188
vt 0.957316 0.423322
vt 0.751197 0.802490
vt 0.726288 0.821410
vt 0.554818 0.179296
vt 0.564757 0.180229
vt 0.560378 0.184660
vt 0.566582 0.186342
vt 0.586943 0.182856
vt 0.898151 0.976938
vt 0.906695 0.964848
vt 0.197987 0.421097
vt 0.226383 0.428241
vt 0.004057 0.241015
vt 0.015360 0.236695
vt 0.008091 0.248066
vt 0.721686 0.907758
vt 0.007942 0.402126
vt 0.011695 0.407440
vt 0.000823 0.413779
vt 0.017629 0.395489
vt 0.989089 0.884959
vt 0.986694 0.861957
vt 0.368425 0.031758
vt 0.372539 0.012257
vt 0.372539 0.031919
vt 0.071191 0.072680
vt 0.711695 0.251207
vt 0.657270 0.156365
vt 0.537981 0.654342
vt 0.226376 0.277760
vt 0.066848 0.842116
vt 0.059180 0.843597
vt 0.782087 0.396188
vt 0.478899 0.440205
vt 0.151674 0.515704
vt 0.140155 0.515131
vt 0.141683 0.505188
vt 0.673083 0.946017
vt 0.666968 0.939255
vt 0.036170 0.415052
vt 0.026344 0.431482
vt 0.028128 0.420838
vt 0.037722 0.427782
vt 0.184306 0.691704
vt 0.177672 0.680573
vt 0.607040 0.715950
vt 0.390085 0.844287
vt 0.609695 0.683038
vt 0.622029 0.699717
vt 0.608323 0.696463
vt 0.613471 0.691847
vt 0.268036 0.519494
vt 0.138935 0.498554
vt 0.000551 0.968330
vt 0.432907 0.541334
vt 0.399255 0.698768
vt 0.406029 0.687720
vt 0.412107 0.691500
vt 0.875031 0.314348
vt 0.885579 0.322508
vt 0.534717 0.821064
vt 0.612248 0.217741
vt 0.311694 0.472025
vt 0.713335 0.663585
vt 0.687186 0.651539
vt 0.033694 0.625595
vt 0.969673 0.941518
vt 0.972934 0.968158
vt 0.917118 0.083335
vt 0.931728 0.068421
vt 0.090746 0.053487
vt 0.541102 0.072548
vt 0.547130 0.088220
vt 0.540246 0.072359
vt 0.161517 0.032585
vt 0.094925 0.709825
vt 0.106449 0.722196
vt 0.102417 0.721573
vt 0.102856 0.725731
vt 0.740575 0.448542
vt 0.298732 0.213648
vt 0.947747 0.091006
vt 0.972624 0.678343
vt 0.967070 0.665025
vt 0.978263 0.653482
vt 0.972006 0.669247
vt 0.569444 0.482718
vt 0.638663 0.883488
vt 0.649604 0.884183
vt 0.249234 0.048574
vt 0.245825 0.039891
vt 0.262553 0.050813
vt 0.102549 0.134223
vt 0.087724 0.126626
vt 0.367159 0.830327
vt 0.262848 0.057462
vt 0.275267 0.058887
vt 0.025627 0.059710
vt 0.195421 0.132411
vt 0.193979 0.142224
vt 0.045522 0.425527
vt 0.042012 0.420370
vt 0.962430 0.007997
vt 0.956100 0.013575
vt 0.645736 0.934848
vt 0.649872 0.926855
vt 0.692563 0.297308
vt 0.401592 0.683820
vt 0.752030 0.150352
vt 0.884054 0.307376
vt 0.716463 0.817423
vt 0.731676 0.828584
vt 0.206101 0.438797
vt 0.746412 0.702401
vt 0.366309 0.468190
vt 0.028156 0.248443
vt 0.037684 0.238416
vt 0.713827 0.242358
vt 0.707394 0.241861
vt 0.713395 0.240163
vt 0.718426 0.233790
vt 0.733040 0.224144
vt 0.060782 0.597046
vt 0.050119 0.127925
vt 0.074806 0.684407
vt 0.071531 0.695170
vt 0.100787 0.706585
vt 0.158435 0.947931
vt 0.068432 0.554827
vt 0.081551 0.559373
vt 0.063117 0.544015
vt 0.911284 0.288738
vt 0.120803 0.978709
vt 0.127195 0.975178
vt 0.498515 0.983284
vt 0.503805 0.978111
vt 0.503805 0.991656
vt 0.928090 0.172601
vt 0.500027 0.995273
vt 0.492180 0.984837
vt 0.401903 0.973504
vt 0.410570 0.975044
vt 0.410297 0.980869
vt 0.400187 0.252848
vt 0.423929 0.250268
vt 0.283167 0.128408
vt 0.607598 0.871700
vt 0.611552 0.876962
vt 0.605595 0.885005
vt 0.645881 0.362684
vt 0.792520 0.866538
vt 0.132709 0.478410
vt 0.265542 0.734077
vt 0.263981 0.730971
vt 0.503444 0.974896
vt 0.519588 0.184752
vt 0.248625 0.236427
vt 0.255925 0.230475
vt 0.268734 0.226171
vt 0.245247 0.465456
vt 0.261684 0.445557
vt 0.143415 0.033835
vt 0.134050 0.033793
vt 0.064515 0.255826
vt 0.294384 0.263994
vt 0.852014 0.797709
vt 0.124113 0.098920
vt 0.112630 0.117705
vt 0.112167 0.105367
vt 0.080024 0.665379
vt 0.072814 0.672524
vt 0.069068 0.655295
vt 0.057439 0.664183
vt 0.671477 0.570200
vt 0.538026 0.614349
vt 0.505629 0.383603
vt 0.581961 0.691762
vt 0.577331 0.677041
vt 0.715762 0.408098
vt 0.707394 0.410273
vt 0.716398 0.400043
vt 0.588596 0.673170
vt 0.937434 0.185599
vt 0.956417 0.202309
vt 0.173412 0.158535
vt 0.164073 0.154323
vt 0.167204 0.145254
vt 0.013268 0.110260
vt 0.027116 0.119003
vt 0.873770 0.679244
vt 0.866402 0.674454
vt 0.034041 0.059498
vt 0.776228 0.098086
vt 0.788788 0.098987
vt 0.763358 0.109575
vt 0.911135 0.368266
vt 0.312250 0.648083
vt 0.822198 0.841963
vt 0.265719 0.724610
vt 0.509918 0.964435
vt 0.520851 0.959080
vt 0.523111 0.979103
vt 0.263698 0.015501
vt 0.946294 0.705563
vt 0.957215 0.709300
vt 0.243744 0.228862
vt 0.225469 0.228279
vt 0.237993 0.225505
vt 0.019190 0.908343
vt 0.013374 0.922846
vt 0.010424 0.907625
vt 0.738670 0.935425
vt 0.731375 0.753170
vt 0.711428 0.749319
vt 0.143154 0.675414
vt 0.643438 0.604415
vt 0.648611 0.598403
vt 0.979294 0.017445
vt 0.267211 0.176588
vt 0.732086 0.648379
vt 0.733122 0.650367
vt 0.044257 0.661735
vt 0.571090 0.925234
vt 0.692527 0.114599
vt 0.498646 0.087979
vt 0.507528 0.082868
vt 0.435970 0.027399
vt 0.419581 0.020795
vt 0.092268 0.538071
vt 0.613205 0.650672
vt 0.196051 0.217952
vt 0.754484 0.856342
vt 0.563346 0.191217
vt 0.867896 0.476310
vt 0.006509 0.386099
vt 0.664734 0.603459
vt 0.678500 0.601708
vt 0.213859 0.083995
vt 0.228761 0.081123
vt 0.406723 0.986981
vt 0.982076 0.709852
vt 0.962107 0.699080
vt 0.349782 0.797214
vt 0.109333 0.127046
vt 0.138431 0.191174
vt 0.461332 0.977094
vt 0.078946 0.653310
vt 0.090080 0.647821
vt 0.087765 0.658807
vt 0.202975 0.252743
vt 0.578629 0.666406
vt 0.584666 0.655936
vt 0.374869 0.910137
vt 0.115597 0.513831
vt 0.197435 0.663462
vt 0.213620 0.673452
vt 0.198481 0.672362
vt 0.175189 0.659990
vt 0.369728 0.592208
vt 0.374464 0.580270
vt 0.611757 0.576493
vt 0.626184 0.575032
vt 0.778535 0.187771
vt 0.770234 0.202937
vt 0.771845 0.187702
vt 0.766182 0.211799
vt 0.763119 0.197757
vt 0.088518 0.899788
vt 0.268451 0.002569
vt 0.555163 0.149500
vt 0.557046 0.154050
vt 0.764419 0.579401
vt 0.771047 0.573812
vt 0.870788 0.018749
vt 0.884279 0.008110
vt 0.411369 0.524609
vt 0.402419 0.505894
vt 0.669317 0.990176
vt 0.758024 0.189032
vt 0.786900 0.793130
vt 0.896764 0.652493
vt 0.881250 0.637545
vt 0.775963 0.503748
vt 0.734692 0.203158
vt 0.730939 0.214867
vt 0.717878 0.201384
vt 0.756928 0.225034
vt 0.790402 0.460266
vt 0.810835 0.476677
vt 0.017164 0.734566
vt 0.605366 0.570013
vt 0.919274 0.469900
vt 0.808717 0.559637
vt 0.803254 0.567603
vt 0.787220 0.557573
vt 0.977792 0.458788
vt 0.976491 0.011610
vt 0.984558 0.000916
vt 0.664732 0.235637
vt 0.141861 0.970001
vt 0.104152 0.152027
vt 0.094423 0.171707
vt 0.110918 0.144002
vt 0.072280 0.281395
vt 0.168622 0.459820
vt 0.169248 0.684413
vt 0.281421 0.037407
vt 0.204894 0.087834
vt 0.217883 0.094480
vt 0.621236 0.851651
vt 0.606797 0.842004
vt 0.618686 0.828872
vt 0.229056 0.757137
vt 0.217217 0.765038
vt 0.934111 0.778067
vt 0.939550 0.153563
vt 0.585844 0.928614
vt 0.030374 0.770943
vt 0.081738 0.993344
vt 0.100222 0.990077
vt 0.911568 0.692593
vt 0.928962 0.704134
vt 0.919295 0.694999
vt 0.540398 0.665045
vt 0.384732 0.565966
vt 0.912291 0.841528
vt 0.901678 0.846154
vt 0.928353 0.841083
vt 0.943205 0.848279
vt 0.396225 0.834050
vt 0.405201 0.841634
vt 0.243566 0.665843
vt 0.695812 0.247705
vt 0.677216 0.236954
vt 0.686955 0.254201
vt 0.967993 0.622465
vt 0.972490 0.620786
vt 0.648241 0.117035
vt 0.137717 0.448140
vt 0.212159 0.847933
vt 0.585171 0.330863
vt 0.591571 0.334143
vt 0.233332 0.221355
vt 0.040287 0.673528
vt 0.889891 0.171635
vt 0.858534 0.171870
vt 0.485543 0.069904
vt 0.285464 0.943384
vt 0.351868 0.004042
vt 0.642071 0.944357
vt 0.644030 0.955819
vt 0.242318 0.156358
vt 0.656407 0.605419
vt 0.902113 0.718049
vt 0.854899 0.735220
vt 0.862292 0.706518
vt 0.879131 0.708851
vt 0.352512 0.361902
vt 0.833876 0.145048
vt 0.661000 0.501233
vt 0.647620 0.511150
vt 0.809252 0.988653
vt 0.656652 0.825077
vt 0.085350 0.552098
vt 0.081602 0.547436
vt 0.085813 0.545099
vt 0.092622 0.551294
vt 0.100642 0.775298
vt 0.077754 0.327728
vt 0.082843 0.272471
vt 0.955912 0.006237
vt 0.949026 0.014735
vt 0.068280 0.429507
vt 0.061642 0.421790
vt 0.641285 0.261770
vt 0.629963 0.265651
vt 0.760015 0.948470
vt 0.151696 0.159306
vt 0.425031 0.987117
vt 0.703740 0.979363
vt 0.706641 0.969465
vt 0.104593 0.194579
vt 0.114517 0.203725
vt 0.025346 0.853713
vt 0.468054 0.695729
vt 0.479620 0.700518
vt 0.264476 0.147577
vt 0.266583 0.155920
vt 0.764819 0.560284
vt 0.349065 0.347700
vt 0.309932 0.257954
vt 0.086688 0.265384
vt 0.071947 0.263660
vt 0.099649 0.266536
vt 0.488124 0.558592
vt 0.337192 0.175283
vt 0.334326 0.187913
vt 0.333106 0.179327
vt 0.101591 0.912725
vt 0.116144 0.911851
vt 0.891871 0.488484
vt 0.397076 0.071803
vt 0.171951 0.012505
vt 0.947851 0.001305
vt 0.952754 0.008135
vt 0.196202 0.990627
vt 0.955100 0.193812
vt 0.965599 0.196663
vt 0.159014 0.121478
vt 0.562121 0.624082
vt 0.571153 0.630797
vt 0.554735 0.620808
vt 0.612861 0.194699
vt 0.607618 0.192506
vt 0.942598 0.256010
vt 0.858432 0.852300
vt 0.050850 0.463470
vt 0.055402 0.456529
vt 0.678383 0.231528
vt 0.281407 0.473840
vt 0.278850 0.464669
vt 0.448998 0.069108
vt 0.452453 0.069194
vt 0.445515 0.076094
vt 0.924796 0.976760
vt 0.920708 0.987095
vt 0.912554 0.976760
vt 0.130902 0.108021
vt 0.142670 0.094386
vt 0.330242 0.194435
vt 0.162468 0.087271
vt 0.163164 0.068888
vt 0.512183 0.788189
vt 0.644246 0.125054
vt 0.614631 0.120953
vt 0.669481 0.492907
vt 0.664990 0.480521
vt 0.328580 0.557884
vt 0.043614 0.191477
vt 0.892598 0.053376
vt 0.896426 0.060462
vt 0.883069 0.059836
vt 0.088577 0.440333
vt 0.356177 0.530221
vt 0.288607 0.090948
vt 0.579991 0.446762
vt 0.533737 0.309853
vt 0.518591 0.308591
vt 0.548855 0.290300
vt 0.006640 0.931212
vt 0.701351 0.742997
vt 0.831343 0.564421
vt 0.808404 0.571991
vt 0.273931 0.150857
vt 0.812661 0.006389
vt 0.812661 0.019715
vt 0.804242 0.016936
vt 0.505655 0.015256
vt 0.320349 0.414690
vt 0.647527 0.225111
vt 0.622992 0.618276
vt 0.913329 0.317596
vt 0.358507 0.979023
vt 0.363321 0.569145
vt 0.231021 0.583420
vt 0.214694 0.600570
vt 0.497882 0.556828
vt 0.095482 0.445420
vt 0.945491 0.054867
vt 0.939152 0.050372
vt 0.939507 0.044856
vt 0.815505 0.512832
vt 0.800525 0.525502
vt 0.819488 0.512121
vt 0.100276 0.113140
vt 0.474489 0.935842
vt 0.991197 0.640907
vt 0.935888 0.047090
vt 0.926461 0.054797
vt 0.087622 0.119850
vt 0.294753 0.272234
vt 0.300707 0.261911
vt 0.543622 0.184045
vt 0.600917 0.287504
vt 0.059521 0.128671
vt 0.925868 0.045579
vt 0.142359 0.741654
vt 0.154592 0.728530
vt 0.026038 0.033236
vt 0.020717 0.023099
vt 0.863677 0.099300
vt 0.008008 0.528181
vt 0.240566 0.038316
vt 0.967754 0.087812
vt 0.037717 0.776003
vt 0.017246 0.008563
vt 0.803805 0.008420
vt 0.629553 0.066944
vt 0.532247 0.992604
vt 0.538212 0.985447
vt 0.549213 0.990878
vt 0.331736 0.197427
vt 0.762468 0.398400
vt 0.344477 0.207784
vt 0.330596 0.202139
vt 0.514812 0.815718
vt 0.599492 0.316325
vt 0.602499 0.300769
vt 0.602916 0.340601
vt 0.622058 0.335455
vt 0.626238 0.324148
vt 0.606339 0.312106
vt 0.658493 0.310185
vt 0.602704 0.321602
vt 0.055435 0.016047
vt 0.331586 0.247896
vt 0.330872 0.261536
vt 0.295837 0.456918
vt 0.313594 0.459307
vt 0.131962 0.651358
vt 0.092350 0.791971
vt 0.095727 0.799288
vt 0.083822 0.798174
vt 0.664667 0.323029
vt 0.151851 0.083145
vt 0.147853 0.101567
vt 0.412151 0.206840
vt 0.558484 0.310489
vt 0.594615 0.982802
vt 0.589613 0.993258
vt 0.128659 0.437365
vt 0.128622 0.442890
vt 0.057251 0.299688
vt 0.060222 0.313591
vt 0.935587 0.326976
vt 0.409720 0.961522
vt 0.504149 0.673242
vt 0.107801 0.777318
vt 0.686720 0.313935
vt 0.518833 0.270682
vt 0.138393 0.649426
vt 0.141132 0.649867
vt 0.147377 0.646300
vt 0.323868 0.286516
vt 0.269080 0.136790
vt 0.273413 0.131865
vt 0.513418 0.978196
vt 0.141598 0.041745
vt 0.253030 0.868810
vt 0.922863 0.968244
vt 0.519917 0.911555
vt 0.623291 0.706740
vt 0.641266 0.703503
vt 0.624786 0.709447
vt 0.225326 0.109671
vt 0.771584 0.754240
vt 0.779074 0.773320
vt 0.785925 0.763801
vt 0.797083 0.774433
vt 0.895558 0.741129
vt 0.219654 0.076457
vt 0.203828 0.130419
vt 0.204363 0.126903
vt 0.654357 0.697293
vt 0.648691 0.699773
vt 0.018310 0.440854
vt 0.015257 0.433755
vt 0.023372 0.417152
vt 0.761970 0.836478
vt 0.336421 0.393603
vt 0.452329 0.192618
vt 0.483652 0.912361
vt 0.501630 0.913387
vt 0.622928 0.129791
vt 0.567335 0.552887
vt 0.568832 0.557747
vt 0.951012 0.438139
vt 0.194470 0.224084
vt 0.595108 0.650178
vt 0.960044 0.427125
vt 0.674338 0.612987
vt 0.689181 0.618264
vt 0.810318 0.934587
vt 0.816363 0.932473
vt 0.497604 0.500704
vt 0.799153 0.174211
vt 0.811479 0.179586
vt 0.717704 0.044613
vt 0.721531 0.032165
vt 0.958498 0.668467
vt 0.801568 0.291031
vt 0.548875 0.074838
vt 0.891634 0.431312
vt 0.891159 0.446736
vt 0.132949 0.488362
vt 0.429062 0.324242
vt 0.630466 0.837916
vt 0.215354 0.071342
vt 0.006212 0.517684
vt 0.033818 0.883382
vt 0.175713 0.125114
vt 0.169197 0.117151
vt 0.633798 0.119739
vt 0.744002 0.277565
vt 0.722747 0.262885
vt 0.040513 0.603555
vt 0.031791 0.608430
vt 0.031592 0.592379
vt 0.026468 0.138198
vt 0.009119 0.185328
vt 0.000377 0.043787
vt 0.006854 0.051896
vt 0.936896 0.451428
vt 0.800078 0.180554
vt 0.788006 0.180193
vt 0.939683 0.066867
vt 0.951128 0.059988
vt 0.939620 0.058364
vt 0.954960 0.414332
vt 0.619437 0.924412
vt 0.308157 0.398891
vt 0.329598 0.398893
vt 0.314870 0.204672
vt 0.738104 0.749762
vt 0.179093 0.132228
vt 0.017734 0.174256
vt 0.008956 0.179293
vt 0.334263 0.459957
vt 0.319629 0.427949
vt 0.089313 0.773241
vt 0.090411 0.776333
vt 0.101217 0.497652
vt 0.083098 0.503201
vt 0.130869 0.879853
vt 0.127652 0.885006
vt 0.800729 0.258877
vt 0.821614 0.737053
vt 0.804222 0.777577
vt 0.169030 0.845635
vt 0.174902 0.841103
vt 0.180684 0.850362
vt 0.175608 0.004931
vt 0.167660 0.002791
vt 0.782211 0.750390
vt 0.803609 0.726050
vt 0.814639 0.742395
vt 0.866447 0.916230
vt 0.851598 0.921957
vt 0.421390 0.991747
vt 0.420402 0.981727
vt 0.023842 0.410097
vt 0.337053 0.029524
vt 0.528936 0.823705
vt 0.352610 0.412680
vt 0.166169 0.711956
vt 0.148130 0.195586
vt 0.149520 0.185945
vt 0.113099 0.046031
vt 0.120406 0.051583
vt 0.859583 0.476750
vt 0.988681 0.936537
vt 0.932565 0.020045
vt 0.608292 0.207649
vt 0.080587 0.351763
vt 0.433174 0.333981
vt 0.073344 0.308055
vt 0.101854 0.434205
vt 0.080034 0.078138
vt 0.082770 0.057874
vt 0.861205 0.039624
vt 0.677253 0.799805
vt 0.282371 0.019677
vt 0.275934 0.022053
vt 0.271846 0.012854
vt 0.271846 0.027343
vt 0.280038 0.029313
vt 0.273886 0.039355
vt 0.874931 0.040996
vt 0.397088 0.071803
vt 0.611154 0.505802
vt 0.565436 0.016055
vt 0.092886 0.503417
vt 0.764293 0.024517
vt 0.552904 0.710084
vt 0.557742 0.695365
vt 0.175664 0.184672
vt 0.181487 0.172917
vt 0.737635 0.741913
vt 0.746069 0.745040
vt 0.191488 0.167671
vt 0.545886 0.474615
vt 0.846849 0.815063
vt 0.256344 0.720831
vt 0.254836 0.734466
vt 0.259570 0.627836
vt 0.253982 0.633645
vt 0.277196 0.124521
vt 0.263814 0.121178
vt 0.272808 0.114679
vt 0.149712 0.067841
vt 0.817960 0.747331
vt 0.948131 0.968242
vt 0.953578 0.951577
vt 0.861919 0.897044
vt 0.118614 0.144108
vt 0.115537 0.137414
vt 0.549214 0.651351
vt 0.532287 0.648664
vt 0.200186 0.170585
vt 0.211931 0.172024
vt 0.837895 0.282663
vt 0.258865 0.677343
vt 0.246285 0.687223
vt 0.244587 0.676843
vt 0.094331 0.153416
vt 0.081774 0.157773
vt 0.039898 0.591912
vt 0.696253 0.970430
vt 0.694630 0.960267
vt 0.207509 0.595950
vt 0.483906 0.017874
vt 0.482413 0.027524
vt 0.118337 0.965979
vt 0.118337 0.983821
vt 0.112587 0.976267
vt 0.319140 0.193939
vt 0.460017 0.995960
vt 0.113857 0.701505
vt 0.330266 0.211657
vt 0.334393 0.226454
vt 0.382012 0.411309
vt 0.383020 0.406382
vt 0.401265 0.409277
vt 0.816032 0.048273
vt 0.807797 0.059998
vt 0.870418 0.898385
vt 0.552750 0.989025
vt 0.548803 0.995757
vt 0.182216 0.039025
vt 0.172846 0.036279
vt 0.176809 0.033070
vt 0.186464 0.033195
vt 0.182494 0.028949
vt 0.172875 0.631215
vt 0.142565 0.057666
vt 0.589717 0.653085
vt 0.641822 0.703271
vt 0.641980 0.703234
vt 0.676300 0.963911
vt 0.010010 0.819327
vt 0.007770 0.801705
vt 0.778877 0.944440
vt 0.926429 0.183116
vt 0.311989 0.165421
vt 0.305981 0.175978
vt 0.513379 0.773781
vt 0.524663 0.786302
vt 0.901451 0.891993
vt 0.913651 0.881764
vt 0.346424 0.169864
vt 0.970307 0.011941
vt 0.183989 0.049586
vt 0.168680 0.049857
vt 0.169369 0.039779
vt 0.159921 0.043528
vt 0.227656 0.656420
vt 0.231832 0.630924
vt 0.571682 0.259664
vt 0.834288 0.433564
vt 0.828553 0.438625
vt 0.189746 0.694803
vt 0.627428 0.675707
vt 0.024577 0.574915
vt 0.263825 0.366172
vt 0.853359 0.650741
vt 0.631734 0.516330
vt 0.637840 0.509508
vt 0.237336 0.085915
vt 0.384805 0.011040
vt 0.376239 0.019550
vt 0.376239 0.010570
vt 0.089298 0.813141
vt 0.074656 0.819448
vt 0.058066 0.897725
vt 0.796362 0.923229
vt 0.957481 0.654783
vt 0.413499 0.542900
vt 0.699617 0.252254
vt 0.680967 0.265372
vt 0.901758 0.034482
vt 0.000778 0.534386
vt 0.003242 0.540273
vt 0.920808 0.940945
vt 0.309244 0.022510
vt 0.848664 0.688468
vt 0.291775 0.477384
vt 0.192007 0.017724
vt 0.193280 0.025305
vt 0.479470 0.015813
vt 0.036777 0.981704
vt 0.714828 0.967015
vt 0.718384 0.242275
vt 0.578801 0.628741
vt 0.666116 0.690713
vt 0.142277 0.022442
vt 0.137840 0.015784
vt 0.558680 0.327593
vt 0.424492 0.707854
vt 0.407554 0.719696
vt 0.978648 0.636054
vt 0.949005 0.064262
vt 0.979820 0.627263
vt 0.975276 0.039426
vt 0.985550 0.038660
vt 0.216091 0.003101
vt 0.070786 0.591040
vt 0.906684 0.141387
vt 0.065246 0.639823
vt 0.203824 0.386722
vt 0.213019 0.378059
vt 0.490394 0.296929
vt 0.656052 0.485788
vt 0.523923 0.005522
vt 0.963840 0.938119
vt 0.065374 0.662938
vt 0.149229 0.925641
vt 0.963876 0.057962
vt 0.974912 0.056452
vt 0.977940 0.061333
vt 0.562478 0.963855
vt 0.789647 0.825260
vt 0.596787 0.110438
vt 0.770066 0.234680
vt 0.758677 0.215724
vt 0.775300 0.216374
vt 0.965321 0.274248
vt 0.973398 0.274257
vt 0.272509 0.106089
vt 0.445766 0.069257
vt 0.449066 0.974396
vt 0.139931 0.793628
vt 0.053042 0.304168
vt 0.951034 0.543489
vt 0.150182 0.790682
vt 0.275172 0.168864
vt 0.181663 0.083062
vt 0.128983 0.155368
vt 0.031730 0.627556
vt 0.952215 0.066659
vt 0.985443 0.630771
vt 0.026277 0.583290
vt 0.980256 0.955597
vt 0.980256 0.941994
vt 0.983599 0.945839
vt 0.173843 0.029242
vt 0.384341 0.814309
vt 0.510181 0.014369
vt 0.519940 0.027800
vt 0.511154 0.027497
vt 0.657328 0.933849
vt 0.905132 0.214154
vt 0.909874 0.767038
vt 0.980471 0.866591
vt 0.983256 0.893278
vt 0.792769 0.294732
vt 0.191169 0.984931
vt 0.553760 0.375837
vt 0.546588 0.379132
vt 0.747084 0.601542
vt 0.533156 0.474824
vt 0.105090 0.104727
vt 0.696794 0.157412
vt 0.962021 0.148339
vt 0.229272 0.991371
vt 0.853771 0.990614
vt 0.957193 0.000916
vt 0.524037 0.818529
vt 0.562145 0.657850
vt 0.882233 0.507775
vt 0.392713 0.385703
vt 0.632206 0.828085
vt 0.778758 0.565584
vt 0.959272 0.398721
vt 0.957730 0.375012
vt 0.054802 0.112701
vt 0.077408 0.578542
vt 0.079287 0.567263
vt 0.477897 0.291355
vt 0.607951 0.715739
vt 0.678136 0.587201
vt 0.306858 0.126798
vt 0.629912 0.379245
vt 0.683009 0.177831
vt 0.926115 0.496398
vt 0.959328 0.271210
vt 0.937540 0.497186
vt 0.931286 0.497475
vt 0.115729 0.604799
vt 0.340152 0.639221
vt 0.853754 0.293782
vt 0.372793 0.847115
vt 0.111577 0.545195
vt 0.494928 0.408345
vt 0.482624 0.387959
vt 0.492392 0.401857
vt 0.473089 0.328190
vt 0.439306 0.352274
vt 0.160896 0.778377
vt 0.071505 0.899766
vt 0.064387 0.895514
vt 0.492480 0.970590
vt 0.993823 0.714555
vt 0.694022 0.476228
vt 0.312189 0.141723
vt 0.307916 0.152527
vt 0.187098 0.843261
vt 0.204261 0.840366
vt 0.250881 0.225622
vt 0.142297 0.492145
vt 0.002917 0.983772
vt 0.131090 0.040407
vt 0.126322 0.041627
vt 0.928146 0.976507
vt 0.939325 0.976507
vt 0.934852 0.983332
vt 0.817422 0.019140
vt 0.817422 0.008973
vt 0.825148 0.013603
vt 0.882800 0.530809
vt 0.888937 0.537046
vt 0.088033 0.524869
vt 0.098065 0.536261
vt 0.099522 0.142081
vt 0.937903 0.696386
vt 0.282038 0.171187
vt 0.302053 0.776708
vt 0.296637 0.773213
vt 0.290359 0.777397
vt 0.017665 0.056513
vt 0.556525 0.886540
vt 0.529652 0.907308
vt 0.530753 0.893892
vt 0.567561 0.722579
vt 0.944923 0.010398
vt 0.944923 0.019722
vt 0.936603 0.014994
vt 0.004520 0.351271
vt 0.483115 0.957359
vt 0.019590 0.991894
vt 0.005998 0.990095
vt 0.026020 0.985665
vt 0.122287 0.074737
vt 0.689500 0.678071
vt 0.485277 0.360892
vt 0.449288 0.364170
vt 0.339156 0.152534
vt 0.155706 0.041123
vt 0.068097 0.680993
vt 0.635983 0.046374
vt 0.628405 0.038034
vt 0.985873 0.516868
vt 0.978553 0.512928
vt 0.251333 0.480698
vt 0.608127 0.774801
vt 0.083283 0.843667
vt 0.077236 0.863447
vt 0.741299 0.766487
vt 0.006570 0.923879
vt 0.835875 0.027353
vt 0.982273 0.741635
vt 0.987606 0.736933
vt 0.987606 0.785114
vt 0.008926 0.380685
vt 0.621515 0.710759
vt 0.575847 0.722450
vt 0.629390 0.667109
vt 0.624501 0.652344
vt 0.617436 0.646130
vt 0.565281 0.724388
vt 0.566800 0.724544
vt 0.557124 0.725429
vt 0.593131 0.081839
vt 0.968868 0.173116
vt 0.856253 0.920348
vt 0.406500 0.539108
vt 0.377233 0.507303
vt 0.685788 0.797355
vt 0.773272 0.768005
vt 0.772467 0.781798
vt 0.078753 0.930000
vt 0.005224 0.002422
vt 0.172214 0.136651
vt 0.334828 0.079201
vt 0.334521 0.082371
vt 0.332140 0.079601
vt 0.791354 0.174903
vt 0.793235 0.159039
vt 0.594633 0.343926
vt 0.594803 0.353162
vt 0.094366 0.264615
vt 0.318919 0.184443
vt 0.143746 0.218712
vt 0.781525 0.291726
vt 0.770926 0.284600
vt 0.612435 0.851145
vt 0.205167 0.752372
vt 0.426149 0.816613
vt 0.318266 0.394541
vt 0.915578 0.607189
vt 0.995446 0.934572
vt 0.527958 0.071982
vt 0.108068 0.983891
vt 0.018726 0.769936
vt 0.641775 0.674639
vt 0.638953 0.374399
vt 0.645142 0.369990
vt 0.484638 0.276193
vt 0.687166 0.167151
vt 0.625207 0.172924
vt 0.644981 0.163195
vt 0.195825 0.104055
vt 0.173518 0.081177
vt 0.855997 0.200052
vt 0.849182 0.209460
vt 0.781997 0.183893
vt 0.862048 0.685799
vt 0.559997 0.981149
vt 0.562130 0.973899
vt 0.116583 0.445032
vt 0.125348 0.446208
vt 0.743557 0.853323
vt 0.725633 0.499399
vt 0.267260 0.718029
vt 0.031321 0.234347
vt 0.900814 0.246209
vt 0.942282 0.978900
vt 0.953300 0.984351
vt 0.944737 0.985837
vt 0.507547 0.027524
vt 0.554234 0.993407
vt 0.169181 0.755385
vt 0.921151 0.315414
vt 0.180403 0.449507
vt 0.198858 0.442261
vt 0.180262 0.437393
vt 0.503091 0.583754
vt 0.713869 0.318520
vt 0.939372 0.880093
vt 0.948792 0.977621
vt 0.953300 0.969986
vt 0.741623 0.753368
vt 0.163663 0.521922
vt 0.159824 0.511031
vt 0.091739 0.678492
vt 0.686174 0.161723
vt 0.764809 0.065290
vt 0.533613 0.000102
vt 0.422679 0.723245
vt 0.661716 0.882018
vt 0.866435 0.295419
vt 0.988058 0.887895
vt 0.993660 0.890955
vt 0.986260 0.897879
vt 0.421455 0.852936
vt 0.418252 0.863393
vt 0.414973 0.846502
vt 0.731303 0.703250
vt 0.057660 0.449239
vt 0.070002 0.460219
vt 0.127792 0.469656
vt 0.397220 0.071797
vt 0.462493 0.011023
vt 0.254555 0.490718
vt 0.933245 0.033275
vt 0.946351 0.037745
vt 0.976145 0.952684
vt 0.972835 0.934610
vt 0.977004 0.934821
vt 0.297190 0.732096
vt 0.054998 0.637235
vt 0.745770 0.441244
vt 0.916039 0.481979
vt 0.137863 0.229153
vt 0.859250 0.321786
vt 0.976550 0.722979
vt 0.094967 0.921248
vt 0.126301 0.709065
vt 0.167225 0.081450
vt 0.680062 0.008715
vt 0.715774 0.009970
vt 0.666281 0.084294
vt 0.408317 0.653990
vt 0.446175 0.700514
vt 0.456767 0.707367
vt 0.890295 0.841767
vt 0.233796 0.150500
vt 0.520403 0.695176
vt 0.508195 0.704648
vt 0.507333 0.698961
vt 0.950548 0.803763
vt 0.946294 0.820541
vt 0.149299 0.017540
vt 0.955071 0.070405
vt 0.897924 0.423771
vt 0.103988 0.925892
vt 0.398321 0.437697
vt 0.407736 0.421601
vt 0.483939 0.646041
vt 0.061254 0.564499
vt 0.986481 0.926005
vt 0.701993 0.967376
vt 0.700835 0.959256
vt 0.178160 0.023799
vt 0.983789 0.714886
vt 0.336131 0.079205
vt 0.293489 0.150685
vt 0.657091 0.995090
vt 0.394434 0.824262
vt 0.027918 0.454818
vt 0.034450 0.465308
vt 0.730936 0.949671
vt 0.977866 0.008109
vt 0.339316 0.495810
vt 0.448933 0.727440
vt 0.416040 0.027399
vt 0.906304 0.475300
vt 0.247217 0.082713
vt 0.407961 0.848686
vt 0.246815 0.936045
vt 0.470428 0.374537
vt 0.876053 0.630705
vt 0.886714 0.624103
vt 0.157238 0.990547
vt 0.691600 0.790524
vt 0.690795 0.778740
vt 0.835481 0.262132
vt 0.980507 0.050715
vt 0.601526 0.348749
vt 0.157540 0.048763
vt 0.315516 0.132433
vt 0.388254 0.025889
vt 0.375503 0.029259
vt 0.398057 0.028881
vt 0.627077 0.519922
vt 0.012058 0.471932
vt 0.409812 0.921909
vt 0.046320 0.434169
vt 0.024750 0.757840
vt 0.011284 0.757415
vt 0.114708 0.959757
vt 0.045747 0.774243
vt 0.046319 0.443029
vt 0.140050 0.051583
vt 0.667442 0.361928
vt 0.658616 0.361824
vt 0.415211 0.684095
vt 0.572053 0.268779
vt 0.044803 0.693243
vt 0.051423 0.702398
vt 0.804738 0.692503
vt 0.454353 0.306285
vt 0.761669 0.105288
vt 0.788110 0.709434
vt 0.253613 0.240201
vt 0.120001 0.692567
vt 0.327154 0.175263
vt 0.936403 0.039142
vt 0.407322 0.970100
vt 0.419903 0.974436
vt 0.911732 0.756357
vt 0.623606 0.041185
vt 0.627906 0.030380
vt 0.236958 0.715182
vt 0.675786 0.269962
vt 0.438081 0.974050
vt 0.443445 0.974050
vt 0.441002 0.987798
vt 0.957725 0.737349
vt 0.951798 0.727989
vt 0.796216 0.430935
vt 0.424619 0.850094
vt 0.215428 0.950732
vt 0.207177 0.939909
vt 0.248170 0.034561
vt 0.268948 0.045691
vt 0.778765 0.931130
vt 0.778365 0.944534
vt 0.739614 0.645255
vt 0.624574 0.781293
vt 0.962779 0.465157
vt 0.221740 0.869712
vt 0.750911 0.017532
vt 0.756785 0.608884
vt 0.963595 0.142422
vt 0.056519 0.848518
vt 0.862540 0.858760
vt 0.898177 0.809382
vt 0.094498 0.560090
vt 0.101442 0.546627
vt 0.104126 0.540415
vt 0.602424 0.843835
vt 0.772811 0.577799
vt 0.777338 0.581165
vt 0.702090 0.248083
vt 0.705902 0.250284
vt 0.755211 0.633824
vt 0.600242 0.083314
vt 0.737375 0.600253
vt 0.557754 0.075466
vt 0.563938 0.076113
vt 0.095615 0.763348
vt 0.351840 0.395883
vt 0.419740 0.077291
vt 0.406653 0.078538
vt 0.401877 0.082511
vt 0.708462 0.958172
vt 0.428163 0.070324
vt 0.106442 0.669685
vt 0.919311 0.492485
vt 0.589876 0.013573
vt 0.733351 0.392989
vt 0.964840 0.706704
vt 0.965923 0.713186
vt 0.449765 0.019182
vt 0.441801 0.012147
vt 0.448991 0.006923
vt 0.071576 0.058761
vt 0.059295 0.121014
vt 0.269920 0.585321
vt 0.041167 0.545988
vt 0.880115 0.743766
vt 0.078562 0.271235
vt 0.831881 0.743643
vt 0.124284 0.128250
vt 0.660081 0.229173
vt 0.093099 0.884908
vt 0.811895 0.978669
vt 0.164134 0.470070
vt 0.221725 0.641123
vt 0.925365 0.037902
vt 0.667853 0.689769
vt 0.507184 0.453578
vt 0.127439 0.121669
vt 0.729818 0.486128
vt 0.991062 0.826159
vt 0.689942 0.140825
vt 0.724640 0.639189
vt 0.542505 0.072491
vt 0.700835 0.984274
vt 0.423768 0.974835
vt 0.982223 0.623543
vt 0.131111 0.699437
vt 0.006917 0.827715
vt 0.550058 0.073287
vt 0.612861 0.713518
vt 0.847577 0.734420
vt 0.599314 0.333566
vt 0.995952 0.978508
vt 0.985976 0.987684
vt 0.694416 0.906854
vt 0.986609 0.702432
vt 0.368253 0.074549
vt 0.156354 0.079006
vt 0.977401 0.737010
vt 0.669831 0.972802
vt 0.675077 0.976389
vt 0.956173 0.429178
vt 0.983537 0.906987
vt 0.980318 0.918827
vt 0.980318 0.896434
vt 0.607958 0.647651
vt 0.590131 0.488692
vt 0.153266 0.881132
vt 0.222838 0.899264
vt 0.105037 0.533145
vt 0.613864 0.685807
vt 0.332807 0.017049
vt 0.025666 0.865728
vt 0.999454 0.036858
vt 0.069166 0.826046
vt 0.065433 0.833815
vt 0.830998 0.853902
vt 0.008745 0.121104
vt 0.635104 0.667397
vt 0.239053 0.671715
vt 0.228006 0.763924
vt 0.131474 0.055762
vt 0.027546 0.063240
vt 0.539941 0.950478
vt 0.380305 0.365282
vt 0.958113 0.342975
vt 0.477492 0.300286
vt 0.977004 0.975582
vt 0.550552 0.304243
vt 0.708248 0.645835
vt 0.263965 0.583482
vt 0.987575 0.439436
vt 0.061677 0.690262
vt 0.060291 0.694560
vt 0.054788 0.690069
vt 0.522901 0.028934
vt 0.988220 0.918773
vt 0.609210 0.715403
vt 0.682272 0.270538
vt 0.450249 0.027130
vt 0.798217 0.938805
vt 0.988350 0.787910
vt 0.538264 0.072264
vt 0.061782 0.884682
vt 0.378790 0.352358
vt 0.007081 0.032917
vt 0.000474 0.035731
vt 0.146869 0.973852
vt 0.798912 0.740718
vt 0.191545 0.686164
vt 0.188064 0.836522
vt 0.054533 0.269856
vt 0.990374 0.923350
vt 0.586235 0.975208
vt 0.570830 0.977067
vt 0.462441 0.709404
vt 0.466655 0.702803
vt 0.952134 0.252332
vt 0.880233 0.755170
vt 0.020658 0.142434
vt 0.924008 0.604033
vt 0.563561 0.167583
vt 0.867963 0.638477
vt 0.390179 0.812478
vt 0.743292 0.747969
vt 0.943217 0.509024
vt 0.952081 0.504006
vt 0.974901 0.847967
vt 0.967703 0.466900
vt 0.610044 0.261249
vt 0.616135 0.269352
vt 0.012580 0.135846
vt 0.779732 0.202534
vt 0.091374 0.806524
vt 0.976744 0.890592
vt 0.267965 0.356257
vt 0.640096 0.976027
vt 0.366698 0.088220
vt 0.914493 0.836350
vt 0.941922 0.803390
vt 0.344652 0.398494
vt 0.353051 0.792786
vt 0.674796 0.687274
vt 0.968137 0.502190
vt 0.114230 0.052267
vt 0.356214 0.339139
vt 0.425243 0.539648
vt 0.834242 0.173858
vt 0.962113 0.266227
vt 0.065498 0.697274
vt 0.825894 0.300819
vt 0.230822 0.132174
vt 0.007521 0.901681
vt 0.529336 0.004901
vt 0.059779 0.200415
vt 0.396141 0.413655
vt 0.994502 0.059181
vt 0.501406 0.667522
vt 0.931249 0.436572
vt 0.693742 0.980462
vt 0.697824 0.974372
vt 0.697824 0.983459
vt 0.494120 0.012637
vt 0.898399 0.155898
vt 0.072892 0.461068
s 1
usemtl Solitaire_L
f 1902/1/1897 243/2/238 1133/3/1128
f 6/4/6 5/5/5 1/6/1
f 1/7/1 2/8/2 3/9/3
f 2/8/2 4/10/4 3/9/3
f 5/5/5 4/11/4 1/6/1
f 1/12/1 4/13/4 2/14/2
f 4/15/4 5/16/5 2/17/2
f 5/5/5 6/4/6 2/8/2
f 2/8/2 6/4/6 4/10/4
f 6/18/6 1584/19/1579 4/20/4
f 3296/21/3291 2579/22/2574 3297/23/3292
f 454/24/449 8/25/8 7/26/7
f 454/27/449 275/28/270 8/29/8
f 275/28/270 7/30/7 8/29/8
f 1588/31/1583 7/30/7 275/28/270
f 7/32/7 1304/33/1299 454/34/449
f 1588/31/1583 1304/35/1299 8/29/8
f 1304/36/1299 7/37/7 8/38/8
f 7/30/7 1588/31/1583 8/29/8
f 838/39/833 1889/40/1884 2614/41/2609
f 2429/42/2424 732/43/727 289/44/284
f 139/45/134 3007/46/3002 12/47/12
f 2429/48/2424 2965/49/2960 732/50/727
f 139/45/134 12/47/12 11/51/11
f 3197/52/3192 2081/53/2076 2985/54/2980
f 1582/55/1577 2981/56/2976 170/57/165
f 1555/58/1550 46/59/41 1893/60/1888
f 382/61/377 46/59/41 1555/58/1550
f 2041/62/2036 1836/63/1831 3164/64/3159
f 1444/65/1439 14/66/14 2239/67/2234
f 1444/68/1439 1222/69/1217 14/70/14
f 1109/71/1104 2976/72/2971 11/73/11
f 2220/74/2215 238/75/233 1996/76/1991
f 458/77/453 279/78/274 2699/79/2694
f 279/78/274 458/77/453 1792/80/1787
f 18/81/18 19/82/18 37/83/18
f 469/84/464 2509/85/2504 1797/86/1792
f 2335/87/2330 1432/88/1427 1875/89/1870
f 3298/90/3293 3299/91/3294 1354/92/1349
f 1231/93/1226 2460/94/2455 64/95/59
f 1031/96/1026 1591/97/1586 1326/98/1321
f 1326/98/1321 2232/99/2227 1031/96/1026
f 781/100/776 1333/101/1328 2827/102/2822
f 1231/93/1226 64/95/59 1951/103/1946
f 22/104/21 1042/105/1037 23/106/22
s 2
f 22/107/21 23/108/22 21/109/20
s 1
f 427/110/422 23/106/22 1042/105/1037
f 343/111/338 116/112/111 379/113/374
f 27/114/20 26/115/20 25/116/20
f 25/117/20 26/118/20 27/119/20
f 29/120/25 1564/121/1559 2062/122/2057
f 2949/123/2944 809/124/804 2618/125/2613
f 1243/126/1238 1308/127/1303 68/128/63
f 860/129/855 2314/130/2309 1217/131/1212
f 2824/132/2819 560/133/555 1828/134/1823
f 1065/135/1060 2472/136/2467 369/137/364
f 826/138/821 1801/139/1796 2709/140/2704
f 1144/141/1139 34/142/30 1487/143/1482
f 2750/144/2745 2382/145/2377 2543/146/2538
f 496/147/491 2436/148/2431 1737/149/1732
f 54/150/49 2942/151/2937 1177/152/1172
f 2067/153/2062 742/154/737 2048/155/2043
f 1311/156/1306 551/157/546 38/158/33
f 2652/159/2647 1385/160/1380 551/157/546
s 2
f 22/161/21 21/162/20 23/163/22
s 1
f 261/164/256 1042/105/1037 22/104/21
f 261/164/256 22/104/21 23/106/22
f 261/164/256 23/106/22 427/110/422
f 19/165/18 18/166/18 37/167/18
f 2782/168/2777 1544/169/1539 509/170/504
f 1609/171/1604 1044/172/1039 1785/173/1780
f 33/174/29 1933/175/1928 2348/176/2343
f 2512/177/2507 3049/178/3044 867/179/862
f 590/180/585 2409/181/2404 2443/182/2438
f 2457/183/2452 3023/184/3018 183/185/178
f 39/186/34 661/187/656 925/188/920
f 2595/189/2590 2097/190/2092 1184/191/1179
f 495/192/490 1124/193/1119 3048/194/3043
f 119/195/114 2007/196/2002 658/197/653
f 658/198/653 200/199/195 2695/200/2690
f 665/201/660 338/202/333 2343/203/2338
f 805/204/800 2206/205/2201 1576/206/1571
f 3016/207/3011 2027/208/2022 710/209/705
f 273/210/268 1149/211/1144 2645/212/2640
f 423/213/418 2674/214/2669 778/215/773
f 85/216/80 2120/217/2115 1536/218/1531
f 1322/219/1317 406/220/401 1920/221/1915
f 2701/222/2696 47/223/42 938/224/933
f 1909/225/1904 2089/226/2084 2415/227/2410
f 1683/228/1678 2800/229/2795 538/230/533
f 1473/231/1468 2948/232/2943 543/233/538
f 2777/234/2772 2029/235/2024 644/236/639
f 3058/237/3053 1682/238/1677 1089/239/1084
f 354/240/349 1134/241/1129 2076/242/2071
f 2781/243/2776 2114/244/2109 1003/245/998
f 2185/246/2180 975/247/970 1018/248/1013
f 543/249/538 2136/250/2131 1473/251/1468
f 577/252/572 118/253/113 885/254/880
f 1801/139/1796 155/255/150 2709/140/2704
f 2170/256/2165 52/257/47 717/258/712
f 2107/259/2102 3240/260/3235 2794/261/2789
f 1601/262/1596 1656/263/1651 595/264/590
f 594/265/589 592/266/587 76/267/71
f 2493/268/2488 1228/269/1223 1177/152/1172
f 2666/270/2661 1065/135/1060 1228/269/1223
f 3078/271/3073 831/272/826 181/273/176
f 193/274/188 1303/275/1298 2998/276/2993
f 2897/277/2892 1554/278/1549 2930/279/2925
f 1628/280/1623 1632/281/1627 1247/282/1242
f 3160/283/3155 3165/284/3160 3102/285/3097
f 424/286/419 148/287/143 1187/288/1182
f 82/289/77 3276/290/3271 3292/291/3287
f 2097/190/2092 1617/292/1612 1184/191/1179
f 417/293/412 1619/294/1614 1763/295/1758
f 1676/296/1671 87/297/82 3033/298/3028
f 59/299/54 3209/300/3204 800/301/795
f 1008/302/1003 3059/303/3054 2410/304/2405
f 180/305/175 1252/306/1247 2540/307/2535
f 1101/308/1096 1099/309/1094 1159/310/1154
f 3300/311/3295 3301/312/3296 728/313/723
f 1710/314/1705 2485/315/2480 2175/316/2170
f 46/59/41 800/317/795 2266/318/2261
f 2720/319/2715 1752/320/1747 1937/321/1932
f 3033/298/3028 1988/322/1983 1985/323/1980
f 3008/324/3003 1561/325/1556 3070/326/3065
f 1118/327/1113 224/328/219 222/329/217
f 2345/330/2340 2414/331/2409 2051/332/2046
f 496/147/491 3272/333/3267 2436/148/2431
f 3244/334/3239 2371/335/2366 1038/336/1033
f 1937/337/1932 2641/338/2636 979/339/974
f 813/340/808 2452/341/2447 2454/342/2449
f 67/343/62 3242/344/3237 2334/345/2329
f 3211/346/3206 2065/347/2060 1017/348/1012
f 418/349/413 1872/350/1867 1394/351/1389
f 2464/352/2459 2333/353/2328 2039/354/2034
f 3031/355/3026 1978/356/1973 1689/357/1684
f 710/209/705 2027/208/2022 821/358/816
f 1450/359/1445 1445/360/1440 498/361/493
f 3302/362/3297 132/363/127 2086/364/2081 3303/365/3298
f 984/366/979 1405/367/1400 1199/368/1194
f 210/369/205 1178/370/1173 2975/371/2970
f 2805/372/2800 1483/373/1478 72/374/67
f 92/375/87 2657/376/2652 979/339/974
f 1382/377/1377 1750/378/1745 828/379/823
f 2023/380/2018 2059/381/2054 192/382/187
f 74/383/69 1345/384/1340 1271/385/1266
f 3002/386/2997 1492/387/1487 622/388/617
f 2346/389/2341 1511/390/1506 2594/391/2589
f 1383/392/1378 2504/393/2499 2421/394/2416
f 2276/395/2271 2036/396/2031 45/397/40
f 2068/398/2063 690/399/685 2675/400/2670
f 24/401/23 202/402/197 379/113/374
f 320/403/315 2793/404/2788 2078/405/2073
f 433/406/428 2113/407/2108 2983/408/2978
f 3060/409/3055 2605/410/2600 49/411/44
f 445/412/440 2386/413/2381 1281/414/1276
f 1725/415/1720 3259/416/3254 492/417/487
f 170/57/165 2981/56/2976 510/418/505
f 2452/419/2447 532/420/527 357/421/352
f 1554/278/1549 2897/277/2892 1431/422/1426
f 419/423/414 190/424/185 1482/425/1477
f 277/426/272 1035/427/1030 1368/428/1363
f 1717/429/1712 852/430/847 3080/431/3075
f 3304/432/3299 1584/19/1579 2579/433/2574 3296/434/3291
f 2086/364/2081 3305/435/3300 3303/365/3298
f 2238/436/2233 264/437/259 2255/438/2250
f 266/439/261 1764/440/1759 2364/441/2359
f 2046/442/2041 718/443/713 84/444/79
f 1593/445/1588 2296/446/2291 1402/447/1397
f 621/448/616 1528/449/1523 83/450/78
f 1027/451/1022 374/452/369 103/453/98
f 2860/454/2855 217/455/212 1405/367/1400
f 3245/456/3240 360/457/355 2395/458/2390
f 2873/459/2868 1985/323/1980 1867/460/1862
f 1584/19/1579 1272/461/1267 2579/433/2574
f 257/462/252 2562/463/2557 1898/464/1893
f 2839/465/2834 2958/466/2953 3161/467/3156
f 3094/468/3089 1523/469/1518 30/470/26
f 628/471/623 1158/472/1153 1560/473/1555
f 186/474/181 825/475/820 1182/476/1177
f 3067/477/3062 1282/478/1277 217/455/212
f 2921/479/2916 1527/480/1522 1341/481/1336
f 3042/482/3037 3213/483/3208 1206/484/1201
f 1889/40/1884 1502/485/1497 2638/486/2633
f 1550/487/1545 502/488/497 1079/489/1074
f 740/490/735 310/491/305 271/492/266
f 94/493/89 2222/494/2217 1469/495/1464
f 1808/496/1803 1825/497/1820 2554/498/2549
f 1654/499/1649 566/500/561 1860/501/1855
f 2716/502/2711 226/503/221 3069/504/3064
f 3177/505/3172 142/506/137 737/507/732
f 783/508/778 1725/415/1720 3142/509/3137
f 1181/510/1176 3076/511/3071 2283/512/2278
f 2426/513/2421 2095/514/2090 108/515/103
f 2629/516/2624 239/517/234 3306/518/3301 3307/519/3302
f 3076/511/3071 1181/510/1176 99/520/94
f 2233/521/2228 1712/522/1707 2578/523/2573
f 1930/524/1925 2931/525/2926 2201/526/2196
f 1597/527/1592 1084/528/1079 1305/529/1300
f 1092/530/1087 101/531/96 247/532/242
f 1697/533/1692 491/534/486 474/535/469
f 63/536/58 3098/537/3093 1750/538/1745
f 1966/539/1961 747/540/742 391/541/386
f 284/542/279 938/224/933 47/223/42
f 2449/543/2444 130/544/125 388/545/383
f 1397/546/1392 111/547/106 104/548/99
f 1226/549/1221 1337/550/1332 293/551/288
f 381/552/376 696/553/691 105/554/100
f 1017/348/1012 3247/555/3242 695/556/690
f 109/557/104 2611/558/2606 678/559/673
f 2309/560/2304 1753/561/1748 3093/562/3088
f 107/563/102 2344/564/2339 2474/565/2469
f 2894/566/2889 2938/567/2933 287/568/282
f 1550/487/1545 1079/489/1074 159/569/154
f 2557/570/2552 2656/571/2651 1517/572/1512
f 3041/573/3036 1199/368/1194 2711/574/2706
f 2760/575/2755 42/576/37 1033/577/1028
f 719/578/714 997/579/992 165/580/160
f 521/581/516 1100/582/1095 252/583/247
f 2180/584/2175 2781/243/2776 104/548/99
f 1788/585/1783 651/586/646 157/587/152
f 1318/588/1313 2501/589/2496 2951/590/2946
f 3143/591/3138 1643/592/1638 2630/593/2625
f 1087/594/1082 1459/595/1454 113/596/108
f 273/210/268 2645/212/2640 2214/597/2209
f 2149/598/2144 2260/599/2255 2309/560/2304
f 2637/600/2632 733/601/728 2575/602/2570
f 875/603/870 1746/604/1741 3289/605/3284
f 2977/606/2972 2979/607/2974 1039/608/1034
f 2570/609/2565 379/113/374 116/112/111
f 1847/610/1842 20/611/19 135/612/130
f 1664/613/1659 3089/614/3084 1719/615/1714
f 1466/616/1461 889/617/884 584/618/579
f 2906/619/2901 537/620/532 374/452/369
f 1907/621/1902 943/622/938 647/623/642
f 29/120/25 119/195/114 1564/121/1559
f 912/624/907 3031/355/3026 1469/495/1464
f 3013/625/3008 366/626/361 3077/627/3072
f 1984/628/1979 1437/629/1432 2936/630/2931
f 1741/631/1736 1712/522/1707 574/632/569
f 260/633/255 134/634/129 136/635/131
f 640/636/635 3041/573/3036 1508/637/1503
f 1519/638/1514 2057/639/2052 254/640/249
f 914/641/909 3258/642/3253 485/643/480
f 188/644/183 2784/645/2779 1100/582/1095
f 1244/646/1239 1081/647/1076 2850/648/2845
f 235/649/230 1063/650/1058 1225/651/1220
f 800/301/795 3209/300/3204 2266/652/2261
f 2965/49/2960 3197/52/3192 2985/54/2980
f 126/653/121 474/535/469 491/534/486
f 295/654/290 172/655/167 2477/656/2472
f 403/657/398 57/658/52 3238/659/3233
f 1812/660/1807 128/661/123 2489/662/2484
f 1114/663/1109 1793/664/1788 83/450/78
f 647/623/642 943/622/938 177/665/172
f 2116/666/2111 949/667/944 3266/668/3261
f 2404/669/2399 1299/670/1294 2169/671/2164
f 1370/672/1365 2682/673/2677 2955/674/2950
f 535/675/530 3163/676/3158 1137/677/1132
f 2787/678/2782 1010/679/1005 2162/680/2157
f 3159/681/3154 751/682/746 2731/683/2726
f 2740/684/2735 1/685/1 3/686/3
f 1257/687/1252 439/688/434 1086/689/1081
f 2482/690/2477 3013/691/3008 1099/309/1094
f 1250/692/1245 89/693/84 60/694/55
f 2811/695/2806 694/696/689 1912/697/1907
f 1485/698/1480 2463/699/2458 1995/700/1990
f 600/701/595 116/702/111 1918/703/1913
f 926/704/921 787/705/782 1558/706/1553
f 2557/570/2552 2279/707/2274 2656/571/2651
f 1136/708/1131 599/709/594 2286/710/2281
f 2316/711/2311 588/712/583 314/713/309
f 2753/714/2748 588/715/583 1199/368/1194
f 2571/716/2566 1872/717/1867 166/718/161
f 2701/222/2696 143/719/138 2688/720/2683
f 13/721/13 794/722/789 1400/723/1395
f 243/2/238 1348/724/1343 1133/3/1128
f 2115/725/2110 3050/726/3045 1491/727/1486
f 3123/728/3118 1208/729/1203 524/730/519
f 1519/638/1514 286/731/281 757/732/752
f 449/733/444 3022/734/3017 2274/735/2269
f 1141/736/1136 946/737/941 2156/738/2151
f 1208/729/1203 378/739/373 409/740/404
f 85/741/80 1536/742/1531 143/719/138
f 2808/743/2803 2682/673/2677 1370/672/1365
f 82/289/77 3292/291/3287 1768/744/1763
f 1768/744/1763 1258/745/1253 1095/746/1090
f 145/747/140 2663/748/2658 498/361/493
f 145/747/140 498/361/493 1445/360/1440
f 1515/749/1510 967/750/962 1510/751/1505
f 461/752/456 2997/753/2992 304/754/299
f 1269/755/1264 2174/756/2169 81/757/76
f 1410/758/1405 2712/759/2707 153/760/148
f 951/761/946 1127/762/1122 2749/763/2744
f 440/764/435 410/765/405 324/766/319
f 2412/767/2407 147/768/142 1732/769/1727
f 1744/770/1739 481/771/476 1160/772/1155
f 1573/773/1568 704/774/699 2762/775/2757
f 1632/281/1627 1408/776/1403 919/777/914
f 2577/778/2572 2066/779/2061 539/780/534
f 829/781/824 1342/782/1337 1671/783/1666
f 1126/784/1121 2576/785/2571 2776/786/2771
f 3090/787/3085 2644/788/2639 1203/789/1198
f 1540/790/1535 1895/791/1890 1249/792/1244
f 3135/793/3130 173/794/168 2635/795/2630
f 154/796/149 1776/797/1771 1183/798/1178
f 3263/799/3258 483/800/478 1719/615/1714
f 1379/801/1374 348/802/343 963/803/958
f 816/804/811 1210/805/1205 1385/160/1380
f 1073/806/1068 2050/807/2045 1449/808/1444
f 1516/809/1511 624/810/619 1011/811/1006
f 2746/812/2741 91/813/86 2715/814/2710
f 2908/815/2903 700/816/695 229/817/224
f 985/818/980 1012/819/1007 1792/80/1787
f 458/77/453 1896/820/1891 2070/821/2065
f 2686/822/2681 97/823/92 2085/824/2080
f 97/823/92 3262/825/3257 465/826/460
f 2473/827/2468 1250/692/1245 160/828/155
f 1859/829/1854 2465/830/2460 1679/831/1674
f 161/832/156 1861/833/1856 299/834/294
f 1336/835/1331 2957/836/2952 2978/837/2973
f 3308/838/3303 3309/839/3304 835/840/830
f 446/841/441 703/842/698 890/843/885
f 2787/678/2782 1705/844/1700 1010/679/1005
f 1626/845/1621 1144/141/1139 1487/143/1482
f 2457/183/2452 183/185/178 585/846/580
f 631/847/626 2000/848/1995 402/849/397
f 1809/850/1804 1407/851/1402 345/852/340
f 3227/853/3222 719/578/714 165/580/160
f 1754/854/1749 2314/130/2309 860/129/855
f 3231/855/3226 3006/856/3001 68/128/63
f 1308/127/1303 3231/855/3226 68/128/63
f 1300/857/1295 1742/858/1737 167/859/162
f 91/813/86 2407/860/2402 2903/861/2898
f 572/862/567 1872/717/1867 2571/716/2566
f 3064/863/3059 1656/263/1651 2216/864/2211
f 169/865/164 2313/866/2308 2653/867/2648
f 2142/868/2137 2803/869/2798 2269/870/2264
f 1348/871/1343 16/872/16 899/873/894
f 2394/874/2389 16/872/16 1109/875/1104
f 2417/876/2412 453/877/448 1624/878/1619
f 500/879/495 162/880/157 3115/881/3110
f 2278/882/2273 187/883/182 122/884/117
f 122/884/117 187/883/182 1652/885/1647
f 1669/886/1664 149/887/144 1970/888/1965
f 1484/889/1479 1823/890/1818 2412/767/2407
f 156/891/151 2785/892/2780 1949/893/1944
f 558/894/553 624/810/619 2913/895/2908
f 2536/896/2531 542/897/537 2190/898/2185
f 1041/899/1036 2190/898/2185 1275/900/1270
f 773/901/768 1128/902/1123 2248/903/2243
f 1269/755/1264 2820/904/2815 2173/905/2168
f 2124/906/2119 83/450/78 1904/907/1899
f 2011/908/2006 873/909/868 2797/910/2792
f 2762/775/2757 456/911/451 1556/912/1551
f 1122/913/1117 150/914/145 211/915/206
f 1519/638/1514 254/640/249 3257/916/3252
f 961/917/956 2261/918/2256 564/919/559
f 3198/920/3193 1279/921/1274 711/922/706
f 49/411/44 79/923/74 1095/746/1090
f 3078/271/3073 181/273/176 2241/924/2236
f 986/925/981 891/926/886 670/927/665
f 2146/928/2141 1190/929/1185 1906/930/1901
f 1378/931/1373 1342/782/1337 1190/929/1185
f 586/932/581 3178/933/3173 40/934/35
f 1150/935/1145 2945/936/2940 687/937/682
f 920/938/915 646/939/641 1349/940/1344
f 1224/941/1219 447/942/442 1192/943/1187
f 1358/944/1353 2722/945/2717 723/946/718
f 730/947/725 3034/948/3029 1245/949/1240
f 3281/950/3276 231/951/226 3310/952/3305 3311/953/3306
f 2777/234/2772 858/954/853 1486/955/1481
f 295/654/290 187/883/182 172/655/167
f 254/956/249 187/883/182 1186/957/1181
f 2448/958/2443 1761/959/1756 188/644/183
f 152/960/147 539/780/534 1342/782/1337
f 172/655/167 187/883/182 2767/961/2762
f 1818/962/1813 2395/458/2390 2767/961/2762
f 793/963/788 869/964/864 2109/965/2104
f 2644/788/2639 3090/787/3085 1023/966/1018
f 751/682/746 2505/967/2500 2731/683/2726
f 438/968/433 3295/969/3290 1409/970/1404
f 459/971/454 1751/972/1746 977/973/972
f 1748/974/1743 2565/975/2560 832/976/827
f 2496/977/2491 3242/344/3237 67/343/62
f 1415/978/1410 1380/979/1375 3221/980/3216
f 1576/206/1571 2137/981/2132 447/942/442
f 184/982/179 766/983/761 1989/984/1984
f 917/985/912 2678/986/2673 834/987/829
f 2040/988/2035 592/266/587 594/265/589
f 3206/989/3201 2758/990/2753 1973/991/1968
f 1198/992/1193 3014/993/3009 346/994/341
f 2439/995/2434 422/996/417 332/997/327
f 2576/785/2571 2439/995/2434 2776/786/2771
f 1779/998/1774 1658/999/1653 623/1000/618
f 2758/990/2753 1198/992/1193 346/994/341
f 98/1001/93 2099/1002/2094 1633/1003/1628
f 3190/1004/3185 2911/1005/2906 3312/1006/3307 3313/1007/3308
f 879/1008/874 725/1009/720 2007/1010/2002
f 144/1011/139 1617/1012/1612 2097/1013/2092
f 33/174/29 3102/285/3097 3157/1014/3152
f 53/1015/48 316/1016/311 1352/1017/1347
f 2499/1018/2494 757/732/752 1456/1019/1451
f 2374/1020/2369 808/1021/803 3237/1022/3232
f 1109/875/1104 16/872/16 3039/1023/3034
f 1109/71/1104 3039/1024/3034 2976/72/2971
f 1452/1025/1447 764/1026/759 836/1027/831
f 2197/1028/2192 442/1029/437 1280/1030/1275
f 2712/759/2707 2231/1031/2226 1542/1032/1537
f 2439/995/2434 1331/1033/1326 2200/1034/2195
f 393/1035/388 637/1036/632 1796/1037/1791
f 2018/1038/2013 207/1039/202 1507/1040/1502
f 1885/1041/1880 747/540/742 654/1042/649
f 52/257/47 1613/1043/1608 464/1044/459
f 2745/1045/2740 611/1046/606 208/1047/203
f 854/1048/849 292/1049/287 1241/1050/1236
f 606/1051/601 3167/1052/3162 568/1053/563
f 17/1054/17 279/78/274 1098/1055/1093
f 2977/606/2972 1039/608/1034 2294/1056/2289
f 2332/1057/2327 1096/1058/1091 491/534/486
f 3058/237/3053 1089/239/1084 1323/1059/1318
f 636/1060/631 674/1061/669 90/1062/85
f 1428/1063/1423 410/765/405 1122/913/1117
f 223/1064/218 396/1065/391 1059/1066/1054
f 1339/1067/1334 1658/999/1653 643/1068/638
f 1955/1069/1950 776/1070/771 1789/1071/1784
f 311/1072/306 61/1073/56 785/1074/780
f 2988/1075/2983 2087/1076/2082 3314/1077/3309 3315/1078/3310
f 1791/1079/1786 1093/1080/1088 3047/1081/3042
f 3068/1082/3063 1384/1083/1379 1650/1084/1645
f 3102/285/3097 3165/284/3160 215/1085/210
f 2448/958/2443 188/644/183 1100/582/1095
f 336/1086/331 563/1087/558 216/1088/211
f 764/1026/759 1891/1089/1886 204/1090/199
f 210/369/205 2975/371/2970 1301/1091/1296
f 2347/1092/2342 1301/1091/1296 1777/1093/1772
f 881/1094/876 2581/1095/2576 1819/1096/1814
f 1861/833/1856 1539/1097/1534 299/834/294
f 219/1098/214 951/761/946 1666/1099/1661
f 1735/1100/1730 2131/1101/2126 1428/1102/1423
f 913/1103/908 1175/1104/1170 972/1105/967
f 3316/1106/3311 3113/1107/3108 3317/1108/3312
f 2279/707/2274 3030/1109/3025 2552/1110/2547
f 428/1111/423 3233/1112/3228 457/1113/452
f 2948/232/2943 2988/1075/2983 3318/1114/3313 3319/1115/3314
f 224/328/219 876/1116/871 222/329/217
f 2287/1117/2282 1977/1118/1972 1036/1119/1031
f 223/1064/218 1059/1066/1054 1645/1120/1640
f 1212/1121/1207 241/1122/236 1286/1123/1281
f 224/1124/219 2778/1125/2773 876/1126/871
f 630/1127/625 3026/1128/3021 1684/1129/1679
f 1525/1130/1520 2780/1131/2775 225/1132/220
f 1219/1133/1214 631/847/626 1374/1134/1369
f 602/1135/597 1840/1136/1835 494/1137/489
f 1710/314/1705 2943/1138/2938 2485/315/2480
f 2000/848/1995 1078/1139/1073 1720/1140/1715
f 1407/1141/1402 1029/1142/1024 345/1143/340
f 1580/1144/1575 1396/1145/1391 2681/1146/2676
f 1580/1144/1575 2171/1147/2166 54/150/49
f 874/1148/869 1758/1149/1753 2890/1150/2885
f 1103/1151/1098 1779/998/1774 623/1000/618
f 230/1152/225 2939/1153/2934 725/1009/720
f 2939/1154/2934 3094/468/3089 411/1155/406
f 908/1156/903 636/1060/631 90/1062/85
f 2001/1157/1996 125/1158/120 232/1159/227
f 232/1159/227 125/1158/120 2410/304/2405
f 2091/1160/2086 3281/950/3276 3320/1161/3315 3321/1162/3316
f 233/1163/228 228/1164/223 760/1165/755
f 2800/229/2795 2730/1166/2725 538/230/533
f 2554/498/2549 1825/497/1820 234/1167/229
f 932/1168/927 75/1169/70 1234/1170/1229
f 235/649/230 124/1171/119 886/1172/881
f 235/649/230 1225/651/1220 124/1171/119
f 2844/1173/2839 28/1174/24 839/1175/834
f 916/1176/911 2483/1177/2478 1492/387/1487
f 2293/1178/2288 3112/1179/3107 896/1180/891
f 2148/1181/2143 1749/1182/1744 2915/1183/2910
f 238/75/233 1607/1184/1602 1996/76/1991
f 1276/1185/1271 426/1186/421 1259/1187/1254
f 1089/239/1084 1690/1188/1685 956/1189/951
f 3291/1190/3286 2904/1191/2899 1678/1192/1673
f 2338/1193/2333 44/1194/39 1896/820/1891
f 2112/1195/2107 44/1196/39 443/1197/438
f 2556/1198/2551 1215/1199/1210 412/1200/407
f 1540/1201/1535 675/1202/670 1895/1203/1890
f 3023/184/3018 242/1204/237 183/185/178
f 545/1205/540 3088/1206/3083 9/1207/9
f 2503/1208/2498 243/1209/238 1902/1210/1897
f 1348/871/1343 243/1209/238 16/872/16
f 1781/1211/1776 1103/1212/1098 244/1213/239
f 776/1070/771 1072/1214/1067 1789/1071/1784
f 445/1215/440 2350/1216/2345 1886/1217/1881
f 2053/1218/2048 812/1219/807 340/1220/335
f 2037/1221/2032 2745/1045/2740 208/1047/203
f 2037/1221/2032 2109/965/2104 2687/1222/2682
f 1092/530/1087 247/532/242 217/455/212
f 1989/984/1984 1096/1058/1091 1777/1093/1772
f 2997/753/2992 2292/1223/2287 304/754/299
f 692/1224/687 2651/1225/2646 1539/1097/1534
f 269/1226/264 1318/588/1313 249/1227/244
f 3092/1228/3087 2257/1229/2252 2329/1230/2324
f 608/1231/603 1699/1232/1694 250/1233/245
f 1734/1234/1729 840/1235/835 530/1236/525
f 1120/1237/1115 1263/1238/1258 251/1239/246
f 2724/1240/2719 1054/1241/1049 548/1242/543
f 2094/1243/2089 252/583/247 110/1244/105
f 1418/1245/1413 1166/1246/1161 778/215/773
f 644/236/639 2029/235/2024 1011/811/1006
f 2172/1247/2167 802/1248/797 251/1239/246
f 2767/961/2762 2677/1249/2672 285/1250/280
f 2057/1251/2052 2677/1249/2672 254/956/249
f 53/1015/48 313/1252/308 316/1016/311
f 1968/1253/1963 806/1254/801 53/1255/48
f 182/1256/177 256/1257/251 1203/789/1198
f 1057/1258/1052 1583/1259/1578 914/641/909
f 88/1260/83 257/462/252 1898/464/1893
f 1497/1261/1492 431/1262/426 1416/1263/1411
f 2026/1264/2021 471/1265/466 258/1266/253
f 1254/1267/1249 2034/1268/2029 3107/1269/3102
f 131/1270/126 376/1271/371 1553/1272/1548
f 2372/1273/2367 1262/1274/1257 376/1271/371
f 260/1275/255 1730/1276/1725 134/1277/129
f 387/1278/382 720/1279/715 3180/1280/3175
f 1459/595/1454 2079/1281/2074 2741/1282/2736
f 2339/1283/2334 2662/1284/2657 1713/1285/1708
f 3136/1286/3131 70/1287/65 728/1288/723
f 2025/1289/2020 2368/1290/2363 959/1291/954
f 1699/1232/1694 1954/1292/1949 250/1233/245
f 2395/458/2390 1818/962/1813 3245/456/3240
f 264/437/259 2238/436/2233 31/1293/27
f 266/1294/261 1700/1295/1695 1764/1296/1759
f 1092/530/1087 217/455/212 265/1297/260
f 1871/1298/1866 265/1297/260 1015/1299/1010
f 2678/986/2673 2743/1300/2738 2092/1301/2087
f 284/542/279 47/223/42 2845/1302/2840
f 974/1303/969 1369/1304/1364 1406/1305/1401
f 1439/1306/1434 1369/1304/1364 2847/1307/2842
f 106/1308/101 1176/1309/1171 3267/1310/3262
f 886/1172/881 124/1171/119 280/1311/275
f 1318/588/1313 269/1226/264 1757/1312/1752
f 1017/348/1012 695/556/690 3211/346/3206
f 270/1313/265 2662/1314/2657 1148/1315/1143
f 1713/1285/1708 736/1316/731 3168/1317/3163
f 2336/1318/2331 128/661/123 2683/1319/2678
f 2124/906/2119 1904/907/1899 2993/1320/2988
f 3221/980/3216 2855/1321/2850 1831/1322/1826
f 792/1323/787 853/1324/848 2851/1325/2846
f 1255/1326/1250 261/1327/256 2217/1328/2212
f 1593/445/1588 2203/1329/2198 2259/1330/2254
f 274/1331/269 91/813/86 2746/812/2741
f 274/1331/269 2327/1332/2322 2191/1333/2186
f 1642/1334/1637 425/1335/420 2125/1336/2120
f 39/186/34 925/188/920 570/1337/565
f 441/1338/436 1996/76/1991 102/1339/97
f 850/1340/845 2964/1341/2959 3081/1342/3076
f 898/1343/893 1725/415/1720 783/508/778
f 3267/1310/3262 1665/1344/1660 2637/600/2632
f 2210/1345/2205 2987/1346/2982 1783/1347/1778
f 1215/1199/1210 1212/1121/1207 862/1348/857
f 1694/1349/1689 1514/1350/1509 209/1351/204
f 1913/1352/1908 2245/1353/2240 209/1354/204
f 886/1172/881 280/1311/275 2791/1355/2786
f 2850/648/2845 1081/647/1076 2492/1356/2487
f 2039/354/2034 3271/1357/3266 2464/352/2459
f 877/1358/872 115/1359/110 805/204/800
f 2006/1360/2001 155/255/150 2123/1361/2118
f 2752/1362/2747 477/1363/472 1580/1144/1575
f 1341/481/1336 157/587/152 2921/479/2916
f 1353/1364/1348 2381/1365/2376 702/1366/697
f 2889/1367/2884 307/1368/302 537/620/532
f 2909/1369/2904 1119/1370/1114 2889/1367/2884
f 77/1371/72 263/1372/258 285/1250/280
f 1078/1139/1073 77/1371/72 285/1250/280
f 286/731/281 179/1373/174 2737/1374/2732
f 2275/1375/2270 2245/1376/2240 1913/1377/1908
f 455/1378/450 287/568/282 2938/567/2933
f 262/1379/257 3255/1380/3250 1877/1381/1872
f 288/1382/283 1611/1383/1606 2248/903/2243
f 1131/1384/1126 1160/772/1155 481/771/476
f 2536/1385/2531 800/317/795 46/59/41
f 2429/42/2424 2536/1385/2531 46/59/41
f 2032/1386/2027 259/1387/254 482/1388/477
f 3123/728/3118 544/1389/539 3288/1390/3283
f 291/1391/286 2373/1392/2368 283/1393/278
f 859/1394/854 2351/1395/2346 971/1396/966
f 1793/664/1788 621/448/616 83/450/78
f 208/1047/203 611/1046/606 3024/1397/3019
f 1183/798/1178 1776/797/1771 2755/1398/2750
f 2442/1399/2437 2446/1400/2441 117/1401/112
f 1093/1080/1088 2588/1402/2583 2586/1403/2581
f 2539/1404/2534 2548/1405/2543 88/1260/83
f 187/883/182 295/654/290 1652/885/1647
f 491/534/486 1096/1058/1091 1767/1406/1762
f 2538/1407/2533 2534/1408/2529 852/1409/847
f 1854/1410/1849 3250/1411/3245 28/1412/24
f 1816/1413/1811 2291/1414/2286 297/1415/292
f 381/552/376 2794/261/2789 696/553/691
f 1272/1416/1267 1406/1305/1401 298/1417/293
f 3322/1418/3317 2579/22/2574 2384/1419/2379 3323/1420/3318
f 3224/1421/3219 807/1422/802 676/1423/671
f 2885/1424/2880 3154/1425/3149 1443/1426/1438
f 679/1427/674 871/1428/866 300/1429/295
f 427/110/422 1042/105/1037 871/1428/866
f 1336/835/1331 1743/1430/1738 2323/1431/2318
f 2843/1432/2838 2172/1247/2167 251/1239/246
f 1630/1433/1625 2155/1434/2150 156/1435/151
f 1749/1182/1744 2148/1181/2143 1857/1436/1852
f 163/1437/158 1436/1438/1431 303/1439/298
f 303/1439/298 1787/1440/1782 467/1441/462
f 858/954/853 1173/1442/1168 1486/955/1481
f 782/1443/777 1040/1444/1035 253/1445/248
f 3253/1446/3248 2599/1447/2594 305/1448/300
f 862/1348/857 412/1200/407 1215/1199/1210
f 2195/1449/2190 395/1450/390 306/1451/301
f 376/1271/371 1262/1274/1257 2228/1452/2223
f 266/439/261 2364/441/2359 2458/1453/2453
f 1562/1454/1557 3188/1455/3183 3131/1456/3126
f 992/1457/987 1881/1458/1876 2391/1459/2386
f 1547/1460/1542 840/1235/835 1387/1461/1382
f 78/1462/73 2113/407/2108 433/406/428
f 667/1463/662 2311/1464/2306 1440/1465/1435
f 856/1466/851 614/1467/609 322/1468/317
f 1430/1469/1425 2451/1470/2446 1221/1471/1216
f 2175/316/2170 1703/1472/1698 3254/1473/3249
f 2175/316/2170 2485/315/2480 1703/1472/1698
f 2502/1474/2497 1021/1475/1016 1906/930/1901
f 2393/1476/2388 1732/769/1727 1187/288/1182
f 2916/1477/2911 1609/171/1604 1785/173/1780
f 168/1478/163 2688/720/2683 806/1254/801
f 460/1479/455 1727/1480/1722 2764/1481/2759
f 2012/1482/2007 610/1483/605 344/1484/339
f 315/1485/310 1395/1486/1390 1232/1487/1227
f 669/1488/664 2500/1489/2495 430/1490/425
f 1044/172/1039 316/1016/311 313/1252/308
f 3086/1491/3081 201/1492/196 965/1493/960
f 3117/1494/3112 20/611/19 1847/610/1842
f 1303/275/1298 1847/610/1842 722/1495/717
f 1640/1496/1635 423/213/418 739/1497/734
f 1290/1498/1285 517/1499/512 1050/1500/1045
f 319/1501/314 2312/1502/2307 2598/1503/2593
f 2287/1117/2282 2247/1504/2242 1977/1118/1972
f 17/1054/17 2793/404/2788 320/403/315
f 1087/594/1082 113/596/108 1692/1505/1687
f 2361/1506/2356 321/1507/316 335/1508/330
f 2659/1509/2654 2624/1510/2619 3215/1511/3210
f 322/1468/317 614/1467/609 1254/1267/1249
f 3084/1512/3079 2033/1513/2028 499/1514/494
f 700/1515/695 1353/1364/1348 1172/1516/1167
f 229/817/224 700/816/695 3000/1517/2995
f 56/1518/51 324/766/319 410/765/405
f 1343/1519/1338 1221/1520/1216 2883/1521/2878
f 1022/1522/1017 1390/1523/1385 2411/1524/2406
f 562/1525/557 1643/592/1638 450/1526/445
f 709/1527/704 833/1528/828 1709/1529/1704
f 167/1530/162 41/1531/36 709/1527/704
f 2486/1532/2481 2747/1533/2742 327/1534/322
f 1145/1535/1140 3128/1536/3123 3069/504/3064
f 2201/526/2196 328/1537/323 1930/524/1925
f 1927/1538/1922 2713/1539/2708 3106/1540/3101
f 329/1541/324 2375/1542/2370 2379/1543/2374
f 2912/1544/2907 3288/1390/3283 544/1389/539
f 1795/1545/1790 604/1546/599 347/1547/342
f 929/1548/924 604/1546/599 1795/1545/1790
f 674/1061/669 738/1549/733 1976/1550/1971
f 302/1551/297 2856/1552/2851 1908/1553/1903
f 2317/1554/2312 3055/1555/3050 2396/1556/2391
f 795/1557/790 948/1558/943 278/1559/273
f 2362/1560/2357 1488/1561/1483 461/752/456
f 2128/1562/2123 371/1563/366 1490/1564/1485
f 334/1565/329 2343/203/2338 2114/244/2109
f 1341/481/1336 1138/1566/1133 157/587/152
f 968/1567/963 2878/1568/2873 958/1569/953
f 121/1570/116 353/1571/348 958/1572/953
f 336/1086/331 1526/1573/1521 563/1087/558
f 129/1574/124 2551/1575/2546 708/1576/703
f 1870/1577/1865 1552/1578/1547 2351/1395/2346
f 2476/1579/2471 971/1396/966 2351/1395/2346
f 2114/244/2109 2343/203/2338 338/202/333
f 1928/1580/1923 1299/670/1294 245/1581/240
f 1705/844/1700 339/1582/334 703/1583/698
f 1826/1584/1821 1132/1585/1127 204/1090/199
f 1726/1586/1721 1285/1587/1280 340/1220/335
f 1782/1588/1777 129/1574/124 708/1576/703
f 295/654/290 2103/1589/2098 1652/885/1647
f 295/654/290 2477/656/2472 2887/1590/2882
f 1897/1591/1892 1646/1592/1641 195/1593/190
f 1050/1500/1045 2380/1594/2375 2759/1595/2754
f 2261/918/2256 2420/1596/2415 343/111/338
f 1477/1597/1472 1772/1598/1767 1287/1599/1282
f 882/1600/877 2012/1482/2007 344/1484/339
f 137/1601/132 314/1602/309 2654/1603/2649
f 530/1604/525 3044/1605/3039 2360/1606/2355
f 653/1607/648 1060/1608/1055 3044/1605/3039
f 2180/584/2175 104/548/99 111/547/106
f 3067/477/3062 1973/991/1968 1282/478/1277
f 1704/1609/1699 2165/1610/2160 823/1611/818
f 1294/1612/1289 1461/1613/1456 1770/1614/1765
f 1156/1615/1151 2846/1616/2841 1240/1617/1235
f 1156/1615/1151 1240/1617/1235 1494/1618/1489
f 349/1619/344 1381/1620/1376 2271/1621/2266
f 595/1622/590 1939/1623/1934 3028/1624/3023
f 2732/1625/2727 915/1626/910 350/1627/345
f 2250/1628/2245 1603/1629/1598 404/1630/399
f 698/1631/693 790/1632/785 327/1534/322
f 3051/1633/3046 1641/1634/1636 698/1635/693
f 2355/1636/2350 2596/1637/2591 497/1638/492
f 1128/902/1123 522/1639/517 176/1640/171
f 121/1570/116 1921/1641/1916 353/1571/348
f 1919/1642/1914 607/1643/602 1245/949/1240
f 354/240/349 2254/1644/2249 1832/1645/1827
f 2254/1644/2249 354/240/349 2076/242/2071
f 3138/1646/3133 1807/1647/1802 969/1648/964
f 428/1649/423 457/1650/452 1592/1651/1587
f 506/1652/501 827/1653/822 2726/1654/2721
f 1411/1655/1406 2013/1656/2008 3111/1657/3106
f 1653/1658/1648 1455/1659/1450 1997/1660/1992
f 2188/1661/2183 1332/1662/1327 2756/1663/2751
f 358/1664/353 1395/1486/1390 315/1485/310
f 1286/1123/1281 223/1665/218 2796/1666/2791
f 2385/1667/2380 808/1021/803 2374/1020/2369
f 1972/1668/1967 992/1457/987 2391/1459/2386
f 2887/1669/2882 3235/1670/3230 158/1671/153
f 1792/80/1787 1625/1672/1620 279/78/274
f 361/1673/356 130/1674/125 2449/1675/2444
f 1485/698/1480 1912/1676/1907 2463/699/2458
f 2944/1677/2939 856/1466/851 322/1468/317
f 1037/1678/1032 2353/1679/2348 310/491/305
f 509/170/504 1544/169/1539 3278/1680/3273
f 2727/1681/2722 1511/390/1506 2346/389/2341
f 1924/1682/1919 536/1683/531 2423/1684/2418
f 2219/1685/2214 237/1686/232 2423/1684/2418
f 365/1687/360 1860/501/1855 2211/1688/2206
f 3282/1689/3277 1860/501/1855 1229/1690/1224
f 2738/1691/2733 180/305/175 2540/307/2535
f 60/694/55 3073/1692/3068 3072/1693/3067
f 3164/64/3159 1836/63/1831 472/1694/467
f 1555/1695/1550 1893/1696/1888 550/1697/545
f 368/1698/363 1593/445/1588 2259/1330/2254
f 368/1698/363 2296/446/2291 1593/445/1588
f 3043/1699/3038 1228/269/1223 1065/135/1060
f 1917/1700/1912 1396/1145/1391 1580/1144/1575
f 305/1448/300 2599/1447/2594 546/1701/541
f 2500/1489/2495 1335/1702/1330 1760/1703/1755
f 2541/1704/2536 2549/1705/2544 692/1224/687
f 48/1706/43 3124/1707/3119 1182/476/1177
f 1539/1097/1534 3201/1708/3196 299/834/294
f 2367/1709/2362 1546/1710/1541 2568/1711/2563
f 928/1712/923 1041/899/1036 1275/900/1270
f 1110/1713/1105 2307/1714/2302 59/299/54
f 1863/1715/1858 1538/1716/1533 2240/1717/2235
f 1430/1469/1425 2419/1718/2414 2451/1470/2446
f 375/1719/370 1291/1720/1286 1490/1721/1485
f 1865/1722/1860 2390/1723/2385 1458/1724/1453
f 953/1725/948 1553/1272/1548 376/1271/371
f 3295/969/3290 438/968/433 259/1726/254
f 2054/1727/2049 866/1728/861 377/1729/372
f 394/1730/389 377/1731/372 630/1127/625
f 842/1732/837 1559/1733/1554 2867/1734/2862
f 2379/1543/2374 2156/738/2151 1559/1733/1554
f 2841/1735/2836 1827/1736/1822 179/1373/174
f 2737/1374/2732 179/1373/174 1827/1736/1822
f 309/1737/304 2422/1738/2417 983/1739/978
f 683/1740/678 2304/1741/2299 2422/1742/2417
f 50/1743/45 1125/1744/1120 398/1745/393
f 2586/1403/2581 3047/1081/3042 1093/1080/1088
f 382/61/377 2424/1746/2419 2429/42/2424
f 382/61/377 2429/42/2424 46/59/41
f 1639/1747/1634 2884/1748/2879 387/1278/382
f 1422/1749/1417 2469/1750/2464 576/1751/571
f 688/1752/683 2254/1644/2249 1925/1753/1920
f 2068/398/2063 1601/262/1596 690/399/685
f 2469/1750/2464 1422/1749/1417 2842/1754/2837
f 428/1111/423 3158/1755/3153 3233/1112/3228
f 601/1756/596 386/1757/381 488/1758/483
f 2324/1759/2319 2809/1760/2804 3203/1761/3198
f 1358/944/1353 723/946/718 387/1762/382
f 185/1763/180 2914/1764/2909 1842/1765/1837
f 388/545/383 2320/1766/2315 3256/1767/3251
f 2682/673/2677 85/741/80 2589/1768/2584
f 296/1769/291 2127/1770/2122 389/1771/384
f 2213/1772/2208 2534/1408/2529 1302/1773/1297
f 774/1774/769 1008/302/1003 650/1775/645
f 2684/1776/2679 697/1777/692 1765/1778/1760
f 1563/1779/1558 807/1780/802 1016/1781/1011
f 2583/1782/2578 426/1186/421 3051/1633/3046
f 966/1783/961 1357/1784/1352 392/1785/387
f 907/1786/902 392/1785/387 2408/1787/2403
f 207/1039/202 1510/1788/1505 3139/1789/3134
f 1512/1790/1507 2301/1791/2296 3139/1792/3134
f 630/1127/625 1684/1129/1679 394/1730/389
f 939/1793/934 2790/1794/2785 2050/1795/2045
f 171/1796/166 395/1450/390 2195/1449/2190
f 1441/1797/1436 1204/1798/1199 1409/1799/1404
f 951/761/946 219/1098/214 1735/1100/1730
f 1960/1800/1955 241/1122/236 2712/759/2707
f 2618/1801/2613 809/1802/804 2314/1803/2309
f 40/1804/35 2640/1805/2635 1714/1806/1709
f 2416/1807/2411 2927/1808/2922 398/1809/393
f 1435/1810/1430 2927/1811/2922 213/1812/208
f 24/401/23 2078/1813/2073 1361/1814/1356
f 2827/102/2822 1333/101/1328 987/1815/982
f 469/84/464 1797/86/1792 1978/356/1973
f 2222/494/2217 2455/1816/2450 1180/1817/1175
f 217/455/212 247/532/242 401/1818/396
f 401/1818/396 1711/1819/1706 217/455/212
f 402/849/397 1374/1134/1369 631/847/626
f 1267/1820/1262 1374/1134/1369 3155/1821/3150
f 1043/1822/1038 2900/1823/2895 2528/1824/2523
f 127/1825/122 2900/1826/2895 3238/659/3233
f 1603/1629/1598 680/1827/675 404/1630/399
f 915/1626/910 2732/1625/2727 1729/1828/1724
f 2515/1829/2510 3156/1830/3151 3325/1831/3320 3324/1832/3319
f 405/1833/400 2467/1834/2462 212/1835/207
f 1658/999/1653 1779/998/1774 643/1068/638
f 791/1836/786 3066/1837/3061 1575/1838/1570
f 1944/1839/1939 517/1499/512 1501/1840/1496
f 701/1841/696 407/1842/402 909/1843/904
f 2785/892/2780 331/1844/326 1949/893/1944
f 318/1845/313 1828/134/1823 2143/1846/2138
f 423/213/418 2105/1847/2100 739/1497/734
f 1491/727/1486 1892/1848/1887 2084/1849/2079
f 140/1850/135 712/1851/707 1013/1852/1008
f 2932/1853/2927 1649/1854/1644 1866/1855/1861
f 1649/1856/1644 1428/1102/1423 1866/1857/1861
f 411/1155/406 3094/468/3089 2924/1858/2919
f 860/129/855 1217/131/1212 1724/1859/1719
f 2163/1860/2158 278/1559/273 948/1558/943
f 488/1758/483 2690/1861/2685 601/1756/596
f 158/1671/153 3235/1670/3230 413/1862/408
f 2274/735/2269 360/1863/355 449/733/444
f 669/1864/664 430/1865/425 414/1866/409
f 305/1448/300 546/1701/541 1429/1867/1424
f 120/1868/115 1101/308/1096 1159/310/1154
f 2137/981/2132 1192/943/1187 447/942/442
f 104/1869/99 416/1870/411 1397/1871/1392
f 2781/243/2776 1003/245/998 104/548/99
f 218/1872/213 48/1706/43 417/293/412
f 418/349/413 166/1873/161 1872/350/1867
f 2918/1874/2913 3006/856/3001 3231/855/3226
f 151/1875/146 419/423/414 1484/889/1479
f 1829/1876/1824 182/1256/177 1203/789/1198
f 1561/325/1556 3008/324/3003 3036/1877/3031
f 1439/1306/1434 2631/1878/2626 1369/1304/1364
f 1574/1879/1569 1755/1880/1750 1177/152/1172
f 1765/1881/1760 2689/1882/2684 3196/1883/3191
f 2398/1884/2393 1249/792/1244 1895/791/1890
f 3135/1885/3130 815/1886/810 3264/1887/3259
f 2772/1888/2767 2862/1889/2857 904/1890/899
f 904/1890/899 905/1891/900 2225/1892/2220
f 424/286/419 422/996/417 148/287/143
f 1467/1893/1462 1894/1894/1889 2152/1895/2147
f 425/1335/420 1759/1896/1754 2125/1336/2120
f 454/1897/449 897/1898/892 275/1899/270
f 1315/1900/1310 2813/1901/2808 1641/1634/1636
f 698/1635/693 1641/1634/1636 790/1902/785
f 2455/1816/2450 1784/1903/1779 788/1904/783
f 788/1904/783 1180/1817/1175 2455/1816/2450
f 2907/1905/2902 3034/948/3029 730/947/725
f 2552/1906/2547 3030/1907/3025 2907/1905/2902
f 989/1908/984 3186/1909/3181 429/1910/424
f 2522/1911/2517 285/1250/280 2677/1249/2672
f 1232/1487/1227 2210/1912/2205 1783/1913/1778
f 1429/1867/1424 1961/1914/1956 305/1448/300
f 1130/1915/1125 2297/1916/2292 616/1917/611
f 2941/1918/2936 2194/1919/2189 435/1920/430
f 3061/1921/3056 1720/1922/1715 1621/1923/1616
f 892/1924/887 3200/1925/3195 2532/1926/2527
f 476/1927/471 3326/1928/3321 3327/1929/3322
f 2905/1930/2900 2169/671/2164 2544/1931/2539
f 416/1870/411 2611/558/2606 109/557/104
f 434/1932/429 1205/1933/1200 906/1934/901
f 822/1935/817 874/1148/869 937/1936/932
f 1504/1937/1499 2953/1938/2948 1130/1915/1125
f 1504/1937/1499 1334/1939/1329 758/1940/753
f 1071/1941/1066 436/1942/431 2601/1943/2596
f 3329/1944/3324 3328/1945/3323 3113/1107/3108
f 2760/575/2755 437/1946/432 42/576/37
f 1508/637/1503 3041/573/3036 2711/574/2706
f 438/968/433 290/1947/285 259/1726/254
f 1578/1948/1573 1236/1949/1231 648/1950/643
f 1860/501/1855 1721/1951/1716 1229/1690/1224
f 2565/975/2560 1468/1952/1463 832/976/827
f 1920/221/1915 406/220/401 818/1953/813
f 456/911/451 2681/1146/2676 1396/1145/1391
f 441/1338/436 1558/706/1553 787/705/782
f 2305/1954/2300 2964/1341/2959 850/1340/845
f 2197/1028/2192 890/843/885 442/1029/437
f 1698/1955/1693 1132/1585/1127 339/1582/334
f 443/1956/438 240/1957/235 2237/1958/2232
f 443/1956/438 44/1194/39 2338/1193/2333
f 444/1959/439 3205/1960/3200 363/1961/358
f 1946/1962/1941 1421/1963/1416 444/1959/439
f 2660/1964/2655 3252/1965/3247 1373/1966/1368
f 326/1967/321 2251/1968/2246 2433/1969/2428
f 2606/1970/2601 2757/1971/2752 2235/1972/2230
f 2757/1971/2752 2129/1973/2124 2235/1972/2230
f 3324/1832/3319 3330/1974/3325 2515/1829/2510
f 726/1975/721 848/1976/843 2056/1977/2051
f 3067/477/3062 3206/989/3201 1973/991/1968
f 3331/1978/3326 2091/1160/2086 3321/1162/3316
f 2996/1979/2991 1182/476/1177 825/475/820
f 1699/1232/1694 608/1231/603 3261/1980/3256
f 263/1372/258 3245/456/3240 285/1250/280
f 562/1981/557 820/1982/815 325/1983/320
f 468/1984/463 556/1985/551 325/1983/320
f 2019/1986/2014 816/804/811 451/1987/446
f 2719/1988/2714 659/1989/654 940/1990/935
f 1463/1991/1458 2674/214/2669 1850/1992/1845
f 1646/1592/1641 1897/1591/1892 2880/1993/2875
f 1990/1994/1985 1624/878/1619 453/877/448
f 453/877/448 1239/1995/1234 1990/1994/1985
f 754/1996/749 1759/1896/1754 930/1997/925
f 2623/1998/2618 930/1997/925 1759/1896/1754
f 1435/1810/1430 213/1812/208 2071/1999/2066
f 785/1074/780 2871/2000/2866 311/1072/306
f 2925/2001/2920 1049/2002/1044 818/1953/813
f 440/764/435 2494/2003/2489 410/765/405
f 887/2004/882 1592/1651/1587 457/1650/452
f 593/2005/588 1045/2006/1040 475/2007/470
f 458/77/453 2639/2008/2634 1896/820/1891
f 2872/2009/2867 2639/2008/2634 1596/2010/1591
f 2507/2011/2502 365/1687/360 2211/1688/2206
f 2565/975/2560 1721/1951/1716 1468/1952/1463
f 114/2012/109 1111/2013/1106 673/2014/668
f 114/2012/109 673/2014/668 2260/2015/2255
f 3333/2016/3328 3/2017/3 3332/2018/3327
f 304/754/299 2995/2019/2990 461/752/456
f 2362/1560/2357 461/752/456 2995/2019/2990
f 2496/977/2491 67/343/62 462/2020/457
f 1130/1915/1125 2953/1938/2948 2297/1916/2292
f 480/2021/475 1519/638/1514 757/732/752
f 2328/2022/2323 463/2023/458 1359/2024/1354
f 1661/2025/1656 1507/2026/1502 3277/2027/3272
f 1934/2028/1929 2523/2029/2518 2563/2030/2558
f 97/823/92 465/826/460 2085/824/2080
f 607/1643/602 555/2031/550 1245/949/1240
f 2232/99/2227 2321/2032/2316 1031/96/1026
f 3147/2033/3142 441/2034/436 2305/1954/2300
f 1787/1440/1782 397/2035/392 2490/2036/2485
f 1714/2037/1709 1637/2038/1632 809/1802/804
f 325/1983/320 820/1982/815 468/1984/463
f 2050/1795/2045 1684/1129/1679 939/1793/934
f 2182/2039/2177 2399/2040/2394 912/624/907
f 642/2041/637 3002/386/2997 622/388/617
f 2143/1846/2138 1828/134/1823 470/2042/465
f 1005/2043/1000 2006/1360/2001 1324/2044/1319
f 1431/422/1426 870/2045/865 81/757/76
f 2161/2046/2156 2026/1264/2021 2820/904/2815
f 763/2047/758 1868/2048/1863 367/2049/362
f 14/70/14 1222/69/1217 2621/2050/2616
f 774/1774/769 2049/2051/2044 1008/302/1003
f 2719/1988/2714 940/1990/935 2177/2052/2172
f 68/128/63 1034/2053/1029 1432/88/1427
f 1243/126/1238 68/128/63 1432/88/1427
f 1425/2054/1420 1600/2055/1595 2166/2056/2161
f 1945/2057/1940 2969/2058/2964 1983/2059/1978
f 2610/2060/2605 476/1927/471 3334/2061/3329 3335/2062/3330
f 3114/2063/3109 2648/2064/2643 3108/2065/3103
f 1005/2066/1000 1324/2067/1319 477/1363/472
f 1574/1879/1569 973/2068/968 1755/1880/1750
f 478/2069/473 3005/2070/3000 651/586/646
f 337/2071/332 859/1394/854 2381/1365/2376
f 913/2072/908 1541/2073/1536 1175/2074/1170
f 436/1942/431 1541/2073/1536 1107/2075/1102
f 189/2076/184 2328/2077/2323 2895/2078/2890
f 2328/2022/2323 1359/2024/1354 2895/2079/2890
f 2635/795/2630 1284/2080/1279 2398/1884/2393
f 1284/2080/1279 1495/2081/1490 2325/2082/2320
f 259/1387/254 290/2083/285 482/1388/477
f 1265/2084/1260 526/2085/521 662/2086/657
f 970/2087/965 483/800/478 117/1401/112
f 1313/2088/1308 117/1401/112 483/800/478
f 2061/2089/2056 484/2090/479 1946/1962/1941
f 2287/1117/2282 2598/1503/2593 2247/1504/2242
f 715/2091/710 629/2092/624 1344/2093/1339
f 3165/284/3160 123/2094/118 215/1085/210
f 1715/2095/1710 2478/2096/2473 955/2097/950
f 2478/2098/2473 289/44/284 732/43/727
f 487/2099/482 264/437/259 31/1293/27
f 2405/2100/2400 519/2101/514 264/437/259
f 1963/2102/1958 1585/2103/1580 386/1757/381
f 1680/2104/1675 1398/2105/1393 1429/1867/1424
f 1403/2106/1398 489/2107/484 1028/2108/1023
f 1116/2109/1111 750/2110/745 2226/2111/2221
f 1903/2112/1898 946/737/941 3208/2113/3203
f 3177/505/3172 737/507/732 96/2114/91
f 341/2115/336 126/653/121 491/534/486
f 491/534/486 1767/1406/1762 341/2115/336
f 3266/668/3261 949/667/944 2387/2116/2382
f 49/411/44 2605/410/2600 79/923/74
f 211/2117/206 529/2118/524 2625/2119/2620
f 529/2118/524 211/2117/206 150/2120/145
f 3069/504/3064 63/536/58 1499/2121/1494
f 2718/2122/2713 63/2123/58 3246/2124/3241
f 1941/2125/1936 666/2126/661 965/1493/960
f 3086/1491/3081 965/1493/960 666/2126/661
f 2754/2127/2749 1436/1438/1431 163/1437/158
f 3178/933/3173 586/932/581 3150/2128/3145
f 246/2129/241 81/757/76 2174/756/2169
f 793/963/788 1572/2130/1567 2596/1637/2591
f 498/361/493 3156/2131/3151 1450/359/1445
f 2627/2132/2622 2086/364/2081 132/363/127
f 1317/2133/1312 3084/1512/3079 499/1514/494
f 2545/2134/2540 2555/2135/2550 2857/2136/2852
f 1183/798/1178 2755/1398/2750 1366/2137/1361
f 131/1270/126 2372/1273/2367 376/1271/371
f 501/2138/496 1612/2139/1607 611/2140/606
f 3029/2141/3024 2661/2142/2656 501/2138/496
f 108/515/103 2095/514/2090 502/2143/497
f 2909/1369/2904 2906/619/2901 1119/1370/1114
f 2693/2144/2688 2327/1332/2322 1722/2145/1717
f 1722/2145/1717 726/1975/721 1980/2146/1975
f 980/2147/975 504/2148/499 2898/2149/2893
f 3009/2150/3004 1545/2151/1540 1194/2152/1189
f 3054/2153/3049 466/2154/461 505/2155/500
f 926/704/921 1558/706/1553 466/2156/461
f 1380/979/1375 1415/978/1410 356/2157/351
f 2765/2158/2760 356/2157/351 749/2159/744
f 1981/2160/1976 507/2161/502 2491/2162/2486
f 2032/1386/2027 482/1388/477 3037/2163/3032
f 1176/1309/1171 106/1308/101 508/2164/503
f 1176/1309/1171 1903/2112/1898 490/2165/485
f 3278/1680/3273 564/2166/559 3283/2167/3278
f 640/636/635 2922/2168/2917 984/366/979
f 510/418/505 36/2169/32 2081/53/2076
f 947/2170/942 2400/2171/2395 80/2172/75
f 308/2173/303 511/2174/506 653/1607/648
f 2879/2175/2874 1972/1668/1967 511/2176/506
f 2038/2177/2033 2888/2178/2883 641/2179/636
f 67/343/62 2334/345/2329 1297/2180/1292
f 1483/373/1478 513/2181/508 72/374/67
f 1112/2182/1107 713/2183/708 2612/2184/2607
f 3020/2185/3015 765/2186/760 895/2187/890
f 1442/2188/1437 756/2189/751 2383/2190/2378
f 801/2191/796 2937/2192/2932 1354/92/1349
f 3053/2193/3048 3113/1107/3108 2431/2194/2426
f 2263/2195/2258 2848/2196/2843 2950/2197/2945
f 935/2198/930 2470/2199/2465 2148/1181/2143
f 791/2200/786 1731/2201/1726 1944/1839/1939
f 1050/1500/1045 2833/2202/2828 2380/1594/2375
f 2528/1824/2523 518/2203/513 2438/2204/2433
f 3238/659/3233 3160/283/3155 127/1825/122
f 519/2101/514 2255/438/2250 264/437/259
f 1731/2201/1726 791/2200/786 3038/2205/3033
f 2911/2206/2906 3190/2207/3185 1884/2208/1879
f 1108/2209/1103 2051/332/2046 993/2210/988
f 1020/2211/1015 1260/2212/1255 2440/2213/2435
f 2465/830/2460 1859/829/1854 2561/2214/2556
f 3336/2215/3331 3337/2216/3332 520/2217/515
f 352/2218/347 1129/2219/1124 2896/2220/2891
f 1193/2221/1188 1129/2222/1124 352/2223/347
f 1447/2224/1442 249/2225/244 872/2226/867
f 721/2227/716 3143/2228/3138 2630/2229/2625
f 409/740/404 524/730/519 1208/729/1203
f 1892/1848/1887 1491/727/1486 1013/1852/1008
f 189/2076/184 525/2230/520 2392/2231/2387
f 1359/2024/1354 1427/2232/1422 2895/2079/2890
f 526/2085/521 2616/2233/2611 662/2086/657
f 1135/2234/1130 1105/2235/1100 1981/2160/1976
f 150/2120/145 527/2236/522 529/2118/524
f 2762/2237/2757 704/2238/699 527/2236/522
f 3187/2239/3182 1378/931/1373 1190/929/1185
f 2980/2240/2975 1632/281/1627 1506/2241/1501
f 1628/280/1623 1247/282/1242 3055/1555/3050
f 1059/1066/1054 493/2242/488 2317/1554/2312
f 1029/1142/1024 1901/2243/1896 2779/2244/2774
f 1327/2245/1322 2779/2244/2774 2546/2246/2541
f 531/2247/526 1756/2248/1751 1312/2249/1307
f 300/1429/295 2241/924/2236 679/1427/674
f 510/418/505 3280/2250/3275 170/57/165
f 1311/156/1306 2135/2251/2130 2400/2171/2395
f 1581/2252/1576 2157/2253/2152 2331/2254/2326
f 3156/2131/3151 1581/2252/1576 3222/2255/3217
f 1495/2081/1490 2428/2256/2423 534/2257/529
f 614/1467/609 2034/1268/2029 1254/1267/1249
f 2215/2258/2210 3163/676/3158 535/675/530
f 1273/2259/1268 321/1507/316 2361/1506/2356
f 2293/1178/2288 1500/2260/1495 2728/2261/2723
f 302/1551/297 2155/1434/2150 1630/1433/1625
f 307/1368/302 103/453/98 537/620/532
f 374/452/369 537/620/532 103/453/98
f 2730/1166/2725 3066/2262/3061 538/230/533
f 3066/2262/3061 791/2200/786 1944/1839/1939
f 1801/139/1796 1822/2263/1817 1494/1618/1489
f 2158/2264/2153 155/255/150 1801/139/1796
f 2152/2265/2147 147/768/142 633/2266/628
f 2218/2267/2213 579/2268/574 1823/890/1818
f 2938/567/2933 1435/1810/1430 455/1378/450
f 2344/564/2339 398/1745/393 2474/565/2469
f 175/2269/170 955/2097/950 2478/2096/2473
f 2684/1776/2679 175/2269/170 697/1777/692
f 520/2217/515 960/2270/955 3338/2271/3333 3336/2215/3331
f 1362/2272/1357 993/2210/988 2096/2273/2091
f 453/877/448 2417/876/2412 1413/2274/1408
f 662/2086/657 1239/1995/1234 453/877/448
f 545/1205/540 9/1207/9 275/2275/270
f 2306/2276/2301 2863/2277/2858 1642/1334/1637
f 2516/2278/2511 988/2279/983 488/2280/483
f 1585/2103/1580 1069/2281/1064 1680/2282/1675
f 547/2283/542 967/750/962 1515/749/1510
f 1733/2284/1728 2511/2285/2506 1263/2286/1258
f 548/1242/543 1054/1241/1049 1938/2287/1933
f 802/1248/797 1120/1237/1115 251/1239/246
f 549/2288/544 344/1484/339 610/1483/605
f 976/2289/971 753/2290/748 2186/2291/2181
f 550/1697/545 2239/67/2234 2383/2292/2378
f 3020/2293/3015 2383/2292/2378 514/2294/509
f 1077/2295/1072 3280/2250/3275 510/418/505
f 1077/2295/1072 510/418/505 2179/2296/2174
f 515/2297/510 2082/2298/2077 1480/2299/1475
f 2603/2300/2598 2786/2301/2781 1139/2302/1134
f 275/1899/270 897/1898/892 553/2303/548
f 275/2275/270 553/2304/548 545/1205/540
f 298/1417/293 2893/2305/2888 617/2306/612
f 2873/459/2868 1867/460/1862 2144/2307/2139
f 555/2031/550 2725/2308/2720 2774/2309/2769
f 1338/2310/1333 3045/2311/3040 99/520/94
f 2209/2312/2204 1846/2313/1841 998/2314/993
f 2470/2199/2465 2950/2197/2945 1846/2313/1841
f 557/2315/552 593/2316/588 475/2317/470
f 2083/2318/2078 2273/2319/2268 1815/2320/1810
f 1857/1436/1852 2148/1181/2143 364/2321/359
f 779/2322/774 364/2321/359 2148/1181/2143
f 827/1653/822 559/2323/554 2726/1654/2721
f 3247/555/3242 1017/348/1012 1791/1079/1786
f 855/2324/850 560/133/555 826/138/821
f 110/1244/105 1565/2325/1560 1166/2326/1161
f 2517/2327/2512 294/2328/289 1650/1084/1645
f 2591/2329/2586 2539/1404/2534 88/1260/83
f 3179/2330/3174 1800/2331/1795 224/328/219
f 2365/2332/2360 3179/2330/3174 224/328/219
f 58/2333/53 1926/2334/1921 1526/2335/1521
f 2492/1356/2487 1926/2334/1921 58/2333/53
f 1942/2336/1937 681/2337/676 3095/2338/3090
f 1827/2339/1822 1356/2340/1351 901/2341/896
f 2204/2342/2199 565/2343/560 448/2344/443
f 565/2343/560 2204/2342/2199 1490/1721/1485
f 2716/2345/2711 566/2346/561 1654/2347/1649
f 63/2348/58 2718/2349/2713 1499/2350/1494
f 2705/2351/2700 2576/785/2571 567/2352/562
f 567/2352/562 1506/2241/1501 2146/928/2141
f 568/2353/563 3032/2354/3027 2253/2355/2248
f 3167/1052/3162 3032/2356/3027 568/1053/563
f 569/2357/564 1033/577/1028 3080/2358/3075
f 3126/2359/3121 569/2360/564 236/2361/231
f 925/2362/920 2450/2363/2445 1230/2364/1225
f 1478/2365/1473 1642/1334/1637 2863/2277/2858
f 615/2366/610 2786/2301/2781 1201/2367/1196
f 615/2366/610 1876/2368/1871 2989/2369/2984
f 806/1254/801 1968/1253/1963 3105/2370/3100
f 3106/1540/3101 1123/2371/1118 1927/1538/1922
f 573/2372/568 415/2373/410 1742/858/1737
f 2643/2374/2638 120/2375/115 1159/2376/1154
f 3215/1511/3210 1817/2377/1812 2878/1568/2873
f 1817/2377/1812 1655/2378/1650 121/2379/116
f 2749/2380/2744 1127/2381/1122 575/2382/570
f 2923/2383/2918 684/2384/679 2592/2385/2587
f 576/1751/571 2469/1750/2464 1600/2055/1595
f 557/2386/552 2083/2387/2078 2928/2388/2923
f 1221/1471/1216 3189/2389/3184 2883/2390/2878
f 3189/2389/3184 440/764/435 324/766/319
f 1260/2212/1255 1598/2391/1593 2440/2213/2435
f 719/578/714 2094/1243/2089 2919/2392/2914
f 2886/2393/2881 579/2394/574 522/1639/517
f 579/2268/574 1841/2395/1836 1823/890/1818
f 2807/2396/2802 927/2397/922 1590/2398/1585
f 1115/2399/1110 3186/1909/3181 989/1908/984
f 99/520/94 1503/2400/1498 1338/2310/1333
f 694/696/689 1370/2401/1365 2955/2402/2950
f 1780/2403/1775 582/2404/577 1374/1134/1369
f 1881/2405/1876 992/2406/987 1780/2403/1775
f 583/2407/578 142/506/137 1141/736/1136
f 686/2408/681 329/1541/324 954/2409/949
f 908/1156/903 2929/2410/2924 1833/2411/1828
f 584/618/579 737/507/732 142/506/137
f 686/2408/681 2063/2412/2058 142/506/137
f 841/2413/836 1626/845/1621 1487/143/1482
f 841/2413/836 2754/2127/2749 163/1437/158
f 3317/1108/3312 3113/1107/3108 2043/2414/2038 3339/2415/3334
f 586/2416/581 2104/2417/2099 841/2418/836
f 2371/335/2366 1813/2419/1808 2104/2417/2099
f 2594/2420/2589 3250/1411/3245 587/2421/582
f 2346/2422/2341 2594/2420/2589 587/2421/582
f 588/715/583 111/547/106 1397/546/1392
f 1979/2423/1974 109/557/104 678/559/673
f 589/2424/584 859/2425/854 1778/2426/1773
f 2376/2427/2371 903/2428/898 1943/2429/1938
f 1174/2430/1169 590/180/585 2443/182/2438
f 784/2431/779 570/1337/565 2306/2276/2301
f 3340/2432/3335 417/293/412 3341/2433/3336
f 3342/2434/3337 417/293/412 3343/2435/3338
f 338/202/333 665/201/660 591/2436/586
f 245/2437/240 338/202/333 1278/2438/1273
f 168/1478/163 592/266/587 2040/988/2035
f 168/1478/163 806/1254/801 1274/2439/1269
f 1104/2440/1099 1106/2441/1101 457/2442/452
f 1106/2441/1101 887/2443/882 457/2442/452
f 594/2444/589 904/1890/899 342/2445/337
f 2706/2446/2701 1296/2447/1291 1393/2448/1388
f 880/2449/875 572/862/567 2402/2450/2397
f 138/2451/133 1939/1623/1934 880/2449/875
f 1562/1454/1557 1851/2452/1846 3188/1455/3183
f 2691/2453/2686 1851/2452/1846 1393/2454/1388
f 2669/2455/2664 1669/886/1664 1970/888/1965
f 817/2456/812 865/2457/860 2498/2458/2493
f 671/2459/666 268/2460/263 1218/2461/1213
f 3267/1310/3262 268/2460/263 1665/1344/1660
f 2138/2462/2133 2215/2258/2210 1273/2463/1268
f 134/634/129 2138/2464/2133 1718/2465/1713
f 2028/2466/2023 2078/1813/2073 24/401/23
f 116/112/111 3075/2467/3070 2570/609/2565
f 2163/2468/2158 601/1756/596 2690/1861/2685
f 1760/1703/1755 412/1200/407 2558/2469/2553
f 95/2470/90 3282/2471/3277 439/688/434
f 1840/2472/1835 602/2473/597 2837/2474/2832
f 603/2475/598 1986/2476/1981 3191/2477/3186
f 155/255/150 2158/2264/2153 1240/1617/1235
f 347/2478/342 1798/2479/1793 1385/160/1380
f 66/2480/61 2805/372/2800 2680/2481/2675
f 1795/1545/1790 347/1547/342 605/2482/600
f 2019/2483/2014 2048/155/2043 742/154/737
f 2360/1606/2355 141/2484/136 606/1051/601
f 141/2484/136 786/2485/781 606/1051/601
f 2725/2308/2720 555/2031/550 607/1643/602
f 121/1570/116 1655/2486/1650 1921/1641/1916
f 2360/2487/2355 1734/1234/1729 530/1236/525
f 2253/2355/2248 1419/2488/1414 568/2353/563
f 1825/497/1820 3100/2489/3095 234/1167/229
f 2217/1328/2212 1149/211/1144 2597/2490/2592
f 610/1483/605 2012/1482/2007 999/2491/994
f 2615/2492/2610 999/2491/994 851/2493/846
f 3024/1397/3019 611/1046/606 2900/1823/2895
f 611/2140/606 1612/2139/1607 403/657/398
f 663/2494/658 534/2257/529 2428/2256/2423
f 471/1265/466 2069/2495/2064 258/1266/253
f 1634/2496/1629 2168/2497/2163 2717/2498/2712
f 393/1035/388 146/2499/141 1169/2500/1164
f 1127/762/1122 205/2501/200 1410/758/1405
f 534/2257/529 663/2494/658 1493/2502/1488
f 615/2503/610 1139/2504/1134 2786/2505/2781
f 3294/2506/3289 1844/2507/1839 613/2508/608
f 891/926/886 986/925/981 888/2509/883
f 1606/2510/1601 923/2511/918 561/2512/556
f 617/2513/612 2384/2514/2379 2999/2515/2994
f 2962/2516/2957 554/2517/549 1673/2518/1668
f 2962/2516/2957 1673/2518/1668 995/2519/990
f 87/297/82 1676/296/1671 1211/2520/1206
f 1673/2518/1668 2111/2521/2106 995/2519/990
f 3344/2522/3339 618/2523/613 693/2524/688 3345/2525/3340
f 1234/1170/1229 75/1169/70 1604/2526/1599
f 587/2421/582 1320/2527/1315 1631/2528/1626
f 1659/2529/1654 518/2203/513 292/2530/287
f 2584/2531/2579 1609/171/1604 255/2532/250
f 1627/2533/1622 69/2534/64 2176/2535/2171
f 759/2536/754 799/2537/794 3134/2538/3129
f 1386/2539/1381 196/2540/191 2406/2541/2401
f 3122/2542/3117 2406/2541/2401 196/2540/191
f 644/236/639 1011/811/1006 1708/2543/1703
f 644/236/639 1708/2543/1703 558/894/553
f 625/2544/620 1289/2545/1284 656/2546/651
f 3098/537/3093 777/2547/772 1270/2548/1265
f 2386/2549/2381 1451/2550/1446 1281/2551/1276
f 683/1740/678 2600/2552/2595 1391/2553/1386
f 186/2554/181 2487/2555/2482 2047/2556/2042
f 2593/2557/2588 1670/2558/1665 1151/2559/1146
f 45/397/40 628/471/623 1560/473/1555
f 1084/528/1079 1246/2560/1241 1305/529/1300
f 2448/958/2443 629/2092/624 1761/959/1756
f 123/2094/118 3165/284/3160 629/2092/624
f 630/1127/625 237/1686/232 3026/1128/3021
f 377/1731/372 866/2561/861 630/1127/625
f 1078/1139/1073 285/1250/280 2009/2562/2004
f 1078/1139/1073 2009/2562/2004 463/2023/458
f 268/2460/263 671/2459/666 632/2563/627
f 2636/2564/2631 2456/2565/2451 2692/2566/2687
f 147/768/142 540/2567/535 633/2266/628
f 1162/2568/1157 865/2457/860 817/2456/812
f 1462/2569/1457 1017/348/1012 2065/347/2060
f 1566/2570/1561 1911/2571/1906 843/2572/838
f 190/424/185 419/423/414 1202/2573/1197
f 772/2574/767 3029/2141/3024 501/2138/496
f 636/1060/631 1865/1722/1860 674/1061/669
f 3174/2575/3169 1833/2411/1828 3346/2576/3341 3347/2577/3342
f 637/1036/632 2168/2497/2163 1634/2496/1629
f 436/1942/431 1107/2075/1102 2601/1943/2596
f 55/2578/50 2888/2178/2883 2038/2177/2033
f 891/2579/886 2002/2580/1997 1608/2581/1603
f 2615/2492/2610 2022/2582/2017 999/2491/994
f 1888/2583/1883 725/1009/720 879/1008/874
f 1942/2336/1937 1052/2584/1047 681/2337/676
f 2739/2585/2734 2604/2586/2599 1155/2587/1150
f 670/927/665 638/2588/633 641/2589/636
f 641/2589/636 1922/2590/1917 1509/2591/1504
f 69/2534/64 642/2041/637 622/388/617
f 1808/496/1803 2182/2039/2177 609/2592/604
f 405/1833/400 212/1835/207 2183/2593/2178
f 1943/2429/1938 903/2428/898 2101/2594/2096
f 644/236/639 174/2595/169 2777/234/2772
f 2915/2596/2910 156/891/151 1949/893/1944
f 1695/2597/1690 395/1450/390 171/1796/166
f 2694/2598/2689 2229/2599/2224 1204/1798/1199
f 1900/2600/1895 3122/2542/3117 196/2540/191
f 1349/940/1344 1900/2600/1895 1346/2601/1341
f 2150/2602/2145 93/2603/88 647/2604/642
f 2150/2602/2145 647/2604/642 177/2605/172
f 191/2606/186 2505/967/2500 685/2607/680
f 1167/2608/1162 1413/2274/1408 1295/2609/1290
f 649/2610/644 2527/2611/2522 1666/1099/1661
f 2131/1101/2126 1735/1100/1730 219/1098/214
f 2619/2612/2614 373/2613/368 473/2614/468
f 1233/2615/1228 1835/2616/1830 1853/2617/1848
f 2118/2618/2113 2947/2619/2942 196/2540/191
f 198/2620/193 478/2069/473 2642/2621/2637
f 1816/1413/1811 1125/1744/1120 50/1743/45
f 1816/1413/1811 297/1415/292 2020/2622/2015
f 653/1607/648 3044/1605/3039 1547/2623/1542
f 308/2173/303 653/1607/648 3127/2624/3122
f 52/257/47 654/2625/649 1613/1043/1608
f 2147/2626/2142 656/2546/651 1289/2545/1284
f 655/2627/650 1319/2628/1314 1004/2629/999
f 417/293/412 1763/295/1758 2119/2630/2114
f 1032/2631/1027 656/2546/651 2147/2626/2142
f 1750/378/1745 2537/2632/2532 828/379/823
f 697/1777/692 1864/2633/1859 657/2634/652
f 1864/2633/1859 1677/2635/1672 2826/2636/2821
f 658/198/653 2695/200/2690 65/2637/60
f 1597/527/1592 100/2638/95 1564/121/1559
f 973/2068/968 2048/2639/2043 1755/1880/1750
f 1755/1880/1750 2048/2639/2043 2802/2640/2797
f 2508/2641/2503 660/2642/655 306/2643/301
f 2508/2641/2503 645/2644/640 2229/2645/2224
f 2443/182/2438 661/187/656 39/186/34
f 1787/1440/1782 2490/2036/2485 467/1441/462
f 662/2086/657 453/877/448 1413/2274/1408
f 1167/2608/1162 662/2086/657 1413/2274/1408
f 612/2646/607 2069/2495/2064 471/1265/466
f 614/1467/609 1957/2647/1952 2034/1268/2029
f 66/2648/61 2680/2649/2675 664/2650/659
f 2441/2651/2436 769/2652/764 1426/2653/1421
f 1651/2654/1646 1252/2655/1247 3202/2656/3197
f 2540/2657/2535 1252/2655/1247 2433/1969/2428
f 2230/2658/2225 1124/193/1119 495/192/490
f 1352/1017/1347 1394/351/1389 1872/350/1867
f 667/1463/662 2053/1218/2048 340/1220/335
f 340/1220/335 1189/2659/1184 2164/2660/2159
f 668/2661/663 79/2662/74 2004/2663/1999
f 1882/2664/1877 180/305/175 2738/1691/2733
f 2042/2665/2037 3203/1761/3198 386/1757/381
f 1335/1702/1330 386/1757/381 601/1756/596
f 1950/2666/1945 181/273/176 831/272/826
f 641/2589/636 1509/2591/1504 1950/2666/1945
f 2636/2564/2631 3052/2667/3047 2606/1970/2601
f 2606/1970/2601 2456/2565/2451 2636/2564/2631
f 512/2668/507 982/2669/977 531/2247/526
f 2264/2670/2259 181/273/176 1922/2590/1917
f 460/2671/455 731/2672/726 1146/2673/1141
f 733/601/728 1368/428/1363 2575/602/2570
f 2077/2674/2072 1974/2675/1969 1026/2676/1021
f 1865/1722/1860 1458/1724/1453 3212/2677/3207
f 675/1202/670 3226/2678/3221 1895/1203/1890
f 1916/2679/1911 948/1558/943 1571/2680/1566
f 676/1423/671 1966/2681/1961 391/2682/386
f 878/2683/873 1966/2681/1961 676/1423/671
f 3010/2684/3005 2263/2195/2258 677/2685/672
f 2822/2686/2817 624/810/619 1516/809/1511
f 1776/797/1771 970/2087/965 2755/1398/2750
f 970/2087/965 2270/2687/2265 1549/2688/1544
f 531/2247/526 2269/870/2264 512/2668/507
f 2142/868/2137 2269/870/2264 531/2247/526
f 915/1626/910 1766/2689/1761 1111/2013/1106
f 1766/2689/1761 2812/2690/2807 3071/2691/3066
f 2613/2692/2608 2300/2693/2295 564/919/559
f 509/170/504 564/2166/559 3228/2694/3223
f 1155/2587/1150 2604/2586/2599 3152/2695/3147
f 839/1175/834 437/1946/432 2844/1173/2839
f 683/2696/678 2422/2697/2417 1782/2698/1777
f 667/1463/662 340/1220/335 2164/2660/2159
f 2923/2383/2918 56/2699/51 684/2384/679
f 649/2700/644 1666/2701/1661 1660/2702/1655
f 685/2607/680 2505/967/2500 2032/1386/2027
f 648/1950/643 1236/1949/1231 1167/2703/1162
f 142/506/137 583/2407/578 686/2408/681
f 329/1541/324 686/2408/681 2375/1542/2370
f 2488/2704/2483 2490/2036/2485 687/2705/682
f 3220/2706/3215 2490/2036/2485 397/2035/392
f 2271/1621/2266 1381/1620/1376 688/1752/683
f 1601/262/1596 595/264/590 3028/2707/3023
f 2036/396/2031 2276/395/2271 689/2708/684
f 2674/214/2669 1418/1245/1413 778/215/773
f 2021/2709/2016 690/399/685 2529/2710/2524
f 1925/2711/1920 1774/2712/1769 811/2713/806
f 2023/380/2018 1858/2714/1853 3182/2715/3177
f 2961/2716/2956 2459/2717/2454 750/2110/745
f 3287/2718/3282 1861/833/1856 2967/2719/2962
f 1046/2720/1041 1151/2559/1146 1670/2558/1665
f 2771/2721/2766 693/2524/688 618/2523/613
f 3207/2722/3202 1569/2723/1564 801/2191/796
f 1503/2724/1498 1370/2401/1365 694/696/689
f 1804/2725/1799 97/823/92 581/2726/576
f 1693/2727/1688 2344/564/2339 107/563/102
f 3079/2728/3074 1757/1312/1752 269/1226/264
f 1570/2729/1565 1567/2730/1562 3001/2731/2996
f 1090/2732/1085 1567/2730/1562 975/2733/970
f 657/2634/652 768/2734/763 697/1777/692
f 2719/1988/2714 3196/1883/3191 2689/1882/2684
f 1647/2735/1642 1563/1779/1558 698/1635/693
f 2960/2736/2955 2747/1533/2742 2486/1532/2481
f 1686/2737/1681 344/1484/339 2453/2738/2448
f 882/1600/877 344/1484/339 2193/2739/2188
f 920/2740/915 700/816/695 2908/815/2903
f 2126/2741/2121 1552/1578/1547 1870/1577/1865
f 701/1841/696 1058/2742/1053 407/1842/402
f 1532/2743/1527 1024/2744/1019 3109/2745/3104
f 702/1366/697 2376/2427/2371 1929/2746/1924
f 1283/2747/1278 874/1148/869 2890/1150/2885
f 2129/1973/2124 2757/1971/2752 1225/651/1220
f 2162/680/2157 1010/679/1005 162/880/157
f 1355/2748/1350 929/1548/924 2356/2749/2351
f 1704/1609/1699 823/1611/818 330/2750/325
f 3347/2577/3342 3348/2751/3343 3174/2575/3169
f 60/694/55 3072/1693/3067 705/2752/700
f 1309/2753/1304 1702/2754/1697 2495/2755/2490
f 1124/193/1119 803/2756/798 3048/194/3043
f 2333/353/2328 1309/2753/1304 281/2757/276
f 707/2758/702 3231/2759/3226 1308/2760/1303
f 138/2451/133 880/2449/875 2402/2450/2397
f 708/1576/703 1526/1573/1521 336/1086/331
f 78/1462/73 2311/1464/2306 2113/407/2108
f 2122/2761/2117 2660/1964/2655 1373/1966/1368
f 2122/2761/2117 2251/1968/2246 326/1967/321
f 94/493/89 1469/495/1464 2514/2762/2509
f 349/1619/344 3028/1624/3023 1939/1623/1934
f 2605/2763/2600 711/922/706 2167/2764/2162
f 711/922/706 1279/921/1274 2167/2764/2162
f 2731/683/2726 2505/967/2500 191/2606/186
f 894/2765/889 1295/2609/1290 544/1389/539
f 72/374/67 513/2181/508 713/2183/708
f 1311/2766/1306 1997/1660/1992 1455/1659/1450
f 1213/2767/1208 1391/2553/1386 714/2768/709
f 1285/1587/1280 2853/2769/2848 340/1220/335
f 715/2091/710 829/781/824 1671/783/1666
f 1583/1259/1578 256/1257/251 182/1256/177
f 1771/2770/1766 716/2771/711 435/1920/430
f 1504/1937/1499 758/1940/753 2430/2772/2425
f 464/1044/459 717/258/712 52/257/47
f 464/2773/459 2044/2774/2039 1209/2775/1204
f 399/2776/394 2160/2777/2155 718/443/713
f 718/443/713 2354/2778/2349 399/2776/394
f 2440/2213/2435 1598/2391/1593 719/578/714
f 1679/831/1674 578/2779/573 719/578/714
f 3262/825/3257 97/823/92 1168/2780/1163
f 97/823/92 1804/2725/1799 1168/2780/1163
f 721/2227/716 2630/2229/2625 1447/2781/1442
f 1073/806/1068 1449/808/1444 523/2782/518
f 1820/2783/1815 116/2784/111 343/2785/338
f 1142/2786/1137 343/2787/338 2420/2788/2415
f 2166/2056/2161 185/1763/180 1842/1765/1837
f 1600/2055/1595 2469/1750/2464 2166/2056/2161
f 2014/2789/2009 17/1054/17 1992/2790/1987
f 2872/2009/2867 1596/2010/1591 2870/2791/2865
f 725/1009/720 1888/2583/1883 639/2792/634
f 639/2792/634 230/1152/225 725/1009/720
f 1722/2145/1717 2327/1332/2322 726/1975/721
f 274/1331/269 726/1975/721 2327/1332/2322
f 3268/2793/3263 1838/2794/1833 1842/2795/1837
f 1639/1747/1634 857/2796/852 2884/1748/2879
f 835/840/830 1657/2797/1652 3349/2798/3344 3308/838/3303
f 2775/2799/2770 959/1291/954 3219/2800/3214
f 1538/2801/1533 1863/2802/1858 729/2803/724
f 1538/2801/1533 1340/2804/1335 1001/2805/996
f 2914/2806/2909 730/2807/725 2246/2808/2241
f 2842/2809/2837 980/2147/975 2898/2149/2893
f 460/2671/455 2764/2810/2759 731/2672/726
f 2319/2811/2314 1753/561/1748 314/713/309
f 12/2812/12 3007/2813/3002 2985/2814/2980
f 2965/49/2960 2985/54/2980 732/50/727
f 733/601/728 268/2460/263 783/508/778
f 733/601/728 277/426/272 1368/428/1363
f 3350/2815/3345 1354/92/1349 3299/91/3294
f 1265/2084/1260 507/2161/502 526/2085/521
f 2520/2816/2515 507/2161/502 2358/2817/2353
f 2321/2032/2316 1121/2818/1116 1031/96/1026
f 1195/2819/1190 1121/2820/1116 2315/2821/2310
f 724/2822/719 736/1316/731 1200/2823/1195
f 1255/1326/1250 2217/1328/2212 2597/2490/2592
f 96/2114/91 737/507/732 2723/2824/2718
f 584/618/579 1464/2825/1459 737/507/732
f 701/1841/696 1075/2826/1070 1058/2742/1053
f 945/2827/940 3140/2828/3135 701/1841/696
f 1501/1840/1496 2105/1847/2100 408/2829/403
f 1683/228/1678 1944/1839/1939 1501/1840/1496
f 499/1514/494 2033/1513/2028 1430/1469/1425
f 1538/2801/1533 729/2803/724 1340/2804/1335
f 621/448/616 1793/664/1788 741/2830/736
f 2120/217/2115 1424/2831/1419 1536/218/1531
f 605/2482/600 2019/2483/2014 742/154/737
f 1986/2476/1981 603/2475/598 1704/1609/1699
f 743/2832/738 1233/2615/1228 1853/2617/1848
f 1853/2617/1848 800/301/795 3241/2833/3236
f 744/2834/739 819/2835/814 160/828/155
f 744/2834/739 1124/193/1119 2230/2658/2225
f 745/2836/740 829/781/824 715/2091/710
f 485/643/480 3258/642/3253 715/2091/710
f 1119/1370/1114 746/2837/741 2889/1367/2884
f 938/224/933 284/542/279 3256/1767/3251
f 547/2283/542 1515/749/1510 747/540/742
f 1613/1043/1608 207/2838/202 2018/2839/2013
f 2961/2716/2956 1403/2840/1398 748/2841/743
f 1371/2842/1366 3033/298/3028 2530/2843/2525
f 1030/2844/1025 1472/2845/1467 749/2159/744
f 2013/1656/2008 1093/1080/1088 3225/2846/3220
f 2073/2847/2068 978/2848/973 750/2110/745
f 2073/2847/2068 750/2110/745 1116/2109/1111
f 1551/2849/1546 751/682/746 3159/681/3154
f 154/796/149 1183/798/1178 2303/2850/2298
f 752/2851/747 1927/1538/1922 2216/864/2211
f 2675/400/2670 328/1537/323 752/2851/747
f 2193/2852/2188 2186/2291/2181 753/2290/748
f 3082/2853/3077 2654/1603/2649 2413/2854/2408
f 10/2855/10 754/1996/749 930/1997/925
f 2457/183/2452 585/846/580 2133/2856/2128
f 755/2857/750 1155/2587/1150 682/2858/677
f 682/2858/677 437/1946/432 839/1175/834
f 514/2294/509 2383/2292/2378 756/2859/751
f 1855/2860/1850 763/2861/758 367/2862/362
f 48/1706/43 2091/1160/2086 3351/2863/3346 3352/2864/3347
f 417/293/412 48/1706/43 3352/2864/3347 3343/2435/3338
f 2585/2865/2580 480/2021/475 2098/2866/2093
f 2499/1018/2494 2585/2865/2580 2098/2866/2093
f 758/1940/753 356/2157/351 1415/978/1410
f 356/2157/351 1030/2844/1025 749/2159/744
f 2176/2535/2171 759/2536/754 3134/2538/3129
f 1091/2867/1086 2127/1770/2122 2483/1177/2478
f 760/1165/755 228/1164/223 178/2868/173
f 818/1953/813 178/2868/173 456/911/451
f 761/2869/756 580/2870/575 927/2397/922
f 2392/2231/2387 1115/2871/1110 189/2076/184
f 2867/2872/2862 1664/613/1659 1843/2873/1838
f 1551/2849/1546 154/796/149 2303/2850/2298
f 1102/2874/1097 1163/2875/1158 1007/2876/1002
f 2497/2877/2492 1235/2878/1230 3285/2879/3280
f 293/551/288 1337/550/1332 764/1026/759
f 563/2880/558 2609/2881/2604 1337/550/1332
f 765/2882/760 3020/2293/3015 514/2294/509
f 2080/2883/2075 1165/2884/1160 2587/2885/2582
f 401/1818/396 766/2886/761 1711/1819/1706
f 1722/2887/1717 1980/2888/1975 1711/1819/1706
f 1980/2146/1975 726/1975/721 2056/1977/2051
f 194/2889/189 922/2890/917 503/2891/498
f 768/2734/763 421/2892/416 2689/2893/2684
f 1177/152/1172 659/2894/654 421/2892/416
f 2826/2636/2821 1691/2895/1686 2861/2896/2856
f 1687/2897/1682 2826/2636/2821 1677/2635/1672
f 769/2652/764 770/2898/765 1426/2653/1421
f 2493/268/2488 2861/2896/2856 2295/2899/2290
f 2378/2900/2373 1879/2901/1874 1546/2902/1541
f 2366/2903/2361 2535/2904/2530 1879/2901/1874
f 1740/2905/1735 3029/2141/3024 772/2574/767
f 2109/965/2104 869/964/864 1740/2906/1735
f 900/2907/895 2153/2908/2148 2017/2909/2012
f 1131/1384/1126 1611/2910/1606 288/2911/283
f 2719/1988/2714 774/2912/769 473/2614/468
f 774/1774/769 650/1775/645 473/2913/468
f 1983/2914/1978 1425/2054/1420 1522/2915/1517
f 2342/2916/2337 1106/2441/1101 2159/2917/2154
f 776/1070/771 2376/2427/2371 1943/2429/1938
f 323/2918/318 2376/2427/2371 776/1070/771
f 1351/2919/1346 1276/1185/1271 1259/1187/1254
f 1276/2920/1271 1289/2545/1284 625/2544/620
f 1166/1246/1161 2801/2921/2796 778/215/773
f 318/2922/313 2143/2923/2138 2105/1847/2100
f 556/1985/551 2209/2312/2204 998/2314/993
f 237/1686/232 2219/1685/2214 1786/2924/1781
f 1659/2529/1654 2438/2204/2433 518/2203/513
f 621/448/616 741/2830/736 1293/2925/1288
f 781/100/776 2866/2926/2861 1333/101/1328
f 2562/463/2557 2045/2927/2040 1898/464/1893
f 2408/1787/2403 392/1785/387 782/1443/777
f 2172/1247/2167 392/1785/387 802/1248/797
f 733/601/728 3060/409/3055 277/426/272
f 3276/290/3271 3060/409/3055 49/411/44
f 39/186/34 570/1337/565 784/2431/779
f 39/186/34 1174/2430/1169 2443/182/2438
f 3119/2928/3114 1475/2929/1470 2071/2930/2066
f 3255/1380/3250 455/2931/450 1877/1381/1872
f 1621/1923/1616 463/2932/458 2585/2865/2580
f 2585/2865/2580 463/2932/458 480/2021/475
f 787/705/782 863/2933/858 1365/2934/1360
f 2825/2935/2820 3003/2936/2998 787/705/782
f 2645/212/2640 1149/211/1144 788/1904/783
f 1180/1817/1175 788/1904/783 1674/2937/1669
f 2817/2938/2812 789/2939/784 167/1530/162
f 2936/630/2931 1810/2940/1805 1373/1966/1368
f 351/2941/346 2813/2942/2808 1315/2943/1310
f 351/2941/346 327/1534/322 2813/2942/2808
f 3038/2944/3033 791/1836/786 2792/2945/2787
f 791/1836/786 1575/1838/1570 2792/2945/2787
f 1566/2570/1561 843/2572/838 792/1323/787
f 3214/2946/3209 1831/1322/1826 2855/1321/2850
f 246/2129/241 1572/2130/1567 2008/2947/2003
f 2336/1318/2331 2489/662/2484 128/661/123
f 2424/1746/2419 1400/723/1395 2121/2948/2116
f 1502/485/1497 3213/2949/3208 92/375/87
f 1537/2950/1532 197/2951/192 1088/2952/1083
f 197/2951/192 1537/2950/1532 2210/1345/2205
f 308/2953/303 796/2954/791 2810/2955/2805
f 308/2953/303 3127/2956/3122 1387/1461/1382
f 797/2957/792 262/1379/257 1994/2958/1989
f 2196/2959/2191 3219/2960/3214 959/2961/954
f 2319/2811/2314 588/712/583 1397/1871/1392
f 314/713/309 588/712/583 2319/2811/2314
f 296/1769/291 799/2537/794 759/2536/754
f 1302/1773/1297 2534/1408/2529 2538/1407/2533
f 800/317/795 62/2962/57 3241/2963/3236
f 2536/1385/2531 62/2962/57 800/317/795
f 552/2964/547 2632/2965/2627 619/2966/614
f 1201/2367/1196 2632/2965/2627 552/2964/547
f 392/1785/387 548/1242/543 802/1248/797
f 802/1248/797 548/1242/543 2963/2967/2958
f 2559/2968/2554 706/2969/701 803/2756/798
f 1250/692/1245 60/694/55 705/2752/700
f 1748/2970/1743 832/2971/827 804/2972/799
f 804/2972/799 2157/2253/2152 1581/2252/1576
f 2039/2973/2034 2298/2974/2293 115/1359/110
f 281/2757/276 1309/2753/1304 2495/2755/2490
f 806/1254/801 2035/2975/2030 53/1255/48
f 2916/1477/2911 1785/173/1780 3290/2976/3285
f 2220/74/2215 787/705/782 1365/2934/1360
f 3154/1425/3149 2220/2977/2215 1443/1426/1438
f 808/1021/803 1525/1130/1520 3237/1022/3232
f 1387/1461/1382 840/1235/835 2425/2978/2420
f 809/124/804 2543/146/2538 1714/2979/1709
f 2750/144/2745 2543/146/2538 809/124/804
f 1097/2980/1092 810/2981/805 492/417/487
f 1725/415/1720 492/417/487 810/2981/805
f 688/1752/683 811/2982/806 2271/1621/2266
f 811/2982/806 688/1752/683 1925/1753/1920
f 812/1219/807 1726/1586/1721 340/1220/335
f 245/1581/240 1278/2983/1273 1928/1580/1923
f 3175/2984/3170 1348/724/1343 899/2985/894
f 1400/723/1395 794/722/789 2121/2948/2116
f 2797/910/2792 873/909/868 814/2986/809
f 3045/2311/3040 555/2031/550 2774/2309/2769
f 422/996/417 424/286/419 2152/2265/2147
f 2152/2265/2147 1732/769/1727 147/768/142
f 947/2170/942 1706/2987/1701 2400/2171/2395
f 2177/2052/2172 940/1990/935 390/2988/385
f 597/2989/592 1970/888/1965 2434/2990/2429
f 522/1639/517 1128/902/1123 2886/2393/2881
f 760/1165/755 1476/2991/1471 233/1163/228
f 1476/2991/1471 760/1165/755 178/2868/173
f 2473/827/2468 160/828/155 819/2835/814
f 1479/2992/1474 2468/2993/2463 1859/829/1854
f 450/2994/445 820/1982/815 562/1981/557
f 2790/1794/2785 939/1793/934 3143/2228/3138
f 821/358/816 94/493/89 2514/2762/2509
f 1784/1903/1779 2455/1816/2450 821/358/816
f 822/2995/817 1955/1069/1950 1025/2996/1020
f 996/2997/991 434/1932/429 906/1934/901
f 2356/2749/2351 823/1611/818 1355/2748/1350
f 1379/801/1374 963/803/958 1355/2748/1350
f 824/2998/819 2403/2999/2398 1982/3000/1977
f 3291/1190/3286 1678/1192/1673 2099/1002/2094
f 448/2344/443 2996/1979/2991 825/475/820
f 448/2344/443 825/475/820 2262/3001/2257
f 2784/645/2779 560/133/555 1565/2325/1560
f 1100/582/1095 2784/645/2779 252/583/247
f 214/3002/209 3111/1657/3106 2013/1656/2008
f 3111/1657/3106 214/3002/209 559/2323/554
f 489/3003/484 2170/3004/2165 717/3005/712
f 1330/3006/1325 489/2107/484 1403/2106/1398
f 182/1256/177 829/781/824 745/2836/740
f 1829/1876/1824 2502/1474/2497 182/1256/177
f 1532/2743/1527 830/3007/825 858/954/853
f 333/3008/328 3109/2745/3104 1024/2744/1019
f 2079/1281/2074 1459/595/1454 1404/3009/1399
f 2866/2926/2861 3151/3010/3146 3083/3011/3078
f 832/2971/827 2157/2253/2152 804/2972/799
f 1965/3012/1960 6/3013/6 1/3014/1
f 41/1531/36 833/1528/828 709/1527/704
f 1742/858/1737 415/2373/410 3077/627/3072
f 1638/3015/1633 1640/1496/1635 834/987/829
f 1296/2447/1291 2706/2446/2701 834/987/829
f 2196/2959/2191 262/3016/257 3217/3017/3212
f 1053/3018/1048 2876/3019/2871 2087/1076/2082
f 764/1026/759 2868/3020/2863 836/1027/831
f 339/1582/334 1705/844/1700 1698/1955/1693
f 2366/2903/2361 1879/2901/1874 2378/2900/2373
f 2366/2903/2361 771/3021/766 1952/3022/1947
f 2134/3023/2129 486/3024/481 1242/3025/1237
f 1864/2633/1859 486/3026/481 2134/3027/2129
f 28/1174/24 1862/3028/1857 839/1175/834
f 682/2858/677 839/1175/834 3027/3029/3022
f 1734/1234/1729 250/1233/245 840/1235/835
f 840/1235/835 1525/1130/1520 2425/2978/2420
f 841/2418/836 3150/3030/3145 586/2416/581
f 841/2418/836 1487/3031/1482 585/3032/580
f 1208/729/1203 842/1732/837 378/739/373
f 842/1732/837 2308/3033/2303 378/739/373
f 792/1323/787 843/2572/838 853/1324/848
f 2418/3034/2413 876/1126/871 2848/2196/2843
f 1018/248/1013 213/3035/208 2185/246/2180
f 2071/3036/2066 213/3035/208 3119/3037/3114
f 1578/3038/1573 734/3039/729 1236/3040/1231
f 2933/3041/2928 2358/2817/2353 507/2161/502
f 2467/1834/2462 846/3042/841 2990/3043/2985
f 996/2997/991 2542/3044/2537 1457/3045/1452
f 847/3046/842 1061/3047/1056 1227/3048/1222
f 2205/3049/2200 1061/3047/1056 3289/3050/3284
f 2093/3051/2088 848/1976/843 726/1975/721
f 1533/3052/1528 2093/3051/2088 2746/812/2741
f 2613/2692/2608 849/3053/844 2300/2693/2295
f 379/113/374 202/402/197 849/3053/844
f 2305/1954/2300 850/1340/845 2729/3054/2724
f 2060/3055/2055 1845/3056/1840 2397/3057/2392
f 639/2792/634 2100/3058/2095 230/1152/225
f 3094/468/3089 2097/190/2092 2595/189/2590
f 1579/3059/1574 852/1409/847 2654/3060/2649
f 2654/3061/2649 852/430/847 137/3062/132
f 3339/2415/3334 2043/2414/2038 3353/3063/3348
f 1701/3064/1696 853/3065/848 843/3066/838
f 2598/1503/2593 2287/1117/2282 3265/3067/3260
f 292/1049/287 854/1048/849 1044/3068/1039
f 3102/285/3097 33/174/29 201/1492/196
f 470/2042/465 855/2324/850 282/3069/277
f 855/2324/850 826/138/821 2709/140/2704
f 856/1466/851 575/2382/570 614/1467/609
f 2592/2385/2587 1343/1519/1338 2923/2383/2918
f 2246/2808/2241 730/2807/725 857/3070/852
f 730/947/725 1245/949/1240 3262/3071/3257
f 2828/3072/2823 3162/3073/3157 858/954/853
f 830/3007/825 2828/3072/2823 858/954/853
f 933/3074/928 859/2425/854 971/3075/966
f 1778/2426/1773 859/2425/854 933/3074/928
f 3319/1115/3314 3354/3076/3349 2948/232/2943
f 2924/1858/2919 860/129/855 1724/1859/1719
f 1479/2992/1474 1859/829/1854 1679/831/1674
f 861/3077/856 580/2870/575 1956/3078/1951
f 525/3079/520 2714/3080/2709 2392/3081/2387
f 3275/3082/3270 358/1664/353 2258/3083/2253
f 952/3084/947 1760/1703/1755 2558/2469/2553
f 1616/3085/1611 863/3086/858 1672/3087/1667
f 2825/2935/2820 2891/3088/2886 3003/2936/2998
f 1299/670/1294 1928/1580/1923 864/3089/859
f 2832/3090/2827 2311/1464/2306 78/1462/73
f 1856/3091/1851 1080/3092/1075 1414/3093/1409
f 540/2567/535 2974/3094/2969 2859/3095/2854
f 630/1127/625 866/2561/861 237/1686/232
f 1982/3096/1977 3112/3097/3107 1924/1682/1919
f 3049/178/3044 590/180/585 867/179/862
f 2733/3098/2728 867/179/862 590/180/585
f 1085/3099/1080 2433/1969/2428 868/3100/863
f 833/1528/828 366/3101/361 1709/1529/1704
f 1193/2221/1188 352/2223/347 2596/1637/2591
f 352/2223/347 2506/3102/2501 2596/1637/2591
f 2667/3103/2662 612/2646/607 471/1265/466
f 471/1265/466 2026/1264/2021 2161/2046/2156
f 3100/2489/3095 871/3104/866 234/1167/229
f 1604/2526/1599 234/1167/229 1234/1170/1229
f 1318/3105/1313 1880/3106/1875 249/2225/244
f 543/3107/538 2590/3108/2585 1014/3109/1009
f 2956/3110/2951 1605/3111/1600 1528/449/1523
f 2956/3110/2951 3004/3112/2999 1605/3111/1600
f 1529/3113/1524 874/1148/869 822/1935/817
f 1931/3114/1926 244/1213/239 3118/3115/3113
f 1227/3116/1222 2139/3117/2134 1178/370/1173
f 847/3118/842 1227/3116/1222 2357/3119/2352
f 2462/3120/2457 1814/3121/1809 843/3066/838
f 2462/3122/2457 843/2572/838 2533/3123/2528
f 1178/370/1173 2139/3117/2134 2975/371/2970
f 184/982/179 2693/2144/2688 1722/2145/1717
f 2184/3124/2179 1263/1238/1258 1120/1237/1115
f 1401/3125/1396 2003/3126/1998 372/3127/367
f 879/3128/874 2007/3129/2002 119/3130/114
f 2254/1644/2249 119/3130/114 29/3131/25
f 1939/1623/1934 595/1622/590 3064/3132/3059
f 595/264/590 1656/263/1651 3064/863/3059
f 881/1094/876 913/1103/908 206/3133/201
f 3355/3134/3350 881/3135/876 3356/3136/3351
f 2413/2854/2408 1470/3137/1465 699/3138/694
f 731/2672/726 2764/2810/2759 1914/3139/1909
f 528/3140/523 883/3141/878 2031/3142/2026
f 1187/288/1182 148/287/143 2031/3142/2026
f 376/1271/371 2228/1452/2223 2700/3143/2695
f 376/1271/371 2700/3143/2695 953/1725/948
f 577/252/572 885/254/880 2815/3144/2810
f 818/1953/813 1049/2002/1044 1920/221/1915
f 96/2114/91 2723/2824/2718 886/1172/881
f 490/2165/485 96/2114/91 1176/1309/1171
f 1807/1647/1802 3138/1646/3133 887/2004/882
f 1425/3145/1420 2664/3146/2659 1522/3147/1517
f 888/2509/883 1062/3148/1057 891/926/886
f 2984/3149/2979 1416/1263/1411 431/1262/426
f 584/618/579 889/617/884 1464/2825/1459
f 889/617/884 924/3150/919 1464/2825/1459
f 890/843/885 703/842/698 2920/3151/2915
f 339/3152/334 2646/3153/2641 1959/3154/1954
f 1608/2581/1603 2038/2177/2033 891/2579/886
f 638/2588/633 670/927/665 891/926/886
f 1518/3155/1513 3200/1925/3195 892/1924/887
f 432/3156/427 2055/3157/2050 1407/1141/1402
f 585/846/580 183/185/178 893/3158/888
f 183/3159/178 2945/3160/2940 2640/1805/2635
f 2108/3161/2103 3063/3162/3058 894/3163/889
f 894/3163/889 1013/1852/1008 712/1851/707
f 1836/63/1831 2041/62/2036 895/2187/890
f 367/2862/362 895/2187/890 1855/2860/1850
f 1372/3164/1367 1982/3096/1977 1924/1682/1919
f 1372/3165/1367 2054/1727/2049 1982/3000/1977
f 957/3166/952 425/1335/420 1642/1334/1637
f 957/3167/952 1055/3168/1050 425/3169/420
f 268/2460/263 898/1343/893 783/508/778
f 268/2460/263 632/2563/627 2492/1356/2487
f 2394/874/2389 899/873/894 16/872/16
f 2452/419/2447 170/57/165 3280/2250/3275
f 2153/2908/2148 900/2907/895 1669/886/1664
f 3062/3170/3057 1446/3171/1441 1803/3172/1798
f 901/3173/896 3095/2338/3090 2607/3174/2602
f 1052/2584/1047 2389/3175/2384 681/2337/676
f 1662/3176/1657 1446/3171/1441 902/3177/897
f 1131/1384/1126 481/771/476 173/794/168
f 2101/3178/2096 2742/3179/2737 1339/3180/1334
f 933/3074/928 2751/3181/2746 1778/2426/1773
f 328/1537/323 2201/526/2196 2713/1539/2708
f 594/2444/589 76/3182/71 2401/3183/2396
f 904/1890/899 2862/1889/2857 905/1891/900
f 1463/1991/1458 1850/1992/1845 2880/1993/2875
f 906/1934/901 244/1213/239 1931/3114/1926
f 906/1934/901 3286/3184/3281 244/1213/239
f 907/1786/902 966/1783/961 392/1785/387
f 1773/3185/1768 2865/3186/2860 2187/3187/2182
f 1614/3188/1609 1323/1059/1318 1089/239/1084
f 945/2827/940 701/1841/696 909/1843/904
f 1936/3189/1931 2806/3190/2801 1557/3191/1552
f 724/2822/719 273/210/268 910/3192/905
f 910/3193/905 1087/594/1082 1692/1505/1687
f 2968/3194/2963 1639/1747/1634 387/1278/382
f 3243/3195/3238 727/3196/722 1648/3197/1643
f 912/624/907 400/3198/395 3031/355/3026
f 2399/2040/2394 400/3198/395 912/624/907
f 913/3199/908 881/3200/876 3355/3201/3350 3357/3202/3352
f 3353/3063/3348 2043/2414/2038 3358/3203/3353
f 2513/3204/2508 485/643/480 57/658/52
f 1612/2139/1607 57/658/52 403/657/398
f 114/2012/109 915/1626/910 1111/2013/1106
f 3089/3205/3084 350/1627/345 915/1626/910
f 916/1176/911 1854/1410/1849 1454/3206/1449
f 2973/3207/2968 389/1771/384 2127/1770/2122
f 1909/225/1904 2415/227/2410 2405/3208/2400
f 3040/3209/3035 487/3210/482 1728/3211/1723
f 918/3212/913 2234/3213/2229 2273/3214/2268
f 557/2315/552 2940/3215/2935 2074/3216/2069
f 919/777/914 2992/3217/2987 2577/778/2572
f 1506/2241/1501 1378/931/1373 3187/2239/3182
f 920/3218/915 767/3219/762 2337/3220/2332
f 700/1515/695 920/3218/915 2126/2741/2121
f 65/2637/60 2695/200/2690 921/3221/916
f 411/1155/406 2924/1858/2919 1724/1859/1719
f 920/938/915 1349/940/1344 767/3222/762
f 1349/940/1344 194/3223/189 767/3222/762
f 923/2511/918 1837/3224/1832 561/2512/556
f 257/462/252 1869/3225/1864 2562/463/2557
f 2698/3226/2693 306/3227/301 924/3228/919
f 1806/3229/1801 306/3227/301 660/3230/655
f 2945/936/2940 2488/3231/2483 687/937/682
f 3088/1206/3083 242/3232/237 9/1207/9
f 1195/2819/1190 2102/3233/2097 1918/703/1913
f 2102/3233/2097 1195/2819/1190 735/3234/730
f 927/3235/922 164/3236/159 761/3237/756
f 1427/2232/1422 1359/2024/1354 164/3236/159
f 928/1712/923 373/3238/368 1041/899/1036
f 1765/1881/1760 3196/1883/3191 373/2613/368
f 929/3239/924 1967/3240/1962 2475/3241/2470
f 769/2652/764 2441/2651/2436 1065/3242/1060
f 930/3243/925 2623/3244/2618 1055/3168/1050
f 2198/3245/2193 10/3246/10 930/3247/925
f 2572/3248/2567 992/1457/987 1972/1668/1967
f 3237/1022/3232 2363/3249/2358 2374/1020/2369
f 1477/1597/1472 363/1961/358 932/1168/927
f 961/917/956 2420/1596/2415 2261/918/2256
f 478/2069/473 933/3074/928 3005/2070/3000
f 971/3075/966 1987/3250/1982 933/3074/928
f 2140/3251/2135 2218/2267/2213 1823/890/1818
f 2896/2220/2891 1129/2219/1124 2140/3251/2135
f 2950/2197/2945 2470/2199/2465 935/2198/930
f 2913/895/2908 624/810/619 2950/3252/2945
f 746/3253/741 936/3254/931 284/542/279
f 361/1673/356 2449/1675/2444 1712/522/1707
f 323/2918/318 776/1070/771 1955/1069/1950
f 1283/3255/1278 702/1366/697 1929/2746/1924
f 2320/1766/2315 2701/222/2696 938/224/933
f 2320/1766/2315 938/224/933 3256/1767/3251
f 939/1793/934 1635/3256/1630 450/2994/445
f 1684/1129/1679 1635/3256/1630 939/1793/934
f 451/1987/446 816/804/811 1873/3257/1868
f 1873/3257/1868 2564/3258/2559 1824/3259/1819
f 2641/338/2636 941/3260/936 1677/2635/1672
f 941/3260/936 1752/3261/1747 1677/2635/1672
f 770/2898/765 942/3262/937 1426/2653/1421
f 2647/3263/2642 2620/3264/2615 2285/3265/2280
f 1907/621/1902 271/492/266 943/622/938
f 2993/1320/2988 3270/3266/3265 1531/3267/1526
f 3359/3268/3354 3346/2576/3341 1833/2411/1828 2929/2410/2924
f 976/2289/971 2186/2291/2181 944/3269/939
f 354/240/349 1689/357/1684 1134/241/1129
f 1958/3270/1953 1976/1550/1971 3140/2828/3135
f 2696/3271/2691 2016/3272/2011 3170/3273/3165
f 1559/1733/1554 1664/3274/1659 2867/1734/2862
f 1664/3274/1659 2250/1628/2245 404/1630/399
f 947/2170/942 1932/3275/1927 1706/2987/1701
f 2177/2052/2172 390/2988/385 2049/3276/2044
f 1331/1033/1326 3223/3277/3218 2317/1554/2312
f 1895/1203/1890 3226/2678/3221 332/997/327
f 1451/2550/1446 2387/2116/2382 949/667/944
f 1481/3278/1476 2959/3279/2954 1391/3280/1386
f 950/3281/945 2710/3282/2705 341/2115/336
f 295/654/290 2887/1590/2882 2103/1589/2098
f 2864/3283/2859 205/2501/200 951/761/946
f 1127/762/1122 951/761/946 205/2501/200
f 952/3084/947 315/1485/310 430/1490/425
f 952/3084/947 2558/2469/2553 2258/3083/2253
f 259/1387/254 953/1725/948 884/3284/879
f 2505/967/2500 259/1387/254 2032/1386/2027
f 686/2408/681 954/2409/949 2063/2412/2058
f 954/2409/949 2437/3285/2432 584/618/579
f 3327/1929/3322 3360/3286/3355 476/1927/471
f 542/897/537 1715/2095/1710 955/2097/950
f 542/897/537 2684/1776/2679 928/1712/923
f 199/3287/194 239/517/234 956/1189/951
f 199/3288/194 2403/2999/2398 824/2998/819
f 2088/3289/2083 2892/3290/2887 897/1898/892
f 897/1898/892 2892/3290/2887 553/2303/548
f 968/1567/963 3248/3291/3243 2286/710/2281
f 2814/3292/2809 2286/710/2281 2279/707/2274
f 2196/2959/2191 959/2961/954 1657/2797/1652
f 959/1291/954 2368/1290/2363 2994/3293/2989
f 3362/3294/3357 1513/3295/1508 543/233/538 3361/3296/3356
f 543/3107/538 2277/3297/2272 2590/3108/2585
f 75/3298/70 932/3299/927 2727/3300/2722
f 2727/3300/2722 932/3299/927 2671/3301/2666
f 608/1231/603 250/1233/245 1734/1234/1729
f 3022/734/3017 3261/1980/3256 608/1231/603
f 527/2236/522 963/803/958 1628/280/1623
f 963/803/958 527/2236/522 704/2238/699
f 405/1833/400 2183/2593/2178 964/3302/959
f 3286/3184/3281 1781/1211/1776 244/1213/239
f 965/1493/960 1260/2212/1255 1941/2125/1936
f 201/1492/196 33/174/29 965/1493/960
f 304/754/299 2865/3186/2860 1773/3185/1768
f 2865/3186/2860 304/754/299 2292/1223/2287
f 878/3303/873 967/750/962 547/2283/542
f 2184/3124/2179 1401/3125/1396 878/3303/873
f 1995/700/1990 2659/1509/2654 3215/1511/3210
f 335/1508/330 2899/3304/2894 3215/1511/3210
f 969/3305/964 2722/945/2717 1358/944/1353
f 3216/3306/3211 1251/3307/1246 1517/3308/1512
f 117/1401/112 2446/1400/2441 970/2087/965
f 678/559/673 2270/2687/2265 970/2087/965
f 1987/3250/1982 971/3075/966 2921/479/2916
f 283/1393/278 971/1396/966 291/1391/286
f 972/1105/967 206/3133/201 913/1103/908
f 2535/2904/2530 2581/1095/2576 1879/2901/1874
f 32/3309/28 1294/1612/1289 1770/1614/1765
f 32/3310/28 1770/3311/1765 1574/1879/1569
f 1272/1416/1267 974/1303/969 1406/1305/1401
f 2560/3312/2555 6/3313/6 1965/3314/1960
f 1145/3315/1140 2837/2474/2832 1253/3316/1248
f 1570/2729/1565 3128/1536/3123 1145/1535/1140
f 2509/85/2504 2075/3317/2070 1797/86/1792
f 1579/3059/1574 2654/3060/2649 2075/3317/2070
f 832/976/827 1468/1952/1463 2484/3318/2479
f 832/976/827 2484/3318/2479 2157/3319/2152
f 1382/377/1377 828/379/823 978/3320/973
f 1330/3321/1325 1032/3322/1027 489/3003/484
f 2285/3265/2280 2620/3264/2615 942/3262/937
f 1937/321/1932 2272/3323/2267 2435/3324/2430
f 1545/3325/1540 980/2147/975 385/3326/380
f 385/3326/380 980/2147/975 2842/2809/2837
f 2295/2899/2290 769/3327/764 981/3328/976
f 769/3327/764 1065/135/1060 2666/270/2661
f 531/2247/526 982/2669/977 1756/2248/1751
f 641/2179/636 1756/2248/1751 1922/3329/1917
f 309/1737/304 983/1739/978 949/667/944
f 949/667/944 983/1739/978 626/3330/621
f 1015/1299/1010 1874/3331/1869 984/366/979
f 1874/3331/1869 1405/367/1400 984/366/979
f 2710/3282/2705 950/3281/945 1113/3332/1108
f 1875/89/1870 474/535/469 2710/3282/2705
f 986/925/981 1179/3333/1174 1869/3225/1864
f 1839/3334/1834 888/2509/883 986/925/981
f 987/3335/982 2102/3233/2097 735/3234/730
f 399/2776/394 2028/3336/2023 2160/2777/2155
f 488/2280/483 988/2279/983 2690/3337/2685
f 278/1559/273 2599/1447/2594 795/1557/790
f 189/3338/184 989/1908/984 2708/3339/2703
f 189/3338/184 1115/2399/1110 989/1908/984
f 990/3340/985 359/3341/354 931/3342/926
f 2810/2955/2805 1972/3343/1967 2879/3344/2874
f 1500/2260/1495 991/3345/986 2728/2261/2723
f 536/1683/531 1857/1436/1852 364/2321/359
f 1780/2403/1775 992/2406/987 582/2404/577
f 992/2406/987 2572/3346/2567 582/2404/577
f 1019/3347/1014 993/2210/988 520/3348/515
f 520/3348/515 993/2210/988 960/3349/955
f 1393/2448/1388 342/2445/337 994/3350/989
f 1897/1591/1892 2225/1892/2220 2880/1993/2875
f 995/3351/990 2744/3352/2739 2384/2514/2379
f 2384/2514/2379 2962/3353/2957 995/3351/990
f 996/2997/991 822/1935/817 2676/3354/2671
f 996/2997/991 1529/3113/1524 822/1935/817
f 2094/1243/2089 110/1244/105 2919/2392/2914
f 2276/395/2271 1418/1245/1413 2674/214/2669
f 556/1985/551 998/2314/993 325/1983/320
f 325/1983/320 2411/1524/2406 562/1981/557
f 999/2491/994 2012/1482/2007 1768/744/1763
f 999/2491/994 144/1011/139 851/2493/846
f 2370/3355/2365 1106/2441/1101 1000/3356/995
f 2370/3357/2365 1000/3358/995 1002/3359/997
f 647/623/642 1001/2805/996 1340/2804/1335
f 1738/3360/1733 647/2604/642 93/2603/88
f 2573/3361/2568 1068/3362/1063 2370/3357/2365
f 2573/3363/2568 2340/3364/2335 775/3365/770
f 104/1869/99 1003/3366/998 2524/3367/2519
f 1003/3366/998 2404/669/2399 2169/671/2164
f 3137/3368/3132 1004/2629/999 1319/2628/1314
f 417/293/412 2119/2630/2114 218/1872/213
f 470/2042/465 282/3069/277 1005/2043/1000
f 2800/3369/2795 1577/3370/1572 2730/3371/2725
f 2496/977/2491 462/2020/457 1006/3372/1001
f 716/2771/711 2461/3373/2456 2953/1938/2948
f 763/2047/758 1007/2876/1002 1868/2048/1863
f 2503/1208/2498 1902/1210/1897 2621/2050/2616
f 1008/302/1003 2030/3374/2025 3059/303/3054
f 1008/302/1003 2049/2051/2044 2030/3374/2025
f 1009/3375/1004 856/1466/851 1465/3376/1460
f 2972/3377/2967 2353/1679/2348 1037/1678/1032
f 1010/679/1005 1705/844/1700 2129/3378/2124
f 1010/679/1005 2129/3378/2124 162/880/157
f 1516/809/1511 1011/811/1006 2673/3379/2668
f 301/3380/296 2843/1432/2838 3194/3381/3189
f 950/3281/945 1012/819/1007 985/818/980
f 950/3281/945 341/2115/336 1012/819/1007
f 524/730/519 1892/3382/1887 1013/3383/1008
f 1013/3383/1008 3123/728/3118 524/730/519
f 2590/3108/2585 112/3384/107 1014/3109/1009
f 112/3384/107 541/3385/536 2894/566/2889
f 1015/1299/1010 984/366/979 2922/2168/2917
f 254/956/249 1186/957/1181 2841/3386/2836
f 1016/1781/1011 807/1780/802 3224/3387/3219
f 1259/1187/1254 426/1186/421 2583/1782/2578
f 1791/1079/1786 1017/348/1012 2208/3388/2203
f 1017/348/1012 1462/2569/1457 2208/3388/2203
f 1018/3389/1013 975/3390/970 844/3391/839
f 3119/2928/3114 2871/2000/2866 1475/2929/1470
f 1196/3392/1191 2189/3393/2184 1644/3394/1639
f 3190/2207/3185 1969/3395/1964 1884/2208/1879
f 1941/2125/1936 1260/2212/1255 1020/2211/1015
f 2561/2214/2556 1859/829/1854 2151/3396/2146
f 3204/3397/3199 2502/1474/2497 1829/1876/1824
f 151/1875/146 1484/889/1479 2412/767/2407
f 1846/2313/1841 1022/1522/1017 998/2314/993
f 2798/3398/2793 876/1126/871 2778/1125/2773
f 2513/3204/2508 57/658/52 1612/2139/1607
f 2513/3204/2508 1612/2139/1607 1057/1258/1052
f 1976/1550/1971 738/1549/733 3140/2828/3135
f 738/1549/733 2077/3399/2072 1026/3400/1021
f 1025/2996/1020 1955/1069/1950 1789/1071/1784
f 2707/3401/2702 1457/3402/1452 2542/3403/2537
f 738/1549/733 1026/3400/1021 1947/3404/1942
f 1024/2744/1019 2362/1560/2357 333/3008/328
f 1027/451/1022 2240/1717/2235 1849/3405/1844
f 1728/3406/1723 487/2099/482 31/1293/27
f 717/3005/712 464/3407/459 1209/3408/1204
f 2628/3409/2623 489/3003/484 717/3005/712
f 1060/1608/1055 892/1924/887 3044/1605/3039
f 1060/3410/1055 2510/3411/2505 2055/3157/2050
f 758/1940/753 1334/1939/1329 1650/1084/1645
f 758/1940/753 1650/1084/1645 356/2157/351
f 276/3412/271 297/1415/292 2291/1414/2286
f 2569/3413/2564 3054/2153/3049 505/2155/500
f 828/379/823 1032/2631/1027 2926/3414/2921
f 828/379/823 656/2546/651 1032/2631/1027
f 3080/2358/3075 1033/577/1028 1717/3415/1712
f 1794/3416/1789 2711/574/2706 2316/3417/2311
f 2294/1056/2289 1039/608/1034 43/3418/38
f 1697/533/1692 2332/1057/2327 491/534/486
f 2132/3419/2127 82/289/77 1035/427/1030
f 82/289/77 882/1600/877 1727/1480/1722
f 1831/1322/1826 2851/1325/2846 3221/980/3216
f 272/3420/267 2941/1918/2936 435/1920/430
f 1568/3421/1563 2857/2136/2852 1465/3376/1460
f 2783/3422/2778 2545/3423/2540 2857/3424/2852
f 2949/123/2944 1038/3425/1033 809/124/804
f 1084/3426/1079 1805/3427/1800 1038/336/1033
f 2979/607/2974 210/369/205 1039/608/1034
f 43/3418/38 1039/608/1034 2347/1092/2342
f 1011/811/1006 3293/3428/3288 2673/3379/2668
f 1011/811/1006 1143/3429/1138 3251/3430/3246
f 1041/3431/1036 1899/3432/1894 743/3433/738
f 1041/899/1036 3241/3434/3236 2190/898/2185
f 3078/271/3073 2244/3435/2239 831/272/826
f 2991/3436/2986 871/1428/866 2244/3435/2239
f 1043/1822/1038 2528/1824/2523 2438/2204/2433
f 741/2830/736 2634/3437/2629 1043/1822/1038
f 3172/3438/3167 201/1492/196 1152/3439/1147
f 201/1492/196 3172/3438/3167 854/1048/849
f 1104/3440/1099 457/1113/452 504/2148/499
f 1104/3440/1099 504/2148/499 980/2147/975
f 1046/2720/1041 1670/2558/1665 2281/3441/2276
f 1054/1241/1049 2281/3441/2276 1938/2287/1933
f 476/1927/471 1047/3442/1042 3363/3443/3358 3326/1928/3321
f 2665/3444/2660 2904/1191/2899 3291/1190/3286
f 446/841/441 890/843/885 2197/1028/2192
f 2235/1972/2230 2456/2565/2451 2606/1970/2601
f 1920/221/1915 1668/3445/1663 2815/3144/2810
f 440/764/435 1668/3445/1663 2494/2003/2489
f 834/987/829 1640/1496/1635 1050/1500/1045
f 1640/1496/1635 739/1497/734 1050/1500/1045
f 1051/3446/1046 2781/243/2776 2180/584/2175
f 2642/2621/2637 1788/585/1783 3014/993/3009
f 509/170/504 3228/2694/3223 1052/2584/1047
f 1155/2587/1150 2782/168/2777 509/170/504
f 1053/3018/1048 1530/3447/1525 2876/3019/2871
f 2948/232/2943 1707/3448/1702 2988/1075/2983
f 1054/1241/1049 1046/2720/1041 2281/3441/2276
f 1357/1784/1352 1054/1241/1049 2724/1240/2719
f 10/3449/10 2088/3450/2083 454/34/449
f 897/1898/892 454/1897/449 2088/3289/2083
f 1056/3451/1051 2968/3194/2963 387/1278/382
f 727/3196/722 3243/3195/3238 1838/2794/1833
f 256/1257/251 1583/1259/1578 1057/1258/1052
f 1023/966/1018 256/1257/251 1057/1258/1052
f 2788/3452/2783 407/1842/402 1058/2742/1053
f 3273/3453/3268 858/954/853 2777/234/2772
f 529/2118/524 493/2242/488 1059/1066/1054
f 2625/2119/2620 529/2118/524 1059/1066/1054
f 1901/2243/1896 1029/1142/1024 1060/3410/1055
f 2510/3411/2505 1060/3410/1055 1029/1142/1024
f 1227/3048/1222 1061/3047/1056 2464/352/2459
f 2230/2658/2225 495/192/490 1061/3047/1056
f 2958/466/2953 2839/465/2834 2002/2580/1997
f 2958/3454/2953 2984/3149/2979 431/1262/426
f 235/649/230 924/3150/919 1063/650/1058
f 500/879/495 3115/881/3110 2388/3455/2383
f 1300/857/1295 167/859/162 1064/3456/1059
f 1437/629/1432 167/1530/162 789/2939/784
f 1065/3242/1060 2441/2651/2436 929/3239/924
f 1065/3242/1060 929/3239/924 2472/3457/2467
f 2658/3458/2653 666/2126/661 1066/3459/1061
f 2230/2658/2225 1061/3047/1056 2205/3049/2200
f 1067/3460/1062 2873/459/2868 2144/2307/2139
f 1561/325/1556 3036/1877/3031 2227/3461/2222
f 2573/3363/2568 775/3365/770 1068/3462/1063
f 1425/3463/1420 2166/3464/2161 2722/945/2717
f 3203/1761/3198 1963/2102/1958 386/1757/381
f 2809/1760/2804 1398/3465/1393 3203/1761/3198
f 1070/3466/1065 1145/3315/1140 1253/3316/1248
f 1567/2730/1562 1570/2729/1565 975/2733/970
f 393/1035/388 2721/3467/2716 637/1036/632
f 1433/3468/1428 1507/1040/1502 207/1039/202
f 2990/3043/2985 1072/1214/1067 2183/2593/2178
f 846/3042/841 1072/1214/1067 2990/3043/2985
f 1196/3392/1191 1644/3394/1639 2547/3469/2542
f 2547/3469/2542 394/3470/389 1887/3471/1882
f 1949/893/1944 644/236/639 1074/3472/1069
f 1074/3472/1069 644/236/639 558/894/553
f 1026/3400/1021 1024/3473/1019 1947/3404/1942
f 1947/3404/1942 1024/3473/1019 1532/3474/1527
f 1689/357/1684 354/240/349 1076/3475/1071
f 1381/1620/1376 354/240/349 1832/1645/1827
f 2652/159/2647 2670/3476/2665 2400/2171/2395
f 1311/156/1306 2400/2171/2395 2670/3476/2665
f 631/847/626 77/1371/72 1078/1139/1073
f 1078/1139/1073 2000/848/1995 631/847/626
f 1775/3477/1770 2150/3478/2145 177/3479/172
f 1904/907/1899 2289/3480/2284 3004/3112/2999
f 579/2268/574 1080/3092/1075 1841/2395/1836
f 817/2456/812 2498/2458/2493 579/2394/574
f 563/3481/558 1526/2335/1521 1926/2334/1921
f 1280/1030/1275 442/1029/437 1826/3482/1821
f 215/1085/210 123/2094/118 1082/3483/1077
f 33/174/29 3157/1014/3152 1157/3484/1152
f 1948/3485/1943 3129/3486/3124 1083/3487/1078
f 3144/3488/3139 101/531/96 2655/3489/2650
f 2949/3490/2944 1246/2560/1241 1084/528/1079
f 1084/3491/1079 1038/3425/1033 2949/123/2944
f 1745/3492/1740 1709/1529/1704 2735/3493/2730
f 2482/690/2477 133/3494/128 1745/3495/1740
f 145/747/140 1748/2970/1743 804/2972/799
f 3254/3496/3249 1703/3497/1698 145/747/140
f 1992/2790/1987 1087/594/1082 910/3193/905
f 2046/442/2041 2354/2778/2349 718/443/713
f 2917/3498/2912 948/1558/943 2966/3499/2961
f 948/1558/943 2917/3498/2912 1571/2680/1566
f 239/517/234 1089/239/1084 956/1189/951
f 1089/239/1084 239/517/234 2629/516/2624
f 105/554/100 696/553/691 1090/2732/1085
f 105/3500/100 2185/246/2180 213/3035/208
f 916/1176/911 1091/2867/1086 2483/1177/2478
f 2973/3207/2968 916/1176/911 1454/3206/1449
f 1350/3501/1345 265/1297/260 1871/1298/1866
f 3129/3486/3124 2655/3489/2650 1083/3487/1078
f 2761/3502/2756 1093/1080/1088 2591/2329/2586
f 1030/2844/1025 2591/2329/2586 1472/2845/1467
f 2729/3054/2724 850/1340/845 1094/3503/1089
f 1094/3503/1089 850/1340/845 2223/3504/2218
f 79/2662/74 668/2661/663 1095/3505/1090
f 1768/744/1763 1095/746/1090 1617/1012/1612
f 2432/3506/2427 1096/3507/1091 1989/3508/1984
f 1767/3509/1762 1096/3507/1091 2432/3506/2427
f 810/3510/805 1097/3511/1092 711/922/706
f 711/922/706 2386/413/2381 445/412/440
f 2737/3512/2732 2275/1375/2270 1913/1377/1908
f 1361/1814/1356 202/402/197 24/401/23
f 133/3494/128 2482/690/2477 1099/309/1094
f 705/2752/700 3072/1693/3067 1702/2754/1697
f 1933/175/1928 1100/582/1095 521/581/516
f 2525/3513/2520 1100/582/1095 1082/3483/1077
f 805/204/800 2444/3514/2439 2206/205/2201
f 115/1359/110 2298/2974/2293 805/204/800
f 763/2047/758 1102/2874/1097 1007/2876/1002
f 1266/3515/1261 1235/3516/1230 2497/3517/2492
f 3122/2542/3117 646/939/641 229/3518/224
f 1931/3114/1926 3118/3115/3113 1758/1149/1753
f 1104/2440/1099 1045/2006/1040 593/2005/588
f 1815/3519/1810 2273/3520/2268 1104/3440/1099
f 482/1388/477 290/2083/285 1207/3521/1202
f 662/2086/657 2616/2233/2611 1239/1995/1234
f 2159/2917/2154 1106/2441/1101 2668/3522/2663
f 1106/2441/1101 1104/2440/1099 2668/3522/2663
f 3053/3523/3048 1107/2075/1102 479/3524/474
f 2717/2498/2712 2168/2497/2163 220/3525/215
f 1108/2209/1103 993/2210/988 1019/3347/1014
f 2189/3393/2184 1196/3392/1191 2345/330/2340
f 11/73/11 12/2812/12 1109/71/1104
f 2985/2814/2980 1582/3526/1577 12/2812/12
f 1008/302/1003 1835/2616/1830 650/1775/645
f 3046/3527/3041 650/1775/645 1835/2616/1830
f 1766/2689/1761 3071/2691/3066 1111/2013/1106
f 3071/2691/3066 3267/1310/3262 2637/600/2632
f 1653/1658/1648 713/2183/708 1112/2182/1107
f 813/340/808 2454/342/2449 1206/484/1201
f 1113/3332/1108 950/3281/945 985/818/980
f 1113/3332/1108 985/818/980 2070/821/2065
f 1114/663/1109 128/661/123 1793/664/1788
f 2683/1319/2678 128/661/123 2110/3528/2105
f 2392/3081/2387 1956/3078/1951 1115/3529/1110
f 1115/2399/1110 761/3237/756 3186/1909/3181
f 1116/2109/1111 2226/2111/2221 420/3530/415
f 1067/3460/1062 1325/3531/1320 420/3530/415
f 1117/3532/1112 2519/3533/2514 1367/3534/1362
f 2875/3535/2870 2480/3536/2475 1957/2647/1952
f 1643/592/1638 562/1525/557 1147/3537/1142
f 1147/3537/1142 3079/2728/3074 269/1226/264
f 2906/619/2901 93/2603/88 1119/1370/1114
f 2578/523/2573 2299/3538/2294 2233/521/2228
f 1120/1237/1115 161/832/156 299/834/294
f 548/1242/543 2967/2719/2962 2963/2967/2958
f 466/2156/461 1121/2820/1116 926/704/921
f 1121/2818/1116 466/2154/461 3054/2153/3049
f 2090/3539/2085 150/914/145 1122/913/1117
f 2494/2003/2489 1668/3445/1663 2925/2001/2920
f 1123/3540/1118 3105/2370/3100 1968/1253/1963
f 880/3541/875 2216/864/2211 572/3542/567
f 1124/193/1119 160/828/155 803/2756/798
f 1124/193/1119 744/2834/739 160/828/155
f 1125/1744/1120 1816/1413/1811 1587/3543/1582
f 2416/3544/2411 3195/3545/3190 105/554/100
f 567/2352/562 2576/785/2571 1126/784/1121
f 2980/2240/2975 1506/2241/1501 567/2352/562
f 2875/3535/2870 1957/2647/1952 614/1467/609
f 575/2382/570 2875/3535/2870 614/1467/609
f 1128/902/1123 597/2989/592 2886/2393/2881
f 773/901/768 597/2989/592 1128/902/1123
f 522/3546/517 2140/3251/2135 1129/2219/1124
f 176/1640/171 522/1639/517 1129/2222/1124
f 616/1917/611 1334/1939/1329 1130/1915/1125
f 1334/1939/1329 1504/1937/1499 1130/1915/1125
f 1131/1384/1126 902/3177/897 1611/2910/1606
f 902/3177/897 1131/1384/1126 173/794/168
f 1826/3482/1821 442/1029/437 1132/3547/1127
f 1959/3154/1954 2646/3153/2641 442/1029/437
f 3274/3548/3269 1133/3/1128 3085/3549/3080
f 3164/3550/3159 472/3551/467 1133/3/1128
f 944/3269/939 2453/3552/2448 2869/3553/2864
f 549/2288/544 610/1483/605 2869/3554/2864
f 1135/3555/1130 482/1388/477 1105/3556/1100
f 845/3557/840 482/1388/477 1135/3555/1130
f 1718/2465/1713 599/3558/594 1136/3559/1131
f 2557/570/2552 2814/3292/2809 2279/707/2274
f 694/696/689 2811/695/2806 1137/677/1132
f 1804/2725/1799 581/2726/576 694/696/689
f 1788/585/1783 2781/243/2776 1051/3446/1046
f 1788/585/1783 71/3560/66 334/1565/329
f 2603/2300/2598 1139/2302/1134 2717/2498/2712
f 615/2366/610 613/2508/608 1139/2302/1134
f 1140/3561/1135 125/1158/120 2001/1157/1996
f 1110/1713/1105 125/1158/120 2307/1714/2302
f 946/737/941 1141/736/1136 3208/2113/3203
f 142/506/137 3177/505/3172 1141/736/1136
f 1820/3562/1815 343/2787/338 1142/2786/1137
f 193/274/188 3169/3563/3164 1448/3564/1443
f 1143/3429/1138 2369/3565/2364 3251/3430/3246
f 1143/3429/1138 1173/1442/1168 2369/3565/2364
f 590/180/585 3049/178/3044 2409/181/2404
f 303/1439/298 3049/178/3044 1626/845/1621
f 1145/3315/1140 1840/2472/1835 2837/2474/2832
f 226/503/221 1145/1535/1140 3069/504/3064
f 2309/3566/2304 1146/2673/1141 731/2672/726
f 1111/2013/1106 2575/602/2570 673/2014/668
f 3211/346/3206 695/556/690 2365/2332/2360
f 2365/2332/2360 224/328/219 1118/327/1113
f 368/3567/363 270/1313/265 1148/1315/1143
f 368/3567/363 2079/1281/2074 2296/3568/2291
f 3364/3569/3359 3314/1077/3309 2087/1076/2082
f 2217/1328/2212 1825/497/1820 2224/3570/2219
f 1674/2937/1669 788/1904/783 2224/3570/2219
f 40/934/35 3178/933/3173 2640/3571/2635
f 2640/3572/2635 3178/3573/3173 183/185/178
f 2128/1562/2123 2685/3574/2680 371/1563/366
f 2685/3574/2680 2292/1223/2287 371/1563/366
f 316/3575/311 3172/3438/3167 1152/3439/1147
f 3086/1491/3081 666/2126/661 2658/3458/2653
f 50/1743/45 1153/3576/1148 1816/1413/1811
f 3171/3577/3166 1594/3578/1589 652/3579/647
f 807/1422/802 1154/3580/1149 676/1423/671
f 878/2683/873 676/1423/671 1154/3580/1149
f 1155/2587/1150 509/170/504 1052/2584/1047
f 2934/3581/2929 2739/2585/2734 1155/2587/1150
f 2846/1616/2841 2066/779/2061 348/802/343
f 2992/3217/2987 2066/779/2061 2577/778/2572
f 1157/3484/1152 1082/3483/1077 1100/582/1095
f 215/1085/210 1082/3483/1077 1157/3484/1152
f 1158/3582/1153 1754/854/1749 1560/3583/1555
f 2618/1801/2613 2314/1803/2309 1754/3584/1749
f 573/2372/568 1159/2376/1154 415/2373/410
f 3013/691/3008 1159/310/1154 1099/309/1094
f 2173/3585/2168 1160/772/1155 1131/1384/1126
f 2026/1264/2021 2173/905/2168 2820/904/2815
f 383/3586/378 911/3587/906 1161/3588/1156
f 2058/3589/2053 2968/3194/2963 1056/3451/1051
f 2859/3590/2854 865/2457/860 1162/2568/1157
f 149/887/144 3264/1887/3259 1970/888/1965
f 756/2859/751 2587/2885/2582 1165/2884/1160
f 1007/3591/1002 2587/3592/2582 756/2189/751
f 1545/3325/1540 385/3326/380 1164/3593/1159
f 385/3326/380 2842/2809/2837 1422/3594/1417
f 3097/3595/3092 756/2859/751 1165/2884/1160
f 2080/2883/2075 2858/3596/2853 1165/2884/1160
f 1166/2326/1161 560/133/555 2824/132/2819
f 1166/2326/1161 1565/2325/1560 560/133/555
f 2445/3597/2440 648/1950/643 1167/2703/1162
f 1295/3598/1290 2445/3597/2440 1167/2703/1162
f 1168/2780/1163 2884/1748/2879 3262/825/3257
f 720/1279/715 1730/1276/1725 3180/1280/3175
f 2384/1419/2379 3365/3599/3360 3323/1420/3318
f 2989/2369/2984 1277/3600/1272 615/2366/610
f 1277/3600/1272 613/2508/608 615/2366/610
f 2159/3601/2154 2969/2058/2964 1945/2057/1940
f 2342/3602/2337 1685/3603/1680 1522/3147/1517
f 193/274/188 2998/276/2993 3169/3563/3164
f 722/1495/717 1847/610/1842 1820/2783/1815
f 702/1366/697 1172/1516/1167 1353/1364/1348
f 1172/1516/1167 702/1366/697 1283/3255/1278
f 907/1786/902 2369/3565/2364 1173/1442/1168
f 907/1786/902 2187/3187/2182 2865/3186/2860
f 784/2431/779 1174/2430/1169 39/186/34
f 1174/2430/1169 2733/3098/2728 590/180/585
f 436/1942/431 2117/3604/2112 1541/2073/1536
f 1071/1941/1066 1543/3605/1538 436/1942/431
f 1176/1309/1171 886/1172/881 2791/1355/2786
f 96/2114/91 886/1172/881 1176/1309/1171
f 768/2734/763 1177/152/1172 421/2892/416
f 1177/152/1172 768/2734/763 2493/268/2488
f 210/369/205 2979/607/2974 1178/370/1173
f 875/603/870 3289/605/3284 2357/3119/2352
f 1179/3333/1174 1950/2666/1945 2045/2927/2040
f 986/925/981 670/927/665 1179/3333/1174
f 1627/2533/1622 2182/2039/2177 69/2534/64
f 1808/496/1803 69/2534/64 2182/2039/2177
f 2283/512/2278 1528/449/1523 1181/510/1176
f 2702/3606/2697 2682/673/2677 2808/743/2803
f 3124/1707/3119 627/3607/622 2487/3608/2482
f 2593/2557/2588 1316/3609/1311 3284/3610/3279
f 131/1270/126 2303/2850/2298 1183/798/1178
f 1366/2137/1361 131/1270/126 1183/798/1178
f 1882/2664/1877 2738/1691/2733 1184/191/1179
f 89/693/84 1184/191/1179 1524/3611/1519
f 1185/3612/1180 676/1423/671 391/2682/386
f 1259/1187/1254 1261/3613/1256 1351/2919/1346
f 3116/3614/3111 86/3615/81 1186/957/1181
f 2278/882/2273 122/884/117 1948/3616/1943
f 883/3141/878 1187/288/1182 2031/3142/2026
f 1906/930/1901 1021/1475/1016 1187/288/1182
f 1247/282/1242 1188/3617/1183 3055/1555/3050
f 2396/1556/2391 3055/1555/3050 2200/1034/2195
f 1189/2659/1184 2154/3618/2149 683/2696/678
f 1213/3619/1208 1999/3620/1994 2853/2769/2848
f 1190/929/1185 2502/1474/2497 1906/930/1901
f 1190/929/1185 1342/782/1337 829/781/824
f 628/471/623 45/397/40 1191/3621/1186
f 1191/3621/1186 45/397/40 452/3622/447
f 2137/981/2132 1496/3623/1491 1192/943/1187
f 1192/943/1187 2407/860/2402 91/813/86
f 1193/2221/1188 176/1640/171 1129/2222/1124
f 1269/755/1264 288/1382/283 2248/903/2243
f 3330/1974/3325 3366/3624/3361 2515/1829/2510
f 1716/3625/1711 1194/2152/1189 1545/2151/1540
f 1422/3594/1417 1696/3626/1691 2748/3627/2743
f 1195/2819/1190 1918/703/1913 2825/2935/2820
f 1121/2820/1116 1195/2819/1190 926/704/921
f 2414/331/2409 2345/330/2340 1196/3392/1191
f 1887/3471/1882 2050/807/2045 1073/806/1068
f 3040/3209/3035 1728/3211/1723 1197/3628/1192
f 2770/3629/2765 2364/441/2359 1197/3630/1192
f 478/2069/473 651/586/646 2642/2621/2637
f 2642/2621/2637 651/586/646 1788/585/1783
f 1199/368/1194 588/715/583 2316/3417/2311
f 2711/574/2706 1199/368/1194 2316/3417/2311
f 1200/2823/1195 273/210/268 724/2822/719
f 2597/2490/2592 1149/211/1144 273/210/268
f 552/2964/547 1811/3631/1806 1201/2367/1196
f 2563/2030/2558 2523/2029/2518 1811/3631/1806
f 1202/2573/1197 419/423/414 635/3632/630
f 2661/2142/2656 3029/2141/3024 2580/3633/2575
f 419/423/414 1829/1876/1824 1306/3634/1301
f 635/3632/630 419/423/414 1306/3634/1301
f 1695/3635/1690 1409/1799/1404 1204/1798/1199
f 1204/1798/1199 2229/2599/2224 3145/3636/3140
f 434/1932/429 405/3637/400 1205/1933/1200
f 1781/1211/1776 3286/3184/3281 405/3637/400
f 2199/3638/2194 1206/484/1201 2454/342/2449
f 1206/3639/1201 2188/1661/2183 3042/3640/3037
f 1207/3521/1202 1105/3556/1100 482/1388/477
f 1105/3556/1100 1207/3521/1202 1981/3641/1976
f 1208/729/1203 2471/3642/2466 842/1732/837
f 3123/728/3118 2649/3643/2644 1208/729/1203
f 1934/2028/1929 489/3003/484 2628/3409/2623
f 1934/2028/1929 2628/3409/2623 1876/2368/1871
f 1385/160/1380 1210/805/1205 347/2478/342
f 605/2482/600 347/1547/342 2019/2483/2014
f 3367/3644/3362 3368/3645/3363 2994/3646/2989
f 1211/3647/1206 1676/3648/1671 1688/3649/1683
f 801/3650/796 1569/3651/1564 619/2966/614
f 1212/1121/1207 1286/1123/1281 2796/1666/2791
f 1212/1121/1207 358/1664/353 3275/3082/3270
f 2853/2769/2848 380/3652/375 1213/3619/1208
f 1451/2550/1446 1481/3278/1476 1281/2551/1276
f 87/297/82 1211/2520/1206 2768/3653/2763
f 995/2519/990 2111/2521/2106 2744/3654/2739
f 1212/1121/1207 3132/3655/3127 241/1122/236
f 2231/1031/2226 1540/790/1535 1542/1032/1537
f 1138/1566/1133 1216/3656/1211 71/3560/66
f 71/3560/66 1890/3657/1885 665/201/660
f 1217/131/1212 2427/3658/2422 35/3659/31
f 303/1439/298 1436/1438/1431 1787/1440/1782
f 1176/1309/1171 2791/1355/2786 3052/2667/3047
f 2606/1970/2601 3052/2667/3047 598/3660/593
f 1219/1133/1214 3166/3661/3161 631/847/626
f 2780/1131/2775 250/1233/245 1954/1292/1949
f 3017/3662/3012 1517/572/1512 1220/3663/1215
f 221/3664/216 2552/1110/2547 428/1649/423
f 499/1514/494 1430/1469/1425 1221/1471/1216
f 2783/3422/2778 499/1514/494 1221/1471/1216
f 1222/69/1217 1444/68/1439 1248/3665/1243
f 243/1209/238 2503/1208/2498 1248/3665/1243
f 2025/1289/2020 785/1074/780 61/1073/56
f 1475/2929/1470 2871/2000/2866 785/1074/780
f 274/1331/269 1224/941/1219 91/813/86
f 91/813/86 1224/941/1219 1192/943/1187
f 162/3666/157 1225/651/1220 1063/650/1058
f 2129/1973/2124 1225/651/1220 162/3666/157
f 2169/671/2164 2905/1930/2900 1226/549/1221
f 1226/549/1221 2905/1930/2900 1337/550/1332
f 3271/1357/3266 1227/3048/1222 2464/352/2459
f 115/1359/110 2139/3117/2134 1227/3116/1222
f 1228/269/1223 54/150/49 1177/152/1172
f 54/150/49 1228/269/1223 3043/1699/3038
f 3329/1944/3324 3113/1107/3108 3316/1106/3311
f 439/3667/434 3282/1689/3277 1229/1690/1224
f 1748/974/1743 439/3667/434 2565/975/2560
f 925/188/920 1230/3668/1225 570/1337/565
f 2306/2276/2301 570/1337/565 2863/2277/2858
f 2901/3669/2896 1231/93/1226 1802/3670/1797
f 1303/275/1298 317/3671/312 1847/610/1842
f 430/1490/425 315/1485/310 1232/1487/1227
f 430/1865/425 1961/1914/1956 414/1866/409
f 373/2613/368 1899/3432/1894 1041/3431/1036
f 373/2613/368 2619/2612/2614 3046/3672/3041
f 234/1167/229 871/3104/866 2653/867/2648
f 2803/3673/2798 871/1428/866 679/1427/674
f 1266/3515/1261 1855/2860/1850 1235/3516/1230
f 1855/2860/1850 2858/3674/2853 2080/3675/2075
f 1265/2084/1260 662/2086/657 1236/3040/1231
f 662/2086/657 1167/2608/1162 1236/3040/1231
f 1237/3676/1232 3284/3610/3279 1316/3609/1311
f 1319/2628/1314 655/2627/650 2541/1704/2536
f 1277/3677/1272 1209/3678/1204 1238/3679/1233
f 3277/2027/3272 1238/3680/1233 1661/2025/1656
f 290/3681/285 1990/1994/1985 1239/1995/1234
f 1239/3682/1234 1207/3521/1202 290/2083/285
f 155/255/150 1240/1617/1235 603/2475/598
f 1240/1617/1235 823/1611/818 2165/1610/2160
f 292/1049/287 518/3683/513 1241/1050/1236
f 518/3683/513 127/1825/122 1241/1050/1236
f 486/3024/481 3007/46/3002 1242/3025/1237
f 1242/3025/1237 3007/46/3002 139/45/134
f 2553/3684/2548 1432/88/1427 2335/87/2330
f 2112/1195/2107 2027/208/2022 2335/3685/2330
f 2235/1972/2230 1048/3686/1043 1244/646/1239
f 1081/647/1076 1244/646/1239 1048/3686/1043
f 1245/949/1240 465/3687/460 3262/3071/3257
f 1245/949/1240 2085/3688/2080 465/3687/460
f 1246/2560/1241 628/471/623 1191/3621/1186
f 2772/1888/2767 1191/3621/1186 452/3622/447
f 1247/282/1242 1632/281/1627 2986/3689/2981
f 2986/3689/2981 1188/3617/1183 1247/282/1242
f 16/872/16 243/1209/238 1248/3665/1243
f 16/872/16 1248/3665/1243 2849/3690/2844
f 1284/2080/1279 1249/792/1244 2398/1884/2393
f 1542/1032/1537 153/760/148 2712/759/2707
f 803/2756/798 1250/692/1245 705/2752/700
f 160/828/155 1250/692/1245 803/2756/798
f 136/635/131 1251/3307/1246 260/633/255
f 1620/3691/1615 2064/3692/2059 1256/3693/1251
f 2010/3694/2005 1252/306/1247 2736/3695/2731
f 1252/306/1247 2010/3694/2005 3202/3696/3197
f 1434/3697/1429 975/3390/970 1070/3466/1065
f 844/3391/839 975/3390/970 1434/3697/1429
f 310/491/305 2930/3698/2925 271/492/266
f 310/491/305 2353/1679/2348 2930/3698/2925
f 736/1316/731 1255/1326/1250 1200/2823/1195
f 2203/1329/2198 736/1316/731 2259/1330/2254
f 1256/3699/1251 1251/3307/1246 136/635/131
f 2352/3700/2347 2064/3692/2059 1268/3701/1263
f 1257/687/1252 95/2470/90 439/688/434
f 2954/3702/2949 95/2470/90 1257/687/1252
f 3276/290/3271 49/411/44 1258/745/1253
f 1258/745/1253 49/411/44 1095/746/1090
f 2679/3703/2674 3224/3387/3219 1259/1187/1254
f 1259/1187/1254 3218/3704/3213 1261/3613/1256
f 33/174/29 1260/2212/1255 965/1493/960
f 33/174/29 2348/176/2343 1260/2212/1255
f 391/541/386 1261/3613/1256 3218/3704/3213
f 1885/1041/1880 1351/2919/1346 1261/3613/1256
f 2388/3455/2383 1063/3705/1058 924/3228/919
f 1806/3229/1801 924/3228/919 306/3227/301
f 878/2683/873 1733/2284/1728 1263/2286/1258
f 1263/1238/1258 2184/3124/2179 878/3303/873
f 2142/868/2137 169/3706/164 2803/869/2798
f 1772/1598/1767 169/865/164 1287/1599/1282
f 2933/3041/2928 507/2161/502 1265/2084/1260
f 734/3039/729 1265/2084/1260 1236/3040/1231
f 2497/3517/2492 763/2861/758 1266/3515/1261
f 1266/3515/1261 763/2861/758 1855/2860/1850
f 359/3341/354 990/3340/985 2363/3249/2358
f 2363/3707/2358 3155/1821/3150 2572/3346/2567
f 1268/3701/1263 1251/3708/1246 2352/3700/2347
f 1517/572/1512 1251/3708/1246 2557/570/2552
f 1269/755/1264 2248/903/2243 2874/3709/2869
f 1269/755/1264 2355/1636/2350 2447/3710/2442
f 1276/2920/1271 2359/3711/2354 1270/3712/1265
f 1750/378/1745 2359/3711/2354 2537/2632/2532
f 1271/385/1266 1412/3713/1407 28/1174/24
f 2594/2420/2589 28/1412/24 3250/1411/3245
f 1272/461/1267 1584/19/1579 2910/3714/2905
f 974/1303/969 1272/1416/1267 2910/3715/2905
f 2215/2258/2210 535/675/530 1273/2463/1268
f 1485/698/1480 2268/3716/2263 1912/1676/1907
f 1274/2439/1269 592/266/587 168/1478/163
f 3106/3717/3101 3105/2370/3100 1123/3540/1118
f 542/897/537 928/1712/923 1275/900/1270
f 2190/898/2185 542/897/537 1275/900/1270
f 426/1186/421 1276/1185/1271 1315/1900/1310
f 1270/3712/1265 777/3718/772 1276/2920/1271
f 1277/3677/1272 1238/3679/1233 3277/3719/3272
f 1169/2500/1164 146/2499/141 3294/2506/3289
f 2280/3720/2275 338/202/333 591/2436/586
f 3202/2656/3197 445/1215/440 1886/1217/1881
f 2004/2663/1999 180/305/175 668/2661/663
f 180/305/175 2736/3695/2731 1252/306/1247
f 1048/3686/1043 1280/1030/1275 1081/647/1076
f 1926/2334/1921 1280/1030/1275 563/3481/558
f 2766/3721/2761 1481/3722/1476 1521/3723/1516
f 1285/1587/1280 3146/3724/3141 2853/2769/2848
f 2180/584/2175 111/547/106 1282/478/1277
f 1405/367/1400 2753/714/2748 1199/368/1194
f 1283/3255/1278 1929/2746/1924 937/3725/932
f 874/1148/869 1283/2747/1278 937/1936/932
f 153/760/148 1249/792/1244 1284/2080/1279
f 2325/2082/2320 153/760/148 1284/2080/1279
f 2766/3726/2761 1285/1587/1280 1726/1586/1721
f 1285/1587/1280 2766/3726/2761 2024/3727/2019
f 1286/1123/1281 396/3728/391 223/1665/218
f 1960/1800/1955 1286/1123/1281 241/1122/236
f 1287/3729/1282 169/3706/164 1264/3730/1259
f 2496/977/2491 2838/3731/2833 2602/3732/2597
f 1288/3733/1283 2072/3734/2067 2052/3735/2047
f 2704/3736/2699 2072/3734/2067 1288/3733/1283
f 3269/3737/3264 2147/2626/2142 1289/2545/1284
f 1885/1041/1880 3269/3738/3264 1289/3739/1284
f 1290/1498/1285 1050/1500/1045 739/1497/734
f 739/1497/734 2105/1847/2100 1501/1840/1496
f 1291/1720/1286 565/2343/560 1490/1721/1485
f 231/951/226 565/2343/560 1291/1720/1286
f 544/1389/539 1292/3740/1287 2912/1544/2907
f 2417/876/2412 3019/3741/3014 2912/1544/2907
f 1293/2925/1288 2438/2204/2433 780/3742/775
f 780/3742/775 1609/171/1604 2584/2531/2579
f 155/255/150 603/2475/598 3191/2477/3186
f 2123/1361/2118 155/255/150 3191/2477/3186
f 3063/3162/3058 2108/3161/2103 191/2606/186
f 2445/3597/2440 3063/3162/3058 191/2606/186
f 1393/2454/1388 1296/3743/1291 2691/2453/2686
f 2678/3744/2673 3131/1456/3126 596/3745/591
f 2015/3746/2010 1312/2249/1307 1297/2180/1292
f 1608/2581/1603 55/2578/50 2038/2177/2033
f 1211/2520/1206 1298/3747/1293 2768/3653/2763
f 1688/3748/1683 1569/3651/1564 1211/2520/1206
f 1299/670/1294 2544/1931/2539 2169/671/2164
f 1299/670/1294 864/3089/859 2834/3749/2829
f 1742/858/1737 1300/857/1295 573/2372/568
f 1192/943/1187 1496/3623/1491 2407/860/2402
f 1989/3508/1984 401/1818/396 2432/3506/2427
f 766/2886/761 401/1818/396 1989/3508/1984
f 1302/1773/1297 296/1769/291 389/1771/384
f 1302/1773/1297 799/2537/794 296/1769/291
f 193/274/188 2312/1502/2307 1303/275/1298
f 1231/93/1226 2901/3669/2896 1769/3750/1764
f 454/34/449 1304/33/1299 10/3449/10
f 1304/3751/1299 2133/2856/2128 10/3752/10
f 100/2638/95 1597/527/1592 1305/529/1300
f 2529/2710/2524 2062/122/2057 2021/2709/2016
f 1203/789/1198 1306/3634/1301 1829/1876/1824
f 1306/3634/1301 1203/789/1198 635/3632/630
f 1307/3753/1302 1140/3561/1135 15/3754/15
f 15/3755/15 3039/1024/3034 1663/3756/1658
f 3016/3757/3011 1308/127/1303 1243/126/1238
f 1308/2760/1303 2795/3758/2790 707/2758/702
f 803/2756/798 705/2752/700 2559/2968/2554
f 2559/2968/2554 705/2752/700 1702/2754/1697
f 633/2266/628 540/2567/535 1310/3759/1305
f 3264/1887/3259 1310/3760/1305 1162/2568/1157
f 72/374/67 1311/2766/1306 2805/372/2800
f 1997/1660/1992 1311/2766/1306 72/374/67
f 1312/2249/1307 672/3761/667 55/2578/50
f 1297/2180/1292 1312/2249/1307 55/2578/50
f 1313/2088/1308 3089/614/3084 1399/3762/1394
f 3263/799/3258 1719/615/1714 3089/614/3084
f 1314/3763/1309 1293/2925/1288 780/3742/775
f 1293/2925/1288 3260/3764/3255 1392/3765/1387
f 777/2547/772 351/2941/346 1315/2943/1310
f 777/3766/772 1315/1900/1310 1276/1185/1271
f 2487/2555/2482 627/3767/622 1316/3609/1311
f 627/3767/622 3035/3768/3030 1319/2628/1314
f 1037/1678/1032 310/491/305 1317/2133/1312
f 2857/3424/2852 1568/3769/1563 2783/3422/2778
f 112/3384/107 2288/3770/2283 541/3385/536
f 2590/3108/2585 2288/3770/2283 112/3384/107
f 1316/3609/1311 1319/2628/1314 1237/3676/1232
f 627/3767/622 1319/2628/1314 1316/3609/1311
f 620/3771/615 1631/2528/1626 3002/386/2997
f 642/2041/637 620/3771/615 3002/386/2997
f 925/2362/920 1321/3772/1316 2450/2363/2445
f 2488/3231/2483 2945/936/2940 1321/3772/1316
f 1322/219/1317 885/254/880 118/253/113
f 2935/3773/2930 2419/1718/2414 1430/1469/1425
f 1936/3189/1931 2696/3271/2691 3170/3273/3165
f 3056/3774/3051 3369/3775/3364 3370/3776/3365
f 477/1363/472 1324/2067/1319 32/3310/28
f 32/3309/28 1324/2044/1319 1294/1612/1289
f 1116/2109/1111 420/3530/415 1325/3531/1320
f 691/3777/686 1116/2109/1111 1325/3531/1320
f 2232/99/2227 1326/98/1321 1971/3778/1966
f 1923/3779/1918 1423/3780/1418 3133/3781/3128
f 2546/2246/2541 511/2176/506 1327/2245/1322
f 1972/1668/1967 2391/1459/2386 511/2176/506
f 50/1743/45 2582/3782/2577 1153/3576/1148
f 1693/2727/1688 2582/3782/2577 50/1743/45
f 1067/3460/1062 2144/2307/2139 1329/3783/1324
f 2227/3461/2222 3036/1877/3031 1067/3460/1062
f 2926/3784/2921 1032/3322/1027 1330/3321/1325
f 750/2110/745 2926/3785/2921 2961/2716/2956
f 1331/1033/1326 332/997/327 3226/2678/3221
f 2439/995/2434 332/997/327 1331/1033/1326
f 3371/3786/3366 3372/3787/3367 1323/1059/1318
f 2188/1661/2183 2612/3788/2607 1332/1662/1327
f 2647/3263/2642 513/3789/508 1483/3790/1478
f 718/443/713 2160/2777/2155 1333/101/1328
f 2866/2926/2861 718/443/713 1333/101/1328
f 1334/1939/1329 616/1917/611 431/1262/426
f 431/1262/426 1497/1261/1492 2946/3791/2941
f 2042/2665/2037 386/1757/381 1335/1702/1330
f 1335/1702/1330 2500/1489/2495 669/1488/664
f 251/3792/246 1263/2286/1258 2511/2285/2506
f 3194/3381/3189 2843/1432/2838 251/1239/246
f 563/2880/558 1337/550/1332 216/3793/211
f 433/406/428 2983/408/2978 1337/550/1332
f 3045/2311/3040 1338/2310/1333 555/2031/550
f 1245/949/1240 555/2031/550 2085/3688/2080
f 1339/3180/1334 2742/3179/2737 2751/3181/2746
f 1339/3180/1334 2751/3181/2746 198/2620/193
f 2033/1513/2028 3018/3794/3013 2207/3795/2202
f 740/490/735 271/492/266 1907/621/1902
f 1527/480/1522 1376/3796/1371 1341/481/1336
f 1138/1566/1133 1341/481/1336 1216/3656/1211
f 539/780/534 51/3797/46 1342/782/1337
f 1671/783/1666 1342/782/1337 3173/3798/3168
f 1343/1519/1338 2592/2385/2587 856/1466/851
f 1009/3375/1004 2555/2135/2550 856/1466/851
f 485/643/480 715/2091/710 1344/2093/1339
f 57/658/52 485/643/480 3238/659/3233
f 2782/168/2777 1155/2587/1150 755/2857/750
f 28/1174/24 1412/3713/1407 1862/3028/1857
f 1900/2600/1895 196/2540/191 1346/2601/1341
f 2947/2619/2942 2758/3799/2753 196/2540/191
f 331/1844/326 1347/3800/1342 174/2595/169
f 2788/3452/2783 1058/2742/1053 1347/3801/1342
f 1133/3/1128 1348/724/1343 3085/3549/3080
f 1348/724/1343 3175/2984/3170 3085/3549/3080
f 1346/2601/1341 922/3802/917 1349/940/1344
f 922/3802/917 194/3223/189 1349/940/1344
f 1350/3501/1345 1092/530/1087 265/1297/260
f 1092/530/1087 2655/3489/2650 101/531/96
f 1276/1185/1271 1351/2919/1346 1289/3739/1284
f 1351/2919/1346 1885/1041/1880 1289/3739/1284
f 2658/3458/2653 1066/3459/1061 1352/3803/1347
f 1394/3804/1389 1352/3803/1347 2205/3049/2200
f 337/2071/332 2381/1365/2376 1353/1364/1348
f 1353/1364/1348 1870/1577/1865 2351/1395/2346
f 3207/2722/3202 693/2524/688 1569/2723/1564
f 3373/3805/3368 3207/2722/3202 3374/3806/3369
f 2472/3807/2467 929/1548/924 1355/2748/1350
f 704/2238/699 1355/2748/1350 963/803/958
f 1940/3808/1935 901/3173/896 1356/3809/1351
f 1827/1736/1822 86/3810/81 1356/3811/1351
f 1046/2720/1041 1054/1241/1049 1357/1784/1352
f 1046/2720/1041 2292/1223/2287 1151/2559/1146
f 1358/944/1353 3216/3306/3211 1517/3308/1512
f 1358/944/1353 387/1762/382 3180/3812/3175
f 429/1910/424 164/3236/159 1359/2024/1354
f 2009/2562/2004 1359/2024/1354 463/2023/458
f 449/733/444 360/1863/355 1360/3813/1355
f 1360/3813/1355 1699/1232/1694 449/733/444
f 1361/1814/1356 2275/1375/2270 202/402/197
f 17/1054/17 1098/1055/1093 2793/404/2788
f 960/3349/955 993/2210/988 1362/2272/1357
f 2650/3814/2645 960/2270/955 1513/3295/1508
f 2191/1333/2186 1363/3815/1358 1905/3816/1900
f 1363/3815/1358 1576/206/1571 1905/3816/1900
f 947/2170/942 1364/3817/1359 1932/3275/1927
f 947/2170/942 80/2172/75 1364/3817/1359
f 1365/3818/1360 863/3086/858 1616/3085/1611
f 1365/3818/1360 1443/1426/1438 2220/2977/2215
f 2755/1398/2750 2162/680/2157 1366/2137/1361
f 2372/1273/2367 500/879/495 2388/3455/2383
f 1744/770/1739 1367/3534/1362 1495/2081/1490
f 258/3819/253 1117/3532/1112 1367/3534/1362
f 2575/602/2570 1368/428/1363 460/1479/455
f 460/1479/455 1368/428/1363 1727/1480/1722
f 1369/1304/1364 3210/3820/3205 1406/1305/1401
f 2631/1878/2626 2227/3461/2222 1369/1304/1364
f 1370/2401/1365 1503/2724/1498 99/3821/94
f 2808/743/2803 1370/672/1365 99/3822/94
f 748/2841/743 1403/2840/1398 1371/2842/1366
f 73/3823/68 571/3824/566 1371/2842/1366
f 1372/3164/1367 237/1686/232 866/2561/861
f 2054/1727/2049 1372/3165/1367 866/1728/861
f 1341/481/1336 1376/3796/1371 1216/3656/1211
f 1216/3656/1211 3236/3825/3231 71/3560/66
f 2780/1131/2775 1374/3826/1369 225/1132/220
f 1267/3827/1262 3237/1022/3232 1374/3826/1369
f 1375/3828/1370 956/3829/951 1690/3830/1685
f 2403/2999/2398 2293/1178/2288 896/1180/891
f 1527/480/1522 1373/1966/1368 1376/3796/1371
f 1373/1966/1368 3252/1965/3247 1890/3657/1885
f 1407/1141/1402 1377/3831/1372 432/3156/427
f 2000/848/1995 1720/1140/1715 3061/3832/3056
f 1378/931/1373 152/960/147 1342/782/1337
f 1378/931/1373 919/777/914 2577/778/2572
f 823/1611/818 1379/801/1374 1355/2748/1350
f 1240/1617/1235 2846/1616/2841 823/1611/818
f 506/1652/501 3214/2946/3209 2855/1321/2850
f 1411/1655/1406 3111/1657/3106 506/1652/501
f 1076/3475/1071 354/240/349 1381/1620/1376
f 1076/3475/1071 1381/1620/1376 349/1619/344
f 63/3833/58 1382/377/1377 3239/3834/3234
f 1750/378/1745 1382/377/1377 63/3833/58
f 1383/392/1378 484/2090/479 2061/2089/2056
f 2247/1504/2242 2496/977/2491 1006/3372/1001
f 1384/1083/1379 2517/2327/2512 1650/1084/1645
f 1606/2510/1601 561/2512/556 1497/1261/1492
f 38/158/33 1385/160/1380 1798/2479/1793
f 1385/160/1380 38/158/33 551/157/546
f 1386/2539/1381 2118/2618/2113 196/2540/191
f 198/3835/193 1658/999/1653 1339/1067/1334
f 796/2954/791 308/2953/303 1387/1461/1382
f 1387/1461/1382 2425/2978/2420 2385/1667/2380
f 1940/3808/1935 86/3836/81 3116/3837/3111
f 1940/3808/1935 1356/3809/1351 86/3836/81
f 2286/710/2281 1389/3838/1384 1136/708/1131
f 1620/3691/1615 1883/3839/1878 1736/3840/1731
f 2411/1524/2406 1390/1523/1385 562/1981/557
f 1147/3537/1142 562/1525/557 3179/2330/3174
f 1391/2553/1386 2304/1741/2299 683/1740/678
f 2959/3279/2954 983/1739/978 1391/3280/1386
f 621/448/616 1293/2925/1288 1392/3765/1387
f 1528/449/1523 621/448/616 2120/217/2115
f 1393/2448/1388 594/2444/589 342/2445/337
f 1851/2452/1846 594/265/589 1393/2454/1388
f 1746/604/1741 1394/3841/1389 3289/605/3284
f 3289/3050/3284 1394/3804/1389 2205/3049/2200
f 358/1664/353 223/1665/218 1395/1486/1390
f 223/1064/218 197/2951/192 2210/1345/2205
f 1396/1145/1391 1917/1700/1912 3074/3842/3069
f 1573/773/1568 3074/3842/3069 704/774/699
f 109/557/104 1979/2423/1974 1397/1871/1392
f 1397/1871/1392 416/1870/411 109/557/104
f 1398/2105/1393 1680/2104/1675 1069/3843/1064
f 1398/2105/1393 1069/3843/1064 370/3844/365
f 2442/1399/2437 117/1401/112 1399/3762/1394
f 117/1401/112 1313/2088/1308 1399/3762/1394
f 382/61/377 1400/723/1395 2424/1746/2419
f 382/61/377 1555/58/1550 2041/62/2036
f 1401/3125/1396 2626/3845/2621 967/750/962
f 1401/3125/1396 967/750/962 878/3303/873
f 261/164/256 1402/3846/1397 1042/105/1037
f 871/1428/866 1042/105/1037 2244/3435/2239
f 1403/2840/1398 73/3823/68 1371/2842/1366
f 73/3823/68 1403/2840/1398 1028/3847/1023
f 2296/3568/2291 2079/1281/2074 1404/3009/1399
f 1950/2666/1945 831/272/826 2045/2927/2040
f 1405/367/1400 1282/478/1277 2753/714/2748
f 217/455/212 1282/478/1277 1405/367/1400
f 1406/1305/1401 3210/3820/3205 2893/2305/2888
f 2893/2305/2888 298/1417/293 1406/1305/1401
f 1407/851/1402 227/3848/222 1377/3849/1372
f 402/849/397 227/3848/222 1407/851/1402
f 348/802/343 2066/779/2061 1408/776/1403
f 348/802/343 1408/776/1403 963/803/958
f 1409/3850/1404 1695/2597/1690 171/1796/166
f 438/3851/433 1409/3850/1404 1624/878/1619
f 1127/762/1122 1410/758/1405 534/2257/529
f 1410/758/1405 153/760/148 2325/2082/2320
f 506/1652/501 1380/979/1375 1411/1655/1406
f 1380/979/1375 356/2157/351 2765/2158/2760
f 1412/3713/1407 1345/384/1340 755/2857/750
f 1271/385/1266 1345/384/1340 1412/3713/1407
f 544/1389/539 1295/2609/1290 1413/2274/1408
f 1413/2274/1408 1292/3740/1287 544/1389/539
f 2498/2458/2493 865/2457/860 1414/3852/1409
f 2859/3590/2854 2974/3853/2969 865/2457/860
f 758/1940/753 1415/978/1410 435/1920/430
f 1415/978/1410 272/3420/267 435/1920/430
f 1062/3148/1057 888/2509/883 1416/1263/1411
f 1606/2510/1601 888/2509/883 1839/3334/1834
f 1077/2295/1072 1417/3854/1412 3280/2250/3275
f 1417/3854/1412 1653/3855/1648 532/420/527
f 1418/1245/1413 3183/3856/3178 1166/1246/1161
f 2276/395/2271 2265/3857/2260 1418/1245/1413
f 962/3858/957 568/2353/563 1419/2488/1414
f 962/3858/957 1419/2488/1414 608/1231/603
f 1591/97/1586 1420/3859/1415 1326/98/1321
f 2588/1402/2583 2852/3860/2847 1423/3780/1418
f 444/1959/439 1421/1963/1416 3205/1960/3200
f 1448/3861/1443 3169/3862/3164 3181/3863/3176
f 2290/3864/2285 1696/3865/1691 1422/1749/1417
f 576/1751/571 1194/2152/1189 1422/1749/1417
f 2902/3866/2897 1326/98/1321 1474/3867/1469
f 1420/3859/1415 3025/3868/3020 1326/98/1321
f 2431/2194/2426 3113/1107/3108 3328/1945/3323 3375/3869/3370
f 2937/2192/2932 3376/3870/3371 3298/90/3293 1354/92/1349
f 1392/3765/1387 1314/3763/1309 1424/2831/1419
f 1314/3763/1309 780/3742/775 2584/2531/2579
f 775/3365/770 1425/3871/1420 1068/3462/1063
f 775/3365/770 2664/3872/2659 1425/3871/1420
f 2620/3264/2615 3101/3873/3096 942/3262/937
f 3101/3873/3096 66/2648/61 664/2650/659
f 1427/2232/1422 164/3236/159 927/3235/922
f 1427/3874/1422 927/2397/922 2807/2396/2802
f 1428/1102/1423 211/3875/206 1735/1100/1730
f 1428/1063/1423 1122/913/1117 211/915/206
f 2809/3876/2804 1429/1867/1424 1398/2105/1393
f 414/1866/409 1961/1914/1956 1429/1867/1424
f 2207/3795/2202 1430/1469/1425 2033/1513/2028
f 729/2803/724 2935/3773/2930 1430/1469/1425
f 2683/1319/2678 1431/422/1426 2336/1318/2331
f 1431/422/1426 81/757/76 2310/3877/2305
f 1432/88/1427 1697/533/1692 474/535/469
f 1432/88/1427 474/535/469 1875/89/1870
f 2301/1791/2296 2568/1711/2563 1433/3878/1428
f 1433/3878/1428 2721/3467/2716 1505/3879/1500
f 2943/1138/2938 1070/3466/1065 1253/3316/1248
f 2943/1138/2938 1253/3316/1248 95/2470/90
f 398/3880/393 2927/1811/2922 1435/1810/1430
f 2474/3881/2469 398/3880/393 1435/1810/1430
f 1737/149/1732 1217/131/1212 35/3659/31
f 1217/131/1212 1737/149/1732 2436/148/2431
f 1064/3456/1059 167/859/162 1437/3882/1432
f 291/1391/286 2715/814/2710 2373/1392/2368
f 1438/3883/1433 1965/3012/1960 1/3014/1
f 2740/684/2735 1438/3884/1433 1/685/1
f 1751/972/1746 459/971/454 1439/1306/1434
f 1468/1952/1463 459/971/454 977/973/972
f 1440/1465/1435 2053/1218/2048 667/1463/662
f 864/3089/859 2832/3090/2827 2834/3749/2829
f 1409/1799/1404 3295/3885/3290 1441/1797/1436
f 884/3284/879 953/1725/948 2700/3143/2695
f 1442/2188/1437 2178/3886/2173 756/2189/751
f 1902/1210/1897 2178/3886/2173 2621/2050/2616
f 2479/3887/2474 1443/1426/1438 1365/3818/1360
f 2885/1424/2880 1443/1426/1438 2479/3887/2474
f 1663/3756/1658 203/3888/198 1444/65/1439
f 203/3889/198 1248/3665/1243 1444/68/1439
f 61/1073/56 311/1072/306 3136/3890/3131
f 2368/1290/2363 3136/3890/3131 728/3891/723
f 2526/3892/2521 728/1288/723 70/1287/65
f 1445/360/1440 1450/359/1445 70/1287/65
f 1803/3172/1798 1446/3171/1441 900/3893/895
f 1662/3176/1657 900/3893/895 1446/3171/1441
f 523/3894/518 721/3895/716 1447/3896/1442
f 2257/1229/2252 1362/2272/1357 2096/2273/2091
f 1448/3861/1443 3181/3863/3176 1421/1963/1416
f 1448/3861/1443 1421/1963/1416 1946/1962/1941
f 2790/3897/2785 1449/3898/1444 2050/3899/2045
f 523/3894/518 1449/3898/1444 721/3895/716
f 70/1287/65 3141/3900/3136 2526/3892/2521
f 3366/3624/3361 3377/3901/3372 2515/1829/2510
f 1451/2550/1446 2959/3279/2954 1481/3278/1476
f 949/667/944 626/3330/621 1451/2550/1446
f 1549/2688/1544 764/1026/759 1452/1025/1447
f 970/2087/965 1549/2688/1544 1452/1025/1447
f 1453/3902/1448 1828/134/1823 318/1845/313
f 778/215/773 2801/2921/2796 318/2922/313
f 2973/3207/2968 1454/3206/1449 2213/1772/2208
f 3126/2359/3121 236/2361/231 2213/3903/2208
f 1653/3855/1648 1417/3854/1412 1455/3904/1450
f 2135/2251/2130 1417/3854/1412 1077/2295/1072
f 1456/1019/1451 757/732/752 286/731/281
f 209/1354/204 2830/3905/2825 1913/1352/1908
f 434/1932/429 1457/3045/1452 405/3637/400
f 1457/3045/1452 434/1932/429 996/2997/991
f 2267/3906/2262 1460/3907/1455 1458/1724/1453
f 3212/3908/3207 1458/3909/1453 1974/2675/1969
f 2046/442/2041 84/444/79 1459/3910/1454
f 1459/3910/1454 84/444/79 1404/3911/1399
f 1291/1720/1286 375/1719/370 1460/3907/1455
f 1974/2675/1969 1458/3909/1453 1460/3912/1455
f 2789/3913/2784 605/2482/600 742/154/737
f 2789/3913/2784 742/154/737 2067/153/2062
f 634/3914/629 2208/3388/2203 1462/2569/1457
f 1831/1322/1826 634/3914/629 1566/2570/1561
f 2036/396/2031 689/2708/684 1463/1991/1458
f 2880/1993/2875 2862/1889/2857 1463/1991/1458
f 2723/2824/2718 737/507/732 1464/2825/1459
f 1464/2825/1459 924/3150/919 235/649/230
f 1568/3421/1563 1465/3376/1460 2972/3915/2967
f 856/1466/851 362/3916/357 1465/3376/1460
f 1466/616/1461 171/1796/166 889/617/884
f 1624/878/1619 1409/3850/1404 171/1796/166
f 3135/1885/3130 1467/1893/1462 815/1886/810
f 2635/795/2630 2398/1884/2393 3135/793/3130
f 1439/1306/1434 459/971/454 1468/1952/1463
f 1721/1951/1716 2507/2011/2502 1468/1952/1463
f 2514/2762/2509 1469/495/1464 349/1619/344
f 1469/495/1464 1076/3475/1071 349/1619/344
f 882/1600/877 1470/3917/1465 1727/1480/1722
f 699/3918/694 1470/3917/1465 882/1600/877
f 1840/3919/1835 1471/3920/1466 494/3921/489
f 494/3921/489 1471/3920/1466 1654/499/1649
f 1472/2845/1467 2591/2329/2586 1093/1080/1088
f 2013/1656/2008 1472/2845/1467 1093/1080/1088
f 2136/250/2131 1615/3922/1610 1473/251/1468
f 1707/3448/1702 1530/3447/1525 1053/3018/1048
f 1423/3780/1418 2982/3923/2977 2588/1402/2583
f 2982/3923/2977 1423/3780/1418 2902/3866/2897
f 1475/2929/1470 785/1074/780 2025/1289/2020
f 262/1379/257 1877/1381/1872 1994/2958/1989
f 1476/2991/1471 178/2868/173 818/1953/813
f 406/220/401 1575/1838/1570 818/1953/813
f 363/1961/358 1477/1597/1472 444/1959/439
f 2061/2089/2056 2504/393/2499 1383/392/1378
f 1478/3924/1473 545/1205/540 1642/3925/1637
f 2450/2363/2445 3088/1206/3083 545/1205/540
f 30/470/26 2468/2993/2463 1479/2992/1474
f 2924/1858/2919 1479/2992/1474 860/129/855
f 1480/2299/1475 1520/3926/1515 515/2297/510
f 2603/2300/2598 1675/3927/1670 1520/3928/1515
f 1481/3722/1476 1391/2553/1386 1213/2767/1208
f 1213/2767/1208 1521/3723/1516 1481/3722/1476
f 419/423/414 1482/425/1477 1484/889/1479
f 3021/3929/3016 2140/3251/2135 1482/425/1477
f 1483/3790/1478 66/2648/61 3101/3873/3096
f 1483/373/1478 2805/372/2800 66/2480/61
f 1482/425/1477 934/3930/929 1484/889/1479
f 1823/890/1818 1484/889/1479 934/3930/929
f 1273/2259/1268 2268/3716/2263 1485/698/1480
f 1273/2259/1268 1485/698/1480 321/1507/316
f 1486/955/1481 1173/1442/1168 1143/3429/1138
f 2777/234/2772 1486/955/1481 2029/235/2024
f 34/142/30 754/1996/749 1487/143/1482
f 10/2855/10 1487/143/1482 754/1996/749
f 1488/1561/1483 375/3931/370 2567/3932/2562
f 1460/3912/1455 375/3931/370 1974/2675/1969
f 1489/3933/1484 1514/1350/1509 1694/1349/1689
f 1625/1672/1620 158/1671/153 413/1862/408
f 1488/1561/1483 2567/3932/2562 461/752/456
f 461/752/456 2567/3932/2562 2997/753/2992
f 1491/727/1486 140/1850/135 1013/1852/1008
f 1491/727/1486 3050/726/3045 3159/681/3154
f 1492/387/1487 1320/2527/1315 587/2421/582
f 587/2421/582 916/1176/911 1492/387/1487
f 1493/2502/1488 1127/762/1122 534/2257/529
f 1127/2381/1122 2875/3535/2870 575/2382/570
f 1494/1618/1489 51/3797/46 539/780/534
f 539/780/534 1156/1615/1151 1494/1618/1489
f 1744/770/1739 1495/2081/1490 481/771/476
f 1284/2080/1279 2635/795/2630 1495/2081/1490
f 1496/3623/1491 120/2375/115 2643/2374/2638
f 573/2372/568 1300/857/1295 1496/3623/1491
f 1497/1261/1492 2517/2327/2512 1384/1083/1379
f 1497/1261/1492 1384/1083/1379 3068/1082/3063
f 3229/3934/3224 1498/3935/1493 2877/3936/2872
f 879/1008/874 1498/3935/1493 1888/2583/1883
f 2763/3937/2758 2716/2345/2711 1471/3938/1466
f 2716/2345/2711 1654/2347/1649 1471/3938/1466
f 1534/3939/1529 1500/2260/1495 1375/3828/1370
f 302/1551/297 991/3345/986 1500/2260/1495
f 1290/1498/1285 739/1497/734 1501/1840/1496
f 517/1499/512 1290/1498/1285 1501/1840/1496
f 139/3940/134 1502/485/1497 1242/3941/1237
f 139/3940/134 3213/2949/3208 1502/485/1497
f 2686/3942/2681 1338/2310/1333 1503/2400/1498
f 1503/2724/1498 694/696/689 581/2726/576
f 2953/1938/2948 1504/1937/1499 716/2771/711
f 2430/2772/2425 716/2771/711 1504/1937/1499
f 1505/3879/1500 2721/3467/2716 393/1035/388
f 3277/2027/3272 1507/2026/1502 393/3943/388
f 1378/931/1373 1506/2241/1501 919/777/914
f 1506/2241/1501 1632/281/1627 919/777/914
f 1507/2026/1502 1505/3944/1500 393/3943/388
f 1507/3945/1502 1433/3946/1428 1505/3947/1500
f 437/1946/432 1508/637/1503 42/576/37
f 3152/2695/3147 2604/2586/2599 437/1946/432
f 181/273/176 1509/2591/1504 1922/2590/1917
f 1950/2666/1945 1509/2591/1504 181/273/176
f 372/3127/367 2626/3845/2621 1401/3125/1396
f 1512/3948/1507 372/3127/367 2003/3126/1998
f 1511/390/1506 74/383/69 2594/391/2589
f 1544/169/1539 1345/384/1340 74/383/69
f 1510/1788/1505 1512/3949/1507 3139/1789/3134
f 1512/3948/1507 2626/3845/2621 372/3127/367
f 1548/3950/1543 960/3349/955 3092/1228/3087
f 3092/1228/3087 2329/1230/2324 1548/3950/1543
f 1489/3933/1484 413/1862/408 1514/1350/1509
f 3022/734/3017 2253/2355/2248 2274/735/2269
f 1510/751/1505 207/3951/202 1515/749/1510
f 207/3951/202 1613/3952/1608 1515/749/1510
f 1516/3953/1511 2323/1431/2318 2804/3954/2799
f 1516/3953/1511 2804/3954/2799 3249/3955/3244
f 969/1648/964 1517/572/1512 3017/3662/3012
f 1517/3308/1512 969/3305/964 1358/944/1353
f 2854/3956/2849 3125/3957/3120 1518/3155/1513
f 3200/1925/3195 1518/3155/1513 1621/1923/1616
f 1519/638/1514 179/1373/174 286/731/281
f 3257/916/3252 179/1373/174 1519/638/1514
f 220/3525/215 1520/3928/1515 1675/3927/1670
f 2431/2194/2426 1520/3926/1515 220/3958/215
f 380/3959/375 1521/3723/1516 1213/2767/1208
f 2766/3721/2761 1521/3723/1516 2024/3960/2019
f 1602/3961/1597 2518/3962/2513 355/3963/350
f 1983/2914/1978 1739/3964/1734 1945/3965/1940
f 2468/2993/2463 30/470/26 1523/469/1518
f 89/693/84 2595/189/2590 1184/191/1179
f 60/694/55 1524/3611/1519 3073/1692/3068
f 89/693/84 1524/3611/1519 60/694/55
f 250/1233/245 1525/1130/1520 840/1235/835
f 1525/1130/1520 250/1233/245 2780/1131/2775
f 1526/1573/1521 708/1576/703 2551/1575/2546
f 2116/666/2111 309/1737/304 949/667/944
f 1437/629/1432 789/2939/784 2936/630/2931
f 2936/630/2931 789/2939/784 1810/2940/1805
f 1528/449/1523 2120/217/2115 85/216/80
f 1181/510/1176 1528/449/1523 2702/3966/2697
f 906/1934/901 1931/3114/1926 1529/3113/1524
f 1529/3113/1524 996/2997/991 906/1934/901
f 1473/251/1468 1615/3922/1610 1530/3967/1525
f 1615/3922/1610 455/2931/450 3255/1380/3250
f 1531/3267/1526 3270/3266/3265 2110/3528/2105
f 83/450/78 2124/906/2119 1114/663/1109
f 1075/2826/1070 3273/3968/3268 1058/2742/1053
f 1058/2742/1053 3273/3968/3268 1347/3801/1342
f 1936/3189/1931 3378/3969/3373 3369/3775/3364 3056/3774/3051
f 3372/3787/3367 3379/3970/3374 1323/1059/1318
f 1533/3052/1528 848/1976/843 2093/3051/2088
f 2337/3220/2332 2056/1977/2051 848/1976/843
f 1534/3939/1529 2856/1552/2851 302/1551/297
f 302/1551/297 1500/2260/1495 1534/3939/1529
f 1535/3971/1530 1502/485/1497 92/375/87
f 979/339/974 1535/3971/1530 92/375/87
f 255/2532/250 1536/218/1531 1424/2831/1419
f 2916/3972/2911 3290/3973/3285 2688/720/2683
f 3380/3974/3375 618/2523/613 3344/2522/3339
f 948/1558/943 795/1557/790 2966/3499/2961
f 1783/1347/1778 2987/1346/2982 3253/1446/3248
f 1849/3405/1844 2240/1717/2235 1538/1716/1533
f 1849/3405/1844 1538/1716/1533 1001/3975/996
f 1539/1097/1534 837/3976/832 3148/3977/3143
f 1539/1097/1534 2651/1225/2646 837/3976/832
f 1215/1199/1210 2481/3978/2476 1540/790/1535
f 1540/790/1535 3091/3979/3086 1215/1199/1210
f 2043/2414/2038 479/3980/474 1541/3981/1536
f 1541/2073/1536 479/3524/474 1107/2075/1102
f 1542/1032/1537 1249/792/1244 153/760/148
f 1540/790/1535 1249/792/1244 1542/1032/1537
f 1543/3982/1538 972/1105/967 1175/1104/1170
f 1543/3605/1538 2117/3604/2112 436/1942/431
f 2727/1681/2722 1544/169/1539 1511/390/1506
f 74/383/69 1511/390/1506 1544/169/1539
f 1104/3440/1099 980/2147/975 2192/3983/2187
f 1104/3440/1099 2192/3983/2187 1815/3519/1810
f 1546/2902/1541 972/1105/967 1543/3982/1538
f 2568/1711/2563 1546/1710/1541 1543/3605/1538
f 1547/2623/1542 3044/1605/3039 530/1604/525
f 840/1235/835 1547/1460/1542 530/1236/525
f 960/3984/955 1548/3985/1543 1513/3986/1508
f 1513/3986/1508 1548/3985/1543 2249/3987/2244
f 1549/2688/1544 293/551/288 764/1026/759
f 2270/2687/2265 293/551/288 1549/2688/1544
f 502/488/497 1550/487/1545 108/3988/103
f 1655/2486/1650 2622/3989/2617 1921/1641/1916
f 1551/2849/1546 762/3990/757 154/796/149
f 3050/726/3045 1551/2849/1546 3159/681/3154
f 1533/3052/1528 1623/3991/1618 1552/1578/1547
f 2476/1579/2471 2773/3992/2768 971/1396/966
f 751/682/746 1553/1272/1548 953/1725/948
f 751/682/746 1551/2849/1546 2303/2850/2298
f 271/3993/266 2930/279/2925 1554/278/1549
f 3270/3266/3265 2683/1319/2678 2110/3528/2105
f 1555/58/1550 3020/2185/3015 895/2187/890
f 895/2187/890 2041/62/2036 1555/58/1550
f 1556/912/1551 456/911/451 1396/1145/1391
f 1573/773/1568 1396/1145/1391 3074/3842/3069
f 2806/3190/2801 2819/3994/2814 1557/3191/1552
f 2302/3995/2297 2856/1552/2851 1534/3939/1529
f 466/2156/461 1558/706/1553 505/3996/500
f 3149/3997/3144 441/2034/436 3147/2033/3142
f 2156/738/2151 946/737/941 1559/1733/1554
f 2250/1628/2245 946/737/941 1603/1629/1598
f 165/580/160 997/579/992 1560/3583/1555
f 2265/3998/2260 2276/3999/2271 997/579/992
f 2631/1878/2626 2831/4000/2826 2227/3461/2222
f 2507/4001/2502 2211/4002/2206 267/4003/262
f 2845/1302/2840 47/223/42 1562/1454/1557
f 266/4004/261 2458/4005/2453 1562/1454/1557
f 238/75/233 1563/1779/1558 1647/2735/1642
f 238/75/233 807/1780/802 1563/1779/1558
f 1564/121/1559 658/197/653 65/4006/60
f 119/195/114 658/197/653 1564/121/1559
f 252/583/247 2784/645/2779 1565/2325/1560
f 1565/2325/1560 110/1244/105 252/583/247
f 1462/2569/1457 1566/2570/1561 634/3914/629
f 1462/2569/1457 1911/2571/1906 1566/2570/1561
f 1567/2730/1562 3240/260/3235 3001/2731/2996
f 1090/2732/1085 696/553/691 1567/2730/1562
f 1568/3769/1563 1037/1678/1032 1317/2133/1312
f 1568/3769/1563 2972/3377/2967 1037/1678/1032
f 1298/4007/1293 1569/2723/1564 693/2524/688
f 1298/3747/1293 1211/2520/1206 1569/3651/1564
f 1570/2729/1565 1145/1535/1140 1070/4008/1065
f 1070/4008/1065 975/2733/970 1570/2729/1565
f 1571/2680/1566 2917/3498/2912 675/1202/670
f 2481/4009/2476 675/1202/670 1540/1201/1535
f 497/1638/492 2596/1637/2591 1572/2130/1567
f 2174/756/2169 1572/2130/1567 246/2129/241
f 1573/773/1568 1556/912/1551 1396/1145/1391
f 1556/912/1551 1573/773/1568 2762/775/2757
f 477/1363/472 32/3310/28 2942/151/2937
f 2942/151/2937 54/150/49 2171/1147/2166
f 1476/2991/1471 1575/1838/1570 3066/1837/3061
f 1575/1838/1570 1476/2991/1471 818/1953/813
f 877/1358/872 805/204/800 1576/206/1571
f 1363/3815/1358 877/1358/872 1576/206/1571
f 2800/3369/2795 1005/2066/1000 1577/3370/1572
f 2752/1362/2747 1005/2066/1000 477/1363/472
f 1578/1948/1573 648/1950/643 3037/2163/3032
f 845/3557/840 2520/4010/2515 2358/4011/2353
f 2509/85/2504 1579/3059/1574 2075/3317/2070
f 1302/1773/1297 2538/1407/2533 799/2537/794
f 178/2868/173 228/1164/223 1580/1144/1575
f 1580/1144/1575 2730/3371/2725 2752/1362/2747
f 498/361/493 2663/748/2658 2816/4012/2811
f 498/361/493 2816/4012/2811 3156/2131/3151
f 1109/875/1104 1582/55/1577 2394/874/2389
f 12/2812/12 1582/3526/1577 1109/71/1104
f 1583/1259/1578 182/1256/177 745/2836/740
f 745/2836/740 715/2091/710 3258/642/3253
f 1584/19/1579 3/4013/3 4/20/4
f 1584/19/1579 3304/432/3299 3332/4014/3327 3/4013/3
f 488/1758/483 1585/2103/1580 1680/2282/1675
f 386/1757/381 1585/2103/1580 488/1758/483
f 2479/3887/2474 1365/3818/1360 1616/3085/1611
f 2479/3887/2474 1616/3085/1611 3117/1494/3112
f 3195/3545/3190 381/552/376 105/554/100
f 2794/261/2789 381/552/376 2020/2622/2015
f 242/3232/237 3023/4015/3018 9/1207/9
f 9/1207/9 3023/4015/3018 275/2275/270
f 525/3079/520 1590/2398/1585 1589/4016/1584
f 861/3077/856 2714/3080/2709 580/2870/575
f 927/2397/922 580/2870/575 1590/2398/1585
f 580/2870/575 1589/4016/1584 1590/2398/1585
f 3171/3577/3166 2586/1403/2581 2588/1402/2583
f 2586/1403/2581 3171/3577/3166 652/3579/647
f 221/3664/216 428/1649/423 1592/1651/1587
f 969/1648/964 3017/3662/3012 3138/1646/3133
f 1593/445/1588 1402/447/1397 261/1327/256
f 1255/1326/1250 1593/445/1588 261/1327/256
f 1031/96/1026 1594/3578/1589 1591/97/1586
f 1998/4017/1993 652/3579/647 1594/3578/1589
f 1595/4018/1590 954/2409/949 329/1541/324
f 2471/3642/2466 329/1541/324 842/1732/837
f 458/77/453 1596/2010/1591 2639/2008/2634
f 2699/79/2694 1596/2010/1591 458/77/453
f 1564/121/1559 65/4006/60 1597/527/1592
f 3244/334/3239 1813/2419/1808 2371/335/2366
f 2094/1243/2089 719/578/714 1598/2391/1593
f 1260/2212/1255 2348/176/2343 1598/2391/1593
f 3247/555/3242 1791/1079/1786 3047/1081/3042
f 1693/2727/1688 3247/555/3242 2582/3782/2577
f 2928/4019/2923 1600/2055/1595 557/4020/552
f 593/2316/588 557/2315/552 1983/4021/1978
f 811/2713/806 1774/2712/1769 1601/262/1596
f 811/2713/806 1601/262/1596 384/4022/379
f 1522/3147/1517 1685/3603/1680 1602/4023/1597
f 1739/3964/1734 1983/2914/1978 1522/2915/1517
f 1603/1629/1598 946/737/941 1903/2112/1898
f 2812/2690/2807 508/2164/503 106/1308/101
f 620/3771/615 1604/2526/1599 1631/2528/1626
f 2554/498/2549 234/1167/229 1604/2526/1599
f 83/450/78 1528/449/1523 1605/3111/1600
f 2289/3480/2284 1904/907/1899 83/450/78
f 1416/1263/1411 1606/2510/1601 1497/1261/1492
f 888/2509/883 1606/2510/1601 1416/1263/1411
f 102/1339/97 1996/76/1991 1607/1184/1602
f 3081/1342/3076 2223/3504/2218 850/1340/845
f 1297/2180/1292 55/2578/50 2839/465/2834
f 3161/467/3156 1297/2180/1292 2839/465/2834
f 292/2530/287 1609/171/1604 1659/2529/1654
f 292/2530/287 1044/172/1039 1609/171/1604
f 796/2954/791 2374/1020/2369 1610/4024/1605
f 2810/2955/2805 990/3340/985 931/3342/926
f 3062/3170/3057 1803/3172/1798 1611/2910/1606
f 1611/1383/1606 773/901/768 2248/903/2243
f 1057/1258/1052 1612/2139/1607 2145/4025/2140
f 2661/2142/2656 1612/2139/1607 501/2138/496
f 747/540/742 1515/749/1510 1613/3952/1608
f 654/1042/649 747/540/742 1613/3952/1608
f 1323/1059/1318 1614/3188/1609 3381/4026/3376 3371/3786/3366
f 2349/4027/2344 287/568/282 1615/4028/1610
f 287/568/282 455/1378/450 1615/4028/1610
f 1616/3085/1611 1672/3087/1667 20/611/19
f 3117/1494/3112 1616/3085/1611 20/611/19
f 1617/292/1612 1095/3505/1090 668/2661/663
f 1882/2664/1877 668/2661/663 180/305/175
f 1231/93/1226 1769/3750/1764 1618/4029/1613
f 1618/4029/1613 2460/94/2455 1231/93/1226
f 1619/294/1614 881/3135/876 2252/4030/2247
f 3356/3136/3351 881/3135/876 3382/4031/3377
f 1256/3699/1251 136/635/131 1620/4032/1615
f 136/635/131 134/634/129 1620/4032/1615
f 1518/3155/1513 3125/3957/3120 1621/1923/1616
f 3125/3957/3120 3061/1921/3056 1621/1923/1616
f 1622/4033/1617 1136/708/1131 1389/3838/1384
f 1718/2465/1713 1136/3559/1131 1681/4034/1676
f 1623/3991/1618 2773/3992/2768 2476/1579/2471
f 2746/812/2741 2715/814/2710 291/1391/286
f 1624/878/1619 171/1796/166 1466/616/1461
f 2437/3285/2432 1466/616/1461 584/618/579
f 1489/3933/1484 1694/1349/1689 1625/1672/1620
f 1489/3933/1484 1625/1672/1620 413/1862/408
f 841/2413/836 163/1437/158 1626/845/1621
f 303/1439/298 1626/845/1621 163/1437/158
f 3134/2538/3129 1627/2533/1622 2176/2535/2171
f 3134/2538/3129 400/3198/395 2399/2040/2394
f 529/2118/524 527/2236/522 1628/280/1623
f 1628/280/1623 493/2242/488 529/2118/524
f 1629/4035/1624 2818/4036/2813 2914/2806/2909
f 1629/4037/1624 2914/1764/2909 185/1763/180
f 991/3345/986 302/1551/297 1630/1433/1625
f 3112/1179/3107 991/3345/986 1857/4038/1852
f 1604/2526/1599 75/1169/70 1631/2528/1626
f 2727/1681/2722 2346/389/2341 75/4039/70
f 1408/776/1403 1632/281/1627 963/803/958
f 1628/280/1623 963/803/958 1632/281/1627
f 1633/1003/1628 2326/4040/2321 377/1729/372
f 2547/3469/2542 377/1729/372 394/3470/389
f 393/1035/388 1796/1037/1791 146/2499/141
f 146/2499/141 1844/2507/1839 3294/2506/3289
f 820/1982/815 450/2994/445 1635/3256/1630
f 1635/3256/1630 468/1984/463 820/1982/815
f 135/4041/130 1636/4042/1631 2825/2935/2820
f 20/611/19 1636/4043/1631 135/612/130
f 3220/2706/3215 397/2035/392 1637/4044/1632
f 397/2035/392 35/3659/31 2427/3658/2422
f 1897/1591/1892 195/1593/190 1638/3015/1633
f 1393/2448/1388 994/3350/989 2706/2446/2701
f 911/3587/906 1639/1747/1634 1161/3588/1156
f 1648/3197/1643 911/4045/906 3243/3195/3238
f 1640/1496/1635 195/1593/190 423/213/418
f 1638/3015/1633 195/1593/190 1640/1496/1635
f 1315/1900/1310 1641/1634/1636 426/1186/421
f 3051/1633/3046 426/1186/421 1641/1634/1636
f 553/2304/548 1642/3925/1637 545/1205/540
f 957/4046/952 1642/3925/1637 553/2304/548
f 2630/593/2625 1643/592/1638 269/1226/264
f 1643/592/1638 1147/3537/1142 269/1226/264
f 1667/4047/1662 1644/3394/1639 2189/3393/2184
f 1644/3394/1639 98/1001/93 1633/1003/1628
f 197/2951/192 1645/1120/1640 1088/2952/1083
f 223/1064/218 1645/1120/1640 197/2951/192
f 2880/1993/2875 1850/1992/1845 2882/4048/2877
f 2882/4048/2877 1850/1992/1845 195/1593/190
f 1607/1184/1602 238/75/233 1647/2735/1642
f 2223/3504/2218 2960/2736/2955 1094/3503/1089
f 911/4049/906 1648/4050/1643 1639/4051/1634
f 857/3070/852 1639/4051/1634 2246/2808/2241
f 1649/4052/1644 410/765/405 1428/1063/1423
f 410/765/405 1649/4052/1644 56/1518/51
f 1650/1084/1645 2574/4053/2569 356/2157/351
f 1650/1084/1645 294/2328/289 2574/4053/2569
f 1651/2654/1646 3202/2656/3197 3011/4054/3006
f 1890/3657/1885 3252/1965/3247 3011/4054/3006
f 341/4055/336 2734/4056/2729 1652/4057/1647
f 1652/4057/1647 2734/4056/2729 3144/3488/3139
f 357/4058/352 1653/1658/1648 2199/4059/2194
f 1653/3855/1648 357/421/352 532/420/527
f 602/4060/597 494/3921/489 1654/499/1649
f 602/4060/597 1654/499/1649 1860/501/1855
f 2426/513/2421 108/515/103 1655/2378/1650
f 1655/2486/1650 108/3988/103 1550/487/1545
f 1656/263/1651 752/2851/747 2216/864/2211
f 1656/263/1651 1601/262/1596 2068/398/2063
f 728/3891/723 2994/3293/2989 2368/1290/2363
f 2994/3646/2989 728/313/723 3301/312/3296 3383/4061/3378
f 1658/999/1653 1386/2539/1381 623/1000/618
f 1658/999/1653 198/3835/193 1386/2539/1381
f 1609/171/1604 780/3742/775 1659/2529/1654
f 2438/2204/2433 1659/2529/1654 780/3742/775
f 1660/2702/1655 684/2384/679 56/2699/51
f 1649/1854/1644 2932/1853/2927 56/2699/51
f 2044/2774/2039 464/2773/459 2018/4062/2013
f 1613/1043/1608 2018/2839/2013 464/1044/459
f 902/3177/897 173/794/168 1662/3176/1657
f 173/4063/168 149/887/144 1669/886/1664
f 1307/4064/1302 15/3755/15 1663/3756/1658
f 46/59/41 1307/4065/1302 1893/60/1888
f 350/1627/345 1664/3274/1659 404/1630/399
f 3089/3205/3084 1664/3274/1659 350/1627/345
f 1665/1344/1660 268/2460/263 733/601/728
f 2637/600/2632 1665/1344/1660 733/601/728
f 1666/1099/1661 951/761/946 2749/763/2744
f 1660/2702/1655 1666/2701/1661 684/2384/679
f 1667/4047/1662 98/1001/93 1644/3394/1639
f 1969/3395/1964 3190/2207/3185 3291/1190/3286
f 1049/2002/1044 1668/3445/1663 1920/221/1915
f 1049/2002/1044 2925/2001/2920 1668/3445/1663
f 173/4063/168 1669/886/1664 1662/4066/1657
f 1669/886/1664 900/2907/895 1662/4066/1657
f 1670/2558/1665 692/1224/687 248/4067/243
f 692/1224/687 3284/3610/3279 1237/3676/1232
f 1671/783/1666 629/2092/624 715/2091/710
f 1671/783/1666 3173/3798/3168 629/2092/624
f 20/611/19 1672/3087/1667 1636/4043/1631
f 2891/3088/2886 2825/2935/2820 1636/4042/1631
f 1673/2518/1668 1834/4068/1829 2111/2521/2106
f 554/2517/549 1867/460/1862 1673/2518/1668
f 609/2592/604 1674/2937/1669 2224/3570/2219
f 2182/2039/2177 1674/2937/1669 609/2592/604
f 613/2508/608 1723/4069/1718 2717/2498/2712
f 613/2508/608 2717/2498/2712 1139/2302/1134
f 1811/3631/1806 552/2964/547 1676/296/1671
f 552/2964/547 619/2966/614 1676/296/1671
f 838/39/833 1677/2635/1672 1864/2633/1859
f 2614/41/2609 1677/2635/1672 838/39/833
f 1678/1192/1673 199/3288/194 824/2998/819
f 2904/1191/2899 3114/4070/3109 1678/1192/1673
f 1479/2992/1474 1679/831/1674 860/129/855
f 3227/853/3222 1754/854/1749 860/129/855
f 488/2280/483 1680/2104/1675 2516/2278/2511
f 1680/2104/1675 1429/1867/1424 2516/2278/2511
f 2672/4071/2667 1136/708/1131 1622/4033/1617
f 1620/4032/1615 1681/4034/1676 1883/4072/1878
f 1690/1188/1685 1089/239/1084 1682/238/1677
f 1682/4073/1677 2302/3995/2297 1534/3939/1529
f 408/2829/403 1683/228/1678 1501/1840/1496
f 2143/2923/2138 2800/229/2795 1683/228/1678
f 1684/1129/1679 3026/1128/3021 468/1984/463
f 1684/1129/1679 468/1984/463 1635/3256/1630
f 2342/4074/2337 2159/4075/2154 1685/4076/1680
f 2518/3962/2513 1170/4077/1165 355/3963/350
f 699/3918/694 882/1600/877 2193/2739/2188
f 3082/4078/3077 2193/2852/2188 753/2290/748
f 1687/2897/1682 1691/2895/1686 2826/2636/2821
f 1687/2897/1682 1677/2635/1672 1752/3261/1747
f 1676/4079/1671 619/4080/614 1688/4081/1683
f 619/2966/614 1569/3651/1564 1688/3748/1683
f 1978/356/1973 1797/86/1792 1689/357/1684
f 944/3269/939 2869/3553/2864 1689/357/1684
f 1682/4073/1677 1534/3939/1529 1690/3830/1685
f 1375/3828/1370 1690/3830/1685 1534/3939/1529
f 1691/2895/1686 1687/2897/1682 1752/3261/1747
f 2295/2899/2290 770/4082/765 769/3327/764
f 2339/4083/2334 910/3193/905 1692/1505/1687
f 113/596/108 2339/4083/2334 1692/1505/1687
f 2341/4084/2336 2365/2332/2360 695/556/690
f 695/556/690 3247/555/3242 2341/4084/2336
f 1694/1349/1689 279/78/274 1625/1672/1620
f 279/78/274 1694/1349/1689 1098/1055/1093
f 395/4085/390 1695/4086/1690 645/2644/640
f 1204/1798/1199 3145/3636/3140 1695/3635/1690
f 1696/3626/1691 1164/3593/1159 2748/3627/2743
f 2290/3864/2285 1716/3625/1711 1696/3865/1691
f 1034/2053/1029 1697/533/1692 1432/88/1427
f 1697/533/1692 2294/1056/2289 2332/1057/2327
f 836/1027/831 2868/3020/2863 1698/1955/1693
f 2868/3020/2863 1132/1585/1127 1698/1955/1693
f 263/4087/258 1699/1232/1694 1360/3813/1355
f 1699/1232/1694 263/4087/258 1954/1292/1949
f 2678/986/2673 917/985/912 2743/1300/2738
f 3040/3209/3035 2202/4088/2197 2743/1300/2738
f 2287/1117/2282 1701/3064/1696 2005/4089/2000
f 1814/3121/1809 876/1126/871 2829/4090/2824
f 1099/309/1094 2444/4091/2439 1702/2754/1697
f 1702/2754/1697 133/3494/128 1099/309/1094
f 1703/1472/1698 1257/687/1252 1086/689/1081
f 1703/3497/1698 1748/2970/1743 145/747/140
f 1704/1609/1699 1795/1545/1790 2823/4092/2818
f 1986/2476/1981 1704/1609/1699 2823/4092/2818
f 1705/844/1700 836/1027/831 1698/1955/1693
f 836/1027/831 1705/844/1700 2787/678/2782
f 1706/2987/1701 1824/3259/1819 2564/3258/2559
f 1385/160/1380 1706/2987/1701 2564/3258/2559
f 1473/231/1468 1707/3448/1702 2948/232/2943
f 1473/231/1468 1530/3447/1525 1707/3448/1702
f 624/810/619 1708/2543/1703 1011/811/1006
f 558/894/553 1708/2543/1703 624/810/619
f 1709/1529/1704 1085/3099/1080 868/3100/863
f 709/1527/704 1709/1529/1704 868/3100/863
f 2871/2000/2866 1710/314/1705 311/1072/306
f 844/3391/839 1434/3697/1429 3153/4093/3148
f 2697/4094/2692 503/2891/498 1711/1819/1706
f 3067/477/3062 217/455/212 1711/1819/1706
f 746/2837/741 2578/523/2573 1712/522/1707
f 1712/522/1707 936/4095/931 746/2837/741
f 2662/1284/2657 270/4096/265 1713/1285/1708
f 368/1698/363 2259/1330/2254 270/4096/265
f 1150/935/1145 687/937/682 1714/2037/1709
f 1714/2037/1709 3220/4097/3215 1637/2038/1632
f 2536/896/2531 2478/2096/2473 1715/2095/1710
f 542/897/537 2536/896/2531 1715/2095/1710
f 1164/3593/1159 1716/4098/1711 1545/3325/1540
f 1716/4098/1711 1164/3593/1159 1696/3626/1691
f 1717/429/1712 137/3062/132 852/430/847
f 2316/3417/2311 1717/3415/1712 1794/3416/1789
f 1620/4032/1615 134/634/129 1718/2465/1713
f 1718/2465/1713 1681/4034/1676 1620/4032/1615
f 1719/615/1714 1776/797/1771 154/796/149
f 154/796/149 762/3990/757 1843/2873/1838
f 463/2023/458 1720/1140/1715 1078/1139/1073
f 1621/1923/1616 1720/1922/1715 463/2932/458
f 1860/501/1855 365/1687/360 1721/1951/1716
f 1721/1951/1716 365/1687/360 2507/2011/2502
f 184/982/179 1722/2145/1717 766/983/761
f 766/2886/761 1722/2887/1717 1711/1819/1706
f 1723/4069/1718 1634/2496/1629 2717/2498/2712
f 613/2508/608 1844/2507/1839 1723/4069/1718
f 2436/148/2431 1724/1859/1719 1217/131/1212
f 1724/1859/1719 921/3221/916 2695/200/2690
f 898/1343/893 58/2333/53 1725/415/1720
f 58/2333/53 3259/416/3254 1725/415/1720
f 812/1219/807 1278/2983/1273 1726/1586/1721
f 591/2436/586 1886/1217/1881 2280/3720/2275
f 1727/1480/1722 1368/428/1363 1035/427/1030
f 1727/1480/1722 1035/427/1030 82/289/77
f 2770/3629/2765 1197/3630/1192 1728/3406/1723
f 2770/3629/2765 1728/3406/1723 31/1293/27
f 680/1827/675 1729/1828/1724 2732/1625/2727
f 1766/2689/1761 680/1827/675 2812/2690/2807
f 1168/2780/1163 1730/1276/1725 720/1279/715
f 1168/2780/1163 1804/2725/1799 3163/676/3158
f 517/1499/512 1944/1839/1939 1731/2201/1726
f 1050/1500/1045 517/1499/512 2833/2202/2828
f 1187/288/1182 1732/769/1727 424/286/419
f 2152/2265/2147 424/286/419 1732/769/1727
f 1154/3580/1149 1733/2284/1728 878/2683/873
f 2511/2285/2506 1733/2284/1728 2957/836/2952
f 962/3858/957 608/1231/603 1734/1234/1729
f 2360/2487/2355 962/3858/957 1734/1234/1729
f 1960/1800/1955 211/3875/206 2625/4099/2620
f 1286/1123/1281 1960/1800/1955 2625/4099/2620
f 1736/3840/1731 1622/4033/1617 1389/3838/1384
f 1268/3701/1263 1736/3840/1731 1389/3838/1384
f 1737/149/1732 35/3659/31 1436/1438/1431
f 1737/149/1732 1436/1438/1431 496/147/491
f 647/2604/642 1738/3360/1733 1001/3975/996
f 2906/619/2901 374/452/369 1001/3975/996
f 355/3963/350 1739/3964/1734 1602/3961/1597
f 1739/3964/1734 1522/2915/1517 1602/3961/1597
f 1740/2905/1735 190/424/185 3029/2141/3024
f 352/2218/347 2896/2220/2891 2506/4100/2501
f 1712/522/1707 1741/631/1736 361/1673/356
f 2659/1509/2654 1995/700/1990 2463/699/2458
f 1742/858/1737 3077/627/3072 41/4101/36
f 1742/858/1737 41/4101/36 167/859/162
f 516/4102/511 1743/1430/1738 1336/835/1331
f 677/2685/672 2804/3954/2799 516/4102/511
f 1367/3534/1362 3279/4103/3274 258/3819/253
f 3279/4103/3274 1160/772/1155 258/3819/253
f 1709/1529/1704 1745/3492/1740 1085/3099/1080
f 1085/4104/1080 3073/1692/3068 1524/3611/1519
f 1746/604/1741 418/4105/413 1394/3841/1389
f 166/4106/161 418/4105/413 1746/604/1741
f 1031/96/1026 1998/4017/1993 1594/3578/1589
f 1031/96/1026 1121/2818/1116 3054/2153/3049
f 439/688/434 1748/4107/1743 1086/689/1081
f 1703/1472/1698 1086/689/1081 1748/4107/1743
f 1749/4108/1744 156/1435/151 2915/4109/2910
f 1630/1433/1625 156/1435/151 1749/4108/1744
f 3098/537/3093 1270/2548/1265 1750/538/1745
f 1750/378/1745 1270/3712/1265 2359/3711/2354
f 977/973/972 1751/972/1746 2560/3312/2555
f 2847/1307/2842 1369/1304/1364 974/1303/969
f 770/2898/765 1752/320/1747 2720/319/2715
f 770/4082/765 2295/2899/2290 1752/3261/1747
f 731/4110/726 314/713/309 1753/561/1748
f 1753/561/1748 2309/560/2304 731/4110/726
f 1560/3583/1555 1754/854/1749 165/580/160
f 3227/853/3222 165/580/160 1754/854/1749
f 3359/3268/3354 2929/2410/2924 3384/4111/3379
f 1755/1880/1750 2802/2640/2797 659/2894/654
f 1755/1880/1750 659/2894/654 1177/152/1172
f 2888/2178/2883 1756/2248/1751 641/2179/636
f 1756/2248/1751 672/3761/667 1312/2249/1307
f 1757/1312/1752 1693/2727/1688 107/563/102
f 1318/588/1313 1757/1312/1752 2501/589/2496
f 1758/1149/1753 229/817/224 3000/1517/2995
f 1758/1149/1753 3118/3115/3113 229/817/224
f 754/1996/749 34/142/30 1759/1896/1754
f 1759/1896/1754 2512/177/2507 2125/1336/2120
f 2163/2468/2158 1760/1703/1755 601/1756/596
f 1760/1703/1755 1335/1702/1330 601/1756/596
f 1761/959/1756 629/2092/624 3173/3798/3168
f 1761/959/1756 1822/2263/1817 1801/139/1796
f 666/2126/661 1762/4112/1757 1066/3459/1061
f 666/2126/661 1941/2125/1936 1762/4112/1757
f 655/2627/650 1004/2629/999 1763/4113/1758
f 1619/294/1614 2252/4030/2247 1763/295/1758
f 1764/440/1759 1197/3630/1192 2364/441/2359
f 2202/4088/2197 1764/1296/1759 1700/1295/1695
f 2684/1776/2679 1765/1778/1760 928/1712/923
f 1765/1778/1760 373/3238/368 928/1712/923
f 680/1827/675 1766/2689/1761 1729/1828/1724
f 1729/1828/1724 1766/2689/1761 915/1626/910
f 2432/3506/2427 2734/4056/2729 1767/3509/1762
f 1767/3509/1762 2734/4056/2729 341/4055/336
f 144/1011/139 1768/744/1763 1617/1012/1612
f 999/2491/994 1768/744/1763 144/1011/139
f 1769/3750/1764 317/3671/312 1303/275/1298
f 2312/1502/2307 1769/3750/1764 1303/275/1298
f 1770/1614/1765 1461/1613/1456 2067/153/2062
f 1574/1879/1569 1770/3311/1765 973/2068/968
f 2461/3373/2456 716/2771/711 1771/2770/1766
f 2194/4114/2189 1036/1119/1031 1977/1118/1972
f 1477/1597/1472 932/1168/927 1772/1598/1767
f 2313/866/2308 932/1168/927 1234/1170/1229
f 304/754/299 1773/3185/1768 2995/2019/2990
f 333/3008/328 2828/3072/2823 3109/2745/3104
f 1774/2712/1769 2529/2710/2524 690/399/685
f 1601/262/1596 1774/2712/1769 690/399/685
f 502/488/497 1775/3477/1770 1079/489/1074
f 2011/908/2006 3004/3112/2999 2956/3110/2951
f 1719/615/1714 483/800/478 1776/797/1771
f 970/2087/965 1776/797/1771 483/800/478
f 43/3418/38 2347/1092/2342 1777/1093/1772
f 2332/1057/2327 1777/1093/1772 1096/1058/1091
f 2742/3179/2737 1778/2426/1773 2751/3181/2746
f 589/2424/584 1778/2426/1773 903/4115/898
f 1779/998/1774 964/4116/959 643/1068/638
f 405/3637/400 3230/4117/3225 1781/1211/1776
f 1881/2405/1876 1780/2403/1775 1809/850/1804
f 1374/1134/1369 402/849/397 1780/2403/1775
f 1781/4118/1776 3230/4119/3225 1779/998/1774
f 1779/998/1774 1103/1151/1098 1781/4118/1776
f 2164/2660/2159 1782/2698/1777 667/1463/662
f 667/1463/662 1782/2698/1777 2311/1464/2306
f 1961/1914/1956 1783/1347/1778 305/1448/300
f 3253/1446/3248 305/1448/300 1783/1347/1778
f 2112/1195/2107 443/1197/438 1784/1903/1779
f 2645/212/2640 443/1197/438 2214/597/2209
f 1044/172/1039 313/1252/308 1785/173/1780
f 1785/173/1780 2035/4120/2030 3290/2976/3285
f 2209/2312/2204 556/1985/551 1786/2924/1781
f 3026/1128/3021 556/1985/551 468/1984/463
f 1436/1438/1431 35/3659/31 1787/1440/1782
f 35/3659/31 397/2035/392 1787/1440/1782
f 1138/1566/1133 1788/585/1783 157/587/152
f 1138/1566/1133 71/3560/66 1788/585/1783
f 846/3042/841 1789/1071/1784 1072/1214/1067
f 2707/3401/2702 1025/2996/1020 1789/1071/1784
f 783/508/778 1790/4121/1785 733/601/728
f 783/508/778 3142/509/3137 1790/4121/1785
f 1791/1079/1786 3225/2846/3220 1093/1080/1088
f 559/2323/554 214/3002/209 1791/1079/1786
f 1792/80/1787 2566/4122/2561 1625/1672/1620
f 1792/80/1787 1012/819/1007 2566/4122/2561
f 1812/660/1807 1793/664/1788 128/661/123
f 1793/664/1788 2634/3437/2629 741/2830/736
f 1033/577/1028 1794/3416/1789 1717/3415/1712
f 42/576/37 1794/3416/1789 1033/577/1028
f 1795/1545/1790 1704/1609/1699 330/2750/325
f 929/1548/924 1795/1545/1790 2356/2749/2351
f 1796/1037/1791 637/1036/632 1634/2496/1629
f 1723/4069/1718 1844/2507/1839 1634/2496/1629
f 2821/4123/2816 944/3269/939 1689/357/1684
f 2821/4123/2816 976/2289/971 944/3269/939
f 1798/2479/1793 347/2478/342 604/4124/599
f 664/2650/659 2680/2649/2675 2475/3241/2470
f 2978/837/2973 516/4102/511 1336/835/1331
f 677/2685/672 516/4102/511 2978/837/2973
f 1390/1523/1385 1022/1522/1017 1800/4125/1795
f 1848/4126/1843 2799/4127/2794 1022/1522/1017
f 1801/139/1796 188/644/183 1761/959/1756
f 1801/139/1796 2784/645/2779 188/644/183
f 2479/3887/2474 3117/1494/3112 1953/4128/1948
f 1586/4129/1581 2263/2195/2258 2885/1424/2880
f 1803/4130/1798 900/2907/895 2017/2909/2012
f 2017/2909/2012 1611/1383/1606 1803/4130/1798
f 3163/676/3158 1804/2725/1799 1137/677/1132
f 1804/2725/1799 694/696/689 1137/677/1132
f 1805/4131/1800 1597/527/1592 2550/4132/2545
f 1805/4131/1800 1084/528/1079 1597/527/1592
f 1262/1274/1257 1806/3229/1801 660/3230/655
f 1806/3229/1801 2388/3455/2383 924/3228/919
f 1068/3362/1063 1807/4133/1802 2370/3357/2365
f 1068/4134/1063 1425/3463/1420 2722/945/2717
f 642/2041/637 69/2534/64 1808/496/1803
f 1808/496/1803 2554/498/2549 642/2041/637
f 1809/850/1804 402/849/397 1407/851/1402
f 402/849/397 1809/850/1804 1780/2403/1775
f 2122/2761/2117 1373/1966/1368 1810/2940/1805
f 709/1527/704 2817/2938/2812 167/1530/162
f 73/3823/68 1811/3631/1806 571/3824/566
f 571/3824/566 1811/3631/1806 1676/296/1671
f 1793/664/1788 1812/660/1807 208/1047/203
f 208/1047/203 1812/660/1807 2037/1221/2032
f 1597/527/1592 65/4006/60 2550/4132/2545
f 65/2637/60 921/3221/916 2550/4135/2545
f 1701/3064/1696 1814/3121/1809 2829/4090/2824
f 1814/3121/1809 1701/3064/1696 843/3066/838
f 1600/2055/1595 3009/2150/3004 576/1751/571
f 1194/2152/1189 576/1751/571 3009/2150/3004
f 652/3579/647 2291/1414/2286 1816/1413/1811
f 2586/1403/2581 652/3579/647 1816/1413/1811
f 1817/2377/1812 2426/513/2421 1655/2378/1650
f 2659/1509/2654 574/632/569 2624/1510/2619
f 285/1250/280 3245/456/3240 1818/962/1813
f 2767/961/2762 285/1250/280 1818/962/1813
f 1763/4113/1758 2466/4136/2461 655/2627/650
f 2651/1225/2646 2242/4137/2237 2366/2903/2361
f 1171/4138/1166 1820/3562/1815 1142/2786/1137
f 1171/4138/1166 722/4139/717 1820/3562/1815
f 3293/3428/3288 1821/4140/1816 2673/3379/2668
f 1040/1444/1035 2172/1247/2167 2843/1432/2838
f 1822/2263/1817 1761/959/1756 51/3797/46
f 1822/2263/1817 51/3797/46 1494/1618/1489
f 1823/890/1818 147/768/142 2412/767/2407
f 540/2567/535 147/768/142 1823/890/1818
f 1364/3817/1359 390/4141/385 1932/3275/1927
f 940/1990/935 1932/4142/1927 390/2988/385
f 1825/497/1820 1808/496/1803 609/2592/604
f 609/2592/604 2224/3570/2219 1825/497/1820
f 1280/1030/1275 1826/3482/1821 563/3481/558
f 2609/2881/2604 563/2880/558 1891/1089/1886
f 849/3053/844 1827/2339/1822 2300/2693/2295
f 849/3053/844 2737/3512/2732 1827/2339/1822
f 1828/134/1823 560/133/555 855/2324/850
f 470/2042/465 1828/134/1823 855/2324/850
f 151/1875/146 3204/3397/3199 1829/1876/1824
f 151/1875/146 1829/1876/1824 419/423/414
f 1830/4143/1825 541/3385/536 2288/3770/2283
f 2938/567/2933 2951/4144/2946 1435/1810/1430
f 1831/1322/1826 1566/2570/1561 792/1323/787
f 1831/1322/1826 792/1323/787 2851/1325/2846
f 1832/1645/1827 2254/1644/2249 688/1752/683
f 1832/1645/1827 688/1752/683 1381/1620/1376
f 1833/2411/1828 636/1060/631 908/1156/903
f 1865/1722/1860 636/1060/631 1833/2411/1828
f 1988/4145/1983 3012/4146/3007 1834/4147/1829
f 1834/4148/1829 1673/4149/1668 1867/4150/1862
f 1835/2616/1830 1110/1713/1105 1853/2617/1848
f 2410/304/2405 125/1158/120 1110/1713/1105
f 367/2862/362 3099/4151/3094 3103/4152/3098
f 895/2187/890 367/2862/362 3103/4152/3098
f 2548/1405/2543 257/462/252 88/1260/83
f 257/462/252 2548/1405/2543 923/2511/918
f 1842/4153/1837 1838/4154/1833 1056/3451/1051
f 2058/3589/2053 1056/3451/1051 1838/4154/1833
f 1839/3334/1834 257/462/252 923/2511/918
f 1839/3334/1834 923/2511/918 1606/2510/1601
f 1840/2472/1835 2763/3937/2758 1471/3938/1466
f 1145/3315/1140 226/4155/221 1840/2472/1835
f 1823/890/1818 1841/2395/1836 540/2567/535
f 2974/3094/2969 540/2567/535 1856/3091/1851
f 1842/4153/1837 1056/3451/1051 387/1278/382
f 723/946/718 1842/4156/1837 387/1762/382
f 1843/2873/1838 1664/613/1659 1719/615/1714
f 1843/2873/1838 1719/615/1714 154/796/149
f 1844/2507/1839 146/2499/141 1796/1037/1791
f 1796/1037/1791 1634/2496/1629 1844/2507/1839
f 2060/3055/2055 1094/3503/1089 1845/3056/1840
f 2486/1532/2481 1094/3503/1089 2960/2736/2955
f 1846/2313/1841 2950/2197/2945 2848/2196/2843
f 2798/3398/2793 2848/2196/2843 876/1126/871
f 1820/2783/1815 1847/610/1842 116/2784/111
f 1847/610/1842 135/612/130 116/2784/111
f 1846/2313/1841 2848/2196/2843 1848/4126/1843
f 1848/4126/1843 1022/1522/1017 1846/2313/1841
f 1001/3975/996 374/452/369 1849/3405/1844
f 1027/451/1022 1849/3405/1844 374/452/369
f 1850/1992/1845 423/213/418 195/1593/190
f 1850/1992/1845 2674/214/2669 423/213/418
f 2040/988/2035 594/265/589 1851/2452/1846
f 47/223/42 1851/2452/1846 1562/1454/1557
f 692/1224/687 1539/1097/1534 1852/4157/1847
f 1852/4157/1847 248/4067/243 692/1224/687
f 1853/2617/1848 59/299/54 800/301/795
f 59/299/54 1853/2617/1848 1110/1713/1105
f 3126/4158/3121 1854/1410/1849 569/4159/564
f 2844/4160/2839 1854/1410/1849 28/1412/24
f 1855/2860/1850 895/2187/890 765/2186/760
f 1855/2860/1850 765/2186/760 2858/3674/2853
f 1856/3091/1851 540/2567/535 1841/2395/1836
f 1080/3092/1075 1856/3091/1851 1841/2395/1836
f 991/3345/986 1630/1433/1625 1857/4038/1852
f 1630/1433/1625 1749/4108/1744 1857/4038/1852
f 978/2848/973 2073/2847/2068 1858/2714/1853
f 1382/377/1377 978/3320/973 1858/4161/1853
f 2468/2993/2463 819/2835/814 1859/829/1854
f 744/2834/739 1859/829/1854 819/2835/814
f 566/500/561 3070/326/3065 1860/501/1855
f 1860/501/1855 3070/326/3065 2211/1688/2206
f 1539/1097/1534 1861/833/1856 1852/4157/1847
f 248/4067/243 1852/4157/1847 1861/833/1856
f 3315/1078/3310 3318/1114/3313 2988/1075/2983
f 3027/3029/3022 755/2857/750 682/2858/677
f 1412/3713/1407 755/2857/750 3027/3029/3022
f 1863/2802/1858 2935/3773/2930 729/2803/724
f 2255/4162/2250 2243/4163/2238 2238/4164/2233
f 175/2269/170 1864/2633/1859 697/1777/692
f 175/2269/170 486/3026/481 1864/2633/1859
f 1935/4165/1930 2390/1723/2385 1865/1722/1860
f 3174/2575/3169 1865/1722/1860 1833/2411/1828
f 649/2700/644 1660/2702/1655 1866/1855/1861
f 2131/1101/2126 2527/2611/2522 649/2610/644
f 1985/323/1980 1988/322/1983 1867/460/1862
f 1867/4166/1862 1988/4167/1983 1834/4168/1829
f 3099/4169/3094 367/2049/362 1868/2048/1863
f 472/3551/467 1902/1/1897 1133/3/1128
f 1839/3334/1834 1869/3225/1864 257/462/252
f 1839/3334/1834 986/925/981 1869/3225/1864
f 1870/1577/1865 1353/1364/1348 700/1515/695
f 700/1515/695 2126/2741/2121 1870/1577/1865
f 1083/3487/1078 1871/1298/1866 1015/1299/1010
f 1350/3501/1345 1871/1298/1866 1083/3487/1078
f 1352/1017/1347 1872/350/1867 53/1015/48
f 572/862/567 53/4170/48 1872/717/1867
f 940/1990/935 1873/4171/1868 1824/4172/1819
f 659/1989/654 2802/4173/2797 940/1990/935
f 2860/454/2855 1405/367/1400 1874/3331/1869
f 1015/1299/1010 265/1297/260 1874/3331/1869
f 1875/89/1870 2710/3282/2705 1113/3332/1108
f 1896/820/1891 1113/3332/1108 2070/821/2065
f 615/2366/610 1201/2367/1196 1876/2368/1871
f 1876/2368/1871 1201/2367/1196 1811/3631/1806
f 1475/2929/1470 1223/4174/1218 1877/1381/1872
f 455/2931/450 1475/2929/1470 1877/1381/1872
f 3335/2062/3330 3385/4175/3380 2610/2060/2605
f 64/95/59 2521/4176/2516 1951/103/1946
f 2221/4177/2216 1586/4129/1581 1953/4128/1948
f 1879/2901/1874 2581/1095/2576 2970/4178/2965
f 1879/2901/1874 2970/4178/2965 1546/2902/1541
f 2277/3297/2272 2249/3987/2244 1880/4179/1875
f 249/2225/244 1880/3106/1875 872/2226/867
f 1327/2245/1322 1881/1458/1876 2779/2244/2774
f 1881/2405/1876 1809/850/1804 345/852/340
f 1882/2664/1877 1617/292/1612 668/2661/663
f 1882/2664/1877 1184/191/1179 1617/292/1612
f 1883/3839/1878 2672/4071/2667 1622/4033/1617
f 1736/3840/1731 1883/3839/1878 1622/4033/1617
f 1884/2208/1879 1969/3395/1964 2189/3393/2184
f 520/3348/515 3193/4180/3188 1019/3347/1014
f 391/541/386 747/540/742 1885/1041/1880
f 1885/1041/1880 1261/3613/1256 391/541/386
f 1726/4181/1721 2280/3720/2275 1886/1217/1881
f 1886/1217/1881 2766/4182/2761 1726/4181/1721
f 1196/3392/1191 1887/3471/1882 2414/331/2409
f 1196/3392/1191 2547/3469/2542 1887/3471/1882
f 3229/3934/3224 1888/2583/1883 1498/3935/1493
f 610/1483/605 999/2491/994 2022/2582/2017
f 1502/485/1497 1889/40/1884 1242/3941/1237
f 838/4183/833 1242/3025/1237 1889/4184/1884
f 1373/1966/1368 1890/3657/1885 1376/3796/1371
f 1376/3796/1371 3236/3825/3231 1216/3656/1211
f 1891/1089/1886 563/2880/558 1826/1584/1821
f 204/1090/199 1891/1089/1886 1826/1584/1821
f 524/730/519 409/740/404 1892/3382/1887
f 1892/3382/1887 409/740/404 2084/4185/2079
f 1307/4064/1302 1663/3756/1658 1893/1696/1888
f 1663/3756/1658 1444/65/1439 2239/67/2234
f 2398/1884/2393 1895/791/1890 1894/4186/1889
f 1894/1894/1889 422/4187/417 2152/1895/2147
f 1895/1203/1890 332/997/327 422/996/417
f 1895/4188/1890 422/4187/417 1894/1894/1889
f 44/1194/39 1875/89/1870 1896/820/1891
f 1896/820/1891 1875/89/1870 1113/3332/1108
f 994/3350/989 2225/1892/2220 1897/1591/1892
f 994/3350/989 1897/1591/1892 1638/3015/1633
f 781/100/776 2827/102/2822 2232/99/2227
f 2232/99/2227 2282/4189/2277 3151/3010/3146
f 1899/3432/1894 1233/4190/1228 743/3433/738
f 3046/3527/3041 1835/2616/1830 1233/2615/1228
f 1900/2600/1895 646/939/641 3122/2542/3117
f 646/939/641 1900/2600/1895 1349/940/1344
f 1901/4191/1896 1060/1608/1055 653/1607/648
f 511/2174/506 1901/4191/1896 653/1607/648
f 1868/4192/1863 2178/4193/2173 1902/4194/1897
f 3099/4169/3094 1868/2048/1863 1902/4195/1897
f 1903/2112/1898 1176/1309/1171 508/2164/503
f 2812/2690/2807 1903/2112/1898 508/2164/503
f 177/3479/172 1904/907/1899 1775/3477/1770
f 177/3479/172 2993/1320/2988 1904/907/1899
f 3370/3776/3365 3386/4196/3381 3056/3774/3051
f 1905/3816/1900 447/942/442 1224/941/1219
f 1576/206/1571 447/942/442 1905/3816/1900
f 883/3141/878 1906/930/1901 1187/288/1182
f 1906/930/1901 883/3141/878 528/3140/523
f 3387/4197/3382 3174/2575/3169 3348/2751/3343
f 647/623/642 1340/2804/1335 1907/621/1902
f 1340/2804/1335 740/490/735 1907/621/1902
f 1975/4198/1970 407/1842/402 1908/4199/1903
f 407/1842/402 2788/3452/2783 2785/4200/2780
f 3388/4201/3383 1935/4165/1930 3389/4202/3384
f 3390/4203/3385 3310/952/3305 231/951/226
f 1909/225/1904 917/985/912 834/987/829
f 1909/225/1904 2743/1300/2738 917/985/912
f 3337/2216/3332 3391/4204/3386 520/2217/515
f 307/1368/302 1910/4205/1905 103/453/98
f 2770/3629/2765 103/453/98 1910/4205/1905
f 1911/2571/1906 2533/3123/2528 843/2572/838
f 2065/347/2060 1118/327/1113 2533/3123/2528
f 694/696/689 2955/2402/2950 1912/697/1907
f 1912/1676/1907 130/1674/125 361/1673/356
f 2830/3905/2825 286/731/281 1913/1352/1908
f 1913/1352/1908 286/731/281 2737/1374/2732
f 731/2672/726 1914/3139/1909 314/1602/309
f 314/1602/309 2413/2854/2408 2654/1603/2649
f 3376/3870/3371 2937/2192/2932 3392/4206/3387
f 748/2841/743 1371/2842/1366 2530/2843/2525
f 2226/2111/2221 1985/323/1980 420/3530/415
f 1916/2679/1911 2556/4207/2551 412/4208/407
f 2163/2468/2158 412/1200/407 1760/1703/1755
f 1580/1144/1575 54/150/49 1917/1700/1912
f 1917/1700/1912 54/150/49 3043/1699/3038
f 116/702/111 135/4041/130 1918/703/1913
f 1918/703/1913 135/4041/130 2825/2935/2820
f 1921/1641/1916 1919/1642/1914 353/1571/348
f 3030/1907/3025 3034/948/3029 2907/1905/2902
f 1920/221/1915 885/254/880 1322/219/1317
f 885/254/880 1920/221/1915 2815/3144/2810
f 1921/1641/1916 2725/2308/2720 607/1643/602
f 1921/1641/1916 607/1643/602 1919/1642/1914
f 1756/2248/1751 982/2669/977 1922/3329/1917
f 1922/2590/1917 982/4209/977 2264/2670/2259
f 1923/3779/1918 1962/4210/1957 1423/3780/1418
f 88/1260/83 2840/4211/2835 2591/2329/2586
f 1924/1682/1919 2423/1684/2418 237/1686/232
f 1372/3164/1367 1924/1682/1919 237/1686/232
f 1925/1753/1920 2254/1644/2249 29/3131/25
f 2529/2710/2524 29/120/25 2062/122/2057
f 1081/647/1076 1926/2334/1921 2492/1356/2487
f 1081/647/1076 1280/1030/1275 1926/2334/1921
f 1927/1538/1922 328/1537/323 2713/1539/2708
f 1927/1538/1922 752/2851/747 328/1537/323
f 1928/1580/1923 1278/2983/1273 812/1219/807
f 1928/1580/1923 812/1219/807 864/3089/859
f 323/2918/318 1929/2746/1924 2376/2427/2371
f 1929/2746/1924 323/2918/318 1955/1069/1950
f 2769/4212/2764 2931/525/2926 1930/524/1925
f 328/1537/323 2675/400/2670 1930/524/1925
f 1931/3114/1926 1758/1149/1753 874/1148/869
f 1529/3113/1524 1931/3114/1926 874/1148/869
f 1932/3275/1927 1824/3259/1819 1706/2987/1701
f 940/1990/935 1824/4172/1819 1932/4142/1927
f 1933/175/1928 1157/3484/1152 1100/582/1095
f 1933/175/1928 33/174/29 1157/3484/1152
f 1934/4213/1929 1028/2108/1023 489/2107/484
f 1028/3847/1023 1934/4214/1929 73/3823/68
f 231/951/226 1935/4165/1930 3388/4201/3383 3390/4203/3385
f 231/951/226 2390/1723/2385 1935/4165/1930
f 1936/3189/1931 1323/1059/1318 3379/3970/3374 3378/3969/3373
f 1323/1059/1318 1936/3189/1931 3058/237/3053
f 3394/4215/3389 3065/4216/3060 3393/4217/3388
f 2641/338/2636 1937/337/1932 941/3260/936
f 941/3260/936 1937/337/1932 1752/3261/1747
f 2963/2967/2958 2967/2719/2962 161/832/156
f 1861/833/1856 161/832/156 2967/2719/2962
f 2514/2762/2509 349/1619/344 1939/1623/1934
f 1939/1623/1934 138/2451/133 710/209/705
f 1940/3808/1935 1991/4218/1986 1388/4219/1383
f 1388/4219/1383 1942/2336/1937 3095/2338/3090
f 2151/3396/2146 1859/829/1854 744/2834/739
f 1762/4112/1757 2151/3396/2146 744/2834/739
f 1942/2336/1937 1388/4219/1383 640/636/635
f 2739/2585/2734 640/636/635 1508/637/1503
f 776/1070/771 1943/2429/1938 1072/1214/1067
f 1943/2429/1938 2183/2593/2178 1072/1214/1067
f 3066/2262/3061 1944/1839/1939 538/230/533
f 1683/228/1678 538/230/533 1944/1839/1939
f 1739/3964/1734 355/3963/350 1945/3965/1940
f 1945/3965/1940 355/3963/350 1170/4077/1165
f 193/274/188 1448/3564/1443 1946/4220/1941
f 193/274/188 1946/4220/1941 484/4221/479
f 1075/2826/1070 1947/3404/1942 3273/3968/3268
f 3140/2828/3135 738/1549/733 1947/3404/1942
f 1993/4222/1988 2278/882/2273 1948/3616/1943
f 1015/1299/1010 1948/3485/1943 1083/3487/1078
f 331/1844/326 174/2595/169 1949/893/1944
f 1949/893/1944 174/2595/169 644/236/639
f 670/927/665 1950/2666/1945 1179/3333/1174
f 641/2589/636 1950/2666/1945 670/927/665
f 1951/103/1946 1802/3670/1797 1231/93/1226
f 2521/4176/2516 1953/4128/1948 1951/103/1946
f 1512/3948/1507 2003/3126/1998 2330/4223/2325
f 2330/4224/2325 2301/1791/2296 1512/1790/1507
f 1951/103/1946 1953/4128/1948 1802/3670/1797
f 3117/1494/3112 1802/3670/1797 1953/4128/1948
f 1954/1292/1949 3166/4225/3161 1219/4226/1214
f 1954/1292/1949 263/4087/258 3166/4225/3161
f 1929/2746/1924 1955/1069/1950 937/3725/932
f 822/2995/817 937/3725/932 1955/1069/1950
f 1956/3078/1951 580/2870/575 761/2869/756
f 1115/3529/1110 1956/3078/1951 761/2869/756
f 2519/3533/2514 1117/3532/1112 1957/4227/1952
f 2034/1268/2029 1957/2647/1952 1117/4228/1112
f 1958/3270/1953 3140/2828/3135 945/2827/940
f 1936/3189/1931 3170/3273/3165 2806/3190/2801
f 890/843/885 1959/3154/1954 442/1029/437
f 890/843/885 2920/3151/2915 1959/3154/1954
f 211/3875/206 2864/3283/2859 1735/1100/1730
f 2864/3283/2859 951/761/946 1735/1100/1730
f 1232/1487/1227 1783/1913/1778 1961/4229/1956
f 430/1490/425 1232/1487/1227 1961/4229/1956
f 1962/4210/1957 2840/4211/2835 88/1260/83
f 1423/3780/1418 1962/4210/1957 1971/3778/1966
f 1963/4230/1958 370/3844/365 1069/3843/1064
f 1963/2102/1958 1069/2281/1064 1585/2103/1580
f 1964/4231/1959 351/2941/346 777/2547/772
f 3001/2731/2996 351/2941/346 1964/4231/1959
f 1965/3314/1960 977/973/972 2560/3312/2555
f 1438/3883/1433 2484/4232/2479 1965/3012/1960
f 1966/539/1961 878/3303/873 547/2283/542
f 1966/539/1961 547/2283/542 747/540/742
f 3354/3076/3349 3395/4233/3390 2948/232/2943
f 664/2650/659 2475/3241/2470 1967/3240/1962
f 2441/2651/2436 3101/3873/3096 664/2650/659
f 2216/864/2211 1968/4234/1963 572/3542/567
f 1968/1253/1963 53/1255/48 572/4235/567
f 1667/4047/1662 2189/3393/2184 1969/3395/1964
f 1969/3395/1964 3291/1190/3286 1667/4047/1662
f 3264/1887/3259 1162/2568/1157 1970/888/1965
f 1970/888/1965 1162/2568/1157 2434/2990/2429
f 88/1260/83 1971/3778/1966 1962/4210/1957
f 1971/3778/1966 88/1260/83 2232/99/2227
f 931/3342/926 359/3341/354 1972/3343/1967
f 931/3342/926 1972/3343/1967 2810/2955/2805
f 1973/991/1968 2758/990/2753 346/994/341
f 1973/991/1968 2180/584/2175 1282/478/1277
f 1974/2675/1969 1488/1561/1483 2362/1560/2357
f 1974/2675/1969 375/3931/370 1488/1561/1483
f 1975/4198/1970 909/1843/904 407/1842/402
f 2302/4236/2297 2819/3994/2814 1975/4198/1970
f 674/1061/669 1976/1550/1971 90/1062/85
f 2016/3272/2011 1976/1550/1971 3170/3273/3165
f 1771/4237/1766 1977/1118/1972 2461/4238/2456
f 2247/1504/2242 1006/3372/1001 1977/1118/1972
f 400/3198/395 1978/356/1973 3031/355/3026
f 1978/356/1973 400/3198/395 469/84/464
f 798/4239/793 1979/2423/1974 678/559/673
f 3093/562/3088 1753/561/1748 2319/2811/2314
f 1980/2888/1975 2697/4094/2692 1711/1819/1706
f 1980/2888/1975 2056/4240/2051 2697/4094/2692
f 507/2161/502 1981/2160/1976 526/2085/521
f 526/2085/521 1981/2160/1976 2616/2233/2611
f 896/1180/891 3112/1179/3107 1982/3000/1977
f 1982/3000/1977 2403/2999/2398 896/1180/891
f 1983/2914/1978 557/4020/552 1600/2055/1595
f 1425/2054/1420 1983/2914/1978 1600/2055/1595
f 2373/4241/2368 1984/628/1979 283/4242/278
f 971/3075/966 283/4242/278 2921/479/2916
f 1985/323/1980 2530/2843/2525 3033/298/3028
f 1915/4243/1910 1985/323/1980 2226/2111/2221
f 1986/2476/1981 2823/4092/2818 2789/3913/2784
f 1294/1612/1289 1986/2476/1981 1461/1613/1456
f 2921/479/2916 157/587/152 1987/3250/1982
f 651/586/646 3005/2070/3000 157/587/152
f 87/297/82 3012/4244/3007 1988/322/1983
f 1988/322/1983 3033/298/3028 87/297/82
f 1301/1091/1296 1989/984/1984 1777/1093/1772
f 184/982/179 1989/984/1984 1301/1091/1296
f 438/3851/433 1624/878/1619 1990/1994/1985
f 438/3851/433 1990/1994/1985 290/3681/285
f 1991/4218/1986 1015/1299/1010 2922/2168/2917
f 1940/3808/1935 3116/3837/3111 1991/4218/1986
f 1992/2790/1987 17/1054/17 320/403/315
f 2046/4245/2041 1992/2790/1987 2354/4246/2349
f 1015/1299/1010 1993/4247/1988 1948/3485/1943
f 3116/3837/3111 1015/1299/1010 1991/4218/1986
f 1877/1381/1872 1223/4174/1218 2775/2799/2770
f 1223/4174/1218 1475/2929/1470 2025/1289/2020
f 1995/700/1990 321/1507/316 1485/698/1480
f 1995/700/1990 3215/1511/3210 2899/3304/2894
f 441/1338/436 787/705/782 1996/76/1991
f 787/705/782 2220/74/2215 1996/76/1991
f 713/2183/708 1653/1658/1648 1997/1660/1992
f 72/374/67 713/2183/708 1997/1660/1992
f 652/3579/647 1998/4017/1993 1747/4248/1742
f 2569/3413/2564 1747/4248/1742 3054/2153/3049
f 1213/2767/1208 714/2768/709 1999/4249/1994
f 683/1740/678 2154/4250/2149 2600/2552/2595
f 2000/848/1995 1377/3849/1372 227/3848/222
f 402/849/397 2000/848/1995 227/3848/222
f 1140/3561/1135 2001/1157/1996 15/3754/15
f 11/4251/11 2976/4252/2971 2965/49/2960
f 891/926/886 1062/3148/1057 2002/4253/1997
f 1062/3148/1057 1416/1263/1411 2984/3149/2979
f 299/834/294 3201/1708/3196 2003/3126/1998
f 2184/3124/2179 1120/1237/1115 299/834/294
f 2167/2764/2162 1279/921/1274 2004/2663/1999
f 2010/3694/2005 2736/3695/2731 1279/921/1274
f 2848/2196/2843 319/1501/314 3265/3067/3260
f 3265/3067/3260 319/1501/314 2598/1503/2593
f 2709/140/2704 155/255/150 2006/1360/2001
f 282/3069/277 2006/1360/2001 1005/2043/1000
f 658/198/653 2633/4254/2628 200/199/195
f 2633/4255/2628 725/1009/720 2939/1153/2934
f 1572/2130/1567 793/963/788 2008/2947/2003
f 2489/662/2484 2037/1221/2032 1812/660/1807
f 429/1910/424 1359/2024/1354 2009/2562/2004
f 3104/4256/3099 429/1910/424 2522/1911/2517
f 3198/920/3193 2010/3694/2005 1279/921/1274
f 445/412/440 3202/3696/3197 2010/3694/2005
f 2011/908/2006 2797/910/2792 1079/489/1074
f 1775/3477/1770 2011/908/2006 1079/489/1074
f 2012/1482/2007 82/289/77 1768/744/1763
f 882/1600/877 82/289/77 2012/1482/2007
f 749/2159/744 1472/2845/1467 2013/1656/2008
f 2013/1656/2008 1411/1655/1406 749/2159/744
f 2014/2789/2009 1992/2790/1987 910/3193/905
f 2214/4257/2209 443/1956/438 2237/1958/2232
f 2015/3746/2010 1288/3733/1283 2052/3735/2047
f 2015/3746/2010 2052/3735/2047 1312/2249/1307
f 2016/3272/2011 90/1062/85 1976/1550/1971
f 2016/3272/2011 908/1156/903 90/1062/85
f 2017/2909/2012 2669/2455/2664 773/901/768
f 2017/2909/2012 773/901/768 1611/1383/1606
f 1661/4258/1656 2044/4259/2039 2018/4260/2013
f 2018/4261/2013 1507/2026/1502 1661/2025/1656
f 2019/1986/2014 347/2478/342 1210/805/1205
f 2019/1986/2014 1210/805/1205 816/804/811
f 1587/3543/1582 1816/1413/1811 2020/2622/2015
f 2020/2622/2015 381/552/376 1587/3543/1582
f 2021/2709/2016 100/2638/95 1305/529/1300
f 2021/2709/2016 2769/4212/2764 1930/524/1925
f 639/2792/634 1888/2583/1883 2022/2582/2017
f 3229/3934/3224 2022/2582/2017 1888/2583/1883
f 2023/380/2018 2718/2122/2713 3246/2124/3241
f 566/500/561 2023/380/2018 192/382/187
f 1521/3723/1516 3146/4262/3141 2024/3960/2019
f 1285/1587/1280 2024/3727/2019 3146/3724/3141
f 2025/1289/2020 959/1291/954 2775/2799/2770
f 1223/4174/1218 2025/1289/2020 2775/2799/2770
f 2026/1264/2021 258/1266/253 1160/4263/1155
f 1160/4263/1155 2173/905/2168 2026/1264/2021
f 3016/3757/3011 1243/126/1238 2027/4264/2022
f 2335/87/2330 2027/4264/2022 2553/3684/2548
f 2028/4265/2023 600/701/595 2160/4266/2155
f 116/702/111 600/701/595 3075/4267/3070
f 2029/235/2024 1486/955/1481 1143/3429/1138
f 1011/811/1006 2029/235/2024 1143/3429/1138
f 1364/3817/1359 2179/2296/2174 2030/3374/2025
f 2081/53/2076 2179/2296/2174 510/418/505
f 148/287/143 312/4268/307 2031/3142/2026
f 2031/3142/2026 312/4268/307 528/3140/523
f 648/1950/643 2032/1386/2027 3037/2163/3032
f 2032/1386/2027 648/1950/643 685/2607/680
f 740/490/735 2033/1513/2028 3084/1512/3079
f 3018/3794/3013 2033/1513/2028 740/490/735
f 612/2646/607 3107/1269/3102 2034/1268/2029
f 2034/1268/2029 1117/4228/1112 612/2646/607
f 313/1252/308 53/1015/48 2035/4120/2030
f 2035/4120/2030 1785/173/1780 313/1252/308
f 452/3622/447 45/397/40 2036/396/2031
f 2772/1888/2767 452/3622/447 2862/1889/2857
f 2037/1221/2032 793/963/788 2109/965/2104
f 2008/2947/2003 793/963/788 2037/1221/2032
f 641/2179/636 638/4269/633 2038/2177/2033
f 2038/2177/2033 638/4269/633 891/2579/886
f 2495/2755/2490 2039/354/2034 281/2757/276
f 2039/354/2034 2333/353/2328 281/2757/276
f 1851/2452/1846 47/223/42 2040/988/2035
f 168/1478/163 2040/988/2035 47/223/42
f 2041/62/2036 13/721/13 1400/723/1395
f 1400/723/1395 382/61/377 2041/62/2036
f 2324/1759/2319 3203/1761/3198 2042/2665/2037
f 669/1488/664 2042/2665/2037 1335/1702/1330
f 1541/3981/1536 913/3199/908 2043/2414/2038
f 2043/2414/2038 913/3199/908 3396/4270/3391 3358/3203/3353
f 2044/4259/2039 1661/4258/1656 1238/4271/1233
f 1209/4272/1204 2044/4259/2039 1238/4271/1233
f 2282/4189/2277 3083/3011/3078 3151/3010/3146
f 3083/3011/3078 2282/4189/2277 3110/4273/3105
f 1992/2790/1987 2046/4245/2041 1087/594/1082
f 2046/4245/2041 1459/595/1454 1087/594/1082
f 1151/2559/1146 2685/3574/2680 2593/2557/2588
f 2292/1223/2287 2685/3574/2680 1151/2559/1146
f 2048/4274/2043 451/1987/446 2802/4275/2797
f 2048/4274/2043 2019/1986/2014 451/1987/446
f 2049/2051/2044 390/4141/385 1364/3817/1359
f 2049/2051/2044 1364/3817/1359 2030/3374/2025
f 1887/3471/1882 394/3470/389 2050/807/2045
f 2050/1795/2045 394/1730/389 1684/1129/1679
f 993/2210/988 2051/332/2046 2096/2273/2091
f 2881/4276/2876 2414/331/2409 523/2782/518
f 2052/3735/2047 2142/868/2137 531/2247/526
f 531/2247/526 1312/2249/1307 2052/3735/2047
f 2053/1218/2048 1440/1465/1435 864/3089/859
f 812/1219/807 2053/1218/2048 864/3089/859
f 1982/3000/1977 2054/1727/2049 824/2998/819
f 1678/1192/1673 824/2998/819 2099/1002/2094
f 892/1924/887 2854/3956/2849 1518/3155/1513
f 892/1924/887 1060/1608/1055 2854/3956/2849
f 2337/3220/2332 767/3219/762 2056/1977/2051
f 2056/4240/2051 767/4277/762 2697/4094/2692
f 480/2021/475 2057/639/2052 1519/638/1514
f 2708/4278/2703 2328/2077/2323 189/2076/184
f 1161/3588/1156 2058/3589/2053 383/3586/378
f 1838/2794/1833 3243/3195/3238 2058/4279/2053
f 2059/381/2054 3008/324/3003 3070/326/3065
f 2023/380/2018 3182/2715/3177 2059/381/2054
f 276/3412/271 2060/3055/2055 297/1415/292
f 2794/261/2789 2060/3055/2055 2107/259/2102
f 444/1959/439 2061/2089/2056 1946/1962/1941
f 2061/2089/2056 444/1959/439 2504/393/2499
f 100/2638/95 2062/122/2057 1564/121/1559
f 2062/122/2057 100/2638/95 2021/2709/2016
f 2063/2412/2058 584/618/579 142/506/137
f 954/2409/949 584/618/579 2063/2412/2058
f 2064/3692/2059 1620/3691/1615 1736/3840/1731
f 2064/3692/2059 1736/3840/1731 1268/3701/1263
f 1619/294/1614 417/293/412 3340/2432/3335 3397/4280/3392
f 881/3135/876 1619/294/1614 3397/4280/3392 3382/4031/3377
f 1911/2571/1906 1462/2569/1457 2065/347/2060
f 2065/347/2060 2533/3123/2528 1911/2571/1906
f 2846/1616/2841 1156/1615/1151 2066/779/2061
f 2066/779/2061 1156/1615/1151 539/780/534
f 1770/3311/1765 2067/4281/2062 973/2068/968
f 2067/4281/2062 2048/2639/2043 973/2068/968
f 2068/398/2063 752/2851/747 1656/263/1651
f 2068/398/2063 2675/400/2670 752/2851/747
f 2069/2495/2064 1117/4228/1112 258/1266/253
f 2069/2495/2064 612/2646/607 1117/4228/1112
f 2836/4282/2831 985/818/980 1792/80/1787
f 458/77/453 2836/4282/2831 1792/80/1787
f 455/1378/450 1435/1810/1430 2071/1999/2066
f 455/2931/450 2071/2930/2066 1475/2929/1470
f 1287/3729/1282 1264/3730/1259 2072/3734/2067
f 2072/3734/2067 1264/3730/1259 2052/3735/2047
f 691/3777/686 2073/2847/2068 1116/2109/1111
f 2059/381/2054 3182/2715/3177 3008/324/3003
f 2236/4283/2231 918/4284/913 2074/4285/2069
f 918/4284/913 2273/2319/2268 2083/2318/2078
f 976/2289/971 1797/86/1792 2075/3317/2070
f 2075/3317/2070 753/2290/748 976/2289/971
f 2076/242/2071 2377/4286/2372 2256/4287/2251
f 2877/4288/2872 2377/4286/2372 2076/242/2071
f 738/1549/733 674/1061/669 2077/3399/2072
f 674/1061/669 1865/1722/1860 3212/2677/3207
f 2354/2778/2349 2078/4289/2073 399/2776/394
f 2078/4289/2073 2028/3336/2023 399/2776/394
f 1148/1315/1143 2741/1282/2736 2079/1281/2074
f 368/3567/363 1148/1315/1143 2079/1281/2074
f 1855/2860/1850 2080/3675/2075 1235/3516/1230
f 1235/4290/1230 2080/2883/2075 3285/4291/3280
f 2030/3374/2025 2179/2296/2174 2081/53/2076
f 2030/3374/2025 2081/53/2076 3199/4292/3194
f 3377/3901/3372 3398/4293/3393 2515/1829/2510
f 2082/2298/2077 2937/2192/2932 801/2191/796
f 2632/2965/2627 1201/2367/1196 2786/2301/2781
f 2074/4285/2069 918/4284/913 2083/2318/2078
f 2083/4294/2078 557/2315/552 2074/3216/2069
f 409/740/404 378/739/373 2084/4185/2079
f 2115/4295/2110 378/739/373 2308/3033/2303
f 555/2031/550 1338/2310/1333 2085/3688/2080
f 2686/3942/2681 2085/3688/2080 1338/2310/1333
f 3393/4217/3388 3065/4216/3060 3/2017/3 3333/2016/3328
f 533/4296/528 3/686/3 3065/4297/3060
f 2196/2959/2191 2087/1076/2082 2876/3019/2871
f 2087/1076/2082 835/840/830 3309/839/3304 3364/3569/3359
f 2088/3289/2083 1055/4298/1050 2892/3290/2887
f 2198/4299/2193 930/4300/925 1055/4298/1050
f 1909/225/1904 834/987/829 2089/226/2084
f 1050/1500/1045 2759/1595/2754 834/987/829
f 2762/775/2757 2090/3539/2085 456/911/451
f 456/911/451 2925/2001/2920 818/1953/813
f 2091/1160/2086 448/2344/443 3281/950/3276
f 2091/1160/2086 48/1706/43 448/2344/443
f 1700/1295/1695 266/1294/261 2092/1301/2087
f 3131/1456/3126 266/4004/261 1562/1454/1557
f 2093/3051/2088 726/1975/721 274/1331/269
f 2093/3051/2088 274/1331/269 2746/812/2741
f 1598/2391/1593 2348/176/2343 2094/1243/2089
f 521/581/516 252/583/247 2094/1243/2089
f 93/2603/88 502/2143/497 2095/514/2090
f 2299/3538/2294 1119/1370/1114 93/2603/88
f 2096/2273/2091 2881/4276/2876 523/2782/518
f 523/2782/518 2257/1229/2252 2096/2273/2091
f 851/2493/846 144/1011/139 2097/1013/2092
f 2097/1013/2092 3094/4301/3089 2100/3058/2095
f 757/732/752 2098/2866/2093 480/2021/475
f 2499/1018/2494 2098/2866/2093 757/732/752
f 2099/1002/2094 2326/4040/2321 1633/1003/1628
f 824/2998/819 2322/4302/2317 2099/1002/2094
f 2615/2492/2610 851/2493/846 2100/3058/2095
f 2100/3058/2095 851/2493/846 2097/1013/2092
f 1943/2429/1938 2101/2594/2096 2531/4303/2526
f 643/1068/638 2101/4304/2096 1339/1067/1334
f 2102/3233/2097 600/701/595 1918/703/1913
f 987/3335/982 600/701/595 2102/3233/2097
f 341/4305/336 1652/885/1647 2103/1589/2098
f 1012/819/1007 341/2115/336 2103/4306/2098
f 1813/2419/1808 496/4307/491 2104/2417/2099
f 2754/2127/2749 496/147/491 1436/1438/1431
f 318/2922/313 2105/1847/2100 778/215/773
f 423/213/418 778/215/773 2105/1847/2100
f 2769/4212/2764 1246/2560/1241 2106/4308/2101
f 1246/2560/1241 1191/3621/1186 2106/4308/2101
f 2107/259/2102 2397/3057/2392 3240/260/3235
f 2060/3055/2055 2397/3057/2392 2107/259/2102
f 712/1851/707 2108/3161/2103 894/3163/889
f 140/1850/135 2731/683/2726 712/1851/707
f 2109/965/2104 772/4309/767 2687/1222/2682
f 772/4309/767 2109/965/2104 1740/2906/1735
f 1531/3267/1526 2110/3528/2105 1114/663/1109
f 1114/663/1109 2110/3528/2105 128/661/123
f 2111/2521/2106 1214/4310/1209 2744/3654/2739
f 87/297/82 1214/4310/1209 3012/4244/3007
f 2112/1195/2107 821/358/816 2027/208/2022
f 2112/1195/2107 1784/1903/1779 821/358/816
f 216/1088/211 2113/4311/2108 336/1086/331
f 2113/4311/2108 2311/4312/2306 336/1086/331
f 2114/244/2109 2404/4313/2399 1003/245/998
f 2114/244/2109 338/202/333 245/2437/240
f 2084/1849/2079 2115/725/2110 1491/727/1486
f 2084/4185/2079 378/739/373 2115/4295/2110
f 58/2333/53 1526/2335/1521 3259/416/3254
f 3259/416/3254 1526/2335/1521 2551/4314/2546
f 1543/3605/1538 1175/2074/1170 2117/3604/2112
f 2117/3604/2112 1175/2074/1170 1541/2073/1536
f 1386/2539/1381 198/3835/193 2118/2618/2113
f 2118/2618/2113 198/3835/193 2947/2619/2942
f 1004/4315/999 2119/2630/2114 1763/295/1758
f 3137/4316/3132 2119/2630/2114 1004/4315/999
f 621/448/616 1392/3765/1387 2120/217/2115
f 1424/2831/1419 2120/217/2115 1392/3765/1387
f 2121/4317/2116 3085/3549/3080 3175/2984/3170
f 1206/484/1201 3213/483/3208 813/340/808
f 2251/1968/2246 2122/2761/2117 709/1527/704
f 2122/2761/2117 2817/2938/2812 709/1527/704
f 1324/2044/1319 2123/1361/2118 1294/1612/1289
f 2006/1360/2001 2123/1361/2118 1324/2044/1319
f 2124/906/2119 1531/3267/1526 1114/663/1109
f 2993/1320/2988 1531/3267/1526 2124/906/2119
f 867/179/862 2125/1336/2120 2512/177/2507
f 2125/1336/2120 2306/2276/2301 1642/1334/1637
f 1552/1578/1547 2126/2741/2121 1533/3052/1528
f 848/1976/843 1533/3052/1528 2337/3220/2332
f 759/2536/754 2483/1177/2478 2127/1770/2122
f 759/2536/754 2127/1770/2122 296/1769/291
f 2128/1562/2123 2130/4318/2125 2047/2556/2042
f 1490/1721/1485 2204/2342/2199 2128/4319/2123
f 2129/1973/2124 703/842/698 2235/1972/2230
f 1705/844/1700 703/1583/698 2129/3378/2124
f 2047/2556/2042 2130/4318/2125 186/2554/181
f 2128/4319/2123 3087/4320/3082 2130/4321/2125
f 1866/1857/1861 2131/1101/2126 649/2610/644
f 1866/1857/1861 1428/1102/1423 2131/1101/2126
f 277/426/272 2132/3419/2127 1035/427/1030
f 277/426/272 3060/409/3055 3276/290/3271
f 2133/4322/2128 1487/3031/1482 10/4323/10
f 2133/4322/2128 585/3032/580 1487/3031/1482
f 1242/3025/1237 838/4183/833 2134/3023/2129
f 1864/2633/1859 2134/3027/2129 838/39/833
f 1311/156/1306 1455/3904/1450 2135/2251/2130
f 2135/2251/2130 1455/3904/1450 1417/3854/1412
f 543/3107/538 1014/3109/1009 2136/4324/2131
f 112/3384/107 2894/566/2889 1014/3109/1009
f 1576/206/1571 2206/205/2201 2137/981/2132
f 2137/981/2132 120/2375/115 1496/3623/1491
f 2138/2464/2133 599/3558/594 1718/2465/1713
f 1273/2259/1268 599/709/594 2138/4325/2133
f 2139/3117/2134 115/1359/110 877/1358/872
f 877/1358/872 1363/3815/1358 3185/4326/3180
f 2140/3251/2135 1823/890/1818 934/3930/929
f 2140/3251/2135 934/3930/929 1482/425/1477
f 2141/4327/2136 2772/1888/2767 2201/526/2196
f 2931/525/2926 2769/4212/2764 2106/4308/2101
f 169/3706/164 2142/868/2137 1264/3730/1259
f 2052/3735/2047 1264/3730/1259 2142/868/2137
f 2105/1847/2100 2143/2923/2138 408/2829/403
f 2143/2923/2138 1683/228/1678 408/2829/403
f 2144/2307/2139 1867/460/1862 554/2517/549
f 2144/2307/2139 2893/2305/2888 3210/3820/3205
f 2145/4025/2140 2644/788/2639 1023/966/1018
f 2145/4025/2140 1023/966/1018 1057/1258/1052
f 567/2352/562 2146/928/2141 528/3140/523
f 2146/928/2141 1906/930/1901 528/3140/523
f 2147/2626/2142 52/257/47 2170/256/2165
f 3269/3737/3264 52/257/47 2147/2626/2142
f 558/4328/553 2148/1181/2143 2915/1183/2910
f 2148/1181/2143 558/4328/553 2913/4329/2908
f 2442/1399/2437 1399/3762/1394 2149/598/2144
f 2319/2811/2314 798/4239/793 3093/562/3088
f 93/2603/88 2150/2602/2145 502/2143/497
f 502/488/497 2150/3478/2145 1775/3477/1770
f 1020/2211/1015 2151/3396/2146 1941/2125/1936
f 2151/3396/2146 1762/4112/1757 1941/2125/1936
f 1467/1893/1462 2152/1895/2147 815/1886/810
f 815/4330/810 2152/2265/2147 633/2266/628
f 2669/2455/2664 1970/888/1965 597/2989/592
f 2669/2455/2664 597/2989/592 773/901/768
f 2154/4250/2149 1999/4249/1994 2600/2552/2595
f 1999/3620/1994 2154/3618/2149 1189/2659/1184
f 2155/1434/2150 2785/4331/2780 156/1435/151
f 302/1551/297 1908/1553/1903 2155/1434/2150
f 583/2407/578 1141/736/1136 2156/738/2151
f 2379/1543/2374 2375/1542/2370 2156/738/2151
f 2157/4332/2152 2484/4232/2479 1438/3883/1433
f 2740/684/2735 2157/2253/2152 1438/3884/1433
f 1494/1618/1489 1240/1617/1235 2158/2264/2153
f 2158/2264/2153 1801/139/1796 1494/1618/1489
f 2159/4333/2154 1170/4334/1165 1685/3603/1680
f 2159/4335/2154 1945/3965/1940 1170/4077/1165
f 2160/2777/2155 987/1815/982 1333/101/1328
f 987/3335/982 2160/4266/2155 600/701/595
f 2667/3103/2662 471/1265/466 2161/2046/2156
f 2667/3103/2662 2161/2046/2156 81/757/76
f 2162/680/2157 500/879/495 1366/2137/1361
f 2162/680/2157 162/880/157 500/879/495
f 412/4208/407 2163/1860/2158 1916/2679/1911
f 948/1558/943 1916/2679/1911 2163/1860/2158
f 2164/2660/2159 683/2696/678 1782/2698/1777
f 2164/2660/2159 1189/2659/1184 683/2696/678
f 603/2475/598 2165/1610/2160 1704/1609/1699
f 603/2475/598 1240/1617/1235 2165/1610/2160
f 2166/3464/2161 1842/4156/1837 723/946/718
f 2722/945/2717 2166/3464/2161 723/946/718
f 2605/2763/2600 2167/2764/2162 79/2662/74
f 79/2662/74 2167/2764/2162 2004/2663/1999
f 2168/2497/2163 1107/2075/1102 3053/3523/3048
f 2601/1943/2596 1107/2075/1102 2168/2497/2163
f 1003/3366/998 2169/671/2164 2524/3367/2519
f 416/1870/411 2169/671/2164 2611/558/2606
f 1032/2631/1027 2147/2626/2142 2170/256/2165
f 1032/3322/1027 2170/3004/2165 489/3003/484
f 1580/1144/1575 477/1363/472 2171/1147/2166
f 477/1363/472 2942/151/2937 2171/1147/2166
f 1040/1444/1035 782/1443/777 2172/1247/2167
f 782/1443/777 392/1785/387 2172/1247/2167
f 1269/755/1264 2173/905/2168 288/1382/283
f 288/2911/283 2173/3585/2168 1131/1384/1126
f 497/1638/492 1572/2130/1567 2174/756/2169
f 2174/756/2169 1269/755/1264 2447/3710/2442
f 311/1072/306 2175/316/2170 3136/3890/3131
f 311/1072/306 1710/314/1705 2175/316/2170
f 2176/2535/2171 69/2534/64 622/388/617
f 2176/2535/2171 2483/1177/2478 759/2536/754
f 2177/2052/2172 2049/3276/2044 774/2912/769
f 2177/2052/2172 774/2912/769 2719/1988/2714
f 1868/4192/1863 1007/4336/1002 2178/4193/2173
f 1007/3591/1002 756/2189/751 2178/3886/2173
f 2179/2296/2174 1364/3817/1359 80/2172/75
f 1077/2295/1072 2179/2296/2174 80/2172/75
f 3394/4215/3389 3399/4337/3394 3065/4216/3060
f 346/994/341 2180/584/2175 1973/991/1968
f 346/994/341 1051/3446/1046 2180/584/2175
f 2181/4338/2176 655/2627/650 2466/4136/2461
f 2541/1704/2536 655/2627/650 2181/4338/2176
f 912/624/907 1180/1817/1175 2182/2039/2177
f 2182/2039/2177 1180/1817/1175 1674/2937/1669
f 2183/2593/2178 1943/2429/1938 2531/4303/2526
f 2531/4303/2526 964/3302/959 2183/2593/2178
f 2184/3124/2179 2003/3126/1998 1401/3125/1396
f 2184/3124/2179 299/834/294 2003/3126/1998
f 2185/246/2180 105/3500/100 1090/4339/1085
f 2185/246/2180 1090/4339/1085 975/247/970
f 2453/3552/2448 2186/2291/2181 1686/4340/1681
f 944/3269/939 2186/2291/2181 2453/3552/2448
f 3162/3073/3157 2187/3187/2182 907/1786/902
f 3162/3073/3157 1773/3185/1768 2187/3187/2182
f 2188/1661/2183 1112/4341/1107 2612/3788/2607
f 2188/1661/2183 1206/3639/1201 2199/4342/2194
f 1019/3347/1014 2189/3393/2184 2345/330/2340
f 1019/3347/1014 3193/4180/3188 2189/3393/2184
f 3241/3434/3236 62/4343/57 2190/898/2185
f 62/4343/57 2536/896/2531 2190/898/2185
f 1905/3816/1900 1224/941/1219 2191/1333/2186
f 2191/1333/2186 1224/941/1219 274/1331/269
f 2192/3983/2187 980/2147/975 1545/3325/1540
f 3009/4344/3004 2192/3983/2187 1545/3325/1540
f 1686/2737/1681 2193/2739/2188 344/1484/339
f 2186/2291/2181 2193/2852/2188 1686/4340/1681
f 2194/4114/2189 1977/1118/1972 1771/4237/1766
f 435/1920/430 2194/1919/2189 1771/2770/1766
f 171/1796/166 2195/1449/2190 889/617/884
f 2195/1449/2190 306/1451/301 2698/4345/2693
f 3400/4346/3395 417/293/412 3342/2434/3337
f 2087/1076/2082 2196/2959/2191 835/840/830
f 2196/2959/2191 1657/2797/1652 835/840/830
f 1048/3686/1043 2197/1028/2192 1280/1030/1275
f 1048/3686/1043 446/841/441 2197/1028/2192
f 2198/4299/2193 1055/4298/1050 2088/3289/2083
f 2198/4347/2193 2088/3450/2083 10/3449/10
f 1112/4341/1107 2188/1661/2183 2199/4342/2194
f 2199/4059/2194 1653/1658/1648 1112/2182/1107
f 1188/3617/1183 2200/1034/2195 3055/1555/3050
f 2986/3689/2981 2776/786/2771 1188/3617/1183
f 2201/526/2196 2772/1888/2767 904/1890/899
f 2401/3183/2396 904/1890/899 594/2444/589
f 1764/1296/1759 2202/4088/2197 1197/3628/1192
f 1197/3628/1192 2202/4088/2197 3040/3209/3035
f 736/1316/731 2203/1329/2198 1255/1326/1250
f 2203/1329/2198 1593/445/1588 1255/1326/1250
f 2130/4321/2125 3087/4320/3082 186/474/181
f 186/474/181 2262/3001/2257 825/475/820
f 1066/3459/1061 2205/3049/2200 1352/3803/1347
f 2205/3049/2200 1066/3459/1061 2230/2658/2225
f 2206/205/2201 2444/3514/2439 3130/4348/3125
f 2137/981/2132 2206/205/2201 3130/4348/3125
f 1340/2804/1335 729/2803/724 2207/3795/2202
f 2207/3795/2202 729/2803/724 1430/1469/1425
f 2208/3388/2203 2726/1654/2721 559/2323/554
f 559/2323/554 1791/1079/1786 2208/3388/2203
f 2470/2199/2465 779/2322/774 2148/1181/2143
f 364/2321/359 779/2322/774 2219/1685/2214
f 223/1665/218 2210/1912/2205 1395/1486/1390
f 1395/1486/1390 2210/1912/2205 1232/1487/1227
f 2211/1688/2206 1561/325/1556 267/4349/262
f 3070/326/3065 1561/325/1556 2211/1688/2206
f 2076/242/2071 1134/241/1129 2212/4350/2207
f 1134/241/1129 1689/357/1684 2869/3553/2864
f 389/1771/384 2213/1772/2208 1302/1773/1297
f 2973/3207/2968 2213/1772/2208 389/1771/384
f 273/210/268 2214/597/2209 910/3192/905
f 910/3193/905 2214/4257/2209 2014/2789/2009
f 2215/2258/2210 2138/2462/2133 134/1277/129
f 1730/1276/1725 2215/2258/2210 134/1277/129
f 1123/2371/1118 1968/4234/1963 2216/864/2211
f 1927/1538/1922 1123/2371/1118 2216/864/2211
f 261/1327/256 427/4351/422 2217/1328/2212
f 1825/497/1820 2217/1328/2212 3100/2489/3095
f 2218/2267/2213 522/3546/517 579/2268/574
f 2218/2267/2213 2140/3251/2135 522/3546/517
f 1786/2924/1781 2219/1685/2214 2209/2312/2204
f 2219/1685/2214 779/2322/774 2470/2199/2465
f 2220/74/2215 807/1780/802 238/75/233
f 3154/1425/3149 807/1422/802 2220/2977/2215
f 2263/2195/2258 1586/4129/1581 2221/4177/2216
f 2221/4177/2216 1953/4128/1948 1878/4352/1873
f 1180/1817/1175 912/624/907 2222/494/2217
f 2222/494/2217 912/624/907 1469/495/1464
f 3081/1342/3076 1607/4353/1602 2223/3504/2218
f 1647/4354/1642 2223/3504/2218 1607/4353/1602
f 2217/1328/2212 2224/3570/2219 1149/211/1144
f 788/1904/783 1149/211/1144 2224/3570/2219
f 904/1890/899 2225/1892/2220 342/2445/337
f 342/2445/337 2225/1892/2220 994/3350/989
f 750/2110/745 2459/2717/2454 2226/2111/2221
f 2459/2717/2454 1915/4243/1910 2226/2111/2221
f 1369/1304/1364 2227/3461/2222 1329/3783/1324
f 1067/3460/1062 1329/3783/1324 2227/3461/2222
f 2228/1452/2223 1262/1274/1257 660/3230/655
f 660/2642/655 2508/2641/2503 2229/2645/2224
f 2229/2599/2224 2228/1452/2223 660/3230/655
f 2228/1452/2223 2229/2599/2224 2694/2598/2689
f 2230/2658/2225 1066/3459/1061 1762/4112/1757
f 744/2834/739 2230/2658/2225 1762/4112/1757
f 241/1122/236 2231/1031/2226 2712/759/2707
f 3132/3655/3127 3091/3979/3086 241/1122/236
f 2232/99/2227 1898/464/1893 2045/2927/2040
f 88/1260/83 1898/464/1893 2232/99/2227
f 574/632/569 1712/522/1707 2233/521/2228
f 574/632/569 2426/513/2421 1817/2377/1812
f 2236/4355/2231 2234/3213/2229 918/3212/913
f 475/2007/470 1045/2006/1040 2234/3213/2229
f 2235/1972/2230 446/841/441 1048/3686/1043
f 703/842/698 446/841/441 2235/1972/2230
f 2234/3213/2229 2236/4355/2231 475/2007/470
f 2940/3215/2935 557/2315/552 475/2317/470
f 2214/4257/2209 2237/1958/2232 2014/2789/2009
f 2872/2009/2867 2870/2791/2865 2014/2789/2009
f 1863/2802/1858 2238/4164/2233 2243/4163/2238
f 31/1293/27 2238/436/2233 1863/1715/1858
f 1893/1696/1888 2239/67/2234 550/1697/545
f 1893/1696/1888 1663/3756/1658 2239/67/2234
f 31/1293/27 1863/1715/1858 2240/1717/2235
f 31/1293/27 2240/1717/2235 1027/451/1022
f 512/4356/507 2269/4357/2264 2241/924/2236
f 181/273/176 2264/2670/2259 2241/924/2236
f 2242/4137/2237 2181/4338/2176 2466/4136/2461
f 2366/2903/2361 2242/4137/2237 2535/2904/2530
f 2255/4162/2250 1322/219/1317 2243/4163/2238
f 118/253/113 2243/4163/2238 1322/219/1317
f 2244/3435/2239 1042/105/1037 1402/3846/1397
f 2244/3435/2239 1402/3846/1397 3110/4273/3105
f 209/1351/204 2245/4358/2240 1694/1349/1689
f 1098/1055/1093 1694/1349/1689 2245/4358/2240
f 1639/4051/1634 1648/4050/1643 2246/2808/2241
f 2246/2808/2241 1648/4050/1643 727/4359/722
f 484/4221/479 1383/4360/1378 2247/1504/2242
f 2598/1503/2593 484/4221/479 2247/1504/2242
f 1128/902/1123 176/1640/171 2248/903/2243
f 2248/903/2243 176/1640/171 2874/3709/2869
f 872/4361/867 1880/4179/1875 2249/3987/2244
f 1548/3985/1543 872/4361/867 2249/3987/2244
f 1664/3274/1659 1559/1733/1554 2250/1628/2245
f 2250/1628/2245 1559/1733/1554 946/737/941
f 868/3100/863 2433/1969/2428 2251/1968/2246
f 709/1527/704 868/3100/863 2251/1968/2246
f 2252/4362/2247 881/1094/876 1819/1096/1814
f 2535/2904/2530 2242/4137/2237 2466/4136/2461
f 2253/2355/2248 1514/1350/1509 2274/735/2269
f 209/1351/204 1514/1350/1509 2253/2355/2248
f 2256/4287/2251 2377/4286/2372 879/3128/874
f 2256/4287/2251 879/3128/874 119/3130/114
f 406/220/401 1322/219/1317 2255/4162/2250
f 1575/1838/1570 406/220/401 2792/2945/2787
f 2254/1644/2249 2256/4287/2251 119/3130/114
f 2256/4287/2251 2254/1644/2249 2076/242/2071
f 2257/4363/2252 523/4364/518 1447/2224/1442
f 2257/4363/2252 1447/2224/1442 2329/4365/2324
f 2258/3083/2253 358/1664/353 315/1485/310
f 315/1485/310 952/3084/947 2258/3083/2253
f 2259/1330/2254 736/1316/731 1713/1285/1708
f 1713/1285/1708 270/4096/265 2259/1330/2254
f 2260/599/2255 2149/598/2144 1399/3762/1394
f 1399/3762/1394 3089/614/3084 2260/599/2255
f 343/111/338 379/113/374 2261/918/2256
f 379/113/374 849/3053/844 2613/2692/2608
f 2204/2342/2199 448/2344/443 2262/3001/2257
f 3087/4320/3082 2262/3001/2257 186/474/181
f 1878/4352/1873 2263/2195/2258 2221/4177/2216
f 2263/2195/2258 1878/4352/1873 2848/2196/2843
f 2241/924/2236 2264/2670/2259 512/4356/507
f 2264/2670/2259 982/4209/977 512/4356/507
f 2265/3857/2260 3183/3856/3178 1418/1245/1413
f 2265/3998/2260 2919/2392/2914 3183/4366/3178
f 2266/318/2261 1307/4065/1302 46/59/41
f 2266/652/2261 1140/3561/1135 1307/3753/1302
f 2267/3906/2262 1291/1720/1286 1460/3907/1455
f 1291/1720/1286 2267/3906/2262 231/951/226
f 2811/695/2806 1912/697/1907 2268/4367/2263
f 535/675/530 2268/4367/2263 1273/2463/1268
f 2241/924/2236 2269/4357/2264 679/1427/674
f 2269/4357/2264 2803/3673/2798 679/1427/674
f 678/559/673 2611/558/2606 2270/2687/2265
f 2270/2687/2265 1226/549/1221 293/551/288
f 2271/1621/2266 3028/1624/3023 349/1619/344
f 2271/1621/2266 811/2982/806 384/4368/379
f 2272/3323/2267 1937/321/1932 979/4369/974
f 2285/3265/2280 2435/3324/2430 2272/3323/2267
f 1104/2440/1099 2273/3214/2268 1045/2006/1040
f 2273/3214/2268 2234/3213/2229 1045/2006/1040
f 1514/1350/1509 413/1862/408 2274/735/2269
f 413/1862/408 360/1863/355 2274/735/2269
f 2793/4370/2788 1098/4371/1093 2275/1375/2270
f 2245/1376/2240 2275/1375/2270 1098/4371/1093
f 2276/3999/2271 1560/3583/1555 997/579/992
f 45/397/40 1560/473/1555 2276/395/2271
f 2277/3297/2272 543/3107/538 1513/3986/1508
f 2277/3297/2272 1513/3986/1508 2249/3987/2244
f 187/883/182 2278/882/2273 1186/957/1181
f 1186/957/1181 2278/882/2273 3116/3614/3111
f 3248/3291/3243 2279/707/2274 2286/710/2281
f 2279/707/2274 958/1569/953 3030/1109/3025
f 1278/2438/1273 2280/3720/2275 1726/4181/1721
f 338/202/333 2280/3720/2275 1278/2438/1273
f 2967/2719/2962 2281/3441/2276 3287/2718/3282
f 248/4067/243 2281/3441/2276 1670/2558/1665
f 2045/2927/2040 2282/4189/2277 2232/99/2227
f 2045/2927/2040 831/272/826 2282/4189/2277
f 2283/512/2278 2956/3110/2951 1528/449/1523
f 814/2986/809 873/909/868 2283/512/2278
f 2284/4372/2279 2401/3183/2396 76/3182/71
f 592/266/587 2284/4373/2279 76/267/71
f 979/4369/974 2285/3265/2280 2272/3323/2267
f 2285/3265/2280 979/4369/974 2657/4374/2652
f 968/1567/963 2286/710/2281 335/1508/330
f 2361/1506/2356 335/1508/330 2286/710/2281
f 853/3065/848 1701/3064/1696 2287/1117/2282
f 1036/1119/1031 853/3065/848 2287/1117/2282
f 1318/4375/1313 1830/4143/1825 2288/3770/2283
f 1318/4375/1313 2288/3770/2283 1880/4179/1875
f 2289/3480/2284 1605/3111/1600 3004/3112/2999
f 2289/3480/2284 83/450/78 1605/3111/1600
f 2290/3864/2285 1422/1749/1417 1194/2152/1189
f 1194/2152/1189 1716/3625/1711 2290/3864/2285
f 1747/4248/1742 276/3412/271 2291/1414/2286
f 1747/4248/1742 2291/1414/2286 652/3579/647
f 1046/2720/1041 1357/1784/1352 2292/1223/2287
f 966/1783/961 2292/1223/2287 1357/1784/1352
f 1375/3828/1370 1500/2260/1495 2293/1178/2288
f 2293/1178/2288 2403/2999/2398 1375/3828/1370
f 1034/2053/1029 2294/1056/2289 1697/533/1692
f 3006/856/3001 2977/606/2972 2294/1056/2289
f 2861/2896/2856 1691/2895/1686 2295/2899/2290
f 1752/3261/1747 2295/2899/2290 1691/2895/1686
f 831/272/826 3110/4273/3105 2282/4189/2277
f 831/272/826 2244/3435/2239 3110/4273/3105
f 2297/4376/2292 3161/467/3156 2958/466/2953
f 2953/4377/2948 3161/467/3156 2297/4376/2292
f 805/204/800 2298/2974/2293 2444/3514/2439
f 2495/2755/2490 1702/2754/1697 2444/4091/2439
f 2299/3538/2294 93/2603/88 2095/514/2090
f 2095/514/2090 2426/513/2421 2299/3538/2294
f 1827/2339/1822 901/2341/896 2300/2693/2295
f 2389/3175/2384 901/3173/896 2607/3174/2602
f 2301/1791/2296 2367/1709/2362 2568/1711/2563
f 2330/4224/2325 2367/1709/2362 2301/1791/2296
f 1557/3191/1552 2819/3994/2814 2302/4236/2297
f 1936/3189/1931 1557/3191/1552 3058/237/3053
f 2303/2850/2298 131/1270/126 1553/1272/1548
f 2303/2850/2298 1553/1272/1548 751/682/746
f 2304/4378/2299 1391/3280/1386 983/1739/978
f 2304/4378/2299 983/1739/978 2422/1738/2417
f 2729/3054/2724 276/3412/271 2305/1954/2300
f 276/3412/271 1747/4248/1742 2569/3413/2564
f 867/179/862 2733/3098/2728 2306/2276/2301
f 2306/2276/2301 2125/1336/2120 867/179/862
f 2307/1714/2302 125/1158/120 1140/3561/1135
f 2266/652/2261 3209/300/3204 1140/3561/1135
f 2115/725/2110 2308/4379/2303 3050/726/3045
f 762/3990/757 2867/2872/2862 1843/2873/1838
f 673/4380/668 2309/3566/2304 2260/4381/2255
f 673/4380/668 1146/2673/1141 2309/3566/2304
f 81/757/76 246/2129/241 2310/3877/2305
f 2336/1318/2331 246/2129/241 2008/2947/2003
f 336/1086/331 2311/4312/2306 708/1576/703
f 1782/1588/1777 708/1576/703 2311/4312/2306
f 1769/3750/1764 2312/1502/2307 1618/4029/1613
f 2460/94/2455 1618/4029/1613 2312/1502/2307
f 2313/866/2308 1772/1598/1767 932/1168/927
f 2313/866/2308 169/865/164 1772/1598/1767
f 1637/4044/1632 397/2035/392 2314/130/2309
f 1637/2038/1632 2314/1803/2309 809/1802/804
f 2315/2821/2310 735/3234/730 1195/2819/1190
f 2321/2032/2316 2315/4382/2310 1121/2818/1116
f 314/713/309 137/4383/132 2316/711/2311
f 2316/3417/2311 137/4384/132 1717/3415/1712
f 1059/1066/1054 2317/1554/2312 1645/1120/1640
f 1088/2952/1083 1645/1120/1640 2317/1554/2312
f 218/1872/213 2119/2630/2114 3137/4316/3132
f 1319/2628/1314 3035/3768/3030 3137/3368/3132
f 2319/2811/2314 1397/1871/1392 1979/2423/1974
f 2319/2811/2314 1979/2423/1974 798/4239/793
f 143/719/138 2701/222/2696 2320/1766/2315
f 388/545/383 2589/1768/2584 2320/1766/2315
f 2827/102/2822 2321/2032/2316 2232/99/2227
f 2321/2032/2316 735/4385/730 2315/4382/2310
f 824/2998/819 2054/1727/2049 2322/4302/2317
f 2099/1002/2094 2322/4302/2317 2326/4040/2321
f 2673/3379/2668 2323/4386/2318 1516/809/1511
f 301/3380/296 3194/3381/3189 2323/4386/2318
f 2042/2665/2037 669/1488/664 2324/1759/2319
f 2324/1759/2319 669/1488/664 2809/1760/2804
f 534/2257/529 1410/758/1405 2325/2082/2320
f 2325/2082/2320 1495/2081/1490 534/2257/529
f 2326/4040/2321 2054/1727/2049 377/1729/372
f 2322/4302/2317 2054/1727/2049 2326/4040/2321
f 2327/1332/2322 1363/3815/1358 2191/1333/2186
f 1363/3815/1358 2327/1332/2322 2693/2144/2688
f 463/2932/458 2328/2077/2323 480/2021/475
f 480/2021/475 2328/2077/2323 2057/639/2052
f 2329/4365/2324 1447/2224/1442 872/2226/867
f 1548/3950/1543 2329/1230/2324 872/4387/867
f 2003/3126/1998 3201/1708/3196 2330/4223/2325
f 1952/3022/1947 2367/4388/2362 2330/4223/2325
f 2331/2254/2326 533/4296/528 2086/4389/2081
f 2331/2254/2326 2157/2253/2152 2740/684/2735
f 43/3418/38 1777/1093/1772 2332/1057/2327
f 2332/1057/2327 2294/1056/2289 43/3418/38
f 706/2969/701 1309/2753/1304 2333/353/2328
f 3048/194/3043 2333/353/2328 495/192/490
f 3242/344/3237 2015/3746/2010 2334/345/2329
f 2334/345/2329 2015/3746/2010 1297/2180/1292
f 2335/87/2330 1875/89/1870 44/1194/39
f 2112/1195/2107 2335/3685/2330 44/1196/39
f 2310/3877/2305 246/2129/241 2336/1318/2331
f 2336/1318/2331 1431/422/1426 2310/3877/2305
f 920/3218/915 2337/3220/2332 2126/2741/2121
f 2337/3220/2332 1533/3052/1528 2126/2741/2121
f 2639/2008/2634 2338/1193/2333 1896/820/1891
f 443/1956/438 2338/1193/2333 240/1957/235
f 2339/1283/2334 724/2822/719 910/3192/905
f 736/1316/731 724/2822/719 3168/1317/3163
f 2340/3364/2335 2664/3872/2659 775/3365/770
f 1002/4390/997 1000/4391/995 2340/3364/2335
f 2608/4392/2603 2341/4084/2336 3247/555/3242
f 1757/1312/1752 3079/2728/3074 2608/4392/2603
f 1000/3356/995 1106/2441/1101 2342/2916/2337
f 2340/3364/2335 1000/4391/995 2664/3872/2659
f 71/3560/66 665/201/660 2343/203/2338
f 71/3560/66 2343/203/2338 334/1565/329
f 50/1743/45 2344/564/2339 1693/2727/1688
f 2344/564/2339 50/1743/45 398/1745/393
f 1108/2209/1103 2345/330/2340 2051/332/2046
f 1019/3347/1014 2345/330/2340 1108/2209/1103
f 587/2421/582 1631/2528/1626 2346/2422/2341
f 75/1169/70 2346/2422/2341 1631/2528/1626
f 1039/608/1034 210/369/205 2347/1092/2342
f 210/369/205 1301/1091/1296 2347/1092/2342
f 2348/176/2343 1933/175/1928 521/581/516
f 2094/1243/2089 2348/176/2343 521/581/516
f 2136/4324/2131 1014/3109/1009 2349/4027/2344
f 2136/4324/2131 2349/4027/2344 1615/4028/1610
f 2350/1216/2345 445/1215/440 1281/4393/1276
f 1281/4393/1276 1481/4394/1476 2766/4182/2761
f 1353/1364/1348 2351/1395/2346 337/2071/332
f 2351/1395/2346 859/1394/854 337/2071/332
f 2352/3700/2347 1256/3693/1251 2064/3692/2059
f 2352/3700/2347 1251/3708/1246 1256/3693/1251
f 322/1468/317 2930/279/2925 2353/4395/2348
f 2944/1677/2939 322/1468/317 2353/4395/2348
f 1992/2790/1987 320/403/315 2354/4246/2349
f 320/403/315 2078/405/2073 2354/4246/2349
f 2596/1637/2591 2355/1636/2350 1193/2221/1188
f 1193/2221/1188 2874/3709/2869 176/1640/171
f 1795/1545/1790 330/2750/325 2356/2749/2351
f 2356/2749/2351 330/2750/325 823/1611/818
f 1178/370/1173 2357/3119/2352 1227/3116/1222
f 2357/3119/2352 1178/370/1173 875/603/870
f 2358/4011/2353 1578/1948/1573 3037/2163/3032
f 2358/4011/2353 734/4396/729 1578/1948/1573
f 2359/3711/2354 625/2544/620 2537/2632/2532
f 625/2544/620 2359/3711/2354 1276/2920/1271
f 2360/1606/2355 606/1051/601 568/1053/563
f 568/2353/563 962/3858/957 2360/2487/2355
f 599/709/594 2361/1506/2356 2286/710/2281
f 599/709/594 1273/2259/1268 2361/1506/2356
f 1024/2744/1019 1026/2676/1021 2362/1560/2357
f 1026/2676/1021 1974/2675/1969 2362/1560/2357
f 2363/3249/2358 3237/1022/3232 1267/3827/1262
f 2363/3707/2358 1267/1820/1262 3155/1821/3150
f 2458/1453/2453 2364/441/2359 1910/4205/1905
f 2770/3629/2765 1910/4205/1905 2364/441/2359
f 1147/3537/1142 3179/2330/3174 2365/2332/2360
f 1147/3537/1142 2365/2332/2360 3079/2728/3074
f 2651/1225/2646 2366/2903/2361 837/3976/832
f 2366/2903/2361 1952/3022/1947 837/3976/832
f 1952/3022/1947 771/3021/766 2367/4388/2362
f 771/3021/766 2366/2903/2361 2378/2900/2373
f 2368/1290/2363 61/1073/56 3136/3890/3131
f 2025/1289/2020 61/1073/56 2368/1290/2363
f 2369/3565/2364 253/1445/248 3251/3430/3246
f 2369/3565/2364 907/1786/902 253/1445/248
f 1106/2441/1101 2370/3355/2365 887/2443/882
f 1807/4397/1802 887/4398/882 2370/4399/2365
f 2382/4400/2377 2750/4401/2745 2371/335/2366
f 2104/2417/2099 586/2416/581 2371/335/2366
f 1366/2137/1361 500/879/495 2372/1273/2367
f 131/1270/126 1366/2137/1361 2372/1273/2367
f 1064/3456/1059 1437/3882/1432 2373/1392/2368
f 2373/4241/2368 1437/629/1432 1984/628/1979
f 2374/1020/2369 2363/3249/2358 990/3340/985
f 1610/4024/1605 2374/1020/2369 990/3340/985
f 686/2408/681 583/2407/578 2375/1542/2370
f 2156/738/2151 2375/1542/2370 583/2407/578
f 589/4402/584 903/2428/898 2376/2427/2371
f 2376/2427/2371 702/1366/697 2381/1365/2376
f 2377/4286/2372 1498/4403/1493 879/3128/874
f 2877/4288/2872 1498/4403/1493 2377/4286/2372
f 2367/4388/2362 2378/2900/2373 1546/2902/1541
f 771/3021/766 2378/2900/2373 2367/4388/2362
f 329/1541/324 2379/1543/2374 842/1732/837
f 2379/1543/2374 1559/1733/1554 842/1732/837
f 519/4404/514 2405/3208/2400 2380/1594/2375
f 2835/4405/2830 519/4404/514 2380/1594/2375
f 589/4402/584 2376/2427/2371 2381/1365/2376
f 2381/1365/2376 859/1394/854 589/4402/584
f 40/4406/35 2382/145/2377 586/4407/581
f 2382/4400/2377 2371/335/2366 586/2416/581
f 2383/2190/2378 14/70/14 2621/2050/2616
f 2239/67/2234 14/66/14 2383/2292/2378
f 2384/1419/2379 2744/4408/2739 618/2523/613
f 3365/3599/3360 2384/1419/2379 618/2523/613 3401/4409/3396
f 1387/1461/1382 2385/1667/2380 796/2954/791
f 796/2954/791 2385/1667/2380 2374/1020/2369
f 3313/1007/3308 3402/4410/3397 3190/1004/3185
f 1097/3511/1092 2386/413/2381 711/922/706
f 3266/668/3261 2387/2116/2382 1097/2980/1092
f 1097/2980/1092 2387/2116/2382 2386/2549/2381
f 2387/2116/2382 1451/2550/1446 2386/2549/2381
f 2388/3455/2383 1806/3229/1801 1262/1274/1257
f 2372/1273/2367 2388/3455/2383 1262/1274/1257
f 3228/2694/3223 901/3173/896 2389/3175/2384
f 3228/2694/3223 2389/3175/2384 1052/2584/1047
f 2390/1723/2385 231/951/226 2267/3906/2262
f 2267/3906/2262 1458/1724/1453 2390/1723/2385
f 511/2176/506 2391/1459/2386 1327/2245/1322
f 1327/2245/1322 2391/1459/2386 1881/1458/1876
f 1956/3078/1951 2392/3081/2387 861/3077/856
f 2714/3080/2709 861/3077/856 2392/3081/2387
f 2393/1476/2388 1187/288/1182 1021/1475/1016
f 2393/1476/2388 2412/767/2407 1732/769/1727
f 1582/55/1577 170/57/165 2394/874/2389
f 2452/419/2447 2394/874/2389 170/57/165
f 172/655/167 2395/458/2390 360/457/355
f 172/655/167 2767/961/2762 2395/458/2390
f 2317/1554/2312 2396/1556/2391 1331/1033/1326
f 2200/1034/2195 1331/1033/1326 2396/1556/2391
f 2397/3057/2392 1845/3056/1840 327/1534/322
f 3001/2731/2996 327/1534/322 351/2941/346
f 2398/1884/2393 1467/4411/1462 3135/793/3130
f 2398/1884/2393 1894/4186/1889 1467/4411/1462
f 2399/2040/2394 1627/2533/1622 3134/2538/3129
f 1627/2533/1622 2399/2040/2394 2182/2039/2177
f 2400/2171/2395 1077/2295/1072 80/2172/75
f 2400/2171/2395 2135/2251/2130 1077/2295/1072
f 2201/526/2196 904/1890/899 2401/3183/2396
f 2201/526/2196 2401/3183/2396 2713/1539/2708
f 2795/3758/2790 2402/2450/2397 707/2758/702
f 572/862/567 2571/716/2566 2402/2450/2397
f 199/3288/194 956/3829/951 2403/2999/2398
f 1375/3828/1370 2403/2999/2398 956/3829/951
f 2114/244/2109 245/2437/240 2404/4313/2399
f 2404/669/2399 245/1581/240 1299/670/1294
f 487/3210/482 1909/225/1904 2405/3208/2400
f 487/2099/482 2405/2100/2400 264/437/259
f 3120/4412/3115 623/1000/618 2406/2541/2401
f 623/1000/618 1386/2539/1381 2406/2541/2401
f 1496/3623/1491 1300/857/1295 2407/860/2402
f 2407/860/2402 1300/857/1295 2903/861/2898
f 907/1786/902 2408/1787/2403 253/1445/248
f 253/1445/248 2408/1787/2403 782/1443/777
f 303/1439/298 2409/181/2404 3049/178/3044
f 467/1441/462 2409/181/2404 303/1439/298
f 1110/1713/1105 1835/2616/1830 2410/304/2405
f 1835/2616/1830 1008/302/1003 2410/304/2405
f 2411/1524/2406 998/2314/993 1022/1522/1017
f 325/1983/320 998/2314/993 2411/1524/2406
f 2412/767/2407 2393/1476/2388 3204/3397/3199
f 2412/767/2407 3204/3397/3199 151/1875/146
f 2413/2854/2408 1914/3139/1909 1470/3137/1465
f 314/1602/309 1914/3139/1909 2413/2854/2408
f 2414/331/2409 1073/806/1068 523/2782/518
f 2414/331/2409 1887/3471/1882 1073/806/1068
f 2405/3208/2400 2415/227/2410 2380/1594/2375
f 2089/226/2084 2380/1594/2375 2415/227/2410
f 1125/1744/1120 3195/3545/3190 2416/3544/2411
f 2416/3544/2411 398/1745/393 1125/1744/1120
f 2417/876/2412 2912/1544/2907 1292/3740/1287
f 1413/2274/1408 2417/876/2412 1292/3740/1287
f 876/1126/871 2418/3034/2413 2829/4090/2824
f 3265/3067/3260 2287/1117/2282 2005/4089/2000
f 577/252/572 2419/1718/2414 118/253/113
f 2243/4163/2238 118/253/113 2419/1718/2414
f 1142/2786/1137 2671/4413/2666 363/1961/358
f 363/1961/358 2671/4413/2666 932/1168/927
f 2421/394/2416 2504/393/2499 1287/1599/1282
f 1288/3733/1283 2838/3731/2833 2704/3736/2699
f 2422/4414/2417 2551/1575/2546 129/1574/124
f 1782/1588/1777 2422/4414/2417 129/1574/124
f 2423/1684/2418 364/2321/359 2219/1685/2214
f 536/1683/531 364/2321/359 2423/1684/2418
f 139/45/134 2424/1746/2419 2121/2948/2116
f 139/45/134 11/51/11 2424/1746/2419
f 2425/2978/2420 808/1021/803 2385/1667/2380
f 2425/2978/2420 1525/1130/1520 808/1021/803
f 2299/3538/2294 2426/513/2421 2233/521/2228
f 574/632/569 2233/521/2228 2426/513/2421
f 2314/130/2309 2427/3658/2422 1217/131/1212
f 2314/130/2309 397/2035/392 2427/3658/2422
f 2428/2256/2423 1495/2081/1490 1367/3534/1362
f 2519/3533/2514 2428/2256/2423 1367/3534/1362
f 11/51/11 2429/42/2424 2424/1746/2419
f 2429/48/2424 11/4251/11 2965/49/2960
f 2430/2772/2425 435/1920/430 716/2771/711
f 2430/2772/2425 758/1940/753 435/1920/430
f 515/2297/510 1520/3926/1515 2431/2194/2426
f 3392/4206/3387 2937/2192/2932 2431/2194/2426 3375/3869/3370
f 401/1818/396 247/532/242 2432/3506/2427
f 101/531/96 2432/3506/2427 247/532/242
f 2433/1969/2428 1651/2654/1646 326/1967/321
f 1651/2654/1646 2433/1969/2428 1252/2655/1247
f 2434/2990/2429 1162/2568/1157 817/2456/812
f 817/2456/812 579/2394/574 2886/2393/2881
f 2285/3265/2280 942/3262/937 2435/3324/2430
f 770/2898/765 2720/319/2715 942/3262/937
f 2436/148/2431 921/3221/916 1724/1859/1719
f 921/3221/916 2436/148/2431 2550/4135/2545
f 2417/876/2412 1624/878/1619 3019/3741/3014
f 3019/3741/3014 1624/878/1619 1466/616/1461
f 741/2830/736 2438/2204/2433 1293/2925/1288
f 741/2830/736 1043/1822/1038 2438/2204/2433
f 2576/785/2571 148/287/143 2439/995/2434
f 148/287/143 422/996/417 2439/995/2434
f 2440/2213/2435 719/578/714 578/2779/573
f 1679/831/1674 2465/830/2460 578/2779/573
f 2441/2651/2436 664/2650/659 1967/3240/1962
f 2441/2651/2436 1967/3240/1962 929/3239/924
f 798/4239/793 678/559/673 2442/1399/2437
f 2149/598/2144 798/4239/793 2442/1399/2437
f 2443/182/2438 2409/181/2404 467/1441/462
f 467/1441/462 661/187/656 2443/182/2438
f 2444/4091/2439 1099/309/1094 1101/308/1096
f 3130/4415/3125 2444/4091/2439 1101/308/1096
f 2445/3597/2440 685/2607/680 648/1950/643
f 2445/3597/2440 191/2606/186 685/2607/680
f 2442/1399/2437 678/559/673 2446/1400/2441
f 2446/1400/2441 678/559/673 970/2087/965
f 2174/756/2169 2447/3710/2442 497/1638/492
f 497/1638/492 2447/3710/2442 2355/1636/2350
f 2448/958/2443 123/2094/118 629/2092/624
f 123/2094/118 2525/3513/2520 1082/3483/1077
f 1712/522/1707 2449/1675/2444 3176/4416/3171
f 2449/543/2444 388/545/383 3176/4417/3171
f 1478/3924/1473 2450/2363/2445 545/1205/540
f 1478/3924/1473 1230/2364/1225 2450/2363/2445
f 577/252/572 2451/1470/2446 2419/1718/2414
f 1221/1471/1216 2451/1470/2446 3189/2389/3184
f 3175/2984/3170 899/2985/894 2452/341/2447
f 899/873/894 2394/874/2389 2452/419/2447
f 344/1484/339 549/2288/544 2453/2738/2448
f 2453/2738/2448 549/2288/544 2869/3554/2864
f 2199/3638/2194 2454/342/2449 357/4418/352
f 2452/341/2447 357/4418/352 2454/342/2449
f 94/493/89 2455/1816/2450 2222/494/2217
f 2455/1816/2450 94/493/89 821/358/816
f 2235/1972/2230 1244/646/1239 2456/2565/2451
f 2456/2565/2451 1244/646/1239 2850/648/2845
f 2457/183/2452 1304/3751/1299 3023/184/3018
f 2133/2856/2128 1304/3751/1299 2457/183/2452
f 1562/1454/1557 2458/4005/2453 2845/1302/2840
f 307/1368/302 2458/1453/2453 1910/4205/1905
f 2459/2717/2454 748/2841/743 2530/2843/2525
f 2961/2716/2956 748/2841/743 2459/2717/2454
f 2460/94/2455 2312/1502/2307 319/1501/314
f 319/1501/314 64/95/59 2460/94/2455
f 1977/1118/1972 1006/3372/1001 2461/4238/2456
f 1006/3372/1001 462/2020/457 2461/4238/2456
f 1814/3121/1809 2462/3120/2457 876/1126/871
f 2617/4419/2612 876/1116/871 2462/3122/2457
f 2463/699/2458 361/1673/356 2659/1509/2654
f 2463/699/2458 1912/1676/1907 361/1673/356
f 2464/352/2459 495/192/490 2333/353/2328
f 495/192/490 2464/352/2459 1061/3047/1056
f 3341/2433/3336 417/293/412 3400/4346/3395
f 2440/2213/2435 578/2779/573 2465/830/2460
f 2561/2214/2556 2440/2213/2435 2465/830/2460
f 3311/953/3306 3320/1161/3315 3281/950/3276
f 2252/4362/2247 1819/1096/1814 2466/4136/2461
f 1763/4113/1758 2252/4362/2247 2466/4136/2461
f 1457/3402/1452 2467/1834/2462 405/1833/400
f 2707/3401/2702 2467/1834/2462 1457/3402/1452
f 1523/469/1518 89/693/84 2468/2993/2463
f 89/693/84 1250/692/1245 2473/827/2468
f 1629/4037/1624 185/1763/180 2469/1750/2464
f 2469/1750/2464 185/1763/180 2166/2056/2161
f 2470/2199/2465 1846/2313/1841 2209/2312/2204
f 2219/1685/2214 2470/2199/2465 2209/2312/2204
f 2471/3642/2466 1595/4018/1590 329/1541/324
f 954/2409/949 1595/4018/1590 3288/1390/3283
f 704/2238/699 2472/3807/2467 1355/2748/1350
f 3074/3842/3069 2472/136/2467 704/774/699
f 2468/2993/2463 89/693/84 2473/827/2468
f 819/2835/814 2468/2993/2463 2473/827/2468
f 1830/4143/1825 1318/4375/1313 2951/4144/2946
f 1830/4143/1825 2951/4144/2946 541/3385/536
f 929/4420/924 2475/4421/2470 604/4124/599
f 2680/4422/2675 604/4124/599 2475/4421/2470
f 1552/1578/1547 2476/1579/2471 2351/1395/2346
f 1623/3991/1618 2476/1579/2471 1552/1578/1547
f 172/655/167 360/457/355 2477/656/2472
f 3235/1670/3230 360/1863/355 413/1862/408
f 2478/2096/2473 486/3026/481 175/2269/170
f 2478/2098/2473 732/43/727 486/3024/481
f 1586/4129/1581 2885/1424/2880 2479/3887/2474
f 2479/3887/2474 1953/4128/1948 1586/4129/1581
f 1957/4227/1952 2480/4423/2475 2519/3533/2514
f 663/2494/658 2480/4423/2475 1493/2502/1488
f 1571/2680/1566 675/1202/670 2556/4207/2551
f 1916/2679/1911 1571/2680/1566 2556/4207/2551
f 2482/690/2477 1745/3495/1740 2735/4424/2730
f 3013/691/3008 2482/690/2477 366/4425/361
f 2176/2535/2171 622/388/617 2483/1177/2478
f 622/388/617 1492/387/1487 2483/1177/2478
f 1468/1952/1463 977/973/972 2484/3318/2479
f 1965/3314/1960 2484/3318/2479 977/973/972
f 2485/315/2480 1257/687/1252 1703/1472/1698
f 2954/3702/2949 1257/687/1252 2485/315/2480
f 1845/3056/1840 1094/3503/1089 2486/1532/2481
f 1845/3056/1840 2486/1532/2481 327/1534/322
f 2487/3608/2482 1182/476/1177 3124/1707/3119
f 186/474/181 1182/476/1177 2487/3608/2482
f 925/2362/920 2488/3231/2483 1321/3772/1316
f 661/187/656 2488/2704/2483 925/188/920
f 2037/1221/2032 2489/662/2484 2008/2947/2003
f 2008/2947/2003 2489/662/2484 2336/1318/2331
f 661/187/656 467/1441/462 2490/2036/2485
f 661/187/656 2490/2036/2485 2488/2704/2483
f 2491/2162/2486 1135/2234/1130 1981/2160/1976
f 2520/4010/2515 2491/4426/2486 507/4427/502
f 58/2333/53 898/1343/893 2492/1356/2487
f 268/2460/263 2492/1356/2487 898/1343/893
f 2493/268/2488 981/3328/976 1228/269/1223
f 2493/268/2488 2295/2899/2290 981/3328/976
f 2494/2003/2489 2090/3539/2085 1122/913/1117
f 410/765/405 2494/2003/2489 1122/913/1117
f 3403/4428/3398 3312/1006/3307 2911/1005/2906
f 3391/4204/3386 3404/4429/3399 520/2217/515
f 2039/354/2034 2495/2755/2490 2298/4430/2293
f 2444/4091/2439 2298/4430/2293 2495/2755/2490
f 2247/1504/2242 1383/4360/1378 2496/977/2491
f 1383/4360/1378 2838/3731/2833 2496/977/2491
f 3405/4431/3400 3406/4432/3401 960/2270/955
f 2497/2877/2492 1163/2875/1158 1102/2874/1097
f 2497/2877/2492 1102/2874/1097 763/2047/758
f 2498/2458/2493 1414/3852/1409 1080/4433/1075
f 579/2394/574 2498/2458/2493 1080/4433/1075
f 606/1051/601 786/2485/781 2499/1018/2494
f 2499/1018/2494 3167/1052/3162 606/1051/601
f 1760/1703/1755 952/3084/947 2500/1489/2495
f 430/1490/425 2500/1489/2495 952/3084/947
f 2501/589/2496 107/563/102 2951/590/2946
f 1757/1312/1752 107/563/102 2501/589/2496
f 829/781/824 2502/1474/2497 1190/929/1185
f 182/1256/177 2502/1474/2497 829/781/824
f 2621/2050/2616 1222/69/1217 2503/1208/2498
f 1222/69/1217 1248/3665/1243 2503/1208/2498
f 444/1959/439 1477/1597/1472 2504/393/2499
f 1287/1599/1282 2504/393/2499 1477/1597/1472
f 2505/967/2500 953/1725/948 259/1387/254
f 751/682/746 953/1725/948 2505/967/2500
f 2506/4100/2501 2896/2220/2891 1740/2905/1735
f 869/964/864 2506/3102/2501 1740/2906/1735
f 267/4349/262 1439/1306/1434 2507/2011/2502
f 1468/1952/1463 2507/2011/2502 1439/1306/1434
f 395/4085/390 2508/2641/2503 306/2643/301
f 645/2644/640 2508/2641/2503 395/4085/390
f 1579/3059/1574 2509/85/2504 799/2537/794
f 799/2537/794 2509/85/2504 469/84/464
f 2510/3411/2505 1407/1141/1402 2055/3157/2050
f 1407/1141/1402 2510/3411/2505 1029/1142/1024
f 2511/2285/2506 2957/836/2952 1336/835/1331
f 3192/4434/3187 1336/835/1331 2323/1431/2318
f 34/142/30 2512/177/2507 1759/1896/1754
f 34/142/30 1144/141/1139 2512/177/2507
f 914/641/909 485/643/480 2513/3204/2508
f 1057/1258/1052 914/641/909 2513/3204/2508
f 2514/2762/2509 1939/1623/1934 710/209/705
f 2514/2762/2509 710/209/705 821/358/816
f 2526/4435/2521 3141/4436/3136 2515/1829/2510
f 1450/4437/1445 3156/1830/3151 2515/1829/2510
f 1429/1867/1424 546/1701/541 2516/2278/2511
f 546/1701/541 988/2279/983 2516/2278/2511
f 1497/1261/1492 561/2512/556 2517/2327/2512
f 561/2512/556 1837/3224/1832 2539/1404/2534
f 1170/4334/1165 2518/4438/2513 1685/3603/1680
f 1685/3603/1680 2518/4438/2513 1602/4023/1597
f 663/2494/658 2519/3533/2514 2480/4423/2475
f 663/2494/658 2428/2256/2423 2519/3533/2514
f 2520/4010/2515 1135/3555/1130 2491/4426/2486
f 2520/4010/2515 845/3557/840 1135/3555/1130
f 2521/4176/2516 1878/4352/1873 1953/4128/1948
f 1878/4352/1873 2521/4176/2516 64/95/59
f 2009/2562/2004 2522/1911/2517 429/1910/424
f 2522/1911/2517 2009/2562/2004 285/1250/280
f 1876/2368/1871 1811/3631/1806 2523/2029/2518
f 1934/2028/1929 1876/2368/1871 2523/2029/2518
f 104/1869/99 2524/3367/2519 416/1870/411
f 2524/3367/2519 2169/671/2164 416/1870/411
f 123/2094/118 2448/958/2443 2525/3513/2520
f 1100/582/1095 2525/3513/2520 2448/958/2443
f 2526/4435/2521 2515/1829/2510 3398/4293/3393 3407/4439/3402
f 728/313/723 2526/4435/2521 3407/4439/3402 3300/311/3295
f 2527/2611/2522 2131/1101/2126 219/1098/214
f 2527/2611/2522 219/1098/214 1666/1099/1661
f 2528/1824/2523 2900/1823/2895 127/4440/122
f 127/4440/122 518/2203/513 2528/1824/2523
f 1925/2711/1920 2529/2710/2524 1774/2712/1769
f 1925/2711/1920 29/120/25 2529/2710/2524
f 1915/4243/1910 2530/2843/2525 1985/323/1980
f 2459/2717/2454 2530/2843/2525 1915/4243/1910
f 964/4116/959 2531/4441/2526 643/1068/638
f 2531/4441/2526 2101/4304/2096 643/1068/638
f 2532/1926/2527 3200/1925/3195 141/2484/136
f 3044/1605/3039 141/2484/136 2360/1606/2355
f 2617/4419/2612 2462/3122/2457 2533/3123/2528
f 2533/3123/2528 1118/327/1113 2617/4419/2612
f 2213/3903/2208 236/2361/231 2534/4442/2529
f 2534/4442/2529 3080/431/3075 852/430/847
f 1819/1096/1814 2581/1095/2576 2535/2904/2530
f 1819/1096/1814 2535/2904/2530 2466/4136/2461
f 289/44/284 2536/1385/2531 2429/42/2424
f 289/44/284 2478/2098/2473 2536/1385/2531
f 828/379/823 2537/2632/2532 656/2546/651
f 625/2544/620 656/2546/651 2537/2632/2532
f 2538/1407/2533 1579/3059/1574 799/2537/794
f 2538/1407/2533 852/1409/847 1579/3059/1574
f 2517/2327/2512 561/2512/556 2539/1404/2534
f 2591/2329/2586 2517/2327/2512 2539/1404/2534
f 2738/1691/2733 2540/307/2535 1085/4104/1080
f 1085/3099/1080 2540/2657/2535 2433/1969/2428
f 1237/3676/1232 2541/1704/2536 692/1224/687
f 1237/3676/1232 1319/2628/1314 2541/1704/2536
f 1025/2996/1020 2707/3401/2702 2542/3403/2537
f 822/2995/817 1025/2996/1020 2676/4443/2671
f 2543/146/2538 40/4406/35 1714/2979/1709
f 40/4406/35 2543/146/2538 2382/145/2377
f 1299/670/1294 2834/3749/2829 2544/1931/2539
f 2544/1931/2539 78/1462/73 433/406/428
f 2783/3422/2778 1221/1471/1216 2545/3423/2540
f 1221/1520/1216 1343/1519/1338 2545/2134/2540
f 2546/2246/2541 2779/2244/2774 1901/2243/1896
f 2546/2246/2541 1901/2243/1896 511/2176/506
f 1633/1003/1628 377/1729/372 2547/3469/2542
f 1633/1003/1628 2547/3469/2542 1644/3394/1639
f 1837/3224/1832 2548/1405/2543 2539/1404/2534
f 1837/3224/1832 923/2511/918 2548/1405/2543
f 2549/1705/2544 2541/1704/2536 2181/4338/2176
f 692/1224/687 2549/1705/2544 2651/1225/2646
f 2550/4444/2545 3272/4445/3267 3244/334/3239
f 2550/4135/2545 2436/148/2431 3272/333/3267
f 2551/4314/2546 309/1737/304 2116/666/2111
f 309/1737/304 2551/4314/2546 2422/1738/2417
f 2656/571/2651 2279/707/2274 2552/1110/2547
f 2552/1110/2547 221/3664/216 1220/3663/1215
f 2553/3684/2548 1243/126/1238 1432/88/1427
f 2027/4264/2022 1243/126/1238 2553/3684/2548
f 620/3771/615 2554/498/2549 1604/2526/1599
f 620/3771/615 642/2041/637 2554/498/2549
f 2555/2135/2550 1343/1519/1338 856/1466/851
f 2545/2134/2540 1343/1519/1338 2555/2135/2550
f 2556/1198/2551 2481/3978/2476 1215/1199/1210
f 2481/4009/2476 2556/4207/2551 675/1202/670
f 1268/3701/1263 2814/3292/2809 2557/570/2552
f 2557/570/2552 1251/3708/1246 1268/3701/1263
f 2258/3083/2253 2558/2469/2553 3275/3082/3270
f 412/1200/407 862/1348/857 2558/2469/2553
f 706/2969/701 2559/2968/2554 1309/2753/1304
f 1309/2753/1304 2559/2968/2554 1702/2754/1697
f 2560/3312/2555 1751/972/1746 974/1303/969
f 2560/3312/2555 974/1303/969 6/3313/6
f 2561/2214/2556 1020/2211/1015 2440/2213/2435
f 2561/2214/2556 2151/3396/2146 1020/2211/1015
f 1869/3225/1864 1179/3333/1174 2562/463/2557
f 2562/463/2557 1179/3333/1174 2045/2927/2040
f 1934/4446/1929 2563/4447/2558 73/4448/68
f 73/3823/68 2563/2030/2558 1811/3631/1806
f 2564/3258/2559 816/804/811 1385/160/1380
f 1873/3257/1868 816/804/811 2564/3258/2559
f 2565/975/2560 1229/1690/1224 1721/1951/1716
f 439/3667/434 1229/1690/1224 2565/975/2560
f 158/1671/153 2566/4122/2561 1012/819/1007
f 2566/4122/2561 158/1671/153 1625/1672/1620
f 375/3931/370 1490/1564/1485 2567/3932/2562
f 2567/3932/2562 1490/1564/1485 2997/753/2992
f 1543/3605/1538 1071/1941/1066 2568/1711/2563
f 2721/3467/2716 1071/1941/1066 637/1036/632
f 2569/3413/2564 3147/2033/3142 2305/1954/2300
f 2569/3413/2564 2305/1954/2300 276/3412/271
f 379/113/374 2570/609/2565 24/401/23
f 3075/2467/3070 24/401/23 2570/609/2565
f 707/2758/702 2571/716/2566 166/718/161
f 2402/2450/2397 2571/716/2566 707/2758/702
f 359/4449/354 2572/3248/2567 1972/1668/1967
f 2363/3707/2358 2572/3346/2567 359/4450/354
f 1002/3359/997 2573/3361/2568 2370/3357/2365
f 1002/4390/997 2340/3364/2335 2573/3363/2568
f 2574/4053/2569 294/2328/289 1030/2844/1025
f 2574/4053/2569 1030/2844/1025 356/2157/351
f 2575/602/2570 460/1479/455 1146/4451/1141
f 673/2014/668 2575/602/2570 1146/4451/1141
f 312/4268/307 148/287/143 2576/785/2571
f 2705/2351/2700 312/4268/307 2576/785/2571
f 2577/778/2572 539/780/534 152/960/147
f 1378/931/1373 2577/778/2572 152/960/147
f 746/2837/741 1119/1370/1114 2578/523/2573
f 1119/1370/1114 2299/3538/2294 2578/523/2573
f 2579/433/2574 2999/2515/2994 2384/2514/2379
f 2579/433/2574 1272/461/1267 298/4452/293
f 635/3632/630 2580/3633/2575 1202/2573/1197
f 635/3632/630 1203/789/1198 2644/788/2639
f 2581/1095/2576 881/1094/876 206/3133/201
f 2970/4178/2965 2581/1095/2576 206/3133/201
f 1328/4453/1323 2586/1403/2581 2582/3782/2577
f 3247/555/3242 1328/4453/1323 2582/3782/2577
f 1563/1779/1558 1016/1781/1011 2583/1782/2578
f 2679/3703/2674 1259/1187/1254 2583/1782/2578
f 1424/2831/1419 2584/2531/2579 255/2532/250
f 1424/2831/1419 1314/3763/1309 2584/2531/2579
f 2585/2865/2580 2499/1018/2494 786/2485/781
f 2585/2865/2580 3200/1925/3195 1621/1923/1616
f 2586/1403/2581 1816/1413/1811 1153/3576/1148
f 2586/1403/2581 1153/3576/1148 2582/3782/2577
f 1007/3591/1002 1163/4454/1158 2587/3592/2582
f 2080/2883/2075 2587/2885/2582 3285/4291/3280
f 3171/3577/3166 2588/1402/2583 2703/4455/2698
f 2982/3923/2977 2703/4455/2698 2588/1402/2583
f 2589/1768/2584 143/719/138 2320/1766/2315
f 2589/1768/2584 85/741/80 143/719/138
f 2288/3770/2283 2590/3108/2585 1880/4179/1875
f 1880/4179/1875 2590/3108/2585 2277/3297/2272
f 2517/2327/2512 2591/2329/2586 294/2328/289
f 1030/2844/1025 294/2328/289 2591/2329/2586
f 2749/2380/2744 575/2382/570 2592/2385/2587
f 856/1466/851 2592/2385/2587 575/2382/570
f 2487/2555/2482 1316/3609/1311 2593/2557/2588
f 2047/2556/2042 2487/2555/2482 2593/2557/2588
f 74/383/69 1271/385/1266 2594/391/2589
f 28/1174/24 2594/391/2589 1271/385/1266
f 2595/189/2590 89/693/84 1523/469/1518
f 2595/189/2590 1523/469/1518 3094/468/3089
f 2596/1637/2591 2506/3102/2501 869/964/864
f 793/963/788 2596/1637/2591 869/964/864
f 1200/2823/1195 2597/2490/2592 273/210/268
f 1255/1326/1250 2597/2490/2592 1200/2823/1195
f 2598/1503/2593 2312/1502/2307 193/274/188
f 2598/1503/2593 193/274/188 484/4221/479
f 2599/1447/2594 988/2279/983 546/1701/541
f 988/2279/983 2599/1447/2594 2690/3337/2685
f 1391/2553/1386 2600/2552/2595 714/2768/709
f 1999/4249/1994 714/2768/709 2600/2552/2595
f 637/1036/632 2601/1943/2596 2168/2497/2163
f 1071/1941/1066 2601/1943/2596 637/1036/632
f 1288/3733/1283 2602/3732/2597 2838/3731/2833
f 3242/344/3237 1288/3733/1283 2015/3746/2010
f 2603/2300/2598 1520/3928/1515 1480/4456/1475
f 2603/2300/2598 1480/4456/1475 2786/2301/2781
f 2604/2586/2599 1508/637/1503 437/1946/432
f 2739/2585/2734 1508/637/1503 2604/2586/2599
f 3142/509/3137 2605/410/2600 3060/409/3055
f 2605/2763/2600 810/3510/805 711/922/706
f 280/1311/275 124/1171/119 2606/1970/2601
f 2606/1970/2601 598/3660/593 280/1311/275
f 3095/2338/3090 681/2337/676 2607/3174/2602
f 2389/3175/2384 2607/3174/2602 681/2337/676
f 2608/4392/2603 3247/555/3242 1693/2727/1688
f 1693/2727/1688 1757/1312/1752 2608/4392/2603
f 1337/550/1332 2609/2881/2604 764/1026/759
f 2609/2881/2604 1891/1089/1886 764/1026/759
f 239/517/234 2610/2060/2605 3385/4175/3380 3306/518/3301
f 239/517/234 199/3287/194 3108/2065/3103
f 1226/549/1221 2611/558/2606 2169/671/2164
f 2611/558/2606 1226/549/1221 2270/2687/2265
f 2612/2184/2607 713/2183/708 513/2181/508
f 2647/3263/2642 2612/3788/2607 513/3789/508
f 2613/2692/2608 2261/918/2256 379/113/374
f 2613/2692/2608 564/919/559 2261/918/2256
f 2614/41/2609 1889/40/1884 2638/486/2633
f 2641/338/2636 1535/3971/1530 979/339/974
f 2615/2492/2610 2100/3058/2095 639/2792/634
f 2022/2582/2017 2615/2492/2610 639/2792/634
f 3406/4432/3401 3338/2271/3333 960/2270/955
f 1207/3521/1202 1239/3682/1234 2616/4457/2611
f 1981/3641/1976 1207/3521/1202 2616/4457/2611
f 1118/327/1113 222/329/217 2617/4419/2612
f 876/1116/871 2617/4419/2612 222/329/217
f 628/471/623 2618/4458/2613 1158/472/1153
f 2618/1801/2613 1754/3584/1749 1158/4459/1153
f 3046/3527/3041 2619/4460/2614 650/1775/645
f 650/1775/645 2619/4460/2614 473/2913/468
f 2620/3264/2615 1483/3790/1478 3101/3873/3096
f 2620/3264/2615 2647/3263/2642 1483/3790/1478
f 2621/2050/2616 1442/2188/1437 2383/2190/2378
f 1442/2188/1437 2621/2050/2616 2178/3886/2173
f 2622/3989/2617 1655/2486/1650 2952/4461/2947
f 2725/2308/2720 2952/4461/2947 2774/2309/2769
f 1759/1896/1754 425/1335/420 2623/1998/2618
f 2623/3244/2618 425/3169/420 1055/3168/1050
f 2624/1510/2619 574/632/569 1817/2377/1812
f 3215/1511/3210 2624/1510/2619 1817/2377/1812
f 2625/2119/2620 1059/1066/1054 396/1065/391
f 1286/1123/1281 2625/4099/2620 396/3728/391
f 1512/3948/1507 1510/751/1505 2626/3845/2621
f 2626/3845/2621 1510/751/1505 967/750/962
f 2627/4462/2622 2331/2254/2326 2086/4389/2081
f 1581/2252/1576 2331/2254/2326 3222/2255/3217
f 717/3005/712 1209/3408/1204 2628/3409/2623
f 1277/3600/1272 2989/2369/2984 1209/3408/1204
f 2629/516/2624 1614/3188/1609 1089/239/1084
f 3408/4463/3403 3381/4026/3376 1614/3188/1609
f 269/1226/264 249/1227/244 2630/593/2625
f 1447/2781/1442 2630/2229/2625 249/4464/244
f 267/4349/262 2631/1878/2626 1439/1306/1434
f 267/4349/262 2831/4000/2826 2631/1878/2626
f 2632/2965/2627 2082/4465/2077 801/3650/796
f 2632/2965/2627 801/3650/796 619/2966/614
f 658/198/653 2007/4466/2002 2633/4254/2628
f 2007/1010/2002 725/1009/720 2633/4255/2628
f 1043/1822/1038 2634/3437/2629 208/1047/203
f 2634/3437/2629 1793/664/1788 208/1047/203
f 481/771/476 1495/2081/1490 2635/795/2630
f 2635/795/2630 173/794/168 481/771/476
f 2636/2564/2631 671/2459/666 1218/2461/1213
f 2636/2564/2631 2692/2566/2687 671/2459/666
f 3071/2691/3066 2637/600/2632 1111/2013/1106
f 1111/2013/1106 2637/600/2632 2575/602/2570
f 2638/486/2633 1502/485/1497 1535/3971/1530
f 2641/338/2636 2638/486/2633 1535/3971/1530
f 240/1957/235 2639/2008/2634 2872/2009/2867
f 240/1957/235 2338/1193/2333 2639/2008/2634
f 2640/1805/2635 1150/4467/1145 1714/1806/1709
f 1150/4467/1145 2640/1805/2635 2945/3160/2940
f 2614/41/2609 2638/486/2633 2641/338/2636
f 2614/41/2609 2641/338/2636 1677/2635/1672
f 198/2620/193 2642/2621/2637 2947/4468/2942
f 1198/992/1193 2642/2621/2637 3014/993/3009
f 1159/2376/1154 573/2372/568 2643/2374/2638
f 1496/3623/1491 2643/2374/2638 573/2372/568
f 2580/3633/2575 2644/788/2639 2145/4025/2140
f 2644/788/2639 2580/3633/2575 635/3632/630
f 788/1904/783 1784/1903/1779 2645/212/2640
f 1784/1903/1779 443/1197/438 2645/212/2640
f 1132/3547/1127 442/1029/437 2646/3153/2641
f 1132/3547/1127 2646/3153/2641 339/3152/334
f 2647/3263/2642 2285/3265/2280 1332/1662/1327
f 2612/3788/2607 2647/3263/2642 1332/1662/1327
f 2648/2064/2643 476/1927/471 3108/2065/3103
f 476/1927/471 2648/2064/2643 2665/4469/2660
f 2649/3643/2644 1595/4018/1590 2471/3642/2466
f 2649/3643/2644 2471/3642/2466 1208/729/1203
f 1513/3295/1508 3362/3294/3357 3409/4470/3404 2650/3814/2645
f 2651/1225/2646 2549/1705/2544 2181/4338/2176
f 2181/4338/2176 2242/4137/2237 2651/1225/2646
f 1706/2987/1701 2652/159/2647 2400/2171/2395
f 1706/2987/1701 1385/160/1380 2652/159/2647
f 2313/866/2308 1234/1170/1229 2653/867/2648
f 2653/867/2648 1234/1170/1229 234/1167/229
f 3082/4078/3077 753/2290/748 2654/3060/2649
f 2075/3317/2070 2654/3060/2649 753/2290/748
f 2655/3489/2650 1092/530/1087 1350/3501/1345
f 1350/3501/1345 1083/3487/1078 2655/3489/2650
f 1220/3663/1215 2656/571/2651 2552/1110/2547
f 1517/572/1512 2656/571/2651 1220/3663/1215
f 2657/4374/2652 1332/1662/1327 2285/3265/2280
f 2756/1663/2751 1332/1662/1327 2657/4374/2652
f 1352/3803/1347 316/3575/311 2658/3458/2653
f 316/3575/311 3086/1491/3081 2658/3458/2653
f 2659/1509/2654 1741/631/1736 574/632/569
f 361/1673/356 1741/631/1736 2659/1509/2654
f 2122/2761/2117 326/1967/321 2660/1964/2655
f 326/1967/321 3252/1965/3247 2660/1964/2655
f 2661/2142/2656 2145/4025/2140 1612/2139/1607
f 2661/2142/2656 2580/3633/2575 2145/4025/2140
f 1148/1315/1143 2662/1314/2657 2741/1282/2736
f 2339/4083/2334 113/596/108 2662/1314/2657
f 145/747/140 804/2972/799 2663/748/2658
f 2663/748/2658 804/2972/799 2816/4012/2811
f 1000/4471/995 2342/3602/2337 2664/3146/2659
f 2664/3146/2659 2342/3602/2337 1522/3147/1517
f 1047/3442/1042 476/1927/471 2665/4469/2660
f 3190/2207/3185 2665/3444/2660 3291/1190/3286
f 2666/270/2661 981/3328/976 769/3327/764
f 1228/269/1223 981/3328/976 2666/270/2661
f 870/2045/865 2667/3103/2662 81/757/76
f 1254/1267/1249 3107/1269/3102 2897/277/2892
f 2668/3522/2663 1104/2440/1099 593/2005/588
f 2969/2058/2964 593/4472/588 1983/2059/1978
f 1669/886/1664 2669/2455/2664 2153/2908/2148
f 2017/2909/2012 2153/2908/2148 2669/2455/2664
f 551/157/546 2670/3476/2665 2652/159/2647
f 1311/156/1306 2670/3476/2665 551/157/546
f 2671/3301/2666 2420/1596/2415 2727/3300/2722
f 1142/2786/1137 2420/2788/2415 2671/4413/2666
f 2672/4473/2667 1681/4034/1676 1136/3559/1131
f 1681/4034/1676 2672/4473/2667 1883/4072/1878
f 2673/3379/2668 301/3380/296 2323/4386/2318
f 2673/3379/2668 1821/4140/1816 301/3380/296
f 1463/1991/1458 689/2708/684 2674/214/2669
f 2674/214/2669 689/2708/684 2276/395/2271
f 2021/2709/2016 2675/400/2670 690/399/685
f 2675/400/2670 2021/2709/2016 1930/524/1925
f 996/2997/991 2676/3354/2671 2542/3044/2537
f 2676/4443/2671 1025/2996/1020 2542/3403/2537
f 3104/4256/3099 2708/3339/2703 989/1908/984
f 989/1908/984 429/1910/424 3104/4256/3099
f 2678/986/2673 1296/2447/1291 834/987/829
f 2678/3744/2673 2691/2453/2686 1296/3743/1291
f 1016/1781/1011 2679/3703/2674 2583/1782/2578
f 2679/3703/2674 1016/1781/1011 3224/3387/3219
f 2680/4422/2675 1798/2479/1793 604/4124/599
f 38/158/33 1798/2479/1793 2680/4422/2675
f 178/2868/173 2681/1146/2676 456/911/451
f 1580/1144/1575 2681/1146/2676 178/2868/173
f 2682/673/2677 2589/1768/2584 388/545/383
f 130/544/125 2682/673/2677 388/545/383
f 1554/278/1549 1431/422/1426 2683/1319/2678
f 1554/278/1549 2683/1319/2678 3270/3266/3265
f 3396/4270/3391 913/3199/908 3357/3202/3352
f 2684/1776/2679 542/897/537 955/2097/950
f 955/2097/950 175/2269/170 2684/1776/2679
f 2685/3574/2680 2047/2556/2042 2593/2557/2588
f 2128/1562/2123 2047/2556/2042 2685/3574/2680
f 581/2726/576 97/823/92 2686/822/2681
f 581/2726/576 2686/822/2681 1503/2724/1498
f 772/4309/767 501/4474/496 2687/1222/2682
f 2745/1045/2740 501/4474/496 611/1046/606
f 255/4475/250 2688/720/2683 1536/742/1531
f 143/719/138 1536/742/1531 2688/720/2683
f 768/2734/763 2689/2893/2684 697/1777/692
f 697/1777/692 2689/2893/2684 1765/1778/1760
f 2690/3337/2685 278/1559/273 2163/1860/2158
f 2690/3337/2685 2599/1447/2594 278/1559/273
f 596/3745/591 2691/2453/2686 2678/3744/2673
f 1851/2452/1846 2691/2453/2686 3188/1455/3183
f 632/2563/627 671/2459/666 2692/2566/2687
f 2456/2565/2451 2850/648/2845 2692/2566/2687
f 2139/3117/2134 3185/4326/3180 2975/371/2970
f 877/1358/872 3185/4326/3180 2139/3117/2134
f 2700/3143/2695 2228/1452/2223 2694/2598/2689
f 1441/1797/1436 2694/2598/2689 1204/1798/1199
f 1724/1859/1719 2695/200/2690 411/1155/406
f 200/199/195 411/1155/406 2695/200/2690
f 960/2270/955 2650/3814/2645 3410/4476/3405 3405/4431/3400
f 3409/4470/3404 3410/4476/3405 2650/3814/2645
f 2696/3271/2691 908/1156/903 2016/3272/2011
f 908/1156/903 3056/3774/3051 3386/4196/3381 3411/4477/3406
f 2697/4094/2692 194/2889/189 503/2891/498
f 767/4277/762 194/2889/189 2697/4094/2692
f 2698/4345/2693 889/617/884 2195/1449/2190
f 924/3150/919 889/617/884 2698/4345/2693
f 17/1054/17 2699/79/2694 279/78/274
f 2870/2791/2865 17/1054/17 2014/2789/2009
f 2700/3143/2695 2694/2598/2689 1441/1797/1436
f 884/3284/879 2700/3143/2695 1441/1797/1436
f 168/1478/163 47/223/42 2701/222/2696
f 2701/222/2696 2688/720/2683 168/1478/163
f 2702/3966/2697 1528/449/1523 85/216/80
f 2702/3606/2697 85/741/80 2682/673/2677
f 2982/3923/2977 1420/3859/1415 2703/4455/2698
f 2703/4455/2698 1420/3859/1415 3057/4478/3052
f 2072/3734/2067 2704/3736/2699 1287/3729/1282
f 2421/4479/2416 1287/3729/1282 2704/3736/2699
f 312/4268/307 2705/2351/2700 528/3140/523
f 2705/2351/2700 567/2352/562 528/3140/523
f 2706/2446/2701 1638/3015/1633 834/987/829
f 994/3350/989 1638/3015/1633 2706/2446/2701
f 2707/3401/2702 846/3042/841 2467/1834/2462
f 1789/1071/1784 846/3042/841 2707/3401/2702
f 2328/2077/2323 2708/4278/2703 2057/639/2052
f 2708/3339/2703 2677/1249/2672 2057/1251/2052
f 2709/140/2704 2006/1360/2001 282/3069/277
f 282/3069/277 855/2324/850 2709/140/2704
f 341/2115/336 2710/3282/2705 126/653/121
f 2710/3282/2705 474/535/469 126/653/121
f 42/576/37 2711/574/2706 1794/3416/1789
f 1508/637/1503 2711/574/2706 42/576/37
f 1410/758/1405 205/2501/200 2712/759/2707
f 205/2501/200 1960/1800/1955 2712/759/2707
f 2401/3183/2396 2284/4372/2279 2713/1539/2708
f 2713/1539/2708 2284/4372/2279 3106/1540/3101
f 525/3079/520 1589/4016/1584 2714/3080/2709
f 1589/4016/1584 580/2870/575 2714/3080/2709
f 2715/814/2710 1064/3456/1059 2373/1392/2368
f 2715/814/2710 91/813/86 1064/3456/1059
f 566/4480/561 2716/4481/2711 1499/2350/1494
f 3069/504/3064 1499/2121/1494 2716/502/2711
f 2603/2300/2598 2717/2498/2712 1675/3927/1670
f 2717/2498/2712 220/3525/215 1675/3927/1670
f 566/4480/561 1499/2350/1494 2718/2349/2713
f 2718/2122/2713 2023/380/2018 566/500/561
f 421/2892/416 2719/4482/2714 2689/2893/2684
f 659/2894/654 2719/4482/2714 421/2892/416
f 2720/319/2715 1937/321/1932 2435/3324/2430
f 2435/3324/2430 942/3262/937 2720/319/2715
f 2568/1711/2563 1071/1941/1066 2721/3467/2716
f 2721/3467/2716 1433/3878/1428 2568/1711/2563
f 2722/945/2717 1807/4483/1802 1068/4134/1063
f 2722/945/2717 969/3305/964 1807/4483/1802
f 1464/2825/1459 235/649/230 2723/2824/2718
f 235/649/230 886/1172/881 2723/2824/2718
f 3383/4061/3378 3367/3644/3362 2994/3646/2989
f 548/1242/543 392/1785/387 2724/1240/2719
f 1357/1784/1352 2724/1240/2719 392/1785/387
f 2622/3989/2617 2952/4461/2947 2725/2308/2720
f 2622/3989/2617 2725/2308/2720 1921/1641/1916
f 634/3914/629 2726/1654/2721 2208/3388/2203
f 3214/2946/3209 506/1652/501 2726/1654/2721
f 961/917/956 2727/3300/2722 2420/1596/2415
f 2727/1681/2722 3278/1680/3273 1544/169/1539
f 2728/2261/2723 991/3345/986 3112/1179/3107
f 2293/1178/2288 2728/2261/2723 3112/1179/3107
f 2060/3055/2055 276/3412/271 2729/3054/2724
f 2060/3055/2055 2729/3054/2724 1094/3503/1089
f 228/1164/223 3066/1837/3061 2730/3371/2725
f 2730/3371/2725 1580/1144/1575 228/1164/223
f 132/363/127 3302/362/3297 3412/4484/3407
f 2108/3161/2103 2731/683/2726 191/2606/186
f 712/1851/707 2731/683/2726 2108/3161/2103
f 2732/1625/2727 404/1630/399 680/1827/675
f 404/1630/399 2732/1625/2727 350/1627/345
f 2733/3098/2728 784/2431/779 2306/2276/2301
f 784/2431/779 2733/3098/2728 1174/2430/1169
f 3144/3488/3139 2734/4056/2729 101/531/96
f 2734/4056/2729 2432/3506/2427 101/531/96
f 1709/1529/1704 366/3101/361 2735/3493/2730
f 2735/4424/2730 366/4425/361 2482/690/2477
f 2004/2663/1999 1279/921/1274 2736/3695/2731
f 180/305/175 2004/2663/1999 2736/3695/2731
f 2737/3512/2732 202/402/197 2275/1375/2270
f 202/402/197 2737/3512/2732 849/3053/844
f 1524/3611/1519 1184/191/1179 2738/1691/2733
f 1524/3611/1519 2738/1691/2733 1085/4104/1080
f 2934/3581/2929 1942/2336/1937 2739/2585/2734
f 640/636/635 2739/2585/2734 1942/2336/1937
f 533/4296/528 2740/684/2735 3/686/3
f 2331/2254/2326 2740/684/2735 533/4296/528
f 1459/595/1454 2741/1282/2736 113/596/108
f 2741/1282/2736 2662/1314/2657 113/596/108
f 2101/3178/2096 903/4115/898 2742/3179/2737
f 903/4115/898 1778/2426/1773 2742/3179/2737
f 2743/1300/2738 1700/1295/1695 2092/1301/2087
f 1700/1295/1695 2743/1300/2738 2202/4088/2197
f 2771/4485/2766 2744/3654/2739 2768/3653/2763
f 2744/4408/2739 2771/2721/2766 618/2523/613
f 2037/1221/2032 2687/1222/2682 2745/1045/2740
f 2745/1045/2740 2687/1222/2682 501/4474/496
f 1533/3052/1528 2746/812/2741 1623/3991/1618
f 1623/3991/1618 2746/812/2741 291/1391/286
f 1647/4354/1642 698/1631/693 2747/1533/2742
f 2747/1533/2742 698/1631/693 327/1534/322
f 2748/3627/2743 1164/3593/1159 385/3326/380
f 1422/3594/1417 2748/3627/2743 385/3326/380
f 1666/2701/1661 2749/2380/2744 684/2384/679
f 684/2384/679 2749/2380/2744 2592/2385/2587
f 809/124/804 1038/3425/1033 2750/144/2745
f 2371/335/2366 2750/4401/2745 1038/336/1033
f 2751/3181/2746 933/3074/928 478/2069/473
f 2751/3181/2746 478/2069/473 198/2620/193
f 1577/3370/1572 2752/1362/2747 2730/3371/2725
f 1577/3370/1572 1005/2066/1000 2752/1362/2747
f 2753/714/2748 1282/478/1277 111/547/106
f 2753/714/2748 111/547/106 588/715/583
f 2104/2417/2099 2754/4486/2749 841/2418/836
f 2104/2417/2099 496/4307/491 2754/4486/2749
f 970/2087/965 1452/1025/1447 2755/1398/2750
f 2755/1398/2750 2787/678/2782 2162/680/2157
f 2756/4487/2751 2657/376/2652 92/375/87
f 92/375/87 3213/2949/3208 3042/4488/3037
f 124/1171/119 1225/651/1220 2757/1971/2752
f 2606/1970/2601 124/1171/119 2757/1971/2752
f 196/2540/191 2758/3799/2753 1346/2601/1341
f 3206/4489/3201 1346/2601/1341 2758/3799/2753
f 2089/226/2084 2759/1595/2754 2380/1594/2375
f 834/987/829 2759/1595/2754 2089/226/2084
f 569/2357/564 2760/575/2755 1033/577/1028
f 1854/1410/1849 2844/4160/2839 569/4159/564
f 2761/3502/2756 2591/2329/2586 2840/4211/2835
f 1923/3779/1918 3133/3781/3128 2761/3502/2756
f 2762/2237/2757 527/2236/522 150/2120/145
f 2090/3539/2085 2762/775/2757 150/914/145
f 2763/4490/2758 226/4491/221 2716/4492/2711
f 1840/2472/1835 226/4155/221 2763/3937/2758
f 2764/1481/2759 1727/1480/1722 1470/3917/1465
f 2764/2810/2759 1470/3137/1465 1914/3139/1909
f 2765/2158/2760 1411/1655/1406 1380/979/1375
f 2765/2158/2760 749/2159/744 1411/1655/1406
f 2350/1216/2345 1281/4393/1276 2766/4182/2761
f 2350/1216/2345 2766/4182/2761 1886/1217/1881
f 2767/961/2762 187/883/182 254/956/249
f 254/956/249 2677/1249/2672 2767/961/2762
f 1214/4310/1209 2768/3653/2763 2744/3654/2739
f 87/297/82 2768/3653/2763 1214/4310/1209
f 2021/2709/2016 1305/529/1300 2769/4212/2764
f 1246/2560/1241 2769/4212/2764 1305/529/1300
f 2770/3629/2765 1027/451/1022 103/453/98
f 31/1293/27 1027/451/1022 2770/3629/2765
f 2771/2721/2766 1298/4007/1293 693/2524/688
f 2768/3653/2763 1298/3747/1293 2771/4485/2766
f 2106/4308/2101 1191/3621/1186 2772/1888/2767
f 2141/4327/2136 2106/4308/2101 2772/1888/2767
f 291/1391/286 2773/3992/2768 1623/3991/1618
f 971/1396/966 2773/3992/2768 291/1391/286
f 2774/2309/2769 2952/4461/2947 159/569/154
f 1079/489/1074 2797/910/2792 159/569/154
f 1994/2958/1989 1877/1381/1872 2775/2799/2770
f 1994/2958/1989 2775/2799/2770 797/2957/792
f 2439/995/2434 2200/1034/2195 2776/786/2771
f 1188/3617/1183 2776/786/2771 2200/1034/2195
f 1347/3800/1342 3273/3453/3268 2777/234/2772
f 174/2595/169 1347/3800/1342 2777/234/2772
f 1800/4125/1795 2799/4127/2794 224/1124/219
f 1022/1522/1017 2799/4127/2794 1800/4125/1795
f 2779/2244/2774 345/1143/340 1029/1142/1024
f 1881/1458/1876 345/1143/340 2779/2244/2774
f 2780/1131/2775 1954/1292/1949 1219/4226/1214
f 2780/1131/2775 1219/4226/1214 1374/3826/1369
f 1788/585/1783 334/1565/329 2781/243/2776
f 2781/243/2776 334/1565/329 2114/244/2109
f 755/2857/750 1345/384/1340 2782/168/2777
f 2782/168/2777 1345/384/1340 1544/169/1539
f 499/1514/494 2783/3422/2778 1317/2133/1312
f 2783/3422/2778 1568/3769/1563 1317/2133/1312
f 826/138/821 2784/645/2779 1801/139/1796
f 560/133/555 2784/645/2779 826/138/821
f 1908/4199/1903 407/1842/402 2785/4200/2780
f 2155/1434/2150 1908/1553/1903 2785/4331/2780
f 2786/2301/2781 1480/4456/1475 2082/4465/2077
f 2632/2965/2627 2786/2301/2781 2082/4465/2077
f 2787/678/2782 2755/1398/2750 1452/1025/1447
f 1452/1025/1447 836/1027/831 2787/678/2782
f 2788/3452/2783 331/4493/326 2785/4200/2780
f 2788/3452/2783 1347/3801/1342 331/4493/326
f 1461/1613/1456 2789/3913/2784 2067/153/2062
f 2789/3913/2784 1461/1613/1456 1986/2476/1981
f 2790/1794/2785 3143/2228/3138 721/2227/716
f 2790/3897/2785 721/3895/716 1449/3898/1444
f 2791/1355/2786 598/3660/593 3052/2667/3047
f 2791/1355/2786 280/1311/275 598/3660/593
f 406/220/401 2255/4162/2250 2792/2945/2787
f 2255/4162/2250 3038/2944/3033 2792/2945/2787
f 2275/1375/2270 1361/1814/1356 2793/4370/2788
f 2078/1813/2073 2793/4370/2788 1361/1814/1356
f 297/1415/292 2794/261/2789 2020/2622/2015
f 2794/261/2789 297/1415/292 2060/3055/2055
f 138/2451/133 2402/2450/2397 2795/3758/2790
f 710/209/705 138/2451/133 3016/207/3011
f 2796/1666/2791 223/1665/218 358/1664/353
f 2796/1666/2791 358/1664/353 1212/1121/1207
f 2797/910/2792 814/2986/809 2774/2309/2769
f 2774/2309/2769 159/569/154 2797/910/2792
f 1848/4126/1843 2848/2196/2843 2798/3398/2793
f 1848/4126/1843 2798/3398/2793 2799/4127/2794
f 2799/4127/2794 2778/1125/2773 224/1124/219
f 2778/1125/2773 2799/4127/2794 2798/3398/2793
f 470/2042/465 1005/2043/1000 2800/4494/2795
f 2143/1846/2138 470/2042/465 2800/4494/2795
f 2801/2921/2796 1453/4495/1448 318/2922/313
f 1166/1246/1161 1453/4495/1448 2801/2921/2796
f 2802/4173/2797 1873/4171/1868 940/1990/935
f 2802/4275/2797 451/1987/446 1873/3257/1868
f 871/3104/866 2803/4496/2798 2653/867/2648
f 2803/4496/2798 169/865/164 2653/867/2648
f 1743/1430/1738 2804/3954/2799 2323/1431/2318
f 1743/1430/1738 516/4102/511 2804/3954/2799
f 2805/4497/2800 1311/156/1306 38/158/33
f 2805/4497/2800 38/158/33 2680/4422/2675
f 2806/3190/2801 3184/4498/3179 945/2827/940
f 945/2827/940 2819/3994/2814 2806/3190/2801
f 1427/3874/1422 2807/2396/2802 2895/4499/2890
f 525/3079/520 2807/2396/2802 1590/2398/1585
f 1181/4500/1176 2702/3606/2697 2808/743/2803
f 99/3822/94 1181/4500/1176 2808/743/2803
f 669/1864/664 414/1866/409 2809/3876/2804
f 414/1866/409 1429/1867/1424 2809/3876/2804
f 2810/2955/2805 796/2954/791 1610/4024/1605
f 2810/2955/2805 1610/4024/1605 990/3340/985
f 2811/695/2806 535/675/530 1137/677/1132
f 535/675/530 2811/695/2806 2268/4367/2263
f 1603/1629/1598 1903/2112/1898 2812/2690/2807
f 680/1827/675 1603/1629/1598 2812/2690/2807
f 790/1902/785 1641/1634/1636 2813/1901/2808
f 327/1534/322 790/1632/785 2813/2942/2808
f 1268/3701/1263 1389/3838/1384 2814/3292/2809
f 2286/710/2281 2814/3292/2809 1389/3838/1384
f 577/252/572 2815/3144/2810 440/764/435
f 2815/3144/2810 1668/3445/1663 440/764/435
f 804/2972/799 1581/2252/1576 2816/4012/2811
f 2816/4012/2811 1581/2252/1576 3156/2131/3151
f 1810/2940/1805 2817/2938/2812 2122/2761/2117
f 1810/2940/1805 789/2939/784 2817/2938/2812
f 2907/4501/2902 730/2807/725 2818/4036/2813
f 2914/2806/2909 2818/4036/2813 730/2807/725
f 1975/4198/1970 2819/3994/2814 909/1843/904
f 945/2827/940 909/1843/904 2819/3994/2814
f 81/757/76 2820/904/2815 1269/755/1264
f 2161/2046/2156 2820/904/2815 81/757/76
f 2821/4123/2816 1689/357/1684 1797/86/1792
f 1797/86/1792 976/2289/971 2821/4123/2816
f 3249/3955/3244 2804/3954/2799 677/2685/672
f 3249/3955/3244 677/2685/672 2263/2195/2258
f 2789/3913/2784 2823/4092/2818 605/2482/600
f 1795/1545/1790 605/2482/600 2823/4092/2818
f 1166/2326/1161 2824/132/2819 1453/3902/1448
f 1453/3902/1448 2824/132/2819 1828/134/1823
f 926/704/921 2825/2935/2820 787/705/782
f 2825/2935/2820 926/704/921 1195/2819/1190
f 657/2634/652 1864/2633/1859 2826/2636/2821
f 657/2634/652 2826/2636/2821 2861/2896/2856
f 2321/2032/2316 2827/102/2822 735/4385/730
f 735/4385/730 2827/102/2822 987/1815/982
f 1773/3185/1768 2828/3072/2823 333/3008/328
f 1773/3185/1768 3162/3073/3157 2828/3072/2823
f 2829/4090/2824 2005/4089/2000 1701/3064/1696
f 2829/4090/2824 3265/3067/3260 2005/4089/2000
f 1456/1019/1451 2830/3905/2825 2499/1018/2494
f 2830/3905/2825 1456/1019/1451 286/731/281
f 267/4349/262 1561/325/1556 2831/4000/2826
f 2831/4000/2826 1561/325/1556 2227/3461/2222
f 864/3089/859 1440/1465/1435 2832/3090/2827
f 1440/1465/1435 2311/1464/2306 2832/3090/2827
f 517/1499/512 1731/2201/1726 2833/2202/2828
f 2380/1594/2375 2833/2202/2828 2835/4405/2830
f 2834/3749/2829 2832/3090/2827 78/1462/73
f 2544/1931/2539 2834/3749/2829 78/1462/73
f 1731/2201/1726 2835/4405/2830 2833/2202/2828
f 2835/4405/2830 1731/2201/1726 3038/2205/3033
f 985/818/980 2836/4282/2831 2070/821/2065
f 2070/821/2065 2836/4282/2831 458/77/453
f 95/2470/90 2837/2474/2832 602/2473/597
f 1253/3316/1248 2837/2474/2832 95/2470/90
f 1383/4360/1378 2421/4479/2416 2838/3731/2833
f 2838/3731/2833 2421/4479/2416 2704/3736/2699
f 1608/2581/1603 2839/465/2834 55/2578/50
f 1608/2581/1603 2002/2580/1997 2839/465/2834
f 1923/3779/1918 2840/4211/2835 1962/4210/1957
f 2761/3502/2756 2840/4211/2835 1923/3779/1918
f 2841/1735/2836 86/3810/81 1827/1736/1822
f 2841/3386/2836 1186/957/1181 86/3615/81
f 1629/4037/1624 2469/1750/2464 2842/1754/2837
f 2842/2809/2837 2898/2149/2893 1629/4035/1624
f 1821/4140/1816 2843/1432/2838 301/3380/296
f 1040/1444/1035 2843/1432/2838 1821/4140/1816
f 2844/1173/2839 2760/575/2755 569/2357/564
f 2844/1173/2839 437/1946/432 2760/575/2755
f 2845/1302/2840 307/4502/302 2889/4503/2884
f 307/4502/302 2845/1302/2840 2458/4005/2453
f 823/1611/818 2846/1616/2841 1379/801/1374
f 2846/1616/2841 348/802/343 1379/801/1374
f 1439/1306/1434 2847/1307/2842 1751/972/1746
f 1751/972/1746 2847/1307/2842 974/1303/969
f 2848/2196/2843 64/95/59 319/1501/314
f 1878/4352/1873 64/95/59 2848/2196/2843
f 2849/3690/2844 1248/3665/1243 203/3889/198
f 1663/3756/1658 3039/1024/3034 203/3888/198
f 632/2563/627 2850/648/2845 2492/1356/2487
f 2692/2566/2687 2850/648/2845 632/2563/627
f 1036/4504/1031 2851/1325/2846 853/1324/848
f 2941/1918/2936 1036/4504/1031 2194/1919/2189
f 2852/3860/2847 2588/1402/2583 1093/1080/1088
f 1093/1080/1088 2761/3502/2756 2852/3860/2847
f 2853/2769/2848 1999/3620/1994 1189/2659/1184
f 340/1220/335 2853/2769/2848 1189/2659/1184
f 2854/4505/2849 2055/3157/2050 432/3156/427
f 1060/3410/1055 2055/3157/2050 2854/4505/2849
f 1380/979/1375 506/1652/501 2855/1321/2850
f 2855/1321/2850 3221/980/3216 1380/979/1375
f 1975/4198/1970 1908/4199/1903 2856/4506/2851
f 2856/4506/2851 2302/4236/2297 1975/4198/1970
f 2857/2136/2852 1009/3375/1004 1465/3376/1460
f 2857/2136/2852 2555/2135/2550 1009/3375/1004
f 765/2882/760 514/2294/509 2858/3596/2853
f 3097/3595/3092 1165/2884/1160 2858/3596/2853
f 1310/3759/1305 540/2567/535 2859/3095/2854
f 1162/2568/1157 1310/3760/1305 2859/3590/2854
f 265/1297/260 2860/454/2855 1874/3331/1869
f 217/455/212 2860/454/2855 265/1297/260
f 768/2734/763 2861/2896/2856 2493/268/2488
f 2861/2896/2856 768/2734/763 657/2634/652
f 2862/1889/2857 2036/396/2031 1463/1991/1458
f 2862/1889/2857 452/3622/447 2036/396/2031
f 1230/3668/1225 2863/2277/2858 570/1337/565
f 2863/2277/2858 1230/3668/1225 1478/2365/1473
f 211/3875/206 1960/1800/1955 2864/3283/2859
f 2864/3283/2859 1960/1800/1955 205/2501/200
f 2292/1223/2287 966/1783/961 2865/3186/2860
f 2865/3186/2860 966/1783/961 907/1786/902
f 1404/3911/1399 84/444/79 2866/2926/2861
f 84/444/79 718/443/713 2866/2926/2861
f 2867/2872/2862 3050/726/3045 2308/4379/2303
f 2867/1734/2862 2308/3033/2303 842/1732/837
f 764/1026/759 204/1090/199 2868/3020/2863
f 2868/3020/2863 204/1090/199 1132/1585/1127
f 2869/3554/2864 3229/3934/3224 2212/4507/2207
f 2869/3553/2864 2212/4350/2207 1134/241/1129
f 2870/2791/2865 2699/79/2694 17/1054/17
f 1596/2010/1591 2699/79/2694 2870/2791/2865
f 1018/3389/1013 844/3391/839 2871/2000/2866
f 2871/2000/2866 844/3391/839 3153/4093/3148
f 2237/1958/2232 2872/2009/2867 2014/2789/2009
f 2237/1958/2232 240/1957/235 2872/2009/2867
f 420/3530/415 1985/323/1980 2873/459/2868
f 1067/3460/1062 420/3530/415 2873/459/2868
f 2355/1636/2350 1269/755/1264 2874/3709/2869
f 2355/1636/2350 2874/3709/2869 1193/2221/1188
f 2875/3535/2870 1127/2381/1122 1493/4508/1488
f 2875/3535/2870 1493/4508/1488 2480/3536/2475
f 2876/3019/2871 262/3016/257 2196/2959/2191
f 3255/1380/3250 262/1379/257 2876/4509/2871
f 2212/4350/2207 2877/4288/2872 2076/242/2071
f 2212/4507/2207 3229/3934/3224 2877/3936/2872
f 618/2523/613 3380/3974/3375 3401/4409/3396
f 2878/1568/2873 1817/2377/1812 121/2379/116
f 121/2379/116 958/1569/953 2878/1568/2873
f 2810/2955/2805 2879/3344/2874 308/2953/303
f 511/2176/506 308/4510/303 2879/2175/2874
f 2225/1892/2220 905/1891/900 2880/1993/2875
f 2862/1889/2857 2880/1993/2875 905/1891/900
f 2414/331/2409 2881/4276/2876 2051/332/2046
f 2096/2273/2091 2051/332/2046 2881/4276/2876
f 2882/4048/2877 1646/1592/1641 2880/1993/2875
f 1646/1592/1641 2882/4048/2877 195/1593/190
f 3189/2389/3184 324/766/319 2883/2390/2878
f 324/766/319 56/1518/51 2923/4511/2918
f 387/1278/382 2884/1748/2879 720/1279/715
f 1168/2780/1163 720/1279/715 2884/1748/2879
f 1799/4512/1794 2957/836/2952 2885/1424/2880
f 2263/2195/2258 3010/2684/3005 2885/1424/2880
f 2886/2393/2881 597/2989/592 2434/2990/2429
f 2886/2393/2881 2434/2990/2429 817/2456/812
f 2887/1669/2882 1012/819/1007 2103/4306/2098
f 158/1671/153 1012/819/1007 2887/1669/2882
f 672/3761/667 1756/2248/1751 2888/2178/2883
f 672/3761/667 2888/2178/2883 55/2578/50
f 2889/4503/2884 284/542/279 2845/1302/2840
f 284/542/279 2889/4503/2884 746/3253/741
f 1283/2747/1278 2890/1150/2885 1172/4513/1167
f 3000/1517/2995 700/816/695 1172/4513/1167
f 2891/4514/2886 1636/4043/1631 1672/3087/1667
f 863/3086/858 2891/4514/2886 1672/3087/1667
f 1055/4298/1050 957/4515/952 2892/3290/2887
f 553/2303/548 2892/3290/2887 957/4515/952
f 554/2517/549 617/2306/612 2893/2305/2888
f 2144/2307/2139 554/2517/549 2893/2305/2888
f 2894/566/2889 287/568/282 2349/4027/2344
f 2894/566/2889 2349/4027/2344 1014/3109/1009
f 2895/2078/2890 525/2230/520 189/2076/184
f 2895/4499/2890 2807/2396/2802 525/3079/520
f 2896/2220/2891 2140/3251/2135 3021/3929/3016
f 1740/2905/1735 2896/2220/2891 190/424/185
f 1431/422/1426 2897/277/2892 870/2045/865
f 870/2045/865 2897/277/2892 2667/3103/2662
f 2818/4036/2813 1629/4035/1624 2898/2149/2893
f 3158/1755/3153 428/1111/423 2818/4036/2813
f 1995/700/1990 2899/3304/2894 321/1507/316
f 321/1507/316 2899/3304/2894 335/1508/330
f 611/2140/606 403/657/398 2900/1826/2895
f 2900/1826/2895 403/657/398 3238/659/3233
f 1802/3670/1797 317/3671/312 2971/4516/2966
f 2971/4516/2966 317/3671/312 1769/3750/1764
f 3334/2061/3329 476/1927/471 3360/3286/3355
f 1423/3780/1418 1971/3778/1966 2902/3866/2897
f 2902/3866/2897 1971/3778/1966 1326/98/1321
f 1300/857/1295 1064/3456/1059 2903/861/2898
f 2903/861/2898 1064/3456/1059 91/813/86
f 2648/2064/2643 3114/2063/3109 2904/4517/2899
f 2648/2064/2643 2904/4517/2899 2665/4469/2660
f 2905/1930/2900 433/406/428 1337/550/1332
f 2905/1930/2900 2544/1931/2539 433/406/428
f 2906/619/2901 1001/3975/996 1738/3360/1733
f 1738/3360/1733 93/2603/88 2906/619/2901
f 428/1111/423 2907/4501/2902 2818/4036/2813
f 2552/1906/2547 2907/1905/2902 428/4518/423
f 229/3518/224 646/939/641 2908/4519/2903
f 646/939/641 920/938/915 2908/4519/2903
f 2909/1369/2904 537/620/532 2906/619/2901
f 537/620/532 2909/1369/2904 2889/1367/2884
f 2910/3714/2905 1584/19/1579 6/18/6
f 6/3313/6 974/1303/969 2910/3715/2905
f 3193/4180/3188 3232/4520/3227 2911/2206/2906
f 2911/2206/2906 3232/4520/3227 3413/4521/3408 3403/4522/3398
f 2912/1544/2907 3019/3741/3014 954/2409/949
f 3288/1390/3283 2912/1544/2907 954/2409/949
f 935/2198/930 2148/1181/2143 2913/4329/2908
f 2950/2197/2945 935/2198/930 2913/4329/2908
f 1842/2795/1837 2914/4523/2909 3268/2793/3263
f 2914/2806/2909 2246/2808/2241 727/4359/722
f 2915/2596/2910 1074/3472/1069 558/894/553
f 1949/893/1944 1074/3472/1069 2915/2596/2910
f 1609/171/1604 2916/1477/2911 255/2532/250
f 2916/3972/2911 2688/720/2683 255/4475/250
f 1537/2950/1532 1088/2952/1083 2917/3498/2912
f 1088/2952/1083 675/1202/670 2917/3498/2912
f 166/4106/161 1746/604/1741 2918/1874/2913
f 2918/1874/2913 2977/606/2972 3006/856/3001
f 2919/2392/2914 997/579/992 719/578/714
f 2919/2392/2914 2265/3998/2260 997/579/992
f 339/3152/334 2920/3151/2915 703/842/698
f 339/3152/334 1959/3154/1954 2920/3151/2915
f 283/4242/278 1984/628/1979 2921/479/2916
f 1527/480/1522 2921/479/2916 1984/628/1979
f 1388/4219/1383 2922/2168/2917 640/636/635
f 1991/4218/1986 2922/2168/2917 1388/4219/1383
f 324/766/319 2923/4511/2918 2883/2390/2878
f 2883/1521/2878 2923/2383/2918 1343/1519/1338
f 1479/2992/1474 2924/1858/2919 30/470/26
f 3094/468/3089 30/470/26 2924/1858/2919
f 2925/2001/2920 2090/3539/2085 2494/2003/2489
f 2925/2001/2920 456/911/451 2090/3539/2085
f 978/2848/973 2926/3785/2921 750/2110/745
f 978/3320/973 828/379/823 2926/3414/2921
f 2416/1807/2411 105/3500/100 2927/1808/2922
f 213/3035/208 2927/1808/2922 105/3500/100
f 2083/2318/2078 1815/2320/1810 2928/4524/2923
f 2192/3983/2187 3009/4344/3004 1815/3519/1810
f 2929/2410/2924 908/1156/903 3411/4477/3406 3414/4525/3409
f 3414/4525/3409 3384/4111/3379 2929/2410/2924
f 2930/279/2925 1254/1267/1249 2897/277/2892
f 322/1468/317 1254/1267/1249 2930/279/2925
f 2201/526/2196 2931/525/2926 2141/4327/2136
f 2141/4327/2136 2931/525/2926 2106/4308/2101
f 1660/2702/1655 56/2699/51 2932/1853/2927
f 1660/2702/1655 2932/1853/2927 1866/1855/1861
f 2358/4011/2353 2933/4526/2928 734/4396/729
f 2933/3041/2928 1265/2084/1260 734/3039/729
f 2934/3581/2929 1052/2584/1047 1942/2336/1937
f 2934/3581/2929 1155/2587/1150 1052/2584/1047
f 2419/1718/2414 2935/3773/2930 2243/4163/2238
f 1863/2802/1858 2243/4163/2238 2935/3773/2930
f 1984/628/1979 2936/630/2931 1527/480/1522
f 1527/480/1522 2936/630/2931 1373/1966/1368
f 2082/2298/2077 515/2297/510 2937/2192/2932
f 2431/2194/2426 2937/2192/2932 515/2297/510
f 541/3385/536 2951/4144/2946 2938/567/2933
f 541/3385/536 2938/567/2933 2894/566/2889
f 200/199/195 2939/1154/2934 411/1155/406
f 2633/4254/2628 2939/1154/2934 200/199/195
f 2236/4527/2231 2074/3216/2069 2940/3215/2935
f 475/2317/470 2236/4527/2231 2940/3215/2935
f 2851/1325/2846 1036/4504/1031 2941/1918/2936
f 272/3420/267 2851/1325/2846 2941/1918/2936
f 32/3310/28 1574/1879/1569 2942/151/2937
f 2942/151/2937 1574/1879/1569 1177/152/1172
f 1434/3697/1429 2943/1138/2938 1710/314/1705
f 1434/3697/1429 1070/3466/1065 2943/1138/2938
f 3345/2525/3340 693/2524/688 3415/4528/3410
f 3415/4528/3410 693/2524/688 3207/2722/3202 3373/3805/3368
f 2944/1677/2939 362/3916/357 856/1466/851
f 1465/3376/1460 362/3916/357 2972/3915/2967
f 183/3159/178 242/4529/237 2945/3160/2940
f 242/3232/237 1321/3772/1316 2945/936/2940
f 1334/1939/1329 431/1262/426 2946/3791/2941
f 3068/1082/3063 1650/1084/1645 1334/1939/1329
f 2947/4468/2942 1198/992/1193 2758/990/2753
f 2642/2621/2637 1198/992/1193 2947/4468/2942
f 543/233/538 2948/232/2943 3416/4530/3411 3361/3296/3356
f 3395/4233/3390 3416/4530/3411 2948/232/2943
f 628/471/623 2949/3490/2944 2618/4458/2613
f 2949/3490/2944 628/471/623 1246/2560/1241
f 2950/2197/2945 3249/3955/3244 2263/2195/2258
f 2950/3252/2945 624/810/619 2822/2686/2817
f 107/563/102 2474/565/2469 2951/590/2946
f 2474/3881/2469 1435/1810/1430 2951/4144/2946
f 1550/487/1545 159/569/154 2952/4461/2947
f 1655/2486/1650 1550/487/1545 2952/4461/2947
f 3161/467/3156 2953/4377/2948 462/2020/457
f 2953/4377/2948 2461/4238/2456 462/2020/457
f 2943/1138/2938 2954/3702/2949 2485/315/2480
f 2954/3702/2949 2943/1138/2938 95/2470/90
f 2955/674/2950 2682/673/2677 130/544/125
f 1912/4531/1907 2955/674/2950 130/544/125
f 873/909/868 2956/3110/2951 2283/512/2278
f 873/909/868 2011/908/2006 2956/3110/2951
f 2957/836/2952 3121/4532/3116 2885/1424/2880
f 1733/2284/1728 1154/3580/1149 2957/836/2952
f 616/1917/611 2297/1916/2292 2958/3454/2953
f 2958/3454/2953 431/1262/426 616/1917/611
f 983/1739/978 2959/3279/2954 626/3330/621
f 1451/2550/1446 626/3330/621 2959/3279/2954
f 2960/2736/2955 2223/3504/2218 1647/4354/1642
f 2960/2736/2955 1647/4354/1642 2747/1533/2742
f 2961/4533/2956 1330/3006/1325 1403/2106/1398
f 2961/4533/2956 2926/4534/2921 1330/3006/1325
f 617/2513/612 2962/3353/2957 2384/2514/2379
f 617/2306/612 554/2517/549 2962/2516/2957
f 802/1248/797 2963/2967/2958 1120/1237/1115
f 1120/1237/1115 2963/2967/2958 161/832/156
f 2964/1341/2959 441/2034/436 3081/1342/3076
f 441/2034/436 2964/1341/2959 2305/1954/2300
f 2965/49/2960 2001/1157/1996 3197/52/3192
f 2965/49/2960 2976/4252/2971 2001/1157/1996
f 2917/3498/2912 2966/3499/2961 1537/2950/1532
f 2987/1346/2982 2210/1345/2205 1537/2950/1532
f 548/1242/543 1938/2287/1933 2967/2719/2962
f 2281/3441/2276 2967/2719/2962 1938/2287/1933
f 2058/3589/2053 1161/3588/1156 2968/3194/2963
f 1161/3588/1156 1639/1747/1634 2968/3194/2963
f 2668/3522/2663 593/2005/588 2969/4535/2964
f 2969/4535/2964 2159/2917/2154 2668/3522/2663
f 2970/4178/2965 972/1105/967 1546/2902/1541
f 2970/4178/2965 206/3133/201 972/1105/967
f 2901/3669/2896 1802/3670/1797 2971/4516/2966
f 1769/3750/1764 2901/3669/2896 2971/4516/2966
f 2972/3915/2967 362/3916/357 2944/1677/2939
f 2353/4395/2348 2972/3915/2967 2944/1677/2939
f 2973/3207/2968 2127/1770/2122 1091/2867/1086
f 1091/2867/1086 916/1176/911 2973/3207/2968
f 1856/3091/1851 1414/3093/1409 2974/3094/2969
f 865/2457/860 2974/3853/2969 1414/3852/1409
f 2975/371/2970 184/982/179 1301/1091/1296
f 3185/4326/3180 184/982/179 2975/371/2970
f 3039/1024/3034 15/3755/15 2976/72/2971
f 15/3754/15 2001/1157/1996 2976/4252/2971
f 1746/604/1741 2977/606/2972 2918/1874/2913
f 2977/606/2972 1746/604/1741 875/603/870
f 2957/836/2952 1799/4512/1794 2978/837/2973
f 1799/4512/1794 2885/1424/2880 3010/2684/3005
f 875/603/870 2979/607/2974 2977/606/2972
f 2979/607/2974 875/603/870 1178/370/1173
f 567/2352/562 1126/784/1121 2980/2240/2975
f 2776/786/2771 2986/3689/2981 1126/784/1121
f 36/2169/32 510/418/505 2981/56/2976
f 2081/53/2076 36/2169/32 2985/54/2980
f 1326/98/1321 3025/3868/3020 1474/3867/1469
f 2902/3866/2897 1474/3867/1469 3015/4536/3010
f 2983/408/2978 216/3793/211 1337/550/1332
f 2113/407/2108 216/3793/211 2983/408/2978
f 2984/3149/2979 2002/4253/1997 1062/3148/1057
f 2002/4253/1997 2984/3149/2979 2958/3454/2953
f 2985/54/2980 36/2169/32 2981/56/2976
f 2985/54/2980 2981/56/2976 1582/55/1577
f 2986/3689/2981 1632/281/1627 2980/2240/2975
f 2980/2240/2975 1126/784/1121 2986/3689/2981
f 1537/2950/1532 2966/3499/2961 2987/1346/2982
f 3253/1446/3248 2987/1346/2982 2966/3499/2961
f 1053/3018/1048 2087/1076/2082 2988/1075/2983
f 1707/3448/1702 1053/3018/1048 2988/1075/2983
f 2989/2369/2984 2628/3409/2623 1209/3408/1204
f 2989/2369/2984 1876/2368/1871 2628/3409/2623
f 2467/1834/2462 2990/3043/2985 212/1835/207
f 2990/3043/2985 2183/2593/2178 212/1835/207
f 3078/271/3073 2991/3436/2986 2244/3435/2239
f 2991/3436/2986 300/1429/295 871/1428/866
f 2066/779/2061 2992/3217/2987 1408/776/1403
f 919/777/914 1408/776/1403 2992/3217/2987
f 943/4537/938 3270/3266/3265 2993/1320/2988
f 177/3479/172 943/4537/938 2993/1320/2988
f 1657/2797/1652 959/2961/954 2994/3646/2989
f 1657/2797/1652 2994/3646/2989 3368/3645/3363 3349/2798/3344
f 333/3008/328 2995/2019/2990 1773/3185/1768
f 333/3008/328 2362/1560/2357 2995/2019/2990
f 1182/476/1177 2996/1979/2991 48/1706/43
f 448/2344/443 48/1706/43 2996/1979/2991
f 1490/1564/1485 371/1563/366 2997/753/2992
f 2292/1223/2287 2997/753/2992 371/1563/366
f 1171/4138/1166 2998/4538/2993 722/4139/717
f 722/1495/717 2998/276/2993 1303/275/1298
f 2999/2515/2994 2579/433/2574 298/4452/293
f 298/4452/293 617/2513/612 2999/2515/2994
f 2890/1150/2885 1758/1149/1753 3000/1517/2995
f 2890/1150/2885 3000/1517/2995 1172/4513/1167
f 327/1534/322 3001/2731/2996 2397/3057/2392
f 2397/3057/2392 3001/2731/2996 3240/260/3235
f 1492/387/1487 3002/386/2997 1320/2527/1315
f 1320/2527/1315 3002/386/2997 1631/2528/1626
f 3003/2936/2998 863/2933/858 787/705/782
f 863/2933/858 3003/2936/2998 2891/3088/2886
f 2011/908/2006 1775/3477/1770 3004/3112/2999
f 1775/3477/1770 1904/907/1899 3004/3112/2999
f 3005/2070/3000 933/3074/928 1987/3250/1982
f 157/587/152 3005/2070/3000 1987/3250/1982
f 2294/1056/2289 1034/2053/1029 3006/856/3001
f 3006/856/3001 1034/2053/1029 68/128/63
f 732/4539/727 2985/2814/2980 3007/2813/3002
f 732/43/727 3007/46/3002 486/3024/481
f 3008/324/3003 3182/2715/3177 691/3777/686
f 691/3777/686 1325/3531/1320 3008/324/3003
f 3009/4540/3004 2928/4524/2923 1815/2320/1810
f 3009/2150/3004 1600/2055/1595 2928/4019/2923
f 2978/837/2973 1799/4512/1794 3010/2684/3005
f 677/2685/672 2978/837/2973 3010/2684/3005
f 665/201/660 3011/4054/3006 591/2436/586
f 1890/3657/1885 3011/4054/3006 665/201/660
f 1834/4068/1829 3012/4244/3007 2111/2521/2106
f 3012/4244/3007 1214/4310/1209 2111/2521/2106
f 3013/625/3008 415/2373/410 1159/2376/1154
f 3077/627/3072 415/2373/410 3013/625/3008
f 346/994/341 3014/993/3009 1051/3446/1046
f 3014/993/3009 1788/585/1783 1051/3446/1046
f 2982/3923/2977 2902/3866/2897 3015/4536/3010
f 1474/3867/1469 3025/3868/3020 3015/4536/3010
f 3016/207/3011 2795/3758/2790 1308/2760/1303
f 3016/207/3011 138/2451/133 2795/3758/2790
f 3017/3662/3012 221/3664/216 3138/1646/3133
f 1220/3663/1215 221/3664/216 3017/3662/3012
f 1340/2804/1335 2207/3795/2202 3018/3794/3013
f 1340/2804/1335 3018/3794/3013 740/490/735
f 3019/3741/3014 1466/616/1461 2437/3285/2432
f 3019/3741/3014 2437/3285/2432 954/2409/949
f 1555/1695/1550 550/1697/545 3020/2293/3015
f 3020/2293/3015 550/1697/545 2383/2292/2378
f 1482/425/1477 190/424/185 3021/3929/3016
f 2896/2220/2891 3021/3929/3016 190/424/185
f 1419/2488/1414 3022/734/3017 608/1231/603
f 1419/2488/1414 2253/2355/2248 3022/734/3017
f 1588/4541/1583 3023/184/3018 1304/3751/1299
f 1588/4541/1583 275/4542/270 3023/184/3018
f 1043/1822/1038 208/1047/203 3024/1397/3019
f 1043/1822/1038 3024/1397/3019 2900/1823/2895
f 2982/3923/2977 3025/3868/3020 1420/3859/1415
f 3025/3868/3020 2982/3923/2977 3015/4536/3010
f 3026/1128/3021 1786/2924/1781 556/1985/551
f 237/1686/232 1786/2924/1781 3026/1128/3021
f 1862/3028/1857 3027/3029/3022 839/1175/834
f 3027/3029/3022 1862/3028/1857 1412/3713/1407
f 3028/1624/3023 2271/1621/2266 384/4368/379
f 3028/2707/3023 384/4022/379 1601/262/1596
f 1202/2573/1197 2580/3633/2575 3029/2141/3024
f 3029/2141/3024 190/424/185 1202/2573/1197
f 353/1571/348 3030/1907/3025 958/1572/953
f 3034/948/3029 3030/1907/3025 353/1571/348
f 1076/3475/1071 3031/355/3026 1689/357/1684
f 1469/495/1464 3031/355/3026 1076/3475/1071
f 2830/3905/2825 209/1354/204 3032/2356/3027
f 209/1351/204 2253/2355/2248 3032/2354/3027
f 1371/2842/1366 571/3824/566 3033/298/3028
f 571/3824/566 1676/296/1671 3033/298/3028
f 353/1571/348 1919/1642/1914 3034/948/3029
f 3034/948/3029 1919/1642/1914 1245/949/1240
f 3124/1707/3119 2318/4543/2313 3035/4544/3030
f 3035/4544/3030 627/3607/622 3124/1707/3119
f 3036/1877/3031 1325/3531/1320 1067/3460/1062
f 3036/1877/3031 3008/324/3003 1325/3531/1320
f 3037/2163/3032 482/1388/477 845/3557/840
f 3037/2163/3032 845/3557/840 2358/4011/2353
f 2255/438/2250 519/2101/514 3038/4545/3033
f 519/4404/514 2835/4405/2830 3038/2205/3033
f 16/872/16 2849/3690/2844 3039/1023/3034
f 3039/1023/3034 2849/3690/2844 203/3889/198
f 3040/3209/3035 1909/225/1904 487/3210/482
f 2743/1300/2738 1909/225/1904 3040/3209/3035
f 640/636/635 984/366/979 3041/573/3036
f 3041/573/3036 984/366/979 1199/368/1194
f 3042/3640/3037 2188/1661/2183 2756/1663/2751
f 2756/4487/2751 92/375/87 3042/4488/3037
f 1065/135/1060 369/137/364 3043/1699/3038
f 3074/3842/3069 369/137/364 2472/136/2467
f 892/1924/887 2532/1926/2527 3044/1605/3039
f 2532/1926/2527 141/2484/136 3044/1605/3039
f 3045/2311/3040 2774/2309/2769 814/2986/809
f 814/2986/809 2283/512/2278 3076/511/3071
f 1899/3432/1894 3046/3672/3041 1233/4190/1228
f 373/2613/368 3046/3672/3041 1899/3432/1894
f 1599/4546/1594 3047/1081/3042 1328/4453/1323
f 2586/1403/2581 1328/4453/1323 3047/1081/3042
f 3048/194/3043 706/2969/701 2333/353/2328
f 803/2756/798 706/2969/701 3048/194/3043
f 1144/141/1139 3049/178/3044 2512/177/2507
f 1144/141/1139 1626/845/1621 3049/178/3044
f 3050/726/3045 2867/2872/2862 762/3990/757
f 3050/726/3045 762/3990/757 1551/2849/1546
f 1563/1779/1558 3051/1633/3046 698/1635/693
f 2583/1782/2578 3051/1633/3046 1563/1779/1558
f 1176/1309/1171 3052/2667/3047 3267/1310/3262
f 3052/2667/3047 2636/2564/2631 1218/2461/1213
f 3053/3523/3048 220/3525/215 2168/2497/2163
f 220/3958/215 3053/2193/3048 2431/2194/2426
f 1031/96/1026 3054/2153/3049 1998/4017/1993
f 1747/4248/1742 1998/4017/1993 3054/2153/3049
f 493/2242/488 3055/1555/3050 2317/1554/2312
f 3055/1555/3050 493/2242/488 1628/280/1623
f 3056/3774/3051 908/1156/903 2696/3271/2691
f 3056/3774/3051 2696/3271/2691 1936/3189/1931
f 1420/3859/1415 1591/97/1586 3057/4478/3052
f 3171/3577/3166 1591/97/1586 1594/3578/1589
f 3058/237/3053 1557/3191/1552 2302/4236/2297
f 1682/238/1677 3058/237/3053 2302/4236/2297
f 3059/303/3054 232/1159/227 2410/304/2405
f 3197/52/3192 2001/1157/1996 232/1159/227
f 1790/4121/1785 3142/509/3137 3060/409/3055
f 733/601/728 1790/4121/1785 3060/409/3055
f 432/3156/427 1377/3831/1372 3061/4547/3056
f 2000/848/1995 3061/3832/3056 1377/3849/1372
f 902/3177/897 3062/3170/3057 1611/2910/1606
f 902/3177/897 1446/3171/1441 3062/3170/3057
f 3063/3162/3058 1295/3598/1290 894/3163/889
f 2445/3597/2440 1295/3598/1290 3063/3162/3058
f 880/3541/875 3064/863/3059 2216/864/2211
f 1939/1623/1934 3064/3132/3059 880/2449/875
f 2086/4389/2081 533/4296/528 3065/4297/3060
f 3305/435/3300 2086/364/2081 3065/4216/3060 3399/4337/3394
f 3066/1837/3061 228/1164/223 233/1163/228
f 233/1163/228 1476/2991/1471 3066/1837/3061
f 503/2891/498 3067/477/3062 1711/1819/1706
f 503/2891/498 3206/989/3201 3067/477/3062
f 2946/3791/2941 1497/1261/1492 3068/1082/3063
f 1334/1939/1329 2946/3791/2941 3068/1082/3063
f 3001/2731/2996 1964/4231/1959 3069/504/3064
f 3096/4548/3091 63/536/58 3069/504/3064
f 566/500/561 192/382/187 3070/326/3065
f 3070/326/3065 192/382/187 2059/381/2054
f 106/1308/101 3267/1310/3262 3071/2691/3066
f 2812/2690/2807 106/1308/101 3071/2691/3066
f 1702/2754/1697 3072/1693/3067 133/3494/128
f 3072/1693/3067 3073/1692/3068 133/3494/128
f 3073/1692/3068 1085/4104/1080 1745/3495/1740
f 133/3494/128 3073/1692/3068 1745/3495/1740
f 369/137/364 3074/3842/3069 3043/1699/3038
f 1917/1700/1912 3043/1699/3038 3074/3842/3069
f 600/701/595 2028/4265/2023 3075/4267/3070
f 3075/2467/3070 2028/2466/2023 24/401/23
f 99/520/94 3045/2311/3040 3076/511/3071
f 814/2986/809 3076/511/3071 3045/2311/3040
f 833/1528/828 3077/4549/3072 366/3101/361
f 3077/4549/3072 833/1528/828 41/1531/36
f 2241/924/2236 300/1429/295 3078/271/3073
f 300/1429/295 2991/3436/2986 3078/271/3073
f 2341/4084/2336 2608/4392/2603 3079/2728/3074
f 2341/4084/2336 3079/2728/3074 2365/2332/2360
f 236/2361/231 3080/431/3075 2534/4442/2529
f 569/2360/564 3080/431/3075 236/2361/231
f 441/2034/436 102/4550/97 3081/1342/3076
f 3081/1342/3076 102/4550/97 1607/4353/1602
f 3082/4078/3077 699/4551/694 2193/2852/2188
f 2413/2854/2408 699/3138/694 3082/2853/3077
f 1404/3911/1399 2866/2926/2861 3083/3011/3078
f 1404/3911/1399 3083/3011/3078 2296/4552/2291
f 310/491/305 3084/1512/3079 1317/2133/1312
f 310/491/305 740/490/735 3084/1512/3079
f 794/722/789 3274/4553/3269 3085/4554/3080
f 3085/4554/3080 2121/2948/2116 794/722/789
f 1152/3439/1147 3086/1491/3081 316/3575/311
f 1152/3439/1147 201/1492/196 3086/1491/3081
f 2204/2342/2199 3087/4320/3082 2128/4319/2123
f 2204/2342/2199 2262/3001/2257 3087/4320/3082
f 2450/2363/2445 1321/3772/1316 3088/1206/3083
f 1321/3772/1316 242/3232/237 3088/1206/3083
f 3322/1418/3317 3297/23/3292 2579/22/2574
f 114/2012/109 3089/3205/3084 915/1626/910
f 2260/2015/2255 3089/3205/3084 114/2012/109
f 1203/789/1198 256/1257/251 3090/787/3085
f 3090/787/3085 256/1257/251 1023/966/1018
f 3091/3979/3086 2231/1031/2226 241/1122/236
f 3091/3979/3086 1540/790/1535 2231/1031/2226
f 1362/2272/1357 2257/1229/2252 3092/1228/3087
f 960/3349/955 1362/2272/1357 3092/1228/3087
f 3093/562/3088 2149/598/2144 2309/560/2304
f 3093/562/3088 798/4239/793 2149/598/2144
f 230/1152/225 3094/4301/3089 2939/1153/2934
f 230/1152/225 2100/3058/2095 3094/4301/3089
f 3095/2338/3090 901/3173/896 1940/3808/1935
f 3095/2338/3090 1940/3808/1935 1388/4219/1383
f 3098/537/3093 63/536/58 3096/4548/3091
f 3096/4548/3091 3069/504/3064 1964/4231/1959
f 2858/3596/2853 514/2294/509 3097/3595/3092
f 3097/3595/3092 514/2294/509 756/2859/751
f 3096/4548/3091 1964/4231/1959 3098/537/3093
f 3098/537/3093 1964/4231/1959 777/2547/772
f 1836/63/1831 3099/4151/3094 472/1694/467
f 1902/1/1897 472/3551/467 3099/4555/3094
f 3100/2489/3095 2217/1328/2212 427/4351/422
f 871/3104/866 3100/2489/3095 427/4351/422
f 942/3262/937 3101/3873/3096 1426/2653/1421
f 1426/2653/1421 3101/3873/3096 2441/2651/2436
f 854/1048/849 1241/1050/1236 3102/285/3097
f 3102/285/3097 201/1492/196 854/1048/849
f 895/2187/890 3103/4152/3098 1836/63/1831
f 3099/4151/3094 1836/63/1831 3103/4152/3098
f 2708/3339/2703 3104/4256/3099 2677/1249/2672
f 2677/1249/2672 3104/4256/3099 2522/1911/2517
f 1274/2439/1269 3105/2370/3100 592/266/587
f 806/1254/801 3105/2370/3100 1274/2439/1269
f 3105/2370/3100 3106/3717/3101 592/266/587
f 2284/4373/2279 592/266/587 3106/3717/3101
f 3107/1269/3102 2667/3103/2662 2897/277/2892
f 3107/1269/3102 612/2646/607 2667/3103/2662
f 2610/2060/2605 239/517/234 3108/2065/3103
f 3108/2065/3103 476/1927/471 2610/2060/2605
f 2828/3072/2823 830/3007/825 3109/2745/3104
f 1532/2743/1527 3109/2745/3104 830/3007/825
f 3110/4273/3105 2296/4552/2291 3083/3011/3078
f 2296/4552/2291 3110/4273/3105 1402/3846/1397
f 506/1652/501 3111/1657/3106 827/1653/822
f 827/1653/822 3111/1657/3106 559/2323/554
f 1857/1436/1852 536/1683/531 3112/3097/3107
f 3112/3097/3107 536/1683/531 1924/1682/1919
f 3053/2193/3048 479/3980/474 3113/1107/3108
f 3113/1107/3108 479/3980/474 2043/2414/2038
f 1678/1192/1673 3114/4070/3109 199/3288/194
f 199/3287/194 3114/2063/3109 3108/2065/3103
f 3115/881/3110 162/880/157 1063/3705/1058
f 2388/3455/2383 3115/881/3110 1063/3705/1058
f 1015/1299/1010 3116/3837/3111 1993/4247/1988
f 3116/3614/3111 2278/882/2273 1993/4222/1988
f 1802/3670/1797 3117/1494/3112 317/3671/312
f 3117/1494/3112 1847/610/1842 317/3671/312
f 3122/2542/3117 229/3518/224 3118/4556/3113
f 244/1213/239 1103/1212/1098 3118/3115/3113
f 3119/2928/3114 1018/3389/1013 2871/2000/2866
f 3119/3037/3114 213/3035/208 1018/248/1013
f 3120/4412/3115 3118/4556/3113 1103/1151/1098
f 1103/1151/1098 623/1000/618 3120/4412/3115
f 1154/3580/1149 3121/4532/3116 2957/836/2952
f 3154/1425/3149 1154/3580/1149 807/1422/802
f 2406/2541/2401 3122/2542/3117 3120/4412/3115
f 3122/2542/3117 3118/4556/3113 3120/4412/3115
f 544/4557/539 3123/4558/3118 894/3163/889
f 1013/1852/1008 894/3163/889 3123/4558/3118
f 218/1872/213 2318/4543/2313 3124/1707/3119
f 218/1872/213 3124/1707/3119 48/1706/43
f 432/3156/427 3125/4559/3120 2854/4505/2849
f 432/3156/427 3061/4547/3056 3125/4559/3120
f 1454/3206/1449 3126/4158/3121 2213/1772/2208
f 3126/4158/3121 1454/3206/1449 1854/1410/1849
f 3127/2956/3122 1547/1460/1542 1387/1461/1382
f 3127/2624/3122 653/1607/648 1547/2623/1542
f 3001/2731/2996 3069/504/3064 3128/1536/3123
f 3001/2731/2996 3128/1536/3123 1570/2729/1565
f 122/4560/117 1652/4057/1647 3129/3486/3124
f 1948/3485/1943 122/4560/117 3129/3486/3124
f 3130/4415/3125 1101/308/1096 120/1868/115
f 2137/981/2132 3130/4348/3125 120/2375/115
f 3131/1456/3126 2678/3744/2673 2092/4561/2087
f 266/4004/261 3131/1456/3126 2092/4561/2087
f 3091/3979/3086 3132/3655/3127 1215/1199/1210
f 1215/1199/1210 3132/3655/3127 1212/1121/1207
f 2852/3860/2847 3133/3781/3128 1423/3780/1418
f 2761/3502/2756 3133/3781/3128 2852/3860/2847
f 3134/2538/3129 469/84/464 400/3198/395
f 3134/2538/3129 799/2537/794 469/84/464
f 3135/1885/3130 149/887/144 173/4063/168
f 3264/1887/3259 149/887/144 3135/1885/3130
f 1445/360/1440 3254/3496/3249 145/747/140
f 1445/360/1440 70/1287/65 3254/3496/3249
f 218/1872/213 3137/4316/3132 2318/4543/2313
f 2318/4543/2313 3137/4316/3132 3035/4544/3030
f 3138/1646/3133 1592/1651/1587 887/2004/882
f 3138/1646/3133 221/3664/216 1592/1651/1587
f 207/1039/202 3139/1789/3134 1433/3468/1428
f 3139/1792/3134 2301/1791/2296 1433/3878/1428
f 3140/2828/3135 1947/3404/1942 1075/2826/1070
f 3140/2828/3135 1075/2826/1070 701/1841/696
f 3141/3900/3136 70/1287/65 1450/359/1445
f 1450/4437/1445 2515/1829/2510 3141/4436/3136
f 3142/509/3137 1725/415/1720 810/2981/805
f 3142/509/3137 810/2981/805 2605/410/2600
f 1643/592/1638 3143/591/3138 450/1526/445
f 450/2994/445 3143/2228/3138 939/1793/934
f 3144/3488/3139 2655/3489/2650 3129/3486/3124
f 1652/4057/1647 3144/3488/3139 3129/3486/3124
f 1695/4086/1690 3145/4562/3140 645/2644/640
f 2229/2645/2224 645/2644/640 3145/4562/3140
f 1521/3723/1516 380/3959/375 3146/4262/3141
f 3146/3724/3141 380/3652/375 2853/2769/2848
f 3149/3997/3144 3147/2033/3142 505/2155/500
f 505/2155/500 3147/2033/3142 2569/3413/2564
f 3201/1708/3196 1539/1097/1534 3148/3977/3143
f 3148/3977/3143 837/3976/832 1952/3022/1947
f 3149/4563/3144 1558/706/1553 441/1338/436
f 505/3996/500 1558/706/1553 3149/4563/3144
f 585/3032/580 3150/3030/3145 841/2418/836
f 585/846/580 893/3158/888 3150/4564/3145
f 781/100/776 3151/3010/3146 2866/2926/2861
f 3151/3010/3146 781/100/776 2232/99/2227
f 682/2858/677 3152/2695/3147 437/1946/432
f 1155/2587/1150 3152/2695/3147 682/2858/677
f 1434/3697/1429 1710/314/1705 3153/4093/3148
f 2871/2000/2866 3153/4093/3148 1710/314/1705
f 1154/3580/1149 3154/1425/3149 3121/4532/3116
f 2885/1424/2880 3121/4532/3116 3154/1425/3149
f 2572/3346/2567 3155/1821/3150 582/2404/577
f 1374/1134/1369 582/2404/577 3155/1821/3150
f 3156/1830/3151 3222/4565/3217 132/363/127
f 3325/1831/3320 3156/1830/3151 132/363/127 3412/4484/3407
f 3157/1014/3152 215/1085/210 1157/3484/1152
f 3102/285/3097 215/1085/210 3157/1014/3152
f 2818/4036/2813 2898/2149/2893 3158/1755/3153
f 504/2148/499 3158/1755/3153 2898/2149/2893
f 1491/727/1486 3159/681/3154 140/1850/135
f 140/1850/135 3159/681/3154 2731/683/2726
f 1241/1050/1236 3160/283/3155 3102/285/3097
f 127/1825/122 3160/283/3155 1241/1050/1236
f 3161/467/3156 67/343/62 1297/2180/1292
f 67/343/62 3161/467/3156 462/2020/457
f 858/954/853 3162/3073/3157 1173/1442/1168
f 3162/3073/3157 907/1786/902 1173/1442/1168
f 1730/1276/1725 1168/2780/1163 3163/676/3158
f 1730/1276/1725 3163/676/3158 2215/2258/2210
f 2041/62/2036 3164/64/3159 13/721/13
f 13/4566/13 3164/3550/3159 1133/3/1128
f 3160/283/3155 3238/659/3233 3165/284/3160
f 3165/284/3160 1344/2093/1339 629/2092/624
f 3166/3661/3161 263/1372/258 77/1371/72
f 631/847/626 3166/3661/3161 77/1371/72
f 3167/1052/3162 2830/3905/2825 3032/2356/3027
f 2830/3905/2825 3167/1052/3162 2499/1018/2494
f 2339/1283/2334 3168/1317/3163 724/2822/719
f 3168/1317/3163 2339/1283/2334 1713/1285/1708
f 3169/3862/3164 2998/4538/2993 1171/4138/1166
f 3169/3862/3164 1171/4138/1166 3181/3863/3176
f 3170/3273/3165 1976/1550/1971 1958/3270/1953
f 3184/4498/3179 1958/3270/1953 945/2827/940
f 1591/97/1586 3171/3577/3166 3057/4478/3052
f 2703/4455/2698 3057/4478/3052 3171/3577/3166
f 316/3575/311 1044/3068/1039 3172/3438/3167
f 3172/3438/3167 1044/3068/1039 854/1048/849
f 1342/782/1337 51/3797/46 3173/3798/3168
f 3173/3798/3168 51/3797/46 1761/959/1756
f 1935/4165/1930 1865/1722/1860 3174/2575/3169
f 3387/4197/3382 3389/4202/3384 1935/4165/1930 3174/2575/3169
f 3175/2984/3170 2452/341/2447 813/340/808
f 2121/4317/2116 3175/2984/3170 813/340/808
f 3176/4416/3171 936/4095/931 1712/522/1707
f 3176/4417/3171 388/545/383 3256/1767/3251
f 3208/2113/3203 1141/736/1136 3177/505/3172
f 3177/505/3172 96/2114/91 490/2165/485
f 3178/3573/3173 893/3158/888 183/185/178
f 893/3158/888 3178/3573/3173 3150/4564/3145
f 1390/4567/1385 1800/2331/1795 3179/2330/3174
f 562/1525/557 1390/4567/1385 3179/2330/3174
f 3180/3812/3175 3216/3306/3211 1358/944/1353
f 3180/1280/3175 1730/1276/1725 260/1275/255
f 3205/1960/3200 3181/3863/3176 1171/4138/1166
f 1421/1963/1416 3181/3863/3176 3205/1960/3200
f 3182/2715/3177 1858/2714/1853 2073/2847/2068
f 3182/2715/3177 2073/2847/2068 691/3777/686
f 3183/4366/3178 110/1244/105 1166/2326/1161
f 2919/2392/2914 110/1244/105 3183/4366/3178
f 3170/3273/3165 1958/3270/1953 3184/4498/3179
f 2806/3190/2801 3170/3273/3165 3184/4498/3179
f 1363/3815/1358 2693/2144/2688 3185/4326/3180
f 2693/2144/2688 184/982/179 3185/4326/3180
f 3186/1909/3181 164/3236/159 429/1910/424
f 164/3236/159 3186/1909/3181 761/3237/756
f 3187/2239/3182 1190/929/1185 2146/928/2141
f 2146/928/2141 1506/2241/1501 3187/2239/3182
f 3188/1455/3183 596/3745/591 3131/1456/3126
f 2691/2453/2686 596/3745/591 3188/1455/3183
f 440/764/435 3189/2389/3184 577/252/572
f 2451/1470/2446 577/252/572 3189/2389/3184
f 3190/1004/3185 1047/3442/1042 2665/4469/2660
f 1047/3442/1042 3190/1004/3185 3402/4410/3397 3363/3443/3358
f 1294/1612/1289 3191/2477/3186 1986/2476/1981
f 2123/1361/2118 3191/2477/3186 1294/1612/1289
f 3192/4434/3187 2511/2285/2506 1336/835/1331
f 3194/4568/3189 3192/4434/3187 2323/1431/2318
f 2911/2206/2906 1884/2208/1879 3193/4180/3188
f 3193/4180/3188 1884/2208/1879 2189/3393/2184
f 2511/2285/2506 3192/4434/3187 3194/4568/3189
f 3194/4568/3189 251/3792/246 2511/2285/2506
f 381/552/376 3195/3545/3190 1587/3543/1582
f 3195/3545/3190 1125/1744/1120 1587/3543/1582
f 3196/1883/3191 473/2614/468 373/2613/368
f 2719/1988/2714 473/2614/468 3196/1883/3191
f 232/1159/227 3059/303/3054 3197/52/3192
f 3059/303/3054 2030/3374/2025 3199/4292/3194
f 3198/920/3193 711/922/706 445/412/440
f 445/412/440 2010/3694/2005 3198/920/3193
f 3059/303/3054 3199/4292/3194 3197/52/3192
f 3197/52/3192 3199/4292/3194 2081/53/2076
f 3200/1925/3195 786/2485/781 141/2484/136
f 786/2485/781 3200/1925/3195 2585/2865/2580
f 3148/3977/3143 1952/3022/1947 3201/1708/3196
f 1952/3022/1947 2330/4223/2325 3201/1708/3196
f 591/2436/586 3202/2656/3197 1886/1217/1881
f 3011/4054/3006 3202/2656/3197 591/2436/586
f 3203/1761/3198 1398/3465/1393 370/4569/365
f 370/4569/365 1963/2102/1958 3203/1761/3198
f 2393/1476/2388 1021/1475/1016 3204/3397/3199
f 2502/1474/2497 3204/3397/3199 1021/1475/1016
f 1171/4138/1166 1142/2786/1137 3205/1960/3200
f 3205/1960/3200 1142/2786/1137 363/1961/358
f 503/2891/498 922/2890/917 3206/989/3201
f 922/3802/917 1346/2601/1341 3206/4489/3201
f 3351/2863/3346 2091/1160/2086 3331/1978/3326
f 3207/2722/3202 801/2191/796 1354/92/1349
f 3374/3806/3369 3207/2722/3202 1354/92/1349 3350/2815/3345
f 3208/2113/3203 490/2165/485 1903/2112/1898
f 3177/505/3172 490/2165/485 3208/2113/3203
f 59/299/54 2307/1714/2302 3209/300/3204
f 1140/3561/1135 3209/300/3204 2307/1714/2302
f 3307/519/3302 3417/4570/3412 2629/516/2624
f 1614/3188/1609 2629/516/2624 3417/4570/3412 3408/4463/3403
f 1329/3783/1324 2144/2307/2139 3210/3820/3205
f 1329/3783/1324 3210/3820/3205 1369/1304/1364
f 3211/346/3206 1118/327/1113 2065/347/2060
f 1118/327/1113 3211/346/3206 2365/2332/2360
f 2077/3399/2072 674/1061/669 3212/2677/3207
f 3212/3908/3207 1974/2675/1969 2077/2674/2072
f 813/340/808 3213/483/3208 2121/4317/2116
f 139/45/134 2121/2948/2116 3213/4571/3208
f 3214/2946/3209 2726/1654/2721 634/3914/629
f 3214/2946/3209 634/3914/629 1831/1322/1826
f 968/1567/963 3215/1511/3210 2878/1568/2873
f 335/1508/330 3215/1511/3210 968/1567/963
f 260/633/255 1251/3307/1246 3216/3306/3211
f 260/633/255 3216/3306/3211 3180/3812/3175
f 262/1379/257 797/2957/792 3217/4572/3212
f 2196/2959/2191 3217/3017/3212 3219/2960/3214
f 3218/4573/3213 1185/3612/1180 391/2682/386
f 3224/1421/3219 676/1423/671 1185/3612/1180
f 3217/4572/3212 797/2957/792 3219/2800/3214
f 3219/2800/3214 797/2957/792 2775/2799/2770
f 687/2705/682 2490/2036/2485 3220/2706/3215
f 687/937/682 3220/4097/3215 1714/2037/1709
f 272/3420/267 3221/980/3216 2851/1325/2846
f 3221/980/3216 272/3420/267 1415/978/1410
f 3222/2255/3217 2331/2254/2326 2627/4462/2622
f 3222/4565/3217 2627/2132/2622 132/363/127
f 675/1202/670 1088/2952/1083 3234/4574/3229
f 2317/1554/2312 3234/4574/3229 1088/2952/1083
f 1259/1187/1254 3224/3387/3219 3218/3704/3213
f 3224/1421/3219 1185/3612/1180 3218/4573/3213
f 214/3002/209 2013/1656/2008 3225/2846/3220
f 214/3002/209 3225/2846/3220 1791/1079/1786
f 3223/3277/3218 1331/1033/1326 3226/2678/3221
f 2317/1554/2312 3223/3277/3218 3234/4574/3229
f 1679/831/1674 719/578/714 3227/853/3222
f 860/129/855 1679/831/1674 3227/853/3222
f 901/3173/896 3228/2694/3223 2300/4575/2295
f 3228/2694/3223 564/2166/559 2300/4575/2295
f 2022/2582/2017 3229/3934/3224 610/1483/605
f 3229/3934/3224 2869/3554/2864 610/1483/605
f 3230/4119/3225 964/4116/959 1779/998/1774
f 405/3637/400 964/4576/959 3230/4117/3225
f 3231/855/3226 166/4106/161 2918/1874/2913
f 3231/2759/3226 707/2758/702 166/718/161
f 3232/4520/3227 520/3348/515 3404/4577/3399 3413/4521/3408
f 520/3348/515 3232/4520/3227 3193/4180/3188
f 504/2148/499 3233/1112/3228 3158/1755/3153
f 457/1113/452 3233/1112/3228 504/2148/499
f 3226/2678/3221 3234/4574/3229 3223/3277/3218
f 3234/4574/3229 3226/2678/3221 675/1202/670
f 3235/1670/3230 2477/4578/2472 360/1863/355
f 2477/4578/2472 3235/1670/3230 2887/1669/2882
f 1376/3796/1371 1890/3657/1885 3236/3825/3231
f 3236/3825/3231 1890/3657/1885 71/3560/66
f 225/1132/220 1374/3826/1369 3237/1022/3232
f 3237/1022/3232 1525/1130/1520 225/1132/220
f 1344/2093/1339 3165/284/3160 3238/659/3233
f 485/643/480 1344/2093/1339 3238/659/3233
f 3239/3834/3234 1382/377/1377 1858/4161/1853
f 2023/380/2018 3239/4579/3234 1858/2714/1853
f 696/553/691 2794/261/2789 3240/260/3235
f 1567/2730/1562 696/553/691 3240/260/3235
f 1041/3431/1036 743/3433/738 3241/4580/3236
f 743/2832/738 1853/2617/1848 3241/2833/3236
f 2496/977/2491 2602/3732/2597 3242/344/3237
f 2602/3732/2597 1288/3733/1283 3242/344/3237
f 3243/3195/3238 383/4581/378 2058/4279/2053
f 3243/3195/3238 911/4045/906 383/4581/378
f 1805/3427/1800 2550/4444/2545 3244/334/3239
f 3244/334/3239 1038/336/1033 1805/3427/1800
f 263/1372/258 1360/4582/1355 3245/456/3240
f 3245/456/3240 1360/4582/1355 360/457/355
f 3239/4579/3234 3246/2124/3241 63/2123/58
f 3246/2124/3241 3239/4579/3234 2023/380/2018
f 1599/4546/1594 3247/555/3242 3047/1081/3042
f 1328/4453/1323 3247/555/3242 1599/4546/1594
f 3248/3291/3243 968/1567/963 958/1569/953
f 3248/3291/3243 958/1569/953 2279/707/2274
f 2822/4583/2817 1516/3953/1511 3249/3955/3244
f 2950/2197/2945 2822/4583/2817 3249/3955/3244
f 916/1176/911 3250/1411/3245 1854/1410/1849
f 916/1176/911 587/2421/582 3250/1411/3245
f 3251/3430/3246 253/1445/248 3293/3428/3288
f 3251/3430/3246 3293/3428/3288 1011/811/1006
f 3252/1965/3247 1651/2654/1646 3011/4054/3006
f 3252/1965/3247 326/1967/321 1651/2654/1646
f 2966/3499/2961 795/1557/790 3253/1446/3248
f 795/1557/790 2599/1447/2594 3253/1446/3248
f 2175/316/2170 3254/1473/3249 3136/3890/3131
f 3136/1286/3131 3254/3496/3249 70/1287/65
f 1530/3967/1525 3255/1380/3250 2876/4509/2871
f 1530/3967/1525 1615/3922/1610 3255/1380/3250
f 3176/4417/3171 3256/1767/3251 936/3254/931
f 3256/1767/3251 284/542/279 936/3254/931
f 3257/916/3252 2841/1735/2836 179/1373/174
f 3257/916/3252 254/640/249 2841/1735/2836
f 745/2836/740 3258/642/3253 1583/1259/1578
f 1583/1259/1578 3258/642/3253 914/641/909
f 2551/4314/2546 2116/666/2111 3259/416/3254
f 3259/416/3254 2116/666/2111 492/417/487
f 1293/2925/1288 1314/3763/1309 3260/3764/3255
f 1392/3765/1387 3260/3764/3255 1314/3763/1309
f 3261/1980/3256 3022/734/3017 449/733/444
f 3261/1980/3256 449/733/444 1699/1232/1694
f 730/2807/725 3262/4584/3257 857/3070/852
f 857/2796/852 3262/825/3257 2884/1748/2879
f 1313/2088/1308 3263/799/3258 3089/614/3084
f 1313/2088/1308 483/800/478 3263/799/3258
f 3264/4585/3259 815/4330/810 633/2266/628
f 633/2266/628 1310/3759/1305 3264/4585/3259
f 2418/3034/2413 2848/2196/2843 3265/3067/3260
f 2418/3034/2413 3265/3067/3260 2829/4090/2824
f 492/417/487 2116/666/2111 3266/668/3261
f 1097/2980/1092 492/417/487 3266/668/3261
f 3267/1310/3262 3052/2667/3047 1218/2461/1213
f 3267/1310/3262 1218/2461/1213 268/2460/263
f 3268/2793/3263 727/3196/722 1838/2794/1833
f 727/3196/722 3268/2793/3263 2914/4523/2909
f 1885/1041/1880 654/1042/649 3269/3738/3264
f 52/257/47 3269/3737/3264 654/2625/649
f 943/4537/938 271/3993/266 3270/3266/3265
f 3270/3266/3265 271/3993/266 1554/278/1549
f 115/1359/110 3271/4586/3266 2039/2973/2034
f 1227/3116/1222 3271/4586/3266 115/1359/110
f 3244/334/3239 3272/4445/3267 1813/2419/1808
f 3272/4445/3267 496/4307/491 1813/2419/1808
f 1947/3404/1942 1532/3474/1527 3273/3968/3268
f 1532/2743/1527 858/954/853 3273/3453/3268
f 3274/4553/3269 794/722/789 13/721/13
f 3274/3548/3269 13/4566/13 1133/3/1128
f 862/1348/857 1212/1121/1207 3275/3082/3270
f 2558/2469/2553 862/1348/857 3275/3082/3270
f 277/426/272 3276/290/3271 2132/3419/2127
f 2132/3419/2127 3276/290/3271 82/289/77
f 1169/4587/1164 1277/4588/1272 3277/4589/3272
f 3277/2027/3272 393/3943/388 1169/4590/1164
f 2727/1681/2722 961/4591/956 3278/1680/3273
f 564/2166/559 3278/1680/3273 961/4591/956
f 1744/770/1739 1160/772/1155 3279/4103/3274
f 3279/4103/3274 1367/3534/1362 1744/770/1739
f 532/420/527 2452/419/2447 3280/2250/3275
f 3280/2250/3275 1417/3854/1412 532/420/527
f 448/2344/443 565/2343/560 3281/950/3276
f 3281/950/3276 565/2343/560 231/951/226
f 602/2473/597 3282/2471/3277 95/2470/90
f 602/4060/597 1860/501/1855 3282/1689/3277
f 3283/2167/3278 564/2166/559 509/170/504
f 509/170/504 3278/1680/3273 3283/2167/3278
f 3284/3610/3279 692/1224/687 1670/2558/1665
f 2593/2557/2588 3284/3610/3279 1670/2558/1665
f 2587/2885/2582 1163/4592/1158 3285/4291/3280
f 1163/2875/1158 2497/2877/2492 3285/2879/3280
f 405/3637/400 3286/3184/3281 1205/1933/1200
f 1205/1933/1200 3286/3184/3281 906/1934/901
f 248/4067/243 3287/2718/3282 2281/3441/2276
f 3287/2718/3282 248/4067/243 1861/833/1856
f 3123/728/3118 3288/1390/3283 2649/3643/2644
f 2649/3643/2644 3288/1390/3283 1595/4018/1590
f 3289/605/3284 847/3118/842 2357/3119/2352
f 3289/3050/3284 1061/3047/1056 847/3046/842
f 806/1254/801 3290/3973/3285 2035/2975/2030
f 2688/720/2683 3290/3973/3285 806/1254/801
f 3291/1190/3286 2099/1002/2094 98/1001/93
f 3291/1190/3286 98/1001/93 1667/4047/1662
f 3276/290/3271 1258/745/1253 3292/291/3287
f 3292/291/3287 1258/745/1253 1768/744/1763
f 3293/3428/3288 1040/1444/1035 1821/4140/1816
f 3293/3428/3288 253/1445/248 1040/1444/1035
f 1277/3600/1272 3294/2506/3289 613/2508/608
f 1169/2500/1164 3294/2506/3289 1277/3600/1272
f 884/3284/879 1441/1797/1436 3295/3885/3290
f 259/1387/254 884/3284/879 3295/3885/3290
