# Blender 4.3.2
# www.blender.org
o zzzzzzzz_zzzzzzz.006
v 0.337600 1.553336 -0.426200
v 0.402000 1.645536 -0.528200
v 0.412100 1.599336 -0.447900
v 0.374600 1.600936 -0.541300
v 0.319100 1.601836 -0.541300
v 0.286600 1.612736 -0.398700
v 0.294000 1.687936 -0.519000
v 0.355900 1.635736 -0.362700
v 0.404600 1.710736 -0.508900
v 0.337100 1.553236 -0.675500
v 0.345800 1.503236 -0.624500
v 0.351300 1.478236 -0.506900
v 0.378200 2.041736 -0.572000
v 0.400600 2.085036 -0.442200
v 0.413600 2.013036 -0.501900
v -0.003000 1.613036 -1.211100
v 0.241000 1.901036 -0.870100
v 0.322200 1.841036 -0.855600
v 0.300000 1.615636 -0.960700
v 0.386200 1.718336 -0.789200
v 0.414100 1.645236 -0.706700
v 0.419900 1.699336 -0.670600
v 0.409100 1.759636 -0.690900
v 0.353100 1.849436 -0.780700
v 0.372200 1.870936 -0.711100
v 0.367900 1.918736 -0.695200
v 0.398400 1.878536 -0.711800
v 0.392400 1.928836 -0.686400
v 0.496800 1.875436 -0.448300
v 0.490400 1.929236 -0.411900
v 0.366300 1.995636 -0.670500
v 0.335900 2.059836 -0.646200
v 0.283600 2.058736 -0.720700
v 0.511000 1.757736 -0.578900
v 0.519000 1.841836 -0.439300
v 0.415600 1.797636 -0.639300
v -0.328200 1.841036 -0.855600
v -0.247000 1.901036 -0.870100
v -0.003000 1.940936 -0.982700
v 0.234500 1.960336 -0.827700
v 0.225300 2.000436 -0.838700
v 0.258000 2.024236 -0.760900
v 0.244400 2.057436 -0.776600
v 0.284700 2.025436 -0.715300
v 0.342800 1.974536 -0.680500
v -0.240500 1.960336 -0.827700
v -0.392200 1.718336 -0.789200
v -0.359000 1.849436 -0.780700
v 0.263200 2.130736 -0.674900
v -0.003000 2.258736 -0.760500
v -0.003000 2.004936 -1.018400
v -0.231200 2.000436 -0.838700
v -0.264000 2.024236 -0.760900
v -0.250400 2.057436 -0.776600
v -0.289500 2.058736 -0.720700
v -0.269200 2.130736 -0.674900
v -0.341900 2.059836 -0.646200
v -0.372300 1.995636 -0.670500
v -0.384100 2.041736 -0.572000
v -0.419600 2.013036 -0.501900
v -0.406500 2.085036 -0.442200
v 0.230700 2.182436 -0.606200
v -0.236700 2.182436 -0.606200
v -0.290700 2.025436 -0.715300
v -0.348800 1.974536 -0.680500
v -0.398300 1.928836 -0.686400
v -0.496400 1.929236 -0.411900
v -0.502800 1.875436 -0.448300
v -0.404300 1.878536 -0.711800
v -0.373900 1.918736 -0.695200
v -0.378100 1.870936 -0.711100
v -0.415000 1.759636 -0.690900
v -0.425900 1.699336 -0.670600
v -0.420100 1.645236 -0.706700
v -0.306000 1.615636 -0.960700
v -0.421600 1.797636 -0.639300
v -0.517000 1.757736 -0.578900
v -0.525000 1.841836 -0.439300
v 0.630500 1.967836 0.072000
v 0.545800 2.066136 -0.160900
v 0.646500 1.940036 -0.064600
v 0.535300 2.033236 0.045900
v 0.384200 1.703536 0.402400
v 0.368200 1.608136 0.462800
v 0.445200 1.695736 0.173700
v 0.404600 1.939536 0.315500
v 0.432300 1.951036 0.080800
v 0.440200 1.948736 -0.146300
v 0.557200 2.018136 -0.212700
v 0.571600 1.979036 -0.202200
v 0.443100 1.832836 -0.326400
v 0.569400 1.894636 -0.345700
v 0.431400 1.661836 -0.149500
v 0.480200 2.007836 0.258699
v 0.493400 1.983036 0.345300
v 0.541600 1.925636 0.381100
v 0.372300 1.893936 0.385799
v 0.487300 1.874136 0.497000
v 0.411600 1.824036 0.573000
v 0.354100 1.430436 -0.110700
v 0.408000 1.402436 0.239099
v 0.359500 1.466036 0.479299
v 0.365200 1.532736 0.563000
v 0.293400 1.465836 0.518800
v 0.296200 1.526936 0.570800
v 0.354200 1.657136 0.524200
v 0.290400 1.658436 0.522600
v -0.300800 1.742736 -0.590400
v -0.300000 1.687936 -0.519000
v -0.410500 1.710736 -0.508900
v -0.292500 1.612736 -0.398700
v 0.280000 1.504736 -0.315000
v 0.184500 1.303636 -0.089300
v 0.232000 1.241036 0.279200
v 0.224900 1.247836 0.429600
v 0.220600 1.311736 0.518499
v 0.086400 1.258336 0.525400
v 0.071400 1.234736 0.583400
v 0.177300 1.248436 0.599700
v 0.078200 1.397536 0.671200
v 0.154900 1.409336 0.676000
v 0.079800 1.410836 0.624500
v 0.141100 1.432736 0.627600
v 0.180000 1.393936 0.583100
v 0.228300 1.402236 0.542100
v -0.361900 1.635736 -0.362700
v -0.360000 1.430436 -0.110700
v -0.437300 1.661836 -0.149500
v -0.286000 1.504736 -0.315000
v -0.151600 1.413036 -0.291400
v -0.190500 1.303636 -0.089300
v -0.003000 1.399936 -0.293200
v -0.003000 1.243736 -0.087400
v -0.003000 1.127136 0.279800
v 0.087900 1.188436 0.447900
v -0.003000 1.160236 0.455800
v -0.003000 1.235036 0.540000
v -0.092400 1.258336 0.525400
v -0.093900 1.188436 0.447900
v 0.145600 1.413036 -0.291400
v -0.237900 1.241036 0.279200
v -0.414000 1.402436 0.239099
v -0.451200 1.695736 0.173700
v -0.438200 1.951036 0.080800
v -0.446200 1.948736 -0.146300
v -0.541200 2.033236 0.045900
v -0.410500 1.939536 0.315500
v -0.486200 2.007836 0.258699
v -0.499400 1.983036 0.345300
v -0.547600 1.925636 0.381100
v -0.230800 1.247836 0.429600
v -0.365500 1.466036 0.479299
v -0.374200 1.608136 0.462800
v -0.390200 1.703536 0.402400
v -0.378200 1.893936 0.385799
v -0.493200 1.874136 0.497000
v -0.417500 1.824036 0.573000
v -0.449000 1.832836 -0.326400
v -0.551800 2.066136 -0.160900
v -0.636400 1.967836 0.072000
v -0.652500 1.940036 -0.064600
v -0.563200 2.018136 -0.212700
v -0.577600 1.979036 -0.202200
v -0.575400 1.894636 -0.345700
v -0.334800 1.710936 -0.667000
v -0.394200 1.687536 -0.654700
v -0.391900 1.646336 -0.670100
v 0.294800 1.742736 -0.590400
v 0.328800 1.710936 -0.667000
v -0.285900 1.601536 -0.863600
v 0.386000 1.646336 -0.670100
v 0.388300 1.687536 -0.654700
v 0.279900 1.601536 -0.863600
v -0.003000 1.583736 -1.040500
v 0.688700 1.989236 -0.058000
v 0.667100 1.996236 0.065599
v 0.512100 2.016836 0.375200
v 0.253700 2.080536 0.500700
v 0.309600 1.989436 0.555700
v 0.548200 1.959236 0.403100
v 0.528200 2.080136 0.240200
v 0.604300 2.067236 0.071700
v 0.630800 2.072636 -0.126500
v 0.425400 2.154436 -0.212400
v 0.175300 2.130936 0.510300
v 0.218200 2.099036 0.530000
v 0.434100 1.851236 0.621099
v 0.516400 1.902936 0.530900
v 0.322900 1.899236 0.622700
v 0.305900 1.875836 0.577900
v 0.278500 1.960236 0.530400
v 0.247100 2.046036 0.490000
v 0.208700 2.046636 0.517999
v 0.152800 2.074336 0.495100
v 0.113600 2.105536 0.558300
v -0.003000 2.105336 0.649100
v -0.003000 2.222036 0.650800
v 0.458800 2.207636 -0.053200
v 0.418700 2.236436 0.019700
v 0.309200 2.212036 0.245800
v 0.188000 2.136036 0.448400
v -0.003000 2.221336 0.566299
v -0.181300 2.130936 0.510300
v -0.119500 2.105536 0.558300
v -0.158700 2.074336 0.495100
v -0.224100 2.099036 0.530000
v -0.214700 2.046636 0.517999
v -0.259600 2.080536 0.500700
v -0.253100 2.046036 0.490000
v -0.284500 1.960236 0.530400
v 0.343000 2.301736 0.033399
v 0.225400 2.393436 -0.095300
v -0.003000 2.285136 0.401300
v -0.315100 2.212036 0.245800
v -0.194000 2.136036 0.448400
v -0.003000 2.417736 0.195699
v -0.003000 2.515536 -0.042900
v 0.256900 2.368436 -0.233300
v 0.237800 2.302136 -0.221300
v 0.220700 2.296936 -0.109500
v 0.271200 2.285636 -0.026200
v 0.357700 2.206836 -0.008600
v 0.408900 2.171536 -0.089400
v 0.494000 2.198036 -0.182500
v -0.424700 2.236436 0.019700
v -0.348900 2.301736 0.033399
v -0.231400 2.393436 -0.095300
v -0.243800 2.302136 -0.221300
v -0.226600 2.296936 -0.109500
v -0.262900 2.368436 -0.233300
v -0.003000 2.550036 -0.445700
v -0.003000 2.467036 -0.409100
v -0.534200 2.080136 0.240200
v -0.610200 2.067236 0.071700
v -0.464800 2.207636 -0.053200
v -0.636700 2.072636 -0.126500
v -0.500000 2.198036 -0.182500
v -0.431300 2.154436 -0.212400
v -0.414800 2.171536 -0.089400
v -0.363700 2.206836 -0.008600
v -0.277200 2.285636 -0.026200
v -0.518100 2.016836 0.375200
v -0.315600 1.989436 0.555700
v -0.554200 1.959236 0.403100
v -0.673100 1.996236 0.065599
v -0.694600 1.989236 -0.058000
v -0.311900 1.875836 0.577900
v -0.328900 1.899236 0.622700
v -0.522400 1.902936 0.530900
v -0.440100 1.851236 0.621099
v 0.317600 2.031436 -0.773700
v 0.351600 2.011536 -0.761400
v 0.417700 2.118736 -0.859100
v 0.373400 2.147936 -0.864200
v 0.287100 2.001536 -0.830700
v 0.337300 2.081436 -0.938100
v 0.292900 1.925936 -0.902600
v 0.337600 1.964836 -1.014900
v 0.345300 2.059736 -1.021100
v 0.364900 2.166436 -0.947900
v 0.352200 1.892736 -0.914200
v 0.391100 1.932536 -1.005800
v 0.407400 1.944536 -1.049200
v 0.349000 1.971236 -1.060200
v 0.457900 2.012036 -1.006600
v 0.462100 2.096036 -0.956500
v 0.446500 2.190736 -0.899100
v 0.402200 2.210736 -0.899600
v 0.424200 2.015336 -0.928700
v 0.380700 1.942136 -0.830200
v 0.487100 2.289436 -0.672900
v 0.384400 2.227336 -0.486201
v 0.413000 2.160736 -0.587700
v 0.467800 2.376636 -0.547500
v 0.327600 2.268636 -0.490400
v 0.409200 2.413336 -0.553800
v 0.307400 2.235636 -0.585000
v 0.378800 2.361036 -0.675900
v 0.327500 2.182836 -0.705000
v 0.398400 2.266036 -0.816000
v 0.394700 2.376736 -0.771900
v 0.411500 2.277636 -0.855100
v 0.413600 2.466636 -0.638300
v 0.451700 2.232636 -0.794900
v 0.378900 2.146536 -0.686600
v 0.476600 2.243536 -0.832800
v 0.478800 2.290836 -0.832000
v 0.422800 2.320636 -0.851300
v 0.522700 2.317436 -0.756700
v 0.528700 2.387236 -0.652700
v 0.501000 2.454836 -0.562500
v 0.440500 2.491736 -0.568600
v 0.367900 2.149036 -0.413500
v 0.278100 2.201636 -0.430900
v 0.239200 2.213536 -0.489800
v -0.343600 1.553336 -0.426200
v -0.408000 1.645536 -0.528200
v -0.380600 1.600936 -0.541300
v -0.418100 1.599336 -0.447900
v -0.325100 1.601836 -0.541300
v -0.357300 1.478236 -0.506900
v -0.351700 1.503236 -0.624500
v -0.343000 1.553236 -0.675500
v -0.147000 1.432736 0.627600
v -0.185900 1.393936 0.583100
v -0.160900 1.409336 0.676000
v -0.085800 1.410836 0.624500
v -0.084100 1.397536 0.671200
v -0.183200 1.248436 0.599700
v -0.226500 1.311736 0.518499
v -0.234300 1.402236 0.542100
v -0.299400 1.465836 0.518800
v -0.371200 1.532736 0.563000
v -0.360100 1.657136 0.524200
v -0.302200 1.526936 0.570800
v -0.296400 1.658436 0.522600
v -0.077300 1.234736 0.583400
v 0.286000 1.634836 0.473300
v -0.076600 1.386236 0.513200
v 0.070600 1.386236 0.513200
v -0.291900 1.634836 0.473300
v 0.177600 1.726336 0.433000
v -0.183600 1.726336 0.433000
v -0.286900 1.963836 0.366700
v -0.132700 1.845836 0.426700
v 0.126700 1.845836 0.426700
v 0.077800 1.382836 0.577499
v -0.003000 2.058436 0.527000
v -0.003000 1.954536 0.438000
v 0.280900 1.963836 0.366700
v -0.400600 2.376736 -0.771900
v -0.404400 2.266036 -0.816000
v -0.417400 2.277636 -0.855100
v -0.384800 2.361036 -0.675900
v -0.333500 2.182836 -0.705000
v -0.313400 2.235636 -0.585000
v -0.534600 2.387236 -0.652700
v -0.528700 2.317436 -0.756700
v -0.484700 2.290836 -0.832000
v -0.428800 2.320636 -0.851300
v -0.482500 2.243536 -0.832800
v -0.457700 2.232636 -0.794900
v -0.384900 2.146536 -0.686600
v -0.245100 2.213536 -0.489800
v -0.333600 2.268636 -0.490400
v -0.284000 2.201636 -0.430900
v -0.390400 2.227336 -0.486201
v -0.473700 2.376636 -0.547500
v -0.415200 2.413336 -0.553800
v -0.493000 2.289436 -0.672900
v -0.419000 2.160736 -0.587700
v -0.373900 2.149036 -0.413500
v -0.419500 2.466636 -0.638300
v -0.506900 2.454836 -0.562500
v -0.446400 2.491736 -0.568600
v 0.372200 2.201136 -0.308100
v 0.297900 2.245836 -0.417500
v 0.292900 2.285636 -0.321700
v 0.231200 2.265836 -0.503100
v 0.224200 2.229536 -0.606800
v -0.003000 2.335236 -0.809700
v 0.398900 2.159336 -0.403200
v 0.435600 2.096736 -0.433600
v 0.451400 2.034036 -0.497700
v -0.230100 2.229536 -0.606800
v -0.237200 2.265836 -0.503100
v -0.303900 2.245836 -0.417500
v -0.298800 2.285636 -0.321700
v -0.378100 2.201136 -0.308100
v -0.404900 2.159336 -0.403200
v -0.441600 2.096736 -0.433600
v -0.457400 2.034036 -0.497700
v -0.513800 2.469236 -0.461500
v -0.588400 2.523736 -0.442600
v -0.532600 2.520436 -0.500800
v -0.553600 2.474536 -0.407100
v -0.623400 2.536836 -0.339300
v -0.571300 2.495636 -0.254100
v -0.630400 2.584036 -0.206400
v -0.535500 2.554436 -0.083801
v -0.588700 2.665736 -0.063200
v -0.472600 2.590336 -0.091900
v -0.518700 2.705036 -0.073700
v -0.456800 2.692436 -0.201200
v -0.438900 2.642136 -0.341700
v -0.436600 2.601936 -0.437300
v -0.476300 2.546036 -0.510100
v -0.373100 2.394936 -0.080100
v -0.422100 2.346036 -0.086600
v -0.452100 2.298636 -0.215500
v -0.441600 2.358036 -0.380800
v -0.344700 2.406336 -0.212300
v -0.421600 2.567136 -0.248400
v -0.421400 2.526336 -0.399000
v -0.446500 2.497236 -0.448400
v -0.378400 2.406636 -0.372100
v 0.582500 2.523736 -0.442600
v 0.507800 2.469236 -0.461500
v 0.526700 2.520436 -0.500800
v 0.547600 2.474536 -0.407100
v 0.435700 2.358036 -0.380800
v 0.446200 2.298636 -0.215500
v 0.565300 2.495636 -0.254100
v 0.416100 2.346036 -0.086600
v 0.529500 2.554436 -0.083801
v 0.367100 2.394936 -0.080100
v 0.466600 2.590336 -0.091900
v 0.338700 2.406336 -0.212300
v 0.415700 2.567136 -0.248400
v 0.372400 2.406636 -0.372100
v 0.415400 2.526336 -0.399000
v 0.433000 2.642136 -0.341700
v 0.430700 2.601936 -0.437300
v 0.440500 2.497236 -0.448400
v 0.450800 2.692436 -0.201200
v 0.624500 2.584036 -0.206400
v 0.617400 2.536836 -0.339300
v 0.470400 2.546036 -0.510100
v 0.582700 2.665736 -0.063200
v 0.512800 2.705036 -0.073700
v -0.083800 1.382836 0.577499
v -0.463900 2.012036 -1.006600
v -0.430100 2.015336 -0.928700
v -0.468000 2.096036 -0.956500
v -0.452400 2.190736 -0.899100
v -0.358200 1.892736 -0.914200
v -0.386600 1.942136 -0.830200
v -0.397100 1.932536 -1.005800
v -0.413300 1.944536 -1.049200
v -0.357600 2.011536 -0.761400
v -0.423600 2.118736 -0.859100
v -0.379400 2.147936 -0.864200
v -0.408200 2.210736 -0.899600
v -0.370900 2.166436 -0.947900
v -0.351200 2.059736 -1.021100
v -0.355000 1.971236 -1.060200
v -0.343500 1.964836 -1.014900
v -0.323600 2.031436 -0.773700
v -0.293100 2.001536 -0.830700
v -0.343200 2.081436 -0.938100
v -0.298900 1.925936 -0.902600
v -0.003000 2.313736 0.484000
v 0.031300 0.761736 -0.997000
v -0.003000 0.681336 -1.048000
v 0.018600 0.733836 -1.034000
v 0.012800 0.842836 -1.039300
v -0.003000 0.785336 -1.048300
v -0.003000 0.842836 -1.039300
v 0.021400 0.785336 -1.048300
v 0.027000 0.844436 -0.994100
v 0.024900 0.768036 -1.027200
v -0.003000 0.767136 -1.029900
v -0.003000 0.758136 -1.012300
v -0.003000 0.736836 -1.032600
v -0.003000 0.743836 -1.065700
v 0.009500 0.739236 -1.068500
v 0.016800 0.694636 -1.065000
v -0.003000 0.681436 -1.056700
v -0.003000 0.690836 -1.070400
v -0.003000 0.844436 -0.991500
v -0.003000 0.861736 -0.962100
v 0.025800 0.865036 -0.988400
v 0.164000 0.870436 -0.858700
v 0.185500 0.892736 -0.859100
v 0.182800 0.887336 -0.785900
v 0.216200 0.924836 -0.767800
v 0.164400 0.900836 -0.758000
v 0.167700 1.026136 -0.721000
v 0.211900 0.977236 -0.657900
v 0.229800 1.153536 -0.752600
v 0.220700 1.130736 -0.704600
v 0.268100 1.239036 -0.612600
v 0.106500 1.097636 -0.629500
v 0.213500 1.123836 -0.448400
v 0.183500 1.003036 -0.552400
v 0.183200 1.058336 -0.402400
v 0.226300 1.142636 -0.371100
v 0.016200 0.872836 -1.045900
v -0.003000 0.872836 -1.045900
v 0.276700 1.175436 -0.766100
v 0.313000 1.246736 -0.648000
v 0.223200 1.145336 -0.838300
v 0.027000 1.092136 -0.983300
v 0.020600 1.122336 -1.001300
v 0.024500 1.227136 -1.007300
v 0.047900 1.245536 -0.965900
v 0.028300 1.087936 -0.949400
v 0.194000 1.126436 -0.829400
v 0.232800 1.058536 -0.752100
v 0.197000 1.030036 -0.745200
v 0.167800 0.990836 -0.832000
v 0.016000 0.959136 -0.964900
v 0.005500 0.950536 -1.041000
v -0.003000 0.950536 -1.041000
v -0.003000 0.958136 -0.970800
v -0.003000 0.970336 -0.977100
v 0.015600 0.977336 -0.978700
v 0.195700 1.017936 -0.842600
v -0.003000 1.161136 -1.082800
v 0.016100 1.116436 -1.062200
v -0.003000 1.116436 -1.062200
v 0.022200 1.159836 -1.082500
v -0.003000 1.241736 -1.080700
v 0.030600 1.241736 -1.080700
v -0.003000 1.122336 -1.003000
v -0.003000 1.092136 -0.983300
v -0.003000 1.087936 -0.949400
v 0.007500 1.059736 -0.986200
v 0.015100 0.982336 -1.044300
v -0.003000 0.981436 -1.052800
v -0.003000 1.059736 -0.986200
v 0.016600 1.066736 -1.045400
v -0.003000 1.066736 -1.051200
v -0.003000 1.227136 -1.007300
v -0.003000 1.245536 -0.965900
v 0.031300 1.302036 -0.969100
v 0.244800 1.315936 -0.780400
v 0.289100 1.300236 -0.706600
v 0.309700 1.309636 -0.647900
v 0.270400 1.309736 -0.616000
v 0.324100 1.259736 -0.585500
v 0.316300 1.325636 -0.581000
v 0.214500 1.325436 -0.759900
v 0.327300 1.270336 -0.527900
v 0.325600 1.318736 -0.532400
v 0.230300 1.351936 -0.550400
v 0.185700 1.358136 -0.693100
v 0.152800 1.361836 -0.819100
v 0.181600 1.349336 -0.841700
v 0.042000 1.414036 -0.939900
v 0.024100 1.328436 -1.014000
v 0.029400 1.448636 -1.000300
v 0.021500 1.324836 -1.071000
v 0.031400 1.475936 -1.014400
v 0.032200 1.483536 -1.041600
v -0.003000 1.483536 -1.041600
v 0.052400 1.363836 -0.742900
v 0.071400 1.424736 -0.888100
v 0.282500 1.237136 -0.492000
v 0.142100 1.313336 -0.427100
v 0.163500 1.228036 -0.426800
v -0.003000 1.324836 -1.071000
v -0.003000 1.302036 -0.969100
v -0.003000 1.328836 -1.015600
v -0.003000 1.474336 -1.013400
v -0.003000 1.448636 -1.000300
v -0.003000 1.425736 -0.939300
v -0.003000 1.478536 -0.881000
v 0.077400 1.409136 -0.847300
v -0.003000 1.360536 -0.812000
v -0.058300 1.363836 -0.742900
v -0.032500 1.387036 -0.760200
v 0.026600 1.387036 -0.760200
v 0.023700 1.384136 -0.796800
v 0.025400 1.493536 -0.805400
v -0.031300 1.493536 -0.805400
v -0.029700 1.384136 -0.796800
v -0.003000 1.415236 -0.834000
v -0.003000 1.458036 -0.830600
v -0.053800 1.493036 -0.734300
v 0.028300 1.480536 -0.763300
v -0.034300 1.480536 -0.763300
v 0.047900 1.493036 -0.734300
v 0.186700 1.567136 -0.621100
v 0.201600 1.492336 -0.489500
v 0.140100 1.434536 -0.404100
v 0.238300 1.845836 -0.498000
v 0.064900 1.732636 -0.608800
v 0.093000 1.881636 -0.585300
v -0.003000 1.890636 -0.593800
v -0.003000 1.876436 -0.267100
v 0.264800 1.733236 -0.325900
v 0.157500 1.621536 -0.216700
v -0.003000 1.407536 -0.356900
v -0.003000 1.279736 -0.391300
v 0.069100 1.205936 -0.408100
v -0.003000 1.563736 -0.213700
v -0.003000 1.758936 -0.628800
v 0.032900 1.799136 -0.701300
v -0.038900 1.799136 -0.701300
v -0.070900 1.732636 -0.608800
v 0.033000 1.675236 -0.777700
v -0.039000 1.675236 -0.777700
v 0.057600 1.617036 -0.697900
v -0.063600 1.617036 -0.697900
v 0.031100 1.646936 -0.786400
v -0.039800 1.512836 -0.822700
v -0.037000 1.646936 -0.786400
v 0.033800 1.512836 -0.822700
v 0.025000 1.609436 -0.745000
v -0.031000 1.609436 -0.745000
v 0.028100 1.511736 -0.771600
v -0.034000 1.511736 -0.771600
v 0.069400 0.878336 -0.496300
v 0.076100 0.809836 -0.477400
v 0.052600 0.822136 -0.528200
v 0.017200 0.767536 -0.475900
v 0.029200 0.645336 -0.597400
v 0.184900 0.784236 -0.736600
v 0.165400 0.615536 -0.826000
v 0.026800 0.513036 -0.729800
v 0.018500 0.714636 -0.514900
v -0.024600 0.658136 -0.555000
v 0.018700 0.658136 -0.555000
v -0.024500 0.714636 -0.514900
v 0.009200 0.795936 -0.429000
v -0.012000 0.769036 -0.443100
v 0.006100 0.769036 -0.443100
v 0.017800 0.828936 -0.430400
v 0.077800 0.860536 -0.462600
v 0.140000 0.961936 -0.528300
v -0.013600 0.834436 -0.401300
v -0.023700 0.828936 -0.430400
v -0.015100 0.795936 -0.429000
v -0.023200 0.767536 -0.475900
v 0.005700 0.720936 -0.475700
v 0.009500 0.700336 -0.491800
v -0.015400 0.700336 -0.491800
v -0.011700 0.720936 -0.475700
v -0.035100 0.645336 -0.597400
v -0.171400 0.615536 -0.826000
v -0.190800 0.784236 -0.736600
v -0.058600 0.822136 -0.528200
v -0.082100 0.809836 -0.477400
v -0.075400 0.878336 -0.496300
v -0.217800 0.977236 -0.657900
v -0.170300 0.900836 -0.758000
v -0.145900 0.961936 -0.528300
v -0.083700 0.860536 -0.462600
v -0.235800 1.153536 -0.752600
v -0.226700 1.130736 -0.704600
v -0.173700 1.026136 -0.721000
v -0.222100 0.924836 -0.767800
v -0.188800 0.887336 -0.785900
v -0.282600 1.175436 -0.766100
v -0.250800 1.315936 -0.780400
v -0.229200 1.145336 -0.838300
v -0.274100 1.239036 -0.612600
v -0.112500 1.097636 -0.629500
v -0.189400 1.003036 -0.552400
v -0.170900 0.928136 -0.471200
v -0.026500 0.889736 -0.393700
v -0.015300 0.856236 -0.387600
v 0.009300 0.856236 -0.387600
v 0.007600 0.834436 -0.401300
v -0.288500 1.237136 -0.492000
v -0.232300 1.142636 -0.371100
v -0.169400 1.228036 -0.426800
v -0.219500 1.123836 -0.448400
v -0.189100 1.058336 -0.402400
v -0.034900 0.974036 -0.352600
v -0.018800 0.896736 -0.358200
v 0.020500 0.889736 -0.393700
v -0.018200 0.934436 -0.338400
v -0.115900 1.108836 -0.360800
v -0.024400 1.057736 -0.328600
v -0.017900 0.997336 -0.314700
v -0.014300 1.029636 -0.301000
v 0.165000 0.928136 -0.471200
v 0.029000 0.974036 -0.352600
v 0.012800 0.896736 -0.358200
v 0.012300 0.934436 -0.338400
v 0.012000 0.997336 -0.314700
v -0.003000 1.030936 -0.302000
v -0.003000 1.057736 -0.328600
v -0.029300 1.124336 -0.310500
v -0.109200 1.184836 -0.344000
v -0.024700 1.181136 -0.238500
v -0.024500 1.128836 -0.253100
v -0.031700 1.205736 -0.295400
v -0.003000 1.205736 -0.283100
v -0.003000 1.180536 -0.238500
v -0.003000 1.128836 -0.253100
v -0.003000 1.124336 -0.306500
v -0.163500 1.621536 -0.216700
v -0.270800 1.733236 -0.325900
v -0.207600 1.492336 -0.489500
v -0.146000 1.434536 -0.404100
v -0.148100 1.313336 -0.427100
v -0.075000 1.205936 -0.408100
v -0.038700 1.235536 -0.323500
v -0.022100 1.262836 -0.275200
v -0.003000 1.265236 -0.269100
v -0.026200 1.278336 -0.302500
v -0.003000 1.281036 -0.305700
v -0.003000 1.248536 -0.339200
v -0.231600 1.358136 -0.531700
v -0.333300 1.270336 -0.527900
v -0.331500 1.318736 -0.532400
v -0.330000 1.259736 -0.585500
v -0.322200 1.325636 -0.581000
v -0.276400 1.309736 -0.616000
v -0.245600 1.339436 -0.587600
v -0.191700 1.358136 -0.693100
v -0.192600 1.567136 -0.621100
v -0.244200 1.845836 -0.498000
v -0.099000 1.881636 -0.585300
v -0.315700 1.309636 -0.647900
v -0.295000 1.300236 -0.706600
v -0.319000 1.246736 -0.648000
v -0.220500 1.325436 -0.759900
v -0.158800 1.361836 -0.819100
v -0.187600 1.349336 -0.841700
v -0.077300 1.424736 -0.888100
v -0.083400 1.409136 -0.847300
v -0.048000 1.414036 -0.939900
v -0.037300 1.302036 -0.969100
v -0.027400 1.324836 -1.071000
v -0.030100 1.328436 -1.014000
v -0.053900 1.245536 -0.965900
v -0.038100 1.483536 -1.041600
v -0.035400 1.448636 -1.000300
v -0.037400 1.475936 -1.014400
v -0.022500 1.066736 -1.045400
v -0.013500 1.059736 -0.986200
v -0.034300 1.087936 -0.949400
v -0.033000 1.092136 -0.983300
v -0.030500 1.227136 -1.007300
v -0.036600 1.241736 -1.080700
v -0.026600 1.122336 -1.001300
v -0.021600 0.977336 -0.978700
v -0.021100 0.982336 -1.044300
v -0.021900 0.959136 -0.964900
v -0.028200 1.159836 -1.082500
v -0.022100 1.116436 -1.062200
v -0.011500 0.950536 -1.041000
v -0.022200 0.872836 -1.045900
v -0.031700 0.865036 -0.988400
v -0.032900 0.844436 -0.994100
v -0.018800 0.842836 -1.039300
v -0.027400 0.785336 -1.048300
v -0.030900 0.768036 -1.027200
v -0.037200 0.761736 -0.997000
v -0.024600 0.733836 -1.034000
v -0.015400 0.739236 -1.068500
v -0.022700 0.694636 -1.065000
v -0.003000 0.265136 -1.835700
v -0.085700 0.235436 -1.595100
v -0.003000 0.288136 -1.626200
v -0.003000 0.373236 -1.364800
v -0.077600 0.372736 -1.330300
v -0.003000 0.412636 -1.359500
v -0.003000 0.447036 -1.262400
v -0.105800 0.440736 -1.182100
v -0.003000 0.467536 -1.258300
v -0.096800 0.466836 -1.182300
v -0.003000 0.519036 -1.167900
v -0.124900 0.491236 -1.098700
v -0.003000 0.596436 -1.102300
v -0.143000 0.577836 -0.974600
v -0.156700 0.675036 -0.935500
v -0.157700 0.764036 -0.890300
v -0.179100 0.776236 -0.896200
v -0.093700 0.224936 -1.999900
v -0.003000 0.197536 -2.160900
v -0.003000 0.160936 -1.980300
v -0.073100 0.203036 -1.824200
v -0.037300 0.134836 -1.802800
v -0.053800 0.144336 -1.572700
v -0.110900 0.260036 -1.320200
v 0.031400 0.134836 -1.802800
v -0.128100 0.563036 -0.972100
v -0.106300 0.473636 -1.095300
v -0.131900 0.349236 -1.078900
v -0.055800 0.192336 -1.307700
v 0.047800 0.144336 -1.572700
v 0.079700 0.235436 -1.595100
v 0.067100 0.203036 -1.824200
v 0.087700 0.224936 -1.999900
v 0.117900 0.253236 -2.187500
v -0.003000 0.324736 -2.353300
v -0.123900 0.253236 -2.187500
v 0.077600 0.298336 -2.023800
v 0.118900 0.322836 -2.162800
v 0.196200 0.361236 -2.352200
v -0.003000 0.434536 -2.490900
v -0.202100 0.361236 -2.352200
v -0.124900 0.322836 -2.162800
v -0.083600 0.298336 -2.023800
v -0.003000 0.347336 -2.037000
v -0.003000 0.491136 -2.433400
v 0.193300 0.405036 -2.323200
v -0.199300 0.405036 -2.323200
v -0.202900 1.030036 -0.745200
v -0.201600 1.017936 -0.842600
v -0.173800 0.990836 -0.832000
v -0.238800 1.058536 -0.752100
v -0.200000 1.126436 -0.829400
v -0.170000 0.870436 -0.858700
v -0.191400 0.892736 -0.859100
v -0.202600 0.791736 -0.818600
v -0.178300 0.769836 -0.833000
v -0.176000 0.675236 -0.874200
v -0.170900 0.661336 -0.898100
v -0.134400 0.476736 -0.937200
v -0.061600 0.273636 -1.073900
v 0.049800 0.192336 -1.307700
v 0.105000 0.260036 -1.320200
v 0.071700 0.372736 -1.330300
v -0.174700 0.769336 -0.808300
v -0.064300 0.388136 -0.891400
v 0.055600 0.273636 -1.073900
v 0.125900 0.349236 -1.078900
v 0.099800 0.440736 -1.182100
v 0.100300 0.473636 -1.095300
v -0.032700 0.513036 -0.729800
v 0.058300 0.388136 -0.891400
v 0.128400 0.476736 -0.937200
v 0.122100 0.563036 -0.972100
v 0.119000 0.491236 -1.098700
v 0.090900 0.466836 -1.182300
v 0.137100 0.577836 -0.974600
v 0.168300 0.670536 -0.882200
v 0.150700 0.675036 -0.935500
v 0.151700 0.764036 -0.890300
v 0.172300 0.769836 -0.833000
v 0.173100 0.776236 -0.896200
v 0.196600 0.791736 -0.818600
v 0.168800 0.769336 -0.808300
v 0.103200 1.184836 -0.344000
v 0.023300 1.124336 -0.310500
v 0.109900 1.108836 -0.360800
v 0.025700 1.205736 -0.295400
v 0.032700 1.235536 -0.323500
v 0.016200 1.262836 -0.275200
v 0.020300 1.278336 -0.302500
v 0.008400 1.029636 -0.301000
v 0.018400 1.057736 -0.328600
v 0.018700 1.181136 -0.238500
v 0.018600 1.128836 -0.253100
v -0.202000 0.942736 -0.636500
v -0.212500 1.115036 -0.709700
v -0.042600 1.113236 -0.499800
v -0.241900 1.250836 -0.666500
v -0.370700 1.150136 -0.759500
v -0.575600 1.031836 -0.491000
v -0.641900 0.907836 -0.330800
v -0.504600 1.106036 -0.644600
v -0.374200 0.974836 -0.739000
v -0.515500 0.856536 -0.503000
v -0.338500 0.831536 -0.489200
v -0.426700 0.776536 -0.345400
v -0.608100 0.832436 -0.355400
v -0.628800 0.761636 -0.312400
v -0.671600 0.822736 -0.230000
v -0.688700 0.734836 -0.176900
v -0.667600 0.936836 -0.205200
v -0.705300 0.683436 -0.022000
v -0.470700 0.690636 -0.340500
v -0.457600 0.732436 -0.312500
v -0.681200 0.665736 -0.132200
v -0.638100 0.593736 -0.108200
v -0.654800 0.566536 -0.131800
v -0.682900 0.624236 -0.207800
v -0.718700 0.664436 -0.180600
v -0.711300 0.673836 -0.232000
v -0.716000 0.706436 -0.202800
v -0.683900 0.708836 -0.241200
v -0.691600 0.665436 -0.250300
v -0.626200 0.707836 -0.372600
v -0.561800 0.624736 -0.462100
v -0.453700 0.602736 -0.430200
v -0.444700 0.593036 -0.453100
v -0.539300 0.667136 0.018900
v -0.644800 0.608036 -0.061100
v -0.553500 0.600036 -0.029000
v -0.618500 0.573036 -0.194400
v -0.534200 0.552236 -0.114700
v -0.662000 0.578536 -0.282600
v -0.678300 0.622036 -0.315500
v -0.643600 0.583136 -0.437100
v -0.572800 0.600936 -0.499900
v -0.434900 0.635936 -0.495200
v -0.535400 0.651836 -0.531400
v -0.515600 0.590636 -0.604800
v -0.577500 0.514636 -0.579900
v -0.428300 0.563536 -0.578600
v -0.427600 0.496636 -0.547800
v -0.474100 0.451136 -0.588500
v -0.536500 0.456336 -0.619000
v -0.664800 0.568536 -0.517900
v -0.532700 0.557136 -0.172200
v -0.559400 0.339236 -0.606100
v -0.530100 0.363836 -0.655900
v -0.598900 0.387036 -0.550000
v -0.486200 0.356536 -0.641100
v -0.530600 0.241236 -0.625200
v -0.505400 0.334736 -0.586800
v -0.487600 0.357636 -0.499900
v -0.551000 0.325736 -0.516700
v -0.617500 0.293436 -0.442900
v -0.578900 0.194736 -0.513800
v -0.554100 0.269736 -0.533400
v -0.649800 0.248936 -0.388000
v -0.602100 0.225836 -0.447200
v -0.613200 0.155336 -0.410000
v -0.562800 0.278336 -0.428700
v -0.733700 0.347536 -0.307800
v -0.668100 0.210936 -0.376000
v -0.774100 0.309936 -0.273300
v -0.692800 0.399636 -0.376900
v -0.663500 0.461236 -0.460600
v -0.653300 0.511336 -0.561600
v -0.693100 0.485936 -0.492200
v -0.654200 0.527236 -0.388900
v -0.600300 0.490336 -0.296200
v -0.533000 0.490336 -0.277700
v -0.617400 0.460436 -0.307400
v -0.769800 0.271036 -0.231000
v -0.666600 0.187236 -0.325300
v -0.585300 0.235536 -0.369000
v -0.595700 0.199736 -0.363100
v -0.589700 0.178236 -0.292100
v -0.682000 0.109836 -0.290800
v -0.804900 0.244436 -0.183900
v -0.672500 0.309636 -0.151000
v -0.711700 0.312036 -0.078100
v -0.592600 0.207836 -0.086200
v -0.723500 0.236836 -0.043500
v -0.620500 0.166536 -0.083900
v -0.607100 0.171836 0.036100
v -0.561800 -0.000664 -0.037500
v -0.657700 0.003536 0.101200
v -0.683900 0.106736 0.099000
v -0.815000 -0.002764 0.174900
v -0.599300 0.183736 -0.149000
v -0.783500 0.161036 0.113900
v -0.746400 0.287436 0.039700
v -0.844200 0.103636 0.036100
v -0.842700 0.199536 -0.055100
v -0.788700 0.185036 -0.118400
v -0.740600 0.088436 -0.197400
v -0.620800 0.089336 -0.153100
v -0.581500 0.117836 -0.266500
v -0.865300 -0.005564 0.001700
v -0.859000 -0.002164 -0.132300
v -0.592000 0.213036 -0.175200
v -0.580900 0.255136 -0.128800
v -0.441500 0.408136 -0.460500
v -0.535000 0.259936 -0.296800
v -0.538700 0.221936 -0.274100
v -0.543500 0.251536 -0.167800
v -0.564800 0.325736 -0.136600
v -0.668400 0.376236 -0.135200
v -0.413600 0.432736 -0.373100
v -0.409500 0.418836 -0.432600
v -0.393200 0.461836 -0.471100
v -0.518000 0.360136 -0.247700
v -0.448400 0.422736 -0.363600
v -0.431800 0.535936 -0.359500
v -0.396400 0.480836 -0.378000
v -0.381200 0.511736 -0.439200
v -0.432900 0.540836 -0.459400
v -0.424000 0.620836 -0.223800
v -0.421100 0.700636 -0.178600
v -0.362700 0.827336 -0.199100
v -0.276600 0.930436 -0.301700
v -0.461700 0.580736 -0.158100
v -0.436300 0.612836 -0.152100
v -0.474600 0.637236 -0.115500
v -0.446900 0.727336 -0.061700
v -0.539200 0.580736 -0.081100
v -0.507400 0.587336 -0.098800
v -0.520800 0.577336 -0.159400
v -0.214700 0.973636 -0.398200
v -0.362500 0.956736 -0.139700
v -0.403200 0.823336 -0.111500
v -0.576600 0.986036 0.016100
v -0.571700 0.906536 -0.013800
v -0.527300 0.913936 -0.041900
v -0.594400 0.921336 -0.056400
v -0.533400 1.025636 -0.111400
v -0.525200 1.089736 -0.093600
v 0.519300 1.089736 -0.093600
v 0.505700 1.057236 -0.165000
v -0.532500 0.451236 -0.294200
v -0.620300 0.404136 -0.202600
v -0.652600 0.416936 -0.163300
v 0.809100 -0.002764 0.174900
v 0.556900 0.278336 -0.428700
v 0.583700 0.224236 -0.446900
v 0.515100 0.312236 -0.509800
v 0.573000 0.194736 -0.513800
v -0.629200 0.885436 0.143100
v -0.647800 0.774236 0.036700
v -0.632200 0.720236 0.069200
v -0.573300 0.771336 0.051500
v 0.570700 0.986036 0.016100
v 0.521300 0.913936 -0.041900
v -0.394900 1.289636 -0.595600
v -0.420700 1.240636 -0.673900
v -0.533700 1.175636 -0.564900
v -0.518500 1.178036 -0.401000
v -0.591600 1.089336 -0.318200
v -0.600100 1.082736 -0.455700
v -0.665100 0.952236 -0.285700
v -0.553300 1.033436 -0.150500
v -0.545100 0.986336 -0.097400
v -0.490400 1.022836 -0.131000
v -0.314400 1.041836 -0.234100
v -0.511700 1.057236 -0.165000
v -0.496700 1.089136 -0.190500
v -0.446700 1.174136 -0.299300
v -0.345600 1.234836 -0.433600
v -0.278100 1.125536 -0.335600
v -0.231000 1.145936 -0.412800
v -0.605000 0.817936 0.027500
v -0.651500 0.627236 0.077200
v -0.516400 0.677836 0.047700
v -0.481900 0.726836 0.016500
v -0.408300 0.861336 -0.060800
v -0.578300 0.867736 -0.004900
v -0.548200 0.955336 -0.083500
v 0.528300 0.552236 -0.114700
v 0.514800 0.577336 -0.159400
v 0.526700 0.557136 -0.172200
v 0.612500 0.573036 -0.194400
v 0.594300 0.490336 -0.296200
v 0.656100 0.578536 -0.282600
v 0.648300 0.527236 -0.388900
v 0.672300 0.622036 -0.315500
v 0.637700 0.583136 -0.437100
v 0.621200 0.686936 -0.402400
v 0.555900 0.624736 -0.462100
v 0.566900 0.600936 -0.499900
v 0.658800 0.568536 -0.517900
v 0.687200 0.485936 -0.492200
v 0.648800 0.566536 -0.131800
v 0.677000 0.624236 -0.207800
v 0.685700 0.665436 -0.250300
v 0.621000 0.745236 -0.327600
v 0.454600 0.718836 -0.318300
v 0.474100 0.660636 -0.375200
v 0.447800 0.602736 -0.430200
v 0.438800 0.593036 -0.453100
v 0.429000 0.635936 -0.495200
v 0.529400 0.651836 -0.531400
v 0.509700 0.590636 -0.604800
v 0.571500 0.514636 -0.579900
v 0.422300 0.563536 -0.578600
v 0.420800 0.776536 -0.345400
v 0.421600 0.496636 -0.547800
v 0.462100 0.446236 -0.580700
v 0.534000 0.461236 -0.616300
v 0.478000 0.358636 -0.647000
v 0.519800 0.359736 -0.658100
v 0.524600 0.241236 -0.625200
v 0.647400 0.511336 -0.561600
v 0.657500 0.461236 -0.460600
v 0.593000 0.387036 -0.550000
v 0.530600 0.361336 -0.562200
v 0.526500 0.336936 -0.596500
v 0.481700 0.357636 -0.499900
v 0.529700 0.268336 -0.528000
v 0.566500 0.271136 -0.538700
v 0.574900 0.339136 -0.523600
v 0.611600 0.293436 -0.442900
v 0.686900 0.399636 -0.376900
v 0.611400 0.460436 -0.307400
v 0.638700 0.420136 -0.229200
v 0.526600 0.451236 -0.294200
v 0.556900 0.388036 -0.172700
v 0.646700 0.416936 -0.163300
v 0.558800 0.325736 -0.136600
v 0.662500 0.376236 -0.135200
v 0.666500 0.309636 -0.151000
v 0.763800 0.271036 -0.231000
v 0.798900 0.244436 -0.183900
v 0.676100 0.109836 -0.290800
v 0.727700 0.347536 -0.307800
v 0.768200 0.309936 -0.273300
v 0.662100 0.210936 -0.376000
v 0.643900 0.248936 -0.388000
v 0.608600 0.227436 -0.447500
v 0.607200 0.155336 -0.410000
v 0.579300 0.235536 -0.369000
v 0.589800 0.199736 -0.363100
v 0.590200 0.173436 -0.303800
v 0.660700 0.187236 -0.325300
v 0.575600 0.117836 -0.266500
v 0.614800 0.089336 -0.153100
v 0.734700 0.088436 -0.197400
v 0.853100 -0.002164 -0.132300
v 0.555800 -0.000664 -0.037500
v 0.782700 0.185036 -0.118400
v 0.705700 0.312036 -0.078100
v 0.651800 0.003536 0.101200
v 0.601100 0.171836 0.036100
v 0.677900 0.106736 0.099000
v 0.777500 0.161036 0.113900
v 0.838300 0.103636 0.036100
v 0.859300 -0.005564 0.001700
v 0.836700 0.199536 -0.055100
v 0.717500 0.236836 -0.043500
v 0.586700 0.207836 -0.086200
v 0.575000 0.255136 -0.128800
v 0.537600 0.251536 -0.167800
v 0.512100 0.360136 -0.247700
v 0.442500 0.422736 -0.363600
v 0.527000 0.490336 -0.277700
v 0.529000 0.259936 -0.296800
v 0.435500 0.408136 -0.460500
v 0.532700 0.221936 -0.274100
v 0.586000 0.213036 -0.175200
v 0.593300 0.183736 -0.149000
v 0.615300 0.185136 -0.079400
v 0.614200 0.157236 -0.086200
v 0.740400 0.287436 0.039700
v 0.571000 0.187936 -0.268700
v 0.387300 0.461836 -0.471100
v 0.375200 0.511736 -0.439200
v 0.390500 0.480836 -0.378000
v 0.425800 0.535936 -0.359500
v 0.407600 0.432736 -0.373100
v 0.403500 0.418836 -0.432600
v 0.427000 0.540836 -0.459400
v 0.432200 0.575936 -0.276300
v 0.455700 0.580736 -0.158100
v 0.501400 0.587336 -0.098800
v 0.533200 0.580736 -0.081100
v 0.468600 0.637236 -0.115500
v 0.414100 0.630136 -0.210500
v 0.430400 0.612836 -0.152100
v 0.415200 0.700636 -0.178600
v 0.440900 0.727336 -0.061700
v 0.356800 0.827336 -0.199100
v 0.397200 0.823336 -0.111500
v 0.360000 0.956736 -0.139700
v 0.405800 0.861336 -0.060800
v 0.533300 0.667136 0.018900
v 0.547500 0.600036 -0.029000
v 0.632100 0.593736 -0.108200
v 0.638900 0.608036 -0.061100
v 0.701300 0.683436 -0.022000
v 0.196000 0.942736 -0.636500
v 0.208700 0.973636 -0.398200
v 0.036600 1.113236 -0.499800
v 0.228500 1.145936 -0.412800
v 0.275700 1.125536 -0.335600
v 0.311900 1.041836 -0.234100
v 0.270700 0.930436 -0.301700
v 0.332600 0.831536 -0.489200
v 0.675200 0.665736 -0.132200
v 0.718800 0.664436 -0.183100
v 0.708300 0.673836 -0.233200
v 0.710000 0.706436 -0.202800
v 0.678000 0.708836 -0.241200
v 0.682800 0.734836 -0.176900
v 0.352700 1.246636 -0.451200
v 0.389000 1.289636 -0.595600
v 0.235900 1.250836 -0.666500
v 0.414700 1.240636 -0.673900
v 0.364800 1.150136 -0.759500
v 0.498600 1.106036 -0.644600
v 0.368200 0.974836 -0.739000
v 0.509500 0.856536 -0.503000
v 0.602200 0.832436 -0.355400
v 0.641400 0.892536 -0.312900
v 0.662800 0.944336 -0.268600
v 0.206600 1.115036 -0.709700
v 0.534000 1.167736 -0.550000
v 0.569700 1.031836 -0.491000
v 0.595300 1.082736 -0.455700
v 0.490800 1.089136 -0.190500
v 0.484500 1.022836 -0.131000
v 0.539200 0.986336 -0.097400
v 0.527500 1.025636 -0.111400
v 0.547400 1.033436 -0.150500
v 0.632600 0.995436 -0.236700
v 0.585700 1.089336 -0.318200
v 0.512500 1.178036 -0.401000
v 0.440800 1.174136 -0.299300
v 0.542200 0.955336 -0.083500
v 0.588500 0.921336 -0.056400
v 0.572300 0.867736 -0.004900
v 0.599000 0.817936 0.027500
v 0.567300 0.771336 0.051500
v 0.475900 0.726836 0.016500
v 0.626300 0.720236 0.069200
v 0.510400 0.677836 0.047700
v 0.645500 0.627236 0.077200
v 0.565800 0.906536 -0.013800
v 0.641900 0.774236 0.036700
v 0.623200 0.885436 0.143100
v -0.737251 0.852021 -0.286588
v -0.677552 0.874806 -0.351725
v -0.725146 0.936021 -0.227654
v -0.771821 0.924808 -0.171161
v -0.786679 1.030615 -0.137918
v -0.722838 0.817362 -0.370925
v -0.711507 0.859518 -0.452410
v -0.676905 0.907508 -0.399324
v -0.700430 0.926114 -0.481832
v -0.649867 0.972491 -0.414910
v -0.658695 1.016469 -0.285968
v -0.685632 0.991965 -0.283081
v -0.739758 1.057336 -0.196827
v -0.796189 1.143809 -0.066659
v -0.803460 0.828547 -0.434089
v -0.798183 0.877164 -0.503573
v -0.781896 0.947980 -0.544255
v -0.795702 0.811115 -0.372780
v -0.870614 0.807509 -0.412581
v -0.894668 0.851494 -0.459817
v -0.892528 0.884654 -0.538278
v -0.843705 0.961823 -0.560486
v -0.765968 1.019064 -0.570553
v -0.669095 0.981262 -0.526659
v -0.630819 1.008602 -0.467349
v -0.677861 1.048784 -0.323217
v -0.680766 1.072403 -0.203645
v -0.754460 1.184075 -0.075867
v -0.846078 1.011435 -0.601278
v -0.824817 1.068900 -0.622249
v -0.666002 1.075179 -0.496637
v -0.655052 1.119307 -0.383340
v -0.743396 1.113324 -0.547573
v -0.791862 1.155555 -0.597994
v -0.805905 1.231611 -0.577130
v -0.699643 1.182232 -0.306894
v -0.708557 1.106548 -0.238678
v -0.662094 1.157487 -0.391238
v -0.693724 1.197827 -0.423979
v -0.735551 1.213134 -0.531418
v -0.793432 1.308099 -0.536652
v -0.724237 1.279883 -0.525995
v -0.792447 1.377253 -0.541623
v -0.730576 1.360300 -0.555365
v -0.782659 1.460915 -0.577605
v -0.724843 1.442381 -0.578740
v -0.671259 1.566264 -0.600587
v -0.698071 1.481496 -0.529239
v -0.635627 1.516481 -0.530890
v -0.685958 1.417968 -0.452159
v -0.642712 1.550912 -0.457254
v -0.706174 1.320970 -0.456987
v -0.720702 1.382866 -0.495703
v -0.715435 1.453867 -0.526790
v -0.757857 1.480735 -0.515052
v -0.758881 1.420027 -0.479173
v -0.703114 1.347551 -0.406763
v -0.706858 1.428775 -0.390177
v -0.759771 1.363452 -0.457151
v -0.790225 1.356762 -0.442581
v -0.800728 1.420395 -0.462150
v -0.806711 1.500073 -0.512824
v -0.796808 1.481304 -0.527683
v -0.787193 1.396466 -0.493400
v -0.761088 1.345038 -0.463349
v -0.723992 1.275694 -0.391824
v -0.810620 1.306976 -0.455973
v -0.712050 1.369851 -0.337273
v -0.755986 1.332907 -0.314800
v -0.663205 1.205350 -0.331269
v -0.687821 1.272061 -0.228960
v -0.735797 1.219803 -0.225807
v -0.726214 1.282863 -0.130755
v -0.727690 1.182321 -0.178643
v -0.719185 1.224865 -0.102562
v -0.705145 1.177410 -0.136261
v -0.820933 1.230717 -0.070823
v -0.798559 1.307154 -0.088033
v -0.776236 1.345456 -0.158115
v -0.782918 1.394979 -0.266915
v -0.824697 1.382949 -0.274187
v -0.777566 1.372570 -0.220063
v -0.731671 1.346545 -0.242747
v -0.707180 1.312992 -0.171757
v -0.752540 1.370211 -0.286434
v -0.733358 1.399419 -0.298240
v -0.847367 1.165586 -0.045119
v -0.880754 1.226738 -0.115809
v -0.874458 1.259974 -0.170324
v -0.879868 1.307917 -0.209476
v -0.827543 1.350471 -0.257400
v -0.858064 1.337707 -0.314279
v -0.830236 1.394839 -0.319722
v -0.776409 1.419400 -0.279233
v -0.764550 1.443556 -0.323808
v -0.813106 1.424899 -0.360383
v -0.921965 1.220817 -0.140195
v -0.867153 1.201096 -0.213993
v -0.852099 1.223424 -0.238886
v -0.873769 1.272142 -0.258379
v -0.849615 1.285912 -0.279412
v -0.814896 1.300666 -0.290330
v -0.736345 1.474985 -0.367226
v -0.794358 1.482232 -0.389528
v -0.852271 1.358270 -0.394494
v -0.838321 1.259988 -0.385285
v -0.817895 1.225408 -0.352660
v -0.883614 1.230291 -0.353779
v -0.895955 1.207182 -0.335800
v -0.873258 1.162479 -0.328639
v -0.897591 1.141252 -0.292750
v -0.814942 1.330762 -0.424167
v -0.834692 1.436894 -0.443200
v -0.916415 1.096135 -0.247557
v -0.952963 1.119366 -0.263669
v -0.974598 1.004877 -0.337965
v -0.991437 1.035534 -0.349799
v -0.983182 0.979296 -0.460497
v -0.985674 1.057752 -0.366440
v -0.944630 1.063424 -0.393248
v -0.930689 1.124122 -0.448639
v -0.910495 1.165200 -0.461019
v -0.848433 1.191022 -0.448883
v -0.842910 1.223415 -0.472191
v -0.839723 1.230151 -0.523418
v -0.807961 1.303749 -0.494663
v -0.954831 0.929189 -0.519693
v -0.964452 0.892251 -0.445057
v -0.990057 0.946480 -0.400459
v -0.827521 1.546378 -0.506727
v -0.790200 1.480683 -0.554081
v -0.800673 1.383990 -0.504415
v -0.858448 1.177856 -0.550757
v -0.929334 1.102980 -0.556234
v -0.777574 1.723076 -0.569264
v -0.800711 1.662691 -0.516974
v -0.760867 1.754119 -0.504387
v -0.810429 1.595357 -0.548340
v -0.762267 1.578991 -0.615085
v -0.745938 1.745959 -0.592882
v -0.699979 1.722226 -0.633095
v -0.760664 1.701505 -0.628850
v -0.721377 1.684714 -0.667565
v -0.914975 0.989353 -0.550955
v -0.906017 1.037942 -0.588396
v -0.954544 1.018956 -0.498493
v -0.874090 1.098695 -0.620675
v -0.985197 0.837043 -0.377852
v -1.005355 0.904803 -0.344906
v -0.978605 0.972535 -0.296643
v -0.919570 1.035551 -0.199868
v -0.901441 1.152251 -0.175552
v -0.902107 1.105356 -0.134783
v -0.910737 1.004841 -0.080187
v -0.950592 0.922601 -0.254772
v -0.924733 0.901206 -0.200951
v -0.939471 0.855835 -0.123276
v -0.880933 0.770659 -0.161885
v -0.888335 0.831056 -0.253545
v -0.962756 0.857375 -0.292367
v -0.888921 0.818027 -0.308818
v -0.893595 0.685863 -0.064189
v -0.861487 0.670103 -0.101163
v -0.859693 0.636327 0.006940
v -0.917645 0.801798 -0.092894
v -0.879515 0.850633 -0.056261
v -0.849216 0.867076 -0.015324
v -0.858738 0.975622 -0.018039
v -0.798421 0.990608 -0.066002
v -0.858712 1.044678 -0.026605
v -0.875966 1.142820 -0.084249
v -0.912849 1.174784 -0.129982
v -0.921529 1.176369 -0.189971
v -0.844984 0.605838 -0.038458
v -0.779921 0.697208 -0.053664
v -0.789549 0.739263 -0.121750
v -0.772211 0.730543 -0.021296
v -0.766769 0.775647 -0.070040
v -0.819831 0.846898 -0.048191
v -0.766020 0.837989 -0.106602
v -0.821776 0.733794 0.021466
v -0.893949 0.724774 -0.014775
v -0.794964 0.825482 -0.211321
v -0.838264 0.775662 -0.207341
v -0.812829 0.806604 -0.281386
v -0.739820 0.617389 -0.009421
v -0.754796 0.669281 0.035279
v -0.804764 0.673374 0.064523
v -0.847009 0.642568 0.048082
v -0.903570 1.197131 -0.207305
v -0.941406 1.140751 -0.284785
v 0.822354 0.964050 0.530538
v 0.851350 1.013997 0.524707
v 0.797165 1.036680 0.571476
v 0.822097 1.071531 0.547365
v 0.845142 1.077190 0.498387
v 0.789138 1.120277 0.534860
v 0.768086 1.126338 0.487935
v 0.719763 1.102813 0.462272
v 0.745249 1.084387 0.547715
v 0.597299 0.825142 0.513068
v 0.712308 0.969546 0.572438
v 0.537035 0.866098 0.506429
v 0.767586 0.955252 0.524399
v 0.734836 1.016897 0.585113
v 0.695086 1.072805 0.545550
v 0.668494 1.080246 0.465425
v 0.755909 1.038317 0.406549
v 0.791087 1.079224 0.427994
v 0.823487 1.020233 0.437618
v 0.809390 0.981852 0.467236
v 0.630245 0.992877 0.551580
v 0.626486 1.003881 0.483029
v 0.521637 0.893626 0.457243
v 0.432779 0.774999 0.485319
v 0.474769 0.715966 0.497271
v 0.612236 0.803470 0.450937
v 0.428855 0.649676 0.416432
v 0.404683 0.671638 0.479122
v 0.366127 0.714992 0.482503
v 0.350310 0.747586 0.429747
v 0.390446 0.707123 0.365205
v 0.567049 0.858604 0.388666
v 0.708790 1.013090 0.418458
v 0.755220 0.956071 0.446835
v 0.108197 0.519747 0.421220
v 0.075976 0.579897 0.368647
v -0.191526 0.433531 0.377005
v -0.172397 0.466149 0.324207
v -0.499122 0.426423 0.244543
v -0.477769 0.465179 0.198597
v -0.613031 0.452602 0.151054
v -0.567165 0.490143 0.122915
v -0.638497 0.533180 0.062114
v -0.639025 0.591624 0.101173
v -0.695651 0.584204 0.142882
v 0.057585 0.613905 0.423891
v -0.235929 0.527675 0.350301
v 0.072264 0.593034 0.491288
v -0.775723 0.536642 0.029932
v -0.701626 0.493991 0.082754
v 0.090859 0.543441 0.482809
v -0.254651 0.508434 0.405447
v -0.506239 0.523202 0.230580
v -0.579133 0.547583 0.159664
v -0.625110 0.535126 0.202939
v -0.644423 0.486775 0.203987
v -0.725677 0.524935 0.138558
v -0.801130 0.559176 0.093195
v -0.535353 0.503918 0.283825
v -0.537254 0.461717 0.295016
v -0.235079 0.464169 0.422319
v -0.607224 1.735263 -0.592558
v -0.638982 1.705133 -0.599746
v -0.662528 1.681188 -0.657298
v -0.617460 1.677642 -0.611227
v -0.598264 1.660028 -0.531525
v -0.588931 1.699163 -0.519904
v -0.617216 1.770639 -0.562510
v -0.585722 1.773147 -0.481815
v -0.604686 1.807877 -0.481913
v -0.558067 1.846661 -0.442708
v -0.511016 1.780564 -0.381469
v -0.518535 1.855827 -0.367937
v -0.477586 1.785436 -0.276418
v -0.486996 1.836475 -0.262702
v -0.387706 1.812832 -0.230856
v -0.632777 1.598222 -0.544765
v -0.607075 1.635161 -0.468245
v -0.733349 1.781495 -0.608010
v -0.705586 1.800466 -0.536923
v -0.662994 1.776470 -0.628623
v -0.713804 1.762616 -0.467874
v -0.681786 1.800892 -0.457375
v -0.690681 1.729101 -0.410146
v -0.667248 1.727787 -0.315506
v -0.619923 1.672404 -0.334068
v -0.574071 1.679354 -0.279014
v -0.557027 1.685447 -0.379956
v -0.491946 1.710579 -0.257547
v -0.593759 1.682189 -0.434132
v -0.601243 1.661875 -0.454710
v -0.405297 1.711808 -0.208279
v -0.542913 1.701583 -0.242756
v -0.587814 1.749569 -0.239180
v -0.645546 1.814524 -0.346992
v -0.636599 1.816902 -0.470299
v -0.656646 1.794568 -0.564641
v -0.587400 1.815794 -0.232478
v -0.541110 1.858546 -0.249320
v -0.573503 1.866381 -0.341740
v -0.599568 1.861509 -0.403211
v -0.453999 1.876069 -0.158547
v -0.570162 1.823065 -0.171450
v -0.577792 1.742860 -0.177506
v -0.548482 1.710496 -0.192211
v -0.512362 1.674723 -0.151017
v -0.531339 1.689013 -0.206432
v -0.402573 1.721192 -0.079602
v -0.376422 1.714988 -0.158824
v -0.183685 2.014398 -0.069248
v -0.416433 1.818000 -0.051092
v -0.439088 1.837277 -0.104097
v -0.491407 1.814532 -0.056051
v -0.538301 1.821920 -0.099126
v -0.491564 1.711178 -0.062289
v -0.563539 1.727302 -0.123980
v -0.665739 1.649996 -0.404925
v -0.645499 1.676113 -0.397264
v -0.668392 1.638523 -0.412360
v -0.693287 1.577131 -0.408447
v -0.758334 1.605452 -0.414186
v -0.752020 1.679186 -0.423906
v -0.742703 1.708538 -0.431438
v 0.898292 0.983285 -0.029429
v 0.893197 1.002462 0.041907
v 0.869764 1.036931 -0.058762
v 0.881799 1.011376 0.124108
v 0.916226 0.972758 0.080210
v 0.833785 1.089965 -0.002257
v 0.833926 1.113858 -0.104249
v 0.830700 1.145776 -0.043109
v 0.756547 1.215991 -0.127819
v 0.824498 1.150472 -0.037374
v 0.770957 1.264296 0.018397
v 0.760665 1.232866 0.062983
v 0.810418 1.148984 -0.014093
v 0.821217 1.112746 0.008480
v 0.744126 1.176669 0.085844
v 0.757467 1.109429 0.208199
v 0.727948 1.145768 0.253367
v 0.791741 1.038585 0.279048
v 0.790154 1.125489 0.350644
v 0.771863 1.096389 0.421926
v 0.756658 1.131509 0.463743
v 0.766383 1.212574 0.436856
v 0.769691 1.140179 0.527582
v 0.730144 1.223813 0.135199
v 0.751188 1.246318 0.081615
v 0.853669 1.065646 0.494842
v 0.802981 1.039419 0.409878
v 0.814182 1.004347 0.436542
v 0.854335 0.972116 0.330045
v 0.870364 0.948715 0.414812
v 0.902165 0.976274 0.155408
v 0.896341 0.961019 0.222317
v 0.899133 0.868358 0.345716
v 0.924058 0.893560 0.399132
v 0.925251 0.947046 0.450976
v 0.889253 0.922865 0.516048
v 0.835766 0.962087 0.521277
v 0.817978 1.015176 0.570716
v 0.790257 1.097462 0.557122
v 0.838941 1.069857 0.592816
v 0.841387 0.987704 0.560817
v 0.926808 0.856153 0.264241
v 0.834775 1.120924 0.563545
v 0.874629 1.138595 0.574481
v 0.805963 1.192719 0.570920
v 0.853417 1.191168 0.579405
v 0.866668 1.226241 0.560677
v 0.900920 1.190678 0.509091
v 0.850537 1.228664 0.471117
v 0.841350 1.240446 0.459894
v 0.802885 1.171961 0.513414
v 0.796663 1.208719 0.540155
v 0.846570 1.245004 0.524546
v 0.902139 1.225949 0.451682
v 0.934684 1.180175 0.460702
v 0.921952 1.128384 0.559972
v 0.966240 1.074714 0.536233
v 0.703147 1.306919 0.341192
v 0.803680 1.325088 0.467653
v 0.887778 1.305347 0.428423
v 0.934240 1.216672 0.373608
v 1.015787 1.133540 0.415472
v 1.000272 1.049582 0.504052
v 0.986590 1.012897 0.425623
v 0.967583 0.965401 0.451354
v 0.973151 1.015440 0.346524
v 0.996074 0.925807 0.395540
v 1.038116 0.940564 0.353515
v 1.048259 0.823177 0.407697
v 1.058162 0.766129 0.345734
v 1.105323 0.659468 0.477789
v 0.976781 1.105455 0.284164
v 1.034832 0.897183 0.260464
v 0.962235 1.175489 0.325056
v 0.979157 0.994315 0.214876
v 0.955871 1.007684 0.154545
v 0.992622 0.742612 0.348953
v 1.034331 0.630883 0.480897
v 1.079427 0.716547 0.527093
v 1.116438 0.594700 0.619817
v 1.106808 0.653727 0.655237
v 1.061708 0.580408 0.627110
v 1.120784 0.582077 0.756515
v 1.115420 0.624285 0.760606
v 1.062272 0.657746 0.751001
v 1.066778 0.652557 0.835543
v 1.043154 0.599716 0.760946
v 1.047387 0.597064 0.869521
v 1.074334 0.559544 0.758453
v 1.076038 0.566314 0.891875
v 1.031161 0.599257 0.918085
v 1.074511 0.572005 0.984248
v 1.113109 0.622565 0.868102
v 1.059534 0.670372 0.869094
v 1.117332 0.647614 0.900349
v 1.122060 0.593944 0.985514
v 1.118783 0.585366 0.887588
v 0.995366 0.823975 0.435716
v 0.959227 0.790655 0.412129
v 1.003986 0.683435 0.527392
v 1.028002 0.630002 0.654448
v 1.062873 0.664941 0.666464
v 1.040112 0.716540 0.543401
v 0.844370 1.386744 -0.320700
v 0.797397 1.452723 -0.280929
v 0.869002 1.360109 -0.209339
v 0.796415 1.503854 -0.259397
v 0.779036 1.551830 -0.332848
v 0.751313 1.541156 -0.222586
v 0.786304 1.472039 -0.377947
v 0.809786 1.419370 -0.398799
v 0.803872 1.367153 -0.416230
v 0.823282 1.295418 -0.326913
v 0.831652 1.252793 -0.260388
v 0.841645 1.209594 -0.193297
v 0.865834 1.285333 -0.119719
v 0.669479 1.444136 -0.459565
v 0.682045 1.515622 -0.462630
v 0.675765 1.427807 -0.485034
v 0.705976 1.489445 -0.481103
v 0.704253 1.389310 -0.497093
v 0.743433 1.435273 -0.509936
v 0.767839 1.371290 -0.487141
v 0.797763 1.395259 -0.475927
v 0.778983 1.335783 -0.433186
v 0.792767 1.451984 -0.471256
v 0.752909 1.504988 -0.446709
v 0.740020 1.508095 -0.395969
v 0.736750 1.554594 -0.343383
v 0.723961 1.546663 -0.248138
v 0.680370 1.583970 -0.173032
v 0.721592 1.527368 -0.431613
v 0.720223 1.577496 -0.347535
v 0.702855 1.564857 -0.251529
v 0.635084 1.562491 -0.192437
v 0.628187 1.558348 -0.163320
v 0.593735 1.486028 -0.219301
v 0.676108 1.511615 -0.086392
v 0.639120 1.448120 -0.094228
v 0.741775 1.456359 0.030286
v 0.686112 1.397349 0.025077
v 0.757899 1.460263 0.118812
v 0.692255 1.383493 0.099670
v 0.716158 1.367731 0.111260
v 0.743209 1.279314 0.043860
v 0.693897 1.395814 0.172422
v 0.717478 1.378845 0.202040
v 0.720210 1.374999 0.267291
v 0.803536 1.407448 0.263035
v 0.757766 1.401815 0.272166
v 0.853798 1.386994 0.324749
v 0.756483 1.408749 0.353990
v 0.751260 1.408334 0.200570
v 0.734512 1.442653 0.171632
v 0.742743 1.420158 0.133024
v 0.806940 1.390639 0.109997
v 0.842908 1.415413 0.084267
v 0.800804 1.411294 0.197785
v 0.799639 1.434186 0.160078
v 0.815450 1.476377 -0.144851
v 0.770481 1.513345 -0.119473
v 0.724723 1.522768 -0.097289
v 0.803090 1.444706 0.005650
v 0.851066 1.325734 0.039674
v 0.875430 1.305992 0.084699
v 0.892492 1.289156 0.134244
v 0.905630 1.340859 0.191869
v 0.945863 1.317876 0.307068
v 0.942062 1.216852 0.224302
v 0.809877 1.413582 -0.173051
v 0.825673 1.351154 -0.069604
v 0.829263 1.405500 -0.031088
v 0.804215 1.302920 0.003713
v 0.834358 1.291294 0.011436
v 1.002400 1.187184 0.168103
v 0.981664 1.062232 0.106153
v 0.919551 1.252140 0.107785
v 0.865937 1.270402 0.051670
v 0.769886 1.288042 0.006523
v 0.904517 1.230734 0.018006
v 0.948764 1.029931 0.044759
v 0.958945 1.004026 0.077284
v 0.939344 1.005136 -0.038650
v 0.917835 1.059327 -0.061724
v 0.919361 1.125723 -0.007676
v 0.914039 1.153580 0.003948
v 0.905081 1.174541 -0.016002
v 0.907721 1.258876 -0.012469
v 0.896729 1.166552 -0.051205
v 0.904985 1.185599 -0.041566
v 0.879314 1.135480 -0.115285
v 0.801270 1.194534 -0.185661
v 0.784625 1.233620 -0.247947
v 0.787174 1.272269 -0.334688
v 0.627547 1.414310 -0.374038
v 0.656835 1.409519 -0.404451
v 0.593774 1.507914 -0.242450
v 0.675383 1.375831 -0.378289
v 0.734915 1.307654 -0.057889
v 0.668170 1.340037 -0.162623
v 0.654725 1.373519 -0.295234
v 0.690805 1.328979 -0.334574
v 0.702615 1.343848 -0.426933
v 0.697321 1.273014 -0.217001
v 0.446448 1.752612 -0.078263
v 0.552044 1.745019 -0.174268
v 0.481912 1.826238 -0.088569
v 0.541967 1.801863 -0.261109
v 0.630962 1.735496 -0.286021
v 0.509920 1.796917 -0.295092
v 0.542062 1.770053 -0.339685
v 0.595115 1.705262 -0.382799
v 0.629994 1.696835 -0.187270
v 0.281451 1.824471 -0.129205
v 0.373527 1.824160 -0.054628
v 0.462049 1.903196 -0.178842
v 0.418335 1.857427 -0.272277
v 0.450751 1.753548 -0.308425
v 0.476284 1.724039 -0.349796
v 0.532325 1.667726 -0.393589
v 0.599024 1.577357 -0.401764
v 0.635497 1.607267 -0.394327
v 0.685623 1.616173 -0.326203
v 0.671667 1.621511 -0.250555
v 0.364546 1.905685 -0.173965
v 0.299634 1.962272 -0.243555
v 0.334547 1.838706 -0.299994
v 0.654039 1.552406 -0.430548
v 0.624252 1.523544 -0.421225
v 0.644919 1.479685 -0.435353
v 0.401291 1.669757 -0.181278
v 0.498523 1.697614 -0.142128
v 0.535378 1.668911 -0.129327
v 0.582831 1.618693 -0.156231
v 0.620072 1.577772 -0.199639
v 0.586975 1.550034 -0.244466
v 0.590742 1.530114 -0.348893
v 0.501762 1.615169 -0.319211
v 0.437941 1.683506 -0.268976
v 0.445081 1.671003 -0.190774
v 0.506215 1.605506 -0.187963
v 0.613604 1.482177 -0.361681
v 1.071823 0.859382 0.756675
v 1.011709 0.971108 0.878158
v 1.108680 0.780291 0.909348
v 1.040428 0.898985 1.009080
v 1.138086 0.728429 1.010686
v 1.077938 0.817849 1.166673
v 1.031577 1.024803 0.540959
v 1.028900 0.942419 0.501924
v 0.977376 0.896851 0.476318
v 0.989834 0.844965 0.600093
v 1.046771 0.887776 0.618888
v 1.068512 0.829688 0.726848
v 1.041826 0.936940 0.636174
v 0.975888 1.073925 0.713449
v 0.885421 1.091945 0.747351
v 0.938671 0.981172 0.921386
v 0.967268 0.915085 1.044230
v 1.003908 0.829082 1.222622
v 1.110055 0.748964 1.272391
v 1.031634 0.760443 1.345423
v 0.853944 1.187753 0.613271
v 0.953126 1.152158 0.596754
v 0.901185 0.860908 0.996148
v 1.047718 0.690978 0.856224
v 0.968207 0.605305 0.993523
v 0.958619 0.695498 0.871383
v 0.962788 0.646310 1.028718
v 0.925989 0.732845 0.892621
v 0.873679 0.929347 0.882294
v 0.835124 1.026744 0.727553
v 0.794381 1.098049 0.621169
v 1.018773 0.555309 1.121805
v 0.824363 0.932788 0.566049
v 0.856021 0.869323 0.670463
v 0.889754 0.797974 0.787044
v 0.915010 0.776140 0.735078
v 1.002007 0.780486 0.715187
v 0.887478 0.831865 0.627271
v 0.878522 0.887058 0.507357
v 1.053417 0.569782 1.119335
v 1.101772 0.548451 1.127125
v 1.119678 0.597214 1.114746
v 1.108590 0.532835 1.094934
v 1.048452 0.544497 1.072742
v 0.950029 0.770186 1.159851
v 0.991328 0.591360 1.131781
v 1.011926 0.601486 1.134004
v 1.065693 0.659857 1.073030
v 1.129795 0.647733 1.130916
v 1.108439 0.693697 1.192247
v 1.040791 0.721064 1.151828
v 1.049294 0.706764 1.301507
v 1.003508 0.646952 1.185873
v 1.014030 0.687849 1.278544
v 0.980645 0.639010 1.188933
v 0.983323 0.701307 1.277714
v 1.027205 0.695148 1.315452
v 1.011282 0.721384 1.343797
v 1.048383 0.714872 1.370675
v 1.054792 0.683662 1.327774
v 1.076528 0.706649 1.311965
v 1.095582 0.717132 1.267493
v 1.080204 0.738596 1.334562
v 1.127577 0.713906 1.199476
v 1.152706 0.656480 1.128881
v 1.144504 0.695370 0.966172
v 1.095195 0.741336 0.862107
v 1.153612 0.599375 1.114891
v 1.126466 0.592899 1.059422
v 0.643289 1.630943 1.233348
v 0.627619 1.707806 1.259924
v 0.635592 1.652934 1.226374
v 0.661186 1.934848 1.100133
v 0.654824 1.959707 1.145810
v 0.589579 1.982028 1.041308
v 0.546202 2.051762 1.010740
v 0.493115 1.904449 1.116122
v 0.531864 1.920928 1.084297
v 0.481704 1.917019 1.153573
v 0.538487 2.060376 1.014914
v 0.535684 2.047164 1.263296
v 0.540474 2.060612 1.116309
v 0.587910 2.024579 1.244136
v 0.661174 1.967607 1.272232
v 0.569981 1.985560 1.034388
v 0.724674 1.926919 1.389466
v 0.669493 1.984851 1.452633
v 0.541356 2.051533 1.343148
v 0.583647 2.033104 1.337164
v 0.509486 2.011793 1.345815
v 0.457426 1.886594 1.303864
v 0.436314 1.846774 1.275704
v 0.419959 1.783034 1.221838
v 0.445403 1.839484 1.175444
v 0.473998 1.789315 1.173166
v 0.512583 1.832094 1.128644
v 0.534658 1.799246 1.136120
v 0.548608 1.791186 1.107993
v 0.514876 1.882141 1.095705
v 0.531570 1.871637 1.069178
v 0.557231 1.930880 1.061508
v 0.537311 1.897341 1.068242
v 0.575999 1.969244 1.030065
v 0.572240 1.958236 1.022796
v 0.595552 1.964862 1.020309
v 0.608940 1.932519 1.060244
v 0.643690 1.903314 1.056607
v 0.646647 1.919509 1.079512
v 0.601295 2.047363 1.520636
v 0.580429 2.056545 1.459481
v 0.432924 1.795634 1.275455
v 0.454611 1.811395 1.327513
v 0.458379 1.879388 1.393243
v 0.515534 2.049636 1.464569
v 0.493586 2.000771 1.480673
v 0.535823 2.072893 1.461687
v 0.561395 2.076329 1.537632
v 0.461221 1.840488 1.387965
v 0.469604 1.916330 1.464612
v 0.478357 1.917116 1.548249
v 0.469141 1.879558 1.470847
v 0.479758 1.964880 1.557253
v 0.481443 1.960222 1.630002
v 0.481066 2.024338 1.648638
v 0.512651 2.066065 1.547386
v 0.532869 2.083539 1.538512
v 0.556820 2.087445 1.617386
v 0.531479 2.095892 1.636553
v 0.559994 2.106328 1.729730
v 0.595038 2.086255 1.720198
v 0.586449 2.104101 1.803757
v 0.619530 2.057470 1.722953
v 0.641450 2.006727 1.634891
v 0.622376 2.042095 1.633796
v 0.655959 1.987061 1.578830
v 0.642661 2.008258 1.550497
v 0.697337 1.945950 1.471846
v 0.508414 2.072444 1.626787
v 0.476431 2.044679 1.727602
v 0.481445 2.071647 1.814291
v 0.478477 2.017168 1.729643
v 0.504162 2.090127 1.711683
v 0.527048 2.111875 1.730045
v 0.558777 2.119679 1.801511
v 0.524696 2.124521 1.828991
v 0.569418 2.116820 1.856257
v 0.537083 2.122156 1.876088
v 0.511248 2.117702 1.878455
v 0.546608 2.108958 1.879362
v 0.488705 2.095896 1.862027
v 0.495625 2.112894 1.863557
v 0.492285 2.095979 1.823854
v 0.663054 1.834171 1.108733
v 0.665220 1.877972 1.104435
v 0.677028 1.828495 1.130700
v 0.783742 1.879227 1.206813
v 0.733508 1.904536 1.149718
v 0.745991 1.861194 1.169971
v 0.728994 1.922669 1.178315
v 0.718470 1.927519 1.253892
v 0.778180 1.888810 1.249106
v 0.743515 1.906653 1.349108
v 0.594222 1.867154 1.515016
v 0.614920 1.912327 1.516785
v 0.595598 1.870006 1.499085
v 0.603604 1.850345 1.555933
v 0.610904 1.889373 1.521909
v 0.588611 1.901079 1.555009
v 0.596743 1.881403 1.544516
v 0.573244 1.882147 1.525046
v 0.560611 1.894673 1.513450
v 0.599459 1.855225 1.558631
v 0.616428 1.688654 1.038149
v 0.585909 1.789866 1.123491
v 0.647978 1.697878 1.046340
v 0.630194 1.788325 1.116946
v 0.605970 1.688603 0.967317
v 0.601223 1.682713 0.873517
v 0.619250 1.645570 1.012502
v 0.576882 1.714255 0.811319
v 0.562624 1.714217 0.767785
v 0.577572 1.657240 0.785328
v 0.662761 1.555417 0.816894
v 0.653004 1.598067 0.871341
v 0.631243 1.624953 0.954435
v 0.649386 1.615945 0.998239
v 0.561744 1.761121 0.830604
v 0.543883 1.891874 0.808695
v 0.574906 2.006815 0.991973
v 0.543144 1.978234 0.995956
v 0.525796 1.929166 1.009967
v 0.531229 1.959574 0.958828
v 0.537813 1.957099 0.911336
v 0.517452 1.891477 0.992563
v 0.529211 1.907082 0.890899
v 0.586057 1.932516 0.866366
v 0.546094 1.920362 0.881118
v 0.571556 1.923017 0.837911
v 0.575864 1.930669 0.820312
v 0.543023 1.939016 0.795745
v 0.573100 1.959615 0.802820
v 0.537492 1.920730 0.734636
v 0.537881 1.846840 0.687943
v 0.565007 1.833220 0.644295
v 0.595584 1.713300 0.677459
v 0.576635 1.799248 0.616567
v 0.602539 1.670452 0.641377
v 0.585604 1.713018 0.613594
v 0.610386 1.665309 0.606513
v 0.593302 1.707833 0.584628
v 0.589005 1.742892 0.573353
v 0.595072 1.699710 0.523353
v 0.564254 1.997837 0.937335
v 0.567114 1.966790 0.886600
v 0.549587 1.922130 0.716839
v 0.572989 1.930764 0.704984
v 0.530500 1.977135 0.732016
v 0.526455 1.986881 0.750558
v 0.531459 1.971247 0.776341
v 0.552178 1.998139 0.779025
v 0.553138 2.013834 0.758386
v 0.533655 2.003074 0.757494
v 0.552398 1.991188 0.714955
v 0.671576 1.659327 0.314665
v 0.628004 1.661034 0.314084
v 0.619398 1.639400 0.305977
v 0.685571 1.617749 0.291065
v 0.605860 1.651356 0.319389
v 0.582424 1.585031 0.335485
v 0.618988 1.696468 0.417065
v 0.594986 1.646459 0.374668
v 0.590007 1.663371 0.457615
v 0.634740 1.726906 0.477561
v 0.603784 1.696782 0.466339
v 0.609015 1.735684 0.521047
v 0.600520 1.769706 0.563274
v 0.573077 1.786101 0.577731
v 0.616749 1.825874 0.596566
v 0.581481 1.807933 0.593876
v 0.604106 1.811891 0.565676
v 0.583267 1.830350 0.615214
v 0.571243 1.866722 0.647030
v 0.667738 1.685919 0.377813
v 0.719827 1.565263 0.258005
v 0.711049 1.622683 0.309469
v 0.695213 1.685672 0.411858
v 0.679353 1.725289 0.506628
v 0.670133 1.753639 0.565591
v 0.625397 1.774285 0.549371
v 0.655487 1.809157 0.583105
v 0.650476 1.816058 0.609841
v 0.631750 1.816058 0.569618
v 0.596934 1.864794 0.633264
v 0.660069 1.880703 0.684135
v 0.635518 1.859541 0.637028
v 0.613993 1.932170 0.721860
v 0.594862 1.936566 0.711818
v 0.586508 2.001541 0.759178
v 0.569460 2.008265 0.765115
v 0.590652 1.983409 0.727981
v 0.617458 1.935191 0.755473
v 0.625810 1.923165 0.793232
v 0.685020 1.854877 0.788770
v 0.573896 1.998890 0.720149
v 0.624023 1.922457 0.807084
v 0.629570 1.933702 0.887191
v 0.669616 1.892573 0.936074
v 0.697157 1.808167 0.835676
v 0.685411 1.800541 1.001425
v 0.705136 1.720316 0.874154
v 0.678286 1.701700 1.031789
v 0.703141 1.691328 0.950021
v 0.694951 1.632496 0.984460
v 0.703554 1.621369 0.872312
v 0.684152 1.613837 0.908557
v 0.662297 1.785145 1.064512
v 0.655242 1.895364 1.011912
v 0.624625 1.947330 0.991799
v 0.614565 1.969580 0.908885
v 0.604913 1.997431 0.973912
v 0.566334 1.988223 0.905643
v 0.595734 1.989850 1.004336
v 0.602016 1.942978 1.040873
v 0.675542 1.584178 0.852015
v 0.700308 1.563552 0.820489
v 0.724875 1.574080 0.805955
v 0.714301 1.551592 0.818063
v 0.726585 1.537157 0.813977
v 0.725926 1.510879 0.806205
v 0.696973 1.530786 0.829779
v 0.672035 1.521298 0.826665
v 0.672193 1.501225 0.812829
v 0.728543 1.472948 0.796026
v 0.690048 1.476385 0.813652
v 0.696097 1.462953 0.785063
v 0.721868 1.480896 0.722351
v 0.728790 1.467761 0.770068
v 0.729948 1.544830 0.722795
v 0.734196 1.522029 0.770516
v 0.725080 1.571234 0.703000
v 0.722547 1.666656 0.705319
v 0.675842 1.537697 0.827898
v 0.729921 1.707344 0.739626
v 0.734609 1.714850 0.777618
v 0.707379 1.751095 0.771214
v 0.711449 1.723136 0.718863
v 0.707082 1.717040 0.653961
v 0.705840 1.817897 0.735254
v 0.707975 1.772053 0.699504
v 0.701028 1.668405 0.642057
v 0.687884 1.690729 0.631000
v 0.730397 1.641549 0.419017
v 0.715431 1.665988 0.496612
v 0.681339 1.674342 0.592915
v 0.693588 1.682794 0.560938
v 0.681986 1.713260 0.587311
v 0.687932 1.739991 0.627122
v 0.735002 1.638271 0.796004
v 0.711152 1.562001 0.674876
v 0.689830 1.636622 0.612332
v 0.704263 1.595763 0.640590
v 0.670741 1.643355 0.614039
v 0.637180 1.625894 0.615806
v 0.676189 1.643009 0.583911
v 0.639685 1.637398 0.592198
v 0.651513 1.664095 0.602399
v 0.641791 1.668571 0.638280
v 0.617805 1.638219 0.650212
v 0.659869 1.658893 0.640553
v 0.717410 1.549992 0.655142
v 0.715159 1.616683 0.514825
v 0.743861 1.545404 0.535438
v 0.716564 1.484366 0.654520
v 0.718817 1.509864 0.672513
v 0.712904 1.540454 0.668821
v 0.675938 1.529535 0.668016
v 0.663778 1.529641 0.723360
v 0.701036 1.542780 0.713082
v 0.685535 1.552976 0.705500
v 0.643318 1.556026 0.717224
v 0.671794 1.549083 0.685352
v 0.692027 1.544492 0.681533
v 0.694742 1.541686 0.667430
v 0.759063 1.515734 0.467731
v 0.742329 1.563664 0.369310
v 0.765185 1.474356 0.382653
v 0.734669 1.501828 0.561215
v 0.736877 1.595358 0.337376
v 0.765019 1.420455 0.382023
v 0.776869 1.445352 0.334551
v 0.753554 1.433700 0.443521
v 0.726914 1.438549 0.522317
v 0.714406 1.449302 0.553362
v 0.685872 1.463442 0.590539
v 0.712702 1.463970 0.599905
v 0.696996 1.476367 0.660651
v 0.682155 1.481550 0.665739
v 0.708538 1.471986 0.722890
v 0.680051 1.414486 0.267324
v 0.683936 1.447395 0.240739
v 0.699841 1.461447 0.228623
v 0.663227 1.437353 0.278707
v 0.696767 1.386320 0.279366
v 0.696005 1.417913 0.252552
v 0.734865 1.398671 0.255296
v 0.723186 1.382062 0.271879
v 0.762533 1.385550 0.286621
v 0.760958 1.376180 0.317916
v 0.774495 1.435541 0.274175
v 0.779582 1.396533 0.309508
v 0.754597 1.494761 0.304242
v 0.733882 1.510574 0.267594
v 0.739312 1.558283 0.264670
v 0.744925 1.572429 0.273121
v 0.722230 1.483199 0.234874
v 0.758853 1.422382 0.258669
v 0.584999 2.001693 1.697163
v 0.570193 1.967035 1.684856
v 0.571379 1.957577 1.735041
v 0.574882 1.954192 1.730293
v 0.582190 1.982577 1.702722
v 0.567686 1.977702 1.722606
v 0.552036 1.973093 1.709803
v 0.536537 1.986245 1.694164
v 0.563550 1.964161 1.695643
v 0.596622 1.955065 1.611490
v 0.577963 1.943045 1.639726
v 0.593006 1.915721 1.640454
v 0.579505 1.927090 1.639763
v 0.548500 1.944836 1.613711
v 0.563836 1.928940 1.626761
v 0.582076 1.917716 1.600912
v 0.585931 1.905183 1.651435
v 0.592366 1.934816 1.602970
v 0.609703 1.814373 1.413899
v 0.633540 1.862945 1.414803
v 0.610645 1.819265 1.395313
v 0.616395 1.794318 1.456713
v 0.620412 1.796525 1.460243
v 0.627135 1.837704 1.422080
v 0.604479 1.847198 1.450197
v 0.611513 1.828692 1.443972
v 0.589907 1.827267 1.426226
v 0.572502 1.846595 1.417899
v 0.634387 1.833684 1.369959
v 0.587002 1.799380 1.332555
v 0.620963 1.796696 1.355952
v 0.590620 1.976278 1.650724
v 0.626552 1.953075 1.569918
v 0.670560 1.956756 1.532452
v 0.682394 1.909833 1.445411
v 0.713273 1.894761 1.380965
v 0.645189 1.813799 1.327485
v 0.621713 1.783265 1.303756
v 0.657108 1.796600 1.272816
v 0.603558 1.768625 1.284726
v 0.624410 1.774551 1.287533
v 0.634556 1.747554 1.279637
v 0.616402 1.735887 1.276762
v 0.597941 1.745005 1.247167
v 0.570712 1.773777 1.232210
v 0.614950 1.716053 1.227386
v 0.590340 1.775436 1.197250
v 0.625960 1.789539 1.145114
v 0.629996 1.755499 1.174749
v 0.649250 1.763722 1.183189
v 0.671194 1.744240 1.231928
v 0.665756 1.781743 1.229756
v 0.653317 1.796551 1.177582
v 0.675027 1.801842 1.228643
v 0.657480 1.760242 1.268763
v 0.528959 1.788006 1.300629
v 0.470169 1.776509 1.246029
v 0.515761 1.780197 1.171158
v 0.647831 1.807420 1.125397
v 0.729834 1.836256 1.200713
v 0.743168 1.850309 1.259881
v 0.654942 1.726888 1.214280
v 0.670490 1.724130 1.235600
v 0.658360 1.713238 1.262511
v 0.641499 1.716063 1.207393
v 0.499842 1.819824 1.367857
v 0.506806 1.871157 1.469482
v 0.504880 1.917317 1.557886
v 0.560627 1.998116 1.724665
v 0.505612 2.064131 1.823108
v 0.514067 2.101685 1.883018
v 0.569555 2.078779 1.822328
v 0.584456 2.050067 1.754251
v 0.628858 1.758779 1.333089
v 0.644027 1.779091 1.341736
v 0.636620 1.739770 1.383889
v 0.638456 1.739935 1.364315
v 0.628763 1.772728 1.361106
v 0.607971 1.772692 1.345219
v 0.741408 1.376637 0.475473
v 0.750801 1.364728 0.521942
v 0.727735 1.400042 0.474756
v 0.713337 1.409800 0.455065
v 0.492944 1.669671 0.164665
v 0.481043 1.707030 0.203044
v 0.526895 1.659598 0.250616
v 0.566804 1.580940 0.202808
v 0.584291 1.604526 0.280041
v 0.596000 1.554058 0.244257
v 0.607699 1.527672 0.269734
v 0.616662 1.485441 0.301604
v 0.589722 1.578328 0.309969
v 0.607331 1.648013 0.289446
v 0.599303 1.616199 0.309002
v 0.585967 1.627950 0.284716
v 0.546687 1.695225 0.262954
v 0.688906 1.610212 0.266818
v 0.636710 1.640320 0.281026
v 0.428021 1.865784 0.142450
v 0.457871 1.853899 0.174885
v 0.422665 1.826093 0.185240
v 0.396894 1.822715 0.157443
v 0.469948 1.820928 0.196035
v 0.400456 1.773225 0.182085
v 0.428564 1.778876 0.195751
v 0.447326 1.716550 0.195381
v 0.454285 1.691312 0.120823
v 0.425817 1.716647 0.162090
v 0.498525 1.739693 0.215361
v 0.553441 1.726838 0.250599
v 0.595112 1.719720 0.248365
v 0.666492 1.640940 0.251866
v 0.680708 1.615841 0.215809
v 0.680929 1.502869 0.214568
v 0.573025 1.770409 0.183137
v 0.625226 1.723644 0.215615
v 0.654215 1.686501 0.176325
v 0.639698 1.659039 0.143591
v 0.654588 1.561908 0.180992
v 0.700163 1.578701 0.229871
v 0.646671 1.478995 0.242422
v 0.663547 1.486129 0.224239
v 0.645822 1.518074 0.201197
v 0.627747 1.628990 0.134769
v 0.590888 1.685409 0.110327
v 0.603060 1.733107 0.129243
v 0.567754 1.731209 0.096556
v 0.548871 1.816100 0.125031
v 0.519412 1.835725 0.173123
v 0.532287 1.770361 0.207591
v 0.510552 1.762682 0.214958
v 0.640906 1.457487 0.279329
v 0.623417 1.543899 0.187459
v 0.600678 1.606193 0.136849
v 0.559214 1.666992 0.109566
v 0.520035 1.683444 0.110669
v 0.533418 1.703572 0.096114
v 0.505613 1.758507 0.056501
v 0.527541 1.796213 0.067471
v 0.551461 1.801021 0.094934
v 0.527939 1.838935 0.094380
v 0.447267 1.866126 0.086977
v 0.477884 1.864822 0.148396
v 0.635942 1.474012 0.319327
v 0.563960 1.608569 0.140184
v 0.502471 1.675959 0.132045
v 0.496668 1.697762 0.097077
v 0.403305 1.783457 0.070734
v 0.419699 1.738709 0.087413
v 0.446006 1.756224 0.058383
v 0.464969 1.850680 0.058871
v 0.429128 1.813511 0.049453
v 0.484151 1.819376 0.048021
v 0.694872 1.605251 1.052342
v 0.672078 1.578414 1.108069
v 0.685086 1.622572 1.243997
v 0.670973 1.584116 1.208190
v 0.698636 1.574126 1.172257
v 0.700565 1.591714 1.109358
v 0.700542 1.629414 1.085612
v 0.692475 1.671728 1.047111
v 0.665256 1.572516 1.169638
v 0.647551 1.608002 1.049934
v 0.644884 1.615172 1.090595
v 0.664316 1.634299 1.110189
v 0.640608 1.659862 1.066557
v 0.676785 1.646760 1.089484
v 0.705036 1.605707 1.157355
v 0.699958 1.599131 1.205505
v 0.656401 1.635826 1.254769
v 0.688401 1.653204 1.238580
v 0.686530 1.658588 1.218424
v 0.667300 1.627501 1.168215
v 0.699059 1.615111 1.167951
v 0.650513 1.598139 1.174826
v 0.656416 1.659918 1.202987
v 0.667094 1.542517 0.663463
v 0.636632 1.530110 0.558659
v 0.657224 1.542106 0.757202
v 0.577507 1.659697 0.734791
v 0.638882 1.587737 0.667119
v 0.595140 1.649813 0.698785
v 0.600437 1.652428 0.661747
v 0.647162 1.581235 0.632425
v 0.627116 1.620110 0.568621
v 0.633234 1.502608 0.513038
v 0.659384 1.462410 0.507159
v 0.649096 1.443722 0.376504
v 0.608865 1.506838 0.337274
v 0.675796 1.419108 0.384768
v 0.588379 1.580063 0.427966
v 0.651733 1.425941 0.320494
v 0.706017 1.377141 0.297392
v 0.733465 1.389991 0.363032
v 0.683440 1.429393 0.458182
v 0.672741 1.506481 0.669459
v 0.746704 1.390023 0.473174
v 0.730828 1.407753 0.456799
v 0.748611 1.406350 0.386849
v 0.520237 1.870376 0.976539
v 0.531424 1.840881 1.034088
v 0.567615 1.801835 0.970226
v 0.539985 1.806338 1.037543
v 0.547135 1.739715 0.991588
v 0.552172 1.740128 0.942733
v 0.540559 1.776087 0.882402
v 0.532614 1.830552 0.884783
v 0.518229 1.875032 0.926805
v 0.545194 1.766523 1.064024
v 0.566715 1.721658 0.905857
v 0.529120 1.878565 0.867319
v 0.685726 1.474190 0.807287
v 0.391734 1.770583 0.114910
v 0.412784 1.837514 0.082826
v 0.742492 1.410343 0.469832
v -0.631209 1.648106 1.232400
v -0.615539 1.724969 1.258976
v -0.623512 1.670097 1.225425
v -0.649106 1.952011 1.099185
v -0.642745 1.976870 1.144862
v -0.577500 1.999191 1.040360
v -0.534123 2.068925 1.009791
v -0.481035 1.921612 1.115174
v -0.519784 1.938091 1.083349
v -0.469624 1.934182 1.152624
v -0.526407 2.077539 1.013966
v -0.523604 2.064328 1.262348
v -0.528395 2.077776 1.115361
v -0.575831 2.041743 1.243188
v -0.649094 1.984771 1.271284
v -0.557901 2.002723 1.033440
v -0.712594 1.944083 1.388518
v -0.657414 2.002015 1.451685
v -0.529276 2.068696 1.342200
v -0.571568 2.050267 1.336216
v -0.497407 2.028957 1.344866
v -0.445347 1.903758 1.302915
v -0.424235 1.863937 1.274756
v -0.407879 1.800198 1.220890
v -0.433324 1.856648 1.174496
v -0.461918 1.806479 1.172218
v -0.500503 1.849257 1.127695
v -0.522578 1.816409 1.135172
v -0.536529 1.808349 1.107045
v -0.502796 1.899304 1.094757
v -0.519491 1.888800 1.068229
v -0.545152 1.948043 1.060560
v -0.525231 1.914504 1.067294
v -0.563919 1.986407 1.029117
v -0.560160 1.975400 1.021848
v -0.583472 1.982025 1.019361
v -0.596861 1.949682 1.059296
v -0.631610 1.920477 1.055659
v -0.634567 1.936672 1.078563
v -0.589215 2.064526 1.519688
v -0.568350 2.073708 1.458533
v -0.420844 1.812797 1.274507
v -0.442531 1.828558 1.326565
v -0.446299 1.896551 1.392295
v -0.503455 2.066799 1.463621
v -0.481507 2.017934 1.479725
v -0.523743 2.090056 1.460739
v -0.549316 2.093492 1.536684
v -0.449142 1.857651 1.387016
v -0.457524 1.933494 1.463664
v -0.466277 1.934279 1.547301
v -0.457061 1.896721 1.469899
v -0.467678 1.982043 1.556305
v -0.469364 1.977386 1.629054
v -0.468986 2.041501 1.647690
v -0.500571 2.083229 1.546438
v -0.520789 2.100702 1.537564
v -0.544740 2.104609 1.616437
v -0.519400 2.113055 1.635605
v -0.547915 2.123492 1.728782
v -0.582958 2.103419 1.719250
v -0.574369 2.121265 1.802809
v -0.607450 2.074633 1.722005
v -0.629370 2.023891 1.633942
v -0.610297 2.059258 1.632848
v -0.643879 2.004224 1.577882
v -0.630581 2.025422 1.549549
v -0.685257 1.963114 1.470898
v -0.496334 2.089607 1.625839
v -0.464351 2.061842 1.726654
v -0.469366 2.088810 1.813343
v -0.466397 2.034332 1.728695
v -0.492082 2.107290 1.710735
v -0.514968 2.129038 1.729097
v -0.546697 2.136842 1.800563
v -0.512616 2.141684 1.828043
v -0.557338 2.133983 1.855309
v -0.525003 2.139320 1.875139
v -0.499169 2.134865 1.877506
v -0.534529 2.126121 1.878413
v -0.476625 2.113060 1.861079
v -0.483546 2.130058 1.862609
v -0.480205 2.113142 1.822906
v -0.650975 1.851335 1.107785
v -0.653140 1.895135 1.103487
v -0.664948 1.845658 1.129752
v -0.771663 1.896390 1.205865
v -0.721429 1.921699 1.148770
v -0.733911 1.878358 1.169022
v -0.716914 1.939832 1.177366
v -0.706390 1.944682 1.252944
v -0.766101 1.905974 1.248158
v -0.731436 1.923817 1.348160
v -0.582143 1.884318 1.514068
v -0.602841 1.929491 1.515837
v -0.583519 1.887169 1.498137
v -0.591524 1.867508 1.554985
v -0.598825 1.906536 1.520960
v -0.576531 1.918242 1.554061
v -0.584663 1.898566 1.543568
v -0.561164 1.899310 1.524098
v -0.548532 1.911836 1.512501
v -0.587380 1.872388 1.557683
v -0.604349 1.705817 1.037201
v -0.573830 1.807029 1.122543
v -0.635899 1.715042 1.045392
v -0.618114 1.805488 1.115998
v -0.593890 1.705766 0.966368
v -0.589144 1.699877 0.872569
v -0.607171 1.662733 1.011554
v -0.564802 1.731419 0.810371
v -0.550544 1.731380 0.766837
v -0.565493 1.674403 0.784380
v -0.650681 1.572580 0.815946
v -0.640925 1.615230 0.870393
v -0.619164 1.642116 0.953487
v -0.637306 1.633108 0.997291
v -0.549664 1.778284 0.829656
v -0.531804 1.909037 0.807746
v -0.562826 2.023978 0.991025
v -0.531064 1.995397 0.995007
v -0.513717 1.946330 1.009019
v -0.519150 1.976737 0.957880
v -0.525733 1.974262 0.910388
v -0.505373 1.908641 0.991615
v -0.517132 1.924246 0.889951
v -0.573978 1.949680 0.865418
v -0.534015 1.937525 0.880169
v -0.559476 1.940180 0.836963
v -0.563784 1.947832 0.819364
v -0.530944 1.956179 0.794797
v -0.561020 1.976779 0.801871
v -0.525413 1.937893 0.733688
v -0.525801 1.864003 0.686995
v -0.552928 1.850383 0.643347
v -0.583505 1.730463 0.676511
v -0.564556 1.816411 0.615619
v -0.590460 1.687616 0.640429
v -0.573525 1.730181 0.612646
v -0.598306 1.682472 0.605564
v -0.581222 1.724996 0.583680
v -0.576926 1.760056 0.572405
v -0.582993 1.716874 0.522405
v -0.552174 2.015000 0.936387
v -0.555035 1.983953 0.885652
v -0.537508 1.939293 0.715891
v -0.560910 1.947928 0.704036
v -0.518421 1.994299 0.731068
v -0.514375 2.004045 0.749610
v -0.519379 1.988411 0.775393
v -0.540099 2.015302 0.778077
v -0.541058 2.030998 0.757438
v -0.521576 2.020237 0.756546
v -0.540319 2.008352 0.714007
v -0.659497 1.676491 0.313717
v -0.615925 1.678197 0.313136
v -0.607319 1.656564 0.305028
v -0.673492 1.634912 0.290117
v -0.593781 1.668519 0.318441
v -0.570345 1.602194 0.334537
v -0.606908 1.713632 0.416117
v -0.582907 1.663622 0.373720
v -0.577927 1.680535 0.456668
v -0.622661 1.744069 0.476613
v -0.591704 1.713945 0.465391
v -0.596936 1.752847 0.520098
v -0.588441 1.786869 0.562326
v -0.560997 1.803264 0.576783
v -0.604670 1.843037 0.595618
v -0.569402 1.825097 0.592928
v -0.592027 1.829054 0.564728
v -0.571187 1.847513 0.614265
v -0.559164 1.883885 0.646081
v -0.655659 1.703083 0.376864
v -0.707748 1.582426 0.257057
v -0.698970 1.639847 0.308521
v -0.683134 1.702836 0.410910
v -0.667274 1.742452 0.505680
v -0.658054 1.770802 0.564643
v -0.613317 1.791448 0.548422
v -0.643408 1.826320 0.582157
v -0.638396 1.833221 0.608893
v -0.619671 1.833222 0.568670
v -0.584854 1.881958 0.632316
v -0.647990 1.897866 0.683187
v -0.623439 1.876705 0.636079
v -0.601914 1.949334 0.720912
v -0.582782 1.953729 0.710870
v -0.574428 2.018705 0.758230
v -0.557380 2.025428 0.764167
v -0.578573 2.000572 0.727032
v -0.605378 1.952355 0.754525
v -0.613731 1.940328 0.792284
v -0.672941 1.872040 0.787822
v -0.561817 2.016053 0.719201
v -0.611943 1.939621 0.806136
v -0.617491 1.950865 0.886242
v -0.657536 1.909737 0.935127
v -0.685078 1.825330 0.834728
v -0.673332 1.817705 1.000477
v -0.693057 1.737479 0.873206
v -0.666207 1.718863 1.030841
v -0.691062 1.708491 0.949074
v -0.682872 1.649659 0.983512
v -0.691475 1.638533 0.871364
v -0.672072 1.631001 0.907609
v -0.650217 1.802309 1.063564
v -0.643162 1.912527 1.010964
v -0.612545 1.964494 0.990850
v -0.602485 1.986744 0.907937
v -0.592833 2.014594 0.972964
v -0.554254 2.005386 0.904695
v -0.583654 2.007013 1.003388
v -0.589937 1.960141 1.039925
v -0.663462 1.601342 0.851067
v -0.688229 1.580716 0.819541
v -0.712795 1.591243 0.805007
v -0.702222 1.568756 0.817115
v -0.714506 1.554320 0.813029
v -0.713846 1.528042 0.805257
v -0.684894 1.547950 0.828831
v -0.659955 1.538461 0.825717
v -0.660113 1.518388 0.811881
v -0.716463 1.490112 0.795078
v -0.677968 1.493549 0.812704
v -0.684018 1.480116 0.784115
v -0.709789 1.498059 0.721403
v -0.716711 1.484924 0.769120
v -0.717869 1.561993 0.721846
v -0.722117 1.539193 0.769568
v -0.713000 1.588397 0.702052
v -0.710468 1.683820 0.704371
v -0.663763 1.554860 0.826949
v -0.717842 1.724507 0.738678
v -0.722530 1.732013 0.776670
v -0.695299 1.768258 0.770265
v -0.699369 1.740299 0.717915
v -0.695003 1.734203 0.653013
v -0.693761 1.835060 0.734306
v -0.695896 1.789217 0.698557
v -0.688949 1.685568 0.641109
v -0.675805 1.707893 0.630052
v -0.718318 1.658713 0.418069
v -0.703351 1.683152 0.495665
v -0.669259 1.691505 0.591967
v -0.681508 1.699957 0.559990
v -0.669907 1.730424 0.586363
v -0.675852 1.757154 0.626174
v -0.722922 1.655434 0.795056
v -0.699073 1.579164 0.673928
v -0.677751 1.653785 0.611384
v -0.692184 1.612926 0.639642
v -0.658662 1.660518 0.613091
v -0.625100 1.643058 0.614857
v -0.664110 1.660172 0.582963
v -0.627606 1.654561 0.591250
v -0.639434 1.681258 0.601451
v -0.629712 1.685734 0.637332
v -0.605726 1.655383 0.649264
v -0.647789 1.676056 0.639605
v -0.705331 1.567155 0.654194
v -0.703079 1.633846 0.513878
v -0.731782 1.562568 0.534491
v -0.704484 1.501529 0.653572
v -0.706738 1.527028 0.671564
v -0.700824 1.557618 0.667872
v -0.663859 1.546698 0.667068
v -0.651699 1.546804 0.722412
v -0.688957 1.559943 0.712134
v -0.673456 1.570139 0.704552
v -0.631239 1.573189 0.716276
v -0.659715 1.566247 0.684404
v -0.679948 1.561656 0.680585
v -0.682663 1.558849 0.666481
v -0.746984 1.532897 0.466783
v -0.730250 1.580826 0.368361
v -0.753105 1.491520 0.381706
v -0.722590 1.518991 0.560266
v -0.724798 1.612522 0.336427
v -0.752940 1.437619 0.381075
v -0.764790 1.462515 0.333603
v -0.741475 1.450863 0.442573
v -0.714834 1.455712 0.521369
v -0.702326 1.466465 0.552414
v -0.673793 1.480605 0.589590
v -0.700623 1.481134 0.598957
v -0.684916 1.493531 0.659703
v -0.670075 1.498713 0.664791
v -0.696459 1.489149 0.721942
v -0.667971 1.431649 0.266375
v -0.671857 1.464558 0.239791
v -0.687762 1.478610 0.227675
v -0.651148 1.454516 0.277758
v -0.684687 1.403483 0.278417
v -0.683926 1.435077 0.251604
v -0.722786 1.415834 0.254348
v -0.711106 1.399225 0.270931
v -0.750454 1.402714 0.285673
v -0.748879 1.393343 0.316968
v -0.762416 1.452704 0.273227
v -0.767503 1.413696 0.308560
v -0.742518 1.511925 0.303294
v -0.721803 1.527737 0.266646
v -0.727233 1.575446 0.263722
v -0.732846 1.589592 0.272173
v -0.710151 1.500363 0.233926
v -0.746773 1.439546 0.257721
v -0.572919 2.018857 1.696215
v -0.558113 1.984198 1.683908
v -0.559300 1.974741 1.734093
v -0.562802 1.971356 1.729345
v -0.570110 1.999740 1.701774
v -0.555607 1.994865 1.721657
v -0.539957 1.990257 1.708855
v -0.524458 2.003408 1.693215
v -0.551471 1.981325 1.694695
v -0.584542 1.972228 1.610541
v -0.565884 1.960208 1.638777
v -0.580927 1.932884 1.639506
v -0.567425 1.944253 1.638815
v -0.536421 1.961999 1.612762
v -0.551756 1.946103 1.625813
v -0.569996 1.934879 1.599964
v -0.573851 1.922346 1.650487
v -0.580286 1.951979 1.602021
v -0.597623 1.831537 1.412951
v -0.621461 1.880108 1.413855
v -0.598566 1.836428 1.394365
v -0.604316 1.811481 1.455765
v -0.608333 1.813688 1.459295
v -0.615055 1.854868 1.421132
v -0.592400 1.864361 1.449249
v -0.599433 1.845856 1.443023
v -0.577828 1.844431 1.425278
v -0.560422 1.863758 1.416951
v -0.622308 1.850847 1.369011
v -0.574923 1.816543 1.331607
v -0.608884 1.813859 1.355004
v -0.578540 1.993441 1.649776
v -0.614473 1.970238 1.568970
v -0.658480 1.973919 1.531504
v -0.670314 1.926997 1.444463
v -0.701193 1.911925 1.380017
v -0.633109 1.830962 1.326537
v -0.609633 1.800428 1.302808
v -0.645028 1.813763 1.271868
v -0.581828 1.790288 1.285334
v -0.612330 1.791714 1.286585
v -0.622476 1.764717 1.278689
v -0.604323 1.753050 1.275814
v -0.597141 1.776990 1.281680
v -0.585862 1.762168 1.246219
v -0.558632 1.790941 1.231261
v -0.602871 1.733216 1.226438
v -0.578261 1.792600 1.196302
v -0.613881 1.806702 1.144166
v -0.617916 1.772662 1.173801
v -0.637170 1.780885 1.182241
v -0.659115 1.761404 1.230979
v -0.653676 1.798907 1.228807
v -0.641237 1.813715 1.176634
v -0.662947 1.819005 1.227695
v -0.645401 1.777405 1.267815
v -0.516879 1.805169 1.299681
v -0.458090 1.793672 1.245081
v -0.503682 1.797360 1.170210
v -0.635752 1.824583 1.124449
v -0.717755 1.853419 1.199765
v -0.731088 1.867472 1.258933
v -0.642862 1.744051 1.213332
v -0.658410 1.741294 1.234652
v -0.646281 1.730401 1.261563
v -0.629419 1.733226 1.206444
v -0.487762 1.836987 1.366909
v -0.494726 1.888320 1.468534
v -0.492800 1.934480 1.556938
v -0.548547 2.015279 1.723717
v -0.493532 2.081294 1.822160
v -0.501988 2.118848 1.882070
v -0.557475 2.095943 1.821380
v -0.572376 2.067230 1.753302
v -0.616779 1.775943 1.332141
v -0.631947 1.796254 1.340788
v -0.624541 1.756933 1.382941
v -0.626377 1.757098 1.363366
v -0.616684 1.789891 1.360158
v -0.595891 1.789855 1.344271
v -0.729329 1.393800 0.474525
v -0.738721 1.381891 0.520995
v -0.715656 1.417206 0.473808
v -0.701258 1.426963 0.454117
v -0.480865 1.686835 0.163717
v -0.468964 1.724194 0.202096
v -0.514816 1.676762 0.249668
v -0.554725 1.598103 0.201860
v -0.572212 1.621690 0.279093
v -0.583921 1.571221 0.243309
v -0.595620 1.544835 0.268786
v -0.604583 1.502604 0.300656
v -0.577642 1.595491 0.309021
v -0.595252 1.665177 0.288498
v -0.587224 1.633363 0.308054
v -0.573888 1.645114 0.283767
v -0.534608 1.712389 0.262006
v -0.676827 1.627375 0.265870
v -0.624630 1.657483 0.280078
v -0.415942 1.882948 0.141502
v -0.445792 1.871063 0.173936
v -0.410585 1.843257 0.184292
v -0.384815 1.839878 0.156495
v -0.457869 1.838091 0.195087
v -0.388376 1.790388 0.181137
v -0.416484 1.796039 0.194803
v -0.435246 1.733713 0.194433
v -0.442206 1.708476 0.119875
v -0.413738 1.733810 0.161142
v -0.486445 1.756857 0.214413
v -0.541361 1.744001 0.249650
v -0.583033 1.736883 0.247417
v -0.654413 1.658103 0.250918
v -0.668628 1.633005 0.214861
v -0.668850 1.520033 0.213620
v -0.560946 1.787572 0.182188
v -0.613147 1.740807 0.214667
v -0.642136 1.703664 0.175377
v -0.627619 1.676202 0.142643
v -0.642509 1.579071 0.180044
v -0.688083 1.595865 0.228923
v -0.634592 1.496158 0.241474
v -0.651467 1.503293 0.223291
v -0.633743 1.535237 0.200249
v -0.615668 1.646153 0.133821
v -0.578809 1.702573 0.109379
v -0.590982 1.750269 0.128295
v -0.555674 1.748372 0.095607
v -0.536792 1.833263 0.124083
v -0.507333 1.852888 0.172174
v -0.520207 1.787524 0.206643
v -0.498473 1.779845 0.214010
v -0.628827 1.474650 0.278381
v -0.611338 1.561062 0.186510
v -0.588599 1.623356 0.135901
v -0.547135 1.684155 0.108618
v -0.507956 1.700607 0.109721
v -0.521339 1.720735 0.095166
v -0.493534 1.775670 0.055553
v -0.515462 1.813376 0.066523
v -0.539382 1.818184 0.093986
v -0.515860 1.856098 0.093432
v -0.435188 1.883289 0.086029
v -0.465804 1.881986 0.147448
v -0.623863 1.491175 0.318379
v -0.551881 1.625732 0.139236
v -0.490392 1.693122 0.131097
v -0.484589 1.714926 0.096129
v -0.391226 1.800620 0.069785
v -0.407620 1.755873 0.086464
v -0.433927 1.773387 0.057435
v -0.452889 1.867843 0.057923
v -0.417049 1.830675 0.048505
v -0.472071 1.836540 0.047073
v -0.682792 1.622415 1.051394
v -0.659999 1.595577 1.107120
v -0.673006 1.639735 1.243049
v -0.658893 1.601279 1.207242
v -0.686556 1.591290 1.171309
v -0.688485 1.608877 1.108410
v -0.688463 1.646578 1.084664
v -0.680396 1.688891 1.046162
v -0.653177 1.589679 1.168690
v -0.635471 1.625165 1.048986
v -0.632804 1.632335 1.089647
v -0.652236 1.651462 1.109241
v -0.628528 1.677025 1.065609
v -0.664705 1.663924 1.088536
v -0.692956 1.622870 1.156407
v -0.687879 1.616295 1.204557
v -0.644322 1.652989 1.253821
v -0.676322 1.670367 1.237631
v -0.674451 1.675752 1.217476
v -0.655220 1.644665 1.167267
v -0.686980 1.632274 1.167003
v -0.638434 1.615303 1.173879
v -0.644337 1.677081 1.202039
v -0.655015 1.559680 0.662515
v -0.624553 1.547273 0.557711
v -0.645144 1.559269 0.756253
v -0.565428 1.676860 0.733843
v -0.626802 1.604900 0.666171
v -0.583060 1.666977 0.697837
v -0.588358 1.669591 0.660798
v -0.635082 1.598399 0.631477
v -0.615036 1.637273 0.567673
v -0.621155 1.519771 0.512089
v -0.647305 1.479573 0.506210
v -0.637017 1.460885 0.375555
v -0.596786 1.524001 0.336326
v -0.663717 1.436272 0.383820
v -0.576300 1.597226 0.427018
v -0.639654 1.443105 0.319546
v -0.693938 1.394305 0.296444
v -0.721386 1.407154 0.362084
v -0.671360 1.446557 0.457234
v -0.660662 1.523645 0.668511
v -0.734624 1.407186 0.472226
v -0.718748 1.424916 0.455851
v -0.736532 1.423513 0.385901
v -0.508158 1.887539 0.975592
v -0.519345 1.858045 1.033140
v -0.555535 1.818998 0.969278
v -0.527906 1.823501 1.036595
v -0.535056 1.756878 0.990640
v -0.540093 1.757291 0.941785
v -0.528480 1.793250 0.881454
v -0.520534 1.847715 0.883835
v -0.506150 1.892196 0.925857
v -0.533114 1.783686 1.063076
v -0.554636 1.738822 0.904909
v -0.517040 1.895728 0.866371
v -0.673646 1.491353 0.806339
v -0.379655 1.787747 0.113962
v -0.400705 1.854677 0.081878
v -0.730413 1.427506 0.468884
v -0.070935 1.405000 1.050460
v -0.004988 1.442701 1.096315
v -0.103972 1.436012 1.043019
v -0.111424 1.427112 1.021719
v -0.098074 1.464612 0.992819
v -0.118974 1.513436 0.917000
v -0.128774 1.495336 0.883700
v -0.147976 1.607714 0.870157
v -0.106381 1.612080 0.915400
v -0.099851 1.657799 0.950581
v -0.088873 1.581138 0.970944
v -0.085675 1.541710 1.050931
v -0.069174 1.517465 1.081751
v -0.089474 1.536612 1.116619
v -0.054351 1.449412 1.079919
v -0.110474 1.706336 0.958800
v -0.159574 1.750436 0.921900
v -0.143674 1.742836 0.973300
v -0.151274 1.758236 1.009200
v -0.118874 1.724236 1.011700
v -0.085374 1.661236 0.991400
v -0.169074 1.777236 0.907500
v -0.057874 1.658836 1.138000
v -0.077074 1.677136 1.099300
v -0.047074 1.649136 1.099300
v -0.063874 1.633536 1.079500
v -0.065774 1.666736 1.070700
v -0.089974 1.680136 1.059400
v -0.063674 1.632536 1.038300
v -0.092774 1.648336 1.023200
v -0.100874 1.722336 1.063100
v -0.106174 1.748336 1.067300
v -0.151074 1.797136 1.017200
v -0.162474 1.817636 0.885900
v -0.165074 1.820436 1.026400
v -0.105174 1.778036 1.111900
v -0.115074 1.781036 1.077200
v -0.083374 1.750436 1.112400
v -0.081874 1.725236 1.113000
v -0.059874 1.715936 1.146900
v -0.033774 1.662736 1.141300
v -0.041774 1.607136 1.113400
v -0.055474 1.742636 1.167600
v -0.033174 1.661836 1.170800
v -0.023174 1.634436 1.155500
v -0.005974 1.660036 1.164300
v -0.005974 1.715936 1.176500
v -0.005974 1.734736 1.184500
v -0.067774 1.853236 1.096800
v -0.118074 1.923136 1.006200
v -0.192274 1.847936 0.917900
v -0.208674 1.867736 0.806400
v -0.177974 1.777036 0.806700
v -0.170674 1.741436 0.897900
v -0.212974 1.867736 0.681500
v -0.180974 1.569936 0.806600
v -0.178974 1.664236 0.795100
v -0.121674 1.931436 0.546900
v -0.161374 1.967336 0.655600
v -0.152474 1.974436 0.786700
v -0.135774 1.967736 0.898400
v -0.192674 1.585136 0.750200
v -0.155774 1.533936 0.755100
v -0.164274 1.695936 0.747700
v -0.164074 1.763836 0.670300
v -0.175874 1.857136 0.562000
v -0.005974 1.824436 0.460400
v -0.005974 1.946336 0.498300
v -0.005974 2.017136 0.595700
v -0.005974 2.032736 0.735700
v -0.005974 2.024336 0.850400
v -0.005974 1.990636 0.970000
v -0.005974 1.908936 1.082400
v -0.156074 1.697036 0.646000
v -0.058011 1.469752 0.776400
v -0.117474 1.588136 0.700000
v -0.151174 1.572636 0.567400
v -0.171974 1.684636 0.527500
v -0.110174 1.774236 0.520400
v -0.005974 1.785036 0.465100
v -0.005974 1.467625 0.688200
v -0.005974 1.449336 0.612700
v -0.005974 1.411136 0.464200
v -0.162574 1.509636 0.408900
v -0.173974 1.668536 0.361700
v -0.092574 1.732136 0.345500
v -0.005974 1.796336 0.318300
v -0.005974 1.450758 0.776400
v 0.048026 1.715936 1.146900
v 0.021226 1.661836 1.170800
v 0.021826 1.662736 1.141300
v 0.011226 1.634436 1.155500
v 0.043526 1.742636 1.167600
v 0.055826 1.853236 1.096800
v 0.093326 1.778036 1.111900
v 0.106126 1.923136 1.006200
v 0.153126 1.820436 1.026400
v 0.180326 1.847936 0.917900
v 0.150526 1.817636 0.885900
v 0.196726 1.867736 0.806400
v 0.157226 1.777236 0.907500
v 0.166026 1.777036 0.806700
v 0.147626 1.750436 0.921900
v 0.158826 1.741436 0.897900
v 0.136024 1.607714 0.870157
v 0.169026 1.569936 0.806600
v 0.167126 1.664236 0.795100
v 0.123826 1.967736 0.898400
v 0.140626 1.974436 0.786700
v 0.098526 1.706336 0.958800
v 0.131826 1.742836 0.973300
v 0.087906 1.657799 0.950581
v 0.139426 1.758236 1.009200
v 0.107026 1.724236 1.011700
v 0.073426 1.661236 0.991400
v 0.201026 1.867736 0.681500
v 0.149526 1.967336 0.655600
v 0.109826 1.931436 0.546900
v 0.143926 1.533936 0.755100
v 0.180726 1.585136 0.750200
v 0.152326 1.695936 0.747700
v 0.152126 1.763836 0.670300
v 0.163926 1.857136 0.562000
v 0.160126 1.684636 0.527500
v 0.150626 1.509636 0.408900
v 0.162126 1.668536 0.361700
v 0.098326 1.774236 0.520400
v 0.080626 1.732136 0.345500
v 0.139226 1.572636 0.567400
v 0.144126 1.697036 0.646000
v 0.105526 1.588136 0.700000
v 0.046063 1.469752 0.776400
v 0.116926 1.495336 0.883700
v -0.005924 1.406172 0.883700
v 0.099476 1.427112 1.021719
v 0.086226 1.455036 1.016800
v 0.092024 1.436012 1.043019
v 0.107126 1.513436 0.917000
v 0.072668 1.401460 1.040749
v 0.094433 1.612080 0.915400
v 0.077027 1.581138 0.970944
v 0.073725 1.541710 1.050931
v 0.057226 1.517465 1.081751
v 0.077626 1.536612 1.116619
v 0.042403 1.449412 1.079919
v -0.005974 1.503553 1.110506
v 0.031226 1.521136 1.076200
v 0.048926 1.563216 0.988900
v -0.005974 1.619836 1.011300
v -0.005974 1.555436 1.094900
v -0.005974 1.525880 1.129107
v -0.043074 1.521136 1.076200
v -0.060774 1.563216 0.988900
v -0.005974 1.507936 1.068100
v -0.005974 1.674036 0.909100
v -0.005974 1.704236 0.917900
v -0.005974 1.674736 1.095200
v 0.080826 1.648336 1.023200
v 0.051726 1.632536 1.038300
v 0.053826 1.666736 1.070700
v 0.035126 1.649136 1.099300
v 0.051926 1.633536 1.079500
v 0.029826 1.607136 1.113400
v 0.139226 1.797136 1.017200
v 0.094226 1.748336 1.067300
v 0.103126 1.781036 1.077200
v 0.071426 1.750436 1.112400
v 0.088926 1.722336 1.063100
v 0.070026 1.725236 1.113000
v 0.078026 1.680136 1.059400
v 0.065126 1.677136 1.099300
v 0.045926 1.658836 1.138000
v -0.005974 1.582036 0.288400
v -0.067143 1.399854 0.966055
v 0.055295 1.399854 0.966055
v -0.005924 1.385654 0.966055
v 0.000867 1.380009 1.037266
v -0.002554 1.409176 1.084312
v -0.005974 1.473291 1.091556
vn -0.0885 -0.9243 0.3712
vn 0.6881 -0.0648 -0.7227
vn 0.8767 -0.4724 0.0911
vn 0.8478 0.1159 -0.5175
vn -0.8219 0.1367 -0.5530
vn -0.1747 -0.8888 -0.4237
vn -0.0930 -0.7293 -0.6778
vn 0.8589 -0.5116 0.0230
vn 0.7201 -0.6238 -0.3040
vn -0.0990 0.0435 -0.9941
vn 0.0247 -0.8651 -0.5011
vn 0.0630 -0.9610 0.2692
vn 0.9511 0.0903 -0.2954
vn 0.6156 0.5330 -0.5804
vn 0.7355 0.3602 -0.5738
vn -0.0000 -0.3284 -0.9445
vn 0.1176 0.4119 -0.9036
vn 0.6888 -0.1564 -0.7078
vn 0.6554 -0.5100 -0.5572
vn 0.9156 0.0906 -0.3917
vn 0.7982 -0.6009 0.0417
vn 0.8649 0.0613 0.4982
vn 0.9949 0.0197 0.0987
vn 0.9698 -0.0162 -0.2435
vn 0.7295 0.0828 -0.6789
vn 0.6865 0.3734 -0.6240
vn 0.4633 0.0039 -0.8862
vn 0.6307 0.4054 -0.6617
vn 0.8427 0.3922 -0.3689
vn 0.8103 -0.1953 -0.5526
vn 0.6941 0.3498 -0.6292
vn 0.7349 0.0793 -0.6735
vn 0.7440 0.3048 -0.5946
vn 0.8123 -0.4743 -0.3396
vn 0.9821 -0.1061 0.1558
vn 0.5077 -0.6877 -0.5190
vn -0.6893 -0.1562 -0.7075
vn -0.1176 0.4119 -0.9036
vn -0.0001 0.1237 -0.9923
vn 0.1806 0.4583 -0.8703
vn 0.6934 0.2316 -0.6823
vn 0.5401 0.6387 -0.5480
vn 0.6765 0.4376 -0.5923
vn 0.6989 0.4942 -0.5170
vn 0.6992 0.3812 -0.6049
vn -0.1803 0.4589 -0.8700
vn -0.9157 0.0909 -0.3915
vn -0.9699 -0.0160 -0.2431
vn 0.2362 0.5797 -0.7798
vn -0.0001 0.0841 -0.9965
vn -0.0001 0.1212 -0.9926
vn -0.6928 0.2323 -0.6827
vn -0.5399 0.6390 -0.5479
vn -0.6767 0.4373 -0.5923
vn -0.7442 0.3051 -0.5942
vn -0.2363 0.5796 -0.7799
vn -0.7350 0.0791 -0.6734
vn -0.6943 0.3496 -0.6290
vn -0.9511 0.0910 -0.2952
vn -0.7351 0.3607 -0.5741
vn -0.6160 0.5326 -0.5803
vn 0.3255 0.7267 -0.6049
vn -0.3252 0.7271 -0.6047
vn -0.6983 0.4952 -0.5169
vn -0.6992 0.3810 -0.6049
vn -0.6308 0.4051 -0.6618
vn -0.8102 -0.1955 -0.5526
vn -0.8426 0.3922 -0.3690
vn -0.4631 0.0040 -0.8863
vn -0.6864 0.3732 -0.6242
vn -0.7299 0.0820 -0.6786
vn -0.9949 0.0201 0.0985
vn -0.8646 0.0616 0.4986
vn -0.7982 -0.6009 0.0422
vn -0.6554 -0.5100 -0.5572
vn -0.5074 -0.6875 -0.5196
vn -0.8123 -0.4742 -0.3396
vn -0.9820 -0.1062 0.1561
vn -0.0463 -0.7478 0.6623
vn 0.7601 -0.2866 -0.5832
vn 0.0709 -0.9464 -0.3152
vn 0.2716 -0.9429 0.1929
vn 0.7316 0.1899 0.6548
vn 0.9286 0.2818 0.2413
vn 0.9959 -0.0507 0.0748
vn 0.8307 -0.5364 -0.1494
vn 0.9049 -0.4236 0.0419
vn 0.8619 -0.4519 0.2299
vn 0.9399 0.2906 0.1791
vn 0.8336 -0.0870 0.5455
vn 0.8446 -0.5201 0.1273
vn 0.8485 -0.4711 -0.2412
vn 0.9689 -0.2218 -0.1101
vn 0.7564 -0.6528 -0.0420
vn 0.7401 -0.2980 -0.6028
vn 0.7354 -0.4790 -0.4794
vn 0.2193 -0.8856 0.4095
vn 0.4764 -0.8691 -0.1333
vn 0.0313 -0.9928 0.1156
vn 0.7646 -0.5879 -0.2642
vn 0.8826 -0.4673 0.0506
vn 0.8346 -0.3944 0.3847
vn 0.6711 -0.1675 0.7222
vn 0.0766 -0.2159 0.9734
vn -0.5283 -0.1787 0.8300
vn 0.5200 0.8008 0.2971
vn -0.5563 0.7681 0.3172
vn -0.1555 -0.9761 -0.1515
vn 0.1524 -0.6275 -0.7636
vn -0.7201 -0.6235 -0.3043
vn 0.1745 -0.8886 -0.4242
vn 0.4029 -0.6336 -0.6605
vn 0.4114 -0.8351 -0.3653
vn 0.5897 -0.8072 -0.0253
vn 0.6050 -0.7458 0.2788
vn 0.6857 -0.5321 0.4967
vn -0.0017 -0.8087 0.5882
vn -0.5848 -0.7970 0.1511
vn 0.5359 -0.7758 0.3330
vn -0.6080 0.2869 0.7403
vn 0.4351 0.3817 0.8155
vn -0.7016 0.7091 -0.0699
vn 0.1413 0.9889 -0.0450
vn 0.6581 0.7204 0.2189
vn 0.3088 0.2105 0.9276
vn -0.8591 -0.5113 0.0230
vn -0.7646 -0.5878 -0.2642
vn -0.9689 -0.2218 -0.1101
vn -0.4020 -0.6342 -0.6605
vn -0.1669 -0.6237 -0.7637
vn -0.4115 -0.8350 -0.3652
vn -0.0098 -0.5600 -0.8284
vn -0.0000 -0.8948 -0.4465
vn -0.0001 -0.9983 -0.0581
vn 0.3688 -0.8430 0.3916
vn -0.0000 -0.9004 0.4351
vn -0.0127 -0.3723 0.9280
vn 0.0286 -0.8016 0.5971
vn -0.3689 -0.8430 0.3915
vn 0.1807 -0.6439 -0.7435
vn -0.5897 -0.8072 -0.0253
vn -0.8826 -0.4674 0.0506
vn -0.9959 -0.0505 0.0747
vn -0.9049 -0.4235 0.0419
vn -0.8618 -0.4521 0.2301
vn -0.2717 -0.9429 0.1928
vn -0.8306 -0.5364 -0.1493
vn -0.7561 -0.6531 -0.0423
vn -0.7400 -0.2982 -0.6029
vn -0.7353 -0.4790 -0.4794
vn -0.6050 -0.7458 0.2788
vn -0.8345 -0.3945 0.3846
vn -0.9285 0.2820 0.2416
vn -0.7316 0.1899 0.6548
vn -0.2187 -0.8855 0.4100
vn -0.4758 -0.8694 -0.1336
vn -0.0308 -0.9928 0.1156
vn -0.8445 -0.5202 0.1274
vn -0.7603 -0.2860 -0.5832
vn 0.0467 -0.7479 0.6622
vn -0.0717 -0.9463 -0.3152
vn -0.9399 0.2906 0.1791
vn -0.8336 -0.0871 0.5455
vn -0.8484 -0.4712 -0.2411
vn -0.0003 -0.7079 0.7063
vn -0.1201 -0.0426 0.9918
vn -0.0471 -0.7316 0.6802
vn 0.8386 -0.5437 -0.0339
vn 0.0581 -0.7649 0.6415
vn -0.1143 -0.9824 0.1475
vn 0.0482 -0.7316 0.6801
vn 0.1209 -0.0426 0.9918
vn 0.0227 -0.9791 0.2021
vn 0.0109 -0.9999 -0.0122
vn 0.9668 -0.1028 -0.2338
vn 0.8077 -0.0529 0.5872
vn 0.8314 0.5234 0.1869
vn 0.4089 0.5083 0.7579
vn -0.1021 0.4918 0.8647
vn 0.9376 0.3360 0.0890
vn 0.9107 0.2460 0.3319
vn 0.6941 0.3631 0.6216
vn 0.7688 0.3040 -0.5626
vn 0.8100 0.4525 -0.3729
vn 0.5256 0.5739 0.6279
vn 0.2842 0.3722 0.8836
vn 0.3963 -0.2955 0.8693
vn 0.8474 0.1081 0.5198
vn -0.3864 0.0640 0.9201
vn -0.7723 -0.5917 0.2312
vn -0.9170 -0.1316 0.3765
vn -0.2741 -0.5547 0.7856
vn -0.0945 -0.6248 0.7751
vn 0.0439 -0.6297 0.7756
vn 0.5156 -0.4724 0.7148
vn -0.0000 -0.4877 0.8730
vn -0.0000 0.6727 0.7399
vn 0.2227 0.9642 -0.1443
vn 0.4410 0.8839 -0.1554
vn 0.4590 0.7793 0.4267
vn 0.4636 0.8005 0.3798
vn -0.0000 0.9443 0.3290
vn -0.5255 0.5740 0.6280
vn -0.5153 -0.4740 0.7140
vn -0.0442 -0.6298 0.7755
vn -0.2839 0.3718 0.8838
vn 0.0937 -0.6247 0.7752
vn -0.4093 0.5082 0.7578
vn 0.2753 -0.5551 0.7850
vn 0.9170 -0.1318 0.3765
vn 0.5918 0.7984 -0.1114
vn 0.7712 0.6363 0.0213
vn -0.0000 0.9724 0.2334
vn -0.4589 0.7793 0.4267
vn -0.4638 0.8004 0.3798
vn -0.0001 0.8962 0.4436
vn -0.0000 0.9757 0.2191
vn 0.9193 0.2012 -0.3384
vn 0.2927 0.8301 -0.4746
vn 0.5776 0.8163 -0.0051
vn 0.7576 0.6260 -0.1847
vn 0.5425 0.8013 -0.2524
vn 0.3815 0.9244 0.0072
vn 0.2699 0.7844 -0.5585
vn -0.4409 0.8840 -0.1553
vn -0.5917 0.7985 -0.1111
vn -0.7713 0.6361 0.0213
vn -0.2953 0.8202 -0.4900
vn -0.5783 0.8158 -0.0052
vn -0.9193 0.2012 -0.3384
vn -0.0000 0.5992 -0.8006
vn -0.0000 0.2904 -0.9569
vn -0.9107 0.2460 0.3317
vn -0.6941 0.3631 0.6216
vn -0.2230 0.9641 -0.1441
vn -0.7689 0.3040 -0.5625
vn -0.2702 0.7841 -0.5587
vn -0.8100 0.4528 -0.3727
vn -0.3822 0.9240 0.0070
vn -0.5424 0.8013 -0.2525
vn -0.7577 0.6261 -0.1842
vn -0.8313 0.5234 0.1869
vn 0.1019 0.4918 0.8647
vn -0.9376 0.3360 0.0890
vn -0.8078 -0.0533 0.5870
vn -0.9668 -0.1026 -0.2338
vn 0.7724 -0.5915 0.2313
vn 0.3865 0.0641 0.9201
vn -0.8476 0.1076 0.5197
vn -0.3966 -0.2956 0.8691
vn -0.1329 0.9426 0.3062
vn 0.7309 0.4831 0.4820
vn 0.6909 0.1557 0.7060
vn -0.4615 0.6131 0.6412
vn -0.7361 0.5892 -0.3332
vn -0.9458 0.3039 -0.1141
vn -0.7327 -0.1717 -0.6586
vn -0.8339 -0.4053 -0.3746
vn -0.5252 0.4235 -0.7381
vn -0.5146 0.6922 -0.5060
vn 0.3165 -0.8446 -0.4319
vn 0.2833 -0.9432 -0.1735
vn 0.3989 -0.5820 -0.7087
vn -0.4481 -0.2202 -0.8665
vn 0.9102 -0.0901 -0.4042
vn 0.9434 0.2248 -0.2440
vn 0.7577 0.6397 0.1291
vn -0.1001 0.9878 0.1192
vn 0.8805 -0.3439 0.3263
vn 0.9739 -0.1889 0.1257
vn 0.8472 -0.4876 0.2111
vn 0.6877 0.1986 0.6983
vn 0.9576 -0.2854 0.0382
vn 0.5774 -0.0587 0.8143
vn -0.3305 0.7315 0.5964
vn -0.5692 0.4409 0.6940
vn -0.7308 0.6405 -0.2360
vn -0.9371 0.3305 -0.1125
vn -0.6368 -0.0821 -0.7666
vn -0.7788 -0.3779 -0.5006
vn -0.5042 0.6773 -0.5357
vn -0.4640 -0.2834 -0.8392
vn -0.4110 0.8597 -0.3032
vn 0.3106 -0.9114 -0.2700
vn 0.4592 -0.6458 -0.6100
vn 0.4849 -0.6811 -0.5486
vn 0.6250 0.2980 -0.7215
vn -0.1012 0.5478 -0.8305
vn 0.9538 0.0865 -0.2878
vn 0.9667 0.2451 -0.0736
vn 0.7092 0.5175 0.4788
vn -0.1211 0.9230 0.3653
vn 0.6748 0.5340 -0.5094
vn 0.6369 0.6982 -0.3270
vn 0.5394 0.7774 -0.3235
vn 0.0881 -0.9244 0.3711
vn -0.6885 -0.0644 -0.7224
vn -0.8477 0.1156 -0.5177
vn -0.8768 -0.4721 0.0911
vn 0.8219 0.1368 -0.5530
vn -0.0632 -0.9610 0.2692
vn -0.0239 -0.8651 -0.5010
vn 0.0995 0.0435 -0.9941
vn -0.1405 0.9891 -0.0450
vn -0.6581 0.7206 0.2185
vn -0.4357 0.3817 0.8152
vn 0.7008 0.7099 -0.0704
vn 0.6083 0.2871 0.7399
vn -0.5359 -0.7759 0.3330
vn -0.6856 -0.5322 0.4967
vn -0.3088 0.2099 0.9277
vn -0.0766 -0.2161 0.9734
vn -0.6711 -0.1673 0.7222
vn -0.5194 0.8011 0.2973
vn 0.5280 -0.1788 0.8302
vn 0.5557 0.7684 0.3175
vn 0.5852 -0.7967 0.1507
vn -0.2108 0.6764 0.7057
vn 0.2996 0.3471 0.8887
vn -0.2939 0.3589 0.8859
vn 0.2108 0.6758 0.7063
vn 0.0738 0.2709 0.9598
vn -0.0738 0.2709 0.9598
vn 0.3372 -0.4876 0.8053
vn -0.1232 0.1094 0.9863
vn 0.1232 0.1094 0.9863
vn -0.8171 0.5589 -0.1413
vn -0.0001 -0.8051 0.5932
vn -0.0000 -0.3442 0.9389
vn -0.3371 -0.4877 0.8053
vn 0.5049 0.6770 -0.5355
vn 0.7790 -0.3788 -0.4997
vn 0.4647 -0.2836 -0.8388
vn 0.9373 0.3300 -0.1121
vn 0.6368 -0.0821 -0.7666
vn 0.7307 0.6406 -0.2362
vn -0.9667 0.2453 -0.0734
vn -0.9538 0.0865 -0.2876
vn -0.6247 0.2980 -0.7218
vn 0.0992 0.5481 -0.8305
vn -0.4844 -0.6810 -0.5491
vn -0.3110 -0.9113 -0.2697
vn -0.4594 -0.6458 -0.6099
vn -0.5405 0.7767 -0.3236
vn 0.3303 0.7316 0.5964
vn -0.6371 0.6978 -0.3274
vn -0.6878 0.1987 0.6982
vn -0.5775 -0.0586 0.8143
vn 0.5692 0.4404 0.6943
vn -0.8472 -0.4875 0.2113
vn -0.9576 -0.2856 0.0382
vn -0.6748 0.5338 -0.5096
vn 0.4115 0.8596 -0.3030
vn -0.7092 0.5175 0.4788
vn 0.1215 0.9229 0.3653
vn 0.7804 0.2611 -0.5682
vn 0.6782 0.5105 -0.5287
vn -0.0760 0.7977 -0.5982
vn 0.7728 0.5601 -0.2984
vn 0.8026 0.3626 -0.4737
vn -0.0001 0.3649 -0.9310
vn 0.6053 0.5983 -0.5251
vn 0.5154 0.6429 -0.5666
vn 0.4183 0.2768 -0.8651
vn -0.8019 0.3635 -0.4741
vn -0.7777 0.5599 -0.2858
vn -0.6135 0.6078 -0.5041
vn 0.3476 0.6674 -0.6586
vn -0.7804 0.2614 -0.5679
vn -0.6054 0.5984 -0.5249
vn -0.5154 0.6430 -0.5665
vn -0.4183 0.2768 -0.8651
vn -0.1775 -0.6688 -0.7219
vn -0.8580 0.1123 -0.5011
vn -0.3963 0.0019 -0.9181
vn -0.6968 -0.6789 -0.2314
vn -0.9763 0.0516 -0.2100
vn -0.7901 -0.5855 0.1815
vn -0.9906 0.1314 0.0382
vn -0.4261 -0.3222 0.8454
vn -0.6442 0.4016 0.6510
vn 0.6203 0.1961 0.7594
vn 0.1321 0.8244 0.5504
vn 0.4396 0.8962 -0.0607
vn 0.4387 0.8458 -0.3037
vn 0.4870 0.7149 -0.5018
vn 0.2042 0.2156 -0.9549
vn 0.3539 0.4621 0.8132
vn -0.6635 -0.1311 0.7366
vn -0.9477 -0.3009 0.1067
vn -0.2162 -0.5884 -0.7792
vn 0.8156 0.5778 -0.0317
vn 0.9477 0.3122 0.0661
vn 0.9491 0.1649 -0.2683
vn 0.6638 -0.2536 -0.7036
vn 0.7647 0.0519 -0.6423
vn 0.8583 0.1119 -0.5007
vn 0.1771 -0.6688 -0.7220
vn 0.3966 0.0018 -0.9180
vn 0.6967 -0.6791 -0.2312
vn 0.2166 -0.5884 -0.7790
vn 0.9477 -0.3006 0.1070
vn 0.7900 -0.5856 0.1815
vn 0.6634 -0.1309 0.7367
vn 0.4259 -0.3222 0.8454
vn -0.3540 0.4620 0.8132
vn -0.6204 0.1963 0.7593
vn -0.8156 0.5778 -0.0318
vn -0.9477 0.3123 0.0659
vn -0.7648 0.0518 -0.6422
vn -0.9491 0.1654 -0.2682
vn -0.4383 0.8459 -0.3037
vn -0.4865 0.7152 -0.5018
vn -0.6638 -0.2532 -0.7038
vn -0.4400 0.8960 -0.0606
vn 0.9906 0.1312 0.0382
vn 0.9763 0.0514 -0.2100
vn -0.2038 0.2157 -0.9550
vn 0.6440 0.4016 0.6511
vn -0.1313 0.8247 0.5501
vn 0.8169 0.5591 -0.1419
vn -0.9104 -0.0899 -0.4038
vn -0.8805 -0.3437 0.3266
vn -0.9434 0.2250 -0.2438
vn -0.7579 0.6394 0.1291
vn -0.3170 -0.8446 -0.4315
vn -0.9739 -0.1890 0.1256
vn -0.2840 -0.9431 -0.1731
vn -0.3981 -0.5819 -0.7091
vn -0.7313 0.4828 0.4818
vn -0.6910 0.1557 0.7059
vn 0.4611 0.6132 0.6414
vn 0.0997 0.9879 0.1192
vn 0.5140 0.6926 -0.5060
vn 0.5253 0.4235 -0.7381
vn 0.4469 -0.2199 -0.8671
vn 0.8338 -0.4052 -0.3749
vn 0.1329 0.9426 0.3062
vn 0.7362 0.5891 -0.3330
vn 0.9458 0.3043 -0.1137
vn 0.7328 -0.1719 -0.6584
vn -0.0000 0.9702 0.2424
vn 0.5569 -0.4545 -0.6952
vn -0.0009 -0.0226 -0.9997
vn 0.9092 0.2686 -0.3181
vn 0.4299 0.6630 -0.6129
vn -0.0000 -0.3125 -0.9499
vn -0.0000 0.7488 -0.6628
vn 0.5742 -0.2324 -0.7851
vn 0.4462 0.5854 -0.6769
vn 0.5222 -0.6581 -0.5424
vn -0.0001 -0.8502 -0.5264
vn -0.0006 -0.0962 -0.9954
vn -0.0000 0.9448 -0.3277
vn -0.0004 0.8652 -0.5015
vn 0.5794 0.4770 -0.6609
vn 0.9499 -0.2649 -0.1661
vn -0.0010 -0.9747 -0.2235
vn -0.0007 -0.4788 -0.8779
vn -0.0000 0.9565 -0.2917
vn 0.0007 -0.1860 -0.9826
vn 0.5041 -0.1923 -0.8419
vn 0.8475 -0.1940 -0.4941
vn 0.8399 -0.2325 -0.4904
vn 0.8671 -0.3962 0.3020
vn 0.9144 -0.2381 0.3275
vn 0.9569 -0.2031 0.2075
vn 0.9525 -0.3045 0.0022
vn 0.9952 -0.0328 0.0922
vn 0.8189 -0.5714 0.0537
vn 0.8913 -0.2595 0.3719
vn 0.7546 -0.6507 0.0849
vn 0.9728 -0.0959 0.2107
vn 0.9012 -0.4204 -0.1052
vn 0.9904 -0.1279 -0.0525
vn 0.7196 -0.4061 0.5633
vn 0.7090 -0.0290 0.7046
vn 0.5670 -0.4867 -0.6646
vn -0.0000 -0.6350 -0.7725
vn 0.8518 -0.4876 -0.1915
vn 0.8976 -0.3169 0.3063
vn 0.7342 -0.4584 -0.5008
vn 0.3657 -0.7046 -0.6081
vn 0.7406 -0.4753 -0.4749
vn 0.7097 0.6493 -0.2732
vn 0.5206 0.1990 -0.8303
vn 0.5389 -0.4997 -0.6782
vn 0.7488 -0.4763 -0.4609
vn 0.9112 -0.2501 0.3274
vn 0.7856 -0.4490 0.4257
vn 0.8368 -0.2448 -0.4897
vn 0.6809 0.0329 -0.7316
vn 0.4924 0.6012 -0.6293
vn -0.0000 0.6911 -0.7228
vn -0.0006 0.5734 -0.8192
vn -0.0002 -0.8116 -0.5842
vn 0.7052 -0.4637 -0.5364
vn 0.7998 -0.3743 -0.4693
vn -0.0000 -0.1955 -0.9807
vn 0.5523 -0.7278 -0.4066
vn -0.0000 -0.8679 -0.4967
vn 0.6718 -0.2214 -0.7068
vn -0.0000 0.7802 -0.6255
vn 0.6221 0.6087 -0.4923
vn -0.0000 -0.9107 -0.4132
vn -0.0000 -0.8416 -0.5402
vn -0.0000 -0.2623 -0.9650
vn 0.6664 0.6522 -0.3614
vn 0.7241 -0.5236 -0.4490
vn -0.0001 -0.5934 -0.8049
vn -0.0000 0.9640 -0.2659
vn 0.6773 0.6196 -0.3968
vn -0.0005 0.6887 -0.7251
vn -0.0000 0.9939 -0.1107
vn -0.0000 0.5210 -0.8536
vn 0.5131 -0.1813 -0.8389
vn 0.6901 0.6034 -0.3996
vn 0.8765 0.2880 -0.3857
vn 0.7678 0.6001 0.2242
vn 0.6166 0.7533 -0.2287
vn 0.7742 -0.5069 -0.3791
vn 0.6498 0.6327 -0.4214
vn 0.4550 0.8904 -0.0138
vn 0.8117 -0.2407 0.5321
vn 0.6298 0.4841 0.6074
vn 0.8070 0.5285 0.2635
vn 0.6508 0.6571 -0.3804
vn 0.3389 0.9274 0.1585
vn 0.7267 0.5072 -0.4633
vn 0.7187 0.5613 -0.4104
vn 0.7367 -0.6280 -0.2507
vn 0.8015 0.4512 0.3925
vn 0.5367 -0.5629 -0.6286
vn 0.6427 0.5812 0.4992
vn 0.6013 0.6751 -0.4275
vn -0.0000 0.8548 -0.5189
vn 0.2635 0.6934 -0.6706
vn 0.6013 0.7796 -0.1752
vn 0.8601 -0.1150 0.4970
vn 0.4863 0.0367 0.8730
vn 0.2595 0.3660 0.8937
vn -0.0000 -0.6668 -0.7453
vn -0.0000 -0.5220 -0.8529
vn -0.0000 -0.9765 -0.2155
vn -0.0000 0.7525 0.6586
vn -0.0000 0.7457 0.6663
vn -0.0000 0.9864 -0.1643
vn -0.0001 0.9952 -0.0979
vn 0.3458 0.7200 0.6017
vn -0.0000 0.8693 0.4942
vn -0.2634 0.6934 -0.6707
vn -0.5054 -0.5399 -0.6731
vn 0.5055 -0.5393 -0.6735
vn 0.5472 -0.6308 -0.5502
vn 0.5455 0.6489 -0.5304
vn -0.5450 0.6490 -0.5307
vn -0.5484 -0.6303 -0.5495
vn -0.0000 0.1436 0.9896
vn -0.0000 0.6118 0.7910
vn -0.6111 0.1108 -0.7838
vn 0.6594 0.6730 -0.3350
vn -0.6601 0.6720 -0.3357
vn 0.6109 0.1107 -0.7839
vn 0.8127 0.1927 -0.5499
vn 0.9774 -0.1116 0.1797
vn 0.6624 -0.3665 0.6534
vn 0.7593 0.5967 -0.2598
vn 0.6125 0.3799 -0.6932
vn 0.3269 0.6992 -0.6358
vn -0.0000 0.7769 -0.6296
vn -0.0000 0.7668 0.6419
vn 0.8924 0.1936 0.4076
vn 0.4848 -0.1812 0.8556
vn -0.0001 -0.5014 0.8652
vn -0.0001 0.3158 0.9488
vn 0.5060 0.6190 0.6006
vn -0.0000 -0.3644 0.9312
vn -0.0000 0.9602 -0.2793
vn 0.4997 0.8328 -0.2380
vn -0.4998 0.8328 -0.2380
vn -0.6126 0.3798 -0.6932
vn 0.4983 -0.1348 -0.8564
vn -0.4983 -0.1348 -0.8564
vn 0.6998 0.2088 -0.6831
vn -0.6999 0.2084 -0.6831
vn 0.5802 0.7853 -0.2161
vn -0.6055 -0.4864 -0.6299
vn -0.5795 0.7857 -0.2164
vn 0.6051 -0.4863 -0.6303
vn 0.6889 0.7247 -0.0116
vn -0.6892 0.7245 -0.0122
vn 0.6731 -0.6676 -0.3182
vn -0.6726 -0.6685 -0.3174
vn 0.8722 -0.4768 -0.1087
vn 0.8587 -0.4926 0.1415
vn 0.8977 -0.4024 0.1796
vn 0.6639 -0.5477 0.5091
vn 0.5205 -0.6405 0.5646
vn 0.9755 -0.1462 0.1643
vn 0.9211 -0.3173 0.2256
vn 0.3632 -0.6836 0.6331
vn 0.7889 -0.5003 0.3567
vn -0.4935 -0.6784 0.5442
vn 0.4943 -0.6778 0.5442
vn -0.7899 -0.4996 0.3557
vn 0.5057 -0.2582 0.8232
vn -0.4248 -0.7458 0.5132
vn 0.4260 -0.7455 0.5126
vn 0.5139 -0.4785 0.7120
vn 0.8273 -0.4731 0.3030
vn 0.6857 -0.7154 -0.1340
vn -0.4220 -0.7253 0.5439
vn -0.5138 -0.4788 0.7118
vn -0.5050 -0.2580 0.8236
vn -0.6639 -0.5474 0.5095
vn 0.4633 -0.3096 0.8304
vn 0.5146 -0.8299 0.2155
vn -0.5122 -0.8314 0.2154
vn -0.4635 -0.3100 0.8301
vn -0.5205 -0.6406 0.5646
vn -0.9201 -0.3197 0.2263
vn -0.9755 -0.1456 0.1648
vn -0.8977 -0.4024 0.1794
vn -0.8588 -0.4922 0.1419
vn -0.8725 -0.4764 -0.1081
vn -0.9952 -0.0330 0.0924
vn -0.9568 -0.2030 0.2080
vn -0.6859 -0.7152 -0.1339
vn -0.8273 -0.4723 0.3043
vn -0.8191 -0.5712 0.0536
vn -0.8912 -0.2599 0.3717
vn -0.9524 -0.3048 0.0021
vn -0.9143 -0.2380 0.3277
vn -0.8669 -0.3960 0.3028
vn -0.8520 -0.4874 -0.1912
vn -0.6904 0.6032 -0.3994
vn -0.7344 -0.4583 -0.5007
vn -0.7547 -0.6506 0.0849
vn -0.9728 -0.0961 0.2107
vn -0.9903 -0.1283 -0.0525
vn -0.7652 -0.6380 0.0863
vn -0.5389 -0.4814 0.6912
vn -0.4659 -0.2314 0.8540
vn 0.4653 -0.2312 0.8544
vn 0.4204 -0.7257 0.5445
vn -0.8493 -0.1578 0.5037
vn -0.7090 -0.0292 0.7046
vn -0.2593 0.3657 0.8939
vn -0.9010 -0.4209 -0.1050
vn -0.7193 -0.4065 0.5634
vn -0.4840 -0.3156 0.8162
vn -0.4836 -0.6832 0.5471
vn 0.5387 -0.4815 0.6914
vn -0.4198 -0.1194 0.8997
vn -0.3410 -0.2193 0.9141
vn -0.3803 -0.0294 0.9244
vn -0.4911 -0.4800 0.7270
vn -0.4293 0.1135 0.8960
vn 0.7652 -0.6380 0.0863
vn 0.4840 -0.3156 0.8162
vn 0.4831 -0.6836 0.5470
vn 0.4208 -0.1199 0.8992
vn 0.4916 -0.4796 0.7269
vn 0.0002 0.2353 0.9719
vn -0.0000 0.2471 0.9690
vn -0.5078 -0.4271 0.7481
vn -0.5712 0.4784 0.6670
vn -0.5567 0.3186 0.7672
vn -0.5659 -0.6271 0.5352
vn -0.7309 0.1732 0.6601
vn -0.0001 0.4924 0.8704
vn -0.0000 0.3725 0.9280
vn -0.0000 -0.7714 0.6364
vn -0.0000 -0.8129 0.5824
vn -0.4848 -0.1813 0.8556
vn -0.8925 0.1937 0.4074
vn -0.9787 -0.1097 0.1733
vn -0.6620 -0.3665 0.6537
vn -0.4713 0.0326 0.8814
vn -0.5065 0.6191 0.6002
vn -0.7598 0.6113 0.2213
vn -0.6195 0.2994 0.7256
vn -0.0007 0.4090 0.9125
vn -0.6163 0.7839 -0.0750
vn -0.0003 0.9762 -0.2168
vn -0.0001 1.0000 -0.0095
vn -0.8227 0.4562 0.3393
vn -0.8303 -0.2671 0.4891
vn -0.6820 0.5073 0.5267
vn -0.7743 -0.5066 -0.3792
vn -0.6458 0.6614 -0.3814
vn -0.6300 0.7265 -0.2743
vn -0.4590 0.8629 -0.2115
vn -0.6523 0.6623 -0.3687
vn -0.8146 0.1866 -0.5492
vn -0.7592 0.5967 -0.2599
vn -0.3270 0.6992 -0.6358
vn -0.7681 0.6000 0.2237
vn -0.8770 0.2857 -0.3864
vn -0.8978 -0.3169 0.3058
vn -0.4550 0.8904 -0.0138
vn -0.3389 0.9274 0.1583
vn -0.7267 0.5073 -0.4633
vn -0.6013 0.7796 -0.1752
vn -0.3461 0.7203 0.6012
vn -0.7188 0.5614 -0.4101
vn -0.5131 -0.1814 -0.8389
vn -0.5361 -0.5630 -0.6290
vn -0.7368 -0.6276 -0.2513
vn -0.5206 0.1990 -0.8303
vn -0.6002 0.6755 -0.4283
vn -0.8017 0.4511 0.3922
vn -0.6435 0.5813 0.4980
vn -0.6768 0.6201 -0.3968
vn -0.6663 0.6521 -0.3617
vn -0.5390 -0.4997 -0.6781
vn -0.3657 -0.7046 -0.6081
vn -0.7097 0.6493 -0.2732
vn -0.6221 0.6087 -0.4923
vn -0.7406 -0.4753 -0.4749
vn -0.7054 -0.4641 -0.5358
vn -0.7242 -0.5233 -0.4491
vn -0.6811 0.0318 -0.7315
vn -0.6718 -0.2214 -0.7068
vn -0.5523 -0.7278 -0.4066
vn -0.4929 0.6012 -0.6290
vn -0.5675 -0.4866 -0.6642
vn -0.5040 -0.1933 -0.8418
vn -0.4460 0.5862 -0.6764
vn -0.4306 0.6629 -0.6125
vn -0.5745 -0.2322 -0.7849
vn -0.5225 -0.6579 -0.5424
vn -0.5569 -0.4547 -0.6950
vn -0.9097 0.2679 -0.3172
vn -0.5782 0.4763 -0.6624
vn -0.9500 -0.2642 -0.1667
vn -0.0000 0.9806 0.1961
vn -0.9547 0.2554 -0.1529
vn -0.0000 0.9803 -0.1977
vn -0.0002 0.6549 -0.7557
vn -0.7142 0.5791 -0.3932
vn -0.0003 0.6587 -0.7524
vn -0.0001 0.7037 -0.7105
vn -0.8924 0.2732 -0.3592
vn -0.0001 0.5204 -0.8539
vn -0.6472 0.5289 -0.5490
vn -0.0002 0.8013 -0.5983
vn -0.9884 -0.0158 -0.1508
vn -0.0002 0.6454 -0.7638
vn -0.9610 -0.2165 -0.1719
vn -0.8046 0.1871 -0.5636
vn -0.7785 -0.4313 -0.4560
vn -0.7933 -0.3492 -0.4988
vn -0.9051 -0.4221 0.0515
vn -0.0000 -0.9534 -0.3016
vn -0.0000 -0.9880 -0.1542
vn -0.9991 0.0409 -0.0133
vn -0.5122 -0.8548 -0.0835
vn -0.5577 -0.8288 0.0452
vn -0.9737 -0.2273 -0.0157
vn 0.5127 -0.8545 -0.0836
vn -0.9406 -0.3390 0.0185
vn -0.9682 -0.2485 0.0306
vn -0.9374 -0.3052 0.1678
vn -0.4188 -0.8815 0.2180
vn 0.5576 -0.8289 0.0453
vn 0.9546 0.2555 -0.1529
vn 0.9991 0.0414 -0.0135
vn 0.9051 -0.4221 0.0515
vn 0.7318 -0.6700 -0.1247
vn -0.0000 -0.8236 -0.5671
vn -0.7319 -0.6699 -0.1248
vn 0.7378 0.5953 0.3183
vn 0.8208 0.4387 0.3659
vn 0.8276 -0.3113 -0.4670
vn -0.0001 0.0584 -0.9983
vn -0.8272 -0.3118 -0.4674
vn -0.8208 0.4387 0.3658
vn -0.7378 0.5953 0.3183
vn -0.0000 0.9367 0.3501
vn -0.0001 0.9584 -0.2855
vn 0.7927 0.6003 0.1059
vn -0.7933 0.5997 0.1055
vn -0.7857 -0.4501 0.4244
vn -0.7998 -0.3740 -0.4695
vn -0.8371 -0.2444 -0.4894
vn -0.9111 -0.2507 0.3272
vn -0.7487 -0.4765 -0.4609
vn -0.8476 -0.1928 -0.4944
vn -0.8400 -0.2316 -0.4907
vn -0.9361 -0.2802 0.2126
vn -0.8868 -0.4615 -0.0262
vn -0.9839 -0.0159 -0.1782
vn -0.9782 -0.0694 -0.1957
vn -0.9509 -0.2854 0.1200
vn -0.3877 -0.8301 0.4007
vn 0.4185 -0.8816 0.2181
vn 0.9736 -0.2276 -0.0155
vn 0.7141 0.5793 -0.3931
vn -0.9904 -0.1290 0.0501
vn -0.4552 -0.7253 0.5164
vn 0.3877 -0.8302 0.4007
vn 0.9374 -0.3052 0.1678
vn 0.8926 0.2722 -0.3593
vn 0.9679 -0.2495 0.0311
vn -0.3630 -0.6836 0.6332
vn 0.4552 -0.7254 0.5164
vn 0.9506 -0.2864 0.1199
vn 0.9403 -0.3400 0.0147
vn 0.9885 -0.0170 -0.1502
vn 0.6479 0.5277 -0.5494
vn 0.9625 -0.2163 -0.1639
vn 0.9802 -0.0211 -0.1970
vn 0.8119 0.1760 -0.5566
vn 0.7784 -0.4300 -0.4573
vn 0.8835 -0.4679 -0.0242
vn 0.7933 -0.3493 -0.4987
vn 0.9364 -0.2799 0.2119
vn 0.9899 -0.1338 0.0466
vn 0.5711 0.4782 0.6672
vn 0.5079 -0.4272 0.7480
vn 0.3409 -0.2191 0.9142
vn 0.7311 0.1728 0.6601
vn 0.7603 0.6109 0.2207
vn 0.6194 0.2993 0.7258
vn 0.6168 0.7835 -0.0753
vn 0.4306 0.1140 0.8953
vn 0.3803 -0.0288 0.9244
vn 0.5566 0.3188 0.7672
vn 0.5673 -0.6264 0.5346
vn -0.9349 -0.3289 -0.1335
vn -0.7582 -0.2797 -0.5890
vn -0.9291 0.2929 -0.2257
vn 0.8300 -0.0961 -0.5494
vn -0.1581 0.4183 -0.8944
vn 0.7250 0.1390 -0.6746
vn 0.5758 0.0442 -0.8164
vn -0.1695 -0.4833 -0.8589
vn -0.1766 0.2339 -0.9561
vn 0.7449 0.6129 0.2634
vn -0.0435 0.7870 -0.6154
vn 0.7104 0.6702 -0.2149
vn 0.3725 -0.8648 -0.3367
vn -0.5141 -0.6727 -0.5321
vn 0.3551 -0.9117 -0.2067
vn -0.9052 -0.3940 -0.1592
vn -0.8321 0.5023 -0.2353
vn -0.6586 0.6542 -0.3718
vn 0.2530 -0.7788 0.5740
vn -0.5212 -0.7649 0.3786
vn -0.5457 -0.6357 0.5459
vn -0.9701 0.1927 -0.1479
vn -0.3972 -0.6682 -0.6290
vn -0.9617 0.2349 -0.1416
vn 0.2798 -0.8135 0.5098
vn 0.1835 -0.7545 0.6301
vn 0.6373 -0.2571 -0.7265
vn -0.6557 -0.4229 -0.6255
vn 0.4354 0.8037 -0.4055
vn 0.1135 -0.4193 -0.9007
vn 0.7317 -0.6070 -0.3101
vn -0.0329 -0.9974 -0.0645
vn 0.3999 -0.6572 -0.6389
vn 0.6669 -0.6364 -0.3875
vn -0.7497 -0.3705 -0.5483
vn -0.3889 0.1714 -0.9052
vn 0.7239 -0.6516 -0.2267
vn 0.6756 -0.6862 -0.2696
vn 0.4417 0.1837 0.8781
vn -0.5491 -0.4379 0.7118
vn -0.6569 0.4705 0.5891
vn -0.8496 0.4149 -0.3257
vn -0.4284 0.3206 0.8448
vn -0.1229 0.8947 0.4294
vn -0.9351 -0.3138 0.1646
vn -0.5916 -0.7495 0.2969
vn -0.9502 0.2759 -0.1446
vn -0.3562 0.6093 0.7084
vn 0.5635 -0.7267 0.3929
vn 0.7494 -0.3487 0.5628
vn 0.6151 -0.4627 0.6384
vn 0.8285 -0.0275 0.5593
vn 0.6705 -0.7417 -0.0174
vn 0.8773 -0.3576 -0.3203
vn -0.9084 -0.4181 0.0055
vn -0.3018 0.0869 -0.9494
vn 0.0164 0.9861 0.1656
vn 0.7856 -0.0765 0.6140
vn -0.1862 0.8313 0.5237
vn 0.5496 -0.6776 0.4888
vn -0.6853 -0.2339 -0.6897
vn -0.8295 0.4924 -0.2634
vn -0.8572 -0.1425 -0.4949
vn -0.9277 0.2679 -0.2600
vn 0.5996 -0.6611 -0.4510
vn 0.9706 0.1456 0.1917
vn 0.7387 -0.6002 -0.3067
vn -0.6356 -0.5604 -0.5309
vn -0.4033 -0.5929 -0.6970
vn -0.1620 0.9845 -0.0672
vn -0.4441 0.6649 -0.6006
vn 0.2245 0.8909 0.3948
vn 0.5500 0.4875 0.6781
vn 0.6980 0.0239 0.7157
vn 0.9586 -0.2418 0.1502
vn 0.8767 -0.4352 0.2049
vn 0.7073 0.3602 0.6082
vn -0.7938 0.0180 -0.6079
vn -0.9557 0.0326 -0.2924
vn -0.6520 0.1711 -0.7387
vn 0.9181 0.0843 0.3874
vn 0.2514 -0.6602 0.7078
vn -0.9770 0.2134 -0.0064
vn -0.9005 0.3831 0.2058
vn -0.9104 -0.2952 0.2899
vn -0.9123 -0.2823 0.2966
vn -0.8792 0.4701 -0.0777
vn -0.3777 0.9215 -0.0905
vn 0.6033 0.7744 0.1904
vn -0.9795 -0.1138 0.1663
vn -0.9837 -0.0135 -0.1792
vn -0.4262 0.8453 -0.3223
vn -0.1274 0.3309 -0.9350
vn 0.7238 -0.3623 0.5873
vn 0.6187 -0.5114 0.5964
vn -0.8169 -0.5767 0.0024
vn -0.4418 -0.8909 0.1057
vn -0.8581 -0.4863 0.1648
vn -0.8224 0.3121 -0.4755
vn -0.8533 -0.1131 -0.5091
vn -0.8984 -0.0643 -0.4345
vn 0.9693 -0.2454 -0.0152
vn 0.3037 -0.9147 0.2665
vn 0.8182 -0.3332 0.4684
vn -0.7782 -0.6242 0.0687
vn 0.8101 -0.5801 -0.0849
vn 0.4894 -0.5999 0.6330
vn 0.7941 -0.1353 -0.5925
vn 0.7246 0.0908 -0.6831
vn 0.9095 -0.2605 0.3241
vn 0.9674 -0.2349 0.0950
vn 0.8865 -0.4229 0.1876
vn -0.8807 -0.1578 -0.4465
vn -0.9714 0.1843 -0.1498
vn -0.0799 -0.9946 -0.0664
vn 0.1989 -0.5449 -0.8146
vn -0.0598 -0.9150 -0.3989
vn 0.2909 -0.0459 -0.9557
vn 0.6176 -0.7492 -0.2394
vn -0.2622 -0.6729 -0.6917
vn -0.4774 -0.2251 -0.8494
vn -0.0469 0.9591 0.2790
vn 0.4170 0.2532 0.8729
vn 0.7793 0.4890 0.3919
vn -0.4332 -0.5224 -0.7344
vn 0.8685 -0.4937 -0.0430
vn 0.9194 -0.3828 -0.0904
vn -0.9403 0.2261 0.2546
vn -0.7965 0.5698 -0.2025
vn 0.8758 -0.3508 0.3315
vn 0.6353 0.4872 0.5992
vn 0.6893 0.3808 0.6163
vn -0.4328 0.6440 -0.6308
vn 0.9631 0.1195 0.2413
vn 0.8480 -0.3166 0.4251
vn -0.3580 -0.4553 0.8152
vn -0.3289 0.4682 0.8202
vn -0.8970 0.3473 -0.2733
vn 0.8792 0.4747 -0.0409
vn 0.7488 -0.5467 -0.3747
vn 0.7998 -0.3490 0.4884
vn 0.8043 0.1492 0.5752
vn 0.9213 0.3871 -0.0363
vn 0.6507 0.4842 -0.5850
vn 0.1072 -0.9241 0.3667
vn 0.4487 -0.7966 0.4051
vn 0.8042 -0.4018 0.4380
vn 0.6837 0.2444 0.6876
vn 0.7329 0.1091 0.6716
vn -0.1660 0.6902 0.7043
vn -0.2226 -0.0101 0.9749
vn 0.5015 0.4331 0.7489
vn -0.1204 0.8173 0.5635
vn -0.8645 0.4129 0.2867
vn -0.3106 0.1251 0.9423
vn -0.0450 0.7735 0.6322
vn -0.7150 0.6181 0.3268
vn -0.0161 0.9281 0.3720
vn 0.4703 0.4698 0.7470
vn 0.7257 0.6023 0.3325
vn 0.0453 0.7735 0.6322
vn 0.3106 0.1251 0.9423
vn 0.0131 0.9280 0.3723
vn -0.4740 0.4669 0.7466
vn 0.7586 -0.6451 0.0915
vn -0.8115 -0.5780 -0.0860
vn 0.6237 -0.5632 -0.5420
vn 0.3930 0.8604 0.3246
vn 0.3582 -0.4553 0.8151
vn -0.4892 -0.6001 0.6329
vn 0.0743 -0.9971 0.0137
vn -0.6393 -0.7495 -0.1717
vn -0.5240 -0.2448 -0.8158
vn -0.7672 -0.5910 -0.2494
vn -0.7013 -0.6278 -0.3379
vn -0.7922 -0.3437 -0.5043
vn -0.7962 -0.2459 -0.5528
vn 0.1240 -0.9631 -0.2387
vn -0.1104 0.7446 0.6583
vn -0.9053 0.3045 0.2961
vn -0.3390 0.0232 0.9405
vn -0.1309 0.9044 0.4061
vn 0.5336 0.1472 0.8328
vn 0.2241 -0.0103 0.9745
vn 0.9066 0.3273 0.2663
vn 0.1664 0.6902 0.7043
vn 0.0879 0.8285 0.5530
vn -0.5049 0.4300 0.7484
vn -0.5701 0.7955 0.2052
vn -0.7240 0.6546 0.2176
vn -0.2713 0.4485 0.8516
vn -0.1342 0.7230 0.6777
vn -0.0735 0.8409 0.5361
vn -0.3157 -0.7901 0.5255
vn 0.6255 -0.5123 0.5885
vn 0.8705 -0.3402 0.3556
vn -0.1840 0.5063 0.8425
vn -0.3025 -0.9151 0.2667
vn -0.4481 -0.7967 0.4054
vn -0.1161 -0.9185 0.3779
vn 0.4537 -0.8840 0.1129
vn 0.5592 -0.4464 0.6986
vn 0.8582 -0.4862 0.1645
vn 0.9794 -0.1143 0.1665
vn 0.9854 -0.0066 -0.1702
vn 0.8454 0.4747 -0.2447
vn 0.4546 0.6228 -0.6368
vn 0.0169 0.7835 -0.6211
vn 0.4328 0.8525 -0.2933
vn 0.6581 0.6545 -0.3722
vn 0.9052 -0.3941 -0.1591
vn 0.5915 -0.7496 0.2971
vn 0.8025 -0.5966 0.0004
vn 0.8762 -0.0760 -0.4759
vn 0.6450 0.2435 -0.7244
vn -0.6893 -0.1477 -0.7092
vn -0.6588 0.5523 -0.5108
vn -0.7045 0.6920 -0.1577
vn -0.7399 0.6226 0.2548
vn -0.5873 0.7832 0.2041
vn 0.3449 0.9371 -0.0533
vn 0.0996 0.3237 -0.9409
vn 0.3856 0.1556 -0.9094
vn -0.7250 0.0914 -0.6826
vn -0.3718 -0.8339 -0.4079
vn -0.7898 -0.1279 -0.5999
vn -0.7603 -0.0127 -0.6494
vn 0.1721 0.3783 -0.9096
vn -0.8680 -0.1427 -0.4756
vn 0.4699 0.0350 -0.8820
vn 0.1330 -0.9899 0.0499
vn 0.4776 -0.2248 -0.8493
vn 0.9347 -0.3295 -0.1336
vn 0.6292 -0.3806 -0.6776
vn 0.1466 -0.9785 -0.1452
vn 0.4385 -0.6032 0.6662
vn 0.3683 -0.0312 -0.9292
vn 0.3868 -0.3714 -0.8441
vn 0.8009 -0.2627 -0.5381
vn 0.9279 0.2851 -0.2403
vn 0.6270 0.5396 0.5619
vn 0.2036 0.9621 0.1813
vn -0.4305 0.1869 0.8830
vn -0.5616 0.5739 0.5960
vn 0.1921 0.8611 0.4708
vn -0.5427 0.1818 0.8200
vn 0.3794 0.3209 0.8678
vn 0.2366 0.4848 0.8420
vn 0.9766 0.1668 -0.1357
vn 0.9508 0.2844 -0.1231
vn 0.2734 -0.6813 -0.6790
vn 0.8391 0.4119 -0.3554
vn 0.9639 0.1822 -0.1940
vn 0.4225 -0.5227 -0.7405
vn 0.7147 -0.2233 -0.6629
vn 0.4371 -0.1440 -0.8878
vn -0.4011 -0.6437 -0.6518
vn -0.6285 -0.6162 -0.4747
vn 0.4181 -0.6473 -0.6374
vn -0.7890 -0.5171 -0.3317
vn -0.7393 -0.6009 -0.3038
vn 0.4028 -0.6043 -0.6874
vn 0.8970 0.3476 -0.2731
vn 0.1450 0.8439 0.5165
vn -0.7820 0.4940 0.3800
vn -0.4168 0.2553 0.8724
vn 0.3370 0.4809 0.8094
vn 0.9226 0.2512 0.2927
vn 0.7900 0.5825 -0.1913
vn -0.0240 0.9858 0.1664
vn -0.7869 -0.0971 0.6094
vn -0.6054 0.0215 0.7956
vn -0.8215 -0.3793 0.4258
vn -0.9170 0.0603 0.3943
vn -0.7350 -0.3710 0.5675
vn -0.2406 -0.6618 0.7100
vn -0.9158 -0.3747 -0.1444
vn -0.7208 -0.6611 -0.2081
vn -0.8597 -0.5066 -0.0646
vn -0.8501 -0.4972 0.1734
vn -0.9638 -0.2337 0.1280
vn -0.5329 -0.2701 0.8019
vn -0.9686 0.2073 0.1370
vn 0.0562 0.9574 0.2831
vn -0.5127 -0.8495 0.1243
vn -0.8778 -0.3598 -0.3163
vn -0.9216 0.3864 -0.0362
vn -0.8304 -0.0344 0.5561
vn -0.9053 0.1449 0.3993
vn -0.6194 -0.5316 0.5777
vn -0.6568 -0.7539 0.0163
vn -0.8790 0.4750 -0.0408
vn -0.9450 -0.3256 0.0316
vn -0.5571 -0.7143 0.4236
vn -0.6149 -0.4631 0.6383
vn -0.2498 -0.7783 0.5761
vn -0.7498 -0.3486 0.5624
vn -0.9843 -0.1753 -0.0203
vn -0.7932 -0.3610 0.4905
vn -0.9614 -0.2545 0.1046
vn -0.8098 -0.3297 0.4853
vn -0.8923 -0.3948 0.2191
vn -0.9077 -0.2025 0.3675
vn -0.6796 0.2515 0.6891
vn -0.7220 0.1223 0.6810
vn -0.2823 -0.8134 0.5086
vn -0.1813 -0.7572 0.6275
vn 0.5297 -0.6588 0.5342
vn 0.4601 -0.7854 0.4140
vn 0.9139 -0.2782 0.2957
vn -0.5766 -0.6803 -0.4526
vn -0.8121 -0.4019 0.4230
vn -0.9699 0.1466 0.1945
vn -0.5408 0.5153 0.6648
vn -0.6246 0.5172 0.5851
vn -0.6637 0.3885 0.6392
vn -0.8727 -0.3439 0.3465
vn -0.3426 -0.8944 -0.2875
vn 0.9400 -0.3086 0.1456
vn 0.9248 -0.2438 0.2919
vn 0.8257 -0.0975 -0.5556
vn 0.8519 0.5218 -0.0459
vn 0.7574 0.4719 -0.4514
vn 0.9780 0.1947 -0.0746
vn -0.1721 0.9120 0.3725
vn 0.1703 0.9826 -0.0741
vn -0.4355 0.8037 -0.4056
vn 0.4526 0.6653 -0.5937
vn 0.1769 0.2338 -0.9560
vn 0.7976 0.0308 -0.6024
vn 0.1649 -0.5090 -0.8448
vn 0.4930 -0.6750 -0.5489
vn 0.6228 -0.3410 -0.7042
vn 0.8947 -0.0925 -0.4370
vn 0.9757 0.2114 -0.0577
vn -0.5757 0.0442 -0.8165
vn 0.8366 0.4889 -0.2473
vn 0.8590 -0.1407 -0.4923
vn 0.9295 0.2565 -0.2651
vn 0.1320 0.7225 0.6787
vn 0.3149 0.4302 0.8460
vn 0.8149 0.5026 0.2887
vn 0.7210 0.6584 0.2159
vn 0.5694 0.7963 0.2043
vn 0.0674 0.8414 0.5362
vn 0.2275 0.5059 0.8321
vn 0.1533 0.9160 0.3708
vn -0.5348 0.1479 0.8319
vn -0.8776 -0.3356 0.3424
vn 0.3347 0.0245 0.9420
vn -0.6254 -0.5122 0.5887
vn 0.3101 -0.7918 0.5262
vn 0.9056 0.3203 0.2778
vn 0.1101 0.7446 0.6583
vn 0.6632 -0.6197 0.4197
vn 0.8930 -0.4259 0.1453
vn 0.8045 -0.2491 0.5391
vn 0.9505 -0.1127 0.2894
vn 0.9167 -0.0659 0.3942
vn 0.4988 -0.8660 -0.0346
vn 0.5897 -0.6206 -0.5169
vn 0.9329 -0.3180 -0.1690
vn 0.6382 -0.5550 -0.5336
vn 0.9516 -0.3035 0.0490
vn 0.9354 -0.0611 0.3482
vn 0.6712 -0.3272 0.6652
vn 0.6150 -0.4150 0.6704
vn 0.5749 -0.1754 0.7992
vn 0.1099 -0.8730 -0.4752
vn 0.2103 -0.6795 -0.7029
vn 0.2353 -0.4869 -0.8411
vn 0.0639 -0.9901 -0.1246
vn -0.1158 -0.9449 -0.3061
vn -0.2764 -0.7991 -0.5339
vn -0.2097 -0.6437 -0.7360
vn 0.0213 -0.4539 -0.8908
vn 0.4192 -0.2149 -0.8821
vn 0.6542 -0.3234 -0.6837
vn 0.9763 -0.1183 -0.1810
vn 0.9643 0.2255 0.1387
vn 0.8798 -0.2318 0.4150
vn 0.5120 -0.0868 0.8546
vn -0.0419 -0.5175 -0.8547
vn 0.2543 -0.1234 -0.9592
vn 0.7766 0.3322 -0.5353
vn 0.9786 0.1385 0.1525
vn 0.6930 0.1557 -0.7039
vn 0.3346 0.3125 -0.8890
vn -0.1279 0.4189 -0.8990
vn 0.8720 -0.1708 0.4588
vn 0.9342 0.3564 0.0175
vn 0.9623 0.2654 -0.0600
vn 0.9121 0.2959 -0.2838
vn 0.7536 0.0397 -0.6562
vn -0.4978 0.1388 -0.8561
vn 0.6882 -0.0498 -0.7238
vn -0.7385 -0.1433 -0.6588
vn 0.5017 -0.2783 -0.8190
vn -0.6267 -0.1512 -0.7645
vn 0.5225 -0.3302 -0.7861
vn 0.5130 -0.4251 -0.7457
vn 0.5998 -0.7008 -0.3862
vn 0.8168 -0.4710 -0.3330
vn 0.7882 -0.5586 -0.2581
vn 0.8372 -0.2263 0.4979
vn 0.9630 0.2637 -0.0558
vn 0.7895 0.3504 0.5039
vn 0.7561 -0.1652 0.6333
vn -0.3418 -0.9345 -0.0995
vn -0.0610 -0.5249 -0.8490
vn 0.9911 -0.1297 -0.0288
vn 0.8884 0.0699 0.4538
vn 0.0900 0.0119 -0.9959
vn -0.4607 -0.0203 -0.8873
vn -0.4557 -0.3821 -0.8039
vn -0.7893 -0.5076 -0.3454
vn -0.8342 -0.4417 0.3300
vn -0.4106 0.4196 0.8095
vn -0.1577 0.9875 0.0057
vn 0.9604 0.2402 0.1410
vn -0.8766 0.4211 -0.2329
vn 0.8981 -0.2391 0.3691
vn 0.9937 0.0518 0.0997
vn 0.9895 -0.0042 0.1448
vn 0.9870 -0.0001 0.1609
vn 0.9399 -0.2099 0.2693
vn 0.8125 0.3023 0.4985
vn 0.9342 0.2948 -0.2008
vn 0.8353 0.1569 0.5269
vn 0.9730 0.1608 0.1656
vn -0.1505 0.3502 0.9245
vn -0.1127 0.6614 0.7416
vn 0.0138 0.8779 0.4787
vn 0.0420 0.7711 0.6353
vn -0.6429 0.6431 0.4161
vn 0.0667 0.9064 0.4172
vn 0.7745 0.6320 -0.0260
vn 0.7975 0.4759 0.3709
vn 0.9143 0.1417 0.3794
vn 0.7415 0.2484 0.6233
vn -0.2984 0.2267 0.9271
vn -0.6302 0.4765 0.6130
vn -0.8766 0.4779 0.0574
vn -0.8995 0.4144 0.1381
vn -0.8480 0.4723 0.2406
vn -0.9981 0.0226 0.0574
vn -0.8056 0.5642 0.1809
vn -0.0493 0.6909 0.7213
vn 0.0668 0.8178 0.5716
vn -0.7802 0.5550 0.2885
vn -0.8966 0.3867 0.2158
vn -0.6832 0.5998 -0.4164
vn -0.9987 0.0512 0.0004
vn -0.9777 0.1781 -0.1110
vn -0.6306 0.6180 -0.4694
vn -0.9784 0.1336 -0.1575
vn 0.3533 0.4212 0.8354
vn -0.6486 0.4864 0.5853
vn -0.9858 -0.0067 -0.1679
vn -0.9952 -0.0846 0.0492
vn -0.7927 0.5237 -0.3121
vn -0.5736 0.7620 -0.3006
vn -0.9611 0.0824 0.2638
vn -0.9588 0.1948 0.2068
vn -0.5199 0.7561 -0.3975
vn -0.7986 0.0624 -0.5986
vn -0.9728 0.0086 -0.2314
vn -0.8679 -0.1135 0.4836
vn -0.9170 0.0445 0.3965
vn -0.9679 0.0366 0.2488
vn -0.9750 -0.0543 0.2153
vn -0.9494 0.1222 -0.2893
vn -0.7965 0.5434 -0.2651
vn -0.7520 0.6185 -0.2280
vn -0.9420 0.3326 0.0438
vn -0.7154 0.6758 -0.1773
vn -0.7209 0.6727 -0.1667
vn -0.9702 0.2367 -0.0516
vn -0.8780 0.4270 -0.2161
vn -0.9479 0.2708 -0.1678
vn -0.7466 -0.2729 -0.6067
vn -0.7730 -0.4497 -0.4474
vn -0.9859 0.0557 -0.1579
vn -0.9978 0.0456 -0.0484
vn -0.9436 -0.0922 -0.3179
vn -0.9476 0.1572 0.2782
vn -0.6677 0.5283 -0.5245
vn -0.8301 0.3491 -0.4347
vn -0.8364 0.4827 -0.2598
vn -0.9521 0.2759 0.1316
vn -0.7468 0.6165 0.2495
vn -0.9235 0.0552 -0.3797
vn -0.4532 -0.2564 -0.8537
vn -0.8074 0.2110 -0.5510
vn -0.0326 0.4703 -0.8819
vn -0.6743 0.4496 -0.5859
vn -0.2153 0.1578 -0.9637
vn -0.5913 -0.2379 -0.7706
vn -0.6319 -0.2620 -0.7294
vn -0.9254 0.1419 -0.3513
vn -0.4002 0.3019 -0.8653
vn -0.6989 -0.7054 -0.1184
vn -0.9901 -0.0741 0.1191
vn -0.9205 0.1700 0.3519
vn -0.9644 0.1377 0.2258
vn -0.9523 -0.2656 0.1504
vn -0.9750 0.0852 0.2054
vn -0.9087 0.0988 0.4056
vn -0.8424 -0.1692 0.5116
vn -0.9802 -0.1909 0.0526
vn -0.9822 -0.1499 0.1133
vn -0.7537 -0.4825 -0.4462
vn -0.6358 -0.7712 0.0322
vn -0.6549 -0.5799 0.4846
vn -0.3055 -0.9474 0.0952
vn -0.8777 -0.4610 -0.1310
vn -0.2805 -0.7136 -0.6420
vn -0.9004 -0.4063 0.1553
vn -0.9767 -0.1280 0.1723
vn -0.7663 0.0558 0.6401
vn -0.0685 0.0644 0.9956
vn -0.1274 0.0546 0.9903
vn 0.8303 0.0600 0.5541
vn -0.1730 0.1390 0.9751
vn -0.8363 0.1286 0.5330
vn -0.9243 -0.0461 0.3790
vn -0.9499 0.2245 0.2175
vn -0.4540 -0.7078 -0.5412
vn 0.8443 -0.2136 -0.4915
vn 0.7759 -0.4540 -0.4380
vn 0.9125 0.3324 0.2385
vn 0.9899 0.0554 0.1303
vn 0.7571 0.1848 0.6266
vn 0.9866 0.0071 0.1633
vn 0.0314 0.5080 0.8608
vn -0.8340 0.0560 0.5489
vn 0.8517 -0.5222 -0.0446
vn 0.0871 -0.8227 -0.5617
vn 0.1650 -0.9863 -0.0076
vn 0.6285 -0.0712 -0.7745
vn 0.6855 0.6866 0.2423
vn -0.1433 0.5332 0.8338
vn -0.7646 0.0011 0.6445
vn -0.5022 0.8005 -0.3272
vn -0.5728 0.7289 -0.3749
vn 0.5495 -0.7790 0.3022
vn 0.9444 -0.2061 0.2563
vn 0.3281 0.0933 0.9400
vn 0.5755 0.3864 0.7207
vn 0.8826 0.4615 -0.0897
vn 0.1536 0.8448 0.5126
vn -0.0544 0.9866 -0.1538
vn -0.3074 0.8774 -0.3683
vn -0.2289 0.6419 0.7318
vn 0.2480 -0.5268 0.8130
vn 0.1024 -0.3009 0.9482
vn -0.4963 0.2234 0.8389
vn 0.4142 -0.8389 0.3531
vn -0.0908 0.0199 0.9957
vn -0.4281 0.6884 0.5856
vn -0.6691 0.6754 -0.3103
vn 0.0360 0.0785 -0.9963
vn 0.2667 0.5800 -0.7697
vn 0.6695 -0.2577 -0.6967
vn 0.5655 -0.6939 -0.4458
vn -0.5930 0.3562 0.7221
vn -0.7502 0.6197 -0.2304
vn -0.7063 0.6995 -0.1090
vn -0.4213 0.3583 0.8332
vn 0.2501 -0.4916 0.8341
vn 0.6540 -0.7228 -0.2230
vn 0.4915 -0.8290 -0.2669
vn 0.1997 -0.5792 0.7904
vn -0.2657 0.3383 0.9027
vn -0.5198 0.8514 -0.0706
vn 0.0108 0.0599 -0.9981
vn 0.0139 0.1257 -0.9920
vn -0.2247 0.0890 -0.9704
vn 0.5353 -0.5870 -0.6074
vn 0.3189 -0.9257 -0.2036
vn -0.0268 0.1500 -0.9883
vn 0.1754 -0.9790 0.1040
vn 0.3662 -0.3182 -0.8744
vn -0.0568 -0.9969 -0.0553
vn 0.4961 -0.2075 -0.8431
vn -0.1623 -0.9580 -0.2363
vn 0.5853 -0.2219 -0.7798
vn 0.5307 -0.1859 -0.8269
vn 0.6172 0.7833 -0.0747
vn -0.1464 0.6120 0.7772
vn -0.3537 0.9285 -0.1128
vn -0.0053 0.9472 -0.3206
vn -0.2529 0.4047 0.8788
vn -0.2475 -0.8413 -0.4805
vn -0.2230 -0.9049 -0.3625
vn 0.1053 -0.5988 0.7939
vn -0.3244 0.6207 0.7138
vn 0.2587 0.9548 -0.1460
vn 0.5137 0.8537 -0.0860
vn -0.2787 0.6595 0.6981
vn -0.6611 -0.4034 0.6326
vn -0.6394 -0.4012 0.6559
vn -0.7240 -0.3965 0.5644
vn -0.3561 0.6362 0.6845
vn -0.5050 -0.4057 0.7618
vn -0.2162 -0.4151 0.8837
vn 0.8054 0.0966 -0.5848
vn 0.6590 0.1629 -0.7343
vn 0.4757 0.1531 -0.8662
vn 0.8690 0.1729 -0.4636
vn 0.9387 -0.2929 -0.1817
vn 0.9916 -0.0632 -0.1131
vn 0.6969 0.5640 -0.4430
vn 0.8765 0.0802 -0.4746
vn 0.3791 0.7162 -0.5859
vn 0.4382 0.6432 -0.6279
vn 0.8963 -0.1390 -0.4210
vn 0.6599 0.7100 -0.2459
vn 0.7675 -0.0538 -0.6388
vn 0.5249 0.7340 -0.4310
vn 0.5504 0.1875 -0.8136
vn 0.9050 -0.2800 -0.3202
vn 0.8873 -0.3399 0.3117
vn -0.5774 0.6077 -0.5453
vn -0.3548 0.9347 -0.0193
vn 0.2978 0.5366 -0.7895
vn -0.6211 0.6314 0.4644
vn -0.6287 0.7495 0.2074
vn -0.7829 0.1160 0.6112
vn -0.8502 -0.1812 0.4943
vn -0.3104 -0.9291 0.2010
vn -0.1216 -0.8997 0.4191
vn 0.5736 -0.7739 -0.2684
vn 0.4992 -0.7787 -0.3800
vn 0.7429 -0.6651 -0.0756
vn 0.8597 -0.4055 0.3107
vn 0.5446 -0.6689 -0.5060
vn -0.2472 -0.9404 0.2336
vn -0.8516 -0.2684 0.4503
vn -0.7714 0.5688 0.2852
vn -0.1692 0.9609 -0.2193
vn 0.2483 0.9086 -0.3357
vn -0.8343 0.4335 0.3406
vn -0.2067 0.9709 0.1207
vn -0.1942 0.9749 0.1087
vn -0.3339 0.9288 -0.1609
vn -0.2241 0.9745 0.0079
vn -0.7918 0.5706 0.2178
vn -0.9389 -0.3121 0.1450
vn -0.7396 -0.6712 0.0502
vn -0.2205 -0.9713 0.0892
vn -0.3510 -0.9215 -0.1661
vn 0.4051 -0.6539 0.6390
vn 0.6822 -0.7222 -0.1137
vn 0.7093 0.6696 0.2202
vn -0.0943 0.2449 0.9649
vn -0.3048 0.8029 0.5123
vn -0.2988 0.4505 0.8413
vn -0.6322 0.5339 0.5616
vn -0.1969 -0.5399 0.8184
vn -0.8333 -0.3671 0.4133
vn 0.0698 -0.4042 0.9120
vn -0.1566 -0.7916 0.5906
vn 0.2764 -0.3178 0.9070
vn 0.3455 0.0441 0.9374
vn -0.4829 0.2007 0.8524
vn -0.5556 0.2604 0.7896
vn -0.5711 0.4079 0.7123
vn -0.2242 -0.9307 -0.2889
vn -0.4271 -0.8964 -0.1183
vn -0.4909 -0.6387 -0.5925
vn -0.4706 -0.8583 -0.2048
vn 0.0476 -0.9968 0.0635
vn -0.9704 -0.2059 -0.1264
vn -0.5519 -0.6739 -0.4912
vn -0.6596 -0.3825 0.6470
vn -0.7864 -0.6138 0.0695
vn -0.4053 -0.9061 0.1213
vn -0.8348 0.2418 0.4945
vn -0.8134 0.3182 -0.4869
vn -0.6485 -0.5188 -0.5571
vn -0.6413 -0.4212 -0.6413
vn -0.8824 -0.2546 -0.3957
vn -0.7945 -0.5723 -0.2031
vn -0.9355 -0.3462 0.0704
vn -0.8147 -0.5773 -0.0552
vn -0.9675 -0.2339 0.0965
vn -0.9233 -0.3737 0.0886
vn -0.9518 -0.2920 0.0944
vn -0.8609 0.0875 0.5012
vn -0.8223 0.0612 0.5657
vn -0.9809 -0.0271 -0.1927
vn -0.8120 -0.0485 -0.5817
vn -0.9468 -0.3186 0.0447
vn -0.8792 -0.4291 0.2073
vn -0.9398 -0.3160 0.1299
vn -0.7904 -0.6079 -0.0760
vn -0.6210 -0.7830 0.0357
vn -0.0962 -0.8621 -0.4975
vn -0.4212 -0.7671 -0.4838
vn -0.8717 -0.4701 0.1387
vn -0.5135 -0.4609 0.7238
vn -0.0233 -0.9880 -0.1529
vn -0.8276 -0.1627 -0.5373
vn -0.8167 -0.5623 0.1301
vn -0.7812 -0.4004 0.4789
vn -0.9136 -0.0993 0.3943
vn -0.9154 0.3491 -0.2006
vn -0.9021 -0.3915 -0.1817
vn -0.4586 -0.5762 -0.6766
vn -0.4348 0.2454 0.8664
vn -0.0701 0.9832 0.1684
vn -0.7101 0.1333 0.6914
vn 0.2556 0.1859 0.9487
vn 0.4567 0.6620 0.5943
vn 0.6848 0.6177 0.3867
vn -0.1963 0.8148 0.5454
vn -0.0374 0.3130 0.9490
vn -0.7400 0.5286 0.4159
vn -0.8933 0.4495 -0.0048
vn -0.0240 0.9994 -0.0266
vn 0.6293 0.5750 0.5227
vn 0.6975 0.6113 0.3739
vn 0.5340 0.8393 -0.1020
vn 0.7301 0.6833 -0.0079
vn -0.9696 0.0804 0.2312
vn -0.1416 0.4270 0.8931
vn 0.6901 0.4897 0.5328
vn 0.8341 0.4746 0.2813
vn 0.9421 0.3238 0.0867
vn 0.9411 0.3360 -0.0373
vn 0.9349 -0.3399 -0.1024
vn 0.8789 -0.3552 -0.3183
vn 0.9190 0.1934 0.3436
vn 0.5637 0.2254 0.7946
vn 0.8703 0.3700 0.3250
vn 0.8274 0.4111 0.3827
vn 0.7426 -0.3179 -0.5895
vn 0.8662 -0.3487 -0.3578
vn 0.9862 0.1492 -0.0719
vn 0.7212 -0.1403 -0.6783
vn 0.9320 0.3481 -0.1008
vn 0.7702 -0.1582 -0.6179
vn 0.6913 -0.5809 -0.4297
vn -0.3918 -0.7232 -0.5687
vn -0.3527 -0.8470 -0.3976
vn 0.6913 0.6482 0.3192
vn 0.8045 -0.5489 -0.2270
vn 0.7810 0.6175 0.0935
vn -0.3342 -0.9255 -0.1783
vn 0.8675 -0.4950 -0.0490
vn 0.8586 0.5110 0.0419
vn -0.3300 0.9268 0.1794
vn -0.3276 0.9241 -0.1970
vn -0.9790 -0.1968 0.0525
vn -0.9467 -0.2918 -0.1365
vn -0.2093 -0.9763 -0.0554
vn -0.1457 -0.9892 0.0160
vn -0.7213 -0.5977 -0.3499
vn 0.0747 -0.9904 -0.1162
vn 0.9190 0.3621 -0.1561
vn 0.0083 -0.0801 -0.9968
vn 0.9224 0.0452 -0.3835
vn 0.8488 -0.5278 -0.0305
vn 0.8695 -0.4936 0.0173
vn -0.1945 0.4404 0.8765
vn -0.9153 -0.1802 0.3603
vn -0.9684 -0.0278 0.2477
vn -0.9902 -0.0023 0.1400
vn -0.2412 0.9410 0.2375
vn -0.2691 0.7670 0.5825
vn 0.9580 0.2006 -0.2051
vn 0.9360 0.3476 -0.0557
vn 0.9645 0.2639 0.0043
vn 0.9228 0.3851 -0.0115
vn 0.6224 0.7515 -0.2190
vn 0.5253 0.8493 0.0522
vn 0.8566 0.4712 -0.2100
vn 0.9381 0.2532 -0.2363
vn 0.9059 -0.2564 -0.3371
vn 0.7619 -0.4870 -0.4270
vn 0.6546 -0.5914 -0.4710
vn 0.6661 -0.5039 -0.5498
vn 0.9746 0.2183 -0.0498
vn -0.9092 -0.0182 -0.4159
vn -0.2242 0.5409 -0.8107
vn -0.7258 -0.0873 -0.6823
vn -0.0399 0.4966 -0.8670
vn -0.4508 -0.4496 -0.7711
vn 0.1088 0.1807 -0.9775
vn 0.2667 -0.5889 -0.7629
vn 0.8328 -0.1521 -0.5322
vn 0.3522 -0.8057 -0.4762
vn 0.7872 0.4229 -0.4489
vn 0.5600 0.7532 -0.3450
vn 0.7060 0.6609 -0.2543
vn 0.5545 0.8005 -0.2275
vn 0.3434 0.9375 0.0558
vn 0.0085 0.9930 0.1176
vn 0.4321 0.8036 -0.4093
vn 0.7233 0.6635 -0.1915
vn 0.6555 0.6222 0.4279
vn -0.4766 0.8202 0.3165
vn -0.7144 0.5827 0.3873
vn -0.9882 -0.0804 0.1303
vn -0.4914 0.6482 0.5816
vn -0.9131 0.0006 0.4078
vn -0.2223 0.9216 0.3181
vn -0.9771 0.0497 0.2068
vn -0.0523 0.8197 0.5704
vn -0.8691 0.0025 0.4947
vn -0.9800 -0.0745 0.1843
vn -0.4912 -0.8286 -0.2686
vn -0.9548 0.2370 0.1796
vn -0.9205 0.2253 0.3192
vn -0.8935 0.4489 0.0137
vn 0.1807 0.9759 0.1227
vn -0.3032 0.9515 0.0523
vn 0.4790 0.8512 0.2146
vn -0.3479 0.8713 0.3460
vn -0.3272 0.7938 0.5127
vn -0.3777 0.9130 0.1542
vn -0.5721 0.8133 -0.1062
vn 0.7992 0.5657 0.2032
vn 0.8560 0.3884 0.3412
vn 0.4281 0.8783 0.2128
vn 0.4674 0.8818 -0.0634
vn 0.9088 0.4152 0.0425
vn 0.5694 0.7813 0.2557
vn 0.1577 0.8621 0.4817
vn 0.6534 0.7390 0.1644
vn 0.9151 -0.2973 -0.2724
vn 0.8284 0.3042 -0.4703
vn 0.8231 0.5085 -0.2527
vn 0.7340 0.5646 -0.3774
vn 0.8439 0.4834 0.2326
vn 0.9015 0.4324 0.0179
vn 0.9455 0.3243 0.0292
vn 0.9767 0.2084 0.0512
vn 0.9549 0.2965 0.0160
vn 0.5758 -0.3140 0.7549
vn 0.2534 0.8244 0.5062
vn 0.9247 0.3724 -0.0793
vn 0.9607 -0.2260 -0.1609
vn 0.7717 0.5840 -0.2517
vn 0.3419 0.8982 -0.2762
vn -0.3302 -0.6964 0.6372
vn 0.9309 0.3653 0.0032
vn 0.8545 -0.3400 -0.3927
vn 0.7604 -0.6492 0.0204
vn 0.7318 -0.4708 -0.4927
vn 0.7015 -0.1331 -0.7001
vn 0.7790 0.5001 -0.3782
vn 0.7156 0.1104 -0.6898
vn 0.8069 -0.4331 -0.4016
vn 0.8459 0.5156 0.1362
vn 0.9063 -0.0984 0.4110
vn 0.9420 -0.3042 -0.1417
vn 0.6520 -0.2906 -0.7003
vn -0.2684 -0.8208 -0.5042
vn -0.1644 -0.8645 -0.4751
vn 0.0803 -0.8653 -0.4947
vn -0.4584 -0.8728 0.1677
vn -0.7200 -0.6324 -0.2856
vn -0.9868 -0.0939 0.1322
vn -0.8551 -0.4801 -0.1958
vn -0.8529 -0.4841 0.1956
vn -0.8703 -0.4525 0.1945
vn -0.8905 -0.4262 -0.1591
vn -0.6758 -0.6791 -0.2867
vn -0.5384 -0.7728 -0.3360
vn -0.7465 -0.6568 -0.1066
vn 0.1226 -0.4604 0.8792
vn 0.6576 0.4544 0.6009
vn 0.5943 0.3669 0.7157
vn 0.6238 0.7636 -0.1667
vn 0.7506 0.6558 -0.0806
vn 0.1638 0.7494 -0.6415
vn 0.1189 0.7782 -0.6167
vn 0.3880 0.4868 -0.7826
vn 0.7305 0.3597 0.5806
vn -0.9139 -0.1109 0.3905
vn -0.2583 0.1195 0.9587
vn 0.4156 0.9080 0.0530
vn 0.2778 0.6489 -0.7083
vn -0.4310 0.1343 -0.8923
vn -0.6226 0.1862 -0.7601
vn -0.4250 -0.0019 -0.9052
vn -0.5325 -0.0681 -0.8437
vn 0.3557 0.4723 -0.8065
vn 0.7858 0.5909 -0.1826
vn 0.8530 0.3027 0.4251
vn 0.2366 0.9227 0.3044
vn -0.4135 0.8707 -0.2661
vn -0.5077 -0.0271 -0.8611
vn -0.0361 0.5111 -0.8588
vn -0.7017 -0.0947 -0.7062
vn -0.7804 -0.0812 -0.6200
vn -0.4474 -0.8815 0.1508
vn 0.0354 -0.3278 0.9441
vn -0.0194 -0.0780 0.9968
vn 0.2802 -0.4411 0.8526
vn 0.1577 -0.2140 0.9640
vn -0.7572 -0.5494 0.3533
vn -0.8554 -0.4592 -0.2394
vn -0.7410 -0.5916 -0.3177
vn -0.7190 -0.5728 -0.3937
vn -0.2992 -0.9207 0.2506
vn -0.5165 -0.7435 0.4247
vn -0.9355 -0.2514 -0.2484
vn 0.9664 0.2453 -0.0770
vn 0.6786 0.6913 0.2482
vn 0.9434 0.3011 -0.1390
vn 0.6630 0.7152 0.2212
vn 0.9344 0.3560 0.0105
vn 0.6832 0.6943 0.2263
vn 0.9113 0.3682 -0.1842
vn 0.8507 -0.1711 -0.4970
vn 0.3181 -0.6545 -0.6859
vn 0.3356 -0.8231 -0.4582
vn 0.9103 -0.2810 -0.3041
vn 0.8779 -0.3119 -0.3634
vn 0.9709 0.2395 -0.0038
vn 0.6728 0.6699 0.3141
vn -0.2497 0.7602 0.5998
vn -0.2126 0.8180 0.5344
vn -0.2420 0.8290 0.5041
vn -0.2992 0.8039 0.5141
vn 0.8811 0.2796 0.3814
vn -0.2314 0.7099 0.6652
vn -0.3230 0.9403 -0.1073
vn 0.5341 0.8308 -0.1566
vn -0.9409 0.1281 0.3136
vn 0.1592 -0.6425 -0.7495
vn -0.7893 -0.5901 -0.1697
vn -0.5071 -0.7753 -0.3766
vn -0.9537 -0.2827 0.1026
vn -0.8961 -0.4437 -0.0117
vn -0.9263 0.1582 0.3420
vn -0.9197 0.1205 0.3737
vn -0.9500 0.2683 -0.1597
vn -0.4000 -0.7150 0.5734
vn -0.9002 -0.2237 -0.3736
vn -0.9193 -0.3934 0.0084
vn -0.9000 -0.4353 0.0232
vn -0.4709 -0.8222 -0.3197
vn 0.2610 -0.8159 -0.5160
vn -0.4990 -0.8017 -0.3290
vn -0.5875 -0.5036 -0.6335
vn 0.0926 0.2424 0.9657
vn 0.1987 -0.4634 0.8636
vn -0.1671 0.1326 0.9770
vn 0.3959 -0.9064 -0.1471
vn -0.1544 -0.9617 -0.2264
vn -0.9544 0.0802 0.2877
vn -0.6311 -0.6109 0.4781
vn 0.4753 -0.3015 0.8265
vn 0.0663 -0.3119 0.9478
vn -0.1757 -0.5507 0.8160
vn 0.0636 -0.9062 0.4181
vn 0.3174 -0.8910 0.3245
vn 0.2713 -0.9319 -0.2409
vn 0.6567 -0.6563 0.3714
vn -0.0429 -0.9233 0.3816
vn -0.5491 -0.7222 0.4206
vn -0.8356 -0.3117 0.4524
vn -0.2281 -0.9589 0.1689
vn -0.8016 -0.1468 0.5796
vn 0.1138 -0.2508 0.9613
vn 0.2176 -0.9716 0.0929
vn 0.6865 -0.7235 0.0726
vn 0.6688 -0.6678 0.3268
vn 0.7892 0.2618 0.5555
vn 0.9559 -0.1071 0.2734
vn 0.8849 -0.0913 0.4568
vn 0.9806 0.0222 -0.1947
vn 0.8369 -0.1947 -0.5115
vn 0.8117 -0.3494 0.4680
vn 0.7387 -0.5847 -0.3354
vn -0.8215 -0.4594 0.3376
vn -0.2561 -0.4026 0.8788
vn -0.5577 -0.4508 0.6970
vn -0.8308 -0.4881 -0.2676
vn -0.9485 -0.1846 -0.2574
vn 0.7017 0.4208 -0.5750
vn 0.6912 0.3614 -0.6258
vn 0.6422 0.7422 -0.1915
vn -0.2888 0.7301 -0.6193
vn 0.1625 0.3052 -0.9383
vn -0.6455 -0.0839 -0.7591
vn 0.6050 0.7940 -0.0601
vn -0.1938 0.9810 0.0131
vn 0.4872 0.8640 -0.1274
vn 0.7007 0.7123 -0.0419
vn 0.9311 0.2458 0.2694
vn 0.4866 0.8662 -0.1139
vn -0.2349 0.9644 -0.1216
vn 0.5332 0.8460 -0.0017
vn -0.3719 0.9278 -0.0294
vn -0.9479 0.3166 0.0362
vn -0.8670 0.4906 -0.0870
vn -0.9271 0.3307 -0.1763
vn -0.8631 0.0492 -0.5026
vn -0.8224 -0.5482 -0.1520
vn -0.9486 0.2750 0.1569
vn -0.8176 -0.0468 -0.5739
vn -0.6416 -0.3769 -0.6681
vn -0.4224 -0.6531 -0.6286
vn -0.6937 -0.6925 0.1982
vn -0.4627 -0.7572 -0.4611
vn -0.7999 -0.1359 -0.5846
vn -0.9889 -0.0681 -0.1324
vn -0.8962 0.2863 -0.3391
vn -0.9385 0.2904 -0.1867
vn -0.1127 -0.2107 -0.9710
vn -0.4968 0.4343 -0.7514
vn 0.6079 0.7036 0.3679
vn -0.6292 0.6908 0.3561
vn 0.7810 0.4627 -0.4195
vn 0.8302 0.5450 0.1170
vn 0.8591 0.5070 -0.0706
vn 0.7235 0.3707 -0.5823
vn -0.7438 -0.5416 0.3918
vn -0.6984 -0.5933 0.4002
vn -0.9924 0.0703 0.1012
vn -0.9407 0.3321 -0.0694
vn -0.8445 0.5209 -0.1245
vn -0.2546 0.9503 -0.1795
vn 0.4060 0.9077 -0.1064
vn 0.6247 0.7773 -0.0746
vn -0.7320 -0.5751 0.3653
vn -0.9880 0.1451 0.0521
vn -0.7611 -0.5502 0.3436
vn -0.7433 -0.5675 0.3543
vn -0.9941 0.1072 -0.0152
vn -0.7338 -0.5975 0.3233
vn -0.9691 0.2282 -0.0932
vn -0.8089 0.5767 -0.1142
vn -0.2530 0.9582 -0.1339
vn 0.3451 0.9279 -0.1413
vn -0.2567 0.9515 -0.1695
vn 0.3214 0.9332 -0.1609
vn 0.6244 0.7727 -0.1142
vn 0.9112 0.3745 0.1716
vn 0.9503 0.0227 0.3105
vn 0.8071 0.5868 -0.0648
vn 0.9595 -0.0496 0.2772
vn 0.7935 0.6086 -0.0020
vn 0.8427 -0.2630 0.4698
vn 0.9440 0.0063 0.3299
vn -0.7939 0.5951 -0.1246
vn -0.9762 0.2123 -0.0435
vn -0.7543 0.6415 -0.1398
vn -0.7444 -0.5823 0.3268
vn -0.9378 -0.2282 0.2615
vn -0.7939 0.5907 -0.1438
vn -0.2665 0.9511 -0.1563
vn 0.2838 0.9540 -0.0964
vn -0.2424 0.9672 -0.0756
vn 0.7810 0.4422 0.4410
vn 0.1289 0.7993 0.5870
vn -0.3833 0.6477 0.6585
vn 0.4508 -0.1709 0.8761
vn -0.1847 -0.3384 0.9227
vn -0.7348 0.6258 0.2617
vn -0.8473 -0.2249 0.4812
vn 0.7748 -0.0811 -0.6269
vn 0.9595 -0.1975 -0.2011
vn 0.6963 0.3063 -0.6491
vn 0.9800 -0.0515 -0.1921
vn 0.6672 -0.4745 -0.5742
vn 0.6344 -0.5779 -0.5134
vn 0.5705 0.8012 -0.1805
vn 0.5492 0.8357 -0.0084
vn 0.9501 0.0248 0.3110
vn 0.9647 0.1630 0.2068
vn 0.2185 -0.9511 0.2184
vn 0.7144 -0.5710 0.4044
vn 0.9770 -0.2079 0.0467
vn 0.0733 -0.9586 -0.2751
vn 0.3787 -0.7994 0.4664
vn 0.1968 -0.7673 0.6104
vn 0.2278 0.1282 0.9652
vn -0.3077 -0.8662 0.3937
vn -0.7735 -0.5776 0.2610
vn -0.1506 -0.2260 0.9624
vn -0.6858 -0.4550 0.5680
vn -0.0874 -0.9513 0.2955
vn -0.8612 -0.4499 0.2366
vn -0.9292 -0.3689 -0.0211
vn -0.8533 -0.5159 0.0756
vn -0.8628 -0.4960 0.0974
vn -0.9220 -0.3590 0.1450
vn -0.9003 -0.3962 0.1804
vn -0.9219 -0.2846 0.2630
vn -0.6838 -0.4603 0.5662
vn -0.5116 -0.7989 0.3163
vn -0.7657 -0.6430 0.0196
vn 0.0073 -0.9908 -0.1349
vn -0.9535 -0.2970 -0.0509
vn -0.9763 -0.2165 -0.0000
vn -0.9892 0.1371 0.0514
vn -0.8867 0.3589 0.2914
vn -0.7084 0.5789 0.4038
vn -0.8902 0.4500 -0.0711
vn -0.9969 0.0245 0.0746
vn -0.9015 0.3286 -0.2816
vn -0.8300 0.4331 -0.3515
vn -0.4703 0.0184 -0.8823
vn -0.6592 0.7518 -0.0142
vn -0.1124 0.8704 -0.4794
vn -0.3218 0.7771 0.5409
vn -0.8056 0.1461 0.5741
vn 0.0349 0.5376 0.8425
vn -0.9796 -0.0283 -0.1990
vn -0.9541 -0.0234 -0.2987
vn -0.8852 -0.0188 -0.4648
vn -0.9616 -0.1967 -0.1914
vn -0.9963 -0.0138 -0.0851
vn -0.8770 0.1233 -0.4644
vn -0.9640 -0.2525 0.0834
vn -0.8249 -0.4998 -0.2643
vn -0.9475 -0.3044 -0.0975
vn -0.8916 -0.0699 -0.4474
vn -0.1461 0.9240 0.3535
vn -0.3412 0.9165 -0.2088
vn -0.2090 0.8266 -0.5225
vn -0.2185 0.5646 -0.7959
vn -0.7120 0.2122 -0.6693
vn -0.8597 0.1391 -0.4914
vn -0.8517 0.1015 0.5141
vn -0.9687 0.2335 -0.0845
vn -0.2285 0.5930 0.7721
vn -0.7281 0.6785 0.0979
vn -0.1421 0.9862 0.0844
vn -0.3352 0.4643 -0.8198
vn -0.2046 0.4551 -0.8666
vn -0.2964 0.8689 -0.3964
vn -0.6952 0.5363 -0.4787
vn -0.1987 0.7275 -0.6567
vn -0.9404 0.3349 0.0594
vn -0.9886 -0.0473 -0.1430
vn -0.9128 0.3852 -0.1358
vn -0.6022 0.7478 -0.2796
vn -0.7970 0.5615 -0.2226
vn -0.1491 0.8893 -0.4323
vn -0.9982 0.0202 -0.0566
vn -0.7546 0.5024 -0.4222
vn -0.6032 0.1858 -0.7756
vn -0.0090 0.6021 -0.7983
vn -0.3398 0.6228 -0.7047
vn -0.7569 0.5725 -0.3153
vn 0.0098 0.8465 -0.5322
vn -0.6369 0.4273 -0.6416
vn -0.6055 0.4501 -0.6563
vn 0.2255 0.9103 -0.3472
vn 0.2778 0.7476 -0.6033
vn 0.5954 0.7658 -0.2431
vn 0.6147 0.6542 -0.4407
vn 0.6752 0.7114 -0.1950
vn 0.8323 0.4629 -0.3049
vn 0.6864 0.6194 -0.3810
vn 0.2806 0.7289 -0.6245
vn 0.7130 0.6364 -0.2943
vn 0.4949 0.6242 -0.6045
vn -0.1112 0.6708 -0.7333
vn 0.3331 0.5205 -0.7862
vn 0.7138 0.5868 -0.3824
vn 0.8412 0.5362 -0.0695
vn 0.6679 0.6412 -0.3778
vn 0.7771 0.4521 -0.4379
vn 0.6482 0.7411 0.1748
vn 0.7342 0.6641 0.1411
vn 0.8616 0.5074 0.0102
vn 0.3087 0.6898 -0.6549
vn 0.3298 0.8646 0.3792
vn 0.5821 0.8095 0.0763
vn 0.6473 0.7129 -0.2698
vn 0.8852 0.4639 0.0346
vn 0.9785 0.1950 0.0673
vn 0.9778 0.1113 0.1778
vn 0.8147 0.2492 0.5236
vn 0.9827 0.1083 0.1502
vn 0.7953 0.4873 0.3606
vn 0.9709 0.2072 0.1204
vn 0.9105 0.3691 0.1866
vn 0.8214 -0.5442 -0.1709
vn 0.8012 -0.5960 -0.0534
vn 0.8738 -0.3707 0.3147
vn 0.4397 -0.8789 0.1849
vn 0.4405 -0.7619 0.4748
vn 0.1933 -0.1197 0.9738
vn 0.9041 -0.1650 0.3941
vn 0.7078 -0.7026 0.0733
vn 0.8956 0.4225 0.1394
vn 0.8188 0.5400 0.1950
vn 0.6551 0.6503 -0.3847
vn 0.6414 0.7668 0.0251
vn 0.4378 0.6160 0.6549
vn 0.2394 -0.7708 0.5903
vn 0.9227 -0.0569 0.3813
vn 0.2971 -0.3339 0.8946
vn 0.3563 0.2128 0.9098
vn 0.7924 -0.0081 0.6099
vn 0.1935 -0.1172 0.9741
vn 0.7445 -0.1849 0.6415
vn -0.6846 -0.4286 0.5897
vn -0.5284 -0.3543 0.7715
vn -0.1025 -0.5060 0.8564
vn -0.3353 -0.9341 0.1228
vn 0.6916 -0.5456 0.4732
vn 0.7053 -0.7071 -0.0498
vn 0.8113 -0.5479 -0.2040
vn 0.9931 0.0035 -0.1175
vn 0.9998 0.0090 0.0200
vn 0.9597 0.0578 -0.2750
vn 0.9783 0.0570 -0.1992
vn -0.2342 0.2366 0.9429
vn 0.9223 0.2724 -0.2740
vn 0.9926 -0.0763 0.0948
vn 0.9564 0.2906 0.0284
vn 0.9446 0.3266 0.0341
vn 0.9549 0.2439 -0.1696
vn 0.9174 0.1155 -0.3809
vn 0.9579 0.1982 -0.2079
vn 0.7869 -0.3020 -0.5381
vn 0.9017 0.0602 -0.4282
vn 0.9364 0.3501 -0.0248
vn 0.9406 0.3058 0.1472
vn 0.9491 0.1958 0.2467
vn 0.9905 0.1328 -0.0350
vn 0.8388 -0.3323 0.4313
vn 0.9484 0.3024 -0.0949
vn 0.7247 0.0845 -0.6838
vn 0.8923 -0.2779 -0.3557
vn 0.9252 -0.3791 0.0153
vn 0.9751 0.2083 -0.0759
vn -0.1004 0.9353 -0.3392
vn 0.7354 0.6256 -0.2603
vn -0.5434 0.1022 0.8332
vn -0.9408 0.3253 -0.0956
vn 0.6862 0.4832 0.5438
vn -0.6569 -0.7292 0.1920
vn 0.2790 -0.7295 0.6245
vn 0.0616 -0.8122 -0.5802
vn -0.1964 0.2591 -0.9457
vn 0.9513 0.2518 0.1780
vn 0.9404 0.1348 0.3122
vn 0.9682 0.1903 0.1626
vn 0.8462 -0.5259 0.0861
vn 0.9555 -0.1998 0.2172
vn 0.5458 0.7720 0.3257
vn 0.1321 -0.4580 0.8791
vn -0.5538 0.4791 0.6810
vn -0.0801 0.4249 -0.9017
vn -0.9034 -0.2960 -0.3103
vn 0.0641 -0.9352 -0.3481
vn 0.2316 -0.9254 0.3001
vn -0.3804 -0.9090 0.1706
vn -0.7193 -0.6678 -0.1915
vn -0.7736 -0.4406 0.4554
vn 0.9885 0.1459 0.0387
vn 0.9784 0.2063 0.0130
vn 0.9861 0.1083 0.1256
vn 0.5163 -0.8286 0.2164
vn 0.9209 0.3816 -0.0800
vn 0.9465 0.2745 -0.1694
vn 0.9836 0.1688 0.0638
vn 0.8880 -0.3722 0.2700
vn 0.4316 -0.7316 0.5277
vn -0.4845 -0.8491 0.2107
vn 0.3102 -0.8931 0.3257
vn -0.7035 -0.7064 0.0781
vn 0.0208 -0.9955 0.0928
vn 0.2348 -0.9578 -0.1655
vn -0.3500 -0.5242 -0.7763
vn -0.7008 -0.5037 -0.5051
vn -0.4379 -0.5147 -0.7371
vn 0.0827 -0.3188 -0.9442
vn 0.1855 -0.5418 -0.8198
vn -0.0274 -0.8650 -0.5010
vn -0.5182 -0.7547 -0.4024
vn 0.5412 -0.7189 -0.4362
vn 0.4095 -0.9053 0.1127
vn -0.3171 -0.9482 -0.0171
vn 0.8994 0.0849 -0.4287
vn 0.9276 -0.3719 -0.0348
vn 0.6105 -0.2038 -0.7653
vn 0.8448 0.1451 -0.5150
vn 0.7836 0.3914 -0.4824
vn 0.6462 0.0200 -0.7629
vn 0.6515 0.3787 -0.6574
vn 0.4240 0.7412 -0.5205
vn 0.6046 0.0693 -0.7935
vn 0.3482 -0.9311 0.1086
vn 0.7466 -0.4810 0.4597
vn 0.9852 -0.1193 0.1232
vn 0.4489 -0.7790 0.4378
vn 0.2212 -0.6220 0.7511
vn -0.3573 -0.8307 0.4270
vn -0.7732 -0.5035 0.3857
vn -0.3971 -0.8756 -0.2751
vn 0.1340 0.2648 0.9549
vn 0.0177 -0.3000 0.9538
vn 0.2145 -0.4334 0.8753
vn -0.3406 0.1278 0.9315
vn 0.9113 -0.1557 0.3812
vn 0.7989 -0.4594 0.3882
vn -0.3391 -0.8454 0.4128
vn -0.8046 -0.4646 0.3698
vn 0.1382 -0.9867 0.0858
vn 0.0936 -0.6338 0.7678
vn 0.9216 -0.3748 0.1013
vn 0.2284 -0.9385 0.2588
vn 0.6884 -0.5989 0.4093
vn 0.9675 -0.2311 0.1022
vn 0.0840 -0.9313 -0.3545
vn 0.4145 -0.4436 0.7946
vn 0.1955 -0.6741 0.7123
vn 0.0916 0.1576 0.9833
vn -0.2833 -0.8612 0.4219
vn -0.7786 -0.5887 0.2171
vn -0.2137 -0.9181 0.3339
vn 0.6532 -0.6082 0.4510
vn 0.2139 -0.3873 0.8968
vn 0.7459 -0.5726 0.3404
vn -0.2890 -0.8710 0.3973
vn 0.7011 -0.5788 0.4164
vn 0.9346 -0.1590 0.3183
vn 0.5471 -0.6967 0.4639
vn 0.5920 -0.6816 0.4302
vn 0.6528 -0.6141 0.4434
vn 0.3498 -0.5283 0.7736
vn 0.7104 -0.5612 0.4247
vn 0.3192 -0.9331 0.1656
vn -0.2753 -0.7297 0.6258
vn -0.4257 -0.4764 0.7693
vn 0.2445 -0.2229 0.9437
vn -0.8291 -0.5373 0.1547
vn -0.3106 -0.9503 -0.0224
vn -0.3670 -0.8645 -0.3433
vn 0.2922 -0.9134 -0.2833
vn -0.0532 -0.6481 -0.7597
vn 0.7640 -0.3161 -0.5625
vn 0.9941 -0.0132 -0.1080
vn 0.7156 -0.1013 -0.6911
vn 0.7279 -0.5822 -0.3622
vn 0.9883 -0.1490 -0.0335
vn 0.7026 -0.7116 0.0024
vn 0.7733 -0.0346 0.6331
vn -0.0998 -0.9403 0.3253
vn -0.1210 -0.9818 0.1467
vn -0.1215 -0.9398 -0.3194
vn 0.5730 -0.8090 -0.1313
vn 0.6383 -0.7269 0.2533
vn -0.0549 -0.3005 -0.9522
vn 0.9913 0.1239 -0.0451
vn 0.5337 -0.0905 0.8408
vn -0.1219 -0.8917 0.4359
vn -0.0816 -0.8888 0.4509
vn -0.0861 -0.8824 0.4625
vn -0.2307 -0.8254 0.5152
vn 0.6535 -0.5731 0.4945
vn 0.6825 -0.5531 0.4777
vn 0.9977 -0.0108 0.0674
vn 0.1241 -0.5216 0.8441
vn 0.3513 -0.9218 -0.1638
vn 0.0339 0.4588 0.8879
vn -0.8352 -0.4755 0.2765
vn 0.0898 -0.8044 -0.5872
vn -0.7609 -0.6438 -0.0810
vn -0.0583 -0.8034 -0.5926
vn 0.2632 -0.6929 0.6713
vn -0.3871 -0.9104 0.1460
vn -0.7187 -0.6938 -0.0463
vn -0.7504 -0.2666 0.6048
vn -0.5620 -0.3913 0.7287
vn -0.8335 -0.5523 -0.0153
vn -0.8749 -0.2038 0.4393
vn -0.8665 -0.4708 0.1660
vn -0.9886 -0.1427 -0.0487
vn -0.8986 -0.4145 -0.1436
vn -0.0773 0.5831 0.8087
vn -0.6194 0.0978 0.7790
vn -0.3996 0.2312 0.8870
vn 0.4566 0.7613 0.4604
vn 0.7647 0.6426 -0.0490
vn -0.4537 0.8721 0.1832
vn -0.8933 0.3689 0.2568
vn -0.4529 0.4292 0.7814
vn -0.0019 0.4075 0.9132
vn -0.0437 0.7524 0.6573
vn -0.8111 -0.1326 0.5697
vn -0.3393 0.0510 0.9393
vn -0.4992 -0.4845 0.7183
vn -0.7447 -0.6419 0.1829
vn -0.6515 -0.7570 0.0503
vn -0.1000 0.5618 0.8212
vn -0.4266 0.1039 0.8984
vn 0.3420 0.6440 0.6843
vn 0.9059 0.3908 -0.1629
vn 0.7477 0.5769 0.3290
vn 0.8415 0.2471 -0.4804
vn 0.2937 -0.2559 -0.9210
vn 0.8851 0.4032 -0.2323
vn 0.6726 0.6875 0.2738
vn 0.7479 0.0763 -0.6594
vn 0.4869 -0.3258 -0.8104
vn -0.2699 -0.5607 -0.7828
vn -0.1257 -0.5844 -0.8017
vn -0.3245 -0.6910 -0.6459
vn 0.4998 -0.2244 -0.8366
vn 0.4121 -0.0792 -0.9077
vn 0.7869 0.4158 -0.4559
vn 0.5239 -0.0593 -0.8497
vn 0.6314 0.7066 0.3195
vn 0.7813 0.6241 0.0073
vn 0.2345 0.6161 0.7520
vn 0.4889 0.7124 0.5034
vn -0.1287 0.3731 0.9188
vn -0.6474 -0.5804 -0.4941
vn -0.7652 -0.6063 -0.2165
vn -0.7296 -0.6635 -0.1658
vn 0.0801 -0.4990 -0.8629
vn -0.4172 -0.6576 -0.6273
vn -0.0124 -0.3739 -0.9274
vn -0.2385 -0.6372 -0.7329
vn 0.1102 -0.4488 -0.8868
vn 0.2275 -0.2726 -0.9349
vn 0.7894 0.3859 -0.4774
vn 0.5822 0.1932 -0.7898
vn 0.6161 0.7165 -0.3273
vn -0.1714 0.9261 -0.3362
vn 0.2514 0.9473 0.1985
vn -0.4113 -0.7955 -0.4450
vn -0.4834 -0.8172 -0.3140
vn -0.0983 -0.7043 -0.7031
vn -0.6269 -0.6256 -0.4643
vn -0.8077 -0.1207 -0.5771
vn -0.2278 -0.4285 -0.8744
vn 0.0553 0.7039 -0.7081
vn 0.2556 0.2258 -0.9401
vn -0.4143 0.1726 -0.8936
vn 0.5614 -0.7725 -0.2967
vn -0.1050 -0.9693 -0.2223
vn 0.5371 -0.3799 0.7532
vn -0.1954 -0.8337 0.5165
vn 0.6248 -0.7693 0.1332
vn -0.4649 -0.8798 0.0988
vn 0.9679 0.2511 0.0057
vn -0.9718 -0.0869 0.2191
vn -0.7251 -0.6868 -0.0514
vn -0.6203 0.3916 0.6797
vn -0.3919 0.8115 0.4335
vn 0.2500 0.8048 0.5384
vn 0.7697 0.6324 -0.0870
vn 0.8195 -0.3950 0.4153
vn 0.8387 0.4099 -0.3585
vn 0.9104 0.1455 0.3874
vn -0.2542 0.3709 -0.8932
vn -0.3429 0.8701 -0.3540
vn -0.9811 -0.1934 0.0055
vn -0.9129 -0.3986 0.0882
vn -0.9295 -0.3084 -0.2022
vn -0.9094 -0.3114 -0.2758
vn -0.8399 -0.5031 -0.2035
vn -0.6779 -0.2972 -0.6724
vn -0.8999 -0.3286 -0.2867
vn -0.9567 -0.2805 0.0775
vn -0.9181 -0.2916 0.2685
vn -0.9428 -0.2098 0.2589
vn -0.9701 -0.1895 0.1520
vn -0.8732 -0.4352 0.2195
vn -0.8895 -0.3752 -0.2609
vn -0.5730 -0.8011 0.1728
vn -0.6627 -0.7122 0.2315
vn -0.7925 -0.5931 0.1423
vn -0.9886 0.1447 0.0417
vn -0.8203 -0.5622 -0.1047
vn -0.0191 -0.9464 0.3225
vn -0.5723 -0.7899 0.2201
vn -0.9439 -0.2005 -0.2624
vn -0.8544 -0.4654 -0.2313
vn 0.2632 -0.9128 -0.3124
vn 0.9858 -0.0879 -0.1434
vn 0.7373 -0.1732 -0.6529
vn 0.9195 -0.3285 0.2158
vn 0.5654 -0.7662 0.3054
vn -0.9367 -0.3501 0.0006
vn -0.9886 -0.1414 -0.0508
vn -0.9665 -0.2564 -0.0112
vn -0.9581 -0.1730 -0.2283
vn -0.9925 -0.1172 -0.0345
vn -0.9760 -0.2143 -0.0381
vn -0.7984 -0.5959 -0.0859
vn -0.9760 -0.2171 -0.0162
vn -0.9664 -0.2513 -0.0549
vn -0.9748 -0.0060 -0.2229
vn -0.6581 -0.7113 0.2468
vn -0.9693 -0.2192 -0.1111
vn -0.7640 0.5157 -0.3877
vn 0.8215 -0.4594 0.3376
vn 0.5577 -0.4508 0.6970
vn 0.2561 -0.4026 0.8788
vn 0.8308 -0.4880 -0.2676
vn 0.9485 -0.1846 -0.2574
vn -0.7017 0.4207 -0.5750
vn -0.6422 0.7422 -0.1915
vn -0.6912 0.3614 -0.6258
vn 0.2888 0.7301 -0.6193
vn 0.6455 -0.0839 -0.7591
vn -0.1625 0.3052 -0.9383
vn -0.6050 0.7940 -0.0601
vn 0.1937 0.9810 0.0131
vn -0.4872 0.8640 -0.1274
vn -0.9311 0.2458 0.2694
vn -0.7007 0.7123 -0.0420
vn -0.4866 0.8662 -0.1139
vn 0.2349 0.9644 -0.1216
vn -0.5332 0.8460 -0.0017
vn 0.3719 0.9278 -0.0294
vn 0.8670 0.4906 -0.0870
vn 0.9479 0.3166 0.0362
vn 0.9271 0.3307 -0.1763
vn 0.8631 0.0492 -0.5026
vn 0.9486 0.2750 0.1569
vn 0.8224 -0.5482 -0.1520
vn 0.8176 -0.0468 -0.5739
vn 0.6416 -0.3769 -0.6681
vn 0.4224 -0.6531 -0.6286
vn 0.6937 -0.6925 0.1982
vn 0.4627 -0.7572 -0.4611
vn 0.7999 -0.1359 -0.5846
vn 0.9888 -0.0682 -0.1324
vn 0.9385 0.2904 -0.1867
vn 0.8962 0.2862 -0.3391
vn 0.1128 -0.2107 -0.9710
vn 0.4968 0.4343 -0.7514
vn -0.6079 0.7036 0.3679
vn 0.6292 0.6908 0.3561
vn -0.8302 0.5450 0.1170
vn -0.7810 0.4627 -0.4195
vn -0.8591 0.5070 -0.0706
vn -0.7235 0.3707 -0.5823
vn 0.7438 -0.5416 0.3918
vn 0.6984 -0.5933 0.4002
vn 0.9924 0.0703 0.1013
vn 0.9407 0.3321 -0.0694
vn 0.8445 0.5209 -0.1246
vn 0.2546 0.9503 -0.1795
vn -0.4060 0.9077 -0.1064
vn -0.6247 0.7773 -0.0746
vn 0.7320 -0.5751 0.3653
vn 0.9880 0.1451 0.0521
vn 0.7611 -0.5502 0.3436
vn 0.7433 -0.5675 0.3543
vn 0.9941 0.1073 -0.0152
vn 0.7338 -0.5975 0.3233
vn 0.9691 0.2282 -0.0932
vn 0.8089 0.5767 -0.1142
vn 0.2530 0.9582 -0.1339
vn -0.3450 0.9279 -0.1413
vn 0.2567 0.9515 -0.1695
vn -0.3213 0.9332 -0.1609
vn -0.6244 0.7727 -0.1142
vn -0.9112 0.3745 0.1716
vn -0.9503 0.0227 0.3105
vn -0.8071 0.5868 -0.0648
vn -0.9595 -0.0496 0.2772
vn -0.7935 0.6086 -0.0020
vn -0.8427 -0.2630 0.4698
vn -0.9440 0.0063 0.3299
vn 0.7939 0.5951 -0.1246
vn 0.9762 0.2123 -0.0435
vn 0.7543 0.6415 -0.1398
vn 0.7444 -0.5823 0.3268
vn 0.9378 -0.2282 0.2615
vn 0.7940 0.5907 -0.1438
vn 0.2665 0.9511 -0.1563
vn -0.2838 0.9540 -0.0964
vn 0.2424 0.9672 -0.0756
vn -0.7810 0.4422 0.4410
vn -0.1289 0.7993 0.5870
vn 0.3832 0.6477 0.6585
vn -0.4508 -0.1709 0.8761
vn 0.1847 -0.3384 0.9227
vn 0.7348 0.6258 0.2617
vn 0.8473 -0.2248 0.4812
vn -0.7749 -0.0811 -0.6269
vn -0.9595 -0.1975 -0.2010
vn -0.6963 0.3063 -0.6491
vn -0.6672 -0.4745 -0.5743
vn -0.9800 -0.0515 -0.1921
vn -0.6344 -0.5779 -0.5134
vn -0.5705 0.8012 -0.1805
vn -0.5492 0.8357 -0.0084
vn -0.9647 0.1630 0.2068
vn -0.9501 0.0248 0.3110
vn -0.2185 -0.9511 0.2184
vn -0.9770 -0.2079 0.0467
vn -0.7144 -0.5710 0.4044
vn -0.0733 -0.9586 -0.2750
vn -0.3787 -0.7994 0.4664
vn -0.2278 0.1282 0.9652
vn -0.1967 -0.7673 0.6104
vn 0.7735 -0.5776 0.2609
vn 0.3077 -0.8662 0.3937
vn 0.1505 -0.2259 0.9624
vn 0.0874 -0.9513 0.2955
vn 0.6858 -0.4550 0.5680
vn 0.8612 -0.4499 0.2366
vn 0.8533 -0.5159 0.0756
vn 0.9292 -0.3689 -0.0211
vn 0.9220 -0.3590 0.1450
vn 0.8628 -0.4960 0.0974
vn 0.9003 -0.3962 0.1804
vn 0.9218 -0.2846 0.2630
vn 0.6838 -0.4603 0.5662
vn 0.5116 -0.7989 0.3163
vn 0.7657 -0.6429 0.0196
vn -0.0073 -0.9908 -0.1349
vn 0.9535 -0.2970 -0.0509
vn 0.9763 -0.2165 -0.0000
vn 0.9892 0.1371 0.0514
vn 0.8867 0.3589 0.2914
vn 0.8902 0.4500 -0.0711
vn 0.7084 0.5789 0.4037
vn 0.9969 0.0245 0.0745
vn 0.9015 0.3286 -0.2816
vn 0.4703 0.0183 -0.8823
vn 0.8300 0.4331 -0.3515
vn 0.6592 0.7518 -0.0142
vn 0.1124 0.8704 -0.4794
vn 0.3218 0.7771 0.5408
vn 0.8056 0.1461 0.5742
vn -0.0349 0.5376 0.8425
vn 0.9796 -0.0283 -0.1990
vn 0.9541 -0.0234 -0.2987
vn 0.9616 -0.1967 -0.1914
vn 0.8852 -0.0189 -0.4648
vn 0.9963 -0.0138 -0.0851
vn 0.9640 -0.2525 0.0834
vn 0.8770 0.1233 -0.4644
vn 0.8249 -0.4998 -0.2643
vn 0.9475 -0.3044 -0.0975
vn 0.8916 -0.0699 -0.4475
vn 0.3412 0.9165 -0.2088
vn 0.1461 0.9240 0.3535
vn 0.2185 0.5646 -0.7959
vn 0.2090 0.8266 -0.5225
vn 0.7120 0.2122 -0.6693
vn 0.8597 0.1391 -0.4915
vn 0.9687 0.2336 -0.0845
vn 0.8517 0.1015 0.5141
vn 0.2285 0.5930 0.7721
vn 0.7281 0.6785 0.0979
vn 0.1422 0.9862 0.0844
vn 0.3352 0.4643 -0.8198
vn 0.2046 0.4551 -0.8666
vn 0.2964 0.8689 -0.3964
vn 0.1987 0.7275 -0.6567
vn 0.6952 0.5363 -0.4787
vn 0.9404 0.3349 0.0594
vn 0.9886 -0.0473 -0.1430
vn 0.9128 0.3852 -0.1358
vn 0.6022 0.7478 -0.2796
vn 0.7970 0.5615 -0.2225
vn 0.1491 0.8893 -0.4323
vn 0.9982 0.0202 -0.0566
vn 0.7546 0.5024 -0.4222
vn 0.6032 0.1858 -0.7756
vn 0.0090 0.6021 -0.7983
vn 0.3398 0.6228 -0.7047
vn 0.7569 0.5725 -0.3153
vn -0.0098 0.8465 -0.5322
vn 0.6369 0.4273 -0.6416
vn 0.6055 0.4501 -0.6563
vn -0.2255 0.9103 -0.3472
vn -0.2778 0.7476 -0.6033
vn -0.6147 0.6542 -0.4407
vn -0.5954 0.7658 -0.2431
vn -0.6752 0.7114 -0.1950
vn -0.8323 0.4629 -0.3049
vn -0.6865 0.6194 -0.3810
vn -0.2806 0.7289 -0.6245
vn -0.7130 0.6364 -0.2943
vn -0.4949 0.6242 -0.6046
vn 0.1112 0.6708 -0.7333
vn -0.3331 0.5205 -0.7862
vn -0.7138 0.5868 -0.3824
vn -0.8412 0.5362 -0.0695
vn -0.7771 0.4521 -0.4379
vn -0.6679 0.6412 -0.3778
vn -0.6482 0.7412 0.1748
vn -0.7342 0.6641 0.1411
vn -0.8616 0.5074 0.0102
vn -0.3087 0.6898 -0.6549
vn -0.3298 0.8646 0.3792
vn -0.5821 0.8095 0.0763
vn -0.6473 0.7129 -0.2698
vn -0.8852 0.4639 0.0346
vn -0.9785 0.1950 0.0673
vn -0.9778 0.1113 0.1778
vn -0.9827 0.1083 0.1502
vn -0.8147 0.2492 0.5236
vn -0.9709 0.2072 0.1204
vn -0.7953 0.4873 0.3606
vn -0.9105 0.3691 0.1866
vn -0.8214 -0.5442 -0.1709
vn -0.8738 -0.3707 0.3147
vn -0.8012 -0.5960 -0.0534
vn -0.4397 -0.8789 0.1849
vn -0.1933 -0.1197 0.9738
vn -0.4405 -0.7620 0.4748
vn -0.9041 -0.1650 0.3941
vn -0.7078 -0.7026 0.0733
vn -0.8956 0.4225 0.1394
vn -0.8188 0.5400 0.1950
vn -0.6551 0.6503 -0.3847
vn -0.6414 0.7668 0.0251
vn -0.4378 0.6160 0.6549
vn -0.2395 -0.7708 0.5903
vn -0.9227 -0.0569 0.3813
vn -0.2971 -0.3339 0.8946
vn -0.3563 0.2128 0.9098
vn -0.7925 -0.0081 0.6099
vn -0.1935 -0.1171 0.9741
vn -0.7445 -0.1849 0.6415
vn 0.6846 -0.4286 0.5897
vn 0.5284 -0.3543 0.7716
vn 0.1024 -0.5060 0.8564
vn 0.3353 -0.9341 0.1228
vn -0.6916 -0.5456 0.4733
vn -0.7053 -0.7071 -0.0498
vn -0.8113 -0.5479 -0.2040
vn -0.9931 0.0035 -0.1175
vn -0.9998 0.0090 0.0201
vn -0.9597 0.0578 -0.2750
vn -0.9783 0.0570 -0.1992
vn 0.2342 0.2366 0.9430
vn -0.9926 -0.0763 0.0948
vn -0.9223 0.2724 -0.2740
vn -0.9564 0.2906 0.0284
vn -0.9445 0.3266 0.0341
vn -0.9549 0.2439 -0.1696
vn -0.9174 0.1155 -0.3809
vn -0.9579 0.1981 -0.2079
vn -0.7869 -0.3020 -0.5381
vn -0.9016 0.0602 -0.4283
vn -0.9364 0.3501 -0.0248
vn -0.9406 0.3058 0.1472
vn -0.9491 0.1958 0.2467
vn -0.9905 0.1328 -0.0351
vn -0.8388 -0.3323 0.4313
vn -0.9484 0.3024 -0.0949
vn -0.7248 0.0845 -0.6838
vn -0.8923 -0.2779 -0.3557
vn -0.9751 0.2083 -0.0759
vn -0.9252 -0.3791 0.0153
vn 0.1004 0.9353 -0.3392
vn -0.7354 0.6256 -0.2603
vn 0.5434 0.1023 0.8332
vn 0.9407 0.3254 -0.0956
vn -0.6862 0.4832 0.5438
vn 0.6569 -0.7291 0.1920
vn -0.2790 -0.7295 0.6245
vn -0.0616 -0.8122 -0.5802
vn 0.1964 0.2591 -0.9457
vn -0.9513 0.2518 0.1780
vn -0.9404 0.1347 0.3122
vn -0.9682 0.1903 0.1626
vn -0.8461 -0.5260 0.0861
vn -0.9555 -0.1998 0.2172
vn -0.5457 0.7721 0.3257
vn -0.1321 -0.4579 0.8791
vn 0.5538 0.4792 0.6810
vn 0.0801 0.4249 -0.9017
vn 0.9034 -0.2960 -0.3103
vn -0.0641 -0.9352 -0.3482
vn -0.2316 -0.9254 0.3001
vn 0.3804 -0.9090 0.1705
vn 0.7193 -0.6678 -0.1915
vn 0.7736 -0.4406 0.4554
vn -0.9885 0.1459 0.0387
vn -0.9861 0.1083 0.1256
vn -0.9784 0.2063 0.0130
vn -0.5163 -0.8286 0.2164
vn -0.9209 0.3816 -0.0800
vn -0.9465 0.2745 -0.1694
vn -0.9836 0.1688 0.0638
vn -0.8880 -0.3721 0.2700
vn -0.4316 -0.7316 0.5277
vn 0.4844 -0.8491 0.2107
vn -0.3102 -0.8931 0.3257
vn 0.7035 -0.7064 0.0781
vn -0.0208 -0.9955 0.0928
vn -0.2348 -0.9578 -0.1655
vn 0.3500 -0.5242 -0.7764
vn 0.4379 -0.5147 -0.7371
vn 0.7008 -0.5037 -0.5051
vn -0.1855 -0.5418 -0.8198
vn -0.0827 -0.3188 -0.9442
vn 0.0274 -0.8650 -0.5010
vn 0.5182 -0.7547 -0.4024
vn -0.5412 -0.7188 -0.4362
vn 0.3171 -0.9482 -0.0171
vn -0.4095 -0.9053 0.1127
vn -0.8994 0.0849 -0.4287
vn -0.9276 -0.3719 -0.0348
vn -0.6105 -0.2038 -0.7653
vn -0.8448 0.1451 -0.5150
vn -0.7836 0.3914 -0.4824
vn -0.6462 0.0200 -0.7629
vn -0.6515 0.3787 -0.6574
vn -0.4240 0.7412 -0.5205
vn -0.6046 0.0693 -0.7935
vn -0.3481 -0.9311 0.1086
vn -0.9852 -0.1193 0.1232
vn -0.7466 -0.4810 0.4597
vn -0.4489 -0.7790 0.4378
vn -0.2212 -0.6220 0.7511
vn 0.7732 -0.5035 0.3857
vn 0.3573 -0.8307 0.4270
vn 0.3972 -0.8756 -0.2750
vn -0.1341 0.2648 0.9549
vn -0.0178 -0.3000 0.9538
vn -0.2145 -0.4333 0.8753
vn -0.9113 -0.1558 0.3812
vn 0.3406 0.1278 0.9315
vn -0.7990 -0.4594 0.3881
vn 0.8047 -0.4645 0.3698
vn 0.3391 -0.8453 0.4128
vn -0.1382 -0.9867 0.0858
vn -0.0936 -0.6338 0.7678
vn -0.9216 -0.3748 0.1013
vn -0.2284 -0.9385 0.2589
vn -0.9675 -0.2311 0.1023
vn -0.6884 -0.5989 0.4093
vn -0.0840 -0.9313 -0.3544
vn -0.4145 -0.4436 0.7946
vn -0.0916 0.1575 0.9833
vn -0.1955 -0.6741 0.7123
vn 0.7786 -0.5888 0.2172
vn 0.2833 -0.8612 0.4219
vn 0.2137 -0.9181 0.3339
vn -0.6532 -0.6082 0.4510
vn -0.2139 -0.3873 0.8968
vn -0.7459 -0.5726 0.3404
vn 0.2890 -0.8710 0.3973
vn -0.7011 -0.5788 0.4164
vn -0.9346 -0.1590 0.3183
vn -0.5471 -0.6967 0.4639
vn -0.5920 -0.6816 0.4302
vn -0.6528 -0.6141 0.4434
vn -0.3100 -0.5192 0.7964
vn -0.2998 -0.9431 0.1439
vn -0.7104 -0.5612 0.4247
vn 0.2501 -0.8242 0.5081
vn 0.3245 -0.4605 0.8262
vn -0.2456 -0.2238 0.9432
vn 0.4391 -0.4625 0.7703
vn 0.8140 -0.5638 0.1398
vn 0.3183 -0.9476 -0.0267
vn 0.3670 -0.8645 -0.3433
vn 0.0532 -0.6481 -0.7597
vn -0.2922 -0.9134 -0.2833
vn -0.7640 -0.3161 -0.5625
vn -0.7156 -0.1013 -0.6911
vn -0.9941 -0.0133 -0.1081
vn -0.7279 -0.5822 -0.3622
vn -0.9883 -0.1490 -0.0335
vn -0.7026 -0.7116 0.0024
vn -0.7733 -0.0346 0.6331
vn 0.0952 -0.9415 0.3234
vn 0.1210 -0.9818 0.1467
vn 0.1215 -0.9398 -0.3194
vn -0.5730 -0.8090 -0.1313
vn -0.6383 -0.7269 0.2533
vn 0.0549 -0.3005 -0.9522
vn -0.9913 0.1238 -0.0452
vn -0.5337 -0.0905 0.8408
vn 0.1219 -0.8917 0.4359
vn 0.0816 -0.8888 0.4509
vn 0.0860 -0.8824 0.4625
vn 0.2307 -0.8254 0.5152
vn -0.6535 -0.5731 0.4945
vn -0.6825 -0.5531 0.4777
vn -0.9977 -0.0107 0.0674
vn -0.3513 -0.9218 -0.1638
vn -0.1241 -0.5216 0.8441
vn -0.0340 0.4588 0.8879
vn 0.8352 -0.4755 0.2764
vn -0.0898 -0.8044 -0.5872
vn 0.7609 -0.6438 -0.0809
vn -0.2632 -0.6929 0.6713
vn 0.0583 -0.8034 -0.5926
vn 0.3871 -0.9104 0.1460
vn 0.7187 -0.6938 -0.0463
vn 0.5620 -0.3913 0.7287
vn 0.7504 -0.2666 0.6048
vn 0.8335 -0.5523 -0.0153
vn 0.8749 -0.2038 0.4393
vn 0.8665 -0.4708 0.1660
vn 0.8986 -0.4145 -0.1436
vn 0.9886 -0.1427 -0.0486
vn 0.6194 0.0978 0.7790
vn 0.0773 0.5831 0.8087
vn 0.3996 0.2312 0.8870
vn -0.4566 0.7613 0.4604
vn -0.7647 0.6426 -0.0490
vn 0.4537 0.8721 0.1832
vn 0.4529 0.4293 0.7814
vn 0.8933 0.3689 0.2568
vn 0.0019 0.4075 0.9132
vn 0.0437 0.7524 0.6573
vn 0.8111 -0.1326 0.5697
vn 0.3393 0.0510 0.9393
vn 0.4992 -0.4845 0.7183
vn 0.7447 -0.6419 0.1829
vn 0.6515 -0.7570 0.0503
vn 0.4266 0.1039 0.8985
vn 0.1000 0.5618 0.8212
vn -0.3420 0.6441 0.6843
vn -0.9059 0.3908 -0.1629
vn -0.7477 0.5769 0.3290
vn -0.8415 0.2471 -0.4804
vn -0.2937 -0.2559 -0.9210
vn -0.8851 0.4032 -0.2323
vn -0.6726 0.6875 0.2738
vn -0.7479 0.0763 -0.6594
vn -0.4869 -0.3258 -0.8104
vn 0.1256 -0.5844 -0.8017
vn 0.2699 -0.5607 -0.7828
vn 0.3245 -0.6910 -0.6459
vn -0.4998 -0.2244 -0.8366
vn -0.4121 -0.0792 -0.9077
vn -0.7869 0.4158 -0.4559
vn -0.5239 -0.0593 -0.8497
vn -0.6314 0.7066 0.3195
vn -0.7813 0.6241 0.0073
vn -0.2345 0.6161 0.7520
vn -0.4890 0.7124 0.5034
vn 0.1287 0.3731 0.9188
vn 0.6474 -0.5804 -0.4941
vn 0.7652 -0.6062 -0.2165
vn 0.7296 -0.6635 -0.1658
vn -0.0801 -0.4990 -0.8629
vn 0.4172 -0.6576 -0.6273
vn 0.0124 -0.3739 -0.9274
vn 0.2386 -0.6372 -0.7329
vn -0.1101 -0.4488 -0.8868
vn -0.2275 -0.2726 -0.9349
vn -0.7894 0.3859 -0.4774
vn -0.5822 0.1932 -0.7898
vn -0.6161 0.7165 -0.3273
vn 0.1714 0.9261 -0.3362
vn -0.2514 0.9473 0.1985
vn 0.4114 -0.7955 -0.4450
vn 0.4834 -0.8172 -0.3140
vn 0.0983 -0.7043 -0.7031
vn 0.6269 -0.6256 -0.4643
vn 0.2278 -0.4285 -0.8744
vn 0.8077 -0.1207 -0.5772
vn -0.0553 0.7039 -0.7081
vn 0.4143 0.1726 -0.8936
vn -0.2556 0.2258 -0.9401
vn -0.5614 -0.7725 -0.2967
vn 0.1050 -0.9693 -0.2223
vn -0.5370 -0.3799 0.7532
vn 0.1954 -0.8337 0.5165
vn -0.6248 -0.7693 0.1332
vn 0.4649 -0.8798 0.0988
vn -0.9679 0.2511 0.0057
vn 0.9718 -0.0869 0.2191
vn 0.7251 -0.6868 -0.0514
vn 0.6203 0.3916 0.6797
vn 0.3919 0.8115 0.4335
vn -0.2500 0.8048 0.5384
vn -0.7697 0.6324 -0.0870
vn -0.8195 -0.3950 0.4153
vn -0.8387 0.4099 -0.3585
vn -0.9104 0.1455 0.3873
vn 0.2542 0.3709 -0.8932
vn 0.3430 0.8701 -0.3540
vn 0.9811 -0.1934 0.0055
vn 0.9129 -0.3986 0.0882
vn 0.9295 -0.3085 -0.2022
vn 0.9094 -0.3114 -0.2758
vn 0.8399 -0.5031 -0.2035
vn 0.8999 -0.3286 -0.2868
vn 0.6779 -0.2971 -0.6725
vn 0.9567 -0.2805 0.0775
vn 0.9181 -0.2916 0.2685
vn 0.9428 -0.2098 0.2589
vn 0.8732 -0.4352 0.2195
vn 0.9701 -0.1895 0.1519
vn 0.8895 -0.3752 -0.2609
vn 0.5730 -0.8011 0.1728
vn 0.7925 -0.5931 0.1423
vn 0.6627 -0.7122 0.2315
vn 0.9886 0.1447 0.0417
vn 0.8203 -0.5622 -0.1047
vn 0.0191 -0.9464 0.3225
vn 0.5723 -0.7899 0.2201
vn 0.9439 -0.2004 -0.2624
vn 0.8544 -0.4654 -0.2313
vn -0.2632 -0.9128 -0.3124
vn -0.7373 -0.1733 -0.6530
vn -0.9858 -0.0879 -0.1434
vn -0.9195 -0.3285 0.2158
vn -0.5654 -0.7662 0.3054
vn 0.9367 -0.3501 0.0006
vn 0.9665 -0.2564 -0.0112
vn 0.9886 -0.1414 -0.0507
vn 0.9581 -0.1730 -0.2283
vn 0.9925 -0.1171 -0.0345
vn 0.9760 -0.2143 -0.0381
vn 0.7984 -0.5959 -0.0859
vn 0.9664 -0.2513 -0.0549
vn 0.9760 -0.2171 -0.0162
vn 0.9748 -0.0059 -0.2229
vn 0.6581 -0.7113 0.2468
vn 0.9693 -0.2192 -0.1111
vn 0.7640 0.5157 -0.3877
vn 0.9390 0.0976 0.3297
vn 0.9507 -0.2767 0.1399
vn 0.8892 -0.4557 0.0412
vn -0.8891 -0.4559 0.0413
vn -0.9258 -0.3389 0.1676
vn -0.9335 0.0956 0.3456
vn -0.4935 -0.8016 -0.3375
vn 0.0001 -0.9407 -0.3394
vn -0.4702 -0.8664 -0.1679
vn -0.4633 -0.7431 0.4828
vn -0.8641 -0.2097 0.4576
vn -0.8558 0.3997 0.3285
vn -0.8007 -0.1649 0.5760
vn -0.6510 -0.0009 0.7591
vn -0.3355 -0.7154 0.6128
vn -0.4411 0.7477 0.4963
vn -0.6122 0.6070 0.5066
vn 0.0537 0.8481 0.5271
vn -0.1885 0.6966 0.6923
vn -0.3344 -0.3275 0.8837
vn 0.0192 -0.5954 0.8032
vn -0.8244 -0.4624 0.3263
vn -0.9130 -0.2934 0.2835
vn -0.7223 -0.6799 0.1265
vn -0.8740 -0.3571 0.3296
vn -0.7850 -0.5739 0.2333
vn -0.4637 -0.8840 0.0595
vn -0.9846 -0.0720 0.1596
vn -0.6236 -0.4069 0.6676
vn -0.8791 -0.3941 0.2680
vn 0.0750 -0.9459 -0.3157
vn -0.1124 -0.9397 -0.3230
vn -0.5182 -0.8394 0.1637
vn -0.8798 -0.4054 0.2483
vn 0.2010 -0.9022 -0.3816
vn -0.6426 -0.7447 -0.1802
vn -0.9096 -0.2774 0.3093
vn -0.8446 -0.3199 0.4292
vn -0.9041 -0.3503 0.2448
vn -0.9309 -0.1120 0.3477
vn -0.8137 -0.5700 0.1141
vn -0.7812 -0.5950 0.1887
vn -0.7178 -0.6507 0.2477
vn -0.8870 -0.4088 0.2146
vn -0.8896 -0.1244 0.4394
vn -0.7343 -0.2478 0.6320
vn -0.4370 -0.7697 0.4653
vn 0.0947 -0.9776 -0.1880
vn -0.5714 -0.4419 0.6915
vn -0.5331 -0.3698 0.7610
vn 0.0285 -0.9928 -0.1164
vn -0.0000 -0.7387 0.6741
vn -0.0004 -0.1879 0.9822
vn -0.0002 -0.4539 0.8911
vn -0.0000 0.5173 0.8558
vn -0.4294 0.5001 0.7520
vn -0.2917 0.4925 0.8200
vn -0.5701 0.4195 0.7064
vn -0.5872 0.6306 0.5075
vn -0.7301 0.4374 0.5250
vn -0.8520 0.4462 0.2740
vn -0.7161 -0.6980 -0.0059
vn -0.9368 -0.3385 0.0888
vn -0.9819 -0.1893 0.0087
vn -0.9441 0.0812 0.3196
vn -0.9139 -0.3889 -0.1160
vn -0.9319 -0.2925 0.2143
vn -0.9927 0.0832 -0.0876
vn -0.5625 0.5174 -0.6450
vn -0.8798 0.4544 -0.1394
vn -0.6908 0.6895 -0.2177
vn -0.6590 0.7488 0.0707
vn -0.8764 0.4670 0.1174
vn -0.6254 0.7367 0.2571
vn 0.5960 -0.6710 -0.4410
vn 0.9320 -0.2921 0.2145
vn -0.9026 -0.1828 -0.3898
vn -0.9713 -0.0432 -0.2340
vn -0.9702 -0.2052 -0.1285
vn -0.8174 -0.3593 -0.4502
vn -0.7269 0.4198 -0.5435
vn -0.0001 0.2611 -0.9653
vn -0.0001 0.5636 -0.8261
vn -0.0001 0.9325 -0.3612
vn -0.0001 0.9999 -0.0165
vn -0.0001 0.9873 0.1589
vn -0.0000 0.9020 0.4317
vn -0.0000 0.6773 0.7357
vn -0.9778 -0.1929 0.0823
vn -0.5956 -0.6714 -0.4410
vn -0.8134 -0.4910 -0.3120
vn -0.8728 -0.4337 0.2239
vn -0.9820 0.1891 0.0022
vn -0.7649 0.3687 -0.5282
vn -0.0001 -0.0691 -0.9976
vn -0.0002 0.6929 -0.7211
vn -0.0000 -0.9948 -0.1021
vn -0.0000 -0.9639 0.2663
vn -0.0000 -0.9932 -0.1162
vn -0.7550 -0.5854 -0.2954
vn -0.8178 0.2126 -0.5348
vn -0.5274 0.5829 -0.6181
vn -0.0000 0.8118 -0.5839
vn 0.9025 -0.1827 -0.3900
vn 0.4933 -0.8017 -0.3377
vn -0.0001 -0.9559 -0.2936
vn 0.7343 -0.2478 0.6320
vn 0.5327 -0.3702 0.7610
vn 0.4367 -0.7701 0.4650
vn -0.0285 -0.9928 -0.1164
vn 0.5708 -0.4409 0.6927
vn 0.4291 0.5003 0.7521
vn 0.2915 0.4925 0.8200
vn 0.5696 0.4199 0.7066
vn 0.5872 0.6306 0.5075
vn 0.7303 0.4374 0.5247
vn 0.8520 0.4462 0.2740
vn 0.8150 -0.5680 0.1147
vn 0.9309 -0.1110 0.3479
vn 0.7161 -0.6980 -0.0059
vn 0.9369 -0.3383 0.0887
vn 0.9846 -0.0730 0.1591
vn 0.9819 -0.1892 0.0083
vn 0.9125 -0.2949 0.2836
vn 0.9434 0.0829 0.3210
vn 0.8006 -0.1648 0.5761
vn 0.9929 0.0833 -0.0844
vn 0.6254 0.7367 0.2573
vn 0.8766 0.4666 0.1176
vn 0.6592 0.7486 0.0710
vn 0.8244 -0.4629 0.3257
vn 0.7226 -0.6798 0.1256
vn 0.3356 -0.7154 0.6129
vn 0.8738 -0.3571 0.3299
vn 0.7844 -0.5745 0.2337
vn 0.4634 -0.8841 0.0594
vn 0.9139 -0.3889 -0.1160
vn 0.8802 0.4537 -0.1394
vn 0.6910 0.6893 -0.2177
vn 0.5626 0.5172 -0.6450
vn 0.9711 -0.0429 -0.2346
vn 0.9703 -0.2051 -0.1283
vn 0.8176 -0.3589 -0.4502
vn 0.7272 0.4190 -0.5437
vn 0.9820 0.1887 0.0026
vn 0.7548 -0.5857 -0.2954
vn 0.8177 0.2125 -0.5349
vn 0.7649 0.3691 -0.5280
vn 0.5271 0.5830 -0.6183
vn 0.8726 -0.4339 0.2241
vn 0.9777 -0.1930 0.0827
vn 0.8133 -0.4910 -0.3121
vn 0.9243 0.3215 0.2059
vn 0.8751 -0.1395 0.4635
vn 0.4708 -0.8586 -0.2027
vn 0.6511 -0.0003 0.7590
vn 0.4360 0.7538 0.4917
vn 0.5923 0.6362 0.4945
vn 0.1025 0.8306 0.5473
vn 0.2057 0.7220 0.6606
vn 0.3439 -0.3185 0.8833
vn 0.5401 -0.7477 0.3864
vn 0.0003 -0.1092 0.9940
vn 0.0001 0.3437 0.9391
vn -0.0015 -0.3091 0.9510
vn 0.2962 0.7545 0.5856
vn 0.2876 0.7704 0.5690
vn -0.0003 0.7710 0.6368
vn -0.0007 0.7762 0.6305
vn -0.0005 -0.1293 0.9916
vn -0.2968 0.7543 0.5856
vn -0.2882 0.7700 0.5693
vn 0.0004 0.2469 0.9690
vn -0.0000 0.1722 0.9851
vn -0.0000 -0.8674 0.4976
vn -0.0000 -0.9729 -0.2314
vn 0.6426 -0.7447 -0.1802
vn -0.2010 -0.9022 -0.3816
vn 0.5182 -0.8394 0.1637
vn -0.0750 -0.9459 -0.3157
vn 0.1124 -0.9397 -0.3230
vn -0.0947 -0.9776 -0.1880
vn 0.9045 -0.3489 0.2451
vn 0.8444 -0.3199 0.4298
vn 0.6721 -0.7180 0.1809
vn 0.7159 -0.6532 0.2465
vn 0.7969 -0.5745 0.1869
vn 0.8875 -0.4090 0.2123
vn 0.9096 -0.2774 0.3093
vn 0.8901 -0.1231 0.4389
vn 0.8798 -0.4056 0.2480
vn 0.8788 -0.3949 0.2677
vn 0.6233 -0.4073 0.6675
vn -0.0001 -0.2861 -0.9582
vn -0.0071 -0.9873 -0.1584
vn 0.0106 -0.9741 0.2260
vt 0.263569 0.707806
vt 0.270581 0.705175
vt 0.267238 0.706997
vt 0.269139 0.702695
vt 0.256558 0.708615
vt 0.262652 0.711475
vt 0.256297 0.713094
vt 0.266714 0.711525
vt 0.272874 0.707224
vt 0.275364 0.702568
vt 0.271432 0.700797
vt 0.266977 0.695686
vt 0.263307 0.697635
vt 0.261539 0.703277
vt 0.254920 0.702999
vt 0.251710 0.704314
vt 0.433950 0.868324
vt 0.429939 0.874170
vt 0.429742 0.869341
vt 0.459526 0.831995
vt 0.445324 0.853474
vt 0.440722 0.851256
vt 0.440524 0.838781
vt 0.434147 0.847680
vt 0.428624 0.846376
vt 0.428295 0.849638
vt 0.430728 0.851804
vt 0.437500 0.853605
vt 0.434804 0.856554
vt 0.435725 0.859190
vt 0.433753 0.857546
vt 0.434541 0.860103
vt 0.421917 0.865140
vt 0.422246 0.868585
vt 0.436514 0.863339
vt 0.438158 0.866836
vt 0.442299 0.864644
vt 0.423298 0.855797
vt 0.420077 0.863913
vt 0.429347 0.854466
vt 0.478264 0.851334
vt 0.473661 0.853526
vt 0.459460 0.852326
vt 0.445522 0.857258
vt 0.446968 0.858902
vt 0.443746 0.861930
vt 0.445455 0.863026
vt 0.441445 0.863156
vt 0.437434 0.861930
vt 0.473465 0.857337
vt 0.484904 0.847811
vt 0.481552 0.853735
vt 0.443154 0.869159
vt 0.459460 0.872421
vt 0.459395 0.856032
vt 0.472018 0.859033
vt 0.475240 0.862060
vt 0.473530 0.863156
vt 0.476686 0.864801
vt 0.475766 0.869316
vt 0.480829 0.866967
vt 0.482472 0.863495
vt 0.485102 0.868480
vt 0.489244 0.869498
vt 0.489112 0.874326
vt 0.443746 0.874065
vt 0.475174 0.874196
vt 0.477607 0.863313
vt 0.481552 0.862060
vt 0.484444 0.860260
vt 0.496806 0.868741
vt 0.497134 0.865271
vt 0.485299 0.857676
vt 0.483326 0.859346
vt 0.484182 0.856710
vt 0.488324 0.851960
vt 0.490756 0.849795
vt 0.490362 0.846532
vt 0.478527 0.838859
vt 0.489704 0.854648
vt 0.495687 0.856006
vt 0.498910 0.864070
vt 0.471663 0.692163
vt 0.466455 0.680837
vt 0.473466 0.686056
vt 0.466522 0.690519
vt 0.451098 0.710354
vt 0.446825 0.713772
vt 0.449963 0.698844
vt 0.462048 0.704978
vt 0.460847 0.693286
vt 0.459044 0.681959
vt 0.464852 0.677992
vt 0.463317 0.676713
vt 0.451699 0.672485
vt 0.459244 0.670423
vt 0.456172 0.666692
vt 0.451433 0.665491
vt 0.453435 0.665413
vt 0.445223 0.683499
vt 0.466188 0.701115
vt 0.467057 0.705317
vt 0.468192 0.709101
vt 0.460112 0.708840
vt 0.464920 0.714764
vt 0.460647 0.718470
vt 0.441951 0.664239
vt 0.439147 0.672955
vt 0.435007 0.688196
vt 0.437879 0.703307
vt 0.440149 0.714581
vt 0.443287 0.718626
vt 0.438145 0.717922
vt 0.440749 0.720767
vt 0.444154 0.721915
vt 0.449163 0.716774
vt 0.450298 0.719462
vt 0.401890 0.658470
vt 0.401890 0.663430
vt 0.395681 0.663742
vt 0.435609 0.663403
vt 0.402625 0.671023
vt 0.434607 0.671128
vt 0.432404 0.677757
vt 0.426395 0.690702
vt 0.428464 0.706361
vt 0.428865 0.712598
vt 0.430334 0.717295
vt 0.422188 0.718026
vt 0.421386 0.721184
vt 0.426127 0.720871
vt 0.426861 0.728361
vt 0.430066 0.726143
vt 0.428330 0.730188
vt 0.431135 0.728596
vt 0.432003 0.721549
vt 0.432737 0.725047
vt 0.433739 0.719253
vt 0.398218 0.672407
vt 0.401490 0.687674
vt 0.391742 0.682455
vt 0.404494 0.677548
vt 0.411705 0.680289
vt 0.409969 0.690180
vt 0.418582 0.681280
vt 0.418249 0.691876
vt 0.417781 0.706752
vt 0.421654 0.713747
vt 0.417581 0.713668
vt 0.417447 0.718470
vt 0.412773 0.718261
vt 0.413508 0.713616
vt 0.425326 0.680497
vt 0.406965 0.705682
vt 0.398084 0.702525
vt 0.386467 0.697696
vt 0.375717 0.691015
vt 0.378054 0.679949
vt 0.370242 0.688092
vt 0.374115 0.702759
vt 0.370175 0.698557
vt 0.369107 0.702681
vt 0.367771 0.706439
vt 0.406364 0.712128
vt 0.395347 0.713877
vt 0.388737 0.712702
vt 0.384665 0.709023
vt 0.375850 0.706779
vt 0.370776 0.712259
vt 0.374715 0.716356
vt 0.385733 0.671285
vt 0.370710 0.678723
vt 0.364967 0.689527
vt 0.363431 0.683447
vt 0.372512 0.675956
vt 0.374115 0.674756
vt 0.378588 0.668779
vt 0.381994 0.665413
vt 0.386334 0.664525
vt 0.390740 0.659280
vt 0.394746 0.656487
vt 0.400555 0.653643
vt 0.395213 0.653877
vt 0.397818 0.651450
vt 0.396215 0.651189
vt 0.398552 0.649884
vt 0.384530 0.663847
vt 0.435942 0.658001
vt 0.438212 0.653303
vt 0.404762 0.642681
vt 0.441284 0.649310
vt 0.441150 0.651215
vt 0.433005 0.642081
vt 0.418582 0.635322
vt 0.397150 0.648449
vt 0.404027 0.637958
vt 0.418316 0.627231
vt 0.433138 0.637044
vt 0.442819 0.647797
vt 0.443086 0.651320
vt 0.443487 0.654034
vt 0.443754 0.656800
vt 0.447493 0.659984
vt 0.238687 0.328377
vt 0.236066 0.334100
vt 0.235738 0.327829
vt 0.238228 0.333969
vt 0.250353 0.352521
vt 0.265100 0.358478
vt 0.259397 0.362057
vt 0.248387 0.355447
vt 0.246551 0.355578
vt 0.247993 0.352025
vt 0.246879 0.348236
vt 0.249827 0.344891
vt 0.240522 0.339926
vt 0.243143 0.336582
vt 0.237179 0.335746
vt 0.243143 0.326601
vt 0.237244 0.325974
vt 0.244258 0.323152
vt 0.250222 0.320878
vt 0.270473 0.357746
vt 0.267656 0.358739
vt 0.246814 0.361300
vt 0.250485 0.366238
vt 0.247797 0.366552
vt 0.249107 0.360804
vt 0.255989 0.366762
vt 0.258086 0.367806
vt 0.260970 0.363809
vt 0.264444 0.360464
vt 0.266869 0.361143
vt 0.270014 0.361195
vt 0.273489 0.361065
vt 0.278273 0.365768
vt 0.281944 0.361980
vt 0.250485 0.368982
vt 0.255858 0.369243
vt 0.252974 0.328612
vt 0.256645 0.331252
vt 0.263200 0.342539
vt 0.269294 0.354454
vt 0.281813 0.357956
vt 0.293216 0.357224
vt 0.285679 0.365585
vt 0.290267 0.360647
vt 0.293740 0.360517
vt 0.295838 0.358086
vt 0.296690 0.360202
vt 0.298395 0.357669
vt 0.298722 0.359732
vt 0.301999 0.363286
vt 0.262018 0.331017
vt 0.269164 0.322707
vt 0.281813 0.348549
vt 0.300098 0.341991
vt 0.294331 0.353957
vt 0.281485 0.335981
vt 0.281485 0.324249
vt 0.267262 0.315940
vt 0.264378 0.316986
vt 0.264772 0.322028
vt 0.263265 0.326287
vt 0.258086 0.327986
vt 0.254285 0.325294
vt 0.249370 0.324040
vt 0.306325 0.330493
vt 0.300884 0.330390
vt 0.293675 0.322316
vt 0.297870 0.316306
vt 0.297870 0.321558
vt 0.294986 0.315392
vt 0.280697 0.305488
vt 0.276700 0.304652
vt 0.264706 0.313798
vt 0.284631 0.304470
vt 0.297346 0.313066
vt 0.313534 0.344160
vt 0.320153 0.335563
vt 0.309863 0.327646
vt 0.319564 0.325399
vt 0.313141 0.322968
vt 0.312157 0.319729
vt 0.308422 0.324354
vt 0.304621 0.327254
vt 0.299574 0.325765
vt 0.312814 0.352076
vt 0.303637 0.361587
vt 0.314845 0.355239
vt 0.316877 0.355343
vt 0.315303 0.351475
vt 0.316483 0.347504
vt 0.322776 0.338751
vt 0.326118 0.334309
vt 0.325069 0.332637
vt 0.324414 0.327071
vt 0.325856 0.324406
vt 0.318383 0.321740
vt 0.327298 0.332689
vt 0.327494 0.326340
vt 0.304358 0.367702
vt 0.306587 0.366630
vt 0.313665 0.360673
vt 0.316025 0.361352
vt 0.312026 0.366343
vt 0.314910 0.366813
vt 0.311830 0.369165
vt 0.306522 0.369218
vt 0.277245 0.798979
vt 0.275615 0.796134
vt 0.277702 0.795429
vt 0.279657 0.799231
vt 0.278092 0.807742
vt 0.275354 0.807415
vt 0.272810 0.798677
vt 0.270268 0.805652
vt 0.266746 0.798022
vt 0.263616 0.803764
vt 0.266485 0.807037
vt 0.271832 0.809001
vt 0.281288 0.794749
vt 0.271180 0.795731
vt 0.267855 0.795101
vt 0.263159 0.794371
vt 0.263159 0.797997
vt 0.260812 0.802378
vt 0.259508 0.804519
vt 0.262312 0.805627
vt 0.260681 0.809027
vt 0.263616 0.812073
vt 0.268246 0.813232
vt 0.273202 0.812754
vt 0.273919 0.810814
vt 0.276592 0.811368
vt 0.284418 0.807893
vt 0.285136 0.801523
vt 0.284157 0.795076
vt 0.288526 0.797468
vt 0.290156 0.803638
vt 0.291200 0.800087
vt 0.281940 0.811469
vt 0.286439 0.811444
vt 0.290287 0.808599
vt 0.290743 0.810865
vt 0.279497 0.835022
vt 0.276242 0.823636
vt 0.282621 0.827129
vt 0.272207 0.832382
vt 0.272402 0.822404
vt 0.268821 0.831075
vt 0.266999 0.820720
vt 0.262769 0.828134
vt 0.259709 0.819111
vt 0.255088 0.825194
vt 0.258408 0.829291
vt 0.253851 0.826476
vt 0.264331 0.832935
vt 0.252680 0.823359
vt 0.256716 0.817478
vt 0.251183 0.824918
vt 0.250988 0.827155
vt 0.253916 0.828134
vt 0.252224 0.830698
vt 0.254242 0.834318
vt 0.259253 0.837159
vt 0.264396 0.838114
vt 0.267129 0.834720
vt 0.269863 0.835725
vt 0.274810 0.837661
vt 0.280668 0.839546
vt 0.286201 0.839948
vt 0.284573 0.841531
vt 0.285941 0.837761
vt 0.287242 0.830498
vt 0.287633 0.823158
vt 0.282751 0.818985
vt 0.278976 0.818658
vt 0.274420 0.817553
vt 0.271295 0.817101
vt 0.265958 0.816145
vt 0.261857 0.815341
vt 0.257626 0.812651
vt 0.290107 0.826425
vt 0.316494 0.781795
vt 0.308655 0.782317
vt 0.308925 0.779394
vt 0.312642 0.782839
vt 0.307573 0.785396
vt 0.315683 0.786597
vt 0.319198 0.784640
vt 0.325686 0.783126
vt 0.323252 0.779237
vt 0.316359 0.776184
vt 0.311966 0.772269
vt 0.307708 0.771982
vt 0.305815 0.778637
vt 0.302910 0.782082
vt 0.321969 0.773470
vt 0.325483 0.773182
vt 0.401222 0.725099
vt 0.402424 0.721315
vt 0.403627 0.726717
vt 0.405028 0.731388
vt 0.402291 0.729171
vt 0.406831 0.729457
vt 0.408701 0.721289
vt 0.404627 0.716957
vt 0.401023 0.718653
vt 0.397016 0.717243
vt 0.392075 0.717661
vt 0.386334 0.715339
vt 0.391074 0.720611
vt 0.384998 0.717922
vt 0.394479 0.719932
vt 0.413375 0.721472
vt 0.478371 0.794853
vt 0.456553 0.807751
vt 0.460054 0.800210
vt 0.466720 0.824316
vt 0.479583 0.802447
vt 0.473051 0.819115
vt 0.472378 0.828892
vt 0.468539 0.829205
vt 0.464633 0.829205
vt 0.464027 0.826136
vt 0.459246 0.822755
vt 0.459044 0.819661
vt 0.456418 0.816411
vt 0.454061 0.814668
vt 0.480189 0.829257
vt 0.486788 0.834405
vt 0.482748 0.837058
vt 0.483556 0.826188
vt 0.479784 0.818309
vt 0.483893 0.807257
vt 0.485172 0.794749
vt 0.482276 0.792227
vt 0.480189 0.790615
vt 0.478034 0.791811
vt 0.471973 0.791031
vt 0.469751 0.793215
vt 0.465711 0.793840
vt 0.462949 0.793813
vt 0.458976 0.796206
vt 0.493387 0.816671
vt 0.486922 0.814486
vt 0.491637 0.803279
vt 0.491232 0.798988
vt 0.499582 0.799170
vt 0.498236 0.794801
vt 0.498034 0.802759
vt 0.496620 0.806399
vt 0.496821 0.808167
vt 0.495408 0.810326
vt 0.497427 0.812796
vt 0.498909 0.818439
vt 0.494195 0.822132
vt 0.490963 0.822937
vt 0.490694 0.825538
vt 0.489347 0.826786
vt 0.488067 0.830608
vt 0.414771 0.831823
vt 0.418562 0.827960
vt 0.419625 0.829422
vt 0.410449 0.829996
vt 0.414572 0.821019
vt 0.407057 0.821828
vt 0.412709 0.839809
vt 0.418230 0.837460
vt 0.420690 0.833989
vt 0.419360 0.831144
vt 0.422418 0.830597
vt 0.422685 0.828221
vt 0.421288 0.826238
vt 0.417764 0.819661
vt 0.417498 0.814546
vt 0.412777 0.816947
vt 0.408521 0.817286
vt 0.402934 0.817574
vt 0.401272 0.822872
vt 0.399676 0.817678
vt 0.397149 0.823681
vt 0.400274 0.833128
vt 0.403865 0.832267
vt 0.392494 0.835137
vt 0.390366 0.826421
vt 0.385312 0.829370
vt 0.385512 0.837017
vt 0.394821 0.818278
vt 0.391097 0.818382
vt 0.385844 0.821984
vt 0.382918 0.824985
vt 0.408188 0.834903
vt 0.407257 0.840175
vt 0.404996 0.836338
vt 0.402004 0.837017
vt 0.396684 0.838296
vt 0.390699 0.839575
vt 0.385046 0.839261
vt 0.386509 0.841062
vt 0.303834 0.795066
vt 0.293495 0.801330
vt 0.297446 0.797572
vt 0.311803 0.806523
vt 0.316874 0.801278
vt 0.317533 0.806602
vt 0.321287 0.797337
vt 0.319903 0.812526
vt 0.335775 0.805480
vt 0.322011 0.791778
vt 0.336434 0.784183
vt 0.332153 0.782252
vt 0.319969 0.790577
vt 0.318652 0.796475
vt 0.315887 0.798798
vt 0.310684 0.800051
vt 0.309827 0.801565
vt 0.307391 0.798172
vt 0.306337 0.799764
vt 0.303637 0.797024
vt 0.298104 0.810151
vt 0.295800 0.810125
vt 0.307852 0.811065
vt 0.300146 0.813230
vt 0.350198 0.792509
vt 0.340714 0.782435
vt 0.352306 0.791387
vt 0.350593 0.798067
vt 0.351318 0.813361
vt 0.354873 0.802269
vt 0.353886 0.807567
vt 0.359681 0.807776
vt 0.361854 0.802974
vt 0.363369 0.812474
vt 0.365542 0.801304
vt 0.371075 0.815058
vt 0.373182 0.812083
vt 0.368506 0.798668
vt 0.378121 0.803575
vt 0.368375 0.796711
vt 0.374565 0.799634
vt 0.375421 0.812187
vt 0.353359 0.797337
vt 0.355927 0.799843
vt 0.361064 0.801408
vt 0.364555 0.799634
vt 0.372821 0.869752
vt 0.375746 0.873119
vt 0.371910 0.872936
vt 0.376071 0.869700
vt 0.380947 0.872336
vt 0.383548 0.867690
vt 0.387580 0.871709
vt 0.393106 0.865811
vt 0.395706 0.871579
vt 0.396617 0.864480
vt 0.399218 0.870300
vt 0.403313 0.865838
vt 0.400778 0.873980
vt 0.408840 0.873692
vt 0.408385 0.862653
vt 0.414627 0.870431
vt 0.412156 0.860905
vt 0.417487 0.866255
vt 0.418137 0.862445
vt 0.416317 0.860017
vt 0.392521 0.852683
vt 0.388359 0.853258
vt 0.380557 0.855868
vt 0.373406 0.862209
vt 0.376592 0.849683
vt 0.372690 0.853362
vt 0.381338 0.846890
vt 0.385173 0.844593
vt 0.390700 0.843758
vt 0.395446 0.842270
vt 0.400453 0.851379
vt 0.403768 0.860096
vt 0.410725 0.857564
vt 0.413716 0.856703
vt 0.409295 0.851484
vt 0.418657 0.858295
vt 0.417032 0.855502
vt 0.412806 0.849526
vt 0.410660 0.841148
vt 0.406369 0.844698
vt 0.400843 0.843132
vt 0.293717 0.873609
vt 0.296987 0.870518
vt 0.297641 0.873635
vt 0.293782 0.870211
vt 0.297118 0.863108
vt 0.290512 0.856390
vt 0.286586 0.867681
vt 0.282597 0.853247
vt 0.277429 0.865280
vt 0.278476 0.852506
vt 0.273896 0.863900
vt 0.270626 0.850845
vt 0.266767 0.859276
vt 0.261599 0.850590
vt 0.259833 0.856517
vt 0.261992 0.861601
vt 0.258263 0.859762
vt 0.256955 0.855623
vt 0.266963 0.864923
vt 0.261272 0.872331
vt 0.255712 0.868883
vt 0.252834 0.864769
vt 0.252311 0.861065
vt 0.254207 0.858765
vt 0.251918 0.857002
vt 0.253619 0.854294
vt 0.258133 0.848546
vt 0.260552 0.840421
vt 0.264869 0.844049
vt 0.270626 0.842644
vt 0.276317 0.842006
vt 0.269253 0.872970
vt 0.271019 0.869444
vt 0.274420 0.870824
vt 0.282335 0.871284
vt 0.288745 0.872433
vt 0.280962 0.843769
vt 0.286391 0.845020
vt 0.290184 0.847601
vt 0.294829 0.850743
vt 0.298557 0.854576
vt 0.460795 0.792175
vt 0.458572 0.793371
vt 0.457293 0.791785
vt 0.451906 0.796336
vt 0.453186 0.798572
vt 0.451637 0.801199
vt 0.450761 0.804137
vt 0.453118 0.809806
vt 0.450895 0.814122
vt 0.450694 0.811496
vt 0.448606 0.811730
vt 0.448270 0.804839
vt 0.383593 0.812389
vt 0.386095 0.808983
vt 0.388202 0.812948
vt 0.393797 0.813304
vt 0.380894 0.804102
vt 0.386161 0.802450
vt 0.379973 0.809008
vt 0.379248 0.811296
vt 0.383199 0.798077
vt 0.380236 0.800441
vt 0.387807 0.796094
vt 0.390704 0.796018
vt 0.391888 0.800695
vt 0.392612 0.809415
vt 0.395377 0.809364
vt 0.396628 0.812872
vt 0.398801 0.811169
vt 0.397286 0.814855
vt 0.402158 0.815694
vt 0.404330 0.809618
vt 0.406832 0.814855
vt 0.410058 0.812033
vt 0.408675 0.808499
vt 0.407556 0.806542
vt 0.394324 0.800644
vt 0.394258 0.797009
vt 0.396233 0.797924
vt 0.398735 0.800721
vt 0.400644 0.807940
vt 0.404791 0.800670
vt 0.411506 0.807584
vt 0.410387 0.805373
vt 0.408412 0.800898
vt 0.408741 0.797339
vt 0.404002 0.797645
vt 0.400709 0.797950
vt 0.281747 0.352260
vt 0.341887 0.702256
vt 0.337882 0.697984
vt 0.340640 0.699693
vt 0.346548 0.701294
vt 0.344710 0.699399
vt 0.346811 0.700547
vt 0.344316 0.700601
vt 0.347467 0.704178
vt 0.343397 0.701508
vt 0.343003 0.700013
vt 0.342281 0.700280
vt 0.341559 0.699212
vt 0.341099 0.697530
vt 0.340575 0.697637
vt 0.338802 0.697878
vt 0.338014 0.697023
vt 0.338605 0.696836
vt 0.340706 0.696996
vt 0.343922 0.699480
vt 0.348189 0.702443
vt 0.347008 0.700734
vt 0.349108 0.701855
vt 0.348779 0.704979
vt 0.343200 0.715044
vt 0.344184 0.716352
vt 0.341099 0.718648
vt 0.343134 0.720544
vt 0.340115 0.720196
vt 0.343791 0.725616
vt 0.338868 0.726016
vt 0.350289 0.730661
vt 0.347270 0.730929
vt 0.347729 0.739098
vt 0.340837 0.731756
vt 0.336176 0.738057
vt 0.334666 0.729941
vt 0.331254 0.737042
vt 0.334207 0.740646
vt 0.352850 0.704472
vt 0.353112 0.703323
vt 0.352324 0.732691
vt 0.350814 0.738671
vt 0.354294 0.728606
vt 0.360924 0.717367
vt 0.362762 0.717473
vt 0.367750 0.720704
vt 0.366569 0.724148
vt 0.359217 0.717073
vt 0.353178 0.726790
vt 0.347861 0.726257
vt 0.345760 0.725162
vt 0.348254 0.720464
vt 0.353112 0.710692
vt 0.354097 0.706821
vt 0.353374 0.704098
vt 0.354294 0.706634
vt 0.354031 0.709784
vt 0.354360 0.706821
vt 0.354360 0.710132
vt 0.354491 0.711226
vt 0.349633 0.722092
vt 0.367554 0.713976
vt 0.365454 0.714643
vt 0.365715 0.713656
vt 0.367159 0.715230
vt 0.370573 0.714563
vt 0.369983 0.716272
vt 0.362695 0.716112
vt 0.361252 0.716192
vt 0.360202 0.715685
vt 0.358954 0.713816
vt 0.357248 0.708903
vt 0.357182 0.707915
vt 0.364994 0.713923
vt 0.359479 0.713789
vt 0.360004 0.710105
vt 0.357576 0.707969
vt 0.360398 0.709117
vt 0.361055 0.710105
vt 0.369392 0.720650
vt 0.371296 0.716806
vt 0.369392 0.722626
vt 0.369588 0.725910
vt 0.358757 0.738404
vt 0.354556 0.739739
vt 0.352455 0.740566
vt 0.351405 0.743530
vt 0.347335 0.741955
vt 0.348189 0.743851
vt 0.359217 0.740460
vt 0.346153 0.742969
vt 0.346745 0.744064
vt 0.348779 0.748175
vt 0.357970 0.746360
vt 0.363549 0.738244
vt 0.362565 0.736268
vt 0.372148 0.732157
vt 0.373068 0.725616
vt 0.376612 0.730689
vt 0.375825 0.723854
vt 0.378385 0.730715
vt 0.379436 0.730021
vt 0.380222 0.731489
vt 0.365912 0.747107
vt 0.369523 0.735040
vt 0.343200 0.742302
vt 0.338342 0.749510
vt 0.336241 0.745666
vt 0.381077 0.729007
vt 0.376940 0.723026
vt 0.370770 0.724308
vt 0.373134 0.724228
vt 0.375562 0.722946
vt 0.378647 0.731970
vt 0.377203 0.732184
vt 0.374512 0.733358
vt 0.373789 0.736695
vt 0.368145 0.737256
vt 0.369260 0.742088
vt 0.371361 0.744918
vt 0.370573 0.747081
vt 0.367750 0.748762
vt 0.369588 0.749564
vt 0.371296 0.754449
vt 0.373920 0.753835
vt 0.371886 0.748896
vt 0.371296 0.748282
vt 0.370836 0.740059
vt 0.372477 0.738804
vt 0.373658 0.758534
vt 0.368866 0.755757
vt 0.372674 0.757092
vt 0.373134 0.755757
vt 0.366832 0.757466
vt 0.356066 0.759601
vt 0.347729 0.756425
vt 0.339720 0.754876
vt 0.346153 0.773138
vt 0.356132 0.772496
vt 0.349370 0.778129
vt 0.350159 0.782455
vt 0.340968 0.780693
vt 0.340311 0.769773
vt 0.334338 0.766249
vt 0.330728 0.754636
vt 0.329218 0.750444
vt 0.330596 0.746920
vt 0.327708 0.763873
vt 0.327643 0.777889
vt 0.355870 0.777249
vt 0.358954 0.777622
vt 0.358561 0.781467
vt 0.354753 0.780799
vt 0.360727 0.780960
vt 0.363287 0.773298
vt 0.364863 0.776501
vt 0.363549 0.765795
vt 0.367159 0.772416
vt 0.365387 0.774766
vt 0.369851 0.767584
vt 0.375365 0.764220
vt 0.372739 0.769293
vt 0.371493 0.762458
vt 0.366766 0.766569
vt 0.369851 0.770654
vt 0.367685 0.769933
vt 0.369260 0.760403
vt 0.373134 0.759922
vt 0.374578 0.761551
vt 0.325936 0.727004
vt 0.322522 0.726070
vt 0.324426 0.724308
vt 0.319174 0.724281
vt 0.319109 0.716940
vt 0.333681 0.716940
vt 0.328627 0.708823
vt 0.318255 0.709170
vt 0.318781 0.721344
vt 0.315827 0.718648
vt 0.318190 0.718702
vt 0.315564 0.721318
vt 0.318190 0.726230
vt 0.317140 0.725375
vt 0.317927 0.725429
vt 0.319109 0.727565
vt 0.323901 0.727912
vt 0.331319 0.728819
vt 0.317140 0.728552
vt 0.315959 0.727512
vt 0.316877 0.726150
vt 0.315827 0.724174
vt 0.317730 0.722332
vt 0.317664 0.721611
vt 0.316745 0.721691
vt 0.316877 0.722306
vt 0.314513 0.716806
vt 0.303748 0.708530
vt 0.299678 0.716565
vt 0.310378 0.724201
vt 0.312544 0.725803
vt 0.309328 0.726871
vt 0.296134 0.725936
vt 0.293902 0.719903
vt 0.304010 0.728580
vt 0.311297 0.727805
vt 0.285631 0.730849
vt 0.288650 0.731036
vt 0.291342 0.725509
vt 0.290948 0.720436
vt 0.292785 0.718354
vt 0.283595 0.732958
vt 0.278542 0.739125
vt 0.280970 0.729380
vt 0.288913 0.739044
vt 0.294820 0.731890
vt 0.300991 0.729914
vt 0.306701 0.730555
vt 0.315761 0.730581
vt 0.316943 0.729327
vt 0.318190 0.729354
vt 0.318059 0.728580
vt 0.294426 0.742542
vt 0.302172 0.740967
vt 0.300400 0.746307
vt 0.300138 0.738217
vt 0.304930 0.737016
vt 0.315564 0.734693
vt 0.317074 0.731836
vt 0.319436 0.730742
vt 0.316943 0.733038
vt 0.308606 0.740540
vt 0.315302 0.738804
vt 0.317074 0.736482
vt 0.317271 0.737577
vt 0.328889 0.730795
vt 0.320028 0.734800
vt 0.318255 0.731890
vt 0.318453 0.733091
vt 0.318584 0.736482
vt 0.317927 0.737737
vt 0.316877 0.739125
vt 0.314448 0.742516
vt 0.307621 0.744785
vt 0.316614 0.745799
vt 0.316745 0.744358
vt 0.313201 0.746920
vt 0.315433 0.747535
vt 0.317861 0.746146
vt 0.317861 0.744117
vt 0.316352 0.742328
vt 0.297512 0.771001
vt 0.304405 0.758587
vt 0.304864 0.770093
vt 0.299876 0.786486
vt 0.290028 0.773084
vt 0.288847 0.757199
vt 0.296002 0.757359
vt 0.298366 0.750898
vt 0.306374 0.752820
vt 0.305192 0.748255
vt 0.310903 0.748709
vt 0.313923 0.749803
vt 0.315170 0.750178
vt 0.312676 0.750471
vt 0.313135 0.751486
vt 0.309919 0.751298
vt 0.289701 0.748949
vt 0.291342 0.743210
vt 0.290226 0.744117
vt 0.290028 0.741981
vt 0.289044 0.743690
vt 0.286353 0.743290
vt 0.286417 0.746387
vt 0.279460 0.745692
vt 0.280510 0.757733
vt 0.281954 0.773537
vt 0.273750 0.767584
vt 0.275521 0.775780
vt 0.284515 0.790223
vt 0.271911 0.778583
vt 0.270336 0.770173
vt 0.285040 0.740299
vt 0.282874 0.739686
vt 0.286025 0.738564
vt 0.278016 0.740994
vt 0.272501 0.740566
vt 0.273355 0.738564
vt 0.265150 0.740219
vt 0.267119 0.741741
vt 0.273027 0.759922
vt 0.268367 0.769186
vt 0.268300 0.761283
vt 0.272567 0.753702
vt 0.271845 0.747455
vt 0.267119 0.746760
vt 0.264690 0.745585
vt 0.262590 0.745185
vt 0.260489 0.743503
vt 0.261867 0.738164
vt 0.263968 0.730956
vt 0.259899 0.730074
vt 0.256485 0.730314
vt 0.256748 0.729247
vt 0.260160 0.731569
vt 0.262590 0.729380
vt 0.264034 0.727217
vt 0.266726 0.727778
vt 0.251496 0.736589
vt 0.253268 0.737229
vt 0.254975 0.729674
vt 0.256748 0.737416
vt 0.254713 0.737737
vt 0.252808 0.738831
vt 0.254647 0.739018
vt 0.256354 0.738992
vt 0.259308 0.739926
vt 0.272567 0.712294
vt 0.273487 0.715498
vt 0.271583 0.712561
vt 0.273946 0.715471
vt 0.272830 0.717313
vt 0.274077 0.718674
vt 0.272174 0.719369
vt 0.265544 0.724788
vt 0.264166 0.725028
vt 0.262656 0.721104
vt 0.261539 0.721905
vt 0.270073 0.719903
vt 0.278016 0.712027
vt 0.275128 0.710639
vt 0.274734 0.709972
vt 0.272109 0.711626
vt 0.278082 0.711066
vt 0.279198 0.711413
vt 0.274997 0.709758
vt 0.265150 0.719235
vt 0.261670 0.719849
vt 0.264493 0.718274
vt 0.266857 0.718034
vt 0.270008 0.718407
vt 0.271583 0.718087
vt 0.266397 0.717286
vt 0.267185 0.717153
vt 0.277885 0.708182
vt 0.278410 0.710772
vt 0.277556 0.708236
vt 0.278279 0.705753
vt 0.277622 0.708102
vt 0.278869 0.705940
vt 0.283071 0.705460
vt 0.282480 0.702790
vt 0.284252 0.704605
vt 0.283399 0.703004
vt 0.278738 0.705113
vt 0.284909 0.701749
vt 0.284318 0.701268
vt 0.287075 0.701134
vt 0.288125 0.701775
vt 0.288322 0.700387
vt 0.289701 0.702363
vt 0.289044 0.700494
vt 0.290685 0.699907
vt 0.293179 0.698171
vt 0.290554 0.698038
vt 0.292261 0.698145
vt 0.292195 0.697210
vt 0.292852 0.697317
vt 0.290292 0.697504
vt 0.287337 0.700093
vt 0.290028 0.697984
vt 0.289832 0.699506
vt 0.286746 0.700147
vt 0.284646 0.701054
vt 0.303289 0.656871
vt 0.306965 0.668163
vt 0.302501 0.666428
vt 0.300400 0.678869
vt 0.303158 0.681432
vt 0.299416 0.680310
vt 0.298890 0.684956
vt 0.302829 0.689548
vt 0.298300 0.685677
vt 0.301713 0.690055
vt 0.297315 0.690189
vt 0.301976 0.694166
vt 0.295411 0.693980
vt 0.300926 0.701375
vt 0.297577 0.705646
vt 0.293968 0.709705
vt 0.293114 0.710612
vt 0.307293 0.649155
vt 0.312085 0.642454
vt 0.312479 0.650490
vt 0.307752 0.657351
vt 0.311297 0.658499
vt 0.311362 0.668724
vt 0.308277 0.680791
vt 0.314513 0.658445
vt 0.301910 0.701108
vt 0.302960 0.693873
vt 0.308277 0.692378
vt 0.312085 0.680605
vt 0.316089 0.668564
vt 0.320422 0.667656
vt 0.318059 0.657084
vt 0.317599 0.648781
vt 0.317140 0.640078
vt 0.311362 0.632710
vt 0.306506 0.640746
vt 0.328430 0.678175
vt 0.324623 0.665601
vt 0.322653 0.656416
vt 0.320750 0.647153
vt 0.320225 0.640451
vt 0.319569 0.631321
vt 0.310903 0.625100
vt 0.302632 0.632335
vt 0.304405 0.640879
vt 0.304864 0.648381
vt 0.332172 0.644056
vt 0.328627 0.649395
vt 0.325083 0.646966
vt 0.329349 0.628865
vt 0.321210 0.632816
vt 0.328103 0.626035
vt 0.334404 0.636821
vt 0.336438 0.636447
vt 0.331909 0.627209
vt 0.289438 0.725055
vt 0.284843 0.722439
vt 0.286025 0.720650
vt 0.287206 0.726390
vt 0.281561 0.727538
vt 0.290160 0.714937
vt 0.289373 0.716272
vt 0.295149 0.713789
vt 0.296199 0.712374
vt 0.299218 0.708236
vt 0.299153 0.706981
vt 0.306440 0.700787
vt 0.312282 0.691097
vt 0.317336 0.680631
vt 0.321077 0.680711
vt 0.326067 0.681084
vt 0.297315 0.713389
vt 0.312413 0.700387
vt 0.317730 0.691149
vt 0.321997 0.692324
vt 0.327117 0.689281
vt 0.330399 0.684395
vt 0.329546 0.679590
vt 0.327314 0.693846
vt 0.331056 0.685116
vt 0.314317 0.709117
vt 0.318584 0.700440
vt 0.324623 0.701054
vt 0.329349 0.701428
vt 0.328364 0.694086
vt 0.328234 0.689734
vt 0.332566 0.689682
vt 0.334863 0.693579
vt 0.330399 0.701669
vt 0.333287 0.708156
vt 0.334470 0.705887
vt 0.338539 0.709998
vt 0.336898 0.712801
vt 0.339524 0.710879
vt 0.338079 0.714216
vt 0.335848 0.713843
vt 0.270795 0.752900
vt 0.270599 0.748255
vt 0.268958 0.753301
vt 0.268629 0.747828
vt 0.268103 0.753888
vt 0.270533 0.759308
vt 0.268300 0.760936
vt 0.270401 0.754289
vt 0.328299 0.743851
vt 0.321406 0.742061
vt 0.327379 0.740193
vt 0.322653 0.745986
vt 0.324886 0.747427
vt 0.322063 0.748682
vt 0.323245 0.749163
vt 0.318453 0.737603
vt 0.318977 0.739018
vt 0.320487 0.738671
vt 0.325738 0.749510
vt 0.322851 0.749991
vt 0.321077 0.749056
vt 0.320619 0.746653
vt 0.319634 0.741875
vt 0.319371 0.745052
vt 0.319305 0.743717
vt 0.318321 0.743583
vt 0.318321 0.745345
vt 0.478709 0.743857
vt 0.484803 0.753875
vt 0.475993 0.748799
vt 0.494408 0.742014
vt 0.489772 0.742254
vt 0.490765 0.740144
vt 0.487982 0.688268
vt 0.483081 0.696977
vt 0.481226 0.690833
vt 0.485996 0.729379
vt 0.480696 0.732211
vt 0.485134 0.728684
vt 0.484340 0.716770
vt 0.478576 0.709345
vt 0.486526 0.707715
vt 0.479902 0.742254
vt 0.476655 0.736245
vt 0.480497 0.738809
vt 0.455391 0.731303
vt 0.457841 0.728391
vt 0.459365 0.730127
vt 0.474336 0.758069
vt 0.481094 0.763037
vt 0.473542 0.761755
vt 0.452079 0.726841
vt 0.454595 0.728978
vt 0.484074 0.720350
vt 0.473608 0.717171
vt 0.483544 0.683834
vt 0.445917 0.761167
vt 0.449363 0.759858
vt 0.447243 0.763839
vt 0.484207 0.762743
vt 0.484140 0.765067
vt 0.487784 0.746528
vt 0.485797 0.740224
vt 0.441281 0.752112
vt 0.447044 0.751684
vt 0.445123 0.754489
vt 0.460491 0.745674
vt 0.465725 0.742175
vt 0.467248 0.744098
vt 0.474933 0.754542
vt 0.466189 0.756867
vt 0.466453 0.754836
vt 0.461817 0.727322
vt 0.460557 0.731463
vt 0.472680 0.765175
vt 0.466255 0.760794
vt 0.453535 0.735683
vt 0.450953 0.733252
vt 0.454463 0.732532
vt 0.449561 0.747864
vt 0.448103 0.750268
vt 0.446315 0.749574
vt 0.492952 0.745353
vt 0.493680 0.743777
vt 0.465924 0.769475
vt 0.460027 0.766216
vt 0.466520 0.765041
vt 0.494408 0.747250
vt 0.482750 0.757801
vt 0.472747 0.695267
vt 0.472946 0.703654
vt 0.470826 0.703201
vt 0.497522 0.684207
vt 0.493084 0.675179
vt 0.484538 0.773295
vt 0.476324 0.781202
vt 0.478908 0.772334
vt 0.477582 0.682364
vt 0.478046 0.687707
vt 0.479570 0.674885
vt 0.483942 0.671465
vt 0.460359 0.762637
vt 0.457511 0.765709
vt 0.457511 0.763598
vt 0.461883 0.757828
vt 0.476125 0.695961
vt 0.467447 0.720003
vt 0.472680 0.722674
vt 0.485068 0.762156
vt 0.450753 0.744498
vt 0.460425 0.743003
vt 0.464863 0.724197
vt 0.465062 0.717519
vt 0.457245 0.725506
vt 0.464599 0.728044
vt 0.465857 0.726548
vt 0.484936 0.733733
vt 0.487520 0.730875
vt 0.473343 0.739182
vt 0.470163 0.732398
vt 0.481756 0.734508
vt 0.486990 0.736057
vt 0.452277 0.749494
vt 0.450091 0.749066
vt 0.465129 0.731356
vt 0.462147 0.734668
vt 0.467911 0.734989
vt 0.468176 0.726307
vt 0.466652 0.728257
vt 0.467646 0.729165
vt 0.450621 0.738034
vt 0.456583 0.733039
vt 0.447243 0.729406
vt 0.451268 0.786994
vt 0.438089 0.793017
vt 0.440388 0.785521
vt 0.492222 0.736057
vt 0.490302 0.734454
vt 0.442142 0.729433
vt 0.446977 0.734161
vt 0.440088 0.732852
vt 0.470494 0.714527
vt 0.467977 0.713511
vt 0.498714 0.744846
vt 0.493481 0.750162
vt 0.490169 0.750081
vt 0.491892 0.754676
vt 0.491096 0.752219
vt 0.486592 0.758176
vt 0.487586 0.761301
vt 0.487718 0.756172
vt 0.491892 0.755370
vt 0.481226 0.767205
vt 0.482551 0.740866
vt 0.464599 0.775485
vt 0.459631 0.781896
vt 0.457974 0.775966
vt 0.481756 0.760152
vt 0.487520 0.761862
vt 0.454265 0.759832
vt 0.453999 0.757722
vt 0.467646 0.782778
vt 0.470031 0.776421
vt 0.432536 0.735363
vt 0.424454 0.732745
vt 0.430085 0.731650
vt 0.474800 0.727296
vt 0.455655 0.784595
vt 0.452873 0.776848
vt 0.458769 0.768834
vt 0.458637 0.759912
vt 0.462611 0.789670
vt 0.463671 0.781790
vt 0.472614 0.770464
vt 0.440022 0.748372
vt 0.445388 0.746849
vt 0.442473 0.749788
vt 0.470760 0.787266
vt 0.453933 0.769449
vt 0.451019 0.765842
vt 0.439095 0.755478
vt 0.441678 0.756092
vt 0.440552 0.759805
vt 0.451615 0.763011
vt 0.448965 0.761541
vt 0.451813 0.735309
vt 0.458571 0.752780
vt 0.447309 0.747971
vt 0.441811 0.744712
vt 0.444461 0.745086
vt 0.445123 0.744178
vt 0.446977 0.739130
vt 0.424654 0.746528
vt 0.434656 0.742121
vt 0.457577 0.736057
vt 0.441479 0.737847
vt 0.456185 0.735390
vt 0.444924 0.737179
vt 0.427568 0.738408
vt 0.417432 0.741827
vt 0.421208 0.733599
vt 0.435782 0.729566
vt 0.442142 0.727455
vt 0.257943 0.763641
vt 0.254133 0.761971
vt 0.254920 0.759547
vt 0.257762 0.758417
vt 0.260663 0.759641
vt 0.261752 0.761829
vt 0.261205 0.770050
vt 0.257951 0.771292
vt 0.260631 0.767840
vt 0.258079 0.767244
vt 0.255399 0.767840
vt 0.254698 0.770149
vt 0.266138 0.786183
vt 0.268646 0.789540
vt 0.265525 0.788255
vt 0.268585 0.785635
vt 0.271154 0.786255
vt 0.271827 0.788468
vt 0.446470 0.780024
vt 0.435676 0.772924
vt 0.448922 0.778973
vt 0.433986 0.778973
vt 0.442937 0.758416
vt 0.447110 0.758336
vt 0.442672 0.761755
vt 0.444195 0.756493
vt 0.465526 0.752913
vt 0.483610 0.723823
vt 0.440474 0.765954
vt 0.446557 0.771450
vt 0.382381 0.758781
vt 0.383969 0.764022
vt 0.381852 0.761761
vt 0.385689 0.761973
vt 0.383440 0.768545
vt 0.381521 0.766576
vt 0.379669 0.765166
vt 0.378346 0.762053
vt 0.257688 0.754793
vt 0.261446 0.747657
vt 0.264685 0.748590
vt 0.258207 0.747481
vt 0.255032 0.747128
vt 0.251015 0.748263
vt 0.490500 0.697137
vt 0.253372 0.788501
vt 0.254500 0.786047
vt 0.257552 0.790335
vt 0.257619 0.784627
vt 0.260737 0.785764
vt 0.261733 0.788397
vt 0.359015 0.695541
vt 0.354554 0.700907
vt 0.347999 0.693569
vt 0.348742 0.685468
vt 0.343336 0.680549
vt 0.341173 0.686862
vt 0.335699 0.676446
vt 0.336509 0.672843
vt 0.343606 0.672474
vt 0.342795 0.669423
vt 0.344079 0.670817
vt 0.345836 0.670370
vt 0.348607 0.665925
vt 0.353879 0.670449
vt 0.345903 0.672922
vt 0.347525 0.674737
vt 0.352392 0.679997
vt 0.360096 0.684836
vt 0.358947 0.675815
vt 0.364016 0.677735
vt 0.336036 0.661060
vt 0.333873 0.660165
vt 0.328872 0.661875
vt 0.332251 0.657956
vt 0.328062 0.657061
vt 0.338874 0.654247
vt 0.333536 0.656588
vt 0.332455 0.652459
vt 0.340700 0.656509
vt 0.340227 0.653169
vt 0.344552 0.661875
vt 0.336509 0.658614
vt 0.338402 0.663374
vt 0.339145 0.666715
vt 0.341781 0.667898
vt 0.341443 0.664952
vt 0.339551 0.664873
vt 0.342389 0.647462
vt 0.337456 0.648014
vt 0.400046 0.784268
vt 0.398987 0.782379
vt 0.400112 0.781289
vt 0.405073 0.781103
vt 0.406000 0.773121
vt 0.410432 0.779480
vt 0.414269 0.773946
vt 0.413542 0.781103
vt 0.418504 0.775995
vt 0.419761 0.782406
vt 0.423664 0.778389
vt 0.423929 0.775995
vt 0.421282 0.772696
vt 0.419761 0.769370
vt 0.404412 0.784641
vt 0.408844 0.783843
vt 0.412020 0.784961
vt 0.419099 0.787754
vt 0.429950 0.787408
vt 0.428031 0.783444
vt 0.429287 0.780384
vt 0.429817 0.779427
vt 0.430677 0.777405
vt 0.427369 0.775755
vt 0.428296 0.772696
vt 0.425716 0.769183
vt 0.432133 0.773068
vt 0.431604 0.791638
vt 0.433522 0.770620
vt 0.432463 0.768199
vt 0.428957 0.766869
vt 0.434382 0.765113
vt 0.433258 0.764235
vt 0.437161 0.761095
vt 0.422606 0.770062
vt 0.417974 0.768066
vt 0.425848 0.762665
vt 0.429685 0.760670
vt 0.431670 0.761042
vt 0.436102 0.760058
vt 0.428163 0.757158
vt 0.430016 0.757450
vt 0.427435 0.756014
vt 0.426046 0.756439
vt 0.426774 0.753274
vt 0.425384 0.759685
vt 0.420489 0.756812
vt 0.413608 0.764235
vt 0.406926 0.770939
vt 0.405802 0.764102
vt 0.400046 0.771445
vt 0.399516 0.763782
vt 0.402956 0.761947
vt 0.397995 0.760244
vt 0.402295 0.760005
vt 0.401170 0.756040
vt 0.407654 0.753113
vt 0.405736 0.750081
vt 0.413211 0.745931
vt 0.410829 0.759925
vt 0.409308 0.756413
vt 0.415857 0.752315
vt 0.417247 0.753965
vt 0.420687 0.753007
vt 0.422606 0.753832
vt 0.421481 0.752689
vt 0.421216 0.749522
vt 0.418570 0.749762
vt 0.417578 0.749389
vt 0.416718 0.747101
vt 0.414535 0.749948
vt 0.416453 0.743935
vt 0.414336 0.738960
vt 0.409573 0.741913
vt 0.406265 0.734118
vt 0.416652 0.732335
vt 0.403949 0.745345
vt 0.400178 0.751837
vt 0.386284 0.735182
vt 0.389857 0.744308
vt 0.383440 0.744494
vt 0.389923 0.737630
vt 0.393760 0.736565
vt 0.391048 0.729542
vt 0.397399 0.734543
vt 0.398987 0.730207
vt 0.401700 0.739971
vt 0.398524 0.747926
vt 0.393694 0.753007
vt 0.394951 0.756121
vt 0.394158 0.759153
vt 0.396143 0.766017
vt 0.390982 0.770913
vt 0.400310 0.773839
vt 0.390651 0.762585
vt 0.385689 0.770381
vt 0.390254 0.760404
vt 0.391974 0.756121
vt 0.391247 0.754178
vt 0.392834 0.751252
vt 0.391048 0.750400
vt 0.395811 0.742684
vt 0.379669 0.768066
vt 0.377221 0.769476
vt 0.377354 0.764979
vt 0.380198 0.772004
vt 0.381191 0.768598
vt 0.384962 0.760537
vt 0.388335 0.758248
vt 0.386152 0.758248
vt 0.385623 0.755721
vt 0.387079 0.751198
vt 0.381786 0.773759
vt 0.385755 0.772882
vt 0.387079 0.774132
vt 0.388997 0.773360
vt 0.390982 0.776021
vt 0.389196 0.771977
vt 0.387079 0.771551
vt 0.385359 0.775755
vt 0.379669 0.775755
vt 0.382381 0.778629
vt 0.384896 0.777457
vt 0.385954 0.777990
vt 0.389130 0.779666
vt 0.393562 0.778815
vt 0.396738 0.783071
vt 0.398326 0.785572
vt 0.399648 0.786424
vt 0.395018 0.786371
vt 0.393231 0.782646
vt 0.395414 0.784109
vt 0.390982 0.786450
vt 0.392570 0.790707
vt 0.385094 0.789883
vt 0.387674 0.792170
vt 0.382117 0.794512
vt 0.388335 0.794059
vt 0.397863 0.791931
vt 0.399648 0.788818
vt 0.403817 0.786424
vt 0.403022 0.788685
vt 0.403420 0.791506
vt 0.367165 0.782087
vt 0.371929 0.788605
vt 0.360616 0.788685
vt 0.367099 0.795363
vt 0.370407 0.795124
vt 0.376096 0.794352
vt 0.377287 0.790015
vt 0.377354 0.782991
vt 0.384696 0.784881
vt 0.388667 0.783470
vt 0.407059 0.788579
vt 0.409374 0.787142
vt 0.411227 0.786264
vt 0.410962 0.788099
vt 0.413410 0.787408
vt 0.410697 0.790361
vt 0.446291 0.834739
vt 0.441064 0.833196
vt 0.453435 0.828806
vt 0.436830 0.827528
vt 0.441858 0.823538
vt 0.435309 0.821675
vt 0.437227 0.817339
vt 0.430545 0.814040
vt 0.436830 0.811219
vt 0.429023 0.800019
vt 0.443710 0.808772
vt 0.436830 0.799673
vt 0.421349 0.794299
vt 0.418173 0.797172
vt 0.416254 0.799274
vt 0.444174 0.818190
vt 0.454031 0.818589
vt 0.427435 0.816168
vt 0.424855 0.807575
vt 0.423003 0.808825
vt 0.385624 0.641412
vt 0.394275 0.649671
vt 0.389003 0.653037
vt 0.363659 0.649855
vt 0.364471 0.642070
vt 0.366363 0.643280
vt 0.362241 0.642516
vt 0.358862 0.645936
vt 0.360889 0.639886
vt 0.362308 0.640781
vt 0.363659 0.640045
vt 0.365416 0.634916
vt 0.371770 0.638124
vt 0.364741 0.631707
vt 0.377987 0.634652
vt 0.377717 0.643332
vt 0.372580 0.647409
vt 0.379813 0.654458
vt 0.369405 0.653958
vt 0.371229 0.658850
vt 0.356428 0.639755
vt 0.359199 0.639308
vt 0.357375 0.637256
vt 0.354130 0.637282
vt 0.351427 0.635678
vt 0.354400 0.643148
vt 0.349197 0.636599
vt 0.348385 0.641018
vt 0.346291 0.634468
vt 0.345750 0.639966
vt 0.342100 0.634468
vt 0.355820 0.637993
vt 0.345074 0.641412
vt 0.340276 0.644726
vt 0.339330 0.640176
vt 0.350413 0.629130
vt 0.347440 0.632943
vt 0.345547 0.629392
vt 0.350007 0.633837
vt 0.254172 0.773879
vt 0.257609 0.781340
vt 0.250800 0.774625
vt 0.257412 0.773827
vt 0.260651 0.773647
vt 0.264684 0.775011
vt 0.725739 0.588087
vt 0.721371 0.588506
vt 0.725048 0.583282
vt 0.728067 0.581458
vt 0.724974 0.576924
vt 0.722755 0.590995
vt 0.719079 0.592079
vt 0.718715 0.588900
vt 0.715659 0.591561
vt 0.715477 0.587274
vt 0.718170 0.582222
vt 0.719989 0.582937
vt 0.721663 0.578254
vt 0.721990 0.571773
vt 0.721990 0.595110
vt 0.718133 0.596195
vt 0.714275 0.596146
vt 0.724538 0.593533
vt 0.724575 0.597353
vt 0.722099 0.599521
vt 0.718278 0.600778
vt 0.714058 0.599176
vt 0.710600 0.595874
vt 0.711874 0.590773
vt 0.712455 0.587668
vt 0.715585 0.582099
vt 0.718643 0.578328
vt 0.719296 0.571650
vt 0.711219 0.599941
vt 0.708234 0.599324
vt 0.708816 0.586806
vt 0.710491 0.581754
vt 0.704814 0.588531
vt 0.707361 0.592892
vt 0.703504 0.594001
vt 0.701356 0.590058
vt 0.700047 0.586189
vt 0.710783 0.576924
vt 0.715804 0.577786
vt 0.708671 0.580546
vt 0.704777 0.579930
vt 0.702739 0.582961
vt 0.697498 0.583823
vt 0.700265 0.581285
vt 0.694551 0.582345
vt 0.695826 0.579708
vt 0.690767 0.580596
vt 0.691421 0.577441
vt 0.683925 0.574779
vt 0.690730 0.572463
vt 0.687891 0.569481
vt 0.695897 0.569382
vt 0.687674 0.565316
vt 0.700885 0.576357
vt 0.696080 0.576948
vt 0.692150 0.575026
vt 0.693860 0.573251
vt 0.695352 0.572611
vt 0.700774 0.572068
vt 0.697972 0.566721
vt 0.697646 0.573178
vt 0.696300 0.573794
vt 0.695715 0.573621
vt 0.695606 0.573819
vt 0.695570 0.573991
vt 0.697942 0.573400
vt 0.704195 0.575371
vt 0.702339 0.568495
vt 0.704705 0.569777
vt 0.708451 0.576751
vt 0.709764 0.571551
vt 0.712420 0.573695
vt 0.713912 0.569925
vt 0.715294 0.574114
vt 0.716677 0.571502
vt 0.717296 0.573596
vt 0.719117 0.568841
vt 0.715730 0.567879
vt 0.712346 0.566869
vt 0.705869 0.564898
vt 0.707253 0.562901
vt 0.708962 0.565661
vt 0.707398 0.567855
vt 0.711401 0.569506
vt 0.705070 0.567214
vt 0.702813 0.566006
vt 0.722355 0.569604
vt 0.719953 0.566302
vt 0.717587 0.564134
vt 0.714711 0.563172
vt 0.710055 0.562631
vt 0.708999 0.559846
vt 0.705359 0.561029
vt 0.704269 0.564257
vt 0.701938 0.563222
vt 0.703213 0.560264
vt 0.720789 0.564996
vt 0.719516 0.561842
vt 0.718170 0.561177
vt 0.715368 0.560979
vt 0.713802 0.560388
vt 0.711727 0.560068
vt 0.698262 0.563197
vt 0.699281 0.559821
vt 0.707107 0.557209
vt 0.711947 0.555977
vt 0.713947 0.556543
vt 0.716749 0.556839
vt 0.718133 0.557308
vt 0.720389 0.557628
vt 0.721990 0.558786
vt 0.708380 0.554942
vt 0.702485 0.555878
vt 0.726430 0.561620
vt 0.725048 0.560240
vt 0.729959 0.556888
vt 0.728396 0.556273
vt 0.729779 0.551245
vt 0.727268 0.555730
vt 0.725520 0.554252
vt 0.722136 0.552207
vt 0.719807 0.551935
vt 0.716277 0.552404
vt 0.714384 0.552132
vt 0.709618 0.552970
vt 0.706997 0.554202
vt 0.714167 0.549816
vt 0.710055 0.551171
vt 0.705250 0.552182
vt 0.731416 0.548165
vt 0.734145 0.550900
vt 0.731962 0.553611
vt 0.704014 0.553882
vt 0.700083 0.552182
vt 0.697172 0.552995
vt 0.701176 0.551269
vt 0.701466 0.549914
vt 0.706052 0.551344
vt 0.706451 0.549471
vt 0.709909 0.549224
vt 0.713293 0.547154
vt 0.718133 0.548140
vt 0.722900 0.547672
vt 0.716897 0.544641
vt 0.690658 0.546242
vt 0.691894 0.549520
vt 0.687854 0.548190
vt 0.695606 0.548731
vt 0.697281 0.544493
vt 0.702557 0.548485
vt 0.689894 0.544567
vt 0.691095 0.541314
vt 0.692587 0.543704
vt 0.693532 0.540993
vt 0.729597 0.542990
vt 0.733417 0.545380
vt 0.728213 0.546291
vt 0.725374 0.545380
vt 0.727377 0.549496
vt 0.722210 0.544567
vt 0.720900 0.541930
vt 0.723373 0.541758
vt 0.726466 0.542595
vt 0.736729 0.548017
vt 0.737311 0.553931
vt 0.734364 0.555730
vt 0.731816 0.558392
vt 0.729268 0.563518
vt 0.723993 0.564232
vt 0.725922 0.566105
vt 0.730361 0.568791
vt 0.740040 0.548731
vt 0.734364 0.560437
vt 0.735928 0.563789
vt 0.737275 0.568076
vt 0.742333 0.566475
vt 0.740186 0.561644
vt 0.736984 0.558170
vt 0.743133 0.554128
vt 0.740804 0.558589
vt 0.744736 0.571330
vt 0.747173 0.569235
vt 0.747718 0.574582
vt 0.739677 0.569950
vt 0.737055 0.572315
vt 0.735783 0.574533
vt 0.730798 0.572537
vt 0.728649 0.575371
vt 0.727814 0.571478
vt 0.723810 0.568076
vt 0.722646 0.565710
vt 0.722572 0.563345
vt 0.749829 0.572216
vt 0.742114 0.584563
vt 0.738803 0.586017
vt 0.741423 0.581236
vt 0.738039 0.581680
vt 0.735709 0.577071
vt 0.734108 0.581507
vt 0.742516 0.577934
vt 0.743024 0.573399
vt 0.730943 0.587003
vt 0.733671 0.589738
vt 0.729015 0.591438
vt 0.729341 0.595652
vt 0.731634 0.593952
vt 0.736402 0.591808
vt 0.741132 0.589146
vt 0.744916 0.588087
vt 0.746736 0.584317
vt 0.745900 0.581384
vt 0.746408 0.578846
vt 0.747538 0.576505
vt 0.721117 0.562582
vt 0.723847 0.559525
vt 0.644582 0.574502
vt 0.643416 0.578322
vt 0.641088 0.575389
vt 0.640434 0.577903
vt 0.640468 0.580688
vt 0.638539 0.577854
vt 0.636248 0.578371
vt 0.636211 0.575217
vt 0.638539 0.575438
vt 0.642397 0.565211
vt 0.641561 0.570707
vt 0.639159 0.563905
vt 0.644836 0.571200
vt 0.641379 0.572802
vt 0.638830 0.573344
vt 0.636139 0.572925
vt 0.633409 0.574010
vt 0.633663 0.576892
vt 0.631552 0.579554
vt 0.631552 0.576474
vt 0.628570 0.577385
vt 0.630134 0.574132
vt 0.626059 0.574674
vt 0.627004 0.571545
vt 0.638868 0.570165
vt 0.636976 0.570165
vt 0.636502 0.564324
vt 0.639669 0.560036
vt 0.642179 0.560603
vt 0.645527 0.565408
vt 0.645892 0.556956
vt 0.642617 0.556734
vt 0.639669 0.555699
vt 0.636465 0.555798
vt 0.632208 0.556192
vt 0.632282 0.564744
vt 0.633155 0.571126
vt 0.630097 0.570239
vt 0.627951 0.565680
vt 0.628242 0.557104
vt 0.628314 0.548306
vt 0.632353 0.547542
vt 0.628424 0.538621
vt 0.631772 0.538991
vt 0.628459 0.528000
vt 0.631880 0.527975
vt 0.628496 0.523343
vt 0.631699 0.523047
vt 0.631517 0.518094
vt 0.635375 0.517354
vt 0.631808 0.509616
vt 0.635084 0.509222
vt 0.639087 0.517108
vt 0.636028 0.547296
vt 0.636756 0.538128
vt 0.639741 0.547444
vt 0.626387 0.511415
vt 0.628715 0.505969
vt 0.628533 0.518660
vt 0.642690 0.547444
vt 0.640178 0.537981
vt 0.636139 0.528370
vt 0.635738 0.522849
vt 0.639450 0.522652
vt 0.642434 0.522825
vt 0.642397 0.517798
vt 0.642508 0.511883
vt 0.639815 0.528197
vt 0.642434 0.527827
vt 0.643090 0.538005
vt 0.637740 0.508581
vt 0.640251 0.507546
vt 0.641670 0.505747
vt 0.644763 0.504490
vt 0.645818 0.510627
vt 0.646147 0.517970
vt 0.646220 0.522751
vt 0.646255 0.527557
vt 0.646620 0.538301
vt 0.646109 0.547936
vt 0.676247 0.577564
vt 0.675956 0.572512
vt 0.677374 0.573917
vt 0.683889 0.580201
vt 0.678321 0.579364
vt 0.678867 0.576480
vt 0.679086 0.573523
vt 0.679594 0.568939
vt 0.677665 0.568274
vt 0.674318 0.571650
vt 0.673336 0.567756
vt 0.671770 0.569309
vt 0.668241 0.567313
vt 0.668786 0.562483
vt 0.665366 0.564873
vt 0.662709 0.558958
vt 0.660745 0.561127
vt 0.656705 0.558194
vt 0.682979 0.570491
vt 0.681560 0.565070
vt 0.688838 0.543605
vt 0.686328 0.544862
vt 0.688439 0.541314
vt 0.684909 0.548978
vt 0.683015 0.547007
vt 0.682615 0.553020
vt 0.676028 0.552625
vt 0.675009 0.555706
vt 0.670133 0.554005
vt 0.673226 0.559501
vt 0.664638 0.554942
vt 0.678430 0.562729
vt 0.679885 0.563912
vt 0.658851 0.554696
vt 0.666821 0.552699
vt 0.668968 0.549668
vt 0.677048 0.548313
vt 0.682251 0.544049
vt 0.686145 0.542176
vt 0.687674 0.538258
vt 0.669442 0.545824
vt 0.669624 0.542546
vt 0.675009 0.543261
vt 0.677994 0.543778
vt 0.685782 0.539860
vt 0.682106 0.542029
vt 0.678830 0.540870
vt 0.675300 0.539983
vt 0.669696 0.539441
vt 0.665074 0.538628
vt 0.666495 0.544739
vt 0.665804 0.548313
vt 0.664965 0.550185
vt 0.661399 0.549963
vt 0.664421 0.551590
vt 0.653903 0.550580
vt 0.656340 0.553463
vt 0.651464 0.556494
vt 0.648699 0.551935
vt 0.667222 0.534143
vt 0.662055 0.533872
vt 0.662055 0.538578
vt 0.658705 0.537741
vt 0.660126 0.541635
vt 0.663000 0.543138
vt 0.659325 0.545824
vt 0.663146 0.547351
vt 0.656195 0.540452
vt 0.655213 0.545405
vt 0.683380 0.559229
vt 0.680904 0.558515
vt 0.684071 0.559797
vt 0.689894 0.561472
vt 0.691677 0.557283
vt 0.687565 0.554473
vt 0.686473 0.553192
vt 0.647877 0.576590
vt 0.651226 0.577330
vt 0.646458 0.579424
vt 0.655083 0.577798
vt 0.653044 0.575580
vt 0.649078 0.582233
vt 0.644130 0.583293
vt 0.646931 0.584599
vt 0.642892 0.589233
vt 0.647223 0.584944
vt 0.649588 0.590662
vt 0.651808 0.589725
vt 0.648459 0.585142
vt 0.649514 0.583392
vt 0.653372 0.587384
vt 0.658867 0.584525
vt 0.660796 0.586448
vt 0.661306 0.581962
vt 0.663489 0.585905
vt 0.665381 0.584574
vt 0.667492 0.586891
vt 0.668802 0.590194
vt 0.670439 0.586842
vt 0.655374 0.589602
vt 0.652644 0.590465
vt 0.668694 0.582357
vt 0.664799 0.581470
vt 0.667783 0.579350
vt 0.665309 0.577108
vt 0.668839 0.576245
vt 0.656684 0.576048
vt 0.659959 0.575728
vt 0.665854 0.572105
vt 0.668765 0.572303
vt 0.671713 0.573880
vt 0.673387 0.575753
vt 0.670913 0.579769
vt 0.672733 0.581716
vt 0.672622 0.584821
vt 0.676954 0.583737
vt 0.675279 0.579769
vt 0.662033 0.571144
vt 0.675898 0.586250
vt 0.677973 0.587187
vt 0.675498 0.588863
vt 0.677281 0.589454
vt 0.676445 0.590760
vt 0.677938 0.593249
vt 0.673932 0.592608
vt 0.673059 0.592781
vt 0.672842 0.588591
vt 0.674697 0.589454
vt 0.675207 0.591105
vt 0.675498 0.595344
vt 0.678226 0.596132
vt 0.679792 0.590489
vt 0.681684 0.592312
vt 0.684124 0.594875
vt 0.664326 0.592239
vt 0.669749 0.594013
vt 0.671895 0.596305
vt 0.675535 0.599681
vt 0.681102 0.600100
vt 0.685251 0.597266
vt 0.686452 0.601480
vt 0.689034 0.600716
vt 0.685214 0.605102
vt 0.690963 0.604437
vt 0.689328 0.607346
vt 0.696786 0.607887
vt 0.696387 0.612496
vt 0.704975 0.613383
vt 0.679536 0.606680
vt 0.688635 0.612052
vt 0.676882 0.602983
vt 0.682195 0.613038
vt 0.679101 0.615526
vt 0.680411 0.618163
vt 0.678373 0.619617
vt 0.683430 0.617572
vt 0.688780 0.617203
vt 0.696132 0.615896
vt 0.704647 0.617005
vt 0.705957 0.609563
vt 0.712325 0.614985
vt 0.713817 0.612052
vt 0.712180 0.617696
vt 0.718876 0.616217
vt 0.719386 0.614220
vt 0.719275 0.611091
vt 0.724080 0.612496
vt 0.720588 0.608454
vt 0.726409 0.609440
vt 0.721387 0.606138
vt 0.727829 0.607518
vt 0.728993 0.609859
vt 0.732340 0.607469
vt 0.724882 0.616044
vt 0.726154 0.613013
vt 0.726954 0.615970
vt 0.729940 0.620135
vt 0.725208 0.618262
vt 0.718513 0.618755
vt 0.729030 0.622427
vt 0.724771 0.620554
vt 0.690674 0.599460
vt 0.693476 0.601086
vt 0.697697 0.604758
vt 0.694022 0.598228
vt 0.698860 0.601751
vt 0.694675 0.593816
vt 0.701117 0.597956
vt 0.707232 0.605029
vt 0.708504 0.601332
vt 0.714654 0.607370
vt 0.715127 0.604339
vt 0.714510 0.609859
vt 0.706758 0.607567
vt 0.645985 0.618583
vt 0.644310 0.615083
vt 0.651371 0.616759
vt 0.643074 0.613062
vt 0.639725 0.614220
vt 0.641400 0.610647
vt 0.640963 0.617523
vt 0.642383 0.619741
vt 0.643146 0.621983
vt 0.648204 0.621909
vt 0.652755 0.621614
vt 0.656465 0.621220
vt 0.656465 0.616118
vt 0.634121 0.621762
vt 0.634740 0.618706
vt 0.635213 0.622748
vt 0.635832 0.619987
vt 0.637179 0.624078
vt 0.637796 0.621983
vt 0.640161 0.623758
vt 0.640526 0.622254
vt 0.643183 0.623881
vt 0.639399 0.620603
vt 0.637761 0.618681
vt 0.638307 0.616832
vt 0.638198 0.613999
vt 0.639908 0.610820
vt 0.641653 0.607764
vt 0.636560 0.617498
vt 0.637068 0.613482
vt 0.638780 0.610327
vt 0.639653 0.606605
vt 0.640526 0.605719
vt 0.637978 0.603378
vt 0.645148 0.604067
vt 0.644167 0.601037
vt 0.651916 0.602441
vt 0.650316 0.598498
vt 0.655556 0.601110
vt 0.653554 0.597291
vt 0.654501 0.596354
vt 0.650971 0.592066
vt 0.657483 0.596847
vt 0.659086 0.596181
vt 0.661706 0.595344
vt 0.663526 0.598425
vt 0.662725 0.596798
vt 0.667055 0.598351
vt 0.665418 0.595615
vt 0.659959 0.597956
vt 0.658285 0.598646
vt 0.656247 0.599509
vt 0.659049 0.602885
vt 0.657047 0.604265
vt 0.661378 0.599878
vt 0.659668 0.600519
vt 0.648459 0.610573
vt 0.647112 0.608183
vt 0.646204 0.606089
vt 0.653190 0.605522
vt 0.658830 0.607469
vt 0.663198 0.607395
vt 0.665928 0.606704
vt 0.666473 0.603575
vt 0.670548 0.601012
vt 0.672369 0.606089
vt 0.649805 0.613235
vt 0.655120 0.611485
vt 0.653882 0.608356
vt 0.658830 0.610253
vt 0.660032 0.611411
vt 0.673024 0.609662
vt 0.675025 0.615748
vt 0.667492 0.609070
vt 0.663198 0.610770
vt 0.660285 0.610327
vt 0.660322 0.610253
vt 0.660250 0.610253
vt 0.660214 0.610278
vt 0.660250 0.610351
vt 0.664108 0.613062
vt 0.672369 0.619494
vt 0.674443 0.619199
vt 0.669167 0.622279
vt 0.669458 0.623980
vt 0.666728 0.621589
vt 0.667675 0.617868
vt 0.667310 0.616069
vt 0.664981 0.615970
vt 0.661777 0.613679
vt 0.665127 0.617966
vt 0.663089 0.618459
vt 0.662761 0.617079
vt 0.661777 0.621170
vt 0.656792 0.623141
vt 0.653517 0.623659
vt 0.648424 0.623758
vt 0.666254 0.623906
vt 0.661997 0.623289
vt 0.675353 0.621269
vt 0.672842 0.622550
vt 0.630700 0.601973
vt 0.629790 0.600322
vt 0.636669 0.604413
vt 0.630991 0.598597
vt 0.646495 0.593520
vt 0.641254 0.596181
vt 0.634812 0.598917
vt 0.633030 0.596329
vt 0.628882 0.596798
vt 0.627753 0.593619
vt 0.625205 0.595196
vt 0.625570 0.598228
vt 0.626043 0.600420
vt 0.627061 0.601357
vt 0.648970 0.591598
vt 0.638925 0.592929
vt 0.632447 0.591253
vt 0.640127 0.587088
vt 0.637179 0.588887
vt 0.667003 0.512867
vt 0.664201 0.518682
vt 0.663875 0.512793
vt 0.659142 0.518559
vt 0.660309 0.523537
vt 0.656996 0.518386
vt 0.656340 0.521369
vt 0.656160 0.525163
vt 0.664129 0.523094
vt 0.670969 0.510181
vt 0.665366 0.508505
vt 0.659653 0.512571
vt 0.655758 0.513729
vt 0.653502 0.517919
vt 0.652884 0.520876
vt 0.652919 0.524917
vt 0.653393 0.529082
vt 0.655686 0.528934
vt 0.659944 0.528786
vt 0.663693 0.528072
vt 0.663693 0.529920
vt 0.658232 0.508332
vt 0.652810 0.509220
vt 0.650628 0.515282
vt 0.659835 0.531374
vt 0.654594 0.532015
vt 0.652557 0.531768
vt 0.651684 0.533862
vt 0.654266 0.534602
vt 0.651282 0.536056
vt 0.676975 0.502270
vt 0.678721 0.507273
vt 0.670316 0.504512
vt 0.678430 0.513705
vt 0.672752 0.514690
vt 0.667987 0.517524
vt 0.668058 0.520112
vt 0.668204 0.523439
vt 0.668569 0.527726
vt 0.668386 0.528860
vt 0.672390 0.530166
vt 0.672281 0.527948
vt 0.677739 0.528515
vt 0.676937 0.523316
vt 0.681343 0.523512
vt 0.680796 0.519668
vt 0.676393 0.517573
vt 0.680359 0.516761
vt 0.672135 0.516785
vt 0.671699 0.521887
vt 0.681015 0.527603
vt 0.681087 0.530289
vt 0.677848 0.531152
vt 0.677703 0.534454
vt 0.681305 0.532507
vt 0.682216 0.534528
vt 0.679377 0.535390
vt 0.720998 0.534586
vt 0.722964 0.526528
vt 0.729840 0.534389
vt 0.730277 0.526158
vt 0.735555 0.533798
vt 0.738684 0.525715
vt 0.706113 0.531185
vt 0.708444 0.531900
vt 0.708261 0.535572
vt 0.704549 0.535818
vt 0.706914 0.538529
vt 0.713574 0.539589
vt 0.714265 0.536163
vt 0.720342 0.536509
vt 0.714011 0.533822
vt 0.714084 0.526454
vt 0.714339 0.522610
vt 0.723691 0.522511
vt 0.730459 0.522191
vt 0.739630 0.521599
vt 0.744435 0.525419
vt 0.745344 0.521279
vt 0.708735 0.522684
vt 0.708697 0.525739
vt 0.728750 0.517804
vt 0.727985 0.501934
vt 0.732497 0.502575
vt 0.726929 0.502698
vt 0.734717 0.506665
vt 0.727258 0.507158
vt 0.735190 0.509204
vt 0.727149 0.509844
vt 0.722527 0.518347
vt 0.714339 0.519233
vt 0.708770 0.520072
vt 0.705713 0.522807
vt 0.706549 0.525518
vt 0.706514 0.528820
vt 0.741559 0.506986
vt 0.706769 0.519184
vt 0.706661 0.515512
vt 0.708406 0.513590
vt 0.714630 0.512087
vt 0.721034 0.510830
vt 0.719286 0.508440
vt 0.718524 0.504176
vt 0.711790 0.504669
vt 0.713502 0.509426
vt 0.707679 0.510288
vt 0.705568 0.511446
vt 0.703385 0.509844
vt 0.705131 0.506517
vt 0.701929 0.508193
vt 0.743378 0.506591
vt 0.744688 0.504349
vt 0.747636 0.505951
vt 0.743561 0.502846
vt 0.740611 0.504472
vt 0.736645 0.501687
vt 0.737810 0.517385
vt 0.741195 0.509154
vt 0.742323 0.509154
vt 0.746400 0.509130
vt 0.749855 0.508144
vt 0.750255 0.511717
vt 0.746908 0.511520
vt 0.748146 0.517065
vt 0.743451 0.512309
vt 0.745707 0.516621
vt 0.742323 0.512629
vt 0.744288 0.517287
vt 0.746945 0.518174
vt 0.746144 0.519850
vt 0.747745 0.521156
vt 0.748437 0.518593
vt 0.749564 0.517385
vt 0.750255 0.515241
vt 0.746218 0.523102
vt 0.748909 0.523497
vt 0.747419 0.524408
vt 0.745781 0.526257
vt 0.743342 0.529017
vt 0.742323 0.533403
vt 0.734680 0.536287
vt 0.728639 0.537321
vt 0.720088 0.540526
vt 0.744435 0.529855
vt 0.733153 0.539934
vt 0.729986 0.541067
vt 0.728713 0.540747
vt 0.743524 0.533502
vt 0.743051 0.535991
vt 0.741195 0.538233
vt 0.737955 0.539934
vt 0.738902 0.542275
vt 0.743596 0.542151
vt 0.744688 0.539293
vt 0.745744 0.537938
vt 0.744580 0.535793
vt 0.599452 0.506982
vt 0.599165 0.505689
vt 0.592983 0.506701
vt 0.593936 0.508738
vt 0.598704 0.508300
vt 0.990725 0.572488
vt 0.992980 0.567452
vt 0.988412 0.572708
vt 0.991584 0.565783
vt 0.992040 0.565991
vt 0.991303 0.561247
vt 0.981537 0.573243
vt 0.987094 0.566559
vt 0.972111 0.569418
vt 0.972984 0.574644
vt 0.975922 0.577275
vt 0.977719 0.569588
vt 0.977175 0.566883
vt 0.981768 0.569271
vt 0.980628 0.566246
vt 0.980132 0.557973
vt 0.977347 0.563877
vt 0.987151 0.559471
vt 0.986987 0.556200
vt 0.985432 0.552622
vt 0.982224 0.555913
vt 0.989192 0.559551
vt 0.989720 0.555992
vt 0.987647 0.553446
vt 0.991395 0.554485
vt 0.990331 0.554069
vt 0.990755 0.558887
vt 0.992158 0.558803
vt 0.992806 0.562212
vt 0.992522 0.560444
vt 0.993091 0.565597
vt 0.993714 0.565569
vt 0.994444 0.566524
vt 0.994493 0.565003
vt 0.993436 0.570291
vt 0.994050 0.568562
vt 0.993183 0.572332
vt 0.992122 0.572342
vt 0.982524 0.553282
vt 0.979616 0.553943
vt 0.976014 0.557212
vt 0.970663 0.562574
vt 0.971289 0.565439
vt 0.971318 0.567137
vt 0.967576 0.568866
vt 0.968785 0.571492
vt 0.976373 0.555108
vt 0.972294 0.559036
vt 0.971577 0.556922
vt 0.967560 0.558583
vt 0.967333 0.561028
vt 0.963986 0.560176
vt 0.963088 0.562748
vt 0.967043 0.566009
vt 0.967404 0.567373
vt 0.963699 0.569151
vt 0.962558 0.567713
vt 0.958131 0.569560
vt 0.958866 0.571368
vt 0.953988 0.571627
vt 0.958601 0.572915
vt 0.963532 0.572819
vt 0.966444 0.575520
vt 0.968150 0.573351
vt 0.970025 0.576712
vt 0.972494 0.577227
vt 0.963184 0.565845
vt 0.958337 0.563871
vt 0.958857 0.566486
vt 0.957658 0.563000
vt 0.953667 0.564846
vt 0.953457 0.566284
vt 0.957906 0.567990
vt 0.954439 0.569937
vt 0.953069 0.568145
vt 0.951546 0.570658
vt 0.950771 0.569115
vt 0.950631 0.567861
vt 0.949947 0.569534
vt 0.949723 0.567616
vt 0.951367 0.566951
vt 0.950947 0.566111
vt 0.991963 0.574470
vt 0.993306 0.576442
vt 0.988690 0.576586
vt 0.986102 0.581063
vt 0.988879 0.579218
vt 0.992199 0.577084
vt 0.987085 0.576498
vt 0.983207 0.576862
vt 0.978562 0.578980
vt 0.983507 0.580186
vt 0.545900 0.617204
vt 0.546825 0.619981
vt 0.547236 0.618631
vt 0.546341 0.616918
vt 0.549632 0.616402
vt 0.549262 0.619484
vt 0.549236 0.618727
vt 0.551147 0.621623
vt 0.551113 0.619985
vt 0.550104 0.617198
vt 0.553383 0.619629
vt 0.552764 0.619247
vt 0.543853 0.503926
vt 0.552918 0.505516
vt 0.545737 0.502713
vt 0.546813 0.506857
vt 0.549743 0.509947
vt 0.553958 0.510368
vt 0.556251 0.515849
vt 0.554765 0.506796
vt 0.559878 0.520293
vt 0.555845 0.520312
vt 0.565431 0.515190
vt 0.562367 0.513638
vt 0.557732 0.509695
vt 0.557893 0.507682
vt 0.552470 0.520215
vt 0.556952 0.523127
vt 0.545482 0.524687
vt 0.538575 0.512039
vt 0.536037 0.513326
vt 0.537968 0.515293
vt 0.540867 0.512630
vt 0.542304 0.519313
vt 0.538865 0.518174
vt 0.541211 0.520594
vt 0.541949 0.523236
vt 0.540480 0.521892
vt 0.542430 0.524496
vt 0.543325 0.526410
vt 0.541439 0.526097
vt 0.546543 0.530278
vt 0.551865 0.530901
vt 0.554514 0.533282
vt 0.560382 0.528272
vt 0.557642 0.534012
vt 0.560071 0.535160
vt 0.563054 0.531464
vt 0.564679 0.528241
vt 0.564493 0.532773
vt 0.563045 0.534748
vt 0.533115 0.513601
vt 0.535300 0.516665
vt 0.537296 0.519146
vt 0.538769 0.520256
vt 0.546804 0.532277
vt 0.543442 0.531075
vt 0.542372 0.528511
vt 0.542490 0.530034
vt 0.540600 0.528511
vt 0.541452 0.529913
vt 0.540133 0.530646
vt 0.542950 0.532511
vt 0.546637 0.533890
vt 0.581397 0.541093
vt 0.580490 0.540339
vt 0.580287 0.541672
vt 0.582602 0.539781
vt 0.582761 0.537628
vt 0.578136 0.538816
vt 0.573637 0.539850
vt 0.570977 0.537877
vt 0.568783 0.539663
vt 0.567823 0.535394
vt 0.566000 0.537363
vt 0.561996 0.536084
vt 0.562049 0.538172
vt 0.559256 0.537001
vt 0.558051 0.535609
vt 0.556638 0.537421
vt 0.555638 0.535408
vt 0.552472 0.534551
vt 0.575749 0.542779
vt 0.579854 0.543837
vt 0.573466 0.544196
vt 0.580680 0.545904
vt 0.566899 0.541859
vt 0.561856 0.541458
vt 0.557993 0.539943
vt 0.558725 0.538282
vt 0.556067 0.539932
vt 0.552897 0.538549
vt 0.552914 0.536351
vt 0.545871 0.535424
vt 0.549131 0.539956
vt 0.543252 0.538351
vt 0.545430 0.536998
vt 0.542891 0.535148
vt 0.541005 0.535745
vt 0.540905 0.540653
vt 0.543440 0.545211
vt 0.542386 0.534052
vt 0.539935 0.534997
vt 0.538729 0.535298
vt 0.538385 0.537714
vt 0.539434 0.533902
vt 0.537750 0.539254
vt 0.538743 0.540829
vt 0.535195 0.540779
vt 0.534626 0.543449
vt 0.533716 0.548118
vt 0.541675 0.549261
vt 0.532248 0.554943
vt 0.531773 0.562576
vt 0.542178 0.555537
vt 0.533038 0.562991
vt 0.538136 0.559809
vt 0.534300 0.563394
vt 0.535767 0.563873
vt 0.537236 0.564377
vt 0.545636 0.560865
vt 0.539096 0.566300
vt 0.543449 0.563610
vt 0.546891 0.564480
vt 0.525082 0.557170
vt 0.529713 0.563098
vt 0.528321 0.556828
vt 0.524839 0.554060
vt 0.524927 0.555608
vt 0.529524 0.549670
vt 0.528565 0.546171
vt 0.526272 0.549555
vt 0.531979 0.542062
vt 0.528275 0.540614
vt 0.525545 0.542101
vt 0.527822 0.542954
vt 0.536386 0.539632
vt 0.526393 0.543938
vt 0.524911 0.545430
vt 0.525927 0.545482
vt 0.525736 0.546910
vt 0.547706 0.563506
vt 0.550496 0.565410
vt 0.551883 0.561366
vt 0.550753 0.563446
vt 0.552193 0.563442
vt 0.553422 0.563446
vt 0.552733 0.565254
vt 0.555050 0.564337
vt 0.554205 0.567149
vt 0.553310 0.566559
vt 0.555683 0.566848
vt 0.558535 0.566798
vt 0.557261 0.565106
vt 0.558691 0.564749
vt 0.561059 0.563146
vt 0.562922 0.559807
vt 0.556584 0.562554
vt 0.558446 0.559811
vt 0.554669 0.552684
vt 0.551473 0.565645
vt 0.551398 0.551588
vt 0.549862 0.556995
vt 0.547890 0.550383
vt 0.548748 0.553029
vt 0.551935 0.549856
vt 0.555855 0.548449
vt 0.551507 0.545961
vt 0.559276 0.548320
vt 0.557772 0.545685
vt 0.574286 0.546873
vt 0.569385 0.546263
vt 0.565589 0.545455
vt 0.561806 0.544363
vt 0.563439 0.546463
vt 0.547769 0.545360
vt 0.559148 0.550372
vt 0.558411 0.557832
vt 0.560879 0.557377
vt 0.562462 0.554323
vt 0.562489 0.550457
vt 0.563228 0.551549
vt 0.563356 0.549289
vt 0.562840 0.549887
vt 0.564730 0.549330
vt 0.562737 0.549109
vt 0.562627 0.548015
vt 0.560979 0.549110
vt 0.562471 0.549283
vt 0.560655 0.549807
vt 0.569226 0.549817
vt 0.562922 0.557673
vt 0.569821 0.554617
vt 0.565122 0.561151
vt 0.569975 0.557832
vt 0.562232 0.558700
vt 0.561581 0.558349
vt 0.560762 0.558633
vt 0.559536 0.558955
vt 0.560554 0.558743
vt 0.559675 0.558385
vt 0.560557 0.558290
vt 0.560642 0.558506
vt 0.560488 0.558607
vt 0.560746 0.558481
vt 0.580504 0.554983
vt 0.578766 0.550128
vt 0.574455 0.554623
vt 0.568702 0.561059
vt 0.579635 0.548223
vt 0.584222 0.552048
vt 0.583789 0.555285
vt 0.582189 0.557748
vt 0.573351 0.560168
vt 0.570294 0.561984
vt 0.571845 0.560547
vt 0.565068 0.563435
vt 0.565383 0.562592
vt 0.561750 0.564136
vt 0.591451 0.553718
vt 0.592693 0.554147
vt 0.591887 0.551893
vt 0.590661 0.551105
vt 0.589763 0.554654
vt 0.590381 0.555857
vt 0.591806 0.556056
vt 0.588438 0.556391
vt 0.588171 0.557861
vt 0.590280 0.557170
vt 0.586889 0.554301
vt 0.586210 0.556534
vt 0.588448 0.554181
vt 0.586143 0.550253
vt 0.583446 0.548343
vt 0.584761 0.548282
vt 0.585348 0.547723
vt 0.582609 0.544898
vt 0.589098 0.550593
vt 0.544947 0.618080
vt 0.546896 0.621234
vt 0.547259 0.619547
vt 0.548234 0.616722
vt 0.549963 0.620450
vt 0.552997 0.621099
vt 0.551844 0.619563
vt 0.554909 0.618227
vt 0.553772 0.618393
vt 0.552030 0.616367
vt 0.549811 0.618832
vt 0.549838 0.616740
vt 0.550916 0.618426
vt 0.550314 0.619249
vt 0.550710 0.620737
vt 0.553654 0.618485
vt 0.549739 0.615704
vt 0.549655 0.617745
vt 0.546516 0.617301
vt 0.549370 0.620604
vt 0.549605 0.620758
vt 0.553893 0.622069
vt 0.553541 0.620272
vt 0.545541 0.618341
vt 0.547354 0.620917
vt 0.547630 0.619220
vt 0.546056 0.617761
vt 0.549665 0.616563
vt 0.549875 0.619414
vt 0.549629 0.618561
vt 0.552375 0.620982
vt 0.551736 0.619200
vt 0.554166 0.618308
vt 0.553324 0.617924
vt 0.550069 0.615978
vt 0.955916 0.558544
vt 0.957578 0.558339
vt 0.956485 0.557495
vt 0.954847 0.557826
vt 0.954262 0.558962
vt 0.957066 0.556171
vt 0.953982 0.557125
vt 0.961297 0.557434
vt 0.958243 0.557035
vt 0.960211 0.556649
vt 0.960584 0.555324
vt 0.966151 0.556035
vt 0.964716 0.556685
vt 0.966555 0.557650
vt 0.967738 0.555720
vt 0.964795 0.558913
vt 0.963638 0.557786
vt 0.962705 0.559266
vt 0.959386 0.560045
vt 0.960713 0.560867
vt 0.959031 0.561696
vt 0.957264 0.561097
vt 0.956812 0.562656
vt 0.952586 0.558448
vt 0.952414 0.559444
vt 0.953263 0.558247
vt 0.952137 0.557740
vt 0.951048 0.558188
vt 0.951624 0.558624
vt 0.950398 0.557782
vt 0.949931 0.556736
vt 0.949200 0.557777
vt 0.948248 0.559496
vt 0.949324 0.559260
vt 0.949546 0.559647
vt 0.950840 0.559605
vt 0.950376 0.559238
vt 0.949661 0.560679
vt 0.951068 0.560176
vt 0.951346 0.561013
vt 0.951656 0.559121
vt 0.952547 0.555432
vt 0.953329 0.552758
vt 0.951434 0.552487
vt 0.950427 0.554257
vt 0.948468 0.556137
vt 0.949522 0.552199
vt 0.948607 0.554399
vt 0.947478 0.558279
vt 0.947421 0.556846
vt 0.947630 0.559686
vt 0.947891 0.560586
vt 0.948449 0.561575
vt 0.950470 0.563541
vt 0.951087 0.562815
vt 0.952153 0.564946
vt 0.953000 0.562337
vt 0.953754 0.564117
vt 0.950236 0.558944
vt 0.950695 0.559239
vt 0.951035 0.559071
vt 0.950722 0.558376
vt 0.950226 0.558674
vt 0.955006 0.554296
vt 0.958773 0.554001
vt 0.955579 0.552560
vt 0.961910 0.552395
vt 0.958981 0.552419
vt 0.962091 0.553531
vt 0.964906 0.552496
vt 0.964242 0.554501
vt 0.967180 0.554070
vt 0.968907 0.552096
vt 0.968388 0.554624
vt 0.972220 0.552628
vt 0.972049 0.551587
vt 0.973964 0.551682
vt 0.974860 0.552432
vt 0.972673 0.554676
vt 0.972959 0.555745
vt 0.974413 0.554866
vt 0.970269 0.555648
vt 0.969844 0.556756
vt 0.966653 0.555083
vt 0.965124 0.555424
vt 0.963958 0.556293
vt 0.963462 0.555840
vt 0.961981 0.556097
vt 0.553891 0.618585
vt 0.552453 0.617195
vt 0.551783 0.618764
vt 0.549894 0.620829
vt 0.550934 0.621004
vt 0.550545 0.617890
vt 0.550337 0.618931
vt 0.549349 0.616230
vt 0.549291 0.617932
vt 0.547404 0.616563
vt 0.547804 0.618445
vt 0.548537 0.620462
vt 0.586387 0.523446
vt 0.586693 0.521942
vt 0.584880 0.519422
vt 0.581555 0.522539
vt 0.586456 0.524652
vt 0.549870 0.584241
vt 0.544487 0.584513
vt 0.543122 0.589136
vt 0.551129 0.580597
vt 0.546696 0.579481
vt 0.553943 0.575628
vt 0.547458 0.577027
vt 0.552245 0.578420
vt 0.544964 0.577162
vt 0.542639 0.578287
vt 0.544644 0.579229
vt 0.541737 0.583653
vt 0.542983 0.576942
vt 0.540697 0.576582
vt 0.539356 0.573187
vt 0.537825 0.573532
vt 0.535642 0.570057
vt 0.533527 0.596404
vt 0.536952 0.596530
vt 0.537226 0.594951
vt 0.536695 0.592146
vt 0.534865 0.593684
vt 0.541253 0.595491
vt 0.539932 0.593642
vt 0.543162 0.591801
vt 0.544701 0.593672
vt 0.546985 0.589597
vt 0.539962 0.584433
vt 0.540942 0.588750
vt 0.538647 0.582403
vt 0.534368 0.574734
vt 0.537232 0.576151
vt 0.533937 0.571848
vt 0.531752 0.567110
vt 0.529891 0.568766
vt 0.529871 0.566745
vt 0.533322 0.579674
vt 0.536373 0.581594
vt 0.530380 0.578856
vt 0.529524 0.573166
vt 0.528348 0.568022
vt 0.528045 0.570620
vt 0.527096 0.572626
vt 0.528912 0.577861
vt 0.528120 0.581453
vt 0.530482 0.583237
vt 0.527846 0.584254
vt 0.534952 0.585703
vt 0.531245 0.588296
vt 0.537154 0.587359
vt 0.534086 0.590314
vt 0.538911 0.588476
vt 0.528605 0.565565
vt 0.526774 0.567426
vt 0.526431 0.564290
vt 0.523683 0.568791
vt 0.525183 0.565681
vt 0.523871 0.571054
vt 0.523070 0.574521
vt 0.527175 0.577238
vt 0.524859 0.578240
vt 0.525931 0.581113
vt 0.524069 0.582680
vt 0.525651 0.583959
vt 0.525245 0.587784
vt 0.529536 0.587837
vt 0.527577 0.588634
vt 0.529855 0.590701
vt 0.529722 0.594664
vt 0.533078 0.593120
vt 0.522743 0.565586
vt 0.520293 0.580740
vt 0.522129 0.581981
vt 0.519990 0.584198
vt 0.522173 0.584675
vt 0.520060 0.588542
vt 0.520344 0.592146
vt 0.522263 0.589347
vt 0.527018 0.593399
vt 0.526197 0.591177
vt 0.523472 0.592628
vt 0.614974 0.517062
vt 0.610588 0.517994
vt 0.617623 0.519630
vt 0.619996 0.518389
vt 0.600134 0.515875
vt 0.598349 0.517320
vt 0.603063 0.517476
vt 0.606011 0.516489
vt 0.605396 0.518213
vt 0.610844 0.515704
vt 0.607227 0.514416
vt 0.613109 0.514010
vt 0.611679 0.508680
vt 0.614107 0.506600
vt 0.605748 0.506215
vt 0.617936 0.507252
vt 0.617730 0.505790
vt 0.615268 0.510103
vt 0.610617 0.510921
vt 0.613299 0.512352
vt 0.619147 0.511158
vt 0.617988 0.509463
vt 0.620280 0.512821
vt 0.617508 0.513776
vt 0.605668 0.513123
vt 0.603470 0.515108
vt 0.593689 0.514977
vt 0.592806 0.517057
vt 0.600077 0.512849
vt 0.594448 0.513206
vt 0.599401 0.514325
vt 0.595281 0.511701
vt 0.600243 0.510330
vt 0.595203 0.510531
vt 0.604842 0.510693
vt 0.604569 0.507913
vt 0.602177 0.505689
vt 0.565921 0.513425
vt 0.565689 0.514307
vt 0.566692 0.513966
vt 0.567554 0.517988
vt 0.569362 0.519483
vt 0.567828 0.513933
vt 0.568454 0.520500
vt 0.561012 0.523157
vt 0.563103 0.524903
vt 0.567861 0.524078
vt 0.565545 0.527375
vt 0.564398 0.526792
vt 0.570841 0.522108
vt 0.569731 0.521834
vt 0.569919 0.525459
vt 0.575173 0.526982
vt 0.568147 0.528122
vt 0.570225 0.530086
vt 0.578596 0.534099
vt 0.578460 0.527864
vt 0.586013 0.535019
vt 0.588393 0.529008
vt 0.580900 0.525962
vt 0.587354 0.530836
vt 0.568808 0.529271
vt 0.566445 0.529696
vt 0.573451 0.536309
vt 0.590416 0.532593
vt 0.594166 0.530490
vt 0.591913 0.527526
vt 0.584794 0.526371
vt 0.580057 0.522800
vt 0.577999 0.522766
vt 0.573863 0.519968
vt 0.572345 0.520927
vt 0.570991 0.521683
vt 0.583834 0.538545
vt 0.588851 0.534428
vt 0.588639 0.536233
vt 0.587351 0.523721
vt 0.587771 0.522933
vt 0.587120 0.522227
vt 0.588607 0.523530
vt 0.591189 0.525594
vt 0.594955 0.527931
vt 0.594832 0.532034
vt 0.593948 0.533717
vt 0.592447 0.534565
vt 0.542416 0.513616
vt 0.546620 0.512667
vt 0.542805 0.509796
vt 0.544835 0.508696
vt 0.543143 0.516780
vt 0.546936 0.518450
vt 0.538614 0.508102
vt 0.540195 0.507766
vt 0.552630 0.514898
vt 0.550627 0.513052
vt 0.550095 0.517858
vt 0.544507 0.520415
vt 0.537150 0.507932
vt 0.535554 0.510968
vt 0.571413 0.513944
vt 0.569825 0.513605
vt 0.568754 0.513476
vt 0.544637 0.598006
vt 0.548368 0.592981
vt 0.547870 0.600713
vt 0.548282 0.597211
vt 0.543778 0.602920
vt 0.538652 0.602629
vt 0.540100 0.599731
vt 0.541845 0.604266
vt 0.545038 0.605929
vt 0.546453 0.603308
vt 0.575329 0.563858
vt 0.578523 0.561623
vt 0.578029 0.560078
vt 0.578287 0.558791
vt 0.990331 0.554069
vt 0.994444 0.566524
vt 0.968785 0.571493
vt 0.963088 0.562748
vt 0.953988 0.571627
vt 0.963532 0.572819
vt 0.966444 0.575520
vt 0.551114 0.619985
vt 0.559878 0.520294
vt 0.557642 0.534012
vt 0.566900 0.541859
vt 0.556067 0.539933
vt 0.543441 0.545211
vt 0.541674 0.549261
vt 0.532248 0.554944
vt 0.562626 0.548015
vt 0.568702 0.561060
vt 0.590381 0.555856
vt 0.952341 0.557477
vt 0.951925 0.558014
vt 0.537154 0.587360
vt 0.525930 0.581113
vt 0.525650 0.583959
vt 0.567860 0.524078
vt 0.564398 0.526792
vt 0.594955 0.527930
vt 0.546936 0.518451
vt 0.962839 0.574469
vt 0.550085 0.503421
vt 0.547226 0.501330
vt 0.530939 0.539792
vt 0.532911 0.539849
vt 0.524479 0.548198
vt 0.557133 0.567138
vt 0.562471 0.549635
vt 0.593010 0.552911
vt 0.549597 0.615962
vt 0.946892 0.557328
vt 0.947709 0.561392
vt 0.975015 0.553694
vt 0.552635 0.620085
vt 0.534496 0.567201
vt 0.522893 0.563495
vt 0.610009 0.506234
vt 0.616349 0.504777
vt 0.592139 0.524985
vt 0.594581 0.526403
vt 0.490102 0.779679
vt 0.452958 0.793017
vt 0.484936 0.768112
vt 0.787238 0.651423
vt 0.791229 0.643054
vt 0.785537 0.650758
vt 0.839595 0.651876
vt 0.832412 0.641903
vt 0.837545 0.652503
vt 0.848632 0.650137
vt 0.845482 0.641533
vt 0.837000 0.641937
vt 0.827927 0.641212
vt 0.828377 0.643986
vt 0.831147 0.646837
vt 0.841964 0.657561
vt 0.838335 0.656585
vt 0.837280 0.660154
vt 0.834312 0.658562
vt 0.833057 0.654685
vt 0.828442 0.651458
vt 0.827981 0.648788
vt 0.823297 0.648531
vt 0.823333 0.642916
vt 0.827305 0.640848
vt 0.833982 0.663389
vt 0.837280 0.666265
vt 0.834114 0.666214
vt 0.832397 0.667601
vt 0.831474 0.665495
vt 0.831079 0.661772
vt 0.833915 0.660822
vt 0.838335 0.667703
vt 0.822568 0.664571
vt 0.825207 0.664468
vt 0.823755 0.662825
vt 0.825075 0.661875
vt 0.826329 0.663056
vt 0.827713 0.663929
vt 0.827516 0.660899
vt 0.829165 0.661695
vt 0.828374 0.666137
vt 0.828571 0.667549
vt 0.832267 0.669732
vt 0.839128 0.669911
vt 0.832200 0.671118
vt 0.826724 0.670040
vt 0.828506 0.669629
vt 0.825933 0.668422
vt 0.825470 0.667190
vt 0.823030 0.667472
vt 0.821248 0.664853
vt 0.821643 0.661746
vt 0.822633 0.669193
vt 0.820127 0.665752
vt 0.819467 0.664339
vt 0.818741 0.665854
vt 0.820545 0.668664
vt 0.820678 0.669746
vt 0.826790 0.674353
vt 0.832661 0.676638
vt 0.837808 0.672068
vt 0.843482 0.672453
vt 0.843878 0.667524
vt 0.838863 0.665700
vt 0.849617 0.673173
vt 0.844405 0.656431
vt 0.844867 0.661464
vt 0.855819 0.678641
vt 0.850212 0.678513
vt 0.843944 0.678590
vt 0.838270 0.678410
vt 0.777642 0.653434
vt 0.780752 0.655364
vt 0.847242 0.657587
vt 0.847837 0.663312
vt 0.851860 0.667780
vt 0.855490 0.674302
vt 0.865056 0.678410
vt 0.859976 0.683315
vt 0.854038 0.686036
vt 0.845857 0.686806
vt 0.838995 0.686036
vt 0.832002 0.683597
vt 0.825801 0.678744
vt 0.854171 0.664494
vt 0.847638 0.654582
vt 0.852059 0.657099
vt 0.860042 0.658460
vt 0.861361 0.664930
vt 0.861098 0.671503
vt 0.866375 0.676742
vt 0.855141 0.647442
vt 0.859052 0.648112
vt 0.865847 0.647419
vt 0.868355 0.657407
vt 0.869675 0.665033
vt 0.870863 0.670373
vt 0.873368 0.675971
vt 0.777964 0.656529
vt 0.770331 0.646055
vt 0.776569 0.648882
vt 0.776487 0.643116
vt 0.801234 0.667216
vt 0.804085 0.665603
vt 0.803048 0.664676
vt 0.804669 0.664201
vt 0.804992 0.665708
vt 0.804021 0.668354
vt 0.803826 0.669385
vt 0.801621 0.668882
vt 0.797539 0.673988
vt 0.797669 0.669649
vt 0.791835 0.676290
vt 0.792354 0.670682
vt 0.787039 0.671555
vt 0.785807 0.669280
vt 0.781400 0.671924
vt 0.786586 0.667057
vt 0.781076 0.666872
vt 0.787558 0.665655
vt 0.786067 0.665047
vt 0.783150 0.656555
vt 0.780234 0.660602
vt 0.786455 0.678115
vt 0.780946 0.678274
vt 0.790928 0.662640
vt 0.790604 0.665576
vt 0.787752 0.659333
vt 0.792223 0.667057
vt 0.793326 0.664914
vt 0.793909 0.661132
vt 0.791057 0.660074
vt 0.775437 0.672745
vt 0.774854 0.678220
vt 0.769409 0.678379
vt 0.777252 0.662454
vt 0.773363 0.666978
vt 0.769733 0.673883
vt 0.760465 0.678168
vt 0.765392 0.683221
vt 0.771159 0.685998
vt 0.779066 0.686739
vt 0.786358 0.685945
vt 0.793176 0.683302
vt 0.798446 0.678432
vt 0.763901 0.664174
vt 0.757095 0.656264
vt 0.755540 0.664201
vt 0.764159 0.670866
vt 0.759169 0.676369
vt 0.754631 0.669940
vt 0.752298 0.675840
vt 0.759752 0.645974
vt 0.765132 0.657402
vt 0.766654 0.646741
vt 0.771094 0.663592
vt 0.773233 0.656000
vt 0.782643 0.639292
vt 0.850602 0.644791
vt 0.792811 0.647111
vt 0.795452 0.644308
vt 0.788685 0.639671
vt 0.786395 0.655630
vt 0.790734 0.657772
vt 0.791710 0.653804
vt 0.795469 0.651953
vt 0.795923 0.649254
vt 0.801039 0.649095
vt 0.799901 0.644593
vt 0.795689 0.641057
vt 0.799381 0.641203
vt 0.797396 0.640244
vt 0.802779 0.653050
vt 0.801737 0.657795
vt 0.804929 0.655006
vt 0.788504 0.651444
vt 0.795272 0.650894
vt 0.794104 0.649419
vt 0.790745 0.654326
vt 0.809413 0.655592
vt 0.806477 0.652177
vt 0.805528 0.657559
vt 0.809130 0.660999
vt 0.807067 0.661507
vt 0.809314 0.665385
vt 0.812915 0.661196
vt 0.812939 0.655921
vt 0.812965 0.654406
vt 0.816537 0.655708
vt 0.816766 0.661177
vt 0.810480 0.653283
vt 0.808677 0.653578
vt 0.817277 0.653691
vt 0.815420 0.653390
vt 0.819389 0.652269
vt 0.830051 0.649546
vt 0.828619 0.650893
vt 0.834202 0.649879
vt 0.832963 0.654854
vt 0.820978 0.655022
vt 0.820422 0.657611
vt 0.818938 0.661808
vt 0.816500 0.665583
vt 0.812882 0.666958
vt 0.812922 0.668447
vt 0.809328 0.668334
vt 0.812875 0.678917
vt 0.808508 0.671297
vt 0.807642 0.673150
vt 0.807798 0.675371
vt 0.808458 0.678168
vt 0.809708 0.680164
vt 0.807845 0.680241
vt 0.824207 0.657726
vt 0.823131 0.652974
vt 0.816515 0.668505
vt 0.816928 0.670238
vt 0.818230 0.673402
vt 0.818066 0.675592
vt 0.817379 0.678286
vt 0.816125 0.680240
vt 0.817922 0.680351
vt 0.818215 0.681952
vt 0.814546 0.682569
vt 0.812854 0.683948
vt 0.811209 0.682542
vt 0.807496 0.681887
vt 0.814640 0.684654
vt 0.811045 0.684649
vt 0.792354 0.669227
vt 0.795984 0.667084
vt 0.795918 0.669227
vt 0.798381 0.668063
vt 0.796242 0.665708
vt 0.798965 0.666846
vt 0.796955 0.663512
vt 0.799288 0.664174
vt 0.801817 0.664333
vt 0.802659 0.661608
vt 0.800715 0.662586
vt 0.799548 0.661635
vt 0.798317 0.662719
vt 0.797215 0.660602
vt 0.795659 0.661370
vt 0.811728 0.645658
vt 0.811529 0.635947
vt 0.806690 0.642547
vt 0.802514 0.639545
vt 0.802779 0.631104
vt 0.811330 0.624910
vt 0.820080 0.630780
vt 0.820677 0.639220
vt 0.816567 0.642358
vt 0.784663 0.636973
vt 0.838745 0.637777
vt 0.791608 0.638092
vt 0.832944 0.639504
vt 0.823983 0.640414
vt 0.792569 0.648121
vt 0.831642 0.648217
s 1
f 1/1/1 2/2/2 3/3/3
f 2/2/2 1/1/1 4/4/4
f 5/5/5 6/6/6 7/7/7
f 5/5/5 1/1/1 6/6/6
f 1/1/1 8/8/8 6/6/6
f 1/1/1 3/3/3 8/8/8
f 3/3/3 9/9/9 8/8/8
f 9/9/9 3/3/3 2/2/2
f 2/2/2 7/10/7 9/9/9
f 2/2/2 5/11/5 7/10/7
f 5/11/5 2/2/2 4/4/4
f 5/11/5 4/4/4 10/12/10
f 11/13/11 10/12/10 4/4/4
f 11/13/11 4/4/4 12/14/12
f 1/1/1 12/14/12 4/4/4
f 5/5/5 12/14/12 1/1/1
f 12/14/12 5/5/5 11/15/11
f 10/16/10 11/15/11 5/5/5
f 13/17/13 14/18/14 15/19/15
f 16/20/16 17/21/17 18/22/18
f 19/23/19 16/20/16 18/22/18
f 19/23/19 18/22/18 20/24/20
f 19/23/19 20/24/20 21/25/21
f 21/25/21 20/24/20 22/26/22
f 23/27/23 22/26/22 20/24/20
f 20/24/20 24/28/24 23/27/23
f 25/29/25 23/27/23 24/28/24
f 25/29/25 24/28/24 26/30/26
f 26/30/26 27/31/27 25/29/25
f 27/31/27 26/30/26 28/32/28
f 28/32/28 29/33/29 27/31/27
f 29/33/29 28/32/28 30/34/30
f 28/32/28 15/19/15 30/34/30
f 15/19/15 28/32/28 31/35/31
f 13/17/13 15/19/15 31/35/31
f 13/17/13 31/35/31 32/36/32
f 33/37/33 32/36/32 31/35/31
f 24/28/24 20/24/20 18/22/18
f 34/38/34 29/33/29 35/39/35
f 29/33/29 34/38/34 27/31/27
f 36/40/36 27/31/27 34/38/34
f 27/31/27 36/40/36 25/29/25
f 23/27/23 25/29/25 36/40/36
f 37/41/37 38/42/38 16/20/16
f 16/20/16 38/42/38 39/43/39
f 39/43/39 17/21/17 16/20/16
f 40/44/40 17/21/17 39/43/39
f 39/43/39 41/45/41 40/44/40
f 41/45/41 42/46/42 40/44/40
f 42/46/42 41/45/41 43/47/43
f 33/37/33 42/46/42 43/47/43
f 42/46/42 33/37/33 44/48/44
f 31/35/31 44/48/44 33/37/33
f 44/48/44 31/35/31 45/49/45
f 28/32/28 45/49/45 31/35/31
f 45/49/45 28/32/28 26/30/26
f 39/43/39 38/42/38 46/50/46
f 47/51/47 48/52/48 37/41/37
f 32/36/32 33/37/33 49/53/49
f 43/47/43 49/53/49 33/37/33
f 49/53/49 43/47/43 50/54/50
f 41/45/41 50/54/50 43/47/43
f 50/54/50 41/45/41 51/55/51
f 41/45/41 39/43/39 51/55/51
f 39/43/39 52/56/52 51/55/51
f 52/56/52 39/43/39 46/50/46
f 53/57/53 52/56/52 46/50/46
f 52/56/52 53/57/53 54/58/54
f 53/57/53 55/59/55 54/58/54
f 56/60/56 54/58/54 55/59/55
f 55/59/55 57/61/57 56/60/56
f 57/61/57 55/59/55 58/62/58
f 57/61/57 58/62/58 59/63/59
f 58/62/58 60/64/60 59/63/59
f 60/64/60 61/65/61 59/63/59
f 52/56/52 50/54/50 51/55/51
f 50/54/50 52/56/52 54/58/54
f 54/58/54 56/60/56 50/54/50
f 62/66/62 49/53/49 50/54/50
f 50/54/50 56/60/56 63/67/63
f 64/68/64 55/59/55 53/57/53
f 64/68/64 58/62/58 55/59/55
f 58/62/58 64/68/64 65/69/65
f 65/69/65 66/70/66 58/62/58
f 66/70/66 60/64/60 58/62/58
f 60/64/60 66/70/66 67/71/67
f 66/70/66 68/72/68 67/71/67
f 68/72/68 66/70/66 69/73/69
f 70/74/70 69/73/69 66/70/66
f 69/73/69 70/74/70 71/75/71
f 70/74/70 48/52/48 71/75/71
f 72/76/72 71/75/71 48/52/48
f 48/52/48 47/51/47 72/76/72
f 47/51/47 73/77/73 72/76/72
f 73/77/73 47/51/47 74/78/74
f 74/78/74 47/51/47 75/79/75
f 47/51/47 37/41/37 75/79/75
f 37/41/37 16/20/16 75/79/75
f 66/70/66 65/69/65 70/74/70
f 71/75/71 72/76/72 76/80/76
f 76/80/76 69/73/69 71/75/71
f 69/73/69 76/80/76 77/81/77
f 77/81/77 68/72/68 69/73/69
f 68/72/68 77/81/77 78/82/78
f 79/83/79 80/84/80 81/85/81
f 80/84/80 79/83/79 82/86/82
f 83/87/83 84/88/84 85/89/85
f 85/89/85 86/90/86 83/87/83
f 86/90/86 85/89/85 87/91/87
f 87/91/87 82/86/82 86/90/86
f 87/91/87 88/92/88 82/86/82
f 80/84/80 82/86/82 88/92/88
f 88/92/88 89/93/89 80/84/80
f 89/93/89 88/92/88 90/94/90
f 91/95/91 90/94/90 88/92/88
f 90/94/90 91/95/91 92/96/92
f 92/96/92 91/95/91 30/97/30
f 35/98/35 30/97/30 91/95/91
f 30/97/30 35/98/35 29/99/29
f 88/92/88 93/100/93 91/95/91
f 87/91/87 93/100/93 88/92/88
f 93/100/93 87/91/87 85/89/85
f 86/90/86 82/86/82 94/101/94
f 95/102/95 86/90/86 94/101/94
f 96/103/96 86/90/86 95/102/95
f 86/90/86 97/104/97 83/87/83
f 96/103/96 97/104/97 86/90/86
f 97/104/97 96/103/96 98/105/98
f 99/106/99 97/104/97 98/105/98
f 9/107/9 35/98/35 91/95/91
f 91/95/91 8/108/8 9/107/9
f 8/108/8 91/95/91 93/100/93
f 100/109/100 8/108/8 93/100/93
f 85/89/85 100/109/100 93/100/93
f 100/109/100 85/89/85 101/110/101
f 85/89/85 84/88/84 101/110/101
f 102/111/102 101/110/101 84/88/84
f 84/88/84 103/112/103 102/111/102
f 103/112/103 104/113/104 102/111/102
f 104/113/104 103/112/103 105/114/105
f 105/115/105 106/116/106 107/117/107
f 106/116/106 105/115/105 103/112/103
f 103/112/103 84/88/84 106/116/106
f 108/118/108 109/119/109 110/120/110
f 108/118/108 7/121/7 109/119/109
f 7/121/7 111/122/111 109/119/109
f 111/122/111 7/121/7 6/123/6
f 112/124/112 111/122/111 6/123/6
f 6/123/6 8/108/8 112/124/112
f 8/108/8 100/109/100 112/124/112
f 113/125/113 112/124/112 100/109/100
f 101/110/101 113/125/113 100/109/100
f 113/125/113 101/110/101 114/126/114
f 102/111/102 114/126/114 101/110/101
f 114/126/114 102/111/102 115/127/115
f 115/127/115 102/111/102 116/128/116
f 117/129/117 115/127/115 116/128/116
f 116/128/116 118/130/118 117/129/117
f 118/130/118 116/128/116 119/131/119
f 119/131/119 120/132/120 118/130/118
f 120/132/120 119/131/119 121/133/121
f 121/133/121 122/134/122 120/132/120
f 122/134/122 121/133/121 123/135/123
f 121/133/121 124/136/124 123/137/123
f 121/133/121 119/131/119 124/136/124
f 124/136/124 119/131/119 116/128/116
f 116/128/116 125/138/125 124/136/124
f 116/128/116 104/113/104 125/138/125
f 104/113/104 116/128/116 102/111/102
f 126/139/126 127/140/127 128/141/128
f 127/140/127 126/139/126 129/142/129
f 129/142/129 126/139/126 111/122/111
f 111/122/111 112/124/112 129/142/129
f 129/142/129 112/124/112 130/143/130
f 131/144/131 129/142/129 130/143/130
f 132/145/132 131/144/131 130/143/130
f 131/144/131 132/145/132 133/146/133
f 132/145/132 113/125/113 133/146/133
f 113/125/113 134/147/134 133/146/133
f 134/147/134 113/125/113 114/126/114
f 135/148/135 134/147/134 114/126/114
f 135/148/135 114/126/114 115/127/115
f 115/127/115 117/129/117 135/148/135
f 117/129/117 136/149/136 135/148/135
f 136/149/136 117/129/117 137/150/137
f 138/151/138 136/149/136 137/150/137
f 136/149/136 138/151/138 139/152/139
f 129/142/129 131/144/131 127/140/127
f 134/147/134 131/144/131 133/146/133
f 130/143/130 112/124/112 132/145/132
f 132/145/132 112/124/112 140/153/140
f 113/125/113 132/145/132 140/153/140
f 112/124/112 113/125/113 140/153/140
f 136/149/136 134/147/134 135/148/135
f 139/152/139 134/147/134 136/149/136
f 141/154/141 134/147/134 139/152/139
f 131/144/131 134/147/134 141/154/141
f 142/155/142 131/144/131 141/154/141
f 131/144/131 142/155/142 127/140/127
f 143/156/143 127/140/127 142/155/142
f 127/140/127 143/156/143 128/141/128
f 144/157/144 128/141/128 143/156/143
f 128/141/128 144/157/144 145/158/145
f 146/159/146 145/158/145 144/157/144
f 147/160/147 146/159/146 144/157/144
f 148/161/148 146/159/146 147/160/147
f 148/161/148 147/160/147 149/162/149
f 149/162/149 147/160/147 150/163/150
f 143/156/143 147/160/147 144/157/144
f 138/151/138 151/164/151 139/152/139
f 151/164/151 141/154/141 139/152/139
f 152/165/152 141/154/141 151/164/151
f 141/154/141 152/165/152 142/155/142
f 153/166/153 142/155/142 152/165/152
f 142/155/142 153/166/153 143/156/143
f 143/156/143 153/166/153 154/167/154
f 147/160/147 143/156/143 154/167/154
f 154/167/154 155/168/155 147/160/147
f 155/168/155 150/163/150 147/160/147
f 150/163/150 155/168/155 156/169/156
f 156/169/156 155/168/155 157/170/157
f 158/171/158 128/141/128 145/158/145
f 158/171/158 126/139/126 128/141/128
f 126/139/126 158/171/158 110/120/110
f 159/172/159 160/173/160 161/174/161
f 160/173/160 159/172/159 146/159/146
f 145/158/145 146/159/146 159/172/159
f 159/172/159 162/175/162 145/158/145
f 163/176/163 145/158/145 162/175/162
f 163/176/163 158/171/158 145/158/145
f 158/171/158 163/176/163 164/177/164
f 67/178/67 158/171/158 164/177/164
f 67/178/67 78/179/78 158/171/158
f 78/179/78 110/120/110 158/171/158
f 110/120/110 78/179/78 77/180/77
f 77/180/77 108/118/108 110/120/110
f 108/118/108 77/180/77 76/181/76
f 76/181/76 165/182/165 108/118/108
f 165/182/165 76/181/76 72/183/72
f 72/183/72 166/184/166 165/182/165
f 166/184/166 72/183/72 73/185/73
f 73/185/73 167/186/167 166/184/166
f 78/179/78 67/178/67 68/187/68
f 9/107/9 7/121/7 168/188/168
f 7/121/7 169/189/169 168/188/168
f 108/118/108 169/189/169 7/121/7
f 165/182/165 169/189/169 108/118/108
f 165/182/165 170/190/170 169/189/169
f 165/182/165 167/186/167 170/190/170
f 167/186/167 165/182/165 166/184/166
f 169/189/169 171/191/171 172/192/172
f 171/191/171 169/189/169 173/193/173
f 169/189/169 174/194/174 173/193/173
f 169/189/169 170/190/170 174/194/174
f 167/186/167 73/185/73 74/195/74
f 74/195/74 170/190/170 167/186/167
f 170/190/170 74/195/74 75/196/75
f 75/196/75 174/194/174 170/190/170
f 174/194/174 75/196/75 16/197/16
f 19/198/19 174/194/174 16/197/16
f 174/194/174 19/198/19 173/193/173
f 21/199/21 173/193/173 19/198/19
f 173/193/173 21/199/21 171/191/171
f 22/200/22 171/191/171 21/199/21
f 171/191/171 22/200/22 172/192/172
f 23/201/23 172/192/172 22/200/22
f 172/192/172 23/201/23 169/189/169
f 36/202/36 169/189/169 23/201/23
f 169/189/169 36/202/36 168/188/168
f 34/203/34 168/188/168 36/202/36
f 168/188/168 34/203/34 9/107/9
f 35/98/35 9/107/9 34/203/34
f 175/204/175 79/205/79 81/206/81
f 79/205/79 175/204/175 176/207/176
f 177/208/177 178/209/178 179/210/179
f 179/210/179 180/211/180 177/208/177
f 96/212/96 177/208/177 180/211/180
f 177/208/177 96/212/96 95/213/95
f 94/214/94 177/208/177 95/213/95
f 177/208/177 94/214/94 181/215/181
f 82/216/82 181/215/181 94/214/94
f 181/215/181 82/216/82 182/217/182
f 82/216/82 79/218/79 182/217/182
f 182/217/182 79/218/79 176/207/176
f 176/207/176 183/219/183 182/217/182
f 183/219/183 176/207/176 175/204/175
f 81/220/81 183/219/183 175/204/175
f 183/219/183 81/220/81 80/221/80
f 184/222/184 183/219/183 80/221/80
f 178/209/178 177/208/177 181/215/181
f 178/209/178 185/223/185 186/224/186
f 98/225/98 187/226/187 99/227/99
f 187/226/187 98/225/98 188/228/188
f 96/212/96 188/228/188 98/225/98
f 188/228/188 96/212/96 180/211/180
f 180/211/180 189/229/189 188/228/188
f 180/211/180 179/210/179 189/229/189
f 179/210/179 190/230/190 189/229/189
f 190/230/190 179/210/179 191/231/191
f 178/209/178 191/231/191 179/210/179
f 191/231/191 178/209/178 192/232/192
f 178/209/178 193/233/193 192/232/192
f 193/233/193 178/209/178 186/224/186
f 186/224/186 194/234/194 193/233/193
f 194/234/194 186/224/186 185/223/185
f 194/234/194 185/223/185 195/235/195
f 185/223/185 196/236/196 195/235/195
f 196/236/196 185/223/185 197/237/197
f 99/238/99 189/229/189 190/239/190
f 189/229/189 99/238/99 187/226/187
f 188/228/188 189/229/189 187/226/187
f 183/219/183 198/240/198 182/217/182
f 199/241/199 182/217/182 198/240/198
f 182/217/182 199/241/199 181/215/181
f 199/241/199 200/242/200 181/215/181
f 200/242/200 178/209/178 181/215/181
f 178/209/178 200/242/200 201/243/201
f 185/223/185 178/209/178 201/243/201
f 201/243/201 202/244/202 185/223/185
f 197/237/197 185/223/185 202/244/202
f 203/245/203 197/237/197 202/244/202
f 203/245/203 196/246/196 197/237/197
f 196/246/196 203/245/203 204/247/204
f 204/247/204 203/245/203 205/248/205
f 206/249/206 205/248/205 203/245/203
f 205/248/205 206/249/206 207/250/207
f 208/251/208 207/250/207 206/249/206
f 207/250/207 208/251/208 209/252/209
f 208/251/208 210/253/210 209/252/209
f 203/245/203 208/251/208 206/249/206
f 211/254/211 212/255/212 200/242/200
f 200/242/200 199/241/199 211/254/211
f 213/256/213 214/257/214 215/258/215
f 214/257/214 213/256/213 216/259/216
f 213/256/213 200/242/200 216/259/216
f 200/242/200 217/260/217 216/259/216
f 200/242/200 212/255/212 217/260/217
f 218/261/218 217/260/217 212/255/212
f 212/255/212 219/262/219 218/261/218
f 219/262/219 212/255/212 220/263/220
f 212/255/212 221/264/221 220/263/220
f 221/264/221 212/255/212 211/254/211
f 211/254/211 222/265/222 221/264/221
f 222/265/222 211/254/211 199/241/199
f 199/241/199 223/266/223 222/265/222
f 223/266/223 199/241/199 198/240/198
f 198/240/198 184/222/184 223/266/223
f 184/222/184 198/240/198 224/267/224
f 183/219/183 184/222/184 224/267/224
f 198/240/198 183/219/183 224/267/224
f 225/268/225 214/257/214 226/269/226
f 227/270/227 226/269/226 214/257/214
f 227/270/227 214/257/214 217/260/217
f 217/260/217 214/257/214 216/259/216
f 227/270/227 228/271/228 229/272/229
f 228/271/228 227/270/227 230/273/230
f 217/260/217 230/273/230 227/270/227
f 230/273/230 217/260/217 231/274/231
f 217/260/217 218/261/218 231/274/231
f 218/261/218 232/275/232 231/274/231
f 232/275/232 218/261/218 219/276/219
f 230/273/230 232/277/232 228/278/228
f 232/277/232 230/273/230 231/274/231
f 202/244/202 215/258/215 203/245/203
f 208/251/208 203/245/203 215/258/215
f 214/257/214 208/251/208 215/258/215
f 208/251/208 214/257/214 233/279/233
f 214/257/214 225/268/225 233/279/233
f 225/268/225 234/280/234 233/279/233
f 234/280/234 225/268/225 235/281/235
f 235/281/235 236/282/236 234/280/234
f 236/282/236 235/281/235 237/283/237
f 238/284/238 236/282/236 237/283/237
f 235/281/235 238/284/238 237/283/237
f 238/284/238 235/281/235 239/285/239
f 225/268/225 239/285/239 235/281/235
f 239/285/239 225/268/225 240/286/240
f 226/269/226 240/286/240 225/268/225
f 240/286/240 226/269/226 241/287/241
f 227/270/227 241/287/241 226/269/226
f 241/287/241 227/270/227 229/272/229
f 242/288/242 208/251/208 233/279/233
f 208/251/208 242/288/242 243/289/243
f 244/290/244 243/289/243 242/288/242
f 242/288/242 150/291/150 244/290/244
f 150/291/150 242/288/242 149/292/149
f 242/288/242 148/293/148 149/292/149
f 148/293/148 242/288/242 233/279/233
f 233/279/233 146/294/146 148/293/148
f 146/294/146 233/279/233 234/280/234
f 234/280/234 160/295/160 146/294/146
f 245/296/245 160/295/160 234/280/234
f 236/282/236 245/296/245 234/280/234
f 245/296/245 236/282/236 246/297/246
f 236/282/236 161/298/161 246/297/246
f 161/298/161 236/282/236 159/299/159
f 236/282/236 238/284/238 159/299/159
f 246/297/246 160/300/160 245/296/245
f 160/300/160 246/297/246 161/301/161
f 210/253/210 208/251/208 243/289/243
f 243/289/243 247/302/247 210/253/210
f 247/302/247 243/289/243 248/303/248
f 243/289/243 244/290/244 248/303/248
f 248/303/248 244/290/244 249/304/249
f 150/291/150 249/304/249 244/290/244
f 249/304/249 150/291/150 156/305/156
f 156/305/156 250/306/250 249/304/249
f 250/306/250 156/305/156 157/307/157
f 248/303/248 249/304/249 250/306/250
f 157/308/157 248/303/248 250/306/250
f 248/303/248 157/308/157 247/309/247
f 251/310/251 42/311/42 44/312/44
f 44/312/44 252/313/252 251/310/251
f 253/314/253 251/310/251 252/313/252
f 251/310/251 253/314/253 254/315/254
f 254/315/254 255/316/255 251/310/251
f 255/316/255 254/315/254 256/317/256
f 256/317/256 257/318/257 255/316/255
f 257/318/257 256/317/256 258/319/258
f 259/320/259 258/319/258 256/317/256
f 260/321/260 259/320/259 256/317/256
f 254/315/254 260/321/260 256/317/256
f 42/311/42 251/310/251 255/316/255
f 252/313/252 44/312/44 45/322/45
f 42/311/42 255/316/255 40/323/40
f 255/316/255 17/324/17 40/323/40
f 17/324/17 255/316/255 257/318/257
f 257/318/257 18/325/18 17/324/17
f 18/325/18 257/318/257 261/326/261
f 258/319/258 261/326/261 257/318/257
f 261/326/261 258/319/258 262/327/262
f 258/319/258 263/328/263 262/327/262
f 263/328/263 258/319/258 264/329/264
f 258/319/258 259/320/259 264/329/264
f 259/320/259 263/330/263 264/329/264
f 263/330/263 259/320/259 265/331/265
f 259/320/259 266/332/266 265/331/265
f 266/332/266 259/320/259 260/321/260
f 260/321/260 267/333/267 266/332/266
f 267/333/267 260/321/260 268/334/268
f 260/321/260 254/315/254 268/334/268
f 254/315/254 267/335/267 268/334/268
f 267/335/267 254/315/254 253/314/253
f 269/336/269 267/335/267 253/314/253
f 252/313/252 269/336/269 253/314/253
f 269/336/269 252/313/252 270/337/270
f 45/322/45 270/337/270 252/313/252
f 270/337/270 45/322/45 26/338/26
f 24/339/24 270/337/270 26/338/26
f 24/339/24 261/340/261 270/337/270
f 261/340/261 24/339/24 18/341/18
f 261/340/261 269/336/269 270/337/270
f 267/335/267 269/336/269 266/342/266
f 266/342/266 269/336/269 265/343/265
f 262/344/262 265/343/265 269/336/269
f 269/336/269 261/340/261 262/344/262
f 265/343/265 262/344/262 263/345/263
f 271/346/271 272/347/272 273/348/273
f 272/347/272 271/346/271 274/349/274
f 274/349/274 275/350/275 272/347/272
f 275/350/275 274/349/274 276/351/276
f 276/351/276 277/352/277 275/350/275
f 277/352/277 276/351/276 278/353/278
f 278/353/278 279/354/279 277/352/277
f 279/354/279 278/353/278 280/355/280
f 281/356/281 280/355/280 278/353/278
f 280/355/280 281/356/281 282/357/282
f 276/351/276 283/358/283 278/353/278
f 283/358/283 281/356/281 278/353/278
f 279/354/279 284/359/284 285/360/285
f 284/359/284 279/354/279 280/355/280
f 280/355/280 286/361/286 284/359/284
f 286/361/286 280/355/280 282/357/282
f 282/357/282 287/362/287 286/361/286
f 287/362/287 282/357/282 288/363/288
f 282/357/282 281/356/281 288/363/288
f 281/356/281 287/364/287 288/363/288
f 287/364/287 281/356/281 289/365/289
f 281/356/281 290/366/290 289/365/289
f 290/366/290 281/356/281 283/358/283
f 283/358/283 291/367/291 290/366/290
f 291/367/291 283/358/283 292/368/292
f 283/358/283 276/351/276 292/368/292
f 276/351/276 291/369/291 292/368/292
f 291/369/291 276/351/276 274/349/274
f 274/349/274 290/370/290 291/369/291
f 290/370/290 274/349/274 271/346/271
f 290/370/290 271/346/271 289/371/289
f 289/371/289 286/372/286 287/373/287
f 289/371/289 284/374/284 286/372/286
f 284/374/284 289/371/289 271/346/271
f 271/346/271 285/375/285 284/374/284
f 285/375/285 271/346/271 273/348/273
f 13/376/13 285/375/285 273/348/273
f 13/376/13 273/348/273 14/377/14
f 273/348/273 293/378/293 14/377/14
f 293/378/293 273/348/273 272/347/272
f 272/347/272 294/379/294 293/378/293
f 294/379/294 272/347/272 275/350/275
f 275/350/275 295/380/295 294/379/294
f 295/380/295 275/350/275 277/352/277
f 295/380/295 277/352/277 62/381/62
f 277/352/277 49/382/49 62/381/62
f 49/382/49 277/352/277 279/354/279
f 279/354/279 32/383/32 49/382/49
f 32/383/32 279/354/279 285/360/285
f 285/375/285 13/376/13 32/384/32
f 296/385/296 297/386/297 298/387/298
f 297/386/297 296/385/296 299/388/299
f 299/388/299 110/389/110 297/386/297
f 110/389/110 299/388/299 126/390/126
f 126/390/126 299/388/299 296/385/296
f 111/391/111 126/390/126 296/385/296
f 109/392/109 111/391/111 300/393/300
f 111/391/111 296/385/296 300/393/300
f 301/394/301 300/393/300 296/385/296
f 298/387/298 301/394/301 296/385/296
f 301/394/301 298/387/298 302/395/302
f 298/387/298 303/396/303 302/395/302
f 303/396/303 298/387/298 300/397/300
f 297/386/297 300/397/300 298/387/298
f 300/397/300 297/386/297 109/398/109
f 110/389/110 109/398/109 297/386/297
f 300/393/300 302/399/302 303/400/303
f 300/393/300 301/394/301 302/399/302
f 304/401/304 305/402/305 306/403/306
f 306/403/306 307/404/307 304/405/304
f 307/404/307 306/403/306 308/406/308
f 309/407/309 308/406/308 306/403/306
f 309/407/309 306/403/306 305/402/305
f 310/408/310 309/407/309 305/402/305
f 311/409/311 310/408/310 305/402/305
f 312/410/312 310/408/310 311/409/311
f 310/408/310 312/410/312 152/165/152
f 312/410/312 313/411/313 152/165/152
f 313/411/313 153/166/153 152/165/152
f 153/166/153 313/411/313 314/412/314
f 315/413/315 314/412/314 313/411/313
f 314/412/314 315/413/315 316/414/316
f 313/411/313 312/410/312 315/415/315
f 308/406/308 309/407/309 317/416/317
f 310/408/310 317/416/317 309/407/309
f 317/416/317 310/408/310 138/151/138
f 151/164/151 138/151/138 310/408/310
f 310/408/310 152/165/152 151/164/151
f 318/417/318 319/418/319 320/419/320
f 319/418/319 318/417/318 321/420/321
f 322/421/322 321/420/321 318/417/318
f 321/420/321 322/421/322 323/422/323
f 154/423/154 321/420/321 323/422/323
f 321/420/321 154/423/154 153/424/153
f 314/425/314 321/420/321 153/424/153
f 321/420/321 314/425/314 316/426/316
f 315/427/315 321/420/321 316/426/316
f 321/420/321 315/427/315 312/428/312
f 312/428/312 319/418/319 321/420/321
f 312/428/312 311/429/311 319/418/319
f 305/430/305 319/418/319 311/429/311
f 155/431/155 247/432/247 157/433/157
f 247/432/247 155/431/155 324/434/324
f 155/431/155 154/423/154 324/434/324
f 324/434/324 154/423/154 325/435/325
f 325/435/325 154/423/154 323/422/323
f 323/422/323 326/436/326 325/435/325
f 326/436/326 323/422/323 322/421/322
f 83/437/83 326/436/326 322/421/322
f 318/417/318 83/437/83 322/421/322
f 83/437/83 318/417/318 84/438/84
f 318/417/318 106/439/106 84/438/84
f 106/439/106 318/417/318 107/440/107
f 318/417/318 105/441/105 107/440/107
f 105/441/105 318/417/318 104/442/104
f 318/417/318 320/419/320 104/442/104
f 320/419/320 125/443/125 104/442/104
f 320/419/320 124/444/124 125/443/125
f 124/444/124 320/419/320 327/445/327
f 328/446/328 324/434/324 329/447/329
f 325/435/325 329/447/329 324/434/324
f 325/435/325 326/436/326 329/447/329
f 330/448/330 329/447/329 326/436/326
f 83/437/83 330/448/330 326/436/326
f 83/437/83 97/449/97 330/448/330
f 330/448/330 328/446/328 329/447/329
f 190/450/190 97/449/97 99/451/99
f 97/449/97 190/450/190 330/448/330
f 330/448/330 190/450/190 191/452/191
f 330/448/330 191/452/191 192/453/192
f 330/448/330 192/453/192 193/454/193
f 330/448/330 193/454/193 194/455/194
f 328/446/328 330/448/330 194/455/194
f 194/455/194 195/456/195 328/446/328
f 196/457/196 328/446/328 195/456/195
f 204/458/204 328/446/328 196/457/196
f 328/446/328 204/458/204 205/459/205
f 324/434/324 328/446/328 205/459/205
f 205/459/205 207/460/207 324/434/324
f 207/460/207 209/461/209 324/434/324
f 209/461/209 210/462/210 324/434/324
f 210/462/210 247/432/247 324/434/324
f 331/463/331 332/464/332 333/465/333
f 332/464/332 331/463/331 334/466/334
f 334/466/334 335/467/335 332/464/332
f 335/467/335 334/466/334 336/468/336
f 337/469/337 331/463/331 338/470/338
f 331/463/331 339/471/339 338/470/338
f 339/471/339 331/463/331 340/472/340
f 340/472/340 331/463/331 333/465/333
f 333/465/333 339/473/339 340/472/340
f 339/473/339 333/465/333 341/474/341
f 332/464/332 341/474/341 333/465/333
f 341/474/341 332/464/332 342/475/342
f 335/467/335 342/475/342 332/464/332
f 342/475/342 335/467/335 343/476/343
f 335/467/335 57/477/57 343/476/343
f 57/477/57 335/467/335 56/478/56
f 336/468/336 56/478/56 335/467/335
f 56/478/56 336/468/336 63/479/63
f 336/468/336 344/480/344 63/479/63
f 345/481/345 344/480/344 336/468/336
f 344/480/344 345/481/345 346/482/346
f 347/483/347 346/482/346 345/481/345
f 348/484/348 345/481/345 349/485/349
f 345/481/345 348/484/348 347/483/347
f 350/486/350 347/483/347 348/484/348
f 347/483/347 350/486/350 351/487/351
f 350/486/350 343/488/343 351/487/351
f 343/488/343 350/486/350 342/489/342
f 346/482/346 347/483/347 352/490/352
f 351/487/351 352/490/352 347/483/347
f 352/490/352 351/487/351 61/491/61
f 351/487/351 59/492/59 61/491/61
f 343/488/343 59/492/59 351/487/351
f 59/492/59 343/488/343 57/493/57
f 336/468/336 349/485/349 345/481/345
f 349/485/349 336/468/336 334/466/334
f 353/494/353 349/485/349 334/466/334
f 334/466/334 331/463/331 353/494/353
f 331/463/331 337/469/337 353/494/353
f 354/495/354 353/494/353 337/469/337
f 353/494/353 354/495/354 355/496/355
f 349/485/349 353/494/353 355/496/355
f 354/497/354 349/485/349 355/496/355
f 349/485/349 354/497/354 348/484/348
f 337/498/337 348/484/348 354/497/354
f 348/484/348 337/498/337 350/486/350
f 338/499/338 350/486/350 337/498/337
f 338/499/338 342/489/342 350/486/350
f 342/489/342 338/499/338 341/500/341
f 339/501/339 341/500/341 338/499/338
f 15/502/15 92/503/92 30/504/30
f 356/505/356 357/506/357 358/507/358
f 359/508/359 358/507/358 357/506/357
f 359/508/359 219/509/219 358/507/358
f 359/508/359 232/510/232 219/509/219
f 360/511/360 232/510/232 359/508/359
f 232/510/232 360/511/360 361/512/361
f 360/511/360 50/513/50 361/512/361
f 50/513/50 360/511/360 62/514/62
f 359/508/359 62/514/62 360/511/360
f 62/514/62 359/508/359 295/515/295
f 359/508/359 294/516/294 295/515/295
f 294/516/294 359/508/359 357/506/357
f 357/506/357 293/517/293 294/516/294
f 293/517/293 357/506/357 362/518/362
f 362/518/362 14/519/14 293/517/293
f 14/519/14 362/518/362 363/520/363
f 363/520/363 15/502/15 14/519/14
f 15/502/15 363/520/363 364/521/364
f 92/503/92 15/502/15 364/521/364
f 89/522/89 92/503/92 364/521/364
f 92/503/92 89/522/89 90/523/90
f 357/506/357 356/505/356 362/518/362
f 356/505/356 184/524/184 362/518/362
f 184/524/184 363/520/363 362/518/362
f 363/520/363 184/524/184 80/525/80
f 89/522/89 363/520/363 80/525/80
f 363/520/363 89/522/89 364/521/364
f 365/526/365 50/527/50 63/528/63
f 50/527/50 365/526/365 361/512/361
f 365/526/365 232/510/232 361/512/361
f 232/510/232 365/526/365 366/529/366
f 366/529/366 228/530/228 232/510/232
f 367/531/367 228/530/228 366/529/366
f 367/531/367 368/532/368 228/530/228
f 367/531/367 369/533/369 368/532/368
f 369/533/369 367/531/367 370/534/370
f 370/534/370 238/535/238 369/533/369
f 371/536/371 238/535/238 370/534/370
f 238/535/238 371/536/371 159/537/159
f 371/536/371 162/538/162 159/537/159
f 162/538/162 371/536/371 372/539/372
f 164/540/164 162/538/162 372/539/372
f 60/541/60 164/540/164 372/539/372
f 164/540/164 60/541/60 67/542/67
f 162/538/162 164/540/164 163/543/163
f 63/528/63 366/529/366 365/526/365
f 366/529/366 63/528/63 344/544/344
f 346/545/346 366/529/366 344/544/344
f 366/529/366 346/545/346 367/531/367
f 352/546/352 367/531/367 346/545/346
f 367/531/367 352/546/352 370/534/370
f 61/547/61 370/534/370 352/546/352
f 370/534/370 61/547/61 371/536/371
f 60/541/60 371/536/371 61/547/61
f 371/536/371 60/541/60 372/539/372
f 373/548/373 374/549/374 375/550/375
f 374/549/374 373/548/373 376/551/376
f 376/551/376 377/552/377 374/549/374
f 377/552/377 376/551/376 378/553/378
f 377/552/377 378/553/378 379/554/379
f 379/554/379 378/553/378 380/555/380
f 381/556/381 379/554/379 380/555/380
f 382/557/382 381/556/381 380/555/380
f 381/556/381 382/557/382 383/558/383
f 382/557/382 384/559/384 383/558/383
f 384/559/384 381/560/381 383/558/383
f 381/560/381 384/559/384 379/561/379
f 385/562/385 379/561/379 384/559/384
f 379/561/379 385/562/385 377/563/377
f 386/564/386 377/563/377 385/562/385
f 377/563/377 386/564/386 374/565/374
f 386/564/386 375/566/375 374/565/374
f 375/566/375 386/564/386 387/567/387
f 380/555/380 388/568/388 382/557/382
f 388/568/388 380/555/380 389/569/389
f 378/553/378 389/569/389 380/555/380
f 389/569/389 378/553/378 390/570/390
f 376/551/376 390/570/390 378/553/378
f 391/571/391 390/570/390 376/551/376
f 373/548/373 391/571/391 376/551/376
f 238/572/238 391/571/391 369/573/369
f 391/571/391 238/572/238 390/570/390
f 390/570/390 238/572/238 239/574/239
f 240/575/240 390/570/390 239/574/239
f 390/570/390 240/575/240 389/569/389
f 241/576/241 389/569/389 240/575/240
f 389/569/389 241/576/241 388/568/388
f 229/577/229 388/568/388 241/576/241
f 388/568/388 229/577/229 392/578/392
f 392/578/392 382/557/382 388/568/388
f 382/557/382 392/578/392 393/579/393
f 384/559/384 382/557/382 393/579/393
f 393/579/393 385/562/385 384/559/384
f 394/580/394 385/562/385 393/579/393
f 385/562/385 394/580/394 386/564/386
f 395/581/395 386/564/386 394/580/394
f 394/580/394 396/582/396 395/581/395
f 393/579/393 396/582/396 394/580/394
f 396/582/396 393/579/393 392/578/392
f 386/564/386 395/581/395 387/567/387
f 395/581/395 375/583/375 387/567/387
f 375/583/375 395/581/395 373/584/373
f 395/581/395 396/582/396 373/584/373
f 396/582/396 391/585/391 373/584/373
f 396/582/396 369/586/369 391/585/391
f 369/586/369 396/582/396 368/587/368
f 392/578/392 368/587/368 396/582/396
f 368/587/368 392/578/392 228/588/228
f 392/578/392 229/577/229 228/588/228
f 397/589/397 398/590/398 399/591/399
f 398/590/398 397/589/397 400/592/400
f 400/592/400 401/593/401 398/590/398
f 400/592/400 402/594/402 401/593/401
f 403/595/403 402/594/402 400/592/400
f 403/595/403 404/596/404 402/594/402
f 404/596/404 403/595/403 405/597/405
f 405/597/405 406/598/406 404/596/404
f 406/598/406 405/597/405 407/599/407
f 407/599/407 408/600/408 406/598/406
f 408/600/408 407/599/407 409/601/409
f 409/601/409 410/602/410 408/600/408
f 410/602/410 409/601/409 411/603/411
f 412/604/412 411/603/411 409/601/409
f 411/603/411 412/604/412 413/605/413
f 413/605/413 414/606/414 411/603/411
f 414/606/414 410/602/410 411/603/411
f 409/601/409 407/599/407 415/607/415
f 415/607/415 412/604/412 409/601/409
f 416/608/416 412/604/412 415/607/415
f 412/604/412 416/608/416 417/609/417
f 417/609/417 413/605/413 412/604/412
f 413/605/413 417/609/417 397/610/397
f 399/611/399 413/605/413 397/610/397
f 413/605/413 399/611/399 418/612/418
f 414/606/414 413/605/413 418/612/418
f 399/613/399 414/606/414 418/612/418
f 414/606/414 399/613/399 398/614/398
f 398/614/398 410/602/410 414/606/414
f 398/614/398 401/615/401 410/602/410
f 356/616/356 410/602/410 401/615/401
f 410/602/410 356/616/356 358/617/358
f 358/617/358 408/600/408 410/602/410
f 408/600/408 358/617/358 219/618/219
f 220/619/220 408/600/408 219/618/219
f 415/607/415 419/620/419 416/608/416
f 419/620/419 415/607/415 420/621/420
f 420/621/420 415/607/415 407/599/407
f 407/599/407 419/622/419 420/621/420
f 419/622/419 407/599/407 405/597/405
f 416/623/416 419/622/419 405/597/405
f 405/597/405 403/595/403 416/623/416
f 416/623/416 403/595/403 417/624/417
f 400/592/400 417/624/417 403/595/403
f 417/624/417 400/592/400 397/589/397
f 220/619/220 406/598/406 408/600/408
f 406/598/406 220/619/220 221/625/221
f 221/625/221 404/596/404 406/598/406
f 404/596/404 221/625/221 222/626/222
f 222/626/222 402/594/402 404/596/404
f 402/594/402 222/626/222 223/627/223
f 184/628/184 402/594/402 223/627/223
f 184/628/184 401/593/401 402/594/402
f 401/593/401 184/628/184 356/629/356
f 327/445/327 123/630/123 124/444/124
f 123/630/123 327/445/327 122/631/122
f 327/445/327 120/632/120 122/631/122
f 120/632/120 327/445/327 118/633/118
f 327/445/327 117/634/117 118/633/118
f 117/634/117 327/445/327 320/419/320
f 320/419/320 137/635/137 117/634/117
f 320/419/320 138/636/138 137/635/137
f 319/418/319 138/636/138 320/419/320
f 421/637/421 138/636/138 319/418/319
f 319/418/319 305/430/305 421/637/421
f 304/638/304 421/637/421 305/430/305
f 421/637/421 304/638/304 307/639/307
f 308/640/308 421/637/421 307/639/307
f 421/637/421 308/640/308 317/641/317
f 138/636/138 421/637/421 317/641/317
f 422/642/422 423/643/423 424/644/424
f 423/643/423 425/645/425 424/644/424
f 423/643/423 426/646/426 427/647/427
f 426/646/426 423/643/423 428/648/428
f 422/642/422 428/648/428 423/643/423
f 428/648/428 422/642/422 429/649/429
f 48/650/48 426/646/426 37/651/37
f 426/646/426 48/650/48 427/647/427
f 427/647/427 48/650/48 70/652/70
f 65/653/65 427/647/427 70/652/70
f 427/647/427 65/653/65 430/654/430
f 430/654/430 423/643/423 427/647/427
f 423/643/423 430/654/430 431/655/431
f 425/645/425 423/643/423 431/655/431
f 432/656/432 425/645/425 431/655/431
f 425/645/425 432/656/432 433/657/433
f 432/656/432 434/658/434 433/657/433
f 434/658/434 425/659/425 433/657/433
f 425/659/425 434/658/434 424/660/424
f 435/661/435 424/660/424 434/658/434
f 424/660/424 435/661/435 422/662/422
f 435/661/435 429/663/429 422/662/422
f 429/663/429 435/661/435 436/664/436
f 435/661/435 437/665/437 436/664/436
f 438/666/438 431/655/431 430/654/430
f 431/655/431 438/666/438 432/656/432
f 64/667/64 430/654/430 65/653/65
f 430/654/430 64/667/64 438/666/438
f 53/668/53 438/666/438 64/667/64
f 438/666/438 53/668/53 439/669/439
f 439/669/439 432/656/432 438/666/438
f 432/656/432 439/669/439 440/670/440
f 434/658/434 432/656/432 440/670/440
f 440/670/440 435/661/435 434/658/434
f 437/665/437 435/661/435 440/670/440
f 440/670/440 441/671/441 437/665/437
f 441/671/441 440/670/440 439/669/439
f 437/665/437 429/672/429 436/664/436
f 429/672/429 437/665/437 428/673/428
f 437/665/437 426/674/426 428/673/428
f 426/674/426 437/665/437 441/671/441
f 441/671/441 37/675/37 426/674/426
f 37/675/37 441/671/441 38/676/38
f 439/669/439 38/676/38 441/671/441
f 38/676/38 439/669/439 46/677/46
f 439/669/439 53/668/53 46/677/46
f 202/244/202 201/243/201 442/678/442
f 215/258/215 202/244/202 442/678/442
f 215/258/215 442/678/442 213/256/213
f 213/256/213 442/678/442 201/243/201
f 200/242/200 213/256/213 201/243/201
f 443/679/443 444/680/444 445/681/445
f 446/682/446 447/683/447 448/684/448
f 447/683/447 446/682/446 449/685/449
f 450/686/450 449/685/449 446/682/446
f 449/685/449 450/686/450 451/687/451
f 452/688/452 449/685/449 451/687/451
f 443/679/443 452/688/452 451/687/451
f 452/688/452 443/679/443 453/689/453
f 445/681/445 453/689/453 443/679/443
f 453/689/453 445/681/445 454/690/454
f 445/681/445 455/691/455 454/690/454
f 455/691/455 445/681/445 456/692/456
f 444/680/444 456/692/456 445/681/445
f 456/692/456 444/680/444 457/693/457
f 458/694/458 457/693/457 444/680/444
f 457/693/457 458/694/458 459/695/459
f 459/695/459 456/692/456 457/693/457
f 456/692/456 459/695/459 455/696/455
f 449/685/449 452/688/452 447/697/447
f 460/698/460 446/682/446 448/699/448
f 446/682/446 460/698/460 450/686/450
f 461/700/461 450/686/450 460/698/460
f 450/686/450 461/700/461 462/701/462
f 462/701/462 463/702/463 450/686/450
f 463/702/463 462/701/462 464/703/464
f 464/703/464 465/704/465 463/702/463
f 465/704/465 464/703/464 466/705/466
f 467/706/467 465/704/465 466/705/466
f 466/705/466 468/707/468 467/706/467
f 469/708/469 467/706/467 468/707/468
f 470/709/470 469/708/469 468/707/468
f 469/708/469 470/709/470 471/710/471
f 470/709/470 472/711/472 471/710/471
f 471/710/471 472/711/472 473/712/473
f 473/712/473 472/711/472 474/713/474
f 473/712/473 474/713/474 475/714/475
f 476/715/476 475/714/475 474/713/474
f 472/711/472 477/716/477 474/713/474
f 474/713/474 477/716/477 476/715/476
f 461/700/461 478/717/478 462/701/462
f 478/717/478 461/700/461 479/718/479
f 472/711/472 480/719/480 481/720/481
f 480/719/480 472/711/472 470/709/470
f 470/709/470 482/721/482 480/719/480
f 483/722/483 484/723/484 485/724/485
f 483/722/483 485/724/485 486/725/486
f 482/721/482 483/722/483 486/725/486
f 482/721/482 487/726/487 483/722/483
f 487/726/487 482/721/482 488/727/488
f 482/721/482 470/709/470 488/727/488
f 489/728/489 488/727/488 470/709/470
f 468/707/468 489/728/489 470/709/470
f 489/728/489 468/707/468 490/729/490
f 468/707/468 466/705/466 490/729/490
f 466/705/466 491/730/491 490/729/490
f 491/730/491 466/705/466 464/703/464
f 464/703/464 492/731/492 491/730/491
f 492/731/492 464/703/464 462/701/462
f 478/717/478 492/731/492 462/701/462
f 492/731/492 478/717/478 493/732/493
f 479/733/479 493/732/493 478/717/478
f 493/732/493 479/733/479 494/734/494
f 495/735/495 493/732/493 494/736/494
f 493/732/493 495/735/495 492/731/492
f 496/737/496 492/731/492 495/735/495
f 492/731/492 496/737/496 497/738/497
f 497/738/497 491/730/491 492/731/492
f 491/730/491 497/738/497 498/739/498
f 498/739/498 490/729/490 491/730/491
f 490/729/490 498/739/498 489/728/489
f 488/727/488 489/728/489 498/739/498
f 498/739/498 487/726/487 488/727/488
f 487/726/487 498/739/498 497/738/497
f 499/740/499 500/741/500 501/742/501
f 500/741/500 499/740/499 502/743/502
f 503/744/503 502/743/502 499/740/499
f 502/743/502 503/744/503 504/745/504
f 504/745/504 485/724/485 502/743/502
f 485/724/485 500/741/500 502/743/502
f 500/741/500 485/724/485 484/723/484
f 505/746/505 500/741/500 484/723/484
f 484/723/484 506/747/506 505/746/505
f 506/747/506 484/723/484 483/722/483
f 483/722/483 507/748/507 506/747/506
f 507/748/507 483/722/483 487/726/487
f 508/749/508 507/748/507 487/726/487
f 497/738/497 508/749/508 487/726/487
f 509/750/509 508/749/508 497/738/497
f 496/737/496 509/750/509 497/738/497
f 509/750/509 496/737/496 510/751/510
f 500/741/500 505/746/505 501/752/501
f 507/748/507 508/749/508 511/753/511
f 512/754/512 511/753/511 508/749/508
f 508/749/508 509/750/509 512/754/512
f 510/755/510 512/754/512 509/750/509
f 512/754/512 510/755/510 513/756/513
f 511/753/511 512/754/512 513/757/513
f 514/758/514 504/745/504 503/759/503
f 504/745/504 514/758/514 485/724/485
f 515/760/515 485/724/485 514/758/514
f 485/724/485 515/760/515 486/725/486
f 515/760/515 516/761/516 486/725/486
f 516/761/516 482/721/482 486/725/486
f 482/721/482 516/761/516 517/762/517
f 517/762/517 480/719/480 482/721/482
f 480/719/480 517/762/517 518/763/518
f 518/763/518 481/720/481 480/719/480
f 481/720/481 518/763/518 519/764/519
f 519/764/519 472/711/472 481/720/481
f 472/711/472 519/764/519 520/765/520
f 521/766/521 472/711/472 520/765/520
f 520/765/520 522/767/522 521/766/521
f 520/765/520 517/762/517 523/768/523
f 519/764/519 517/762/517 520/765/520
f 517/762/517 519/764/519 518/763/518
f 524/769/524 472/711/472 521/766/521
f 521/766/521 525/770/525 524/769/524
f 525/770/525 521/766/521 522/767/522
f 526/771/526 525/770/525 522/767/522
f 522/767/522 520/765/520 526/771/526
f 520/765/520 527/772/527 526/771/526
f 527/772/527 520/765/520 523/768/523
f 528/773/528 527/772/527 523/768/523
f 517/762/517 528/773/528 523/768/523
f 528/773/528 517/762/517 529/774/529
f 516/761/516 529/774/529 517/762/517
f 530/775/530 529/774/529 516/761/516
f 531/776/531 530/775/530 516/761/516
f 530/775/530 531/776/531 532/777/532
f 533/778/533 532/777/532 531/776/531
f 533/778/533 534/779/534 532/777/532
f 534/779/534 533/778/533 535/780/535
f 536/781/536 534/779/534 535/780/535
f 527/772/527 528/773/528 537/782/537
f 530/775/530 538/783/538 529/774/529
f 538/783/538 528/773/528 529/774/529
f 539/784/539 540/785/540 541/786/541
f 540/785/540 539/784/539 526/771/526
f 524/769/524 526/771/526 539/784/539
f 526/771/526 524/769/524 525/770/525
f 536/787/536 533/778/533 542/788/542
f 533/778/533 536/787/536 535/780/535
f 516/761/516 515/760/515 543/789/543
f 543/789/543 531/776/531 516/761/516
f 531/776/531 543/789/543 544/790/544
f 544/790/544 533/778/533 531/776/531
f 533/778/533 544/790/544 542/791/542
f 534/779/534 536/781/536 545/792/545
f 545/792/545 532/777/532 534/779/534
f 532/777/532 545/792/545 546/793/546
f 547/794/547 532/777/532 546/793/546
f 532/777/532 547/794/547 530/775/530
f 548/795/548 530/775/530 547/794/547
f 530/775/530 548/795/548 538/783/538
f 548/795/548 549/796/549 538/783/538
f 528/773/528 538/783/538 549/796/549
f 549/796/549 550/797/550 528/773/528
f 528/773/528 550/797/550 537/782/537
f 537/782/537 550/797/550 551/798/551
f 552/799/552 537/782/537 551/798/551
f 537/782/537 552/799/552 553/800/553
f 552/799/552 554/801/554 553/800/553
f 555/802/555 553/800/553 554/801/554
f 554/801/554 556/803/556 555/802/555
f 556/803/556 554/801/554 557/804/557
f 554/801/554 552/799/552 557/805/557
f 550/797/550 549/796/549 558/806/558
f 558/806/558 549/796/549 559/807/559
f 549/796/549 548/795/548 559/807/559
f 560/808/560 561/809/561 562/810/562
f 561/809/561 556/811/556 562/810/562
f 556/811/556 561/809/561 555/802/555
f 553/800/553 555/802/555 561/809/561
f 561/809/561 537/782/537 553/800/553
f 537/782/537 561/809/561 563/812/563
f 563/812/563 527/772/527 537/782/537
f 563/812/563 564/813/564 527/772/527
f 564/813/564 526/771/526 527/772/527
f 526/771/526 564/813/564 565/814/565
f 565/814/565 540/785/540 526/771/526
f 540/785/540 565/814/565 566/815/566
f 567/816/567 565/814/565 564/813/564
f 564/813/564 568/817/568 567/816/567
f 567/816/567 568/817/568 569/818/569
f 568/817/568 570/819/570 569/818/569
f 571/820/571 569/818/569 570/819/570
f 569/818/569 571/820/571 567/816/567
f 572/821/572 567/816/567 571/820/571
f 565/814/565 567/816/567 572/821/572
f 573/822/573 565/814/565 572/821/572
f 565/814/565 573/822/573 566/815/566
f 573/822/573 574/823/574 566/815/566
f 575/824/575 566/815/566 574/823/574
f 566/815/566 575/824/575 540/785/540
f 576/825/576 540/785/540 575/824/575
f 540/785/540 576/825/576 541/786/541
f 576/825/576 477/716/477 541/786/541
f 541/786/541 477/716/477 539/784/539
f 477/716/477 472/711/472 539/784/539
f 472/711/472 524/769/524 539/784/539
f 574/823/574 573/822/573 577/826/577
f 577/826/577 573/822/573 571/827/571
f 573/822/573 572/821/572 571/827/571
f 570/819/570 568/817/568 578/828/578
f 578/828/578 568/817/568 579/829/579
f 578/828/578 579/829/579 580/830/580
f 578/828/578 580/830/580 581/831/581
f 580/832/580 582/833/582 583/834/583
f 582/833/582 580/832/580 579/829/579
f 579/829/579 584/835/584 582/833/582
f 584/835/584 579/829/579 568/817/568
f 568/817/568 564/813/564 584/835/584
f 564/813/564 563/812/563 584/835/584
f 582/833/582 585/836/585 583/837/583
f 585/836/585 582/833/582 584/835/584
f 586/838/586 587/839/587 588/840/588
f 587/839/587 586/838/586 589/841/589
f 590/842/590 589/841/589 586/838/586
f 588/843/588 590/842/590 586/838/586
f 590/842/590 588/843/588 591/844/591
f 585/836/585 590/842/590 591/844/591
f 590/842/590 585/836/585 584/835/584
f 584/835/584 592/845/592 590/842/590
f 592/845/592 584/835/584 563/812/563
f 560/808/560 592/845/592 563/812/563
f 561/809/561 560/808/560 563/812/563
f 592/845/592 560/808/560 593/846/593
f 587/847/587 592/845/592 593/846/593
f 592/845/592 587/847/587 589/841/589
f 589/841/589 590/842/590 592/845/592
f 594/848/594 595/849/595 596/850/596
f 596/850/596 595/849/595 597/851/597
f 597/851/597 598/852/598 596/850/596
f 599/853/599 596/850/596 598/852/598
f 598/852/598 600/854/600 599/853/599
f 600/854/600 598/852/598 601/855/601
f 602/856/602 598/852/598 597/851/597
f 603/857/603 598/852/598 604/858/604
f 598/852/598 602/856/602 604/858/604
f 602/856/602 603/857/603 604/858/604
f 603/857/603 602/856/602 605/859/605
f 606/860/606 607/861/607 608/862/608
f 607/861/607 597/851/597 608/862/608
f 597/851/597 606/860/606 608/862/608
f 606/860/606 597/851/597 609/863/609
f 595/849/595 609/863/609 597/851/597
f 610/864/610 609/863/609 595/849/595
f 595/849/595 594/848/594 610/864/610
f 611/865/611 610/864/610 594/848/594
f 596/850/596 611/865/611 594/848/594
f 611/865/611 596/850/596 469/708/469
f 596/850/596 599/853/599 469/708/469
f 467/706/467 469/708/469 599/853/599
f 609/863/609 612/866/612 613/867/613
f 613/867/613 606/860/606 609/863/609
f 606/860/606 613/867/613 614/868/614
f 607/861/607 606/860/606 614/868/614
f 614/868/614 615/869/615 607/861/607
f 597/851/597 607/861/607 615/869/615
f 615/869/615 616/870/616 597/851/597
f 616/870/616 602/856/602 597/851/597
f 602/856/602 616/870/616 617/871/617
f 617/871/617 605/859/605 602/856/602
f 605/859/605 617/871/617 618/872/618
f 619/873/619 605/859/605 618/872/618
f 618/872/618 616/870/616 619/873/619
f 616/870/616 615/869/615 619/873/619
f 605/859/605 619/873/619 615/869/615
f 620/874/620 605/859/605 615/869/615
f 605/859/605 620/874/620 603/857/603
f 598/852/598 603/857/603 620/874/620
f 616/870/616 618/872/618 617/871/617
f 621/875/621 620/874/620 622/876/622
f 623/877/623 622/876/622 620/874/620
f 620/874/620 615/869/615 623/877/623
f 615/869/615 624/878/624 623/877/623
f 624/878/624 625/879/625 623/877/623
f 626/880/626 627/881/627 622/876/622
f 622/876/622 623/877/623 626/880/626
f 623/877/623 628/882/628 626/880/626
f 628/882/628 623/877/623 625/879/625
f 629/883/629 628/882/628 625/879/625
f 625/879/625 624/878/624 629/883/629
f 613/867/613 629/883/629 624/878/624
f 615/869/615 613/867/613 624/878/624
f 615/869/615 614/868/614 613/867/613
f 630/884/630 626/880/626 631/885/631
f 626/880/626 630/884/630 632/886/632
f 627/881/627 626/880/626 632/886/632
f 632/886/632 633/887/633 627/881/627
f 633/887/633 634/888/634 627/881/627
f 635/889/635 636/890/636 637/891/637
f 637/891/637 630/884/630 635/889/635
f 630/884/630 638/892/638 635/889/635
f 631/885/631 638/892/638 630/884/630
f 639/893/639 638/892/638 631/885/631
f 639/893/639 631/885/631 626/880/626
f 640/894/640 639/893/639 626/880/626
f 628/882/628 640/894/640 626/880/626
f 640/894/640 628/882/628 641/895/641
f 628/882/628 629/883/629 641/895/641
f 642/896/642 641/895/641 629/883/629
f 629/883/629 613/867/613 642/896/642
f 613/867/613 643/897/643 642/896/642
f 643/897/643 613/867/613 612/866/612
f 612/866/612 644/898/644 643/897/643
f 644/898/644 612/866/612 645/899/645
f 609/863/609 644/898/644 645/899/645
f 612/866/612 609/863/609 645/899/645
f 646/900/646 647/901/647 648/902/648
f 646/900/646 638/892/638 647/901/647
f 649/903/649 647/901/647 638/892/638
f 649/903/649 638/892/638 639/893/639
f 640/894/640 649/903/649 639/893/639
f 640/894/640 650/904/650 649/903/649
f 650/904/650 640/894/640 641/895/641
f 651/905/651 650/904/650 641/895/641
f 641/895/641 642/896/642 651/905/651
f 652/906/652 651/905/651 642/896/642
f 653/907/653 652/906/652 642/896/642
f 651/905/651 652/906/652 654/908/654
f 650/904/650 647/901/647 649/903/649
f 650/904/650 655/909/655 647/901/647
f 656/910/656 655/909/655 650/904/650
f 650/904/650 651/905/651 656/910/656
f 657/911/657 656/910/656 651/905/651
f 656/910/656 657/911/657 658/912/658
f 475/714/475 476/715/476 659/913/659
f 476/715/476 660/914/660 659/913/659
f 653/907/653 659/913/659 660/914/660
f 660/914/660 661/915/661 653/907/653
f 652/906/652 653/907/653 661/915/661
f 662/916/662 652/906/652 661/915/661
f 652/906/652 662/916/662 654/908/654
f 660/914/660 654/908/654 662/916/662
f 654/908/654 660/914/660 651/905/651
f 663/917/663 651/905/651 660/914/660
f 651/905/651 663/917/663 657/911/657
f 664/918/664 657/911/657 663/917/663
f 658/912/658 657/911/657 664/918/664
f 665/919/665 658/912/658 664/918/664
f 658/912/658 665/919/665 656/910/656
f 665/919/665 666/920/666 656/910/656
f 655/909/655 656/910/656 666/920/666
f 666/920/666 667/921/667 655/909/655
f 661/915/661 660/914/660 662/916/662
f 469/708/469 471/710/471 473/712/473
f 469/708/469 473/712/473 475/714/475
f 469/708/469 475/714/475 611/865/611
f 659/913/659 611/865/611 475/714/475
f 610/864/610 611/865/611 659/913/659
f 659/913/659 653/907/653 610/864/610
f 609/863/609 610/864/610 653/907/653
f 644/898/644 609/863/609 653/907/653
f 642/896/642 644/898/644 653/907/653
f 644/898/644 642/896/642 643/897/643
f 668/922/668 666/920/666 669/923/669
f 667/921/667 666/920/666 670/924/670
f 666/920/666 668/922/668 670/924/670
f 668/922/668 671/925/671 670/924/670
f 671/925/671 668/922/668 672/926/672
f 669/923/669 672/926/672 668/922/668
f 672/926/672 669/923/669 673/927/673
f 669/923/669 674/928/674 673/927/673
f 674/928/674 669/923/669 666/920/666
f 666/920/666 665/919/665 674/928/674
f 675/929/675 574/930/574 577/931/577
f 571/932/571 675/929/675 577/931/577
f 571/932/571 676/933/676 675/929/675
f 677/934/677 675/929/675 676/933/676
f 675/929/675 677/934/677 678/935/678
f 677/934/677 679/936/679 678/935/678
f 575/937/575 678/935/678 679/936/679
f 679/936/679 680/938/680 575/937/575
f 667/921/667 575/937/575 680/938/680
f 575/937/575 667/921/667 681/939/681
f 667/921/667 670/924/670 681/939/681
f 682/940/682 681/939/681 670/924/670
f 671/925/671 682/940/682 670/924/670
f 682/940/682 671/925/671 683/941/683
f 683/941/683 684/942/684 682/940/682
f 684/942/684 683/941/683 685/943/685
f 686/944/686 684/942/684 685/943/685
f 684/942/684 686/944/686 681/939/681
f 686/944/686 575/937/575 681/939/681
f 681/939/681 682/940/682 684/942/684
f 574/930/574 675/929/675 678/935/678
f 678/935/678 575/937/575 574/930/574
f 679/936/679 677/934/677 687/945/687
f 667/921/667 647/901/647 655/909/655
f 680/938/680 647/901/647 667/921/667
f 647/901/647 680/938/680 648/902/648
f 680/938/680 679/936/679 648/902/648
f 679/936/679 646/900/646 648/902/648
f 646/900/646 679/936/679 687/945/687
f 687/945/687 688/946/688 646/900/646
f 688/946/688 687/945/687 689/947/689
f 689/947/689 690/948/690 688/946/688
f 690/948/690 689/947/689 691/949/691
f 691/949/691 692/950/692 690/948/690
f 692/950/692 691/949/691 693/951/693
f 694/952/694 692/950/692 693/951/693
f 694/952/694 693/951/693 687/945/687
f 687/945/687 695/953/695 694/952/694
f 695/953/695 687/945/687 677/934/677
f 677/934/677 696/954/696 695/953/695
f 696/954/696 677/934/677 676/933/676
f 693/951/693 689/947/689 687/945/687
f 689/947/689 693/951/693 691/949/691
f 581/955/581 696/954/696 697/956/697
f 581/955/581 695/953/695 696/954/696
f 571/957/571 696/954/696 676/933/676
f 696/954/696 571/957/571 697/956/697
f 570/958/570 697/956/697 571/957/571
f 570/958/570 581/955/581 697/956/697
f 581/955/581 570/958/570 578/959/578
f 688/946/688 638/892/638 646/900/646
f 638/892/638 688/946/688 690/948/690
f 692/950/692 638/892/638 690/948/690
f 698/960/698 638/892/638 692/950/692
f 636/890/636 698/960/698 692/950/692
f 698/960/698 636/890/636 699/961/699
f 636/890/636 635/889/635 699/961/699
f 700/962/700 699/961/699 635/889/635
f 700/962/700 635/889/635 638/892/638
f 638/892/638 698/960/698 700/962/700
f 699/961/699 700/962/700 698/960/698
f 701/963/701 636/890/636 692/950/692
f 692/950/692 694/952/694 701/963/701
f 694/952/694 702/964/702 701/963/701
f 702/964/702 636/890/636 701/963/701
f 636/890/636 702/964/702 703/965/703
f 702/964/702 704/966/704 703/965/703
f 704/966/704 702/964/702 705/967/705
f 585/968/585 580/969/580 583/970/583
f 580/969/580 585/968/585 581/955/581
f 695/953/695 581/955/581 585/968/585
f 560/971/560 695/953/695 585/968/585
f 695/953/695 560/971/560 694/952/694
f 551/972/551 694/952/694 560/971/560
f 702/964/702 694/952/694 551/972/551
f 551/972/551 550/973/550 702/964/702
f 550/973/550 705/967/705 702/964/702
f 705/967/705 550/973/550 558/974/558
f 559/975/559 705/967/705 558/974/558
f 548/976/548 705/967/705 559/975/559
f 705/967/705 548/976/548 704/966/704
f 548/976/548 706/977/706 704/966/704
f 703/965/703 704/966/704 706/977/706
f 707/978/707 703/965/703 706/977/706
f 636/890/636 703/965/703 707/978/707
f 707/978/707 637/891/637 636/890/636
f 544/979/544 708/980/708 542/981/542
f 708/980/708 544/979/544 709/982/709
f 543/983/543 709/982/709 544/979/544
f 709/982/709 543/983/543 707/978/707
f 515/984/515 707/978/707 543/983/543
f 707/978/707 515/984/515 710/985/710
f 637/891/637 707/978/707 710/985/710
f 536/986/536 708/980/708 711/987/711
f 708/980/708 536/986/536 542/988/542
f 706/977/706 709/982/709 707/978/707
f 709/982/709 706/977/706 712/989/712
f 709/982/709 712/989/712 708/980/708
f 713/990/713 708/980/708 712/989/712
f 708/980/708 713/990/713 711/987/711
f 713/990/713 536/991/536 711/987/711
f 536/991/536 713/990/713 545/992/545
f 712/989/712 545/992/545 713/990/713
f 545/992/545 712/989/712 546/993/546
f 712/989/712 547/994/547 546/993/546
f 547/994/547 712/989/712 706/977/706
f 706/977/706 548/976/548 547/994/547
f 714/995/714 511/996/511 513/997/513
f 511/996/511 714/995/714 715/998/715
f 715/998/715 507/999/507 511/996/511
f 507/999/507 715/998/715 716/1000/716
f 717/1001/717 507/999/507 716/1000/716
f 716/1000/716 637/891/637 717/1001/717
f 710/985/710 717/1001/717 637/891/637
f 710/985/710 718/1002/718 717/1001/717
f 515/984/515 718/1002/718 710/985/710
f 718/1002/718 515/984/515 514/1003/514
f 514/1003/514 719/1004/719 718/1002/718
f 719/1004/719 514/1003/514 503/1005/503
f 718/1002/718 720/1006/720 717/1001/717
f 716/1000/716 715/998/715 721/1007/721
f 715/998/715 722/1008/722 721/1007/721
f 722/1008/722 715/998/715 714/995/714
f 714/995/714 510/1009/510 722/1008/722
f 510/1009/510 714/995/714 513/1010/513
f 496/1011/496 723/1012/723 721/1007/721
f 722/1008/722 496/1011/496 721/1007/721
f 496/1011/496 722/1008/722 510/1013/510
f 724/1014/724 503/1015/503 499/1016/499
f 503/1015/503 724/1014/724 719/1004/719
f 724/1014/724 718/1002/718 719/1004/719
f 725/1017/725 718/1002/718 724/1014/724
f 718/1002/718 725/1017/725 720/1006/720
f 725/1017/725 505/1018/505 720/1006/720
f 506/1019/506 720/1006/720 505/1018/505
f 720/1006/720 506/1019/506 717/1001/717
f 507/999/507 717/1001/717 506/1019/506
f 499/1016/499 725/1017/725 724/1014/724
f 725/1017/725 499/1016/499 501/1020/501
f 505/1018/505 725/1017/725 501/1021/501
f 726/1022/726 495/1023/495 494/1024/494
f 495/1023/495 726/1022/726 723/1012/723
f 723/1012/723 496/1011/496 495/1023/495
f 479/1025/479 726/1022/726 494/1026/494
f 726/1022/726 479/1025/479 727/1027/727
f 727/1027/727 723/1012/723 726/1022/726
f 723/1012/723 727/1027/727 728/1028/728
f 727/1027/727 461/1029/461 728/1028/728
f 461/1029/461 729/1030/729 728/1028/728
f 729/1030/729 461/1029/461 460/1031/460
f 461/1029/461 727/1027/727 479/1032/479
f 730/1033/730 460/1031/460 448/1034/448
f 460/1031/460 730/1033/730 729/1030/729
f 731/1035/731 729/1030/729 730/1033/730
f 729/1030/729 731/1035/731 732/1036/732
f 731/1035/731 452/1037/452 732/1036/732
f 452/1037/452 733/1038/733 732/1036/732
f 733/1038/733 452/1037/452 453/1039/453
f 453/1039/453 734/1040/734 733/1038/733
f 734/1040/734 444/1041/444 733/1038/733
f 735/1042/735 444/1041/444 734/1040/734
f 444/1041/444 735/1042/735 736/1043/736
f 735/1042/735 459/1044/459 736/1043/736
f 458/1045/458 736/1043/736 459/1044/459
f 736/1043/736 458/1045/458 444/1041/444
f 459/1044/459 735/1042/735 455/1046/455
f 452/1037/452 731/1035/731 447/1047/447
f 734/1040/734 455/1048/455 735/1042/735
f 455/1048/455 734/1040/734 454/1049/454
f 734/1040/734 453/1039/453 454/1049/454
f 447/1050/447 730/1033/730 448/1051/448
f 730/1033/730 447/1050/447 731/1035/731
f 737/1052/737 738/1053/738 739/1054/739
f 738/1053/738 740/1055/740 739/1054/739
f 740/1055/740 738/1053/738 741/1056/741
f 740/1055/740 741/1056/741 742/1057/742
f 741/1056/741 743/1058/743 742/1057/742
f 743/1058/743 741/1056/741 744/1059/744
f 744/1059/744 745/1060/745 743/1058/743
f 745/1060/745 744/1059/744 746/1061/746
f 746/1061/746 747/1062/747 745/1060/745
f 747/1062/747 746/1061/746 748/1063/748
f 748/1063/748 749/1064/749 747/1062/747
f 749/1064/749 748/1063/748 750/1065/750
f 750/1065/750 444/1041/444 749/1064/749
f 444/1041/444 750/1065/750 751/1066/751
f 751/1066/751 733/1038/733 444/1041/444
f 733/1038/733 751/1066/751 752/1067/752
f 752/1067/752 732/1036/732 733/1038/733
f 732/1036/732 752/1067/752 753/1068/753
f 744/1059/744 748/1063/748 746/1061/746
f 754/1069/754 755/1070/755 756/1071/756
f 756/1071/756 757/1072/757 754/1069/754
f 757/1072/757 756/1071/756 758/1073/758
f 758/1073/758 738/1053/738 757/1072/757
f 738/1053/738 758/1073/758 759/1074/759
f 759/1074/759 760/1075/760 738/1053/738
f 738/1053/738 760/1075/760 741/1056/741
f 760/1075/760 744/1059/744 741/1056/741
f 761/1076/761 759/1074/759 758/1073/758
f 758/1073/758 756/1071/756 761/1076/761
f 748/1063/748 762/1077/762 750/1065/750
f 762/1077/762 748/1063/748 763/1078/763
f 748/1063/748 744/1059/744 763/1078/763
f 764/1079/764 763/1078/763 744/1059/744
f 744/1059/744 760/1075/760 764/1079/764
f 765/1080/765 764/1079/764 760/1075/760
f 760/1075/760 759/1074/759 765/1080/765
f 766/1081/766 765/1080/765 759/1074/759
f 759/1074/759 761/1076/761 766/1081/766
f 761/1076/761 767/1082/767 766/1081/766
f 767/1082/767 761/1076/761 768/1083/768
f 756/1071/756 768/1083/768 761/1076/761
f 768/1083/768 756/1071/756 769/1084/769
f 755/1070/755 769/1084/769 756/1071/756
f 769/1084/769 755/1070/755 770/1085/770
f 771/1086/771 770/1085/770 755/1070/755
f 772/1087/772 771/1086/771 755/1070/755
f 755/1070/755 754/1069/754 772/1087/772
f 764/1079/764 762/1077/762 763/1078/763
f 740/1088/740 767/1082/767 739/1089/739
f 767/1082/767 737/1090/737 739/1089/739
f 737/1090/737 767/1082/767 768/1083/768
f 773/1091/773 737/1090/737 768/1083/768
f 768/1083/768 769/1084/769 773/1091/773
f 774/1092/774 773/1091/773 769/1084/769
f 770/1085/770 774/1092/774 769/1084/769
f 775/1093/775 774/1092/774 770/1085/770
f 770/1085/770 771/1086/771 775/1093/775
f 776/1094/776 775/1093/775 771/1086/771
f 771/1086/771 777/1095/777 776/1094/776
f 771/1086/771 772/1087/772 777/1095/777
f 772/1087/772 778/1096/778 777/1095/777
f 754/1069/754 778/1096/778 772/1087/772
f 754/1069/754 779/1097/779 778/1096/778
f 779/1097/779 754/1069/754 757/1072/757
f 757/1072/757 737/1052/737 779/1097/779
f 738/1053/738 737/1052/737 757/1072/757
f 778/1098/778 779/1099/779 780/1100/780
f 779/1099/779 737/1090/737 780/1100/780
f 780/1100/780 737/1090/737 773/1091/773
f 780/1100/780 773/1091/773 774/1092/774
f 774/1092/774 781/1101/781 780/1100/780
f 774/1092/774 782/1102/782 781/1101/781
f 775/1093/775 781/1101/781 782/1102/782
f 774/1092/774 775/1093/775 782/1102/782
f 781/1101/781 775/1093/775 776/1103/776
f 783/1104/783 777/1105/777 778/1098/778
f 781/1101/781 777/1105/777 783/1104/783
f 781/1101/781 783/1104/783 778/1098/778
f 781/1101/781 778/1098/778 780/1100/780
f 777/1105/777 781/1101/781 776/1106/776
f 784/1107/784 785/1108/785 786/1109/786
f 785/1108/785 784/1107/784 787/1110/787
f 787/1110/787 788/1111/788 785/1108/785
f 753/1068/753 729/1030/729 732/1036/732
f 729/1030/729 753/1068/753 789/1112/789
f 789/1112/789 728/1028/728 729/1030/729
f 728/1028/728 789/1112/789 790/1113/790
f 790/1113/790 723/1012/723 728/1028/728
f 723/1012/723 790/1113/790 786/1109/786
f 786/1109/786 721/1007/721 723/1012/723
f 721/1007/721 786/1109/786 785/1108/785
f 785/1108/785 716/1000/716 721/1007/721
f 716/1000/716 785/1108/785 788/1111/788
f 637/891/637 716/1000/716 788/1111/788
f 630/884/630 637/891/637 788/1111/788
f 788/1111/788 787/1110/787 630/884/630
f 787/1110/787 632/886/632 630/884/630
f 632/886/632 787/1110/787 784/1107/784
f 633/887/633 632/886/632 784/1107/784
f 786/1109/786 633/887/633 784/1107/784
f 633/887/633 786/1109/786 790/1113/790
f 790/1113/790 634/888/634 633/887/633
f 634/888/634 790/1113/790 789/1112/789
f 789/1112/789 791/1114/791 634/888/634
f 791/1114/791 789/1112/789 753/1068/753
f 753/1068/753 792/1115/792 791/1114/791
f 792/1115/792 753/1068/753 752/1067/752
f 752/1067/752 793/1116/793 792/1115/792
f 793/1116/793 752/1067/752 751/1066/751
f 794/1117/794 793/1116/793 751/1066/751
f 751/1066/751 750/1065/750 794/1117/794
f 750/1065/750 793/1116/793 794/1117/794
f 793/1116/793 750/1065/750 762/1077/762
f 795/1118/795 793/1116/793 762/1077/762
f 762/1077/762 764/1079/764 795/1118/795
f 796/1119/796 795/1118/795 764/1079/764
f 764/1079/764 765/1080/765 796/1119/796
f 797/1120/797 796/1119/796 765/1080/765
f 765/1080/765 766/1081/766 797/1120/797
f 766/1081/766 798/1121/798 797/1120/797
f 798/1121/798 766/1081/766 767/1082/767
f 798/1121/798 767/1082/767 799/1122/799
f 791/1114/791 792/1115/792 800/1123/800
f 792/1115/792 793/1116/793 800/1123/800
f 791/1114/791 627/881/627 634/888/634
f 627/881/627 791/1114/791 800/1123/800
f 800/1123/800 622/876/622 627/881/627
f 793/1116/793 622/876/622 800/1123/800
f 622/876/622 793/1116/793 621/875/621
f 793/1116/793 795/1118/795 621/875/621
f 801/1124/801 621/875/621 795/1118/795
f 795/1118/795 796/1119/796 801/1124/801
f 802/1125/802 801/1124/801 796/1119/796
f 796/1119/796 797/1120/797 802/1125/802
f 797/1120/797 803/1126/803 802/1125/802
f 803/1126/803 797/1120/797 798/1121/798
f 798/1121/798 804/1127/804 803/1126/803
f 804/1127/804 798/1121/798 799/1122/799
f 799/1122/799 743/1128/743 804/1127/804
f 743/1128/743 799/1122/799 742/1129/742
f 742/1129/742 799/1122/799 740/1088/740
f 767/1082/767 740/1088/740 799/1122/799
f 804/1127/804 805/1130/805 803/1126/803
f 745/1131/745 804/1127/804 743/1128/743
f 620/874/620 601/855/601 598/852/598
f 601/855/601 620/874/620 806/1132/806
f 620/874/620 621/875/621 806/1132/806
f 621/875/621 801/1124/801 806/1132/806
f 807/1133/807 806/1132/806 801/1124/801
f 801/1124/801 802/1125/802 807/1133/807
f 802/1125/802 808/1134/808 807/1133/807
f 808/1134/808 802/1125/802 803/1126/803
f 803/1126/803 809/1135/809 808/1134/808
f 809/1135/809 803/1126/803 805/1130/805
f 810/1136/810 809/1135/809 805/1130/805
f 804/1127/804 810/1136/810 805/1130/805
f 810/1136/810 804/1127/804 811/1137/811
f 804/1127/804 745/1131/745 811/1137/811
f 747/1138/747 811/1137/811 745/1131/745
f 811/1137/811 747/1138/747 810/1136/810
f 749/1139/749 810/1136/810 747/1138/747
f 810/1136/810 749/1139/749 812/1140/812
f 813/1141/813 808/1134/808 809/1135/809
f 809/1135/809 810/1136/810 812/1140/812
f 809/1135/809 812/1140/812 813/1141/813
f 813/1141/813 812/1140/812 814/1142/814
f 815/1143/815 813/1141/813 814/1142/814
f 813/1141/813 815/1143/815 816/1144/816
f 817/1145/817 816/1144/816 815/1143/815
f 816/1144/816 817/1145/817 818/1146/818
f 819/1147/819 816/1144/816 818/1146/818
f 819/1147/819 813/1141/813 816/1144/816
f 444/680/444 812/1140/812 749/1139/749
f 812/1140/812 444/680/444 814/1142/814
f 443/679/443 814/1142/814 444/680/444
f 814/1142/814 443/679/443 815/1143/815
f 451/687/451 815/1143/815 443/679/443
f 815/1143/815 451/687/451 817/1145/817
f 450/686/450 817/1145/817 451/687/451
f 817/1145/817 450/686/450 463/702/463
f 463/702/463 818/1146/818 817/1145/817
f 818/1146/818 463/702/463 465/704/465
f 467/706/467 818/1146/818 465/704/465
f 818/1146/818 467/706/467 819/1147/819
f 467/706/467 599/853/599 819/1147/819
f 599/853/599 813/1141/813 819/1147/819
f 813/1141/813 599/853/599 600/854/600
f 808/1134/808 813/1141/813 600/854/600
f 600/854/600 807/1133/807 808/1134/808
f 807/1133/807 600/854/600 601/855/601
f 806/1132/806 807/1133/807 601/855/601
f 562/1148/562 551/972/551 560/971/560
f 551/972/551 562/1148/562 552/1149/552
f 556/1150/556 552/1149/552 562/1148/562
f 552/1149/552 556/1150/556 557/1151/557
f 587/1152/587 591/1153/591 588/1154/588
f 591/1153/591 587/1152/587 593/1155/593
f 593/1155/593 585/968/585 591/1153/591
f 585/968/585 593/1155/593 560/971/560
f 820/1156/820 821/1157/821 822/1158/822
f 821/1157/821 820/1156/820 823/1159/823
f 824/1160/824 823/1159/823 820/1156/820
f 824/1160/824 825/1161/825 823/1159/823
f 825/1161/825 824/1160/824 826/1162/826
f 827/1163/827 665/1164/665 664/918/664
f 664/918/664 663/917/663 827/1163/827
f 663/917/663 828/1165/828 827/1163/827
f 828/1165/828 663/917/663 660/914/660
f 660/914/660 476/715/476 828/1165/828
f 822/1158/822 828/1165/828 476/715/476
f 477/716/477 822/1158/822 476/715/476
f 822/1158/822 477/716/477 820/1156/820
f 477/716/477 576/825/576 820/1156/820
f 575/824/575 820/1156/820 576/825/576
f 820/1156/820 575/824/575 824/1160/824
f 824/1160/824 575/824/575 686/1166/686
f 686/1166/686 826/1162/826 824/1160/824
f 826/1162/826 686/1166/686 685/1167/685
f 683/1168/683 826/1162/826 685/1167/685
f 826/1162/826 683/1168/683 825/1161/825
f 671/1169/671 825/1161/825 683/1168/683
f 825/1161/825 671/1169/671 823/1159/823
f 665/1164/665 827/1163/827 828/1165/828
f 821/1157/821 665/1164/665 828/1165/828
f 828/1165/828 822/1158/822 821/1157/821
f 665/1164/665 821/1157/821 674/1170/674
f 671/1169/671 829/1171/829 823/1159/823
f 829/1171/829 821/1157/821 823/1159/823
f 821/1157/821 829/1171/829 830/1172/830
f 830/1172/830 674/1170/674 821/1157/821
f 674/1170/674 830/1172/830 673/1173/673
f 830/1172/830 672/1174/672 673/1173/673
f 672/1174/672 830/1172/830 829/1171/829
f 829/1171/829 671/1169/671 672/1174/672
f 902/1175/831 891/1176/832 901/1177/833
f 886/1178/834 880/1179/835 879/1180/836
f 832/1181/837 839/1182/838 835/1183/839
f 863/1184/840 861/1185/841 862/1186/842
f 842/1187/843 840/1188/844 841/1189/845
f 904/1190/846 871/1191/847 881/1192/848
f 962/1193/849 865/1194/850 852/1195/851
f 900/1196/852 910/1197/853 909/1198/854
f 864/1199/855 865/1194/850 866/1200/856
f 850/1201/857 843/1202/858 842/1187/843
f 835/1183/839 834/1203/859 832/1181/837
f 895/1204/860 911/1205/861 896/1206/862
f 910/1197/853 912/1207/863 913/1208/864
f 885/1209/865 876/1210/866 880/1179/835
f 879/1211/836 939/1212/867 889/1213/868
f 976/1214/869 906/1215/870 908/1216/871
f 898/1217/872 944/1218/873 978/1219/874
f 851/1220/875 853/1221/876 852/1195/851
f 915/1222/877 916/1223/878 909/1198/854
f 958/1224/879 960/1225/880 963/1226/881
f 951/1227/882 946/1228/883 947/1229/884
f 883/1230/885 880/1179/835 884/1231/886
f 919/1232/887 918/1233/888 917/1234/889
f 888/1235/890 885/1209/865 883/1230/885
f 901/1177/833 894/1236/891 898/1217/872
f 992/1237/892 836/1238/893 995/1239/894
f 831/1240/895 832/1181/837 833/1241/896
f 832/1181/837 834/1203/859 833/1241/896
f 933/1242/897 936/1243/898 932/1244/899
f 990/1245/900 834/1203/859 991/1246/901
f 834/1203/859 990/1245/900 833/1241/896
f 833/1241/896 990/1245/900 1004/1247/902
f 833/1241/896 1004/1247/902 1006/1248/903
f 938/1249/904 926/1250/905 937/1251/906
f 943/1252/907 916/1223/878 938/1249/904
f 839/1182/838 838/1253/908 835/1183/839
f 845/1254/909 843/1202/858 844/1255/910
f 912/1207/863 894/1236/891 911/1256/861
f 976/1214/869 950/1257/911 907/1258/912
f 846/1259/913 847/1260/914 845/1254/909
f 848/1261/915 847/1260/914 846/1259/913
f 855/1262/916 846/1259/913 857/1263/917
f 874/1264/918 863/1184/840 873/1265/919
f 905/1266/920 870/1267/921 871/1191/847
f 872/1268/922 875/1269/923 876/1210/866
f 848/1261/915 846/1259/913 851/1220/875
f 949/1270/924 946/1228/883 945/1271/925
f 855/1262/916 854/1272/926 851/1220/875
f 867/1273/927 854/1272/926 869/1274/928
f 857/1263/917 858/1275/929 856/1276/930
f 858/1275/929 857/1263/917 846/1259/913
f 858/1275/929 844/1255/910 859/1277/931
f 873/1265/919 875/1269/923 874/1264/918
f 907/1258/912 954/1278/932 958/1224/879
f 856/1276/930 859/1277/931 854/1272/926
f 858/1275/929 859/1277/931 856/1276/930
f 867/1273/927 868/1279/933 853/1221/876
f 864/1199/855 960/1225/880 961/1280/934
f 935/1281/935 922/1282/936 923/1283/937
f 879/1180/836 876/1210/866 878/1284/938
f 876/1210/866 879/1180/836 880/1179/835
f 878/1284/938 875/1269/923 877/1285/939
f 967/1286/940 955/1287/941 956/1288/942
f 995/1239/894 837/1289/943 996/1290/944
f 884/1231/886 886/1178/834 887/1291/945
f 884/1231/886 887/1291/945 883/1230/885
f 883/1230/885 887/1291/945 888/1235/890
f 845/1254/909 996/1290/944 837/1289/943
f 889/1292/868 890/1293/946 885/1209/865
f 891/1176/832 885/1209/865 890/1293/946
f 890/1293/946 892/1294/947 891/1176/832
f 892/1294/947 890/1293/946 893/1295/948
f 894/1236/891 895/1296/860 896/1297/862
f 895/1296/860 894/1236/891 891/1176/832
f 895/1296/860 891/1176/832 897/1298/949
f 891/1176/832 892/1299/947 897/1298/949
f 932/1244/899 909/1198/854 914/1300/950
f 907/1258/912 867/1273/927 906/1215/870
f 902/1175/831 903/1301/951 876/1210/866
f 904/1190/846 881/1192/848 903/1301/951
f 928/1302/952 924/1303/953 921/1304/954
f 906/1215/870 869/1274/928 905/1266/920
f 869/1274/928 906/1215/870 867/1273/927
f 914/1300/950 933/1242/897 932/1244/899
f 905/1266/920 904/1190/846 902/1175/831
f 903/1301/951 902/1175/831 904/1190/846
f 905/1266/920 908/1216/871 906/1215/870
f 908/1216/871 905/1266/920 902/1175/831
f 901/1177/833 908/1216/871 902/1175/831
f 898/1217/872 899/1305/955 900/1196/852
f 894/1236/891 896/1306/862 911/1256/861
f 941/1307/956 911/1205/861 940/1308/957
f 936/1243/898 929/1309/958 930/1310/959
f 957/1311/960 1005/1312/961 1000/1313/962
f 914/1300/950 909/1198/854 910/1197/853
f 860/1314/963 871/1191/847 870/1267/921
f 921/1304/954 923/1315/937 922/1316/936
f 919/1232/887 921/1304/954 920/1317/964
f 922/1316/936 920/1317/964 921/1304/954
f 940/1308/957 942/1318/965 941/1307/956
f 924/1303/953 925/1319/966 923/1315/937
f 918/1233/888 920/1317/964 926/1250/905
f 921/1304/954 919/1232/887 928/1302/952
f 925/1319/966 924/1303/953 927/1320/967
f 929/1309/958 925/1319/966 927/1320/967
f 919/1232/887 930/1310/959 928/1302/952
f 930/1310/959 919/1232/887 931/1321/968
f 837/1289/943 840/1188/844 843/1202/858
f 915/1222/877 932/1244/899 931/1321/968
f 877/1322/939 953/1323/969 878/1324/938
f 925/1319/966 929/1309/958 935/1325/935
f 931/1321/968 936/1243/898 930/1310/959
f 936/1243/898 931/1321/968 932/1244/899
f 938/1249/904 917/1234/889 918/1233/888
f 920/1317/964 922/1316/936 933/1326/897
f 933/1326/897 926/1250/905 920/1317/964
f 926/1250/905 933/1326/897 934/1327/970
f 886/1328/834 888/1329/890 887/1330/945
f 879/1211/836 888/1329/890 886/1328/834
f 888/1329/890 879/1211/836 889/1213/868
f 859/1277/931 869/1274/928 854/1272/926
f 913/1331/864 912/1332/863 941/1307/956
f 876/1210/866 881/1192/848 872/1268/922
f 942/1318/965 938/1249/904 937/1251/906
f 938/1249/904 942/1318/965 943/1252/907
f 858/1275/929 845/1254/909 844/1255/910
f 955/1287/941 960/1225/880 959/1333/971
f 872/1268/922 871/1191/847 861/1185/841
f 941/1307/956 937/1251/906 913/1331/864
f 939/1212/867 947/1229/884 946/1228/883
f 947/1229/884 939/1212/867 878/1324/938
f 940/1308/957 949/1270/924 948/1334/972
f 949/1270/924 940/1308/957 939/1212/867
f 945/1271/925 950/1257/911 949/1270/924
f 950/1257/911 945/1271/925 951/1227/882
f 952/1335/973 950/1257/911 951/1227/882
f 950/1257/911 952/1335/973 953/1323/969
f 951/1227/882 947/1229/884 952/1335/973
f 878/1324/938 952/1335/973 947/1229/884
f 952/1335/973 878/1324/938 953/1323/969
f 930/1310/959 927/1320/967 928/1302/952
f 953/1323/969 873/1336/919 863/1337/840
f 863/1337/840 950/1257/911 953/1323/969
f 950/1257/911 863/1337/840 862/1338/842
f 940/1308/957 889/1213/868 939/1212/867
f 849/1339/974 950/1257/911 862/1338/842
f 865/1194/850 851/1220/875 852/1195/851
f 831/1340/895 957/1311/960 841/1341/845
f 958/1224/879 882/1342/975 907/1258/912
f 954/1278/932 959/1333/971 958/1224/879
f 955/1287/941 959/1333/971 954/1278/932
f 855/1262/916 856/1276/930 854/1272/926
f 957/1311/960 842/1343/843 841/1341/845
f 960/1225/880 962/1193/849 963/1226/881
f 963/1226/881 962/1193/849 868/1279/933
f 868/1279/933 964/1344/976 963/1226/881
f 964/1344/976 868/1279/933 882/1342/975
f 964/1344/976 882/1342/975 958/1224/879
f 964/1344/976 958/1224/879 963/1226/881
f 956/1288/942 850/1345/857 842/1343/843
f 957/1311/960 831/1340/895 965/1346/977
f 833/1347/896 965/1346/977 831/1340/895
f 833/1347/896 1006/1348/903 965/1346/977
f 1006/1348/903 1005/1312/961 965/1346/977
f 850/1345/857 954/1278/932 849/1339/974
f 966/1349/978 967/1286/940 956/1288/942
f 967/1286/940 1011/1350/979 961/1280/934
f 961/1280/934 1011/1350/979 864/1199/855
f 962/1193/849 960/1225/880 866/1200/856
f 967/1286/940 966/1349/978 1011/1350/979
f 968/1351/980 969/1352/981 970/1353/982
f 1013/1354/983 968/1351/980 970/1353/982
f 1013/1354/983 971/1355/984 968/1351/980
f 968/1351/980 971/1355/984 969/1356/981
f 972/1357/985 973/1358/986 997/1359/987
f 973/1358/986 1001/1360/988 997/1359/987
f 973/1358/986 999/1361/989 1001/1360/988
f 972/1362/985 999/1361/989 973/1358/986
f 1168/1363/990 974/1364/991 1167/1365/992
f 1168/1363/990 975/1366/993 974/1364/991
f 975/1366/993 1165/1367/994 974/1364/991
f 974/1364/991 1165/1367/994 1167/1368/992
f 923/1283/937 925/1369/966 935/1281/935
f 1092/1370/995 1084/1371/996 1083/1372/997
f 893/1373/948 897/1374/949 892/1375/947
f 897/1374/949 893/1373/948 890/1376/946
f 889/1213/868 897/1374/949 890/1376/946
f 911/1205/861 897/1374/949 889/1213/868
f 900/1196/852 916/1223/878 944/1218/873
f 852/1195/851 868/1279/933 962/1193/849
f 976/1214/869 948/1334/972 949/1270/924
f 948/1334/972 976/1214/869 977/1377/998
f 977/1377/998 942/1318/965 948/1334/972
f 942/1318/965 977/1377/998 943/1252/907
f 978/1219/874 943/1252/907 977/1377/998
f 944/1218/873 943/1252/907 978/1219/874
f 917/1234/889 931/1321/968 919/1232/887
f 978/1219/874 901/1177/833 898/1217/872
f 901/1177/833 978/1219/874 977/1377/998
f 908/1216/871 901/1177/833 977/1377/998
f 977/1377/998 976/1214/869 908/1216/871
f 937/1251/906 934/1327/970 913/1331/864
f 849/1378/974 861/1185/841 860/1314/963
f 1092/1370/995 979/1379/999 1087/1380/1000
f 1075/1381/1001 980/1382/1002 981/1383/1003
f 980/1382/1002 1075/1381/1001 1076/1384/1004
f 1053/1385/1005 980/1382/1002 1076/1384/1004
f 982/1386/1006 980/1382/1002 1053/1385/1005
f 1054/1387/1007 980/1382/1002 982/1386/1006
f 980/1382/1002 1054/1387/1007 983/1388/1008
f 984/1389/1009 985/1390/1010 986/1391/1011
f 985/1390/1010 984/1389/1009 1007/1392/1012
f 984/1389/1009 987/1393/1013 1007/1392/1012
f 987/1393/1013 984/1389/1009 986/1394/1011
f 991/1246/901 838/1253/908 992/1237/892
f 841/1189/845 839/1182/838 831/1395/895
f 966/1349/978 957/1311/960 1000/1313/962
f 849/1378/974 844/1255/910 850/1201/857
f 840/1188/844 838/1253/908 839/1182/838
f 913/1208/864 914/1300/950 910/1197/853
f 860/1314/963 859/1277/931 844/1255/910
f 1182/1396/1014 1174/1397/1015 988/1398/1016
f 988/1398/1016 1174/1397/1015 1173/1399/1017
f 989/1400/1018 988/1398/1016 1173/1399/1017
f 989/1400/1018 1182/1401/1014 988/1398/1016
f 990/1402/900 991/1403/901 992/1404/892
f 993/1405/1019 990/1402/900 992/1404/892
f 992/1404/892 994/1406/1020 993/1405/1019
f 994/1406/1020 992/1404/892 995/1407/894
f 996/1408/944 994/1406/1020 995/1407/894
f 994/1406/1020 996/1408/944 847/1409/914
f 847/1409/914 997/1410/987 994/1406/1020
f 998/1411/1021 997/1410/987 847/1409/914
f 998/1411/1021 972/1412/985 997/1410/987
f 998/1411/1021 999/1413/989 972/1412/985
f 998/1411/1021 966/1414/978 999/1413/989
f 999/1413/989 966/1414/978 1000/1415/962
f 1001/1416/988 999/1413/989 1000/1415/962
f 1002/1417/1022 1001/1416/988 1000/1415/962
f 1002/1417/1022 994/1406/1020 1001/1416/988
f 1003/1418/1023 994/1406/1020 1002/1417/1022
f 994/1406/1020 1003/1418/1023 993/1405/1019
f 1003/1418/1023 990/1402/900 993/1405/1019
f 1004/1419/902 990/1402/900 1003/1418/1023
f 1003/1418/1023 1005/1420/961 1004/1419/902
f 1006/1421/903 1004/1419/902 1005/1420/961
f 1000/1415/962 1003/1418/1023 1002/1417/1022
f 1003/1418/1023 1000/1415/962 1005/1420/961
f 994/1406/1020 997/1410/987 1001/1416/988
f 1007/1422/1012 847/1409/914 985/1423/1010
f 848/1424/915 985/1423/1010 847/1409/914
f 986/1425/1011 985/1423/1010 848/1424/915
f 1008/1426/1024 986/1425/1011 848/1424/915
f 1009/1427/1025 986/1428/1011 1008/1429/1024
f 986/1428/1011 1009/1427/1025 1010/1430/1026
f 864/1431/855 1010/1430/1026 1009/1427/1025
f 1010/1430/1026 864/1431/855 1011/1432/979
f 987/1433/1013 1010/1430/1026 1011/1432/979
f 987/1433/1013 1011/1432/979 1007/1422/1012
f 1007/1422/1012 1011/1432/979 1012/1434/1027
f 1012/1434/1027 847/1409/914 1007/1422/1012
f 971/1435/984 847/1409/914 1012/1434/1027
f 847/1409/914 971/1435/984 1013/1436/983
f 998/1411/1021 847/1409/914 1013/1436/983
f 998/1411/1021 1013/1436/983 966/1414/978
f 1013/1436/983 970/1437/982 966/1414/978
f 970/1437/982 1011/1432/979 966/1414/978
f 1012/1434/1027 1011/1432/979 970/1437/982
f 969/1438/981 1012/1434/1027 970/1437/982
f 969/1438/981 971/1435/984 1012/1434/1027
f 986/1428/1011 1010/1430/1026 987/1433/1013
f 1009/1427/1025 848/1439/915 864/1431/855
f 848/1439/915 1009/1427/1025 1008/1440/1024
f 1014/1441/1028 1015/1442/1029 1016/1443/1030
f 1017/1444/1031 1014/1441/1028 1016/1443/1030
f 1016/1443/1030 1018/1445/1032 1017/1444/1031
f 1018/1445/1032 1019/1446/1033 1017/1444/1031
f 1019/1446/1033 1018/1445/1032 1020/1447/1034
f 1020/1447/1034 1021/1448/1035 1019/1446/1033
f 1021/1448/1035 1020/1447/1034 1022/1449/1036
f 1022/1449/1036 1023/1450/1037 1021/1448/1035
f 1023/1450/1037 1022/1449/1036 1024/1451/1038
f 1022/1449/1036 1025/1452/1039 1024/1451/1038
f 1025/1452/1039 1022/1449/1036 1026/1453/1040
f 1022/1449/1036 1027/1454/1041 1026/1453/1040
f 1027/1454/1041 1022/1449/1036 1020/1447/1034
f 1014/1441/1028 1017/1444/1031 1028/1455/1042
f 1028/1455/1042 1017/1444/1031 1029/1456/1043
f 1029/1456/1043 1017/1444/1031 1019/1446/1033
f 1019/1446/1033 1030/1457/1044 1029/1456/1043
f 1030/1457/1044 1019/1446/1033 1021/1448/1035
f 1031/1458/1045 1030/1457/1044 1021/1448/1035
f 1031/1458/1045 1021/1448/1035 1023/1450/1037
f 1023/1450/1037 1032/1459/1046 1031/1458/1045
f 1032/1459/1046 1023/1450/1037 1033/1460/1047
f 1033/1460/1047 1023/1450/1037 1024/1451/1038
f 1034/1461/1048 1033/1460/1047 1024/1451/1038
f 1024/1451/1038 1035/1462/1049 1034/1461/1048
f 1035/1462/1049 1024/1451/1038 1025/1452/1039
f 1025/1452/1039 1036/1463/1050 1035/1462/1049
f 1036/1463/1050 1025/1452/1039 1037/1464/1051
f 1038/1465/1052 1036/1463/1050 1037/1464/1051
f 1037/1464/1051 1039/1466/1053 1038/1465/1052
f 1039/1466/1053 1040/1467/1054 1038/1465/1052
f 1036/1463/1050 1038/1465/1052 1040/1467/1054
f 1041/1468/1055 1031/1458/1045 1032/1459/1046
f 1040/1467/1054 1039/1466/1053 1042/1469/1056
f 1039/1466/1053 1043/1470/1057 1042/1469/1056
f 1043/1470/1057 1039/1466/1053 1044/1471/1058
f 1044/1471/1058 1045/1472/1059 1043/1470/1057
f 1045/1472/1059 1044/1471/1058 1046/1473/1060
f 1047/1474/1061 1045/1472/1059 1046/1473/1060
f 1048/1475/1062 1049/1476/1063 1039/1466/1053
f 1050/1477/1064 1039/1466/1053 1049/1476/1063
f 1039/1466/1053 1050/1477/1064 1044/1471/1058
f 1050/1477/1064 1051/1478/1065 1044/1471/1058
f 1052/1479/1066 1044/1471/1058 1051/1478/1065
f 1044/1471/1058 1052/1479/1066 1046/1473/1060
f 1047/1480/1061 1046/1473/1060 1052/1479/1066
f 1050/1477/1064 982/1481/1006 1053/1482/1005
f 1053/1482/1005 1051/1478/1065 1050/1477/1064
f 1054/1483/1007 1055/1484/1067 983/1485/1008
f 982/1481/1006 1055/1484/1067 1054/1483/1007
f 1055/1484/1067 982/1481/1006 1056/1486/1068
f 982/1481/1006 1050/1477/1064 1056/1486/1068
f 1050/1477/1064 1057/1487/1069 1056/1486/1068
f 1049/1476/1063 1057/1487/1069 1050/1477/1064
f 1058/1488/1070 1057/1487/1069 1049/1476/1063
f 1059/1489/1071 1058/1488/1070 1049/1476/1063
f 1058/1488/1070 1059/1489/1071 1060/1490/1072
f 1061/1491/1073 1060/1490/1072 1059/1489/1071
f 1060/1490/1072 1061/1491/1073 1062/1492/1074
f 1062/1492/1074 1063/1493/1075 1060/1490/1072
f 1064/1494/1076 1063/1493/1075 1062/1492/1074
f 1063/1493/1075 1064/1494/1076 1065/1495/1077
f 1064/1494/1076 1066/1496/1078 1065/1495/1077
f 1067/1497/1079 1065/1495/1077 1066/1496/1078
f 1066/1496/1078 1068/1498/1080 1067/1497/1079
f 1069/1499/1081 1067/1497/1079 1068/1498/1080
f 1070/1500/1082 1057/1487/1069 1058/1488/1070
f 1065/1495/1077 1067/1497/1079 1071/1501/1083
f 1071/1501/1083 1063/1493/1075 1065/1495/1077
f 1070/1500/1082 1072/1502/1084 1073/1503/1085
f 1057/1487/1069 1070/1500/1082 1073/1503/1085
f 1073/1503/1085 1074/1504/1086 1057/1487/1069
f 1056/1486/1068 983/1485/1008 1055/1484/1067
f 983/1485/1008 1056/1486/1068 1057/1487/1069
f 980/1505/1002 983/1485/1008 1057/1487/1069
f 1074/1504/1086 980/1505/1002 1057/1487/1069
f 980/1505/1002 1074/1504/1086 981/1506/1003
f 1074/1504/1086 1075/1507/1001 981/1506/1003
f 1074/1504/1086 1073/1503/1085 1075/1507/1001
f 1076/1508/1004 1075/1507/1001 1073/1503/1085
f 1073/1503/1085 1077/1509/1087 1076/1508/1004
f 1077/1509/1087 1073/1503/1085 1072/1502/1084
f 1072/1502/1084 1078/1510/1088 1077/1509/1087
f 1078/1510/1088 1072/1502/1084 1079/1511/1089
f 1069/1499/1081 1078/1510/1088 1079/1511/1089
f 1067/1497/1079 1069/1499/1081 1079/1511/1089
f 1072/1502/1084 1067/1497/1079 1079/1511/1089
f 1067/1497/1079 1072/1502/1084 1071/1501/1083
f 1072/1502/1084 1070/1500/1082 1071/1501/1083
f 1063/1493/1075 1071/1501/1083 1070/1500/1082
f 1058/1488/1070 1063/1493/1075 1070/1500/1082
f 1063/1493/1075 1058/1488/1070 1060/1490/1072
f 1078/1510/1088 1069/1499/1081 1080/1512/1090
f 1069/1499/1081 1081/1513/1091 1080/1512/1090
f 1068/1498/1080 1082/1514/1092 1069/1499/1081
f 1081/1513/1091 1069/1499/1081 1082/1514/1092
f 1083/1515/997 1081/1513/1091 1082/1514/1092
f 1081/1513/1091 1083/1515/997 1084/1516/996
f 1085/1517/1093 1083/1515/997 1082/1514/1092
f 1082/1514/1092 1068/1498/1080 1085/1517/1093
f 1086/1518/1094 1085/1517/1093 1068/1498/1080
f 1068/1498/1080 1066/1496/1078 1086/1518/1094
f 1087/1519/1000 1088/1520/1095 1084/1521/996
f 1088/1520/1095 1087/1519/1000 1089/1522/1096
f 1090/1523/1097 1088/1520/1095 1089/1522/1096
f 1089/1522/1096 979/1524/999 1090/1523/1097
f 979/1524/999 1091/1525/1098 1090/1523/1097
f 1091/1525/1098 979/1524/999 1092/1526/995
f 1092/1526/995 1093/1527/1099 1091/1525/1098
f 1093/1527/1099 1092/1526/995 1083/1515/997
f 1083/1515/997 1085/1517/1093 1093/1527/1099
f 1094/1528/1100 1093/1527/1099 1085/1517/1093
f 1085/1517/1093 1086/1518/1094 1094/1528/1100
f 1095/1529/1101 1094/1528/1100 1086/1518/1094
f 1066/1496/1078 1095/1529/1101 1086/1518/1094
f 1095/1529/1101 1066/1496/1078 1096/1530/1102
f 1066/1496/1078 1064/1494/1076 1096/1530/1102
f 1097/1531/1103 1096/1530/1102 1064/1494/1076
f 1062/1492/1074 1097/1531/1103 1064/1494/1076
f 1097/1531/1103 1062/1492/1074 1098/1532/1104
f 1061/1491/1073 1098/1532/1104 1062/1492/1074
f 1098/1532/1104 1061/1491/1073 1099/1533/1105
f 1100/1534/1106 1099/1533/1105 1061/1491/1073
f 979/1524/999 1089/1522/1096 1087/1519/1000
f 1101/1535/1107 1099/1533/1105 1102/1536/1108
f 1099/1533/1105 1101/1535/1107 1098/1532/1104
f 1103/1537/1109 1098/1532/1104 1101/1535/1107
f 1098/1532/1104 1103/1537/1109 1097/1531/1103
f 1103/1537/1109 1104/1538/1110 1097/1531/1103
f 1096/1530/1102 1097/1531/1103 1104/1538/1110
f 1105/1539/1111 1096/1530/1102 1104/1538/1110
f 1096/1530/1102 1105/1539/1111 1095/1529/1101
f 1105/1539/1111 1106/1540/1112 1095/1529/1101
f 1094/1528/1100 1095/1529/1101 1106/1540/1112
f 1106/1540/1112 1107/1541/1113 1094/1528/1100
f 1088/1520/1095 1094/1528/1100 1107/1541/1113
f 1094/1528/1100 1088/1520/1095 1108/1542/1114
f 1088/1520/1095 1090/1523/1097 1108/1542/1114
f 1091/1525/1098 1108/1542/1114 1090/1523/1097
f 1108/1542/1114 1091/1525/1098 1093/1527/1099
f 1093/1527/1099 1094/1528/1100 1108/1542/1114
f 1106/1540/1112 1105/1539/1111 1107/1541/1113
f 1052/1543/1066 1045/1544/1059 1047/1545/1061
f 1052/1543/1066 1043/1546/1057 1045/1544/1059
f 1043/1546/1057 1052/1543/1066 1051/1547/1065
f 1053/1385/1005 1043/1546/1057 1051/1547/1065
f 1102/1536/1108 1043/1546/1057 1053/1385/1005
f 1076/1384/1004 1102/1536/1108 1053/1385/1005
f 1102/1536/1108 1076/1384/1004 1101/1535/1107
f 1077/1548/1087 1101/1535/1107 1076/1384/1004
f 1101/1535/1107 1077/1548/1087 1103/1537/1109
f 1077/1548/1087 1109/1549/1115 1103/1537/1109
f 1104/1538/1110 1103/1537/1109 1109/1549/1115
f 1104/1538/1110 1109/1549/1115 1078/1550/1088
f 1078/1550/1088 1105/1539/1111 1104/1538/1110
f 1105/1539/1111 1078/1550/1088 1080/1551/1090
f 1081/1552/1091 1105/1539/1111 1080/1551/1090
f 1105/1539/1111 1081/1552/1091 1107/1541/1113
f 1084/1521/996 1107/1541/1113 1081/1552/1091
f 1107/1541/1113 1084/1521/996 1088/1520/1095
f 1109/1549/1115 1077/1548/1087 1078/1550/1088
f 1043/1546/1057 1102/1536/1108 1042/1553/1056
f 1102/1536/1108 1110/1554/1116 1042/1553/1056
f 1111/1555/1117 1042/1553/1056 1110/1554/1116
f 1110/1554/1116 1112/1556/1118 1111/1555/1117
f 1099/1533/1105 1100/1534/1106 1113/1557/1119
f 1113/1557/1119 1114/1558/1120 1099/1533/1105
f 1114/1558/1120 1102/1536/1108 1099/1533/1105
f 1102/1536/1108 1114/1558/1120 1115/1559/1121
f 1110/1554/1116 1102/1536/1108 1115/1559/1121
f 1110/1554/1116 1115/1559/1121 1114/1558/1120
f 1112/1556/1118 1110/1554/1116 1114/1558/1120
f 1114/1558/1120 1113/1557/1119 1112/1556/1118
f 1113/1557/1119 1111/1555/1117 1112/1556/1118
f 1111/1555/1117 1113/1557/1119 1116/1560/1122
f 1042/1553/1056 1111/1555/1117 1116/1560/1122
f 1116/1560/1122 1040/1561/1054 1042/1553/1056
f 1040/1561/1054 1116/1560/1122 1036/1562/1050
f 1036/1562/1050 1116/1560/1122 1035/1563/1049
f 1113/1557/1119 1035/1563/1049 1116/1560/1122
f 1035/1563/1049 1113/1557/1119 1034/1564/1048
f 1113/1557/1119 1033/1565/1047 1034/1564/1048
f 1033/1565/1047 1113/1557/1119 1117/1566/1123
f 1100/1534/1106 1117/1566/1123 1113/1557/1119
f 1100/1534/1106 1118/1567/1124 1117/1566/1123
f 1039/1466/1053 1037/1464/1051 1025/1452/1039
f 1026/1453/1040 1039/1466/1053 1025/1452/1039
f 1039/1466/1053 1026/1453/1040 1048/1475/1062
f 1048/1475/1062 1026/1453/1040 1027/1454/1041
f 1049/1476/1063 1048/1475/1062 1027/1454/1041
f 1049/1476/1063 1027/1454/1041 1020/1447/1034
f 1020/1447/1034 1059/1489/1071 1049/1476/1063
f 1059/1489/1071 1020/1447/1034 1018/1445/1032
f 1018/1445/1032 1061/1491/1073 1059/1489/1071
f 1061/1491/1073 1018/1445/1032 1100/1534/1106
f 1018/1445/1032 1016/1443/1030 1100/1534/1106
f 1100/1534/1106 1016/1443/1030 1118/1567/1124
f 1118/1567/1124 1016/1443/1030 1015/1442/1029
f 1119/1568/1125 1118/1567/1124 1015/1442/1029
f 1015/1442/1029 1014/1441/1028 1119/1568/1125
f 1014/1441/1028 1120/1569/1126 1119/1568/1125
f 1120/1569/1126 1121/1570/1127 1119/1568/1125
f 1121/1570/1127 1118/1567/1124 1119/1568/1125
f 1122/1571/1128 1033/1565/1047 1117/1566/1123
f 1117/1566/1123 1118/1567/1124 1122/1571/1128
f 1118/1567/1124 1123/1572/1129 1122/1571/1128
f 1118/1567/1124 1121/1570/1127 1123/1572/1129
f 1124/1573/1130 1123/1572/1129 1121/1570/1127
f 1125/1574/1131 1124/1573/1130 1121/1570/1127
f 1124/1573/1130 1125/1574/1131 1126/1575/1132
f 1127/1576/1133 1126/1575/1132 1125/1574/1131
f 1127/1576/1133 1128/1577/1134 1126/1575/1132
f 1128/1577/1134 1127/1576/1133 1129/1578/1135
f 1125/1574/1131 1129/1578/1135 1127/1576/1133
f 1130/1579/1136 1129/1578/1135 1125/1574/1131
f 1121/1570/1127 1130/1579/1136 1125/1574/1131
f 1130/1579/1136 1121/1570/1127 1131/1580/1137
f 1121/1570/1127 1120/1569/1126 1131/1580/1137
f 1132/1581/1138 1131/1580/1137 1120/1569/1126
f 1014/1441/1028 1132/1581/1138 1120/1569/1126
f 1132/1581/1138 1014/1441/1028 1028/1455/1042
f 1123/1572/1129 1124/1573/1130 1122/1571/1128
f 1130/1579/1136 1133/1582/1139 1134/1583/1140
f 1132/1581/1138 1134/1583/1140 1133/1582/1139
f 1131/1580/1137 1132/1581/1138 1133/1582/1139
f 1133/1582/1139 1130/1579/1136 1131/1580/1137
f 1135/1584/1141 1136/1585/1142 1137/1586/1143
f 1136/1585/1142 1138/1587/1144 1137/1586/1143
f 1136/1585/1142 1139/1588/1145 1138/1587/1144
f 1136/1585/1142 1140/1589/1146 1139/1588/1145
f 1140/1589/1146 1136/1585/1142 1141/1590/1147
f 1141/1590/1147 1128/1577/1134 1140/1589/1146
f 1128/1577/1134 1141/1590/1147 1126/1575/1132
f 1142/1591/1148 1126/1575/1132 1141/1590/1147
f 1126/1575/1132 1142/1591/1148 1041/1592/1055
f 1041/1592/1055 1124/1573/1130 1126/1575/1132
f 1124/1573/1130 1041/1592/1055 1032/1593/1046
f 1032/1593/1046 1122/1571/1128 1124/1573/1130
f 1033/1565/1047 1122/1571/1128 1032/1593/1046
f 1135/1584/1141 1141/1590/1147 1136/1585/1142
f 1141/1590/1147 1135/1584/1141 1142/1591/1148
f 1134/1583/1140 1132/1581/1138 1143/1594/1149
f 1028/1455/1042 1143/1594/1149 1132/1581/1138
f 1143/1594/1149 1028/1455/1042 1029/1456/1043
f 1143/1594/1149 1029/1456/1043 1144/1595/1150
f 1144/1595/1150 1029/1456/1043 1145/1596/1151
f 1145/1596/1151 1146/1597/1152 1144/1595/1150
f 1147/1598/1153 1146/1597/1152 1145/1596/1151
f 1146/1597/1152 1147/1598/1153 1148/1599/1154
f 1147/1598/1153 1031/1458/1045 1148/1599/1154
f 1030/1457/1044 1031/1458/1045 1147/1598/1153
f 1145/1596/1151 1030/1457/1044 1147/1598/1153
f 1030/1457/1044 1145/1596/1151 1029/1456/1043
f 1146/1597/1152 1143/1594/1149 1144/1595/1150
f 1143/1594/1149 1146/1597/1152 1148/1599/1154
f 1138/1600/1144 1149/1601/1155 1137/1602/1143
f 1149/1601/1155 1150/1603/1156 1137/1602/1143
f 1137/1602/1143 1150/1603/1156 1151/1604/1157
f 1152/1605/1158 1151/1604/1157 1150/1603/1156
f 1153/1606/1159 1151/1604/1157 1152/1605/1158
f 1152/1605/1158 1154/1607/1160 1153/1606/1159
f 1153/1606/1159 1154/1607/1160 1155/1608/1161
f 1154/1607/1160 1156/1609/1162 1155/1608/1161
f 1156/1609/1162 1135/1610/1141 1155/1608/1161
f 1135/1610/1141 1156/1609/1162 1142/1611/1148
f 1156/1609/1162 1041/1468/1055 1142/1611/1148
f 1041/1468/1055 1156/1609/1162 1157/1612/1163
f 1031/1458/1045 1041/1468/1055 1157/1612/1163
f 1158/1613/1164 1031/1458/1045 1157/1612/1163
f 1031/1458/1045 1158/1613/1164 1148/1599/1154
f 1158/1613/1164 1159/1614/1165 1148/1599/1154
f 1148/1599/1154 1159/1614/1165 1134/1583/1140
f 1143/1594/1149 1148/1599/1154 1134/1583/1140
f 1137/1602/1143 1160/1615/1166 1135/1616/1141
f 1137/1602/1143 1151/1604/1157 1160/1615/1166
f 1151/1604/1157 1153/1606/1159 1160/1615/1166
f 1153/1606/1159 1155/1608/1161 1160/1615/1166
f 1135/1610/1141 1160/1615/1166 1155/1608/1161
f 1154/1607/1160 1152/1605/1158 1161/1617/1167
f 1161/1617/1167 1162/1618/1168 1154/1607/1160
f 1156/1609/1162 1154/1607/1160 1162/1618/1168
f 1162/1618/1168 1157/1612/1163 1156/1609/1162
f 1157/1612/1163 1162/1618/1168 1158/1613/1164
f 1162/1618/1168 1159/1614/1165 1158/1613/1164
f 1159/1614/1165 1162/1618/1168 1163/1619/1169
f 1162/1618/1168 1161/1617/1167 1163/1619/1169
f 1161/1620/1167 1152/1621/1158 1150/1622/1156
f 1140/1623/1146 975/1624/993 1164/1625/1170
f 1140/1623/1146 1165/1626/994 975/1624/993
f 1140/1623/1146 1128/1627/1134 1165/1626/994
f 1165/1626/994 1128/1627/1134 1166/1628/1171
f 1167/1629/992 1165/1626/994 1166/1628/1171
f 1168/1630/990 1167/1629/992 1166/1628/1171
f 1169/1631/1172 1168/1630/990 1166/1628/1171
f 1170/1632/1173 1168/1630/990 1169/1631/1172
f 1159/1633/1165 1170/1632/1173 1169/1631/1172
f 1170/1632/1173 1159/1633/1165 1163/1634/1169
f 1161/1620/1167 1170/1632/1173 1163/1634/1169
f 1170/1632/1173 1161/1620/1167 1171/1635/1174
f 1161/1620/1167 1150/1622/1156 1171/1635/1174
f 1171/1635/1174 1150/1622/1156 1172/1636/1175
f 1172/1636/1175 1150/1622/1156 1149/1637/1155
f 1149/1637/1155 1139/1638/1145 1172/1636/1175
f 1139/1638/1145 1149/1637/1155 1138/1639/1144
f 1172/1636/1175 1170/1632/1173 1171/1635/1174
f 1140/1623/1146 1172/1636/1175 1139/1638/1145
f 1172/1636/1175 1140/1623/1146 1164/1625/1170
f 1170/1632/1173 1172/1636/1175 1164/1625/1170
f 975/1624/993 1170/1632/1173 1164/1625/1170
f 975/1624/993 1168/1630/990 1170/1632/1173
f 1128/1627/1134 989/1640/1018 1173/1641/1017
f 1128/1627/1134 1173/1641/1017 1166/1628/1171
f 1173/1641/1017 1169/1631/1172 1166/1628/1171
f 1173/1641/1017 1174/1642/1015 1169/1631/1172
f 1174/1642/1015 1159/1633/1165 1169/1631/1172
f 1175/1643/1176 1159/1633/1165 1174/1642/1015
f 1176/1644/1177 1159/1633/1165 1175/1643/1176
f 1175/1643/1176 1129/1645/1135 1176/1644/1177
f 1176/1644/1177 1129/1645/1135 1177/1646/1178
f 1129/1645/1135 1178/1647/1179 1177/1646/1178
f 1177/1646/1178 1178/1647/1179 1179/1648/1180
f 1180/1649/1181 1179/1648/1180 1178/1647/1179
f 1179/1648/1180 1180/1649/1181 1181/1650/1182
f 1175/1643/1176 1174/1642/1015 1182/1651/1014
f 989/1640/1018 1175/1643/1176 1182/1651/1014
f 989/1640/1018 1129/1645/1135 1175/1643/1176
f 1128/1627/1134 1129/1645/1135 989/1640/1018
f 1130/1652/1136 1178/1647/1179 1129/1645/1135
f 1178/1647/1179 1130/1652/1136 1180/1649/1181
f 1134/1653/1140 1180/1649/1181 1130/1652/1136
f 1180/1649/1181 1134/1653/1140 1181/1654/1182
f 1134/1655/1140 1179/1656/1180 1181/1657/1182
f 1134/1655/1140 1183/1658/1183 1179/1656/1180
f 1159/1633/1165 1183/1658/1183 1134/1655/1140
f 1183/1658/1183 1159/1633/1165 1176/1644/1177
f 1183/1659/1183 1184/1660/1184 1179/1661/1180
f 1184/1660/1184 1183/1659/1183 1176/1662/1177
f 1177/1663/1178 1184/1660/1184 1176/1662/1177
f 1184/1660/1184 1177/1663/1178 1179/1664/1180
f 1185/1665/1185 1186/1666/1186 1187/1667/1187
f 1187/1667/1187 1188/1668/1188 1185/1665/1185
f 1187/1667/1187 1189/1669/1189 1188/1668/1188
f 1186/1666/1186 1185/1665/1185 1190/1670/1190
f 1190/1670/1190 1191/1671/1191 1186/1666/1186
f 1192/1672/1192 1186/1666/1186 1191/1671/1191
f 1191/1671/1191 1193/1673/1193 1192/1672/1192
f 1194/1674/1194 1192/1672/1192 1193/1673/1193
f 1192/1672/1192 1194/1674/1194 1195/1675/1195
f 1192/1672/1192 1195/1675/1195 1186/1666/1186
f 1196/1676/1196 1186/1666/1186 1195/1675/1195
f 1196/1676/1196 1187/1667/1187 1186/1666/1186
f 1196/1676/1196 1197/1677/1197 1187/1667/1187
f 1189/1669/1189 1187/1667/1187 1197/1677/1197
f 1189/1669/1189 1197/1677/1197 1198/1678/1198
f 1196/1676/1196 1195/1675/1195 1197/1677/1197
f 1191/1671/1191 1190/1670/1190 1199/1679/1199
f 1200/1680/1200 1191/1671/1191 1199/1679/1199
f 1193/1673/1193 1191/1671/1191 1200/1680/1200
f 1201/1681/1201 1193/1673/1193 1200/1680/1200
f 1202/1682/1202 1199/1679/1199 1190/1670/1190
f 1203/1683/1203 1199/1679/1199 1202/1682/1202
f 1203/1683/1203 1204/1684/1204 1199/1679/1199
f 1204/1684/1204 1200/1680/1200 1199/1679/1199
f 1200/1680/1200 1204/1684/1204 1205/1685/1205
f 1205/1685/1205 1206/1686/1206 1200/1680/1200
f 1201/1681/1201 1200/1680/1200 1206/1686/1206
f 1206/1686/1206 1207/1687/1207 1201/1681/1201
f 1207/1687/1207 1208/1688/1208 1201/1681/1201
f 1193/1673/1193 1201/1681/1201 1208/1688/1208
f 1208/1688/1208 1209/1689/1209 1193/1673/1193
f 1194/1674/1194 1193/1673/1193 1209/1689/1209
f 1194/1674/1194 1209/1689/1209 1210/1690/1210
f 1210/1690/1210 1195/1675/1195 1194/1674/1194
f 1195/1675/1195 1210/1690/1210 1211/1691/1211
f 1211/1691/1211 1197/1677/1197 1195/1675/1195
f 1197/1677/1197 1211/1691/1211 1212/1692/1212
f 1212/1692/1212 1198/1678/1198 1197/1677/1197
f 1207/1687/1207 1213/1693/1213 1214/1694/1214
f 1213/1693/1213 1207/1687/1207 1206/1686/1206
f 1209/1689/1209 1215/1695/1215 1216/1696/1216
f 1215/1695/1215 1209/1689/1209 1208/1688/1208
f 1215/1695/1215 1208/1688/1208 1217/1697/1217
f 1207/1698/1207 1217/1697/1217 1208/1688/1208
f 1207/1698/1207 1214/1699/1214 1217/1697/1217
f 1218/1700/1218 1217/1697/1217 1214/1699/1214
f 1218/1700/1218 1219/1701/1219 1217/1697/1217
f 1220/1702/1220 1221/1703/1221 1216/1696/1216
f 1216/1696/1216 1222/1704/1222 1220/1702/1220
f 1216/1696/1216 1215/1695/1215 1222/1704/1222
f 1223/1705/1223 1222/1704/1222 1215/1695/1215
f 1215/1695/1215 1217/1697/1217 1223/1705/1223
f 1224/1706/1224 1223/1705/1223 1217/1697/1217
f 1224/1706/1224 1217/1697/1217 1219/1701/1219
f 1219/1701/1219 1225/1707/1225 1224/1706/1224
f 1226/1708/1226 1224/1706/1224 1225/1707/1225
f 1225/1707/1225 1227/1709/1227 1226/1708/1226
f 1228/1710/1228 1226/1708/1226 1227/1709/1227
f 1227/1709/1227 1229/1711/1229 1228/1710/1228
f 1230/1712/1230 1228/1710/1228 1229/1711/1229
f 1230/1712/1230 1229/1711/1229 1231/1713/1231
f 1230/1712/1230 1231/1713/1231 1232/1714/1232
f 1233/1715/1233 1232/1714/1232 1231/1713/1231
f 1234/1716/1234 1232/1714/1232 1233/1715/1233
f 1233/1715/1233 1235/1717/1235 1234/1716/1234
f 1224/1706/1224 1226/1708/1226 1223/1705/1223
f 1236/1718/1236 1223/1705/1223 1226/1708/1226
f 1226/1708/1226 1228/1710/1228 1236/1718/1236
f 1237/1719/1237 1236/1718/1236 1228/1710/1228
f 1228/1710/1228 1230/1712/1230 1237/1719/1237
f 1238/1720/1238 1237/1719/1237 1230/1712/1230
f 1230/1712/1230 1232/1714/1232 1238/1720/1238
f 1232/1714/1232 1239/1721/1239 1238/1720/1238
f 1239/1721/1239 1232/1714/1232 1240/1722/1240
f 1234/1716/1234 1240/1722/1240 1232/1714/1232
f 1234/1716/1234 1241/1723/1241 1240/1722/1240
f 1234/1716/1234 1242/1724/1242 1241/1723/1241
f 1243/1725/1243 1240/1722/1240 1241/1723/1241
f 1243/1725/1243 1244/1726/1244 1240/1722/1240
f 1245/1727/1245 1240/1722/1240 1244/1726/1244
f 1240/1722/1240 1245/1727/1245 1239/1721/1239
f 1246/1728/1246 1239/1721/1239 1245/1727/1245
f 1246/1728/1246 1247/1729/1247 1239/1721/1239
f 1239/1721/1239 1247/1729/1247 1238/1720/1238
f 1247/1729/1247 1248/1729/1248 1238/1720/1238
f 1237/1719/1237 1238/1720/1238 1248/1729/1248
f 1249/1730/1249 1237/1719/1237 1248/1729/1248
f 1236/1718/1236 1237/1719/1237 1249/1730/1249
f 1249/1730/1249 1243/1725/1243 1236/1718/1236
f 1241/1723/1241 1236/1718/1236 1243/1725/1243
f 1241/1723/1241 1250/1731/1250 1236/1718/1236
f 1223/1705/1223 1236/1718/1236 1250/1731/1250
f 1223/1705/1223 1250/1731/1250 1222/1704/1222
f 1251/1726/1251 1249/1730/1249 1248/1729/1248
f 1251/1726/1251 1244/1726/1244 1249/1730/1249
f 1243/1725/1243 1249/1730/1249 1244/1726/1244
f 1252/1732/1252 1241/1723/1241 1242/1724/1242
f 1252/1732/1252 1253/1733/1253 1241/1723/1241
f 1250/1731/1250 1241/1723/1241 1253/1733/1253
f 1254/1734/1254 1250/1731/1250 1253/1733/1253
f 1254/1734/1254 1222/1704/1222 1250/1731/1250
f 1254/1734/1254 1220/1702/1220 1222/1704/1222
f 1254/1734/1254 1255/1735/1255 1220/1702/1220
f 1256/1736/1256 1220/1702/1220 1255/1735/1255
f 1256/1736/1256 1255/1735/1255 1257/1737/1257
f 1256/1736/1256 1257/1737/1257 1258/1738/1258
f 1259/1739/1259 1258/1738/1258 1257/1737/1257
f 1258/1738/1258 1259/1739/1259 1260/1740/1260
f 1259/1739/1259 1212/1692/1212 1260/1740/1260
f 1260/1740/1260 1212/1692/1212 1211/1691/1211
f 1211/1691/1211 1221/1703/1221 1260/1740/1260
f 1221/1703/1221 1211/1691/1211 1210/1690/1210
f 1210/1690/1210 1216/1696/1216 1221/1703/1221
f 1216/1696/1216 1210/1690/1210 1209/1689/1209
f 1254/1734/1254 1253/1733/1253 1255/1735/1255
f 1220/1702/1220 1256/1736/1256 1221/1703/1221
f 1258/1738/1258 1221/1703/1221 1256/1736/1256
f 1258/1738/1258 1260/1740/1260 1221/1703/1221
f 1212/1692/1212 1259/1739/1259 1261/1741/1261
f 1262/1742/1262 1261/1741/1261 1259/1739/1259
f 1259/1739/1259 1257/1737/1257 1262/1742/1262
f 1262/1742/1262 1257/1737/1257 1263/1743/1263
f 1264/1744/1264 1265/1745/1265 1266/1746/1266
f 1266/1746/1266 1267/1747/1267 1264/1744/1264
f 1266/1746/1266 1263/1743/1263 1267/1747/1267
f 1268/1748/1268 1267/1747/1267 1263/1743/1263
f 1268/1748/1268 1263/1743/1263 1257/1737/1257
f 1268/1748/1268 1257/1737/1257 1255/1735/1255
f 1267/1747/1267 1268/1748/1268 1255/1735/1255
f 1267/1747/1267 1255/1735/1255 1253/1733/1253
f 1253/1733/1253 1269/1749/1269 1267/1747/1267
f 1253/1733/1253 1252/1732/1252 1269/1749/1269
f 1270/1750/1270 1269/1749/1269 1252/1732/1252
f 1269/1749/1269 1270/1750/1270 1264/1744/1264
f 1269/1749/1269 1264/1744/1264 1267/1747/1267
f 1198/1678/1198 1212/1692/1212 1271/1751/1271
f 1261/1741/1261 1271/1751/1271 1212/1692/1212
f 1261/1741/1261 1272/1752/1272 1271/1751/1271
f 1261/1741/1261 1262/1742/1262 1272/1752/1272
f 1273/1753/1273 1272/1752/1272 1262/1742/1262
f 1263/1743/1263 1273/1753/1273 1262/1742/1262
f 1274/1754/1274 1273/1753/1273 1263/1743/1263
f 1263/1743/1263 1266/1746/1266 1274/1754/1274
f 1275/1755/1275 1274/1754/1274 1266/1746/1266
f 1275/1755/1275 1266/1746/1266 1265/1745/1265
f 1265/1745/1265 1276/1756/1276 1275/1755/1275
f 1276/1756/1276 1265/1745/1265 1277/1757/1277
f 1265/1745/1265 1264/1744/1264 1277/1757/1277
f 1278/1758/1278 1277/1757/1277 1264/1744/1264
f 1278/1758/1278 1264/1744/1264 1270/1750/1270
f 1270/1750/1270 1279/1759/1279 1278/1758/1278
f 1270/1750/1270 1242/1724/1242 1279/1759/1279
f 1252/1732/1252 1242/1724/1242 1270/1750/1270
f 1279/1759/1279 1280/1760/1280 1278/1758/1278
f 1277/1757/1277 1278/1758/1278 1280/1760/1280
f 1281/1761/1281 1272/1752/1272 1273/1753/1273
f 1273/1753/1273 1282/1762/1282 1281/1761/1281
f 1282/1762/1282 1273/1753/1273 1283/1763/1283
f 1273/1753/1273 1274/1754/1274 1283/1763/1283
f 1284/1764/1284 1283/1763/1283 1274/1754/1274
f 1284/1764/1284 1274/1754/1274 1285/1765/1285
f 1285/1765/1285 1274/1754/1274 1275/1755/1275
f 1286/1766/1286 1285/1765/1285 1275/1755/1275
f 1286/1766/1286 1275/1755/1275 1276/1756/1276
f 1242/1724/1242 1234/1716/1234 1235/1717/1235
f 1242/1724/1242 1235/1717/1235 1287/1767/1287
f 1287/1767/1287 1279/1759/1279 1242/1724/1242
f 1287/1767/1287 1288/1768/1288 1279/1759/1279
f 1280/1760/1280 1279/1759/1279 1288/1768/1288
f 1280/1760/1280 1288/1768/1288 1289/1769/1289
f 1280/1760/1280 1289/1769/1289 1277/1757/1277
f 1289/1769/1289 1290/1770/1290 1277/1757/1277
f 1276/1756/1276 1277/1757/1277 1290/1770/1290
f 1290/1770/1290 1291/1771/1291 1276/1756/1276
f 1286/1766/1286 1276/1756/1276 1291/1771/1291
f 1291/1771/1291 1292/1772/1292 1286/1766/1286
f 1285/1765/1285 1286/1766/1286 1292/1772/1292
f 1292/1772/1292 1293/1773/1293 1285/1765/1285
f 1284/1764/1284 1285/1765/1285 1293/1773/1293
f 1293/1773/1293 1294/1774/1294 1284/1764/1284
f 1283/1763/1283 1284/1764/1284 1294/1774/1294
f 1294/1774/1294 1295/1775/1295 1283/1763/1283
f 1290/1770/1290 1289/1769/1289 1296/1776/1296
f 1297/1777/1297 1296/1776/1296 1289/1769/1289
f 1297/1777/1297 1289/1769/1289 1288/1768/1288
f 1298/1778/1298 1299/1779/1299 1300/1780/1300
f 1301/1781/1301 1300/1780/1300 1299/1779/1299
f 1301/1781/1301 1302/1782/1302 1300/1780/1300
f 1301/1781/1301 1303/1783/1303 1302/1782/1302
f 1303/1783/1303 1304/1784/1304 1302/1782/1302
f 1304/1784/1304 1303/1783/1303 1295/1775/1295
f 1295/1775/1295 1294/1774/1294 1304/1784/1304
f 1305/1785/1305 1304/1784/1304 1294/1774/1294
f 1294/1774/1294 1293/1773/1293 1305/1785/1305
f 1305/1785/1305 1293/1773/1293 1306/1786/1306
f 1292/1772/1292 1306/1786/1306 1293/1773/1293
f 1306/1786/1306 1292/1772/1292 1307/1787/1307
f 1291/1771/1291 1307/1787/1307 1292/1772/1292
f 1291/1771/1291 1290/1770/1290 1307/1787/1307
f 1308/1788/1308 1307/1787/1307 1290/1770/1290
f 1290/1770/1290 1296/1776/1296 1308/1788/1308
f 1251/1789/1251 1308/1788/1308 1296/1776/1296
f 1251/1789/1251 1296/1776/1296 1244/1790/1244
f 1308/1788/1308 1309/1791/1309 1307/1787/1307
f 1309/1791/1309 1308/1788/1308 1310/1792/1310
f 1251/1789/1251 1310/1792/1310 1308/1788/1308
f 1251/1789/1251 1248/1793/1248 1310/1792/1310
f 1311/1794/1311 1312/1795/1312 1302/1782/1302
f 1313/1796/1313 1302/1782/1302 1312/1795/1312
f 1313/1796/1313 1300/1780/1300 1302/1782/1302
f 1244/1790/1244 1296/1776/1296 1245/1797/1245
f 1297/1777/1297 1245/1797/1245 1296/1776/1296
f 1245/1797/1245 1297/1777/1297 1246/1798/1246
f 1314/1799/1314 1246/1798/1246 1297/1777/1297
f 1246/1798/1246 1314/1799/1314 1247/1800/1247
f 1247/1800/1247 1314/1799/1314 1315/1801/1315
f 1247/1800/1247 1315/1801/1315 1248/1793/1248
f 1316/1802/1316 1248/1793/1248 1315/1801/1315
f 1316/1802/1316 1310/1792/1310 1248/1793/1248
f 1316/1802/1316 1227/1803/1227 1310/1792/1310
f 1225/1804/1225 1310/1792/1310 1227/1803/1227
f 1225/1804/1225 1219/1805/1219 1310/1792/1310
f 1309/1791/1309 1310/1792/1310 1219/1805/1219
f 1309/1791/1309 1219/1805/1219 1317/1806/1317
f 1317/1806/1317 1307/1787/1307 1309/1791/1309
f 1307/1787/1307 1317/1806/1317 1306/1786/1306
f 1318/1807/1318 1306/1786/1306 1317/1806/1317
f 1305/1785/1305 1306/1786/1306 1318/1807/1318
f 1317/1806/1317 1218/1808/1218 1318/1807/1318
f 1218/1808/1218 1317/1806/1317 1219/1805/1219
f 1319/1809/1319 1320/1810/1320 1321/1811/1321
f 1320/1810/1320 1319/1809/1319 1322/1812/1322
f 1322/1812/1322 1314/1799/1314 1320/1810/1320
f 1322/1812/1322 1315/1801/1315 1314/1799/1314
f 1322/1812/1322 1323/1813/1323 1315/1801/1315
f 1229/1814/1229 1315/1801/1315 1323/1813/1323
f 1315/1801/1315 1229/1814/1229 1316/1802/1316
f 1227/1803/1227 1316/1802/1316 1229/1814/1229
f 1324/1815/1324 1325/1816/1325 1319/1809/1319
f 1319/1809/1319 1325/1816/1325 1326/1817/1326
f 1326/1817/1326 1322/1812/1322 1319/1809/1319
f 1322/1812/1322 1326/1817/1326 1323/1813/1323
f 1327/1818/1327 1323/1813/1323 1326/1817/1326
f 1326/1817/1326 1325/1816/1325 1327/1818/1327
f 1206/1819/1206 1205/1820/1205 1328/1821/1328
f 1328/1821/1328 1329/1822/1329 1206/1819/1206
f 1328/1821/1328 1330/1823/1330 1329/1822/1329
f 1318/1807/1318 1329/1822/1329 1330/1823/1330
f 1329/1822/1329 1318/1807/1318 1331/1824/1331
f 1331/1824/1331 1318/1807/1318 1218/1808/1218
f 1218/1808/1218 1214/1825/1214 1331/1824/1331
f 1214/1826/1214 1213/1827/1213 1331/1824/1331
f 1329/1822/1329 1331/1824/1331 1213/1827/1213
f 1213/1827/1213 1206/1819/1206 1329/1822/1329
f 1318/1807/1318 1330/1823/1330 1305/1785/1305
f 1304/1784/1304 1305/1785/1305 1330/1823/1330
f 1330/1823/1330 1302/1782/1302 1304/1784/1304
f 1330/1823/1330 1328/1821/1328 1302/1782/1302
f 1311/1794/1311 1302/1782/1302 1328/1821/1328
f 1311/1794/1311 1328/1821/1328 1205/1820/1205
f 1205/1820/1205 1204/1828/1204 1311/1794/1311
f 1312/1795/1312 1311/1794/1311 1204/1828/1204
f 1312/1795/1312 1204/1828/1204 1332/1829/1332
f 1312/1795/1312 1332/1829/1332 1313/1796/1313
f 1333/1830/1333 1313/1796/1313 1332/1829/1332
f 1313/1796/1313 1333/1830/1333 1300/1780/1300
f 1334/1831/1334 1300/1780/1300 1333/1830/1333
f 1300/1780/1300 1334/1831/1334 1298/1778/1298
f 1335/1832/1335 1298/1778/1298 1334/1831/1334
f 1298/1778/1298 1335/1832/1335 1336/1833/1336
f 1337/1834/1337 1336/1833/1336 1335/1832/1335
f 1337/1834/1337 1335/1832/1335 1338/1835/1338
f 1203/1836/1203 1332/1829/1332 1204/1828/1204
f 1339/1837/1339 1340/1838/1340 1335/1832/1335
f 1334/1831/1334 1339/1837/1339 1335/1832/1335
f 1334/1831/1334 1333/1830/1333 1339/1837/1339
f 1335/1832/1335 1340/1838/1340 1338/1835/1338
f 1340/1838/1340 1341/1839/1341 1338/1835/1338
f 1341/1839/1341 1340/1838/1340 1342/1840/1342
f 1343/1841/1343 1342/1840/1342 1340/1838/1340
f 1340/1838/1340 1339/1837/1339 1343/1841/1343
f 1344/1842/1344 1343/1841/1343 1339/1837/1339
f 1344/1842/1344 1339/1837/1339 1333/1830/1333
f 1333/1830/1333 1332/1829/1332 1344/1842/1344
f 1332/1829/1332 1203/1843/1203 1344/1842/1344
f 1345/1844/1345 1344/1842/1344 1203/1843/1203
f 1343/1841/1343 1344/1842/1344 1345/1844/1345
f 1346/1845/1346 1347/1846/1347 1348/1847/1348
f 1346/1845/1346 1342/1840/1342 1347/1846/1347
f 1342/1840/1342 1346/1845/1346 1349/1848/1349
f 1342/1840/1342 1349/1848/1349 1341/1839/1341
f 1341/1839/1341 1349/1848/1349 1350/1849/1350
f 1338/1835/1338 1341/1839/1341 1350/1849/1350
f 1350/1849/1350 1351/1850/1351 1338/1835/1338
f 1352/1851/1352 1338/1835/1338 1351/1850/1351
f 1352/1851/1352 1351/1850/1351 1353/1852/1353
f 1352/1851/1352 1353/1852/1353 1354/1853/1354
f 1338/1835/1338 1352/1851/1352 1354/1853/1354
f 1354/1853/1354 1355/1854/1355 1338/1835/1338
f 1338/1835/1338 1355/1854/1355 1337/1834/1337
f 1337/1834/1337 1355/1854/1355 1356/1855/1356
f 1336/1833/1336 1337/1834/1337 1356/1855/1356
f 1356/1855/1356 1357/1856/1357 1336/1833/1336
f 1336/1833/1336 1357/1856/1357 1298/1778/1298
f 1299/1779/1299 1298/1778/1298 1357/1856/1357
f 1358/1857/1358 1348/1847/1348 1347/1846/1347
f 1359/1858/1359 1360/1859/1360 1361/1860/1361
f 1362/1861/1362 1361/1860/1361 1360/1859/1360
f 1362/1861/1362 1363/1862/1363 1361/1860/1361
f 1364/1863/1364 1363/1862/1363 1362/1861/1362
f 1364/1863/1364 1353/1852/1353 1363/1862/1363
f 1363/1862/1363 1353/1852/1353 1351/1850/1351
f 1365/1864/1365 1363/1862/1363 1351/1850/1351
f 1351/1850/1351 1350/1849/1350 1365/1864/1365
f 1366/1865/1366 1365/1864/1365 1350/1849/1350
f 1349/1848/1349 1366/1865/1366 1350/1849/1350
f 1366/1865/1366 1349/1848/1349 1346/1845/1346
f 1365/1864/1365 1361/1860/1361 1363/1862/1363
f 1364/1863/1364 1362/1861/1362 1360/1859/1360
f 1360/1859/1360 1367/1866/1367 1364/1863/1364
f 1367/1866/1367 1360/1859/1360 1368/1867/1368
f 1368/1867/1368 1369/1868/1369 1367/1866/1367
f 1345/1869/1345 1203/1683/1203 1202/1682/1202
f 1202/1682/1202 1369/1868/1369 1345/1869/1345
f 1369/1868/1369 1343/1870/1343 1345/1869/1345
f 1343/1870/1343 1369/1868/1369 1342/1871/1342
f 1368/1867/1368 1342/1871/1342 1369/1868/1369
f 1347/1872/1347 1342/1871/1342 1368/1867/1368
f 1360/1859/1360 1347/1872/1347 1368/1867/1368
f 1347/1872/1347 1360/1859/1360 1358/1873/1358
f 1359/1858/1359 1358/1873/1358 1360/1859/1360
f 1370/1874/1370 1358/1873/1358 1359/1858/1359
f 1359/1858/1359 1361/1860/1361 1370/1874/1370
f 1371/1875/1371 1370/1874/1370 1361/1860/1361
f 1361/1860/1361 1365/1864/1365 1371/1875/1371
f 1372/1876/1372 1371/1875/1371 1365/1864/1365
f 1372/1876/1372 1365/1864/1365 1373/1877/1373
f 1366/1865/1366 1373/1877/1373 1365/1864/1365
f 1373/1877/1373 1366/1865/1366 1348/1847/1348
f 1346/1845/1346 1348/1847/1348 1366/1865/1366
f 1282/1762/1282 1283/1763/1283 1295/1775/1295
f 1282/1762/1282 1295/1775/1295 1374/1878/1374
f 1374/1878/1374 1281/1761/1281 1282/1762/1282
f 1281/1761/1281 1374/1878/1374 1356/1855/1356
f 1356/1855/1356 1272/1752/1272 1281/1761/1281
f 1272/1752/1272 1356/1855/1356 1355/1854/1355
f 1355/1854/1355 1271/1751/1271 1272/1752/1272
f 1354/1853/1354 1271/1751/1271 1355/1854/1355
f 1271/1751/1271 1354/1853/1354 1198/1678/1198
f 1353/1852/1353 1198/1678/1198 1354/1853/1354
f 1189/1669/1189 1198/1678/1198 1353/1852/1353
f 1189/1669/1189 1353/1852/1353 1364/1863/1364
f 1189/1669/1189 1364/1863/1364 1188/1668/1188
f 1188/1668/1188 1364/1863/1364 1367/1866/1367
f 1367/1866/1367 1185/1665/1185 1188/1668/1188
f 1185/1665/1185 1367/1866/1367 1369/1868/1369
f 1369/1868/1369 1190/1670/1190 1185/1665/1185
f 1202/1682/1202 1190/1670/1190 1369/1868/1369
f 1375/1879/1375 1374/1878/1374 1295/1775/1295
f 1375/1879/1375 1295/1775/1295 1303/1783/1303
f 1303/1783/1303 1301/1781/1301 1375/1879/1375
f 1299/1779/1299 1375/1879/1375 1301/1781/1301
f 1299/1779/1299 1357/1856/1357 1375/1879/1375
f 1374/1878/1374 1375/1879/1375 1357/1856/1357
f 1357/1856/1357 1356/1855/1356 1374/1878/1374
f 1376/1880/1376 1377/1881/1377 1378/1882/1378
f 1379/1883/1379 1378/1882/1378 1377/1881/1377
f 1380/1884/1380 1379/1883/1379 1377/1881/1377
f 1380/1884/1380 1381/1885/1381 1379/1883/1379
f 1380/1884/1380 1382/1886/1382 1381/1885/1381
f 1382/1886/1382 1383/1887/1383 1381/1885/1381
f 1384/1888/1384 1381/1885/1381 1383/1887/1383
f 1381/1885/1381 1384/1888/1384 1379/1883/1379
f 1378/1882/1378 1379/1883/1379 1384/1888/1384
f 1385/1889/1385 1386/1890/1386 1387/1891/1387
f 1386/1890/1386 1385/1889/1385 1388/1892/1388
f 1389/1893/1389 1386/1890/1386 1388/1892/1388
f 1388/1892/1388 1376/1880/1376 1389/1893/1389
f 1378/1882/1378 1389/1893/1389 1376/1880/1376
f 1389/1893/1389 1378/1882/1378 1390/1894/1390
f 1384/1888/1384 1390/1894/1390 1378/1882/1378
f 1390/1894/1390 1384/1888/1384 1391/1895/1391
f 1383/1887/1383 1391/1895/1391 1384/1888/1384
f 1383/1887/1383 1392/1896/1392 1391/1895/1391
f 1383/1887/1383 1382/1886/1382 1392/1896/1392
f 1393/1897/1393 1392/1896/1392 1382/1886/1382
f 1380/1898/1380 1393/1897/1393 1382/1886/1382
f 1380/1898/1380 1394/1899/1394 1393/1897/1393
f 1380/1898/1380 1377/1900/1377 1394/1899/1394
f 1394/1899/1394 1377/1900/1377 1395/1901/1395
f 1377/1900/1377 1376/1902/1376 1395/1901/1395
f 1376/1902/1376 1388/1903/1388 1395/1901/1395
f 1389/1893/1389 1390/1894/1390 1386/1890/1386
f 1396/1904/1396 1386/1890/1386 1390/1894/1390
f 1396/1904/1396 1387/1891/1387 1386/1890/1386
f 1391/1895/1391 1397/1905/1397 1390/1894/1390
f 1396/1904/1396 1390/1894/1390 1397/1905/1397
f 1397/1905/1397 1398/1906/1398 1396/1904/1396
f 1387/1891/1387 1396/1904/1396 1398/1906/1398
f 1387/1891/1387 1398/1906/1398 1399/1907/1399
f 1387/1891/1387 1399/1907/1399 1400/1908/1400
f 1385/1889/1385 1387/1891/1387 1400/1908/1400
f 1385/1889/1385 1400/1908/1400 1401/1909/1401
f 1401/1909/1401 1388/1892/1388 1385/1889/1385
f 1401/1909/1401 1400/1908/1400 1402/1910/1402
f 1402/1910/1402 1400/1908/1400 1403/1911/1403
f 1400/1908/1400 1404/1912/1404 1403/1911/1403
f 1399/1907/1399 1404/1912/1404 1400/1908/1400
f 1399/1907/1399 1405/1913/1405 1404/1912/1404
f 1398/1906/1398 1405/1913/1405 1399/1907/1399
f 1405/1913/1405 1398/1906/1398 1406/1914/1406
f 1407/1915/1407 1406/1914/1406 1398/1906/1398
f 1398/1906/1398 1397/1905/1397 1407/1915/1407
f 1408/1916/1408 1407/1915/1407 1397/1905/1397
f 1397/1905/1397 1391/1895/1391 1408/1916/1408
f 1392/1896/1392 1408/1916/1408 1391/1895/1391
f 1408/1916/1408 1392/1896/1392 1409/1917/1409
f 1395/1901/1395 1409/1917/1409 1392/1896/1392
f 1392/1896/1392 1394/1899/1394 1395/1901/1395
f 1394/1899/1394 1392/1896/1392 1393/1897/1393
f 1408/1916/1408 1409/1917/1409 1407/1915/1407
f 1409/1917/1409 1395/1901/1395 1388/1903/1388
f 1388/1903/1388 1401/1918/1401 1409/1917/1409
f 1409/1917/1409 1401/1918/1401 1407/1915/1407
f 1401/1918/1401 1402/1919/1402 1407/1915/1407
f 1406/1914/1406 1407/1915/1407 1402/1919/1402
f 1402/1919/1402 1410/1920/1410 1406/1914/1406
f 1411/1921/1411 1406/1914/1406 1410/1920/1410
f 1410/1920/1410 1412/1922/1412 1411/1921/1411
f 1413/1923/1413 1411/1921/1411 1412/1922/1412
f 1412/1922/1412 1414/1924/1414 1413/1923/1413
f 1415/1925/1415 1413/1923/1413 1414/1924/1414
f 1414/1924/1414 1416/1926/1416 1415/1925/1415
f 1417/1927/1417 1415/1925/1415 1416/1926/1416
f 1417/1927/1417 1416/1926/1416 1418/1928/1418
f 1418/1928/1418 1419/1929/1419 1417/1927/1417
f 1418/1928/1418 1370/1930/1370 1419/1929/1419
f 1371/1931/1371 1419/1929/1419 1370/1930/1370
f 1419/1929/1419 1371/1931/1371 1420/1932/1420
f 1411/1921/1411 1413/1923/1413 1421/1933/1421
f 1421/1933/1421 1422/1934/1422 1423/1935/1423
f 1422/1934/1422 1421/1933/1421 1413/1923/1413
f 1413/1923/1413 1415/1925/1415 1422/1934/1422
f 1424/1936/1424 1358/1937/1358 1370/1930/1370
f 1424/1936/1424 1370/1930/1370 1425/1938/1425
f 1418/1928/1418 1425/1938/1425 1370/1930/1370
f 1425/1938/1425 1418/1928/1418 1416/1926/1416
f 1406/1914/1406 1411/1921/1411 1405/1913/1405
f 1421/1933/1421 1405/1913/1405 1411/1921/1411
f 1405/1913/1405 1421/1933/1421 1404/1912/1404
f 1423/1935/1423 1404/1912/1404 1421/1933/1421
f 1404/1912/1404 1423/1935/1423 1403/1911/1403
f 1426/1939/1426 1403/1911/1403 1423/1935/1423
f 1423/1935/1423 1427/1940/1427 1426/1939/1426
f 1427/1940/1427 1423/1935/1423 1422/1934/1422
f 1422/1934/1422 1428/1941/1428 1427/1940/1427
f 1428/1941/1428 1422/1934/1422 1415/1925/1415
f 1428/1941/1428 1415/1925/1415 1429/1942/1429
f 1417/1927/1417 1429/1942/1429 1415/1925/1415
f 1429/1942/1429 1417/1927/1417 1419/1929/1419
f 1429/1942/1429 1419/1929/1419 1430/1943/1430
f 1420/1932/1420 1430/1943/1430 1419/1929/1419
f 1430/1943/1430 1420/1932/1420 1431/1944/1431
f 1432/1945/1432 1431/1944/1431 1420/1932/1420
f 1420/1932/1420 1433/1946/1433 1432/1945/1432
f 1434/1947/1434 1427/1940/1427 1428/1941/1428
f 1429/1942/1429 1430/1943/1430 1428/1941/1428
f 1434/1947/1434 1428/1941/1428 1430/1943/1430
f 1430/1943/1430 1431/1944/1431 1434/1947/1434
f 1435/1948/1435 1434/1947/1434 1431/1944/1431
f 1435/1948/1435 1436/1949/1436 1434/1947/1434
f 1427/1940/1427 1434/1947/1434 1436/1949/1436
f 1436/1949/1436 1426/1939/1426 1427/1940/1427
f 1372/1950/1372 1420/1932/1420 1371/1931/1371
f 1372/1950/1372 1373/1951/1373 1420/1932/1420
f 1373/1951/1373 1433/1946/1433 1420/1932/1420
f 1373/1951/1373 1348/1952/1348 1433/1946/1433
f 1348/1952/1348 1358/1953/1358 1433/1946/1433
f 1424/1954/1424 1433/1946/1433 1358/1953/1358
f 1424/1954/1424 1425/1955/1425 1433/1946/1433
f 1432/1945/1432 1433/1946/1433 1425/1955/1425
f 1425/1955/1425 1416/1956/1416 1432/1945/1432
f 1431/1944/1431 1432/1945/1432 1416/1956/1416
f 1416/1956/1416 1414/1957/1414 1431/1944/1431
f 1435/1948/1435 1431/1944/1431 1414/1957/1414
f 1414/1957/1414 1412/1958/1412 1435/1948/1435
f 1436/1949/1436 1435/1948/1435 1412/1958/1412
f 1412/1958/1412 1410/1959/1410 1436/1949/1436
f 1426/1939/1426 1436/1949/1436 1410/1959/1410
f 1410/1959/1410 1402/1910/1402 1426/1939/1426
f 1403/1911/1403 1426/1939/1426 1402/1910/1402
f 1325/1960/1325 1437/1961/1437 1438/1962/1438
f 1323/1963/1323 1231/1713/1231 1229/1711/1229
f 1323/1963/1323 1327/1964/1327 1231/1713/1231
f 1439/1965/1439 1231/1713/1231 1327/1964/1327
f 1327/1964/1327 1325/1960/1325 1439/1965/1439
f 1325/1960/1325 1440/1966/1440 1439/1965/1439
f 1440/1966/1440 1325/1960/1325 1438/1962/1438
f 1438/1962/1438 1441/1967/1441 1440/1966/1440
f 1437/1961/1437 1441/1967/1441 1438/1962/1438
f 1442/1968/1442 1441/1967/1441 1437/1961/1437
f 1443/1969/1443 1442/1968/1442 1437/1961/1437
f 1443/1969/1443 1444/1970/1444 1442/1968/1442
f 1443/1969/1443 1445/1971/1445 1444/1970/1444
f 1445/1971/1445 1446/1972/1446 1444/1970/1444
f 1447/1973/1447 1444/1970/1444 1446/1972/1446
f 1447/1973/1447 1446/1972/1446 1448/1974/1448
f 1447/1973/1447 1448/1974/1448 1449/1975/1449
f 1450/1976/1450 1449/1975/1449 1448/1974/1448
f 1451/1977/1451 1449/1975/1449 1450/1976/1450
f 1440/1966/1440 1441/1967/1441 1452/1978/1452
f 1453/1979/1453 1452/1978/1452 1441/1967/1441
f 1452/1978/1452 1453/1979/1453 1233/1715/1233
f 1231/1713/1231 1452/1978/1452 1233/1715/1233
f 1452/1978/1452 1231/1713/1231 1440/1966/1440
f 1439/1965/1439 1440/1966/1440 1231/1713/1231
f 1454/1980/1454 1455/1981/1455 1456/1982/1456
f 1454/1980/1454 1321/1811/1321 1455/1981/1455
f 1455/1981/1455 1321/1811/1321 1457/1983/1457
f 1455/1981/1455 1457/1983/1457 1458/1984/1458
f 1457/1983/1457 1459/1985/1459 1458/1984/1458
f 1459/1985/1459 1460/1986/1460 1458/1984/1458
f 1460/1986/1460 1459/1985/1459 1461/1987/1461
f 1460/1986/1460 1461/1987/1461 1462/1988/1462
f 1463/1989/1463 1462/1988/1462 1461/1987/1461
f 1463/1989/1463 1464/1990/1464 1462/1988/1462
f 1464/1990/1464 1463/1989/1463 1449/1975/1449
f 1447/1973/1447 1449/1975/1449 1463/1989/1463
f 1463/1989/1463 1465/1991/1465 1447/1973/1447
f 1444/1970/1444 1447/1973/1447 1465/1991/1465
f 1465/1991/1465 1466/1992/1466 1444/1970/1444
f 1442/1968/1442 1444/1970/1444 1466/1992/1466
f 1442/1968/1442 1466/1992/1466 1441/1967/1441
f 1453/1979/1453 1441/1967/1441 1466/1992/1466
f 1467/1993/1467 1449/1975/1449 1451/1977/1451
f 1449/1975/1449 1467/1993/1467 1464/1990/1464
f 1467/1993/1467 1468/1994/1468 1464/1990/1464
f 1468/1994/1468 1462/1988/1462 1464/1990/1464
f 1468/1994/1468 1469/1995/1469 1462/1988/1462
f 1460/1986/1460 1462/1988/1462 1469/1995/1469
f 1460/1986/1460 1469/1995/1469 1470/1996/1470
f 1470/1996/1470 1458/1984/1458 1460/1986/1460
f 1458/1984/1458 1470/1996/1470 1471/1997/1471
f 1458/1984/1458 1471/1997/1471 1455/1981/1455
f 1472/1998/1472 1455/1981/1455 1471/1997/1471
f 1472/1998/1472 1456/1982/1456 1455/1981/1455
f 1456/1982/1456 1472/1998/1472 1437/1999/1437
f 1456/1982/1456 1437/1999/1437 1325/1816/1325
f 1454/1980/1454 1456/1982/1456 1325/1816/1325
f 1454/1980/1454 1325/1816/1325 1324/1815/1324
f 1454/1980/1454 1324/1815/1324 1321/1811/1321
f 1324/1815/1324 1319/1809/1319 1321/1811/1321
f 1473/2000/1473 1470/1996/1470 1469/1995/1469
f 1473/2000/1473 1474/2001/1474 1470/1996/1470
f 1475/2002/1475 1470/1996/1470 1474/2001/1474
f 1470/1996/1470 1475/2002/1475 1476/2003/1476
f 1476/2003/1476 1471/1997/1471 1470/1996/1470
f 1443/2004/1443 1437/1999/1437 1472/1998/1472
f 1443/2004/1443 1472/1998/1472 1445/2005/1445
f 1471/1997/1471 1445/2005/1445 1472/1998/1472
f 1471/1997/1471 1476/2003/1476 1445/2005/1445
f 1446/2006/1446 1445/2005/1445 1476/2003/1476
f 1446/2006/1446 1476/2003/1476 1448/2007/1448
f 1475/2002/1475 1448/2007/1448 1476/2003/1476
f 1448/2007/1448 1475/2002/1475 1450/2008/1450
f 1474/2001/1474 1450/2008/1450 1475/2002/1475
f 1477/2009/1477 1450/2008/1450 1474/2001/1474
f 1477/2009/1477 1474/2001/1474 1473/2000/1473
f 1477/2009/1477 1473/2000/1473 1478/2010/1478
f 1473/2000/1473 1469/1995/1469 1478/2010/1478
f 1479/2011/1479 1478/2010/1478 1469/1995/1469
f 1479/2011/1479 1469/1995/1469 1480/2012/1480
f 1479/2011/1479 1480/2012/1480 1481/2013/1481
f 1480/2012/1480 1482/2014/1482 1481/2013/1481
f 1481/2013/1481 1482/2014/1482 1467/1993/1467
f 1467/1993/1467 1482/2014/1482 1468/1994/1468
f 1482/2014/1482 1480/2012/1480 1468/1994/1468
f 1469/1995/1469 1468/1994/1468 1480/2012/1480
f 1483/2015/1483 1481/2013/1481 1484/2016/1484
f 1481/2013/1481 1467/1993/1467 1484/2016/1484
f 1467/1993/1467 1451/1977/1451 1484/2016/1484
f 1485/2017/1485 1484/2016/1484 1451/1977/1451
f 1484/2016/1484 1485/2017/1485 1483/2015/1483
f 1486/2018/1486 1483/2015/1483 1485/2017/1485
f 1451/2019/1451 1450/2008/1450 1477/2009/1477
f 1485/2020/1485 1451/2019/1451 1477/2009/1477
f 1487/2021/1487 1485/2020/1485 1477/2009/1477
f 1486/2022/1486 1485/2020/1485 1487/2021/1487
f 1486/2022/1486 1487/2021/1487 1488/2023/1488
f 1488/2023/1488 1487/2021/1487 1489/2024/1489
f 1488/2023/1488 1489/2024/1489 1490/2025/1490
f 1491/2026/1491 1490/2025/1490 1489/2024/1489
f 1491/2026/1491 1481/2013/1481 1490/2025/1490
f 1479/2011/1479 1481/2013/1481 1491/2026/1491
f 1479/2011/1479 1491/2026/1491 1478/2010/1478
f 1489/2024/1489 1478/2010/1478 1491/2026/1491
f 1477/2009/1477 1478/2010/1478 1489/2024/1489
f 1477/2009/1477 1489/2024/1489 1487/2021/1487
f 1486/2027/1486 1488/2023/1488 1483/2028/1483
f 1490/2025/1490 1483/2028/1483 1488/2023/1488
f 1490/2025/1490 1481/2013/1481 1483/2028/1483
f 1492/2029/1492 1466/1992/1466 1493/2030/1493
f 1466/1992/1466 1492/2029/1492 1453/1979/1453
f 1494/2031/1494 1453/1979/1453 1492/2029/1492
f 1494/2031/1494 1495/2032/1495 1453/1979/1453
f 1495/2032/1495 1494/2031/1494 1496/2033/1496
f 1497/2034/1497 1496/2033/1496 1494/2031/1494
f 1494/2031/1494 1492/2029/1492 1497/2034/1497
f 1498/2035/1498 1497/2034/1497 1492/2029/1492
f 1492/2029/1492 1493/2030/1493 1498/2035/1498
f 1235/1717/1235 1233/1715/1233 1453/1979/1453
f 1235/1717/1235 1453/1979/1453 1495/2032/1495
f 1495/2032/1495 1287/1767/1287 1235/1717/1235
f 1287/1767/1287 1495/2032/1495 1288/1768/1288
f 1496/2033/1496 1288/1768/1288 1495/2032/1495
f 1288/1768/1288 1496/2033/1496 1297/1777/1297
f 1314/1799/1314 1297/1777/1297 1496/2033/1496
f 1496/2033/1496 1497/2034/1497 1314/1799/1314
f 1320/1810/1320 1314/1799/1314 1497/2034/1497
f 1497/2034/1497 1321/1811/1321 1320/1810/1320
f 1498/2035/1498 1321/1811/1321 1497/2034/1497
f 1498/2035/1498 1457/1983/1457 1321/1811/1321
f 1498/2035/1498 1459/1985/1459 1457/1983/1457
f 1459/1985/1459 1498/2035/1498 1493/2030/1493
f 1493/2030/1493 1461/1987/1461 1459/1985/1459
f 1461/1987/1461 1493/2030/1493 1463/1989/1463
f 1465/1991/1465 1463/1989/1463 1493/2030/1493
f 1465/1991/1465 1493/2030/1493 1466/1992/1466
f 1499/2036/1499 1500/2037/1500 1501/2038/1501
f 1502/2039/1502 1500/2037/1500 1503/2040/1503
f 1500/2037/1500 1502/2039/1502 1504/2041/1504
f 1504/2041/1504 1501/2038/1501 1500/2037/1500
f 1501/2038/1501 1504/2041/1504 1505/2042/1505
f 1506/2043/1506 1505/2042/1505 1504/2041/1504
f 1506/2043/1506 1507/2044/1507 1505/2042/1505
f 1508/2045/1508 1507/2044/1507 1506/2043/1506
f 1507/2044/1507 1508/2045/1508 1509/2046/1509
f 1509/2046/1509 1508/2045/1508 1510/2047/1510
f 1511/2048/1511 1510/2047/1510 1508/2045/1508
f 1511/2048/1511 1512/2049/1512 1510/2047/1510
f 1513/2050/1513 1510/2047/1510 1512/2049/1512
f 1513/2050/1513 1512/2049/1512 1514/2051/1514
f 1514/2051/1514 1515/2052/1515 1513/2050/1513
f 1516/2053/1516 1515/2052/1515 1514/2051/1514
f 1517/2054/1517 1515/2052/1515 1516/2053/1516
f 1517/2054/1517 1516/2053/1516 1518/2055/1518
f 1518/2055/1518 1519/2056/1519 1517/2054/1517
f 1517/2054/1517 1520/2057/1520 1515/2052/1515
f 1520/2057/1520 1517/2054/1517 1519/2056/1519
f 1519/2056/1519 1521/2058/1521 1520/2057/1520
f 1522/2059/1522 1513/2050/1513 1515/2052/1515
f 1522/2059/1522 1523/2060/1523 1513/2050/1513
f 1510/2047/1510 1513/2050/1513 1523/2060/1523
f 1524/2061/1524 1525/2062/1525 1526/2063/1526
f 1518/2055/1518 1525/2062/1525 1524/2061/1524
f 1525/2062/1525 1518/2055/1518 1516/2053/1516
f 1525/2062/1525 1516/2053/1516 1527/2064/1527
f 1525/2062/1525 1527/2064/1527 1526/2063/1526
f 1528/2065/1528 1526/2063/1526 1527/2064/1527
f 1512/2049/1512 1504/2041/1504 1502/2039/1502
f 1502/2039/1502 1514/2051/1514 1512/2049/1512
f 1502/2039/1502 1529/2066/1529 1514/2051/1514
f 1516/2053/1516 1514/2051/1514 1529/2066/1529
f 1529/2066/1529 1530/2067/1530 1516/2053/1516
f 1530/2067/1530 1527/2064/1527 1516/2053/1516
f 1527/2064/1527 1530/2067/1530 1531/2068/1531
f 1531/2068/1531 1532/2069/1532 1527/2064/1527
f 1528/2065/1528 1527/2064/1527 1532/2069/1532
f 1532/2069/1532 1533/2070/1533 1528/2065/1528
f 1534/2071/1534 1528/2065/1528 1533/2070/1533
f 1528/2065/1528 1534/2071/1534 1526/2063/1526
f 1526/2063/1526 1534/2071/1534 1535/2072/1535
f 1524/2061/1524 1526/2063/1526 1535/2072/1535
f 1536/2073/1536 1524/2061/1524 1535/2072/1535
f 1524/2061/1524 1536/2073/1536 1537/2074/1537
f 1537/2074/1537 1536/2073/1536 1538/2075/1538
f 1539/2076/1539 1538/2075/1538 1536/2073/1536
f 1536/2073/1536 1535/2072/1535 1539/2076/1539
f 1534/2071/1534 1539/2076/1539 1535/2072/1535
f 1540/2077/1540 1531/2068/1531 1530/2067/1530
f 1519/2056/1519 1518/2055/1518 1524/2061/1524
f 1521/2058/1521 1519/2056/1519 1524/2061/1524
f 1521/2058/1521 1524/2061/1524 1537/2074/1537
f 1521/2058/1521 1537/2074/1537 1541/2078/1541
f 1538/2075/1538 1541/2078/1541 1537/2074/1537
f 1541/2078/1541 1538/2075/1538 1542/2079/1542
f 1541/2078/1541 1542/2079/1542 1543/2080/1543
f 1544/2081/1544 1543/2080/1543 1542/2079/1542
f 1544/2081/1544 1545/2082/1545 1543/2080/1543
f 1545/2082/1545 1544/2081/1544 1546/2083/1546
f 1546/2083/1546 1547/2084/1547 1545/2082/1545
f 1547/2084/1547 1546/2083/1546 1548/2085/1548
f 1548/2085/1548 1520/2057/1520 1547/2084/1547
f 1549/2086/1549 1547/2084/1547 1520/2057/1520
f 1549/2086/1549 1520/2057/1520 1521/2058/1521
f 1541/2078/1541 1549/2086/1549 1521/2058/1521
f 1549/2086/1549 1541/2078/1541 1550/2087/1550
f 1543/2080/1543 1550/2087/1550 1541/2078/1541
f 1550/2087/1550 1543/2080/1543 1545/2082/1545
f 1550/2087/1550 1545/2082/1545 1551/2088/1551
f 1551/2088/1551 1545/2082/1545 1547/2084/1547
f 1547/2084/1547 1549/2086/1549 1551/2088/1551
f 1550/2087/1550 1551/2088/1551 1549/2086/1549
f 1552/2089/1552 1546/2083/1546 1553/2090/1553
f 1552/2089/1552 1548/2085/1548 1546/2083/1546
f 1542/2091/1542 1546/2083/1546 1544/2081/1544
f 1542/2091/1542 1554/2092/1554 1546/2083/1546
f 1546/2083/1546 1554/2092/1554 1553/2090/1553
f 1555/2093/1555 1553/2090/1553 1554/2092/1554
f 1556/2094/1556 1515/2052/1515 1520/2057/1520
f 1556/2094/1556 1520/2057/1520 1557/2095/1557
f 1548/2085/1548 1557/2095/1557 1520/2057/1520
f 1548/2085/1548 1558/2096/1558 1557/2095/1557
f 1558/2096/1558 1548/2085/1548 1552/2089/1552
f 1558/2096/1558 1552/2089/1552 1559/2097/1559
f 1553/2090/1553 1559/2097/1559 1552/2089/1552
f 1553/2090/1553 1560/2098/1560 1559/2097/1559
f 1555/2093/1555 1560/2098/1560 1553/2090/1553
f 1561/2099/1561 1560/2098/1560 1555/2093/1555
f 1560/2098/1560 1561/2099/1561 1562/2100/1562
f 1562/2100/1562 1561/2099/1561 1563/2101/1563
f 1562/2100/1562 1563/2101/1563 1564/2102/1564
f 1565/2103/1565 1564/2102/1564 1563/2101/1563
f 1565/2103/1565 1566/2104/1566 1564/2102/1564
f 1566/2104/1566 1565/2103/1565 1567/2105/1567
f 1567/2105/1567 1568/2106/1568 1566/2104/1566
f 1568/2106/1568 1567/2105/1567 1569/2107/1569
f 1564/2102/1564 1560/2098/1560 1562/2100/1562
f 1570/2108/1570 1560/2098/1560 1564/2102/1564
f 1564/2102/1564 1566/2104/1566 1570/2108/1570
f 1566/2104/1566 1571/2109/1571 1570/2108/1570
f 1571/2109/1571 1566/2104/1566 1568/2106/1568
f 1559/2097/1559 1560/2098/1560 1572/2110/1572
f 1572/2110/1572 1560/2098/1560 1570/2108/1570
f 1573/2111/1573 1570/2108/1570 1571/2109/1571
f 1574/2112/1574 1570/2108/1570 1573/2111/1573
f 1529/2113/1529 1502/2114/1502 1574/2112/1574
f 1574/2112/1574 1573/2111/1573 1529/2113/1529
f 1530/2115/1530 1529/2113/1529 1573/2111/1573
f 1573/2111/1573 1571/2109/1571 1530/2115/1530
f 1540/2116/1540 1530/2115/1530 1571/2109/1571
f 1540/2116/1540 1571/2109/1571 1575/2117/1575
f 1568/2106/1568 1575/2117/1575 1571/2109/1571
f 1575/2117/1575 1568/2106/1568 1576/2118/1576
f 1577/2119/1577 1569/2107/1569 1567/2105/1567
f 1569/2107/1569 1577/2119/1577 1578/2120/1578
f 1579/2121/1579 1578/2120/1578 1577/2119/1577
f 1569/2107/1569 1576/2118/1576 1568/2106/1568
f 1576/2118/1576 1569/2107/1569 1580/2122/1580
f 1578/2120/1578 1580/2122/1580 1569/2107/1569
f 1578/2120/1578 1581/2123/1581 1580/2122/1580
f 1578/2120/1578 1579/2121/1579 1581/2123/1581
f 1582/2124/1582 1581/2123/1581 1579/2121/1579
f 1582/2124/1582 1579/2121/1579 1583/2125/1583
f 1583/2125/1583 1584/2126/1584 1582/2124/1582
f 1583/2125/1583 1585/2127/1585 1584/2126/1584
f 1586/2128/1586 1584/2126/1584 1585/2127/1585
f 1585/2127/1585 1587/2129/1587 1586/2128/1586
f 1588/2130/1588 1586/2128/1586 1587/2129/1587
f 1586/2128/1586 1588/2130/1588 1589/2131/1589
f 1590/2132/1590 1589/2131/1589 1588/2130/1588
f 1582/2124/1582 1591/2133/1591 1581/2123/1581
f 1591/2133/1591 1582/2124/1582 1584/2126/1584
f 1589/2131/1589 1592/2134/1592 1586/2128/1586
f 1584/2126/1584 1586/2128/1586 1592/2134/1592
f 1592/2134/1592 1593/2135/1593 1584/2126/1584
f 1591/2133/1591 1584/2126/1584 1593/2135/1593
f 1593/2135/1593 1594/2136/1594 1591/2133/1591
f 1595/2137/1595 1591/2133/1591 1594/2136/1594
f 1595/2137/1595 1581/2123/1581 1591/2133/1591
f 1581/2123/1581 1595/2137/1595 1587/2138/1587
f 1587/2138/1587 1580/2122/1580 1581/2123/1581
f 1594/2136/1594 1590/2139/1590 1595/2137/1595
f 1588/2140/1588 1595/2137/1595 1590/2139/1590
f 1588/2140/1588 1587/2138/1587 1595/2137/1595
f 1563/2101/1563 1533/2141/1533 1565/2103/1565
f 1532/2142/1532 1565/2103/1565 1533/2141/1533
f 1565/2103/1565 1532/2142/1532 1596/2143/1596
f 1532/2142/1532 1531/2144/1531 1596/2143/1596
f 1597/2145/1597 1596/2143/1596 1531/2144/1531
f 1531/2144/1531 1540/2146/1540 1597/2145/1597
f 1575/2147/1575 1597/2145/1597 1540/2146/1540
f 1597/2145/1597 1575/2147/1575 1598/2148/1598
f 1576/2149/1576 1598/2148/1598 1575/2147/1575
f 1598/2148/1598 1576/2149/1576 1599/2150/1599
f 1580/2151/1580 1599/2150/1599 1576/2149/1576
f 1580/2151/1580 1587/2129/1587 1599/2150/1599
f 1585/2127/1585 1599/2150/1599 1587/2129/1587
f 1585/2127/1585 1583/2125/1583 1599/2150/1599
f 1600/2152/1600 1599/2150/1599 1583/2125/1583
f 1600/2152/1600 1583/2125/1583 1579/2121/1579
f 1600/2152/1600 1579/2121/1579 1601/2153/1601
f 1577/2119/1577 1601/2153/1601 1579/2121/1579
f 1601/2153/1601 1577/2119/1577 1596/2143/1596
f 1567/2105/1567 1596/2143/1596 1577/2119/1577
f 1596/2143/1596 1567/2105/1567 1565/2103/1565
f 1599/2150/1599 1600/2152/1600 1598/2148/1598
f 1601/2153/1601 1598/2148/1598 1600/2152/1600
f 1598/2148/1598 1601/2153/1601 1597/2145/1597
f 1596/2143/1596 1597/2145/1597 1601/2153/1601
f 1602/2154/1602 1603/2155/1603 1604/2156/1604
f 1605/2157/1605 1606/2158/1606 1607/2159/1607
f 1605/2157/1605 1603/2155/1603 1606/2158/1606
f 1608/2160/1608 1606/2158/1606 1603/2155/1603
f 1603/2155/1603 1602/2154/1602 1608/2160/1608
f 1609/2161/1609 1608/2160/1608 1602/2154/1602
f 1609/2161/1609 1602/2154/1602 1610/2162/1610
f 1611/2163/1611 1610/2162/1610 1602/2154/1602
f 1602/2154/1602 1604/2156/1604 1611/2163/1611
f 1612/2164/1612 1611/2163/1611 1604/2156/1604
f 1612/2164/1612 1604/2156/1604 1613/2165/1613
f 1614/2166/1614 1613/2165/1613 1604/2156/1604
f 1615/2167/1615 1616/2168/1616 1617/2169/1617
f 1618/2170/1618 1617/2169/1617 1616/2168/1616
f 1617/2169/1617 1618/2170/1618 1619/2171/1619
f 1620/2172/1620 1619/2171/1619 1618/2170/1618
f 1619/2171/1619 1620/2172/1620 1621/2173/1621
f 1622/2174/1622 1621/2173/1621 1620/2172/1620
f 1621/2173/1621 1622/2174/1622 1623/2175/1623
f 1610/2162/1610 1623/2175/1623 1622/2174/1622
f 1622/2174/1622 1624/2176/1624 1610/2162/1610
f 1609/2161/1609 1610/2162/1610 1624/2176/1624
f 1624/2176/1624 1625/2177/1625 1609/2161/1609
f 1608/2160/1608 1609/2161/1609 1625/2177/1625
f 1626/2178/1626 1608/2160/1608 1625/2177/1625
f 1606/2158/1606 1608/2160/1608 1626/2178/1626
f 1627/2179/1627 1606/2158/1606 1626/2178/1626
f 1606/2158/1606 1627/2179/1627 1607/2159/1607
f 1628/2180/1628 1607/2159/1607 1627/2179/1627
f 1629/2181/1629 1607/2159/1607 1628/2180/1628
f 1622/2174/1622 1620/2172/1620 1624/2176/1624
f 1624/2176/1624 1620/2172/1620 1625/2177/1625
f 1618/2170/1618 1625/2177/1625 1620/2172/1620
f 1625/2177/1625 1618/2170/1618 1630/2182/1630
f 1630/2182/1630 1626/2178/1626 1625/2177/1625
f 1630/2182/1630 1631/2183/1631 1626/2178/1626
f 1631/2183/1631 1627/2179/1627 1626/2178/1626
f 1631/2183/1631 1632/2184/1632 1627/2179/1627
f 1628/2180/1628 1627/2179/1627 1632/2184/1632
f 1632/2184/1632 1633/2185/1633 1628/2180/1628
f 1616/2168/1616 1630/2182/1630 1618/2170/1618
f 1630/2182/1630 1616/2168/1616 1631/2183/1631
f 1628/2180/1628 1633/2185/1633 1629/2181/1629
f 1634/2186/1634 1629/2181/1629 1633/2185/1633
f 1634/2186/1634 1633/2185/1633 1635/2187/1635
f 1634/2186/1634 1635/2187/1635 1636/2188/1636
f 1637/2189/1637 1636/2188/1636 1635/2187/1635
f 1636/2188/1636 1637/2189/1637 1638/2190/1638
f 1639/2191/1639 1638/2190/1638 1637/2189/1637
f 1638/2190/1638 1639/2191/1639 1640/2192/1640
f 1641/2193/1641 1640/2192/1640 1639/2191/1639
f 1641/2193/1641 1642/2194/1642 1640/2192/1640
f 1642/2194/1642 1641/2193/1641 1643/2195/1643
f 1642/2194/1642 1643/2195/1643 1644/2196/1644
f 1523/2060/1523 1644/2196/1644 1643/2195/1643
f 1644/2196/1644 1523/2060/1523 1645/2197/1645
f 1522/2059/1522 1645/2197/1645 1523/2060/1523
f 1645/2197/1645 1522/2059/1522 1646/2198/1646
f 1522/2059/1522 1515/2052/1515 1646/2198/1646
f 1556/2094/1556 1646/2198/1646 1515/2052/1515
f 1647/2199/1647 1648/2200/1648 1649/2201/1649
f 1650/2202/1650 1649/2201/1649 1648/2200/1648
f 1648/2200/1648 1646/2198/1646 1650/2202/1650
f 1646/2198/1646 1648/2200/1648 1645/2197/1645
f 1651/2203/1651 1645/2197/1645 1648/2200/1648
f 1645/2197/1645 1651/2203/1651 1644/2196/1644
f 1652/2204/1652 1644/2196/1644 1651/2203/1651
f 1644/2196/1644 1652/2204/1652 1642/2194/1642
f 1653/2205/1653 1642/2194/1642 1652/2204/1652
f 1653/2205/1653 1640/2192/1640 1642/2194/1642
f 1653/2205/1653 1654/2206/1654 1640/2192/1640
f 1655/2207/1655 1640/2192/1640 1654/2206/1654
f 1640/2192/1640 1655/2207/1655 1638/2190/1638
f 1648/2200/1648 1647/2199/1647 1651/2203/1651
f 1656/2208/1656 1651/2203/1651 1647/2199/1647
f 1651/2203/1651 1656/2208/1656 1652/2204/1652
f 1657/2209/1657 1652/2204/1652 1656/2208/1656
f 1652/2204/1652 1657/2209/1657 1653/2205/1653
f 1654/2206/1654 1653/2205/1653 1657/2209/1657
f 1658/2210/1658 1605/2157/1605 1659/2211/1659
f 1607/2159/1607 1659/2211/1659 1605/2157/1605
f 1607/2159/1607 1629/2181/1629 1659/2211/1659
f 1660/2212/1660 1659/2211/1659 1629/2181/1629
f 1629/2181/1629 1634/2186/1634 1660/2212/1660
f 1636/2188/1636 1660/2212/1660 1634/2186/1634
f 1636/2188/1636 1638/2190/1638 1660/2212/1660
f 1638/2190/1638 1661/2213/1661 1660/2212/1660
f 1661/2213/1661 1638/2190/1638 1655/2207/1655
f 1655/2207/1655 1662/2214/1662 1661/2213/1661
f 1654/2206/1654 1662/2214/1662 1655/2207/1655
f 1662/2214/1662 1654/2206/1654 1663/2215/1663
f 1657/2209/1657 1663/2215/1663 1654/2206/1654
f 1663/2215/1663 1657/2209/1657 1664/2216/1664
f 1656/2208/1656 1664/2216/1664 1657/2209/1657
f 1664/2216/1664 1656/2208/1656 1665/2217/1665
f 1647/2199/1647 1665/2217/1665 1656/2208/1656
f 1647/2199/1647 1649/2201/1649 1665/2217/1665
f 1666/2218/1666 1665/2217/1665 1649/2201/1649
f 1665/2217/1665 1666/2218/1666 1664/2216/1664
f 1667/2219/1667 1664/2216/1664 1666/2218/1666
f 1668/2220/1668 1658/2210/1658 1669/2221/1669
f 1670/2222/1670 1669/2221/1669 1658/2210/1658
f 1658/2210/1658 1659/2211/1659 1670/2222/1670
f 1659/2211/1659 1660/2212/1660 1661/2213/1661
f 1661/2213/1661 1670/2222/1670 1659/2211/1659
f 1670/2222/1670 1661/2213/1661 1662/2214/1662
f 1670/2222/1670 1662/2214/1662 1669/2221/1669
f 1662/2214/1662 1671/2223/1671 1669/2221/1669
f 1671/2223/1671 1672/2224/1672 1669/2221/1669
f 1673/2225/1673 1674/2226/1674 1675/2227/1675
f 1673/2225/1673 1675/2227/1675 1667/2219/1667
f 1664/2216/1664 1667/2219/1667 1675/2227/1675
f 1675/2227/1675 1676/2228/1676 1664/2216/1664
f 1663/2215/1663 1664/2216/1664 1676/2228/1676
f 1676/2228/1676 1510/2229/1510 1663/2215/1663
f 1523/2230/1523 1663/2215/1663 1510/2229/1510
f 1523/2230/1523 1643/2231/1643 1663/2215/1663
f 1662/2214/1662 1663/2215/1663 1643/2231/1643
f 1662/2214/1662 1643/2231/1643 1677/2232/1677
f 1671/2223/1671 1662/2214/1662 1677/2232/1677
f 1677/2232/1677 1509/2233/1509 1671/2223/1671
f 1672/2224/1672 1671/2223/1671 1509/2233/1509
f 1672/2224/1672 1509/2233/1509 1676/2228/1676
f 1676/2228/1676 1678/2234/1678 1672/2224/1672
f 1676/2228/1676 1675/2227/1675 1678/2234/1678
f 1510/2229/1510 1676/2228/1676 1509/2233/1509
f 1679/2235/1679 1674/2226/1674 1680/2236/1680
f 1681/2237/1681 1679/2235/1679 1499/2238/1499
f 1681/2237/1681 1499/2238/1499 1682/2239/1682
f 1681/2237/1681 1682/2239/1682 1679/2235/1679
f 1683/2240/1683 1679/2235/1679 1682/2239/1682
f 1679/2235/1679 1683/2240/1683 1674/2226/1674
f 1684/2241/1684 1674/2226/1674 1683/2240/1683
f 1684/2241/1684 1675/2227/1675 1674/2226/1674
f 1684/2241/1684 1685/2242/1685 1675/2227/1675
f 1678/2234/1678 1675/2227/1675 1685/2242/1685
f 1678/2234/1678 1685/2242/1685 1686/2243/1686
f 1686/2243/1686 1672/2224/1672 1678/2234/1678
f 1686/2243/1686 1614/2166/1614 1672/2224/1672
f 1669/2221/1669 1672/2224/1672 1614/2166/1614
f 1614/2166/1614 1604/2156/1604 1669/2221/1669
f 1668/2220/1668 1669/2221/1669 1604/2156/1604
f 1668/2220/1668 1604/2156/1604 1603/2155/1603
f 1668/2220/1668 1603/2155/1603 1658/2210/1658
f 1605/2157/1605 1658/2210/1658 1603/2155/1603
f 1511/2244/1511 1508/2244/1508 1685/2242/1685
f 1685/2242/1685 1684/2241/1684 1511/2244/1511
f 1512/2244/1512 1511/2244/1511 1684/2241/1684
f 1512/2244/1512 1684/2241/1684 1504/2244/1504
f 1683/2240/1683 1504/2244/1504 1684/2241/1684
f 1504/2244/1504 1683/2240/1683 1506/2244/1506
f 1687/2245/1687 1506/2244/1506 1683/2240/1683
f 1506/2244/1506 1687/2245/1687 1508/2244/1508
f 1688/2246/1688 1508/2244/1508 1687/2245/1687
f 1688/2246/1688 1685/2242/1685 1508/2244/1508
f 1688/2246/1688 1686/2243/1686 1685/2242/1685
f 1688/2246/1688 1614/2166/1614 1686/2243/1686
f 1614/2166/1614 1688/2246/1688 1689/2247/1689
f 1689/2247/1689 1613/2165/1613 1614/2166/1614
f 1613/2165/1613 1689/2247/1689 1690/2248/1690
f 1613/2165/1613 1690/2248/1690 1612/2164/1612
f 1691/2249/1691 1612/2164/1612 1690/2248/1690
f 1612/2164/1612 1691/2249/1691 1611/2163/1611
f 1692/2250/1692 1611/2163/1611 1691/2249/1691
f 1611/2163/1611 1692/2250/1692 1610/2162/1610
f 1623/2175/1623 1610/2162/1610 1692/2250/1692
f 1683/2240/1683 1682/2239/1682 1687/2245/1687
f 1689/2247/1689 1687/2245/1687 1682/2239/1682
f 1687/2245/1687 1689/2247/1689 1688/2246/1688
f 1501/2251/1501 1682/2239/1682 1499/2238/1499
f 1682/2239/1682 1501/2251/1501 1689/2247/1689
f 1505/2252/1505 1689/2247/1689 1501/2251/1501
f 1505/2252/1505 1690/2248/1690 1689/2247/1689
f 1556/2094/1556 1650/2202/1650 1646/2198/1646
f 1650/2202/1650 1556/2094/1556 1557/2095/1557
f 1650/2202/1650 1557/2095/1557 1649/2201/1649
f 1649/2201/1649 1557/2095/1557 1558/2096/1558
f 1558/2096/1558 1559/2097/1559 1649/2201/1649
f 1666/2218/1666 1649/2201/1649 1559/2097/1559
f 1559/2097/1559 1572/2110/1572 1666/2218/1666
f 1667/2219/1667 1666/2218/1666 1572/2110/1572
f 1572/2110/1572 1570/2108/1570 1667/2219/1667
f 1673/2225/1673 1667/2219/1667 1570/2108/1570
f 1570/2108/1570 1574/2112/1574 1673/2225/1673
f 1674/2226/1674 1673/2225/1673 1574/2112/1574
f 1674/2226/1674 1574/2112/1574 1502/2114/1502
f 1674/2226/1674 1502/2114/1502 1680/2236/1680
f 1503/2253/1503 1680/2236/1680 1502/2114/1502
f 1680/2236/1680 1503/2253/1503 1679/2235/1679
f 1500/2254/1500 1679/2235/1679 1503/2253/1503
f 1500/2254/1500 1499/2238/1499 1679/2235/1679
f 1693/2255/1693 1694/2256/1694 1695/2257/1695
f 1695/2257/1695 1635/2187/1635 1633/2185/1633
f 1635/2187/1635 1695/2257/1695 1694/2256/1694
f 1694/2256/1694 1696/2258/1696 1635/2187/1635
f 1641/2193/1641 1639/2191/1639 1643/2195/1643
f 1697/2259/1697 1643/2195/1643 1639/2191/1639
f 1639/2191/1639 1637/2189/1637 1697/2259/1697
f 1698/2260/1698 1697/2259/1697 1637/2189/1637
f 1637/2189/1637 1635/2187/1635 1698/2260/1698
f 1699/2261/1699 1698/2260/1698 1635/2187/1635
f 1635/2187/1635 1696/2258/1696 1699/2261/1699
f 1699/2261/1699 1696/2258/1696 1700/2262/1700
f 1701/2263/1701 1700/2262/1700 1696/2258/1696
f 1701/2263/1701 1623/2264/1623 1700/2262/1700
f 1623/2264/1623 1701/2263/1701 1621/2265/1621
f 1619/2266/1619 1621/2265/1621 1701/2263/1701
f 1701/2263/1701 1696/2258/1696 1619/2266/1619
f 1617/2267/1617 1619/2266/1619 1696/2258/1696
f 1696/2258/1696 1694/2256/1694 1617/2267/1617
f 1615/2268/1615 1617/2267/1617 1694/2256/1694
f 1643/2195/1643 1697/2259/1697 1677/2269/1677
f 1677/2269/1677 1697/2259/1697 1509/2046/1509
f 1507/2044/1507 1509/2046/1509 1697/2259/1697
f 1697/2259/1697 1698/2260/1698 1507/2044/1507
f 1702/2270/1702 1507/2044/1507 1698/2260/1698
f 1698/2260/1698 1699/2261/1699 1702/2270/1702
f 1700/2262/1700 1702/2270/1702 1699/2261/1699
f 1700/2262/1700 1692/2271/1692 1702/2270/1702
f 1692/2271/1692 1700/2262/1700 1623/2264/1623
f 1690/2272/1690 1505/2042/1505 1507/2044/1507
f 1507/2044/1507 1702/2270/1702 1690/2272/1690
f 1691/2273/1691 1690/2272/1690 1702/2270/1702
f 1691/2273/1691 1702/2270/1702 1692/2271/1692
f 1703/2274/1703 1704/2275/1704 1705/2276/1705
f 1704/2275/1704 1706/2277/1706 1705/2276/1705
f 1706/2277/1706 1704/2275/1704 1707/2278/1707
f 1706/2277/1706 1707/2278/1707 1708/2279/1708
f 1709/2280/1709 1708/2279/1708 1707/2278/1707
f 1710/2281/1710 1709/2280/1709 1707/2278/1707
f 1711/2282/1711 1707/2278/1707 1704/2275/1704
f 1712/2283/1712 1703/2274/1703 1713/2284/1713
f 1713/2284/1713 1703/2274/1703 1705/2276/1705
f 1705/2276/1705 1714/2285/1714 1713/2284/1713
f 1714/2285/1714 1705/2276/1705 1706/2277/1706
f 1714/2285/1714 1706/2277/1706 1715/2286/1715
f 1706/2277/1706 1708/2279/1708 1715/2286/1715
f 1708/2279/1708 1716/2287/1716 1715/2286/1715
f 1708/2279/1708 1709/2280/1709 1716/2287/1716
f 1717/2288/1717 1716/2287/1716 1709/2280/1709
f 1709/2280/1709 1710/2281/1710 1717/2288/1717
f 1718/2289/1718 1717/2288/1717 1710/2281/1710
f 1718/2289/1718 1710/2281/1710 1719/2290/1719
f 1720/2291/1720 1719/2290/1719 1710/2281/1710
f 1710/2281/1710 1707/2278/1707 1720/2291/1720
f 1721/2292/1721 1720/2291/1720 1707/2278/1707
f 1707/2278/1707 1711/2282/1711 1721/2292/1721
f 1722/2293/1722 1721/2292/1721 1711/2282/1711
f 1722/2293/1722 1632/2294/1632 1721/2292/1721
f 1723/2295/1723 1713/2284/1713 1714/2285/1714
f 1714/2285/1714 1715/2286/1715 1723/2295/1723
f 1715/2286/1715 1724/2296/1724 1723/2295/1723
f 1715/2286/1715 1725/2297/1725 1724/2296/1724
f 1715/2286/1715 1716/2287/1716 1725/2297/1725
f 1631/2298/1631 1721/2292/1721 1632/2294/1632
f 1721/2292/1721 1631/2298/1631 1720/2291/1720
f 1726/2299/1726 1720/2291/1720 1631/2298/1631
f 1720/2291/1720 1726/2299/1726 1719/2290/1719
f 1727/2300/1727 1719/2290/1719 1726/2299/1726
f 1728/2301/1728 1727/2300/1727 1726/2299/1726
f 1726/2299/1726 1616/2302/1616 1728/2301/1728
f 1615/2303/1615 1728/2301/1728 1616/2302/1616
f 1616/2302/1616 1726/2299/1726 1631/2298/1631
f 1723/2304/1723 1724/2305/1724 1713/2306/1713
f 1712/2283/1712 1713/2306/1713 1724/2305/1724
f 1724/2305/1724 1725/2307/1725 1712/2283/1712
f 1729/2308/1729 1712/2283/1712 1725/2307/1725
f 1712/2283/1712 1729/2308/1729 1703/2274/1703
f 1703/2274/1703 1729/2308/1729 1730/2309/1730
f 1730/2309/1730 1704/2275/1704 1703/2274/1703
f 1730/2309/1730 1731/2310/1731 1704/2275/1704
f 1711/2282/1711 1704/2275/1704 1731/2310/1731
f 1731/2310/1731 1732/2311/1732 1711/2282/1711
f 1711/2282/1711 1732/2311/1732 1722/2293/1722
f 1733/2312/1733 1722/2293/1722 1732/2311/1732
f 1722/2293/1722 1733/2312/1733 1632/2294/1632
f 1633/2313/1633 1632/2294/1632 1733/2312/1733
f 1633/2313/1633 1733/2312/1733 1695/2314/1695
f 1734/2315/1734 1695/2314/1695 1733/2312/1733
f 1734/2315/1734 1735/2316/1735 1695/2314/1695
f 1735/2316/1735 1734/2315/1734 1736/2317/1736
f 1736/2317/1736 1718/2318/1718 1735/2316/1735
f 1717/2319/1717 1718/2318/1718 1736/2317/1736
f 1736/2317/1736 1737/2320/1737 1717/2319/1717
f 1716/2321/1716 1717/2319/1717 1737/2320/1737
f 1716/2321/1716 1737/2320/1737 1725/2307/1725
f 1725/2307/1725 1737/2320/1737 1729/2308/1729
f 1738/2322/1738 1729/2308/1729 1737/2320/1737
f 1738/2322/1738 1730/2309/1730 1729/2308/1729
f 1730/2309/1730 1738/2322/1738 1731/2310/1731
f 1739/2323/1739 1731/2310/1731 1738/2322/1738
f 1732/2311/1732 1731/2310/1731 1739/2323/1739
f 1732/2311/1732 1739/2323/1739 1733/2312/1733
f 1734/2315/1734 1733/2312/1733 1739/2323/1739
f 1739/2323/1739 1736/2317/1736 1734/2315/1734
f 1736/2317/1736 1739/2323/1739 1737/2320/1737
f 1738/2322/1738 1737/2320/1737 1739/2323/1739
f 1719/2324/1719 1735/2316/1735 1718/2318/1718
f 1719/2324/1719 1727/2325/1727 1735/2316/1735
f 1740/2326/1740 1735/2316/1735 1727/2325/1727
f 1740/2326/1740 1695/2314/1695 1735/2316/1735
f 1693/2327/1693 1695/2314/1695 1740/2326/1740
f 1693/2327/1693 1740/2326/1740 1728/2328/1728
f 1728/2328/1728 1615/2329/1615 1693/2327/1693
f 1694/2330/1694 1693/2327/1693 1615/2329/1615
f 1727/2325/1727 1728/2328/1728 1740/2326/1740
f 1741/2331/1741 1742/2332/1742 1743/2333/1743
f 1744/2334/1744 1743/2333/1743 1742/2332/1742
f 1743/2333/1743 1744/2334/1744 1745/2335/1745
f 1746/2336/1746 1745/2335/1745 1744/2334/1744
f 1561/2337/1561 1747/2338/1747 1748/2339/1748
f 1563/2340/1563 1561/2337/1561 1748/2339/1748
f 1749/2341/1749 1563/2340/1563 1748/2339/1748
f 1749/2341/1749 1748/2339/1748 1750/2342/1750
f 1751/2343/1751 1750/2342/1750 1748/2339/1748
f 1751/2343/1751 1752/2344/1752 1750/2342/1750
f 1751/2343/1751 1753/2345/1753 1752/2344/1752
f 1741/2331/1741 1752/2344/1752 1753/2345/1753
f 1753/2345/1753 1754/2346/1754 1741/2331/1741
f 1742/2332/1742 1741/2331/1741 1754/2346/1754
f 1754/2346/1754 1755/2347/1755 1742/2332/1742
f 1756/2348/1756 1742/2332/1742 1755/2347/1755
f 1742/2332/1742 1756/2348/1756 1744/2334/1744
f 1757/2349/1757 1744/2334/1744 1756/2348/1756
f 1744/2334/1744 1757/2349/1757 1746/2336/1746
f 1758/2350/1758 1746/2336/1746 1757/2349/1757
f 1746/2336/1746 1758/2350/1758 1759/2351/1759
f 1760/2352/1760 1759/2351/1759 1758/2350/1758
f 1761/2353/1761 1755/2347/1755 1762/2354/1762
f 1754/2346/1754 1762/2354/1762 1755/2347/1755
f 1762/2354/1762 1754/2346/1754 1747/2338/1747
f 1753/2345/1753 1747/2338/1747 1754/2346/1754
f 1747/2338/1747 1753/2345/1753 1748/2339/1748
f 1751/2343/1751 1748/2339/1748 1753/2345/1753
f 1757/2349/1757 1756/2348/1756 1763/2355/1763
f 1592/2356/1592 1589/2357/1589 1764/2358/1764
f 1765/2359/1765 1764/2358/1764 1589/2357/1589
f 1766/2360/1766 1764/2358/1764 1765/2359/1765
f 1765/2359/1765 1767/2361/1767 1766/2360/1766
f 1768/2362/1768 1766/2360/1766 1767/2361/1767
f 1768/2362/1768 1767/2361/1767 1763/2355/1763
f 1763/2355/1763 1769/2363/1769 1768/2362/1768
f 1769/2363/1769 1763/2355/1763 1756/2348/1756
f 1769/2363/1769 1756/2348/1756 1770/2364/1770
f 1755/2347/1755 1770/2364/1770 1756/2348/1756
f 1770/2364/1770 1755/2347/1755 1771/2365/1771
f 1761/2353/1761 1771/2365/1771 1755/2347/1755
f 1761/2353/1761 1542/2366/1542 1771/2365/1771
f 1761/2353/1761 1762/2354/1762 1542/2366/1542
f 1554/2367/1554 1542/2366/1542 1762/2354/1762
f 1762/2354/1762 1747/2338/1747 1554/2367/1554
f 1555/2368/1555 1554/2367/1554 1747/2338/1747
f 1747/2338/1747 1561/2337/1561 1555/2368/1555
f 1765/2359/1765 1772/2369/1772 1767/2361/1767
f 1538/2370/1538 1771/2365/1771 1542/2366/1542
f 1538/2370/1538 1539/2371/1539 1771/2365/1771
f 1773/2372/1773 1771/2365/1771 1539/2371/1539
f 1771/2365/1771 1773/2372/1773 1770/2364/1770
f 1774/2373/1774 1770/2364/1770 1773/2372/1773
f 1770/2364/1770 1774/2373/1774 1769/2363/1769
f 1775/2374/1775 1769/2363/1769 1774/2373/1774
f 1775/2374/1775 1768/2362/1768 1769/2363/1769
f 1775/2374/1775 1776/2375/1776 1768/2362/1768
f 1766/2360/1766 1768/2362/1768 1776/2375/1776
f 1776/2375/1776 1777/2376/1777 1766/2360/1766
f 1764/2358/1764 1766/2360/1766 1777/2376/1777
f 1750/2377/1750 1777/2376/1777 1778/2378/1778
f 1776/2375/1776 1778/2378/1778 1777/2376/1777
f 1776/2375/1776 1775/2374/1775 1778/2378/1778
f 1774/2373/1774 1778/2378/1778 1775/2374/1775
f 1778/2378/1778 1774/2373/1774 1779/2379/1779
f 1773/2372/1773 1779/2379/1779 1774/2373/1774
f 1779/2379/1779 1773/2372/1773 1534/2380/1534
f 1539/2371/1539 1534/2380/1534 1773/2372/1773
f 1778/2378/1778 1779/2379/1779 1750/2377/1750
f 1534/2380/1534 1533/2381/1533 1779/2379/1779
f 1749/2382/1749 1779/2379/1779 1533/2381/1533
f 1749/2382/1749 1750/2377/1750 1779/2379/1779
f 1749/2382/1749 1533/2381/1533 1563/2383/1563
f 1780/2384/1780 1781/2385/1781 1782/2386/1782
f 1772/2369/1772 1781/2385/1781 1780/2384/1780
f 1783/2387/1783 1781/2385/1781 1772/2369/1772
f 1784/2388/1784 1783/2387/1783 1772/2369/1772
f 1772/2369/1772 1765/2359/1765 1784/2388/1784
f 1784/2388/1784 1765/2359/1765 1590/2389/1590
f 1589/2357/1589 1590/2389/1590 1765/2359/1765
f 1758/2350/1758 1757/2349/1757 1785/2390/1785
f 1763/2355/1763 1785/2390/1785 1757/2349/1757
f 1785/2390/1785 1763/2355/1763 1767/2361/1767
f 1767/2361/1767 1786/2391/1786 1785/2390/1785
f 1786/2391/1786 1767/2361/1767 1772/2369/1772
f 1786/2391/1786 1772/2369/1772 1787/2392/1787
f 1780/2384/1780 1787/2392/1787 1772/2369/1772
f 1787/2392/1787 1780/2384/1780 1788/2393/1788
f 1788/2393/1788 1780/2384/1780 1782/2386/1782
f 1789/2394/1789 1788/2393/1788 1782/2386/1782
f 1789/2394/1789 1790/2395/1790 1788/2393/1788
f 1791/2396/1791 1788/2393/1788 1790/2395/1790
f 1791/2396/1791 1790/2395/1790 1792/2397/1792
f 1791/2396/1791 1792/2397/1792 1793/2398/1793
f 1794/2399/1794 1793/2398/1793 1792/2397/1792
f 1793/2398/1793 1794/2399/1794 1795/2400/1795
f 1796/2401/1796 1795/2400/1795 1794/2399/1794
f 1796/2401/1796 1785/2390/1785 1795/2400/1795
f 1788/2393/1788 1791/2396/1791 1787/2392/1787
f 1793/2398/1793 1787/2392/1787 1791/2396/1791
f 1787/2392/1787 1793/2398/1793 1786/2391/1786
f 1795/2400/1795 1786/2391/1786 1793/2398/1793
f 1795/2400/1795 1785/2390/1785 1786/2391/1786
f 1794/2399/1794 1792/2397/1792 1797/2402/1797
f 1794/2399/1794 1797/2402/1797 1796/2401/1796
f 1798/2403/1798 1796/2401/1796 1797/2402/1797
f 1785/2390/1785 1796/2401/1796 1758/2350/1758
f 1760/2352/1760 1758/2350/1758 1796/2401/1796
f 1796/2401/1796 1798/2403/1798 1760/2352/1760
f 1799/2404/1799 1760/2352/1760 1798/2403/1798
f 1798/2403/1798 1797/2402/1797 1799/2404/1799
f 1800/2405/1800 1799/2404/1799 1797/2402/1797
f 1800/2405/1800 1797/2402/1797 1792/2397/1792
f 1800/2405/1800 1792/2397/1792 1801/2406/1801
f 1802/2407/1802 1801/2406/1801 1792/2397/1792
f 1802/2407/1802 1792/2397/1792 1790/2395/1790
f 1759/2351/1759 1760/2352/1760 1803/2408/1803
f 1803/2408/1803 1760/2352/1760 1799/2404/1799
f 1799/2404/1799 1800/2409/1800 1803/2408/1803
f 1801/2410/1801 1803/2408/1803 1800/2409/1800
f 1801/2410/1801 1802/2411/1802 1803/2408/1803
f 1759/2351/1759 1803/2408/1803 1802/2411/1802
f 1759/2351/1759 1802/2411/1802 1804/2412/1804
f 1804/2412/1804 1746/2336/1746 1759/2351/1759
f 1804/2412/1804 1805/2413/1805 1746/2336/1746
f 1745/2335/1745 1746/2336/1746 1805/2413/1805
f 1745/2335/1745 1805/2413/1805 1806/2414/1806
f 1745/2335/1745 1806/2414/1806 1743/2333/1743
f 1807/2415/1807 1743/2333/1743 1806/2414/1806
f 1743/2333/1743 1807/2415/1807 1741/2331/1741
f 1752/2344/1752 1741/2331/1741 1807/2415/1807
f 1752/2344/1752 1807/2415/1807 1777/2416/1777
f 1777/2416/1777 1750/2342/1750 1752/2344/1752
f 1804/2412/1804 1790/2417/1790 1805/2413/1805
f 1790/2417/1790 1804/2412/1804 1802/2411/1802
f 1806/2414/1806 1593/2418/1593 1807/2415/1807
f 1593/2418/1593 1592/2419/1592 1807/2415/1807
f 1764/2420/1764 1807/2415/1807 1592/2419/1592
f 1764/2420/1764 1777/2416/1777 1807/2415/1807
f 1789/2421/1789 1805/2413/1805 1790/2417/1790
f 1805/2413/1805 1789/2421/1789 1808/2422/1808
f 1808/2422/1808 1806/2414/1806 1805/2413/1805
f 1808/2422/1808 1809/2423/1809 1806/2414/1806
f 1806/2414/1806 1809/2423/1809 1593/2418/1593
f 1594/2424/1594 1593/2418/1593 1809/2423/1809
f 1594/2424/1594 1809/2423/1809 1590/2425/1590
f 1784/2426/1784 1590/2425/1590 1809/2423/1809
f 1784/2426/1784 1809/2423/1809 1783/2427/1783
f 1809/2423/1809 1808/2422/1808 1783/2427/1783
f 1783/2427/1783 1808/2422/1808 1781/2428/1781
f 1782/2429/1782 1781/2428/1781 1808/2422/1808
f 1782/2429/1782 1808/2422/1808 1789/2421/1789
f 1810/2430/1810 2286/2431/1811 1811/2432/1812
f 2162/2433/1813 1810/2430/1810 1811/2432/1812
f 1810/2430/1810 2162/2433/1813 1812/2434/1814
f 1813/2435/1815 1815/2436/1816 1814/2437/1817
f 1820/2438/1818 1816/2439/1819 1818/2440/1820
f 1824/2441/1821 1820/2438/1818 1822/2442/1822
f 1816/2439/1819 1820/2438/1818 1824/2441/1821
f 1814/2437/1817 1816/2439/1819 1824/2441/1821
f 1850/2443/1823 1827/2444/1824 1826/2445/1825
f 1829/2446/1826 1828/2447/1827 1850/2443/1823
f 1850/2443/1823 1824/2441/1821 1829/2446/1826
f 1829/2446/1826 1824/2441/1821 1823/2448/1828
f 1821/2449/1829 1828/2447/1827 1829/2446/1826
f 1821/2449/1829 1831/2450/1830 1830/2451/1831
f 1821/2449/1829 1819/2452/1832 1831/2450/1830
f 1834/2453/1833 1833/2454/1834 1832/2455/1835
f 1819/2452/1832 1834/2453/1833 1832/2455/1835
f 1819/2452/1832 1817/2456/1836 1834/2453/1833
f 1834/2453/1833 1817/2456/1836 1836/2457/1837
f 1835/2458/1838 1833/2454/1834 1834/2453/1833
f 1838/2459/1839 1837/2460/1840 1836/2457/1837
f 1836/2457/1837 1817/2456/1836 1839/2461/1841
f 1840/2462/1842 1838/2459/1839 1839/2461/1841
f 1818/2440/1820 1841/2463/1843 1842/2464/1844
f 1839/2461/1841 1817/2456/1836 1818/2440/1820
f 1818/2440/1820 1825/2465/1845 1841/2463/1843
f 1843/2466/1846 1815/2436/1816 1845/2467/1847
f 1844/2468/1848 1843/2466/1846 1845/2467/1847
f 1815/2436/1816 1846/2469/1849 2023/2470/1850
f 1846/2469/1849 1815/2436/1816 1813/2435/1815
f 1847/2471/1851 1846/2469/1849 1848/2472/1852
f 1846/2469/1849 1813/2435/1815 1848/2472/1852
f 1832/2455/1835 1833/2454/1834 1851/2473/1853
f 1852/2474/1854 1831/2450/1830 1832/2455/1835
f 1831/2450/1830 1852/2474/1854 1853/2475/1855
f 1830/2451/1831 1831/2450/1830 1855/2476/1856
f 1828/2447/1827 1830/2451/1831 1854/2477/1857
f 1856/2478/1858 1828/2447/1827 1854/2477/1857
f 1850/2443/1823 1828/2447/1827 1856/2478/1858
f 1857/2479/1859 1849/2480/1860 1850/2443/1823
f 1856/2478/1858 1857/2479/1859 1850/2443/1823
f 1853/2475/1855 1852/2474/1854 1858/2481/1861
f 1859/2482/1862 1855/2476/1856 1853/2475/1855
f 1858/2481/1861 1859/2482/1862 1853/2475/1855
f 1861/2483/1863 1860/2484/1864 1859/2482/1862
f 1859/2482/1862 1858/2481/1861 1861/2483/1863
f 1860/2484/1864 1862/2485/1865 1859/2482/1862
f 1860/2484/1864 1863/2486/1866 1862/2485/1865
f 1864/2487/1867 1855/2476/1856 1862/2485/1865
f 1865/2488/1868 1856/2478/1858 1854/2477/1857
f 1855/2476/1856 1864/2487/1867 1865/2488/1868
f 1866/2489/1869 1856/2478/1858 1865/2488/1868
f 1857/2479/1859 1856/2478/1858 1866/2489/1869
f 1849/2480/1860 1857/2479/1859 1867/2490/1870
f 1866/2489/1869 1868/2491/1871 1867/2490/1870
f 1868/2491/1871 1869/2492/1872 1867/2490/1870
f 1870/2493/1873 1849/2480/1860 1867/2490/1870
f 1869/2492/1872 1871/2494/1874 1870/2493/1873
f 1870/2493/1873 1871/2494/1874 1872/2495/1875
f 1874/2496/1876 1849/2480/1860 1870/2493/1873
f 1870/2493/1873 1872/2495/1875 1874/2496/1876
f 1875/2497/1877 1876/2498/1878 1874/2496/1876
f 1875/2497/1877 2150/2499/1879 1876/2498/1878
f 1827/2444/1824 1849/2480/1860 1876/2498/1878
f 1877/2500/1880 1826/2445/1825 1827/2444/1824
f 1850/2443/1823 1849/2480/1860 1827/2444/1824
f 1866/2489/1869 1865/2488/1868 1878/2501/1881
f 1879/2502/1882 1882/2503/1883 1878/2501/1881
f 1863/2486/1866 1879/2502/1882 1864/2487/1867
f 1881/2504/1884 1880/2505/1885 1879/2502/1882
f 1879/2502/1882 1863/2486/1866 1881/2504/1884
f 1880/2505/1885 1892/2506/1886 1882/2503/1883
f 1869/2492/1872 1868/2491/1871 1883/2507/1887
f 1883/2507/1887 1884/2508/1888 1869/2492/1872
f 1884/2508/1888 1883/2507/1887 1885/2509/1889
f 1885/2509/1889 1886/2510/1890 1884/2508/1888
f 1886/2510/1890 1885/2509/1889 1887/2511/1891
f 1887/2511/1891 1885/2509/1889 1888/2512/1892
f 1889/2513/1893 1886/2510/1890 1887/2511/1891
f 2187/2514/1894 1889/2513/1893 1887/2511/1891
f 1891/2515/1895 1890/2516/1896 2187/2514/1894
f 1888/2512/1892 1885/2509/1889 1891/2515/1895
f 1891/2515/1895 1880/2505/1885 1890/2516/1896
f 1891/2515/1895 1885/2509/1889 1892/2506/1886
f 1880/2505/1885 1891/2515/1895 1892/2506/1886
f 1894/2517/1897 1893/2518/1898 1847/2471/1851
f 1847/2471/1851 1848/2472/1852 1894/2517/1897
f 1897/2519/1899 1896/2520/1900 1898/2521/1901
f 1894/2517/1897 1813/2435/1815 1897/2519/1899
f 1895/2522/1902 1894/2517/1897 1897/2519/1899
f 1897/2519/1899 1813/2435/1815 1814/2437/1817
f 1899/2523/1903 1896/2520/1900 1897/2519/1899
f 1900/2524/1904 1902/2525/1905 1901/2526/1906
f 1899/2523/1903 1814/2437/1817 1900/2524/1904
f 1896/2520/1900 1899/2523/1903 1901/2526/1906
f 1900/2524/1904 1814/2437/1817 1824/2441/1821
f 1900/2524/1904 1824/2441/1821 1826/2445/1825
f 1905/2527/1907 1904/2528/1908 1907/2529/1909
f 1903/2530/1910 1907/2529/1909 1906/2531/1911
f 1904/2528/1908 1908/2532/1912 1909/2533/1913
f 1908/2532/1912 1911/2534/1914 1910/2535/1915
f 1912/2536/1916 1909/2533/1913 1910/2535/1915
f 1911/2534/1914 1905/2537/1907 1903/2538/1910
f 1910/2535/1915 1903/2538/1910 1906/2531/1911
f 1906/2531/1911 1907/2529/1909 1909/2533/1913
f 1838/2539/1839 1913/2540/1917 1914/2541/1918
f 1913/2540/1917 1838/2539/1839 2325/2542/1919
f 1913/2540/1917 2320/2543/1920 1917/2544/1921
f 1917/2544/1921 1918/2545/1922 1919/2546/1923
f 1919/2546/1923 1913/2540/1917 1917/2544/1921
f 1922/2547/1924 1918/2545/1922 1920/2548/1925
f 1922/2547/1924 1923/2549/1926 1918/2545/1922
f 1918/2545/1922 1923/2549/1926 1924/2550/1927
f 1925/2551/1928 1924/2550/1927 1926/2552/1929
f 1920/2548/1925 1918/2545/1922 1927/2553/1930
f 1927/2553/1930 1921/2554/1931 1920/2548/1925
f 1928/2555/1932 1921/2554/1931 1927/2553/1930
f 1931/2556/1933 1930/2557/1934 1932/2558/1935
f 1934/2559/1936 1931/2556/1933 1932/2558/1935
f 1935/2560/1937 1934/2559/1936 1932/2558/1935
f 1935/2560/1937 1933/2561/1938 1937/2562/1939
f 1938/2563/1940 1928/2555/1932 1935/2560/1937
f 1936/2564/1941 1938/2563/1940 1935/2560/1937
f 1939/2565/1942 1928/2555/1932 1938/2563/1940
f 1940/2566/1943 1928/2555/1932 1939/2565/1942
f 1939/2565/1942 1941/2567/1944 1940/2566/1943
f 1928/2555/1932 1940/2566/1943 1942/2568/1945
f 1943/2569/1946 1921/2554/1931 1928/2555/1932
f 1943/2569/1946 1944/2570/1947 1945/2571/1948
f 1921/2554/1931 1943/2569/1946 1945/2571/1948
f 1946/2572/1949 1977/2573/1950 1948/2574/1951
f 1948/2574/1951 1947/2575/1952 1946/2572/1949
f 1948/2574/1951 1977/2573/1950 1950/2576/1953
f 1950/2576/1953 1977/2573/1950 1951/2577/1954
f 1930/2557/1934 1933/2561/1938 1932/2558/1935
f 1930/2557/1934 1929/2578/1955 1953/2579/1956
f 1933/2561/1938 1930/2557/1934 1953/2579/1956
f 1933/2561/1938 2021/2580/1957 1954/2581/1958
f 1954/2581/1958 1936/2564/1941 1937/2562/1939
f 1955/2582/1959 1943/2569/1946 1942/2568/1945
f 1942/2568/1945 1957/2583/1960 1955/2582/1959
f 1942/2568/1945 1959/2584/1961 1958/2585/1962
f 1959/2584/1961 1941/2567/1944 1960/2586/1963
f 1962/2587/1964 1959/2584/1961 1960/2586/1963
f 1961/2588/1965 1962/2587/1964 1960/2586/1963
f 1962/2587/1964 1957/2583/1960 1958/2585/1962
f 1957/2583/1960 1962/2587/1964 1963/2589/1966
f 1963/2589/1966 1956/2590/1967 1955/2582/1959
f 1966/2591/1968 1968/2592/1969 1965/2593/1970
f 2210/2594/1971 1969/2595/1972 1968/2592/1969
f 1966/2591/1968 2210/2594/1971 1968/2592/1969
f 1971/2596/1973 1970/2597/1974 1968/2592/1969
f 1968/2592/1969 1969/2595/1972 1971/2596/1973
f 1974/2598/1975 1973/2599/1976 1970/2597/1974
f 1970/2597/1974 1971/2596/1973 1974/2598/1975
f 1952/2600/1977 1975/2601/1978 1974/2598/1975
f 1975/2601/1978 1952/2600/1977 1951/2577/1954
f 1976/2602/1979 1989/2603/1980 1975/2601/1978
f 1951/2577/1954 1976/2602/1979 1975/2601/1978
f 1977/2573/1950 1980/2604/1981 1976/2602/1979
f 1979/2605/1982 1978/2606/1983 1980/2604/1981
f 1978/2606/1983 1979/2605/1982 1981/2607/1984
f 1944/2570/1947 1982/2608/1985 1981/2607/1984
f 1944/2570/1947 1943/2569/1946 1982/2608/1985
f 1982/2608/1985 1943/2569/1946 1955/2582/1959
f 1983/2609/1986 1965/2593/1970 1973/2599/1976
f 1964/2610/1987 1986/2611/1988 1985/2612/1989
f 1986/2611/1988 1964/2610/1987 1983/2609/1986
f 1986/2611/1988 1983/2609/1986 1973/2599/1976
f 1987/2613/1990 1973/2599/1976 1989/2603/1980
f 1988/2614/1991 1987/2613/1990 1989/2603/1980
f 1990/2615/1992 1988/2614/1991 1989/2603/1980
f 1992/2616/1993 1989/2603/1980 1980/2604/1981
f 1992/2616/1993 1991/2617/1994 1990/2615/1992
f 1978/2606/1983 1991/2617/1994 1992/2616/1993
f 1995/2618/1995 1978/2606/1983 1993/2619/1996
f 1997/2620/1997 1994/2621/1998 1995/2618/1995
f 1993/2619/1996 1997/2620/1997 1995/2618/1995
f 1997/2620/1997 1993/2619/1996 1956/2590/1967
f 2001/2622/1999 1996/2623/2000 2000/2624/2001
f 1998/2625/2002 2002/2626/2003 2001/2622/1999
f 2001/2622/1999 1994/2621/1998 1996/2623/2000
f 2003/2627/2004 1994/2621/1998 2001/2622/1999
f 1997/2620/1997 1956/2590/1967 1963/2589/1966
f 2000/2624/2001 1997/2620/1997 2004/2628/2005
f 2004/2628/2005 1999/2629/2006 1998/2625/2002
f 2004/2628/2005 1963/2589/1966 1961/2588/1965
f 1999/2629/2006 2004/2628/2005 1961/2588/1965
f 1960/2630/1963 1941/2631/1944 1999/2629/2006
f 1961/2632/1965 1960/2630/1963 1999/2629/2006
f 1941/2631/1944 1939/2633/1942 2005/2634/2007
f 2002/2626/2003 1998/2625/2002 1941/2631/1944
f 1936/2635/1941 2006/2636/2008 2005/2634/2007
f 2003/2627/2004 2002/2626/2003 2005/2634/2007
f 2007/2637/2009 2003/2627/2004 2005/2634/2007
f 2003/2627/2004 2007/2637/2009 2008/2638/2010
f 2009/2639/2011 2011/2640/2012 2010/2641/2013
f 2011/2640/2012 2277/2642/2014 2012/2643/2015
f 2276/2644/2016 2275/2645/2017 2012/2643/2015
f 2012/2643/2015 2013/2646/2018 2014/2647/2019
f 2010/2641/2013 2012/2643/2015 2014/2647/2019
f 2013/2646/2018 1926/2648/1929 2015/2649/2020
f 1926/2648/1929 1924/2650/1927 2015/2649/2020
f 2011/2640/2012 1916/2651/2021 1915/2652/2022
f 2016/2653/2023 1916/2651/2021 2011/2640/2012
f 2016/2653/2023 2009/2639/2011 1893/2654/1898
f 1893/2654/1898 2175/2655/2024 2016/2653/2023
f 1893/2654/1898 2009/2639/2011 2017/2656/2025
f 2017/2656/2025 2007/2637/2009 2018/2657/2026
f 2018/2657/2026 1847/2658/1851 2017/2656/2025
f 2018/2657/2026 2006/2636/2008 2019/2659/2027
f 1953/2660/1956 1929/2661/1955 2020/2662/2028
f 1936/2635/1941 1939/2633/1942 1938/2663/1940
f 2022/2664/2029 1929/2661/1955 1844/2665/1848
f 2018/2657/2026 2020/2662/2028 2022/2664/2029
f 2018/2657/2026 1845/2666/1847 2023/2667/1850
f 1847/2658/1851 2018/2657/2026 2023/2667/1850
f 2014/2647/2019 2013/2646/2018 2015/2649/2020
f 2014/2647/2019 2015/2649/2020 2024/2668/2030
f 1924/2650/1927 1923/2669/1926 2024/2668/2030
f 2026/2670/2031 2014/2647/2019 2024/2668/2030
f 2025/2671/2032 1923/2669/1926 2027/2672/2033
f 2027/2672/2033 2026/2670/2031 2025/2671/2032
f 2028/2673/2034 2026/2670/2031 2027/2672/2033
f 2030/2674/2035 2029/2675/2036 2028/2673/2034
f 2032/2676/2037 2029/2675/2036 2031/2677/2038
f 2029/2675/2036 2032/2676/2037 2034/2678/2039
f 2035/2679/2040 2033/2680/2041 2034/2678/2039
f 2035/2679/2040 2037/2681/2042 2033/2680/2041
f 2036/2682/2043 2074/2683/2044 2037/2681/2042
f 2039/2684/2045 2033/2680/2041 2037/2681/2042
f 2074/2683/2044 2038/2685/2046 2039/2684/2045
f 2026/2670/2031 2028/2673/2034 2039/2684/2045
f 2041/2686/2047 2026/2670/2031 2038/2685/2046
f 2027/2672/2033 1923/2669/1926 2042/2687/2048
f 2041/2686/2047 2043/2688/2049 2058/2689/2050
f 2058/2689/2050 2026/2670/2031 2041/2686/2047
f 2045/2690/2051 2044/2691/2052 2043/2688/2049
f 2043/2688/2049 2041/2686/2047 2046/2692/2053
f 2041/2686/2047 2047/2693/2054 2046/2692/2053
f 2046/2692/2053 2047/2693/2054 2049/2694/2055
f 2045/2690/2051 2046/2692/2053 2049/2694/2055
f 2051/2695/2056 2057/2696/2057 2047/2693/2054
f 2052/2697/2058 1986/2611/1988 1987/2613/1990
f 1987/2613/1990 2053/2698/2059 2052/2697/2058
f 2055/2699/2060 1987/2613/1990 1988/2614/1991
f 2056/2700/2061 2054/2701/2062 2055/2699/2060
f 1988/2614/1991 2056/2700/2061 2055/2699/2060
f 1988/2614/1991 1990/2615/1992 2057/2696/2057
f 2057/2696/2057 2051/2695/2056 2056/2700/2061
f 2057/2696/2057 1990/2615/1992 2047/2693/2054
f 1995/2618/1995 2049/2694/2055 1991/2617/1994
f 1994/2621/1998 2049/2694/2055 1995/2618/1995
f 2048/2702/2063 2049/2694/2055 1994/2621/1998
f 2048/2702/2063 1994/2621/1998 2003/2627/2004
f 2048/2702/2063 2008/2638/2010 2045/2690/2051
f 2045/2690/2051 2049/2694/2055 2048/2702/2063
f 2045/2690/2051 2010/2641/2013 2044/2691/2052
f 2010/2641/2013 2014/2647/2019 2058/2689/2050
f 2014/2647/2019 2026/2670/2031 2058/2689/2050
f 2050/2703/2064 2047/2693/2054 2040/2704/2065
f 2040/2704/2065 2059/2705/2066 2061/2706/2067
f 2050/2703/2064 2040/2704/2065 2061/2706/2067
f 2062/2707/2068 2050/2703/2064 2060/2708/2069
f 2065/2709/2070 2063/2710/2071 2062/2707/2068
f 2062/2707/2068 2060/2708/2069 2064/2711/2072
f 1949/2712/2073 2065/2709/2070 2066/2713/2074
f 2054/2701/2062 2051/2695/2056 2066/2713/2074
f 2066/2713/2074 2051/2695/2056 2067/2714/2075
f 1949/2712/2073 2066/2713/2074 2067/2714/2075
f 1947/2715/1952 1949/2712/2073 2067/2714/2075
f 2067/2714/2075 2051/2695/2056 2069/2716/2076
f 2051/2695/2056 2050/2703/2064 2069/2716/2076
f 2069/2716/2076 2050/2703/2064 2062/2707/2068
f 2064/2711/2072 2071/2717/2077 2054/2701/2062
f 2060/2708/2069 2071/2717/2077 2064/2711/2072
f 2071/2717/2077 2060/2708/2069 2061/2706/2067
f 2070/2718/2078 2072/2719/2079 2061/2706/2067
f 2073/2720/2080 2087/2721/2081 2070/2718/2078
f 2087/2721/2081 2072/2719/2079 2070/2718/2078
f 2070/2718/2078 2075/2722/2082 2074/2683/2044
f 2083/2723/2083 2076/2724/2084 2075/2722/2082
f 2078/2725/2085 2038/2685/2046 2075/2722/2082
f 2077/2726/2086 2078/2725/2085 2075/2722/2082
f 2040/2704/2065 2038/2685/2046 2078/2725/2085
f 2079/2727/2087 2040/2704/2065 2078/2725/2085
f 2082/2728/2088 2040/2704/2065 2079/2727/2087
f 2081/2729/2089 2082/2728/2088 2079/2727/2087
f 2079/2727/2087 2080/2730/2090 2081/2729/2089
f 2082/2728/2088 2293/2731/2091 2083/2723/2083
f 2070/2718/2078 2059/2705/2066 2082/2728/2088
f 2293/2731/2091 2076/2724/2084 2083/2723/2083
f 2086/2732/2092 2085/2733/2093 2084/2734/2094
f 2084/2734/2094 2085/2733/2093 2071/2717/2077
f 2087/2721/2081 2084/2734/2094 2072/2719/2079
f 2087/2721/2081 2073/2720/2080 2095/2735/2095
f 2052/2697/2058 2053/2698/2059 2071/2717/2077
f 2085/2733/2093 2088/2736/2096 2052/2697/2058
f 2086/2732/2092 2111/2737/2097 2085/2733/2093
f 2090/2738/2098 2111/2737/2097 2086/2732/2092
f 2089/2739/2099 2086/2732/2092 2084/2734/2094
f 2084/2734/2094 2087/2721/2081 2092/2740/2100
f 2094/2741/2101 2093/2742/2102 2095/2735/2095
f 2097/2743/2103 2094/2741/2101 2096/2744/2104
f 2098/2745/2105 2035/2679/2040 2097/2743/2103
f 2073/2720/2080 2098/2745/2105 2096/2744/2104
f 2098/2745/2105 2073/2720/2080 2036/2682/2043
f 2036/2682/2043 2037/2681/2042 2098/2745/2105
f 2104/2746/2106 2099/2747/2107 2100/2748/2108
f 2104/2746/2106 2101/2749/2109 2105/2750/2110
f 2106/2751/2111 2103/2752/2112 2104/2746/2106
f 2107/2753/2113 2108/2754/2114 2309/2755/2115
f 2105/2750/2110 2107/2753/2113 2106/2751/2111
f 2109/2756/2116 2110/2757/2117 2107/2753/2113
f 2105/2750/2110 2116/2758/2118 2107/2753/2113
f 2110/2757/2117 2108/2754/2114 2107/2753/2113
f 2090/2738/2098 2089/2739/2099 2110/2757/2117
f 2110/2757/2117 2109/2756/2116 2090/2738/2098
f 2111/2737/2097 2090/2738/2098 2109/2756/2116
f 2111/2737/2097 2109/2756/2116 2112/2759/2119
f 2114/2760/2120 2111/2737/2097 2112/2759/2119
f 2113/2761/2121 2112/2759/2119 1984/2762/2122
f 1967/2763/2123 1985/2612/1989 2114/2760/2120
f 1984/2762/2122 1967/2763/2123 2114/2760/2120
f 1985/2612/1989 2088/2736/2096 2114/2760/2120
f 2052/2697/2058 2088/2736/2096 1985/2612/1989
f 2109/2756/2116 2115/2764/2124 2112/2759/2119
f 2115/2764/2124 2109/2756/2116 2116/2758/2118
f 2101/2749/2109 2115/2764/2124 2116/2758/2118
f 2118/2765/2125 2117/2766/2126 2121/2767/2127
f 2118/2765/2125 2121/2767/2127 2120/2768/2128
f 2117/2766/2126 2185/2769/2129 2121/2767/2127
f 2185/2769/2129 2124/2770/2130 2123/2771/2131
f 2124/2770/2130 2118/2772/2125 2125/2773/2132
f 2123/2771/2131 2125/2773/2132 2120/2774/2128
f 2122/2775/2133 2123/2771/2131 2119/2776/2134
f 2120/2768/2128 2121/2767/2127 2122/2775/2133
f 2127/2777/2135 2129/2778/2136 2128/2779/2137
f 2126/2780/2138 2127/2777/2135 2128/2779/2137
f 2127/2777/2135 2130/2781/2139 2131/2782/2140
f 2130/2781/2139 2132/2783/2141 2131/2782/2140
f 2131/2782/2140 2132/2783/2141 2133/2784/2142
f 2129/2778/2136 2131/2782/2140 2133/2785/2142
f 2132/2786/2141 2134/2787/2143 2128/2779/2137
f 2137/2788/2144 2136/2789/2145 2140/2790/2146
f 2135/2791/2147 2140/2790/2146 2139/2792/2148
f 2136/2789/2145 2141/2793/2149 2142/2794/2150
f 2141/2793/2149 2144/2795/2151 2143/2796/2152
f 2144/2795/2151 2137/2797/2144 2135/2798/2147
f 2143/2796/2152 2135/2798/2147 2138/2799/2153
f 2142/2794/2150 2143/2796/2152 2139/2792/2148
f 2139/2792/2148 2140/2790/2146 2142/2794/2150
f 2145/2800/2154 2136/2801/2145 2137/2802/2144
f 2145/2800/2154 2137/2802/2144 2147/2803/2155
f 2147/2803/2155 2153/2804/2156 2145/2800/2154
f 2144/2805/2151 2146/2806/2157 2147/2803/2155
f 2136/2801/2145 1904/2807/1908 2141/2808/2149
f 2141/2808/2149 1904/2807/1908 1905/2809/1907
f 2141/2808/2149 1905/2809/1907 1911/2810/1914
f 2148/2811/2158 2126/2812/2138 1873/2813/2159
f 2117/2814/2126 2148/2811/2158 1873/2813/2159
f 1875/2815/1877 1873/2813/2159 2149/2816/2160
f 2126/2812/2138 1904/2807/1908 2149/2816/2160
f 2149/2816/2160 1904/2807/1908 2150/2817/1879
f 1904/2807/1908 2136/2801/2145 2151/2818/2161
f 1877/2819/1880 2150/2817/1879 2151/2818/2161
f 1826/2820/1825 1877/2819/1880 2151/2818/2161
f 2151/2818/2161 2136/2801/2145 2152/2821/2162
f 1826/2820/1825 2151/2818/2161 2152/2821/2162
f 2152/2821/2162 2136/2801/2145 2145/2800/2154
f 2153/2804/2156 1902/2822/1905 2152/2821/2162
f 2157/2823/2163 2155/2824/2164 2154/2825/2165
f 2156/2826/2166 2159/2827/2167 2158/2828/2168
f 2159/2827/2167 2156/2826/2166 2160/2829/2169
f 2156/2826/2166 2161/2830/2170 2160/2829/2169
f 2161/2830/2170 2163/2831/2171 2160/2829/2169
f 2163/2831/2171 2164/2832/2172 2165/2833/2173
f 2165/2833/2173 2164/2832/2172 2166/2834/2174
f 2166/2834/2174 2167/2835/2175 2178/2836/2176
f 2166/2834/2174 2164/2832/2172 2169/2837/2177
f 2167/2835/2175 2166/2834/2174 2168/2838/2178
f 2170/2839/2179 2155/2824/2164 2168/2838/2178
f 2168/2838/2178 2155/2824/2164 2171/2840/2180
f 2155/2824/2164 2157/2823/2163 2158/2828/2168
f 2156/2826/2166 2157/2823/2163 2154/2825/2165
f 2172/2841/2181 2156/2826/2166 2154/2825/2165
f 2161/2830/2170 2156/2826/2166 2172/2841/2181
f 2172/2841/2181 1852/2842/1854 1851/2843/1853
f 2173/2844/2182 2161/2830/2170 2172/2841/2181
f 2174/2845/2183 2164/2832/2172 2163/2831/2171
f 2173/2844/2182 1833/2846/1834 2174/2845/2183
f 2161/2830/2170 2173/2844/2182 2163/2831/2171
f 2174/2845/2183 1833/2846/1834 1835/2847/1838
f 1914/2848/1918 2164/2832/2172 2174/2845/2183
f 1837/2849/1840 1914/2848/1918 2174/2845/2183
f 2164/2832/2172 1916/2850/2021 2175/2851/2024
f 1895/2852/1902 2164/2832/2172 2175/2851/2024
f 2164/2832/2172 1895/2852/1902 2169/2837/2177
f 1895/2852/1902 1898/2853/1901 2176/2854/2184
f 2176/2854/2184 2170/2839/2179 2169/2837/2177
f 1898/2853/1901 1896/2855/1900 2176/2854/2184
f 2176/2854/2184 1896/2855/1900 2177/2856/2185
f 2177/2856/2185 1896/2855/1900 1901/2857/1906
f 2153/2804/2156 2155/2824/2164 2177/2856/2185
f 1902/2822/1905 2153/2804/2156 2177/2856/2185
f 2181/2858/2186 2165/2833/2173 2178/2836/2176
f 2167/2835/2175 2179/2859/2187 2178/2836/2176
f 2167/2835/2175 2171/2840/2180 2179/2859/2187
f 2180/2860/2188 2171/2840/2180 2158/2828/2168
f 2158/2828/2168 2159/2827/2167 2180/2860/2188
f 1811/2861/1812 2159/2827/2167 2160/2829/2169
f 2162/2862/1813 1811/2861/1812 2160/2829/2169
f 2162/2862/1813 2165/2833/2173 2181/2858/2186
f 2172/2841/2181 2146/2806/2157 2182/2863/2189
f 1852/2842/1854 2172/2841/2181 2182/2863/2189
f 2182/2863/2189 2146/2806/2157 2144/2805/2151
f 2183/2864/2190 1858/2865/1861 2182/2863/2189
f 2144/2805/2151 2183/2864/2190 2182/2863/2189
f 2183/2864/2190 1860/2866/1864 1861/2867/1863
f 2183/2864/2190 2144/2805/2151 1911/2810/1914
f 1911/2810/1914 2184/2868/2191 2183/2864/2190
f 2184/2868/2191 1863/2869/1866 1860/2866/1864
f 2130/2870/2139 1863/2869/1866 2184/2868/2191
f 2130/2870/2139 2124/2871/2130 1863/2869/1866
f 1881/2872/1884 2124/2871/2130 2185/2873/2129
f 2186/2874/2192 1880/2875/1885 1881/2872/1884
f 2185/2873/2129 2186/2874/2192 1881/2872/1884
f 1890/2876/1896 2186/2874/2192 2187/2877/1894
f 2186/2874/2192 2185/2873/2129 2187/2877/1894
f 2187/2877/1894 2185/2873/2129 2188/2878/2193
f 1871/2879/1874 1886/2880/1890 2188/2878/2193
f 2188/2878/2193 2185/2873/2129 2189/2881/2194
f 2185/2873/2129 2117/2814/2126 2189/2881/2194
f 1872/2882/1875 1871/2879/1874 2189/2881/2194
f 2148/2811/2158 2117/2814/2126 2118/2883/2125
f 2148/2811/2158 2118/2883/2125 2127/2884/2135
f 2127/2884/2135 2126/2812/2138 2148/2811/2158
f 2124/2871/2130 2130/2870/2139 2127/2884/2135
f 1904/2807/1908 2126/2812/2138 2134/2885/2143
f 2132/2886/2141 1908/2887/1912 2134/2885/2143
f 2132/2886/2141 2130/2870/2139 1908/2887/1912
f 1908/2887/1912 2130/2870/2139 1911/2810/1914
f 2154/2888/2165 2153/2889/2156 2191/2890/2195
f 2191/2890/2195 2192/2891/2196 2193/2892/2197
f 2147/2893/2155 2194/2894/2198 2191/2890/2195
f 2153/2889/2156 2147/2893/2155 2191/2890/2195
f 2147/2893/2155 2146/2895/2157 2195/2896/2199
f 2146/2895/2157 2154/2897/2165 2190/2898/2200
f 2195/2896/2199 2190/2898/2200 2193/2899/2197
f 2192/2891/2196 2191/2890/2195 2194/2894/2198
f 2198/2900/2201 2196/2901/2202 2197/2902/2203
f 2092/2903/2100 2198/2900/2201 2197/2902/2203
f 2198/2900/2201 2092/2903/2100 2199/2904/2204
f 2203/2905/2205 2202/2906/2206 2201/2907/2207
f 2205/2908/2208 2204/2909/2209 2202/2906/2206
f 2207/2910/2210 2208/2911/2211 2206/2912/2212
f 2206/2912/2212 2208/2911/2211 2205/2908/2208
f 2208/2911/2211 2204/2909/2209 2205/2908/2208
f 2210/2913/1971 2209/2914/2213 2211/2915/2214
f 2211/2915/2214 2202/2906/2206 2204/2909/2209
f 2212/2916/2215 2202/2906/2206 2211/2915/2214
f 2209/2914/2213 1966/2917/1968 2214/2918/2216
f 1967/2919/2123 2213/2920/2217 2214/2918/2216
f 1966/2917/1968 1967/2919/2123 2214/2918/2216
f 1967/2919/2123 1984/2921/2122 2213/2920/2217
f 2215/2922/2218 2218/2923/2219 2217/2924/2220
f 2219/2925/2221 2216/2926/2222 2217/2924/2220
f 2218/2923/2219 2220/2927/2223 2217/2924/2220
f 2221/2928/2224 2219/2925/2221 2217/2924/2220
f 2220/2927/2223 2222/2929/2225 2221/2928/2224
f 2222/2929/2225 2220/2927/2223 2224/2930/2226
f 2200/2931/2227 2222/2929/2225 2224/2930/2226
f 2222/2929/2225 2200/2931/2227 2201/2907/2207
f 2212/2916/2215 2226/2932/2228 2225/2933/2229
f 2202/2906/2206 2212/2916/2215 2225/2933/2229
f 2212/2916/2215 2209/2914/2213 2226/2932/2228
f 2227/2934/2230 2209/2914/2213 2214/2918/2216
f 2229/2935/2231 2228/2936/2232 2213/2920/2217
f 2213/2920/2217 2236/2937/2233 2229/2935/2231
f 2115/2938/2124 2236/2937/2233 1984/2921/2122
f 2230/2939/2234 2236/2937/2233 2115/2938/2124
f 2115/2938/2124 2101/2940/2109 2230/2939/2234
f 2233/2941/2235 2232/2942/2236 2228/2936/2232
f 2234/2943/2237 2233/2941/2235 2229/2935/2231
f 2236/2937/2233 2235/2944/2238 2234/2943/2237
f 2229/2935/2231 2236/2937/2233 2234/2943/2237
f 2235/2944/2238 2236/2937/2233 2230/2939/2234
f 2230/2939/2234 2238/2945/2239 2239/2946/2240
f 2249/2947/2241 2235/2944/2238 2239/2946/2240
f 2235/2944/2238 2230/2939/2234 2239/2946/2240
f 2240/2948/2242 2241/2949/2243 2234/2943/2237
f 2242/2950/2244 2233/2941/2235 2234/2943/2237
f 2241/2949/2243 2243/2951/2245 2242/2950/2244
f 2232/2942/2236 2233/2941/2235 2242/2950/2244
f 2242/2950/2244 2231/2952/2246 2232/2942/2236
f 2231/2952/2246 2242/2950/2244 2244/2953/2247
f 2246/2954/2248 2231/2952/2246 2245/2955/2249
f 2219/2925/2221 2246/2954/2248 2245/2955/2249
f 2246/2954/2248 2219/2925/2221 2247/2956/2250
f 2221/2928/2224 2222/2929/2225 2225/2933/2229
f 2222/2929/2225 2201/2907/2207 2225/2933/2229
f 2246/2954/2248 2247/2956/2250 2226/2932/2228
f 2246/2954/2248 2226/2932/2228 2227/2934/2230
f 2231/2952/2246 2246/2954/2248 2227/2934/2230
f 2238/2945/2239 2101/2940/2109 2100/2957/2108
f 2237/2958/2251 2238/2945/2239 2100/2957/2108
f 2100/2957/2108 2102/2959/2252 2237/2958/2251
f 2206/2960/2212 2237/2958/2251 2248/2961/2253
f 2237/2958/2251 2205/2962/2208 2249/2947/2241
f 2249/2947/2241 2205/2962/2208 2203/2963/2205
f 2240/2948/2242 2235/2944/2238 2250/2964/2254
f 2249/2947/2241 2261/2965/2255 2250/2964/2254
f 2250/2964/2254 2261/2965/2255 2251/2966/2256
f 2241/2949/2243 2240/2948/2242 2250/2964/2254
f 2261/2965/2255 2252/2967/2257 2251/2966/2256
f 2251/2966/2256 2252/2967/2257 2253/2968/2258
f 2243/2951/2245 2241/2949/2243 2253/2968/2258
f 2254/2969/2259 2243/2951/2245 2253/2968/2258
f 2256/2970/2260 2242/2950/2244 2243/2951/2245
f 2255/2971/2261 2257/2972/2262 2256/2970/2260
f 2244/2953/2247 2242/2950/2244 2256/2970/2260
f 2257/2972/2262 2245/2955/2249 2244/2953/2247
f 2258/2973/2263 2215/2922/2218 2259/2974/2264
f 2245/2955/2249 2257/2972/2262 2259/2974/2264
f 2219/2925/2221 2245/2955/2249 2216/2926/2222
f 2259/2974/2264 2215/2922/2218 2216/2926/2222
f 2207/2975/2210 2248/2961/2253 2102/2959/2252
f 2249/2947/2241 2203/2963/2205 2261/2965/2255
f 2200/2976/2227 2262/2977/2265 2261/2965/2255
f 2261/2965/2255 2203/2963/2205 2200/2976/2227
f 2252/2967/2257 2261/2965/2255 2262/2977/2265
f 2262/2977/2265 2200/2976/2227 2223/2978/2266
f 2263/2979/2267 2252/2967/2257 2262/2977/2265
f 2263/2979/2267 2254/2969/2259 2253/2968/2258
f 2265/2980/2268 2264/2981/2269 2266/2982/2270
f 2263/2979/2267 2223/2978/2266 2265/2980/2268
f 2254/2969/2259 2263/2979/2267 2266/2982/2270
f 2267/2983/2271 2269/2984/2272 2268/2985/2273
f 2269/2984/2272 2254/2969/2259 2266/2982/2270
f 2255/2971/2261 2254/2969/2259 2269/2984/2272
f 2257/2972/2262 2255/2971/2261 2269/2984/2272
f 2257/2972/2262 2267/2983/2271 2258/2973/2263
f 2270/2986/2274 2271/2987/2275 1926/2988/1929
f 2013/2989/2018 2270/2986/2274 1926/2988/1929
f 2272/2990/2276 2286/2991/1811 2273/2992/2277
f 2274/2993/2278 2272/2990/2276 2273/2992/2277
f 2278/2994/2279 2274/2993/2278 2273/2992/2277
f 2271/2987/2275 2270/2986/2274 2275/2995/2017
f 2278/2994/2279 2271/2987/2275 2274/2993/2278
f 2284/2996/2280 2274/2993/2278 2275/2995/2017
f 2276/2997/2016 2284/2996/2280 2275/2995/2017
f 2280/2998/2281 2279/2999/2282 2278/3000/2279
f 1919/3001/1923 1925/3002/1928 2279/2999/2282
f 2282/3003/2283 1919/3001/1923 2280/2998/2281
f 2281/3004/2284 2282/3003/2283 2280/2998/2281
f 2282/3003/2283 2281/3004/2284 2283/3005/2285
f 1915/3006/2022 1913/3007/1917 2282/3003/2283
f 2011/3008/2012 1915/3006/2022 2282/3003/2283
f 2277/3009/2014 2011/3008/2012 2283/3005/2285
f 2276/2997/2016 2277/3009/2014 2283/3005/2285
f 2281/3004/2284 2290/3010/2286 2284/2996/2280
f 2276/2997/2016 2283/3005/2285 2284/2996/2280
f 2274/2993/2278 2284/2996/2280 2285/3011/2287
f 2272/2990/2276 2274/2993/2278 2285/3011/2287
f 2286/2991/1811 2272/2990/2276 2180/3012/2188
f 1811/3013/1812 2286/2991/1811 2180/3012/2188
f 2288/3014/2288 2179/3015/2187 2287/3016/2289
f 2178/3017/2176 2179/3015/2187 2288/3014/2288
f 2292/3018/2290 2178/3017/2176 2288/3014/2288
f 2178/3017/2176 2292/3018/2290 2181/3019/2186
f 2272/2990/2276 2285/3011/2287 2287/3016/2289
f 2289/3020/2291 2288/3014/2288 2290/3010/2286
f 2281/3004/2284 2280/2998/2281 2291/3021/2292
f 2289/3020/2291 2281/3004/2284 2291/3021/2292
f 2291/3021/2292 2278/3000/2279 2273/3022/2277
f 1812/2434/1814 2291/3021/2292 1810/2430/1810
f 2181/3019/2186 2292/3018/2290 1812/2434/1814
f 2162/2433/1813 2181/3019/2186 1812/2434/1814
f 2030/3023/2035 2042/3024/2048 2031/3025/2038
f 2042/3024/2048 1923/2549/1926 2031/3025/2038
f 2295/3026/2293 2077/3027/2086 2032/3028/2037
f 1923/2549/1926 2295/3026/2293 2031/3025/2038
f 2080/3029/2090 2077/3027/2086 2295/3026/2293
f 1923/2549/1926 1922/2547/1924 2080/3029/2090
f 2080/3029/2090 1922/2547/1924 2296/3030/2294
f 2298/3031/2295 2297/3032/2296 2296/3030/2294
f 1922/2547/1924 1921/2554/1931 2296/3030/2294
f 2296/3030/2294 1921/2554/1931 1945/2571/1948
f 2298/3031/2295 1945/2571/1948 1947/2575/1952
f 1947/2575/1952 2068/3033/2297 2299/3034/2298
f 2298/3031/2295 2299/3034/2298 2297/3032/2296
f 2293/3035/2091 2081/3036/2089 2297/3032/2296
f 2300/3037/2299 2293/3035/2091 2297/3032/2296
f 2300/3037/2299 2294/3038/2300 2293/3035/2091
f 2300/3037/2299 2063/3039/2071 2301/3040/2301
f 2294/3038/2300 2307/3041/2302 2302/3042/2303
f 2307/3041/2302 2305/3043/2304 2302/3042/2303
f 2306/3044/2305 2303/3045/2306 2304/3046/2307
f 2063/3039/2071 2065/3047/2070 2301/3040/2301
f 2065/3047/2070 1949/3048/2073 2301/3040/2301
f 1972/3049/2308 2301/3040/2301 1952/2600/1977
f 2294/3038/2300 2301/3040/2301 1972/3049/2308
f 1972/3049/2308 1969/2595/1972 2307/3041/2302
f 2308/3050/2309 2309/3051/2115 2306/3044/2305
f 2309/3051/2115 2310/3052/2310 2306/3044/2305
f 2199/2904/2204 2311/3053/2311 2306/3044/2305
f 2303/3045/2306 2306/3044/2305 2311/3053/2311
f 2303/3045/2306 2311/3053/2311 2199/2904/2204
f 2092/2903/2100 2303/3045/2306 2199/2904/2204
f 2093/3054/2102 2094/3055/2101 2303/3045/2306
f 2092/2903/2100 2093/3054/2102 2303/3045/2306
f 2094/3055/2101 2294/3038/2300 2302/3042/2303
f 2293/3035/2091 2294/3038/2300 2097/3056/2103
f 2312/3057/2312 2076/3058/2084 2293/3035/2091
f 2312/3057/2312 2077/3027/2086 2076/3058/2084
f 1969/2595/1972 2208/3059/2211 2260/3060/2313
f 2305/3043/2304 1969/2595/1972 2260/3060/2313
f 2260/3060/2313 2208/3059/2211 2207/3061/2210
f 2314/3062/2314 2331/3063/2315 2313/3064/2316
f 2198/2900/2201 2199/2904/2204 2314/3062/2314
f 2091/3065/2317 2331/3063/2315 2314/3062/2314
f 2091/3065/2317 2314/3062/2314 2315/3066/2318
f 2315/3066/2318 2199/2904/2204 2310/3052/2310
f 2310/3052/2310 2108/3067/2114 2315/3066/2318
f 2309/3051/2115 2108/3067/2114 2310/3052/2310
f 2308/3050/2309 2103/3068/2112 2309/3051/2115
f 2099/3069/2107 2103/3068/2112 2308/3050/2309
f 2308/3050/2309 2260/3060/2313 2099/3069/2107
f 2099/3069/2107 2260/3060/2313 2102/3070/2252
f 2316/3071/2319 2318/3072/2320 2317/3073/2321
f 2320/2543/1920 2319/3074/2322 2318/3072/2320
f 2324/3075/2323 2323/3076/2324 2318/3072/2320
f 2324/3075/2323 2318/3072/2320 2316/3071/2319
f 1934/2559/1936 1935/2560/1937 2324/3075/2323
f 2316/3071/2319 2317/3073/2321 1934/2559/1936
f 1842/3077/1844 1931/2556/1933 1934/2559/1936
f 1840/3078/1842 1842/3077/1844 1934/2559/1936
f 2317/3073/2321 2319/3074/2322 2325/2542/1919
f 1838/2539/1839 1840/3078/1842 2317/3073/2321
f 2319/3074/2322 2320/2543/1920 2325/2542/1919
f 2326/3079/2325 1918/2545/1922 1917/2544/1921
f 2326/3079/2325 2321/3080/2326 2322/3081/2327
f 1927/2553/1930 1918/2545/1922 2326/3079/2325
f 2323/3076/2324 2327/3082/2328 1928/2555/1932
f 1928/2555/1932 1927/2553/1930 2322/3081/2327
f 2323/3076/2324 2324/3075/2323 2327/3082/2328
f 1935/2560/1937 1928/2555/1932 2327/3082/2328
f 1841/3083/1843 1931/2556/1933 1842/3077/1844
f 1931/2556/1933 1841/3083/1843 1844/3084/1848
f 1930/2557/1934 1931/2556/1933 1844/3084/1848
f 1844/3084/1848 1929/2578/1955 1930/2557/1934
f 2077/3027/2086 2312/3057/2312 2097/3056/2103
f 2035/3085/2040 2328/3086/2329 2032/3028/2037
f 2077/3027/2086 2097/3056/2103 2032/3028/2037
f 2034/3087/2039 2032/3028/2037 2328/3086/2329
f 2224/2930/2226 2220/2927/2223 2329/3088/2330
f 2223/3089/2266 2224/2930/2226 2329/3088/2330
f 2264/3090/2269 2265/3091/2268 2329/3088/2330
f 2330/3092/2331 2264/3090/2269 2329/3088/2330
f 2215/3093/2218 2330/3092/2331 2218/3094/2219
f 2330/3092/2331 2215/3093/2218 2258/3095/2263
f 2267/3096/2271 2268/3097/2273 2330/3092/2331
f 2197/3098/2203 2313/3099/2316 2331/3100/2315
f 2091/3101/2317 2092/2740/2100 2331/3100/2315
f 2332/2430/2332 2333/2432/2333 2809/2431/2334
f 2685/2433/2335 2333/2432/2333 2332/2430/2332
f 2332/2430/2332 2334/2434/2336 2685/2433/2335
f 2335/2435/2337 2336/2437/2338 2337/2436/2339
f 2342/2438/2340 2340/2440/2341 2338/2439/2342
f 2346/2441/2343 2344/2442/2344 2342/2438/2340
f 2338/2439/2342 2346/2441/2343 2342/2438/2340
f 2336/2437/2338 2346/2441/2343 2338/2439/2342
f 2372/2443/2345 2348/2445/2346 2349/2444/2347
f 2351/2446/2348 2372/2443/2345 2350/2447/2349
f 2372/2443/2345 2351/2446/2348 2346/2441/2343
f 2351/2446/2348 2345/2448/2350 2346/2441/2343
f 2343/2449/2351 2351/2446/2348 2350/2447/2349
f 2343/2449/2351 2352/2451/2352 2353/2450/2353
f 2343/2449/2351 2353/2450/2353 2341/2452/2354
f 2356/2453/2355 2354/2455/2356 2355/2454/2357
f 2341/2452/2354 2354/2455/2356 2356/2453/2355
f 2341/2452/2354 2356/2453/2355 2339/2456/2358
f 2356/2453/2355 2358/2457/2359 2339/2456/2358
f 2357/2458/2360 2356/2453/2355 2355/2454/2357
f 2360/2459/2361 2358/2457/2359 2359/3102/2362
f 2358/2457/2359 2361/2461/2363 2339/2456/2358
f 2362/2462/2364 2361/2461/2363 2360/2459/2361
f 2340/2440/2341 2364/2464/2365 2363/2463/2366
f 2361/2461/2363 2340/2440/2341 2339/2456/2358
f 2340/2440/2341 2363/2463/2366 2347/2465/2367
f 2365/2466/2368 2367/3103/2369 2337/2436/2339
f 2366/2468/2370 2367/3103/2369 2365/2466/2368
f 2337/2436/2339 2545/2470/2371 2368/2469/2372
f 2368/2469/2372 2335/2435/2337 2337/2436/2339
f 2369/2471/2373 2370/2472/2374 2368/2469/2372
f 2368/2469/2372 2370/2472/2374 2335/2435/2337
f 2354/2455/2356 2373/2473/2375 2355/2454/2357
f 2374/2474/2376 2354/2455/2356 2353/2450/2353
f 2353/2450/2353 2375/2475/2377 2374/2474/2376
f 2352/2451/2352 2377/2476/2378 2353/2450/2353
f 2350/2447/2349 2376/2477/2379 2352/2451/2352
f 2378/2478/2380 2376/2477/2379 2350/2447/2349
f 2372/2443/2345 2378/2478/2380 2350/2447/2349
f 2379/2479/2381 2372/2443/2345 2371/3104/2382
f 2378/2478/2380 2372/2443/2345 2379/2479/2381
f 2375/2475/2377 2380/2481/2383 2374/2474/2376
f 2381/2482/2384 2375/2475/2377 2377/2476/2378
f 2380/2481/2383 2375/2475/2377 2381/2482/2384
f 2383/2483/2385 2381/2482/2384 2382/2484/2386
f 2381/2482/2384 2383/2483/2385 2380/2481/2383
f 2382/2484/2386 2381/2482/2384 2384/2485/2387
f 2382/2484/2386 2384/2485/2387 2385/2486/2388
f 2386/3105/2389 2384/2485/2387 2377/2476/2378
f 2387/2488/2390 2376/2477/2379 2378/2478/2380
f 2377/2476/2378 2387/2488/2390 2386/3105/2389
f 2388/2489/2391 2387/2488/2390 2378/2478/2380
f 2379/2479/2381 2388/2489/2391 2378/2478/2380
f 2371/3104/2382 2389/2490/2392 2379/2479/2381
f 2388/2489/2391 2389/2490/2392 2390/2491/2393
f 2390/2491/2393 2389/2490/2392 2391/2492/2394
f 2392/2493/2395 2389/2490/2392 2371/3104/2382
f 2391/2492/2394 2392/2493/2395 2393/3106/2396
f 2392/2493/2395 2394/2495/2397 2393/3106/2396
f 2396/3107/2398 2392/2493/2395 2371/3104/2382
f 2392/2493/2395 2396/3107/2398 2394/2495/2397
f 2397/3108/2399 2396/3107/2398 2398/2498/2400
f 2397/3108/2399 2398/2498/2400 2672/2499/2401
f 2349/2444/2347 2398/2498/2400 2371/3104/2382
f 2399/2500/2402 2349/2444/2347 2348/2445/2346
f 2372/2443/2345 2349/2444/2347 2371/3104/2382
f 2388/2489/2391 2400/2501/2403 2387/2488/2390
f 2401/2502/2404 2400/2501/2403 2404/2503/2405
f 2385/2486/2388 2386/3105/2389 2401/2502/2404
f 2403/2504/2406 2401/2502/2404 2402/2505/2407
f 2401/2502/2404 2403/2504/2406 2385/2486/2388
f 2402/2505/2407 2404/2503/2405 2414/2506/2408
f 2391/2492/2394 2405/2507/2409 2390/2491/2393
f 2405/2507/2409 2391/2492/2394 2406/2508/2410
f 2406/2508/2410 2407/2509/2411 2405/2507/2409
f 2407/2509/2411 2406/2508/2410 2408/2510/2412
f 2408/2510/2412 2409/2511/2413 2407/2509/2411
f 2409/2511/2413 2410/2512/2414 2407/2509/2411
f 2411/2513/2415 2409/2511/2413 2408/2510/2412
f 2710/2514/2416 2409/2511/2413 2411/2513/2415
f 2413/2515/2417 2710/2514/2416 2412/2516/2418
f 2410/2512/2414 2413/2515/2417 2407/2509/2411
f 2413/2515/2417 2412/2516/2418 2402/2505/2407
f 2413/2515/2417 2414/2506/2408 2407/2509/2411
f 2402/2505/2407 2414/2506/2408 2413/2515/2417
f 2416/2517/2419 2369/2471/2373 2415/2518/2420
f 2369/2471/2373 2416/2517/2419 2370/2472/2374
f 2419/2519/2421 2420/2521/2422 2418/2520/2423
f 2416/2517/2419 2419/2519/2421 2335/2435/2337
f 2417/2522/2424 2419/2519/2421 2416/2517/2419
f 2419/2519/2421 2336/2437/2338 2335/2435/2337
f 2421/2523/2425 2419/2519/2421 2418/2520/2423
f 2422/2524/2426 2423/2526/2427 2424/2525/2428
f 2421/2523/2425 2422/2524/2426 2336/2437/2338
f 2418/2520/2423 2423/2526/2427 2421/2523/2425
f 2422/2524/2426 2346/2441/2343 2336/2437/2338
f 2422/2524/2426 2348/2445/2346 2346/2441/2343
f 2427/2527/2429 2429/2529/2430 2426/2528/2431
f 2425/2530/2432 2428/2531/2433 2429/2529/2430
f 2426/2528/2431 2431/2533/2434 2430/2532/2435
f 2430/2532/2435 2432/3109/2436 2433/2534/2437
f 2434/2536/2438 2432/3109/2436 2431/2533/2434
f 2433/2534/2437 2425/2538/2432 2427/2537/2429
f 2432/3109/2436 2428/2531/2433 2425/2538/2432
f 2428/2531/2433 2431/2533/2434 2429/2529/2430
f 2360/2539/2361 2436/2541/2439 2435/2540/2440
f 2435/2540/2440 2848/2542/2441 2360/2539/2361
f 2435/2540/2440 2439/2544/2442 2843/2543/2443
f 2439/2544/2442 2441/2546/2444 2440/2545/2445
f 2441/2546/2444 2439/2544/2442 2435/2540/2440
f 2444/3110/2446 2442/2548/2447 2440/2545/2445
f 2444/3110/2446 2440/2545/2445 2445/2549/2448
f 2440/2545/2445 2446/2550/2449 2445/2549/2448
f 2447/2551/2450 2448/2552/2451 2446/2550/2449
f 2442/2548/2447 2449/2553/2452 2440/2545/2445
f 2449/2553/2452 2442/2548/2447 2443/2554/2453
f 2450/2555/2454 2449/2553/2452 2443/2554/2453
f 2453/2556/2455 2454/2558/2456 2452/2557/2457
f 2456/2559/2458 2454/2558/2456 2453/2556/2455
f 2457/2560/2459 2454/2558/2456 2456/2559/2458
f 2457/2560/2459 2459/2562/2460 2455/2561/2461
f 2460/2563/2462 2457/2560/2459 2450/2555/2454
f 2458/2564/2463 2457/2560/2459 2460/2563/2462
f 2461/2565/2464 2460/2563/2462 2450/2555/2454
f 2462/2566/2465 2461/2565/2464 2450/2555/2454
f 2461/2565/2464 2462/2566/2465 2463/2567/2466
f 2450/2555/2454 2464/2568/2467 2462/2566/2465
f 2465/2569/2468 2450/2555/2454 2443/2554/2453
f 2465/2569/2468 2467/2571/2469 2466/2570/2470
f 2443/2554/2453 2467/2571/2469 2465/2569/2468
f 2468/3111/2471 2470/2574/2472 2499/2573/2473
f 2470/2574/2472 2468/3111/2471 2469/2575/2474
f 2470/2574/2472 2472/2576/2475 2499/2573/2473
f 2472/2576/2475 2473/2577/2476 2499/2573/2473
f 2452/2557/2457 2454/2558/2456 2455/2561/2461
f 2452/2557/2457 2475/2579/2477 2451/2578/2478
f 2455/2561/2461 2475/2579/2477 2452/2557/2457
f 2455/2561/2461 2476/2581/2479 2543/2580/2480
f 2476/2581/2479 2459/2562/2460 2458/2564/2463
f 2477/2582/2481 2464/2568/2467 2465/2569/2468
f 2464/2568/2467 2477/2582/2481 2479/2583/2482
f 2464/2568/2467 2480/2585/2483 2481/2584/2484
f 2481/2584/2484 2482/2586/2485 2463/2567/2466
f 2484/2587/2486 2482/2586/2485 2481/2584/2484
f 2483/2588/2487 2482/2586/2485 2484/2587/2486
f 2484/2587/2486 2480/2585/2483 2479/2583/2482
f 2479/2583/2482 2485/2589/2488 2484/2587/2486
f 2485/2589/2488 2477/2582/2481 2478/2590/2489
f 2488/2591/2490 2487/2593/2491 2490/2592/2492
f 2733/2594/2493 2490/2592/2492 2491/2595/2494
f 2488/2591/2490 2490/2592/2492 2733/2594/2493
f 2493/2596/2495 2490/2592/2492 2492/2597/2496
f 2490/2592/2492 2493/2596/2495 2491/2595/2494
f 2496/2598/2497 2492/2597/2496 2495/2599/2498
f 2492/2597/2496 2496/2598/2497 2493/2596/2495
f 2474/2600/2499 2496/2598/2497 2497/2601/2500
f 2497/2601/2500 2473/2577/2476 2474/2600/2499
f 2498/2602/2501 2497/2601/2500 2511/2603/2502
f 2473/2577/2476 2497/2601/2500 2498/2602/2501
f 2499/2573/2473 2498/2602/2501 2502/2604/2503
f 2501/2605/2504 2502/2604/2503 2500/2606/2505
f 2500/2606/2505 2503/2607/2506 2501/2605/2504
f 2466/2570/2470 2503/2607/2506 2504/2608/2507
f 2466/2570/2470 2504/2608/2507 2465/2569/2468
f 2504/2608/2507 2477/2582/2481 2465/2569/2468
f 2505/2609/2508 2495/2599/2498 2487/2593/2491
f 2486/2610/2509 2507/2612/2510 2508/2611/2511
f 2508/2611/2511 2505/2609/2508 2486/2610/2509
f 2508/2611/2511 2495/2599/2498 2505/2609/2508
f 2509/3112/2512 2511/2603/2502 2495/2599/2498
f 2510/2614/2513 2511/2603/2502 2509/3112/2512
f 2512/2615/2514 2511/2603/2502 2510/2614/2513
f 2514/2616/2515 2502/2604/2503 2511/2603/2502
f 2514/2616/2515 2512/2615/2514 2513/3113/2516
f 2500/2606/2505 2514/2616/2515 2513/3113/2516
f 2517/2618/2517 2515/2619/2518 2500/2606/2505
f 2519/2620/2519 2517/2618/2517 2516/2621/2520
f 2515/2619/2518 2517/2618/2517 2519/2620/2519
f 2519/2620/2519 2478/2590/2489 2515/2619/2518
f 2523/2622/2521 2522/2624/2522 2518/2623/2523
f 2520/2625/2524 2523/2622/2521 2524/2626/2525
f 2523/2622/2521 2518/2623/2523 2516/2621/2520
f 2525/3114/2526 2523/2622/2521 2516/2621/2520
f 2519/2620/2519 2485/2589/2488 2478/2590/2489
f 2522/2624/2522 2526/2628/2527 2519/2620/2519
f 2526/2628/2527 2520/2625/2524 2521/2629/2528
f 2526/2628/2527 2483/2588/2487 2485/2589/2488
f 2521/2629/2528 2483/2588/2487 2526/2628/2527
f 2482/2630/2485 2521/2629/2528 2463/2631/2466
f 2483/2632/2487 2521/2629/2528 2482/2630/2485
f 2463/2631/2466 2527/2634/2529 2461/2633/2464
f 2524/2626/2525 2463/2631/2466 2520/2625/2524
f 2458/2635/2463 2527/2634/2529 2528/2636/2530
f 2525/3114/2526 2527/2634/2529 2524/2626/2525
f 2529/2637/2531 2527/2634/2529 2525/3114/2526
f 2525/3114/2526 2530/3115/2532 2529/2637/2531
f 2531/3116/2533 2532/2641/2534 2533/2640/2535
f 2533/2640/2535 2534/2643/2536 2800/2642/2537
f 2799/2644/2538 2534/2643/2536 2798/2645/2539
f 2534/2643/2536 2536/2647/2540 2535/2646/2541
f 2532/2641/2534 2536/2647/2540 2534/2643/2536
f 2535/2646/2541 2537/2649/2542 2448/2648/2451
f 2448/2648/2451 2537/2649/2542 2446/2650/2449
f 2533/2640/2535 2437/2652/2543 2438/2651/2544
f 2538/2653/2545 2533/2640/2535 2438/2651/2544
f 2538/2653/2545 2415/2654/2420 2531/3116/2533
f 2415/2654/2420 2538/2653/2545 2698/2655/2546
f 2415/2654/2420 2539/2656/2547 2531/3116/2533
f 2539/2656/2547 2540/2657/2548 2529/2637/2531
f 2540/2657/2548 2539/2656/2547 2369/2658/2373
f 2540/2657/2548 2541/2659/2549 2528/2636/2530
f 2475/2660/2477 2542/2662/2550 2451/2661/2478
f 2458/2635/2463 2460/2663/2462 2461/2633/2464
f 2544/2664/2551 2366/2665/2370 2451/2661/2478
f 2540/2657/2548 2544/2664/2551 2542/2662/2550
f 2540/2657/2548 2545/2667/2371 2367/2666/2369
f 2369/2658/2373 2545/2667/2371 2540/2657/2548
f 2536/2647/2540 2537/2649/2542 2535/2646/2541
f 2536/2647/2540 2546/2668/2552 2537/2649/2542
f 2446/2650/2449 2546/2668/2552 2445/2669/2448
f 2548/2670/2553 2546/2668/2552 2536/2647/2540
f 2547/2671/2554 2549/2672/2555 2445/2669/2448
f 2549/2672/2555 2547/2671/2554 2548/2670/2553
f 2550/2673/2556 2549/2672/2555 2548/2670/2553
f 2552/2674/2557 2550/2673/2556 2551/2675/2558
f 2554/2676/2559 2553/2677/2560 2551/2675/2558
f 2551/2675/2558 2556/2678/2561 2554/2676/2559
f 2557/2679/2562 2556/2678/2561 2555/2680/2563
f 2557/2679/2562 2555/2680/2563 2559/2681/2564
f 2558/2682/2565 2559/2681/2564 2596/2683/2566
f 2561/2684/2567 2559/2681/2564 2555/2680/2563
f 2596/2683/2566 2561/2684/2567 2560/2685/2568
f 2548/2670/2553 2561/2684/2567 2550/2673/2556
f 2563/2686/2569 2560/2685/2568 2548/2670/2553
f 2549/2672/2555 2564/2687/2570 2445/2669/2448
f 2563/2686/2569 2580/2689/2571 2565/2688/2572
f 2580/2689/2571 2563/2686/2569 2548/2670/2553
f 2567/2690/2573 2565/2688/2572 2566/2691/2574
f 2565/2688/2572 2568/2692/2575 2563/2686/2569
f 2563/2686/2569 2568/2692/2575 2569/2693/2576
f 2568/2692/2575 2571/2694/2577 2569/2693/2576
f 2567/2690/2573 2571/2694/2577 2568/2692/2575
f 2573/2695/2578 2569/2693/2576 2579/2696/2579
f 2574/2697/2580 2509/3112/2512 2508/2611/2511
f 2509/3112/2512 2574/2697/2580 2575/2698/2581
f 2577/2699/2582 2510/2614/2513 2509/3112/2512
f 2578/2700/2583 2577/2699/2582 2576/2701/2584
f 2510/2614/2513 2577/2699/2582 2578/2700/2583
f 2510/2614/2513 2579/2696/2579 2512/2615/2514
f 2579/2696/2579 2578/2700/2583 2573/2695/2578
f 2579/2696/2579 2569/2693/2576 2512/2615/2514
f 2517/2618/2517 2513/3113/2516 2571/2694/2577
f 2516/2621/2520 2517/2618/2517 2571/2694/2577
f 2570/2702/2585 2516/2621/2520 2571/2694/2577
f 2570/2702/2585 2525/3114/2526 2516/2621/2520
f 2570/2702/2585 2567/2690/2573 2530/3115/2532
f 2567/2690/2573 2570/2702/2585 2571/2694/2577
f 2567/2690/2573 2566/2691/2574 2532/2641/2534
f 2532/2641/2534 2580/2689/2571 2536/2647/2540
f 2536/2647/2540 2580/2689/2571 2548/2670/2553
f 2572/2703/2586 2562/2704/2587 2569/2693/2576
f 2562/2704/2587 2583/2706/2588 2581/2705/2589
f 2572/2703/2586 2583/2706/2588 2562/2704/2587
f 2584/2707/2590 2582/2708/2591 2572/2703/2586
f 2587/2709/2592 2584/2707/2590 2585/2710/2593
f 2584/2707/2590 2586/2711/2594 2582/2708/2591
f 2471/2712/2595 2588/3117/2596 2587/2709/2592
f 2576/2701/2584 2588/3117/2596 2573/2695/2578
f 2588/3117/2596 2589/2714/2597 2573/2695/2578
f 2471/2712/2595 2589/2714/2597 2588/3117/2596
f 2469/2715/2474 2589/2714/2597 2471/2712/2595
f 2589/2714/2597 2591/2716/2598 2573/2695/2578
f 2573/2695/2578 2591/2716/2598 2572/2703/2586
f 2591/2716/2598 2584/2707/2590 2572/2703/2586
f 2586/2711/2594 2576/2701/2584 2593/2717/2599
f 2582/2708/2591 2586/2711/2594 2593/2717/2599
f 2593/2717/2599 2583/2706/2588 2582/2708/2591
f 2592/2718/2600 2583/2706/2588 2594/2719/2601
f 2595/2720/2602 2592/2718/2600 2609/2721/2603
f 2609/2721/2603 2592/2718/2600 2594/2719/2601
f 2592/2718/2600 2596/2683/2566 2597/2722/2604
f 2605/2723/2605 2597/2722/2604 2598/2724/2606
f 2600/2725/2607 2597/2722/2604 2560/2685/2568
f 2599/2726/2608 2597/2722/2604 2600/2725/2607
f 2562/2704/2587 2600/2725/2607 2560/2685/2568
f 2601/2727/2609 2600/2725/2607 2562/2704/2587
f 2604/2728/2610 2601/2727/2609 2562/2704/2587
f 2603/2729/2611 2601/2727/2609 2604/2728/2610
f 2601/2727/2609 2603/2729/2611 2602/2730/2612
f 2604/2728/2610 2605/2723/2605 2816/2731/2613
f 2592/2718/2600 2604/2728/2610 2581/2705/2589
f 2816/2731/2613 2605/2723/2605 2598/2724/2606
f 2608/2732/2614 2606/2734/2615 2607/2733/2616
f 2606/2734/2615 2593/2717/2599 2607/2733/2616
f 2609/2721/2603 2594/2719/2601 2606/2734/2615
f 2609/2721/2603 2617/3118/2617 2595/2720/2602
f 2574/2697/2580 2593/2717/2599 2575/2698/2581
f 2607/2733/2616 2574/2697/2580 2610/2736/2618
f 2608/2732/2614 2607/2733/2616 2633/2737/2619
f 2612/2738/2620 2608/2732/2614 2633/2737/2619
f 2611/2739/2621 2606/2734/2615 2608/2732/2614
f 2606/2734/2615 2614/2740/2622 2609/2721/2603
f 2616/2741/2623 2617/3118/2617 2615/2742/2624
f 2619/2743/2625 2618/2744/2626 2616/2741/2623
f 2620/2745/2627 2619/2743/2625 2557/2679/2562
f 2595/2720/2602 2618/2744/2626 2620/2745/2627
f 2620/2745/2627 2558/2682/2565 2595/2720/2602
f 2558/2682/2565 2620/2745/2627 2559/2681/2564
f 2626/2746/2628 2622/2748/2629 2621/2747/2630
f 2626/2746/2628 2627/2750/2631 2623/2749/2632
f 2628/3119/2633 2626/2746/2628 2625/2752/2634
f 2629/2753/2635 2832/2755/2636 2630/2754/2637
f 2627/2750/2631 2628/3119/2633 2629/2753/2635
f 2631/2756/2638 2629/2753/2635 2632/2757/2639
f 2627/2750/2631 2629/2753/2635 2638/2758/2640
f 2632/2757/2639 2629/2753/2635 2630/2754/2637
f 2612/2738/2620 2632/2757/2639 2611/2739/2621
f 2632/2757/2639 2612/2738/2620 2631/2756/2638
f 2633/2737/2619 2631/2756/2638 2612/2738/2620
f 2633/2737/2619 2634/2759/2641 2631/2756/2638
f 2636/2760/2642 2634/2759/2641 2633/2737/2619
f 2635/2761/2643 2506/2762/2644 2634/2759/2641
f 2489/2763/2645 2636/2760/2642 2507/2612/2510
f 2506/2762/2644 2636/2760/2642 2489/2763/2645
f 2507/2612/2510 2636/2760/2642 2610/2736/2618
f 2574/2697/2580 2507/2612/2510 2610/2736/2618
f 2631/2756/2638 2634/2759/2641 2637/2764/2646
f 2637/2764/2646 2638/2758/2640 2631/2756/2638
f 2623/2749/2632 2638/2758/2640 2637/2764/2646
f 2640/2765/2647 2643/2767/2648 2639/2766/2649
f 2640/2765/2647 2642/2768/2650 2643/2767/2648
f 2639/2766/2649 2643/2767/2648 2708/2769/2651
f 2708/2769/2651 2645/2771/2652 2646/2770/2653
f 2646/2770/2653 2647/2773/2654 2640/2772/2647
f 2645/2771/2652 2642/2774/2650 2647/2773/2654
f 2644/2775/2655 2641/2776/2656 2645/2771/2652
f 2642/2768/2650 2644/2775/2655 2643/2767/2648
f 2649/2777/2657 2650/2779/2658 2651/2778/2659
f 2648/2780/2660 2650/2779/2658 2649/2777/2657
f 2649/2777/2657 2653/2782/2661 2652/2781/2662
f 2652/2781/2662 2653/2782/2661 2654/2783/2663
f 2653/2782/2661 2655/2784/2664 2654/2783/2663
f 2651/2778/2659 2655/2785/2664 2653/2782/2661
f 2654/2786/2663 2650/2779/2658 2656/2787/2665
f 2659/2788/2666 2662/2790/2667 2658/2789/2668
f 2657/2791/2669 2661/2792/2670 2662/2790/2667
f 2658/2789/2668 2664/2794/2671 2663/2793/2672
f 2663/2793/2672 2665/2796/2673 2666/2795/2674
f 2666/2795/2674 2657/2798/2669 2659/2797/2666
f 2665/2796/2673 2660/2799/2675 2657/2798/2669
f 2664/2794/2671 2661/2792/2670 2665/2796/2673
f 2661/2792/2670 2664/2794/2671 2662/2790/2667
f 2667/2800/2676 2659/2802/2666 2658/2801/2668
f 2667/2800/2676 2669/2803/2677 2659/2802/2666
f 2669/2803/2677 2667/2800/2676 2675/2804/2678
f 2666/2805/2674 2669/2803/2677 2668/2806/2679
f 2658/2801/2668 2663/2808/2672 2426/2807/2431
f 2663/2808/2672 2427/2809/2429 2426/2807/2431
f 2663/2808/2672 2433/2810/2437 2427/2809/2429
f 2670/2811/2680 2395/2813/2681 2648/2812/2660
f 2639/2814/2649 2395/2813/2681 2670/2811/2680
f 2397/2815/2399 2671/2816/2682 2395/2813/2681
f 2648/2812/2660 2671/2816/2682 2426/2807/2431
f 2671/2816/2682 2672/2817/2401 2426/2807/2431
f 2426/2807/2431 2673/2818/2683 2658/2801/2668
f 2399/2819/2402 2673/2818/2683 2672/2817/2401
f 2348/2820/2346 2673/2818/2683 2399/2819/2402
f 2673/2818/2683 2674/2821/2684 2658/2801/2668
f 2348/2820/2346 2674/2821/2684 2673/2818/2683
f 2674/2821/2684 2667/2800/2676 2658/2801/2668
f 2675/2804/2678 2674/2821/2684 2424/2822/2428
f 2679/2823/2685 2676/2825/2686 2677/2824/2687
f 2678/3120/2688 2679/2823/2685 2682/3121/2689
f 2682/3121/2689 2680/2828/2690 2681/2827/2691
f 2681/2827/2691 2683/2829/2692 2682/3121/2689
f 2678/3120/2688 2683/2829/2692 2684/2830/2693
f 2684/2830/2693 2683/2829/2692 2686/2831/2694
f 2686/2831/2694 2688/2833/2695 2687/2832/2696
f 2688/2833/2695 2689/2834/2697 2687/2832/2696
f 2689/2834/2697 2701/2836/2698 2690/2835/2699
f 2689/2834/2697 2692/2837/2700 2687/2832/2696
f 2690/2835/2699 2691/2838/2701 2689/2834/2697
f 2693/2839/2702 2691/2838/2701 2677/2824/2687
f 2691/2838/2701 2694/2840/2703 2677/2824/2687
f 2677/2824/2687 2680/2828/2690 2679/2823/2685
f 2678/3120/2688 2676/2825/2686 2679/2823/2685
f 2695/2841/2704 2676/2825/2686 2678/3120/2688
f 2684/2830/2693 2695/2841/2704 2678/3120/2688
f 2695/2841/2704 2373/2843/2375 2374/2842/2376
f 2696/2844/2705 2695/2841/2704 2684/2830/2693
f 2697/2845/2706 2686/2831/2694 2687/2832/2696
f 2696/2844/2705 2697/2845/2706 2355/2846/2357
f 2684/2830/2693 2686/2831/2694 2696/2844/2705
f 2697/2845/2706 2357/2847/2360 2355/2846/2357
f 2436/2848/2439 2697/2845/2706 2687/2832/2696
f 2359/2849/2362 2697/2845/2706 2436/2848/2439
f 2687/2832/2696 2698/2851/2546 2438/2850/2544
f 2417/2852/2424 2698/2851/2546 2687/2832/2696
f 2687/2832/2696 2692/2837/2700 2417/2852/2424
f 2417/2852/2424 2699/2854/2707 2420/2853/2422
f 2699/2854/2707 2692/2837/2700 2693/2839/2702
f 2420/2853/2422 2699/2854/2707 2418/2855/2423
f 2699/2854/2707 2700/2856/2708 2418/2855/2423
f 2700/2856/2708 2423/2857/2427 2418/2855/2423
f 2675/2804/2678 2700/2856/2708 2677/2824/2687
f 2424/2822/2428 2700/2856/2708 2675/2804/2678
f 2704/2858/2709 2701/2836/2698 2688/2833/2695
f 2690/2835/2699 2701/2836/2698 2702/2859/2710
f 2690/2835/2699 2702/2859/2710 2694/2840/2703
f 2703/2860/2711 2680/2828/2690 2694/2840/2703
f 2680/2828/2690 2703/2860/2711 2681/2827/2691
f 2333/2861/2333 2683/2829/2692 2681/2827/2691
f 2685/2862/2335 2683/2829/2692 2333/2861/2333
f 2685/2862/2335 2704/2858/2709 2688/2833/2695
f 2695/2841/2704 2705/2863/2712 2668/2806/2679
f 2374/2842/2376 2705/2863/2712 2695/2841/2704
f 2705/2863/2712 2666/2805/2674 2668/2806/2679
f 2706/2864/2713 2705/2863/2712 2380/2865/2383
f 2666/2805/2674 2705/2863/2712 2706/2864/2713
f 2706/2864/2713 2383/2867/2385 2382/2866/2386
f 2706/2864/2713 2433/2810/2437 2666/2805/2674
f 2433/2810/2437 2706/2864/2713 2707/2868/2714
f 2707/2868/2714 2382/2866/2386 2385/2869/2388
f 2652/2870/2662 2707/2868/2714 2385/2869/2388
f 2652/2870/2662 2385/2869/2388 2646/2871/2653
f 2403/2872/2406 2708/2873/2651 2646/2871/2653
f 2709/2874/2715 2403/2872/2406 2402/2875/2407
f 2708/2873/2651 2403/2872/2406 2709/2874/2715
f 2412/2876/2418 2710/2877/2416 2709/2874/2715
f 2709/2874/2715 2710/2877/2416 2708/2873/2651
f 2710/2877/2416 2711/2878/2716 2708/2873/2651
f 2393/2879/2396 2711/2878/2716 2408/2880/2412
f 2711/2878/2716 2712/2881/2717 2708/2873/2651
f 2708/2873/2651 2712/2881/2717 2639/2814/2649
f 2394/2882/2397 2712/2881/2717 2393/2879/2396
f 2670/2811/2680 2640/2883/2647 2639/2814/2649
f 2670/2811/2680 2649/2884/2657 2640/2883/2647
f 2649/2884/2657 2670/2811/2680 2648/2812/2660
f 2646/2871/2653 2649/2884/2657 2652/2870/2662
f 2426/2807/2431 2656/2885/2665 2648/2812/2660
f 2654/2886/2663 2656/2885/2665 2430/2887/2435
f 2654/2886/2663 2430/2887/2435 2652/2870/2662
f 2430/2887/2435 2433/2810/2437 2652/2870/2662
f 2676/2888/2686 2714/2890/2718 2675/2889/2678
f 2714/2890/2718 2716/2892/2719 2715/2891/2720
f 2669/2893/2677 2714/2890/2718 2717/2894/2721
f 2675/2889/2678 2714/2890/2718 2669/2893/2677
f 2669/2893/2677 2718/2896/2722 2668/2895/2679
f 2668/2895/2679 2713/2898/2723 2676/2897/2686
f 2718/2896/2722 2716/2899/2719 2713/2898/2723
f 2715/2891/2720 2717/2894/2721 2714/2890/2718
f 2721/2900/2724 2720/2902/2725 2719/2901/2726
f 2614/2903/2622 2720/2902/2725 2721/2900/2724
f 2721/2900/2724 2722/2904/2727 2614/2903/2622
f 2726/2905/2728 2724/2907/2729 2725/2906/2730
f 2728/2908/2731 2725/2906/2730 2727/2909/2732
f 2730/2910/2733 2729/2912/2734 2731/2911/2735
f 2729/2912/2734 2728/2908/2731 2731/2911/2735
f 2731/2911/2735 2728/2908/2731 2727/2909/2732
f 2733/2913/2493 2734/2915/2736 2732/2914/2737
f 2734/2915/2736 2727/2909/2732 2725/2906/2730
f 2735/2916/2738 2734/2915/2736 2725/2906/2730
f 2732/2914/2737 2737/2918/2739 2488/2917/2490
f 2489/2919/2645 2737/2918/2739 2736/2920/2740
f 2488/2917/2490 2737/2918/2739 2489/2919/2645
f 2489/2919/2645 2736/2920/2740 2506/2921/2644
f 2738/2922/2741 2740/2924/2742 2741/2923/2743
f 2742/2925/2744 2740/2924/2742 2739/2926/2745
f 2741/2923/2743 2740/2924/2742 2743/2927/2746
f 2744/2928/2747 2740/2924/2742 2742/2925/2744
f 2743/2927/2746 2744/2928/2747 2745/2929/2748
f 2745/2929/2748 2747/2930/2749 2743/2927/2746
f 2723/2931/2750 2747/2930/2749 2745/2929/2748
f 2745/2929/2748 2724/2907/2729 2723/2931/2750
f 2735/2916/2738 2748/2933/2751 2749/2932/2752
f 2725/2906/2730 2748/2933/2751 2735/2916/2738
f 2735/2916/2738 2749/2932/2752 2732/2914/2737
f 2750/2934/2753 2737/2918/2739 2732/2914/2737
f 2752/2935/2754 2736/2920/2740 2751/2936/2755
f 2736/2920/2740 2752/2935/2754 2759/2937/2756
f 2637/2938/2646 2506/2921/2644 2759/2937/2756
f 2753/2939/2757 2637/2938/2646 2759/2937/2756
f 2637/2938/2646 2753/2939/2757 2623/2940/2632
f 2756/2941/2758 2751/2936/2755 2755/2942/2759
f 2757/2943/2760 2752/2935/2754 2756/2941/2758
f 2759/2937/2756 2757/2943/2760 2758/2944/2761
f 2752/2935/2754 2757/2943/2760 2759/2937/2756
f 2758/2944/2761 2753/2939/2757 2759/2937/2756
f 2753/2939/2757 2762/2946/2762 2761/2945/2763
f 2772/2947/2764 2762/2946/2762 2758/2944/2761
f 2758/2944/2761 2762/2946/2762 2753/2939/2757
f 2763/2948/2765 2757/2943/2760 2764/2949/2766
f 2765/2950/2767 2757/2943/2760 2756/2941/2758
f 2764/2949/2766 2765/2950/2767 2766/2951/2768
f 2755/2942/2759 2765/2950/2767 2756/2941/2758
f 2765/2950/2767 2755/2942/2759 2754/2952/2769
f 2754/2952/2769 2767/2953/2770 2765/2950/2767
f 2769/3122/2771 2768/2955/2772 2754/2952/2769
f 2742/2925/2744 2768/2955/2772 2769/3122/2771
f 2769/3122/2771 2770/2956/2773 2742/2925/2744
f 2744/2928/2747 2748/2933/2751 2745/2929/2748
f 2745/2929/2748 2748/2933/2751 2724/2907/2729
f 2769/3122/2771 2749/2932/2752 2770/2956/2773
f 2769/3122/2771 2750/2934/2753 2749/2932/2752
f 2754/2952/2769 2750/2934/2753 2769/3122/2771
f 2761/2945/2763 2622/2957/2629 2623/2940/2632
f 2760/2958/2774 2622/2957/2629 2761/2945/2763
f 2622/2957/2629 2760/2958/2774 2624/2959/2775
f 2729/2960/2734 2771/2961/2776 2760/2958/2774
f 2760/2958/2774 2772/2947/2764 2728/2962/2731
f 2772/2947/2764 2726/2963/2728 2728/2962/2731
f 2763/2948/2765 2773/2964/2777 2758/2944/2761
f 2772/2947/2764 2773/2964/2777 2784/2965/2778
f 2773/2964/2777 2774/3123/2779 2784/2965/2778
f 2764/2949/2766 2773/2964/2777 2763/2948/2765
f 2784/2965/2778 2774/3123/2779 2775/2967/2780
f 2774/3123/2779 2776/3124/2781 2775/2967/2780
f 2766/2951/2768 2776/3124/2781 2764/2949/2766
f 2777/2969/2782 2776/3124/2781 2766/2951/2768
f 2779/2970/2783 2766/2951/2768 2765/2950/2767
f 2778/2971/2784 2779/2970/2783 2780/2972/2785
f 2767/2953/2770 2779/2970/2783 2765/2950/2767
f 2780/2972/2785 2767/2953/2770 2768/2955/2772
f 2781/2973/2786 2782/2974/2787 2738/2922/2741
f 2768/2955/2772 2782/2974/2787 2780/2972/2785
f 2742/2925/2744 2739/2926/2745 2768/2955/2772
f 2782/2974/2787 2739/2926/2745 2738/2922/2741
f 2730/2975/2733 2624/2959/2775 2771/2961/2776
f 2772/2947/2764 2784/2965/2778 2726/2963/2728
f 2723/2976/2750 2784/2965/2778 2785/2977/2788
f 2784/2965/2778 2723/2976/2750 2726/2963/2728
f 2775/2967/2780 2785/2977/2788 2784/2965/2778
f 2785/2977/2788 2746/2978/2789 2723/2976/2750
f 2786/2979/2790 2785/2977/2788 2775/2967/2780
f 2786/2979/2790 2776/3124/2781 2777/2969/2782
f 2788/2980/2791 2789/2982/2792 2787/2981/2793
f 2786/2979/2790 2788/2980/2791 2746/2978/2789
f 2777/2969/2782 2789/2982/2792 2786/2979/2790
f 2790/2983/2794 2791/2985/2795 2792/2984/2796
f 2792/2984/2796 2789/2982/2792 2777/2969/2782
f 2778/2971/2784 2792/2984/2796 2777/2969/2782
f 2780/2972/2785 2792/2984/2796 2778/2971/2784
f 2780/2972/2785 2781/2973/2786 2790/2983/2794
f 2793/2986/2797 2448/2988/2451 2794/2987/2798
f 2535/2989/2541 2448/2988/2451 2793/2986/2797
f 2795/2990/2799 2796/2992/2800 2809/2991/2334
f 2797/2993/2801 2796/2992/2800 2795/2990/2799
f 2801/2994/2802 2796/2992/2800 2797/2993/2801
f 2794/2987/2798 2798/2995/2539 2793/2986/2797
f 2801/2994/2802 2797/2993/2801 2794/2987/2798
f 2807/2996/2803 2798/2995/2539 2797/2993/2801
f 2799/2997/2538 2798/2995/2539 2807/2996/2803
f 2803/2998/2804 2801/3000/2802 2802/2999/2805
f 2441/3001/2444 2802/2999/2805 2447/3002/2450
f 2805/3003/2806 2803/2998/2804 2441/3001/2444
f 2804/3004/2807 2803/2998/2804 2805/3003/2806
f 2805/3003/2806 2806/3005/2808 2804/3004/2807
f 2437/3006/2543 2805/3003/2806 2435/3007/2440
f 2533/3008/2535 2805/3003/2806 2437/3006/2543
f 2800/3009/2537 2806/3005/2808 2533/3008/2535
f 2799/2997/2538 2806/3005/2808 2800/3009/2537
f 2804/3004/2807 2807/2996/2803 2813/3010/2809
f 2799/2997/2538 2807/2996/2803 2806/3005/2808
f 2797/2993/2801 2808/3011/2810 2807/2996/2803
f 2795/2990/2799 2808/3011/2810 2797/2993/2801
f 2809/2991/2334 2703/3012/2711 2795/2990/2799
f 2333/3013/2333 2703/3012/2711 2809/2991/2334
f 2811/3014/2811 2810/3016/2812 2702/3015/2710
f 2701/3017/2698 2811/3014/2811 2702/3015/2710
f 2815/3018/2813 2811/3014/2811 2701/3017/2698
f 2701/3017/2698 2704/3019/2709 2815/3018/2813
f 2795/2990/2799 2810/3016/2812 2808/3011/2810
f 2812/3020/2814 2813/3010/2809 2811/3014/2811
f 2804/3004/2807 2814/3021/2815 2803/2998/2804
f 2812/3020/2814 2814/3021/2815 2804/3004/2807
f 2814/3021/2815 2796/3022/2800 2801/3000/2802
f 2334/2434/2336 2332/2430/2332 2814/3021/2815
f 2704/3019/2709 2334/2434/2336 2815/3018/2813
f 2685/2433/2335 2334/2434/2336 2704/3019/2709
f 2552/3023/2557 2553/3025/2560 2564/3024/2570
f 2564/3024/2570 2553/3025/2560 2445/2549/2448
f 2818/3026/2816 2554/3028/2559 2599/3027/2608
f 2445/2549/2448 2553/3025/2560 2818/3026/2816
f 2602/3029/2612 2818/3026/2816 2599/3027/2608
f 2445/2549/2448 2602/3029/2612 2444/3110/2446
f 2602/3029/2612 2819/3030/2817 2444/3110/2446
f 2821/3031/2818 2819/3030/2817 2820/3125/2819
f 2444/3110/2446 2819/3030/2817 2443/2554/2453
f 2819/3030/2817 2467/2571/2469 2443/2554/2453
f 2821/3031/2818 2469/2575/2474 2467/2571/2469
f 2469/2575/2474 2822/3126/2820 2590/3033/2821
f 2821/3031/2818 2820/3125/2819 2822/3126/2820
f 2816/3035/2613 2820/3125/2819 2603/3036/2611
f 2823/3037/2822 2820/3125/2819 2816/3035/2613
f 2823/3037/2822 2816/3035/2613 2817/3038/2823
f 2823/3037/2822 2824/3040/2824 2585/3039/2593
f 2817/3038/2823 2825/3042/2825 2830/3041/2826
f 2830/3041/2826 2825/3042/2825 2828/3043/2827
f 2829/3044/2828 2827/3046/2829 2826/3045/2830
f 2585/3039/2593 2824/3040/2824 2587/3047/2592
f 2587/3047/2592 2824/3040/2824 2471/3048/2595
f 2494/3049/2831 2474/2600/2499 2824/3040/2824
f 2817/3038/2823 2494/3049/2831 2824/3040/2824
f 2494/3049/2831 2830/3041/2826 2491/2595/2494
f 2831/3050/2832 2829/3044/2828 2832/3051/2636
f 2832/3051/2636 2829/3044/2828 2833/3052/2833
f 2722/2904/2727 2829/3044/2828 2834/3053/2834
f 2826/3045/2830 2834/3053/2834 2829/3044/2828
f 2826/3045/2830 2722/2904/2727 2834/3053/2834
f 2614/2903/2622 2722/2904/2727 2826/3045/2830
f 2615/3054/2624 2826/3045/2830 2616/3055/2623
f 2614/2903/2622 2826/3045/2830 2615/3054/2624
f 2616/3055/2623 2825/3042/2825 2817/3038/2823
f 2816/3035/2613 2619/3056/2625 2817/3038/2823
f 2835/3057/2835 2816/3035/2613 2598/3058/2606
f 2835/3057/2835 2598/3058/2606 2599/3027/2608
f 2491/2595/2494 2783/3060/2836 2731/3059/2735
f 2828/3043/2827 2783/3060/2836 2491/2595/2494
f 2783/3060/2836 2730/3061/2733 2731/3059/2735
f 2837/3062/2837 2836/3064/2838 2854/3063/2839
f 2721/2900/2724 2837/3062/2837 2722/2904/2727
f 2613/3065/2840 2837/3062/2837 2854/3063/2839
f 2613/3065/2840 2838/3066/2841 2837/3062/2837
f 2838/3066/2841 2833/3052/2833 2722/2904/2727
f 2833/3052/2833 2838/3066/2841 2630/3127/2637
f 2832/3051/2636 2833/3052/2833 2630/3127/2637
f 2831/3050/2832 2832/3051/2636 2625/3068/2634
f 2621/3069/2630 2831/3050/2832 2625/3068/2634
f 2831/3050/2832 2621/3069/2630 2783/3060/2836
f 2621/3069/2630 2624/3070/2775 2783/3060/2836
f 2839/3071/2842 2840/3073/2843 2841/3072/2844
f 2843/2543/2443 2841/3072/2844 2842/3074/2845
f 2847/3075/2846 2841/3072/2844 2846/3128/2847
f 2847/3075/2846 2839/3071/2842 2841/3072/2844
f 2456/2559/2458 2847/3075/2846 2457/2560/2459
f 2839/3071/2842 2456/2559/2458 2840/3073/2843
f 2364/3077/2365 2456/2559/2458 2453/2556/2455
f 2362/3078/2364 2456/2559/2458 2364/3077/2365
f 2840/3073/2843 2848/2542/2441 2842/3074/2845
f 2360/2539/2361 2840/3073/2843 2362/3078/2364
f 2842/3074/2845 2848/2542/2441 2843/2543/2443
f 2849/3079/2848 2439/2544/2442 2440/2545/2445
f 2849/3079/2848 2845/3081/2849 2844/3080/2850
f 2449/2553/2452 2849/3079/2848 2440/2545/2445
f 2846/3128/2847 2450/2555/2454 2850/3082/2851
f 2450/2555/2454 2845/3081/2849 2449/2553/2452
f 2846/3128/2847 2850/3082/2851 2847/3075/2846
f 2457/2560/2459 2850/3082/2851 2450/2555/2454
f 2363/3083/2366 2364/3077/2365 2453/2556/2455
f 2453/2556/2455 2366/3084/2370 2363/3083/2366
f 2452/2557/2457 2366/3084/2370 2453/2556/2455
f 2366/3084/2370 2452/2557/2457 2451/2578/2478
f 2599/3027/2608 2619/3056/2625 2835/3057/2835
f 2557/3085/2562 2554/3028/2559 2851/3086/2852
f 2599/3027/2608 2554/3028/2559 2619/3056/2625
f 2556/3087/2561 2851/3086/2852 2554/3028/2559
f 2747/2930/2749 2852/3088/2853 2743/2927/2746
f 2746/3089/2789 2852/3088/2853 2747/2930/2749
f 2787/3090/2793 2852/3088/2853 2788/3091/2791
f 2853/3092/2854 2852/3088/2853 2787/3090/2793
f 2738/3093/2741 2741/3094/2743 2853/3092/2854
f 2853/3092/2854 2781/3095/2786 2738/3093/2741
f 2790/3096/2794 2853/3092/2854 2791/3097/2795
f 2720/3098/2725 2854/3100/2839 2836/3099/2838
f 2613/3101/2840 2854/3100/2839 2614/2740/2622
f 1815/2436/1816 1816/2439/1819 1814/2437/1817
f 1820/2438/1818 1818/2440/1820 1817/2456/1836
f 1825/2465/1845 1818/2440/1820 1816/2439/1819
f 1820/2438/1818 1817/2456/1836 1819/2452/1832
f 1819/2452/1832 1821/2449/1829 1820/2438/1818
f 1822/2442/1822 1820/2438/1818 1821/2449/1829
f 1821/2449/1829 1823/2448/1828 1822/2442/1822
f 1824/2441/1821 1822/2442/1822 1823/2448/1828
f 1815/2436/1816 1825/2465/1845 1816/2439/1819
f 1850/2443/1823 1826/2445/1825 1824/2441/1821
f 1821/2449/1829 1829/2446/1826 1823/2448/1828
f 1821/2449/1829 1830/2451/1831 1828/2447/1827
f 1819/2452/1832 1832/2455/1835 1831/2450/1830
f 1834/2453/1833 1836/2457/1837 1835/2458/1838
f 1837/2460/1840 1835/2458/1838 1836/2457/1837
f 1838/2459/1839 1836/2457/1837 1839/2461/1841
f 1818/2440/1820 1842/2464/1844 1839/2461/1841
f 1840/2462/1842 1839/2461/1841 1842/2464/1844
f 1825/2465/1845 1843/2466/1846 1841/2463/1843
f 1844/2468/1848 1841/2463/1843 1843/2466/1846
f 1815/2436/1816 1843/2466/1846 1825/2465/1845
f 1815/2436/1816 2023/2470/1850 1845/2467/1847
f 1852/2474/1854 1832/2455/1835 1851/2473/1853
f 1831/2450/1830 1853/2475/1855 1855/2476/1856
f 1855/2476/1856 1854/2477/1857 1830/2451/1831
f 1855/2476/1856 1859/2482/1862 1862/2485/1865
f 1855/2476/1856 1865/2488/1868 1854/2477/1857
f 1866/2489/1869 1867/2490/1870 1857/2479/1859
f 1870/2493/1873 1867/2490/1870 1869/2492/1872
f 1873/3129/2159 1874/2496/1876 1872/2495/1875
f 1849/2480/1860 1874/2496/1876 1876/2498/1878
f 1875/2497/1877 1874/2496/1876 1873/3129/2159
f 1827/2444/1824 1876/2498/1878 1877/2500/1880
f 2150/2499/1879 1877/2500/1880 1876/2498/1878
f 1864/2487/1867 1878/2501/1881 1865/2488/1868
f 1866/2489/1869 1878/2501/1881 1868/2491/1871
f 1868/2491/1871 1878/2501/1881 1882/2503/1883
f 1879/2502/1882 1878/2501/1881 1864/2487/1867
f 1863/2486/1866 1864/2487/1867 1862/2485/1865
f 1883/2507/1887 1882/2503/1883 1892/2506/1886
f 1880/2505/1885 1882/2503/1883 1879/2502/1882
f 1868/2491/1871 1882/2503/1883 1883/2507/1887
f 1871/2494/1874 1869/2492/1872 1884/2508/1888
f 1871/2494/1874 1884/2508/1888 1886/2510/1890
f 2187/2514/1894 1887/2511/1891 1888/2512/1892
f 1891/2515/1895 2187/2514/1894 1888/2512/1892
f 1883/2507/1887 1892/2506/1886 1885/2509/1889
f 1813/2435/1815 1894/2517/1897 1848/2472/1852
f 1893/2518/1898 1894/2517/1897 1895/2522/1902
f 1895/2522/1902 1897/2519/1899 1898/2521/1901
f 1897/2519/1899 1814/2437/1817 1899/2523/1903
f 1899/2523/1903 1900/2524/1904 1901/2526/1906
f 1900/2524/1904 1826/2445/1825 1902/2525/1905
f 1903/2530/1910 1905/2527/1907 1907/2529/1909
f 1904/2528/1908 1909/2533/1913 1907/2529/1909
f 1908/2532/1912 1910/2535/1915 1909/2533/1913
f 1911/2534/1914 1903/2538/1910 1910/2535/1915
f 1910/2535/1915 1906/2531/1911 1912/2536/1916
f 1906/2531/1911 1909/2533/1913 1912/2536/1916
f 1913/2540/1917 1915/3130/2022 1914/2541/1918
f 1916/3131/2021 1914/2541/1918 1915/3130/2022
f 1913/2540/1917 2325/2542/1919 2320/2543/1920
f 1922/2547/1924 1920/2548/1925 1921/2554/1931
f 1924/2550/1927 1925/2551/1928 1918/2545/1922
f 1918/2545/1922 1925/2551/1928 1919/2546/1923
f 1935/2560/1937 1932/2558/1935 1933/2561/1938
f 1936/2564/1941 1935/2560/1937 1937/2562/1939
f 1959/2584/1961 1942/2568/1945 1940/2566/1943
f 1928/2555/1932 1942/2568/1945 1943/2569/1946
f 1944/2570/1947 1946/2572/1949 1945/2571/1948
f 1945/2571/1948 1946/2572/1949 1947/2575/1952
f 1949/3048/2073 1948/2574/1951 1950/2576/1953
f 1947/2575/1952 1948/2574/1951 1949/3048/2073
f 1952/2600/1977 1950/2576/1953 1951/2577/1954
f 1933/2561/1938 1953/2579/1956 2021/2580/1957
f 1933/2561/1938 1954/2581/1958 1937/2562/1939
f 1942/2568/1945 1958/2585/1962 1957/2583/1960
f 1962/2587/1964 1958/2585/1962 1959/2584/1961
f 1941/2567/1944 1959/2584/1961 1940/2566/1943
f 1962/2587/1964 1961/2588/1965 1963/2589/1966
f 1957/2583/1960 1963/2589/1966 1955/2582/1959
f 1966/2591/1968 1965/2593/1970 1967/2763/2123
f 1964/2610/1987 1967/2763/2123 1965/2593/1970
f 1972/3049/2308 1971/2596/1973 1969/2595/1972
f 1972/3049/2308 1974/2598/1975 1971/2596/1973
f 1973/2599/1976 1974/2598/1975 1975/2601/1978
f 1952/2600/1977 1974/2598/1975 1972/3049/2308
f 1973/2599/1976 1975/2601/1978 1989/2603/1980
f 1989/2603/1980 1976/2602/1979 1980/2604/1981
f 1976/2602/1979 1951/2577/1954 1977/2573/1950
f 1977/2573/1950 1979/2605/1982 1980/2604/1981
f 1946/2572/1949 1979/2605/1982 1977/2573/1950
f 1946/2572/1949 1981/2607/1984 1979/2605/1982
f 1978/2606/1983 1981/2607/1984 1993/2619/1996
f 1993/2619/1996 1981/2607/1984 1982/2608/1985
f 1944/2570/1947 1981/2607/1984 1946/2572/1949
f 1955/2582/1959 1956/2590/1967 1982/2608/1985
f 1993/2619/1996 1982/2608/1985 1956/2590/1967
f 1964/2610/1987 1965/2593/1970 1983/2609/1986
f 1970/2597/1974 1965/2593/1970 1968/2592/1969
f 1970/2597/1974 1973/2599/1976 1965/2593/1970
f 1985/2612/1989 1967/2763/2123 1964/2610/1987
f 1986/2611/1988 1973/2599/1976 1987/2613/1990
f 1990/2615/1992 1989/2603/1980 1992/2616/1993
f 1978/2606/1983 1992/2616/1993 1980/2604/1981
f 1991/2617/1994 1978/2606/1983 1995/2618/1995
f 1994/2621/1998 1997/2620/1997 1996/2623/2000
f 1998/2625/2002 2001/2622/1999 2000/2624/2001
f 2003/2627/2004 2001/2622/1999 2002/2626/2003
f 1996/2623/2000 1997/2620/1997 2000/2624/2001
f 1997/2620/1997 1963/2589/1966 2004/2628/2005
f 2000/2624/2001 2004/2628/2005 1998/2625/2002
f 1998/2625/2002 1999/2629/2006 1941/2631/1944
f 2002/2626/2003 1941/2631/1944 2005/2634/2007
f 1939/2633/1942 1936/2635/1941 2005/2634/2007
f 2007/2637/2009 2005/2634/2007 2006/2636/2008
f 2007/2637/2009 2009/2639/2011 2008/2638/2010
f 2010/2641/2013 2008/2638/2010 2009/2639/2011
f 2011/2640/2012 2012/2643/2015 2010/2641/2013
f 2276/2644/2016 2012/2643/2015 2277/2642/2014
f 2013/2646/2018 2012/2643/2015 2275/2645/2017
f 2009/2639/2011 2016/2653/2023 2011/2640/2012
f 1916/2651/2021 2016/2653/2023 2175/2655/2024
f 1893/2654/1898 2017/2656/2025 1847/2658/1851
f 2007/2637/2009 2017/2656/2025 2009/2639/2011
f 2007/2637/2009 2006/2636/2008 2018/2657/2026
f 2018/2657/2026 2019/2659/2027 2020/2662/2028
f 2019/2659/2027 2021/3132/1957 2020/2662/2028
f 1953/2660/1956 2020/2662/2028 2021/3132/1957
f 2019/2659/2027 1954/3133/1958 2021/3132/1957
f 1954/3133/1958 2019/2659/2027 1936/2635/1941
f 2006/2636/2008 1936/2635/1941 2019/2659/2027
f 1844/2665/1848 1845/2666/1847 2022/2664/2029
f 1929/2661/1955 2022/2664/2029 2020/2662/2028
f 2018/2657/2026 2022/2664/2029 1845/2666/1847
f 1847/2658/1851 2023/2667/1850 1846/3134/1849
f 2015/2649/2020 1924/2650/1927 2024/2668/2030
f 1923/2669/1926 2025/2671/2032 2024/2668/2030
f 2026/2670/2031 2024/2668/2030 2025/2671/2032
f 2027/2672/2033 2030/2674/2035 2028/2673/2034
f 2029/2675/2036 2030/2674/2035 2031/2677/2038
f 2033/2680/2041 2029/2675/2036 2034/2678/2039
f 2035/2679/2040 2034/2678/2039 2328/3135/2329
f 2074/2683/2044 2039/2684/2045 2037/2681/2042
f 2033/2680/2041 2039/2684/2045 2029/2675/2036
f 2026/2670/2031 2039/2684/2045 2038/2685/2046
f 2029/2675/2036 2039/2684/2045 2028/2673/2034
f 2040/2704/2065 2041/2686/2047 2038/2685/2046
f 2030/2674/2035 2027/2672/2033 2042/2687/2048
f 2044/2691/2052 2058/2689/2050 2043/2688/2049
f 2045/2690/2051 2043/2688/2049 2046/2692/2053
f 2051/2695/2056 2047/2693/2054 2050/2703/2064
f 1987/2613/1990 2055/2699/2060 2053/2698/2059
f 2054/2701/2062 2056/2700/2061 2051/2695/2056
f 1988/2614/1991 2057/2696/2057 2056/2700/2061
f 1990/2615/1992 1991/2617/1994 2047/2693/2054
f 2047/2693/2054 1991/2617/1994 2049/2694/2055
f 2048/2702/2063 2003/2627/2004 2008/2638/2010
f 2010/2641/2013 2045/2690/2051 2008/2638/2010
f 2010/2641/2013 2058/2689/2050 2044/2691/2052
f 2041/2686/2047 2040/2704/2065 2047/2693/2054
f 2050/2703/2064 2061/2706/2067 2060/2708/2069
f 2065/2709/2070 2062/2707/2068 2064/2711/2072
f 2054/2701/2062 2066/2713/2074 2064/2711/2072
f 2064/2711/2072 2066/2713/2074 2065/2709/2070
f 2068/3136/2297 2067/2714/2075 2069/2716/2076
f 1947/2715/1952 2067/2714/2075 2068/3136/2297
f 2063/2710/2071 2069/2716/2076 2062/2707/2068
f 2068/3136/2297 2069/2716/2076 2063/2710/2071
f 2070/2718/2078 2061/2706/2067 2059/2705/2066
f 2071/2717/2077 2053/2698/2059 2055/2699/2060
f 2071/2717/2077 2055/2699/2060 2054/2701/2062
f 2071/2717/2077 2061/2706/2067 2072/2719/2079
f 2073/2720/2080 2070/2718/2078 2074/2683/2044
f 2073/2720/2080 2074/2683/2044 2036/2682/2043
f 2038/2685/2046 2074/2683/2044 2075/2722/2082
f 2077/2726/2086 2075/2722/2082 2076/2724/2084
f 2077/2726/2086 2079/2727/2087 2078/2725/2085
f 2080/2730/2090 2079/2727/2087 2077/2726/2086
f 2040/2704/2065 2082/2728/2088 2059/2705/2066
f 2293/2731/2091 2082/2728/2088 2081/2729/2089
f 2070/2718/2078 2082/2728/2088 2083/2723/2083
f 2070/2718/2078 2083/2723/2083 2075/2722/2082
f 2084/2734/2094 2071/2717/2077 2072/2719/2079
f 2093/2742/2102 2087/2721/2081 2095/2735/2095
f 2052/2697/2058 2071/2717/2077 2085/2733/2093
f 2085/2733/2093 2114/2760/2120 2088/2736/2096
f 2111/2737/2097 2114/2760/2120 2085/2733/2093
f 2086/2732/2092 2089/2739/2099 2090/2738/2098
f 2089/2739/2099 2084/2734/2094 2091/3101/2317
f 2084/2734/2094 2092/2740/2100 2091/3101/2317
f 2092/2740/2100 2087/2721/2081 2093/2742/2102
f 2073/2720/2080 2096/2744/2104 2095/2735/2095
f 2094/2741/2101 2095/2735/2095 2096/2744/2104
f 2098/2745/2105 2097/2743/2103 2096/2744/2104
f 2037/2681/2042 2035/2679/2040 2098/2745/2105
f 2102/3137/2252 2100/2748/2108 2099/2747/2107
f 2100/2748/2108 2101/2749/2109 2104/2746/2106
f 2099/2747/2107 2104/2746/2106 2103/2752/2112
f 2106/2751/2111 2104/2746/2106 2105/2750/2110
f 2107/2753/2113 2309/2755/2115 2106/2751/2111
f 2103/2752/2112 2106/2751/2111 2309/2755/2115
f 2109/2756/2116 2107/2753/2113 2116/2758/2118
f 2114/2760/2120 2112/2759/2119 2113/2761/2121
f 1984/2762/2122 2114/2760/2120 2113/2761/2121
f 1986/2611/1988 2052/2697/2058 1985/2612/1989
f 2101/2749/2109 2116/2758/2118 2105/2750/2110
f 2185/2769/2129 2122/2775/2133 2121/2767/2127
f 2185/2769/2129 2123/2771/2131 2122/2775/2133
f 2124/2770/2130 2125/2773/2132 2123/2771/2131
f 2118/2772/2125 2120/2774/2128 2125/2773/2132
f 2123/2771/2131 2120/2774/2128 2119/2776/2134
f 2120/2768/2128 2122/2775/2133 2119/2776/2134
f 2127/2777/2135 2131/2782/2140 2129/2778/2136
f 2129/2778/2136 2133/2785/2142 2128/2779/2137
f 2126/2780/2138 2128/2779/2137 2134/2787/2143
f 2132/2786/2141 2128/2779/2137 2133/2785/2142
f 2137/2788/2144 2140/2790/2146 2135/2791/2147
f 2135/2791/2147 2139/2792/2148 2138/3138/2153
f 2136/2789/2145 2142/2794/2150 2140/2790/2146
f 2141/2793/2149 2143/2796/2152 2142/2794/2150
f 2144/2795/2151 2135/2798/2147 2143/2796/2152
f 2143/2796/2152 2138/3138/2153 2139/2792/2148
f 2137/2802/2144 2144/2805/2151 2147/2803/2155
f 2144/2805/2151 2141/2808/2149 1911/2810/1914
f 2117/2814/2126 1873/2813/2159 1872/2882/1875
f 2126/2812/2138 2149/2816/2160 1873/2813/2159
f 1875/2815/1877 2149/2816/2160 2150/2817/1879
f 2150/2817/1879 1904/2807/1908 2151/2818/2161
f 1826/2820/1825 2152/2821/2162 1902/2822/1905
f 2152/2821/2162 2145/2800/2154 2153/2804/2156
f 2155/2824/2164 2153/2804/2156 2154/2825/2165
f 2157/2823/2163 2156/2826/2166 2158/2828/2168
f 2162/2862/1813 2160/2829/2169 2163/2831/2171
f 2162/2862/1813 2163/2831/2171 2165/2833/2173
f 2165/2833/2173 2166/2834/2174 2178/2836/2176
f 2166/2834/2174 2169/2837/2177 2168/2838/2178
f 2170/2839/2179 2168/2838/2178 2169/2837/2177
f 2167/2835/2175 2168/2838/2178 2171/2840/2180
f 2155/2824/2164 2158/2828/2168 2171/2840/2180
f 2146/2806/2157 2172/2841/2181 2154/2825/2165
f 2172/2841/2181 1851/2843/1853 2173/2844/2182
f 1833/2846/1834 2173/2844/2182 1851/2843/1853
f 2173/2844/2182 2174/2845/2183 2163/2831/2171
f 1837/2849/1840 2174/2845/2183 1835/2847/1838
f 1838/3139/1839 1914/2848/1918 1837/2849/1840
f 2164/2832/2172 1914/2848/1918 1916/2850/2021
f 1893/3140/1898 1895/2852/1902 2175/2851/2024
f 1895/2852/1902 2176/2854/2184 2169/2837/2177
f 2155/2824/2164 2170/2839/2179 2177/2856/2185
f 2176/2854/2184 2177/2856/2185 2170/2839/2179
f 1902/2822/1905 2177/2856/2185 1901/2857/1906
f 2180/2860/2188 2179/2859/2187 2171/2840/2180
f 1811/2861/1812 2180/2860/2188 2159/2827/2167
f 1852/2842/1854 2182/2863/2189 1858/2865/1861
f 1858/2865/1861 2183/2864/2190 1861/2867/1863
f 1860/2866/1864 2183/2864/2190 2184/2868/2191
f 2130/2870/2139 2184/2868/2191 1911/2810/1914
f 1863/2869/1866 2124/2871/2130 1881/2872/1884
f 1880/2875/1885 2186/2874/2192 1890/2876/1896
f 1886/2880/1890 1889/3141/1893 2188/2878/2193
f 2187/2877/1894 2188/2878/2193 1889/3141/1893
f 1871/2879/1874 2188/2878/2193 2189/2881/2194
f 2117/2814/2126 1872/2882/1875 2189/2881/2194
f 2118/2883/2125 2124/2871/2130 2127/2884/2135
f 1908/2887/1912 1904/2807/1908 2134/2885/2143
f 2154/2888/2165 2191/2890/2195 2190/3142/2200
f 2190/3142/2200 2191/2890/2195 2193/2892/2197
f 2147/2893/2155 2195/2896/2199 2194/2894/2198
f 2194/2894/2198 2195/2896/2199 2192/2891/2196
f 2146/2895/2157 2190/2898/2200 2195/2896/2199
f 2195/2896/2199 2193/2899/2197 2192/2891/2196
f 2203/2905/2205 2201/2907/2207 2200/2931/2227
f 2205/2908/2208 2202/2906/2206 2203/2905/2205
f 2208/2911/2211 2210/2913/1971 2204/2909/2209
f 2204/2909/2209 2210/2913/1971 2211/2915/2214
f 2211/2915/2214 2209/2914/2213 2212/2916/2215
f 2228/2936/2232 2214/2918/2216 2213/2920/2217
f 2209/2914/2213 2210/2913/1971 1966/2917/1968
f 2215/2922/2218 2217/2924/2220 2216/2926/2222
f 2220/2927/2223 2221/2928/2224 2217/2924/2220
f 2200/2931/2227 2224/2930/2226 2223/3089/2266
f 2202/2906/2206 2225/2933/2229 2201/2907/2207
f 2209/2914/2213 2227/2934/2230 2226/2932/2228
f 2214/2918/2216 2228/2936/2232 2227/2934/2230
f 2232/2942/2236 2227/2934/2230 2228/2936/2232
f 2236/2937/2233 2213/2920/2217 1984/2921/2122
f 2112/3143/2119 2115/2938/2124 1984/2921/2122
f 2228/2936/2232 2229/2935/2231 2233/2941/2235
f 2101/2940/2109 2238/2945/2239 2230/2939/2234
f 2237/2958/2251 2239/2946/2240 2238/2945/2239
f 2240/2948/2242 2234/2943/2237 2235/2944/2238
f 2241/2949/2243 2242/2950/2244 2234/2943/2237
f 2231/2952/2246 2244/2953/2247 2245/2955/2249
f 2247/2956/2250 2221/2928/2224 2225/2933/2229
f 2219/2925/2221 2221/2928/2224 2247/2956/2250
f 2247/2956/2250 2225/2933/2229 2226/2932/2228
f 2231/2952/2246 2227/2934/2230 2232/2942/2236
f 2102/2959/2252 2248/2961/2253 2237/2958/2251
f 2206/2960/2212 2248/2961/2253 2207/2975/2210
f 2205/2962/2208 2237/2958/2251 2206/2960/2212
f 2237/2958/2251 2249/2947/2241 2239/2946/2240
f 2235/2944/2238 2249/2947/2241 2250/2964/2254
f 2241/2949/2243 2250/2964/2254 2251/2966/2256
f 2241/2949/2243 2251/2966/2256 2253/2968/2258
f 2254/2969/2259 2255/2971/2261 2243/2951/2245
f 2256/2970/2260 2243/2951/2245 2255/2971/2261
f 2257/2972/2262 2244/2953/2247 2256/2970/2260
f 2257/2972/2262 2258/2973/2263 2259/2974/2264
f 2245/2955/2249 2259/2974/2264 2216/2926/2222
f 2207/2975/2210 2102/2959/2252 2260/3144/2313
f 2263/2979/2267 2262/2977/2265 2223/2978/2266
f 2252/2967/2257 2263/2979/2267 2253/2968/2258
f 2263/2979/2267 2265/2980/2268 2266/2982/2270
f 2264/2981/2269 2268/2985/2273 2266/2982/2270
f 2269/2984/2272 2266/2982/2270 2268/2985/2273
f 2257/2972/2262 2269/2984/2272 2267/2983/2271
f 2013/2989/2018 2275/2995/2017 2270/2986/2274
f 2271/2987/2275 2275/2995/2017 2274/2993/2278
f 2271/3145/2275 2278/3000/2279 2279/2999/2282
f 2280/2998/2281 2278/3000/2279 2291/3021/2292
f 2271/3145/2275 2279/2999/2282 1926/3146/1929
f 1926/3146/1929 2279/2999/2282 1925/3002/1928
f 1919/3001/1923 2279/2999/2282 2280/2998/2281
f 1919/3001/1923 2282/3003/2283 1913/3007/1917
f 2011/3008/2012 2282/3003/2283 2283/3005/2285
f 2281/3004/2284 2284/2996/2280 2283/3005/2285
f 2290/3010/2286 2285/3011/2287 2284/2996/2280
f 2179/3015/2187 2180/3012/2188 2287/3016/2289
f 2272/2990/2276 2287/3016/2289 2180/3012/2188
f 2292/3018/2290 2288/3014/2288 2289/3020/2291
f 2285/3011/2287 2290/3010/2286 2287/3016/2289
f 2288/3014/2288 2287/3016/2289 2290/3010/2286
f 2289/3020/2291 2290/3010/2286 2281/3004/2284
f 2289/3020/2291 2291/3021/2292 2292/3018/2290
f 1812/2434/1814 2292/3018/2290 2291/3021/2292
f 2291/3021/2292 2273/3022/2277 1810/2430/1810
f 2286/2431/1811 1810/2430/1810 2273/3022/2277
f 2295/3026/2293 2032/3028/2037 2031/3025/2038
f 1923/2549/1926 2080/3029/2090 2295/3026/2293
f 2297/3032/2296 2080/3029/2090 2296/3030/2294
f 2296/3030/2294 1945/2571/1948 2298/3031/2295
f 2298/3031/2295 1947/2575/1952 2299/3034/2298
f 2068/3033/2297 2297/3032/2296 2299/3034/2298
f 2080/3029/2090 2297/3032/2296 2081/3036/2089
f 2068/3033/2297 2063/3039/2071 2297/3032/2296
f 2300/3037/2299 2297/3032/2296 2063/3039/2071
f 2294/3038/2300 2300/3037/2299 2301/3040/2301
f 2303/3045/2306 2302/3042/2303 2304/3046/2307
f 2305/3043/2304 2304/3046/2307 2302/3042/2303
f 1949/3048/2073 1950/2576/1953 2301/3040/2301
f 2301/3040/2301 1950/2576/1953 1952/2600/1977
f 2294/3038/2300 1972/3049/2308 2307/3041/2302
f 1969/2595/1972 2305/3043/2304 2307/3041/2302
f 2308/3050/2309 2304/3046/2307 2305/3043/2304
f 2308/3050/2309 2306/3044/2305 2304/3046/2307
f 2199/2904/2204 2306/3044/2305 2310/3052/2310
f 2094/3055/2101 2302/3042/2303 2303/3045/2306
f 2294/3038/2300 2094/3055/2101 2097/3056/2103
f 2293/3035/2091 2097/3056/2103 2312/3057/2312
f 1969/2595/1972 2210/2594/1971 2208/3059/2211
f 2308/3050/2309 2305/3043/2304 2260/3060/2313
f 2313/3064/2316 2197/2902/2203 2196/2901/2202
f 2198/2900/2201 2313/3064/2316 2196/2901/2202
f 2198/2900/2201 2314/3062/2314 2313/3064/2316
f 2199/2904/2204 2315/3066/2318 2314/3062/2314
f 2091/3065/2317 2315/3066/2318 2089/3147/2099
f 2108/3067/2114 2110/3148/2117 2315/3066/2318
f 2089/3147/2099 2315/3066/2318 2110/3148/2117
f 2319/3074/2322 2317/3073/2321 2318/3072/2320
f 2318/3072/2320 2321/3080/2326 2320/2543/1920
f 2321/3080/2326 2318/3072/2320 2322/3081/2327
f 2322/3081/2327 2318/3072/2320 2323/3076/2324
f 2316/3071/2319 1934/2559/1936 2324/3075/2323
f 1840/3078/1842 1934/2559/1936 2317/3073/2321
f 1838/2539/1839 2317/3073/2321 2325/2542/1919
f 2321/3080/2326 2326/3079/2325 2320/2543/1920
f 1917/2544/1921 2320/2543/1920 2326/3079/2325
f 1927/2553/1930 2326/3079/2325 2322/3081/2327
f 2323/3076/2324 1928/2555/1932 2322/3081/2327
f 1935/2560/1937 2327/3082/2328 2324/3075/2323
f 2035/3085/2040 2032/3028/2037 2097/3056/2103
f 2223/3089/2266 2329/3088/2330 2265/3091/2268
f 2330/3092/2331 2329/3088/2330 2218/3094/2219
f 2220/2927/2223 2218/3094/2219 2329/3088/2330
f 2264/3090/2269 2330/3092/2331 2268/3097/2273
f 2267/3096/2271 2330/3092/2331 2258/3095/2263
f 2092/2740/2100 2197/3098/2203 2331/3100/2315
f 2337/2436/2339 2336/2437/2338 2338/2439/2342
f 2342/2438/2340 2339/2456/2358 2340/2440/2341
f 2347/2465/2367 2338/2439/2342 2340/2440/2341
f 2342/2438/2340 2341/2452/2354 2339/2456/2358
f 2341/2452/2354 2342/2438/2340 2343/2449/2351
f 2344/2442/2344 2343/2449/2351 2342/2438/2340
f 2343/2449/2351 2344/2442/2344 2345/2448/2350
f 2346/2441/2343 2345/2448/2350 2344/2442/2344
f 2337/2436/2339 2338/2439/2342 2347/2465/2367
f 2372/2443/2345 2346/2441/2343 2348/2445/2346
f 2343/2449/2351 2345/2448/2350 2351/2446/2348
f 2343/2449/2351 2350/2447/2349 2352/2451/2352
f 2341/2452/2354 2353/2450/2353 2354/2455/2356
f 2356/2453/2355 2357/2458/2360 2358/2457/2359
f 2359/3102/2362 2358/2457/2359 2357/2458/2360
f 2360/2459/2361 2361/2461/2363 2358/2457/2359
f 2340/2440/2341 2361/2461/2363 2364/2464/2365
f 2362/2462/2364 2364/2464/2365 2361/2461/2363
f 2347/2465/2367 2363/2463/2366 2365/2466/2368
f 2366/2468/2370 2365/2466/2368 2363/2463/2366
f 2337/2436/2339 2347/2465/2367 2365/2466/2368
f 2337/2436/2339 2367/3103/2369 2545/2470/2371
f 2374/2474/2376 2373/2473/2375 2354/2455/2356
f 2353/2450/2353 2377/2476/2378 2375/2475/2377
f 2377/2476/2378 2352/2451/2352 2376/2477/2379
f 2377/2476/2378 2384/2485/2387 2381/2482/2384
f 2377/2476/2378 2376/2477/2379 2387/2488/2390
f 2388/2489/2391 2379/2479/2381 2389/2490/2392
f 2392/2493/2395 2391/2492/2394 2389/2490/2392
f 2395/3129/2681 2394/2495/2397 2396/3107/2398
f 2371/3104/2382 2398/2498/2400 2396/3107/2398
f 2397/3108/2399 2395/3129/2681 2396/3107/2398
f 2349/2444/2347 2399/2500/2402 2398/2498/2400
f 2672/2499/2401 2398/2498/2400 2399/2500/2402
f 2386/3105/2389 2387/2488/2390 2400/2501/2403
f 2388/2489/2391 2390/2491/2393 2400/2501/2403
f 2390/2491/2393 2404/2503/2405 2400/2501/2403
f 2401/2502/2404 2386/3105/2389 2400/2501/2403
f 2385/2486/2388 2384/2485/2387 2386/3105/2389
f 2405/2507/2409 2414/2506/2408 2404/2503/2405
f 2402/2505/2407 2401/2502/2404 2404/2503/2405
f 2390/2491/2393 2405/2507/2409 2404/2503/2405
f 2393/3106/2396 2406/2508/2410 2391/2492/2394
f 2393/3106/2396 2408/2510/2412 2406/2508/2410
f 2710/2514/2416 2410/2512/2414 2409/2511/2413
f 2413/2515/2417 2410/2512/2414 2710/2514/2416
f 2405/2507/2409 2407/2509/2411 2414/2506/2408
f 2335/2435/2337 2370/2472/2374 2416/2517/2419
f 2415/2518/2420 2417/2522/2424 2416/2517/2419
f 2417/2522/2424 2420/2521/2422 2419/2519/2421
f 2419/2519/2421 2421/2523/2425 2336/2437/2338
f 2421/2523/2425 2423/2526/2427 2422/2524/2426
f 2422/2524/2426 2424/2525/2428 2348/2445/2346
f 2425/2530/2432 2429/2529/2430 2427/2527/2429
f 2426/2528/2431 2429/2529/2430 2431/2533/2434
f 2430/2532/2435 2431/2533/2434 2432/3109/2436
f 2433/2534/2437 2432/3109/2436 2425/2538/2432
f 2432/3109/2436 2434/2536/2438 2428/2531/2433
f 2428/2531/2433 2434/2536/2438 2431/2533/2434
f 2435/2540/2440 2436/2541/2439 2437/3130/2543
f 2438/3131/2544 2437/3130/2543 2436/2541/2439
f 2435/2540/2440 2843/2543/2443 2848/2542/2441
f 2444/3110/2446 2443/2554/2453 2442/2548/2447
f 2446/2550/2449 2440/2545/2445 2447/2551/2450
f 2440/2545/2445 2441/2546/2444 2447/2551/2450
f 2457/2560/2459 2455/2561/2461 2454/2558/2456
f 2458/2564/2463 2459/2562/2460 2457/2560/2459
f 2481/2584/2484 2462/2566/2465 2464/2568/2467
f 2450/2555/2454 2465/2569/2468 2464/2568/2467
f 2466/2570/2470 2467/2571/2469 2468/3111/2471
f 2467/2571/2469 2469/2575/2474 2468/3111/2471
f 2471/3048/2595 2472/2576/2475 2470/2574/2472
f 2469/2575/2474 2471/3048/2595 2470/2574/2472
f 2474/2600/2499 2473/2577/2476 2472/2576/2475
f 2455/2561/2461 2543/2580/2480 2475/2579/2477
f 2455/2561/2461 2459/2562/2460 2476/2581/2479
f 2464/2568/2467 2479/2583/2482 2480/2585/2483
f 2484/2587/2486 2481/2584/2484 2480/2585/2483
f 2463/2567/2466 2462/2566/2465 2481/2584/2484
f 2484/2587/2486 2485/2589/2488 2483/2588/2487
f 2479/2583/2482 2477/2582/2481 2485/2589/2488
f 2488/2591/2490 2489/2763/2645 2487/2593/2491
f 2486/2610/2509 2487/2593/2491 2489/2763/2645
f 2494/3049/2831 2491/2595/2494 2493/2596/2495
f 2494/3049/2831 2493/2596/2495 2496/2598/2497
f 2495/2599/2498 2497/2601/2500 2496/2598/2497
f 2474/2600/2499 2494/3049/2831 2496/2598/2497
f 2495/2599/2498 2511/2603/2502 2497/2601/2500
f 2511/2603/2502 2502/2604/2503 2498/2602/2501
f 2498/2602/2501 2499/2573/2473 2473/2577/2476
f 2499/2573/2473 2502/2604/2503 2501/2605/2504
f 2468/3111/2471 2499/2573/2473 2501/2605/2504
f 2468/3111/2471 2501/2605/2504 2503/2607/2506
f 2500/2606/2505 2515/2619/2518 2503/2607/2506
f 2515/2619/2518 2504/2608/2507 2503/2607/2506
f 2466/2570/2470 2468/3111/2471 2503/2607/2506
f 2477/2582/2481 2504/2608/2507 2478/2590/2489
f 2515/2619/2518 2478/2590/2489 2504/2608/2507
f 2486/2610/2509 2505/2609/2508 2487/2593/2491
f 2492/2597/2496 2490/2592/2492 2487/2593/2491
f 2492/2597/2496 2487/2593/2491 2495/2599/2498
f 2507/2612/2510 2486/2610/2509 2489/2763/2645
f 2508/2611/2511 2509/3112/2512 2495/2599/2498
f 2512/2615/2514 2514/2616/2515 2511/2603/2502
f 2500/2606/2505 2502/2604/2503 2514/2616/2515
f 2513/3113/2516 2517/2618/2517 2500/2606/2505
f 2516/2621/2520 2518/2623/2523 2519/2620/2519
f 2520/2625/2524 2522/2624/2522 2523/2622/2521
f 2525/3114/2526 2524/2626/2525 2523/2622/2521
f 2518/2623/2523 2522/2624/2522 2519/2620/2519
f 2519/2620/2519 2526/2628/2527 2485/2589/2488
f 2522/2624/2522 2520/2625/2524 2526/2628/2527
f 2520/2625/2524 2463/2631/2466 2521/2629/2528
f 2524/2626/2525 2527/2634/2529 2463/2631/2466
f 2461/2633/2464 2527/2634/2529 2458/2635/2463
f 2529/2637/2531 2528/2636/2530 2527/2634/2529
f 2529/2637/2531 2530/3115/2532 2531/3116/2533
f 2532/2641/2534 2531/3116/2533 2530/3115/2532
f 2533/2640/2535 2532/2641/2534 2534/2643/2536
f 2799/2644/2538 2800/2642/2537 2534/2643/2536
f 2535/2646/2541 2798/2645/2539 2534/2643/2536
f 2531/3116/2533 2533/2640/2535 2538/2653/2545
f 2438/2651/2544 2698/2655/2546 2538/2653/2545
f 2415/2654/2420 2369/2658/2373 2539/2656/2547
f 2529/2637/2531 2531/3116/2533 2539/2656/2547
f 2529/2637/2531 2540/2657/2548 2528/2636/2530
f 2540/2657/2548 2542/2662/2550 2541/2659/2549
f 2541/2659/2549 2542/2662/2550 2543/3132/2480
f 2475/2660/2477 2543/3132/2480 2542/2662/2550
f 2541/2659/2549 2543/3132/2480 2476/3133/2479
f 2476/3133/2479 2458/2635/2463 2541/2659/2549
f 2528/2636/2530 2541/2659/2549 2458/2635/2463
f 2366/2665/2370 2544/2664/2551 2367/2666/2369
f 2451/2661/2478 2542/2662/2550 2544/2664/2551
f 2540/2657/2548 2367/2666/2369 2544/2664/2551
f 2369/2658/2373 2368/3134/2372 2545/2667/2371
f 2537/2649/2542 2546/2668/2552 2446/2650/2449
f 2445/2669/2448 2546/2668/2552 2547/2671/2554
f 2548/2670/2553 2547/2671/2554 2546/2668/2552
f 2549/2672/2555 2550/2673/2556 2552/2674/2557
f 2551/2675/2558 2553/2677/2560 2552/2674/2557
f 2555/2680/2563 2556/2678/2561 2551/2675/2558
f 2557/2679/2562 2851/3135/2852 2556/2678/2561
f 2596/2683/2566 2559/2681/2564 2561/2684/2567
f 2555/2680/2563 2551/2675/2558 2561/2684/2567
f 2548/2670/2553 2560/2685/2568 2561/2684/2567
f 2551/2675/2558 2550/2673/2556 2561/2684/2567
f 2562/2704/2587 2560/2685/2568 2563/2686/2569
f 2552/2674/2557 2564/2687/2570 2549/2672/2555
f 2566/2691/2574 2565/2688/2572 2580/2689/2571
f 2567/2690/2573 2568/2692/2575 2565/2688/2572
f 2573/2695/2578 2572/2703/2586 2569/2693/2576
f 2509/3112/2512 2575/2698/2581 2577/2699/2582
f 2576/2701/2584 2573/2695/2578 2578/2700/2583
f 2510/2614/2513 2578/2700/2583 2579/2696/2579
f 2512/2615/2514 2569/2693/2576 2513/3113/2516
f 2569/2693/2576 2571/2694/2577 2513/3113/2516
f 2570/2702/2585 2530/3115/2532 2525/3114/2526
f 2532/2641/2534 2530/3115/2532 2567/2690/2573
f 2532/2641/2534 2566/2691/2574 2580/2689/2571
f 2563/2686/2569 2569/2693/2576 2562/2704/2587
f 2572/2703/2586 2582/2708/2591 2583/2706/2588
f 2587/2709/2592 2586/2711/2594 2584/2707/2590
f 2576/2701/2584 2586/2711/2594 2588/3117/2596
f 2586/2711/2594 2587/2709/2592 2588/3117/2596
f 2590/3136/2821 2591/2716/2598 2589/2714/2597
f 2469/2715/2474 2590/3136/2821 2589/2714/2597
f 2585/2710/2593 2584/2707/2590 2591/2716/2598
f 2590/3136/2821 2585/2710/2593 2591/2716/2598
f 2592/2718/2600 2581/2705/2589 2583/2706/2588
f 2593/2717/2599 2577/2699/2582 2575/2698/2581
f 2593/2717/2599 2576/2701/2584 2577/2699/2582
f 2593/2717/2599 2594/2719/2601 2583/2706/2588
f 2595/2720/2602 2596/2683/2566 2592/2718/2600
f 2595/2720/2602 2558/2682/2565 2596/2683/2566
f 2560/2685/2568 2597/2722/2604 2596/2683/2566
f 2599/2726/2608 2598/2724/2606 2597/2722/2604
f 2599/2726/2608 2600/2725/2607 2601/2727/2609
f 2602/2730/2612 2599/2726/2608 2601/2727/2609
f 2562/2704/2587 2581/2705/2589 2604/2728/2610
f 2816/2731/2613 2603/2729/2611 2604/2728/2610
f 2592/2718/2600 2605/2723/2605 2604/2728/2610
f 2592/2718/2600 2597/2722/2604 2605/2723/2605
f 2606/2734/2615 2594/2719/2601 2593/2717/2599
f 2615/2742/2624 2617/3118/2617 2609/2721/2603
f 2574/2697/2580 2607/2733/2616 2593/2717/2599
f 2607/2733/2616 2610/2736/2618 2636/2760/2642
f 2633/2737/2619 2607/2733/2616 2636/2760/2642
f 2608/2732/2614 2612/2738/2620 2611/2739/2621
f 2611/2739/2621 2613/3101/2840 2606/2734/2615
f 2606/2734/2615 2613/3101/2840 2614/2740/2622
f 2614/2740/2622 2615/2742/2624 2609/2721/2603
f 2595/2720/2602 2617/3118/2617 2618/2744/2626
f 2616/2741/2623 2618/2744/2626 2617/3118/2617
f 2620/2745/2627 2618/2744/2626 2619/2743/2625
f 2559/2681/2564 2620/2745/2627 2557/2679/2562
f 2624/3137/2775 2621/2747/2630 2622/2748/2629
f 2622/2748/2629 2626/2746/2628 2623/2749/2632
f 2621/2747/2630 2625/2752/2634 2626/2746/2628
f 2628/3119/2633 2627/2750/2631 2626/2746/2628
f 2629/2753/2635 2628/3119/2633 2832/2755/2636
f 2625/2752/2634 2832/2755/2636 2628/3119/2633
f 2631/2756/2638 2638/2758/2640 2629/2753/2635
f 2636/2760/2642 2635/2761/2643 2634/2759/2641
f 2506/2762/2644 2635/2761/2643 2636/2760/2642
f 2508/2611/2511 2507/2612/2510 2574/2697/2580
f 2623/2749/2632 2627/2750/2631 2638/2758/2640
f 2708/2769/2651 2643/2767/2648 2644/2775/2655
f 2708/2769/2651 2644/2775/2655 2645/2771/2652
f 2646/2770/2653 2645/2771/2652 2647/2773/2654
f 2640/2772/2647 2647/2773/2654 2642/2774/2650
f 2645/2771/2652 2641/2776/2656 2642/2774/2650
f 2642/2768/2650 2641/2776/2656 2644/2775/2655
f 2649/2777/2657 2651/2778/2659 2653/2782/2661
f 2651/2778/2659 2650/2779/2658 2655/2785/2664
f 2648/2780/2660 2656/2787/2665 2650/2779/2658
f 2654/2786/2663 2655/2785/2664 2650/2779/2658
f 2659/2788/2666 2657/2791/2669 2662/2790/2667
f 2657/2791/2669 2660/3138/2675 2661/2792/2670
f 2658/2789/2668 2662/2790/2667 2664/2794/2671
f 2663/2793/2672 2664/2794/2671 2665/2796/2673
f 2666/2795/2674 2665/2796/2673 2657/2798/2669
f 2665/2796/2673 2661/2792/2670 2660/3138/2675
f 2659/2802/2666 2669/2803/2677 2666/2805/2674
f 2666/2805/2674 2433/2810/2437 2663/2808/2672
f 2639/2814/2649 2394/2882/2397 2395/2813/2681
f 2648/2812/2660 2395/2813/2681 2671/2816/2682
f 2397/2815/2399 2672/2817/2401 2671/2816/2682
f 2672/2817/2401 2673/2818/2683 2426/2807/2431
f 2348/2820/2346 2424/2822/2428 2674/2821/2684
f 2674/2821/2684 2675/2804/2678 2667/2800/2676
f 2677/2824/2687 2676/2825/2686 2675/2804/2678
f 2679/2823/2685 2680/2828/2690 2682/3121/2689
f 2678/3120/2688 2682/3121/2689 2683/2829/2692
f 2685/2862/2335 2686/2831/2694 2683/2829/2692
f 2685/2862/2335 2688/2833/2695 2686/2831/2694
f 2688/2833/2695 2701/2836/2698 2689/2834/2697
f 2689/2834/2697 2691/2838/2701 2692/2837/2700
f 2693/2839/2702 2692/2837/2700 2691/2838/2701
f 2690/2835/2699 2694/2840/2703 2691/2838/2701
f 2677/2824/2687 2694/2840/2703 2680/2828/2690
f 2668/2806/2679 2676/2825/2686 2695/2841/2704
f 2695/2841/2704 2696/2844/2705 2373/2843/2375
f 2355/2846/2357 2373/2843/2375 2696/2844/2705
f 2696/2844/2705 2686/2831/2694 2697/2845/2706
f 2359/2849/2362 2357/2847/2360 2697/2845/2706
f 2360/3139/2361 2359/2849/2362 2436/2848/2439
f 2687/2832/2696 2438/2850/2544 2436/2848/2439
f 2415/3140/2420 2698/2851/2546 2417/2852/2424
f 2417/2852/2424 2692/2837/2700 2699/2854/2707
f 2677/2824/2687 2700/2856/2708 2693/2839/2702
f 2699/2854/2707 2693/2839/2702 2700/2856/2708
f 2424/2822/2428 2423/2857/2427 2700/2856/2708
f 2703/2860/2711 2694/2840/2703 2702/2859/2710
f 2333/2861/2333 2681/2827/2691 2703/2860/2711
f 2374/2842/2376 2380/2865/2383 2705/2863/2712
f 2380/2865/2383 2383/2867/2385 2706/2864/2713
f 2382/2866/2386 2707/2868/2714 2706/2864/2713
f 2652/2870/2662 2433/2810/2437 2707/2868/2714
f 2385/2869/2388 2403/2872/2406 2646/2871/2653
f 2402/2875/2407 2412/2876/2418 2709/2874/2715
f 2408/2880/2412 2711/2878/2716 2411/3141/2415
f 2710/2877/2416 2411/3141/2415 2711/2878/2716
f 2393/2879/2396 2712/2881/2717 2711/2878/2716
f 2639/2814/2649 2712/2881/2717 2394/2882/2397
f 2640/2883/2647 2649/2884/2657 2646/2871/2653
f 2430/2887/2435 2656/2885/2665 2426/2807/2431
f 2676/2888/2686 2713/3142/2723 2714/2890/2718
f 2713/3142/2723 2716/2892/2719 2714/2890/2718
f 2669/2893/2677 2717/2894/2721 2718/2896/2722
f 2717/2894/2721 2715/2891/2720 2718/2896/2722
f 2668/2895/2679 2718/2896/2722 2713/2898/2723
f 2718/2896/2722 2715/2891/2720 2716/2899/2719
f 2726/2905/2728 2723/2931/2750 2724/2907/2729
f 2728/2908/2731 2726/2905/2728 2725/2906/2730
f 2731/2911/2735 2727/2909/2732 2733/2913/2493
f 2727/2909/2732 2734/2915/2736 2733/2913/2493
f 2734/2915/2736 2735/2916/2738 2732/2914/2737
f 2751/2936/2755 2736/2920/2740 2737/2918/2739
f 2732/2914/2737 2488/2917/2490 2733/2913/2493
f 2738/2922/2741 2739/2926/2745 2740/2924/2742
f 2743/2927/2746 2740/2924/2742 2744/2928/2747
f 2723/2931/2750 2746/3089/2789 2747/2930/2749
f 2725/2906/2730 2724/2907/2729 2748/2933/2751
f 2732/2914/2737 2749/2932/2752 2750/2934/2753
f 2737/2918/2739 2750/2934/2753 2751/2936/2755
f 2755/2942/2759 2751/2936/2755 2750/2934/2753
f 2759/2937/2756 2506/2921/2644 2736/2920/2740
f 2634/3143/2641 2506/2921/2644 2637/2938/2646
f 2751/2936/2755 2756/2941/2758 2752/2935/2754
f 2623/2940/2632 2753/2939/2757 2761/2945/2763
f 2760/2958/2774 2761/2945/2763 2762/2946/2762
f 2763/2948/2765 2758/2944/2761 2757/2943/2760
f 2764/2949/2766 2757/2943/2760 2765/2950/2767
f 2754/2952/2769 2768/2955/2772 2767/2953/2770
f 2770/2956/2773 2748/2933/2751 2744/2928/2747
f 2742/2925/2744 2770/2956/2773 2744/2928/2747
f 2770/2956/2773 2749/2932/2752 2748/2933/2751
f 2754/2952/2769 2755/2942/2759 2750/2934/2753
f 2624/2959/2775 2760/2958/2774 2771/2961/2776
f 2729/2960/2734 2730/2975/2733 2771/2961/2776
f 2728/2962/2731 2729/2960/2734 2760/2958/2774
f 2760/2958/2774 2762/2946/2762 2772/2947/2764
f 2758/2944/2761 2773/2964/2777 2772/2947/2764
f 2764/2949/2766 2774/3123/2779 2773/2964/2777
f 2764/2949/2766 2776/3124/2781 2774/3123/2779
f 2777/2969/2782 2766/2951/2768 2778/2971/2784
f 2779/2970/2783 2778/2971/2784 2766/2951/2768
f 2780/2972/2785 2779/2970/2783 2767/2953/2770
f 2780/2972/2785 2782/2974/2787 2781/2973/2786
f 2768/2955/2772 2739/2926/2745 2782/2974/2787
f 2730/2975/2733 2783/3144/2836 2624/2959/2775
f 2786/2979/2790 2746/2978/2789 2785/2977/2788
f 2775/2967/2780 2776/3124/2781 2786/2979/2790
f 2786/2979/2790 2789/2982/2792 2788/2980/2791
f 2787/2981/2793 2789/2982/2792 2791/2985/2795
f 2792/2984/2796 2791/2985/2795 2789/2982/2792
f 2780/2972/2785 2790/2983/2794 2792/2984/2796
f 2535/2989/2541 2793/2986/2797 2798/2995/2539
f 2794/2987/2798 2797/2993/2801 2798/2995/2539
f 2794/3145/2798 2802/2999/2805 2801/3000/2802
f 2803/2998/2804 2814/3021/2815 2801/3000/2802
f 2794/3145/2798 2448/3146/2451 2802/2999/2805
f 2448/3146/2451 2447/3002/2450 2802/2999/2805
f 2441/3001/2444 2803/2998/2804 2802/2999/2805
f 2441/3001/2444 2435/3007/2440 2805/3003/2806
f 2533/3008/2535 2806/3005/2808 2805/3003/2806
f 2804/3004/2807 2806/3005/2808 2807/2996/2803
f 2813/3010/2809 2807/2996/2803 2808/3011/2810
f 2702/3015/2710 2810/3016/2812 2703/3012/2711
f 2795/2990/2799 2703/3012/2711 2810/3016/2812
f 2815/3018/2813 2812/3020/2814 2811/3014/2811
f 2808/3011/2810 2810/3016/2812 2813/3010/2809
f 2811/3014/2811 2813/3010/2809 2810/3016/2812
f 2812/3020/2814 2804/3004/2807 2813/3010/2809
f 2812/3020/2814 2815/3018/2813 2814/3021/2815
f 2334/2434/2336 2814/3021/2815 2815/3018/2813
f 2814/3021/2815 2332/2430/2332 2796/3022/2800
f 2809/2431/2334 2796/3022/2800 2332/2430/2332
f 2818/3026/2816 2553/3025/2560 2554/3028/2559
f 2445/2549/2448 2818/3026/2816 2602/3029/2612
f 2820/3125/2819 2819/3030/2817 2602/3029/2612
f 2819/3030/2817 2821/3031/2818 2467/2571/2469
f 2821/3031/2818 2822/3126/2820 2469/2575/2474
f 2590/3033/2821 2822/3126/2820 2820/3125/2819
f 2602/3029/2612 2603/3036/2611 2820/3125/2819
f 2590/3033/2821 2820/3125/2819 2585/3039/2593
f 2823/3037/2822 2585/3039/2593 2820/3125/2819
f 2817/3038/2823 2824/3040/2824 2823/3037/2822
f 2826/3045/2830 2827/3046/2829 2825/3042/2825
f 2828/3043/2827 2825/3042/2825 2827/3046/2829
f 2471/3048/2595 2824/3040/2824 2472/2576/2475
f 2824/3040/2824 2474/2600/2499 2472/2576/2475
f 2817/3038/2823 2830/3041/2826 2494/3049/2831
f 2491/2595/2494 2830/3041/2826 2828/3043/2827
f 2831/3050/2832 2828/3043/2827 2827/3046/2829
f 2831/3050/2832 2827/3046/2829 2829/3044/2828
f 2722/2904/2727 2833/3052/2833 2829/3044/2828
f 2616/3055/2623 2826/3045/2830 2825/3042/2825
f 2817/3038/2823 2619/3056/2625 2616/3055/2623
f 2816/3035/2613 2835/3057/2835 2619/3056/2625
f 2491/2595/2494 2731/3059/2735 2733/2594/2493
f 2831/3050/2832 2783/3060/2836 2828/3043/2827
f 2836/3064/2838 2719/2901/2726 2720/2902/2725
f 2721/2900/2724 2719/2901/2726 2836/3064/2838
f 2721/2900/2724 2836/3064/2838 2837/3062/2837
f 2722/2904/2727 2837/3062/2837 2838/3066/2841
f 2613/3065/2840 2611/3147/2621 2838/3066/2841
f 2630/3127/2637 2838/3066/2841 2632/3148/2639
f 2611/3147/2621 2632/3148/2639 2838/3066/2841
f 2842/3074/2845 2841/3072/2844 2840/3073/2843
f 2841/3072/2844 2843/2543/2443 2844/3080/2850
f 2844/3080/2850 2845/3081/2849 2841/3072/2844
f 2845/3081/2849 2846/3128/2847 2841/3072/2844
f 2839/3071/2842 2847/3075/2846 2456/2559/2458
f 2362/3078/2364 2840/3073/2843 2456/2559/2458
f 2360/2539/2361 2848/2542/2441 2840/3073/2843
f 2844/3080/2850 2843/2543/2443 2849/3079/2848
f 2439/2544/2442 2849/3079/2848 2843/2543/2443
f 2449/2553/2452 2845/3081/2849 2849/3079/2848
f 2846/3128/2847 2845/3081/2849 2450/2555/2454
f 2457/2560/2459 2847/3075/2846 2850/3082/2851
f 2557/3085/2562 2619/3056/2625 2554/3028/2559
f 2746/3089/2789 2788/3091/2791 2852/3088/2853
f 2853/3092/2854 2741/3094/2743 2852/3088/2853
f 2743/2927/2746 2852/3088/2853 2741/3094/2743
f 2787/3090/2793 2791/3097/2795 2853/3092/2854
f 2790/3096/2794 2781/3095/2786 2853/3092/2854
f 2614/2740/2622 2854/3100/2839 2720/3098/2725
f 902/1175/831 885/1209/865 891/1176/832
f 886/1178/834 884/1231/886 880/1179/835
f 832/1181/837 831/1395/895 839/1182/838
f 863/1184/840 872/1268/922 861/1185/841
f 842/1187/843 843/1202/858 840/1188/844
f 904/1190/846 905/1266/920 871/1191/847
f 962/1193/849 866/1200/856 865/1194/850
f 900/1196/852 899/1305/955 910/1197/853
f 864/1199/855 848/1261/915 865/1194/850
f 850/1201/857 844/1255/910 843/1202/858
f 835/1183/839 991/1246/901 834/1203/859
f 895/1204/860 897/1374/949 911/1205/861
f 910/1197/853 899/1305/955 912/1207/863
f 885/1209/865 902/1175/831 876/1210/866
f 879/1211/836 878/1324/938 939/1212/867
f 976/1214/869 907/1258/912 906/1215/870
f 898/1217/872 900/1196/852 944/1218/873
f 851/1220/875 854/1272/926 853/1221/876
f 915/1222/877 917/1234/889 916/1223/878
f 958/1224/879 959/1333/971 960/1225/880
f 951/1227/882 945/1271/925 946/1228/883
f 883/1230/885 885/1209/865 880/1179/835
f 919/1232/887 920/1317/964 918/1233/888
f 888/1235/890 889/1292/868 885/1209/865
f 901/1177/833 891/1176/832 894/1236/891
f 992/1237/892 838/1253/908 836/1238/893
f 933/1242/897 922/3149/936 936/1243/898
f 938/1249/904 918/1233/888 926/1250/905
f 943/1252/907 944/1218/873 916/1223/878
f 845/1254/909 837/1289/943 843/1202/858
f 912/1207/863 899/1305/955 894/1236/891
f 976/1214/869 949/1270/924 950/1257/911
f 855/1262/916 851/1220/875 846/1259/913
f 874/1264/918 872/1268/922 863/1184/840
f 905/1266/920 869/1274/928 870/1267/921
f 872/1268/922 874/1264/918 875/1269/923
f 949/1270/924 939/1212/867 946/1228/883
f 867/1273/927 853/1221/876 854/1272/926
f 873/1265/919 877/1285/939 875/1269/923
f 907/1258/912 950/1257/911 954/1278/932
f 867/1273/927 882/1342/975 868/1279/933
f 864/1199/855 866/1200/856 960/1225/880
f 935/1281/935 936/3150/898 922/1282/936
f 878/1284/938 876/1210/866 875/1269/923
f 967/1286/940 961/1280/934 955/1287/941
f 995/1239/894 836/1238/893 837/1289/943
f 845/1254/909 847/1260/914 996/1290/944
f 932/1244/899 915/1222/877 909/1198/854
f 907/1258/912 882/1342/975 867/1273/927
f 928/1302/952 927/1320/967 924/1303/953
f 914/1300/950 934/3151/970 933/1242/897
f 898/1217/872 894/1236/891 899/1305/955
f 941/1307/956 912/1332/863 911/1205/861
f 936/1243/898 935/1325/935 929/1309/958
f 957/1311/960 965/1346/977 1005/1312/961
f 860/1314/963 861/1185/841 871/1191/847
f 921/1304/954 924/1303/953 923/1315/937
f 940/1308/957 948/1334/972 942/1318/965
f 837/1289/943 836/1238/893 840/1188/844
f 877/1322/939 873/1336/919 953/1323/969
f 938/1249/904 916/1223/878 917/1234/889
f 859/1277/931 870/1267/921 869/1274/928
f 876/1210/866 903/1301/951 881/1192/848
f 858/1275/929 846/1259/913 845/1254/909
f 955/1287/941 961/1280/934 960/1225/880
f 872/1268/922 881/1192/848 871/1191/847
f 941/1307/956 942/1318/965 937/1251/906
f 930/1310/959 929/1309/958 927/1320/967
f 940/1308/957 911/1205/861 889/1213/868
f 849/1339/974 954/1278/932 950/1257/911
f 865/1194/850 848/1261/915 851/1220/875
f 855/1262/916 857/1263/917 856/1276/930
f 957/1311/960 956/1288/942 842/1343/843
f 956/1288/942 955/1287/941 850/1345/857
f 850/1345/857 955/1287/941 954/1278/932
f 1092/1370/995 1087/1380/1000 1084/1371/996
f 900/1196/852 909/1198/854 916/1223/878
f 852/1195/851 853/1221/876 868/1279/933
f 917/1234/889 915/1222/877 931/1321/968
f 937/1251/906 926/1250/905 934/1327/970
f 849/1378/974 862/1186/842 861/1185/841
f 991/1246/901 835/1183/839 838/1253/908
f 841/1189/845 840/1188/844 839/1182/838
f 966/1349/978 956/1288/942 957/1311/960
f 849/1378/974 860/1314/963 844/1255/910
f 840/1188/844 836/1238/893 838/1253/908
f 913/1208/864 934/3151/970 914/1300/950
f 860/1314/963 870/1267/921 859/1277/931
f 2992/3152/2855 2989/3153/2856 2987/3154/2857
f 2861/3155/2858 2858/3156/2859 2860/3157/2860
f 2929/3158/2861 2988/3159/2862 3028/3160/2863
f 2855/3161/2864 2857/3162/2865 2858/3156/2859
f 2859/3163/2866 2858/3156/2859 2857/3162/2865
f 2858/3156/2859 2859/3163/2866 2860/3157/2860
f 2860/3157/2860 2862/3164/2867 2861/3155/2858
f 2862/3164/2867 2860/3157/2860 2863/3165/2868
f 2864/3166/2869 2862/3164/2867 2863/3165/2868
f 2863/3167/2868 2860/3157/2860 2865/3168/2870
f 2859/3163/2866 2865/3168/2870 2860/3157/2860
f 2865/3168/2870 2859/3163/2866 2866/3169/2871
f 2859/3163/2866 2867/3170/2872 2866/3169/2871
f 2868/3171/2873 2867/3170/2872 2859/3163/2866
f 2857/3162/2865 2868/3171/2873 2859/3163/2866
f 2868/3171/2873 2857/3162/2865 2869/3172/2874
f 2855/3161/2864 2869/3172/2874 2857/3162/2865
f 2869/3172/2874 2855/3161/2864 3032/3173/2875
f 2870/3174/2876 2862/3164/2867 2864/3166/2869
f 2871/3175/2877 2862/3164/2867 2870/3174/2876
f 2871/3175/2877 2870/3174/2876 2872/3176/2878
f 2873/3177/2879 2871/3175/2877 2872/3176/2878
f 2874/3178/2880 2873/3177/2879 2872/3176/2878
f 2872/3176/2878 2870/3174/2876 2874/3178/2880
f 2874/3178/2880 2870/3174/2876 2875/3179/2881
f 2875/3179/2881 2870/3174/2876 2864/3180/2869
f 2871/3175/2877 2873/3177/2879 2876/3181/2882
f 2877/3182/2883 2878/3183/2884 2879/3184/2885
f 2879/3184/2885 2878/3183/2884 2880/3185/2886
f 2878/3183/2884 2881/3186/2887 2880/3185/2886
f 2878/3183/2884 2882/3187/2888 2881/3186/2887
f 2881/3186/2887 2882/3187/2888 2883/3188/2889
f 2882/3187/2888 2884/3189/2890 2883/3188/2889
f 2882/3187/2888 2875/3179/2881 2884/3189/2890
f 2885/3190/2891 2875/3179/2881 2882/3187/2888
f 2874/3178/2880 2875/3179/2881 2885/3190/2891
f 2886/3191/2892 2874/3178/2880 2885/3190/2891
f 2874/3178/2880 2886/3191/2892 2873/3177/2879
f 2886/3191/2892 2887/3192/2893 2873/3177/2879
f 2887/3192/2893 2876/3181/2882 2873/3177/2879
f 2876/3181/2882 2887/3192/2893 2888/3193/2894
f 2889/3194/2895 2888/3193/2894 2887/3192/2893
f 2887/3192/2893 2890/3195/2896 2889/3194/2895
f 2890/3195/2896 2887/3192/2893 2891/3196/2897
f 2891/3196/2897 2892/3197/2898 2890/3195/2896
f 2887/3192/2893 2886/3191/2892 2891/3196/2897
f 2886/3191/2892 2892/3197/2898 2891/3196/2897
f 2885/3190/2891 2892/3197/2898 2886/3191/2892
f 2892/3197/2898 2885/3190/2891 2893/3198/2899
f 2882/3187/2888 2893/3198/2899 2885/3190/2891
f 2893/3198/2899 2882/3187/2888 2878/3183/2884
f 2878/3183/2884 2894/3199/2900 2893/3198/2899
f 2894/3199/2900 2878/3183/2884 2877/3182/2883
f 2894/3199/2900 2877/3182/2883 2895/3200/2901
f 2895/3200/2901 2877/3182/2883 2896/3201/2902
f 2877/3182/2883 2879/3184/2885 2896/3201/2902
f 2894/3199/2900 2892/3197/2898 2893/3198/2899
f 2892/3197/2898 2894/3199/2900 2890/3195/2896
f 2897/3202/2903 2890/3195/2896 2894/3199/2900
f 2895/3200/2901 2898/3203/2904 2894/3199/2900
f 2895/3200/2901 2899/3204/2905 2898/3203/2904
f 2898/3203/2904 2899/3204/2905 2900/3205/2906
f 2901/3206/2907 2898/3203/2904 2900/3205/2906
f 2894/3199/2900 2898/3203/2904 2901/3206/2907
f 2902/3207/2908 2894/3199/2900 2901/3206/2907
f 2894/3199/2900 2902/3207/2908 2897/3202/2903
f 2902/3207/2909 2903/3208/2910 2897/3202/2911
f 2903/3208/2910 2890/3195/2912 2897/3202/2911
f 2904/3209/2913 2890/3195/2912 2903/3208/2910
f 2890/3195/2912 2904/3209/2913 2889/3194/2914
f 2904/3209/2913 2905/3210/2915 2889/3194/2914
f 2888/3193/2894 2889/3194/2895 2905/3210/2916
f 2906/3211/2917 2888/3193/2894 2905/3210/2916
f 2888/3193/2894 2906/3211/2917 2876/3181/2882
f 2906/3211/2917 2907/3212/2918 2876/3181/2882
f 2907/3212/2918 2871/3175/2877 2876/3181/2882
f 2871/3175/2877 2907/3212/2918 2908/3213/2919
f 2908/3213/2919 2862/3164/2867 2871/3175/2877
f 2909/3214/2920 2907/3212/2918 2906/3211/2917
f 2910/3215/2921 2907/3212/2918 2911/3216/2922
f 2907/3212/2918 2910/3215/2921 2908/3213/2919
f 2912/3217/2923 2909/3214/2924 2913/3218/2925
f 2909/3214/2924 2914/3219/2926 2913/3218/2925
f 2914/3219/2926 2909/3214/2924 2906/3211/2927
f 2906/3211/2927 2915/3220/2928 2914/3219/2926
f 2915/3220/2928 2906/3211/2927 2905/3210/2915
f 2905/3210/2915 2904/3209/2913 2915/3220/2928
f 2987/3154/2857 2973/3221/2929 2960/3222/2930
f 2911/3216/2922 2916/3223/2931 2910/3215/2921
f 2911/3216/2922 2918/3224/2932 2916/3223/2931
f 2918/3224/2932 2911/3216/2922 2907/3212/2918
f 2918/3224/2932 2907/3212/2918 2919/3225/2933
f 2907/3212/2918 2909/3214/2920 2919/3225/2933
f 2920/3226/2934 2919/3225/2933 2909/3214/2920
f 2909/3214/2924 2912/3217/2923 2920/3226/2935
f 2912/3217/2923 2921/3227/2936 2920/3226/2935
f 2921/3227/2936 2912/3217/2923 2922/3228/2937
f 2912/3217/2923 2923/3229/2938 2922/3228/2937
f 2923/3229/2938 2912/3217/2923 2913/3218/2925
f 2913/3218/2925 2924/3230/2939 2923/3229/2938
f 2924/3230/2939 2913/3218/2925 2914/3219/2926
f 2914/3219/2926 2925/3231/2940 2924/3230/2939
f 2925/3231/2940 2914/3219/2926 2915/3220/2928
f 2915/3220/2928 2926/3232/2941 2925/3231/2940
f 2926/3232/2941 2915/3220/2928 2904/3209/2913
f 2904/3209/2913 2927/3233/2942 2926/3232/2941
f 2927/3233/2942 2904/3209/2913 2903/3208/2910
f 2903/3208/2910 2902/3207/2909 2927/3233/2942
f 2928/3234/2943 2918/3224/2932 2919/3225/2933
f 2929/3158/2861 2917/3235/2944 2930/3236/2945
f 2930/3236/2945 2917/3235/2944 2916/3223/2931
f 2916/3223/2931 2918/3224/2932 2930/3236/2945
f 2930/3236/2945 2918/3224/2932 2928/3234/2943
f 2928/3234/2943 2931/3237/2946 2930/3236/2945
f 2931/3237/2946 2928/3234/2943 2932/3238/2947
f 2919/3225/2933 2932/3238/2947 2928/3234/2943
f 2932/3238/2947 2919/3225/2933 2933/3239/2948
f 2933/3239/2948 2919/3225/2933 2920/3226/2934
f 2921/3227/2949 2933/3239/2948 2920/3226/2934
f 2921/3227/2949 2934/3240/2950 2933/3239/2948
f 2930/3236/2945 2935/3241/2951 2929/3158/2861
f 2930/3236/2945 2936/3242/2952 2935/3241/2951
f 2936/3242/2952 2930/3236/2945 2931/3237/2946
f 2931/3237/2946 2937/3243/2953 2936/3242/2952
f 2937/3243/2953 2931/3237/2946 2938/3244/2954
f 2932/3238/2947 2938/3244/2954 2931/3237/2946
f 2938/3244/2954 2932/3238/2947 2939/3245/2955
f 2933/3239/2948 2939/3245/2955 2932/3238/2947
f 2939/3245/2955 2933/3239/2948 2940/3246/2956
f 2934/3240/2950 2940/3246/2956 2933/3239/2948
f 2940/3246/2956 2934/3240/2950 2941/3247/2957
f 2862/3164/2867 2908/3213/2919 2910/3215/2921
f 2910/3215/2921 2861/3155/2858 2862/3164/2867
f 2974/3248/2958 2960/3222/2930 2973/3221/2929
f 2935/3249/2951 2986/3250/2959 2942/3251/2960
f 2916/3223/2931 2917/3235/2944 2910/3215/2921
f 2943/3252/2961 2944/3253/2962 2945/3254/2963
f 2944/3253/2962 2946/3255/2964 2945/3254/2963
f 2900/3256/2906 2946/3255/2964 2944/3253/2962
f 2900/3256/2906 2944/3253/2962 2901/3257/2907
f 2901/3257/2907 2944/3253/2962 2943/3252/2961
f 2943/3252/2961 2902/3258/2908 2901/3257/2907
f 2902/3258/2908 2943/3252/2961 2947/3259/2965
f 2948/3260/2966 2902/3258/2909 2947/3259/2967
f 2949/3261/2968 2948/3260/2966 2947/3259/2967
f 2949/3261/2968 2950/3262/2969 2948/3260/2966
f 2950/3262/2969 2949/3261/2968 2951/3263/2970
f 2952/3264/2971 2950/3262/2969 2951/3263/2970
f 2951/3263/2972 2953/3265/2973 2952/3264/2974
f 2952/3264/2974 2953/3265/2973 2954/3266/2975
f 2955/3267/2976 2954/3266/2975 2953/3265/2973
f 2955/3267/2976 2956/3268/2977 2954/3266/2975
f 2957/3269/2978 2956/3268/2977 2955/3267/2976
f 2956/3268/2977 2957/3269/2978 2958/3270/2979
f 2959/3271/2980 2958/3270/2979 2957/3269/2978
f 2960/3222/2930 2956/3268/2977 2958/3270/2979
f 2956/3268/2977 2960/3222/2930 2961/3272/2981
f 2950/3262/2969 2952/3264/2971 2962/3273/2982
f 2954/3266/2983 2962/3273/2982 2952/3264/2971
f 2962/3273/2982 2954/3266/2983 2963/3274/2984
f 2964/3275/2985 2957/3269/2978 2965/3276/2986
f 2959/3271/2980 2957/3269/2978 2964/3275/2985
f 2959/3271/2980 2964/3275/2985 2966/3277/2987
f 2967/3278/2988 2957/3269/2978 2955/3267/2976
f 2957/3269/2978 2967/3278/2988 2965/3276/2986
f 2967/3278/2988 2968/3279/2989 2965/3276/2986
f 2968/3279/2989 2964/3275/2985 2965/3276/2986
f 2969/3280/2990 2964/3275/2985 2968/3279/2989
f 2966/3281/2987 2964/3275/2985 2969/3280/2990
f 2956/3268/2977 2970/3282/2991 2954/3266/2975
f 2970/3282/2992 2963/3274/2984 2954/3266/2983
f 2963/3274/2984 2970/3282/2992 2971/3283/2993
f 2970/3282/2992 2972/3284/2994 2971/3283/2993
f 2929/3158/2861 2861/3155/2858 2917/3235/2944
f 2960/3222/2930 2974/3248/2958 2961/3272/2981
f 2975/3285/2995 2961/3272/2981 2974/3248/2958
f 2961/3272/2981 2975/3285/2995 2956/3268/2977
f 2976/3286/2996 2956/3268/2977 2975/3285/2995
f 2970/3282/2991 2956/3268/2977 2976/3286/2996
f 2970/3282/2991 2976/3286/2996 2977/3287/2997
f 2972/3284/2994 2970/3282/2992 2977/3287/2998
f 2921/3288/2936 2972/3284/2994 2977/3287/2998
f 2972/3284/2994 2921/3288/2936 2922/3289/2937
f 2923/3290/2938 2972/3284/2994 2922/3289/2937
f 2972/3284/2994 2923/3290/2938 2971/3283/2993
f 2924/3291/2939 2971/3283/2993 2923/3290/2938
f 2971/3283/2993 2924/3291/2939 2963/3274/2984
f 2925/3292/2940 2963/3274/2984 2924/3291/2939
f 2963/3274/2984 2925/3292/2940 2962/3273/2982
f 2926/3293/2941 2962/3273/2982 2925/3292/2940
f 2962/3273/2982 2926/3293/2941 2950/3262/2969
f 2927/3294/2942 2950/3262/2969 2926/3293/2941
f 2950/3262/2969 2927/3294/2942 2948/3260/2966
f 2902/3258/2909 2948/3260/2966 2927/3294/2942
f 2978/3295/2999 2979/3296/3000 2980/3297/3001
f 2980/3297/3001 2981/3298/3002 2978/3295/2999
f 2976/3286/2996 2978/3295/2999 2981/3298/3002
f 2977/3287/2997 2976/3286/2996 2981/3298/3002
f 2977/3287/2997 2981/3298/3002 2921/3288/2949
f 2981/3298/3002 2934/3299/2950 2921/3288/2949
f 2982/3300/3003 2934/3299/2950 2981/3298/3002
f 2934/3299/2950 2982/3300/3003 2941/3301/2957
f 2981/3298/3002 2980/3297/3001 2982/3300/3003
f 2937/3302/2953 2983/3303/3004 2936/3304/2952
f 2983/3303/3004 2937/3302/2953 2979/3296/3000
f 2979/3296/3000 2978/3295/2999 2983/3303/3004
f 2984/3305/3005 2983/3303/3004 2978/3295/2999
f 2978/3295/2999 2976/3286/2996 2984/3305/3005
f 2976/3286/2996 2975/3285/2995 2984/3305/3005
f 2984/3305/3005 2975/3285/2995 2985/3306/3006
f 2985/3306/3006 2975/3285/2995 2974/3248/2958
f 2974/3248/2958 2973/3221/2929 2985/3306/3006
f 2973/3221/2929 2986/3250/2959 2985/3306/3006
f 2935/3249/2951 2985/3306/3006 2986/3250/2959
f 2936/3304/2952 2985/3306/3006 2935/3249/2951
f 2985/3306/3006 2936/3304/2952 2983/3303/3004
f 2983/3303/3004 2984/3305/3005 2985/3306/3006
f 2958/3270/2979 2959/3271/2980 2960/3222/2930
f 2987/3154/2857 2960/3222/2930 2959/3271/2980
f 2861/3155/2858 2910/3215/2921 2917/3235/2944
f 2986/3250/2959 2973/3221/2929 2987/3154/2857
f 2986/3250/2959 2988/3307/2862 2942/3251/2960
f 2929/3158/2861 2935/3241/2951 2942/3308/2960
f 2989/3153/2856 2990/3309/3007 2991/3310/3008
f 2990/3309/3007 2989/3153/2856 2992/3152/2855
f 2988/3159/2862 2929/3158/2861 2942/3308/2960
f 3029/3311/3009 2988/3307/2862 2986/3250/2959
f 2959/3271/2980 2992/3152/2855 2987/3154/2857
f 2992/3152/2855 2959/3271/2980 2994/3312/3010
f 2959/3271/2980 2966/3277/2987 2994/3312/3010
f 2992/3152/2855 2994/3313/3010 2995/3314/3011
f 2995/3314/3011 2990/3309/3007 2992/3152/2855
f 2990/3309/3007 2995/3314/3011 2996/3315/3012
f 2996/3315/3012 2997/3316/3013 2990/3309/3007
f 2990/3309/3007 2997/3316/3013 2998/3317/3014
f 2990/3309/3007 2998/3317/3014 2991/3310/3008
f 2999/3318/3015 2991/3310/3008 2998/3317/3014
f 2991/3310/3008 2999/3318/3015 2993/3319/3016
f 2991/3310/3008 2993/3319/3016 2989/3153/2856
f 2999/3318/3015 2856/3320/3017 3032/3321/2875
f 2999/3322/3015 2998/3323/3014 2997/3324/3013
f 2999/3325/3015 3000/3326/3018 3033/3327/3019
f 2997/3328/3013 3000/3326/3018 2999/3325/3015
f 3001/3329/3020 3000/3330/3018 2997/3324/3013
f 3001/3329/3020 2997/3324/3013 2996/3331/3012
f 2996/3331/3012 3002/3332/3021 3001/3329/3020
f 3002/3332/3021 2996/3331/3012 2995/3333/3011
f 2994/3334/3010 3002/3332/3021 2995/3333/3011
f 2994/3334/3010 3003/3335/3022 3002/3332/3021
f 3003/3335/3022 3001/3329/3020 3002/3332/3021
f 3001/3329/3020 3003/3335/3022 3004/3336/3023
f 3001/3329/3020 3004/3336/3023 3005/3337/3024
f 3005/3337/3024 3004/3336/3023 3006/3338/3025
f 3003/3335/3022 3006/3338/3025 3004/3336/3023
f 3006/3338/3025 3003/3335/3022 3007/3339/3026
f 3005/3340/3024 3008/3341/3027 3001/3329/3020
f 3000/3330/3018 3001/3329/3020 3008/3341/3027
f 3006/3338/3025 3008/3342/3027 3005/3343/3024
f 3008/3342/3027 3006/3338/3025 3000/3344/3018
f 3033/3345/3019 3000/3346/3018 2869/3347/2874
f 2869/3347/2874 3000/3346/3018 2867/3348/2872
f 2867/3349/2872 3000/3344/3018 3006/3338/3025
f 2866/3350/2871 2867/3349/2872 3006/3338/3025
f 3007/3339/3026 2866/3350/2871 3006/3338/3025
f 2866/3350/2871 3007/3339/3026 2865/3351/2870
f 2865/3351/2870 3007/3339/3026 2863/3352/2868
f 3003/3335/3022 2863/3352/2868 3007/3339/3026
f 2863/3352/2868 3003/3335/3022 3009/3353/3028
f 3003/3335/3022 2994/3334/3010 3009/3353/3028
f 2994/3334/3010 3010/3354/3029 3009/3353/3028
f 2994/3334/3010 2966/3355/2987 3010/3354/3029
f 2966/3355/2987 3011/3356/3030 3010/3354/3029
f 3011/3356/3030 2966/3355/2987 2969/3357/2990
f 3012/3358/3031 3011/3356/3030 2969/3357/2990
f 3011/3356/3030 3012/3358/3031 3013/3359/3032
f 3011/3356/3030 3013/3359/3032 3014/3360/3033
f 3011/3356/3030 3014/3360/3033 3015/3361/3034
f 3014/3360/3033 3016/3362/3035 3015/3361/3034
f 2867/3349/2872 2868/3363/2873 2869/3364/2874
f 3010/3354/3029 2863/3352/2868 3009/3353/3028
f 2864/3365/2869 2863/3352/2868 3010/3354/3029
f 3011/3356/3030 2864/3365/2869 3010/3354/3029
f 2864/3365/2869 3011/3356/3030 2875/3366/2881
f 2875/3366/2881 3011/3356/3030 2884/3367/2890
f 2883/3368/2889 2884/3367/2890 3011/3356/3030
f 2881/3369/2887 2883/3368/2889 3011/3356/3030
f 2879/3370/2885 2881/3369/2887 3011/3356/3030
f 2879/3370/2885 2880/3371/2886 2881/3369/2887
f 2896/3372/2902 2879/3370/2885 2895/3373/2901
f 2879/3370/2885 2900/3374/2906 2895/3373/2901
f 2900/3374/2906 2879/3370/2885 3011/3356/3030
f 3015/3361/3034 2900/3374/2906 3011/3356/3030
f 2900/3374/2906 3015/3361/3034 2945/3375/2963
f 2945/3375/2963 3015/3361/3034 3017/3376/3036
f 2900/3374/2906 2899/3377/2905 2895/3373/2901
f 2945/3375/2963 2946/3378/2964 2900/3374/2906
f 3018/3379/3037 3019/3380/3038 2967/3278/2988
f 2955/3267/2976 3018/3379/3037 2967/3278/2988
f 3018/3379/3037 2955/3267/2976 2953/3265/2973
f 2953/3265/2973 2951/3263/2972 3018/3379/3037
f 2949/3261/3039 3018/3379/3037 2951/3263/2972
f 3018/3379/3037 2949/3261/3039 3020/3381/3040
f 2949/3261/3041 3021/3382/3042 3020/3381/3040
f 3020/3381/3040 3021/3382/3042 3019/3380/3038
f 3021/3382/3042 3022/3383/3043 3019/3380/3038
f 3022/3383/3043 3021/3382/3042 3023/3384/3044
f 3021/3382/3042 2943/3252/2961 3023/3384/3044
f 2943/3252/2961 3021/3382/3042 2949/3261/3041
f 2943/3252/2961 2949/3261/3041 2947/3259/2965
f 3019/3380/3038 3018/3379/3037 3020/3381/3040
f 3023/3384/3044 3024/3385/3045 3022/3383/3043
f 3024/3385/3045 3023/3384/3044 3025/3386/3046
f 2943/3252/2961 3025/3386/3046 3023/3384/3044
f 3025/3386/3046 2943/3252/2961 3026/3387/3047
f 3026/3387/3047 2943/3252/2961 2945/3254/2963
f 3017/3388/3036 3026/3387/3047 2945/3254/2963
f 3017/3388/3036 3015/3389/3034 3026/3387/3047
f 3015/3389/3034 3025/3386/3046 3026/3387/3047
f 3016/3390/3035 3025/3386/3046 3015/3389/3034
f 3016/3390/3035 3014/3391/3033 3025/3386/3046
f 3014/3391/3033 3024/3385/3045 3025/3386/3046
f 3013/3392/3032 3024/3385/3045 3014/3391/3033
f 3013/3392/3032 3012/3393/3031 3024/3385/3045
f 2969/3280/2990 3024/3385/3045 3012/3393/3031
f 2969/3280/2990 3022/3383/3043 3024/3385/3045
f 2969/3280/2990 2968/3279/2989 3022/3383/3043
f 2968/3279/2989 3019/3380/3038 3022/3383/3043
f 3019/3380/3038 2968/3279/2989 2967/3278/2988
f 2941/3394/2957 3027/3395/3048 2940/3396/2956
f 2939/3397/2955 2940/3396/2956 3027/3395/3048
f 2939/3397/2955 3027/3395/3048 2938/3398/2954
f 2937/3399/2953 2938/3398/2954 3027/3395/3048
f 3027/3395/3048 2979/3400/3000 2937/3399/2953
f 2979/3400/3000 3027/3395/3048 2980/3401/3001
f 3027/3395/3048 2982/3402/3003 2980/3401/3001
f 2982/3402/3003 3027/3395/3048 2941/3394/2957
f 2987/3154/2857 3029/3311/3009 2986/3250/2959
f 2861/3155/2858 2929/3158/2861 3028/3160/2863
f 2861/3155/2858 3028/3160/2863 2858/3156/2859
f 2858/3156/2859 3028/3160/2863 2855/3161/2864
f 2993/3319/3016 3029/3311/3009 2989/3153/2856
f 3029/3311/3009 2987/3154/2857 2989/3153/2856
f 3029/3311/3009 3030/3403/3049 2988/3307/2862
f 2988/3159/2862 3030/3404/3049 3028/3160/2863
f 3029/3311/3009 3031/3405/3050 3030/3403/3049
f 3030/3404/3049 3031/3406/3050 3028/3160/2863
f 3028/3160/2863 3031/3406/3050 2855/3161/2864
f 2993/3319/3016 3031/3405/3050 3029/3311/3009
f 3031/3406/3050 3032/3173/2875 2855/3161/2864
f 3031/3405/3050 2993/3319/3016 3032/3321/2875
f 2999/3318/3015 3032/3321/2875 2993/3319/3016
f 2869/3172/2874 3032/3173/2875 2856/3407/3017
f 2856/3408/3017 2999/3325/3015 3033/3327/3019
f 2856/3409/3017 3033/3345/3019 2869/3347/2874
