# Blender 4.3.2
# www.blender.org
o zzzzzzzz_zzzzzzz.016
v -0.005728 1.807679 1.165321
v -0.028066 1.811973 1.126722
v -0.005728 1.760728 1.160634
v -0.005728 2.099077 1.205713
v -0.010279 2.188796 1.210365
v -0.005728 2.189695 1.200396
v -0.005728 2.203370 1.194071
v -0.005728 2.197679 1.208710
v -0.005728 2.136842 1.274361
v -0.018717 2.113789 1.245596
v -0.005728 2.024433 1.311012
v -0.024510 2.029325 1.245278
v -0.005728 1.917880 1.291432
v -0.030631 1.935783 1.200603
v -0.019628 1.868201 1.211899
v -0.035099 1.890821 1.133652
v -0.025833 1.844409 1.169694
v -0.038823 1.856617 1.093741
v -0.015656 1.830358 1.190731
v -0.005728 1.821586 1.184455
v -0.012099 1.825638 1.220303
v -0.005728 1.818815 1.213427
v -0.005728 1.787922 1.250002
v -0.005728 1.827908 1.250815
v -0.026494 1.938086 1.138894
v -0.029969 1.914642 1.107959
v -0.012181 2.033310 1.196007
v -0.019876 1.965757 1.121458
v -0.033610 1.899649 1.052070
v -0.005728 1.935618 1.092479
v -0.005728 1.948542 1.103531
v -0.005728 1.972304 1.088004
v -0.005728 1.977697 1.106481
v -0.005728 2.036903 1.180578
v -0.005728 1.935334 1.058763
v -0.005728 1.942836 1.020907
v 0.022235 1.899649 1.052070
v 0.013135 2.029325 1.245278
v 0.007344 2.113789 1.245596
v -0.001095 2.188796 1.210365
v 0.016692 1.811973 1.126722
v 0.004282 1.830358 1.190731
v 0.000725 1.825638 1.220303
v 0.008253 1.868201 1.211899
v 0.019257 1.935783 1.200603
v 0.000725 2.033310 1.196007
v 0.008419 1.965757 1.121458
v 0.014376 1.844409 1.169694
v 0.023725 1.890821 1.133652
v 0.015121 1.938086 1.138894
v 0.018594 1.914642 1.107959
v 0.027448 1.856617 1.093741
v 0.031300 0.761736 -0.997000
v -0.003000 0.681336 -1.048000
v 0.018600 0.733836 -1.034000
v 0.012800 0.842836 -1.039300
v -0.003000 0.785336 -1.048300
v -0.003000 0.842836 -1.039300
v 0.021400 0.785336 -1.048300
v 0.027000 0.844436 -0.994100
v 0.024900 0.768036 -1.027200
v -0.003000 0.767136 -1.029900
v -0.003000 0.758136 -1.012300
v -0.003000 0.736836 -1.032600
v -0.003000 0.743836 -1.065700
v 0.009500 0.739236 -1.068500
v 0.016800 0.694636 -1.065000
v -0.003000 0.681436 -1.056700
v -0.003000 0.690836 -1.070400
v -0.003000 0.844436 -0.991500
v -0.003000 0.861736 -0.962100
v 0.025800 0.865036 -0.988400
v 0.164000 0.870436 -0.858700
v 0.185500 0.892736 -0.859100
v 0.182800 0.887336 -0.785900
v 0.216200 0.924836 -0.767800
v 0.164400 0.900836 -0.758000
v 0.167700 1.026136 -0.721000
v 0.211900 0.977236 -0.657900
v 0.229800 1.153536 -0.752600
v 0.220700 1.130736 -0.704600
v 0.268100 1.239036 -0.612600
v 0.106500 1.097636 -0.629500
v 0.213500 1.123836 -0.448400
v 0.183500 1.003036 -0.552400
v 0.183200 1.058336 -0.402400
v 0.226300 1.142636 -0.371100
v 0.016200 0.872836 -1.045900
v -0.003000 0.872836 -1.045900
v 0.276700 1.175436 -0.766100
v 0.313000 1.246736 -0.648000
v 0.223200 1.145336 -0.838300
v 0.027000 1.092136 -0.983300
v 0.020600 1.122336 -1.001300
v 0.024500 1.227136 -1.007300
v 0.047900 1.245536 -0.965900
v 0.028300 1.087936 -0.949400
v 0.194000 1.126436 -0.829400
v 0.232800 1.058536 -0.752100
v 0.197000 1.030036 -0.745200
v 0.167800 0.990836 -0.832000
v 0.016000 0.959136 -0.964900
v 0.005500 0.950536 -1.041000
v -0.003000 0.950536 -1.041000
v -0.003000 0.958136 -0.970800
v -0.003000 0.970336 -0.977100
v 0.015600 0.977336 -0.978700
v 0.195700 1.017936 -0.842600
v -0.003000 1.161136 -1.082800
v 0.016100 1.116436 -1.062200
v -0.003000 1.116436 -1.062200
v 0.022200 1.159836 -1.082500
v -0.003000 1.241736 -1.080700
v 0.030600 1.241736 -1.080700
v -0.003000 1.122336 -1.003000
v -0.003000 1.092136 -0.983300
v -0.003000 1.087936 -0.949400
v 0.007500 1.059736 -0.986200
v 0.015100 0.982336 -1.044300
v -0.003000 0.981436 -1.052800
v -0.003000 1.059736 -0.986200
v 0.016600 1.066736 -1.045400
v -0.003000 1.066736 -1.051200
v -0.003000 1.227136 -1.007300
v -0.003000 1.245536 -0.965900
v 0.031300 1.302036 -0.969100
v 0.244800 1.315936 -0.780400
v 0.289100 1.300236 -0.706600
v 0.309700 1.309636 -0.647900
v 0.270400 1.309736 -0.616000
v 0.324100 1.259736 -0.585500
v 0.316300 1.325636 -0.581000
v 0.214500 1.325436 -0.759900
v 0.327300 1.270336 -0.527900
v 0.325600 1.318736 -0.532400
v 0.230300 1.351936 -0.550400
v 0.185700 1.358136 -0.693100
v 0.152800 1.361836 -0.819100
v 0.181600 1.349336 -0.841700
v 0.042000 1.414036 -0.939900
v 0.024100 1.328436 -1.014000
v 0.029400 1.448636 -1.000300
v 0.021500 1.324836 -1.071000
v 0.031400 1.475936 -1.014400
v 0.032200 1.483536 -1.041600
v -0.003000 1.483536 -1.041600
v 0.052400 1.363836 -0.742900
v 0.071400 1.424736 -0.888100
v 0.282500 1.237136 -0.492000
v 0.142100 1.313336 -0.427100
v 0.163500 1.228036 -0.426800
v -0.003000 1.324836 -1.071000
v -0.003000 1.302036 -0.969100
v -0.003000 1.328836 -1.015600
v -0.003000 1.474336 -1.013400
v -0.003000 1.448636 -1.000300
v -0.003000 1.425736 -0.939300
v -0.003000 1.478536 -0.881000
v 0.077400 1.409136 -0.847300
v -0.003000 1.360536 -0.812000
v -0.058300 1.363836 -0.742900
v -0.032500 1.387036 -0.760200
v 0.026600 1.387036 -0.760200
v 0.023700 1.384136 -0.796800
v 0.025400 1.493536 -0.805400
v -0.031300 1.493536 -0.805400
v -0.029700 1.384136 -0.796800
v -0.003000 1.415236 -0.834000
v -0.003000 1.458036 -0.830600
v -0.053800 1.493036 -0.734300
v 0.028300 1.480536 -0.763300
v -0.034300 1.480536 -0.763300
v 0.047900 1.493036 -0.734300
v 0.186700 1.567136 -0.621100
v 0.201600 1.492336 -0.489500
v 0.140100 1.434536 -0.404100
v 0.238300 1.845836 -0.498000
v 0.064900 1.732636 -0.608800
v 0.093000 1.881636 -0.585300
v -0.003000 1.890636 -0.593800
v -0.003000 1.876436 -0.267100
v 0.264800 1.733236 -0.325900
v 0.157500 1.621536 -0.216700
v -0.003000 1.407536 -0.356900
v -0.003000 1.279736 -0.391300
v 0.069100 1.205936 -0.408100
v -0.003000 1.563736 -0.213700
v -0.003000 1.758936 -0.628800
v 0.032900 1.799136 -0.701300
v -0.038900 1.799136 -0.701300
v -0.070900 1.732636 -0.608800
v 0.033000 1.675236 -0.777700
v -0.039000 1.675236 -0.777700
v 0.057600 1.617036 -0.697900
v -0.063600 1.617036 -0.697900
v 0.031100 1.646936 -0.786400
v -0.039800 1.512836 -0.822700
v -0.037000 1.646936 -0.786400
v 0.033800 1.512836 -0.822700
v 0.025000 1.609436 -0.745000
v -0.031000 1.609436 -0.745000
v 0.028100 1.511736 -0.771600
v -0.034000 1.511736 -0.771600
v 0.069400 0.878336 -0.496300
v 0.076100 0.809836 -0.477400
v 0.052600 0.822136 -0.528200
v 0.017200 0.767536 -0.475900
v 0.029200 0.645336 -0.597400
v 0.184900 0.784236 -0.736600
v 0.165400 0.615536 -0.826000
v 0.026800 0.513036 -0.729800
v 0.018500 0.714636 -0.514900
v -0.024600 0.658136 -0.555000
v 0.018700 0.658136 -0.555000
v -0.024500 0.714636 -0.514900
v 0.009200 0.795936 -0.429000
v -0.012000 0.769036 -0.443100
v 0.006100 0.769036 -0.443100
v 0.017800 0.828936 -0.430400
v 0.077800 0.860536 -0.462600
v 0.140000 0.961936 -0.528300
v -0.013600 0.834436 -0.401300
v -0.023700 0.828936 -0.430400
v -0.015100 0.795936 -0.429000
v -0.023200 0.767536 -0.475900
v 0.005700 0.720936 -0.475700
v 0.009500 0.700336 -0.491800
v -0.015400 0.700336 -0.491800
v -0.011700 0.720936 -0.475700
v -0.035100 0.645336 -0.597400
v -0.171400 0.615536 -0.826000
v -0.190800 0.784236 -0.736600
v -0.058600 0.822136 -0.528200
v -0.082100 0.809836 -0.477400
v -0.075400 0.878336 -0.496300
v -0.217800 0.977236 -0.657900
v -0.170300 0.900836 -0.758000
v -0.145900 0.961936 -0.528300
v -0.083700 0.860536 -0.462600
v -0.235800 1.153536 -0.752600
v -0.226700 1.130736 -0.704600
v -0.173700 1.026136 -0.721000
v -0.222100 0.924836 -0.767800
v -0.188800 0.887336 -0.785900
v -0.282600 1.175436 -0.766100
v -0.250800 1.315936 -0.780400
v -0.229200 1.145336 -0.838300
v -0.274100 1.239036 -0.612600
v -0.112500 1.097636 -0.629500
v -0.189400 1.003036 -0.552400
v -0.170900 0.928136 -0.471200
v -0.026500 0.889736 -0.393700
v -0.015300 0.856236 -0.387600
v 0.009300 0.856236 -0.387600
v 0.007600 0.834436 -0.401300
v -0.288500 1.237136 -0.492000
v -0.232300 1.142636 -0.371100
v -0.169400 1.228036 -0.426800
v -0.219500 1.123836 -0.448400
v -0.189100 1.058336 -0.402400
v -0.034900 0.974036 -0.352600
v -0.018800 0.896736 -0.358200
v 0.020500 0.889736 -0.393700
v -0.018200 0.934436 -0.338400
v -0.115900 1.108836 -0.360800
v -0.024400 1.057736 -0.328600
v -0.017900 0.997336 -0.314700
v -0.014300 1.029636 -0.301000
v 0.165000 0.928136 -0.471200
v 0.029000 0.974036 -0.352600
v 0.012800 0.896736 -0.358200
v 0.012300 0.934436 -0.338400
v 0.012000 0.997336 -0.314700
v -0.003000 1.030936 -0.302000
v -0.003000 1.057736 -0.328600
v -0.029300 1.124336 -0.310500
v -0.109200 1.184836 -0.344000
v -0.024700 1.181136 -0.238500
v -0.024500 1.128836 -0.253100
v -0.031700 1.205736 -0.295400
v -0.003000 1.205736 -0.283100
v -0.003000 1.180536 -0.238500
v -0.003000 1.128836 -0.253100
v -0.003000 1.124336 -0.306500
v -0.163500 1.621536 -0.216700
v -0.270800 1.733236 -0.325900
v -0.207600 1.492336 -0.489500
v -0.146000 1.434536 -0.404100
v -0.148100 1.313336 -0.427100
v -0.075000 1.205936 -0.408100
v -0.038700 1.235536 -0.323500
v -0.022100 1.262836 -0.275200
v -0.003000 1.265236 -0.269100
v -0.026200 1.278336 -0.302500
v -0.003000 1.281036 -0.305700
v -0.003000 1.248536 -0.339200
v -0.231600 1.358136 -0.531700
v -0.333300 1.270336 -0.527900
v -0.331500 1.318736 -0.532400
v -0.330000 1.259736 -0.585500
v -0.322200 1.325636 -0.581000
v -0.276400 1.309736 -0.616000
v -0.245600 1.339436 -0.587600
v -0.191700 1.358136 -0.693100
v -0.192600 1.567136 -0.621100
v -0.244200 1.845836 -0.498000
v -0.099000 1.881636 -0.585300
v -0.315700 1.309636 -0.647900
v -0.295000 1.300236 -0.706600
v -0.319000 1.246736 -0.648000
v -0.220500 1.325436 -0.759900
v -0.158800 1.361836 -0.819100
v -0.187600 1.349336 -0.841700
v -0.077300 1.424736 -0.888100
v -0.083400 1.409136 -0.847300
v -0.048000 1.414036 -0.939900
v -0.037300 1.302036 -0.969100
v -0.027400 1.324836 -1.071000
v -0.030100 1.328436 -1.014000
v -0.053900 1.245536 -0.965900
v -0.038100 1.483536 -1.041600
v -0.035400 1.448636 -1.000300
v -0.037400 1.475936 -1.014400
v -0.022500 1.066736 -1.045400
v -0.013500 1.059736 -0.986200
v -0.034300 1.087936 -0.949400
v -0.033000 1.092136 -0.983300
v -0.030500 1.227136 -1.007300
v -0.036600 1.241736 -1.080700
v -0.026600 1.122336 -1.001300
v -0.021600 0.977336 -0.978700
v -0.021100 0.982336 -1.044300
v -0.021900 0.959136 -0.964900
v -0.028200 1.159836 -1.082500
v -0.022100 1.116436 -1.062200
v -0.011500 0.950536 -1.041000
v -0.022200 0.872836 -1.045900
v -0.031700 0.865036 -0.988400
v -0.032900 0.844436 -0.994100
v -0.018800 0.842836 -1.039300
v -0.027400 0.785336 -1.048300
v -0.030900 0.768036 -1.027200
v -0.037200 0.761736 -0.997000
v -0.024600 0.733836 -1.034000
v -0.015400 0.739236 -1.068500
v -0.022700 0.694636 -1.065000
v -0.003000 0.265136 -1.835700
v -0.085700 0.235436 -1.595100
v -0.003000 0.288136 -1.626200
v -0.003000 0.373236 -1.364800
v -0.077600 0.372736 -1.330300
v -0.003000 0.412636 -1.359500
v -0.003000 0.447036 -1.262400
v -0.105800 0.440736 -1.182100
v -0.003000 0.467536 -1.258300
v -0.096800 0.466836 -1.182300
v -0.003000 0.519036 -1.167900
v -0.124900 0.491236 -1.098700
v -0.003000 0.596436 -1.102300
v -0.143000 0.577836 -0.974600
v -0.156700 0.675036 -0.935500
v -0.157700 0.764036 -0.890300
v -0.179100 0.776236 -0.896200
v -0.093700 0.224936 -1.999900
v -0.003000 0.197536 -2.160900
v -0.003000 0.160936 -1.980300
v -0.073100 0.203036 -1.824200
v -0.037300 0.134836 -1.802800
v -0.053800 0.144336 -1.572700
v -0.110900 0.260036 -1.320200
v 0.031400 0.134836 -1.802800
v -0.128100 0.563036 -0.972100
v -0.106300 0.473636 -1.095300
v -0.131900 0.349236 -1.078900
v -0.055800 0.192336 -1.307700
v 0.047800 0.144336 -1.572700
v 0.079700 0.235436 -1.595100
v 0.067100 0.203036 -1.824200
v 0.087700 0.224936 -1.999900
v 0.117900 0.253236 -2.187500
v -0.003000 0.324736 -2.353300
v -0.123900 0.253236 -2.187500
v 0.077600 0.298336 -2.023800
v 0.118900 0.322836 -2.162800
v 0.196200 0.361236 -2.352200
v -0.003000 0.434536 -2.490900
v -0.202100 0.361236 -2.352200
v -0.124900 0.322836 -2.162800
v -0.083600 0.298336 -2.023800
v -0.003000 0.347336 -2.037000
v -0.003000 0.491136 -2.433400
v 0.193300 0.405036 -2.323200
v -0.199300 0.405036 -2.323200
v -0.202900 1.030036 -0.745200
v -0.201600 1.017936 -0.842600
v -0.173800 0.990836 -0.832000
v -0.238800 1.058536 -0.752100
v -0.200000 1.126436 -0.829400
v -0.170000 0.870436 -0.858700
v -0.191400 0.892736 -0.859100
v -0.202600 0.791736 -0.818600
v -0.178300 0.769836 -0.833000
v -0.176000 0.675236 -0.874200
v -0.170900 0.661336 -0.898100
v -0.134400 0.476736 -0.937200
v -0.061600 0.273636 -1.073900
v 0.049800 0.192336 -1.307700
v 0.105000 0.260036 -1.320200
v 0.071700 0.372736 -1.330300
v -0.174700 0.769336 -0.808300
v -0.064300 0.388136 -0.891400
v 0.055600 0.273636 -1.073900
v 0.125900 0.349236 -1.078900
v 0.099800 0.440736 -1.182100
v 0.100300 0.473636 -1.095300
v -0.032700 0.513036 -0.729800
v 0.058300 0.388136 -0.891400
v 0.128400 0.476736 -0.937200
v 0.122100 0.563036 -0.972100
v 0.119000 0.491236 -1.098700
v 0.090900 0.466836 -1.182300
v 0.137100 0.577836 -0.974600
v 0.168300 0.670536 -0.882200
v 0.150700 0.675036 -0.935500
v 0.151700 0.764036 -0.890300
v 0.172300 0.769836 -0.833000
v 0.173100 0.776236 -0.896200
v 0.196600 0.791736 -0.818600
v 0.168800 0.769336 -0.808300
v 0.103200 1.184836 -0.344000
v 0.023300 1.124336 -0.310500
v 0.109900 1.108836 -0.360800
v 0.025700 1.205736 -0.295400
v 0.032700 1.235536 -0.323500
v 0.016200 1.262836 -0.275200
v 0.020300 1.278336 -0.302500
v 0.008400 1.029636 -0.301000
v 0.018400 1.057736 -0.328600
v 0.018700 1.181136 -0.238500
v 0.018600 1.128836 -0.253100
v 0.337600 1.553336 -0.426200
v 0.402000 1.645536 -0.528200
v 0.412100 1.599336 -0.447900
v 0.374600 1.600936 -0.541300
v 0.319100 1.601836 -0.541300
v 0.286600 1.612736 -0.398700
v 0.294000 1.687936 -0.519000
v 0.355900 1.635736 -0.362700
v 0.404600 1.710736 -0.508900
v 0.337100 1.553236 -0.675500
v 0.345800 1.503236 -0.624500
v 0.351300 1.478236 -0.506900
v 0.378200 2.041736 -0.572000
v 0.400600 2.085036 -0.442200
v 0.413600 2.013036 -0.501900
v -0.003000 1.613036 -1.211100
v 0.241000 1.901036 -0.870100
v 0.322200 1.841036 -0.855600
v 0.300000 1.615636 -0.960700
v 0.386200 1.718336 -0.789200
v 0.414100 1.645236 -0.706700
v 0.419900 1.699336 -0.670600
v 0.409100 1.759636 -0.690900
v 0.353100 1.849436 -0.780700
v 0.372200 1.870936 -0.711100
v 0.367900 1.918736 -0.695200
v 0.398400 1.878536 -0.711800
v 0.392400 1.928836 -0.686400
v 0.496800 1.875436 -0.448300
v 0.490400 1.929236 -0.411900
v 0.366300 1.995636 -0.670500
v 0.335900 2.059836 -0.646200
v 0.283600 2.058736 -0.720700
v 0.511000 1.757736 -0.578900
v 0.519000 1.841836 -0.439300
v 0.415600 1.797636 -0.639300
v -0.328200 1.841036 -0.855600
v -0.247000 1.901036 -0.870100
v -0.003000 1.940936 -0.982700
v 0.234500 1.960336 -0.827700
v 0.225300 2.000436 -0.838700
v 0.258000 2.024236 -0.760900
v 0.244400 2.057436 -0.776600
v 0.284700 2.025436 -0.715300
v 0.342800 1.974536 -0.680500
v -0.240500 1.960336 -0.827700
v -0.392200 1.718336 -0.789200
v -0.359000 1.849436 -0.780700
v 0.263200 2.130736 -0.674900
v -0.003000 2.258736 -0.760500
v -0.003000 2.004936 -1.018400
v -0.231200 2.000436 -0.838700
v -0.264000 2.024236 -0.760900
v -0.250400 2.057436 -0.776600
v -0.289500 2.058736 -0.720700
v -0.269200 2.130736 -0.674900
v -0.341900 2.059836 -0.646200
v -0.372300 1.995636 -0.670500
v -0.384100 2.041736 -0.572000
v -0.419600 2.013036 -0.501900
v -0.406500 2.085036 -0.442200
v 0.230700 2.182436 -0.606200
v -0.236700 2.182436 -0.606200
v -0.290700 2.025436 -0.715300
v -0.348800 1.974536 -0.680500
v -0.398300 1.928836 -0.686400
v -0.496400 1.929236 -0.411900
v -0.502800 1.875436 -0.448300
v -0.404300 1.878536 -0.711800
v -0.373900 1.918736 -0.695200
v -0.378100 1.870936 -0.711100
v -0.415000 1.759636 -0.690900
v -0.425900 1.699336 -0.670600
v -0.420100 1.645236 -0.706700
v -0.306000 1.615636 -0.960700
v -0.421600 1.797636 -0.639300
v -0.517000 1.757736 -0.578900
v -0.525000 1.841836 -0.439300
v 0.630500 1.967836 0.072000
v 0.545800 2.066136 -0.160900
v 0.646500 1.940036 -0.064600
v 0.535300 2.033236 0.045900
v 0.384200 1.703536 0.402400
v 0.368200 1.608136 0.462800
v 0.445200 1.695736 0.173700
v 0.404600 1.939536 0.315500
v 0.432300 1.951036 0.080800
v 0.440200 1.948736 -0.146300
v 0.557200 2.018136 -0.212700
v 0.571600 1.979036 -0.202200
v 0.443100 1.832836 -0.326400
v 0.569400 1.894636 -0.345700
v 0.431400 1.661836 -0.149500
v 0.480200 2.007836 0.258699
v 0.493400 1.983036 0.345300
v 0.541600 1.925636 0.381100
v 0.372300 1.893936 0.385799
v 0.487300 1.874136 0.497000
v 0.411600 1.824036 0.573000
v 0.354100 1.430436 -0.110700
v 0.408000 1.402436 0.239099
v 0.359500 1.466036 0.479299
v 0.365200 1.532736 0.563000
v 0.293400 1.465836 0.518800
v 0.296200 1.526936 0.570800
v 0.354200 1.657136 0.524200
v 0.290400 1.658436 0.522600
v -0.300800 1.742736 -0.590400
v -0.300000 1.687936 -0.519000
v -0.410500 1.710736 -0.508900
v -0.292500 1.612736 -0.398700
v 0.280000 1.504736 -0.315000
v 0.184500 1.303636 -0.089300
v 0.232000 1.241036 0.279200
v 0.224900 1.247836 0.429600
v 0.220600 1.311736 0.518499
v 0.086400 1.258336 0.525400
v 0.071400 1.234736 0.583400
v 0.177300 1.248436 0.599700
v 0.078200 1.397536 0.671200
v 0.154900 1.409336 0.676000
v 0.079800 1.410836 0.624500
v 0.141100 1.432736 0.627600
v 0.180000 1.393936 0.583100
v 0.228300 1.402236 0.542100
v -0.361900 1.635736 -0.362700
v -0.360000 1.430436 -0.110700
v -0.437300 1.661836 -0.149500
v -0.286000 1.504736 -0.315000
v -0.151600 1.413036 -0.291400
v -0.190500 1.303636 -0.089300
v -0.003000 1.399936 -0.293200
v -0.003000 1.243736 -0.087400
v -0.003000 1.127136 0.279800
v 0.087900 1.188436 0.447900
v -0.003000 1.160236 0.455800
v -0.003000 1.235036 0.540000
v -0.092400 1.258336 0.525400
v -0.093900 1.188436 0.447900
v 0.145600 1.413036 -0.291400
v -0.237900 1.241036 0.279200
v -0.414000 1.402436 0.239099
v -0.451200 1.695736 0.173700
v -0.438200 1.951036 0.080800
v -0.446200 1.948736 -0.146300
v -0.541200 2.033236 0.045900
v -0.410500 1.939536 0.315500
v -0.486200 2.007836 0.258699
v -0.499400 1.983036 0.345300
v -0.547600 1.925636 0.381100
v -0.230800 1.247836 0.429600
v -0.365500 1.466036 0.479299
v -0.374200 1.608136 0.462800
v -0.390200 1.703536 0.402400
v -0.378200 1.893936 0.385799
v -0.493200 1.874136 0.497000
v -0.417500 1.824036 0.573000
v -0.449000 1.832836 -0.326400
v -0.551800 2.066136 -0.160900
v -0.636400 1.967836 0.072000
v -0.652500 1.940036 -0.064600
v -0.563200 2.018136 -0.212700
v -0.577600 1.979036 -0.202200
v -0.575400 1.894636 -0.345700
v -0.334800 1.710936 -0.667000
v -0.394200 1.687536 -0.654700
v -0.391900 1.646336 -0.670100
v 0.294800 1.742736 -0.590400
v 0.328800 1.710936 -0.667000
v -0.285900 1.601536 -0.863600
v 0.386000 1.646336 -0.670100
v 0.388300 1.687536 -0.654700
v 0.279900 1.601536 -0.863600
v -0.003000 1.583736 -1.040500
v 0.688700 1.989236 -0.058000
v 0.667100 1.996236 0.065599
v 0.512100 2.016836 0.375200
v 0.253700 2.080536 0.500700
v 0.309600 1.989436 0.555700
v 0.548200 1.959236 0.403100
v 0.528200 2.080136 0.240200
v 0.604300 2.067236 0.071700
v 0.630800 2.072636 -0.126500
v 0.425400 2.154436 -0.212400
v 0.175300 2.130936 0.510300
v 0.218200 2.099036 0.530000
v 0.434100 1.851236 0.621099
v 0.516400 1.902936 0.530900
v 0.322900 1.899236 0.622700
v 0.305900 1.875836 0.577900
v 0.278500 1.960236 0.530400
v 0.247100 2.046036 0.490000
v 0.208700 2.046636 0.517999
v 0.152800 2.074336 0.495100
v 0.113600 2.105536 0.558300
v -0.003000 2.105336 0.649100
v -0.003000 2.222036 0.650800
v 0.458800 2.207636 -0.053200
v 0.418700 2.236436 0.019700
v 0.309200 2.212036 0.245800
v 0.188000 2.136036 0.448400
v -0.003000 2.221336 0.566299
v -0.181300 2.130936 0.510300
v -0.119500 2.105536 0.558300
v -0.158700 2.074336 0.495100
v -0.224100 2.099036 0.530000
v -0.214700 2.046636 0.517999
v -0.259600 2.080536 0.500700
v -0.253100 2.046036 0.490000
v -0.284500 1.960236 0.530400
v 0.343000 2.301736 0.033399
v 0.225400 2.393436 -0.095300
v -0.003000 2.285136 0.401300
v -0.315100 2.212036 0.245800
v -0.194000 2.136036 0.448400
v -0.003000 2.417736 0.195699
v -0.003000 2.515536 -0.042900
v 0.256900 2.368436 -0.233300
v 0.237800 2.302136 -0.221300
v 0.220700 2.296936 -0.109500
v 0.271200 2.285636 -0.026200
v 0.357700 2.206836 -0.008600
v 0.408900 2.171536 -0.089400
v 0.494000 2.198036 -0.182500
v -0.424700 2.236436 0.019700
v -0.348900 2.301736 0.033399
v -0.231400 2.393436 -0.095300
v -0.243800 2.302136 -0.221300
v -0.226600 2.296936 -0.109500
v -0.262900 2.368436 -0.233300
v -0.003000 2.550036 -0.445700
v -0.003000 2.467036 -0.409100
v -0.534200 2.080136 0.240200
v -0.610200 2.067236 0.071700
v -0.464800 2.207636 -0.053200
v -0.636700 2.072636 -0.126500
v -0.500000 2.198036 -0.182500
v -0.431300 2.154436 -0.212400
v -0.414800 2.171536 -0.089400
v -0.363700 2.206836 -0.008600
v -0.277200 2.285636 -0.026200
v -0.518100 2.016836 0.375200
v -0.315600 1.989436 0.555700
v -0.554200 1.959236 0.403100
v -0.673100 1.996236 0.065599
v -0.694600 1.989236 -0.058000
v -0.311900 1.875836 0.577900
v -0.328900 1.899236 0.622700
v -0.522400 1.902936 0.530900
v -0.440100 1.851236 0.621099
v 0.317600 2.031436 -0.773700
v 0.351600 2.011536 -0.761400
v 0.417700 2.118736 -0.859100
v 0.373400 2.147936 -0.864200
v 0.287100 2.001536 -0.830700
v 0.337300 2.081436 -0.938100
v 0.292900 1.925936 -0.902600
v 0.337600 1.964836 -1.014900
v 0.345300 2.059736 -1.021100
v 0.364900 2.166436 -0.947900
v 0.352200 1.892736 -0.914200
v 0.391100 1.932536 -1.005800
v 0.407400 1.944536 -1.049200
v 0.349000 1.971236 -1.060200
v 0.457900 2.012036 -1.006600
v 0.462100 2.096036 -0.956500
v 0.446500 2.190736 -0.899100
v 0.402200 2.210736 -0.899600
v 0.424200 2.015336 -0.928700
v 0.380700 1.942136 -0.830200
v 0.487100 2.289436 -0.672900
v 0.384400 2.227336 -0.486201
v 0.413000 2.160736 -0.587700
v 0.467800 2.376636 -0.547500
v 0.327600 2.268636 -0.490400
v 0.409200 2.413336 -0.553800
v 0.307400 2.235636 -0.585000
v 0.378800 2.361036 -0.675900
v 0.327500 2.182836 -0.705000
v 0.398400 2.266036 -0.816000
v 0.394700 2.376736 -0.771900
v 0.411500 2.277636 -0.855100
v 0.413600 2.466636 -0.638300
v 0.451700 2.232636 -0.794900
v 0.378900 2.146536 -0.686600
v 0.476600 2.243536 -0.832800
v 0.478800 2.290836 -0.832000
v 0.422800 2.320636 -0.851300
v 0.522700 2.317436 -0.756700
v 0.528700 2.387236 -0.652700
v 0.501000 2.454836 -0.562500
v 0.440500 2.491736 -0.568600
v 0.367900 2.149036 -0.413500
v 0.278100 2.201636 -0.430900
v 0.239200 2.213536 -0.489800
v -0.343600 1.553336 -0.426200
v -0.408000 1.645536 -0.528200
v -0.380600 1.600936 -0.541300
v -0.418100 1.599336 -0.447900
v -0.325100 1.601836 -0.541300
v -0.357300 1.478236 -0.506900
v -0.351700 1.503236 -0.624500
v -0.343000 1.553236 -0.675500
v -0.147000 1.432736 0.627600
v -0.185900 1.393936 0.583100
v -0.160900 1.409336 0.676000
v -0.085800 1.410836 0.624500
v -0.084100 1.397536 0.671200
v -0.183200 1.248436 0.599700
v -0.226500 1.311736 0.518499
v -0.234300 1.402236 0.542100
v -0.299400 1.465836 0.518800
v -0.371200 1.532736 0.563000
v -0.360100 1.657136 0.524200
v -0.302200 1.526936 0.570800
v -0.296400 1.658436 0.522600
v -0.077300 1.234736 0.583400
v 0.286000 1.634836 0.473300
v -0.076600 1.386236 0.513200
v 0.070600 1.386236 0.513200
v -0.291900 1.634836 0.473300
v 0.177600 1.726336 0.433000
v -0.183600 1.726336 0.433000
v -0.286900 1.963836 0.366700
v -0.132700 1.845836 0.426700
v 0.126700 1.845836 0.426700
v 0.077800 1.382836 0.577499
v -0.003000 2.058436 0.527000
v -0.003000 1.954536 0.438000
v 0.280900 1.963836 0.366700
v -0.400600 2.376736 -0.771900
v -0.404400 2.266036 -0.816000
v -0.417400 2.277636 -0.855100
v -0.384800 2.361036 -0.675900
v -0.333500 2.182836 -0.705000
v -0.313400 2.235636 -0.585000
v -0.534600 2.387236 -0.652700
v -0.528700 2.317436 -0.756700
v -0.484700 2.290836 -0.832000
v -0.428800 2.320636 -0.851300
v -0.482500 2.243536 -0.832800
v -0.457700 2.232636 -0.794900
v -0.384900 2.146536 -0.686600
v -0.245100 2.213536 -0.489800
v -0.333600 2.268636 -0.490400
v -0.284000 2.201636 -0.430900
v -0.390400 2.227336 -0.486201
v -0.473700 2.376636 -0.547500
v -0.415200 2.413336 -0.553800
v -0.493000 2.289436 -0.672900
v -0.419000 2.160736 -0.587700
v -0.373900 2.149036 -0.413500
v -0.419500 2.466636 -0.638300
v -0.506900 2.454836 -0.562500
v -0.446400 2.491736 -0.568600
v 0.372200 2.201136 -0.308100
v 0.297900 2.245836 -0.417500
v 0.292900 2.285636 -0.321700
v 0.231200 2.265836 -0.503100
v 0.224200 2.229536 -0.606800
v -0.003000 2.335236 -0.809700
v 0.398900 2.159336 -0.403200
v 0.435600 2.096736 -0.433600
v 0.451400 2.034036 -0.497700
v -0.230100 2.229536 -0.606800
v -0.237200 2.265836 -0.503100
v -0.303900 2.245836 -0.417500
v -0.298800 2.285636 -0.321700
v -0.378100 2.201136 -0.308100
v -0.404900 2.159336 -0.403200
v -0.441600 2.096736 -0.433600
v -0.457400 2.034036 -0.497700
v -0.513800 2.469236 -0.461500
v -0.588400 2.523736 -0.442600
v -0.532600 2.520436 -0.500800
v -0.553600 2.474536 -0.407100
v -0.623400 2.536836 -0.339300
v -0.571300 2.495636 -0.254100
v -0.630400 2.584036 -0.206400
v -0.535500 2.554436 -0.083801
v -0.588700 2.665736 -0.063200
v -0.472600 2.590336 -0.091900
v -0.518700 2.705036 -0.073700
v -0.456800 2.692436 -0.201200
v -0.438900 2.642136 -0.341700
v -0.436600 2.601936 -0.437300
v -0.476300 2.546036 -0.510100
v -0.373100 2.394936 -0.080100
v -0.422100 2.346036 -0.086600
v -0.452100 2.298636 -0.215500
v -0.441600 2.358036 -0.380800
v -0.344700 2.406336 -0.212300
v -0.421600 2.567136 -0.248400
v -0.421400 2.526336 -0.399000
v -0.446500 2.497236 -0.448400
v -0.378400 2.406636 -0.372100
v 0.582500 2.523736 -0.442600
v 0.507800 2.469236 -0.461500
v 0.526700 2.520436 -0.500800
v 0.547600 2.474536 -0.407100
v 0.435700 2.358036 -0.380800
v 0.446200 2.298636 -0.215500
v 0.565300 2.495636 -0.254100
v 0.416100 2.346036 -0.086600
v 0.529500 2.554436 -0.083801
v 0.367100 2.394936 -0.080100
v 0.466600 2.590336 -0.091900
v 0.338700 2.406336 -0.212300
v 0.415700 2.567136 -0.248400
v 0.372400 2.406636 -0.372100
v 0.415400 2.526336 -0.399000
v 0.433000 2.642136 -0.341700
v 0.430700 2.601936 -0.437300
v 0.440500 2.497236 -0.448400
v 0.450800 2.692436 -0.201200
v 0.624500 2.584036 -0.206400
v 0.617400 2.536836 -0.339300
v 0.470400 2.546036 -0.510100
v 0.582700 2.665736 -0.063200
v 0.512800 2.705036 -0.073700
v -0.083800 1.382836 0.577499
v -0.463900 2.012036 -1.006600
v -0.430100 2.015336 -0.928700
v -0.468000 2.096036 -0.956500
v -0.452400 2.190736 -0.899100
v -0.358200 1.892736 -0.914200
v -0.386600 1.942136 -0.830200
v -0.397100 1.932536 -1.005800
v -0.413300 1.944536 -1.049200
v -0.357600 2.011536 -0.761400
v -0.423600 2.118736 -0.859100
v -0.379400 2.147936 -0.864200
v -0.408200 2.210736 -0.899600
v -0.370900 2.166436 -0.947900
v -0.351200 2.059736 -1.021100
v -0.355000 1.971236 -1.060200
v -0.343500 1.964836 -1.014900
v -0.323600 2.031436 -0.773700
v -0.293100 2.001536 -0.830700
v -0.343200 2.081436 -0.938100
v -0.298900 1.925936 -0.902600
v -0.003000 2.313736 0.484000
v -0.213800 0.357136 -2.475600
v -0.406900 0.373536 -2.458700
v -0.202500 0.404736 -2.519700
v -0.254200 0.346536 -2.354700
v -0.332000 0.336836 -2.364100
v -0.403200 0.306636 -2.344700
v -0.470100 0.331336 -2.416900
v -0.447200 0.260836 -2.298400
v -0.476400 0.361636 -2.385000
v -0.404900 0.415936 -2.424000
v -0.199300 0.485536 -2.465700
v -0.184800 0.457836 -2.511000
v -0.164000 0.364636 -2.499701
v -0.147800 0.318836 -2.456200
v -0.213900 0.327536 -2.327400
v -0.149200 0.233936 -2.270900
v -0.202100 0.310436 -2.283200
v -0.218100 0.238236 -2.240400
v -0.065300 0.218336 -2.306400
v -0.061300 0.279636 -2.507299
v 0.000000 0.268436 -2.496500
v -0.062500 0.349936 -2.555000
v 0.000000 0.369536 -2.538200
v 0.061300 0.279636 -2.507299
v -0.244300 0.301236 -2.256300
v -0.249400 0.244736 -2.177800
v -0.200700 0.282736 -2.201400
v -0.131800 0.308736 -2.161200
v -0.120000 0.262236 -2.170100
v -0.048300 0.206236 -2.155500
v 0.000000 0.217636 -2.302500
v 0.065300 0.218336 -2.306400
v 0.147800 0.318836 -2.456200
v 0.164000 0.364636 -2.499701
v 0.213800 0.357136 -2.475600
v 0.202500 0.404736 -2.519700
v 0.406900 0.373536 -2.458700
v 0.184800 0.457836 -2.511000
v 0.149200 0.233936 -2.270900
v 0.131700 0.308736 -2.161200
v 0.218100 0.238236 -2.240400
v 0.200700 0.282736 -2.201400
v 0.120000 0.262236 -2.170100
v 0.048300 0.206236 -2.155500
v 0.000000 0.207136 -2.143000
v 0.199300 0.485536 -2.465700
v 0.404900 0.415936 -2.424000
v 0.470100 0.331336 -2.416900
v 0.476400 0.361636 -2.385000
v 0.447200 0.260836 -2.298400
v 0.403200 0.306636 -2.344700
v 0.332000 0.336836 -2.364100
v 0.254200 0.346536 -2.354700
v 0.213900 0.327536 -2.327400
v 0.202100 0.310436 -2.283200
v 0.244300 0.301236 -2.256300
v 0.249400 0.244736 -2.177800
v 0.168400 0.360536 -2.281500
v 0.194400 0.366736 -2.334000
v 0.241900 0.403036 -2.390000
v 0.171800 0.438336 -2.438800
v 0.179000 0.416636 -2.383400
v 0.000000 0.465736 -2.444201
v 0.086300 0.450236 -2.504700
v 0.062500 0.349936 -2.555000
v 0.000000 0.461036 -2.483200
v -0.086300 0.450236 -2.504700
v -0.171800 0.438336 -2.438800
v -0.179000 0.416636 -2.383400
v -0.168500 0.360536 -2.281500
v -0.194400 0.366736 -2.334000
v -0.241900 0.403036 -2.390000
v -0.202000 0.942736 -0.636500
v -0.212500 1.115036 -0.709700
v -0.042600 1.113236 -0.499800
v -0.241900 1.250836 -0.666500
v -0.370700 1.150136 -0.759500
v -0.394900 1.289636 -0.595600
v -0.345600 1.234836 -0.433600
v -0.665100 0.952236 -0.285700
v -0.575600 1.031836 -0.491000
v -0.641900 0.907836 -0.330800
v -0.600100 1.082736 -0.455700
v -0.504600 1.106036 -0.644600
v -0.374200 0.974836 -0.739000
v -0.515500 0.856536 -0.503000
v -0.338500 0.831536 -0.489200
v -0.426700 0.776536 -0.345400
v -0.608100 0.832436 -0.355400
v -0.628800 0.761636 -0.312400
v -0.671600 0.822736 -0.230000
v -0.688700 0.734836 -0.176900
v -0.667600 0.936836 -0.205200
v -0.470700 0.690636 -0.340500
v -0.457600 0.732436 -0.312500
v -0.681200 0.665736 -0.132200
v -0.638100 0.593736 -0.108200
v -0.654800 0.566536 -0.131800
v -0.682900 0.624236 -0.207800
v -0.718700 0.664436 -0.180600
v -0.711300 0.673836 -0.232000
v -0.716000 0.706436 -0.202800
v -0.683900 0.708836 -0.241200
v -0.691600 0.665436 -0.250300
v -0.626200 0.707836 -0.372600
v -0.561800 0.624736 -0.462100
v -0.453700 0.602736 -0.430200
v -0.444700 0.593036 -0.453100
v -0.644800 0.608036 -0.061100
v -0.553500 0.600036 -0.029000
v -0.618500 0.573036 -0.194400
v -0.534200 0.552236 -0.114700
v -0.662000 0.578536 -0.282600
v -0.678300 0.622036 -0.315500
v -0.643600 0.583136 -0.437100
v -0.572800 0.600936 -0.499900
v -0.434900 0.635936 -0.495200
v -0.535400 0.651836 -0.531400
v -0.515600 0.590636 -0.604800
v -0.577500 0.514636 -0.579900
v -0.428300 0.563536 -0.578600
v -0.427600 0.496636 -0.547800
v -0.474100 0.451136 -0.588500
v -0.536500 0.456336 -0.619000
v -0.664800 0.568536 -0.517900
v -0.532700 0.557136 -0.172200
v -0.559400 0.339236 -0.606100
v -0.530100 0.363836 -0.655900
v -0.598900 0.387036 -0.550000
v -0.486200 0.356536 -0.641100
v -0.530600 0.241236 -0.625200
v -0.505400 0.334736 -0.586800
v -0.487600 0.357636 -0.499900
v -0.551000 0.325736 -0.516700
v -0.617500 0.293436 -0.442900
v -0.578900 0.194736 -0.513800
v -0.554100 0.269736 -0.533400
v -0.649800 0.248936 -0.388000
v -0.602100 0.225836 -0.447200
v -0.613200 0.155336 -0.410000
v -0.562800 0.278336 -0.428700
v -0.733700 0.347536 -0.307800
v -0.668100 0.210936 -0.376000
v -0.774100 0.309936 -0.273300
v -0.692800 0.399636 -0.376900
v -0.663500 0.461236 -0.460600
v -0.653300 0.511336 -0.561600
v -0.693100 0.485936 -0.492200
v -0.654200 0.527236 -0.388900
v -0.600300 0.490336 -0.296200
v -0.533000 0.490336 -0.277700
v -0.617400 0.460436 -0.307400
v -0.769800 0.271036 -0.231000
v -0.666600 0.187236 -0.325300
v -0.585300 0.235536 -0.369000
v -0.595700 0.199736 -0.363100
v -0.589700 0.178236 -0.292100
v -0.682000 0.109836 -0.290800
v -0.804900 0.244436 -0.183900
v -0.672500 0.309636 -0.151000
v -0.711700 0.312036 -0.078100
v -0.592600 0.207836 -0.086200
v -0.723500 0.236836 -0.043500
v -0.620500 0.166536 -0.083900
v -0.607100 0.171836 0.036100
v -0.561800 -0.000664 -0.037500
v -0.657700 0.003536 0.101200
v -0.683900 0.106736 0.099000
v -0.815000 -0.002764 0.174900
v -0.599300 0.183736 -0.149000
v -0.783500 0.161036 0.113900
v -0.746400 0.287436 0.039700
v -0.844200 0.103636 0.036100
v -0.842700 0.199536 -0.055100
v -0.788700 0.185036 -0.118400
v -0.740600 0.088436 -0.197400
v -0.620800 0.089336 -0.153100
v -0.581500 0.117836 -0.266500
v -0.865300 -0.005564 0.001700
v -0.859000 -0.002164 -0.132300
v -0.592000 0.213036 -0.175200
v -0.580900 0.255136 -0.128800
v -0.441500 0.408136 -0.460500
v -0.535000 0.259936 -0.296800
v -0.538700 0.221936 -0.274100
v -0.543500 0.251536 -0.167800
v -0.564800 0.325736 -0.136600
v -0.668400 0.376236 -0.135200
v -0.413600 0.432736 -0.373100
v -0.409500 0.418836 -0.432600
v -0.393200 0.461836 -0.471100
v -0.518000 0.360136 -0.247700
v -0.448400 0.422736 -0.363600
v -0.431800 0.535936 -0.359500
v -0.396400 0.480836 -0.378000
v -0.381200 0.511736 -0.439200
v -0.432900 0.540836 -0.459400
v -0.424000 0.620836 -0.223800
v -0.421100 0.700636 -0.178600
v -0.362700 0.827336 -0.199100
v -0.276600 0.930436 -0.301700
v -0.461700 0.580736 -0.158100
v -0.436300 0.612836 -0.152100
v -0.474600 0.637236 -0.115500
v -0.446900 0.727336 -0.061700
v -0.539200 0.580736 -0.081100
v -0.507400 0.587336 -0.098800
v -0.520800 0.577336 -0.159400
v -0.214700 0.973636 -0.398200
v -0.278100 1.125536 -0.335600
v -0.314400 1.041836 -0.234100
v -0.362500 0.956736 -0.139700
v -0.403200 0.823336 -0.111500
v -0.576600 0.986036 0.016100
v -0.571700 0.906536 -0.013800
v -0.527300 0.913936 -0.041900
v -0.594400 0.921336 -0.056400
v -0.525200 1.089736 -0.093600
v 0.547400 1.033436 -0.150500
v 0.519300 1.089736 -0.093600
v 0.527500 1.025636 -0.111400
v 0.505700 1.057236 -0.165000
v 0.484500 1.022836 -0.131000
v -0.532500 0.451236 -0.294200
v -0.620300 0.404136 -0.202600
v -0.652600 0.416936 -0.163300
v 0.859300 -0.005564 0.001700
v 0.555800 -0.000664 -0.037500
v 0.853100 -0.002164 -0.132300
v 0.651800 0.003536 0.101200
v 0.809100 -0.002764 0.174900
v 0.481700 0.357636 -0.499900
v 0.515100 0.312236 -0.509800
v -0.629200 0.885436 0.143100
v -0.632200 0.720236 0.069200
v -0.605000 0.817936 0.027500
v -0.573300 0.771336 0.051500
v 0.565800 0.906536 -0.013800
v 0.588500 0.921336 -0.056400
v 0.570700 0.986036 0.016100
v 0.542200 0.955336 -0.083500
v 0.521300 0.913936 -0.041900
v -0.420700 1.240636 -0.673900
v -0.533700 1.175636 -0.564900
v -0.518500 1.178036 -0.401000
v -0.591600 1.089336 -0.318200
v -0.553300 1.033436 -0.150500
v -0.545100 0.986336 -0.097400
v -0.533400 1.025636 -0.111400
v -0.490400 1.022836 -0.131000
v -0.511700 1.057236 -0.165000
v -0.496700 1.089136 -0.190500
v -0.446700 1.174136 -0.299300
v -0.231000 1.145936 -0.412800
v -0.647800 0.774236 0.036700
v -0.705300 0.683436 -0.022000
v -0.651500 0.627236 0.077200
v -0.516400 0.677836 0.047700
v -0.481900 0.726836 0.016500
v -0.539300 0.667136 0.018900
v -0.408300 0.861336 -0.060800
v -0.578300 0.867736 -0.004900
v -0.548200 0.955336 -0.083500
v 0.528300 0.552236 -0.114700
v 0.514800 0.577336 -0.159400
v 0.526700 0.557136 -0.172200
v 0.612500 0.573036 -0.194400
v 0.594300 0.490336 -0.296200
v 0.656100 0.578536 -0.282600
v 0.648300 0.527236 -0.388900
v 0.672300 0.622036 -0.315500
v 0.637700 0.583136 -0.437100
v 0.621200 0.686936 -0.402400
v 0.555900 0.624736 -0.462100
v 0.566900 0.600936 -0.499900
v 0.658800 0.568536 -0.517900
v 0.687200 0.485936 -0.492200
v 0.648800 0.566536 -0.131800
v 0.677000 0.624236 -0.207800
v 0.685700 0.665436 -0.250300
v 0.621000 0.745236 -0.327600
v 0.454600 0.718836 -0.318300
v 0.474100 0.660636 -0.375200
v 0.447800 0.602736 -0.430200
v 0.438800 0.593036 -0.453100
v 0.429000 0.635936 -0.495200
v 0.529400 0.651836 -0.531400
v 0.509700 0.590636 -0.604800
v 0.571500 0.514636 -0.579900
v 0.422300 0.563536 -0.578600
v 0.420800 0.776536 -0.345400
v 0.421600 0.496636 -0.547800
v 0.462100 0.446236 -0.580700
v 0.534000 0.461236 -0.616300
v 0.478000 0.358636 -0.647000
v 0.519800 0.359736 -0.658100
v 0.524600 0.241236 -0.625200
v 0.647400 0.511336 -0.561600
v 0.657500 0.461236 -0.460600
v 0.593000 0.387036 -0.550000
v 0.530600 0.361336 -0.562200
v 0.526500 0.336936 -0.596500
v 0.529700 0.268336 -0.528000
v 0.566500 0.271136 -0.538700
v 0.573000 0.194736 -0.513800
v 0.574900 0.339136 -0.523600
v 0.611600 0.293436 -0.442900
v 0.686900 0.399636 -0.376900
v 0.611400 0.460436 -0.307400
v 0.638700 0.420136 -0.229200
v 0.526600 0.451236 -0.294200
v 0.556900 0.388036 -0.172700
v 0.646700 0.416936 -0.163300
v 0.558800 0.325736 -0.136600
v 0.662500 0.376236 -0.135200
v 0.666500 0.309636 -0.151000
v 0.763800 0.271036 -0.231000
v 0.798900 0.244436 -0.183900
v 0.676100 0.109836 -0.290800
v 0.727700 0.347536 -0.307800
v 0.768200 0.309936 -0.273300
v 0.662100 0.210936 -0.376000
v 0.643900 0.248936 -0.388000
v 0.608600 0.227436 -0.447500
v 0.556900 0.278336 -0.428700
v 0.583700 0.224236 -0.446900
v 0.607200 0.155336 -0.410000
v 0.579300 0.235536 -0.369000
v 0.589800 0.199736 -0.363100
v 0.590200 0.173436 -0.303800
v 0.660700 0.187236 -0.325300
v 0.575600 0.117836 -0.266500
v 0.614800 0.089336 -0.153100
v 0.734700 0.088436 -0.197400
v 0.782700 0.185036 -0.118400
v 0.705700 0.312036 -0.078100
v 0.601100 0.171836 0.036100
v 0.677900 0.106736 0.099000
v 0.777500 0.161036 0.113900
v 0.838300 0.103636 0.036100
v 0.836700 0.199536 -0.055100
v 0.717500 0.236836 -0.043500
v 0.586700 0.207836 -0.086200
v 0.575000 0.255136 -0.128800
v 0.537600 0.251536 -0.167800
v 0.512100 0.360136 -0.247700
v 0.442500 0.422736 -0.363600
v 0.527000 0.490336 -0.277700
v 0.529000 0.259936 -0.296800
v 0.435500 0.408136 -0.460500
v 0.532700 0.221936 -0.274100
v 0.586000 0.213036 -0.175200
v 0.593300 0.183736 -0.149000
v 0.615300 0.185136 -0.079400
v 0.614200 0.157236 -0.086200
v 0.740400 0.287436 0.039700
v 0.571000 0.187936 -0.268700
v 0.387300 0.461836 -0.471100
v 0.375200 0.511736 -0.439200
v 0.390500 0.480836 -0.378000
v 0.425800 0.535936 -0.359500
v 0.407600 0.432736 -0.373100
v 0.403500 0.418836 -0.432600
v 0.427000 0.540836 -0.459400
v 0.432200 0.575936 -0.276300
v 0.455700 0.580736 -0.158100
v 0.501400 0.587336 -0.098800
v 0.533200 0.580736 -0.081100
v 0.468600 0.637236 -0.115500
v 0.414100 0.630136 -0.210500
v 0.430400 0.612836 -0.152100
v 0.415200 0.700636 -0.178600
v 0.440900 0.727336 -0.061700
v 0.356800 0.827336 -0.199100
v 0.397200 0.823336 -0.111500
v 0.360000 0.956736 -0.139700
v 0.405800 0.861336 -0.060800
v 0.533300 0.667136 0.018900
v 0.547500 0.600036 -0.029000
v 0.632100 0.593736 -0.108200
v 0.638900 0.608036 -0.061100
v 0.701300 0.683436 -0.022000
v 0.196000 0.942736 -0.636500
v 0.208700 0.973636 -0.398200
v 0.036600 1.113236 -0.499800
v 0.228500 1.145936 -0.412800
v 0.275700 1.125536 -0.335600
v 0.311900 1.041836 -0.234100
v 0.270700 0.930436 -0.301700
v 0.332600 0.831536 -0.489200
v 0.675200 0.665736 -0.132200
v 0.718800 0.664436 -0.183100
v 0.708300 0.673836 -0.233200
v 0.710000 0.706436 -0.202800
v 0.678000 0.708836 -0.241200
v 0.682800 0.734836 -0.176900
v 0.352700 1.246636 -0.451200
v 0.389000 1.289636 -0.595600
v 0.235900 1.250836 -0.666500
v 0.414700 1.240636 -0.673900
v 0.364800 1.150136 -0.759500
v 0.498600 1.106036 -0.644600
v 0.368200 0.974836 -0.739000
v 0.509500 0.856536 -0.503000
v 0.602200 0.832436 -0.355400
v 0.641400 0.892536 -0.312900
v 0.662800 0.944336 -0.268600
v 0.206600 1.115036 -0.709700
v 0.534000 1.167736 -0.550000
v 0.569700 1.031836 -0.491000
v 0.595300 1.082736 -0.455700
v 0.490800 1.089136 -0.190500
v 0.539200 0.986336 -0.097400
v 0.632600 0.995436 -0.236700
v 0.585700 1.089336 -0.318200
v 0.512500 1.178036 -0.401000
v 0.440800 1.174136 -0.299300
v 0.572300 0.867736 -0.004900
v 0.599000 0.817936 0.027500
v 0.567300 0.771336 0.051500
v 0.475900 0.726836 0.016500
v 0.626300 0.720236 0.069200
v 0.510400 0.677836 0.047700
v 0.645500 0.627236 0.077200
v 0.641900 0.774236 0.036700
v 0.623200 0.885436 0.143100
v 0.059824 1.688044 0.829525
v 0.049941 1.705885 0.837129
v 0.064627 1.603930 1.143896
v 0.077088 1.581434 1.134307
v 0.034550 1.720044 0.843164
v 0.045219 1.621783 1.151505
v 0.015156 1.729134 0.847039
v 0.020764 1.633245 1.156392
v -0.006343 1.732267 0.848373
v -0.006343 1.637196 1.158074
v -0.027842 1.729134 0.847039
v -0.033451 1.633245 1.156392
v -0.047236 1.720044 0.843164
v -0.057906 1.621783 1.151505
v -0.062627 1.705885 0.837129
v -0.077312 1.603930 1.143896
v -0.072509 1.688044 0.829525
v -0.089773 1.581434 1.134307
v -0.075914 1.668266 0.821096
v -0.094066 1.556497 1.123678
v -0.072509 1.648491 0.812667
v -0.087529 1.528013 1.118205
v -0.062627 1.630648 0.805063
v -0.064923 1.484908 1.150580
v -0.047236 1.616490 0.799028
v -0.047236 1.445470 1.202477
v -0.027842 1.607401 0.795154
v -0.027842 1.413273 1.253253
v -0.006343 1.604267 0.793818
v -0.006343 1.400630 1.274408
v 0.015155 1.607400 0.795154
v 0.015155 1.413273 1.253253
v 0.034550 1.616490 0.799028
v 0.034550 1.445470 1.202477
v 0.049941 1.630648 0.805063
v 0.052469 1.484354 1.152077
v 0.059824 1.648491 0.812667
v 0.074603 1.525847 1.122980
v 0.063229 1.668266 0.821096
v 0.081381 1.556497 1.123678
v -0.006343 1.668266 0.821096
v 0.049990 1.588018 1.149411
v 0.057430 1.568556 1.142867
v 0.035971 1.604743 1.154937
v 0.015714 1.613408 1.159046
v -0.006343 1.616447 1.160435
v -0.028251 1.612821 1.159124
v -0.046319 1.600435 1.155804
v -0.058732 1.583731 1.150897
v -0.065738 1.565688 1.144773
v -0.069496 1.548172 1.136831
v -0.069405 1.527737 1.129910
v -0.067164 1.506323 1.140245
v -0.005625 1.551359 1.114593
v 0.056514 1.505181 1.141663
v 0.061326 1.549702 1.134414
v 0.060558 1.526008 1.131248
v 0.474024 2.514497 0.553964
v 0.447047 2.558132 0.579414
v 0.528569 2.498310 0.608585
v 0.364450 2.419439 0.515432
v 0.477102 2.442267 0.501327
v 0.526789 2.423221 0.608559
v 0.489191 2.420439 0.670492
v 0.495886 2.459549 0.678294
v 0.491290 2.497180 0.690918
v 0.479466 2.597340 0.728374
v 0.521789 2.528211 0.804072
v 0.523665 2.583139 0.868606
v 0.571686 2.528737 0.988375
v 0.464648 2.570984 0.880696
v 0.403894 2.582467 0.728425
v 0.350060 2.533161 0.610934
v 0.385545 2.490057 0.569220
v 0.334583 2.367590 0.656808
v 0.412336 2.317588 0.570991
v 0.484677 2.314160 0.566287
v 0.494104 2.266403 0.587104
v 0.527230 2.347544 0.665057
v 0.477915 2.361841 0.724565
v 0.433692 2.439591 0.715839
v 0.414263 2.478569 0.702223
v 0.332105 2.455369 0.671778
v 0.382320 2.393602 0.696519
v 0.478904 2.516370 0.815504
v 0.396190 2.257340 0.617984
v 0.405241 2.305978 0.738524
v 0.555152 2.524562 0.993903
v 0.619152 1.453171 0.234206
v 0.632283 1.387795 0.360943
v 0.592487 1.473437 0.261712
v 0.557290 1.497191 0.266240
v 0.619039 1.554559 0.372899
v 0.634509 1.512876 0.386226
v 0.658274 1.406883 0.503392
v 0.601512 1.776486 0.563186
v 0.626373 1.731346 0.556243
v 0.624979 1.749826 0.529488
v 0.591116 1.784397 0.552888
v 0.604798 1.763132 0.643335
v 0.590424 1.723294 0.563681
v 0.583415 1.738034 0.535994
v 0.571845 1.732461 0.514544
v 0.633125 1.748761 0.505112
v 0.678381 1.844595 0.485099
v 0.600237 1.889839 0.608297
v 0.653546 1.962463 0.530824
v 0.653563 1.871338 0.411120
v 0.590345 2.031333 0.486511
v 0.488541 2.001496 0.508730
v 0.441002 2.102997 0.529398
v 0.442482 1.946134 0.625754
v 0.475514 2.010104 0.631202
v 0.499355 1.897770 0.653031
v 0.517613 1.942979 0.663825
v 0.563102 2.130515 0.510314
v 0.669915 2.008877 0.568295
v 0.439299 2.106944 0.569495
v 0.545894 2.133912 0.552048
v 0.610536 2.036920 0.603566
v 0.600892 1.959842 0.645163
v 0.620986 1.916112 0.642069
v 0.596110 1.675982 0.590497
v 0.610351 1.687524 0.513106
v 0.579862 1.680753 0.520838
v 0.626983 1.709186 0.488846
v 0.569914 1.692202 0.498377
v 0.692141 1.740373 0.432961
v 0.688926 1.770651 0.318298
v 0.549732 1.781860 0.335824
v 0.542049 1.864334 0.405621
v 0.452915 1.899045 0.588578
v 0.482133 1.840699 0.440815
v 0.476245 1.792400 0.504197
v 0.519362 1.873477 0.612107
v 0.477727 1.690647 0.343020
v 0.548115 1.776376 0.311771
v 0.566287 1.750028 0.299118
v 0.651361 1.731579 0.273528
v 0.560472 1.751429 0.284531
v 0.649112 1.743002 0.252135
v 0.517077 1.786644 0.258237
v 0.617653 1.792406 0.202865
v 0.678359 1.661373 0.200775
v 0.483863 1.693603 0.316618
v 0.490177 1.678045 0.423778
v 0.474386 1.548604 0.308882
v 0.465824 1.567954 0.267900
v 0.563298 1.629990 0.444917
v 0.592402 1.546312 0.229997
v 0.587185 1.563296 0.183828
v 0.536623 1.608222 0.215420
v 0.583498 1.623804 0.498272
v 0.569209 1.645985 0.485143
v 0.356914 1.908839 0.138674
v 0.528021 1.873023 0.056006
v 0.408514 1.893061 0.032455
v 0.511933 1.902204 0.143873
v 0.445518 1.862365 0.214065
v 0.553783 1.828999 0.177304
v 0.476298 1.807251 0.229545
v 0.311840 1.748241 0.209869
v 0.410274 1.770103 0.222744
v 0.409038 1.732608 0.177204
v 0.440220 1.700024 0.191574
v 0.507165 1.701064 0.127284
v 0.512422 1.727582 0.285610
v 0.424874 1.736134 0.254738
v 0.550570 1.768131 0.090376
v 0.471125 1.794676 0.022090
v 0.585301 1.821094 0.102655
v 0.633248 1.771595 0.150787
v 0.577509 1.726461 0.112283
v 0.476257 1.740580 0.102617
v 0.341582 1.723437 0.103068
v 0.255485 1.775872 0.025331
v 0.598343 1.616982 0.178835
v 0.692576 1.611123 0.175569
v 0.700505 1.613404 0.210671
v 0.718440 1.673279 0.226273
v 0.754656 1.634910 0.240482
v 0.652452 1.648925 0.433066
v 0.633557 1.657819 0.481115
v 0.672929 1.527487 0.250626
v 0.616794 1.627722 0.494833
v 0.690086 1.586722 0.364556
v 0.765033 1.562727 0.281223
v 0.680038 1.399081 0.356218
v 0.657220 1.462343 0.241640
v 0.660618 1.484633 0.251317
v 0.794108 2.126531 1.103797
v 0.674605 2.215964 1.115723
v 0.690572 2.141746 1.192590
v 0.665160 2.270132 0.994138
v 0.710656 2.240070 0.922103
v 0.661955 2.305987 1.006977
v 0.747938 2.280096 0.912876
v 0.643275 2.119345 0.833191
v 0.658520 2.088564 0.888680
v 0.833209 2.028990 1.194984
v 0.728076 2.060748 1.282777
v 0.898228 1.841315 1.335365
v 0.804007 1.690639 1.302863
v 0.903163 1.477213 1.473838
v 0.707248 1.877095 1.092459
v 0.622022 2.006313 0.879640
v 0.493948 2.013909 0.727522
v 0.619798 2.046856 0.804193
v 0.576127 2.035499 0.816203
v 0.614618 2.045585 0.719340
v 0.664358 2.193843 0.759813
v 0.678066 2.318152 0.789335
v 0.638467 2.388910 0.810171
v 0.563545 2.340942 0.981338
v 0.571841 2.418738 1.078077
v 0.600953 2.302964 1.066860
v 0.606488 2.260321 1.049336
v 0.613163 2.242174 1.099102
v 0.619751 2.310646 1.164989
v 0.643086 2.207889 1.153969
v 0.570047 2.432393 0.811470
v 0.494114 2.448331 0.819219
v 0.584012 2.329488 0.814775
v 0.628488 2.305195 0.652369
v 0.580188 2.349374 0.746204
v 0.651842 2.219962 0.635498
v 0.636576 2.151642 0.622289
v 0.491143 1.981701 0.718829
v 0.604272 2.001627 0.695868
v 0.655812 2.119815 0.603046
v 0.512310 2.156604 0.546472
v 0.536102 2.179858 0.596351
v 0.524303 2.202005 0.571564
v 0.508724 2.245481 0.573012
v 0.493671 2.316410 0.833590
v 0.447108 2.301300 0.837559
v 0.437013 2.194750 0.970501
v 0.519885 2.270416 1.037822
v 0.400335 2.202453 0.968474
v 0.383194 2.312281 0.862208
v 0.355726 2.245737 0.856827
v 0.361921 2.143449 0.705569
v 0.347536 2.231625 0.746552
v 0.449885 2.165360 0.813593
v 0.523766 2.090242 0.868442
v 0.554200 2.062663 0.911700
v 0.417926 2.173517 0.599071
v 0.409041 2.219010 0.597714
v 0.433868 2.150081 0.629045
v 0.411149 2.103907 0.672434
v 0.437106 2.135837 0.566227
v 0.420579 2.037498 0.660742
v 0.956757 1.269970 1.707280
v 1.121383 0.922245 1.832481
v 1.001278 1.281472 1.723961
v 1.003011 1.245716 1.635288
v 0.643130 2.144349 1.204621
v 0.652350 2.187969 1.263432
v 0.676592 2.100806 1.237432
v 0.690446 2.074247 1.272097
v 0.687096 2.090716 1.312020
v 0.700147 2.037919 1.311997
v 0.797311 1.864787 1.462756
v 0.968505 1.552511 1.545068
v 1.044400 1.283829 1.702662
v 0.901694 1.538662 1.629820
v 0.844475 1.512417 1.572334
v 0.535985 2.251631 1.042441
v 0.570871 2.192256 1.137600
v 0.503543 2.060758 1.145734
v 0.628342 2.124037 1.216432
v 0.572334 1.957132 1.255913
v 0.653579 2.037254 1.293821
v 0.667614 1.794446 1.388702
v 0.428842 2.382213 0.856270
v 0.241493 1.781641 0.158186
v 0.563421 2.400742 0.806034
v 0.496422 2.410335 0.803569
v 0.615968 2.367125 0.804717
v 0.429643 2.364528 0.843672
v 0.393322 2.306548 0.849599
v -0.474024 2.513444 0.563396
v -0.447047 2.557079 0.588846
v -0.528569 2.497257 0.618017
v -0.364450 2.418386 0.524864
v -0.477102 2.441214 0.510759
v -0.526789 2.422168 0.617991
v -0.489191 2.419386 0.679924
v -0.495886 2.458496 0.687726
v -0.491290 2.496127 0.700350
v -0.479466 2.596287 0.737806
v -0.521789 2.527158 0.813504
v -0.523665 2.582086 0.878038
v -0.571686 2.527684 0.997807
v -0.464648 2.569931 0.890128
v -0.403894 2.581414 0.737857
v -0.350060 2.532108 0.620366
v -0.385545 2.489004 0.578652
v -0.334583 2.366537 0.666240
v -0.412336 2.316535 0.580423
v -0.484677 2.313107 0.575719
v -0.494104 2.265350 0.596536
v -0.527230 2.346491 0.674489
v -0.477915 2.360788 0.733997
v -0.433692 2.438538 0.725271
v -0.414263 2.477516 0.711655
v -0.332105 2.454316 0.681210
v -0.382320 2.392549 0.705951
v -0.478904 2.515317 0.824936
v -0.396190 2.256287 0.627416
v -0.405241 2.304925 0.747956
v -0.555152 2.523509 1.003335
v -0.619152 1.452119 0.243638
v -0.632283 1.386742 0.370375
v -0.592487 1.472384 0.271144
v -0.557290 1.496138 0.275672
v -0.619039 1.553506 0.382331
v -0.634509 1.511824 0.395658
v -0.658274 1.405831 0.512824
v -0.601512 1.775433 0.572618
v -0.626373 1.730294 0.565675
v -0.624979 1.748773 0.538920
v -0.591116 1.783345 0.562320
v -0.604798 1.762079 0.652767
v -0.590424 1.722242 0.573113
v -0.583415 1.736982 0.545426
v -0.571845 1.731408 0.523976
v -0.633125 1.747708 0.514544
v -0.678381 1.843542 0.494531
v -0.600237 1.888787 0.617729
v -0.653546 1.961411 0.540256
v -0.653563 1.870286 0.420552
v -0.590345 2.030280 0.495943
v -0.488541 2.000443 0.518162
v -0.441002 2.101944 0.538830
v -0.442482 1.945081 0.635186
v -0.475514 2.009051 0.640634
v -0.499355 1.896718 0.662463
v -0.517613 1.941926 0.673257
v -0.563102 2.129462 0.519746
v -0.669915 2.007824 0.577727
v -0.439299 2.105891 0.578927
v -0.545894 2.132859 0.561480
v -0.610536 2.035867 0.612998
v -0.600892 1.958790 0.654595
v -0.620986 1.915060 0.651501
v -0.596110 1.674929 0.599929
v -0.610351 1.686471 0.522538
v -0.579862 1.679700 0.530270
v -0.626983 1.708133 0.498278
v -0.569914 1.691149 0.507809
v -0.692141 1.739321 0.442393
v -0.688926 1.769598 0.327730
v -0.549732 1.780807 0.345256
v -0.542049 1.863281 0.415053
v -0.452915 1.897992 0.598010
v -0.482133 1.839646 0.450247
v -0.476245 1.791348 0.513629
v -0.519362 1.872424 0.621539
v -0.477727 1.689595 0.352452
v -0.548115 1.775324 0.321203
v -0.566287 1.748976 0.308550
v -0.651361 1.730526 0.282960
v -0.560472 1.750376 0.293963
v -0.649112 1.741949 0.261567
v -0.517077 1.785591 0.267669
v -0.617653 1.791353 0.212297
v -0.678359 1.660321 0.210207
v -0.483863 1.692550 0.326050
v -0.490177 1.676993 0.433210
v -0.474386 1.547552 0.318314
v -0.465824 1.566901 0.277332
v -0.563298 1.628937 0.454349
v -0.592402 1.545259 0.239429
v -0.587185 1.562243 0.193260
v -0.536623 1.607170 0.224852
v -0.583498 1.622751 0.507704
v -0.569209 1.644933 0.494575
v -0.356914 1.907786 0.148106
v -0.528021 1.871970 0.065438
v -0.408514 1.892009 0.041887
v -0.511933 1.901151 0.153305
v -0.445518 1.861312 0.223497
v -0.553783 1.827946 0.186736
v -0.476298 1.806198 0.238977
v -0.311840 1.747188 0.219301
v -0.410274 1.769050 0.232176
v -0.409038 1.731555 0.186636
v -0.440220 1.698972 0.201006
v -0.507165 1.700011 0.136716
v -0.512422 1.726529 0.295042
v -0.424874 1.735081 0.264170
v -0.550570 1.767079 0.099808
v -0.471125 1.793623 0.031522
v -0.585301 1.820042 0.112087
v -0.633248 1.770543 0.160219
v -0.577509 1.725408 0.121715
v -0.476257 1.739527 0.112049
v -0.341582 1.722384 0.112500
v -0.255485 1.774819 0.034763
v -0.598343 1.615929 0.188267
v -0.692576 1.610070 0.185001
v -0.700505 1.612352 0.220103
v -0.718440 1.672226 0.235705
v -0.754656 1.633857 0.249914
v -0.652452 1.647872 0.442498
v -0.633557 1.656767 0.490547
v -0.672929 1.526434 0.260058
v -0.616794 1.626670 0.504265
v -0.690086 1.585670 0.373988
v -0.765033 1.561674 0.290655
v -0.680038 1.398028 0.365650
v -0.657220 1.461290 0.251072
v -0.660618 1.483580 0.260749
v -0.794108 2.125478 1.113229
v -0.674605 2.214911 1.125155
v -0.690572 2.140693 1.202022
v -0.665160 2.269079 1.003570
v -0.710656 2.239017 0.931535
v -0.661955 2.304934 1.016409
v -0.747938 2.279043 0.922308
v -0.643275 2.118292 0.842623
v -0.658520 2.087511 0.898112
v -0.833209 2.027937 1.204416
v -0.728076 2.059695 1.292209
v -0.898228 1.840263 1.344797
v -0.804007 1.689587 1.312295
v -0.903163 1.476161 1.483270
v -0.707248 1.876042 1.101891
v -0.622022 2.005260 0.889072
v -0.493948 2.012856 0.736954
v -0.619798 2.045803 0.813625
v -0.576127 2.034446 0.825635
v -0.614618 2.044532 0.728772
v -0.664358 2.192790 0.769245
v -0.678066 2.317099 0.798767
v -0.638467 2.387857 0.819603
v -0.563545 2.339889 0.990770
v -0.571841 2.417685 1.087509
v -0.600953 2.301911 1.076292
v -0.606488 2.259268 1.058768
v -0.613163 2.241121 1.108534
v -0.619751 2.309593 1.174421
v -0.643086 2.206836 1.163401
v -0.570047 2.431340 0.820902
v -0.494114 2.447278 0.828651
v -0.584012 2.328435 0.824207
v -0.628488 2.304142 0.661801
v -0.580188 2.348321 0.755636
v -0.651842 2.218909 0.644930
v -0.636576 2.150589 0.631721
v -0.491143 1.980648 0.728261
v -0.604272 2.000574 0.705300
v -0.655812 2.118762 0.612478
v -0.512310 2.155551 0.555904
v -0.536102 2.178805 0.605783
v -0.524303 2.200952 0.580996
v -0.508724 2.244428 0.582444
v -0.493671 2.315357 0.843022
v -0.447108 2.300247 0.846991
v -0.437013 2.193697 0.979933
v -0.519885 2.269363 1.047254
v -0.400335 2.201400 0.977906
v -0.383194 2.311228 0.871640
v -0.355726 2.244684 0.866259
v -0.361921 2.142396 0.715001
v -0.347536 2.230572 0.755984
v -0.449885 2.164307 0.823025
v -0.523766 2.089189 0.877874
v -0.554200 2.061610 0.921132
v -0.417926 2.172464 0.608503
v -0.409041 2.217957 0.607146
v -0.433868 2.149028 0.638477
v -0.411149 2.102854 0.681866
v -0.437106 2.134784 0.575659
v -0.420579 2.036445 0.670174
v -0.956757 1.268918 1.716712
v -1.121383 0.921193 1.841913
v -1.001278 1.280420 1.733393
v -1.003011 1.244664 1.644720
v -0.643130 2.143296 1.214053
v -0.652350 2.186916 1.272864
v -0.676592 2.099753 1.246864
v -0.690446 2.073194 1.281529
v -0.687096 2.089663 1.321452
v -0.700147 2.036866 1.321429
v -0.797311 1.863735 1.472188
v -0.968505 1.551459 1.554500
v -1.044400 1.282777 1.712094
v -0.901694 1.537610 1.639252
v -0.844475 1.511365 1.581766
v -0.535985 2.250578 1.051873
v -0.570871 2.191203 1.147032
v -0.503543 2.059705 1.155166
v -0.628342 2.122984 1.225864
v -0.572334 1.956080 1.265345
v -0.653579 2.036201 1.303253
v -0.667614 1.793394 1.398134
v -0.428842 2.381160 0.865702
v -0.241493 1.780589 0.167618
v -0.563421 2.399689 0.815466
v -0.496422 2.409282 0.813001
v -0.615968 2.366072 0.814149
v -0.429643 2.363475 0.853104
v -0.393322 2.305495 0.859031
v 0.475845 0.749368 0.294563
v 0.476051 0.769769 0.374835
v 0.474342 0.768042 0.310071
v 0.579010 1.011292 0.471133
v 0.573903 0.987281 0.517417
v 0.527213 1.099784 0.488456
v 0.505020 1.170135 0.535754
v 0.407794 1.018763 0.478669
v 0.452483 1.045306 0.469487
v 0.395777 0.996433 0.511038
v 0.499160 1.172711 0.546251
v 0.467046 0.959683 0.670604
v 0.490405 1.087940 0.601226
v 0.514186 0.952866 0.634050
v 0.568524 0.884625 0.591701
v 0.509848 1.111579 0.490420
v 0.607842 0.752536 0.612628
v 0.561541 0.741340 0.702749
v 0.465106 0.894167 0.716772
v 0.502237 0.880636 0.692232
v 0.424654 0.878580 0.689889
v 0.349236 0.860981 0.570946
v 0.322418 0.868709 0.525720
v 0.297266 0.884639 0.446062
v 0.340086 0.946551 0.463943
v 0.356098 0.916719 0.417109
v 0.408184 0.967271 0.422818
v 0.420957 0.939544 0.396544
v 0.435505 0.955857 0.372607
v 0.425705 1.019709 0.446014
v 0.442157 1.032853 0.420532
v 0.481748 1.063883 0.461723
v 0.453873 1.045488 0.440473
v 0.512266 1.105568 0.473712
v 0.506804 1.106827 0.461193
v 0.531150 1.107242 0.461995
v 0.532216 1.054610 0.455007
v 0.559269 1.035262 0.423902
v 0.563526 1.023794 0.449319
v 0.503234 0.731258 0.801145
v 0.491720 0.791381 0.778513
v 0.307091 0.843596 0.483753
v 0.326252 0.803580 0.521967
v 0.338995 0.782651 0.613385
v 0.426866 0.797630 0.784829
v 0.392420 0.764059 0.756275
v 0.452262 0.807500 0.799610
v 0.469737 0.740468 0.840043
v 0.333111 0.766617 0.577924
v 0.351010 0.739597 0.681107
v 0.350800 0.668439 0.725926
v 0.341218 0.715771 0.654132
v 0.362481 0.684968 0.770138
v 0.355310 0.621632 0.805550
v 0.368117 0.638851 0.868777
v 0.419197 0.737635 0.843809
v 0.443792 0.749565 0.850560
v 0.459503 0.680684 0.893205
v 0.434992 0.674489 0.914222
v 0.455140 0.596035 0.969385
v 0.485257 0.586185 0.942594
v 0.472333 0.527526 1.003964
v 0.501824 0.563940 0.916772
v 0.520332 0.606716 0.823831
v 0.510377 0.629762 0.855227
v 0.535634 0.640264 0.775042
v 0.530794 0.677534 0.779095
v 0.577214 0.699508 0.677016
v 0.408208 0.675658 0.892811
v 0.360088 0.584437 0.929153
v 0.362127 0.524881 0.997828
v 0.355350 0.568281 0.907205
v 0.399293 0.614865 0.954153
v 0.424593 0.605709 0.978851
v 0.449521 0.543305 1.019587
v 0.414836 0.530236 1.043385
v 0.453330 0.493949 1.045431
v 0.421258 0.487127 1.065235
v 0.395002 0.488462 1.066524
v 0.426996 0.475620 1.054731
v 0.369815 0.495903 1.042780
v 0.380352 0.501794 1.056688
v 0.377332 0.526971 1.021607
v 0.556126 0.952438 0.392231
v 0.569018 0.977864 0.425830
v 0.565958 0.928231 0.397468
v 0.672964 0.867641 0.465537
v 0.636461 0.938937 0.462648
v 0.636139 0.897292 0.436000
v 0.633358 0.925327 0.493827
v 0.616339 0.867114 0.540386
v 0.665379 0.838493 0.497228
v 0.625527 0.771763 0.571250
v 0.454433 0.645662 0.649988
v 0.484908 0.662733 0.685371
v 0.458122 0.660088 0.643499
v 0.455194 0.600990 0.656959
v 0.475065 0.647639 0.669733
v 0.452793 0.630841 0.700579
v 0.457111 0.627803 0.677437
v 0.436649 0.649472 0.670837
v 0.428633 0.668240 0.676708
v 0.452058 0.602123 0.663054
v 0.484188 0.947167 0.240150
v 0.469583 0.934224 0.374604
v 0.515975 0.938234 0.247724
v 0.512687 0.929333 0.363449
v 0.481570 1.008401 0.203136
v 0.485521 1.084561 0.148003
v 0.479452 0.945973 0.190169
v 0.476041 1.157695 0.143802
v 0.466867 1.197016 0.122165
v 0.465992 1.150150 0.082411
v 0.520887 1.053597 0.003131
v 0.515775 1.032076 0.069383
v 0.492312 0.981252 0.139862
v 0.503073 0.936258 0.153605
v 0.470448 1.168772 0.195217
v 0.486397 1.257488 0.294063
v 0.524115 1.156675 0.484271
v 0.486263 1.145653 0.467320
v 0.456434 1.112729 0.436806
v 0.474277 1.169646 0.433420
v 0.485077 1.206525 0.404641
v 0.441315 1.109827 0.397360
v 0.467118 1.199925 0.353384
v 0.530631 1.221049 0.352987
v 0.487597 1.211195 0.356649
v 0.517391 1.243043 0.331746
v 0.525222 1.260671 0.327905
v 0.498072 1.292476 0.326161
v 0.531240 1.290585 0.342752
v 0.494877 1.335259 0.278635
v 0.482742 1.336428 0.192082
v 0.510346 1.359993 0.153234
v 0.508047 1.264677 0.067648
v 0.516488 1.363275 0.108405
v 0.508464 1.271404 0.011605
v 0.505100 1.319887 0.034157
v 0.518517 1.296133 -0.012705
v 0.514375 1.339713 0.013037
v 0.519699 1.367893 0.036539
v 0.520652 1.386235 -0.027212
v 0.517488 1.199914 0.448692
v 0.518287 1.225742 0.395041
v 0.508774 1.348186 0.268402
v 0.534673 1.357409 0.265765
v 0.501723 1.367684 0.324885
v 0.498156 1.358077 0.343596
v 0.496568 1.327555 0.343946
v 0.522649 1.334547 0.364696
v 0.529467 1.359528 0.366338
v 0.508201 1.358994 0.359733
v 0.528000 1.384329 0.324120
v 0.607096 1.522988 -0.184884
v 0.565473 1.533746 -0.177563
v 0.552909 1.531336 -0.198638
v 0.613291 1.518445 -0.234103
v 0.541237 1.529177 -0.179528
v 0.501230 1.487038 -0.222321
v 0.554235 1.467960 -0.091031
v 0.523726 1.482981 -0.152007
v 0.514133 1.423576 -0.092257
v 0.570238 1.429673 -0.035243
v 0.534408 1.430356 -0.061841
v 0.542860 1.403473 -0.000689
v 0.538222 1.387463 0.051608
v 0.514056 1.389696 0.076945
v 0.563641 1.384841 0.113845
v 0.525622 1.385555 0.102577
v 0.551395 1.406178 0.087306
v 0.530383 1.378815 0.132458
v 0.523993 1.373437 0.181550
v 0.602986 1.484762 -0.128039
v 0.637482 1.511853 -0.300380
v 0.637119 1.500130 -0.223665
v 0.625864 1.450346 -0.113680
v 0.609873 1.395007 -0.027168
v 0.601423 1.362323 0.029627
v 0.564804 1.396008 0.044293
v 0.598535 1.379178 0.087170
v 0.592495 1.361503 0.108115
v 0.578664 1.399052 0.088947
v 0.549810 1.378376 0.168810
v 0.609168 1.330478 0.200581
v 0.585440 1.364237 0.160996
v 0.572826 1.335217 0.270236
v 0.556447 1.349951 0.271153
v 0.558712 1.345403 0.351830
v 0.543205 1.347562 0.363053
v 0.561735 1.361259 0.319292
v 0.573329 1.308009 0.290495
v 0.574560 1.268626 0.299855
v 0.616096 1.224775 0.232470
v 0.550035 1.379286 0.330243
v 0.571201 1.257112 0.307048
v 0.570737 1.194914 0.359062
v 0.594530 1.124599 0.345856
v 0.611822 1.159287 0.217558
v 0.581134 1.019868 0.302936
v 0.594707 1.080759 0.164620
v 0.547693 0.945760 0.238656
v 0.577905 1.003224 0.182119
v 0.552453 0.946333 0.153310
v 0.570004 1.032228 0.081972
v 0.545647 1.002386 0.098194
v 0.548495 0.964462 0.327758
v 0.573279 1.065949 0.391402
v 0.558109 1.115786 0.427853
v 0.562421 1.198359 0.402674
v 0.552795 1.160463 0.462412
v 0.520580 1.220967 0.423229
v 0.538918 1.133239 0.473972
v 0.530049 1.077569 0.454131
v 0.536310 1.036235 0.044176
v 0.558697 1.046643 0.006452
v 0.586451 1.058811 0.003760
v 0.569645 1.039551 -0.006761
v 0.578533 1.032950 -0.022680
v 0.572512 1.026179 -0.048550
v 0.546753 1.022933 -0.015140
v 0.520753 1.026075 -0.021120
v 0.517628 1.027341 -0.045266
v 0.567158 1.014771 -0.085838
v 0.528921 1.010147 -0.067923
v 0.534617 1.025814 -0.095428
v 0.570385 1.081631 -0.118318
v 0.568919 1.033698 -0.104262
v 0.593244 1.112088 -0.066328
v 0.586911 1.059803 -0.059886
v 0.596872 1.143079 -0.054534
v 0.616719 1.190305 0.026046
v 0.528173 1.032581 -0.007425
v 0.629821 1.180863 0.077291
v 0.632101 1.152028 0.103463
v 0.615037 1.181704 0.133867
v 0.617905 1.210191 0.081721
v 0.619116 1.262091 0.042056
v 0.633135 1.246021 0.169834
v 0.628153 1.251986 0.112181
v 0.603041 1.248537 -0.003788
v 0.596788 1.271958 0.010558
v 0.648670 1.414311 -0.151327
v 0.631775 1.365354 -0.086829
v 0.590625 1.296747 -0.022750
v 0.607837 1.325046 -0.034871
v 0.601036 1.321102 0.006318
v 0.608879 1.300273 0.049207
v 0.612447 1.097615 0.050026
v 0.584215 1.164809 -0.075457
v 0.587863 1.259525 -0.044630
v 0.589164 1.212055 -0.065155
v 0.570834 1.265652 -0.035406
v 0.534105 1.262530 -0.044100
v 0.579203 1.289397 -0.052830
v 0.541741 1.287514 -0.047759
v 0.558392 1.290064 -0.021818
v 0.546261 1.264554 0.002759
v 0.514661 1.244329 -0.012449
v 0.561197 1.253828 -0.006596
v 0.589512 1.173779 -0.097004
v 0.617938 1.325123 -0.117698
v 0.626646 1.265446 -0.169584
v 0.573259 1.141047 -0.151524
v 0.579555 1.138563 -0.120976
v 0.581459 1.158498 -0.096824
v 0.543259 1.161584 -0.101017
v 0.525681 1.118161 -0.069138
v 0.565860 1.125374 -0.069169
v 0.554098 1.140230 -0.062635
v 0.512799 1.141129 -0.047715
v 0.542038 1.157996 -0.074835
v 0.560901 1.154472 -0.083598
v 0.564354 1.164204 -0.093967
v 0.641487 1.303450 -0.233075
v 0.647060 1.413464 -0.244473
v 0.646631 1.351920 -0.314390
v 0.604747 1.223759 -0.190331
v 0.652660 1.457388 -0.234810
v 0.633807 1.325022 -0.359309
v 0.656157 1.374691 -0.366180
v 0.619352 1.283015 -0.313315
v 0.586426 1.225598 -0.262708
v 0.573598 1.207915 -0.235164
v 0.545443 1.190309 -0.199199
v 0.570492 1.176985 -0.197508
v 0.551820 1.136089 -0.152018
v 0.538170 1.137694 -0.142847
v 0.555348 1.079520 -0.123493
v 0.562462 1.435865 -0.414400
v 0.576801 1.473936 -0.402160
v 0.596766 1.487755 -0.399385
v 0.550408 1.441663 -0.386894
v 0.570681 1.407877 -0.433555
v 0.580246 1.446472 -0.421864
v 0.612946 1.425996 -0.441847
v 0.595987 1.406242 -0.444917
v 0.633257 1.387246 -0.439645
v 0.626210 1.356744 -0.430179
v 0.657936 1.420499 -0.406747
v 0.649897 1.370097 -0.420563
v 0.649522 1.429917 -0.338574
v 0.637126 1.472971 -0.342433
v 0.653948 1.498539 -0.305319
v 0.661817 1.497495 -0.289827
v 0.622868 1.488796 -0.381189
v 0.641360 1.430088 -0.423821
v 0.458025 0.564462 0.861546
v 0.436840 0.560254 0.828300
v 0.430441 0.513375 0.847557
v 0.433527 0.514850 0.841678
v 0.450208 0.550699 0.849148
v 0.432943 0.534783 0.857984
v 0.418092 0.546478 0.849454
v 0.407883 0.569550 0.854057
v 0.428603 0.551238 0.832728
v 0.467305 0.609565 0.774778
v 0.443455 0.583949 0.782830
v 0.451455 0.566175 0.758468
v 0.441172 0.575457 0.769428
v 0.418172 0.612891 0.774393
v 0.427850 0.590611 0.766137
v 0.445553 0.602490 0.740206
v 0.440969 0.553187 0.756723
v 0.459313 0.607266 0.754003
v 0.467621 0.699663 0.549190
v 0.502023 0.718509 0.586468
v 0.471653 0.717433 0.543010
v 0.464817 0.652338 0.554890
v 0.468845 0.649655 0.558059
v 0.489104 0.700971 0.570449
v 0.466487 0.687276 0.596809
v 0.469569 0.681517 0.577111
v 0.450241 0.700236 0.569382
v 0.438874 0.720775 0.583338
v 0.500675 0.740775 0.537782
v 0.450761 0.764684 0.495853
v 0.480455 0.736497 0.501486
v 0.462366 0.588985 0.814494
v 0.500145 0.636721 0.746280
v 0.547488 0.660307 0.722694
v 0.557047 0.706354 0.634910
v 0.590134 0.745695 0.583030
v 0.510907 0.763695 0.496719
v 0.483530 0.772973 0.461921
v 0.524143 0.797899 0.451097
v 0.464551 0.785285 0.442065
v 0.485794 0.781465 0.445515
v 0.490053 0.772099 0.417439
v 0.470067 0.772469 0.408817
v 0.457521 0.805751 0.402926
v 0.439598 0.838746 0.422502
v 0.469205 0.803809 0.365798
v 0.462649 0.864476 0.402085
v 0.505904 0.907402 0.380354
v 0.498626 0.864503 0.367705
v 0.518272 0.857506 0.376342
v 0.529710 0.802246 0.383555
v 0.533545 0.824334 0.414185
v 0.530548 0.878023 0.399881
v 0.547364 0.833499 0.428887
v 0.516344 0.782673 0.418758
v 0.395388 0.798012 0.477394
v 0.341664 0.850326 0.446628
v 0.394497 0.904732 0.402508
v 0.533340 0.928214 0.381319
v 0.611389 0.862467 0.434367
v 0.621326 0.817461 0.476222
v 0.511780 0.811614 0.361934
v 0.523891 0.789094 0.369009
v 0.506754 0.763746 0.376344
v 0.496967 0.814738 0.351157
v 0.367663 0.764505 0.544390
v 0.375759 0.704498 0.641059
v 0.375446 0.654789 0.727537
v 0.430728 0.544990 0.877002
v 0.382761 0.508492 0.992945
v 0.393459 0.475893 1.055346
v 0.448068 0.502803 0.995509
v 0.462884 0.541668 0.932653
v 0.481544 0.734522 0.456569
v 0.500079 0.734393 0.475905
v 0.479176 0.680846 0.467318
v 0.483060 0.696840 0.456561
v 0.481782 0.718310 0.483339
v 0.463371 0.736014 0.477652
v 0.590760 1.229951 -0.341447
v 0.592102 1.183148 -0.327407
v 0.583158 1.245423 -0.320516
v 0.573639 1.269904 -0.321079
v 0.452868 1.691764 -0.232267
v 0.446135 1.681395 -0.178812
v 0.474187 1.607706 -0.198776
v 0.499217 1.598845 -0.295525
v 0.513506 1.542752 -0.236565
v 0.516682 1.544323 -0.299430
v 0.519055 1.507134 -0.309099
v 0.514364 1.457137 -0.328017
v 0.509396 1.503303 -0.242766
v 0.545037 1.552098 -0.198764
v 0.527699 1.521334 -0.213322
v 0.520163 1.550429 -0.214883
v 0.500413 1.611307 -0.165422
v 0.617298 1.534084 -0.253983
v 0.572488 1.548852 -0.213899
v 0.438829 1.824187 -0.072782
v 0.461422 1.784672 -0.069266
v 0.419752 1.769479 -0.081622
v 0.397003 1.796476 -0.095832
v 0.463062 1.747651 -0.086788
v 0.386146 1.749968 -0.123910
v 0.413185 1.735397 -0.115827
v 0.416626 1.699904 -0.170281
v 0.425278 1.747653 -0.232647
v 0.399397 1.732328 -0.185207
v 0.469432 1.684000 -0.147593
v 0.515711 1.636246 -0.146939
v 0.554518 1.625486 -0.159994
v 0.604488 1.567030 -0.233475
v 0.616107 1.581211 -0.275855
v 0.589769 1.524646 -0.370040
v 0.552059 1.710411 -0.150318
v 0.587999 1.648266 -0.178833
v 0.611385 1.655816 -0.235045
v 0.594341 1.672227 -0.273471
v 0.581823 1.588376 -0.335660
v 0.624639 1.546378 -0.301729
v 0.548091 1.496676 -0.369776
v 0.568002 1.511814 -0.376157
v 0.560865 1.551107 -0.359706
v 0.576633 1.666847 -0.301419
v 0.556943 1.723905 -0.262743
v 0.577964 1.729819 -0.214742
v 0.546872 1.763702 -0.229020
v 0.545670 1.787303 -0.140615
v 0.516760 1.763599 -0.094052
v 0.510110 1.698809 -0.131259
v 0.486523 1.693452 -0.130508
v 0.533538 1.456219 -0.366707
v 0.546777 1.580543 -0.342597
v 0.544882 1.659344 -0.315287
v 0.522078 1.721993 -0.273871
v 0.488003 1.737911 -0.254063
v 0.507225 1.757401 -0.247224
v 0.497535 1.824385 -0.219307
v 0.526461 1.829723 -0.185282
v 0.547795 1.804133 -0.169806
v 0.534088 1.828986 -0.135375
v 0.463371 1.866417 -0.105373
v 0.486136 1.807982 -0.077471
v 0.528412 1.432390 -0.330604
v 0.509623 1.665701 -0.306265
v 0.467008 1.720082 -0.246140
v 0.470253 1.761571 -0.246259
v 0.403099 1.847322 -0.176320
v 0.406601 1.807094 -0.206631
v 0.439220 1.834520 -0.211660
v 0.479795 1.878139 -0.135945
v 0.437394 1.874786 -0.166696
v 0.492078 1.867091 -0.170480
v 0.538758 0.875925 0.167641
v 0.504505 0.820752 0.178952
v 0.513113 0.727211 0.287450
v 0.494188 0.740495 0.238199
v 0.522352 0.759367 0.206468
v 0.535025 0.820306 0.186588
v 0.546421 0.859296 0.204892
v 0.552697 0.914665 0.220148
v 0.490006 0.767933 0.208481
v 0.493953 0.889546 0.175368
v 0.488768 0.859903 0.203763
v 0.509982 0.849131 0.227455
v 0.497737 0.903616 0.228299
v 0.527160 0.870036 0.224741
v 0.537569 0.786487 0.223593
v 0.526016 0.744124 0.245025
v 0.487397 0.731182 0.308363
v 0.524124 0.746614 0.309381
v 0.525722 0.766550 0.303158
v 0.505118 0.796689 0.252915
v 0.532897 0.783741 0.237982
v 0.481269 0.779846 0.234607
v 0.498582 0.786586 0.300176
v 0.538263 1.173899 -0.091484
v 0.517001 1.261455 -0.154313
v 0.518712 1.097736 -0.039509
v 0.471858 1.193514 0.057009
v 0.521307 1.199979 -0.048051
v 0.490366 1.214667 0.026759
v 0.500020 1.245708 0.008052
v 0.531440 1.223780 -0.073454
v 0.528012 1.301060 -0.073073
v 0.512051 1.286181 -0.201359
v 0.528438 1.264956 -0.241549
v 0.527913 1.366493 -0.326496
v 0.508112 1.440008 -0.289827
v 0.547015 1.341306 -0.346188
v 0.496022 1.406185 -0.177060
v 0.532188 1.403522 -0.372002
v 0.575541 1.386189 -0.432681
v 0.598142 1.332132 -0.390324
v 0.549058 1.283741 -0.298902
v 0.534573 1.149328 -0.118852
v 0.599281 1.237542 -0.332375
v 0.589866 1.263641 -0.324329
v 0.614115 1.317357 -0.366016
v 0.440717 1.111824 0.370800
v 0.438466 1.046446 0.376048
v 0.470959 1.071941 0.303889
v 0.438210 1.024123 0.348119
v 0.434244 1.026920 0.267014
v 0.444377 1.066740 0.240105
v 0.448038 1.137821 0.238755
v 0.452975 1.165298 0.286251
v 0.445140 1.156059 0.347931
v 0.431035 0.980656 0.328810
v 0.457965 1.084910 0.202719
v 0.462789 1.205059 0.316995
v 0.524901 1.015264 -0.072579
v 0.384207 1.806462 -0.161329
v 0.423744 1.862742 -0.126377
v 0.600366 1.251587 -0.316774
v -0.491779 0.760413 0.290824
v -0.491985 0.780813 0.371096
v -0.490277 0.779086 0.306333
v -0.594945 1.022337 0.467395
v -0.589838 0.998325 0.513678
v -0.543148 1.110829 0.484718
v -0.520955 1.181179 0.532015
v -0.423729 1.029808 0.474931
v -0.468418 1.056350 0.465749
v -0.411712 1.007478 0.507299
v -0.515095 1.183756 0.542512
v -0.482980 0.970727 0.666865
v -0.506340 1.098985 0.597487
v -0.530121 0.963910 0.630312
v -0.584458 0.895670 0.587962
v -0.525783 1.122623 0.486681
v -0.623777 0.763580 0.608889
v -0.577475 0.752384 0.699011
v -0.481040 0.905212 0.713033
v -0.518172 0.891680 0.688493
v -0.440588 0.889624 0.686151
v -0.365171 0.872025 0.567208
v -0.338353 0.879754 0.521981
v -0.313201 0.895683 0.442324
v -0.356021 0.957595 0.460205
v -0.372032 0.927763 0.413371
v -0.424119 0.978315 0.419079
v -0.436892 0.950588 0.392805
v -0.451440 0.966902 0.368869
v -0.441640 1.030754 0.442276
v -0.458092 1.043897 0.416794
v -0.497683 1.074928 0.457984
v -0.469807 1.056532 0.436735
v -0.528200 1.116613 0.469973
v -0.522739 1.117872 0.457455
v -0.547085 1.118286 0.458257
v -0.548151 1.065655 0.451269
v -0.575204 1.046306 0.420164
v -0.579461 1.034839 0.445581
v -0.519169 0.742302 0.797407
v -0.507655 0.802426 0.774774
v -0.323025 0.854641 0.480014
v -0.342187 0.814624 0.518229
v -0.354930 0.793695 0.609647
v -0.442801 0.808675 0.781090
v -0.408355 0.775103 0.752537
v -0.468196 0.818544 0.795871
v -0.485672 0.751512 0.836304
v -0.349046 0.777662 0.574185
v -0.366945 0.750642 0.677369
v -0.366734 0.679483 0.722187
v -0.357152 0.726815 0.650393
v -0.378416 0.696013 0.766400
v -0.371245 0.632676 0.801812
v -0.384052 0.649896 0.865039
v -0.435132 0.748679 0.840071
v -0.459727 0.760610 0.846822
v -0.475438 0.691728 0.889466
v -0.450927 0.685534 0.910484
v -0.471074 0.607079 0.965647
v -0.501191 0.597230 0.938855
v -0.488268 0.538570 1.000225
v -0.517758 0.574984 0.913034
v -0.536266 0.617760 0.820093
v -0.526312 0.640806 0.851488
v -0.551568 0.651308 0.771303
v -0.546729 0.688579 0.775357
v -0.593149 0.710552 0.673278
v -0.424143 0.686703 0.889072
v -0.376022 0.595481 0.925415
v -0.378061 0.535925 0.994090
v -0.371285 0.579325 0.903467
v -0.415228 0.625910 0.950415
v -0.440527 0.616754 0.975113
v -0.465455 0.554350 1.015849
v -0.430771 0.541281 1.039646
v -0.469265 0.504993 1.041693
v -0.437193 0.498172 1.061496
v -0.410936 0.499506 1.062785
v -0.442930 0.486664 1.050992
v -0.385749 0.506948 1.039042
v -0.396287 0.512839 1.052949
v -0.393267 0.538015 1.017869
v -0.572061 0.963482 0.388492
v -0.584953 0.988908 0.422092
v -0.581893 0.939275 0.393729
v -0.688899 0.878685 0.461798
v -0.652396 0.949981 0.458910
v -0.652073 0.908337 0.432262
v -0.649292 0.936372 0.490089
v -0.632274 0.878158 0.536647
v -0.681314 0.849537 0.493490
v -0.641461 0.782808 0.567511
v -0.470368 0.656706 0.646249
v -0.500843 0.673778 0.681633
v -0.474056 0.671133 0.639761
v -0.471129 0.612034 0.653220
v -0.491000 0.658683 0.665995
v -0.468728 0.641885 0.696840
v -0.473046 0.638847 0.673699
v -0.452584 0.660517 0.667099
v -0.444568 0.679284 0.672970
v -0.467993 0.613167 0.659315
v -0.500123 0.958211 0.236411
v -0.485518 0.945268 0.370865
v -0.531910 0.949278 0.243986
v -0.528622 0.940377 0.359710
v -0.497505 1.019446 0.199397
v -0.501456 1.095605 0.144264
v -0.495387 0.957018 0.186430
v -0.491976 1.168739 0.140064
v -0.482802 1.208061 0.118427
v -0.481927 1.161194 0.078673
v -0.536822 1.064641 -0.000608
v -0.531710 1.043120 0.065644
v -0.508247 0.992296 0.136124
v -0.519008 0.947302 0.149866
v -0.486383 1.179816 0.191478
v -0.502332 1.268532 0.290325
v -0.540050 1.167719 0.480533
v -0.502198 1.156697 0.463582
v -0.472369 1.123773 0.433068
v -0.490211 1.180690 0.429682
v -0.501012 1.217569 0.400903
v -0.457250 1.120871 0.393622
v -0.483053 1.210969 0.349646
v -0.546566 1.232094 0.349249
v -0.503532 1.222239 0.352911
v -0.533326 1.254087 0.328007
v -0.541157 1.271715 0.324167
v -0.514006 1.303520 0.322423
v -0.547175 1.301629 0.339014
v -0.510812 1.346303 0.274897
v -0.498677 1.347472 0.188343
v -0.526281 1.371037 0.149496
v -0.523983 1.275721 0.063909
v -0.532423 1.374319 0.104666
v -0.524399 1.282448 0.007867
v -0.521035 1.330931 0.030419
v -0.534452 1.307177 -0.016444
v -0.530310 1.350757 0.009299
v -0.535634 1.378937 0.032800
v -0.536587 1.397279 -0.030950
v -0.533422 1.210958 0.444953
v -0.534222 1.236786 0.391303
v -0.524709 1.359230 0.264663
v -0.550608 1.368453 0.262027
v -0.517658 1.378729 0.321146
v -0.514091 1.369121 0.339858
v -0.512503 1.338599 0.340208
v -0.538584 1.345592 0.360958
v -0.545402 1.370572 0.362600
v -0.524136 1.370039 0.355994
v -0.543935 1.395374 0.320381
v -0.623031 1.534032 -0.188622
v -0.581408 1.544790 -0.181302
v -0.568844 1.542381 -0.202376
v -0.629226 1.529489 -0.237841
v -0.557172 1.540221 -0.183266
v -0.517165 1.498082 -0.226059
v -0.570170 1.479004 -0.094769
v -0.539662 1.494026 -0.155746
v -0.530068 1.434620 -0.095995
v -0.586173 1.440717 -0.038981
v -0.550343 1.441400 -0.065580
v -0.558795 1.414518 -0.004428
v -0.554157 1.398507 0.047869
v -0.529991 1.400740 0.073206
v -0.579576 1.395886 0.110107
v -0.541557 1.396600 0.098839
v -0.567330 1.417223 0.083568
v -0.546318 1.389859 0.128720
v -0.539928 1.384481 0.177811
v -0.618922 1.495806 -0.131778
v -0.653417 1.522897 -0.304118
v -0.653054 1.511174 -0.227404
v -0.641799 1.461390 -0.117418
v -0.625808 1.406051 -0.030907
v -0.617358 1.373368 0.025889
v -0.580739 1.407053 0.040555
v -0.614470 1.390222 0.083431
v -0.608430 1.372548 0.104376
v -0.594599 1.410096 0.085208
v -0.565745 1.389420 0.165072
v -0.625103 1.341523 0.196842
v -0.601375 1.375282 0.157257
v -0.588761 1.346262 0.266498
v -0.572382 1.360995 0.267415
v -0.574647 1.356447 0.348092
v -0.559140 1.358607 0.359314
v -0.577670 1.372303 0.315554
v -0.589263 1.319053 0.286757
v -0.590495 1.279670 0.296117
v -0.632031 1.235819 0.228731
v -0.565970 1.390330 0.326504
v -0.587135 1.268157 0.303310
v -0.586672 1.205959 0.355323
v -0.610465 1.135643 0.342118
v -0.627757 1.170331 0.213819
v -0.597069 1.030912 0.299198
v -0.610642 1.091803 0.160882
v -0.563628 0.956804 0.234917
v -0.593840 1.014268 0.178381
v -0.568388 0.957377 0.149571
v -0.585939 1.043272 0.078233
v -0.561582 1.013430 0.094455
v -0.564430 0.975506 0.324019
v -0.589214 1.076993 0.387664
v -0.574044 1.126830 0.424114
v -0.578356 1.209404 0.398936
v -0.568729 1.171507 0.458673
v -0.536515 1.232011 0.419491
v -0.554853 1.144283 0.470233
v -0.545984 1.088613 0.450392
v -0.552244 1.047279 0.040438
v -0.574632 1.057688 0.002713
v -0.602386 1.069855 0.000022
v -0.585580 1.050596 -0.010500
v -0.594468 1.043994 -0.026418
v -0.588447 1.037223 -0.052288
v -0.562688 1.033977 -0.018879
v -0.536688 1.037119 -0.024859
v -0.533563 1.038385 -0.049005
v -0.583093 1.025815 -0.089576
v -0.544856 1.021191 -0.071661
v -0.550552 1.036858 -0.099166
v -0.586320 1.092676 -0.122056
v -0.584854 1.044742 -0.108000
v -0.609179 1.123132 -0.070066
v -0.602846 1.070848 -0.063624
v -0.612807 1.154123 -0.058272
v -0.632654 1.201349 0.022308
v -0.544108 1.043625 -0.011163
v -0.645756 1.191907 0.073552
v -0.648036 1.163072 0.099725
v -0.630972 1.192748 0.130128
v -0.633840 1.221235 0.077983
v -0.635051 1.273135 0.038317
v -0.649070 1.257066 0.166096
v -0.644088 1.263030 0.108444
v -0.618976 1.259581 -0.007526
v -0.612723 1.283002 0.006819
v -0.664605 1.425355 -0.155066
v -0.647709 1.376397 -0.090567
v -0.606560 1.307791 -0.026488
v -0.623772 1.336090 -0.038609
v -0.616971 1.332146 0.002579
v -0.624814 1.311317 0.045469
v -0.628382 1.108659 0.046287
v -0.600150 1.175853 -0.079195
v -0.603798 1.270569 -0.048369
v -0.605098 1.223099 -0.068893
v -0.586769 1.276697 -0.039144
v -0.550040 1.273574 -0.047838
v -0.595138 1.300441 -0.056569
v -0.557676 1.298558 -0.051498
v -0.574327 1.301108 -0.025557
v -0.562196 1.275598 -0.000979
v -0.530596 1.255373 -0.016188
v -0.577132 1.264873 -0.010335
v -0.605447 1.184823 -0.100743
v -0.633873 1.336167 -0.121436
v -0.642581 1.276490 -0.173322
v -0.589194 1.152091 -0.155262
v -0.595490 1.149607 -0.124715
v -0.597394 1.169542 -0.100563
v -0.559194 1.172629 -0.104755
v -0.541616 1.129205 -0.072876
v -0.581795 1.136418 -0.072907
v -0.570033 1.151274 -0.066374
v -0.528734 1.152174 -0.051453
v -0.557973 1.169040 -0.078573
v -0.576836 1.165516 -0.087336
v -0.580289 1.175248 -0.097705
v -0.657422 1.314494 -0.236814
v -0.662995 1.424508 -0.248212
v -0.662566 1.362964 -0.318128
v -0.620682 1.234803 -0.194069
v -0.668595 1.468433 -0.238549
v -0.649742 1.336066 -0.363047
v -0.672092 1.385736 -0.369919
v -0.635287 1.294059 -0.317054
v -0.602361 1.236643 -0.266446
v -0.589533 1.218959 -0.238902
v -0.561378 1.201353 -0.202938
v -0.586427 1.188030 -0.201246
v -0.567755 1.147133 -0.155757
v -0.554105 1.148738 -0.146585
v -0.571283 1.090565 -0.127232
v -0.578397 1.446909 -0.418138
v -0.592736 1.484980 -0.405899
v -0.612701 1.498799 -0.403123
v -0.566343 1.452707 -0.390632
v -0.586616 1.418921 -0.437293
v -0.596181 1.457516 -0.425603
v -0.628881 1.437040 -0.445586
v -0.611922 1.417287 -0.448655
v -0.649193 1.398291 -0.443383
v -0.642146 1.367789 -0.433917
v -0.673871 1.431543 -0.410486
v -0.665832 1.381141 -0.424302
v -0.665457 1.440961 -0.342313
v -0.653061 1.484015 -0.346171
v -0.669884 1.509584 -0.309058
v -0.677752 1.508539 -0.293565
v -0.638803 1.499840 -0.384927
v -0.657295 1.441133 -0.427560
v -0.473959 0.575506 0.857808
v -0.452774 0.571298 0.824561
v -0.446375 0.524419 0.843819
v -0.449462 0.525894 0.837939
v -0.466142 0.561743 0.845410
v -0.448878 0.545827 0.854246
v -0.434027 0.557522 0.845715
v -0.423818 0.580595 0.850318
v -0.444538 0.562282 0.828990
v -0.483240 0.620610 0.771039
v -0.459390 0.594993 0.779092
v -0.467389 0.577220 0.754730
v -0.457106 0.586501 0.765690
v -0.434107 0.623935 0.770655
v -0.443784 0.601656 0.762398
v -0.461488 0.613534 0.736468
v -0.456904 0.564231 0.752984
v -0.475248 0.618310 0.750265
v -0.483555 0.710707 0.545452
v -0.517958 0.729553 0.582729
v -0.487588 0.728478 0.539272
v -0.480752 0.663382 0.551151
v -0.484780 0.660699 0.554321
v -0.505038 0.712016 0.566710
v -0.482421 0.698320 0.593071
v -0.485503 0.692561 0.573373
v -0.466175 0.711280 0.565643
v -0.454809 0.731819 0.579600
v -0.516610 0.751819 0.534043
v -0.466696 0.775728 0.492114
v -0.496389 0.747542 0.497748
v -0.478301 0.600029 0.810756
v -0.516080 0.647765 0.742542
v -0.563422 0.671351 0.718955
v -0.572982 0.717399 0.631171
v -0.606069 0.756740 0.579292
v -0.526842 0.774739 0.492981
v -0.499465 0.784017 0.458182
v -0.540078 0.808943 0.447359
v -0.472062 0.799408 0.444274
v -0.501729 0.792509 0.441776
v -0.505988 0.783144 0.413701
v -0.486002 0.783513 0.405078
v -0.484099 0.792372 0.429099
v -0.473456 0.816795 0.399188
v -0.455533 0.849790 0.418763
v -0.485140 0.814853 0.362059
v -0.478584 0.875520 0.398347
v -0.521839 0.918446 0.376616
v -0.514560 0.875547 0.363966
v -0.534207 0.868550 0.372603
v -0.545645 0.813290 0.379817
v -0.549480 0.835378 0.410446
v -0.546483 0.889068 0.396143
v -0.563299 0.844543 0.425149
v -0.532279 0.793717 0.415019
v -0.411322 0.809057 0.473656
v -0.357598 0.861370 0.442889
v -0.410432 0.915777 0.398769
v -0.549275 0.939259 0.377580
v -0.627324 0.873511 0.430628
v -0.637260 0.828505 0.472484
v -0.527715 0.822659 0.358196
v -0.539826 0.800138 0.365271
v -0.522689 0.774790 0.372605
v -0.512902 0.825782 0.347418
v -0.383598 0.775549 0.540651
v -0.391694 0.715543 0.637321
v -0.391381 0.665833 0.723798
v -0.446663 0.556035 0.873264
v -0.398696 0.519536 0.989206
v -0.409393 0.486937 1.051607
v -0.464003 0.513847 0.991771
v -0.478819 0.552713 0.928914
v -0.497479 0.745566 0.452830
v -0.516014 0.745437 0.472167
v -0.495111 0.691890 0.463579
v -0.498995 0.707884 0.452823
v -0.497717 0.729355 0.479600
v -0.479306 0.747058 0.473913
v -0.606696 1.240996 -0.345185
v -0.608038 1.194192 -0.331145
v -0.599093 1.256467 -0.324254
v -0.589574 1.280948 -0.324817
v -0.468803 1.702808 -0.236006
v -0.462070 1.692439 -0.182551
v -0.490122 1.618751 -0.202514
v -0.515152 1.609890 -0.299264
v -0.529441 1.553797 -0.240303
v -0.532617 1.555367 -0.303169
v -0.534990 1.518178 -0.312838
v -0.530299 1.468182 -0.331755
v -0.525331 1.514348 -0.246504
v -0.560972 1.563143 -0.202503
v -0.543634 1.532378 -0.217061
v -0.536098 1.561474 -0.218621
v -0.516349 1.622351 -0.169161
v -0.633233 1.545128 -0.257722
v -0.588423 1.559896 -0.217637
v -0.454764 1.835232 -0.076520
v -0.477357 1.795717 -0.073005
v -0.435687 1.780524 -0.085360
v -0.412938 1.807520 -0.099571
v -0.478997 1.758695 -0.090526
v -0.402081 1.761013 -0.127648
v -0.429120 1.746441 -0.119566
v -0.432561 1.710949 -0.174019
v -0.441213 1.758697 -0.236385
v -0.415332 1.743372 -0.188945
v -0.485367 1.695045 -0.151331
v -0.531646 1.647290 -0.150677
v -0.570453 1.636530 -0.163733
v -0.620424 1.578075 -0.237214
v -0.632042 1.592256 -0.279593
v -0.605704 1.535690 -0.373779
v -0.567995 1.721456 -0.154057
v -0.603934 1.659310 -0.182572
v -0.627320 1.666860 -0.238783
v -0.610276 1.683271 -0.277210
v -0.597758 1.599421 -0.339398
v -0.640574 1.557423 -0.305467
v -0.564027 1.507720 -0.373514
v -0.583937 1.522858 -0.379896
v -0.576800 1.562151 -0.363445
v -0.592568 1.677892 -0.305158
v -0.572878 1.734949 -0.266481
v -0.593899 1.740863 -0.218481
v -0.562807 1.774746 -0.232758
v -0.561605 1.798347 -0.144354
v -0.532695 1.774643 -0.097790
v -0.526045 1.709853 -0.134997
v -0.502458 1.704496 -0.134246
v -0.549473 1.467263 -0.370446
v -0.562712 1.591588 -0.346335
v -0.560817 1.670388 -0.319026
v -0.538013 1.733037 -0.277610
v -0.503939 1.748955 -0.257802
v -0.523160 1.768446 -0.250962
v -0.513470 1.835430 -0.223045
v -0.542396 1.840767 -0.189021
v -0.563730 1.815177 -0.173545
v -0.550023 1.840030 -0.139114
v -0.479306 1.877461 -0.109111
v -0.502071 1.819027 -0.081210
v -0.544348 1.443435 -0.334342
v -0.525559 1.676745 -0.310004
v -0.482943 1.731127 -0.249878
v -0.486188 1.772616 -0.249997
v -0.419035 1.858366 -0.180059
v -0.422536 1.818138 -0.210369
v -0.455155 1.845564 -0.215399
v -0.495730 1.889184 -0.139684
v -0.453329 1.885830 -0.170434
v -0.508013 1.878135 -0.174218
v -0.554693 0.886969 0.163902
v -0.520439 0.831797 0.175213
v -0.529048 0.738256 0.283711
v -0.510123 0.751539 0.234461
v -0.538286 0.770411 0.202730
v -0.550960 0.831349 0.182850
v -0.562356 0.870341 0.201153
v -0.568632 0.925710 0.216410
v -0.505941 0.778977 0.204743
v -0.509888 0.900590 0.171629
v -0.504703 0.870947 0.200025
v -0.525917 0.860175 0.223716
v -0.513672 0.914661 0.224560
v -0.543095 0.881080 0.221002
v -0.553504 0.797531 0.219855
v -0.541951 0.755168 0.241287
v -0.503332 0.742226 0.304624
v -0.540059 0.757658 0.305642
v -0.541657 0.777594 0.299419
v -0.521052 0.807733 0.249176
v -0.548831 0.794785 0.234244
v -0.497203 0.790890 0.230869
v -0.514517 0.797630 0.296438
v -0.554199 1.184944 -0.095223
v -0.532936 1.272500 -0.158052
v -0.534647 1.108780 -0.043247
v -0.487793 1.204559 0.053271
v -0.537242 1.211023 -0.051789
v -0.506301 1.225711 0.023021
v -0.515955 1.256752 0.004314
v -0.547375 1.234825 -0.077192
v -0.543947 1.312104 -0.076811
v -0.527986 1.297225 -0.205098
v -0.544373 1.276001 -0.245288
v -0.543848 1.377537 -0.330236
v -0.524047 1.451052 -0.293566
v -0.562950 1.352350 -0.349927
v -0.511957 1.417229 -0.180799
v -0.548123 1.414566 -0.375740
v -0.591476 1.397233 -0.436420
v -0.614077 1.343176 -0.394062
v -0.564993 1.294786 -0.302641
v -0.550507 1.160372 -0.122591
v -0.615216 1.248587 -0.336113
v -0.605801 1.274686 -0.328067
v -0.630050 1.328401 -0.369755
v -0.456652 1.122868 0.367062
v -0.454401 1.057490 0.372310
v -0.486894 1.082985 0.300151
v -0.454145 1.035167 0.344380
v -0.450179 1.037964 0.263275
v -0.460312 1.077784 0.236366
v -0.463973 1.148865 0.235017
v -0.468910 1.176343 0.282513
v -0.461075 1.167103 0.344193
v -0.446970 0.991701 0.325071
v -0.473900 1.095954 0.198980
v -0.478724 1.216104 0.313257
v -0.540836 1.026308 -0.076318
v -0.400143 1.817506 -0.165068
v -0.439679 1.873786 -0.130115
v -0.616301 1.262631 -0.320513
v -0.070935 1.405000 1.050460
v -0.004988 1.442701 1.096315
v -0.103972 1.436012 1.043019
v -0.111424 1.427112 1.021719
v -0.098074 1.464612 0.992819
v -0.118974 1.513436 0.917000
v -0.128774 1.495336 0.883700
v -0.147976 1.607714 0.870157
v -0.106381 1.612080 0.915400
v -0.099851 1.657799 0.950581
v -0.088873 1.581138 0.970944
v -0.085675 1.541710 1.050931
v -0.069174 1.517465 1.081751
v -0.089474 1.536612 1.116619
v -0.054351 1.449412 1.079919
v -0.110474 1.706336 0.958800
v -0.159574 1.750436 0.921900
v -0.143674 1.742836 0.973300
v -0.151274 1.758236 1.009200
v -0.118874 1.724236 1.011700
v -0.085374 1.661236 0.991400
v -0.169074 1.777236 0.907500
v -0.057874 1.658836 1.138000
v -0.077074 1.677136 1.099300
v -0.047074 1.649136 1.099300
v -0.063874 1.633536 1.079500
v -0.065774 1.666736 1.070700
v -0.089974 1.680136 1.059400
v -0.063674 1.632536 1.038300
v -0.092774 1.648336 1.023200
v -0.100874 1.722336 1.063100
v -0.106174 1.748336 1.067300
v -0.151074 1.797136 1.017200
v -0.162474 1.817636 0.885900
v -0.165074 1.820436 1.026400
v -0.105174 1.778036 1.111900
v -0.115074 1.781036 1.077200
v -0.083374 1.750436 1.112400
v -0.081874 1.725236 1.113000
v -0.059874 1.715936 1.146900
v -0.033774 1.662736 1.141300
v -0.041774 1.607136 1.113400
v -0.055474 1.742636 1.167600
v -0.033174 1.661836 1.170800
v -0.023174 1.634436 1.155500
v -0.005974 1.660036 1.164300
v -0.005974 1.715936 1.176500
v -0.005974 1.734736 1.184500
v -0.067774 1.853236 1.096800
v -0.118074 1.923136 1.006200
v -0.192274 1.847936 0.917900
v -0.208674 1.867736 0.806400
v -0.177974 1.777036 0.806700
v -0.170674 1.741436 0.897900
v -0.212974 1.867736 0.681500
v -0.180974 1.569936 0.806600
v -0.178974 1.664236 0.795100
v -0.121674 1.931436 0.546900
v -0.161374 1.967336 0.655600
v -0.152474 1.974436 0.786700
v -0.135774 1.967736 0.898400
v -0.192674 1.585136 0.750200
v -0.155774 1.533936 0.755100
v -0.164274 1.695936 0.747700
v -0.164074 1.763836 0.670300
v -0.175874 1.857136 0.562000
v -0.005974 1.824436 0.460400
v -0.005974 1.946336 0.498300
v -0.005974 2.017136 0.595700
v -0.005974 2.032736 0.735700
v -0.005974 2.024336 0.850400
v -0.005974 1.990636 0.970000
v -0.005974 1.908936 1.082400
v -0.156074 1.697036 0.646000
v -0.058011 1.469752 0.776400
v -0.117474 1.588136 0.700000
v -0.151174 1.572636 0.567400
v -0.171974 1.684636 0.527500
v -0.110174 1.774236 0.520400
v -0.005974 1.785036 0.465100
v -0.005974 1.467625 0.688200
v -0.005974 1.449336 0.612700
v -0.005974 1.411136 0.464200
v -0.162574 1.509636 0.408900
v -0.173974 1.668536 0.361700
v -0.092574 1.732136 0.345500
v -0.005974 1.796336 0.318300
v -0.005974 1.450758 0.776400
v 0.048026 1.715936 1.146900
v 0.021226 1.661836 1.170800
v 0.021826 1.662736 1.141300
v 0.011226 1.634436 1.155500
v 0.043526 1.742636 1.167600
v 0.055826 1.853236 1.096800
v 0.093326 1.778036 1.111900
v 0.106126 1.923136 1.006200
v 0.153126 1.820436 1.026400
v 0.180326 1.847936 0.917900
v 0.150526 1.817636 0.885900
v 0.196726 1.867736 0.806400
v 0.157226 1.777236 0.907500
v 0.166026 1.777036 0.806700
v 0.147626 1.750436 0.921900
v 0.158826 1.741436 0.897900
v 0.136024 1.607714 0.870157
v 0.169026 1.569936 0.806600
v 0.167126 1.664236 0.795100
v 0.123826 1.967736 0.898400
v 0.140626 1.974436 0.786700
v 0.098526 1.706336 0.958800
v 0.131826 1.742836 0.973300
v 0.087906 1.657799 0.950581
v 0.139426 1.758236 1.009200
v 0.107026 1.724236 1.011700
v 0.073426 1.661236 0.991400
v 0.201026 1.867736 0.681500
v 0.149526 1.967336 0.655600
v 0.109826 1.931436 0.546900
v 0.143926 1.533936 0.755100
v 0.180726 1.585136 0.750200
v 0.152326 1.695936 0.747700
v 0.152126 1.763836 0.670300
v 0.163926 1.857136 0.562000
v 0.160126 1.684636 0.527500
v 0.150626 1.509636 0.408900
v 0.162126 1.668536 0.361700
v 0.098326 1.774236 0.520400
v 0.080626 1.732136 0.345500
v 0.139226 1.572636 0.567400
v 0.144126 1.697036 0.646000
v 0.105526 1.588136 0.700000
v 0.046063 1.469752 0.776400
v 0.116926 1.495336 0.883700
v -0.005924 1.406172 0.883700
v 0.099476 1.427112 1.021719
v 0.086226 1.455036 1.016800
v 0.092024 1.436012 1.043019
v 0.107126 1.513436 0.917000
v 0.072668 1.401460 1.040749
v 0.094433 1.612080 0.915400
v 0.077027 1.581138 0.970944
v 0.073725 1.541710 1.050931
v 0.057226 1.517465 1.081751
v 0.077626 1.536612 1.116619
v 0.042403 1.449412 1.079919
v -0.005974 1.503553 1.110506
v 0.031226 1.521136 1.076200
v 0.048926 1.563216 0.988900
v -0.005974 1.619836 1.011300
v -0.005974 1.555436 1.094900
v -0.005974 1.525880 1.129107
v -0.043074 1.521136 1.076200
v -0.060774 1.563216 0.988900
v -0.005974 1.507936 1.068100
v -0.005974 1.674036 0.909100
v -0.005974 1.704236 0.917900
v -0.005974 1.674736 1.095200
v 0.080826 1.648336 1.023200
v 0.051726 1.632536 1.038300
v 0.053826 1.666736 1.070700
v 0.035126 1.649136 1.099300
v 0.051926 1.633536 1.079500
v 0.029826 1.607136 1.113400
v 0.139226 1.797136 1.017200
v 0.094226 1.748336 1.067300
v 0.103126 1.781036 1.077200
v 0.071426 1.750436 1.112400
v 0.088926 1.722336 1.063100
v 0.070026 1.725236 1.113000
v 0.078026 1.680136 1.059400
v 0.065126 1.677136 1.099300
v 0.045926 1.658836 1.138000
v -0.005974 1.582036 0.288400
v -0.067143 1.399854 0.966055
v 0.055295 1.399854 0.966055
v -0.005924 1.385654 0.966055
v 0.000867 1.380009 1.037266
v -0.002554 1.409176 1.084312
v -0.005974 1.473291 1.091556
vn -0.0015 -0.7139 0.7002
vn -0.9344 -0.2151 0.2838
vn -0.0003 -0.0993 0.9951
vn -0.0010 0.1530 -0.9882
vn -0.9695 0.2434 0.0289
vn -0.0040 -0.2846 -0.9586
vn -0.0012 0.6790 -0.7341
vn -0.0038 0.8817 0.4717
vn -0.0010 0.5179 0.8554
vn -0.9953 0.0911 0.0314
vn -0.0005 0.0257 0.9997
vn -0.9970 0.0610 0.0476
vn -0.0005 -0.3090 0.9511
vn -0.9957 0.0172 0.0912
vn -0.9709 -0.1287 0.2017
vn -0.9967 0.0475 0.0657
vn -0.9615 -0.1714 0.2150
vn -0.9972 0.0075 0.0740
vn -0.8533 -0.4851 0.1913
vn -0.0016 -0.9043 0.4270
vn -0.9560 -0.2927 0.0192
vn -0.0036 -0.9495 -0.3139
vn -0.0006 -0.8771 0.4803
vn -0.0012 -0.3027 0.9531
vn -0.9626 0.2111 -0.1699
vn -0.9012 0.4153 -0.1242
vn -0.9498 0.1961 -0.2438
vn -0.9259 0.1669 -0.3389
vn -0.8778 0.4791 -0.0031
vn -0.0010 0.9319 -0.3628
vn -0.0008 0.0829 -0.9966
vn -0.0000 0.3039 -0.9527
vn -0.0000 0.9084 -0.4181
vn -0.0000 0.6977 -0.7164
vn -0.0008 0.9961 0.0884
vn -0.0003 0.9809 0.1944
vn 0.8773 0.4799 -0.0032
vn 0.9970 0.0611 0.0475
vn 0.9953 0.0913 0.0317
vn 0.9687 0.2465 0.0285
vn 0.9342 -0.2148 0.2847
vn 0.8530 -0.4858 0.1908
vn 0.9554 -0.2947 0.0195
vn 0.9709 -0.1289 0.2021
vn 0.9957 0.0174 0.0914
vn 0.9495 0.1964 -0.2446
vn 0.9255 0.1677 -0.3396
vn 0.9617 -0.1708 0.2143
vn 0.9967 0.0471 0.0659
vn 0.9623 0.2120 -0.1705
vn 0.9008 0.4159 -0.1245
vn 0.9972 0.0074 0.0745
vn 0.5569 -0.4545 -0.6952
vn -0.0009 -0.0226 -0.9997
vn 0.9092 0.2686 -0.3181
vn 0.4299 0.6630 -0.6129
vn -0.0000 -0.3125 -0.9499
vn -0.0000 0.7488 -0.6628
vn 0.5742 -0.2324 -0.7851
vn 0.4462 0.5854 -0.6769
vn 0.5222 -0.6581 -0.5424
vn -0.0001 -0.8502 -0.5264
vn -0.0006 -0.0962 -0.9954
vn -0.0000 0.9448 -0.3277
vn -0.0004 0.8652 -0.5015
vn 0.5794 0.4770 -0.6609
vn 0.9499 -0.2649 -0.1661
vn -0.0010 -0.9747 -0.2235
vn -0.0007 -0.4788 -0.8779
vn -0.0000 0.9565 -0.2917
vn 0.0007 -0.1860 -0.9826
vn 0.5041 -0.1923 -0.8419
vn 0.8475 -0.1940 -0.4941
vn 0.8399 -0.2325 -0.4904
vn 0.8671 -0.3962 0.3020
vn 0.9144 -0.2381 0.3275
vn 0.9569 -0.2031 0.2075
vn 0.9525 -0.3045 0.0022
vn 0.9952 -0.0328 0.0922
vn 0.8189 -0.5714 0.0537
vn 0.8913 -0.2595 0.3719
vn 0.7546 -0.6507 0.0849
vn 0.9728 -0.0959 0.2107
vn 0.9012 -0.4204 -0.1052
vn 0.9904 -0.1279 -0.0525
vn 0.7196 -0.4061 0.5633
vn 0.7090 -0.0290 0.7046
vn 0.5670 -0.4867 -0.6646
vn -0.0000 -0.6350 -0.7725
vn 0.8518 -0.4876 -0.1915
vn 0.8976 -0.3169 0.3063
vn 0.7342 -0.4584 -0.5008
vn 0.3657 -0.7046 -0.6081
vn 0.7406 -0.4753 -0.4749
vn 0.7097 0.6493 -0.2732
vn 0.5206 0.1990 -0.8303
vn 0.5389 -0.4997 -0.6782
vn 0.7488 -0.4763 -0.4609
vn 0.9112 -0.2501 0.3274
vn 0.7856 -0.4490 0.4257
vn 0.8368 -0.2448 -0.4897
vn 0.6809 0.0329 -0.7316
vn 0.4924 0.6012 -0.6293
vn -0.0000 0.6911 -0.7228
vn -0.0006 0.5734 -0.8192
vn -0.0002 -0.8116 -0.5842
vn 0.7052 -0.4637 -0.5364
vn 0.7998 -0.3743 -0.4693
vn -0.0000 -0.1955 -0.9807
vn 0.5523 -0.7278 -0.4066
vn -0.0000 -0.8679 -0.4967
vn 0.6718 -0.2214 -0.7068
vn -0.0000 0.7802 -0.6255
vn 0.6221 0.6087 -0.4923
vn -0.0000 -0.9107 -0.4132
vn -0.0000 -0.8416 -0.5402
vn -0.0000 -0.2623 -0.9650
vn 0.6664 0.6522 -0.3614
vn 0.7241 -0.5236 -0.4490
vn -0.0001 -0.5934 -0.8049
vn -0.0000 0.9640 -0.2659
vn 0.6773 0.6196 -0.3968
vn -0.0005 0.6887 -0.7251
vn -0.0000 0.9939 -0.1107
vn -0.0000 0.5210 -0.8536
vn 0.5131 -0.1813 -0.8389
vn 0.6901 0.6034 -0.3996
vn 0.8765 0.2880 -0.3857
vn 0.7678 0.6001 0.2242
vn 0.6166 0.7533 -0.2287
vn 0.7742 -0.5069 -0.3791
vn 0.6498 0.6327 -0.4214
vn 0.4550 0.8904 -0.0138
vn 0.8117 -0.2407 0.5321
vn 0.6298 0.4841 0.6074
vn 0.8070 0.5285 0.2635
vn 0.6508 0.6571 -0.3804
vn 0.3389 0.9274 0.1585
vn 0.7267 0.5072 -0.4633
vn 0.7187 0.5613 -0.4104
vn 0.7367 -0.6280 -0.2507
vn 0.8015 0.4512 0.3925
vn 0.5367 -0.5629 -0.6286
vn 0.6427 0.5812 0.4992
vn 0.6013 0.6751 -0.4275
vn -0.0000 0.8548 -0.5189
vn 0.2635 0.6934 -0.6706
vn 0.6013 0.7796 -0.1752
vn 0.8601 -0.1150 0.4970
vn 0.4863 0.0367 0.8730
vn 0.2595 0.3660 0.8937
vn -0.0000 -0.6668 -0.7453
vn -0.0000 -0.5220 -0.8529
vn -0.0000 -0.9765 -0.2155
vn -0.0000 0.7525 0.6586
vn -0.0000 0.7457 0.6663
vn -0.0000 0.9864 -0.1643
vn -0.0001 0.9952 -0.0979
vn 0.3458 0.7200 0.6017
vn -0.0000 0.8693 0.4942
vn -0.2634 0.6934 -0.6707
vn -0.5054 -0.5399 -0.6731
vn 0.5055 -0.5393 -0.6735
vn 0.5472 -0.6308 -0.5502
vn 0.5455 0.6489 -0.5304
vn -0.5450 0.6490 -0.5307
vn -0.5484 -0.6303 -0.5495
vn -0.0000 0.1436 0.9896
vn -0.0000 0.6118 0.7910
vn -0.6111 0.1108 -0.7838
vn 0.6594 0.6730 -0.3350
vn -0.6601 0.6720 -0.3357
vn 0.6109 0.1107 -0.7839
vn 0.8127 0.1927 -0.5499
vn 0.9774 -0.1116 0.1797
vn 0.6624 -0.3665 0.6534
vn 0.7593 0.5967 -0.2598
vn 0.6125 0.3799 -0.6932
vn 0.3269 0.6992 -0.6358
vn -0.0000 0.7769 -0.6296
vn -0.0000 0.7668 0.6419
vn 0.8924 0.1936 0.4076
vn 0.4848 -0.1812 0.8556
vn -0.0001 -0.5014 0.8652
vn -0.0001 0.3158 0.9488
vn 0.5060 0.6190 0.6006
vn -0.0000 -0.3644 0.9312
vn -0.0000 0.9602 -0.2793
vn 0.4997 0.8328 -0.2380
vn -0.4998 0.8328 -0.2380
vn -0.6126 0.3798 -0.6932
vn 0.4983 -0.1348 -0.8564
vn -0.4983 -0.1348 -0.8564
vn 0.6998 0.2088 -0.6831
vn -0.6999 0.2084 -0.6831
vn 0.5802 0.7853 -0.2161
vn -0.6055 -0.4864 -0.6299
vn -0.5795 0.7857 -0.2164
vn 0.6051 -0.4863 -0.6303
vn 0.6889 0.7247 -0.0116
vn -0.6892 0.7245 -0.0122
vn 0.6731 -0.6676 -0.3182
vn -0.6726 -0.6685 -0.3174
vn 0.8722 -0.4768 -0.1087
vn 0.8587 -0.4926 0.1415
vn 0.8977 -0.4024 0.1796
vn 0.6639 -0.5477 0.5091
vn 0.5205 -0.6405 0.5646
vn 0.9755 -0.1462 0.1643
vn 0.9211 -0.3173 0.2256
vn 0.3632 -0.6836 0.6331
vn 0.7889 -0.5003 0.3567
vn -0.4935 -0.6784 0.5442
vn 0.4943 -0.6778 0.5442
vn -0.7899 -0.4996 0.3557
vn 0.5057 -0.2582 0.8232
vn -0.4248 -0.7458 0.5132
vn 0.4260 -0.7455 0.5126
vn 0.5139 -0.4785 0.7120
vn 0.8273 -0.4731 0.3030
vn 0.6857 -0.7154 -0.1340
vn -0.4220 -0.7253 0.5439
vn -0.5138 -0.4788 0.7118
vn -0.5050 -0.2580 0.8236
vn -0.6639 -0.5474 0.5095
vn 0.4633 -0.3096 0.8304
vn 0.5146 -0.8299 0.2155
vn -0.5122 -0.8314 0.2154
vn -0.4635 -0.3100 0.8301
vn -0.5205 -0.6406 0.5646
vn -0.9201 -0.3197 0.2263
vn -0.9755 -0.1456 0.1648
vn -0.8977 -0.4024 0.1794
vn -0.8588 -0.4922 0.1419
vn -0.8725 -0.4764 -0.1081
vn -0.9952 -0.0330 0.0924
vn -0.9568 -0.2030 0.2080
vn -0.6859 -0.7152 -0.1339
vn -0.8273 -0.4723 0.3043
vn -0.8191 -0.5712 0.0536
vn -0.8912 -0.2599 0.3717
vn -0.9524 -0.3048 0.0021
vn -0.9143 -0.2380 0.3277
vn -0.8669 -0.3960 0.3028
vn -0.8520 -0.4874 -0.1912
vn -0.6904 0.6032 -0.3994
vn -0.7344 -0.4583 -0.5007
vn -0.7547 -0.6506 0.0849
vn -0.9728 -0.0961 0.2107
vn -0.9903 -0.1283 -0.0525
vn -0.7652 -0.6380 0.0863
vn -0.5389 -0.4814 0.6912
vn -0.4659 -0.2314 0.8540
vn 0.4653 -0.2312 0.8544
vn 0.4204 -0.7257 0.5445
vn -0.8493 -0.1578 0.5037
vn -0.7090 -0.0292 0.7046
vn -0.2593 0.3657 0.8939
vn -0.9010 -0.4209 -0.1050
vn -0.7193 -0.4065 0.5634
vn -0.4840 -0.3156 0.8162
vn -0.4836 -0.6832 0.5471
vn 0.5387 -0.4815 0.6914
vn -0.4198 -0.1194 0.8997
vn -0.3410 -0.2193 0.9141
vn -0.3803 -0.0294 0.9244
vn -0.4911 -0.4800 0.7270
vn -0.4293 0.1135 0.8960
vn 0.7652 -0.6380 0.0863
vn 0.4840 -0.3156 0.8162
vn 0.4831 -0.6836 0.5470
vn 0.4208 -0.1199 0.8992
vn 0.4916 -0.4796 0.7269
vn 0.0002 0.2353 0.9719
vn -0.0000 0.2471 0.9690
vn -0.5078 -0.4271 0.7481
vn -0.5712 0.4784 0.6670
vn -0.5567 0.3186 0.7672
vn -0.5659 -0.6271 0.5352
vn -0.7309 0.1732 0.6601
vn -0.0001 0.4924 0.8704
vn -0.0000 0.3725 0.9280
vn -0.0000 -0.7714 0.6364
vn -0.0000 -0.8129 0.5824
vn -0.4848 -0.1813 0.8556
vn -0.8925 0.1937 0.4074
vn -0.9787 -0.1097 0.1733
vn -0.6620 -0.3665 0.6537
vn -0.4713 0.0326 0.8814
vn -0.5065 0.6191 0.6002
vn -0.7598 0.6113 0.2213
vn -0.6195 0.2994 0.7256
vn -0.0007 0.4090 0.9125
vn -0.6163 0.7839 -0.0750
vn -0.0003 0.9762 -0.2168
vn -0.0001 1.0000 -0.0095
vn -0.8227 0.4562 0.3393
vn -0.8303 -0.2671 0.4891
vn -0.6820 0.5073 0.5267
vn -0.7743 -0.5066 -0.3792
vn -0.6458 0.6614 -0.3814
vn -0.6300 0.7265 -0.2743
vn -0.4590 0.8629 -0.2115
vn -0.6523 0.6623 -0.3687
vn -0.8146 0.1866 -0.5492
vn -0.7592 0.5967 -0.2599
vn -0.3270 0.6992 -0.6358
vn -0.7681 0.6000 0.2237
vn -0.8770 0.2857 -0.3864
vn -0.8978 -0.3169 0.3058
vn -0.4550 0.8904 -0.0138
vn -0.3389 0.9274 0.1583
vn -0.7267 0.5073 -0.4633
vn -0.6013 0.7796 -0.1752
vn -0.3461 0.7203 0.6012
vn -0.7188 0.5614 -0.4101
vn -0.5131 -0.1814 -0.8389
vn -0.5361 -0.5630 -0.6290
vn -0.7368 -0.6276 -0.2513
vn -0.5206 0.1990 -0.8303
vn -0.6002 0.6755 -0.4283
vn -0.8017 0.4511 0.3922
vn -0.6435 0.5813 0.4980
vn -0.6768 0.6201 -0.3968
vn -0.6663 0.6521 -0.3617
vn -0.5390 -0.4997 -0.6781
vn -0.3657 -0.7046 -0.6081
vn -0.7097 0.6493 -0.2732
vn -0.6221 0.6087 -0.4923
vn -0.7406 -0.4753 -0.4749
vn -0.7054 -0.4641 -0.5358
vn -0.7242 -0.5233 -0.4491
vn -0.6811 0.0318 -0.7315
vn -0.6718 -0.2214 -0.7068
vn -0.5523 -0.7278 -0.4066
vn -0.4929 0.6012 -0.6290
vn -0.5675 -0.4866 -0.6642
vn -0.5040 -0.1933 -0.8418
vn -0.4460 0.5862 -0.6764
vn -0.4306 0.6629 -0.6125
vn -0.5745 -0.2322 -0.7849
vn -0.5225 -0.6579 -0.5424
vn -0.5569 -0.4547 -0.6950
vn -0.9097 0.2679 -0.3172
vn -0.5782 0.4763 -0.6624
vn -0.9500 -0.2642 -0.1667
vn -0.0000 0.9806 0.1961
vn -0.9547 0.2554 -0.1529
vn -0.0000 0.9803 -0.1977
vn -0.0002 0.6549 -0.7557
vn -0.7142 0.5791 -0.3932
vn -0.0003 0.6587 -0.7524
vn -0.0001 0.7037 -0.7105
vn -0.8924 0.2732 -0.3592
vn -0.0001 0.5204 -0.8539
vn -0.6472 0.5289 -0.5490
vn -0.0002 0.8013 -0.5983
vn -0.9884 -0.0158 -0.1508
vn -0.0002 0.6454 -0.7638
vn -0.9610 -0.2165 -0.1719
vn -0.8046 0.1871 -0.5636
vn -0.7785 -0.4313 -0.4560
vn -0.7933 -0.3492 -0.4988
vn -0.9051 -0.4221 0.0515
vn -0.0000 -0.9534 -0.3016
vn -0.0000 -0.9880 -0.1542
vn -0.9991 0.0409 -0.0133
vn -0.5122 -0.8548 -0.0835
vn -0.5577 -0.8288 0.0452
vn -0.9737 -0.2273 -0.0157
vn 0.5127 -0.8545 -0.0836
vn -0.9406 -0.3390 0.0185
vn -0.9682 -0.2485 0.0306
vn -0.9374 -0.3052 0.1678
vn -0.4188 -0.8815 0.2180
vn 0.5576 -0.8289 0.0453
vn 0.9546 0.2555 -0.1529
vn 0.9991 0.0414 -0.0135
vn 0.9051 -0.4221 0.0515
vn 0.7318 -0.6700 -0.1247
vn -0.0000 -0.8236 -0.5671
vn -0.7319 -0.6699 -0.1248
vn 0.7378 0.5953 0.3183
vn 0.8208 0.4387 0.3659
vn 0.8276 -0.3113 -0.4670
vn -0.0001 0.0584 -0.9983
vn -0.8272 -0.3118 -0.4674
vn -0.8208 0.4387 0.3658
vn -0.7378 0.5953 0.3183
vn -0.0000 0.9367 0.3501
vn -0.0001 0.9584 -0.2855
vn 0.7927 0.6003 0.1059
vn -0.7933 0.5997 0.1055
vn -0.7857 -0.4501 0.4244
vn -0.7998 -0.3740 -0.4695
vn -0.8371 -0.2444 -0.4894
vn -0.9111 -0.2507 0.3272
vn -0.7487 -0.4765 -0.4609
vn -0.8476 -0.1928 -0.4944
vn -0.8400 -0.2316 -0.4907
vn -0.9361 -0.2802 0.2126
vn -0.8868 -0.4615 -0.0262
vn -0.9839 -0.0159 -0.1782
vn -0.9782 -0.0694 -0.1957
vn -0.9509 -0.2854 0.1200
vn -0.3877 -0.8301 0.4007
vn 0.4185 -0.8816 0.2181
vn 0.9736 -0.2276 -0.0155
vn 0.7141 0.5793 -0.3931
vn -0.9904 -0.1290 0.0501
vn -0.4552 -0.7253 0.5164
vn 0.3877 -0.8302 0.4007
vn 0.9374 -0.3052 0.1678
vn 0.8926 0.2722 -0.3593
vn 0.9679 -0.2495 0.0311
vn -0.3630 -0.6836 0.6332
vn 0.4552 -0.7254 0.5164
vn 0.9506 -0.2864 0.1199
vn 0.9403 -0.3400 0.0147
vn 0.9885 -0.0170 -0.1502
vn 0.6479 0.5277 -0.5494
vn 0.9625 -0.2163 -0.1639
vn 0.9802 -0.0211 -0.1970
vn 0.8119 0.1760 -0.5566
vn 0.7784 -0.4300 -0.4573
vn 0.8835 -0.4679 -0.0242
vn 0.7933 -0.3493 -0.4987
vn 0.9364 -0.2799 0.2119
vn 0.9899 -0.1338 0.0466
vn 0.5711 0.4782 0.6672
vn 0.5079 -0.4272 0.7480
vn 0.3409 -0.2191 0.9142
vn 0.7311 0.1728 0.6601
vn 0.7603 0.6109 0.2207
vn 0.6194 0.2993 0.7258
vn 0.6168 0.7835 -0.0753
vn 0.4306 0.1140 0.8953
vn 0.3803 -0.0288 0.9244
vn 0.5566 0.3188 0.7672
vn 0.5673 -0.6264 0.5346
vn -0.0885 -0.9243 0.3712
vn 0.6881 -0.0648 -0.7227
vn 0.8767 -0.4724 0.0911
vn 0.8478 0.1159 -0.5175
vn -0.8219 0.1367 -0.5530
vn -0.1747 -0.8888 -0.4237
vn -0.0930 -0.7293 -0.6778
vn 0.8589 -0.5116 0.0230
vn 0.7201 -0.6238 -0.3040
vn -0.0990 0.0435 -0.9941
vn 0.0247 -0.8651 -0.5011
vn 0.0630 -0.9610 0.2692
vn 0.9511 0.0902 -0.2954
vn 0.6156 0.5330 -0.5804
vn 0.7355 0.3602 -0.5738
vn -0.0000 -0.3284 -0.9445
vn 0.1176 0.4119 -0.9036
vn 0.6888 -0.1564 -0.7078
vn 0.6554 -0.5100 -0.5572
vn 0.9156 0.0906 -0.3917
vn 0.7982 -0.6009 0.0417
vn 0.8649 0.0613 0.4982
vn 0.9949 0.0197 0.0987
vn 0.9698 -0.0162 -0.2435
vn 0.7295 0.0828 -0.6789
vn 0.6865 0.3734 -0.6240
vn 0.4633 0.0039 -0.8862
vn 0.6307 0.4054 -0.6617
vn 0.8427 0.3922 -0.3689
vn 0.8103 -0.1953 -0.5526
vn 0.6941 0.3498 -0.6292
vn 0.7349 0.0793 -0.6735
vn 0.7440 0.3048 -0.5946
vn 0.8123 -0.4743 -0.3396
vn 0.9821 -0.1061 0.1558
vn 0.5077 -0.6877 -0.5190
vn -0.6893 -0.1562 -0.7075
vn -0.1176 0.4119 -0.9036
vn -0.0001 0.1237 -0.9923
vn 0.1806 0.4583 -0.8703
vn 0.6934 0.2316 -0.6823
vn 0.5401 0.6387 -0.5480
vn 0.6765 0.4376 -0.5923
vn 0.6989 0.4942 -0.5170
vn 0.6992 0.3812 -0.6049
vn -0.1803 0.4589 -0.8700
vn -0.9157 0.0909 -0.3915
vn -0.9699 -0.0160 -0.2431
vn 0.2362 0.5797 -0.7798
vn -0.0001 0.0841 -0.9965
vn -0.0001 0.1212 -0.9926
vn -0.6928 0.2323 -0.6827
vn -0.5399 0.6390 -0.5479
vn -0.6767 0.4373 -0.5923
vn -0.7442 0.3051 -0.5942
vn -0.2363 0.5796 -0.7799
vn -0.7350 0.0791 -0.6734
vn -0.6943 0.3496 -0.6290
vn -0.9511 0.0910 -0.2952
vn -0.7351 0.3607 -0.5741
vn -0.6160 0.5326 -0.5803
vn 0.3255 0.7267 -0.6049
vn -0.3252 0.7271 -0.6047
vn -0.6983 0.4952 -0.5169
vn -0.6992 0.3810 -0.6049
vn -0.6308 0.4051 -0.6618
vn -0.8102 -0.1955 -0.5526
vn -0.8426 0.3922 -0.3690
vn -0.4631 0.0040 -0.8863
vn -0.6864 0.3732 -0.6242
vn -0.7299 0.0820 -0.6786
vn -0.9949 0.0201 0.0985
vn -0.8646 0.0616 0.4986
vn -0.7982 -0.6009 0.0422
vn -0.6554 -0.5100 -0.5572
vn -0.5074 -0.6875 -0.5196
vn -0.8123 -0.4742 -0.3396
vn -0.9820 -0.1062 0.1561
vn -0.0463 -0.7478 0.6623
vn 0.7601 -0.2866 -0.5832
vn 0.0709 -0.9464 -0.3152
vn 0.2716 -0.9429 0.1929
vn 0.7316 0.1899 0.6548
vn 0.9286 0.2818 0.2413
vn 0.9959 -0.0507 0.0748
vn 0.8307 -0.5364 -0.1494
vn 0.9049 -0.4236 0.0419
vn 0.8619 -0.4519 0.2299
vn 0.9399 0.2906 0.1791
vn 0.8336 -0.0870 0.5455
vn 0.8446 -0.5201 0.1273
vn 0.8485 -0.4711 -0.2412
vn 0.9689 -0.2218 -0.1101
vn 0.7564 -0.6528 -0.0420
vn 0.7401 -0.2980 -0.6028
vn 0.7354 -0.4790 -0.4794
vn 0.2193 -0.8856 0.4095
vn 0.4764 -0.8691 -0.1333
vn 0.0313 -0.9928 0.1156
vn 0.7646 -0.5879 -0.2642
vn 0.8826 -0.4673 0.0506
vn 0.8346 -0.3944 0.3847
vn 0.6711 -0.1675 0.7222
vn 0.0766 -0.2159 0.9734
vn -0.5283 -0.1787 0.8300
vn 0.5200 0.8008 0.2971
vn -0.5563 0.7681 0.3172
vn -0.1555 -0.9761 -0.1515
vn 0.1524 -0.6275 -0.7636
vn -0.7201 -0.6235 -0.3043
vn 0.1745 -0.8886 -0.4242
vn 0.4029 -0.6336 -0.6605
vn 0.4114 -0.8351 -0.3653
vn 0.5897 -0.8072 -0.0253
vn 0.6050 -0.7458 0.2788
vn 0.6857 -0.5321 0.4967
vn -0.0017 -0.8087 0.5882
vn -0.5848 -0.7970 0.1511
vn 0.5359 -0.7758 0.3330
vn -0.6080 0.2869 0.7403
vn 0.4351 0.3817 0.8155
vn -0.7016 0.7091 -0.0699
vn 0.1413 0.9889 -0.0450
vn 0.6581 0.7204 0.2189
vn 0.3088 0.2105 0.9276
vn -0.8591 -0.5113 0.0230
vn -0.7646 -0.5878 -0.2642
vn -0.9689 -0.2218 -0.1101
vn -0.4020 -0.6342 -0.6605
vn -0.1669 -0.6237 -0.7637
vn -0.4115 -0.8350 -0.3652
vn -0.0098 -0.5600 -0.8284
vn -0.0000 -0.8948 -0.4465
vn -0.0001 -0.9983 -0.0581
vn 0.3688 -0.8430 0.3916
vn -0.0000 -0.9004 0.4351
vn -0.0127 -0.3723 0.9280
vn 0.0286 -0.8016 0.5971
vn -0.3689 -0.8430 0.3915
vn 0.1807 -0.6439 -0.7435
vn -0.5897 -0.8072 -0.0253
vn -0.8826 -0.4674 0.0506
vn -0.9959 -0.0505 0.0747
vn -0.9049 -0.4235 0.0419
vn -0.8618 -0.4521 0.2301
vn -0.2717 -0.9429 0.1928
vn -0.8306 -0.5364 -0.1493
vn -0.7561 -0.6531 -0.0423
vn -0.7400 -0.2982 -0.6029
vn -0.7353 -0.4790 -0.4794
vn -0.6050 -0.7458 0.2788
vn -0.8345 -0.3945 0.3846
vn -0.9285 0.2820 0.2416
vn -0.7316 0.1899 0.6548
vn -0.2187 -0.8855 0.4100
vn -0.4758 -0.8694 -0.1336
vn -0.0308 -0.9928 0.1156
vn -0.8445 -0.5202 0.1274
vn -0.7603 -0.2860 -0.5832
vn 0.0467 -0.7479 0.6622
vn -0.0717 -0.9463 -0.3152
vn -0.9399 0.2906 0.1791
vn -0.8336 -0.0871 0.5455
vn -0.8484 -0.4712 -0.2411
vn -0.0003 -0.7079 0.7063
vn -0.1201 -0.0426 0.9918
vn -0.0471 -0.7316 0.6802
vn 0.8386 -0.5437 -0.0339
vn 0.0581 -0.7649 0.6415
vn -0.1143 -0.9824 0.1475
vn 0.0482 -0.7316 0.6801
vn 0.1209 -0.0426 0.9918
vn 0.0227 -0.9791 0.2021
vn 0.0109 -0.9999 -0.0122
vn 0.9668 -0.1028 -0.2338
vn 0.8077 -0.0529 0.5872
vn 0.8314 0.5234 0.1869
vn 0.4089 0.5083 0.7579
vn -0.1021 0.4918 0.8647
vn 0.9376 0.3360 0.0890
vn 0.9107 0.2460 0.3319
vn 0.6941 0.3631 0.6216
vn 0.7688 0.3040 -0.5626
vn 0.8100 0.4525 -0.3729
vn 0.5256 0.5739 0.6279
vn 0.2842 0.3722 0.8836
vn 0.3963 -0.2955 0.8693
vn 0.8474 0.1081 0.5198
vn -0.3864 0.0640 0.9201
vn -0.7723 -0.5917 0.2312
vn -0.9170 -0.1316 0.3765
vn -0.2741 -0.5547 0.7856
vn -0.0945 -0.6248 0.7751
vn 0.0439 -0.6297 0.7756
vn 0.5156 -0.4724 0.7148
vn -0.0000 -0.4877 0.8730
vn -0.0000 0.6727 0.7399
vn 0.2227 0.9642 -0.1443
vn 0.4410 0.8839 -0.1554
vn 0.4590 0.7793 0.4267
vn 0.4636 0.8005 0.3798
vn -0.0000 0.9443 0.3290
vn -0.5255 0.5740 0.6280
vn -0.5153 -0.4740 0.7140
vn -0.0442 -0.6298 0.7755
vn -0.2839 0.3718 0.8838
vn 0.0937 -0.6247 0.7752
vn -0.4093 0.5082 0.7578
vn 0.2753 -0.5551 0.7850
vn 0.9170 -0.1318 0.3765
vn 0.5918 0.7984 -0.1114
vn 0.7712 0.6363 0.0213
vn -0.0000 0.9724 0.2334
vn -0.4589 0.7793 0.4267
vn -0.4638 0.8004 0.3798
vn -0.0001 0.8962 0.4436
vn -0.0000 0.9757 0.2191
vn 0.9193 0.2012 -0.3384
vn 0.2927 0.8301 -0.4746
vn 0.5776 0.8163 -0.0051
vn 0.7576 0.6260 -0.1847
vn 0.5425 0.8013 -0.2524
vn 0.3815 0.9244 0.0072
vn 0.2699 0.7844 -0.5585
vn -0.4409 0.8840 -0.1553
vn -0.5917 0.7985 -0.1111
vn -0.7713 0.6361 0.0213
vn -0.2953 0.8202 -0.4900
vn -0.5783 0.8158 -0.0052
vn -0.9193 0.2012 -0.3384
vn -0.0000 0.5992 -0.8006
vn -0.0000 0.2904 -0.9569
vn -0.9107 0.2460 0.3317
vn -0.6941 0.3631 0.6216
vn -0.2230 0.9641 -0.1441
vn -0.7689 0.3040 -0.5625
vn -0.2702 0.7841 -0.5587
vn -0.8100 0.4528 -0.3727
vn -0.3822 0.9240 0.0070
vn -0.5424 0.8013 -0.2525
vn -0.7577 0.6261 -0.1842
vn -0.8313 0.5234 0.1869
vn 0.1019 0.4918 0.8647
vn -0.9376 0.3360 0.0890
vn -0.8078 -0.0533 0.5870
vn -0.9668 -0.1026 -0.2338
vn 0.7724 -0.5915 0.2313
vn 0.3865 0.0641 0.9201
vn -0.8476 0.1076 0.5197
vn -0.3966 -0.2956 0.8691
vn -0.1329 0.9426 0.3062
vn 0.7309 0.4831 0.4820
vn 0.6909 0.1557 0.7060
vn -0.4615 0.6131 0.6412
vn -0.7361 0.5892 -0.3332
vn -0.9458 0.3039 -0.1141
vn -0.7327 -0.1717 -0.6586
vn -0.8339 -0.4053 -0.3746
vn -0.5252 0.4235 -0.7381
vn -0.5146 0.6922 -0.5060
vn 0.3165 -0.8446 -0.4319
vn 0.2833 -0.9432 -0.1735
vn 0.3989 -0.5820 -0.7087
vn -0.4481 -0.2202 -0.8665
vn 0.9102 -0.0901 -0.4042
vn 0.9434 0.2248 -0.2440
vn 0.7577 0.6397 0.1291
vn -0.1001 0.9878 0.1192
vn 0.8805 -0.3439 0.3263
vn 0.9739 -0.1889 0.1257
vn 0.8472 -0.4876 0.2111
vn 0.6877 0.1986 0.6983
vn 0.9576 -0.2854 0.0382
vn 0.5774 -0.0587 0.8143
vn -0.3305 0.7315 0.5964
vn -0.5692 0.4409 0.6940
vn -0.7308 0.6405 -0.2360
vn -0.9371 0.3305 -0.1125
vn -0.6368 -0.0821 -0.7666
vn -0.7788 -0.3779 -0.5006
vn -0.5042 0.6773 -0.5357
vn -0.4640 -0.2834 -0.8392
vn -0.4110 0.8597 -0.3032
vn 0.3106 -0.9114 -0.2700
vn 0.4592 -0.6458 -0.6100
vn 0.4849 -0.6811 -0.5486
vn 0.6250 0.2980 -0.7215
vn -0.1012 0.5478 -0.8305
vn 0.9538 0.0865 -0.2878
vn 0.9667 0.2451 -0.0736
vn 0.7092 0.5175 0.4788
vn -0.1211 0.9230 0.3653
vn 0.6748 0.5340 -0.5094
vn 0.6369 0.6982 -0.3270
vn 0.5394 0.7774 -0.3235
vn 0.0881 -0.9244 0.3711
vn -0.6885 -0.0644 -0.7224
vn -0.8477 0.1156 -0.5177
vn -0.8768 -0.4721 0.0911
vn 0.8219 0.1368 -0.5530
vn -0.0632 -0.9610 0.2692
vn -0.0239 -0.8651 -0.5010
vn 0.0995 0.0435 -0.9941
vn -0.1405 0.9891 -0.0450
vn -0.6581 0.7206 0.2185
vn -0.4357 0.3817 0.8152
vn 0.7008 0.7099 -0.0704
vn 0.6083 0.2871 0.7399
vn -0.5359 -0.7759 0.3330
vn -0.6856 -0.5322 0.4967
vn -0.3088 0.2099 0.9277
vn -0.0766 -0.2161 0.9734
vn -0.6711 -0.1673 0.7222
vn -0.5194 0.8011 0.2973
vn 0.5280 -0.1788 0.8302
vn 0.5557 0.7684 0.3175
vn 0.5852 -0.7967 0.1507
vn -0.2108 0.6764 0.7057
vn 0.2996 0.3471 0.8887
vn -0.2939 0.3589 0.8859
vn 0.2108 0.6758 0.7063
vn 0.0738 0.2709 0.9598
vn -0.0738 0.2709 0.9598
vn 0.3372 -0.4876 0.8053
vn -0.1232 0.1094 0.9863
vn 0.1232 0.1094 0.9863
vn -0.8171 0.5589 -0.1413
vn -0.0001 -0.8051 0.5932
vn -0.0000 -0.3442 0.9389
vn -0.3371 -0.4877 0.8053
vn 0.5049 0.6770 -0.5355
vn 0.7790 -0.3788 -0.4997
vn 0.4647 -0.2836 -0.8388
vn 0.9373 0.3300 -0.1121
vn 0.6368 -0.0821 -0.7666
vn 0.7307 0.6406 -0.2362
vn -0.9667 0.2453 -0.0734
vn -0.9538 0.0865 -0.2876
vn -0.6247 0.2980 -0.7218
vn 0.0992 0.5481 -0.8305
vn -0.4844 -0.6810 -0.5491
vn -0.3110 -0.9113 -0.2697
vn -0.4594 -0.6458 -0.6099
vn -0.5405 0.7767 -0.3236
vn 0.3303 0.7316 0.5964
vn -0.6371 0.6978 -0.3274
vn -0.6878 0.1987 0.6982
vn -0.5775 -0.0586 0.8143
vn 0.5692 0.4404 0.6943
vn -0.8472 -0.4875 0.2113
vn -0.9576 -0.2856 0.0382
vn -0.6748 0.5338 -0.5096
vn 0.4115 0.8596 -0.3030
vn -0.7092 0.5175 0.4788
vn 0.1215 0.9229 0.3653
vn 0.7804 0.2611 -0.5682
vn 0.6782 0.5105 -0.5287
vn -0.0760 0.7977 -0.5982
vn 0.7728 0.5601 -0.2984
vn 0.8026 0.3626 -0.4737
vn -0.0001 0.3649 -0.9310
vn 0.6053 0.5983 -0.5251
vn 0.5154 0.6429 -0.5666
vn 0.4183 0.2768 -0.8651
vn -0.8019 0.3635 -0.4741
vn -0.7777 0.5599 -0.2858
vn -0.6135 0.6078 -0.5041
vn 0.3476 0.6674 -0.6586
vn -0.7804 0.2614 -0.5679
vn -0.6054 0.5984 -0.5249
vn -0.5154 0.6430 -0.5665
vn -0.4183 0.2768 -0.8651
vn -0.1775 -0.6688 -0.7219
vn -0.8580 0.1123 -0.5011
vn -0.3963 0.0019 -0.9181
vn -0.6968 -0.6789 -0.2314
vn -0.9763 0.0516 -0.2100
vn -0.7901 -0.5855 0.1815
vn -0.9906 0.1314 0.0382
vn -0.4261 -0.3222 0.8454
vn -0.6442 0.4016 0.6510
vn 0.6203 0.1961 0.7594
vn 0.1321 0.8244 0.5504
vn 0.4396 0.8962 -0.0607
vn 0.4387 0.8458 -0.3037
vn 0.4870 0.7149 -0.5018
vn 0.2042 0.2156 -0.9549
vn 0.3539 0.4621 0.8132
vn -0.6635 -0.1311 0.7366
vn -0.9477 -0.3009 0.1067
vn -0.2162 -0.5884 -0.7792
vn 0.8156 0.5778 -0.0317
vn 0.9477 0.3122 0.0661
vn 0.9491 0.1649 -0.2683
vn 0.6638 -0.2536 -0.7036
vn 0.7647 0.0519 -0.6423
vn 0.8583 0.1119 -0.5007
vn 0.1771 -0.6688 -0.7220
vn 0.3966 0.0018 -0.9180
vn 0.6967 -0.6791 -0.2312
vn 0.2166 -0.5884 -0.7790
vn 0.9477 -0.3006 0.1070
vn 0.7900 -0.5856 0.1815
vn 0.6634 -0.1309 0.7367
vn 0.4259 -0.3222 0.8454
vn -0.3540 0.4620 0.8132
vn -0.6204 0.1963 0.7593
vn -0.8156 0.5778 -0.0318
vn -0.9477 0.3123 0.0659
vn -0.7648 0.0518 -0.6422
vn -0.9491 0.1654 -0.2682
vn -0.4383 0.8459 -0.3037
vn -0.4865 0.7152 -0.5018
vn -0.6638 -0.2531 -0.7038
vn -0.4400 0.8960 -0.0606
vn 0.9906 0.1312 0.0382
vn 0.9763 0.0514 -0.2100
vn -0.2038 0.2157 -0.9550
vn 0.6440 0.4016 0.6511
vn -0.1313 0.8247 0.5501
vn 0.8169 0.5591 -0.1419
vn -0.9104 -0.0899 -0.4038
vn -0.8805 -0.3437 0.3266
vn -0.9434 0.2250 -0.2438
vn -0.7579 0.6394 0.1291
vn -0.3170 -0.8446 -0.4315
vn -0.9739 -0.1890 0.1256
vn -0.2840 -0.9431 -0.1731
vn -0.3981 -0.5819 -0.7091
vn -0.7313 0.4828 0.4818
vn -0.6910 0.1557 0.7059
vn 0.4611 0.6132 0.6414
vn 0.0997 0.9879 0.1192
vn 0.5140 0.6926 -0.5060
vn 0.5253 0.4235 -0.7381
vn 0.4469 -0.2199 -0.8671
vn 0.8338 -0.4052 -0.3749
vn 0.1329 0.9426 0.3062
vn 0.7362 0.5891 -0.3330
vn 0.9458 0.3043 -0.1137
vn 0.7328 -0.1719 -0.6584
vn -0.0000 0.9702 0.2424
vn -0.2266 -0.8155 -0.5325
vn -0.4065 -0.1786 -0.8960
vn -0.0187 -0.1578 -0.9873
vn -0.4726 -0.4338 0.7671
vn -0.0446 -0.6052 0.7948
vn 0.6511 -0.4633 0.6011
vn -0.6268 -0.4253 -0.6529
vn -0.0752 -0.6603 0.7472
vn -0.7976 0.5388 0.2710
vn -0.4556 0.8883 0.0575
vn 0.2058 0.9772 0.0514
vn 0.4158 0.5708 -0.7080
vn -0.2700 -0.3116 -0.9110
vn -0.4940 -0.7829 -0.3782
vn -0.9093 -0.2990 0.2893
vn -0.4171 -0.9021 -0.1106
vn -0.8838 -0.0621 -0.4638
vn -0.3263 -0.9253 -0.1934
vn -0.1709 -0.9621 -0.2126
vn -0.2313 -0.7422 -0.6290
vn -0.0000 -0.7851 -0.6194
vn -0.0749 -0.1200 -0.9899
vn -0.0000 0.1216 -0.9926
vn 0.2313 -0.7422 -0.6290
vn -0.9048 0.3340 -0.2642
vn -0.4734 -0.4049 0.7823
vn -0.3137 0.1730 0.9336
vn -0.6983 -0.0985 0.7090
vn -0.7850 -0.4987 0.3674
vn -0.1741 -0.9840 0.0371
vn -0.0000 -0.9868 -0.1622
vn 0.1709 -0.9621 -0.2126
vn 0.4940 -0.7829 -0.3782
vn 0.2700 -0.3116 -0.9110
vn 0.2266 -0.8155 -0.5325
vn 0.0187 -0.1578 -0.9873
vn 0.4065 -0.1786 -0.8960
vn -0.4158 0.5708 -0.7080
vn 0.4171 -0.9021 -0.1106
vn 0.6984 -0.0973 0.7090
vn 0.3263 -0.9253 -0.1934
vn 0.3133 0.1732 0.9337
vn 0.7856 -0.4978 0.3673
vn 0.1741 -0.9840 0.0371
vn -0.0000 -0.9978 -0.0657
vn -0.2058 0.9772 0.0514
vn 0.4556 0.8883 0.0575
vn 0.6268 -0.4253 -0.6529
vn 0.7976 0.5388 0.2710
vn 0.0752 -0.6603 0.7472
vn -0.6511 -0.4633 0.6011
vn 0.0446 -0.6052 0.7948
vn 0.4726 -0.4338 0.7671
vn 0.9093 -0.2989 0.2896
vn 0.8839 -0.0613 -0.4637
vn 0.9047 0.3342 -0.2643
vn 0.4734 -0.4049 0.7823
vn 0.5864 0.7089 0.3919
vn 0.5901 0.5647 0.5770
vn 0.1680 0.6746 0.7188
vn -0.1925 0.9536 0.2315
vn 0.2015 0.8641 0.4612
vn -0.0000 0.9963 0.0858
vn 0.2117 0.7677 -0.6048
vn 0.0749 -0.1200 -0.9899
vn -0.0000 0.8724 -0.4889
vn -0.2117 0.7677 -0.6048
vn 0.1925 0.9536 0.2315
vn -0.2015 0.8642 0.4611
vn -0.5872 0.7085 0.3914
vn -0.5906 0.5647 0.5764
vn -0.1680 0.6746 0.7188
vn -0.9349 -0.3289 -0.1335
vn -0.7582 -0.2797 -0.5890
vn -0.9291 0.2929 -0.2257
vn 0.8300 -0.0961 -0.5494
vn -0.1581 0.4183 -0.8944
vn 0.7250 0.1390 -0.6746
vn 0.5758 0.0442 -0.8164
vn -0.1695 -0.4833 -0.8589
vn -0.1766 0.2339 -0.9561
vn 0.7449 0.6129 0.2634
vn -0.0435 0.7870 -0.6154
vn 0.7104 0.6702 -0.2149
vn 0.3725 -0.8648 -0.3367
vn -0.5141 -0.6727 -0.5321
vn 0.3551 -0.9117 -0.2067
vn -0.9052 -0.3940 -0.1592
vn -0.8321 0.5023 -0.2353
vn -0.6586 0.6542 -0.3718
vn 0.2530 -0.7788 0.5740
vn -0.5212 -0.7649 0.3786
vn -0.5457 -0.6357 0.5459
vn -0.9701 0.1927 -0.1479
vn -0.3972 -0.6682 -0.6290
vn -0.9617 0.2349 -0.1416
vn 0.2798 -0.8135 0.5098
vn 0.1835 -0.7545 0.6301
vn 0.6373 -0.2571 -0.7265
vn -0.6557 -0.4229 -0.6255
vn 0.4354 0.8037 -0.4055
vn 0.1135 -0.4193 -0.9007
vn 0.7317 -0.6070 -0.3101
vn -0.0329 -0.9974 -0.0645
vn 0.3999 -0.6572 -0.6389
vn 0.6669 -0.6364 -0.3875
vn -0.7497 -0.3705 -0.5483
vn -0.3889 0.1714 -0.9052
vn 0.7239 -0.6516 -0.2267
vn 0.6756 -0.6862 -0.2696
vn 0.4417 0.1837 0.8781
vn -0.5491 -0.4379 0.7118
vn -0.6569 0.4705 0.5891
vn -0.8496 0.4149 -0.3257
vn -0.4284 0.3206 0.8448
vn -0.1229 0.8947 0.4294
vn -0.9351 -0.3138 0.1646
vn -0.5916 -0.7495 0.2969
vn -0.9502 0.2759 -0.1446
vn -0.3562 0.6093 0.7084
vn 0.5635 -0.7267 0.3929
vn 0.7494 -0.3487 0.5628
vn 0.6151 -0.4627 0.6384
vn 0.8285 -0.0275 0.5593
vn 0.6705 -0.7417 -0.0174
vn 0.8773 -0.3576 -0.3203
vn -0.9084 -0.4181 0.0055
vn -0.3018 0.0869 -0.9494
vn 0.0164 0.9861 0.1656
vn 0.7856 -0.0765 0.6140
vn -0.1862 0.8313 0.5237
vn 0.5496 -0.6776 0.4888
vn -0.6853 -0.2339 -0.6897
vn -0.8295 0.4924 -0.2634
vn -0.8572 -0.1425 -0.4949
vn -0.9277 0.2679 -0.2600
vn 0.5996 -0.6611 -0.4510
vn 0.9706 0.1456 0.1917
vn 0.7387 -0.6002 -0.3067
vn -0.6356 -0.5604 -0.5309
vn -0.4033 -0.5929 -0.6970
vn -0.1620 0.9845 -0.0672
vn -0.4441 0.6649 -0.6006
vn 0.2245 0.8909 0.3948
vn 0.5500 0.4875 0.6781
vn 0.6980 0.0239 0.7157
vn 0.9586 -0.2418 0.1502
vn 0.8767 -0.4352 0.2049
vn 0.7073 0.3602 0.6082
vn -0.7938 0.0180 -0.6079
vn -0.9557 0.0326 -0.2924
vn -0.6520 0.1711 -0.7387
vn 0.9181 0.0843 0.3874
vn 0.2514 -0.6602 0.7078
vn -0.9770 0.2134 -0.0064
vn -0.9005 0.3831 0.2058
vn -0.9104 -0.2952 0.2899
vn -0.9123 -0.2823 0.2966
vn -0.8792 0.4701 -0.0777
vn -0.3777 0.9215 -0.0905
vn 0.6033 0.7744 0.1904
vn -0.9795 -0.1138 0.1663
vn -0.9837 -0.0135 -0.1792
vn -0.4262 0.8453 -0.3223
vn -0.1274 0.3309 -0.9350
vn 0.7238 -0.3623 0.5873
vn 0.6187 -0.5114 0.5964
vn -0.8169 -0.5767 0.0024
vn -0.4418 -0.8909 0.1057
vn -0.8581 -0.4863 0.1648
vn -0.8224 0.3121 -0.4755
vn -0.8533 -0.1131 -0.5091
vn -0.8984 -0.0643 -0.4345
vn 0.9693 -0.2454 -0.0152
vn 0.3037 -0.9147 0.2665
vn 0.8182 -0.3332 0.4684
vn -0.7782 -0.6242 0.0687
vn 0.8101 -0.5801 -0.0849
vn 0.4894 -0.5999 0.6330
vn 0.7941 -0.1353 -0.5925
vn 0.7246 0.0908 -0.6831
vn 0.9095 -0.2605 0.3241
vn 0.9674 -0.2349 0.0950
vn 0.8865 -0.4229 0.1876
vn -0.8807 -0.1578 -0.4465
vn -0.9714 0.1843 -0.1498
vn -0.0799 -0.9946 -0.0664
vn 0.1989 -0.5449 -0.8146
vn -0.0598 -0.9150 -0.3989
vn 0.2909 -0.0459 -0.9557
vn 0.6176 -0.7492 -0.2394
vn -0.2622 -0.6729 -0.6917
vn -0.4774 -0.2251 -0.8494
vn -0.0469 0.9591 0.2790
vn 0.4170 0.2532 0.8729
vn 0.7793 0.4890 0.3919
vn -0.4332 -0.5224 -0.7344
vn 0.8685 -0.4937 -0.0430
vn 0.9194 -0.3828 -0.0904
vn -0.9403 0.2261 0.2546
vn -0.7965 0.5698 -0.2025
vn 0.8758 -0.3508 0.3315
vn 0.6353 0.4872 0.5992
vn 0.6893 0.3808 0.6163
vn -0.4328 0.6440 -0.6308
vn 0.9631 0.1195 0.2413
vn 0.8480 -0.3166 0.4251
vn -0.3580 -0.4553 0.8152
vn -0.3289 0.4682 0.8202
vn -0.8970 0.3473 -0.2733
vn 0.8792 0.4747 -0.0409
vn 0.7488 -0.5467 -0.3747
vn 0.7998 -0.3490 0.4884
vn 0.8043 0.1492 0.5752
vn 0.9213 0.3871 -0.0363
vn 0.6507 0.4842 -0.5850
vn 0.1072 -0.9241 0.3667
vn 0.4487 -0.7966 0.4051
vn 0.8042 -0.4018 0.4380
vn 0.6837 0.2444 0.6876
vn 0.7329 0.1091 0.6716
vn -0.1660 0.6902 0.7043
vn -0.2226 -0.0101 0.9749
vn 0.5015 0.4331 0.7489
vn -0.1204 0.8173 0.5635
vn -0.8645 0.4129 0.2867
vn -0.3106 0.1251 0.9423
vn -0.0450 0.7735 0.6322
vn -0.7150 0.6181 0.3268
vn -0.0161 0.9281 0.3720
vn 0.4703 0.4698 0.7470
vn 0.7257 0.6023 0.3325
vn 0.0453 0.7735 0.6322
vn 0.3106 0.1251 0.9423
vn 0.0131 0.9280 0.3723
vn -0.4740 0.4669 0.7466
vn 0.7586 -0.6451 0.0915
vn -0.8115 -0.5780 -0.0860
vn 0.6237 -0.5632 -0.5420
vn 0.3930 0.8604 0.3246
vn 0.3582 -0.4553 0.8151
vn -0.4892 -0.6001 0.6329
vn 0.0743 -0.9971 0.0137
vn -0.6393 -0.7495 -0.1717
vn -0.5240 -0.2448 -0.8158
vn -0.7672 -0.5910 -0.2494
vn -0.7013 -0.6278 -0.3379
vn -0.7922 -0.3437 -0.5043
vn -0.7962 -0.2459 -0.5528
vn 0.1240 -0.9631 -0.2387
vn -0.1104 0.7446 0.6583
vn -0.9053 0.3045 0.2961
vn -0.3390 0.0232 0.9405
vn -0.1309 0.9044 0.4061
vn 0.5336 0.1472 0.8328
vn 0.2241 -0.0103 0.9745
vn 0.9066 0.3273 0.2663
vn 0.1664 0.6902 0.7043
vn 0.0879 0.8285 0.5530
vn -0.5049 0.4300 0.7484
vn -0.5701 0.7955 0.2052
vn -0.7240 0.6546 0.2176
vn -0.2713 0.4485 0.8516
vn -0.1342 0.7230 0.6777
vn -0.0735 0.8409 0.5361
vn -0.3157 -0.7901 0.5255
vn 0.6255 -0.5123 0.5885
vn 0.8705 -0.3402 0.3556
vn -0.1840 0.5063 0.8425
vn -0.3025 -0.9151 0.2667
vn -0.4481 -0.7967 0.4054
vn -0.1161 -0.9185 0.3779
vn 0.4537 -0.8840 0.1129
vn 0.5592 -0.4464 0.6986
vn 0.8582 -0.4862 0.1645
vn 0.9794 -0.1143 0.1665
vn 0.9854 -0.0066 -0.1702
vn 0.8454 0.4747 -0.2447
vn 0.4546 0.6228 -0.6368
vn 0.0169 0.7835 -0.6211
vn 0.4328 0.8525 -0.2933
vn 0.6581 0.6545 -0.3722
vn 0.9052 -0.3941 -0.1591
vn 0.5915 -0.7496 0.2971
vn 0.8025 -0.5966 0.0004
vn 0.8762 -0.0760 -0.4759
vn 0.6450 0.2435 -0.7244
vn -0.6893 -0.1477 -0.7092
vn -0.6588 0.5523 -0.5108
vn -0.7045 0.6920 -0.1577
vn -0.7399 0.6226 0.2548
vn -0.5873 0.7832 0.2041
vn 0.3449 0.9371 -0.0533
vn 0.0996 0.3237 -0.9409
vn 0.3856 0.1556 -0.9094
vn -0.7250 0.0914 -0.6826
vn -0.3718 -0.8339 -0.4079
vn -0.7898 -0.1279 -0.5999
vn -0.7603 -0.0127 -0.6494
vn 0.1721 0.3783 -0.9096
vn -0.8680 -0.1427 -0.4756
vn 0.4699 0.0350 -0.8820
vn 0.1330 -0.9899 0.0499
vn 0.4776 -0.2248 -0.8493
vn 0.9347 -0.3295 -0.1336
vn 0.6292 -0.3806 -0.6776
vn 0.1466 -0.9785 -0.1452
vn 0.4385 -0.6032 0.6662
vn 0.3683 -0.0312 -0.9292
vn 0.3868 -0.3714 -0.8441
vn 0.8009 -0.2627 -0.5381
vn 0.9279 0.2851 -0.2403
vn 0.6270 0.5396 0.5619
vn 0.2036 0.9621 0.1813
vn -0.4305 0.1869 0.8830
vn -0.5616 0.5739 0.5960
vn 0.1921 0.8611 0.4708
vn -0.5427 0.1818 0.8200
vn 0.3794 0.3209 0.8678
vn 0.2366 0.4848 0.8420
vn 0.9766 0.1668 -0.1357
vn 0.9508 0.2844 -0.1231
vn 0.2734 -0.6813 -0.6790
vn 0.8391 0.4119 -0.3554
vn 0.9639 0.1822 -0.1940
vn 0.4225 -0.5227 -0.7405
vn 0.7147 -0.2233 -0.6629
vn 0.4371 -0.1440 -0.8878
vn -0.4011 -0.6437 -0.6518
vn -0.6285 -0.6162 -0.4747
vn 0.4181 -0.6473 -0.6374
vn -0.7890 -0.5171 -0.3317
vn -0.7393 -0.6009 -0.3038
vn 0.4028 -0.6043 -0.6874
vn 0.8970 0.3476 -0.2731
vn 0.1450 0.8439 0.5165
vn -0.7820 0.4940 0.3800
vn -0.4168 0.2553 0.8724
vn 0.3370 0.4809 0.8094
vn 0.9226 0.2512 0.2927
vn 0.7900 0.5825 -0.1913
vn -0.0240 0.9858 0.1664
vn -0.7869 -0.0971 0.6094
vn -0.6054 0.0215 0.7956
vn -0.8215 -0.3793 0.4258
vn -0.9170 0.0603 0.3943
vn -0.7350 -0.3710 0.5675
vn -0.2406 -0.6618 0.7100
vn -0.9158 -0.3747 -0.1444
vn -0.7208 -0.6611 -0.2081
vn -0.8597 -0.5066 -0.0646
vn -0.8501 -0.4972 0.1734
vn -0.9638 -0.2337 0.1280
vn -0.5329 -0.2701 0.8019
vn -0.9686 0.2073 0.1370
vn 0.0562 0.9574 0.2831
vn -0.5127 -0.8495 0.1243
vn -0.8778 -0.3598 -0.3163
vn -0.9216 0.3864 -0.0362
vn -0.8304 -0.0344 0.5561
vn -0.9053 0.1449 0.3993
vn -0.6194 -0.5316 0.5777
vn -0.6568 -0.7539 0.0163
vn -0.8790 0.4750 -0.0408
vn -0.9450 -0.3256 0.0316
vn -0.5571 -0.7143 0.4236
vn -0.6149 -0.4631 0.6383
vn -0.2498 -0.7783 0.5761
vn -0.7498 -0.3486 0.5624
vn -0.9843 -0.1753 -0.0203
vn -0.7932 -0.3610 0.4905
vn -0.9614 -0.2545 0.1046
vn -0.8098 -0.3297 0.4853
vn -0.8923 -0.3948 0.2191
vn -0.9077 -0.2025 0.3675
vn -0.6796 0.2515 0.6891
vn -0.7220 0.1223 0.6810
vn -0.2823 -0.8134 0.5086
vn -0.1813 -0.7572 0.6275
vn 0.5297 -0.6588 0.5342
vn 0.4601 -0.7854 0.4140
vn 0.9139 -0.2782 0.2957
vn -0.5766 -0.6803 -0.4526
vn -0.8121 -0.4019 0.4230
vn -0.9699 0.1466 0.1945
vn -0.5408 0.5153 0.6648
vn -0.6246 0.5172 0.5851
vn -0.6637 0.3885 0.6392
vn -0.8727 -0.3439 0.3465
vn -0.3426 -0.8944 -0.2875
vn 0.9400 -0.3086 0.1456
vn 0.9248 -0.2438 0.2919
vn 0.8257 -0.0975 -0.5556
vn 0.8519 0.5218 -0.0459
vn 0.7574 0.4719 -0.4514
vn 0.9780 0.1947 -0.0746
vn -0.1721 0.9120 0.3725
vn 0.1703 0.9826 -0.0741
vn -0.4355 0.8037 -0.4056
vn 0.4526 0.6653 -0.5937
vn 0.1769 0.2338 -0.9560
vn 0.7976 0.0308 -0.6024
vn 0.1649 -0.5090 -0.8448
vn 0.4930 -0.6750 -0.5489
vn 0.6228 -0.3410 -0.7042
vn 0.8947 -0.0925 -0.4370
vn 0.9757 0.2114 -0.0577
vn -0.5757 0.0442 -0.8165
vn 0.8366 0.4889 -0.2473
vn 0.8590 -0.1407 -0.4923
vn 0.9295 0.2565 -0.2651
vn 0.1320 0.7225 0.6787
vn 0.3149 0.4302 0.8460
vn 0.8149 0.5026 0.2887
vn 0.7210 0.6584 0.2159
vn 0.5694 0.7963 0.2043
vn 0.0674 0.8414 0.5362
vn 0.2275 0.5059 0.8321
vn 0.1533 0.9160 0.3708
vn -0.5348 0.1479 0.8319
vn -0.8776 -0.3356 0.3424
vn 0.3347 0.0245 0.9420
vn -0.6254 -0.5122 0.5887
vn 0.3101 -0.7918 0.5262
vn 0.9056 0.3203 0.2778
vn 0.1101 0.7446 0.6583
vn 0.5760 0.6579 -0.4851
vn 0.8528 0.0873 0.5148
vn 0.6808 0.4745 -0.5580
vn 0.4167 0.8021 -0.4278
vn 0.7248 0.3172 0.6116
vn 0.2185 0.8939 -0.3913
vn 0.5262 0.4995 0.6882
vn -0.0000 0.9255 -0.3788
vn 0.2766 0.6164 0.7373
vn -0.2766 0.6164 0.7373
vn -0.0000 0.6567 0.7541
vn -0.2185 0.8939 -0.3913
vn -0.5263 0.4995 0.6882
vn -0.4167 0.8021 -0.4278
vn -0.7248 0.3172 0.6116
vn -0.5761 0.6579 -0.4851
vn -0.8528 0.0873 0.5148
vn -0.6808 0.4745 -0.5580
vn -0.9099 -0.1523 0.3859
vn -0.6893 0.0591 -0.7221
vn -0.7201 0.2688 -0.6397
vn -0.5905 -0.1356 -0.7956
vn -0.8962 -0.3697 0.2453
vn -0.4338 -0.2865 -0.8542
vn -0.9190 -0.1080 0.3793
vn -0.2286 -0.3834 -0.8948
vn -0.9516 -0.1631 0.2604
vn -0.0000 -0.4168 -0.9090
vn -0.8116 -0.3466 0.4704
vn 0.8113 -0.3477 0.4700
vn -0.0006 -0.5373 0.8434
vn 0.2285 -0.3835 -0.8948
vn 0.9510 -0.1674 0.2598
vn 0.4337 -0.2865 -0.8543
vn 0.9156 -0.1096 0.3869
vn 0.5907 -0.1355 -0.7955
vn 0.8956 -0.3283 0.3003
vn 0.6894 0.0588 -0.7220
vn 0.9183 -0.1264 0.3751
vn 0.7201 0.2688 -0.6397
vn -0.0000 0.3921 -0.9199
vn 0.1247 -0.2570 0.9583
vn 0.1389 -0.3294 0.9339
vn 0.1144 -0.2224 0.9682
vn 0.0641 -0.2255 0.9721
vn 0.0041 -0.2124 0.9772
vn -0.0392 -0.2015 0.9787
vn -0.0607 -0.2263 0.9722
vn -0.0912 -0.2654 0.9598
vn -0.1155 -0.3392 0.9336
vn -0.1399 -0.3507 0.9260
vn -0.2380 0.4018 0.8842
vn 0.0173 -0.0245 0.9995
vn 0.2262 0.4001 0.8881
vn 0.1611 -0.2533 0.9539
vn 0.2144 0.1780 0.9604
vn -0.2250 0.0976 0.9695
vn 0.3577 0.5525 -0.7529
vn 0.1110 0.7952 -0.5961
vn 0.9260 0.3616 -0.1085
vn -0.6565 0.0058 -0.7543
vn 0.4039 0.1221 -0.9066
vn 0.9975 0.0338 -0.0616
vn 0.7077 0.1022 0.6991
vn 0.7415 -0.1516 0.6537
vn 0.9202 -0.1725 0.3515
vn 0.4667 0.8651 -0.1839
vn 0.8768 -0.4501 -0.1692
vn 0.5154 0.8552 0.0544
vn 0.7780 -0.0347 0.6273
vn -0.7761 0.3575 0.5195
vn -0.7609 0.5959 0.2568
vn -0.8367 0.4693 -0.2823
vn -0.6226 0.4322 -0.6524
vn -0.9660 -0.2091 0.1523
vn -0.4147 -0.4940 -0.7642
vn 0.4288 -0.3231 -0.8436
vn 0.1351 0.2513 -0.9584
vn 0.9190 0.3647 -0.1496
vn 0.0916 0.6352 0.7669
vn 0.1663 -0.0941 0.9816
vn -0.4209 -0.0810 0.9035
vn -0.8989 0.2049 0.3874
vn -0.3913 0.0976 0.9151
vn -0.3286 -0.9041 0.2732
vn -0.8520 -0.3859 -0.3538
vn -0.7295 0.5154 0.4497
vn -0.1041 -0.2713 0.9568
vn -0.3138 -0.2748 -0.9088
vn -0.5369 -0.8436 -0.0130
vn -0.7971 -0.3318 -0.5046
vn -0.4118 -0.8667 -0.2814
vn 0.1294 -0.6631 0.7373
vn 0.0267 0.5232 0.8518
vn 0.0680 -0.1863 0.9801
vn 0.0330 0.8936 0.4477
vn 0.8350 -0.5479 -0.0513
vn 0.9735 -0.2136 0.0819
vn 0.1128 -0.2964 0.9484
vn -0.0087 0.2122 0.9772
vn -0.5797 -0.8064 0.1169
vn -0.6369 -0.7280 0.2536
vn -0.2321 -0.5699 0.7882
vn 0.7073 -0.3767 0.5982
vn 0.9598 0.0379 0.2781
vn 0.5501 -0.6184 0.5612
vn 0.9853 0.0894 -0.1456
vn 0.5429 0.6014 -0.5862
vn 0.2905 0.3587 -0.8871
vn -0.6420 0.0986 -0.7604
vn -0.7540 0.4211 -0.5041
vn -0.8931 -0.0705 0.4443
vn -0.9071 -0.3449 0.2415
vn -0.2753 -0.5475 0.7903
vn -0.1956 -0.4814 0.8544
vn 0.3143 0.7837 -0.5358
vn 0.9602 0.2642 0.0911
vn -0.8981 -0.0342 -0.4384
vn 0.3860 0.7064 -0.5933
vn 0.9797 0.1404 0.1431
vn 0.6049 -0.1466 0.7827
vn 0.6164 -0.4073 0.6739
vn -0.0057 0.1768 0.9842
vn 0.5746 0.5504 0.6057
vn -0.7635 0.4814 0.4304
vn 0.6266 -0.1295 0.7685
vn -0.5938 -0.0676 0.8018
vn 0.9127 -0.0958 0.3972
vn 0.5943 0.6745 -0.4380
vn -0.4087 0.7503 -0.5195
vn -0.2915 0.5497 -0.7829
vn -0.9229 -0.3539 0.1514
vn -0.8657 0.2291 -0.4451
vn -0.8424 -0.3875 0.3746
vn -0.1588 -0.7580 0.6326
vn -0.9630 0.2225 -0.1524
vn -0.4076 0.6859 -0.6028
vn -0.2024 0.8237 -0.5296
vn 0.2995 0.9191 -0.2562
vn -0.0371 0.8649 0.5005
vn 0.6367 0.7459 0.1956
vn -0.0215 0.6961 0.7176
vn 0.5908 0.7754 0.2230
vn 0.5205 0.2772 -0.8076
vn -0.8462 0.4758 -0.2399
vn -0.8059 -0.3669 0.4647
vn -0.7513 -0.5993 0.2763
vn -0.8844 -0.2245 -0.4092
vn -0.2548 -0.7206 0.6449
vn 0.0075 -0.7472 -0.6646
vn -0.1214 -0.6081 -0.7845
vn -0.6802 -0.2598 -0.6855
vn -0.4437 -0.8899 -0.1056
vn -0.7999 -0.5727 0.1794
vn -0.3901 0.8940 0.2203
vn 0.5339 0.5635 -0.6304
vn -0.0573 0.7326 -0.6783
vn 0.3947 0.8941 0.2116
vn 0.0009 0.5605 0.8281
vn 0.5097 0.7229 0.4665
vn -0.0095 0.5326 0.8463
vn -0.4278 -0.4680 0.7732
vn -0.4181 -0.1168 0.9009
vn -0.3070 -0.9336 0.1847
vn -0.6620 -0.7490 -0.0279
vn -0.2472 -0.6330 -0.7336
vn -0.6420 0.4301 0.6347
vn -0.6757 -0.2456 0.6951
vn 0.3725 -0.3586 -0.8559
vn 0.2554 -0.3394 -0.9053
vn 0.8162 0.3578 -0.4536
vn 0.8601 0.3131 -0.4027
vn 0.3694 -0.3606 -0.8565
vn -0.0264 -0.8104 -0.5854
vn -0.1397 -0.9700 -0.1989
vn -0.7186 -0.1927 -0.6682
vn -0.0560 -0.2334 -0.9708
vn 0.6446 -0.2405 -0.7257
vn 0.6624 -0.3395 -0.6678
vn 0.5626 0.4633 -0.6847
vn 0.9188 0.0650 -0.3894
vn 0.6237 -0.5151 0.5879
vn 0.8084 -0.4521 0.3770
vn 0.5194 -0.6972 -0.4941
vn 0.5918 -0.7798 -0.2040
vn 0.6493 -0.4510 0.6124
vn 0.8924 -0.4478 0.0560
vn 0.8400 -0.5301 -0.1157
vn 0.5830 -0.1940 -0.7890
vn 0.7310 0.2062 -0.6504
vn 0.9198 0.3916 -0.0237
vn 0.6016 0.7188 0.3485
vn 0.5182 0.7116 0.4744
vn 0.7833 0.3286 0.5276
vn 0.9377 -0.2764 0.2106
vn 0.7554 0.3813 0.5329
vn 0.9722 0.1004 0.2116
vn 0.8168 -0.5697 -0.0913
vn 0.6337 -0.3906 -0.6677
vn 0.9552 0.2940 -0.0352
vn 0.5072 0.6968 0.5071
vn 0.9642 0.2181 -0.1511
vn 0.6881 -0.2620 -0.6766
vn 0.7809 -0.1559 -0.6049
vn 0.7888 -0.2875 -0.5432
vn -0.0377 -0.5404 -0.8406
vn -0.4093 -0.5345 0.7394
vn 0.6511 -0.6827 0.3317
vn 0.1371 -0.8470 0.5136
vn 0.8071 -0.5523 0.2085
vn 0.9552 -0.1964 -0.2213
vn 0.7235 0.4650 -0.5102
vn 0.4723 0.7522 -0.4594
vn -0.2270 0.9572 0.1793
vn -0.1089 0.8851 0.4524
vn 0.2756 -0.1587 0.9481
vn 0.2076 0.5531 0.8069
vn -0.1569 0.9870 0.0359
vn -0.0453 0.9179 0.3942
vn 0.2480 0.4033 0.8808
vn 0.3378 0.8443 -0.4161
vn -0.3144 0.9154 -0.2515
vn -0.1230 0.6465 -0.7530
vn 0.5530 0.6505 -0.5206
vn 0.3583 0.9303 0.0783
vn 0.8311 0.0944 -0.5481
vn 0.8663 0.2661 -0.4227
vn -0.3670 -0.6291 0.6853
vn 0.6628 -0.5411 0.5176
vn 0.9104 0.1454 -0.3874
vn -0.0672 0.4836 -0.8727
vn 0.2780 0.1268 -0.9522
vn 0.1810 -0.2811 -0.9424
vn 0.0568 0.2916 -0.9548
vn -0.2884 0.6035 -0.7434
vn -0.4394 0.6537 -0.6161
vn -0.4913 -0.5766 0.6528
vn -0.5605 0.1632 0.8119
vn -0.7272 -0.3215 0.6065
vn -0.8557 0.5172 -0.0174
vn -0.9935 0.0178 0.1121
vn -0.8490 -0.5280 -0.0200
vn -0.9566 0.2750 -0.0969
vn -0.6585 -0.6986 0.2797
vn -0.4917 -0.8455 0.2083
vn -0.5575 -0.7230 -0.4079
vn -0.4764 -0.4710 -0.7424
vn -0.6664 0.0515 -0.7438
vn -0.5697 0.1915 -0.7992
vn -0.8530 -0.5159 0.0788
vn -0.6363 0.3744 -0.6745
vn -0.8699 -0.4909 0.0477
vn -0.8649 -0.2490 0.4358
vn 0.3034 -0.8794 0.3670
vn 0.0055 0.3185 0.9479
vn -0.7894 -0.5200 -0.3261
vn -0.3786 0.8731 0.3071
vn -0.1035 0.7664 0.6340
vn 0.1587 0.6368 0.7545
vn -0.0728 0.9399 0.3337
vn -0.1355 0.8335 0.5356
vn -0.0089 0.4426 0.8967
vn 0.0852 0.5398 0.8375
vn 0.9666 0.2556 0.0172
vn 0.8503 -0.0361 -0.5251
vn 0.9206 0.3025 0.2469
vn -0.0755 0.4121 0.9080
vn -0.9129 -0.2908 0.2866
vn -0.4402 0.3253 0.8369
vn -0.6052 0.4611 0.6489
vn -0.9240 -0.1623 0.3463
vn -0.6138 0.3731 0.6958
vn -0.9041 -0.2326 0.3585
vn -0.5677 0.3964 0.7215
vn -0.8956 -0.2785 0.3468
vn -0.7663 -0.5818 -0.2727
vn -0.6992 -0.6334 -0.3316
vn -0.6794 -0.7007 -0.2177
vn -0.7586 0.6445 0.0955
vn -0.9292 -0.0758 0.3617
vn -0.0052 -0.0070 -1.0000
vn -0.2849 0.0727 -0.9558
vn -0.0817 0.0649 -0.9945
vn -0.5355 0.2052 -0.8192
vn -0.4577 0.1876 -0.8691
vn -0.3577 0.5525 -0.7529
vn -0.9260 0.3616 -0.1085
vn -0.1110 0.7952 -0.5961
vn 0.6565 0.0058 -0.7543
vn -0.4040 0.1221 -0.9066
vn -0.9975 0.0338 -0.0616
vn -0.7077 0.1022 0.6991
vn -0.7415 -0.1516 0.6537
vn -0.9202 -0.1725 0.3515
vn -0.4667 0.8651 -0.1839
vn -0.8768 -0.4501 -0.1692
vn -0.5154 0.8552 0.0544
vn -0.7780 -0.0347 0.6273
vn 0.7761 0.3575 0.5195
vn 0.7609 0.5959 0.2568
vn 0.8367 0.4693 -0.2823
vn 0.6226 0.4322 -0.6524
vn 0.9660 -0.2091 0.1523
vn 0.4147 -0.4940 -0.7642
vn -0.4288 -0.3231 -0.8436
vn -0.1351 0.2513 -0.9584
vn -0.9190 0.3647 -0.1496
vn -0.0916 0.6352 0.7669
vn -0.1663 -0.0941 0.9816
vn 0.8989 0.2049 0.3874
vn 0.4209 -0.0810 0.9035
vn 0.3913 0.0976 0.9151
vn 0.3286 -0.9041 0.2732
vn 0.8520 -0.3859 -0.3538
vn 0.7295 0.5154 0.4497
vn 0.1042 -0.2713 0.9568
vn 0.3138 -0.2748 -0.9088
vn 0.7971 -0.3318 -0.5046
vn 0.5369 -0.8436 -0.0130
vn 0.4118 -0.8667 -0.2814
vn -0.1294 -0.6631 0.7373
vn -0.0267 0.5232 0.8518
vn -0.0680 -0.1863 0.9801
vn -0.0330 0.8936 0.4477
vn -0.9735 -0.2137 0.0820
vn -0.8350 -0.5479 -0.0513
vn -0.1128 -0.2964 0.9484
vn 0.0087 0.2122 0.9772
vn 0.5797 -0.8064 0.1169
vn 0.6369 -0.7280 0.2536
vn 0.2321 -0.5699 0.7882
vn -0.7073 -0.3767 0.5982
vn -0.9598 0.0379 0.2781
vn -0.5501 -0.6184 0.5612
vn -0.9853 0.0894 -0.1456
vn -0.5429 0.6014 -0.5862
vn -0.2905 0.3587 -0.8871
vn 0.6420 0.0986 -0.7604
vn 0.7540 0.4211 -0.5041
vn 0.8931 -0.0705 0.4443
vn 0.9071 -0.3449 0.2415
vn 0.2753 -0.5475 0.7903
vn 0.1956 -0.4814 0.8544
vn -0.3143 0.7837 -0.5358
vn -0.9602 0.2642 0.0911
vn 0.8981 -0.0342 -0.4384
vn -0.3860 0.7064 -0.5933
vn -0.9797 0.1404 0.1431
vn -0.6049 -0.1466 0.7827
vn -0.6164 -0.4073 0.6739
vn 0.0057 0.1768 0.9842
vn 0.7635 0.4814 0.4304
vn -0.5746 0.5504 0.6057
vn -0.6266 -0.1295 0.7685
vn 0.5938 -0.0676 0.8018
vn -0.9127 -0.0958 0.3972
vn -0.5943 0.6745 -0.4380
vn 0.4087 0.7503 -0.5195
vn 0.2915 0.5497 -0.7829
vn 0.9229 -0.3539 0.1514
vn 0.8424 -0.3875 0.3746
vn 0.8657 0.2291 -0.4451
vn 0.1588 -0.7580 0.6326
vn 0.9630 0.2225 -0.1524
vn 0.4076 0.6859 -0.6028
vn 0.2025 0.8237 -0.5297
vn -0.2995 0.9191 -0.2562
vn 0.0371 0.8650 0.5005
vn -0.6367 0.7459 0.1956
vn 0.0215 0.6961 0.7176
vn -0.5908 0.7754 0.2230
vn -0.5205 0.2772 -0.8076
vn 0.8462 0.4758 -0.2399
vn 0.8059 -0.3669 0.4647
vn 0.7513 -0.5993 0.2764
vn 0.8844 -0.2245 -0.4092
vn 0.2548 -0.7206 0.6449
vn -0.0075 -0.7472 -0.6646
vn 0.1214 -0.6081 -0.7845
vn 0.6802 -0.2598 -0.6855
vn 0.4437 -0.8899 -0.1056
vn 0.7999 -0.5726 0.1794
vn 0.3901 0.8940 0.2203
vn 0.0573 0.7326 -0.6783
vn -0.5339 0.5635 -0.6304
vn -0.3947 0.8941 0.2116
vn -0.0009 0.5605 0.8281
vn -0.5097 0.7229 0.4665
vn 0.0095 0.5326 0.8463
vn 0.4279 -0.4680 0.7732
vn 0.4181 -0.1168 0.9009
vn 0.3070 -0.9336 0.1847
vn 0.6620 -0.7490 -0.0279
vn 0.2472 -0.6330 -0.7336
vn 0.6420 0.4301 0.6347
vn 0.6757 -0.2456 0.6951
vn -0.2554 -0.3394 -0.9053
vn -0.3725 -0.3586 -0.8559
vn -0.8162 0.3578 -0.4536
vn -0.8601 0.3131 -0.4027
vn -0.3694 -0.3606 -0.8565
vn 0.0264 -0.8103 -0.5854
vn 0.1397 -0.9700 -0.1989
vn 0.7186 -0.1927 -0.6682
vn 0.0560 -0.2334 -0.9708
vn -0.6446 -0.2405 -0.7257
vn -0.6624 -0.3395 -0.6678
vn -0.5626 0.4633 -0.6847
vn -0.9188 0.0650 -0.3894
vn -0.6237 -0.5151 0.5879
vn -0.8084 -0.4521 0.3770
vn -0.5194 -0.6972 -0.4941
vn -0.5918 -0.7798 -0.2040
vn -0.6493 -0.4510 0.6124
vn -0.8924 -0.4478 0.0560
vn -0.8400 -0.5301 -0.1157
vn -0.5830 -0.1940 -0.7890
vn -0.7310 0.2062 -0.6504
vn -0.9198 0.3916 -0.0237
vn -0.5182 0.7116 0.4744
vn -0.6016 0.7188 0.3485
vn -0.7833 0.3286 0.5276
vn -0.9377 -0.2764 0.2106
vn -0.7554 0.3813 0.5329
vn -0.9722 0.1004 0.2116
vn -0.8168 -0.5697 -0.0913
vn -0.6337 -0.3906 -0.6677
vn -0.9552 0.2940 -0.0352
vn -0.5072 0.6968 0.5071
vn -0.9642 0.2181 -0.1511
vn -0.6881 -0.2620 -0.6766
vn -0.7809 -0.1559 -0.6049
vn -0.7888 -0.2875 -0.5432
vn 0.0377 -0.5404 -0.8406
vn 0.4093 -0.5345 0.7394
vn -0.1371 -0.8470 0.5136
vn -0.6511 -0.6827 0.3317
vn -0.8071 -0.5523 0.2085
vn -0.9552 -0.1964 -0.2213
vn -0.7235 0.4650 -0.5102
vn -0.4723 0.7522 -0.4594
vn 0.2270 0.9572 0.1793
vn 0.1089 0.8851 0.4524
vn -0.2755 -0.1587 0.9481
vn -0.2076 0.5531 0.8069
vn 0.1569 0.9870 0.0359
vn 0.0453 0.9179 0.3942
vn -0.2480 0.4033 0.8808
vn -0.3378 0.8443 -0.4161
vn 0.3144 0.9154 -0.2515
vn 0.1230 0.6465 -0.7530
vn -0.3583 0.9303 0.0783
vn -0.5530 0.6505 -0.5206
vn -0.8311 0.0944 -0.5481
vn -0.8663 0.2661 -0.4227
vn 0.3670 -0.6291 0.6853
vn -0.6628 -0.5411 0.5176
vn -0.9104 0.1455 -0.3874
vn 0.0672 0.4836 -0.8727
vn -0.2780 0.1268 -0.9522
vn -0.1810 -0.2811 -0.9424
vn -0.0568 0.2916 -0.9548
vn 0.2884 0.6035 -0.7434
vn 0.4394 0.6537 -0.6161
vn 0.4913 -0.5766 0.6528
vn 0.7272 -0.3215 0.6065
vn 0.5605 0.1632 0.8119
vn 0.8557 0.5172 -0.0174
vn 0.9935 0.0178 0.1121
vn 0.8490 -0.5280 -0.0200
vn 0.9566 0.2750 -0.0969
vn 0.6585 -0.6986 0.2797
vn 0.4917 -0.8455 0.2083
vn 0.5575 -0.7230 -0.4079
vn 0.4764 -0.4710 -0.7424
vn 0.6664 0.0515 -0.7438
vn 0.5697 0.1915 -0.7992
vn 0.8530 -0.5159 0.0788
vn 0.6363 0.3744 -0.6745
vn 0.8699 -0.4909 0.0477
vn 0.8649 -0.2490 0.4358
vn -0.0055 0.3185 0.9479
vn -0.3034 -0.8794 0.3670
vn 0.7894 -0.5200 -0.3261
vn 0.3786 0.8731 0.3071
vn 0.1035 0.7664 0.6340
vn -0.1587 0.6368 0.7545
vn 0.0728 0.9399 0.3337
vn 0.1355 0.8335 0.5356
vn 0.0089 0.4427 0.8966
vn -0.0852 0.5398 0.8375
vn -0.9666 0.2556 0.0172
vn -0.8503 -0.0361 -0.5251
vn -0.9206 0.3025 0.2469
vn 0.0755 0.4121 0.9080
vn 0.9129 -0.2908 0.2866
vn 0.4402 0.3253 0.8369
vn 0.6052 0.4611 0.6489
vn 0.9240 -0.1623 0.3463
vn 0.6138 0.3731 0.6958
vn 0.9041 -0.2326 0.3585
vn 0.5677 0.3964 0.7215
vn 0.8956 -0.2785 0.3468
vn 0.7663 -0.5818 -0.2727
vn 0.6992 -0.6334 -0.3316
vn 0.6794 -0.7007 -0.2177
vn 0.7586 0.6445 0.0955
vn 0.9292 -0.0758 0.3617
vn 0.0052 -0.0070 -1.0000
vn 0.2849 0.0727 -0.9558
vn 0.0817 0.0649 -0.9945
vn 0.5355 0.2052 -0.8192
vn 0.4577 0.1876 -0.8691
vn -0.9378 -0.3380 -0.0795
vn -0.4355 -0.8819 0.1807
vn -0.7189 -0.6899 0.0852
vn -0.8894 0.1536 -0.4305
vn -0.9326 0.3250 -0.1571
vn 0.8380 0.5419 -0.0643
vn 0.8192 0.5563 -0.1395
vn 0.8159 0.3990 0.4184
vn -0.0410 0.9501 0.3091
vn 0.3284 0.9020 -0.2802
vn -0.5630 0.7289 -0.3894
vn 0.7782 0.3240 0.5379
vn 0.0432 0.5306 0.8465
vn 0.6881 0.4411 0.5761
vn 0.8495 0.2466 0.4665
vn 0.9289 -0.3002 0.2167
vn 0.6866 0.4311 0.5854
vn 0.0137 0.6433 0.7655
vn 0.7150 0.3173 0.6230
vn -0.1370 0.5774 0.8049
vn -0.8446 0.3358 0.4170
vn -0.7124 0.5096 0.4825
vn -0.7988 0.5155 0.3103
vn -0.7689 0.6300 -0.1090
vn -0.9078 0.0248 -0.4187
vn -0.8679 0.2141 0.4482
vn -0.7400 0.6307 -0.2336
vn -0.6380 0.5030 -0.5830
vn -0.4957 0.2821 -0.8214
vn -0.8546 -0.3682 -0.3663
vn -0.5769 0.0983 -0.8109
vn -0.7429 0.5903 -0.3157
vn -0.9572 0.2890 0.0130
vn -0.7621 0.6217 0.1807
vn -0.8182 0.5060 0.2729
vn -0.0559 0.7259 -0.6856
vn -0.2977 0.9544 0.0222
vn 0.7145 -0.0792 0.6952
vn -0.4823 0.1911 0.8549
vn 0.9080 0.4166 0.0435
vn 0.9183 0.0010 0.3959
vn 0.9570 0.1316 0.2585
vn 0.8481 0.5177 -0.1128
vn -0.8878 -0.4417 -0.1291
vn -0.8571 -0.4849 -0.1738
vn -0.9527 0.1657 0.2549
vn -0.8228 0.4301 0.3715
vn -0.6795 0.5514 0.4840
vn -0.0025 0.6885 0.7252
vn 0.6178 0.4634 0.6353
vn 0.7949 0.3233 0.5134
vn -0.8815 -0.4393 -0.1730
vn -0.9256 0.2438 0.2895
vn -0.9015 -0.4022 -0.1600
vn -0.8895 -0.4238 -0.1710
vn -0.9333 0.2819 0.2225
vn -0.8842 -0.4153 -0.2140
vn -0.8724 0.4031 0.2766
vn -0.6331 0.5635 0.5307
vn -0.0039 0.6542 0.7563
vn 0.5674 0.5159 0.6418
vn -0.0053 0.6813 0.7320
vn 0.5478 0.5401 0.6389
vn 0.7977 0.3540 0.4881
vn 0.9505 -0.1488 0.2729
vn 0.8904 -0.4522 0.0517
vn 0.9251 0.1787 0.3350
vn 0.8858 -0.4632 -0.0276
vn 0.9104 0.1405 0.3891
vn 0.7021 -0.7072 -0.0829
vn 0.8784 -0.4753 0.0495
vn -0.6132 0.5783 0.5382
vn -0.8882 0.3551 0.2915
vn -0.5623 0.6061 0.5626
vn -0.8912 -0.4082 -0.1981
vn -0.9875 -0.1317 0.0871
vn -0.6122 0.5921 0.5241
vn -0.0163 0.6723 0.7401
vn 0.5096 0.5051 0.6966
vn 0.0023 0.6080 0.7939
vn 0.8122 -0.3106 0.4939
vn 0.2512 -0.1096 0.9617
vn -0.2869 -0.1359 0.9483
vn 0.3023 -0.9142 0.2700
vn -0.3560 -0.9011 0.2475
vn -0.5897 0.2594 0.7649
vn -0.9224 -0.3325 0.1963
vn 0.7956 0.3137 -0.5183
vn 0.9014 -0.1402 -0.4096
vn 0.8136 0.5465 -0.1985
vn 0.9548 -0.0778 -0.2869
vn 0.5931 0.0926 -0.7998
vn 0.5306 -0.0037 -0.8476
vn 0.7594 0.4354 0.4834
vn 0.7287 0.3142 0.6085
vn 0.8907 -0.4515 0.0537
vn 0.9484 -0.2975 0.1094
vn -0.0366 -0.7136 -0.6996
vn 0.5124 -0.7820 -0.3549
vn 0.8897 -0.3557 -0.2863
vn -0.1265 -0.2751 -0.9531
vn 0.1276 -0.8775 -0.4623
vn -0.0558 -0.9418 -0.3315
vn 0.1482 -0.7879 0.5977
vn -0.5435 -0.7028 -0.4590
vn -0.9112 -0.3447 -0.2257
vn -0.3006 -0.8843 0.3572
vn -0.8300 -0.5569 0.0300
vn -0.3404 -0.7119 -0.6143
vn -0.9631 -0.2404 -0.1208
vn -0.9825 0.0302 -0.1840
vn -0.9541 -0.1416 -0.2640
vn -0.9609 -0.1476 -0.2343
vn -0.9907 -0.1047 -0.0866
vn -0.9823 -0.1578 -0.1012
vn -0.9855 -0.1651 0.0390
vn -0.8291 -0.5586 0.0242
vn -0.7164 -0.5600 -0.4162
vn -0.8935 -0.1786 -0.4120
vn -0.2127 -0.3939 -0.8942
vn -0.9858 0.0970 -0.1372
vn -0.9942 0.1004 -0.0397
vn -0.9286 0.2405 0.2827
vn -0.8026 0.1315 0.5819
vn -0.5903 0.1115 0.7995
vn -0.7461 0.4806 0.4609
vn -0.9651 0.1655 0.2031
vn -0.7634 0.5966 0.2477
vn -0.6622 0.6926 0.2861
vn -0.3566 0.8458 -0.3968
vn -0.4577 0.5371 0.7086
vn 0.1478 0.8670 0.4760
vn -0.1845 0.0148 0.9827
vn -0.8044 -0.2299 0.5478
vn 0.0715 -0.4355 0.8973
vn -0.9318 0.3628 0.0085
vn -0.8955 0.4428 -0.0453
vn -0.8103 0.5687 -0.1416
vn -0.9550 0.2667 -0.1294
vn -0.9566 0.2789 0.0847
vn -0.7689 0.6389 -0.0249
vn -0.9996 0.0100 -0.0259
vn -0.8868 0.1436 -0.4392
vn -0.9768 0.1307 -0.1695
vn -0.8304 0.5295 -0.1735
vn 0.0397 0.2078 0.9774
vn -0.0910 0.7145 0.6937
vn 0.0487 0.9015 0.4301
vn 0.0065 0.9978 0.0661
vn -0.5668 0.8193 -0.0862
vn -0.7456 0.6658 -0.0290
vn -0.8531 -0.1927 0.4848
vn -0.8716 0.3984 0.2857
vn -0.1624 -0.2918 0.9426
vn -0.5534 0.4212 0.7186
vn 0.0867 0.4628 0.8822
vn -0.1274 0.9918 -0.0131
vn 0.0015 0.9979 -0.0648
vn -0.0391 0.8368 0.5460
vn -0.4941 0.8220 0.2830
vn 0.0494 0.9605 0.2738
vn -0.8355 0.3241 0.4437
vn -0.9510 0.3084 0.0244
vn -0.7763 0.5064 0.3754
vn -0.3755 0.7438 0.5530
vn -0.6137 0.6434 0.4576
vn 0.1118 0.8453 0.5224
vn -0.9534 0.2729 0.1286
vn -0.5655 0.7704 0.2942
vn -0.4567 0.8710 -0.1812
vn 0.2180 0.9737 0.0660
vn -0.1065 0.9777 0.1812
vn -0.5625 0.7176 0.4106
vn 0.2658 0.8725 0.4100
vn -0.4464 0.8897 0.0961
vn -0.4091 0.9067 0.1026
vn 0.4695 0.7043 0.5325
vn 0.5087 0.8235 0.2513
vn 0.7817 0.4641 0.4166
vn 0.7949 0.5677 0.2142
vn 0.8409 0.3791 0.3863
vn 0.9455 0.3102 0.0986
vn 0.8497 0.4848 0.2075
vn 0.5093 0.8310 0.2239
vn 0.8702 0.4155 0.2650
vn 0.6894 0.7147 0.1175
vn 0.1287 0.9765 0.1727
vn 0.5279 0.8482 -0.0438
vn 0.8685 0.4634 0.1759
vn 0.9465 0.1495 0.2858
vn 0.8366 0.4972 0.2300
vn 0.9037 0.4274 0.0253
vn 0.7827 0.0921 0.6156
vn 0.8511 0.0624 0.5213
vn 0.9510 0.0640 0.3023
vn 0.5304 0.8303 0.1710
vn 0.4826 0.0534 0.8742
vn 0.7454 0.2232 0.6281
vn 0.8222 0.4482 0.3509
vn 0.9610 0.0164 0.2762
vn 0.9841 -0.1680 0.0581
vn 0.9519 -0.3024 0.0489
vn 0.7904 -0.4851 0.3742
vn 0.9589 -0.2821 0.0309
vn 0.8451 -0.2238 0.4855
vn 0.9740 -0.2043 0.0982
vn 0.9469 -0.1639 0.2767
vn 0.6829 -0.3122 -0.6604
vn 0.6388 -0.4321 -0.6366
vn 0.7232 -0.6396 -0.2607
vn 0.1976 -0.6967 -0.6897
vn 0.1952 -0.8787 -0.4356
vn 0.0554 -0.9139 0.4022
vn 0.7926 -0.6075 -0.0517
vn 0.5100 -0.5718 -0.6427
vn 0.9501 -0.0941 0.2974
vn 0.8978 -0.0640 0.4358
vn 0.8270 0.5104 0.2356
vn 0.7980 0.2313 0.5565
vn 0.4991 -0.3262 0.8028
vn -0.0132 -0.9361 -0.3515
vn 0.8375 -0.5458 0.0282
vn 0.1134 -0.9794 0.1671
vn 0.2981 -0.7264 0.6192
vn 0.6990 -0.6832 0.2113
vn 0.0562 -0.9129 0.4044
vn 0.6076 -0.7892 0.0891
vn -0.8249 -0.5618 0.0634
vn -0.6757 -0.7092 0.2013
vn -0.3091 -0.9491 0.0610
vn -0.5575 -0.5058 -0.6583
vn 0.4891 -0.8214 -0.2933
vn 0.5196 -0.4709 -0.7129
vn 0.6758 -0.2843 -0.6800
vn 0.9725 -0.1147 -0.2028
vn 0.9657 -0.2279 -0.1244
vn 0.9697 0.0514 -0.2386
vn 0.9795 -0.0161 -0.2008
vn -0.2701 -0.6144 0.7413
vn 0.9843 0.1679 -0.0551
vn 0.9307 -0.3320 -0.1534
vn 0.9895 -0.0820 0.1193
vn 0.9859 -0.0659 0.1539
vn 0.9979 0.0594 -0.0267
vn 0.9537 0.1782 -0.2424
vn 0.9940 0.0673 -0.0857
vn 0.7457 0.1246 -0.6545
vn 0.9305 0.1928 -0.3115
vn 0.9898 -0.0031 0.1425
vn 0.9652 -0.1699 0.1986
vn 0.9369 -0.3106 0.1605
vn 0.9918 -0.1169 -0.0506
vn 0.6860 -0.7096 -0.1606
vn 0.9976 0.0284 0.0632
vn 0.7924 0.4562 -0.4049
vn 0.8339 -0.0378 -0.5506
vn 0.8025 -0.4056 -0.4376
vn 0.9991 -0.0411 -0.0082
vn 0.1598 0.7807 0.6041
vn 0.8857 0.3768 0.2713
vn -0.5889 -0.5247 0.6147
vn -0.8217 0.4484 0.3517
vn 0.7194 -0.3550 0.5971
vn -0.8270 -0.3896 -0.4053
vn 0.0311 -0.9520 -0.3044
vn -0.0709 0.0562 -0.9959
vn -0.0284 0.9621 -0.2711
vn 0.9595 -0.2254 0.1691
vn 0.9072 -0.3944 0.1467
vn 0.9629 -0.2475 0.1075
vn 0.6840 -0.5223 -0.5093
vn 0.8527 -0.4889 -0.1839
vn 0.6750 0.0042 0.7378
vn -0.0735 -0.9941 0.0797
vn -0.4938 -0.2036 0.8454
vn 0.1184 0.9849 -0.1266
vn -0.9097 0.3027 -0.2844
vn -0.1221 -0.2003 -0.9721
vn -0.0266 -0.7714 -0.6358
vn -0.6002 -0.5230 -0.6052
vn -0.8322 -0.0254 -0.5539
vn -0.8995 -0.4369 -0.0067
vn 0.9852 -0.1712 0.0005
vn 0.9924 -0.1169 0.0380
vn 0.9648 -0.2623 0.0170
vn 0.2801 -0.7138 -0.6418
vn 0.9881 0.0623 0.1408
vn 0.9971 0.0767 -0.0001
vn 0.9832 -0.1795 0.0339
vn 0.7413 -0.6062 -0.2882
vn 0.1883 -0.9054 -0.3804
vn -0.6908 -0.5035 -0.5190
vn 0.0542 -0.7933 -0.6065
vn -0.8546 -0.2731 -0.4416
vn -0.2249 -0.5889 -0.7763
vn 0.0181 -0.4008 -0.9160
vn -0.3797 0.4552 -0.8054
vn -0.7425 0.3154 -0.5910
vn -0.4666 0.4463 -0.7636
vn 0.1045 0.6063 -0.7884
vn 0.1379 0.3668 -0.9200
vn -0.1777 -0.0174 -0.9839
vn -0.6362 0.0626 -0.7690
vn 0.3992 -0.1196 -0.9090
vn 0.1698 -0.6434 -0.7464
vn -0.5284 -0.4004 -0.7486
vn 0.9342 0.2062 -0.2910
vn 0.8119 -0.3607 -0.4591
vn 0.6226 0.4019 -0.6714
vn 0.9048 0.3206 -0.2803
vn 0.9004 0.4321 -0.0501
vn 0.7096 0.5063 -0.4901
vn 0.7883 0.5999 -0.1367
vn 0.6397 0.7196 0.2701
vn 0.6843 0.5658 -0.4599
vn 0.1049 -0.6399 -0.7612
vn 0.5589 -0.7891 -0.2550
vn 0.9104 -0.3760 -0.1726
vn 0.2033 -0.8584 -0.4709
vn -0.0127 -0.9903 -0.1384
vn -0.5865 -0.7018 -0.4044
vn -0.9066 -0.4109 -0.0967
vn -0.5613 -0.1312 -0.8172
vn 0.0910 -0.6895 0.7185
vn -0.1547 -0.9512 0.2671
vn 0.0122 -0.9962 0.0861
vn -0.3973 -0.6373 0.6603
vn 0.8031 -0.5936 -0.0520
vn 0.6221 -0.7298 -0.2834
vn -0.5709 -0.7013 -0.4269
vn -0.9261 -0.3710 -0.0686
vn -0.1087 -0.6040 -0.7896
vn -0.1406 -0.9827 -0.1208
vn 0.7909 -0.4742 -0.3868
vn -0.0285 -0.7430 -0.6687
vn 0.4801 -0.7946 -0.3716
vn 0.8692 -0.4117 -0.2739
vn -0.1013 -0.1973 -0.9751
vn 0.2115 -0.9774 0.0053
vn -0.0457 -0.9790 -0.1989
vn 0.0216 -0.7586 0.6512
vn -0.5217 -0.7290 -0.4431
vn -0.9141 -0.3128 -0.2580
vn -0.4586 -0.6997 -0.5477
vn 0.4396 -0.8265 -0.3517
vn 0.0202 -0.9905 0.1360
vn 0.5492 -0.7362 -0.3955
vn -0.5270 -0.7123 -0.4636
vn 0.4964 -0.7931 -0.3530
vn 0.8315 -0.5478 -0.0922
vn 0.3148 -0.8595 -0.4027
vn 0.3653 -0.8333 -0.4149
vn 0.4386 -0.8232 -0.3606
vn 0.1312 -0.9891 -0.0670
vn 0.5087 -0.7930 -0.3352
vn 0.0704 -0.6822 -0.7278
vn -0.5045 -0.8337 -0.2246
vn -0.6051 -0.7916 0.0844
vn 0.0836 -0.9524 0.2931
vn -0.9441 -0.2236 -0.2422
vn -0.5221 -0.3984 -0.7541
vn -0.5224 -0.0752 -0.8494
vn 0.0964 -0.2924 -0.9514
vn -0.1240 0.3142 -0.9412
vn 0.7228 0.1426 -0.6761
vn 0.9685 -0.1313 -0.2116
vn 0.7404 0.3696 -0.5614
vn 0.6040 -0.1520 -0.7824
vn 0.9229 -0.2613 -0.2827
vn 0.5103 -0.5162 -0.6879
vn 0.6718 -0.7119 0.2047
vn -0.3529 -0.7285 -0.5872
vn -0.3642 -0.5962 -0.7154
vn -0.3056 -0.1865 -0.9337
vn 0.3763 -0.4264 -0.8225
vn 0.4180 -0.7191 -0.5551
vn -0.0232 0.6519 -0.7579
vn 0.9915 -0.1132 -0.0636
vn 0.4052 -0.8617 0.3055
vn -0.3745 -0.7911 -0.4837
vn -0.3364 -0.8108 -0.4789
vn -0.3405 -0.8163 -0.4667
vn -0.4724 -0.7999 -0.3702
vn 0.4435 -0.8449 -0.2990
vn 0.4781 -0.8270 -0.2958
vn 0.9540 -0.2769 -0.1148
vn -0.0927 -0.9957 0.0091
vn 0.1389 -0.4090 -0.9019
vn 0.0472 -0.5132 0.8569
vn -0.9483 -0.2922 -0.1240
vn -0.0412 0.0600 -0.9973
vn -0.8785 -0.0963 -0.4680
vn -0.1834 0.0970 -0.9782
vn 0.0195 -0.9690 -0.2464
vn -0.6044 -0.5019 -0.6187
vn -0.8532 -0.1597 -0.4965
vn -0.8518 -0.4777 0.2150
vn -0.7124 -0.6850 0.1523
vn -0.9339 -0.0887 -0.3463
vn -0.9397 -0.2809 0.1949
vn -0.9657 -0.1910 -0.1756
vn -0.9834 0.1812 -0.0033
vn -0.9507 0.1024 -0.2926
vn -0.0225 -0.3600 0.9327
vn -0.6576 -0.4653 0.5924
vn -0.4253 -0.5348 0.7301
vn 0.5721 -0.0943 0.8148
vn 0.8956 0.2031 0.3959
vn -0.2516 0.3896 0.8859
vn -0.8029 0.1668 0.5723
vn -0.4188 -0.3345 0.8442
vn -0.0022 -0.5527 0.8334
vn 0.0660 -0.1548 0.9857
vn -0.8751 -0.3671 0.3155
vn -0.4151 -0.6833 0.6007
vn -0.6727 -0.7375 0.0605
vn -0.8902 -0.3186 -0.3255
vn -0.8134 -0.2869 -0.5060
vn -0.0508 -0.3763 0.9251
vn -0.4826 -0.6034 0.6349
vn 0.4101 -0.3157 0.8557
vn 0.9846 0.1393 0.1055
vn 0.8236 -0.1415 0.5492
vn 0.9221 0.3444 -0.1766
vn 0.3207 0.5734 -0.7539
vn 0.9748 0.2079 0.0811
vn 0.7831 -0.0230 0.6215
vn 0.8103 0.4267 -0.4017
vn 0.4791 0.4040 -0.7792
vn -0.3102 0.4247 -0.8505
vn -0.1746 0.3972 -0.9010
vn -0.4083 0.2560 -0.8762
vn 0.5183 0.4747 -0.7114
vn 0.4754 0.6268 -0.6174
vn 0.9065 0.4218 -0.0159
vn 0.5820 0.5645 -0.5854
vn 0.7430 -0.0425 0.6680
vn 0.9013 0.1433 0.4088
vn 0.2924 -0.3632 0.8846
vn 0.5873 -0.1619 0.7930
vn -0.1334 -0.5475 0.8261
vn -0.7101 0.2556 -0.6560
vn -0.8594 0.0367 -0.5099
vn -0.8439 -0.0424 -0.5349
vn 0.0509 0.4473 -0.8930
vn -0.4919 0.2776 -0.8252
vn -0.0021 0.5847 -0.8112
vn -0.3034 0.3374 -0.8912
vn 0.0942 0.4863 -0.8687
vn 0.2543 0.5908 -0.7657
vn 0.9042 0.4239 -0.0527
vn 0.6915 0.6307 -0.3522
vn 0.7990 0.5046 0.3271
vn 0.0888 0.7888 0.6082
vn 0.4456 0.2630 0.8557
vn -0.5381 0.0542 -0.8411
vn -0.6267 -0.0504 -0.7776
vn -0.1869 0.2481 -0.9505
vn -0.7042 0.2034 -0.6803
vn -0.7476 0.5936 -0.2980
vn -0.2287 0.5592 -0.7969
vn 0.2946 0.9365 0.1900
vn 0.3997 0.8429 -0.3602
vn -0.2648 0.9217 -0.2833
vn 0.3912 -0.2675 -0.8805
vn -0.3068 -0.2859 -0.9078
vn 0.3493 -0.9368 0.0179
vn -0.4403 -0.8128 -0.3815
vn 0.4077 -0.6378 -0.6535
vn -0.6673 -0.4302 -0.6080
vn 0.9937 -0.0857 0.0726
vn -0.9824 -0.0170 0.1859
vn -0.8571 -0.1506 -0.4926
vn -0.5786 -0.2328 0.7817
vn -0.2328 0.1369 0.9628
vn 0.3746 -0.0925 0.9226
vn 0.9021 0.2285 0.3661
vn 0.6543 -0.7240 -0.2184
vn 0.9449 0.3265 0.0247
vn 0.8727 -0.4450 0.2007
vn -0.0634 0.9879 -0.1418
vn -0.0883 0.8122 0.5767
vn -0.9939 0.1086 -0.0169
vn -0.9853 -0.0795 -0.1515
vn -0.9493 0.2119 -0.2322
vn -0.9228 0.2674 -0.2776
vn -0.9086 0.0945 -0.4068
vn -0.6538 0.5551 -0.5142
vn -0.9165 0.2657 -0.2991
vn -0.9986 -0.0010 -0.0533
vn -0.9841 -0.1741 0.0357
vn -0.9877 -0.1190 0.1017
vn -0.9978 -0.0137 0.0643
vn -0.9694 -0.2161 -0.1162
vn -0.9202 0.2182 -0.3251
vn -0.7610 -0.4284 -0.4872
vn -0.8328 -0.4127 -0.3689
vn -0.9206 -0.2496 -0.3003
vn -0.9252 0.2523 0.2836
vn -0.9141 -0.0221 -0.4049
vn -0.2761 -0.7466 -0.6053
vn -0.7627 -0.4623 -0.4523
vn -0.9313 0.3202 -0.1735
vn -0.9107 0.1400 -0.3886
vn 0.0717 -0.2615 -0.9625
vn 0.9466 -0.1381 -0.2914
vn 0.7404 0.2965 -0.6032
vn 0.7878 -0.5456 -0.2859
vn 0.3328 -0.7667 -0.5489
vn -0.9876 0.0233 -0.1556
vn -0.9830 0.1836 -0.0034
vn -0.9929 0.0874 -0.0802
vn -0.9422 0.3088 -0.1302
vn -0.9827 0.1833 0.0261
vn -0.9894 0.1332 -0.0586
vn -0.9029 -0.0597 -0.4257
vn -0.9923 0.1135 -0.0490
vn -0.9870 0.1263 -0.0997
vn -0.9194 0.3931 0.0133
vn -0.8298 -0.4259 -0.3606
vn -0.9763 0.1901 -0.1033
vn -0.5751 0.7506 0.3253
vn 0.9378 -0.3380 -0.0795
vn 0.7189 -0.6899 0.0852
vn 0.4355 -0.8819 0.1807
vn 0.8894 0.1536 -0.4305
vn 0.9325 0.3251 -0.1571
vn -0.8380 0.5419 -0.0643
vn -0.8159 0.3990 0.4184
vn -0.8192 0.5563 -0.1395
vn 0.0410 0.9502 0.3091
vn 0.5630 0.7289 -0.3894
vn -0.3284 0.9020 -0.2803
vn -0.7783 0.3240 0.5379
vn -0.0432 0.5306 0.8465
vn -0.6881 0.4411 0.5761
vn -0.9289 -0.3002 0.2167
vn -0.8495 0.2466 0.4665
vn -0.6866 0.4311 0.5854
vn -0.0137 0.6433 0.7655
vn -0.7150 0.3173 0.6230
vn 0.1370 0.5774 0.8049
vn 0.7124 0.5096 0.4825
vn 0.8446 0.3358 0.4170
vn 0.7988 0.5155 0.3103
vn 0.7689 0.6300 -0.1090
vn 0.8679 0.2141 0.4482
vn 0.9078 0.0249 -0.4187
vn 0.7400 0.6307 -0.2336
vn 0.6380 0.5030 -0.5830
vn 0.4957 0.2821 -0.8214
vn 0.8546 -0.3681 -0.3663
vn 0.5769 0.0983 -0.8109
vn 0.7429 0.5903 -0.3157
vn 0.9572 0.2890 0.0129
vn 0.8182 0.5060 0.2729
vn 0.7621 0.6217 0.1808
vn 0.0559 0.7259 -0.6855
vn 0.2977 0.9544 0.0222
vn -0.7145 -0.0792 0.6952
vn 0.4823 0.1911 0.8549
vn -0.9183 0.0010 0.3959
vn -0.9080 0.4166 0.0435
vn -0.9570 0.1316 0.2584
vn -0.8481 0.5177 -0.1128
vn 0.8878 -0.4417 -0.1291
vn 0.8571 -0.4849 -0.1738
vn 0.9527 0.1657 0.2549
vn 0.8228 0.4301 0.3715
vn 0.6795 0.5514 0.4840
vn 0.0025 0.6885 0.7252
vn -0.6178 0.4634 0.6353
vn -0.7949 0.3233 0.5134
vn 0.8815 -0.4393 -0.1730
vn 0.9256 0.2438 0.2895
vn 0.9015 -0.4022 -0.1600
vn 0.8895 -0.4238 -0.1710
vn 0.9333 0.2819 0.2225
vn 0.8842 -0.4153 -0.2140
vn 0.8724 0.4031 0.2766
vn 0.6331 0.5635 0.5307
vn 0.0039 0.6542 0.7563
vn -0.5674 0.5159 0.6418
vn 0.0053 0.6813 0.7320
vn -0.5478 0.5401 0.6389
vn -0.7977 0.3540 0.4881
vn -0.9505 -0.1488 0.2729
vn -0.8904 -0.4522 0.0517
vn -0.9251 0.1787 0.3350
vn -0.8858 -0.4633 -0.0276
vn -0.9104 0.1404 0.3891
vn -0.7021 -0.7072 -0.0829
vn -0.8784 -0.4753 0.0495
vn 0.6132 0.5783 0.5382
vn 0.8882 0.3551 0.2915
vn 0.5623 0.6061 0.5626
vn 0.8911 -0.4082 -0.1981
vn 0.9875 -0.1317 0.0871
vn 0.6121 0.5921 0.5241
vn 0.0163 0.6722 0.7401
vn -0.5096 0.5051 0.6966
vn -0.0023 0.6080 0.7939
vn -0.8122 -0.3106 0.4939
vn -0.2512 -0.1096 0.9617
vn 0.2869 -0.1359 0.9483
vn -0.3023 -0.9142 0.2700
vn 0.3560 -0.9011 0.2475
vn 0.5896 0.2594 0.7649
vn 0.9224 -0.3325 0.1963
vn -0.7956 0.3137 -0.5182
vn -0.9014 -0.1402 -0.4096
vn -0.8136 0.5465 -0.1985
vn -0.5931 0.0926 -0.7998
vn -0.9548 -0.0778 -0.2869
vn -0.5306 -0.0037 -0.8476
vn -0.7594 0.4354 0.4835
vn -0.7287 0.3142 0.6085
vn -0.9484 -0.2975 0.1094
vn -0.8907 -0.4515 0.0537
vn 0.0367 -0.7136 -0.6996
vn -0.8897 -0.3557 -0.2863
vn -0.5124 -0.7820 -0.3549
vn 0.1265 -0.2750 -0.9531
vn -0.1276 -0.8775 -0.4623
vn -0.1482 -0.7879 0.5977
vn 0.0558 -0.9418 -0.3315
vn 0.9112 -0.3447 -0.2257
vn 0.5435 -0.7028 -0.4590
vn 0.3006 -0.8843 0.3572
vn 0.3404 -0.7119 -0.6142
vn 0.8300 -0.5569 0.0300
vn 0.9631 -0.2404 -0.1208
vn 0.9541 -0.1416 -0.2640
vn 0.9825 0.0302 -0.1840
vn 0.9907 -0.1047 -0.0866
vn 0.9609 -0.1476 -0.2343
vn 0.9823 -0.1578 -0.1012
vn 0.9855 -0.1651 0.0390
vn 0.8291 -0.5585 0.0243
vn 0.7164 -0.5600 -0.4162
vn 0.8935 -0.1786 -0.4120
vn 0.2127 -0.3939 -0.8942
vn 0.9858 0.0970 -0.1372
vn 0.9942 0.1004 -0.0397
vn 0.9286 0.2405 0.2827
vn 0.8026 0.1315 0.5819
vn 0.7461 0.4806 0.4609
vn 0.5902 0.1115 0.7995
vn 0.9651 0.1655 0.2031
vn 0.7634 0.5966 0.2477
vn 0.3566 0.8458 -0.3968
vn 0.6622 0.6926 0.2861
vn 0.4577 0.5371 0.7085
vn -0.1478 0.8670 0.4760
vn 0.1845 0.0148 0.9827
vn 0.8044 -0.2299 0.5478
vn -0.0715 -0.4355 0.8973
vn 0.9318 0.3628 0.0084
vn 0.8955 0.4428 -0.0453
vn 0.9550 0.2667 -0.1294
vn 0.8103 0.5687 -0.1416
vn 0.9566 0.2789 0.0847
vn 0.9996 0.0100 -0.0259
vn 0.7689 0.6389 -0.0249
vn 0.8868 0.1436 -0.4392
vn 0.9768 0.1307 -0.1695
vn 0.8304 0.5295 -0.1735
vn 0.0910 0.7145 0.6937
vn -0.0397 0.2078 0.9774
vn -0.0065 0.9978 0.0662
vn -0.0487 0.9015 0.4301
vn 0.5668 0.8193 -0.0862
vn 0.7456 0.6658 -0.0290
vn 0.8716 0.3984 0.2857
vn 0.8531 -0.1927 0.4848
vn 0.1624 -0.2917 0.9426
vn 0.5534 0.4213 0.7186
vn -0.0867 0.4628 0.8822
vn 0.1274 0.9918 -0.0131
vn -0.0015 0.9979 -0.0649
vn 0.0392 0.8368 0.5461
vn -0.0494 0.9605 0.2738
vn 0.4941 0.8220 0.2831
vn 0.8355 0.3241 0.4437
vn 0.9510 0.3084 0.0244
vn 0.7763 0.5064 0.3754
vn 0.3755 0.7438 0.5530
vn 0.6137 0.6434 0.4576
vn -0.1118 0.8453 0.5224
vn 0.9534 0.2729 0.1285
vn 0.5656 0.7704 0.2942
vn 0.4567 0.8710 -0.1812
vn -0.2180 0.9737 0.0660
vn 0.1065 0.9777 0.1812
vn 0.5625 0.7176 0.4106
vn -0.2658 0.8725 0.4100
vn 0.4464 0.8897 0.0961
vn 0.4091 0.9067 0.1026
vn -0.4696 0.7043 0.5325
vn -0.5087 0.8234 0.2513
vn -0.7949 0.5677 0.2142
vn -0.7817 0.4641 0.4166
vn -0.8409 0.3791 0.3863
vn -0.9455 0.3102 0.0986
vn -0.8497 0.4848 0.2075
vn -0.5093 0.8310 0.2239
vn -0.8702 0.4155 0.2650
vn -0.6894 0.7147 0.1175
vn -0.1286 0.9765 0.1727
vn -0.5279 0.8482 -0.0438
vn -0.8685 0.4634 0.1759
vn -0.9465 0.1495 0.2858
vn -0.9037 0.4274 0.0253
vn -0.8366 0.4972 0.2300
vn -0.7827 0.0921 0.6156
vn -0.8511 0.0624 0.5213
vn -0.9510 0.0640 0.3023
vn -0.5304 0.8303 0.1710
vn -0.4826 0.0534 0.8742
vn -0.7454 0.2232 0.6281
vn -0.8222 0.4482 0.3509
vn -0.9610 0.0164 0.2762
vn -0.9841 -0.1680 0.0581
vn -0.9519 -0.3024 0.0489
vn -0.9589 -0.2821 0.0309
vn -0.7904 -0.4851 0.3742
vn -0.9740 -0.2043 0.0982
vn -0.8451 -0.2238 0.4855
vn -0.9469 -0.1639 0.2767
vn -0.6829 -0.3122 -0.6604
vn -0.7231 -0.6396 -0.2607
vn -0.6388 -0.4321 -0.6366
vn -0.1976 -0.6967 -0.6897
vn -0.0554 -0.9139 0.4022
vn -0.1952 -0.8787 -0.4356
vn -0.7926 -0.6075 -0.0516
vn -0.5100 -0.5718 -0.6426
vn -0.9501 -0.0941 0.2974
vn -0.8978 -0.0640 0.4358
vn -0.8270 0.5104 0.2356
vn -0.7980 0.2313 0.5565
vn -0.4991 -0.3262 0.8028
vn 0.0132 -0.9361 -0.3515
vn -0.8374 -0.5458 0.0282
vn -0.1134 -0.9794 0.1671
vn -0.2981 -0.7264 0.6193
vn -0.6990 -0.6832 0.2113
vn -0.0562 -0.9129 0.4044
vn -0.6076 -0.7892 0.0891
vn 0.8249 -0.5618 0.0634
vn 0.6757 -0.7092 0.2012
vn 0.3091 -0.9491 0.0610
vn 0.5575 -0.5058 -0.6583
vn -0.4891 -0.8214 -0.2933
vn -0.5196 -0.4710 -0.7129
vn -0.6758 -0.2843 -0.6800
vn -0.9725 -0.1147 -0.2028
vn -0.9657 -0.2279 -0.1244
vn -0.9697 0.0514 -0.2386
vn -0.9795 -0.0161 -0.2008
vn 0.2701 -0.6144 0.7413
vn -0.9307 -0.3320 -0.1534
vn -0.9843 0.1679 -0.0551
vn -0.9895 -0.0820 0.1193
vn -0.9859 -0.0659 0.1539
vn -0.9979 0.0594 -0.0267
vn -0.9537 0.1782 -0.2424
vn -0.9940 0.0673 -0.0857
vn -0.7457 0.1246 -0.6545
vn -0.9305 0.1928 -0.3115
vn -0.9898 -0.0031 0.1425
vn -0.9652 -0.1699 0.1986
vn -0.9369 -0.3106 0.1605
vn -0.9918 -0.1169 -0.0506
vn -0.6860 -0.7096 -0.1606
vn -0.9976 0.0284 0.0632
vn -0.7924 0.4562 -0.4049
vn -0.8339 -0.0378 -0.5506
vn -0.9991 -0.0411 -0.0082
vn -0.8025 -0.4055 -0.4376
vn -0.1598 0.7807 0.6041
vn -0.8857 0.3768 0.2713
vn 0.5889 -0.5247 0.6147
vn 0.8217 0.4485 0.3516
vn -0.7194 -0.3550 0.5971
vn 0.8270 -0.3896 -0.4053
vn -0.0311 -0.9520 -0.3044
vn 0.0709 0.0562 -0.9959
vn 0.0284 0.9621 -0.2711
vn -0.9595 -0.2254 0.1691
vn -0.9072 -0.3944 0.1467
vn -0.9629 -0.2475 0.1075
vn -0.6840 -0.5223 -0.5093
vn -0.8527 -0.4890 -0.1839
vn -0.6751 0.0042 0.7377
vn 0.0735 -0.9941 0.0796
vn 0.4938 -0.2036 0.8454
vn -0.1184 0.9849 -0.1266
vn 0.9097 0.3027 -0.2844
vn 0.1221 -0.2003 -0.9721
vn 0.0266 -0.7714 -0.6358
vn 0.6002 -0.5230 -0.6052
vn 0.8322 -0.0254 -0.5539
vn 0.8995 -0.4368 -0.0067
vn -0.9852 -0.1712 0.0005
vn -0.9648 -0.2623 0.0170
vn -0.9924 -0.1169 0.0380
vn -0.2801 -0.7138 -0.6418
vn -0.9881 0.0623 0.1408
vn -0.9971 0.0767 -0.0001
vn -0.9832 -0.1794 0.0339
vn -0.7413 -0.6062 -0.2882
vn -0.1883 -0.9054 -0.3804
vn 0.6908 -0.5035 -0.5190
vn -0.0542 -0.7933 -0.6065
vn 0.8546 -0.2731 -0.4416
vn 0.2249 -0.5889 -0.7763
vn -0.0181 -0.4008 -0.9160
vn 0.3797 0.4552 -0.8054
vn 0.4666 0.4463 -0.7636
vn 0.7425 0.3154 -0.5910
vn -0.1379 0.3668 -0.9200
vn -0.1045 0.6063 -0.7883
vn 0.1777 -0.0174 -0.9839
vn 0.6362 0.0626 -0.7690
vn -0.3992 -0.1196 -0.9090
vn 0.5284 -0.4004 -0.7487
vn -0.1698 -0.6434 -0.7464
vn -0.9342 0.2062 -0.2910
vn -0.8119 -0.3607 -0.4591
vn -0.6226 0.4019 -0.6714
vn -0.9048 0.3206 -0.2803
vn -0.9004 0.4321 -0.0501
vn -0.7096 0.5062 -0.4901
vn -0.7883 0.5999 -0.1367
vn -0.6397 0.7196 0.2701
vn -0.6843 0.5658 -0.4599
vn -0.1049 -0.6400 -0.7612
vn -0.9104 -0.3760 -0.1725
vn -0.5589 -0.7891 -0.2550
vn -0.2034 -0.8584 -0.4709
vn 0.0127 -0.9903 -0.1384
vn 0.9066 -0.4108 -0.0967
vn 0.5865 -0.7018 -0.4044
vn 0.5613 -0.1312 -0.8171
vn -0.0910 -0.6895 0.7185
vn 0.1547 -0.9512 0.2671
vn -0.0122 -0.9962 0.0861
vn -0.8031 -0.5936 -0.0520
vn 0.3974 -0.6373 0.6603
vn -0.6221 -0.7298 -0.2834
vn 0.9261 -0.3710 -0.0687
vn 0.5709 -0.7013 -0.4269
vn 0.1087 -0.6040 -0.7896
vn 0.1406 -0.9827 -0.1208
vn -0.7909 -0.4742 -0.3868
vn 0.0285 -0.7430 -0.6687
vn -0.8691 -0.4118 -0.2739
vn -0.4801 -0.7946 -0.3716
vn 0.1014 -0.1973 -0.9751
vn -0.2115 -0.9774 0.0053
vn -0.0216 -0.7586 0.6512
vn 0.0457 -0.9790 -0.1989
vn 0.9141 -0.3127 -0.2580
vn 0.5218 -0.7290 -0.4431
vn 0.4586 -0.6997 -0.5478
vn -0.4395 -0.8265 -0.3517
vn -0.0202 -0.9905 0.1360
vn -0.5492 -0.7362 -0.3955
vn 0.5270 -0.7123 -0.4636
vn -0.4964 -0.7931 -0.3530
vn -0.8315 -0.5478 -0.0922
vn -0.3148 -0.8595 -0.4027
vn -0.3653 -0.8333 -0.4149
vn -0.4386 -0.8232 -0.3606
vn -0.0925 -0.9949 -0.0414
vn -0.0516 -0.6650 -0.7450
vn -0.5087 -0.7930 -0.3352
vn 0.4900 -0.7892 -0.3703
vn 0.5097 -0.8528 0.1140
vn -0.0846 -0.9527 0.2920
vn 0.6149 -0.7825 0.0983
vn 0.9342 -0.2280 -0.2743
vn 0.5285 -0.3918 -0.7531
vn 0.5224 -0.0752 -0.8494
vn 0.1240 0.3142 -0.9412
vn -0.0964 -0.2924 -0.9514
vn -0.7228 0.1426 -0.6762
vn -0.7404 0.3696 -0.5614
vn -0.9685 -0.1313 -0.2116
vn -0.6039 -0.1520 -0.7824
vn -0.9229 -0.2613 -0.2827
vn -0.5103 -0.5162 -0.6879
vn -0.6718 -0.7119 0.2047
vn 0.3485 -0.7284 -0.5898
vn 0.3642 -0.5962 -0.7154
vn 0.3056 -0.1865 -0.9337
vn -0.3763 -0.4264 -0.8225
vn -0.4180 -0.7191 -0.5551
vn 0.0232 0.6519 -0.7579
vn -0.9915 -0.1132 -0.0636
vn -0.4052 -0.8617 0.3055
vn 0.3745 -0.7911 -0.4837
vn 0.3364 -0.8108 -0.4789
vn 0.3405 -0.8163 -0.4667
vn 0.4723 -0.7999 -0.3702
vn -0.4435 -0.8449 -0.2990
vn -0.4781 -0.8270 -0.2958
vn -0.9540 -0.2769 -0.1148
vn -0.1389 -0.4090 -0.9019
vn 0.0927 -0.9957 0.0090
vn -0.0472 -0.5132 0.8569
vn 0.9483 -0.2922 -0.1240
vn 0.0412 0.0600 -0.9974
vn 0.8785 -0.0963 -0.4680
vn -0.0195 -0.9690 -0.2464
vn 0.1833 0.0970 -0.9783
vn 0.6044 -0.5019 -0.6187
vn 0.8532 -0.1597 -0.4966
vn 0.7124 -0.6850 0.1523
vn 0.8518 -0.4777 0.2150
vn 0.9339 -0.0887 -0.3463
vn 0.9397 -0.2809 0.1949
vn 0.9657 -0.1911 -0.1756
vn 0.9507 0.1024 -0.2926
vn 0.9834 0.1812 -0.0033
vn 0.6576 -0.4654 0.5925
vn 0.0225 -0.3600 0.9327
vn 0.4253 -0.5348 0.7301
vn -0.5721 -0.0943 0.8148
vn -0.8956 0.2031 0.3959
vn 0.2516 0.3896 0.8859
vn 0.4188 -0.3345 0.8442
vn 0.8029 0.1668 0.5722
vn 0.0022 -0.5527 0.8334
vn -0.0660 -0.1548 0.9857
vn 0.8751 -0.3670 0.3155
vn 0.4151 -0.6833 0.6007
vn 0.6727 -0.7375 0.0605
vn 0.8903 -0.3186 -0.3255
vn 0.8134 -0.2869 -0.5060
vn 0.4826 -0.6034 0.6349
vn 0.0508 -0.3763 0.9251
vn -0.4101 -0.3157 0.8557
vn -0.9846 0.1393 0.1055
vn -0.8236 -0.1415 0.5492
vn -0.9221 0.3444 -0.1766
vn -0.3207 0.5734 -0.7539
vn -0.9748 0.2079 0.0811
vn -0.7831 -0.0230 0.6215
vn -0.8103 0.4267 -0.4017
vn -0.4791 0.4040 -0.7792
vn 0.1746 0.3972 -0.9010
vn 0.3103 0.4247 -0.8505
vn 0.4083 0.2560 -0.8762
vn -0.5183 0.4747 -0.7114
vn -0.4754 0.6268 -0.6174
vn -0.9065 0.4218 -0.0159
vn -0.5820 0.5645 -0.5854
vn -0.7430 -0.0425 0.6680
vn -0.9013 0.1433 0.4088
vn -0.2925 -0.3632 0.8846
vn -0.5873 -0.1619 0.7930
vn 0.1334 -0.5475 0.8261
vn 0.7101 0.2556 -0.6560
vn 0.8594 0.0367 -0.5099
vn 0.8439 -0.0424 -0.5349
vn -0.0508 0.4473 -0.8930
vn 0.4919 0.2776 -0.8252
vn 0.0021 0.5848 -0.8112
vn 0.3034 0.3374 -0.8911
vn -0.0942 0.4863 -0.8687
vn -0.2543 0.5908 -0.7657
vn -0.9042 0.4239 -0.0527
vn -0.6915 0.6307 -0.3522
vn -0.7990 0.5046 0.3271
vn -0.0888 0.7888 0.6082
vn -0.4456 0.2630 0.8557
vn 0.5381 0.0542 -0.8411
vn 0.6267 -0.0504 -0.7776
vn 0.1869 0.2481 -0.9505
vn 0.7042 0.2034 -0.6803
vn 0.2287 0.5592 -0.7969
vn 0.7476 0.5936 -0.2980
vn -0.2946 0.9365 0.1900
vn 0.2649 0.9217 -0.2833
vn -0.3997 0.8429 -0.3602
vn -0.3913 -0.2675 -0.8805
vn 0.3069 -0.2859 -0.9078
vn -0.3493 -0.9368 0.0179
vn 0.4403 -0.8128 -0.3815
vn -0.4077 -0.6378 -0.6535
vn 0.6673 -0.4302 -0.6080
vn -0.9937 -0.0857 0.0727
vn 0.9824 -0.0170 0.1860
vn 0.8571 -0.1506 -0.4926
vn 0.5786 -0.2328 0.7817
vn 0.2328 0.1369 0.9628
vn -0.3746 -0.0925 0.9226
vn -0.9021 0.2285 0.3661
vn -0.6543 -0.7240 -0.2184
vn -0.9449 0.3265 0.0247
vn -0.8727 -0.4450 0.2007
vn 0.0634 0.9879 -0.1418
vn 0.0883 0.8121 0.5767
vn 0.9939 0.1086 -0.0169
vn 0.9853 -0.0795 -0.1515
vn 0.9493 0.2119 -0.2322
vn 0.9227 0.2674 -0.2776
vn 0.9086 0.0945 -0.4068
vn 0.9165 0.2657 -0.2991
vn 0.6538 0.5551 -0.5142
vn 0.9986 -0.0010 -0.0533
vn 0.9841 -0.1741 0.0357
vn 0.9877 -0.1190 0.1017
vn 0.9694 -0.2161 -0.1162
vn 0.9978 -0.0137 0.0643
vn 0.9202 0.2182 -0.3251
vn 0.7610 -0.4284 -0.4872
vn 0.9206 -0.2496 -0.3003
vn 0.8328 -0.4127 -0.3689
vn 0.9252 0.2523 0.2836
vn 0.9141 -0.0221 -0.4049
vn 0.2761 -0.7466 -0.6053
vn 0.7627 -0.4623 -0.4523
vn 0.9313 0.3202 -0.1736
vn 0.9107 0.1400 -0.3886
vn -0.0717 -0.2616 -0.9625
vn -0.7404 0.2965 -0.6033
vn -0.9466 -0.1381 -0.2914
vn -0.7878 -0.5456 -0.2860
vn -0.3328 -0.7667 -0.5489
vn 0.9876 0.0233 -0.1556
vn 0.9929 0.0874 -0.0802
vn 0.9830 0.1836 -0.0034
vn 0.9422 0.3088 -0.1302
vn 0.9827 0.1833 0.0261
vn 0.9894 0.1332 -0.0586
vn 0.9029 -0.0597 -0.4257
vn 0.9870 0.1263 -0.0997
vn 0.9923 0.1135 -0.0490
vn 0.9194 0.3931 0.0133
vn 0.8298 -0.4259 -0.3606
vn 0.9763 0.1901 -0.1033
vn 0.5751 0.7506 0.3253
vn 0.9390 0.0976 0.3297
vn 0.9507 -0.2767 0.1399
vn 0.8892 -0.4557 0.0412
vn -0.8891 -0.4559 0.0413
vn -0.9258 -0.3389 0.1676
vn -0.9335 0.0956 0.3456
vn -0.4935 -0.8016 -0.3375
vn 0.0001 -0.9407 -0.3394
vn -0.4702 -0.8664 -0.1679
vn -0.4633 -0.7431 0.4828
vn -0.8641 -0.2097 0.4576
vn -0.8558 0.3997 0.3285
vn -0.8007 -0.1649 0.5760
vn -0.6510 -0.0009 0.7591
vn -0.3355 -0.7154 0.6128
vn -0.4411 0.7477 0.4963
vn -0.6122 0.6070 0.5066
vn 0.0537 0.8481 0.5271
vn -0.1885 0.6966 0.6923
vn -0.3344 -0.3275 0.8837
vn 0.0192 -0.5954 0.8032
vn -0.8244 -0.4624 0.3263
vn -0.9130 -0.2934 0.2835
vn -0.7223 -0.6799 0.1265
vn -0.8740 -0.3571 0.3296
vn -0.7850 -0.5739 0.2333
vn -0.4637 -0.8840 0.0595
vn -0.9846 -0.0720 0.1596
vn -0.6236 -0.4069 0.6676
vn -0.8791 -0.3941 0.2680
vn 0.0750 -0.9459 -0.3157
vn -0.1124 -0.9397 -0.3230
vn -0.5182 -0.8394 0.1637
vn -0.8798 -0.4054 0.2483
vn 0.2010 -0.9022 -0.3816
vn -0.6426 -0.7447 -0.1802
vn -0.9096 -0.2774 0.3093
vn -0.8446 -0.3199 0.4292
vn -0.9041 -0.3503 0.2448
vn -0.9309 -0.1120 0.3477
vn -0.8137 -0.5700 0.1141
vn -0.7812 -0.5950 0.1887
vn -0.7178 -0.6507 0.2477
vn -0.8870 -0.4088 0.2146
vn -0.8896 -0.1244 0.4394
vn -0.7343 -0.2478 0.6320
vn -0.4370 -0.7697 0.4653
vn 0.0947 -0.9776 -0.1880
vn -0.5714 -0.4419 0.6915
vn -0.5331 -0.3698 0.7610
vn 0.0285 -0.9928 -0.1164
vn -0.0000 -0.7387 0.6741
vn -0.0004 -0.1879 0.9822
vn -0.0002 -0.4539 0.8911
vn -0.0000 0.5173 0.8558
vn -0.4294 0.5001 0.7520
vn -0.2917 0.4925 0.8200
vn -0.5701 0.4195 0.7064
vn -0.5872 0.6306 0.5075
vn -0.7301 0.4374 0.5250
vn -0.8520 0.4462 0.2740
vn -0.7161 -0.6980 -0.0059
vn -0.9368 -0.3385 0.0888
vn -0.9819 -0.1893 0.0087
vn -0.9441 0.0812 0.3196
vn -0.9139 -0.3889 -0.1160
vn -0.9319 -0.2925 0.2143
vn -0.9927 0.0832 -0.0876
vn -0.5625 0.5174 -0.6450
vn -0.8798 0.4544 -0.1394
vn -0.6908 0.6895 -0.2177
vn -0.6590 0.7488 0.0707
vn -0.8764 0.4670 0.1174
vn -0.6254 0.7367 0.2571
vn 0.5960 -0.6710 -0.4410
vn 0.9320 -0.2921 0.2145
vn -0.9026 -0.1828 -0.3898
vn -0.9713 -0.0432 -0.2340
vn -0.9702 -0.2052 -0.1285
vn -0.8174 -0.3593 -0.4502
vn -0.7269 0.4198 -0.5435
vn -0.0001 0.2611 -0.9653
vn -0.0001 0.5636 -0.8261
vn -0.0001 0.9325 -0.3612
vn -0.0001 0.9999 -0.0165
vn -0.0001 0.9873 0.1589
vn -0.0000 0.9020 0.4317
vn -0.0000 0.6773 0.7357
vn -0.9778 -0.1929 0.0823
vn -0.5956 -0.6714 -0.4410
vn -0.8134 -0.4910 -0.3120
vn -0.8728 -0.4337 0.2239
vn -0.9820 0.1891 0.0022
vn -0.7649 0.3687 -0.5282
vn -0.0001 -0.0691 -0.9976
vn -0.0002 0.6929 -0.7211
vn -0.0000 -0.9948 -0.1021
vn -0.0000 -0.9639 0.2663
vn -0.0000 -0.9932 -0.1162
vn -0.7550 -0.5854 -0.2954
vn -0.8178 0.2126 -0.5348
vn -0.5274 0.5829 -0.6181
vn -0.0000 0.8118 -0.5839
vn 0.9025 -0.1827 -0.3900
vn 0.4933 -0.8017 -0.3377
vn -0.0001 -0.9559 -0.2936
vn 0.7343 -0.2478 0.6320
vn 0.5327 -0.3702 0.7610
vn 0.4367 -0.7701 0.4650
vn -0.0285 -0.9928 -0.1164
vn 0.5708 -0.4409 0.6927
vn 0.4291 0.5003 0.7521
vn 0.2915 0.4925 0.8200
vn 0.5696 0.4199 0.7066
vn 0.5872 0.6306 0.5075
vn 0.7303 0.4374 0.5247
vn 0.8520 0.4462 0.2740
vn 0.8150 -0.5680 0.1147
vn 0.9309 -0.1110 0.3479
vn 0.7161 -0.6980 -0.0059
vn 0.9369 -0.3383 0.0887
vn 0.9846 -0.0730 0.1591
vn 0.9819 -0.1892 0.0083
vn 0.9125 -0.2949 0.2836
vn 0.9434 0.0829 0.3210
vn 0.8006 -0.1648 0.5761
vn 0.9929 0.0833 -0.0844
vn 0.6254 0.7367 0.2573
vn 0.8766 0.4666 0.1176
vn 0.6592 0.7486 0.0710
vn 0.8244 -0.4629 0.3257
vn 0.7226 -0.6798 0.1256
vn 0.3356 -0.7154 0.6129
vn 0.8738 -0.3571 0.3299
vn 0.7844 -0.5745 0.2337
vn 0.4634 -0.8841 0.0594
vn 0.9139 -0.3889 -0.1160
vn 0.8802 0.4537 -0.1394
vn 0.6910 0.6893 -0.2177
vn 0.5626 0.5172 -0.6450
vn 0.9711 -0.0429 -0.2346
vn 0.9703 -0.2051 -0.1283
vn 0.8176 -0.3589 -0.4502
vn 0.7272 0.4190 -0.5437
vn 0.9820 0.1887 0.0026
vn 0.7548 -0.5857 -0.2954
vn 0.8177 0.2125 -0.5349
vn 0.7649 0.3691 -0.5280
vn 0.5271 0.5830 -0.6183
vn 0.8726 -0.4339 0.2241
vn 0.9777 -0.1930 0.0827
vn 0.8133 -0.4910 -0.3121
vn 0.9243 0.3215 0.2059
vn 0.8751 -0.1395 0.4635
vn 0.4708 -0.8586 -0.2027
vn 0.6511 -0.0003 0.7590
vn 0.4360 0.7538 0.4917
vn 0.5923 0.6362 0.4945
vn 0.1025 0.8306 0.5473
vn 0.2057 0.7220 0.6606
vn 0.3439 -0.3185 0.8833
vn 0.5401 -0.7477 0.3864
vn 0.0003 -0.1092 0.9940
vn 0.0001 0.3437 0.9391
vn -0.0015 -0.3091 0.9510
vn 0.2962 0.7545 0.5856
vn 0.2876 0.7704 0.5690
vn -0.0003 0.7710 0.6368
vn -0.0007 0.7762 0.6305
vn -0.0005 -0.1293 0.9916
vn -0.2968 0.7543 0.5856
vn -0.2882 0.7700 0.5693
vn 0.0004 0.2469 0.9690
vn -0.0000 0.1722 0.9851
vn -0.0000 -0.8674 0.4976
vn -0.0000 -0.9729 -0.2314
vn 0.6426 -0.7447 -0.1802
vn -0.2010 -0.9022 -0.3816
vn 0.5182 -0.8394 0.1637
vn -0.0750 -0.9459 -0.3157
vn 0.1124 -0.9397 -0.3230
vn -0.0947 -0.9776 -0.1880
vn 0.9045 -0.3489 0.2451
vn 0.8444 -0.3199 0.4298
vn 0.6721 -0.7180 0.1809
vn 0.7159 -0.6532 0.2465
vn 0.7969 -0.5745 0.1869
vn 0.8875 -0.4090 0.2123
vn 0.9096 -0.2774 0.3093
vn 0.8901 -0.1231 0.4389
vn 0.8798 -0.4056 0.2480
vn 0.8788 -0.3949 0.2677
vn 0.6233 -0.4073 0.6675
vn -0.0001 -0.2861 -0.9582
vn -0.0071 -0.9873 -0.1584
vn 0.0106 -0.9741 0.2260
vt 0.872336 0.629022
vt 0.872653 0.630062
vt 0.873001 0.627210
vt 0.850628 0.628665
vt 0.848116 0.625992
vt 0.847660 0.626066
vt 0.847013 0.625487
vt 0.847808 0.625583
vt 0.852342 0.625510
vt 0.851863 0.627268
vt 0.856107 0.625300
vt 0.855655 0.627809
vt 0.862737 0.625550
vt 0.861409 0.629068
vt 0.865660 0.628332
vt 0.868528 0.632340
vt 0.870243 0.629758
vt 0.871687 0.632208
vt 0.870571 0.628639
vt 0.871151 0.628601
vt 0.868347 0.627817
vt 0.868762 0.628044
vt 0.870769 0.626528
vt 0.868278 0.626677
vt 0.865938 0.633534
vt 0.867774 0.633899
vt 0.854853 0.629459
vt 0.864843 0.634933
vt 0.869165 0.635429
vt 0.866987 0.635037
vt 0.866092 0.635044
vt 0.865153 0.636262
vt 0.864504 0.635782
vt 0.853655 0.630243
vt 0.867676 0.635648
vt 0.867960 0.637792
vt 0.341887 0.702256
vt 0.337882 0.697984
vt 0.340640 0.699693
vt 0.346548 0.701294
vt 0.344710 0.699399
vt 0.346811 0.700547
vt 0.344316 0.700601
vt 0.347467 0.704178
vt 0.343397 0.701508
vt 0.343003 0.700013
vt 0.342281 0.700280
vt 0.341559 0.699212
vt 0.341099 0.697530
vt 0.340575 0.697637
vt 0.338802 0.697878
vt 0.338014 0.697023
vt 0.338605 0.696836
vt 0.340706 0.696996
vt 0.343922 0.699480
vt 0.348189 0.702443
vt 0.347008 0.700734
vt 0.349108 0.701855
vt 0.348779 0.704979
vt 0.343200 0.715044
vt 0.344184 0.716352
vt 0.341099 0.718648
vt 0.343134 0.720544
vt 0.340115 0.720196
vt 0.343791 0.725616
vt 0.338868 0.726016
vt 0.350289 0.730661
vt 0.347270 0.730929
vt 0.347729 0.739098
vt 0.340837 0.731756
vt 0.336176 0.738057
vt 0.334666 0.729941
vt 0.331254 0.737042
vt 0.334207 0.740646
vt 0.352850 0.704472
vt 0.353112 0.703323
vt 0.352324 0.732691
vt 0.350814 0.738671
vt 0.354294 0.728606
vt 0.360924 0.717367
vt 0.362762 0.717473
vt 0.367750 0.720704
vt 0.366569 0.724148
vt 0.359217 0.717073
vt 0.353178 0.726790
vt 0.347861 0.726257
vt 0.345760 0.725162
vt 0.348254 0.720464
vt 0.353112 0.710692
vt 0.354097 0.706821
vt 0.353374 0.704098
vt 0.354294 0.706634
vt 0.354031 0.709784
vt 0.354360 0.706821
vt 0.354360 0.710132
vt 0.354491 0.711226
vt 0.349633 0.722092
vt 0.367554 0.713976
vt 0.365454 0.714643
vt 0.365715 0.713656
vt 0.367159 0.715230
vt 0.370573 0.714563
vt 0.369983 0.716272
vt 0.362695 0.716112
vt 0.361252 0.716192
vt 0.360202 0.715685
vt 0.358954 0.713816
vt 0.357248 0.708903
vt 0.357182 0.707915
vt 0.364994 0.713923
vt 0.359479 0.713789
vt 0.360004 0.710105
vt 0.357576 0.707969
vt 0.360398 0.709117
vt 0.361055 0.710105
vt 0.369392 0.720650
vt 0.371296 0.716806
vt 0.369392 0.722626
vt 0.369588 0.725910
vt 0.358757 0.738404
vt 0.354556 0.739739
vt 0.352455 0.740566
vt 0.351405 0.743530
vt 0.347335 0.741955
vt 0.348189 0.743851
vt 0.359217 0.740460
vt 0.346153 0.742969
vt 0.346745 0.744064
vt 0.348779 0.748175
vt 0.357970 0.746360
vt 0.363549 0.738244
vt 0.362565 0.736268
vt 0.372148 0.732157
vt 0.373068 0.725616
vt 0.376612 0.730689
vt 0.375825 0.723854
vt 0.378385 0.730715
vt 0.379436 0.730021
vt 0.380222 0.731489
vt 0.365912 0.747107
vt 0.369523 0.735040
vt 0.343200 0.742302
vt 0.338342 0.749510
vt 0.336241 0.745666
vt 0.381077 0.729007
vt 0.376940 0.723026
vt 0.370770 0.724308
vt 0.373134 0.724228
vt 0.375562 0.722946
vt 0.378647 0.731970
vt 0.377203 0.732184
vt 0.374512 0.733358
vt 0.373789 0.736695
vt 0.368145 0.737256
vt 0.369260 0.742088
vt 0.371361 0.744918
vt 0.370573 0.747081
vt 0.367750 0.748762
vt 0.369588 0.749564
vt 0.371296 0.754449
vt 0.373920 0.753835
vt 0.371886 0.748896
vt 0.371296 0.748282
vt 0.370836 0.740059
vt 0.372477 0.738804
vt 0.373658 0.758534
vt 0.368866 0.755757
vt 0.372674 0.757092
vt 0.373134 0.755757
vt 0.366832 0.757466
vt 0.356066 0.759601
vt 0.347729 0.756425
vt 0.339720 0.754876
vt 0.346153 0.773138
vt 0.356132 0.772496
vt 0.349370 0.778129
vt 0.350159 0.782455
vt 0.340968 0.780693
vt 0.340311 0.769773
vt 0.334338 0.766249
vt 0.330728 0.754636
vt 0.329218 0.750444
vt 0.330596 0.746920
vt 0.327708 0.763873
vt 0.327643 0.777889
vt 0.355870 0.777249
vt 0.358954 0.777622
vt 0.358561 0.781467
vt 0.354753 0.780799
vt 0.360727 0.780960
vt 0.363287 0.773298
vt 0.364863 0.776501
vt 0.363549 0.765795
vt 0.367159 0.772416
vt 0.365387 0.774766
vt 0.369851 0.767584
vt 0.375365 0.764220
vt 0.372739 0.769293
vt 0.371493 0.762458
vt 0.366766 0.766569
vt 0.369851 0.770654
vt 0.367685 0.769933
vt 0.369260 0.760403
vt 0.373134 0.759922
vt 0.374578 0.761551
vt 0.325936 0.727004
vt 0.322522 0.726070
vt 0.324426 0.724308
vt 0.319174 0.724281
vt 0.319109 0.716940
vt 0.333681 0.716940
vt 0.328627 0.708823
vt 0.318255 0.709170
vt 0.318781 0.721344
vt 0.315827 0.718648
vt 0.318190 0.718702
vt 0.315564 0.721318
vt 0.318190 0.726230
vt 0.317140 0.725375
vt 0.317927 0.725429
vt 0.319109 0.727565
vt 0.323901 0.727912
vt 0.331319 0.728819
vt 0.317140 0.728552
vt 0.315959 0.727512
vt 0.316877 0.726150
vt 0.315827 0.724174
vt 0.317730 0.722332
vt 0.317664 0.721611
vt 0.316745 0.721691
vt 0.316877 0.722306
vt 0.314513 0.716806
vt 0.303748 0.708530
vt 0.299678 0.716565
vt 0.310378 0.724201
vt 0.312544 0.725803
vt 0.309328 0.726871
vt 0.296134 0.725936
vt 0.293902 0.719903
vt 0.304010 0.728580
vt 0.311297 0.727805
vt 0.285631 0.730849
vt 0.288650 0.731036
vt 0.291342 0.725509
vt 0.290948 0.720436
vt 0.292785 0.718354
vt 0.283595 0.732958
vt 0.278542 0.739125
vt 0.280970 0.729380
vt 0.288913 0.739044
vt 0.294820 0.731890
vt 0.300991 0.729914
vt 0.306701 0.730555
vt 0.315761 0.730581
vt 0.316943 0.729327
vt 0.318190 0.729354
vt 0.318059 0.728580
vt 0.294426 0.742542
vt 0.302172 0.740967
vt 0.300400 0.746307
vt 0.300138 0.738217
vt 0.304930 0.737016
vt 0.315564 0.734693
vt 0.317074 0.731836
vt 0.319436 0.730742
vt 0.316943 0.733038
vt 0.308606 0.740540
vt 0.315302 0.738804
vt 0.317074 0.736482
vt 0.317271 0.737577
vt 0.328889 0.730795
vt 0.320028 0.734800
vt 0.318255 0.731890
vt 0.318453 0.733091
vt 0.318584 0.736482
vt 0.317927 0.737737
vt 0.316877 0.739125
vt 0.314448 0.742516
vt 0.307621 0.744785
vt 0.316614 0.745799
vt 0.316745 0.744358
vt 0.313201 0.746920
vt 0.315433 0.747535
vt 0.317861 0.746146
vt 0.317861 0.744117
vt 0.316352 0.742328
vt 0.297512 0.771001
vt 0.304405 0.758587
vt 0.304864 0.770093
vt 0.299876 0.786486
vt 0.290028 0.773084
vt 0.288847 0.757199
vt 0.296002 0.757359
vt 0.298366 0.750898
vt 0.306374 0.752820
vt 0.305192 0.748255
vt 0.310903 0.748709
vt 0.313923 0.749803
vt 0.315170 0.750178
vt 0.312676 0.750471
vt 0.313135 0.751486
vt 0.309919 0.751298
vt 0.289701 0.748949
vt 0.291342 0.743210
vt 0.290226 0.744117
vt 0.290028 0.741981
vt 0.289044 0.743690
vt 0.286353 0.743290
vt 0.286417 0.746387
vt 0.279460 0.745692
vt 0.280510 0.757733
vt 0.281954 0.773537
vt 0.273750 0.767584
vt 0.275521 0.775780
vt 0.284515 0.790223
vt 0.271911 0.778583
vt 0.270336 0.770173
vt 0.285040 0.740299
vt 0.282874 0.739686
vt 0.286025 0.738564
vt 0.278016 0.740994
vt 0.272501 0.740566
vt 0.273355 0.738564
vt 0.265150 0.740219
vt 0.267119 0.741741
vt 0.273027 0.759922
vt 0.268367 0.769186
vt 0.268300 0.761283
vt 0.272567 0.753702
vt 0.271845 0.747455
vt 0.267119 0.746760
vt 0.264690 0.745585
vt 0.262590 0.745185
vt 0.260489 0.743503
vt 0.261867 0.738164
vt 0.263968 0.730956
vt 0.259899 0.730074
vt 0.256485 0.730314
vt 0.256748 0.729247
vt 0.260160 0.731569
vt 0.262590 0.729380
vt 0.264034 0.727217
vt 0.266726 0.727778
vt 0.251496 0.736589
vt 0.253268 0.737229
vt 0.254975 0.729674
vt 0.256748 0.737416
vt 0.254713 0.737737
vt 0.252808 0.738831
vt 0.254647 0.739018
vt 0.256354 0.738992
vt 0.259308 0.739926
vt 0.272567 0.712294
vt 0.273487 0.715498
vt 0.271583 0.712561
vt 0.273946 0.715471
vt 0.272830 0.717313
vt 0.274077 0.718674
vt 0.272174 0.719369
vt 0.265544 0.724788
vt 0.264166 0.725028
vt 0.262656 0.721104
vt 0.261539 0.721905
vt 0.270073 0.719903
vt 0.278016 0.712027
vt 0.275128 0.710639
vt 0.274734 0.709972
vt 0.272109 0.711626
vt 0.278082 0.711066
vt 0.279198 0.711413
vt 0.274997 0.709758
vt 0.265150 0.719235
vt 0.261670 0.719849
vt 0.264493 0.718274
vt 0.266857 0.718034
vt 0.270008 0.718407
vt 0.271583 0.718087
vt 0.266397 0.717286
vt 0.267185 0.717153
vt 0.277885 0.708182
vt 0.278410 0.710772
vt 0.277556 0.708236
vt 0.278279 0.705753
vt 0.277622 0.708102
vt 0.278869 0.705940
vt 0.283071 0.705460
vt 0.282480 0.702790
vt 0.284252 0.704605
vt 0.283399 0.703004
vt 0.278738 0.705113
vt 0.284909 0.701749
vt 0.284318 0.701268
vt 0.287075 0.701134
vt 0.288125 0.701775
vt 0.288322 0.700387
vt 0.289701 0.702363
vt 0.289044 0.700494
vt 0.290685 0.699907
vt 0.293179 0.698171
vt 0.290554 0.698038
vt 0.292261 0.698145
vt 0.292195 0.697210
vt 0.292852 0.697317
vt 0.290292 0.697504
vt 0.287337 0.700093
vt 0.290028 0.697984
vt 0.289832 0.699506
vt 0.286746 0.700147
vt 0.284646 0.701054
vt 0.303289 0.656871
vt 0.306965 0.668163
vt 0.302501 0.666428
vt 0.300400 0.678869
vt 0.303158 0.681432
vt 0.299416 0.680310
vt 0.298890 0.684956
vt 0.302829 0.689548
vt 0.298300 0.685677
vt 0.301713 0.690055
vt 0.297315 0.690189
vt 0.301976 0.694166
vt 0.295411 0.693980
vt 0.300926 0.701375
vt 0.297577 0.705646
vt 0.293968 0.709705
vt 0.293114 0.710612
vt 0.307293 0.649155
vt 0.312085 0.642454
vt 0.312479 0.650490
vt 0.307752 0.657351
vt 0.311297 0.658499
vt 0.311362 0.668724
vt 0.308277 0.680791
vt 0.314513 0.658445
vt 0.301910 0.701108
vt 0.302960 0.693873
vt 0.308277 0.692378
vt 0.312085 0.680605
vt 0.316089 0.668564
vt 0.320422 0.667656
vt 0.318059 0.657084
vt 0.317599 0.648781
vt 0.317140 0.640078
vt 0.311362 0.632710
vt 0.306506 0.640746
vt 0.328430 0.678175
vt 0.324623 0.665601
vt 0.322653 0.656416
vt 0.320750 0.647153
vt 0.320225 0.640451
vt 0.319569 0.631321
vt 0.310903 0.625100
vt 0.302632 0.632335
vt 0.304405 0.640879
vt 0.304864 0.648381
vt 0.332172 0.644056
vt 0.328627 0.649395
vt 0.325083 0.646966
vt 0.329349 0.628865
vt 0.321210 0.632816
vt 0.328103 0.626035
vt 0.334404 0.636821
vt 0.336438 0.636447
vt 0.331909 0.627209
vt 0.289438 0.725055
vt 0.284843 0.722439
vt 0.286025 0.720650
vt 0.287206 0.726390
vt 0.281561 0.727538
vt 0.290160 0.714937
vt 0.289373 0.716272
vt 0.295149 0.713789
vt 0.296199 0.712374
vt 0.299218 0.708236
vt 0.299153 0.706981
vt 0.306440 0.700787
vt 0.312282 0.691097
vt 0.317336 0.680631
vt 0.321077 0.680711
vt 0.326067 0.681084
vt 0.297315 0.713389
vt 0.312413 0.700387
vt 0.317730 0.691149
vt 0.321997 0.692324
vt 0.327117 0.689281
vt 0.330399 0.684395
vt 0.329546 0.679590
vt 0.327314 0.693846
vt 0.331056 0.685116
vt 0.314317 0.709117
vt 0.318584 0.700440
vt 0.324623 0.701054
vt 0.329349 0.701428
vt 0.328364 0.694086
vt 0.328234 0.689734
vt 0.332566 0.689682
vt 0.334863 0.693579
vt 0.330399 0.701669
vt 0.333287 0.708156
vt 0.334470 0.705887
vt 0.338539 0.709998
vt 0.336898 0.712801
vt 0.339524 0.710879
vt 0.338079 0.714216
vt 0.335848 0.713843
vt 0.270795 0.752900
vt 0.270599 0.748255
vt 0.268958 0.753301
vt 0.268629 0.747828
vt 0.268103 0.753888
vt 0.270533 0.759308
vt 0.268300 0.760936
vt 0.270401 0.754289
vt 0.328299 0.743851
vt 0.321406 0.742061
vt 0.327379 0.740193
vt 0.322653 0.745986
vt 0.324886 0.747427
vt 0.322063 0.748682
vt 0.323245 0.749163
vt 0.318453 0.737603
vt 0.318977 0.739018
vt 0.320487 0.738671
vt 0.325738 0.749510
vt 0.322851 0.749991
vt 0.321077 0.749056
vt 0.320619 0.746653
vt 0.319634 0.741875
vt 0.319371 0.745052
vt 0.319305 0.743717
vt 0.318321 0.743583
vt 0.318321 0.745345
vt 0.263569 0.707806
vt 0.270581 0.705175
vt 0.267238 0.706997
vt 0.269139 0.702695
vt 0.256558 0.708615
vt 0.262652 0.711475
vt 0.256297 0.713094
vt 0.266714 0.711525
vt 0.272874 0.707224
vt 0.275364 0.702568
vt 0.271432 0.700797
vt 0.266977 0.695686
vt 0.263307 0.697635
vt 0.261539 0.703277
vt 0.254920 0.702999
vt 0.251710 0.704314
vt 0.433950 0.868324
vt 0.429939 0.874170
vt 0.429742 0.869341
vt 0.459526 0.831995
vt 0.445324 0.853474
vt 0.440722 0.851256
vt 0.440524 0.838781
vt 0.434147 0.847680
vt 0.428624 0.846376
vt 0.428295 0.849638
vt 0.430728 0.851804
vt 0.437500 0.853605
vt 0.434804 0.856554
vt 0.435725 0.859190
vt 0.433753 0.857546
vt 0.434541 0.860103
vt 0.421917 0.865140
vt 0.422246 0.868585
vt 0.436514 0.863339
vt 0.438158 0.866836
vt 0.442299 0.864644
vt 0.423298 0.855797
vt 0.420077 0.863913
vt 0.429347 0.854466
vt 0.478264 0.851334
vt 0.473661 0.853526
vt 0.459460 0.852326
vt 0.445522 0.857258
vt 0.446968 0.858902
vt 0.443746 0.861930
vt 0.445455 0.863026
vt 0.441445 0.863156
vt 0.437434 0.861930
vt 0.473465 0.857337
vt 0.484904 0.847811
vt 0.481552 0.853735
vt 0.443154 0.869159
vt 0.459460 0.872421
vt 0.459395 0.856032
vt 0.472018 0.859033
vt 0.475240 0.862060
vt 0.473530 0.863156
vt 0.476686 0.864801
vt 0.475766 0.869316
vt 0.480829 0.866967
vt 0.482472 0.863495
vt 0.485102 0.868480
vt 0.489244 0.869498
vt 0.489112 0.874326
vt 0.443746 0.874065
vt 0.475174 0.874196
vt 0.477607 0.863313
vt 0.481552 0.862060
vt 0.484444 0.860260
vt 0.496806 0.868741
vt 0.497134 0.865271
vt 0.485299 0.857676
vt 0.483326 0.859346
vt 0.484182 0.856710
vt 0.488324 0.851960
vt 0.490756 0.849795
vt 0.490362 0.846532
vt 0.478527 0.838859
vt 0.489704 0.854648
vt 0.495687 0.856006
vt 0.498910 0.864070
vt 0.471714 0.692787
vt 0.466505 0.681461
vt 0.473516 0.686680
vt 0.466573 0.691143
vt 0.451149 0.710978
vt 0.446876 0.714396
vt 0.450014 0.699468
vt 0.462099 0.705602
vt 0.460897 0.693910
vt 0.459095 0.682583
vt 0.464903 0.678616
vt 0.463368 0.677337
vt 0.451750 0.673109
vt 0.459294 0.671047
vt 0.456223 0.667316
vt 0.451483 0.666115
vt 0.453485 0.666037
vt 0.445273 0.684123
vt 0.466239 0.701739
vt 0.467107 0.705941
vt 0.468242 0.709725
vt 0.460163 0.709464
vt 0.464970 0.715388
vt 0.460697 0.719094
vt 0.442001 0.664863
vt 0.439197 0.673579
vt 0.435057 0.688820
vt 0.437929 0.703931
vt 0.440199 0.715205
vt 0.443337 0.719251
vt 0.438196 0.718546
vt 0.440800 0.721391
vt 0.444205 0.722539
vt 0.449213 0.717398
vt 0.450348 0.720086
vt 0.401940 0.659094
vt 0.401940 0.664054
vt 0.395731 0.664366
vt 0.435659 0.664027
vt 0.402675 0.671647
vt 0.434657 0.671752
vt 0.432454 0.678381
vt 0.426445 0.691326
vt 0.428514 0.706985
vt 0.428915 0.713222
vt 0.430384 0.717919
vt 0.422238 0.718650
vt 0.421437 0.721808
vt 0.426178 0.721495
vt 0.426912 0.728985
vt 0.430117 0.726767
vt 0.428381 0.730812
vt 0.431185 0.729220
vt 0.432053 0.722173
vt 0.432787 0.725671
vt 0.433789 0.719877
vt 0.398269 0.673031
vt 0.401540 0.688298
vt 0.391792 0.683079
vt 0.404545 0.678172
vt 0.411755 0.680913
vt 0.410019 0.690804
vt 0.418633 0.681904
vt 0.418299 0.692500
vt 0.417832 0.707376
vt 0.421704 0.714371
vt 0.417631 0.714292
vt 0.417498 0.719094
vt 0.412824 0.718885
vt 0.413559 0.714240
vt 0.425377 0.681121
vt 0.407015 0.706306
vt 0.398135 0.703149
vt 0.386517 0.698320
vt 0.375767 0.691639
vt 0.378104 0.680573
vt 0.370292 0.688716
vt 0.374165 0.703383
vt 0.370226 0.699181
vt 0.369158 0.703305
vt 0.367822 0.707063
vt 0.406415 0.712752
vt 0.395397 0.714501
vt 0.388787 0.713326
vt 0.384715 0.709647
vt 0.375901 0.707403
vt 0.370827 0.712883
vt 0.374766 0.716980
vt 0.385783 0.671909
vt 0.370760 0.679347
vt 0.365018 0.690151
vt 0.363482 0.684071
vt 0.372562 0.676580
vt 0.374165 0.675380
vt 0.378638 0.669403
vt 0.382044 0.666037
vt 0.386384 0.665149
vt 0.390791 0.659904
vt 0.394796 0.657111
vt 0.400605 0.654267
vt 0.395264 0.654501
vt 0.397868 0.652074
vt 0.396265 0.651813
vt 0.398602 0.650508
vt 0.384581 0.664471
vt 0.435992 0.658625
vt 0.438262 0.653927
vt 0.404812 0.643305
vt 0.441334 0.649934
vt 0.441201 0.651839
vt 0.433055 0.642705
vt 0.418633 0.635946
vt 0.397200 0.649073
vt 0.404077 0.638582
vt 0.418366 0.627855
vt 0.433188 0.637668
vt 0.442870 0.648421
vt 0.443136 0.651944
vt 0.443537 0.654658
vt 0.443805 0.657424
vt 0.447543 0.660608
vt 0.292719 0.833044
vt 0.290099 0.838634
vt 0.289771 0.832509
vt 0.292261 0.838506
vt 0.304381 0.856628
vt 0.319122 0.862447
vt 0.313422 0.865944
vt 0.302416 0.859487
vt 0.300581 0.859614
vt 0.302023 0.856143
vt 0.300909 0.852442
vt 0.303857 0.849175
vt 0.294554 0.844326
vt 0.297174 0.841059
vt 0.291212 0.840243
vt 0.297174 0.831309
vt 0.291278 0.830697
vt 0.298288 0.827940
vt 0.304250 0.825719
vt 0.324495 0.861732
vt 0.321678 0.862702
vt 0.300843 0.865204
vt 0.304512 0.870027
vt 0.301826 0.870334
vt 0.303136 0.864719
vt 0.310016 0.870538
vt 0.312112 0.871559
vt 0.314995 0.867654
vt 0.318467 0.864387
vt 0.320891 0.865051
vt 0.324036 0.865102
vt 0.327509 0.864974
vt 0.332292 0.869569
vt 0.335961 0.865868
vt 0.304512 0.872707
vt 0.309885 0.872963
vt 0.307002 0.833274
vt 0.310671 0.835852
vt 0.317223 0.846879
vt 0.323316 0.858517
vt 0.335830 0.861937
vt 0.347230 0.861222
vt 0.339695 0.869389
vt 0.344281 0.864566
vt 0.347754 0.864438
vt 0.349850 0.862064
vt 0.350702 0.864132
vt 0.352406 0.861656
vt 0.352733 0.863672
vt 0.356009 0.867144
vt 0.316043 0.835623
vt 0.323185 0.827506
vt 0.335830 0.852748
vt 0.354109 0.846342
vt 0.348343 0.858032
vt 0.335502 0.840472
vt 0.335502 0.829012
vt 0.321284 0.820895
vt 0.318402 0.821917
vt 0.318795 0.826843
vt 0.317288 0.831003
vt 0.312112 0.832662
vt 0.308312 0.830033
vt 0.303399 0.828808
vt 0.360334 0.835112
vt 0.354895 0.835010
vt 0.347688 0.827123
vt 0.351882 0.821253
vt 0.351882 0.826383
vt 0.348998 0.820360
vt 0.334715 0.810686
vt 0.330719 0.809870
vt 0.318729 0.818802
vt 0.338647 0.809691
vt 0.351357 0.818088
vt 0.367540 0.848460
vt 0.374157 0.840063
vt 0.363871 0.832330
vt 0.373567 0.830135
vt 0.367147 0.827762
vt 0.366164 0.824596
vt 0.362429 0.829114
vt 0.358629 0.831947
vt 0.353585 0.830492
vt 0.366820 0.856194
vt 0.357646 0.865484
vt 0.368851 0.859283
vt 0.370881 0.859384
vt 0.369309 0.855607
vt 0.370489 0.851728
vt 0.376778 0.843178
vt 0.380120 0.838838
vt 0.379071 0.837205
vt 0.378416 0.831768
vt 0.379857 0.829165
vt 0.372388 0.826562
vt 0.381299 0.837256
vt 0.381495 0.831054
vt 0.358368 0.871457
vt 0.360595 0.870411
vt 0.367671 0.864591
vt 0.370030 0.865255
vt 0.366033 0.870130
vt 0.368916 0.870589
vt 0.365837 0.872887
vt 0.360530 0.872938
vt 0.277245 0.798979
vt 0.275615 0.796134
vt 0.277702 0.795429
vt 0.279657 0.799231
vt 0.278092 0.807742
vt 0.275354 0.807415
vt 0.272810 0.798677
vt 0.270268 0.805652
vt 0.266746 0.798022
vt 0.263616 0.803764
vt 0.266485 0.807037
vt 0.271832 0.809001
vt 0.281288 0.794749
vt 0.271180 0.795731
vt 0.267855 0.795101
vt 0.263159 0.794371
vt 0.263159 0.797997
vt 0.260812 0.802378
vt 0.259508 0.804519
vt 0.262312 0.805627
vt 0.260681 0.809027
vt 0.263616 0.812073
vt 0.268246 0.813232
vt 0.273202 0.812754
vt 0.273919 0.810814
vt 0.276592 0.811368
vt 0.284418 0.807893
vt 0.285136 0.801523
vt 0.284157 0.795076
vt 0.288526 0.797468
vt 0.290156 0.803638
vt 0.291200 0.800087
vt 0.281940 0.811469
vt 0.286439 0.811444
vt 0.290287 0.808599
vt 0.290743 0.810865
vt 0.279497 0.835022
vt 0.276242 0.823636
vt 0.282621 0.827129
vt 0.272207 0.832382
vt 0.272402 0.822404
vt 0.268821 0.831075
vt 0.266999 0.820720
vt 0.262769 0.828134
vt 0.259709 0.819111
vt 0.255088 0.825194
vt 0.258408 0.829291
vt 0.253851 0.826476
vt 0.264331 0.832935
vt 0.252680 0.823359
vt 0.256716 0.817478
vt 0.251183 0.824918
vt 0.250988 0.827155
vt 0.253916 0.828134
vt 0.252224 0.830698
vt 0.254242 0.834318
vt 0.259253 0.837159
vt 0.264396 0.838114
vt 0.267129 0.834720
vt 0.269863 0.835725
vt 0.274810 0.837661
vt 0.280668 0.839546
vt 0.286201 0.839948
vt 0.284573 0.841531
vt 0.285941 0.837761
vt 0.287242 0.830498
vt 0.287633 0.823158
vt 0.282751 0.818985
vt 0.278976 0.818658
vt 0.274420 0.817553
vt 0.271295 0.817101
vt 0.265958 0.816145
vt 0.261857 0.815341
vt 0.257626 0.812651
vt 0.290107 0.826425
vt 0.316494 0.781795
vt 0.308655 0.782317
vt 0.308925 0.779394
vt 0.312642 0.782839
vt 0.307573 0.785396
vt 0.315683 0.786597
vt 0.319198 0.784640
vt 0.325686 0.783126
vt 0.323252 0.779237
vt 0.316359 0.776184
vt 0.311966 0.772269
vt 0.307708 0.771982
vt 0.305815 0.778637
vt 0.302910 0.782082
vt 0.321969 0.773470
vt 0.325483 0.773182
vt 0.401273 0.725723
vt 0.402474 0.721939
vt 0.403677 0.727341
vt 0.405079 0.732012
vt 0.402341 0.729795
vt 0.406881 0.730081
vt 0.408751 0.721913
vt 0.404678 0.717581
vt 0.401073 0.719277
vt 0.397066 0.717867
vt 0.392125 0.718285
vt 0.386384 0.715963
vt 0.391124 0.721235
vt 0.385048 0.718546
vt 0.394530 0.720556
vt 0.413425 0.722096
vt 0.478371 0.794853
vt 0.456553 0.807751
vt 0.460054 0.800210
vt 0.466720 0.824316
vt 0.479583 0.802447
vt 0.473051 0.819115
vt 0.472378 0.828892
vt 0.468539 0.829205
vt 0.464633 0.829205
vt 0.464027 0.826136
vt 0.459246 0.822755
vt 0.459044 0.819661
vt 0.456418 0.816411
vt 0.454061 0.814668
vt 0.480189 0.829257
vt 0.486788 0.834405
vt 0.482748 0.837058
vt 0.483556 0.826188
vt 0.479784 0.818309
vt 0.483893 0.807257
vt 0.485172 0.794749
vt 0.482276 0.792227
vt 0.480189 0.790615
vt 0.478034 0.791811
vt 0.471973 0.791031
vt 0.469751 0.793215
vt 0.465711 0.793840
vt 0.462949 0.793813
vt 0.458976 0.796206
vt 0.493387 0.816671
vt 0.486922 0.814486
vt 0.491637 0.803279
vt 0.491232 0.798988
vt 0.499582 0.799170
vt 0.498236 0.794801
vt 0.498034 0.802759
vt 0.496620 0.806399
vt 0.496821 0.808167
vt 0.495408 0.810326
vt 0.497427 0.812796
vt 0.498909 0.818439
vt 0.494195 0.822132
vt 0.490963 0.822937
vt 0.490694 0.825538
vt 0.489347 0.826786
vt 0.488067 0.830608
vt 0.414771 0.831823
vt 0.418562 0.827960
vt 0.419625 0.829422
vt 0.410449 0.829996
vt 0.414572 0.821019
vt 0.407057 0.821828
vt 0.412709 0.839809
vt 0.418230 0.837460
vt 0.420690 0.833989
vt 0.419360 0.831144
vt 0.422418 0.830597
vt 0.422685 0.828221
vt 0.421288 0.826238
vt 0.417764 0.819661
vt 0.417498 0.814546
vt 0.412777 0.816947
vt 0.408521 0.817286
vt 0.402934 0.817574
vt 0.401272 0.822872
vt 0.399676 0.817678
vt 0.397149 0.823681
vt 0.400274 0.833128
vt 0.403865 0.832267
vt 0.392494 0.835137
vt 0.390366 0.826421
vt 0.385312 0.829370
vt 0.385512 0.837017
vt 0.394821 0.818278
vt 0.391097 0.818382
vt 0.385844 0.821984
vt 0.382918 0.824985
vt 0.408188 0.834903
vt 0.407257 0.840175
vt 0.404996 0.836338
vt 0.402004 0.837017
vt 0.396684 0.838296
vt 0.390699 0.839575
vt 0.385046 0.839261
vt 0.386509 0.841062
vt 0.303834 0.795066
vt 0.293495 0.801330
vt 0.297446 0.797572
vt 0.311803 0.806523
vt 0.316874 0.801278
vt 0.317533 0.806602
vt 0.321287 0.797337
vt 0.319903 0.812526
vt 0.335775 0.805480
vt 0.322011 0.791778
vt 0.336434 0.784183
vt 0.332153 0.782252
vt 0.319969 0.790577
vt 0.318652 0.796475
vt 0.315887 0.798798
vt 0.310684 0.800051
vt 0.309827 0.801565
vt 0.307391 0.798172
vt 0.306337 0.799764
vt 0.303637 0.797024
vt 0.298104 0.810151
vt 0.295800 0.810125
vt 0.307852 0.811065
vt 0.300146 0.813230
vt 0.350198 0.792509
vt 0.340714 0.782435
vt 0.352306 0.791387
vt 0.350593 0.798067
vt 0.351318 0.813361
vt 0.354873 0.802269
vt 0.353886 0.807567
vt 0.359681 0.807776
vt 0.361854 0.802974
vt 0.363369 0.812474
vt 0.365542 0.801304
vt 0.371075 0.815058
vt 0.373182 0.812083
vt 0.368506 0.798668
vt 0.378121 0.803575
vt 0.368375 0.796711
vt 0.374565 0.799634
vt 0.375421 0.812187
vt 0.353359 0.797337
vt 0.355927 0.799843
vt 0.361064 0.801408
vt 0.364555 0.799634
vt 0.372821 0.869752
vt 0.375746 0.873119
vt 0.371910 0.872936
vt 0.376071 0.869700
vt 0.380947 0.872336
vt 0.383548 0.867690
vt 0.387580 0.871709
vt 0.393106 0.865811
vt 0.395706 0.871579
vt 0.396617 0.864480
vt 0.399218 0.870300
vt 0.403313 0.865838
vt 0.400778 0.873980
vt 0.408840 0.873692
vt 0.408385 0.862653
vt 0.414627 0.870431
vt 0.412156 0.860905
vt 0.417487 0.866255
vt 0.418137 0.862445
vt 0.416317 0.860017
vt 0.392521 0.852683
vt 0.388359 0.853258
vt 0.380557 0.855868
vt 0.373406 0.862209
vt 0.376592 0.849683
vt 0.372690 0.853362
vt 0.381338 0.846890
vt 0.385173 0.844593
vt 0.390700 0.843758
vt 0.395446 0.842270
vt 0.400453 0.851379
vt 0.403768 0.860096
vt 0.410725 0.857564
vt 0.413716 0.856703
vt 0.409295 0.851484
vt 0.418657 0.858295
vt 0.417032 0.855502
vt 0.412806 0.849526
vt 0.410660 0.841148
vt 0.406369 0.844698
vt 0.400843 0.843132
vt 0.293717 0.873609
vt 0.296987 0.870518
vt 0.297641 0.873635
vt 0.293782 0.870211
vt 0.297118 0.863108
vt 0.290512 0.856390
vt 0.286586 0.867681
vt 0.282597 0.853247
vt 0.277429 0.865280
vt 0.278476 0.852506
vt 0.273896 0.863900
vt 0.270626 0.850845
vt 0.266767 0.859276
vt 0.261599 0.850590
vt 0.259833 0.856517
vt 0.261992 0.861601
vt 0.258263 0.859762
vt 0.256955 0.855623
vt 0.266963 0.864923
vt 0.261272 0.872331
vt 0.255712 0.868883
vt 0.252834 0.864769
vt 0.252311 0.861065
vt 0.254207 0.858765
vt 0.251918 0.857002
vt 0.253619 0.854294
vt 0.258133 0.848546
vt 0.260552 0.840421
vt 0.264869 0.844049
vt 0.270626 0.842644
vt 0.276317 0.842006
vt 0.269253 0.872970
vt 0.271019 0.869444
vt 0.274420 0.870824
vt 0.282335 0.871284
vt 0.288745 0.872433
vt 0.280962 0.843769
vt 0.286391 0.845020
vt 0.290184 0.847601
vt 0.294829 0.850743
vt 0.298557 0.854576
vt 0.460795 0.792175
vt 0.458572 0.793371
vt 0.457293 0.791785
vt 0.451906 0.796336
vt 0.453186 0.798572
vt 0.451637 0.801199
vt 0.450761 0.804137
vt 0.453118 0.809806
vt 0.450895 0.814122
vt 0.450694 0.811496
vt 0.448606 0.811730
vt 0.448270 0.804839
vt 0.383593 0.812389
vt 0.386095 0.808983
vt 0.388202 0.812948
vt 0.393797 0.813304
vt 0.380894 0.804102
vt 0.386161 0.802450
vt 0.379973 0.809008
vt 0.379248 0.811296
vt 0.383199 0.798077
vt 0.380236 0.800441
vt 0.387807 0.796094
vt 0.390704 0.796018
vt 0.391888 0.800695
vt 0.392612 0.809415
vt 0.395377 0.809364
vt 0.396628 0.812872
vt 0.398801 0.811169
vt 0.397286 0.814855
vt 0.402158 0.815694
vt 0.404330 0.809618
vt 0.406832 0.814855
vt 0.410058 0.812033
vt 0.408675 0.808499
vt 0.407556 0.806542
vt 0.394324 0.800644
vt 0.394258 0.797009
vt 0.396233 0.797924
vt 0.398735 0.800721
vt 0.400644 0.807940
vt 0.404791 0.800670
vt 0.411506 0.807584
vt 0.410387 0.805373
vt 0.408412 0.800898
vt 0.408741 0.797339
vt 0.404002 0.797645
vt 0.400709 0.797950
vt 0.335764 0.856373
vt 0.462830 0.651277
vt 0.453259 0.651617
vt 0.462700 0.648004
vt 0.460161 0.657140
vt 0.456319 0.656460
vt 0.452542 0.657611
vt 0.450654 0.653815
vt 0.449026 0.659627
vt 0.448830 0.652952
vt 0.451957 0.649470
vt 0.460617 0.643449
vt 0.463352 0.648057
vt 0.466347 0.652455
vt 0.466347 0.653266
vt 0.462049 0.658921
vt 0.466087 0.664339
vt 0.462115 0.661380
vt 0.462375 0.665464
vt 0.470710 0.662952
vt 0.471427 0.653162
vt 0.474096 0.653842
vt 0.471362 0.649784
vt 0.474161 0.649026
vt 0.476831 0.653187
vt 0.460161 0.662873
vt 0.459510 0.667506
vt 0.462571 0.668449
vt 0.465370 0.671250
vt 0.467324 0.669862
vt 0.471622 0.670542
vt 0.474096 0.663292
vt 0.477547 0.663056
vt 0.482171 0.653475
vt 0.486273 0.650282
vt 0.485752 0.651539
vt 0.489138 0.648763
vt 0.495195 0.652140
vt 0.489203 0.646015
vt 0.482171 0.664548
vt 0.482627 0.671355
vt 0.485818 0.665726
vt 0.485492 0.668658
vt 0.480738 0.669941
vt 0.476375 0.670569
vt 0.474032 0.671145
vt 0.488031 0.643790
vt 0.496561 0.650020
vt 0.497668 0.654418
vt 0.499557 0.653606
vt 0.499166 0.660255
vt 0.495650 0.658109
vt 0.492004 0.656904
vt 0.488227 0.657533
vt 0.486338 0.659287
vt 0.486208 0.661721
vt 0.488031 0.663265
vt 0.488487 0.667846
vt 0.479566 0.626617
vt 0.482301 0.629916
vt 0.479110 0.629471
vt 0.481194 0.634157
vt 0.475919 0.631356
vt 0.482886 0.632089
vt 0.484385 0.633607
vt 0.483538 0.635465
vt 0.486403 0.634627
vt 0.486663 0.637691
vt 0.489659 0.633502
vt 0.494021 0.636643
vt 0.492068 0.631041
vt 0.496105 0.632874
vt 0.492980 0.627795
vt 0.486795 0.643162
vt 0.484711 0.641408
vt 0.483929 0.638764
vt 0.474291 0.642534
vt 0.478133 0.645360
vt 0.477026 0.649784
vt 0.474227 0.644287
vt 0.470385 0.645308
vt 0.464003 0.641224
vt 0.464784 0.638633
vt 0.467389 0.634104
vt 0.465110 0.635387
vt 0.462049 0.637638
vt 0.462245 0.634602
vt 0.458924 0.633581
vt 0.454626 0.636800
vt 0.456514 0.631225
vt 0.452608 0.633136
vt 0.455473 0.628031
vt 0.461985 0.643083
vt 0.469343 0.629418
vt 0.466152 0.629916
vt 0.468822 0.626617
vt 0.465696 0.632062
vt 0.464199 0.633581
vt 0.472599 0.631225
vt 0.466477 0.647088
vt 0.464199 0.645753
vt 0.486077 0.644968
vt 0.488422 0.643685
vt 0.478709 0.743857
vt 0.484803 0.753875
vt 0.475993 0.748799
vt 0.494408 0.742014
vt 0.489772 0.742254
vt 0.490765 0.740144
vt 0.487982 0.688268
vt 0.483081 0.696977
vt 0.481226 0.690833
vt 0.485996 0.729379
vt 0.480696 0.732211
vt 0.485134 0.728684
vt 0.484340 0.716770
vt 0.478576 0.709345
vt 0.486526 0.707715
vt 0.479902 0.742254
vt 0.476655 0.736245
vt 0.480497 0.738809
vt 0.455391 0.731303
vt 0.457841 0.728391
vt 0.459365 0.730127
vt 0.474336 0.758069
vt 0.481094 0.763037
vt 0.473542 0.761755
vt 0.452079 0.726841
vt 0.454595 0.728978
vt 0.484074 0.720350
vt 0.473608 0.717171
vt 0.483544 0.683834
vt 0.445917 0.761167
vt 0.449363 0.759858
vt 0.447243 0.763839
vt 0.484207 0.762743
vt 0.484140 0.765067
vt 0.487784 0.746528
vt 0.485797 0.740224
vt 0.441281 0.752112
vt 0.447044 0.751684
vt 0.445123 0.754489
vt 0.460491 0.745674
vt 0.465725 0.742175
vt 0.467248 0.744098
vt 0.474933 0.754542
vt 0.466189 0.756867
vt 0.466453 0.754836
vt 0.461817 0.727322
vt 0.460557 0.731463
vt 0.472680 0.765175
vt 0.466255 0.760794
vt 0.453535 0.735683
vt 0.450953 0.733252
vt 0.454463 0.732532
vt 0.449561 0.747864
vt 0.448103 0.750268
vt 0.446315 0.749574
vt 0.492952 0.745353
vt 0.493680 0.743777
vt 0.465924 0.769475
vt 0.460027 0.766216
vt 0.466520 0.765041
vt 0.494408 0.747250
vt 0.482750 0.757801
vt 0.472747 0.695267
vt 0.472946 0.703654
vt 0.470826 0.703201
vt 0.497522 0.684207
vt 0.493084 0.675179
vt 0.484538 0.773295
vt 0.476324 0.781202
vt 0.478908 0.772334
vt 0.477582 0.682364
vt 0.478046 0.687707
vt 0.479570 0.674885
vt 0.483942 0.671465
vt 0.460359 0.762637
vt 0.457511 0.765709
vt 0.457511 0.763598
vt 0.461883 0.757828
vt 0.476125 0.695961
vt 0.467447 0.720003
vt 0.472680 0.722674
vt 0.485068 0.762156
vt 0.450753 0.744498
vt 0.460425 0.743003
vt 0.464863 0.724197
vt 0.465062 0.717519
vt 0.457245 0.725506
vt 0.464599 0.728044
vt 0.465857 0.726548
vt 0.484936 0.733733
vt 0.487520 0.730875
vt 0.473343 0.739182
vt 0.470163 0.732398
vt 0.481756 0.734508
vt 0.486990 0.736057
vt 0.452277 0.749494
vt 0.450091 0.749066
vt 0.465129 0.731356
vt 0.462147 0.734668
vt 0.467911 0.734989
vt 0.468176 0.726307
vt 0.466652 0.728257
vt 0.467646 0.729165
vt 0.450621 0.738034
vt 0.456583 0.733039
vt 0.447243 0.729406
vt 0.451268 0.786994
vt 0.438089 0.793017
vt 0.440388 0.785521
vt 0.492222 0.736057
vt 0.490302 0.734454
vt 0.442142 0.729433
vt 0.446977 0.734161
vt 0.440088 0.732852
vt 0.470494 0.714527
vt 0.467977 0.713511
vt 0.498714 0.744846
vt 0.493481 0.750162
vt 0.490169 0.750081
vt 0.491892 0.754676
vt 0.491096 0.752219
vt 0.486592 0.758176
vt 0.487586 0.761301
vt 0.487718 0.756172
vt 0.491892 0.755370
vt 0.481226 0.767205
vt 0.482551 0.740866
vt 0.464599 0.775485
vt 0.459631 0.781896
vt 0.457974 0.775966
vt 0.481756 0.760152
vt 0.487520 0.761862
vt 0.454265 0.759832
vt 0.453999 0.757722
vt 0.467646 0.782778
vt 0.470031 0.776421
vt 0.432536 0.735363
vt 0.424454 0.732745
vt 0.430085 0.731650
vt 0.474800 0.727296
vt 0.455655 0.784595
vt 0.452873 0.776848
vt 0.458769 0.768834
vt 0.458637 0.759912
vt 0.462611 0.789670
vt 0.463671 0.781790
vt 0.472614 0.770464
vt 0.440022 0.748372
vt 0.445388 0.746849
vt 0.442473 0.749788
vt 0.470760 0.787266
vt 0.453933 0.769449
vt 0.451019 0.765842
vt 0.439095 0.755478
vt 0.441678 0.756092
vt 0.440552 0.759805
vt 0.451615 0.763011
vt 0.448965 0.761541
vt 0.451813 0.735309
vt 0.458571 0.752780
vt 0.447309 0.747971
vt 0.441811 0.744712
vt 0.444461 0.745086
vt 0.445123 0.744178
vt 0.446977 0.739130
vt 0.424654 0.746528
vt 0.434656 0.742121
vt 0.457577 0.736057
vt 0.441479 0.737847
vt 0.456185 0.735390
vt 0.444924 0.737179
vt 0.427568 0.738408
vt 0.417432 0.741827
vt 0.421208 0.733599
vt 0.435782 0.729566
vt 0.442142 0.727455
vt 0.257943 0.763641
vt 0.254133 0.761971
vt 0.254920 0.759547
vt 0.257762 0.758417
vt 0.260663 0.759641
vt 0.261752 0.761829
vt 0.261205 0.770050
vt 0.257951 0.771292
vt 0.260631 0.767840
vt 0.258079 0.767244
vt 0.255399 0.767840
vt 0.254698 0.770149
vt 0.266138 0.786183
vt 0.268646 0.789540
vt 0.265525 0.788255
vt 0.268585 0.785635
vt 0.271154 0.786255
vt 0.271827 0.788468
vt 0.446470 0.780024
vt 0.435676 0.772924
vt 0.448922 0.778973
vt 0.433986 0.778973
vt 0.442937 0.758416
vt 0.447110 0.758336
vt 0.442672 0.761755
vt 0.444195 0.756493
vt 0.465526 0.752913
vt 0.483610 0.723823
vt 0.440474 0.765954
vt 0.446557 0.771450
vt 0.382381 0.758781
vt 0.383969 0.764022
vt 0.381852 0.761761
vt 0.385689 0.761973
vt 0.383440 0.768545
vt 0.381521 0.766576
vt 0.379669 0.765166
vt 0.378346 0.762053
vt 0.257688 0.754793
vt 0.261446 0.747657
vt 0.264685 0.748590
vt 0.258207 0.747481
vt 0.255032 0.747128
vt 0.251015 0.748263
vt 0.490500 0.697137
vt 0.253372 0.788501
vt 0.254500 0.786047
vt 0.257552 0.790335
vt 0.257619 0.784627
vt 0.260737 0.785764
vt 0.261733 0.788397
vt 0.359015 0.695541
vt 0.354554 0.700907
vt 0.347999 0.693569
vt 0.348742 0.685468
vt 0.343336 0.680549
vt 0.341173 0.686862
vt 0.335699 0.676446
vt 0.336509 0.672843
vt 0.343606 0.672474
vt 0.342795 0.669423
vt 0.344079 0.670817
vt 0.345836 0.670370
vt 0.348607 0.665925
vt 0.353879 0.670449
vt 0.345903 0.672922
vt 0.347525 0.674737
vt 0.352392 0.679997
vt 0.360096 0.684836
vt 0.358947 0.675815
vt 0.364016 0.677735
vt 0.336036 0.661060
vt 0.333873 0.660165
vt 0.328872 0.661875
vt 0.332251 0.657956
vt 0.328062 0.657061
vt 0.338874 0.654247
vt 0.333536 0.656588
vt 0.332455 0.652459
vt 0.340700 0.656509
vt 0.340227 0.653169
vt 0.344552 0.661875
vt 0.336509 0.658614
vt 0.338402 0.663374
vt 0.339145 0.666715
vt 0.341781 0.667898
vt 0.341443 0.664952
vt 0.339551 0.664873
vt 0.342389 0.647462
vt 0.337456 0.648014
vt 0.400046 0.784268
vt 0.398987 0.782379
vt 0.400112 0.781289
vt 0.405073 0.781103
vt 0.406000 0.773121
vt 0.410432 0.779480
vt 0.414269 0.773946
vt 0.413542 0.781103
vt 0.418504 0.775995
vt 0.419761 0.782406
vt 0.423664 0.778389
vt 0.423929 0.775995
vt 0.421282 0.772696
vt 0.419761 0.769370
vt 0.404412 0.784641
vt 0.408844 0.783843
vt 0.412020 0.784961
vt 0.419099 0.787754
vt 0.429950 0.787408
vt 0.428031 0.783444
vt 0.429287 0.780384
vt 0.429817 0.779427
vt 0.430677 0.777405
vt 0.427369 0.775755
vt 0.428296 0.772696
vt 0.425716 0.769183
vt 0.432133 0.773068
vt 0.431604 0.791638
vt 0.433522 0.770620
vt 0.432463 0.768199
vt 0.428957 0.766869
vt 0.434382 0.765113
vt 0.433258 0.764235
vt 0.437161 0.761095
vt 0.422606 0.770062
vt 0.417974 0.768066
vt 0.425848 0.762665
vt 0.429685 0.760670
vt 0.431670 0.761042
vt 0.436102 0.760058
vt 0.428163 0.757158
vt 0.430016 0.757450
vt 0.427435 0.756014
vt 0.426046 0.756439
vt 0.426774 0.753274
vt 0.425384 0.759685
vt 0.420489 0.756812
vt 0.413608 0.764235
vt 0.406926 0.770939
vt 0.405802 0.764102
vt 0.400046 0.771445
vt 0.399516 0.763782
vt 0.402956 0.761947
vt 0.397995 0.760244
vt 0.402295 0.760005
vt 0.401170 0.756040
vt 0.407654 0.753113
vt 0.405736 0.750081
vt 0.413211 0.745931
vt 0.410829 0.759925
vt 0.409308 0.756413
vt 0.415857 0.752315
vt 0.417247 0.753965
vt 0.420687 0.753007
vt 0.422606 0.753832
vt 0.421481 0.752689
vt 0.421216 0.749522
vt 0.418570 0.749762
vt 0.417578 0.749389
vt 0.416718 0.747101
vt 0.414535 0.749948
vt 0.416453 0.743935
vt 0.414336 0.738960
vt 0.409573 0.741913
vt 0.406265 0.734118
vt 0.416652 0.732335
vt 0.403949 0.745345
vt 0.400178 0.751837
vt 0.386284 0.735182
vt 0.389857 0.744308
vt 0.383440 0.744494
vt 0.389923 0.737630
vt 0.393760 0.736565
vt 0.391048 0.729542
vt 0.397399 0.734543
vt 0.398987 0.730207
vt 0.401700 0.739971
vt 0.398524 0.747926
vt 0.393694 0.753007
vt 0.394951 0.756121
vt 0.394158 0.759153
vt 0.396143 0.766017
vt 0.390982 0.770913
vt 0.400310 0.773839
vt 0.390651 0.762585
vt 0.385689 0.770381
vt 0.390254 0.760404
vt 0.391974 0.756121
vt 0.391247 0.754178
vt 0.392834 0.751252
vt 0.391048 0.750400
vt 0.395811 0.742684
vt 0.379669 0.768066
vt 0.377221 0.769476
vt 0.377354 0.764979
vt 0.380198 0.772004
vt 0.381191 0.768598
vt 0.384962 0.760537
vt 0.388335 0.758248
vt 0.386152 0.758248
vt 0.385623 0.755721
vt 0.387079 0.751198
vt 0.381786 0.773759
vt 0.385755 0.772882
vt 0.387079 0.774132
vt 0.388997 0.773360
vt 0.390982 0.776021
vt 0.389196 0.771977
vt 0.387079 0.771551
vt 0.385359 0.775755
vt 0.379669 0.775755
vt 0.382381 0.778629
vt 0.384896 0.777457
vt 0.385954 0.777990
vt 0.389130 0.779666
vt 0.393562 0.778815
vt 0.396738 0.783071
vt 0.398326 0.785572
vt 0.399648 0.786424
vt 0.395018 0.786371
vt 0.393231 0.782646
vt 0.395414 0.784109
vt 0.390982 0.786450
vt 0.392570 0.790707
vt 0.385094 0.789883
vt 0.387674 0.792170
vt 0.382117 0.794512
vt 0.388335 0.794059
vt 0.397863 0.791931
vt 0.399648 0.788818
vt 0.403817 0.786424
vt 0.403022 0.788685
vt 0.403420 0.791506
vt 0.367165 0.782087
vt 0.371929 0.788605
vt 0.360616 0.788685
vt 0.367099 0.795363
vt 0.370407 0.795124
vt 0.376096 0.794352
vt 0.377287 0.790015
vt 0.377354 0.782991
vt 0.384696 0.784881
vt 0.388667 0.783470
vt 0.407059 0.788579
vt 0.409374 0.787142
vt 0.411227 0.786264
vt 0.410962 0.788099
vt 0.413410 0.787408
vt 0.410697 0.790361
vt 0.446291 0.834739
vt 0.441064 0.833196
vt 0.453435 0.828806
vt 0.436830 0.827528
vt 0.441858 0.823538
vt 0.435309 0.821675
vt 0.437227 0.817339
vt 0.430545 0.814040
vt 0.436830 0.811219
vt 0.429023 0.800019
vt 0.443710 0.808772
vt 0.436830 0.799673
vt 0.421349 0.794299
vt 0.418173 0.797172
vt 0.416254 0.799274
vt 0.444174 0.818190
vt 0.454031 0.818589
vt 0.427435 0.816168
vt 0.424855 0.807575
vt 0.423003 0.808825
vt 0.385624 0.641412
vt 0.394275 0.649671
vt 0.389003 0.653037
vt 0.363659 0.649855
vt 0.364471 0.642070
vt 0.366363 0.643280
vt 0.362241 0.642516
vt 0.358862 0.645936
vt 0.360889 0.639886
vt 0.362308 0.640781
vt 0.363659 0.640045
vt 0.365416 0.634916
vt 0.371770 0.638124
vt 0.364741 0.631707
vt 0.377987 0.634652
vt 0.377717 0.643332
vt 0.372580 0.647409
vt 0.379813 0.654458
vt 0.369405 0.653958
vt 0.371229 0.658850
vt 0.356428 0.639755
vt 0.359199 0.639308
vt 0.357375 0.637256
vt 0.354130 0.637282
vt 0.351427 0.635678
vt 0.354400 0.643148
vt 0.349197 0.636599
vt 0.348385 0.641018
vt 0.346291 0.634468
vt 0.345750 0.639966
vt 0.342100 0.634468
vt 0.355820 0.637993
vt 0.345074 0.641412
vt 0.340276 0.644726
vt 0.339330 0.640176
vt 0.350413 0.629130
vt 0.347440 0.632943
vt 0.345547 0.629392
vt 0.350007 0.633837
vt 0.254172 0.773879
vt 0.257609 0.781340
vt 0.250800 0.774625
vt 0.257412 0.773827
vt 0.260651 0.773647
vt 0.264684 0.775011
vt 0.295761 0.653401
vt 0.279465 0.653460
vt 0.295764 0.652367
vt 0.295760 0.654221
vt 0.279461 0.654762
vt 0.295758 0.654747
vt 0.279460 0.655796
vt 0.295757 0.654929
vt 0.279457 0.656461
vt 0.279456 0.656689
vt 0.279469 0.652015
vt 0.295771 0.650076
vt 0.295768 0.651222
vt 0.295773 0.649044
vt 0.279162 0.650505
vt 0.295776 0.648224
vt 0.276806 0.649060
vt 0.295778 0.647697
vt 0.273611 0.648202
vt 0.295778 0.647515
vt 0.270611 0.647675
vt 0.269377 0.647494
vt 0.276724 0.649064
vt 0.278898 0.650496
vt 0.253848 0.660827
vt 0.255757 0.660685
vt 0.255233 0.659678
vt 0.254727 0.661915
vt 0.256746 0.661554
vt 0.256094 0.662778
vt 0.258173 0.661958
vt 0.257816 0.663334
vt 0.259728 0.662101
vt 0.261637 0.663334
vt 0.259728 0.663525
vt 0.263361 0.662778
vt 0.261271 0.661917
vt 0.264728 0.661915
vt 0.262544 0.661244
vt 0.265606 0.660827
vt 0.263419 0.660353
vt 0.265909 0.659620
vt 0.263912 0.659422
vt 0.265448 0.657995
vt 0.264177 0.658593
vt 0.263855 0.654022
vt 0.264013 0.655780
vt 0.262609 0.649559
vt 0.259728 0.655949
vt 0.261243 0.645602
vt 0.259728 0.644002
vt 0.258212 0.645602
vt 0.256845 0.649559
vt 0.255583 0.653931
vt 0.254024 0.657679
vt 0.255298 0.655655
vt 0.254958 0.658781
vt 0.255013 0.657379
vt 0.253546 0.659620
vt 0.264171 0.657539
vt 0.101018 0.606569
vt 0.099466 0.602868
vt 0.097961 0.609388
vt 0.106246 0.608767
vt 0.103797 0.610167
vt 0.099824 0.614083
vt 0.096209 0.615536
vt 0.094477 0.612806
vt 0.093112 0.609776
vt 0.088537 0.602305
vt 0.084578 0.609206
vt 0.079590 0.605938
vt 0.072924 0.610834
vt 0.104785 0.585021
vt 0.100219 0.593117
vt 0.103479 0.594401
vt 0.104002 0.601338
vt 0.104202 0.604844
vt 0.112748 0.607281
vt 0.109464 0.614203
vt 0.107511 0.616771
vt 0.109062 0.620124
vt 0.100773 0.620099
vt 0.095990 0.621133
vt 0.114677 0.599913
vt 0.111782 0.597758
vt 0.109408 0.602142
vt 0.115127 0.604065
vt 0.109835 0.588239
vt 0.113468 0.617101
vt 0.120435 0.610117
vt 0.121455 0.605066
vt 0.118607 0.599926
vt 0.116876 0.597370
vt 0.114902 0.595163
vt 0.111797 0.587636
vt 0.109102 0.576563
vt 0.108304 0.576689
vt 0.107506 0.576419
vt 0.102387 0.584059
vt 0.095320 0.565899
vt 0.101830 0.568153
vt 0.096493 0.563609
vt 0.095788 0.560979
vt 0.101469 0.560581
vt 0.102815 0.563601
vt 0.109465 0.569462
vt 0.099215 0.511153
vt 0.096984 0.508942
vt 0.095422 0.510937
vt 0.099219 0.512315
vt 0.102489 0.507622
vt 0.096534 0.507540
vt 0.094745 0.508795
vt 0.093254 0.508749
vt 0.093635 0.512243
vt 0.097521 0.518883
vt 0.105598 0.512589
vt 0.107123 0.518801
vt 0.097522 0.525540
vt 0.111170 0.523523
vt 0.112985 0.527169
vt 0.116758 0.524807
vt 0.117633 0.532694
vt 0.119901 0.531137
vt 0.118519 0.536324
vt 0.120364 0.534963
vt 0.115818 0.522417
vt 0.110819 0.517267
vt 0.118851 0.524546
vt 0.117285 0.520942
vt 0.112487 0.516068
vt 0.111587 0.512181
vt 0.109092 0.510779
vt 0.089273 0.500692
vt 0.088447 0.506403
vt 0.089359 0.505000
vt 0.088333 0.510874
vt 0.089136 0.507515
vt 0.088014 0.517362
vt 0.086148 0.527186
vt 0.091609 0.535079
vt 0.100188 0.531088
vt 0.113944 0.534331
vt 0.102349 0.534257
vt 0.105480 0.539246
vt 0.115530 0.538296
vt 0.092583 0.543608
vt 0.089664 0.535773
vt 0.086480 0.536461
vt 0.081876 0.529516
vt 0.083223 0.540275
vt 0.080171 0.534483
vt 0.079961 0.545121
vt 0.076662 0.539339
vt 0.075128 0.529670
vt 0.090430 0.545006
vt 0.099108 0.547230
vt 0.096649 0.557540
vt 0.093074 0.554580
vt 0.123021 0.537030
vt 0.121681 0.539661
vt 0.118040 0.541063
vt 0.110667 0.544441
vt 0.106871 0.546366
vt 0.105406 0.549002
vt 0.102467 0.552958
vt 0.092356 0.560568
vt 0.089863 0.559218
vt 0.089267 0.555215
vt 0.106898 0.550183
vt 0.105758 0.554174
vt 0.111419 0.551223
vt 0.104718 0.552201
vt 0.065950 0.555047
vt 0.064953 0.546080
vt 0.060738 0.550498
vt 0.068559 0.548497
vt 0.072240 0.550034
vt 0.073210 0.544088
vt 0.076713 0.547980
vt 0.076320 0.556457
vt 0.078483 0.551912
vt 0.080895 0.556257
vt 0.083978 0.554850
vt 0.086041 0.559595
vt 0.085850 0.545129
vt 0.081803 0.550340
vt 0.066285 0.538883
vt 0.061245 0.542971
vt 0.068804 0.541779
vt 0.072814 0.537034
vt 0.067881 0.535287
vt 0.064357 0.534338
vt 0.062682 0.537627
vt 0.056258 0.538026
vt 0.052636 0.545285
vt 0.068694 0.528755
vt 0.064398 0.528428
vt 0.067214 0.525586
vt 0.072257 0.525987
vt 0.073935 0.524943
vt 0.077910 0.527319
vt 0.075950 0.524401
vt 0.081222 0.513416
vt 0.084821 0.508063
vt 0.069297 0.518515
vt 0.084245 0.505531
vt 0.083034 0.504932
vt 0.082055 0.506259
vt 0.078643 0.509411
vt 0.074871 0.516237
vt 0.073170 0.520147
vt 0.072555 0.513591
vt 0.066872 0.501514
vt 0.066193 0.509577
vt 0.070305 0.511071
vt 0.064107 0.508856
vt 0.063364 0.515490
vt 0.065022 0.515220
vt 0.066565 0.516219
vt 0.064311 0.518034
vt 0.064386 0.520482
vt 0.067909 0.522489
vt 0.030203 0.586880
vt 0.035715 0.593738
vt 0.037339 0.586268
vt 0.031360 0.599388
vt 0.026688 0.599797
vt 0.032097 0.601946
vt 0.027856 0.603039
vt 0.014731 0.600423
vt 0.016908 0.594033
vt 0.029870 0.577872
vt 0.037248 0.577856
vt 0.027248 0.563040
vt 0.017966 0.559374
vt 0.015286 0.541548
vt 0.018063 0.576934
vt 0.014372 0.591081
vt 0.004450 0.604130
vt 0.007572 0.602725
vt 0.010360 0.601463
vt 0.007776 0.606895
vt 0.018938 0.607651
vt 0.024852 0.609663
vt 0.028351 0.613355
vt 0.035433 0.608243
vt 0.042050 0.606908
vt 0.037466 0.601454
vt 0.035381 0.599580
vt 0.036758 0.597095
vt 0.042146 0.596881
vt 0.037736 0.592165
vt 0.031137 0.616783
vt 0.033533 0.618239
vt 0.027790 0.615561
vt 0.020049 0.616974
vt 0.024670 0.618728
vt 0.015313 0.614980
vt 0.011123 0.614129
vt 0.004125 0.609996
vt 0.002783 0.605604
vt 0.001651 0.607581
vt 0.005796 0.608606
vt 0.008492 0.614044
vt 0.008479 0.619753
vt 0.009652 0.621584
vt 0.013350 0.619634
vt 0.014579 0.620995
vt 0.016007 0.622535
vt 0.017585 0.623003
vt 0.021614 0.622891
vt 0.025163 0.623468
vt 0.028477 0.624483
vt 0.029722 0.617964
vt 0.030987 0.619533
vt 0.005981 0.614429
vt 0.070049 0.585002
vt 0.065522 0.590974
vt 0.071315 0.586598
vt 0.078827 0.591745
vt 0.078814 0.587964
vt 0.086701 0.578397
vt 0.085890 0.584833
vt 0.078820 0.581083
vt 0.073215 0.574746
vt 0.070090 0.573230
vt 0.093019 0.578104
vt 0.093980 0.581507
vt 0.091970 0.575740
vt 0.080810 0.567612
vt 0.074310 0.569045
vt 0.087364 0.574386
vt 0.094012 0.572614
vt 0.096810 0.572434
vt 0.097510 0.574996
vt 0.097507 0.577564
vt 0.098066 0.581017
vt 0.097844 0.582906
vt 0.093553 0.584532
vt 0.087627 0.589812
vt 0.081451 0.565463
vt 0.087426 0.565503
vt 0.083296 0.563701
vt 0.086796 0.569351
vt 0.093421 0.570933
vt 0.097504 0.570272
vt 0.020622 0.521137
vt 0.011528 0.501084
vt 0.018735 0.521725
vt 0.024127 0.518257
vt 0.039233 0.587780
vt 0.043455 0.585774
vt 0.038415 0.582502
vt 0.038517 0.579571
vt 0.040752 0.578353
vt 0.038053 0.575446
vt 0.034491 0.561082
vt 0.021914 0.541207
vt 0.012287 0.523241
vt 0.016687 0.522694
vt 0.008503 0.501420
vt 0.025655 0.538297
vt 0.029401 0.537309
vt 0.063898 0.589169
vt 0.058777 0.589126
vt 0.060858 0.591115
vt 0.056885 0.586016
vt 0.057131 0.577393
vt 0.049624 0.580647
vt 0.049414 0.570187
vt 0.044966 0.574834
vt 0.040459 0.557886
vt 0.054504 0.593122
vt 0.053384 0.586409
vt 0.050574 0.582939
vt 0.047071 0.585493
vt 0.046706 0.579764
vt 0.044740 0.577912
vt 0.042343 0.577718
vt 0.042518 0.574055
vt 0.034700 0.533549
vt 0.045124 0.548107
vt 0.057442 0.560940
vt 0.070947 0.569573
vt 0.062306 0.594161
vt 0.064763 0.600742
vt 0.069210 0.595279
vt 0.079454 0.596475
vt 0.080500 0.601010
vt 0.108202 0.547426
vt 0.111098 0.546025
vt 0.109483 0.549286
vt 0.115623 0.549362
vt 0.077542 0.562783
vt 0.071828 0.558151
vt 0.069938 0.566453
vt 0.062817 0.561048
vt 0.082937 0.561727
vt 0.011917 0.595060
vt 0.010222 0.597315
vt 0.053757 0.607433
vt 0.057240 0.612982
vt 0.057274 0.606154
vt 0.053590 0.613074
vt 0.051851 0.610866
vt 0.049246 0.615516
vt 0.050371 0.609089
vt 0.052914 0.604871
vt 0.056551 0.602216
vt 0.060092 0.606091
vt 0.059459 0.607982
vt 0.062482 0.610725
vt 0.061779 0.611267
vt 0.063656 0.615471
vt 0.059418 0.612921
vt 0.013326 0.619654
vt 0.599452 0.506982
vt 0.599165 0.505689
vt 0.592983 0.506701
vt 0.593936 0.508738
vt 0.598704 0.508300
vt 0.990725 0.572488
vt 0.992980 0.567452
vt 0.988412 0.572708
vt 0.991584 0.565783
vt 0.992040 0.565991
vt 0.991303 0.561247
vt 0.981537 0.573243
vt 0.987094 0.566559
vt 0.972111 0.569418
vt 0.972984 0.574644
vt 0.975922 0.577275
vt 0.977719 0.569588
vt 0.977175 0.566883
vt 0.981768 0.569271
vt 0.980628 0.566246
vt 0.980132 0.557973
vt 0.977347 0.563877
vt 0.987151 0.559471
vt 0.986987 0.556200
vt 0.985432 0.552622
vt 0.982224 0.555913
vt 0.989192 0.559551
vt 0.989720 0.555992
vt 0.987647 0.553446
vt 0.991395 0.554485
vt 0.990331 0.554069
vt 0.990755 0.558887
vt 0.992158 0.558803
vt 0.992806 0.562212
vt 0.992522 0.560444
vt 0.993091 0.565597
vt 0.993714 0.565569
vt 0.994444 0.566524
vt 0.994493 0.565003
vt 0.993436 0.570291
vt 0.994050 0.568562
vt 0.993183 0.572332
vt 0.992122 0.572342
vt 0.982524 0.553282
vt 0.979616 0.553943
vt 0.976014 0.557212
vt 0.970663 0.562574
vt 0.971289 0.565439
vt 0.971318 0.567137
vt 0.967576 0.568866
vt 0.968785 0.571492
vt 0.976373 0.555108
vt 0.972294 0.559036
vt 0.971577 0.556922
vt 0.967560 0.558583
vt 0.967333 0.561028
vt 0.963986 0.560176
vt 0.963088 0.562748
vt 0.967043 0.566009
vt 0.967404 0.567373
vt 0.963699 0.569151
vt 0.962558 0.567713
vt 0.958131 0.569560
vt 0.958866 0.571368
vt 0.953988 0.571627
vt 0.958601 0.572915
vt 0.963532 0.572819
vt 0.966444 0.575520
vt 0.968150 0.573351
vt 0.970025 0.576712
vt 0.972494 0.577227
vt 0.963184 0.565845
vt 0.958337 0.563871
vt 0.958857 0.566486
vt 0.957658 0.563000
vt 0.953667 0.564846
vt 0.953457 0.566284
vt 0.957906 0.567990
vt 0.954439 0.569937
vt 0.953069 0.568145
vt 0.951546 0.570658
vt 0.950771 0.569115
vt 0.950631 0.567861
vt 0.949947 0.569534
vt 0.949723 0.567616
vt 0.951367 0.566951
vt 0.950947 0.566111
vt 0.991963 0.574470
vt 0.993306 0.576442
vt 0.988690 0.576586
vt 0.986102 0.581063
vt 0.988879 0.579218
vt 0.992199 0.577084
vt 0.987085 0.576498
vt 0.983207 0.576862
vt 0.978562 0.578980
vt 0.983507 0.580186
vt 0.545900 0.617204
vt 0.546825 0.619981
vt 0.547236 0.618631
vt 0.546341 0.616918
vt 0.549632 0.616402
vt 0.549262 0.619484
vt 0.549236 0.618727
vt 0.551147 0.621623
vt 0.551113 0.619985
vt 0.550104 0.617198
vt 0.553383 0.619629
vt 0.552764 0.619247
vt 0.543853 0.503926
vt 0.552918 0.505516
vt 0.545737 0.502713
vt 0.546813 0.506857
vt 0.549743 0.509947
vt 0.553958 0.510368
vt 0.556251 0.515849
vt 0.554765 0.506796
vt 0.559878 0.520293
vt 0.555845 0.520312
vt 0.565431 0.515190
vt 0.562367 0.513638
vt 0.557732 0.509695
vt 0.557893 0.507682
vt 0.552470 0.520215
vt 0.556952 0.523127
vt 0.545482 0.524687
vt 0.538575 0.512039
vt 0.536037 0.513326
vt 0.537968 0.515293
vt 0.540867 0.512630
vt 0.542304 0.519313
vt 0.538865 0.518174
vt 0.541211 0.520594
vt 0.541949 0.523236
vt 0.540480 0.521892
vt 0.542430 0.524496
vt 0.543325 0.526410
vt 0.541439 0.526097
vt 0.546543 0.530278
vt 0.551865 0.530901
vt 0.554514 0.533282
vt 0.560382 0.528272
vt 0.557642 0.534012
vt 0.560071 0.535160
vt 0.563054 0.531464
vt 0.564679 0.528241
vt 0.564493 0.532773
vt 0.563045 0.534748
vt 0.533115 0.513601
vt 0.535300 0.516665
vt 0.537296 0.519146
vt 0.538769 0.520256
vt 0.546804 0.532277
vt 0.543442 0.531075
vt 0.542372 0.528511
vt 0.542490 0.530034
vt 0.540600 0.528511
vt 0.541452 0.529913
vt 0.540133 0.530646
vt 0.542950 0.532511
vt 0.546637 0.533890
vt 0.581397 0.541093
vt 0.580490 0.540339
vt 0.580287 0.541672
vt 0.582602 0.539781
vt 0.582761 0.537628
vt 0.578136 0.538816
vt 0.573637 0.539850
vt 0.570977 0.537877
vt 0.568783 0.539663
vt 0.567823 0.535394
vt 0.566000 0.537363
vt 0.561996 0.536084
vt 0.562049 0.538172
vt 0.559256 0.537001
vt 0.558051 0.535609
vt 0.556638 0.537421
vt 0.555638 0.535408
vt 0.552472 0.534551
vt 0.575749 0.542779
vt 0.579854 0.543837
vt 0.573466 0.544196
vt 0.580680 0.545904
vt 0.566899 0.541859
vt 0.561856 0.541458
vt 0.557993 0.539943
vt 0.558725 0.538282
vt 0.556067 0.539932
vt 0.552897 0.538549
vt 0.552914 0.536351
vt 0.545871 0.535424
vt 0.549131 0.539956
vt 0.543252 0.538351
vt 0.545430 0.536998
vt 0.542891 0.535148
vt 0.541005 0.535745
vt 0.540905 0.540653
vt 0.543440 0.545211
vt 0.542386 0.534052
vt 0.539935 0.534997
vt 0.538729 0.535298
vt 0.538385 0.537714
vt 0.539434 0.533902
vt 0.537750 0.539254
vt 0.538743 0.540829
vt 0.535195 0.540779
vt 0.534626 0.543449
vt 0.533716 0.548118
vt 0.541675 0.549261
vt 0.532248 0.554943
vt 0.531773 0.562576
vt 0.542178 0.555537
vt 0.533038 0.562991
vt 0.538136 0.559809
vt 0.534300 0.563394
vt 0.535767 0.563873
vt 0.537236 0.564377
vt 0.545636 0.560865
vt 0.539096 0.566300
vt 0.543449 0.563610
vt 0.546891 0.564480
vt 0.525082 0.557170
vt 0.529713 0.563098
vt 0.528321 0.556828
vt 0.524839 0.554060
vt 0.524927 0.555608
vt 0.529524 0.549670
vt 0.528565 0.546171
vt 0.526272 0.549555
vt 0.531979 0.542062
vt 0.528275 0.540614
vt 0.525545 0.542101
vt 0.527822 0.542954
vt 0.536386 0.539632
vt 0.526393 0.543938
vt 0.524911 0.545430
vt 0.525927 0.545482
vt 0.525736 0.546910
vt 0.547706 0.563506
vt 0.550496 0.565410
vt 0.551883 0.561366
vt 0.550753 0.563446
vt 0.552193 0.563442
vt 0.553422 0.563446
vt 0.552733 0.565254
vt 0.555050 0.564337
vt 0.554205 0.567149
vt 0.553310 0.566559
vt 0.555683 0.566848
vt 0.558535 0.566798
vt 0.557261 0.565106
vt 0.558691 0.564749
vt 0.561059 0.563146
vt 0.562922 0.559807
vt 0.556584 0.562554
vt 0.558446 0.559811
vt 0.554669 0.552684
vt 0.551473 0.565645
vt 0.551398 0.551588
vt 0.549862 0.556995
vt 0.547890 0.550383
vt 0.548748 0.553029
vt 0.551935 0.549856
vt 0.555855 0.548449
vt 0.551507 0.545961
vt 0.559276 0.548320
vt 0.557772 0.545685
vt 0.574286 0.546873
vt 0.569385 0.546263
vt 0.565589 0.545455
vt 0.561806 0.544363
vt 0.563439 0.546463
vt 0.547769 0.545360
vt 0.559148 0.550372
vt 0.558411 0.557832
vt 0.560879 0.557377
vt 0.562462 0.554323
vt 0.562489 0.550457
vt 0.563228 0.551549
vt 0.563356 0.549289
vt 0.562840 0.549887
vt 0.564730 0.549330
vt 0.562737 0.549109
vt 0.562627 0.548015
vt 0.560979 0.549110
vt 0.562471 0.549283
vt 0.560655 0.549807
vt 0.569226 0.549817
vt 0.562922 0.557673
vt 0.569821 0.554617
vt 0.565122 0.561151
vt 0.569975 0.557832
vt 0.562232 0.558700
vt 0.561581 0.558349
vt 0.560762 0.558633
vt 0.559536 0.558955
vt 0.560554 0.558743
vt 0.559675 0.558385
vt 0.560557 0.558290
vt 0.560642 0.558506
vt 0.560488 0.558607
vt 0.560746 0.558481
vt 0.580504 0.554983
vt 0.578766 0.550128
vt 0.574455 0.554623
vt 0.568702 0.561059
vt 0.579635 0.548223
vt 0.584222 0.552048
vt 0.583789 0.555285
vt 0.582189 0.557748
vt 0.573351 0.560168
vt 0.570294 0.561984
vt 0.571845 0.560547
vt 0.565068 0.563435
vt 0.565383 0.562592
vt 0.561750 0.564136
vt 0.591451 0.553718
vt 0.592693 0.554147
vt 0.591887 0.551893
vt 0.590661 0.551105
vt 0.589763 0.554654
vt 0.590381 0.555857
vt 0.591806 0.556056
vt 0.588438 0.556391
vt 0.588171 0.557861
vt 0.590280 0.557170
vt 0.586889 0.554301
vt 0.586210 0.556534
vt 0.588448 0.554181
vt 0.586143 0.550253
vt 0.583446 0.548343
vt 0.584761 0.548282
vt 0.585348 0.547723
vt 0.582609 0.544898
vt 0.589098 0.550593
vt 0.544947 0.618080
vt 0.546896 0.621234
vt 0.547259 0.619547
vt 0.548234 0.616722
vt 0.549963 0.620450
vt 0.552997 0.621099
vt 0.551844 0.619563
vt 0.554909 0.618227
vt 0.553772 0.618393
vt 0.552030 0.616367
vt 0.549811 0.618832
vt 0.549838 0.616740
vt 0.550916 0.618426
vt 0.550314 0.619249
vt 0.550710 0.620737
vt 0.553654 0.618485
vt 0.549739 0.615704
vt 0.549655 0.617745
vt 0.546516 0.617301
vt 0.549370 0.620604
vt 0.549605 0.620758
vt 0.553893 0.622069
vt 0.553541 0.620272
vt 0.545541 0.618341
vt 0.547354 0.620917
vt 0.547630 0.619220
vt 0.546056 0.617761
vt 0.549665 0.616563
vt 0.549875 0.619414
vt 0.549629 0.618561
vt 0.552375 0.620982
vt 0.551736 0.619200
vt 0.554166 0.618308
vt 0.553324 0.617924
vt 0.550069 0.615978
vt 0.955916 0.558544
vt 0.957578 0.558339
vt 0.956485 0.557495
vt 0.954847 0.557826
vt 0.954262 0.558962
vt 0.957066 0.556171
vt 0.953982 0.557125
vt 0.961297 0.557434
vt 0.958243 0.557035
vt 0.960211 0.556649
vt 0.960584 0.555324
vt 0.966151 0.556035
vt 0.964716 0.556685
vt 0.966555 0.557650
vt 0.967738 0.555720
vt 0.964795 0.558913
vt 0.963638 0.557786
vt 0.962705 0.559266
vt 0.959386 0.560045
vt 0.960713 0.560867
vt 0.959031 0.561696
vt 0.957264 0.561097
vt 0.956812 0.562656
vt 0.952586 0.558448
vt 0.952414 0.559444
vt 0.953263 0.558247
vt 0.952137 0.557740
vt 0.951048 0.558188
vt 0.951624 0.558624
vt 0.950398 0.557782
vt 0.949931 0.556736
vt 0.949200 0.557777
vt 0.948248 0.559496
vt 0.949324 0.559260
vt 0.949546 0.559647
vt 0.950840 0.559605
vt 0.950376 0.559238
vt 0.949661 0.560679
vt 0.951068 0.560176
vt 0.951346 0.561013
vt 0.951656 0.559121
vt 0.952547 0.555432
vt 0.953329 0.552758
vt 0.951434 0.552487
vt 0.950427 0.554257
vt 0.948468 0.556137
vt 0.949522 0.552199
vt 0.948607 0.554399
vt 0.947478 0.558279
vt 0.947421 0.556846
vt 0.947630 0.559686
vt 0.947891 0.560586
vt 0.948449 0.561575
vt 0.950470 0.563541
vt 0.951087 0.562815
vt 0.952153 0.564946
vt 0.953000 0.562337
vt 0.953754 0.564117
vt 0.950236 0.558944
vt 0.950695 0.559239
vt 0.951035 0.559071
vt 0.950722 0.558376
vt 0.950226 0.558674
vt 0.955006 0.554296
vt 0.958773 0.554001
vt 0.955579 0.552560
vt 0.961910 0.552395
vt 0.958981 0.552419
vt 0.962091 0.553531
vt 0.964906 0.552496
vt 0.964242 0.554501
vt 0.967180 0.554070
vt 0.968907 0.552096
vt 0.968388 0.554624
vt 0.972220 0.552628
vt 0.972049 0.551587
vt 0.973964 0.551682
vt 0.974860 0.552432
vt 0.972673 0.554676
vt 0.972959 0.555745
vt 0.974413 0.554866
vt 0.970269 0.555648
vt 0.969844 0.556756
vt 0.966653 0.555083
vt 0.965124 0.555424
vt 0.963958 0.556293
vt 0.963462 0.555840
vt 0.961981 0.556097
vt 0.553891 0.618585
vt 0.552453 0.617195
vt 0.551783 0.618764
vt 0.549894 0.620829
vt 0.550934 0.621004
vt 0.550545 0.617890
vt 0.550337 0.618931
vt 0.549349 0.616230
vt 0.549291 0.617932
vt 0.547404 0.616563
vt 0.547804 0.618445
vt 0.548537 0.620462
vt 0.586387 0.523446
vt 0.586693 0.521942
vt 0.584880 0.519422
vt 0.581555 0.522539
vt 0.586456 0.524652
vt 0.549870 0.584241
vt 0.544487 0.584513
vt 0.543122 0.589136
vt 0.551129 0.580597
vt 0.546696 0.579481
vt 0.553943 0.575628
vt 0.547458 0.577027
vt 0.552245 0.578420
vt 0.544964 0.577162
vt 0.542639 0.578287
vt 0.544644 0.579229
vt 0.541737 0.583653
vt 0.542983 0.576942
vt 0.540697 0.576582
vt 0.539356 0.573187
vt 0.537825 0.573532
vt 0.535642 0.570057
vt 0.533527 0.596404
vt 0.536952 0.596530
vt 0.537226 0.594951
vt 0.536695 0.592146
vt 0.534865 0.593684
vt 0.541253 0.595491
vt 0.539932 0.593642
vt 0.543162 0.591801
vt 0.544701 0.593672
vt 0.546985 0.589597
vt 0.539962 0.584433
vt 0.540942 0.588750
vt 0.538647 0.582403
vt 0.534368 0.574734
vt 0.537232 0.576151
vt 0.533937 0.571848
vt 0.531752 0.567110
vt 0.529891 0.568766
vt 0.529871 0.566745
vt 0.533322 0.579674
vt 0.536373 0.581594
vt 0.530380 0.578856
vt 0.529524 0.573166
vt 0.528348 0.568022
vt 0.528045 0.570620
vt 0.527096 0.572626
vt 0.528912 0.577861
vt 0.528120 0.581453
vt 0.530482 0.583237
vt 0.527846 0.584254
vt 0.534952 0.585703
vt 0.531245 0.588296
vt 0.537154 0.587359
vt 0.534086 0.590314
vt 0.538911 0.588476
vt 0.528605 0.565565
vt 0.526774 0.567426
vt 0.526431 0.564290
vt 0.523683 0.568791
vt 0.525183 0.565681
vt 0.523871 0.571054
vt 0.523070 0.574521
vt 0.527175 0.577238
vt 0.524859 0.578240
vt 0.525931 0.581113
vt 0.524069 0.582680
vt 0.525651 0.583959
vt 0.525245 0.587784
vt 0.529536 0.587837
vt 0.527577 0.588634
vt 0.529855 0.590701
vt 0.529722 0.594664
vt 0.533078 0.593120
vt 0.522743 0.565586
vt 0.520293 0.580740
vt 0.522129 0.581981
vt 0.519990 0.584198
vt 0.522173 0.584675
vt 0.520060 0.588542
vt 0.520344 0.592146
vt 0.522263 0.589347
vt 0.527018 0.593399
vt 0.526197 0.591177
vt 0.523472 0.592628
vt 0.614974 0.517062
vt 0.610588 0.517994
vt 0.617623 0.519630
vt 0.619996 0.518389
vt 0.600134 0.515875
vt 0.598349 0.517320
vt 0.603063 0.517476
vt 0.606011 0.516489
vt 0.605396 0.518213
vt 0.610844 0.515704
vt 0.607227 0.514416
vt 0.613109 0.514010
vt 0.611679 0.508680
vt 0.614107 0.506600
vt 0.605748 0.506215
vt 0.617936 0.507252
vt 0.617730 0.505790
vt 0.615268 0.510103
vt 0.610617 0.510921
vt 0.613299 0.512352
vt 0.619147 0.511158
vt 0.617988 0.509463
vt 0.620280 0.512821
vt 0.617508 0.513776
vt 0.605668 0.513123
vt 0.603470 0.515108
vt 0.593689 0.514977
vt 0.592806 0.517057
vt 0.600077 0.512849
vt 0.594448 0.513206
vt 0.599401 0.514325
vt 0.595281 0.511701
vt 0.600243 0.510330
vt 0.595203 0.510531
vt 0.604842 0.510693
vt 0.604569 0.507913
vt 0.602177 0.505689
vt 0.565921 0.513425
vt 0.565689 0.514307
vt 0.566692 0.513966
vt 0.567554 0.517988
vt 0.569362 0.519483
vt 0.567828 0.513933
vt 0.568454 0.520500
vt 0.561012 0.523157
vt 0.563103 0.524903
vt 0.567861 0.524078
vt 0.565545 0.527375
vt 0.564398 0.526792
vt 0.570841 0.522108
vt 0.569731 0.521834
vt 0.569919 0.525459
vt 0.575173 0.526982
vt 0.568147 0.528122
vt 0.570225 0.530086
vt 0.578596 0.534099
vt 0.578460 0.527864
vt 0.586013 0.535019
vt 0.588393 0.529008
vt 0.580900 0.525962
vt 0.587354 0.530836
vt 0.568808 0.529271
vt 0.566445 0.529696
vt 0.573451 0.536309
vt 0.590416 0.532593
vt 0.594166 0.530490
vt 0.591913 0.527526
vt 0.584794 0.526371
vt 0.580057 0.522800
vt 0.577999 0.522766
vt 0.573863 0.519968
vt 0.572345 0.520927
vt 0.570991 0.521683
vt 0.583834 0.538545
vt 0.588851 0.534428
vt 0.588639 0.536233
vt 0.587351 0.523721
vt 0.587771 0.522933
vt 0.587120 0.522227
vt 0.588607 0.523530
vt 0.591189 0.525594
vt 0.594955 0.527931
vt 0.594832 0.532034
vt 0.593948 0.533717
vt 0.592447 0.534565
vt 0.542416 0.513616
vt 0.546620 0.512667
vt 0.542805 0.509796
vt 0.544835 0.508696
vt 0.543143 0.516780
vt 0.546936 0.518450
vt 0.538614 0.508102
vt 0.540195 0.507766
vt 0.552630 0.514898
vt 0.550627 0.513052
vt 0.550095 0.517858
vt 0.544507 0.520415
vt 0.537150 0.507932
vt 0.535554 0.510968
vt 0.571413 0.513944
vt 0.569825 0.513605
vt 0.568754 0.513476
vt 0.544637 0.598006
vt 0.548368 0.592981
vt 0.547870 0.600713
vt 0.548282 0.597211
vt 0.543778 0.602920
vt 0.538652 0.602629
vt 0.540100 0.599731
vt 0.541845 0.604266
vt 0.545038 0.605929
vt 0.546453 0.603308
vt 0.575329 0.563858
vt 0.578523 0.561623
vt 0.578029 0.560078
vt 0.578287 0.558791
vt 0.990331 0.554069
vt 0.994444 0.566524
vt 0.968785 0.571493
vt 0.963088 0.562748
vt 0.953988 0.571627
vt 0.963532 0.572819
vt 0.966444 0.575520
vt 0.551114 0.619985
vt 0.559878 0.520294
vt 0.557642 0.534012
vt 0.566900 0.541859
vt 0.556067 0.539933
vt 0.543441 0.545211
vt 0.541674 0.549261
vt 0.532248 0.554944
vt 0.562626 0.548015
vt 0.568702 0.561060
vt 0.590381 0.555856
vt 0.952341 0.557477
vt 0.951925 0.558014
vt 0.537154 0.587360
vt 0.525930 0.581113
vt 0.525650 0.583959
vt 0.567860 0.524078
vt 0.564398 0.526792
vt 0.594955 0.527930
vt 0.546936 0.518451
vt 0.962839 0.574469
vt 0.550085 0.503421
vt 0.547226 0.501330
vt 0.530939 0.539792
vt 0.532911 0.539849
vt 0.524479 0.548198
vt 0.557133 0.567138
vt 0.562471 0.549635
vt 0.593010 0.552911
vt 0.549597 0.615962
vt 0.946892 0.557328
vt 0.947709 0.561392
vt 0.975015 0.553694
vt 0.552635 0.620085
vt 0.534496 0.567201
vt 0.522893 0.563495
vt 0.610009 0.506234
vt 0.616349 0.504777
vt 0.592139 0.524985
vt 0.594581 0.526403
vt 0.490102 0.779679
vt 0.452958 0.793017
vt 0.484936 0.768112
vt 0.787238 0.651423
vt 0.791229 0.643054
vt 0.785537 0.650758
vt 0.839595 0.651876
vt 0.832412 0.641903
vt 0.837545 0.652503
vt 0.848632 0.650137
vt 0.845482 0.641533
vt 0.837000 0.641937
vt 0.827927 0.641212
vt 0.828377 0.643986
vt 0.831147 0.646837
vt 0.841964 0.657561
vt 0.838335 0.656585
vt 0.837280 0.660154
vt 0.834312 0.658562
vt 0.833057 0.654685
vt 0.828442 0.651458
vt 0.827981 0.648788
vt 0.823297 0.648531
vt 0.823333 0.642916
vt 0.827305 0.640848
vt 0.833982 0.663389
vt 0.837280 0.666265
vt 0.834114 0.666214
vt 0.832397 0.667601
vt 0.831474 0.665495
vt 0.831079 0.661772
vt 0.833915 0.660822
vt 0.838335 0.667703
vt 0.822568 0.664571
vt 0.825207 0.664468
vt 0.823755 0.662825
vt 0.825075 0.661875
vt 0.826329 0.663056
vt 0.827713 0.663929
vt 0.827516 0.660899
vt 0.829165 0.661695
vt 0.828374 0.666137
vt 0.828571 0.667549
vt 0.832267 0.669732
vt 0.839128 0.669911
vt 0.832200 0.671118
vt 0.826724 0.670040
vt 0.828506 0.669629
vt 0.825933 0.668422
vt 0.825470 0.667190
vt 0.823030 0.667472
vt 0.821248 0.664853
vt 0.821643 0.661746
vt 0.822633 0.669193
vt 0.820127 0.665752
vt 0.819467 0.664339
vt 0.818741 0.665854
vt 0.820545 0.668664
vt 0.820678 0.669746
vt 0.826790 0.674353
vt 0.832661 0.676638
vt 0.837808 0.672068
vt 0.843482 0.672453
vt 0.843878 0.667524
vt 0.838863 0.665700
vt 0.849617 0.673173
vt 0.844405 0.656431
vt 0.844867 0.661464
vt 0.855819 0.678641
vt 0.850212 0.678513
vt 0.843944 0.678590
vt 0.838270 0.678410
vt 0.777642 0.653434
vt 0.780752 0.655364
vt 0.847242 0.657587
vt 0.847837 0.663312
vt 0.851860 0.667780
vt 0.855490 0.674302
vt 0.865056 0.678410
vt 0.859976 0.683315
vt 0.854038 0.686036
vt 0.845857 0.686806
vt 0.838995 0.686036
vt 0.832002 0.683597
vt 0.825801 0.678744
vt 0.854171 0.664494
vt 0.847638 0.654582
vt 0.852059 0.657099
vt 0.860042 0.658460
vt 0.861361 0.664930
vt 0.861098 0.671503
vt 0.866375 0.676742
vt 0.855141 0.647442
vt 0.859052 0.648112
vt 0.865847 0.647419
vt 0.868355 0.657407
vt 0.869675 0.665033
vt 0.870863 0.670373
vt 0.873368 0.675971
vt 0.777964 0.656529
vt 0.770331 0.646055
vt 0.776569 0.648882
vt 0.776487 0.643116
vt 0.801234 0.667216
vt 0.804085 0.665603
vt 0.803048 0.664676
vt 0.804669 0.664201
vt 0.804992 0.665708
vt 0.804021 0.668354
vt 0.803826 0.669385
vt 0.801621 0.668882
vt 0.797539 0.673988
vt 0.797669 0.669649
vt 0.791835 0.676290
vt 0.792354 0.670682
vt 0.787039 0.671555
vt 0.785807 0.669280
vt 0.781400 0.671924
vt 0.786586 0.667057
vt 0.781076 0.666872
vt 0.787558 0.665655
vt 0.786067 0.665047
vt 0.783150 0.656555
vt 0.780234 0.660602
vt 0.786455 0.678115
vt 0.780946 0.678274
vt 0.790928 0.662640
vt 0.790604 0.665576
vt 0.787752 0.659333
vt 0.792223 0.667057
vt 0.793326 0.664914
vt 0.793909 0.661132
vt 0.791057 0.660074
vt 0.775437 0.672745
vt 0.774854 0.678220
vt 0.769409 0.678379
vt 0.777252 0.662454
vt 0.773363 0.666978
vt 0.769733 0.673883
vt 0.760465 0.678168
vt 0.765392 0.683221
vt 0.771159 0.685998
vt 0.779066 0.686739
vt 0.786358 0.685945
vt 0.793176 0.683302
vt 0.798446 0.678432
vt 0.763901 0.664174
vt 0.757095 0.656264
vt 0.755540 0.664201
vt 0.764159 0.670866
vt 0.759169 0.676369
vt 0.754631 0.669940
vt 0.752298 0.675840
vt 0.759752 0.645974
vt 0.765132 0.657402
vt 0.766654 0.646741
vt 0.771094 0.663592
vt 0.773233 0.656000
vt 0.782643 0.639292
vt 0.850602 0.644791
vt 0.792811 0.647111
vt 0.795452 0.644308
vt 0.788685 0.639671
vt 0.786395 0.655630
vt 0.790734 0.657772
vt 0.791710 0.653804
vt 0.795469 0.651953
vt 0.795923 0.649254
vt 0.801039 0.649095
vt 0.799901 0.644593
vt 0.795689 0.641057
vt 0.799381 0.641203
vt 0.797396 0.640244
vt 0.802779 0.653050
vt 0.801737 0.657795
vt 0.804929 0.655006
vt 0.788504 0.651444
vt 0.795272 0.650894
vt 0.794104 0.649419
vt 0.790745 0.654326
vt 0.809413 0.655592
vt 0.806477 0.652177
vt 0.805528 0.657559
vt 0.809130 0.660999
vt 0.807067 0.661507
vt 0.809314 0.665385
vt 0.812915 0.661196
vt 0.812939 0.655921
vt 0.812965 0.654406
vt 0.816537 0.655708
vt 0.816766 0.661177
vt 0.810480 0.653283
vt 0.808677 0.653578
vt 0.817277 0.653691
vt 0.815420 0.653390
vt 0.819389 0.652269
vt 0.830051 0.649546
vt 0.828619 0.650893
vt 0.834202 0.649879
vt 0.832963 0.654854
vt 0.820978 0.655022
vt 0.820422 0.657611
vt 0.818938 0.661808
vt 0.816500 0.665583
vt 0.812882 0.666958
vt 0.812922 0.668447
vt 0.809328 0.668334
vt 0.812875 0.678917
vt 0.808508 0.671297
vt 0.807642 0.673150
vt 0.807798 0.675371
vt 0.808458 0.678168
vt 0.809708 0.680164
vt 0.807845 0.680241
vt 0.824207 0.657726
vt 0.823131 0.652974
vt 0.816515 0.668505
vt 0.816928 0.670238
vt 0.818230 0.673402
vt 0.818066 0.675592
vt 0.817379 0.678286
vt 0.816125 0.680240
vt 0.817922 0.680351
vt 0.818215 0.681952
vt 0.814546 0.682569
vt 0.812854 0.683948
vt 0.811209 0.682542
vt 0.807496 0.681887
vt 0.814640 0.684654
vt 0.811045 0.684649
vt 0.792354 0.669227
vt 0.795984 0.667084
vt 0.795918 0.669227
vt 0.798381 0.668063
vt 0.796242 0.665708
vt 0.798965 0.666846
vt 0.796955 0.663512
vt 0.799288 0.664174
vt 0.801817 0.664333
vt 0.802659 0.661608
vt 0.800715 0.662586
vt 0.799548 0.661635
vt 0.798317 0.662719
vt 0.797215 0.660602
vt 0.795659 0.661370
vt 0.811728 0.645658
vt 0.811529 0.635947
vt 0.806690 0.642547
vt 0.802514 0.639545
vt 0.802779 0.631104
vt 0.811330 0.624910
vt 0.820080 0.630780
vt 0.820677 0.639220
vt 0.816567 0.642358
vt 0.784663 0.636973
vt 0.838745 0.637777
vt 0.791608 0.638092
vt 0.832944 0.639504
vt 0.823983 0.640414
vt 0.792569 0.648121
vt 0.831642 0.648217
s 1
f 1/1/1 2/2/2 3/3/3
f 4/4/4 5/5/5 6/6/6
f 6/6/6 5/5/5 7/7/7
f 7/7/7 5/5/5 8/8/8
f 5/5/5 9/9/9 8/8/8
f 9/9/9 5/5/5 10/10/10
f 10/10/10 11/11/11 9/9/9
f 11/11/11 10/10/10 12/12/12
f 12/12/12 13/13/13 11/11/11
f 13/13/13 12/12/12 14/14/14
f 14/14/14 15/15/15 13/13/13
f 14/14/14 16/16/16 15/15/15
f 16/16/16 17/17/17 15/15/15
f 17/17/17 16/16/16 18/18/18
f 2/2/2 17/17/17 18/18/18
f 17/17/17 2/2/2 19/19/19
f 1/1/1 19/19/19 2/2/2
f 19/19/19 1/1/1 20/20/20
f 20/20/20 21/21/21 19/19/19
f 15/15/15 19/19/19 21/21/21
f 17/17/17 19/19/19 15/15/15
f 21/21/21 20/20/20 22/22/22
f 22/22/22 23/23/23 21/21/21
f 23/23/23 24/24/24 21/21/21
f 21/21/21 24/24/24 15/15/15
f 15/15/15 24/24/24 13/13/13
f 16/16/16 25/25/25 26/26/26
f 25/25/25 16/16/16 14/14/14
f 25/25/25 27/27/27 28/28/28
f 14/14/14 27/27/27 25/25/25
f 27/27/27 14/14/14 12/12/12
f 18/18/18 16/16/16 29/29/29
f 29/29/29 16/16/16 26/26/26
f 30/30/30 29/29/29 26/26/26
f 25/25/25 30/30/30 26/26/26
f 30/30/30 25/25/25 31/31/31
f 28/28/28 31/31/31 25/25/25
f 31/31/31 28/28/28 32/32/32
f 32/32/32 28/28/28 33/33/33
f 28/28/28 34/34/34 33/33/33
f 34/34/34 28/28/28 27/27/27
f 4/4/4 34/34/34 27/27/27
f 27/27/27 12/12/12 4/4/4
f 10/10/10 4/4/4 12/12/12
f 5/5/5 4/4/4 10/10/10
f 29/29/29 30/30/30 35/35/35
f 36/36/36 29/29/29 35/35/35
f 35/35/35 37/29/37 36/36/36
f 38/12/38 4/4/4 39/10/39
f 4/4/4 40/5/40 39/10/39
f 40/5/40 4/4/4 6/6/6
f 7/7/7 40/5/40 6/6/6
f 8/8/8 40/5/40 7/7/7
f 9/9/9 40/5/40 8/8/8
f 40/5/40 9/9/9 39/10/39
f 11/11/11 39/10/39 9/9/9
f 39/10/39 11/11/11 38/12/38
f 13/13/13 38/12/38 11/11/11
f 3/3/3 41/2/41 1/1/1
f 42/19/42 1/1/1 41/2/41
f 1/1/1 42/19/42 20/20/20
f 43/21/43 20/20/20 42/19/42
f 20/20/20 43/21/43 22/22/22
f 43/21/43 23/23/23 22/22/22
f 43/21/43 24/24/24 23/23/23
f 44/15/44 24/24/24 43/21/43
f 24/24/24 44/15/44 13/13/13
f 13/13/13 44/15/44 45/14/45
f 38/12/38 13/13/13 45/14/45
f 45/14/45 46/27/46 38/12/38
f 38/12/38 46/27/46 4/4/4
f 46/27/46 34/34/34 4/4/4
f 47/28/47 34/34/34 46/27/46
f 34/34/34 47/28/47 33/33/33
f 33/33/33 47/28/47 32/32/32
f 47/28/47 31/31/31 32/32/32
f 44/15/44 48/17/48 49/16/49
f 44/15/44 49/16/49 45/14/45
f 49/16/49 50/25/50 45/14/45
f 46/27/46 45/14/45 50/25/50
f 47/28/47 46/27/46 50/25/50
f 50/25/50 49/16/49 51/26/51
f 31/31/31 47/28/47 50/25/50
f 50/25/50 30/30/30 31/31/31
f 30/30/30 50/25/50 51/26/51
f 37/29/37 30/30/30 51/26/51
f 51/26/51 49/16/49 37/29/37
f 37/29/37 49/16/49 52/18/52
f 52/18/52 49/16/49 48/17/48
f 52/18/52 48/17/48 41/2/41
f 42/19/42 41/2/41 48/17/48
f 44/15/44 42/19/42 48/17/48
f 43/21/43 42/19/42 44/15/44
f 30/30/30 37/29/37 35/35/35
f 53/37/53 54/38/54 55/39/55
f 56/40/56 57/41/57 58/42/58
f 57/41/57 56/40/56 59/43/59
f 60/44/60 59/43/59 56/40/56
f 59/43/59 60/44/60 61/45/61
f 62/46/62 59/43/59 61/45/61
f 53/37/53 62/46/62 61/45/61
f 62/46/62 53/37/53 63/47/63
f 55/39/55 63/47/63 53/37/53
f 63/47/63 55/39/55 64/48/64
f 55/39/55 65/49/65 64/48/64
f 65/49/65 55/39/55 66/50/66
f 54/38/54 66/50/66 55/39/55
f 66/50/66 54/38/54 67/51/67
f 68/52/68 67/51/67 54/38/54
f 67/51/67 68/52/68 69/53/69
f 69/53/69 66/50/66 67/51/67
f 66/50/66 69/53/69 65/54/65
f 59/43/59 62/46/62 57/55/57
f 70/56/70 56/40/56 58/57/58
f 56/40/56 70/56/70 60/44/60
f 71/58/71 60/44/60 70/56/70
f 60/44/60 71/58/71 72/59/72
f 72/59/72 73/60/73 60/44/60
f 73/60/73 72/59/72 74/61/74
f 74/61/74 75/62/75 73/60/73
f 75/62/75 74/61/74 76/63/76
f 77/64/77 75/62/75 76/63/76
f 76/63/76 78/65/78 77/64/77
f 79/66/79 77/64/77 78/65/78
f 80/67/80 79/66/79 78/65/78
f 79/66/79 80/67/80 81/68/81
f 80/67/80 82/69/82 81/68/81
f 81/68/81 82/69/82 83/70/83
f 83/70/83 82/69/82 84/71/84
f 83/70/83 84/71/84 85/72/85
f 86/73/86 85/72/85 84/71/84
f 82/69/82 87/74/87 84/71/84
f 84/71/84 87/74/87 86/73/86
f 71/58/71 88/75/88 72/59/72
f 88/75/88 71/58/71 89/76/89
f 82/69/82 90/77/90 91/78/91
f 90/77/90 82/69/82 80/67/80
f 80/67/80 92/79/92 90/77/90
f 93/80/93 94/81/94 95/82/95
f 93/80/93 95/82/95 96/83/96
f 92/79/92 93/80/93 96/83/96
f 92/79/92 97/84/97 93/80/93
f 97/84/97 92/79/92 98/85/98
f 92/79/92 80/67/80 98/85/98
f 99/86/99 98/85/98 80/67/80
f 78/65/78 99/86/99 80/67/80
f 99/86/99 78/65/78 100/87/100
f 78/65/78 76/63/76 100/87/100
f 76/63/76 101/88/101 100/87/100
f 101/88/101 76/63/76 74/61/74
f 74/61/74 102/89/102 101/88/101
f 102/89/102 74/61/74 72/59/72
f 88/75/88 102/89/102 72/59/72
f 102/89/102 88/75/88 103/90/103
f 89/91/89 103/90/103 88/75/88
f 103/90/103 89/91/89 104/92/104
f 105/93/105 103/90/103 104/94/104
f 103/90/103 105/93/105 102/89/102
f 106/95/106 102/89/102 105/93/105
f 102/89/102 106/95/106 107/96/107
f 107/96/107 101/88/101 102/89/102
f 101/88/101 107/96/107 108/97/108
f 108/97/108 100/87/100 101/88/101
f 100/87/100 108/97/108 99/86/99
f 98/85/98 99/86/99 108/97/108
f 108/97/108 97/84/97 98/85/98
f 97/84/97 108/97/108 107/96/107
f 109/98/109 110/99/110 111/100/111
f 110/99/110 109/98/109 112/101/112
f 113/102/113 112/101/112 109/98/109
f 112/101/112 113/102/113 114/103/114
f 114/103/114 95/82/95 112/101/112
f 95/82/95 110/99/110 112/101/112
f 110/99/110 95/82/95 94/81/94
f 115/104/115 110/99/110 94/81/94
f 94/81/94 116/105/116 115/104/115
f 116/105/116 94/81/94 93/80/93
f 93/80/93 117/106/117 116/105/116
f 117/106/117 93/80/93 97/84/97
f 118/107/118 117/106/117 97/84/97
f 107/96/107 118/107/118 97/84/97
f 119/108/119 118/107/118 107/96/107
f 106/95/106 119/108/119 107/96/107
f 119/108/119 106/95/106 120/109/120
f 110/99/110 115/104/115 111/110/111
f 117/106/117 118/107/118 121/111/121
f 122/112/122 121/111/121 118/107/118
f 118/107/118 119/108/119 122/112/122
f 120/113/120 122/112/122 119/108/119
f 122/112/122 120/113/120 123/114/123
f 121/111/121 122/112/122 123/115/123
f 124/116/124 114/103/114 113/117/113
f 114/103/114 124/116/124 95/82/95
f 125/118/125 95/82/95 124/116/124
f 95/82/95 125/118/125 96/83/96
f 125/118/125 126/119/126 96/83/96
f 126/119/126 92/79/92 96/83/96
f 92/79/92 126/119/126 127/120/127
f 127/120/127 90/77/90 92/79/92
f 90/77/90 127/120/127 128/121/128
f 128/121/128 91/78/91 90/77/90
f 91/78/91 128/121/128 129/122/129
f 129/122/129 82/69/82 91/78/91
f 82/69/82 129/122/129 130/123/130
f 131/124/131 82/69/82 130/123/130
f 130/123/130 132/125/132 131/124/131
f 130/123/130 127/120/127 133/126/133
f 129/122/129 127/120/127 130/123/130
f 127/120/127 129/122/129 128/121/128
f 134/127/134 82/69/82 131/124/131
f 131/124/131 135/128/135 134/127/134
f 135/128/135 131/124/131 132/125/132
f 136/129/136 135/128/135 132/125/132
f 132/125/132 130/123/130 136/129/136
f 130/123/130 137/130/137 136/129/136
f 137/130/137 130/123/130 133/126/133
f 138/131/138 137/130/137 133/126/133
f 127/120/127 138/131/138 133/126/133
f 138/131/138 127/120/127 139/132/139
f 126/119/126 139/132/139 127/120/127
f 140/133/140 139/132/139 126/119/126
f 141/134/141 140/133/140 126/119/126
f 140/133/140 141/134/141 142/135/142
f 143/136/143 142/135/142 141/134/141
f 143/136/143 144/137/144 142/135/142
f 144/137/144 143/136/143 145/138/145
f 146/139/146 144/137/144 145/138/145
f 137/130/137 138/131/138 147/140/147
f 140/133/140 148/141/148 139/132/139
f 148/141/148 138/131/138 139/132/139
f 149/142/149 150/143/150 151/144/151
f 150/143/150 149/142/149 136/129/136
f 134/127/134 136/129/136 149/142/149
f 136/129/136 134/127/134 135/128/135
f 146/145/146 143/136/143 152/146/152
f 143/136/143 146/145/146 145/138/145
f 126/119/126 125/118/125 153/147/153
f 153/147/153 141/134/141 126/119/126
f 141/134/141 153/147/153 154/148/154
f 154/148/154 143/136/143 141/134/141
f 143/136/143 154/148/154 152/149/152
f 144/137/144 146/139/146 155/150/155
f 155/150/155 142/135/142 144/137/144
f 142/135/142 155/150/155 156/151/156
f 157/152/157 142/135/142 156/151/156
f 142/135/142 157/152/157 140/133/140
f 158/153/158 140/133/140 157/152/157
f 140/133/140 158/153/158 148/141/148
f 158/153/158 159/154/159 148/141/148
f 138/131/138 148/141/148 159/154/159
f 159/154/159 160/155/160 138/131/138
f 138/131/138 160/155/160 147/140/147
f 147/140/147 160/155/160 161/156/161
f 162/157/162 147/140/147 161/156/161
f 147/140/147 162/157/162 163/158/163
f 162/157/162 164/159/164 163/158/163
f 165/160/165 163/158/163 164/159/164
f 164/159/164 166/161/166 165/160/165
f 166/161/166 164/159/164 167/162/167
f 164/159/164 162/157/162 167/163/167
f 160/155/160 159/154/159 168/164/168
f 168/164/168 159/154/159 169/165/169
f 159/154/159 158/153/158 169/165/169
f 170/166/170 171/167/171 172/168/172
f 171/167/171 166/169/166 172/168/172
f 166/169/166 171/167/171 165/160/165
f 163/158/163 165/160/165 171/167/171
f 171/167/171 147/140/147 163/158/163
f 147/140/147 171/167/171 173/170/173
f 173/170/173 137/130/137 147/140/147
f 173/170/173 174/171/174 137/130/137
f 174/171/174 136/129/136 137/130/137
f 136/129/136 174/171/174 175/172/175
f 175/172/175 150/143/150 136/129/136
f 150/143/150 175/172/175 176/173/176
f 177/174/177 175/172/175 174/171/174
f 174/171/174 178/175/178 177/174/177
f 177/174/177 178/175/178 179/176/179
f 178/175/178 180/177/180 179/176/179
f 181/178/181 179/176/179 180/177/180
f 179/176/179 181/178/181 177/174/177
f 182/179/182 177/174/177 181/178/181
f 175/172/175 177/174/177 182/179/182
f 183/180/183 175/172/175 182/179/182
f 175/172/175 183/180/183 176/173/176
f 183/180/183 184/181/184 176/173/176
f 185/182/185 176/173/176 184/181/184
f 176/173/176 185/182/185 150/143/150
f 186/183/186 150/143/150 185/182/185
f 150/143/150 186/183/186 151/144/151
f 186/183/186 87/74/87 151/144/151
f 151/144/151 87/74/87 149/142/149
f 87/74/87 82/69/82 149/142/149
f 82/69/82 134/127/134 149/142/149
f 184/181/184 183/180/183 187/184/187
f 187/184/187 183/180/183 181/185/181
f 183/180/183 182/179/182 181/185/181
f 180/177/180 178/175/178 188/186/188
f 188/186/188 178/175/178 189/187/189
f 188/186/188 189/187/189 190/188/190
f 188/186/188 190/188/190 191/189/191
f 190/190/190 192/191/192 193/192/193
f 192/191/192 190/190/190 189/187/189
f 189/187/189 194/193/194 192/191/192
f 194/193/194 189/187/189 178/175/178
f 178/175/178 174/171/174 194/193/194
f 174/171/174 173/170/173 194/193/194
f 192/191/192 195/194/195 193/195/193
f 195/194/195 192/191/192 194/193/194
f 196/196/196 197/197/197 198/198/198
f 197/197/197 196/196/196 199/199/199
f 200/200/200 199/199/199 196/196/196
f 198/201/198 200/200/200 196/196/196
f 200/200/200 198/201/198 201/202/201
f 195/194/195 200/200/200 201/202/201
f 200/200/200 195/194/195 194/193/194
f 194/193/194 202/203/202 200/200/200
f 202/203/202 194/193/194 173/170/173
f 170/166/170 202/203/202 173/170/173
f 171/167/171 170/166/170 173/170/173
f 202/203/202 170/166/170 203/204/203
f 197/205/197 202/203/202 203/204/203
f 202/203/202 197/205/197 199/199/199
f 199/199/199 200/200/200 202/203/202
f 204/206/204 205/207/205 206/208/206
f 206/208/206 205/207/205 207/209/207
f 207/209/207 208/210/208 206/208/206
f 209/211/209 206/208/206 208/210/208
f 208/210/208 210/212/210 209/211/209
f 210/212/210 208/210/208 211/213/211
f 212/214/212 208/210/208 207/209/207
f 213/215/213 208/210/208 214/216/214
f 208/210/208 212/214/212 214/216/214
f 212/214/212 213/215/213 214/216/214
f 213/215/213 212/214/212 215/217/215
f 216/218/216 217/219/217 218/220/218
f 217/219/217 207/209/207 218/220/218
f 207/209/207 216/218/216 218/220/218
f 216/218/216 207/209/207 219/221/219
f 205/207/205 219/221/219 207/209/207
f 220/222/220 219/221/219 205/207/205
f 205/207/205 204/206/204 220/222/220
f 221/223/221 220/222/220 204/206/204
f 206/208/206 221/223/221 204/206/204
f 221/223/221 206/208/206 79/66/79
f 206/208/206 209/211/209 79/66/79
f 77/64/77 79/66/79 209/211/209
f 219/221/219 222/224/222 223/225/223
f 223/225/223 216/218/216 219/221/219
f 216/218/216 223/225/223 224/226/224
f 217/219/217 216/218/216 224/226/224
f 224/226/224 225/227/225 217/219/217
f 207/209/207 217/219/217 225/227/225
f 225/227/225 226/228/226 207/209/207
f 226/228/226 212/214/212 207/209/207
f 212/214/212 226/228/226 227/229/227
f 227/229/227 215/217/215 212/214/212
f 215/217/215 227/229/227 228/230/228
f 229/231/229 215/217/215 228/230/228
f 228/230/228 226/228/226 229/231/229
f 226/228/226 225/227/225 229/231/229
f 215/217/215 229/231/229 225/227/225
f 230/232/230 215/217/215 225/227/225
f 215/217/215 230/232/230 213/215/213
f 208/210/208 213/215/213 230/232/230
f 226/228/226 228/230/228 227/229/227
f 231/233/231 230/232/230 232/234/232
f 233/235/233 232/234/232 230/232/230
f 230/232/230 225/227/225 233/235/233
f 225/227/225 234/236/234 233/235/233
f 234/236/234 235/237/235 233/235/233
f 236/238/236 237/239/237 232/234/232
f 232/234/232 233/235/233 236/238/236
f 233/235/233 238/240/238 236/238/236
f 238/240/238 233/235/233 235/237/235
f 239/241/239 238/240/238 235/237/235
f 235/237/235 234/236/234 239/241/239
f 223/225/223 239/241/239 234/236/234
f 225/227/225 223/225/223 234/236/234
f 225/227/225 224/226/224 223/225/223
f 240/242/240 236/238/236 241/243/241
f 236/238/236 240/242/240 242/244/242
f 237/239/237 236/238/236 242/244/242
f 242/244/242 243/245/243 237/239/237
f 243/245/243 244/246/244 237/239/237
f 245/247/245 246/248/246 247/249/247
f 247/249/247 240/242/240 245/247/245
f 240/242/240 248/250/248 245/247/245
f 241/243/241 248/250/248 240/242/240
f 249/251/249 248/250/248 241/243/241
f 249/251/249 241/243/241 236/238/236
f 250/252/250 249/251/249 236/238/236
f 238/240/238 250/252/250 236/238/236
f 250/252/250 238/240/238 251/253/251
f 238/240/238 239/241/239 251/253/251
f 252/254/252 251/253/251 239/241/239
f 239/241/239 223/225/223 252/254/252
f 223/225/223 253/255/253 252/254/252
f 253/255/253 223/225/223 222/224/222
f 222/224/222 254/256/254 253/255/253
f 254/256/254 222/224/222 255/257/255
f 219/221/219 254/256/254 255/257/255
f 222/224/222 219/221/219 255/257/255
f 256/258/256 257/259/257 258/260/258
f 256/258/256 248/250/248 257/259/257
f 259/261/259 257/259/257 248/250/248
f 259/261/259 248/250/248 249/251/249
f 250/252/250 259/261/259 249/251/249
f 250/252/250 260/262/260 259/261/259
f 260/262/260 250/252/250 251/253/251
f 261/263/261 260/262/260 251/253/251
f 251/253/251 252/254/252 261/263/261
f 262/264/262 261/263/261 252/254/252
f 263/265/263 262/264/262 252/254/252
f 261/263/261 262/264/262 264/266/264
f 260/262/260 257/259/257 259/261/259
f 260/262/260 265/267/265 257/259/257
f 266/268/266 265/267/265 260/262/260
f 260/262/260 261/263/261 266/268/266
f 267/269/267 266/268/266 261/263/261
f 266/268/266 267/269/267 268/270/268
f 85/72/85 86/73/86 269/271/269
f 86/73/86 270/272/270 269/271/269
f 263/265/263 269/271/269 270/272/270
f 270/272/270 271/273/271 263/265/263
f 262/264/262 263/265/263 271/273/271
f 272/274/272 262/264/262 271/273/271
f 262/264/262 272/274/272 264/266/264
f 270/272/270 264/266/264 272/274/272
f 264/266/264 270/272/270 261/263/261
f 273/275/273 261/263/261 270/272/270
f 261/263/261 273/275/273 267/269/267
f 274/276/274 267/269/267 273/275/273
f 268/270/268 267/269/267 274/276/274
f 275/277/275 268/270/268 274/276/274
f 268/270/268 275/277/275 266/268/266
f 275/277/275 276/278/276 266/268/266
f 265/267/265 266/268/266 276/278/276
f 276/278/276 277/279/277 265/267/265
f 271/273/271 270/272/270 272/274/272
f 79/66/79 81/68/81 83/70/83
f 79/66/79 83/70/83 85/72/85
f 79/66/79 85/72/85 221/223/221
f 269/271/269 221/223/221 85/72/85
f 220/222/220 221/223/221 269/271/269
f 269/271/269 263/265/263 220/222/220
f 219/221/219 220/222/220 263/265/263
f 254/256/254 219/221/219 263/265/263
f 252/254/252 254/256/254 263/265/263
f 254/256/254 252/254/252 253/255/253
f 278/280/278 276/278/276 279/281/279
f 277/279/277 276/278/276 280/282/280
f 276/278/276 278/280/278 280/282/280
f 278/280/278 281/283/281 280/282/280
f 281/283/281 278/280/278 282/284/282
f 279/281/279 282/284/282 278/280/278
f 282/284/282 279/281/279 283/285/283
f 279/281/279 284/286/284 283/285/283
f 284/286/284 279/281/279 276/278/276
f 276/278/276 275/277/275 284/286/284
f 285/287/285 184/288/184 187/289/187
f 181/290/181 285/287/285 187/289/187
f 181/290/181 286/291/286 285/287/285
f 287/292/287 285/287/285 286/291/286
f 285/287/285 287/292/287 288/293/288
f 287/292/287 289/294/289 288/293/288
f 185/295/185 288/293/288 289/294/289
f 289/294/289 290/296/290 185/295/185
f 277/279/277 185/295/185 290/296/290
f 185/295/185 277/279/277 291/297/291
f 277/279/277 280/282/280 291/297/291
f 292/298/292 291/297/291 280/282/280
f 281/283/281 292/298/292 280/282/280
f 292/298/292 281/283/281 293/299/293
f 293/299/293 294/300/294 292/298/292
f 294/300/294 293/299/293 295/301/295
f 296/302/296 294/300/294 295/301/295
f 294/300/294 296/302/296 291/297/291
f 296/302/296 185/295/185 291/297/291
f 291/297/291 292/298/292 294/300/294
f 184/288/184 285/287/285 288/293/288
f 288/293/288 185/295/185 184/288/184
f 289/294/289 287/292/287 297/303/297
f 277/279/277 257/259/257 265/267/265
f 290/296/290 257/259/257 277/279/277
f 257/259/257 290/296/290 258/260/258
f 290/296/290 289/294/289 258/260/258
f 289/294/289 256/258/256 258/260/258
f 256/258/256 289/294/289 297/303/297
f 297/303/297 298/304/298 256/258/256
f 298/304/298 297/303/297 299/305/299
f 299/305/299 300/306/300 298/304/298
f 300/306/300 299/305/299 301/307/301
f 301/307/301 302/308/302 300/306/300
f 302/308/302 301/307/301 303/309/303
f 304/310/304 302/308/302 303/309/303
f 304/310/304 303/309/303 297/303/297
f 297/303/297 305/311/305 304/310/304
f 305/311/305 297/303/297 287/292/287
f 287/292/287 306/312/306 305/311/305
f 306/312/306 287/292/287 286/291/286
f 303/309/303 299/305/299 297/303/297
f 299/305/299 303/309/303 301/307/301
f 191/313/191 306/312/306 307/314/307
f 191/313/191 305/311/305 306/312/306
f 181/315/181 306/312/306 286/291/286
f 306/312/306 181/315/181 307/314/307
f 180/316/180 307/314/307 181/315/181
f 180/316/180 191/313/191 307/314/307
f 191/313/191 180/316/180 188/317/188
f 298/304/298 248/250/248 256/258/256
f 248/250/248 298/304/298 300/306/300
f 302/308/302 248/250/248 300/306/300
f 308/318/308 248/250/248 302/308/302
f 246/248/246 308/318/308 302/308/302
f 308/318/308 246/248/246 309/319/309
f 246/248/246 245/247/245 309/319/309
f 310/320/310 309/319/309 245/247/245
f 310/320/310 245/247/245 248/250/248
f 248/250/248 308/318/308 310/320/310
f 309/319/309 310/320/310 308/318/308
f 311/321/311 246/248/246 302/308/302
f 302/308/302 304/310/304 311/321/311
f 304/310/304 312/322/312 311/321/311
f 312/322/312 246/248/246 311/321/311
f 246/248/246 312/322/312 313/323/313
f 312/322/312 314/324/314 313/323/313
f 314/324/314 312/322/312 315/325/315
f 195/326/195 190/327/190 193/328/193
f 190/327/190 195/326/195 191/313/191
f 305/311/305 191/313/191 195/326/195
f 170/329/170 305/311/305 195/326/195
f 305/311/305 170/329/170 304/310/304
f 161/330/161 304/310/304 170/329/170
f 312/322/312 304/310/304 161/330/161
f 161/330/161 160/331/160 312/322/312
f 160/331/160 315/325/315 312/322/312
f 315/325/315 160/331/160 168/332/168
f 169/333/169 315/325/315 168/332/168
f 158/334/158 315/325/315 169/333/169
f 315/325/315 158/334/158 314/324/314
f 158/334/158 316/335/316 314/324/314
f 313/323/313 314/324/314 316/335/316
f 317/336/317 313/323/313 316/335/316
f 246/248/246 313/323/313 317/336/317
f 317/336/317 247/249/247 246/248/246
f 154/337/154 318/338/318 152/339/152
f 318/338/318 154/337/154 319/340/319
f 153/341/153 319/340/319 154/337/154
f 319/340/319 153/341/153 317/336/317
f 125/342/125 317/336/317 153/341/153
f 317/336/317 125/342/125 320/343/320
f 247/249/247 317/336/317 320/343/320
f 146/344/146 318/338/318 321/345/321
f 318/338/318 146/344/146 152/346/152
f 316/335/316 319/340/319 317/336/317
f 319/340/319 316/335/316 322/347/322
f 319/340/319 322/347/322 318/338/318
f 323/348/323 318/338/318 322/347/322
f 318/338/318 323/348/323 321/345/321
f 323/348/323 146/349/146 321/345/321
f 146/349/146 323/348/323 155/350/155
f 322/347/322 155/350/155 323/348/323
f 155/350/155 322/347/322 156/351/156
f 322/347/322 157/352/157 156/351/156
f 157/352/157 322/347/322 316/335/316
f 316/335/316 158/334/158 157/352/157
f 324/353/324 121/354/121 123/355/123
f 121/354/121 324/353/324 325/356/325
f 325/356/325 117/357/117 121/354/121
f 117/357/117 325/356/325 326/358/326
f 327/359/327 117/357/117 326/358/326
f 326/358/326 247/249/247 327/359/327
f 320/343/320 327/359/327 247/249/247
f 320/343/320 328/360/328 327/359/327
f 125/342/125 328/360/328 320/343/320
f 328/360/328 125/342/125 124/361/124
f 124/361/124 329/362/329 328/360/328
f 329/362/329 124/361/124 113/363/113
f 328/360/328 330/364/330 327/359/327
f 326/358/326 325/356/325 331/365/331
f 325/356/325 332/366/332 331/365/331
f 332/366/332 325/356/325 324/353/324
f 324/353/324 120/367/120 332/366/332
f 120/367/120 324/353/324 123/368/123
f 106/369/106 333/370/333 331/365/331
f 332/366/332 106/369/106 331/365/331
f 106/369/106 332/366/332 120/371/120
f 334/372/334 113/373/113 109/374/109
f 113/373/113 334/372/334 329/362/329
f 334/372/334 328/360/328 329/362/329
f 335/375/335 328/360/328 334/372/334
f 328/360/328 335/375/335 330/364/330
f 335/375/335 115/376/115 330/364/330
f 116/377/116 330/364/330 115/376/115
f 330/364/330 116/377/116 327/359/327
f 117/357/117 327/359/327 116/377/116
f 109/374/109 335/375/335 334/372/334
f 335/375/335 109/374/109 111/378/111
f 115/376/115 335/375/335 111/379/111
f 336/380/336 105/381/105 104/382/104
f 105/381/105 336/380/336 333/370/333
f 333/370/333 106/369/106 105/381/105
f 89/383/89 336/380/336 104/384/104
f 336/380/336 89/383/89 337/385/337
f 337/385/337 333/370/333 336/380/336
f 333/370/333 337/385/337 338/386/338
f 337/385/337 71/387/71 338/386/338
f 71/387/71 339/388/339 338/386/338
f 339/388/339 71/387/71 70/389/70
f 71/387/71 337/385/337 89/390/89
f 340/391/340 70/389/70 58/392/58
f 70/389/70 340/391/340 339/388/339
f 341/393/341 339/388/339 340/391/340
f 339/388/339 341/393/341 342/394/342
f 341/393/341 62/395/62 342/394/342
f 62/395/62 343/396/343 342/394/342
f 343/396/343 62/395/62 63/397/63
f 63/397/63 344/398/344 343/396/343
f 344/398/344 54/399/54 343/396/343
f 345/400/345 54/399/54 344/398/344
f 54/399/54 345/400/345 346/401/346
f 345/400/345 69/402/69 346/401/346
f 68/403/68 346/401/346 69/402/69
f 346/401/346 68/403/68 54/399/54
f 69/402/69 345/400/345 65/404/65
f 62/395/62 341/393/341 57/405/57
f 344/398/344 65/406/65 345/400/345
f 65/406/65 344/398/344 64/407/64
f 344/398/344 63/397/63 64/407/64
f 57/408/57 340/391/340 58/409/58
f 340/391/340 57/408/57 341/393/341
f 347/410/347 348/411/348 349/412/349
f 348/411/348 350/413/350 349/412/349
f 350/413/350 348/411/348 351/414/351
f 350/413/350 351/414/351 352/415/352
f 351/414/351 353/416/353 352/415/352
f 353/416/353 351/414/351 354/417/354
f 354/417/354 355/418/355 353/416/353
f 355/418/355 354/417/354 356/419/356
f 356/419/356 357/420/357 355/418/355
f 357/420/357 356/419/356 358/421/358
f 358/421/358 359/422/359 357/420/357
f 359/422/359 358/421/358 360/423/360
f 360/423/360 54/399/54 359/422/359
f 54/399/54 360/423/360 361/424/361
f 361/424/361 343/396/343 54/399/54
f 343/396/343 361/424/361 362/425/362
f 362/425/362 342/394/342 343/396/343
f 342/394/342 362/425/362 363/426/363
f 354/417/354 358/421/358 356/419/356
f 364/427/364 365/428/365 366/429/366
f 366/429/366 367/430/367 364/427/364
f 367/430/367 366/429/366 368/431/368
f 368/431/368 348/411/348 367/430/367
f 348/411/348 368/431/368 369/432/369
f 369/432/369 370/433/370 348/411/348
f 348/411/348 370/433/370 351/414/351
f 370/433/370 354/417/354 351/414/351
f 371/434/371 369/432/369 368/431/368
f 368/431/368 366/429/366 371/434/371
f 358/421/358 372/435/372 360/423/360
f 372/435/372 358/421/358 373/436/373
f 358/421/358 354/417/354 373/436/373
f 374/437/374 373/436/373 354/417/354
f 354/417/354 370/433/370 374/437/374
f 375/438/375 374/437/374 370/433/370
f 370/433/370 369/432/369 375/438/375
f 376/439/376 375/438/375 369/432/369
f 369/432/369 371/434/371 376/439/376
f 371/434/371 377/440/377 376/439/376
f 377/440/377 371/434/371 378/441/378
f 366/429/366 378/441/378 371/434/371
f 378/441/378 366/429/366 379/442/379
f 365/428/365 379/442/379 366/429/366
f 379/442/379 365/428/365 380/443/380
f 381/444/381 380/443/380 365/428/365
f 382/445/382 381/444/381 365/428/365
f 365/428/365 364/427/364 382/445/382
f 374/437/374 372/435/372 373/436/373
f 350/446/350 377/440/377 349/447/349
f 377/440/377 347/448/347 349/447/349
f 347/448/347 377/440/377 378/441/378
f 383/449/383 347/448/347 378/441/378
f 378/441/378 379/442/379 383/449/383
f 384/450/384 383/449/383 379/442/379
f 380/443/380 384/450/384 379/442/379
f 385/451/385 384/450/384 380/443/380
f 380/443/380 381/444/381 385/451/385
f 386/452/386 385/451/385 381/444/381
f 381/444/381 387/453/387 386/452/386
f 381/444/381 382/445/382 387/453/387
f 382/445/382 388/454/388 387/453/387
f 364/427/364 388/454/388 382/445/382
f 364/427/364 389/455/389 388/454/388
f 389/455/389 364/427/364 367/430/367
f 367/430/367 347/410/347 389/455/389
f 348/411/348 347/410/347 367/430/367
f 388/456/388 389/457/389 390/458/390
f 389/457/389 347/448/347 390/458/390
f 390/458/390 347/448/347 383/449/383
f 390/458/390 383/449/383 384/450/384
f 384/450/384 391/459/391 390/458/390
f 384/450/384 392/460/392 391/459/391
f 385/451/385 391/459/391 392/460/392
f 384/450/384 385/451/385 392/460/392
f 391/459/391 385/451/385 386/461/386
f 393/462/393 387/463/387 388/456/388
f 391/459/391 387/463/387 393/462/393
f 391/459/391 393/462/393 388/456/388
f 391/459/391 388/456/388 390/458/390
f 387/463/387 391/459/391 386/464/386
f 394/465/394 395/466/395 396/467/396
f 395/466/395 394/465/394 397/468/397
f 397/468/397 398/469/398 395/466/395
f 363/426/363 339/388/339 342/394/342
f 339/388/339 363/426/363 399/470/399
f 399/470/399 338/386/338 339/388/339
f 338/386/338 399/470/399 400/471/400
f 400/471/400 333/370/333 338/386/338
f 333/370/333 400/471/400 396/467/396
f 396/467/396 331/365/331 333/370/333
f 331/365/331 396/467/396 395/466/395
f 395/466/395 326/358/326 331/365/331
f 326/358/326 395/466/395 398/469/398
f 247/249/247 326/358/326 398/469/398
f 240/242/240 247/249/247 398/469/398
f 398/469/398 397/468/397 240/242/240
f 397/468/397 242/244/242 240/242/240
f 242/244/242 397/468/397 394/465/394
f 243/245/243 242/244/242 394/465/394
f 396/467/396 243/245/243 394/465/394
f 243/245/243 396/467/396 400/471/400
f 400/471/400 244/246/244 243/245/243
f 244/246/244 400/471/400 399/470/399
f 399/470/399 401/472/401 244/246/244
f 401/472/401 399/470/399 363/426/363
f 363/426/363 402/473/402 401/472/401
f 402/473/402 363/426/363 362/425/362
f 362/425/362 403/474/403 402/473/402
f 403/474/403 362/425/362 361/424/361
f 404/475/404 403/474/403 361/424/361
f 361/424/361 360/423/360 404/475/404
f 360/423/360 403/474/403 404/475/404
f 403/474/403 360/423/360 372/435/372
f 405/476/405 403/474/403 372/435/372
f 372/435/372 374/437/374 405/476/405
f 406/477/406 405/476/405 374/437/374
f 374/437/374 375/438/375 406/477/406
f 407/478/407 406/477/406 375/438/375
f 375/438/375 376/439/376 407/478/407
f 376/439/376 408/479/408 407/478/407
f 408/479/408 376/439/376 377/440/377
f 408/479/408 377/440/377 409/480/409
f 401/472/401 402/473/402 410/481/410
f 402/473/402 403/474/403 410/481/410
f 401/472/401 237/239/237 244/246/244
f 237/239/237 401/472/401 410/481/410
f 410/481/410 232/234/232 237/239/237
f 403/474/403 232/234/232 410/481/410
f 232/234/232 403/474/403 231/233/231
f 403/474/403 405/476/405 231/233/231
f 411/482/411 231/233/231 405/476/405
f 405/476/405 406/477/406 411/482/411
f 412/483/412 411/482/411 406/477/406
f 406/477/406 407/478/407 412/483/412
f 407/478/407 413/484/413 412/483/412
f 413/484/413 407/478/407 408/479/408
f 408/479/408 414/485/414 413/484/413
f 414/485/414 408/479/408 409/480/409
f 409/480/409 353/486/353 414/485/414
f 353/486/353 409/480/409 352/487/352
f 352/487/352 409/480/409 350/446/350
f 377/440/377 350/446/350 409/480/409
f 414/485/414 415/488/415 413/484/413
f 355/489/355 414/485/414 353/486/353
f 230/232/230 211/213/211 208/210/208
f 211/213/211 230/232/230 416/490/416
f 230/232/230 231/233/231 416/490/416
f 231/233/231 411/482/411 416/490/416
f 417/491/417 416/490/416 411/482/411
f 411/482/411 412/483/412 417/491/417
f 412/483/412 418/492/418 417/491/417
f 418/492/418 412/483/412 413/484/413
f 413/484/413 419/493/419 418/492/418
f 419/493/419 413/484/413 415/488/415
f 420/494/420 419/493/419 415/488/415
f 414/485/414 420/494/420 415/488/415
f 420/494/420 414/485/414 421/495/421
f 414/485/414 355/489/355 421/495/421
f 357/496/357 421/495/421 355/489/355
f 421/495/421 357/496/357 420/494/420
f 359/497/359 420/494/420 357/496/357
f 420/494/420 359/497/359 422/498/422
f 423/499/423 418/492/418 419/493/419
f 419/493/419 420/494/420 422/498/422
f 419/493/419 422/498/422 423/499/423
f 423/499/423 422/498/422 424/500/424
f 425/501/425 423/499/423 424/500/424
f 423/499/423 425/501/425 426/502/426
f 427/503/427 426/502/426 425/501/425
f 426/502/426 427/503/427 428/504/428
f 429/505/429 426/502/426 428/504/428
f 429/505/429 423/499/423 426/502/426
f 54/38/54 422/498/422 359/497/359
f 422/498/422 54/38/54 424/500/424
f 53/37/53 424/500/424 54/38/54
f 424/500/424 53/37/53 425/501/425
f 61/45/61 425/501/425 53/37/53
f 425/501/425 61/45/61 427/503/427
f 60/44/60 427/503/427 61/45/61
f 427/503/427 60/44/60 73/60/73
f 73/60/73 428/504/428 427/503/427
f 428/504/428 73/60/73 75/62/75
f 77/64/77 428/504/428 75/62/75
f 428/504/428 77/64/77 429/505/429
f 77/64/77 209/211/209 429/505/429
f 209/211/209 423/499/423 429/505/429
f 423/499/423 209/211/209 210/212/210
f 418/492/418 423/499/423 210/212/210
f 210/212/210 417/491/417 418/492/418
f 417/491/417 210/212/210 211/213/211
f 416/490/416 417/491/417 211/213/211
f 172/506/172 161/330/161 170/329/170
f 161/330/161 172/506/172 162/507/162
f 166/508/166 162/507/162 172/506/172
f 162/507/162 166/508/166 167/509/167
f 197/510/197 201/511/201 198/512/198
f 201/511/201 197/510/197 203/513/203
f 203/513/203 195/326/195 201/511/201
f 195/326/195 203/513/203 170/329/170
f 430/514/430 431/515/431 432/516/432
f 431/515/431 430/514/430 433/517/433
f 434/518/434 433/517/433 430/514/430
f 434/518/434 435/519/435 433/517/433
f 435/519/435 434/518/434 436/520/436
f 437/521/437 275/522/275 274/276/274
f 274/276/274 273/275/273 437/521/437
f 273/275/273 438/523/438 437/521/437
f 438/523/438 273/275/273 270/272/270
f 270/272/270 86/73/86 438/523/438
f 432/516/432 438/523/438 86/73/86
f 87/74/87 432/516/432 86/73/86
f 432/516/432 87/74/87 430/514/430
f 87/74/87 186/183/186 430/514/430
f 185/182/185 430/514/430 186/183/186
f 430/514/430 185/182/185 434/518/434
f 434/518/434 185/182/185 296/524/296
f 296/524/296 436/520/436 434/518/434
f 436/520/436 296/524/296 295/525/295
f 293/526/293 436/520/436 295/525/295
f 436/520/436 293/526/293 435/519/435
f 281/527/281 435/519/435 293/526/293
f 435/519/435 281/527/281 433/517/433
f 275/522/275 437/521/437 438/523/438
f 431/515/431 275/522/275 438/523/438
f 438/523/438 432/516/432 431/515/431
f 275/522/275 431/515/431 284/528/284
f 281/527/281 439/529/439 433/517/433
f 439/529/439 431/515/431 433/517/433
f 431/515/431 439/529/439 440/530/440
f 440/530/440 284/528/284 431/515/431
f 284/528/284 440/530/440 283/531/283
f 440/530/440 282/532/282 283/531/283
f 282/532/282 440/530/440 439/529/439
f 439/529/439 281/527/281 282/532/282
f 441/533/441 442/534/442 443/535/443
f 442/534/442 441/533/441 444/536/444
f 445/537/445 446/538/446 447/539/447
f 445/537/445 441/533/441 446/538/446
f 441/533/441 448/540/448 446/538/446
f 441/533/441 443/535/443 448/540/448
f 443/535/443 449/541/449 448/540/448
f 449/541/449 443/535/443 442/534/442
f 442/534/442 447/542/447 449/541/449
f 442/534/442 445/543/445 447/542/447
f 445/543/445 442/534/442 444/536/444
f 445/543/445 444/536/444 450/544/450
f 451/545/451 450/544/450 444/536/444
f 451/545/451 444/536/444 452/546/452
f 441/533/441 452/546/452 444/536/444
f 445/537/445 452/546/452 441/533/441
f 452/546/452 445/537/445 451/547/451
f 450/548/450 451/547/451 445/537/445
f 453/549/453 454/550/454 455/551/455
f 456/552/456 457/553/457 458/554/458
f 459/555/459 456/552/456 458/554/458
f 459/555/459 458/554/458 460/556/460
f 459/555/459 460/556/460 461/557/461
f 461/557/461 460/556/460 462/558/462
f 463/559/463 462/558/462 460/556/460
f 460/556/460 464/560/464 463/559/463
f 465/561/465 463/559/463 464/560/464
f 465/561/465 464/560/464 466/562/466
f 466/562/466 467/563/467 465/561/465
f 467/563/467 466/562/466 468/564/468
f 468/564/468 469/565/469 467/563/467
f 469/565/469 468/564/468 470/566/470
f 468/564/468 455/551/455 470/566/470
f 455/551/455 468/564/468 471/567/471
f 453/549/453 455/551/455 471/567/471
f 453/549/453 471/567/471 472/568/472
f 473/569/473 472/568/472 471/567/471
f 464/560/464 460/556/460 458/554/458
f 474/570/474 469/565/469 475/571/475
f 469/565/469 474/570/474 467/563/467
f 476/572/476 467/563/467 474/570/474
f 467/563/467 476/572/476 465/561/465
f 463/559/463 465/561/465 476/572/476
f 477/573/477 478/574/478 456/552/456
f 456/552/456 478/574/478 479/575/479
f 479/575/479 457/553/457 456/552/456
f 480/576/480 457/553/457 479/575/479
f 479/575/479 481/577/481 480/576/480
f 481/577/481 482/578/482 480/576/480
f 482/578/482 481/577/481 483/579/483
f 473/569/473 482/578/482 483/579/483
f 482/578/482 473/569/473 484/580/484
f 471/567/471 484/580/484 473/569/473
f 484/580/484 471/567/471 485/581/485
f 468/564/468 485/581/485 471/567/471
f 485/581/485 468/564/468 466/562/466
f 479/575/479 478/574/478 486/582/486
f 487/583/487 488/584/488 477/573/477
f 472/568/472 473/569/473 489/585/489
f 483/579/483 489/585/489 473/569/473
f 489/585/489 483/579/483 490/586/490
f 481/577/481 490/586/490 483/579/483
f 490/586/490 481/577/481 491/587/491
f 481/577/481 479/575/479 491/587/491
f 479/575/479 492/588/492 491/587/491
f 492/588/492 479/575/479 486/582/486
f 493/589/493 492/588/492 486/582/486
f 492/588/492 493/589/493 494/590/494
f 493/589/493 495/591/495 494/590/494
f 496/592/496 494/590/494 495/591/495
f 495/591/495 497/593/497 496/592/496
f 497/593/497 495/591/495 498/594/498
f 497/593/497 498/594/498 499/595/499
f 498/594/498 500/596/500 499/595/499
f 500/596/500 501/597/501 499/595/499
f 492/588/492 490/586/490 491/587/491
f 490/586/490 492/588/492 494/590/494
f 494/590/494 496/592/496 490/586/490
f 502/598/502 489/585/489 490/586/490
f 490/586/490 496/592/496 503/599/503
f 504/600/504 495/591/495 493/589/493
f 504/600/504 498/594/498 495/591/495
f 498/594/498 504/600/504 505/601/505
f 505/601/505 506/602/506 498/594/498
f 506/602/506 500/596/500 498/594/498
f 500/596/500 506/602/506 507/603/507
f 506/602/506 508/604/508 507/603/507
f 508/604/508 506/602/506 509/605/509
f 510/606/510 509/605/509 506/602/506
f 509/605/509 510/606/510 511/607/511
f 510/606/510 488/584/488 511/607/511
f 512/608/512 511/607/511 488/584/488
f 488/584/488 487/583/487 512/608/512
f 487/583/487 513/609/513 512/608/512
f 513/609/513 487/583/487 514/610/514
f 514/610/514 487/583/487 515/611/515
f 487/583/487 477/573/477 515/611/515
f 477/573/477 456/552/456 515/611/515
f 506/602/506 505/601/505 510/606/510
f 511/607/511 512/608/512 516/612/516
f 516/612/516 509/605/509 511/607/511
f 509/605/509 516/612/516 517/613/517
f 517/613/517 508/604/508 509/605/509
f 508/604/508 517/613/517 518/614/518
f 519/615/519 520/616/520 521/617/521
f 520/616/520 519/615/519 522/618/522
f 523/619/523 524/620/524 525/621/525
f 525/621/525 526/622/526 523/619/523
f 526/622/526 525/621/525 527/623/527
f 527/623/527 522/618/522 526/622/526
f 527/623/527 528/624/528 522/618/522
f 520/616/520 522/618/522 528/624/528
f 528/624/528 529/625/529 520/616/520
f 529/625/529 528/624/528 530/626/530
f 531/627/531 530/626/530 528/624/528
f 530/626/530 531/627/531 532/628/532
f 532/628/532 531/627/531 470/629/470
f 475/630/475 470/629/470 531/627/531
f 470/629/470 475/630/475 469/631/469
f 528/624/528 533/632/533 531/627/531
f 527/623/527 533/632/533 528/624/528
f 533/632/533 527/623/527 525/621/525
f 526/622/526 522/618/522 534/633/534
f 535/634/535 526/622/526 534/633/534
f 536/635/536 526/622/526 535/634/535
f 526/622/526 537/636/537 523/619/523
f 536/635/536 537/636/537 526/622/526
f 537/636/537 536/635/536 538/637/538
f 539/638/539 537/636/537 538/637/538
f 449/639/449 475/630/475 531/627/531
f 531/627/531 448/640/448 449/639/449
f 448/640/448 531/627/531 533/632/533
f 540/641/540 448/640/448 533/632/533
f 525/621/525 540/641/540 533/632/533
f 540/641/540 525/621/525 541/642/541
f 525/621/525 524/620/524 541/642/541
f 542/643/542 541/642/541 524/620/524
f 524/620/524 543/644/543 542/643/542
f 543/644/543 544/645/544 542/643/542
f 544/645/544 543/644/543 545/646/545
f 545/647/545 546/648/546 547/649/547
f 546/648/546 545/647/545 543/644/543
f 543/644/543 524/620/524 546/648/546
f 548/650/548 549/651/549 550/652/550
f 548/650/548 447/653/447 549/651/549
f 447/653/447 551/654/551 549/651/549
f 551/654/551 447/653/447 446/655/446
f 552/656/552 551/654/551 446/655/446
f 446/655/446 448/640/448 552/656/552
f 448/640/448 540/641/540 552/656/552
f 553/657/553 552/656/552 540/641/540
f 541/642/541 553/657/553 540/641/540
f 553/657/553 541/642/541 554/658/554
f 542/643/542 554/658/554 541/642/541
f 554/658/554 542/643/542 555/659/555
f 555/659/555 542/643/542 556/660/556
f 557/661/557 555/659/555 556/660/556
f 556/660/556 558/662/558 557/661/557
f 558/662/558 556/660/556 559/663/559
f 559/663/559 560/664/560 558/662/558
f 560/664/560 559/663/559 561/665/561
f 561/665/561 562/666/562 560/664/560
f 562/666/562 561/665/561 563/667/563
f 561/665/561 564/668/564 563/669/563
f 561/665/561 559/663/559 564/668/564
f 564/668/564 559/663/559 556/660/556
f 556/660/556 565/670/565 564/668/564
f 556/660/556 544/645/544 565/670/565
f 544/645/544 556/660/556 542/643/542
f 566/671/566 567/672/567 568/673/568
f 567/672/567 566/671/566 569/674/569
f 569/674/569 566/671/566 551/654/551
f 551/654/551 552/656/552 569/674/569
f 569/674/569 552/656/552 570/675/570
f 571/676/571 569/674/569 570/675/570
f 572/677/572 571/676/571 570/675/570
f 571/676/571 572/677/572 573/678/573
f 572/677/572 553/657/553 573/678/573
f 553/657/553 574/679/574 573/678/573
f 574/679/574 553/657/553 554/658/554
f 575/680/575 574/679/574 554/658/554
f 575/680/575 554/658/554 555/659/555
f 555/659/555 557/661/557 575/680/575
f 557/661/557 576/681/576 575/680/575
f 576/681/576 557/661/557 577/682/577
f 578/683/578 576/681/576 577/682/577
f 576/681/576 578/683/578 579/684/579
f 569/674/569 571/676/571 567/672/567
f 574/679/574 571/676/571 573/678/573
f 570/675/570 552/656/552 572/677/572
f 572/677/572 552/656/552 580/685/580
f 553/657/553 572/677/572 580/685/580
f 552/656/552 553/657/553 580/685/580
f 576/681/576 574/679/574 575/680/575
f 579/684/579 574/679/574 576/681/576
f 581/686/581 574/679/574 579/684/579
f 571/676/571 574/679/574 581/686/581
f 582/687/582 571/676/571 581/686/581
f 571/676/571 582/687/582 567/672/567
f 583/688/583 567/672/567 582/687/582
f 567/672/567 583/688/583 568/673/568
f 584/689/584 568/673/568 583/688/583
f 568/673/568 584/689/584 585/690/585
f 586/691/586 585/690/585 584/689/584
f 587/692/587 586/691/586 584/689/584
f 588/693/588 586/691/586 587/692/587
f 588/693/588 587/692/587 589/694/589
f 589/694/589 587/692/587 590/695/590
f 583/688/583 587/692/587 584/689/584
f 578/683/578 591/696/591 579/684/579
f 591/696/591 581/686/581 579/684/579
f 592/697/592 581/686/581 591/696/591
f 581/686/581 592/697/592 582/687/582
f 593/698/593 582/687/582 592/697/592
f 582/687/582 593/698/593 583/688/583
f 583/688/583 593/698/593 594/699/594
f 587/692/587 583/688/583 594/699/594
f 594/699/594 595/700/595 587/692/587
f 595/700/595 590/695/590 587/692/587
f 590/695/590 595/700/595 596/701/596
f 596/701/596 595/700/595 597/702/597
f 598/703/598 568/673/568 585/690/585
f 598/703/598 566/671/566 568/673/568
f 566/671/566 598/703/598 550/652/550
f 599/704/599 600/705/600 601/706/601
f 600/705/600 599/704/599 586/691/586
f 585/690/585 586/691/586 599/704/599
f 599/704/599 602/707/602 585/690/585
f 603/708/603 585/690/585 602/707/602
f 603/708/603 598/703/598 585/690/585
f 598/703/598 603/708/603 604/709/604
f 507/710/507 598/703/598 604/709/604
f 507/710/507 518/711/518 598/703/598
f 518/711/518 550/652/550 598/703/598
f 550/652/550 518/711/518 517/712/517
f 517/712/517 548/650/548 550/652/550
f 548/650/548 517/712/517 516/713/516
f 516/713/516 605/714/605 548/650/548
f 605/714/605 516/713/516 512/715/512
f 512/715/512 606/716/606 605/714/605
f 606/716/606 512/715/512 513/717/513
f 513/717/513 607/718/607 606/716/606
f 518/711/518 507/710/507 508/719/508
f 449/639/449 447/653/447 608/720/608
f 447/653/447 609/721/609 608/720/608
f 548/650/548 609/721/609 447/653/447
f 605/714/605 609/721/609 548/650/548
f 605/714/605 610/722/610 609/721/609
f 605/714/605 607/718/607 610/722/610
f 607/718/607 605/714/605 606/716/606
f 609/721/609 611/723/611 612/724/612
f 611/723/611 609/721/609 613/725/613
f 609/721/609 614/726/614 613/725/613
f 609/721/609 610/722/610 614/726/614
f 607/718/607 513/717/513 514/727/514
f 514/727/514 610/722/610 607/718/607
f 610/722/610 514/727/514 515/728/515
f 515/728/515 614/726/614 610/722/610
f 614/726/614 515/728/515 456/729/456
f 459/730/459 614/726/614 456/729/456
f 614/726/614 459/730/459 613/725/613
f 461/731/461 613/725/613 459/730/459
f 613/725/613 461/731/461 611/723/611
f 462/732/462 611/723/611 461/731/461
f 611/723/611 462/732/462 612/724/612
f 463/733/463 612/724/612 462/732/462
f 612/724/612 463/733/463 609/721/609
f 476/734/476 609/721/609 463/733/463
f 609/721/609 476/734/476 608/720/608
f 474/735/474 608/720/608 476/734/476
f 608/720/608 474/735/474 449/639/449
f 475/630/475 449/639/449 474/735/474
f 615/736/615 519/737/519 521/738/521
f 519/737/519 615/736/615 616/739/616
f 617/740/617 618/741/618 619/742/619
f 619/742/619 620/743/620 617/740/617
f 536/744/536 617/740/617 620/743/620
f 617/740/617 536/744/536 535/745/535
f 534/746/534 617/740/617 535/745/535
f 617/740/617 534/746/534 621/747/621
f 522/748/522 621/747/621 534/746/534
f 621/747/621 522/748/522 622/749/622
f 522/748/522 519/750/519 622/749/622
f 622/749/622 519/750/519 616/739/616
f 616/739/616 623/751/623 622/749/622
f 623/751/623 616/739/616 615/736/615
f 521/752/521 623/751/623 615/736/615
f 623/751/623 521/752/521 520/753/520
f 624/754/624 623/751/623 520/753/520
f 618/741/618 617/740/617 621/747/621
f 618/741/618 625/755/625 626/756/626
f 538/757/538 627/758/627 539/759/539
f 627/758/627 538/757/538 628/760/628
f 536/744/536 628/760/628 538/757/538
f 628/760/628 536/744/536 620/743/620
f 620/743/620 629/761/629 628/760/628
f 620/743/620 619/742/619 629/761/629
f 619/742/619 630/762/630 629/761/629
f 630/762/630 619/742/619 631/763/631
f 618/741/618 631/763/631 619/742/619
f 631/763/631 618/741/618 632/764/632
f 618/741/618 633/765/633 632/764/632
f 633/765/633 618/741/618 626/756/626
f 626/756/626 634/766/634 633/765/633
f 634/766/634 626/756/626 625/755/625
f 634/766/634 625/755/625 635/767/635
f 625/755/625 636/768/636 635/767/635
f 636/768/636 625/755/625 637/769/637
f 539/770/539 629/761/629 630/771/630
f 629/761/629 539/770/539 627/758/627
f 628/760/628 629/761/629 627/758/627
f 623/751/623 638/772/638 622/749/622
f 639/773/639 622/749/622 638/772/638
f 622/749/622 639/773/639 621/747/621
f 639/773/639 640/774/640 621/747/621
f 640/774/640 618/741/618 621/747/621
f 618/741/618 640/774/640 641/775/641
f 625/755/625 618/741/618 641/775/641
f 641/775/641 642/776/642 625/755/625
f 637/769/637 625/755/625 642/776/642
f 643/777/643 637/769/637 642/776/642
f 643/777/643 636/778/636 637/769/637
f 636/778/636 643/777/643 644/779/644
f 644/779/644 643/777/643 645/780/645
f 646/781/646 645/780/645 643/777/643
f 645/780/645 646/781/646 647/782/647
f 648/783/648 647/782/647 646/781/646
f 647/782/647 648/783/648 649/784/649
f 648/783/648 650/785/650 649/784/649
f 643/777/643 648/783/648 646/781/646
f 651/786/651 652/787/652 640/774/640
f 640/774/640 639/773/639 651/786/651
f 653/788/653 654/789/654 655/790/655
f 654/789/654 653/788/653 656/791/656
f 653/788/653 640/774/640 656/791/656
f 640/774/640 657/792/657 656/791/656
f 640/774/640 652/787/652 657/792/657
f 658/793/658 657/792/657 652/787/652
f 652/787/652 659/794/659 658/793/658
f 659/794/659 652/787/652 660/795/660
f 652/787/652 661/796/661 660/795/660
f 661/796/661 652/787/652 651/786/651
f 651/786/651 662/797/662 661/796/661
f 662/797/662 651/786/651 639/773/639
f 639/773/639 663/798/663 662/797/662
f 663/798/663 639/773/639 638/772/638
f 638/772/638 624/754/624 663/798/663
f 624/754/624 638/772/638 664/799/664
f 623/751/623 624/754/624 664/799/664
f 638/772/638 623/751/623 664/799/664
f 665/800/665 654/789/654 666/801/666
f 667/802/667 666/801/666 654/789/654
f 667/802/667 654/789/654 657/792/657
f 657/792/657 654/789/654 656/791/656
f 667/802/667 668/803/668 669/804/669
f 668/803/668 667/802/667 670/805/670
f 657/792/657 670/805/670 667/802/667
f 670/805/670 657/792/657 671/806/671
f 657/792/657 658/793/658 671/806/671
f 658/793/658 672/807/672 671/806/671
f 672/807/672 658/793/658 659/808/659
f 670/805/670 672/809/672 668/810/668
f 672/809/672 670/805/670 671/806/671
f 642/776/642 655/790/655 643/777/643
f 648/783/648 643/777/643 655/790/655
f 654/789/654 648/783/648 655/790/655
f 648/783/648 654/789/654 673/811/673
f 654/789/654 665/800/665 673/811/673
f 665/800/665 674/812/674 673/811/673
f 674/812/674 665/800/665 675/813/675
f 675/813/675 676/814/676 674/812/674
f 676/814/676 675/813/675 677/815/677
f 678/816/678 676/814/676 677/815/677
f 675/813/675 678/816/678 677/815/677
f 678/816/678 675/813/675 679/817/679
f 665/800/665 679/817/679 675/813/675
f 679/817/679 665/800/665 680/818/680
f 666/801/666 680/818/680 665/800/665
f 680/818/680 666/801/666 681/819/681
f 667/802/667 681/819/681 666/801/666
f 681/819/681 667/802/667 669/804/669
f 682/820/682 648/783/648 673/811/673
f 648/783/648 682/820/682 683/821/683
f 684/822/684 683/821/683 682/820/682
f 682/820/682 590/823/590 684/822/684
f 590/823/590 682/820/682 589/824/589
f 682/820/682 588/825/588 589/824/589
f 588/825/588 682/820/682 673/811/673
f 673/811/673 586/826/586 588/825/588
f 586/826/586 673/811/673 674/812/674
f 674/812/674 600/827/600 586/826/586
f 685/828/685 600/827/600 674/812/674
f 676/814/676 685/828/685 674/812/674
f 685/828/685 676/814/676 686/829/686
f 676/814/676 601/830/601 686/829/686
f 601/830/601 676/814/676 599/831/599
f 676/814/676 678/816/678 599/831/599
f 686/829/686 600/832/600 685/828/685
f 600/832/600 686/829/686 601/833/601
f 650/785/650 648/783/648 683/821/683
f 683/821/683 687/834/687 650/785/650
f 687/834/687 683/821/683 688/835/688
f 683/821/683 684/822/684 688/835/688
f 688/835/688 684/822/684 689/836/689
f 590/823/590 689/836/689 684/822/684
f 689/836/689 590/823/590 596/837/596
f 596/837/596 690/838/690 689/836/689
f 690/838/690 596/837/596 597/839/597
f 688/835/688 689/836/689 690/838/690
f 597/840/597 688/835/688 690/838/690
f 688/835/688 597/840/597 687/841/687
f 691/842/691 482/843/482 484/844/484
f 484/844/484 692/845/692 691/842/691
f 693/846/693 691/842/691 692/845/692
f 691/842/691 693/846/693 694/847/694
f 694/847/694 695/848/695 691/842/691
f 695/848/695 694/847/694 696/849/696
f 696/849/696 697/850/697 695/848/695
f 697/850/697 696/849/696 698/851/698
f 699/852/699 698/851/698 696/849/696
f 700/853/700 699/852/699 696/849/696
f 694/847/694 700/853/700 696/849/696
f 482/843/482 691/842/691 695/848/695
f 692/845/692 484/844/484 485/854/485
f 482/843/482 695/848/695 480/855/480
f 695/848/695 457/856/457 480/855/480
f 457/856/457 695/848/695 697/850/697
f 697/850/697 458/857/458 457/856/457
f 458/857/458 697/850/697 701/858/701
f 698/851/698 701/858/701 697/850/697
f 701/858/701 698/851/698 702/859/702
f 698/851/698 703/860/703 702/859/702
f 703/860/703 698/851/698 704/861/704
f 698/851/698 699/852/699 704/861/704
f 699/852/699 703/862/703 704/861/704
f 703/862/703 699/852/699 705/863/705
f 699/852/699 706/864/706 705/863/705
f 706/864/706 699/852/699 700/853/700
f 700/853/700 707/865/707 706/864/706
f 707/865/707 700/853/700 708/866/708
f 700/853/700 694/847/694 708/866/708
f 694/847/694 707/867/707 708/866/708
f 707/867/707 694/847/694 693/846/693
f 709/868/709 707/867/707 693/846/693
f 692/845/692 709/868/709 693/846/693
f 709/868/709 692/845/692 710/869/710
f 485/854/485 710/869/710 692/845/692
f 710/869/710 485/854/485 466/870/466
f 464/871/464 710/869/710 466/870/466
f 464/871/464 701/872/701 710/869/710
f 701/872/701 464/871/464 458/873/458
f 701/872/701 709/868/709 710/869/710
f 707/867/707 709/868/709 706/874/706
f 706/874/706 709/868/709 705/875/705
f 702/876/702 705/875/705 709/868/709
f 709/868/709 701/872/701 702/876/702
f 705/875/705 702/876/702 703/877/703
f 711/878/711 712/879/712 713/880/713
f 712/879/712 711/878/711 714/881/714
f 714/881/714 715/882/715 712/879/712
f 715/882/715 714/881/714 716/883/716
f 716/883/716 717/884/717 715/882/715
f 717/884/717 716/883/716 718/885/718
f 718/885/718 719/886/719 717/884/717
f 719/886/719 718/885/718 720/887/720
f 721/888/721 720/887/720 718/885/718
f 720/887/720 721/888/721 722/889/722
f 716/883/716 723/890/723 718/885/718
f 723/890/723 721/888/721 718/885/718
f 719/886/719 724/891/724 725/892/725
f 724/891/724 719/886/719 720/887/720
f 720/887/720 726/893/726 724/891/724
f 726/893/726 720/887/720 722/889/722
f 722/889/722 727/894/727 726/893/726
f 727/894/727 722/889/722 728/895/728
f 722/889/722 721/888/721 728/895/728
f 721/888/721 727/896/727 728/895/728
f 727/896/727 721/888/721 729/897/729
f 721/888/721 730/898/730 729/897/729
f 730/898/730 721/888/721 723/890/723
f 723/890/723 731/899/731 730/898/730
f 731/899/731 723/890/723 732/900/732
f 723/890/723 716/883/716 732/900/732
f 716/883/716 731/901/731 732/900/732
f 731/901/731 716/883/716 714/881/714
f 714/881/714 730/902/730 731/901/731
f 730/902/730 714/881/714 711/878/711
f 730/902/730 711/878/711 729/903/729
f 729/903/729 726/904/726 727/905/727
f 729/903/729 724/906/724 726/904/726
f 724/906/724 729/903/729 711/878/711
f 711/878/711 725/907/725 724/906/724
f 725/907/725 711/878/711 713/880/713
f 453/908/453 725/907/725 713/880/713
f 453/908/453 713/880/713 454/909/454
f 713/880/713 733/910/733 454/909/454
f 733/910/733 713/880/713 712/879/712
f 712/879/712 734/911/734 733/910/733
f 734/911/734 712/879/712 715/882/715
f 715/882/715 735/912/735 734/911/734
f 735/912/735 715/882/715 717/884/717
f 735/912/735 717/884/717 502/913/502
f 717/884/717 489/914/489 502/913/502
f 489/914/489 717/884/717 719/886/719
f 719/886/719 472/915/472 489/914/489
f 472/915/472 719/886/719 725/892/725
f 725/907/725 453/908/453 472/916/472
f 736/917/736 737/918/737 738/919/738
f 737/918/737 736/917/736 739/920/739
f 739/920/739 550/921/550 737/918/737
f 550/921/550 739/920/739 566/922/566
f 566/922/566 739/920/739 736/917/736
f 551/923/551 566/922/566 736/917/736
f 549/924/549 551/923/551 740/925/740
f 551/923/551 736/917/736 740/925/740
f 741/926/741 740/925/740 736/917/736
f 738/919/738 741/926/741 736/917/736
f 741/926/741 738/919/738 742/927/742
f 738/919/738 743/928/743 742/927/742
f 743/928/743 738/919/738 740/929/740
f 737/918/737 740/929/740 738/919/738
f 740/929/740 737/918/737 549/930/549
f 550/921/550 549/930/549 737/918/737
f 740/925/740 742/931/742 743/932/743
f 740/925/740 741/926/741 742/931/742
f 744/933/744 745/934/745 746/935/746
f 746/935/746 747/936/747 744/937/744
f 747/936/747 746/935/746 748/938/748
f 749/939/749 748/938/748 746/935/746
f 749/939/749 746/935/746 745/934/745
f 750/940/750 749/939/749 745/934/745
f 751/941/751 750/940/750 745/934/745
f 752/942/752 750/940/750 751/941/751
f 750/940/750 752/942/752 592/697/592
f 752/942/752 753/943/753 592/697/592
f 753/943/753 593/698/593 592/697/592
f 593/698/593 753/943/753 754/944/754
f 755/945/755 754/944/754 753/943/753
f 754/944/754 755/945/755 756/946/756
f 753/943/753 752/942/752 755/947/755
f 748/938/748 749/939/749 757/948/757
f 750/940/750 757/948/757 749/939/749
f 757/948/757 750/940/750 578/683/578
f 591/696/591 578/683/578 750/940/750
f 750/940/750 592/697/592 591/696/591
f 758/949/758 759/950/759 760/951/760
f 759/950/759 758/949/758 761/952/761
f 762/953/762 761/952/761 758/949/758
f 761/952/761 762/953/762 763/954/763
f 594/955/594 761/952/761 763/954/763
f 761/952/761 594/955/594 593/956/593
f 754/957/754 761/952/761 593/956/593
f 761/952/761 754/957/754 756/958/756
f 755/959/755 761/952/761 756/958/756
f 761/952/761 755/959/755 752/960/752
f 752/960/752 759/950/759 761/952/761
f 752/960/752 751/961/751 759/950/759
f 745/962/745 759/950/759 751/961/751
f 595/963/595 687/964/687 597/965/597
f 687/964/687 595/963/595 764/966/764
f 595/963/595 594/955/594 764/966/764
f 764/966/764 594/955/594 765/967/765
f 765/967/765 594/955/594 763/954/763
f 763/954/763 766/968/766 765/967/765
f 766/968/766 763/954/763 762/953/762
f 523/969/523 766/968/766 762/953/762
f 758/949/758 523/969/523 762/953/762
f 523/969/523 758/949/758 524/970/524
f 758/949/758 546/971/546 524/970/524
f 546/971/546 758/949/758 547/972/547
f 758/949/758 545/973/545 547/972/547
f 545/973/545 758/949/758 544/974/544
f 758/949/758 760/951/760 544/974/544
f 760/951/760 565/975/565 544/974/544
f 760/951/760 564/976/564 565/975/565
f 564/976/564 760/951/760 767/977/767
f 768/978/768 764/966/764 769/979/769
f 765/967/765 769/979/769 764/966/764
f 765/967/765 766/968/766 769/979/769
f 770/980/770 769/979/769 766/968/766
f 523/969/523 770/980/770 766/968/766
f 523/969/523 537/981/537 770/980/770
f 770/980/770 768/978/768 769/979/769
f 630/982/630 537/981/537 539/983/539
f 537/981/537 630/982/630 770/980/770
f 770/980/770 630/982/630 631/984/631
f 770/980/770 631/984/631 632/985/632
f 770/980/770 632/985/632 633/986/633
f 770/980/770 633/986/633 634/987/634
f 768/978/768 770/980/770 634/987/634
f 634/987/634 635/988/635 768/978/768
f 636/989/636 768/978/768 635/988/635
f 644/990/644 768/978/768 636/989/636
f 768/978/768 644/990/644 645/991/645
f 764/966/764 768/978/768 645/991/645
f 645/991/645 647/992/647 764/966/764
f 647/992/647 649/993/649 764/966/764
f 649/993/649 650/994/650 764/966/764
f 650/994/650 687/964/687 764/966/764
f 771/995/771 772/996/772 773/997/773
f 772/996/772 771/995/771 774/998/774
f 774/998/774 775/999/775 772/996/772
f 775/999/775 774/998/774 776/1000/776
f 777/1001/777 771/995/771 778/1002/778
f 771/995/771 779/1003/779 778/1002/778
f 779/1003/779 771/995/771 780/1004/780
f 780/1004/780 771/995/771 773/997/773
f 773/997/773 779/1005/779 780/1004/780
f 779/1005/779 773/997/773 781/1006/781
f 772/996/772 781/1006/781 773/997/773
f 781/1006/781 772/996/772 782/1007/782
f 775/999/775 782/1007/782 772/996/772
f 782/1007/782 775/999/775 783/1008/783
f 775/999/775 497/1009/497 783/1008/783
f 497/1009/497 775/999/775 496/1010/496
f 776/1000/776 496/1010/496 775/999/775
f 496/1010/496 776/1000/776 503/1011/503
f 776/1000/776 784/1012/784 503/1011/503
f 785/1013/785 784/1012/784 776/1000/776
f 784/1012/784 785/1013/785 786/1014/786
f 787/1015/787 786/1014/786 785/1013/785
f 788/1016/788 785/1013/785 789/1017/789
f 785/1013/785 788/1016/788 787/1015/787
f 790/1018/790 787/1015/787 788/1016/788
f 787/1015/787 790/1018/790 791/1019/791
f 790/1018/790 783/1020/783 791/1019/791
f 783/1020/783 790/1018/790 782/1021/782
f 786/1014/786 787/1015/787 792/1022/792
f 791/1019/791 792/1022/792 787/1015/787
f 792/1022/792 791/1019/791 501/1023/501
f 791/1019/791 499/1024/499 501/1023/501
f 783/1020/783 499/1024/499 791/1019/791
f 499/1024/499 783/1020/783 497/1025/497
f 776/1000/776 789/1017/789 785/1013/785
f 789/1017/789 776/1000/776 774/998/774
f 793/1026/793 789/1017/789 774/998/774
f 774/998/774 771/995/771 793/1026/793
f 771/995/771 777/1001/777 793/1026/793
f 794/1027/794 793/1026/793 777/1001/777
f 793/1026/793 794/1027/794 795/1028/795
f 789/1017/789 793/1026/793 795/1028/795
f 794/1029/794 789/1017/789 795/1028/795
f 789/1017/789 794/1029/794 788/1016/788
f 777/1030/777 788/1016/788 794/1029/794
f 788/1016/788 777/1030/777 790/1018/790
f 778/1031/778 790/1018/790 777/1030/777
f 778/1031/778 782/1021/782 790/1018/790
f 782/1021/782 778/1031/778 781/1032/781
f 779/1033/779 781/1032/781 778/1031/778
f 455/1034/455 532/1035/532 470/1036/470
f 796/1037/796 797/1038/797 798/1039/798
f 799/1040/799 798/1039/798 797/1038/797
f 799/1040/799 659/1041/659 798/1039/798
f 799/1040/799 672/1042/672 659/1041/659
f 800/1043/800 672/1042/672 799/1040/799
f 672/1042/672 800/1043/800 801/1044/801
f 800/1043/800 490/1045/490 801/1044/801
f 490/1045/490 800/1043/800 502/1046/502
f 799/1040/799 502/1046/502 800/1043/800
f 502/1046/502 799/1040/799 735/1047/735
f 799/1040/799 734/1048/734 735/1047/735
f 734/1048/734 799/1040/799 797/1038/797
f 797/1038/797 733/1049/733 734/1048/734
f 733/1049/733 797/1038/797 802/1050/802
f 802/1050/802 454/1051/454 733/1049/733
f 454/1051/454 802/1050/802 803/1052/803
f 803/1052/803 455/1034/455 454/1051/454
f 455/1034/455 803/1052/803 804/1053/804
f 532/1035/532 455/1034/455 804/1053/804
f 529/1054/529 532/1035/532 804/1053/804
f 532/1035/532 529/1054/529 530/1055/530
f 797/1038/797 796/1037/796 802/1050/802
f 796/1037/796 624/1056/624 802/1050/802
f 624/1056/624 803/1052/803 802/1050/802
f 803/1052/803 624/1056/624 520/1057/520
f 529/1054/529 803/1052/803 520/1057/520
f 803/1052/803 529/1054/529 804/1053/804
f 805/1058/805 490/1059/490 503/1060/503
f 490/1059/490 805/1058/805 801/1044/801
f 805/1058/805 672/1042/672 801/1044/801
f 672/1042/672 805/1058/805 806/1061/806
f 806/1061/806 668/1062/668 672/1042/672
f 807/1063/807 668/1062/668 806/1061/806
f 807/1063/807 808/1064/808 668/1062/668
f 807/1063/807 809/1065/809 808/1064/808
f 809/1065/809 807/1063/807 810/1066/810
f 810/1066/810 678/1067/678 809/1065/809
f 811/1068/811 678/1067/678 810/1066/810
f 678/1067/678 811/1068/811 599/1069/599
f 811/1068/811 602/1070/602 599/1069/599
f 602/1070/602 811/1068/811 812/1071/812
f 604/1072/604 602/1070/602 812/1071/812
f 500/1073/500 604/1072/604 812/1071/812
f 604/1072/604 500/1073/500 507/1074/507
f 602/1070/602 604/1072/604 603/1075/603
f 503/1060/503 806/1061/806 805/1058/805
f 806/1061/806 503/1060/503 784/1076/784
f 786/1077/786 806/1061/806 784/1076/784
f 806/1061/806 786/1077/786 807/1063/807
f 792/1078/792 807/1063/807 786/1077/786
f 807/1063/807 792/1078/792 810/1066/810
f 501/1079/501 810/1066/810 792/1078/792
f 810/1066/810 501/1079/501 811/1068/811
f 500/1073/500 811/1068/811 501/1079/501
f 811/1068/811 500/1073/500 812/1071/812
f 813/1080/813 814/1081/814 815/1082/815
f 814/1081/814 813/1080/813 816/1083/816
f 816/1083/816 817/1084/817 814/1081/814
f 817/1084/817 816/1083/816 818/1085/818
f 817/1084/817 818/1085/818 819/1086/819
f 819/1086/819 818/1085/818 820/1087/820
f 821/1088/821 819/1086/819 820/1087/820
f 822/1089/822 821/1088/821 820/1087/820
f 821/1088/821 822/1089/822 823/1090/823
f 822/1089/822 824/1091/824 823/1090/823
f 824/1091/824 821/1092/821 823/1090/823
f 821/1092/821 824/1091/824 819/1093/819
f 825/1094/825 819/1093/819 824/1091/824
f 819/1093/819 825/1094/825 817/1095/817
f 826/1096/826 817/1095/817 825/1094/825
f 817/1095/817 826/1096/826 814/1097/814
f 826/1096/826 815/1098/815 814/1097/814
f 815/1098/815 826/1096/826 827/1099/827
f 820/1087/820 828/1100/828 822/1089/822
f 828/1100/828 820/1087/820 829/1101/829
f 818/1085/818 829/1101/829 820/1087/820
f 829/1101/829 818/1085/818 830/1102/830
f 816/1083/816 830/1102/830 818/1085/818
f 831/1103/831 830/1102/830 816/1083/816
f 813/1080/813 831/1103/831 816/1083/816
f 678/1104/678 831/1103/831 809/1105/809
f 831/1103/831 678/1104/678 830/1102/830
f 830/1102/830 678/1104/678 679/1106/679
f 680/1107/680 830/1102/830 679/1106/679
f 830/1102/830 680/1107/680 829/1101/829
f 681/1108/681 829/1101/829 680/1107/680
f 829/1101/829 681/1108/681 828/1100/828
f 669/1109/669 828/1100/828 681/1108/681
f 828/1100/828 669/1109/669 832/1110/832
f 832/1110/832 822/1089/822 828/1100/828
f 822/1089/822 832/1110/832 833/1111/833
f 824/1091/824 822/1089/822 833/1111/833
f 833/1111/833 825/1094/825 824/1091/824
f 834/1112/834 825/1094/825 833/1111/833
f 825/1094/825 834/1112/834 826/1096/826
f 835/1113/835 826/1096/826 834/1112/834
f 834/1112/834 836/1114/836 835/1113/835
f 833/1111/833 836/1114/836 834/1112/834
f 836/1114/836 833/1111/833 832/1110/832
f 826/1096/826 835/1113/835 827/1099/827
f 835/1113/835 815/1115/815 827/1099/827
f 815/1115/815 835/1113/835 813/1116/813
f 835/1113/835 836/1114/836 813/1116/813
f 836/1114/836 831/1117/831 813/1116/813
f 836/1114/836 809/1118/809 831/1117/831
f 809/1118/809 836/1114/836 808/1119/808
f 832/1110/832 808/1119/808 836/1114/836
f 808/1119/808 832/1110/832 668/1120/668
f 832/1110/832 669/1109/669 668/1120/668
f 837/1121/837 838/1122/838 839/1123/839
f 838/1122/838 837/1121/837 840/1124/840
f 840/1124/840 841/1125/841 838/1122/838
f 840/1124/840 842/1126/842 841/1125/841
f 843/1127/843 842/1126/842 840/1124/840
f 843/1127/843 844/1128/844 842/1126/842
f 844/1128/844 843/1127/843 845/1129/845
f 845/1129/845 846/1130/846 844/1128/844
f 846/1130/846 845/1129/845 847/1131/847
f 847/1131/847 848/1132/848 846/1130/846
f 848/1132/848 847/1131/847 849/1133/849
f 849/1133/849 850/1134/850 848/1132/848
f 850/1134/850 849/1133/849 851/1135/851
f 852/1136/852 851/1135/851 849/1133/849
f 851/1135/851 852/1136/852 853/1137/853
f 853/1137/853 854/1138/854 851/1135/851
f 854/1138/854 850/1134/850 851/1135/851
f 849/1133/849 847/1131/847 855/1139/855
f 855/1139/855 852/1136/852 849/1133/849
f 856/1140/856 852/1136/852 855/1139/855
f 852/1136/852 856/1140/856 857/1141/857
f 857/1141/857 853/1137/853 852/1136/852
f 853/1137/853 857/1141/857 837/1142/837
f 839/1143/839 853/1137/853 837/1142/837
f 853/1137/853 839/1143/839 858/1144/858
f 854/1138/854 853/1137/853 858/1144/858
f 839/1145/839 854/1138/854 858/1144/858
f 854/1138/854 839/1145/839 838/1146/838
f 838/1146/838 850/1134/850 854/1138/854
f 838/1146/838 841/1147/841 850/1134/850
f 796/1148/796 850/1134/850 841/1147/841
f 850/1134/850 796/1148/796 798/1149/798
f 798/1149/798 848/1132/848 850/1134/850
f 848/1132/848 798/1149/798 659/1150/659
f 660/1151/660 848/1132/848 659/1150/659
f 855/1139/855 859/1152/859 856/1140/856
f 859/1152/859 855/1139/855 860/1153/860
f 860/1153/860 855/1139/855 847/1131/847
f 847/1131/847 859/1154/859 860/1153/860
f 859/1154/859 847/1131/847 845/1129/845
f 856/1155/856 859/1154/859 845/1129/845
f 845/1129/845 843/1127/843 856/1155/856
f 856/1155/856 843/1127/843 857/1156/857
f 840/1124/840 857/1156/857 843/1127/843
f 857/1156/857 840/1124/840 837/1121/837
f 660/1151/660 846/1130/846 848/1132/848
f 846/1130/846 660/1151/660 661/1157/661
f 661/1157/661 844/1128/844 846/1130/846
f 844/1128/844 661/1157/661 662/1158/662
f 662/1158/662 842/1126/842 844/1128/844
f 842/1126/842 662/1158/662 663/1159/663
f 624/1160/624 842/1126/842 663/1159/663
f 624/1160/624 841/1125/841 842/1126/842
f 841/1125/841 624/1160/624 796/1161/796
f 767/977/767 563/1162/563 564/976/564
f 563/1162/563 767/977/767 562/1163/562
f 767/977/767 560/1164/560 562/1163/562
f 560/1164/560 767/977/767 558/1165/558
f 767/977/767 557/1166/557 558/1165/558
f 557/1166/557 767/977/767 760/951/760
f 760/951/760 577/1167/577 557/1166/557
f 760/951/760 578/1168/578 577/1167/577
f 759/950/759 578/1168/578 760/951/760
f 861/1169/861 578/1168/578 759/950/759
f 759/950/759 745/962/745 861/1169/861
f 744/1170/744 861/1169/861 745/962/745
f 861/1169/861 744/1170/744 747/1171/747
f 748/1172/748 861/1169/861 747/1171/747
f 861/1169/861 748/1172/748 757/1173/757
f 578/1168/578 861/1169/861 757/1173/757
f 862/1174/862 863/1175/863 864/1176/864
f 863/1175/863 865/1177/865 864/1176/864
f 863/1175/863 866/1178/866 867/1179/867
f 866/1178/866 863/1175/863 868/1180/868
f 862/1174/862 868/1180/868 863/1175/863
f 868/1180/868 862/1174/862 869/1181/869
f 488/1182/488 866/1178/866 477/1183/477
f 866/1178/866 488/1182/488 867/1179/867
f 867/1179/867 488/1182/488 510/1184/510
f 505/1185/505 867/1179/867 510/1184/510
f 867/1179/867 505/1185/505 870/1186/870
f 870/1186/870 863/1175/863 867/1179/867
f 863/1175/863 870/1186/870 871/1187/871
f 865/1177/865 863/1175/863 871/1187/871
f 872/1188/872 865/1177/865 871/1187/871
f 865/1177/865 872/1188/872 873/1189/873
f 872/1188/872 874/1190/874 873/1189/873
f 874/1190/874 865/1191/865 873/1189/873
f 865/1191/865 874/1190/874 864/1192/864
f 875/1193/875 864/1192/864 874/1190/874
f 864/1192/864 875/1193/875 862/1194/862
f 875/1193/875 869/1195/869 862/1194/862
f 869/1195/869 875/1193/875 876/1196/876
f 875/1193/875 877/1197/877 876/1196/876
f 878/1198/878 871/1187/871 870/1186/870
f 871/1187/871 878/1198/878 872/1188/872
f 504/1199/504 870/1186/870 505/1185/505
f 870/1186/870 504/1199/504 878/1198/878
f 493/1200/493 878/1198/878 504/1199/504
f 878/1198/878 493/1200/493 879/1201/879
f 879/1201/879 872/1188/872 878/1198/878
f 872/1188/872 879/1201/879 880/1202/880
f 874/1190/874 872/1188/872 880/1202/880
f 880/1202/880 875/1193/875 874/1190/874
f 877/1197/877 875/1193/875 880/1202/880
f 880/1202/880 881/1203/881 877/1197/877
f 881/1203/881 880/1202/880 879/1201/879
f 877/1197/877 869/1204/869 876/1196/876
f 869/1204/869 877/1197/877 868/1205/868
f 877/1197/877 866/1206/866 868/1205/868
f 866/1206/866 877/1197/877 881/1203/881
f 881/1203/881 477/1207/477 866/1206/866
f 477/1207/477 881/1203/881 478/1208/478
f 879/1201/879 478/1208/478 881/1203/881
f 478/1208/478 879/1201/879 486/1209/486
f 879/1201/879 493/1200/493 486/1209/486
f 642/776/642 641/775/641 882/1210/882
f 655/790/655 642/776/642 882/1210/882
f 655/790/655 882/1210/882 653/788/653
f 653/788/653 882/1210/882 641/775/641
f 640/774/640 653/788/653 641/775/641
f 883/1211/883 884/1212/884 885/1213/885
f 883/1211/883 886/1214/886 887/1215/887
f 883/1211/883 887/1215/887 884/1212/884
f 884/1212/884 887/1215/887 888/1216/888
f 884/1212/884 888/1216/888 889/1217/889
f 889/1217/889 888/1216/888 890/1218/890
f 891/1219/891 889/1217/889 890/1218/890
f 892/1220/892 889/1217/889 891/1219/891
f 889/1217/889 892/1220/892 884/1212/884
f 893/1221/893 884/1212/884 892/1220/892
f 884/1212/884 893/1221/893 894/1222/894
f 885/1213/885 884/1212/884 894/1222/894
f 895/1223/895 885/1213/885 894/1222/894
f 895/1223/895 883/1211/883 885/1213/885
f 896/1224/896 883/1211/883 895/1223/895
f 896/1224/896 886/1214/886 883/1211/883
f 897/1225/897 886/1214/886 896/1224/896
f 898/1226/898 897/1225/897 896/1224/896
f 899/1227/899 897/1225/897 898/1226/898
f 900/1228/900 899/1227/899 898/1226/898
f 898/1226/898 896/1224/896 901/1229/901
f 902/1230/902 901/1229/901 896/1224/896
f 903/1231/903 901/1229/901 902/1230/902
f 895/1223/895 902/1230/902 896/1224/896
f 902/1230/902 895/1223/895 904/1232/904
f 905/1233/905 902/1230/902 904/1232/904
f 902/1230/902 905/1233/905 903/1231/903
f 905/1233/905 906/1234/906 903/1231/903
f 899/1227/899 900/1228/900 907/1235/907
f 907/1235/907 900/1228/900 908/1236/908
f 909/1237/909 908/1236/908 900/1228/900
f 909/1237/909 900/1228/900 910/1238/910
f 910/1238/910 900/1228/900 898/1226/898
f 911/1239/911 910/1238/910 898/1226/898
f 898/1226/898 912/1240/912 911/1239/911
f 912/1240/912 898/1226/898 901/1229/901
f 913/1241/913 912/1240/912 901/1229/901
f 901/1229/901 903/1231/903 913/1241/913
f 903/1231/903 914/1242/914 913/1241/913
f 914/1242/914 903/1231/903 906/1234/906
f 915/1243/915 914/1242/914 906/1234/906
f 906/1234/906 916/1244/916 915/1243/915
f 916/1244/916 917/1245/917 915/1243/915
f 918/1246/918 917/1245/917 916/1244/916
f 918/1246/918 919/1247/919 917/1245/917
f 920/1248/920 919/1247/919 918/1246/918
f 920/1248/920 918/1246/918 916/1244/916
f 915/1243/915 921/1249/921 914/1242/914
f 922/1250/922 923/1251/923 924/1252/924
f 921/1249/921 923/1251/923 922/1250/922
f 921/1249/921 922/1250/922 925/1253/925
f 926/1254/926 921/1249/921 925/1253/925
f 921/1249/921 926/1254/926 914/1242/914
f 926/1254/926 913/1241/913 914/1242/914
f 913/1241/913 926/1254/926 927/1255/927
f 912/1240/912 913/1241/913 927/1255/927
f 928/1256/928 919/1247/919 920/1248/920
f 919/1247/919 928/1256/928 929/1257/929
f 929/1257/929 930/1258/930 919/1247/919
f 930/1258/930 929/1257/929 931/1259/931
f 932/1260/932 930/1258/930 931/1259/931
f 932/1260/932 933/1261/933 930/1258/930
f 930/1258/930 933/1261/933 919/1247/919
f 933/1261/933 934/1262/934 919/1247/919
f 919/1247/919 934/1262/934 917/1245/917
f 934/1262/934 935/1263/935 917/1245/917
f 917/1245/917 935/1263/935 915/1243/915
f 915/1243/915 935/1263/935 936/1264/936
f 915/1243/915 936/1264/936 921/1249/921
f 921/1249/921 936/1264/936 937/1265/937
f 937/1265/937 923/1251/923 921/1249/921
f 923/1251/923 937/1265/937 938/1266/938
f 939/1267/939 923/1251/923 938/1266/938
f 923/1251/923 939/1267/939 924/1252/924
f 939/1268/939 938/1269/938 924/1270/924
f 924/1270/924 940/1271/940 922/1272/922
f 940/1271/940 924/1270/924 938/1269/938
f 940/1271/940 938/1269/938 937/1273/937
f 936/1274/936 940/1271/940 937/1273/937
f 940/1271/940 936/1274/936 941/1275/941
f 935/1276/935 941/1275/941 936/1274/936
f 941/1275/941 935/1276/935 942/1277/942
f 934/1278/934 942/1277/942 935/1276/935
f 942/1277/942 934/1278/934 929/1279/929
f 934/1278/934 933/1280/933 929/1279/929
f 929/1279/929 933/1280/933 931/1281/931
f 933/1280/933 932/1282/932 931/1281/931
f 928/1283/928 942/1277/942 929/1279/929
f 943/1284/943 942/1277/942 928/1283/928
f 942/1277/942 943/1284/943 944/1285/944
f 944/1285/944 941/1275/941 942/1277/942
f 940/1271/940 941/1275/941 944/1285/944
f 944/1285/944 945/1286/945 940/1271/940
f 943/1284/943 945/1286/945 944/1285/944
f 946/1287/946 945/1286/945 943/1284/943
f 947/1288/947 948/1289/948 946/1287/946
f 948/1289/948 945/1286/945 946/1287/946
f 949/1290/949 945/1286/945 948/1289/948
f 950/1291/950 945/1286/945 949/1290/949
f 951/1292/951 945/1286/945 950/1291/950
f 952/1293/952 945/1286/945 951/1292/951
f 951/1292/951 953/1294/953 952/1293/952
f 954/1295/954 953/1294/953 951/1292/951
f 954/1295/954 886/1296/886 953/1294/953
f 954/1295/954 887/1297/887 886/1296/886
f 887/1297/887 954/1295/954 892/1298/892
f 892/1298/892 888/1299/888 887/1297/887
f 891/1300/891 888/1299/888 892/1298/892
f 891/1300/891 890/1301/890 888/1299/888
f 892/1298/892 954/1295/954 893/1302/893
f 954/1295/954 950/1291/950 893/1302/893
f 950/1291/950 954/1295/954 951/1292/951
f 909/1303/909 907/1304/907 908/1305/908
f 909/1303/909 952/1293/952 907/1304/907
f 899/1306/899 907/1304/907 952/1293/952
f 952/1293/952 897/1307/897 899/1306/899
f 897/1307/897 952/1293/952 953/1294/953
f 897/1307/897 953/1294/953 886/1296/886
f 952/1293/952 909/1303/909 910/1308/910
f 950/1309/950 894/1222/894 893/1310/893
f 950/1309/950 895/1223/895 894/1222/894
f 949/1290/949 895/1223/895 950/1309/950
f 949/1290/949 904/1232/904 895/1223/895
f 948/1289/948 904/1232/904 949/1290/949
f 904/1232/904 948/1289/948 905/1233/905
f 948/1289/948 947/1288/947 905/1233/905
f 906/1234/906 905/1233/905 947/1288/947
f 916/1244/916 906/1234/906 947/1288/947
f 916/1244/916 947/1288/947 946/1287/946
f 943/1311/943 916/1244/916 946/1287/946
f 920/1248/920 916/1244/916 943/1311/943
f 928/1312/928 920/1248/920 943/1311/943
f 1028/1313/955 1017/1314/956 1027/1315/957
f 1012/1316/958 1006/1317/959 1005/1318/960
f 956/1319/961 967/1320/962 959/1321/963
f 990/1322/964 988/1323/965 989/1324/966
f 970/1325/967 968/1326/968 969/1327/969
f 1030/1328/970 997/1329/971 1007/1330/972
f 1088/1331/973 991/1332/974 979/1333/975
f 1026/1334/976 1036/1335/977 1035/1336/978
f 1142/1337/979 991/1332/974 992/1338/980
f 977/1339/981 971/1340/982 970/1325/967
f 959/1321/963 958/1341/983 956/1319/961
f 1021/1342/984 1037/1343/985 1022/1344/986
f 1036/1335/977 1038/1345/987 1039/1346/988
f 1011/1347/989 1002/1348/990 1006/1317/959
f 1005/1349/960 1065/1350/991 1015/1351/992
f 1106/1352/993 1032/1353/994 1034/1354/995
f 1024/1355/996 1070/1356/997 1108/1357/998
f 978/1358/999 980/1359/1000 979/1333/975
f 1041/1360/1001 1042/1361/1002 1035/1336/978
f 1084/1362/1003 1086/1363/1004 1089/1364/1005
f 1077/1365/1006 1072/1366/1007 1073/1367/1008
f 1009/1368/1009 1006/1317/959 1010/1369/1010
f 1045/1370/1011 1044/1371/1012 1043/1372/1013
f 1014/1373/1014 1011/1347/989 1009/1368/1009
f 1027/1315/957 1020/1374/1015 1024/1355/996
f 1126/1375/1016 963/1376/1017 965/1377/1018
f 955/1378/1019 956/1319/961 957/1379/1020
f 956/1319/961 958/1341/983 957/1379/1020
f 1059/1380/1021 1062/1381/1022 1058/1382/1023
f 960/1383/1024 958/1341/983 1125/1384/1025
f 958/1341/983 960/1383/1024 957/1379/1020
f 957/1379/1020 960/1383/1024 961/1385/1026
f 957/1379/1020 961/1385/1026 1136/1386/1027
f 1064/1387/1028 1052/1388/1029 1063/1389/1030
f 1069/1390/1031 1042/1361/1002 1064/1387/1028
f 967/1320/962 966/1391/1032 959/1321/963
f 973/1392/1033 971/1340/982 972/1393/1034
f 1038/1345/987 1020/1374/1015 1037/1394/985
f 1106/1352/993 1076/1395/1035 1033/1396/1036
f 974/1397/1037 975/1398/1038 973/1392/1033
f 1138/1399/1039 975/1398/1038 974/1397/1037
f 982/1400/1040 974/1397/1037 984/1401/1041
f 1000/1402/1042 990/1322/964 999/1403/1043
f 1031/1404/1044 996/1405/1045 997/1329/971
f 998/1406/1046 1001/1407/1047 1002/1348/990
f 1138/1399/1039 974/1397/1037 978/1358/999
f 1075/1408/1048 1072/1366/1007 1071/1409/1049
f 982/1400/1040 981/1410/1050 978/1358/999
f 993/1411/1051 981/1410/1050 995/1412/1052
f 984/1401/1041 985/1413/1053 983/1414/1054
f 985/1413/1053 984/1401/1041 974/1397/1037
f 985/1413/1053 972/1393/1034 986/1415/1055
f 999/1403/1043 1001/1407/1047 1000/1402/1042
f 1033/1396/1036 1080/1416/1056 1084/1362/1003
f 983/1414/1054 986/1415/1055 981/1410/1050
f 985/1413/1053 986/1415/1055 983/1414/1054
f 993/1411/1051 994/1417/1057 980/1359/1000
f 1142/1337/979 1086/1363/1004 1087/1418/1058
f 1061/1419/1059 1048/1420/1060 1049/1421/1061
f 1005/1318/960 1002/1348/990 1004/1422/1062
f 1002/1348/990 1005/1318/960 1006/1317/959
f 1004/1422/1062 1001/1407/1047 1003/1423/1063
f 1095/1424/1064 1081/1425/1065 1082/1426/1066
f 965/1377/1018 964/1427/1067 962/1428/1068
f 1010/1369/1010 1012/1316/958 1013/1429/1069
f 1010/1369/1010 1013/1429/1069 1009/1368/1009
f 1009/1368/1009 1013/1429/1069 1014/1373/1014
f 973/1392/1033 962/1428/1068 964/1427/1067
f 1015/1430/992 1016/1431/1070 1011/1347/989
f 1017/1314/956 1011/1347/989 1016/1431/1070
f 1016/1431/1070 1018/1432/1071 1017/1314/956
f 1018/1432/1071 1016/1431/1070 1019/1433/1072
f 1020/1374/1015 1021/1434/984 1022/1435/986
f 1021/1434/984 1020/1374/1015 1017/1314/956
f 1021/1434/984 1017/1314/956 1023/1436/1073
f 1017/1314/956 1018/1437/1071 1023/1436/1073
f 1058/1382/1023 1035/1336/978 1040/1438/1074
f 1033/1396/1036 993/1411/1051 1032/1353/994
f 1028/1313/955 1029/1439/1075 1002/1348/990
f 1030/1328/970 1007/1330/972 1029/1439/1075
f 1054/1440/1076 1050/1441/1077 1047/1442/1078
f 1032/1353/994 995/1412/1052 1031/1404/1044
f 995/1412/1052 1032/1353/994 993/1411/1051
f 1040/1438/1074 1059/1380/1021 1058/1382/1023
f 1031/1404/1044 1030/1328/970 1028/1313/955
f 1029/1439/1075 1028/1313/955 1030/1328/970
f 1031/1404/1044 1034/1354/995 1032/1353/994
f 1034/1354/995 1031/1404/1044 1028/1313/955
f 1027/1315/957 1034/1354/995 1028/1313/955
f 1024/1355/996 1025/1443/1079 1026/1334/976
f 1020/1374/1015 1022/1444/986 1037/1394/985
f 1067/1445/1080 1037/1343/985 1066/1446/1081
f 1062/1381/1022 1055/1447/1082 1056/1448/1083
f 1083/1449/1084 1092/1450/1085 1093/1451/1086
f 1040/1438/1074 1035/1336/978 1036/1335/977
f 987/1452/1087 997/1329/971 996/1405/1045
f 1047/1442/1078 1049/1453/1061 1048/1454/1060
f 1045/1370/1011 1047/1442/1078 1046/1455/1088
f 1048/1454/1060 1046/1455/1088 1047/1442/1078
f 1066/1446/1081 1068/1456/1089 1067/1445/1080
f 1050/1441/1077 1051/1457/1090 1049/1453/1061
f 1044/1371/1012 1046/1455/1088 1052/1388/1029
f 1047/1442/1078 1045/1370/1011 1054/1440/1076
f 1051/1457/1090 1050/1441/1077 1053/1458/1091
f 1055/1447/1082 1051/1457/1090 1053/1458/1091
f 1045/1370/1011 1056/1448/1083 1054/1440/1076
f 1056/1448/1083 1045/1370/1011 1057/1459/1092
f 964/1427/1067 968/1326/968 971/1340/982
f 1041/1360/1001 1058/1382/1023 1057/1459/1092
f 1003/1460/1063 1079/1461/1093 1004/1462/1062
f 1051/1457/1090 1055/1447/1082 1061/1463/1059
f 1057/1459/1092 1062/1381/1022 1056/1448/1083
f 1062/1381/1022 1057/1459/1092 1058/1382/1023
f 1064/1387/1028 1043/1372/1013 1044/1371/1012
f 1046/1455/1088 1048/1454/1060 1059/1464/1021
f 1059/1464/1021 1052/1388/1029 1046/1455/1088
f 1052/1388/1029 1059/1464/1021 1060/1465/1094
f 1012/1466/958 1014/1467/1014 1013/1468/1069
f 1005/1349/960 1014/1467/1014 1012/1466/958
f 1014/1467/1014 1005/1349/960 1015/1351/992
f 986/1415/1055 995/1412/1052 981/1410/1050
f 1039/1469/988 1038/1470/987 1067/1445/1080
f 1002/1348/990 1007/1330/972 998/1406/1046
f 1068/1456/1089 1064/1387/1028 1063/1389/1030
f 1064/1387/1028 1068/1456/1089 1069/1390/1031
f 985/1413/1053 973/1392/1033 972/1393/1034
f 1081/1425/1065 1086/1363/1004 1085/1471/1095
f 998/1406/1046 997/1329/971 988/1323/965
f 1067/1445/1080 1063/1389/1030 1039/1469/988
f 1065/1350/991 1073/1367/1008 1072/1366/1007
f 1073/1367/1008 1065/1350/991 1004/1462/1062
f 1066/1446/1081 1075/1408/1048 1074/1472/1096
f 1075/1408/1048 1066/1446/1081 1065/1350/991
f 1071/1409/1049 1076/1395/1035 1075/1408/1048
f 1076/1395/1035 1071/1409/1049 1077/1365/1006
f 1078/1473/1097 1076/1395/1035 1077/1365/1006
f 1076/1395/1035 1078/1473/1097 1079/1461/1093
f 1077/1365/1006 1073/1367/1008 1078/1473/1097
f 1004/1462/1062 1078/1473/1097 1073/1367/1008
f 1078/1473/1097 1004/1462/1062 1079/1461/1093
f 1056/1448/1083 1053/1458/1091 1054/1440/1076
f 1079/1461/1093 999/1474/1043 990/1475/964
f 990/1475/964 1076/1395/1035 1079/1461/1093
f 1076/1395/1035 990/1475/964 989/1476/966
f 1066/1446/1081 1015/1351/992 1065/1350/991
f 976/1477/1098 1076/1395/1035 989/1476/966
f 991/1332/974 978/1358/999 979/1333/975
f 955/1478/1019 1083/1449/1084 969/1479/969
f 1084/1362/1003 1008/1480/1099 1033/1396/1036
f 1080/1416/1056 1085/1471/1095 1084/1362/1003
f 1081/1425/1065 1085/1471/1095 1080/1416/1056
f 982/1400/1040 983/1414/1054 981/1410/1050
f 1083/1449/1084 970/1481/967 969/1479/969
f 1086/1363/1004 1088/1331/973 1089/1364/1005
f 1089/1364/1005 1088/1331/973 994/1417/1057
f 994/1417/1057 1090/1482/1100 1089/1364/1005
f 1090/1482/1100 994/1417/1057 1008/1480/1099
f 1090/1482/1100 1008/1480/1099 1084/1362/1003
f 1090/1482/1100 1084/1362/1003 1089/1364/1005
f 1082/1426/1066 977/1483/981 970/1481/967
f 1083/1449/1084 955/1478/1019 1091/1484/1101
f 957/1485/1020 1091/1484/1101 955/1478/1019
f 957/1485/1020 1136/1486/1027 1091/1484/1101
f 1136/1486/1027 1092/1450/1085 1091/1484/1101
f 977/1483/981 1080/1416/1056 976/1477/1098
f 1094/1487/1102 1095/1424/1064 1082/1426/1066
f 1095/1424/1064 1143/1488/1103 1087/1418/1058
f 1087/1418/1058 1143/1488/1103 1142/1337/979
f 1088/1331/973 1086/1363/1004 992/1338/980
f 1095/1424/1064 1094/1487/1102 1143/1488/1103
f 1096/1489/1104 1097/1490/1105 1098/1491/1106
f 1145/1492/1107 1096/1489/1104 1098/1491/1106
f 1145/1492/1107 1099/1493/1108 1096/1489/1104
f 1096/1489/1104 1099/1493/1108 1097/1494/1105
f 1131/1495/1109 1100/1496/1110 1129/1497/1111
f 1100/1496/1110 1133/1498/1112 1129/1497/1111
f 1100/1496/1110 1132/1499/1113 1133/1498/1112
f 1131/1500/1109 1132/1499/1113 1100/1496/1110
f 1101/1501/1114 1102/1502/1115 1103/1503/1116
f 1101/1501/1114 1104/1504/1117 1102/1502/1115
f 1104/1504/1117 1105/1505/1118 1102/1502/1115
f 1102/1502/1115 1105/1505/1118 1103/1506/1116
f 1049/1421/1061 1051/1507/1090 1061/1419/1059
f 1109/1508/1119 1110/1509/1120 1111/1510/1121
f 1019/1511/1072 1023/1512/1073 1018/1513/1071
f 1023/1512/1073 1019/1511/1072 1016/1514/1070
f 1015/1351/992 1023/1512/1073 1016/1514/1070
f 1037/1343/985 1023/1512/1073 1015/1351/992
f 1026/1334/976 1042/1361/1002 1070/1356/997
f 979/1333/975 994/1417/1057 1088/1331/973
f 1106/1352/993 1074/1472/1096 1075/1408/1048
f 1074/1472/1096 1106/1352/993 1107/1515/1122
f 1107/1515/1122 1068/1456/1089 1074/1472/1096
f 1068/1456/1089 1107/1515/1122 1069/1390/1031
f 1108/1357/998 1069/1390/1031 1107/1515/1122
f 1070/1356/997 1069/1390/1031 1108/1357/998
f 1043/1372/1013 1057/1459/1092 1045/1370/1011
f 1108/1357/998 1027/1315/957 1024/1355/996
f 1027/1315/957 1108/1357/998 1107/1515/1122
f 1034/1354/995 1027/1315/957 1107/1515/1122
f 1107/1515/1122 1106/1352/993 1034/1354/995
f 1063/1389/1030 1060/1465/1094 1039/1469/988
f 976/1516/1098 988/1323/965 987/1452/1087
f 1109/1508/1119 1113/1517/1123 1112/1518/1124
f 1209/1519/1125 1207/1520/1126 1208/1521/1127
f 1207/1520/1126 1209/1519/1125 1210/1522/1128
f 1114/1523/1129 1207/1520/1126 1210/1522/1128
f 1115/1524/1130 1207/1520/1126 1114/1523/1129
f 1185/1525/1131 1207/1520/1126 1115/1524/1130
f 1207/1520/1126 1185/1525/1131 1187/1526/1132
f 1116/1527/1133 1137/1528/1134 1117/1529/1135
f 1137/1528/1134 1116/1527/1133 1118/1530/1136
f 1116/1527/1133 1119/1531/1137 1118/1530/1136
f 1119/1531/1137 1116/1527/1133 1117/1532/1135
f 1125/1384/1025 966/1391/1032 1126/1375/1016
f 969/1327/969 967/1320/962 955/1533/1019
f 1094/1487/1102 1083/1449/1084 1093/1451/1086
f 976/1516/1098 972/1393/1034 977/1339/981
f 968/1326/968 966/1391/1032 967/1320/962
f 1039/1346/988 1040/1438/1074 1036/1335/977
f 987/1452/1087 986/1415/1055 972/1393/1034
f 1120/1534/1138 1121/1535/1139 1122/1536/1140
f 1122/1536/1140 1121/1535/1139 1123/1537/1141
f 1124/1538/1142 1122/1536/1140 1123/1537/1141
f 1124/1538/1142 1120/1539/1138 1122/1536/1140
f 960/1540/1024 1125/1541/1025 1126/1542/1016
f 1127/1543/1143 960/1540/1024 1126/1542/1016
f 1126/1542/1016 1128/1544/1144 1127/1543/1143
f 1128/1544/1144 1126/1542/1016 965/1545/1018
f 962/1546/1068 1128/1544/1144 965/1545/1018
f 1128/1544/1144 962/1546/1068 975/1547/1038
f 975/1547/1038 1129/1548/1111 1128/1544/1144
f 1130/1549/1145 1129/1548/1111 975/1547/1038
f 1130/1549/1145 1131/1550/1109 1129/1548/1111
f 1130/1549/1145 1132/1551/1113 1131/1550/1109
f 1130/1549/1145 1094/1552/1102 1132/1551/1113
f 1132/1551/1113 1094/1552/1102 1093/1553/1086
f 1133/1554/1112 1132/1551/1113 1093/1553/1086
f 1134/1555/1146 1133/1554/1112 1093/1553/1086
f 1134/1555/1146 1128/1544/1144 1133/1554/1112
f 1135/1556/1147 1128/1544/1144 1134/1555/1146
f 1128/1544/1144 1135/1556/1147 1127/1543/1143
f 1135/1556/1147 960/1540/1024 1127/1543/1143
f 961/1557/1026 960/1540/1024 1135/1556/1147
f 1135/1556/1147 1092/1558/1085 961/1557/1026
f 1136/1559/1027 961/1557/1026 1092/1558/1085
f 1093/1553/1086 1135/1556/1147 1134/1555/1146
f 1135/1556/1147 1093/1553/1086 1092/1558/1085
f 1128/1544/1144 1129/1548/1111 1133/1554/1112
f 1118/1560/1136 975/1547/1038 1137/1561/1134
f 1138/1562/1039 1137/1561/1134 975/1547/1038
f 1117/1563/1135 1137/1561/1134 1138/1562/1039
f 1139/1564/1148 1117/1563/1135 1138/1562/1039
f 1140/1565/1149 1117/1566/1135 1139/1567/1148
f 1117/1566/1135 1140/1565/1149 1141/1568/1150
f 1142/1569/979 1141/1568/1150 1140/1565/1149
f 1141/1568/1150 1142/1569/979 1143/1570/1103
f 1119/1571/1137 1141/1568/1150 1143/1570/1103
f 1119/1571/1137 1143/1570/1103 1118/1560/1136
f 1118/1560/1136 1143/1570/1103 1144/1572/1151
f 1144/1572/1151 975/1547/1038 1118/1560/1136
f 1099/1573/1108 975/1547/1038 1144/1572/1151
f 975/1547/1038 1099/1573/1108 1145/1574/1107
f 1130/1549/1145 975/1547/1038 1145/1574/1107
f 1130/1549/1145 1145/1574/1107 1094/1552/1102
f 1145/1574/1107 1098/1575/1106 1094/1552/1102
f 1098/1575/1106 1143/1570/1103 1094/1552/1102
f 1144/1572/1151 1143/1570/1103 1098/1575/1106
f 1097/1576/1105 1144/1572/1151 1098/1575/1106
f 1097/1576/1105 1099/1573/1108 1144/1572/1151
f 1117/1566/1135 1141/1568/1150 1119/1571/1137
f 1140/1565/1149 1138/1577/1039 1142/1569/979
f 1138/1577/1039 1140/1565/1149 1139/1578/1148
f 1146/1579/1152 1147/1580/1153 1148/1581/1154
f 1149/1582/1155 1146/1579/1152 1148/1581/1154
f 1148/1581/1154 1150/1583/1156 1149/1582/1155
f 1150/1583/1156 1151/1584/1157 1149/1582/1155
f 1151/1584/1157 1150/1583/1156 1152/1585/1158
f 1152/1585/1158 1153/1586/1159 1151/1584/1157
f 1153/1586/1159 1152/1585/1158 1154/1587/1160
f 1154/1587/1160 1155/1588/1161 1153/1586/1159
f 1155/1588/1161 1154/1587/1160 1156/1589/1162
f 1154/1587/1160 1157/1590/1163 1156/1589/1162
f 1157/1590/1163 1154/1587/1160 1158/1591/1164
f 1154/1587/1160 1159/1592/1165 1158/1591/1164
f 1159/1592/1165 1154/1587/1160 1152/1585/1158
f 1146/1579/1152 1149/1582/1155 1160/1593/1166
f 1160/1593/1166 1149/1582/1155 1161/1594/1167
f 1161/1594/1167 1149/1582/1155 1151/1584/1157
f 1151/1584/1157 1162/1595/1168 1161/1594/1167
f 1162/1595/1168 1151/1584/1157 1153/1586/1159
f 1163/1596/1169 1162/1595/1168 1153/1586/1159
f 1163/1596/1169 1153/1586/1159 1155/1588/1161
f 1155/1588/1161 1164/1597/1170 1163/1596/1169
f 1164/1597/1170 1155/1588/1161 1165/1598/1171
f 1165/1598/1171 1155/1588/1161 1156/1589/1162
f 1166/1599/1172 1165/1598/1171 1156/1589/1162
f 1156/1589/1162 1167/1600/1173 1166/1599/1172
f 1167/1600/1173 1156/1589/1162 1157/1590/1163
f 1157/1590/1163 1168/1601/1174 1167/1600/1173
f 1168/1601/1174 1157/1590/1163 1169/1602/1175
f 1170/1603/1176 1168/1601/1174 1169/1602/1175
f 1169/1602/1175 1171/1604/1177 1170/1603/1176
f 1171/1604/1177 1172/1605/1178 1170/1603/1176
f 1168/1601/1174 1170/1603/1176 1172/1605/1178
f 1173/1606/1179 1163/1596/1169 1164/1597/1170
f 1172/1605/1178 1171/1604/1177 1174/1607/1180
f 1171/1604/1177 1175/1608/1181 1174/1607/1180
f 1175/1608/1181 1171/1604/1177 1176/1609/1182
f 1176/1609/1182 1177/1610/1183 1175/1608/1181
f 1177/1610/1183 1176/1609/1182 1178/1611/1184
f 1179/1612/1185 1177/1610/1183 1178/1611/1184
f 1180/1613/1186 1181/1614/1187 1171/1604/1177
f 1182/1615/1188 1171/1604/1177 1181/1614/1187
f 1171/1604/1177 1182/1615/1188 1176/1609/1182
f 1182/1615/1188 1183/1616/1189 1176/1609/1182
f 1184/1617/1190 1176/1609/1182 1183/1616/1189
f 1176/1609/1182 1184/1617/1190 1178/1611/1184
f 1179/1618/1185 1178/1611/1184 1184/1617/1190
f 1182/1615/1188 1115/1619/1130 1114/1620/1129
f 1114/1620/1129 1183/1616/1189 1182/1615/1188
f 1185/1621/1131 1186/1622/1191 1187/1623/1132
f 1115/1619/1130 1186/1622/1191 1185/1621/1131
f 1186/1622/1191 1115/1619/1130 1188/1624/1192
f 1115/1619/1130 1182/1615/1188 1188/1624/1192
f 1182/1615/1188 1189/1625/1193 1188/1624/1192
f 1181/1614/1187 1189/1625/1193 1182/1615/1188
f 1190/1626/1194 1189/1625/1193 1181/1614/1187
f 1191/1627/1195 1190/1626/1194 1181/1614/1187
f 1190/1626/1194 1191/1627/1195 1192/1628/1196
f 1193/1629/1197 1192/1628/1196 1191/1627/1195
f 1192/1628/1196 1193/1629/1197 1194/1630/1198
f 1194/1630/1198 1195/1631/1199 1192/1628/1196
f 1196/1632/1200 1195/1631/1199 1194/1630/1198
f 1195/1631/1199 1196/1632/1200 1197/1633/1201
f 1196/1632/1200 1198/1634/1202 1197/1633/1201
f 1199/1635/1203 1197/1633/1201 1198/1634/1202
f 1198/1634/1202 1200/1636/1204 1199/1635/1203
f 1201/1637/1205 1199/1635/1203 1200/1636/1204
f 1202/1638/1206 1189/1625/1193 1190/1626/1194
f 1197/1633/1201 1199/1635/1203 1203/1639/1207
f 1203/1639/1207 1195/1631/1199 1197/1633/1201
f 1202/1638/1206 1204/1640/1208 1205/1641/1209
f 1189/1625/1193 1202/1638/1206 1205/1641/1209
f 1205/1641/1209 1206/1642/1210 1189/1625/1193
f 1188/1624/1192 1187/1623/1132 1186/1622/1191
f 1187/1623/1132 1188/1624/1192 1189/1625/1193
f 1207/1643/1126 1187/1623/1132 1189/1625/1193
f 1206/1642/1210 1207/1643/1126 1189/1625/1193
f 1207/1643/1126 1206/1642/1210 1208/1644/1127
f 1206/1642/1210 1209/1645/1125 1208/1644/1127
f 1206/1642/1210 1205/1641/1209 1209/1645/1125
f 1210/1646/1128 1209/1645/1125 1205/1641/1209
f 1205/1641/1209 1211/1647/1211 1210/1646/1128
f 1211/1647/1211 1205/1641/1209 1204/1640/1208
f 1204/1640/1208 1212/1648/1212 1211/1647/1211
f 1212/1648/1212 1204/1640/1208 1213/1649/1213
f 1201/1637/1205 1212/1648/1212 1213/1649/1213
f 1199/1635/1203 1201/1637/1205 1213/1649/1213
f 1204/1640/1208 1199/1635/1203 1213/1649/1213
f 1199/1635/1203 1204/1640/1208 1203/1639/1207
f 1204/1640/1208 1202/1638/1206 1203/1639/1207
f 1195/1631/1199 1203/1639/1207 1202/1638/1206
f 1190/1626/1194 1195/1631/1199 1202/1638/1206
f 1195/1631/1199 1190/1626/1194 1192/1628/1196
f 1212/1648/1212 1201/1637/1205 1214/1650/1214
f 1201/1637/1205 1215/1651/1215 1214/1650/1214
f 1200/1636/1204 1216/1652/1216 1201/1637/1205
f 1215/1651/1215 1201/1637/1205 1216/1652/1216
f 1111/1653/1121 1215/1651/1215 1216/1652/1216
f 1215/1651/1215 1111/1653/1121 1110/1654/1120
f 1217/1655/1217 1111/1653/1121 1216/1652/1216
f 1216/1652/1216 1200/1636/1204 1217/1655/1217
f 1218/1656/1218 1217/1655/1217 1200/1636/1204
f 1200/1636/1204 1198/1634/1202 1218/1656/1218
f 1112/1657/1124 1219/1658/1219 1110/1659/1120
f 1219/1658/1219 1112/1657/1124 1220/1660/1220
f 1221/1661/1221 1219/1658/1219 1220/1660/1220
f 1220/1660/1220 1113/1662/1123 1221/1661/1221
f 1113/1662/1123 1222/1663/1222 1221/1661/1221
f 1222/1663/1222 1113/1662/1123 1109/1664/1119
f 1109/1664/1119 1223/1665/1223 1222/1663/1222
f 1223/1665/1223 1109/1664/1119 1111/1653/1121
f 1111/1653/1121 1217/1655/1217 1223/1665/1223
f 1224/1666/1224 1223/1665/1223 1217/1655/1217
f 1217/1655/1217 1218/1656/1218 1224/1666/1224
f 1225/1667/1225 1224/1666/1224 1218/1656/1218
f 1198/1634/1202 1225/1667/1225 1218/1656/1218
f 1225/1667/1225 1198/1634/1202 1226/1668/1226
f 1198/1634/1202 1196/1632/1200 1226/1668/1226
f 1227/1669/1227 1226/1668/1226 1196/1632/1200
f 1194/1630/1198 1227/1669/1227 1196/1632/1200
f 1227/1669/1227 1194/1630/1198 1228/1670/1228
f 1193/1629/1197 1228/1670/1228 1194/1630/1198
f 1228/1670/1228 1193/1629/1197 1229/1671/1229
f 1230/1672/1230 1229/1671/1229 1193/1629/1197
f 1113/1662/1123 1220/1660/1220 1112/1657/1124
f 1231/1673/1231 1229/1671/1229 1232/1674/1232
f 1229/1671/1229 1231/1673/1231 1228/1670/1228
f 1233/1675/1233 1228/1670/1228 1231/1673/1231
f 1228/1670/1228 1233/1675/1233 1227/1669/1227
f 1233/1675/1233 1234/1676/1234 1227/1669/1227
f 1226/1668/1226 1227/1669/1227 1234/1676/1234
f 1235/1677/1235 1226/1668/1226 1234/1676/1234
f 1226/1668/1226 1235/1677/1235 1225/1667/1225
f 1235/1677/1235 1236/1678/1236 1225/1667/1225
f 1224/1666/1224 1225/1667/1225 1236/1678/1236
f 1236/1678/1236 1237/1679/1237 1224/1666/1224
f 1219/1658/1219 1224/1666/1224 1237/1679/1237
f 1224/1666/1224 1219/1658/1219 1238/1680/1238
f 1219/1658/1219 1221/1661/1221 1238/1680/1238
f 1222/1663/1222 1238/1680/1238 1221/1661/1221
f 1238/1680/1238 1222/1663/1222 1223/1665/1223
f 1223/1665/1223 1224/1666/1224 1238/1680/1238
f 1236/1678/1236 1235/1677/1235 1237/1679/1237
f 1184/1681/1190 1177/1682/1183 1179/1683/1185
f 1184/1681/1190 1175/1684/1181 1177/1682/1183
f 1175/1684/1181 1184/1681/1190 1183/1685/1189
f 1114/1523/1129 1175/1684/1181 1183/1685/1189
f 1232/1674/1232 1175/1684/1181 1114/1523/1129
f 1210/1522/1128 1232/1674/1232 1114/1523/1129
f 1232/1674/1232 1210/1522/1128 1231/1673/1231
f 1211/1686/1211 1231/1673/1231 1210/1522/1128
f 1231/1673/1231 1211/1686/1211 1233/1675/1233
f 1211/1686/1211 1239/1687/1239 1233/1675/1233
f 1234/1676/1234 1233/1675/1233 1239/1687/1239
f 1234/1676/1234 1239/1687/1239 1212/1688/1212
f 1212/1688/1212 1235/1677/1235 1234/1676/1234
f 1235/1677/1235 1212/1688/1212 1214/1689/1214
f 1215/1690/1215 1235/1677/1235 1214/1689/1214
f 1235/1677/1235 1215/1690/1215 1237/1679/1237
f 1110/1659/1120 1237/1679/1237 1215/1690/1215
f 1237/1679/1237 1110/1659/1120 1219/1658/1219
f 1239/1687/1239 1211/1686/1211 1212/1688/1212
f 1175/1684/1181 1232/1674/1232 1174/1691/1180
f 1232/1674/1232 1240/1692/1240 1174/1691/1180
f 1241/1693/1241 1174/1691/1180 1240/1692/1240
f 1240/1692/1240 1242/1694/1242 1241/1693/1241
f 1229/1671/1229 1230/1672/1230 1243/1695/1243
f 1243/1695/1243 1244/1696/1244 1229/1671/1229
f 1244/1696/1244 1232/1674/1232 1229/1671/1229
f 1232/1674/1232 1244/1696/1244 1245/1697/1245
f 1240/1692/1240 1232/1674/1232 1245/1697/1245
f 1240/1692/1240 1245/1697/1245 1244/1696/1244
f 1242/1694/1242 1240/1692/1240 1244/1696/1244
f 1244/1696/1244 1243/1695/1243 1242/1694/1242
f 1243/1695/1243 1241/1693/1241 1242/1694/1242
f 1241/1693/1241 1243/1695/1243 1246/1698/1246
f 1174/1691/1180 1241/1693/1241 1246/1698/1246
f 1246/1698/1246 1172/1699/1178 1174/1691/1180
f 1172/1699/1178 1246/1698/1246 1168/1700/1174
f 1168/1700/1174 1246/1698/1246 1167/1701/1173
f 1243/1695/1243 1167/1701/1173 1246/1698/1246
f 1167/1701/1173 1243/1695/1243 1166/1702/1172
f 1243/1695/1243 1165/1703/1171 1166/1702/1172
f 1165/1703/1171 1243/1695/1243 1247/1704/1247
f 1230/1672/1230 1247/1704/1247 1243/1695/1243
f 1230/1672/1230 1248/1705/1248 1247/1704/1247
f 1171/1604/1177 1169/1602/1175 1157/1590/1163
f 1158/1591/1164 1171/1604/1177 1157/1590/1163
f 1171/1604/1177 1158/1591/1164 1180/1613/1186
f 1180/1613/1186 1158/1591/1164 1159/1592/1165
f 1181/1614/1187 1180/1613/1186 1159/1592/1165
f 1181/1614/1187 1159/1592/1165 1152/1585/1158
f 1152/1585/1158 1191/1627/1195 1181/1614/1187
f 1191/1627/1195 1152/1585/1158 1150/1583/1156
f 1150/1583/1156 1193/1629/1197 1191/1627/1195
f 1193/1629/1197 1150/1583/1156 1230/1672/1230
f 1150/1583/1156 1148/1581/1154 1230/1672/1230
f 1230/1672/1230 1148/1581/1154 1248/1705/1248
f 1248/1705/1248 1148/1581/1154 1147/1580/1153
f 1249/1706/1249 1248/1705/1248 1147/1580/1153
f 1147/1580/1153 1146/1579/1152 1249/1706/1249
f 1146/1579/1152 1250/1707/1250 1249/1706/1249
f 1250/1707/1250 1251/1708/1251 1249/1706/1249
f 1251/1708/1251 1248/1705/1248 1249/1706/1249
f 1252/1709/1252 1165/1703/1171 1247/1704/1247
f 1247/1704/1247 1248/1705/1248 1252/1709/1252
f 1248/1705/1248 1253/1710/1253 1252/1709/1252
f 1248/1705/1248 1251/1708/1251 1253/1710/1253
f 1254/1711/1254 1253/1710/1253 1251/1708/1251
f 1255/1712/1255 1254/1711/1254 1251/1708/1251
f 1254/1711/1254 1255/1712/1255 1256/1713/1256
f 1257/1714/1257 1256/1713/1256 1255/1712/1255
f 1257/1714/1257 1258/1715/1258 1256/1713/1256
f 1258/1715/1258 1257/1714/1257 1259/1716/1259
f 1255/1712/1255 1259/1716/1259 1257/1714/1257
f 1260/1717/1260 1259/1716/1259 1255/1712/1255
f 1251/1708/1251 1260/1717/1260 1255/1712/1255
f 1260/1717/1260 1251/1708/1251 1261/1718/1261
f 1251/1708/1251 1250/1707/1250 1261/1718/1261
f 1262/1719/1262 1261/1718/1261 1250/1707/1250
f 1146/1579/1152 1262/1719/1262 1250/1707/1250
f 1262/1719/1262 1146/1579/1152 1160/1593/1166
f 1253/1710/1253 1254/1711/1254 1252/1709/1252
f 1260/1717/1260 1263/1720/1263 1264/1721/1264
f 1262/1719/1262 1264/1721/1264 1263/1720/1263
f 1261/1718/1261 1262/1719/1262 1263/1720/1263
f 1263/1720/1263 1260/1717/1260 1261/1718/1261
f 1265/1722/1265 1266/1723/1266 1267/1724/1267
f 1266/1723/1266 1268/1725/1268 1267/1724/1267
f 1266/1723/1266 1269/1726/1269 1268/1725/1268
f 1266/1723/1266 1270/1727/1270 1269/1726/1269
f 1270/1727/1270 1266/1723/1266 1271/1728/1271
f 1271/1728/1271 1258/1715/1258 1270/1727/1270
f 1258/1715/1258 1271/1728/1271 1256/1713/1256
f 1272/1729/1272 1256/1713/1256 1271/1728/1271
f 1256/1713/1256 1272/1729/1272 1173/1730/1179
f 1173/1730/1179 1254/1711/1254 1256/1713/1256
f 1254/1711/1254 1173/1730/1179 1164/1731/1170
f 1164/1731/1170 1252/1709/1252 1254/1711/1254
f 1165/1703/1171 1252/1709/1252 1164/1731/1170
f 1265/1722/1265 1271/1728/1271 1266/1723/1266
f 1271/1728/1271 1265/1722/1265 1272/1729/1272
f 1264/1721/1264 1262/1719/1262 1273/1732/1273
f 1160/1593/1166 1273/1732/1273 1262/1719/1262
f 1273/1732/1273 1160/1593/1166 1161/1594/1167
f 1273/1732/1273 1161/1594/1167 1274/1733/1274
f 1274/1733/1274 1161/1594/1167 1275/1734/1275
f 1275/1734/1275 1276/1735/1276 1274/1733/1274
f 1277/1736/1277 1276/1735/1276 1275/1734/1275
f 1276/1735/1276 1277/1736/1277 1278/1737/1278
f 1277/1736/1277 1163/1596/1169 1278/1737/1278
f 1162/1595/1168 1163/1596/1169 1277/1736/1277
f 1275/1734/1275 1162/1595/1168 1277/1736/1277
f 1162/1595/1168 1275/1734/1275 1161/1594/1167
f 1276/1735/1276 1273/1732/1273 1274/1733/1274
f 1273/1732/1273 1276/1735/1276 1278/1737/1278
f 1268/1738/1268 1279/1739/1279 1267/1740/1267
f 1279/1739/1279 1280/1741/1280 1267/1740/1267
f 1267/1740/1267 1280/1741/1280 1281/1742/1281
f 1282/1743/1282 1281/1742/1281 1280/1741/1280
f 1283/1744/1283 1281/1742/1281 1282/1743/1282
f 1282/1743/1282 1284/1745/1284 1283/1744/1283
f 1283/1744/1283 1284/1745/1284 1285/1746/1285
f 1284/1745/1284 1286/1747/1286 1285/1746/1285
f 1286/1747/1286 1265/1748/1265 1285/1746/1285
f 1265/1748/1265 1286/1747/1286 1272/1749/1272
f 1286/1747/1286 1173/1606/1179 1272/1749/1272
f 1173/1606/1179 1286/1747/1286 1287/1750/1287
f 1163/1596/1169 1173/1606/1179 1287/1750/1287
f 1288/1751/1288 1163/1596/1169 1287/1750/1287
f 1163/1596/1169 1288/1751/1288 1278/1737/1278
f 1288/1751/1288 1289/1752/1289 1278/1737/1278
f 1278/1737/1278 1289/1752/1289 1264/1721/1264
f 1273/1732/1273 1278/1737/1278 1264/1721/1264
f 1267/1740/1267 1290/1753/1290 1265/1754/1265
f 1267/1740/1267 1281/1742/1281 1290/1753/1290
f 1281/1742/1281 1283/1744/1283 1290/1753/1290
f 1283/1744/1283 1285/1746/1285 1290/1753/1290
f 1265/1748/1265 1290/1753/1290 1285/1746/1285
f 1284/1745/1284 1282/1743/1282 1291/1755/1291
f 1291/1755/1291 1292/1756/1292 1284/1745/1284
f 1286/1747/1286 1284/1745/1284 1292/1756/1292
f 1292/1756/1292 1287/1750/1287 1286/1747/1286
f 1287/1750/1287 1292/1756/1292 1288/1751/1288
f 1292/1756/1292 1289/1752/1289 1288/1751/1288
f 1289/1752/1289 1292/1756/1292 1293/1757/1293
f 1292/1756/1292 1291/1755/1291 1293/1757/1293
f 1291/1758/1291 1282/1759/1282 1280/1760/1280
f 1270/1761/1270 1104/1762/1117 1294/1763/1294
f 1270/1761/1270 1105/1764/1118 1104/1762/1117
f 1270/1761/1270 1258/1765/1258 1105/1764/1118
f 1105/1764/1118 1258/1765/1258 1295/1766/1295
f 1103/1767/1116 1105/1764/1118 1295/1766/1295
f 1101/1768/1114 1103/1767/1116 1295/1766/1295
f 1296/1769/1296 1101/1768/1114 1295/1766/1295
f 1297/1770/1297 1101/1768/1114 1296/1769/1296
f 1289/1771/1289 1297/1770/1297 1296/1769/1296
f 1297/1770/1297 1289/1771/1289 1293/1772/1293
f 1291/1758/1291 1297/1770/1297 1293/1772/1293
f 1297/1770/1297 1291/1758/1291 1298/1773/1298
f 1291/1758/1291 1280/1760/1280 1298/1773/1298
f 1298/1773/1298 1280/1760/1280 1299/1774/1299
f 1299/1774/1299 1280/1760/1280 1279/1775/1279
f 1279/1775/1279 1269/1776/1269 1299/1774/1299
f 1269/1776/1269 1279/1775/1279 1268/1777/1268
f 1299/1774/1299 1297/1770/1297 1298/1773/1298
f 1270/1761/1270 1299/1774/1299 1269/1776/1269
f 1299/1774/1299 1270/1761/1270 1294/1763/1294
f 1297/1770/1297 1299/1774/1299 1294/1763/1294
f 1104/1762/1117 1297/1770/1297 1294/1763/1294
f 1104/1762/1117 1101/1768/1114 1297/1770/1297
f 1258/1765/1258 1124/1778/1142 1123/1779/1141
f 1258/1765/1258 1123/1779/1141 1295/1766/1295
f 1123/1779/1141 1296/1769/1296 1295/1766/1295
f 1123/1779/1141 1121/1780/1139 1296/1769/1296
f 1121/1780/1139 1289/1771/1289 1296/1769/1296
f 1300/1781/1300 1289/1771/1289 1121/1780/1139
f 1301/1782/1301 1289/1771/1289 1300/1781/1300
f 1300/1781/1300 1259/1783/1259 1301/1782/1301
f 1301/1782/1301 1259/1783/1259 1302/1784/1302
f 1259/1783/1259 1303/1785/1303 1302/1784/1302
f 1302/1784/1302 1303/1785/1303 1304/1786/1304
f 1305/1787/1305 1304/1786/1304 1303/1785/1303
f 1304/1786/1304 1305/1787/1305 1306/1788/1306
f 1300/1781/1300 1121/1780/1139 1120/1789/1138
f 1124/1778/1142 1300/1781/1300 1120/1789/1138
f 1124/1778/1142 1259/1783/1259 1300/1781/1300
f 1258/1765/1258 1259/1783/1259 1124/1778/1142
f 1260/1790/1260 1303/1785/1303 1259/1783/1259
f 1303/1785/1303 1260/1790/1260 1305/1787/1305
f 1264/1791/1264 1305/1787/1305 1260/1790/1260
f 1305/1787/1305 1264/1791/1264 1306/1792/1306
f 1264/1793/1264 1304/1794/1304 1306/1795/1306
f 1264/1793/1264 1307/1796/1307 1304/1794/1304
f 1289/1771/1289 1307/1796/1307 1264/1793/1264
f 1307/1796/1307 1289/1771/1289 1301/1782/1301
f 1307/1797/1307 1308/1798/1308 1304/1799/1304
f 1308/1798/1308 1307/1797/1307 1301/1800/1301
f 1302/1801/1302 1308/1798/1308 1301/1800/1301
f 1308/1798/1308 1302/1801/1302 1304/1802/1304
f 1310/1803/1309 1312/1804/1310 1309/1805/1311
f 1313/1806/1312 1311/1807/1313 1310/1803/1309
f 1315/1808/1314 1314/1809/1315 1313/1806/1312
f 1317/1810/1316 1316/1811/1317 1315/1808/1314
f 1317/1810/1316 1320/1811/1318 1318/1812/1319
f 1319/1808/1320 1322/1809/1321 1320/1811/1318
f 1321/1806/1322 1324/1807/1323 1322/1809/1321
f 1323/1803/1324 1326/1804/1325 1324/1807/1323
f 1325/1805/1326 1328/1813/1327 1326/1804/1325
f 1329/1814/1328 1328/1813/1327 1327/1815/1329
f 1331/1816/1330 1330/1817/1331 1329/1814/1328
f 1333/1818/1332 1332/1819/1333 1331/1816/1330
f 1335/1820/1334 1334/1821/1335 1333/1818/1332
f 1337/1822/1336 1336/1823/1337 1335/1820/1334
f 1337/1822/1336 1340/1823/1338 1338/1824/1339
f 1339/1820/1340 1342/1821/1341 1340/1823/1338
f 1341/1818/1342 1344/1825/1343 1342/1821/1341
f 1343/1816/1344 1346/1826/1345 1344/1825/1343
f 1345/1814/1346 1348/1813/1347 1346/1826/1345
f 1309/1805/1311 1348/1813/1347 1347/1815/1348
f 1310/1803/1309 1309/1805/1311 1349/1815/1349
f 1313/1806/1312 1310/1803/1309 1349/1815/1349
f 1315/1808/1314 1313/1806/1312 1349/1815/1349
f 1317/1810/1316 1315/1808/1314 1349/1815/1349
f 1319/1808/1320 1317/1810/1316 1349/1815/1349
f 1321/1806/1322 1319/1808/1320 1349/1815/1349
f 1323/1803/1324 1321/1806/1322 1349/1815/1349
f 1325/1805/1326 1323/1803/1324 1349/1815/1349
f 1327/1815/1329 1325/1805/1326 1349/1815/1349
f 1329/1814/1328 1327/1815/1329 1349/1815/1349
f 1331/1816/1330 1329/1814/1328 1349/1815/1349
f 1333/1818/1332 1331/1816/1330 1349/1815/1349
f 1335/1820/1334 1333/1818/1332 1349/1815/1349
f 1337/1822/1336 1335/1820/1334 1349/1815/1349
f 1339/1820/1340 1337/1822/1336 1349/1815/1349
f 1341/1818/1342 1339/1820/1340 1349/1815/1349
f 1343/1816/1344 1341/1818/1342 1349/1815/1349
f 1345/1814/1346 1343/1816/1344 1349/1815/1349
f 1347/1815/1348 1345/1814/1346 1349/1815/1349
f 1309/1805/1311 1347/1815/1348 1349/1815/1349
f 1312/1827/1310 1350/1828/1350 1351/1829/1351
f 1311/1830/1313 1352/1831/1352 1350/1828/1350
f 1314/1832/1315 1353/1833/1353 1352/1831/1352
f 1316/1834/1317 1354/1835/1354 1353/1833/1353
f 1320/1836/1318 1354/1835/1354 1318/1837/1319
f 1322/1838/1321 1355/1839/1355 1320/1836/1318
f 1324/1840/1323 1356/1841/1356 1322/1838/1321
f 1326/1842/1325 1357/1843/1357 1324/1840/1323
f 1328/1844/1327 1358/1845/1358 1326/1842/1325
f 1330/1846/1331 1359/1847/1359 1328/1844/1327
f 1330/1846/1331 1332/1848/1333 1361/1849/1360
f 1332/1848/1333 1334/1850/1335 1362/1851/1361
f 1334/1850/1335 1336/1852/1337 1362/1851/1361
f 1336/1852/1337 1338/1853/1339 1362/1851/1361
f 1338/1853/1339 1340/1854/1338 1362/1851/1361
f 1340/1854/1338 1342/1855/1341 1362/1851/1361
f 1342/1855/1341 1344/1856/1343 1362/1851/1361
f 1344/1856/1343 1346/1857/1345 1363/1858/1362
f 1346/1857/1345 1364/1859/1363 1365/1860/1364
f 1348/1861/1347 1351/1829/1351 1364/1859/1363
f 1362/1851/1361 1361/1849/1360 1332/1848/1333
f 1359/1847/1359 1360/1862/1365 1362/1851/1361
f 1358/1845/1358 1359/1847/1359 1362/1851/1361
f 1357/1843/1357 1358/1845/1358 1362/1851/1361
f 1356/1841/1356 1357/1843/1357 1362/1851/1361
f 1355/1839/1355 1356/1841/1356 1362/1851/1361
f 1354/1835/1354 1355/1839/1355 1362/1851/1361
f 1353/1833/1353 1354/1835/1354 1362/1851/1361
f 1352/1831/1352 1353/1833/1353 1362/1851/1361
f 1350/1828/1350 1352/1831/1352 1362/1851/1361
f 1351/1829/1351 1350/1828/1350 1362/1851/1361
f 1364/1859/1363 1351/1829/1351 1362/1851/1361
f 1365/1860/1364 1364/1859/1363 1362/1851/1361
f 1344/1856/1343 1363/1858/1362 1362/1851/1361
f 1363/1858/1362 1346/1857/1345 1365/1860/1364
f 1362/1851/1361 1363/1858/1362 1365/1860/1364
f 1360/1862/1365 1361/1849/1360 1362/1851/1361
f 1330/1846/1331 1361/1849/1360 1360/1862/1365
f 1310/1803/1309 1311/1807/1313 1312/1804/1310
f 1313/1806/1312 1314/1809/1315 1311/1807/1313
f 1315/1808/1314 1316/1811/1317 1314/1809/1315
f 1317/1810/1316 1318/1812/1319 1316/1811/1317
f 1317/1810/1316 1319/1808/1320 1320/1811/1318
f 1319/1808/1320 1321/1806/1322 1322/1809/1321
f 1321/1806/1322 1323/1803/1324 1324/1807/1323
f 1323/1803/1324 1325/1805/1326 1326/1804/1325
f 1325/1805/1326 1327/1815/1329 1328/1813/1327
f 1329/1814/1328 1330/1817/1331 1328/1813/1327
f 1331/1816/1330 1332/1819/1333 1330/1817/1331
f 1333/1818/1332 1334/1821/1335 1332/1819/1333
f 1335/1820/1334 1336/1823/1337 1334/1821/1335
f 1337/1822/1336 1338/1824/1339 1336/1823/1337
f 1337/1822/1336 1339/1820/1340 1340/1823/1338
f 1339/1820/1340 1341/1818/1342 1342/1821/1341
f 1341/1818/1342 1343/1816/1344 1344/1825/1343
f 1343/1816/1344 1345/1814/1346 1346/1826/1345
f 1345/1814/1346 1347/1815/1348 1348/1813/1347
f 1309/1805/1311 1312/1804/1310 1348/1813/1347
f 1312/1827/1310 1311/1830/1313 1350/1828/1350
f 1311/1830/1313 1314/1832/1315 1352/1831/1352
f 1314/1832/1315 1316/1834/1317 1353/1833/1353
f 1316/1834/1317 1318/1837/1319 1354/1835/1354
f 1320/1836/1318 1355/1839/1355 1354/1835/1354
f 1322/1838/1321 1356/1841/1356 1355/1839/1355
f 1324/1840/1323 1357/1843/1357 1356/1841/1356
f 1326/1842/1325 1358/1845/1358 1357/1843/1357
f 1328/1844/1327 1359/1847/1359 1358/1845/1358
f 1330/1846/1331 1360/1862/1365 1359/1847/1359
f 1346/1857/1345 1348/1861/1347 1364/1859/1363
f 1348/1861/1347 1312/1827/1310 1351/1829/1351
f 1366/1863/1366 1367/1864/1367 1368/1865/1368
f 1369/1866/1369 1366/1863/1366 1370/1867/1370
f 1366/1863/1366 1371/1868/1371 1370/1867/1370
f 1371/1868/1371 1366/1863/1366 1368/1865/1368
f 1368/1865/1368 1372/1869/1372 1371/1868/1371
f 1372/1869/1372 1368/1865/1368 1373/1870/1373
f 1373/1870/1373 1368/1865/1368 1374/1871/1374
f 1368/1865/1368 1367/1864/1367 1374/1871/1374
f 1375/1872/1375 1374/1871/1374 1367/1864/1367
f 1374/1871/1374 1375/1872/1375 1376/1873/1376
f 1377/1874/1377 1376/1873/1376 1375/1872/1375
f 1376/1873/1376 1377/1874/1377 1378/1875/1378
f 1379/1876/1379 1375/1877/1375 1380/1878/1380
f 1367/1864/1367 1380/1878/1380 1375/1877/1375
f 1380/1878/1380 1367/1864/1367 1381/1879/1381
f 1366/1863/1366 1381/1879/1381 1367/1864/1367
f 1381/1879/1381 1366/1863/1366 1382/1880/1382
f 1366/1863/1366 1369/1866/1369 1382/1880/1382
f 1383/1881/1383 1382/1880/1382 1369/1866/1369
f 1369/1866/1369 1384/1882/1384 1383/1881/1383
f 1370/1867/1370 1384/1882/1384 1369/1866/1369
f 1384/1882/1384 1370/1867/1370 1385/1883/1385
f 1371/1868/1371 1385/1883/1385 1370/1867/1370
f 1385/1883/1385 1371/1868/1371 1386/1884/1386
f 1387/1885/1387 1386/1884/1386 1371/1868/1371
f 1372/1869/1372 1387/1885/1387 1371/1868/1371
f 1387/1885/1387 1372/1869/1372 1388/1886/1388
f 1386/1884/1386 1384/1882/1384 1385/1883/1385
f 1389/1887/1389 1390/1888/1390 1391/1889/1391
f 1391/1889/1391 1392/1890/1392 1389/1887/1389
f 1392/1890/1392 1391/1889/1391 1383/1881/1383
f 1382/1880/1382 1383/1881/1383 1391/1889/1391
f 1382/1880/1382 1391/1889/1391 1381/1879/1381
f 1391/1889/1391 1390/1888/1390 1381/1879/1381
f 1390/1888/1390 1380/1878/1380 1381/1879/1381
f 1380/1878/1380 1390/1888/1390 1393/1891/1393
f 1393/1891/1393 1379/1876/1379 1380/1878/1380
f 1384/1882/1384 1386/1884/1386 1394/1892/1394
f 1384/1882/1384 1394/1892/1394 1383/1881/1383
f 1383/1881/1383 1394/1892/1394 1395/1893/1395
f 1395/1893/1395 1392/1890/1392 1383/1881/1383
f 1392/1890/1392 1395/1893/1395 1388/1894/1388
f 1392/1890/1392 1388/1894/1388 1372/1895/1372
f 1372/1895/1372 1389/1887/1389 1392/1890/1392
f 1389/1887/1389 1372/1895/1372 1373/1896/1373
f 1373/1896/1373 1390/1888/1390 1389/1887/1389
f 1390/1888/1390 1373/1896/1373 1374/1897/1374
f 1374/1897/1374 1393/1891/1393 1390/1888/1390
f 1393/1891/1393 1374/1897/1374 1376/1898/1376
f 1378/1899/1378 1393/1891/1393 1376/1898/1376
f 1393/1891/1393 1378/1899/1378 1396/1900/1396
f 1379/1876/1379 1393/1891/1393 1396/1900/1396
f 1378/1901/1378 1379/1876/1379 1396/1900/1396
f 1379/1876/1379 1378/1901/1378 1377/1902/1377
f 1375/1877/1375 1379/1876/1379 1377/1902/1377
f 1397/1903/1397 1398/1904/1398 1399/1905/1399
f 1400/1906/1400 1399/1905/1399 1401/1907/1401
f 1399/1905/1399 1402/1908/1402 1401/1907/1401
f 1402/1908/1402 1399/1905/1399 1398/1904/1398
f 1398/1904/1398 1403/1909/1403 1402/1908/1402
f 1404/1910/1404 1405/1911/1405 1406/1912/1406
f 1406/1912/1406 1407/1913/1407 1404/1910/1404
f 1405/1911/1405 1404/1910/1404 1408/1914/1408
f 1408/1914/1408 1409/1915/1409 1405/1911/1405
f 1410/1916/1410 1405/1911/1405 1409/1915/1409
f 1405/1911/1405 1410/1916/1410 1406/1912/1406
f 1411/1917/1411 1406/1912/1406 1410/1916/1410
f 1406/1912/1406 1411/1917/1411 1412/1918/1412
f 1407/1913/1407 1406/1912/1406 1412/1918/1412
f 1407/1913/1407 1412/1918/1412 1413/1919/1413
f 1413/1919/1413 1414/1920/1414 1407/1913/1407
f 1414/1920/1414 1413/1919/1413 1415/1921/1415
f 1416/1922/1416 1415/1921/1415 1413/1919/1413
f 1415/1921/1415 1416/1922/1416 1417/1923/1417
f 1416/1922/1416 1418/1924/1418 1417/1923/1417
f 1419/1925/1419 1417/1923/1417 1418/1924/1418
f 1418/1924/1418 1420/1926/1420 1419/1925/1419
f 1421/1927/1421 1419/1925/1419 1420/1926/1420
f 1422/1928/1422 1421/1927/1421 1420/1926/1420
f 1421/1927/1421 1422/1928/1422 1423/1929/1423
f 1417/1923/1417 1419/1925/1419 1424/1930/1424
f 1425/1931/1425 1417/1923/1417 1424/1930/1424
f 1417/1923/1417 1425/1931/1425 1415/1921/1415
f 1419/1925/1419 1421/1927/1421 1426/1932/1426
f 1427/1933/1427 1419/1925/1419 1426/1932/1426
f 1419/1925/1419 1427/1933/1427 1424/1930/1424
f 1428/1934/1428 1424/1930/1424 1427/1933/1427
f 1424/1930/1424 1428/1934/1428 1425/1931/1425
f 1429/1935/1429 1425/1931/1425 1428/1934/1428
f 1425/1931/1425 1429/1935/1429 1430/1936/1430
f 1430/1936/1430 1415/1921/1415 1425/1931/1425
f 1415/1921/1415 1430/1936/1430 1414/1920/1414
f 1431/1937/1431 1432/1938/1432 1433/1939/1433
f 1434/1940/1434 1433/1939/1433 1432/1938/1432
f 1433/1939/1433 1434/1940/1434 1435/1941/1435
f 1434/1940/1434 1411/1917/1411 1435/1941/1435
f 1411/1917/1411 1434/1940/1434 1412/1918/1412
f 1434/1940/1434 1413/1919/1413 1412/1918/1412
f 1413/1919/1413 1434/1940/1434 1436/1942/1436
f 1437/1943/1437 1413/1919/1413 1436/1942/1436
f 1413/1919/1413 1437/1943/1437 1416/1922/1416
f 1438/1944/1438 1416/1922/1416 1437/1943/1437
f 1416/1922/1416 1438/1944/1438 1439/1945/1439
f 1418/1924/1418 1416/1922/1416 1439/1945/1439
f 1440/1946/1440 1441/1947/1441 1442/1948/1442
f 1442/1948/1442 1443/1949/1443 1440/1946/1440
f 1422/1928/1422 1440/1946/1440 1443/1949/1443
f 1440/1946/1440 1422/1928/1422 1420/1926/1420
f 1420/1926/1420 1418/1924/1418 1440/1946/1440
f 1441/1947/1441 1440/1946/1440 1418/1924/1418
f 1441/1947/1441 1418/1924/1418 1439/1945/1439
f 1439/1945/1439 1444/1950/1444 1441/1947/1441
f 1444/1950/1444 1439/1945/1439 1438/1944/1438
f 1445/1951/1445 1444/1950/1444 1438/1944/1438
f 1445/1951/1445 1438/1944/1438 1437/1943/1437
f 1437/1943/1437 1446/1952/1446 1445/1951/1445
f 1446/1952/1446 1437/1943/1437 1447/1953/1447
f 1447/1953/1447 1448/1954/1448 1446/1952/1446
f 1448/1954/1448 1447/1953/1447 1449/1955/1449
f 1449/1955/1449 1450/1956/1450 1448/1954/1448
f 1450/1956/1450 1449/1955/1449 1451/1957/1451
f 1452/1958/1452 1451/1957/1451 1449/1955/1449
f 1446/1952/1446 1444/1950/1444 1445/1951/1445
f 1444/1950/1444 1446/1952/1446 1453/1959/1453
f 1448/1954/1448 1453/1959/1453 1446/1952/1446
f 1444/1950/1444 1442/1948/1442 1441/1947/1441
f 1442/1948/1442 1444/1950/1444 1454/1960/1454
f 1455/1961/1455 1454/1960/1454 1444/1950/1444
f 1453/1959/1453 1455/1961/1455 1444/1950/1444
f 1455/1961/1455 1453/1959/1453 1456/1962/1456
f 1422/1928/1422 1429/1963/1429 1423/1929/1423
f 1429/1963/1429 1422/1928/1422 1430/1964/1430
f 1443/1949/1443 1430/1964/1430 1422/1928/1422
f 1430/1964/1430 1443/1949/1443 1414/1965/1414
f 1443/1949/1443 1407/1966/1407 1414/1965/1414
f 1443/1949/1443 1442/1948/1442 1407/1966/1407
f 1442/1948/1442 1411/1967/1411 1407/1966/1407
f 1454/1960/1454 1411/1967/1411 1442/1948/1442
f 1411/1967/1411 1454/1960/1454 1435/1968/1435
f 1435/1968/1435 1454/1960/1454 1457/1969/1457
f 1455/1961/1455 1457/1969/1457 1454/1960/1454
f 1457/1969/1457 1455/1961/1455 1401/1907/1401
f 1455/1961/1455 1400/1906/1400 1401/1907/1401
f 1400/1906/1400 1455/1961/1455 1456/1962/1456
f 1400/1906/1400 1456/1962/1456 1458/1970/1458
f 1458/1970/1458 1456/1962/1456 1459/1971/1459
f 1460/1972/1460 1459/1971/1459 1456/1962/1456
f 1453/1959/1453 1460/1972/1460 1456/1962/1456
f 1433/1973/1433 1461/1974/1461 1431/1975/1431
f 1461/1974/1461 1433/1973/1433 1462/1976/1462
f 1435/1968/1435 1462/1976/1462 1433/1973/1433
f 1462/1976/1462 1435/1968/1435 1457/1969/1457
f 1463/1977/1463 1464/1978/1464 1465/1979/1465
f 1464/1978/1464 1463/1977/1463 1466/1980/1466
f 1463/1977/1463 1467/1981/1467 1466/1980/1466
f 1467/1981/1467 1468/1982/1468 1466/1980/1466
f 1468/1982/1468 1467/1981/1467 1469/1983/1469
f 1470/1984/1470 1469/1983/1469 1467/1981/1467
f 1469/1983/1469 1470/1984/1470 1471/1985/1471
f 1471/1985/1471 1470/1984/1470 1472/1986/1472
f 1473/1987/1473 1471/1985/1471 1472/1986/1472
f 1472/1986/1472 1474/1988/1474 1473/1987/1473
f 1474/1988/1474 1460/1972/1460 1473/1987/1473
f 1475/1989/1475 1473/1987/1473 1460/1972/1460
f 1473/1987/1473 1475/1989/1475 1476/1990/1476
f 1471/1985/1471 1473/1987/1473 1476/1990/1476
f 1476/1990/1476 1469/1983/1469 1471/1985/1471
f 1464/1978/1464 1477/1991/1477 1478/1992/1478
f 1477/1991/1477 1464/1978/1464 1479/1993/1479
f 1466/1980/1466 1479/1993/1479 1464/1978/1464
f 1479/1993/1479 1466/1980/1466 1468/1982/1468
f 1460/1972/1460 1453/1959/1453 1475/1989/1475
f 1453/1959/1453 1448/1954/1448 1475/1989/1475
f 1448/1954/1448 1476/1990/1476 1475/1989/1475
f 1476/1990/1476 1448/1954/1448 1450/1956/1450
f 1469/1983/1469 1476/1990/1476 1450/1956/1450
f 1451/1957/1451 1469/1983/1469 1450/1956/1450
f 1469/1983/1469 1451/1957/1451 1468/1982/1468
f 1480/1994/1480 1468/1982/1468 1451/1957/1451
f 1468/1982/1468 1480/1994/1480 1479/1993/1479
f 1481/1995/1481 1479/1993/1479 1480/1994/1480
f 1479/1993/1479 1481/1995/1481 1477/1991/1477
f 1474/1996/1474 1477/1991/1477 1481/1995/1481
f 1477/1991/1477 1474/1996/1474 1482/1997/1482
f 1482/1997/1482 1478/1992/1478 1477/1991/1477
f 1478/1992/1478 1482/1997/1482 1483/1998/1483
f 1478/1992/1478 1483/1998/1483 1484/1999/1484
f 1478/1992/1478 1484/1999/1484 1465/1979/1465
f 1464/1978/1464 1478/1992/1478 1465/1979/1465
f 1451/1957/1451 1452/1958/1452 1480/1994/1480
f 1485/2000/1485 1480/1994/1480 1452/1958/1452
f 1480/1994/1480 1485/2000/1485 1481/1995/1481
f 1485/2000/1485 1474/1996/1474 1481/1995/1481
f 1474/1996/1474 1485/2000/1485 1460/2001/1460
f 1485/2000/1485 1459/2002/1459 1460/2001/1460
f 1485/2000/1485 1486/2003/1486 1459/2002/1459
f 1487/2004/1487 1459/2002/1459 1486/2003/1486
f 1452/1958/1452 1487/2004/1487 1486/2003/1486
f 1488/2005/1488 1487/2004/1487 1452/1958/1452
f 1449/1955/1449 1488/2005/1488 1452/1958/1452
f 1488/2005/1488 1449/1955/1449 1447/1953/1447
f 1437/1943/1437 1488/2005/1488 1447/1953/1447
f 1488/2005/1488 1437/1943/1437 1489/2006/1489
f 1436/1942/1436 1489/2006/1489 1437/1943/1437
f 1489/2006/1489 1436/1942/1436 1490/2007/1490
f 1436/1942/1436 1434/1940/1434 1490/2007/1490
f 1434/1940/1434 1491/2008/1491 1490/2007/1490
f 1486/2003/1486 1485/2000/1485 1452/1958/1452
f 1489/2006/1489 1487/2004/1487 1488/2005/1488
f 1489/2006/1489 1492/2009/1492 1487/2004/1487
f 1491/2008/1491 1434/1940/1434 1432/1938/1432
f 1432/1938/1432 1493/2010/1493 1491/2008/1491
f 1493/2010/1493 1432/1938/1432 1431/1937/1431
f 1431/1937/1431 1461/2011/1461 1493/2010/1493
f 1462/2012/1462 1493/2010/1493 1461/2011/1461
f 1493/2010/1493 1462/2012/1462 1491/2008/1491
f 1457/2013/1457 1491/2008/1491 1462/2012/1462
f 1491/2008/1491 1457/2013/1457 1490/2007/1490
f 1457/2013/1457 1494/2014/1494 1490/2007/1490
f 1494/2014/1494 1489/2006/1489 1490/2007/1490
f 1489/2006/1489 1494/2014/1494 1495/2015/1495
f 1492/2009/1492 1489/2006/1489 1495/2015/1495
f 1494/2014/1494 1492/2009/1492 1495/2015/1495
f 1492/2009/1492 1494/2014/1494 1401/2016/1401
f 1494/2014/1494 1457/2013/1457 1401/2016/1401
f 1403/2017/1403 1496/2018/1496 1402/2019/1402
f 1398/2020/1398 1496/2018/1496 1403/2017/1403
f 1397/2021/1397 1496/2018/1496 1398/2020/1398
f 1496/2018/1496 1397/2021/1397 1497/2022/1497
f 1397/2021/1397 1498/2023/1498 1497/2022/1497
f 1497/2022/1497 1498/2023/1498 1496/2018/1496
f 1498/2023/1498 1402/2019/1402 1496/2018/1496
f 1402/2019/1402 1498/2023/1498 1401/2016/1401
f 1401/2016/1401 1498/2023/1498 1492/2009/1492
f 1399/2024/1399 1492/2009/1492 1498/2023/1498
f 1492/2009/1492 1399/2024/1399 1400/2025/1400
f 1400/2025/1400 1458/2026/1458 1492/2009/1492
f 1492/2009/1492 1458/2026/1458 1487/2004/1487
f 1459/2002/1459 1487/2004/1487 1458/2026/1458
f 1498/2023/1498 1397/2021/1397 1399/2024/1399
f 1499/2027/1499 1500/2028/1500 1501/2029/1501
f 1499/2027/1499 1502/2030/1502 1500/2028/1500
f 1502/2030/1502 1499/2027/1499 1503/2031/1503
f 1503/2031/1503 1504/2032/1504 1502/2030/1502
f 1504/2032/1504 1503/2031/1503 1505/2033/1505
f 1506/2034/1506 1505/2033/1505 1503/2031/1503
f 1503/2031/1503 1507/2035/1507 1506/2034/1506
f 1507/2035/1507 1503/2031/1503 1499/2027/1499
f 1508/2036/1508 1507/2035/1507 1499/2027/1499
f 1501/2029/1501 1508/2036/1508 1499/2027/1499
f 1508/2036/1508 1501/2029/1501 1509/2037/1509
f 1509/2037/1509 1510/2038/1510 1508/2036/1508
f 1511/2039/1511 1508/2036/1508 1510/2038/1510
f 1510/2038/1510 1512/2040/1512 1511/2039/1511
f 1508/2036/1508 1511/2039/1511 1513/2041/1513
f 1514/2042/1514 1508/2036/1508 1513/2041/1513
f 1507/2035/1507 1508/2036/1508 1514/2042/1514
f 1515/2043/1515 1516/2044/1516 1517/2045/1517
f 1516/2044/1516 1515/2043/1515 1518/2046/1518
f 1518/2046/1518 1506/2034/1506 1516/2044/1516
f 1506/2034/1506 1518/2046/1518 1519/2047/1519
f 1519/2047/1519 1505/2033/1505 1506/2034/1506
f 1505/2033/1505 1519/2047/1519 1520/2048/1520
f 1521/2049/1521 1505/2033/1505 1520/2048/1520
f 1505/2033/1505 1521/2049/1521 1504/2032/1504
f 1521/2049/1521 1522/2050/1522 1504/2032/1504
f 1504/2032/1504 1522/2050/1522 1523/2051/1523
f 1504/2032/1504 1523/2051/1523 1524/2052/1524
f 1525/2053/1525 1504/2032/1504 1524/2052/1524
f 1504/2032/1504 1525/2053/1525 1502/2030/1502
f 1526/2054/1526 1502/2030/1502 1525/2053/1525
f 1502/2030/1502 1526/2054/1526 1500/2028/1500
f 1527/2055/1527 1500/2028/1500 1526/2054/1526
f 1528/2056/1528 1500/2028/1500 1527/2055/1527
f 1528/2056/1528 1501/2029/1501 1500/2028/1500
f 1529/2057/1529 1530/2058/1530 1522/2050/1522
f 1522/2050/1522 1521/2049/1521 1529/2057/1529
f 1531/2059/1531 1532/2060/1532 1533/2061/1533
f 1532/2060/1532 1531/2059/1531 1520/2048/1520
f 1519/2047/1519 1532/2060/1532 1520/2048/1520
f 1532/2060/1532 1519/2047/1519 1534/2062/1534
f 1518/2046/1518 1534/2062/1534 1519/2047/1519
f 1534/2062/1534 1518/2046/1518 1535/2063/1535
f 1429/2064/1429 1536/2065/1536 1423/2066/1423
f 1536/2065/1536 1429/2064/1429 1537/2067/1537
f 1537/2067/1537 1515/2043/1515 1536/2065/1536
f 1515/2043/1515 1537/2067/1537 1518/2046/1518
f 1538/2068/1538 1518/2046/1518 1537/2067/1537
f 1518/2046/1518 1538/2068/1538 1535/2063/1535
f 1427/2069/1427 1535/2063/1535 1538/2068/1538
f 1535/2063/1535 1427/2069/1427 1539/2070/1539
f 1540/2071/1540 1535/2063/1535 1539/2070/1539
f 1535/2063/1535 1540/2071/1540 1534/2062/1534
f 1540/2071/1540 1541/2072/1541 1534/2062/1534
f 1541/2072/1541 1532/2060/1532 1534/2062/1534
f 1532/2060/1532 1541/2072/1541 1542/2073/1542
f 1386/2074/1386 1532/2060/1532 1542/2073/1542
f 1532/2060/1532 1386/2074/1386 1533/2061/1533
f 1533/2061/1533 1386/2074/1386 1387/2075/1387
f 1388/2076/1388 1533/2061/1533 1387/2075/1387
f 1395/2077/1395 1533/2061/1533 1388/2076/1388
f 1533/2061/1533 1395/2077/1395 1531/2059/1531
f 1395/2077/1395 1543/2078/1543 1531/2059/1531
f 1543/2078/1543 1395/2077/1395 1544/2079/1544
f 1428/2080/1428 1537/2067/1537 1429/2064/1429
f 1537/2067/1537 1428/2080/1428 1538/2068/1538
f 1428/2080/1428 1427/2069/1427 1538/2068/1538
f 1545/2081/1545 1546/2082/1546 1547/2083/1547
f 1548/2084/1548 1547/2083/1547 1546/2082/1546
f 1547/2083/1547 1548/2084/1548 1549/2085/1549
f 1550/2086/1550 1549/2085/1549 1551/2087/1551
f 1549/2085/1549 1550/2086/1550 1552/2088/1552
f 1552/2088/1552 1547/2083/1547 1549/2085/1549
f 1547/2083/1547 1552/2088/1552 1553/2089/1553
f 1547/2083/1547 1553/2089/1553 1545/2081/1545
f 1554/2090/1554 1545/2081/1545 1553/2089/1553
f 1555/2091/1555 1551/2087/1551 1556/2092/1556
f 1551/2087/1551 1555/2091/1555 1550/2086/1550
f 1550/2086/1550 1555/2091/1555 1557/2093/1557
f 1553/2089/1553 1515/2094/1515 1517/2095/1517
f 1515/2094/1515 1553/2089/1553 1552/2088/1552
f 1552/2088/1552 1558/2096/1558 1515/2094/1515
f 1558/2096/1558 1552/2088/1552 1550/2086/1550
f 1550/2086/1550 1559/2097/1559 1558/2096/1558
f 1559/2097/1559 1550/2086/1550 1557/2093/1557
f 1557/2093/1557 1539/2098/1539 1559/2097/1559
f 1539/2098/1539 1557/2093/1557 1540/2099/1540
f 1555/2091/1555 1540/2099/1540 1557/2093/1557
f 1540/2099/1540 1555/2091/1555 1541/2100/1541
f 1555/2091/1555 1542/2101/1542 1541/2100/1541
f 1542/2101/1542 1555/2091/1555 1556/2092/1556
f 1556/2092/1556 1386/2102/1386 1542/2101/1542
f 1386/2102/1386 1556/2092/1556 1394/2103/1394
f 1556/2092/1556 1395/2104/1395 1394/2103/1394
f 1395/2104/1395 1556/2092/1556 1551/2087/1551
f 1551/2087/1551 1544/2084/1544 1395/2104/1395
f 1544/2084/1544 1551/2087/1551 1549/2085/1549
f 1536/2105/1536 1421/2106/1421 1423/2107/1423
f 1421/2106/1421 1536/2105/1536 1560/2108/1560
f 1515/2094/1515 1560/2108/1560 1536/2105/1536
f 1560/2108/1560 1515/2094/1515 1558/2096/1558
f 1558/2096/1558 1559/2097/1559 1560/2108/1560
f 1426/2109/1426 1560/2108/1560 1559/2097/1559
f 1539/2098/1539 1426/2109/1426 1559/2097/1559
f 1426/2109/1426 1539/2098/1539 1427/2110/1427
f 1560/2108/1560 1426/2109/1426 1421/2106/1421
f 1561/2111/1561 1562/2112/1562 1563/2113/1563
f 1561/2111/1561 1564/2114/1564 1562/2112/1562
f 1501/2029/1501 1528/2056/1528 1565/2115/1565
f 1566/2116/1566 1501/2029/1501 1565/2115/1565
f 1567/2117/1567 1501/2029/1501 1566/2116/1566
f 1567/2117/1567 1509/2037/1509 1501/2029/1501
f 1509/2037/1509 1567/2117/1567 1568/2118/1568
f 1569/2119/1569 1509/2037/1509 1568/2118/1568
f 1570/2120/1570 1509/2037/1509 1569/2119/1569
f 1570/2120/1570 1571/2121/1571 1509/2037/1509
f 1510/2038/1510 1509/2037/1509 1571/2121/1571
f 1571/2121/1571 1572/2122/1572 1510/2038/1510
f 1512/2040/1512 1510/2038/1510 1572/2122/1572
f 1572/2122/1572 1564/2123/1573 1512/2040/1512
f 1564/2123/1573 1572/2122/1572 1573/2124/1574
f 1573/2124/1574 1562/2125/1562 1564/2123/1573
f 1573/2124/1574 1563/2113/1563 1562/2125/1562
f 1573/2124/1574 1574/2126/1575 1563/2113/1563
f 1574/2126/1575 1561/2111/1561 1563/2113/1563
f 1561/2111/1561 1574/2126/1575 1575/2127/1576
f 1576/2128/1577 1526/2129/1526 1525/2130/1525
f 1526/2129/1526 1576/2128/1577 1577/2131/1578
f 1576/2128/1577 1578/2132/1579 1577/2131/1578
f 1577/2131/1578 1578/2132/1579 1579/2133/1580
f 1580/2134/1581 1579/2133/1580 1578/2132/1579
f 1579/2133/1580 1580/2134/1581 1581/2135/1582
f 1582/2136/1583 1581/2135/1582 1580/2134/1581
f 1581/2135/1582 1582/2136/1583 1571/2121/1571
f 1575/2127/1576 1571/2121/1571 1582/2136/1583
f 1571/2121/1571 1575/2127/1576 1574/2126/1575
f 1572/2122/1572 1571/2121/1571 1574/2126/1575
f 1574/2126/1575 1573/2124/1574 1572/2122/1572
f 1526/2129/1526 1577/2131/1578 1527/2137/1527
f 1577/2131/1578 1528/2138/1528 1527/2137/1527
f 1577/2131/1578 1565/2139/1565 1528/2138/1528
f 1565/2139/1565 1577/2131/1578 1579/2133/1580
f 1565/2139/1565 1579/2133/1580 1566/2140/1566
f 1579/2133/1580 1567/2141/1567 1566/2140/1566
f 1579/2133/1580 1568/2142/1568 1567/2141/1567
f 1568/2142/1568 1579/2133/1580 1581/2135/1582
f 1568/2142/1568 1581/2135/1582 1569/2143/1569
f 1581/2135/1582 1570/2144/1570 1569/2143/1569
f 1581/2135/1582 1571/2121/1571 1570/2144/1570
f 1575/2127/1576 1564/2114/1564 1561/2111/1561
f 1564/2114/1564 1575/2127/1576 1512/2145/1584
f 1582/2136/1583 1512/2145/1584 1575/2127/1576
f 1512/2145/1584 1582/2136/1583 1511/2146/1585
f 1580/2134/1581 1511/2146/1585 1582/2136/1583
f 1511/2146/1585 1580/2134/1581 1513/2147/1586
f 1580/2134/1581 1514/2148/1514 1513/2147/1586
f 1580/2134/1581 1554/2090/1554 1514/2148/1514
f 1554/2090/1554 1580/2134/1581 1578/2132/1579
f 1545/2081/1545 1554/2090/1554 1578/2132/1579
f 1578/2132/1579 1576/2128/1577 1545/2081/1545
f 1546/2082/1546 1545/2081/1545 1576/2128/1577
f 1525/2130/1525 1546/2082/1546 1576/2128/1577
f 1546/2082/1546 1525/2130/1525 1524/2149/1524
f 1523/2150/1523 1546/2082/1546 1524/2149/1524
f 1523/2150/1523 1522/2151/1522 1546/2082/1546
f 1522/2151/1522 1548/2084/1548 1546/2082/1546
f 1548/2084/1548 1522/2151/1522 1583/2152/1587
f 1583/2152/1587 1522/2151/1522 1530/2153/1530
f 1410/2154/1410 1407/1966/1407 1411/1967/1411
f 1407/1966/1407 1410/2154/1410 1404/2155/1404
f 1409/2156/1409 1404/2155/1404 1410/2154/1410
f 1404/2155/1404 1409/2156/1409 1408/2157/1408
f 1483/2158/1483 1584/2159/1588 1484/2160/1484
f 1484/2160/1484 1463/1977/1463 1465/2161/1465
f 1463/1977/1463 1484/2160/1484 1584/2159/1588
f 1584/2159/1588 1467/1981/1467 1463/1977/1463
f 1584/2159/1588 1470/1984/1470 1467/1981/1467
f 1584/2159/1588 1483/2158/1483 1470/1984/1470
f 1483/2158/1483 1472/1986/1472 1470/1984/1470
f 1472/1986/1472 1483/2158/1483 1482/2162/1482
f 1474/1988/1474 1472/1986/1472 1482/2162/1482
f 1507/2035/1507 1514/2042/1514 1554/2163/1554
f 1553/2164/1553 1507/2035/1507 1554/2163/1554
f 1507/2035/1507 1553/2164/1553 1506/2034/1506
f 1517/2045/1517 1506/2034/1506 1553/2164/1553
f 1506/2034/1506 1517/2045/1517 1516/2044/1516
f 1585/2165/1589 1543/2166/1543 1586/2167/1590
f 1543/2166/1543 1585/2165/1589 1531/2168/1531
f 1587/2169/1591 1531/2168/1531 1585/2165/1589
f 1520/2170/1520 1531/2168/1531 1587/2169/1591
f 1520/2170/1520 1587/2169/1591 1521/2171/1521
f 1587/2169/1591 1529/2172/1529 1521/2171/1521
f 1529/2172/1529 1587/2169/1591 1585/2165/1589
f 1586/2167/1590 1529/2172/1529 1585/2165/1589
f 1529/2172/1529 1586/2167/1590 1530/2173/1530
f 1586/2167/1590 1583/2174/1587 1530/2173/1530
f 1583/2174/1587 1586/2167/1590 1588/2175/1592
f 1588/2175/1592 1548/2176/1548 1583/2174/1587
f 1548/2176/1548 1588/2175/1592 1589/2177/1593
f 1549/2178/1549 1548/2176/1548 1589/2177/1593
f 1549/2178/1549 1589/2177/1593 1544/2179/1544
f 1589/2177/1593 1588/2175/1592 1544/2179/1544
f 1588/2175/1592 1543/2166/1543 1544/2179/1544
f 1543/2166/1543 1588/2175/1592 1586/2167/1590
f 1590/1863/1594 1592/1865/1595 1591/1864/1596
f 1593/1866/1597 1594/1867/1598 1590/1863/1594
f 1590/1863/1594 1594/1867/1598 1595/1868/1599
f 1595/1868/1599 1592/1865/1595 1590/1863/1594
f 1592/1865/1595 1595/1868/1599 1596/1869/1600
f 1596/1869/1600 1597/1870/1601 1592/1865/1595
f 1597/1870/1601 1598/1871/1602 1592/1865/1595
f 1592/1865/1595 1598/1871/1602 1591/1864/1596
f 1599/1872/1603 1591/1864/1596 1598/1871/1602
f 1598/1871/1602 1600/1873/1604 1599/1872/1603
f 1601/1874/1605 1599/1872/1603 1600/1873/1604
f 1600/1873/1604 1602/1875/1606 1601/1874/1605
f 1603/1876/1607 1604/1878/1608 1599/1877/1603
f 1591/1864/1596 1599/1877/1603 1604/1878/1608
f 1604/1878/1608 1605/1879/1609 1591/1864/1596
f 1590/1863/1594 1591/1864/1596 1605/1879/1609
f 1605/1879/1609 1606/1880/1610 1590/1863/1594
f 1590/1863/1594 1606/1880/1610 1593/1866/1597
f 1607/1881/1611 1593/1866/1597 1606/1880/1610
f 1593/1866/1597 1607/1881/1611 1608/1882/1612
f 1594/1867/1598 1593/1866/1597 1608/1882/1612
f 1608/1882/1612 1609/1883/1613 1594/1867/1598
f 1595/1868/1599 1594/1867/1598 1609/1883/1613
f 1609/1883/1613 1610/1884/1614 1595/1868/1599
f 1611/1885/1615 1595/1868/1599 1610/1884/1614
f 1596/1869/1600 1595/1868/1599 1611/1885/1615
f 1611/1885/1615 1612/1886/1616 1596/1869/1600
f 1610/1884/1614 1609/1883/1613 1608/1882/1612
f 1613/1887/1617 1615/1889/1618 1614/1888/1619
f 1615/1889/1618 1613/1887/1617 1616/1890/1620
f 1616/1890/1620 1607/1881/1611 1615/1889/1618
f 1606/1880/1610 1615/1889/1618 1607/1881/1611
f 1606/1880/1610 1605/1879/1609 1615/1889/1618
f 1615/1889/1618 1605/1879/1609 1614/1888/1619
f 1614/1888/1619 1605/1879/1609 1604/1878/1608
f 1604/1878/1608 1617/1891/1621 1614/1888/1619
f 1617/1891/1621 1604/1878/1608 1603/1876/1607
f 1608/1882/1612 1618/1892/1622 1610/1884/1614
f 1608/1882/1612 1607/1881/1611 1618/1892/1622
f 1607/1881/1611 1619/1893/1623 1618/1892/1622
f 1619/1893/1623 1607/1881/1611 1616/1890/1620
f 1616/1890/1620 1612/1894/1616 1619/1893/1623
f 1616/1890/1620 1596/1895/1600 1612/1894/1616
f 1596/1895/1600 1616/1890/1620 1613/1887/1617
f 1613/1887/1617 1597/1896/1601 1596/1895/1600
f 1597/1896/1601 1613/1887/1617 1614/1888/1619
f 1614/1888/1619 1598/1897/1602 1597/1896/1601
f 1598/1897/1602 1614/1888/1619 1617/1891/1621
f 1617/1891/1621 1600/1898/1604 1598/1897/1602
f 1602/1899/1606 1600/1898/1604 1617/1891/1621
f 1617/1891/1621 1620/1900/1624 1602/1899/1606
f 1603/1876/1607 1620/1900/1624 1617/1891/1621
f 1602/1901/1606 1620/1900/1624 1603/1876/1607
f 1603/1876/1607 1601/1902/1605 1602/1901/1606
f 1599/1877/1603 1601/1902/1605 1603/1876/1607
f 1621/1903/1625 1623/1905/1626 1622/1904/1627
f 1624/1906/1628 1625/1907/1629 1623/1905/1626
f 1623/1905/1626 1625/1907/1629 1626/1908/1630
f 1626/1908/1630 1622/1904/1627 1623/1905/1626
f 1622/1904/1627 1626/1908/1630 1627/1909/1631
f 1628/1910/1632 1630/1912/1633 1629/1911/1634
f 1630/1912/1633 1628/1910/1632 1631/1913/1635
f 1629/1911/1634 1632/1914/1636 1628/1910/1632
f 1632/1914/1636 1629/1911/1634 1633/1915/1637
f 1634/1916/1638 1633/1915/1637 1629/1911/1634
f 1629/1911/1634 1630/1912/1633 1634/1916/1638
f 1635/1917/1639 1634/1916/1638 1630/1912/1633
f 1630/1912/1633 1636/1918/1640 1635/1917/1639
f 1631/1913/1635 1636/1918/1640 1630/1912/1633
f 1631/1913/1635 1637/1919/1641 1636/1918/1640
f 1637/1919/1641 1631/1913/1635 1638/1920/1642
f 1638/1920/1642 1639/1921/1643 1637/1919/1641
f 1640/1922/1644 1637/1919/1641 1639/1921/1643
f 1639/1921/1643 1641/1923/1645 1640/1922/1644
f 1640/1922/1644 1641/1923/1645 1642/1924/1646
f 1643/1925/1647 1642/1924/1646 1641/1923/1645
f 1642/1924/1646 1643/1925/1647 1644/1926/1648
f 1645/1927/1649 1644/1926/1648 1643/1925/1647
f 1646/1928/1650 1644/1926/1648 1645/1927/1649
f 1645/1927/1649 1647/1929/1651 1646/1928/1650
f 1641/1923/1645 1648/1930/1652 1643/1925/1647
f 1649/1931/1653 1648/1930/1652 1641/1923/1645
f 1641/1923/1645 1639/1921/1643 1649/1931/1653
f 1643/1925/1647 1650/1932/1654 1645/1927/1649
f 1651/1933/1655 1650/1932/1654 1643/1925/1647
f 1643/1925/1647 1648/1930/1652 1651/1933/1655
f 1652/1934/1656 1651/1933/1655 1648/1930/1652
f 1648/1930/1652 1649/1931/1653 1652/1934/1656
f 1653/1935/1657 1652/1934/1656 1649/1931/1653
f 1649/1931/1653 1654/1936/1658 1653/1935/1657
f 1654/1936/1658 1649/1931/1653 1639/1921/1643
f 1639/1921/1643 1638/1920/1642 1654/1936/1658
f 1655/1937/1659 1657/1939/1660 1656/1938/1661
f 1658/1940/1662 1656/1938/1661 1657/1939/1660
f 1657/1939/1660 1659/1941/1663 1658/1940/1662
f 1658/1940/1662 1659/1941/1663 1635/1917/1639
f 1635/1917/1639 1636/1918/1640 1658/1940/1662
f 1658/1940/1662 1636/1918/1640 1637/1919/1641
f 1637/1919/1641 1660/1942/1664 1658/1940/1662
f 1661/1943/1665 1660/1942/1664 1637/1919/1641
f 1637/1919/1641 1640/1922/1644 1661/1943/1665
f 1662/1944/1666 1661/1943/1665 1640/1922/1644
f 1640/1922/1644 1663/1945/1667 1662/1944/1666
f 1642/1924/1646 1663/1945/1667 1640/1922/1644
f 1664/1946/1668 1666/1948/1669 1665/1947/1670
f 1666/1948/1669 1664/1946/1668 1667/1949/1671
f 1646/1928/1650 1667/1949/1671 1664/1946/1668
f 1664/1946/1668 1644/1926/1648 1646/1928/1650
f 1644/1926/1648 1664/1946/1668 1642/1924/1646
f 1665/1947/1670 1642/1924/1646 1664/1946/1668
f 1665/1947/1670 1663/1945/1667 1642/1924/1646
f 1663/1945/1667 1665/1947/1670 1668/1950/1672
f 1668/1950/1672 1662/1944/1666 1663/1945/1667
f 1669/1951/1673 1662/1944/1666 1668/1950/1672
f 1669/1951/1673 1661/1943/1665 1662/1944/1666
f 1661/1943/1665 1669/1951/1673 1670/1952/1674
f 1670/1952/1674 1671/1953/1675 1661/1943/1665
f 1671/1953/1675 1670/1952/1674 1672/1954/1676
f 1672/1954/1676 1673/1955/1677 1671/1953/1675
f 1673/1955/1677 1672/1954/1676 1674/1956/1678
f 1674/1956/1678 1675/1957/1679 1673/1955/1677
f 1676/1958/1680 1673/1955/1677 1675/1957/1679
f 1670/1952/1674 1669/1951/1673 1668/1950/1672
f 1668/1950/1672 1677/1959/1681 1670/1952/1674
f 1672/1954/1676 1670/1952/1674 1677/1959/1681
f 1668/1950/1672 1665/1947/1670 1666/1948/1669
f 1666/1948/1669 1678/1960/1682 1668/1950/1672
f 1679/1961/1683 1668/1950/1672 1678/1960/1682
f 1677/1959/1681 1668/1950/1672 1679/1961/1683
f 1679/1961/1683 1680/1962/1684 1677/1959/1681
f 1646/1928/1650 1647/1929/1651 1653/1963/1657
f 1653/1963/1657 1654/1964/1658 1646/1928/1650
f 1667/1949/1671 1646/1928/1650 1654/1964/1658
f 1654/1964/1658 1638/1965/1642 1667/1949/1671
f 1667/1949/1671 1638/1965/1642 1631/1966/1635
f 1667/1949/1671 1631/1966/1635 1666/1948/1669
f 1666/1948/1669 1631/1966/1635 1635/1967/1639
f 1678/1960/1682 1666/1948/1669 1635/1967/1639
f 1635/1967/1639 1659/1968/1663 1678/1960/1682
f 1659/1968/1663 1681/1969/1685 1678/1960/1682
f 1679/1961/1683 1678/1960/1682 1681/1969/1685
f 1681/1969/1685 1625/1907/1629 1679/1961/1683
f 1679/1961/1683 1625/1907/1629 1624/1906/1628
f 1624/1906/1628 1680/1962/1684 1679/1961/1683
f 1624/1906/1628 1682/1970/1686 1680/1962/1684
f 1682/1970/1686 1683/1971/1687 1680/1962/1684
f 1684/1972/1688 1680/1962/1684 1683/1971/1687
f 1677/1959/1681 1680/1962/1684 1684/1972/1688
f 1657/1973/1660 1655/1975/1659 1685/1974/1689
f 1685/1974/1689 1686/1976/1690 1657/1973/1660
f 1659/1968/1663 1657/1973/1660 1686/1976/1690
f 1686/1976/1690 1681/1969/1685 1659/1968/1663
f 1687/1977/1691 1689/1979/1692 1688/1978/1693
f 1688/1978/1693 1690/1980/1694 1687/1977/1691
f 1687/1977/1691 1690/1980/1694 1691/1981/1695
f 1691/1981/1695 1690/1980/1694 1692/1982/1696
f 1692/1982/1696 1693/1983/1697 1691/1981/1695
f 1694/1984/1698 1691/1981/1695 1693/1983/1697
f 1693/1983/1697 1695/1985/1699 1694/1984/1698
f 1695/1985/1699 1696/1986/1700 1694/1984/1698
f 1697/1987/1701 1696/1986/1700 1695/1985/1699
f 1696/1986/1700 1697/1987/1701 1698/1988/1702
f 1698/1988/1702 1697/1987/1701 1684/1972/1688
f 1699/1989/1703 1684/1972/1688 1697/1987/1701
f 1697/1987/1701 1700/1990/1704 1699/1989/1703
f 1695/1985/1699 1700/1990/1704 1697/1987/1701
f 1700/1990/1704 1695/1985/1699 1693/1983/1697
f 1688/1978/1693 1702/1992/1705 1701/1991/1706
f 1701/1991/1706 1703/1993/1707 1688/1978/1693
f 1690/1980/1694 1688/1978/1693 1703/1993/1707
f 1703/1993/1707 1692/1982/1696 1690/1980/1694
f 1684/1972/1688 1699/1989/1703 1677/1959/1681
f 1677/1959/1681 1699/1989/1703 1672/1954/1676
f 1672/1954/1676 1699/1989/1703 1700/1990/1704
f 1700/1990/1704 1674/1956/1678 1672/1954/1676
f 1693/1983/1697 1674/1956/1678 1700/1990/1704
f 1675/1957/1679 1674/1956/1678 1693/1983/1697
f 1693/1983/1697 1692/1982/1696 1675/1957/1679
f 1704/1994/1708 1675/1957/1679 1692/1982/1696
f 1692/1982/1696 1703/1993/1707 1704/1994/1708
f 1705/1995/1709 1704/1994/1708 1703/1993/1707
f 1703/1993/1707 1701/1991/1706 1705/1995/1709
f 1698/1996/1702 1705/1995/1709 1701/1991/1706
f 1701/1991/1706 1706/1997/1710 1698/1996/1702
f 1706/1997/1710 1701/1991/1706 1702/1992/1705
f 1702/1992/1705 1707/1998/1711 1706/1997/1710
f 1702/1992/1705 1708/1999/1712 1707/1998/1711
f 1702/1992/1705 1689/1979/1692 1708/1999/1712
f 1688/1978/1693 1689/1979/1692 1702/1992/1705
f 1675/1957/1679 1704/1994/1708 1676/1958/1680
f 1709/2000/1713 1676/1958/1680 1704/1994/1708
f 1704/1994/1708 1705/1995/1709 1709/2000/1713
f 1709/2000/1713 1705/1995/1709 1698/1996/1702
f 1698/1996/1702 1684/2001/1688 1709/2000/1713
f 1709/2000/1713 1684/2001/1688 1683/2002/1687
f 1709/2000/1713 1683/2002/1687 1710/2003/1714
f 1711/2004/1715 1710/2003/1714 1683/2002/1687
f 1676/1958/1680 1710/2003/1714 1711/2004/1715
f 1712/2005/1716 1676/1958/1680 1711/2004/1715
f 1673/1955/1677 1676/1958/1680 1712/2005/1716
f 1712/2005/1716 1671/1953/1675 1673/1955/1677
f 1661/1943/1665 1671/1953/1675 1712/2005/1716
f 1712/2005/1716 1713/2006/1717 1661/1943/1665
f 1660/1942/1664 1661/1943/1665 1713/2006/1717
f 1713/2006/1717 1714/2007/1718 1660/1942/1664
f 1660/1942/1664 1714/2007/1718 1658/1940/1662
f 1658/1940/1662 1714/2007/1718 1715/2008/1719
f 1710/2003/1714 1676/1958/1680 1709/2000/1713
f 1713/2006/1717 1712/2005/1716 1711/2004/1715
f 1713/2006/1717 1711/2004/1715 1716/2009/1720
f 1715/2008/1719 1656/1938/1661 1658/1940/1662
f 1656/1938/1661 1715/2008/1719 1717/2010/1721
f 1717/2010/1721 1655/1937/1659 1656/1938/1661
f 1655/1937/1659 1717/2010/1721 1685/2011/1689
f 1686/2012/1690 1685/2011/1689 1717/2010/1721
f 1717/2010/1721 1715/2008/1719 1686/2012/1690
f 1681/2013/1685 1686/2012/1690 1715/2008/1719
f 1715/2008/1719 1714/2007/1718 1681/2013/1685
f 1681/2013/1685 1714/2007/1718 1718/2014/1722
f 1718/2014/1722 1714/2007/1718 1713/2006/1717
f 1713/2006/1717 1719/2015/1723 1718/2014/1722
f 1716/2009/1720 1719/2015/1723 1713/2006/1717
f 1718/2014/1722 1719/2015/1723 1716/2009/1720
f 1716/2009/1720 1625/2016/1629 1718/2014/1722
f 1718/2014/1722 1625/2016/1629 1681/2013/1685
f 1627/2017/1631 1626/2019/1630 1720/2018/1724
f 1622/2020/1627 1627/2017/1631 1720/2018/1724
f 1621/2021/1625 1622/2020/1627 1720/2018/1724
f 1720/2018/1724 1721/2022/1725 1621/2021/1625
f 1621/2021/1625 1721/2022/1725 1722/2023/1726
f 1721/2022/1725 1720/2018/1724 1722/2023/1726
f 1722/2023/1726 1720/2018/1724 1626/2019/1630
f 1626/2019/1630 1625/2016/1629 1722/2023/1726
f 1625/2016/1629 1716/2009/1720 1722/2023/1726
f 1623/2024/1626 1722/2023/1726 1716/2009/1720
f 1716/2009/1720 1624/2025/1628 1623/2024/1626
f 1624/2025/1628 1716/2009/1720 1682/2026/1686
f 1716/2009/1720 1711/2004/1715 1682/2026/1686
f 1683/2002/1687 1682/2026/1686 1711/2004/1715
f 1722/2023/1726 1623/2024/1626 1621/2021/1625
f 1723/2027/1727 1725/2029/1728 1724/2028/1729
f 1723/2027/1727 1724/2028/1729 1726/2030/1730
f 1726/2030/1730 1727/2031/1731 1723/2027/1727
f 1727/2031/1731 1726/2030/1730 1728/2032/1732
f 1728/2032/1732 1729/2033/1733 1727/2031/1731
f 1730/2034/1734 1727/2031/1731 1729/2033/1733
f 1727/2031/1731 1730/2034/1734 1731/2035/1735
f 1731/2035/1735 1723/2027/1727 1727/2031/1731
f 1732/2036/1736 1723/2027/1727 1731/2035/1735
f 1725/2029/1728 1723/2027/1727 1732/2036/1736
f 1732/2036/1736 1733/2037/1737 1725/2029/1728
f 1733/2037/1737 1732/2036/1736 1734/2038/1738
f 1735/2039/1739 1734/2038/1738 1732/2036/1736
f 1734/2038/1738 1735/2039/1739 1736/2040/1740
f 1732/2036/1736 1737/2041/1741 1735/2039/1739
f 1738/2042/1742 1737/2041/1741 1732/2036/1736
f 1731/2035/1735 1738/2042/1742 1732/2036/1736
f 1739/2043/1743 1741/2045/1744 1740/2044/1745
f 1740/2044/1745 1742/2046/1746 1739/2043/1743
f 1742/2046/1746 1740/2044/1745 1730/2034/1734
f 1730/2034/1734 1743/2047/1747 1742/2046/1746
f 1743/2047/1747 1730/2034/1734 1729/2033/1733
f 1729/2033/1733 1744/2048/1748 1743/2047/1747
f 1745/2049/1749 1744/2048/1748 1729/2033/1733
f 1729/2033/1733 1728/2032/1732 1745/2049/1749
f 1745/2049/1749 1728/2032/1732 1746/2050/1750
f 1728/2032/1732 1747/2051/1751 1746/2050/1750
f 1728/2032/1732 1748/2052/1752 1747/2051/1751
f 1749/2053/1753 1748/2052/1752 1728/2032/1732
f 1728/2032/1732 1726/2030/1730 1749/2053/1753
f 1750/2054/1754 1749/2053/1753 1726/2030/1730
f 1726/2030/1730 1724/2028/1729 1750/2054/1754
f 1751/2055/1755 1750/2054/1754 1724/2028/1729
f 1752/2056/1756 1751/2055/1755 1724/2028/1729
f 1752/2056/1756 1724/2028/1729 1725/2029/1728
f 1753/2057/1757 1746/2050/1750 1754/2058/1758
f 1746/2050/1750 1753/2057/1757 1745/2049/1749
f 1755/2059/1759 1757/2061/1760 1756/2060/1761
f 1756/2060/1761 1744/2048/1748 1755/2059/1759
f 1743/2047/1747 1744/2048/1748 1756/2060/1761
f 1756/2060/1761 1758/2062/1762 1743/2047/1747
f 1742/2046/1746 1743/2047/1747 1758/2062/1762
f 1758/2062/1762 1759/2063/1763 1742/2046/1746
f 1653/2064/1657 1647/2066/1651 1760/2065/1764
f 1760/2065/1764 1761/2067/1765 1653/2064/1657
f 1761/2067/1765 1760/2065/1764 1739/2043/1743
f 1739/2043/1743 1742/2046/1746 1761/2067/1765
f 1762/2068/1766 1761/2067/1765 1742/2046/1746
f 1742/2046/1746 1759/2063/1763 1762/2068/1766
f 1651/2069/1655 1762/2068/1766 1759/2063/1763
f 1759/2063/1763 1763/2070/1767 1651/2069/1655
f 1764/2180/1768 1763/2070/1767 1759/2063/1763
f 1759/2063/1763 1758/2062/1762 1764/2180/1768
f 1764/2180/1768 1758/2062/1762 1765/2072/1769
f 1765/2072/1769 1758/2062/1762 1756/2060/1761
f 1756/2060/1761 1766/2073/1770 1765/2072/1769
f 1610/2074/1614 1766/2073/1770 1756/2060/1761
f 1756/2060/1761 1757/2061/1760 1610/2074/1614
f 1757/2061/1760 1611/2075/1615 1610/2074/1614
f 1612/2076/1616 1611/2075/1615 1757/2061/1760
f 1619/2077/1623 1612/2076/1616 1757/2061/1760
f 1757/2061/1760 1755/2059/1759 1619/2077/1623
f 1619/2077/1623 1755/2059/1759 1767/2078/1771
f 1767/2078/1771 1768/2079/1772 1619/2077/1623
f 1652/2080/1656 1653/2064/1657 1761/2067/1765
f 1761/2067/1765 1762/2068/1766 1652/2080/1656
f 1652/2080/1656 1762/2068/1766 1651/2069/1655
f 1769/2081/1773 1771/2083/1774 1770/2082/1775
f 1772/2084/1776 1770/2082/1775 1771/2083/1774
f 1771/2083/1774 1773/2085/1777 1772/2084/1776
f 1774/2086/1778 1775/2087/1779 1773/2085/1777
f 1773/2085/1777 1776/2088/1780 1774/2086/1778
f 1776/2088/1780 1773/2085/1777 1771/2083/1774
f 1771/2083/1774 1777/2089/1781 1776/2088/1780
f 1771/2083/1774 1769/2081/1773 1777/2089/1781
f 1778/2090/1782 1777/2089/1781 1769/2081/1773
f 1779/2091/1783 1780/2092/1784 1775/2087/1779
f 1775/2087/1779 1774/2086/1778 1779/2091/1783
f 1774/2086/1778 1781/2093/1785 1779/2091/1783
f 1777/2089/1781 1741/2095/1744 1739/2094/1743
f 1739/2094/1743 1776/2088/1780 1777/2089/1781
f 1776/2088/1780 1739/2094/1743 1782/2096/1786
f 1782/2096/1786 1774/2086/1778 1776/2088/1780
f 1774/2086/1778 1782/2096/1786 1783/2097/1787
f 1783/2097/1787 1781/2093/1785 1774/2086/1778
f 1781/2093/1785 1783/2097/1787 1763/2098/1767
f 1763/2098/1767 1764/2099/1768 1781/2093/1785
f 1779/2091/1783 1781/2093/1785 1764/2099/1768
f 1764/2099/1768 1765/2100/1769 1779/2091/1783
f 1779/2091/1783 1765/2100/1769 1766/2101/1770
f 1766/2101/1770 1780/2092/1784 1779/2091/1783
f 1780/2092/1784 1766/2101/1770 1610/2102/1614
f 1610/2102/1614 1618/2103/1622 1780/2092/1784
f 1780/2092/1784 1618/2103/1622 1619/2104/1623
f 1619/2104/1623 1775/2087/1779 1780/2092/1784
f 1775/2087/1779 1619/2104/1623 1768/2084/1772
f 1768/2084/1772 1773/2085/1777 1775/2087/1779
f 1760/2105/1764 1647/2107/1651 1645/2106/1649
f 1645/2106/1649 1784/2108/1788 1760/2105/1764
f 1739/2094/1743 1760/2105/1764 1784/2108/1788
f 1784/2108/1788 1782/2096/1786 1739/2094/1743
f 1782/2096/1786 1784/2108/1788 1783/2097/1787
f 1650/2109/1654 1783/2097/1787 1784/2108/1788
f 1763/2098/1767 1783/2097/1787 1650/2109/1654
f 1650/2109/1654 1651/2110/1655 1763/2098/1767
f 1784/2108/1788 1645/2106/1649 1650/2109/1654
f 1785/2111/1789 1787/2113/1790 1786/2112/1791
f 1785/2111/1789 1786/2112/1791 1788/2114/1792
f 1725/2029/1728 1789/2115/1793 1752/2056/1756
f 1790/2116/1794 1789/2115/1793 1725/2029/1728
f 1791/2117/1795 1790/2116/1794 1725/2029/1728
f 1791/2117/1795 1725/2029/1728 1733/2037/1737
f 1733/2037/1737 1792/2118/1796 1791/2117/1795
f 1793/2119/1797 1792/2118/1796 1733/2037/1737
f 1794/2120/1798 1793/2119/1797 1733/2037/1737
f 1794/2120/1798 1733/2037/1737 1795/2121/1799
f 1734/2038/1738 1795/2121/1799 1733/2037/1737
f 1795/2121/1799 1734/2038/1738 1796/2122/1800
f 1736/2040/1740 1796/2122/1800 1734/2038/1738
f 1796/2122/1800 1736/2040/1740 1788/2123/1801
f 1788/2123/1801 1797/2124/1802 1796/2122/1800
f 1797/2124/1802 1788/2123/1801 1786/2125/1791
f 1797/2124/1802 1786/2125/1791 1787/2113/1790
f 1797/2124/1802 1787/2113/1790 1798/2126/1803
f 1798/2126/1803 1787/2113/1790 1785/2111/1789
f 1785/2111/1789 1799/2127/1804 1798/2126/1803
f 1800/2128/1805 1749/2130/1753 1750/2129/1754
f 1750/2129/1754 1801/2131/1806 1800/2128/1805
f 1800/2128/1805 1801/2131/1806 1802/2132/1807
f 1801/2131/1806 1803/2133/1808 1802/2132/1807
f 1804/2134/1809 1802/2132/1807 1803/2133/1808
f 1803/2133/1808 1805/2135/1810 1804/2134/1809
f 1806/2136/1811 1804/2134/1809 1805/2135/1810
f 1805/2135/1810 1795/2121/1799 1806/2136/1811
f 1799/2127/1804 1806/2136/1811 1795/2121/1799
f 1795/2121/1799 1798/2126/1803 1799/2127/1804
f 1796/2122/1800 1798/2126/1803 1795/2121/1799
f 1798/2126/1803 1796/2122/1800 1797/2124/1802
f 1750/2129/1754 1751/2137/1755 1801/2131/1806
f 1801/2131/1806 1751/2137/1755 1752/2138/1756
f 1801/2131/1806 1752/2138/1756 1789/2139/1793
f 1789/2139/1793 1803/2133/1808 1801/2131/1806
f 1789/2139/1793 1790/2140/1794 1803/2133/1808
f 1803/2133/1808 1790/2140/1794 1791/2141/1795
f 1803/2133/1808 1791/2141/1795 1792/2142/1796
f 1792/2142/1796 1805/2135/1810 1803/2133/1808
f 1792/2142/1796 1793/2143/1797 1805/2135/1810
f 1805/2135/1810 1793/2143/1797 1794/2144/1798
f 1805/2135/1810 1794/2144/1798 1795/2121/1799
f 1799/2127/1804 1785/2111/1789 1788/2114/1792
f 1788/2114/1792 1736/2145/1812 1799/2127/1804
f 1806/2136/1811 1799/2127/1804 1736/2145/1812
f 1736/2145/1812 1735/2146/1813 1806/2136/1811
f 1804/2134/1809 1806/2136/1811 1735/2146/1813
f 1735/2146/1813 1737/2147/1814 1804/2134/1809
f 1804/2134/1809 1737/2147/1814 1738/2148/1742
f 1804/2134/1809 1738/2148/1742 1778/2090/1782
f 1778/2090/1782 1802/2132/1807 1804/2134/1809
f 1769/2081/1773 1802/2132/1807 1778/2090/1782
f 1802/2132/1807 1769/2081/1773 1800/2128/1805
f 1770/2082/1775 1800/2128/1805 1769/2081/1773
f 1749/2130/1753 1800/2128/1805 1770/2082/1775
f 1770/2082/1775 1748/2149/1752 1749/2130/1753
f 1747/2150/1751 1748/2149/1752 1770/2082/1775
f 1747/2150/1751 1770/2082/1775 1746/2151/1750
f 1746/2151/1750 1770/2082/1775 1772/2084/1776
f 1772/2084/1776 1807/2152/1815 1746/2151/1750
f 1807/2152/1815 1754/2153/1758 1746/2151/1750
f 1634/2154/1638 1635/1967/1639 1631/1966/1635
f 1631/1966/1635 1628/2155/1632 1634/2154/1638
f 1633/2156/1637 1634/2154/1638 1628/2155/1632
f 1628/2155/1632 1632/2157/1636 1633/2156/1637
f 1707/2158/1711 1708/2160/1712 1808/2159/1816
f 1708/2160/1712 1689/2161/1692 1687/1977/1691
f 1687/1977/1691 1808/2159/1816 1708/2160/1712
f 1808/2159/1816 1687/1977/1691 1691/1981/1695
f 1808/2159/1816 1691/1981/1695 1694/1984/1698
f 1808/2159/1816 1694/1984/1698 1707/2158/1711
f 1707/2158/1711 1694/1984/1698 1696/1986/1700
f 1696/1986/1700 1706/2162/1710 1707/2158/1711
f 1698/1988/1702 1706/2162/1710 1696/1986/1700
f 1731/2035/1735 1778/2163/1782 1738/2042/1742
f 1777/2164/1781 1778/2163/1782 1731/2035/1735
f 1731/2035/1735 1730/2034/1734 1777/2164/1781
f 1741/2045/1744 1777/2164/1781 1730/2034/1734
f 1730/2034/1734 1740/2044/1745 1741/2045/1744
f 1809/2165/1817 1810/2167/1818 1767/2166/1771
f 1767/2166/1771 1755/2168/1759 1809/2165/1817
f 1811/2169/1819 1809/2165/1817 1755/2168/1759
f 1744/2170/1748 1811/2169/1819 1755/2168/1759
f 1744/2170/1748 1745/2171/1749 1811/2169/1819
f 1811/2169/1819 1745/2171/1749 1753/2172/1757
f 1753/2172/1757 1809/2165/1817 1811/2169/1819
f 1810/2167/1818 1809/2165/1817 1753/2172/1757
f 1753/2172/1757 1754/2173/1758 1810/2167/1818
f 1810/2167/1818 1754/2173/1758 1807/2174/1815
f 1807/2174/1815 1812/2175/1820 1810/2167/1818
f 1812/2175/1820 1807/2174/1815 1772/2176/1776
f 1772/2176/1776 1813/2177/1821 1812/2175/1820
f 1773/2178/1777 1813/2177/1821 1772/2176/1776
f 1773/2178/1777 1768/2179/1772 1813/2177/1821
f 1813/2177/1821 1768/2179/1772 1812/2175/1820
f 1812/2175/1820 1768/2179/1772 1767/2166/1771
f 1767/2166/1771 1810/2167/1818 1812/2175/1820
f 1814/2181/1822 2290/2182/1823 1815/2183/1824
f 2166/2184/1825 1814/2181/1822 1815/2183/1824
f 1814/2181/1822 2166/2184/1825 1816/2185/1826
f 1817/2186/1827 1819/2187/1828 1818/2188/1829
f 1824/2189/1830 1820/2190/1831 1822/2191/1832
f 1828/2192/1833 1824/2189/1830 1826/2193/1834
f 1820/2190/1831 1824/2189/1830 1828/2192/1833
f 1818/2188/1829 1820/2190/1831 1828/2192/1833
f 1854/2194/1835 1831/2195/1836 1830/2196/1837
f 1833/2197/1838 1832/2198/1839 1854/2194/1835
f 1854/2194/1835 1828/2192/1833 1833/2197/1838
f 1833/2197/1838 1828/2192/1833 1827/2199/1840
f 1825/2200/1841 1832/2198/1839 1833/2197/1838
f 1825/2200/1841 1835/2201/1842 1834/2202/1843
f 1825/2200/1841 1823/2203/1844 1835/2201/1842
f 1838/2204/1845 1837/2205/1846 1836/2206/1847
f 1823/2203/1844 1838/2204/1845 1836/2206/1847
f 1823/2203/1844 1821/2207/1848 1838/2204/1845
f 1838/2204/1845 1821/2207/1848 1840/2208/1849
f 1839/2209/1850 1837/2205/1846 1838/2204/1845
f 1842/2210/1851 1841/2211/1852 1840/2208/1849
f 1840/2208/1849 1821/2207/1848 1843/2212/1853
f 1844/2213/1854 1842/2210/1851 1843/2212/1853
f 1822/2191/1832 1845/2214/1855 1846/2215/1856
f 1843/2212/1853 1821/2207/1848 1822/2191/1832
f 1822/2191/1832 1829/2216/1857 1845/2214/1855
f 1847/2217/1858 1819/2187/1828 1849/2218/1859
f 1848/2219/1860 1847/2217/1858 1849/2218/1859
f 1819/2187/1828 1850/2220/1861 2027/2221/1862
f 1850/2220/1861 1819/2187/1828 1817/2186/1827
f 1851/2222/1863 1850/2220/1861 1852/2223/1864
f 1850/2220/1861 1817/2186/1827 1852/2223/1864
f 1836/2206/1847 1837/2205/1846 1855/2224/1865
f 1856/2225/1866 1835/2201/1842 1836/2206/1847
f 1835/2201/1842 1856/2225/1866 1857/2226/1867
f 1834/2202/1843 1835/2201/1842 1859/2227/1868
f 1832/2198/1839 1834/2202/1843 1858/2228/1869
f 1860/2229/1870 1832/2198/1839 1858/2228/1869
f 1854/2194/1835 1832/2198/1839 1860/2229/1870
f 1861/2230/1871 1853/2231/1872 1854/2194/1835
f 1860/2229/1870 1861/2230/1871 1854/2194/1835
f 1857/2226/1867 1856/2225/1866 1862/2232/1873
f 1863/2233/1874 1859/2227/1868 1857/2226/1867
f 1862/2232/1873 1863/2233/1874 1857/2226/1867
f 1865/2234/1875 1864/2235/1876 1863/2233/1874
f 1863/2233/1874 1862/2232/1873 1865/2234/1875
f 1864/2235/1876 1866/2236/1877 1863/2233/1874
f 1864/2235/1876 1867/2237/1878 1866/2236/1877
f 1868/2238/1879 1859/2227/1868 1866/2236/1877
f 1869/2239/1880 1860/2229/1870 1858/2228/1869
f 1859/2227/1868 1868/2238/1879 1869/2239/1880
f 1870/2240/1881 1860/2229/1870 1869/2239/1880
f 1861/2230/1871 1860/2229/1870 1870/2240/1881
f 1853/2231/1872 1861/2230/1871 1871/2241/1882
f 1870/2240/1881 1872/2242/1883 1871/2241/1882
f 1872/2242/1883 1873/2243/1884 1871/2241/1882
f 1874/2244/1885 1853/2231/1872 1871/2241/1882
f 1873/2243/1884 1875/2245/1886 1874/2244/1885
f 1874/2244/1885 1875/2245/1886 1876/2246/1887
f 1878/2247/1888 1853/2231/1872 1874/2244/1885
f 1874/2244/1885 1876/2246/1887 1878/2247/1888
f 1879/2248/1889 1880/2249/1890 1878/2247/1888
f 1879/2248/1889 2154/2250/1891 1880/2249/1890
f 1831/2195/1836 1853/2231/1872 1880/2249/1890
f 1881/2251/1892 1830/2196/1837 1831/2195/1836
f 1854/2194/1835 1853/2231/1872 1831/2195/1836
f 1870/2240/1881 1869/2239/1880 1882/2252/1893
f 1883/2253/1894 1886/2254/1895 1882/2252/1893
f 1867/2237/1878 1883/2253/1894 1868/2238/1879
f 1885/2255/1896 1884/2256/1897 1883/2253/1894
f 1883/2253/1894 1867/2237/1878 1885/2255/1896
f 1884/2256/1897 1896/2257/1898 1886/2254/1895
f 1873/2243/1884 1872/2242/1883 1887/2258/1899
f 1887/2258/1899 1888/2259/1900 1873/2243/1884
f 1888/2259/1900 1887/2258/1899 1889/2260/1901
f 1889/2260/1901 1890/2261/1902 1888/2259/1900
f 1890/2261/1902 1889/2260/1901 1891/2262/1903
f 1891/2262/1903 1889/2260/1901 1892/2263/1904
f 1893/2264/1905 1890/2261/1902 1891/2262/1903
f 2191/2265/1906 1893/2264/1905 1891/2262/1903
f 1895/2266/1907 1894/2267/1908 2191/2265/1906
f 1892/2263/1904 1889/2260/1901 1895/2266/1907
f 1895/2266/1907 1884/2256/1897 1894/2267/1908
f 1895/2266/1907 1889/2260/1901 1896/2257/1898
f 1884/2256/1897 1895/2266/1907 1896/2257/1898
f 1898/2268/1909 1897/2269/1910 1851/2222/1863
f 1851/2222/1863 1852/2223/1864 1898/2268/1909
f 1901/2270/1911 1900/2271/1912 1902/2272/1913
f 1898/2268/1909 1817/2186/1827 1901/2270/1911
f 1899/2273/1914 1898/2268/1909 1901/2270/1911
f 1901/2270/1911 1817/2186/1827 1818/2188/1829
f 1903/2274/1915 1900/2271/1912 1901/2270/1911
f 1904/2275/1916 1906/2276/1917 1905/2277/1918
f 1903/2274/1915 1818/2188/1829 1904/2275/1916
f 1900/2271/1912 1903/2274/1915 1905/2277/1918
f 1904/2275/1916 1818/2188/1829 1828/2192/1833
f 1904/2275/1916 1828/2192/1833 1830/2196/1837
f 1909/2278/1919 1908/2279/1920 1911/2280/1921
f 1907/2281/1922 1911/2280/1921 1910/2282/1923
f 1908/2279/1920 1912/2283/1924 1913/2284/1925
f 1912/2283/1924 1915/2285/1926 1914/2286/1927
f 1916/2287/1928 1913/2284/1925 1914/2286/1927
f 1915/2285/1926 1909/2288/1919 1907/2289/1922
f 1914/2286/1927 1907/2289/1922 1910/2282/1923
f 1910/2282/1923 1911/2280/1921 1913/2284/1925
f 1842/2290/1851 1917/2291/1929 1918/2292/1930
f 1917/2291/1929 1842/2290/1851 2329/2293/1931
f 1917/2291/1929 2324/2294/1932 1921/2295/1933
f 1921/2295/1933 1922/2296/1934 1923/2297/1935
f 1923/2297/1935 1917/2291/1929 1921/2295/1933
f 1926/2298/1936 1922/2296/1934 1924/2299/1937
f 1926/2298/1936 1927/2300/1938 1922/2296/1934
f 1922/2296/1934 1927/2300/1938 1928/2301/1939
f 1929/2302/1940 1928/2301/1939 1930/2303/1941
f 1924/2299/1937 1922/2296/1934 1931/2304/1942
f 1931/2304/1942 1925/2305/1943 1924/2299/1937
f 1932/2306/1944 1925/2305/1943 1931/2304/1942
f 1935/2307/1945 1934/2308/1946 1936/2309/1947
f 1938/2310/1948 1935/2307/1945 1936/2309/1947
f 1939/2311/1949 1938/2310/1948 1936/2309/1947
f 1939/2311/1949 1937/2312/1950 1941/2313/1951
f 1942/2314/1952 1932/2306/1944 1939/2311/1949
f 1940/2315/1953 1942/2314/1952 1939/2311/1949
f 1943/2316/1954 1932/2306/1944 1942/2314/1952
f 1944/2317/1955 1932/2306/1944 1943/2316/1954
f 1943/2316/1954 1945/2318/1956 1944/2317/1955
f 1932/2306/1944 1944/2317/1955 1946/2319/1957
f 1947/2320/1958 1925/2305/1943 1932/2306/1944
f 1947/2320/1958 1948/2321/1959 1949/2322/1960
f 1925/2305/1943 1947/2320/1958 1949/2322/1960
f 1950/2323/1961 1981/2324/1962 1952/2325/1963
f 1952/2325/1963 1951/2326/1964 1950/2323/1961
f 1952/2325/1963 1981/2324/1962 1954/2327/1965
f 1954/2327/1965 1981/2324/1962 1955/2328/1966
f 1934/2308/1946 1937/2312/1950 1936/2309/1947
f 1934/2308/1946 1933/2329/1967 1957/2330/1968
f 1937/2312/1950 1934/2308/1946 1957/2330/1968
f 1937/2312/1950 2025/2331/1969 1958/2332/1970
f 1958/2332/1970 1940/2315/1953 1941/2313/1951
f 1959/2333/1971 1947/2320/1958 1946/2319/1957
f 1946/2319/1957 1961/2334/1972 1959/2333/1971
f 1946/2319/1957 1963/2335/1973 1962/2336/1974
f 1963/2335/1973 1945/2318/1956 1964/2337/1975
f 1966/2338/1976 1963/2335/1973 1964/2337/1975
f 1965/2339/1977 1966/2338/1976 1964/2337/1975
f 1966/2338/1976 1961/2334/1972 1962/2336/1974
f 1961/2334/1972 1966/2338/1976 1967/2340/1978
f 1967/2340/1978 1960/2341/1979 1959/2333/1971
f 1970/2342/1980 1972/2343/1981 1969/2344/1982
f 2214/2345/1983 1973/2346/1984 1972/2343/1981
f 1970/2342/1980 2214/2345/1983 1972/2343/1981
f 1975/2347/1985 1974/2348/1986 1972/2343/1981
f 1972/2343/1981 1973/2346/1984 1975/2347/1985
f 1978/2349/1987 1977/2350/1988 1974/2348/1986
f 1974/2348/1986 1975/2347/1985 1978/2349/1987
f 1956/2351/1989 1979/2352/1990 1978/2349/1987
f 1979/2352/1990 1956/2351/1989 1955/2328/1966
f 1980/2353/1991 1993/2354/1992 1979/2352/1990
f 1955/2328/1966 1980/2353/1991 1979/2352/1990
f 1981/2324/1962 1984/2355/1993 1980/2353/1991
f 1983/2356/1994 1982/2357/1995 1984/2355/1993
f 1982/2357/1995 1983/2356/1994 1985/2358/1996
f 1948/2321/1959 1986/2359/1997 1985/2358/1996
f 1948/2321/1959 1947/2320/1958 1986/2359/1997
f 1986/2359/1997 1947/2320/1958 1959/2333/1971
f 1987/2360/1998 1969/2344/1982 1977/2350/1988
f 1968/2361/1999 1990/2362/2000 1989/2363/2001
f 1990/2362/2000 1968/2361/1999 1987/2360/1998
f 1990/2362/2000 1987/2360/1998 1977/2350/1988
f 1991/2364/2002 1977/2350/1988 1993/2354/1992
f 1992/2365/2003 1991/2364/2002 1993/2354/1992
f 1994/2366/2004 1992/2365/2003 1993/2354/1992
f 1996/2367/2005 1993/2354/1992 1984/2355/1993
f 1996/2367/2005 1995/2368/2006 1994/2366/2004
f 1982/2357/1995 1995/2368/2006 1996/2367/2005
f 1999/2369/2007 1982/2357/1995 1997/2370/2008
f 2001/2371/2009 1998/2372/2010 1999/2369/2007
f 1997/2370/2008 2001/2371/2009 1999/2369/2007
f 2001/2371/2009 1997/2370/2008 1960/2341/1979
f 2005/2373/2011 2000/2374/2012 2004/2375/2013
f 2002/2376/2014 2006/2377/2015 2005/2373/2011
f 2005/2373/2011 1998/2372/2010 2000/2374/2012
f 2007/2378/2016 1998/2372/2010 2005/2373/2011
f 2001/2371/2009 1960/2341/1979 1967/2340/1978
f 2004/2375/2013 2001/2371/2009 2008/2379/2017
f 2008/2379/2017 2003/2380/2018 2002/2376/2014
f 2008/2379/2017 1967/2340/1978 1965/2339/1977
f 2003/2380/2018 2008/2379/2017 1965/2339/1977
f 1964/2381/1975 1945/2382/1956 2003/2380/2018
f 1965/2383/1977 1964/2381/1975 2003/2380/2018
f 1945/2382/1956 1943/2384/1954 2009/2385/2019
f 2006/2377/2015 2002/2376/2014 1945/2382/1956
f 1940/2386/1953 2010/2387/2020 2009/2385/2019
f 2007/2378/2016 2006/2377/2015 2009/2385/2019
f 2011/2388/2021 2007/2378/2016 2009/2385/2019
f 2007/2378/2016 2011/2388/2021 2012/2389/2022
f 2013/2390/2023 2015/2391/2024 2014/2392/2025
f 2015/2391/2024 2281/2393/2026 2016/2394/2027
f 2280/2395/2028 2279/2396/2029 2016/2394/2027
f 2016/2394/2027 2017/2397/2030 2018/2398/2031
f 2014/2392/2025 2016/2394/2027 2018/2398/2031
f 2017/2397/2030 1930/2399/1941 2019/2400/2032
f 1930/2399/1941 1928/2401/1939 2019/2400/2032
f 2015/2391/2024 1920/2402/2033 1919/2403/2034
f 2020/2404/2035 1920/2402/2033 2015/2391/2024
f 2020/2404/2035 2013/2390/2023 1897/2405/1910
f 1897/2405/1910 2179/2406/2036 2020/2404/2035
f 1897/2405/1910 2013/2390/2023 2021/2407/2037
f 2021/2407/2037 2011/2388/2021 2022/2408/2038
f 2022/2408/2038 1851/2409/1863 2021/2407/2037
f 2022/2408/2038 2010/2387/2020 2023/2410/2039
f 1957/2411/1968 1933/2412/1967 2024/2413/2040
f 1940/2386/1953 1943/2384/1954 1942/2414/1952
f 2026/2415/2041 1933/2412/1967 1848/2416/1860
f 2022/2408/2038 2024/2413/2040 2026/2415/2041
f 2022/2408/2038 1849/2417/1859 2027/2418/1862
f 1851/2409/1863 2022/2408/2038 2027/2418/1862
f 2018/2398/2031 2017/2397/2030 2019/2400/2032
f 2018/2398/2031 2019/2400/2032 2028/2419/2042
f 1928/2401/1939 1927/2420/1938 2028/2419/2042
f 2030/2421/2043 2018/2398/2031 2028/2419/2042
f 2029/2422/2044 1927/2420/1938 2031/2423/2045
f 2031/2423/2045 2030/2421/2043 2029/2422/2044
f 2032/2424/2046 2030/2421/2043 2031/2423/2045
f 2034/2425/2047 2033/2426/2048 2032/2424/2046
f 2036/2427/2049 2033/2426/2048 2035/2428/2050
f 2033/2426/2048 2036/2427/2049 2038/2429/2051
f 2039/2430/2052 2037/2431/2053 2038/2429/2051
f 2039/2430/2052 2041/2432/2054 2037/2431/2053
f 2040/2433/2055 2078/2434/2056 2041/2432/2054
f 2043/2435/2057 2037/2431/2053 2041/2432/2054
f 2078/2434/2056 2042/2436/2058 2043/2435/2057
f 2030/2421/2043 2032/2424/2046 2043/2435/2057
f 2045/2437/2059 2030/2421/2043 2042/2436/2058
f 2031/2423/2045 1927/2420/1938 2046/2438/2060
f 2045/2437/2059 2047/2439/2061 2062/2440/2062
f 2062/2440/2062 2030/2421/2043 2045/2437/2059
f 2049/2441/2063 2048/2442/2064 2047/2439/2061
f 2047/2439/2061 2045/2437/2059 2050/2443/2065
f 2045/2437/2059 2051/2444/2066 2050/2443/2065
f 2050/2443/2065 2051/2444/2066 2053/2445/2067
f 2049/2441/2063 2050/2443/2065 2053/2445/2067
f 2055/2446/2068 2061/2447/2069 2051/2444/2066
f 2056/2448/2070 1990/2362/2000 1991/2364/2002
f 1991/2364/2002 2057/2449/2071 2056/2448/2070
f 2059/2450/2072 1991/2364/2002 1992/2365/2003
f 2060/2451/2073 2058/2452/2074 2059/2450/2072
f 1992/2365/2003 2060/2451/2073 2059/2450/2072
f 1992/2365/2003 1994/2366/2004 2061/2447/2069
f 2061/2447/2069 2055/2446/2068 2060/2451/2073
f 2061/2447/2069 1994/2366/2004 2051/2444/2066
f 1999/2369/2007 2053/2445/2067 1995/2368/2006
f 1998/2372/2010 2053/2445/2067 1999/2369/2007
f 2052/2453/2075 2053/2445/2067 1998/2372/2010
f 2052/2453/2075 1998/2372/2010 2007/2378/2016
f 2052/2453/2075 2012/2389/2022 2049/2441/2063
f 2049/2441/2063 2053/2445/2067 2052/2453/2075
f 2049/2441/2063 2014/2392/2025 2048/2442/2064
f 2014/2392/2025 2018/2398/2031 2062/2440/2062
f 2018/2398/2031 2030/2421/2043 2062/2440/2062
f 2054/2454/2076 2051/2444/2066 2044/2455/2077
f 2044/2455/2077 2063/2456/2078 2065/2457/2079
f 2054/2454/2076 2044/2455/2077 2065/2457/2079
f 2066/2458/2080 2054/2454/2076 2064/2459/2081
f 2069/2460/2082 2067/2461/2083 2066/2458/2080
f 2066/2458/2080 2064/2459/2081 2068/2462/2084
f 1953/2463/2085 2069/2460/2082 2070/2464/2086
f 2058/2452/2074 2055/2446/2068 2070/2464/2086
f 2070/2464/2086 2055/2446/2068 2071/2465/2087
f 1953/2463/2085 2070/2464/2086 2071/2465/2087
f 1951/2466/1964 1953/2463/2085 2071/2465/2087
f 2071/2465/2087 2055/2446/2068 2073/2467/2088
f 2055/2446/2068 2054/2454/2076 2073/2467/2088
f 2073/2467/2088 2054/2454/2076 2066/2458/2080
f 2068/2462/2084 2075/2468/2089 2058/2452/2074
f 2064/2459/2081 2075/2468/2089 2068/2462/2084
f 2075/2468/2089 2064/2459/2081 2065/2457/2079
f 2074/2469/2090 2076/2470/2091 2065/2457/2079
f 2077/2471/2092 2091/2472/2093 2074/2469/2090
f 2091/2472/2093 2076/2470/2091 2074/2469/2090
f 2074/2469/2090 2079/2473/2094 2078/2434/2056
f 2087/2474/2095 2080/2475/2096 2079/2473/2094
f 2082/2476/2097 2042/2436/2058 2079/2473/2094
f 2081/2477/2098 2082/2476/2097 2079/2473/2094
f 2044/2455/2077 2042/2436/2058 2082/2476/2097
f 2083/2478/2099 2044/2455/2077 2082/2476/2097
f 2086/2479/2100 2044/2455/2077 2083/2478/2099
f 2085/2480/2101 2086/2479/2100 2083/2478/2099
f 2083/2478/2099 2084/2481/2102 2085/2480/2101
f 2086/2479/2100 2297/2482/2103 2087/2474/2095
f 2074/2469/2090 2063/2456/2078 2086/2479/2100
f 2297/2482/2103 2080/2475/2096 2087/2474/2095
f 2090/2483/2104 2089/2484/2105 2088/2485/2106
f 2088/2485/2106 2089/2484/2105 2075/2468/2089
f 2091/2472/2093 2088/2485/2106 2076/2470/2091
f 2091/2472/2093 2077/2471/2092 2099/2486/2107
f 2056/2448/2070 2057/2449/2071 2075/2468/2089
f 2089/2484/2105 2092/2487/2108 2056/2448/2070
f 2090/2483/2104 2115/2488/2109 2089/2484/2105
f 2094/2489/2110 2115/2488/2109 2090/2483/2104
f 2093/2490/2111 2090/2483/2104 2088/2485/2106
f 2088/2485/2106 2091/2472/2093 2096/2491/2112
f 2098/2492/2113 2097/2493/2114 2099/2486/2107
f 2101/2494/2115 2098/2492/2113 2100/2495/2116
f 2102/2496/2117 2039/2430/2052 2101/2494/2115
f 2077/2471/2092 2102/2496/2117 2100/2495/2116
f 2102/2496/2117 2077/2471/2092 2040/2433/2055
f 2040/2433/2055 2041/2432/2054 2102/2496/2117
f 2108/2497/2118 2103/2498/2119 2104/2499/2120
f 2108/2497/2118 2105/2500/2121 2109/2501/2122
f 2110/2502/2123 2107/2503/2124 2108/2497/2118
f 2111/2504/2125 2112/2505/2126 2313/2506/2127
f 2109/2501/2122 2111/2504/2125 2110/2502/2123
f 2113/2507/2128 2114/2508/2129 2111/2504/2125
f 2109/2501/2122 2120/2509/2130 2111/2504/2125
f 2114/2508/2129 2112/2505/2126 2111/2504/2125
f 2094/2489/2110 2093/2490/2111 2114/2508/2129
f 2114/2508/2129 2113/2507/2128 2094/2489/2110
f 2115/2488/2109 2094/2489/2110 2113/2507/2128
f 2115/2488/2109 2113/2507/2128 2116/2510/2131
f 2118/2511/2132 2115/2488/2109 2116/2510/2131
f 2117/2512/2133 2116/2510/2131 1988/2513/2134
f 1971/2514/2135 1989/2363/2001 2118/2511/2132
f 1988/2513/2134 1971/2514/2135 2118/2511/2132
f 1989/2363/2001 2092/2487/2108 2118/2511/2132
f 2056/2448/2070 2092/2487/2108 1989/2363/2001
f 2113/2507/2128 2119/2515/2136 2116/2510/2131
f 2119/2515/2136 2113/2507/2128 2120/2509/2130
f 2105/2500/2121 2119/2515/2136 2120/2509/2130
f 2122/2516/2137 2121/2517/2138 2125/2518/2139
f 2122/2516/2137 2125/2518/2139 2124/2519/2140
f 2121/2517/2138 2189/2520/2141 2125/2518/2139
f 2189/2520/2141 2128/2521/2142 2127/2522/2143
f 2128/2521/2142 2122/2523/2137 2129/2524/2144
f 2127/2522/2143 2129/2524/2144 2124/2525/2140
f 2126/2526/2145 2127/2522/2143 2123/2527/2146
f 2124/2519/2140 2125/2518/2139 2126/2526/2145
f 2131/2528/2147 2133/2529/2148 2132/2530/2149
f 2130/2531/2150 2131/2528/2147 2132/2530/2149
f 2131/2528/2147 2134/2532/2151 2135/2533/2152
f 2134/2532/2151 2136/2534/2153 2135/2533/2152
f 2135/2533/2152 2136/2534/2153 2137/2535/2154
f 2133/2529/2148 2135/2533/2152 2137/2536/2154
f 2136/2537/2153 2138/2538/2155 2132/2530/2149
f 2141/2539/2156 2140/2540/2157 2144/2541/2158
f 2139/2542/2159 2144/2541/2158 2143/2543/2160
f 2140/2540/2157 2145/2544/2161 2146/2545/2162
f 2145/2544/2161 2148/2546/2163 2147/2547/2164
f 2148/2546/2163 2141/2548/2156 2139/2549/2159
f 2147/2547/2164 2139/2549/2159 2142/2550/2165
f 2146/2545/2162 2147/2547/2164 2143/2543/2160
f 2143/2543/2160 2144/2541/2158 2146/2545/2162
f 2149/2551/2166 2140/2552/2157 2141/2553/2156
f 2149/2551/2166 2141/2553/2156 2151/2554/2167
f 2151/2554/2167 2157/2555/2168 2149/2551/2166
f 2148/2556/2163 2150/2557/2169 2151/2554/2167
f 2140/2552/2157 1908/2558/1920 2145/2559/2161
f 2145/2559/2161 1908/2558/1920 1909/2560/1919
f 2145/2559/2161 1909/2560/1919 1915/2561/1926
f 2152/2562/2170 2130/2563/2150 1877/2564/2171
f 2121/2565/2138 2152/2562/2170 1877/2564/2171
f 1879/2566/1889 1877/2564/2171 2153/2567/2172
f 2130/2563/2150 1908/2558/1920 2153/2567/2172
f 2153/2567/2172 1908/2558/1920 2154/2568/1891
f 1908/2558/1920 2140/2552/2157 2155/2569/2173
f 1881/2570/1892 2154/2568/1891 2155/2569/2173
f 1830/2571/1837 1881/2570/1892 2155/2569/2173
f 2155/2569/2173 2140/2552/2157 2156/2572/2174
f 1830/2571/1837 2155/2569/2173 2156/2572/2174
f 2156/2572/2174 2140/2552/2157 2149/2551/2166
f 2157/2555/2168 1906/2573/1917 2156/2572/2174
f 2161/2574/2175 2159/2575/2176 2158/2576/2177
f 2160/2577/2178 2163/2578/2179 2162/2579/2180
f 2163/2578/2179 2160/2577/2178 2164/2580/2181
f 2160/2577/2178 2165/2581/2182 2164/2580/2181
f 2165/2581/2182 2167/2582/2183 2164/2580/2181
f 2167/2582/2183 2168/2583/2184 2169/2584/2185
f 2169/2584/2185 2168/2583/2184 2170/2585/2186
f 2170/2585/2186 2171/2586/2187 2182/2587/2188
f 2170/2585/2186 2168/2583/2184 2173/2588/2189
f 2171/2586/2187 2170/2585/2186 2172/2589/2190
f 2174/2590/2191 2159/2575/2176 2172/2589/2190
f 2172/2589/2190 2159/2575/2176 2175/2591/2192
f 2159/2575/2176 2161/2574/2175 2162/2579/2180
f 2160/2577/2178 2161/2574/2175 2158/2576/2177
f 2176/2592/2193 2160/2577/2178 2158/2576/2177
f 2165/2581/2182 2160/2577/2178 2176/2592/2193
f 2176/2592/2193 1856/2593/1866 1855/2594/1865
f 2177/2595/2194 2165/2581/2182 2176/2592/2193
f 2178/2596/2195 2168/2583/2184 2167/2582/2183
f 2177/2595/2194 1837/2597/1846 2178/2596/2195
f 2165/2581/2182 2177/2595/2194 2167/2582/2183
f 2178/2596/2195 1837/2597/1846 1839/2598/1850
f 1918/2599/1930 2168/2583/2184 2178/2596/2195
f 1841/2600/1852 1918/2599/1930 2178/2596/2195
f 2168/2583/2184 1920/2601/2033 2179/2602/2036
f 1899/2603/1914 2168/2583/2184 2179/2602/2036
f 2168/2583/2184 1899/2603/1914 2173/2588/2189
f 1899/2603/1914 1902/2604/1913 2180/2605/2196
f 2180/2605/2196 2174/2590/2191 2173/2588/2189
f 1902/2604/1913 1900/2606/1912 2180/2605/2196
f 2180/2605/2196 1900/2606/1912 2181/2607/2197
f 2181/2607/2197 1900/2606/1912 1905/2608/1918
f 2157/2555/2168 2159/2575/2176 2181/2607/2197
f 1906/2573/1917 2157/2555/2168 2181/2607/2197
f 2185/2609/2198 2169/2584/2185 2182/2587/2188
f 2171/2586/2187 2183/2610/2199 2182/2587/2188
f 2171/2586/2187 2175/2591/2192 2183/2610/2199
f 2184/2611/2200 2175/2591/2192 2162/2579/2180
f 2162/2579/2180 2163/2578/2179 2184/2611/2200
f 1815/2612/1824 2163/2578/2179 2164/2580/2181
f 2166/2613/1825 1815/2612/1824 2164/2580/2181
f 2166/2613/1825 2169/2584/2185 2185/2609/2198
f 2176/2592/2193 2150/2557/2169 2186/2614/2201
f 1856/2593/1866 2176/2592/2193 2186/2614/2201
f 2186/2614/2201 2150/2557/2169 2148/2556/2163
f 2187/2615/2202 1862/2616/1873 2186/2614/2201
f 2148/2556/2163 2187/2615/2202 2186/2614/2201
f 2187/2615/2202 1864/2617/1876 1865/2618/1875
f 2187/2615/2202 2148/2556/2163 1915/2561/1926
f 1915/2561/1926 2188/2619/2203 2187/2615/2202
f 2188/2619/2203 1867/2620/1878 1864/2617/1876
f 2134/2621/2151 1867/2620/1878 2188/2619/2203
f 2134/2621/2151 2128/2622/2142 1867/2620/1878
f 1885/2623/1896 2128/2622/2142 2189/2624/2141
f 2190/2625/2204 1884/2626/1897 1885/2623/1896
f 2189/2624/2141 2190/2625/2204 1885/2623/1896
f 1894/2627/1908 2190/2625/2204 2191/2628/1906
f 2190/2625/2204 2189/2624/2141 2191/2628/1906
f 2191/2628/1906 2189/2624/2141 2192/2629/2205
f 1875/2630/1886 1890/2631/1902 2192/2629/2205
f 2192/2629/2205 2189/2624/2141 2193/2632/2206
f 2189/2624/2141 2121/2565/2138 2193/2632/2206
f 1876/2633/1887 1875/2630/1886 2193/2632/2206
f 2152/2562/2170 2121/2565/2138 2122/2634/2137
f 2152/2562/2170 2122/2634/2137 2131/2635/2147
f 2131/2635/2147 2130/2563/2150 2152/2562/2170
f 2128/2622/2142 2134/2621/2151 2131/2635/2147
f 1908/2558/1920 2130/2563/2150 2138/2636/2155
f 2136/2637/2153 1912/2638/1924 2138/2636/2155
f 2136/2637/2153 2134/2621/2151 1912/2638/1924
f 1912/2638/1924 2134/2621/2151 1915/2561/1926
f 2158/2639/2177 2157/2640/2168 2195/2641/2207
f 2195/2641/2207 2196/2642/2208 2197/2643/2209
f 2151/2644/2167 2198/2645/2210 2195/2641/2207
f 2157/2640/2168 2151/2644/2167 2195/2641/2207
f 2151/2644/2167 2150/2646/2169 2199/2647/2211
f 2150/2646/2169 2158/2648/2177 2194/2649/2212
f 2199/2647/2211 2194/2649/2212 2197/2650/2209
f 2196/2642/2208 2195/2641/2207 2198/2645/2210
f 2202/2651/2213 2200/2652/2214 2201/2653/2215
f 2096/2654/2112 2202/2651/2213 2201/2653/2215
f 2202/2651/2213 2096/2654/2112 2203/2655/2216
f 2207/2656/2217 2206/2657/2218 2205/2658/2219
f 2209/2659/2220 2208/2660/2221 2206/2657/2218
f 2211/2661/2222 2212/2662/2223 2210/2663/2224
f 2210/2663/2224 2212/2662/2223 2209/2659/2220
f 2212/2662/2223 2208/2660/2221 2209/2659/2220
f 2214/2664/1983 2213/2665/2225 2215/2666/2226
f 2215/2666/2226 2206/2657/2218 2208/2660/2221
f 2216/2667/2227 2206/2657/2218 2215/2666/2226
f 2213/2665/2225 1970/2668/1980 2218/2669/2228
f 1971/2670/2135 2217/2671/2229 2218/2669/2228
f 1970/2668/1980 1971/2670/2135 2218/2669/2228
f 1971/2670/2135 1988/2672/2134 2217/2671/2229
f 2219/2673/2230 2222/2674/2231 2221/2675/2232
f 2223/2676/2233 2220/2677/2234 2221/2675/2232
f 2222/2674/2231 2224/2678/2235 2221/2675/2232
f 2225/2679/2236 2223/2676/2233 2221/2675/2232
f 2224/2678/2235 2226/2680/2237 2225/2679/2236
f 2226/2680/2237 2224/2678/2235 2228/2681/2238
f 2204/2682/2239 2226/2680/2237 2228/2681/2238
f 2226/2680/2237 2204/2682/2239 2205/2658/2219
f 2216/2667/2227 2230/2683/2240 2229/2684/2241
f 2206/2657/2218 2216/2667/2227 2229/2684/2241
f 2216/2667/2227 2213/2665/2225 2230/2683/2240
f 2231/2685/2242 2213/2665/2225 2218/2669/2228
f 2233/2686/2243 2232/2687/2244 2217/2671/2229
f 2217/2671/2229 2240/2688/2245 2233/2686/2243
f 2119/2689/2136 2240/2688/2245 1988/2672/2134
f 2234/2690/2246 2240/2688/2245 2119/2689/2136
f 2119/2689/2136 2105/2691/2121 2234/2690/2246
f 2237/2692/2247 2236/2693/2248 2232/2687/2244
f 2238/2694/2249 2237/2692/2247 2233/2686/2243
f 2240/2688/2245 2239/2695/2250 2238/2694/2249
f 2233/2686/2243 2240/2688/2245 2238/2694/2249
f 2239/2695/2250 2240/2688/2245 2234/2690/2246
f 2234/2690/2246 2242/2696/2251 2243/2697/2252
f 2253/2698/2253 2239/2695/2250 2243/2697/2252
f 2239/2695/2250 2234/2690/2246 2243/2697/2252
f 2244/2699/2254 2245/2700/2255 2238/2694/2249
f 2246/2701/2256 2237/2692/2247 2238/2694/2249
f 2245/2700/2255 2247/2702/2257 2246/2701/2256
f 2236/2693/2248 2237/2692/2247 2246/2701/2256
f 2246/2701/2256 2235/2703/2258 2236/2693/2248
f 2235/2703/2258 2246/2701/2256 2248/2704/2259
f 2250/2705/2260 2235/2703/2258 2249/2706/2261
f 2223/2676/2233 2250/2705/2260 2249/2706/2261
f 2250/2705/2260 2223/2676/2233 2251/2707/2262
f 2225/2679/2236 2226/2680/2237 2229/2684/2241
f 2226/2680/2237 2205/2658/2219 2229/2684/2241
f 2250/2705/2260 2251/2707/2262 2230/2683/2240
f 2250/2705/2260 2230/2683/2240 2231/2685/2242
f 2235/2703/2258 2250/2705/2260 2231/2685/2242
f 2242/2696/2251 2105/2691/2121 2104/2708/2120
f 2241/2709/2263 2242/2696/2251 2104/2708/2120
f 2104/2708/2120 2106/2710/2264 2241/2709/2263
f 2210/2711/2224 2241/2709/2263 2252/2712/2265
f 2241/2709/2263 2209/2713/2220 2253/2698/2253
f 2253/2698/2253 2209/2713/2220 2207/2714/2217
f 2244/2699/2254 2239/2695/2250 2254/2715/2266
f 2253/2698/2253 2265/2716/2267 2254/2715/2266
f 2254/2715/2266 2265/2716/2267 2255/2717/2268
f 2245/2700/2255 2244/2699/2254 2254/2715/2266
f 2265/2716/2267 2256/2718/2269 2255/2717/2268
f 2255/2717/2268 2256/2718/2269 2257/2719/2270
f 2247/2702/2257 2245/2700/2255 2257/2719/2270
f 2258/2720/2271 2247/2702/2257 2257/2719/2270
f 2260/2721/2272 2246/2701/2256 2247/2702/2257
f 2259/2722/2273 2261/2723/2274 2260/2721/2272
f 2248/2704/2259 2246/2701/2256 2260/2721/2272
f 2261/2723/2274 2249/2706/2261 2248/2704/2259
f 2262/2724/2275 2219/2673/2230 2263/2725/2276
f 2249/2706/2261 2261/2723/2274 2263/2725/2276
f 2223/2676/2233 2249/2706/2261 2220/2677/2234
f 2263/2725/2276 2219/2673/2230 2220/2677/2234
f 2211/2726/2222 2252/2712/2265 2106/2710/2264
f 2253/2698/2253 2207/2714/2217 2265/2716/2267
f 2204/2727/2239 2266/2728/2277 2265/2716/2267
f 2265/2716/2267 2207/2714/2217 2204/2727/2239
f 2256/2718/2269 2265/2716/2267 2266/2728/2277
f 2266/2728/2277 2204/2727/2239 2227/2729/2278
f 2267/2730/2279 2256/2718/2269 2266/2728/2277
f 2267/2730/2279 2258/2720/2271 2257/2719/2270
f 2269/2731/2280 2268/2732/2281 2270/2733/2282
f 2267/2730/2279 2227/2729/2278 2269/2731/2280
f 2258/2720/2271 2267/2730/2279 2270/2733/2282
f 2271/2734/2283 2273/2735/2284 2272/2736/2285
f 2273/2735/2284 2258/2720/2271 2270/2733/2282
f 2259/2722/2273 2258/2720/2271 2273/2735/2284
f 2261/2723/2274 2259/2722/2273 2273/2735/2284
f 2261/2723/2274 2271/2734/2283 2262/2724/2275
f 2274/2737/2286 2275/2738/2287 1930/2739/1941
f 2017/2740/2030 2274/2737/2286 1930/2739/1941
f 2276/2741/2288 2290/2742/1823 2277/2743/2289
f 2278/2744/2290 2276/2741/2288 2277/2743/2289
f 2282/2745/2291 2278/2744/2290 2277/2743/2289
f 2275/2738/2287 2274/2737/2286 2279/2746/2029
f 2282/2745/2291 2275/2738/2287 2278/2744/2290
f 2288/2747/2292 2278/2744/2290 2279/2746/2029
f 2280/2748/2028 2288/2747/2292 2279/2746/2029
f 2284/2749/2293 2283/2750/2294 2282/2751/2291
f 1923/2752/1935 1929/2753/1940 2283/2750/2294
f 2286/2754/2295 1923/2752/1935 2284/2749/2293
f 2285/2755/2296 2286/2754/2295 2284/2749/2293
f 2286/2754/2295 2285/2755/2296 2287/2756/2297
f 1919/2757/2034 1917/2758/1929 2286/2754/2295
f 2015/2759/2024 1919/2757/2034 2286/2754/2295
f 2281/2760/2026 2015/2759/2024 2287/2756/2297
f 2280/2748/2028 2281/2760/2026 2287/2756/2297
f 2285/2755/2296 2294/2761/2298 2288/2747/2292
f 2280/2748/2028 2287/2756/2297 2288/2747/2292
f 2278/2744/2290 2288/2747/2292 2289/2762/2299
f 2276/2741/2288 2278/2744/2290 2289/2762/2299
f 2290/2742/1823 2276/2741/2288 2184/2763/2200
f 1815/2764/1824 2290/2742/1823 2184/2763/2200
f 2292/2765/2300 2183/2766/2199 2291/2767/2301
f 2182/2768/2188 2183/2766/2199 2292/2765/2300
f 2296/2769/2302 2182/2768/2188 2292/2765/2300
f 2182/2768/2188 2296/2769/2302 2185/2770/2198
f 2276/2741/2288 2289/2762/2299 2291/2767/2301
f 2293/2771/2303 2292/2765/2300 2294/2761/2298
f 2285/2755/2296 2284/2749/2293 2295/2772/2304
f 2293/2771/2303 2285/2755/2296 2295/2772/2304
f 2295/2772/2304 2282/2751/2291 2277/2773/2289
f 1816/2185/1826 2295/2772/2304 1814/2181/1822
f 2185/2770/2198 2296/2769/2302 1816/2185/1826
f 2166/2184/1825 2185/2770/2198 1816/2185/1826
f 2034/2774/2047 2046/2775/2060 2035/2776/2050
f 2046/2775/2060 1927/2300/1938 2035/2776/2050
f 2299/2777/2305 2081/2778/2098 2036/2779/2049
f 1927/2300/1938 2299/2777/2305 2035/2776/2050
f 2084/2780/2102 2081/2778/2098 2299/2777/2305
f 1927/2300/1938 1926/2298/1936 2084/2780/2102
f 2084/2780/2102 1926/2298/1936 2300/2781/2306
f 2302/2782/2307 2301/2783/2308 2300/2781/2306
f 1926/2298/1936 1925/2305/1943 2300/2781/2306
f 2300/2781/2306 1925/2305/1943 1949/2322/1960
f 2302/2782/2307 1949/2322/1960 1951/2326/1964
f 1951/2326/1964 2072/2784/2309 2303/2785/2310
f 2302/2782/2307 2303/2785/2310 2301/2783/2308
f 2297/2786/2103 2085/2787/2101 2301/2783/2308
f 2304/2788/2311 2297/2786/2103 2301/2783/2308
f 2304/2788/2311 2298/2789/2312 2297/2786/2103
f 2304/2788/2311 2067/2790/2083 2305/2791/2313
f 2298/2789/2312 2311/2792/2314 2306/2793/2315
f 2311/2792/2314 2309/2794/2316 2306/2793/2315
f 2310/2795/2317 2307/2796/2318 2308/2797/2319
f 2067/2790/2083 2069/2798/2082 2305/2791/2313
f 2069/2798/2082 1953/2799/2085 2305/2791/2313
f 1976/2800/2320 2305/2791/2313 1956/2351/1989
f 2298/2789/2312 2305/2791/2313 1976/2800/2320
f 1976/2800/2320 1973/2346/1984 2311/2792/2314
f 2312/2801/2321 2313/2802/2127 2310/2795/2317
f 2313/2802/2127 2314/2803/2322 2310/2795/2317
f 2203/2655/2216 2315/2804/2323 2310/2795/2317
f 2307/2796/2318 2310/2795/2317 2315/2804/2323
f 2307/2796/2318 2315/2804/2323 2203/2655/2216
f 2096/2654/2112 2307/2796/2318 2203/2655/2216
f 2097/2805/2114 2098/2806/2113 2307/2796/2318
f 2096/2654/2112 2097/2805/2114 2307/2796/2318
f 2098/2806/2113 2298/2789/2312 2306/2793/2315
f 2297/2786/2103 2298/2789/2312 2101/2807/2115
f 2316/2808/2324 2080/2809/2096 2297/2786/2103
f 2316/2808/2324 2081/2778/2098 2080/2809/2096
f 1973/2346/1984 2212/2810/2223 2264/2811/2325
f 2309/2794/2316 1973/2346/1984 2264/2811/2325
f 2264/2811/2325 2212/2810/2223 2211/2812/2222
f 2318/2813/2326 2335/2814/2327 2317/2815/2328
f 2202/2651/2213 2203/2655/2216 2318/2813/2326
f 2095/2816/2329 2335/2814/2327 2318/2813/2326
f 2095/2816/2329 2318/2813/2326 2319/2817/2330
f 2319/2817/2330 2203/2655/2216 2314/2803/2322
f 2314/2803/2322 2112/2818/2126 2319/2817/2330
f 2313/2802/2127 2112/2818/2126 2314/2803/2322
f 2312/2801/2321 2107/2819/2124 2313/2802/2127
f 2103/2820/2119 2107/2819/2124 2312/2801/2321
f 2312/2801/2321 2264/2811/2325 2103/2820/2119
f 2103/2820/2119 2264/2811/2325 2106/2821/2264
f 2320/2822/2331 2322/2823/2332 2321/2824/2333
f 2324/2294/1932 2323/2825/2334 2322/2823/2332
f 2328/2826/2335 2327/2827/2336 2322/2823/2332
f 2328/2826/2335 2322/2823/2332 2320/2822/2331
f 1938/2310/1948 1939/2311/1949 2328/2826/2335
f 2320/2822/2331 2321/2824/2333 1938/2310/1948
f 1846/2828/1856 1935/2307/1945 1938/2310/1948
f 1844/2829/1854 1846/2828/1856 1938/2310/1948
f 2321/2824/2333 2323/2825/2334 2329/2293/1931
f 1842/2290/1851 1844/2829/1854 2321/2824/2333
f 2323/2825/2334 2324/2294/1932 2329/2293/1931
f 2330/2830/2337 1922/2296/1934 1921/2295/1933
f 2330/2830/2337 2325/2831/2338 2326/2832/2339
f 1931/2304/1942 1922/2296/1934 2330/2830/2337
f 2327/2827/2336 2331/2833/2340 1932/2306/1944
f 1932/2306/1944 1931/2304/1942 2326/2832/2339
f 2327/2827/2336 2328/2826/2335 2331/2833/2340
f 1939/2311/1949 1932/2306/1944 2331/2833/2340
f 1845/2834/1855 1935/2307/1945 1846/2828/1856
f 1935/2307/1945 1845/2834/1855 1848/2835/1860
f 1934/2308/1946 1935/2307/1945 1848/2835/1860
f 1848/2835/1860 1933/2329/1967 1934/2308/1946
f 2081/2778/2098 2316/2808/2324 2101/2807/2115
f 2039/2836/2052 2332/2837/2341 2036/2779/2049
f 2081/2778/2098 2101/2807/2115 2036/2779/2049
f 2038/2838/2051 2036/2779/2049 2332/2837/2341
f 2228/2681/2238 2224/2678/2235 2333/2839/2342
f 2227/2840/2278 2228/2681/2238 2333/2839/2342
f 2268/2841/2281 2269/2842/2280 2333/2839/2342
f 2334/2843/2343 2268/2841/2281 2333/2839/2342
f 2219/2844/2230 2334/2843/2343 2222/2845/2231
f 2334/2843/2343 2219/2844/2230 2262/2846/2275
f 2271/2847/2283 2272/2848/2285 2334/2843/2343
f 2201/2849/2215 2317/2850/2328 2335/2851/2327
f 2095/2852/2329 2096/2491/2112 2335/2851/2327
f 2336/2181/2344 2337/2183/2345 2813/2182/2346
f 2689/2184/2347 2337/2183/2345 2336/2181/2344
f 2336/2181/2344 2338/2185/2348 2689/2184/2347
f 2339/2186/2349 2340/2188/2350 2341/2187/2351
f 2346/2189/2352 2344/2191/2353 2342/2190/2354
f 2350/2192/2355 2348/2193/2356 2346/2189/2352
f 2342/2190/2354 2350/2192/2355 2346/2189/2352
f 2340/2188/2350 2350/2192/2355 2342/2190/2354
f 2376/2194/2357 2352/2196/2358 2353/2195/2359
f 2355/2197/2360 2376/2194/2357 2354/2198/2361
f 2376/2194/2357 2355/2197/2360 2350/2192/2355
f 2355/2197/2360 2349/2199/2362 2350/2192/2355
f 2347/2200/2363 2355/2197/2360 2354/2198/2361
f 2347/2200/2363 2356/2202/2364 2357/2201/2365
f 2347/2200/2363 2357/2201/2365 2345/2203/2366
f 2360/2204/2367 2358/2206/2368 2359/2205/2369
f 2345/2203/2366 2358/2206/2368 2360/2204/2367
f 2345/2203/2366 2360/2204/2367 2343/2207/2370
f 2360/2204/2367 2362/2208/2371 2343/2207/2370
f 2361/2209/2372 2360/2204/2367 2359/2205/2369
f 2364/2210/2373 2362/2208/2371 2363/2853/2374
f 2362/2208/2371 2365/2212/2375 2343/2207/2370
f 2366/2213/2376 2365/2212/2375 2364/2210/2373
f 2344/2191/2353 2368/2215/2377 2367/2214/2378
f 2365/2212/2375 2344/2191/2353 2343/2207/2370
f 2344/2191/2353 2367/2214/2378 2351/2216/2379
f 2369/2217/2380 2371/2854/2381 2341/2187/2351
f 2370/2219/2382 2371/2854/2381 2369/2217/2380
f 2341/2187/2351 2549/2221/2383 2372/2220/2384
f 2372/2220/2384 2339/2186/2349 2341/2187/2351
f 2373/2222/2385 2374/2223/2386 2372/2220/2384
f 2372/2220/2384 2374/2223/2386 2339/2186/2349
f 2358/2206/2368 2377/2224/2387 2359/2205/2369
f 2378/2225/2388 2358/2206/2368 2357/2201/2365
f 2357/2201/2365 2379/2226/2389 2378/2225/2388
f 2356/2202/2364 2381/2227/2390 2357/2201/2365
f 2354/2198/2361 2380/2228/2391 2356/2202/2364
f 2382/2229/2392 2380/2228/2391 2354/2198/2361
f 2376/2194/2357 2382/2229/2392 2354/2198/2361
f 2383/2230/2393 2376/2194/2357 2375/2855/2394
f 2382/2229/2392 2376/2194/2357 2383/2230/2393
f 2379/2226/2389 2384/2232/2395 2378/2225/2388
f 2385/2233/2396 2379/2226/2389 2381/2227/2390
f 2384/2232/2395 2379/2226/2389 2385/2233/2396
f 2387/2234/2397 2385/2233/2396 2386/2235/2398
f 2385/2233/2396 2387/2234/2397 2384/2232/2395
f 2386/2235/2398 2385/2233/2396 2388/2236/2399
f 2386/2235/2398 2388/2236/2399 2389/2237/2400
f 2390/2856/2401 2388/2236/2399 2381/2227/2390
f 2391/2239/2402 2380/2228/2391 2382/2229/2392
f 2381/2227/2390 2391/2239/2402 2390/2856/2401
f 2392/2240/2403 2391/2239/2402 2382/2229/2392
f 2383/2230/2393 2392/2240/2403 2382/2229/2392
f 2375/2855/2394 2393/2241/2404 2383/2230/2393
f 2392/2240/2403 2393/2241/2404 2394/2242/2405
f 2394/2242/2405 2393/2241/2404 2395/2243/2406
f 2396/2244/2407 2393/2241/2404 2375/2855/2394
f 2395/2243/2406 2396/2244/2407 2397/2857/2408
f 2396/2244/2407 2398/2246/2409 2397/2857/2408
f 2400/2858/2410 2396/2244/2407 2375/2855/2394
f 2396/2244/2407 2400/2858/2410 2398/2246/2409
f 2401/2859/2411 2400/2858/2410 2402/2249/2412
f 2401/2859/2411 2402/2249/2412 2676/2250/2413
f 2353/2195/2359 2402/2249/2412 2375/2855/2394
f 2403/2251/2414 2353/2195/2359 2352/2196/2358
f 2376/2194/2357 2353/2195/2359 2375/2855/2394
f 2392/2240/2403 2404/2252/2415 2391/2239/2402
f 2405/2253/2416 2404/2252/2415 2408/2254/2417
f 2389/2237/2400 2390/2856/2401 2405/2253/2416
f 2407/2255/2418 2405/2253/2416 2406/2256/2419
f 2405/2253/2416 2407/2255/2418 2389/2237/2400
f 2406/2256/2419 2408/2254/2417 2418/2257/2420
f 2395/2243/2406 2409/2258/2421 2394/2242/2405
f 2409/2258/2421 2395/2243/2406 2410/2259/2422
f 2410/2259/2422 2411/2260/2423 2409/2258/2421
f 2411/2260/2423 2410/2259/2422 2412/2261/2424
f 2412/2261/2424 2413/2262/2425 2411/2260/2423
f 2413/2262/2425 2414/2263/2426 2411/2260/2423
f 2415/2264/2427 2413/2262/2425 2412/2261/2424
f 2714/2265/2428 2413/2262/2425 2415/2264/2427
f 2417/2266/2429 2714/2265/2428 2416/2267/2430
f 2414/2263/2426 2417/2266/2429 2411/2260/2423
f 2417/2266/2429 2416/2267/2430 2406/2256/2419
f 2417/2266/2429 2418/2257/2420 2411/2260/2423
f 2406/2256/2419 2418/2257/2420 2417/2266/2429
f 2420/2268/2431 2373/2222/2385 2419/2269/2432
f 2373/2222/2385 2420/2268/2431 2374/2223/2386
f 2423/2270/2433 2424/2272/2434 2422/2271/2435
f 2420/2268/2431 2423/2270/2433 2339/2186/2349
f 2421/2273/2436 2423/2270/2433 2420/2268/2431
f 2423/2270/2433 2340/2188/2350 2339/2186/2349
f 2425/2274/2437 2423/2270/2433 2422/2271/2435
f 2426/2275/2438 2427/2277/2439 2428/2276/2440
f 2425/2274/2437 2426/2275/2438 2340/2188/2350
f 2422/2271/2435 2427/2277/2439 2425/2274/2437
f 2426/2275/2438 2350/2192/2355 2340/2188/2350
f 2426/2275/2438 2352/2196/2358 2350/2192/2355
f 2431/2278/2441 2433/2280/2442 2430/2279/2443
f 2429/2281/2444 2432/2282/2445 2433/2280/2442
f 2430/2279/2443 2435/2284/2446 2434/2283/2447
f 2434/2283/2447 2436/2860/2448 2437/2285/2449
f 2438/2287/2450 2436/2860/2448 2435/2284/2446
f 2437/2285/2449 2429/2289/2444 2431/2288/2441
f 2436/2860/2448 2432/2282/2445 2429/2289/2444
f 2432/2282/2445 2435/2284/2446 2433/2280/2442
f 2364/2290/2373 2440/2292/2451 2439/2291/2452
f 2439/2291/2452 2852/2293/2453 2364/2290/2373
f 2439/2291/2452 2443/2295/2454 2847/2294/2455
f 2443/2295/2454 2445/2297/2456 2444/2296/2457
f 2445/2297/2456 2443/2295/2454 2439/2291/2452
f 2448/2861/2458 2446/2299/2459 2444/2296/2457
f 2448/2861/2458 2444/2296/2457 2449/2300/2460
f 2444/2296/2457 2450/2301/2461 2449/2300/2460
f 2451/2302/2462 2452/2303/2463 2450/2301/2461
f 2446/2299/2459 2453/2304/2464 2444/2296/2457
f 2453/2304/2464 2446/2299/2459 2447/2305/2465
f 2454/2306/2466 2453/2304/2464 2447/2305/2465
f 2457/2307/2467 2458/2309/2468 2456/2308/2469
f 2460/2310/2470 2458/2309/2468 2457/2307/2467
f 2461/2311/2471 2458/2309/2468 2460/2310/2470
f 2461/2311/2471 2463/2313/2472 2459/2312/2473
f 2464/2314/2474 2461/2311/2471 2454/2306/2466
f 2462/2315/2475 2461/2311/2471 2464/2314/2474
f 2465/2316/2476 2464/2314/2474 2454/2306/2466
f 2466/2317/2477 2465/2316/2476 2454/2306/2466
f 2465/2316/2476 2466/2317/2477 2467/2318/2478
f 2454/2306/2466 2468/2319/2479 2466/2317/2477
f 2469/2320/2480 2454/2306/2466 2447/2305/2465
f 2469/2320/2480 2471/2322/2481 2470/2321/2482
f 2447/2305/2465 2471/2322/2481 2469/2320/2480
f 2472/2862/2483 2474/2325/2484 2503/2324/2485
f 2474/2325/2484 2472/2862/2483 2473/2326/2486
f 2474/2325/2484 2476/2327/2487 2503/2324/2485
f 2476/2327/2487 2477/2328/2488 2503/2324/2485
f 2456/2308/2469 2458/2309/2468 2459/2312/2473
f 2456/2308/2469 2479/2330/2489 2455/2329/2490
f 2459/2312/2473 2479/2330/2489 2456/2308/2469
f 2459/2312/2473 2480/2332/2491 2547/2331/2492
f 2480/2332/2491 2463/2313/2472 2462/2315/2475
f 2481/2333/2493 2468/2319/2479 2469/2320/2480
f 2468/2319/2479 2481/2333/2493 2483/2334/2494
f 2468/2319/2479 2484/2336/2495 2485/2335/2496
f 2485/2335/2496 2486/2337/2497 2467/2318/2478
f 2488/2338/2498 2486/2337/2497 2485/2335/2496
f 2487/2339/2499 2486/2337/2497 2488/2338/2498
f 2488/2338/2498 2484/2336/2495 2483/2334/2494
f 2483/2334/2494 2489/2340/2500 2488/2338/2498
f 2489/2340/2500 2481/2333/2493 2482/2341/2501
f 2492/2342/2502 2491/2344/2503 2494/2343/2504
f 2737/2345/2505 2494/2343/2504 2495/2346/2506
f 2492/2342/2502 2494/2343/2504 2737/2345/2505
f 2497/2347/2507 2494/2343/2504 2496/2348/2508
f 2494/2343/2504 2497/2347/2507 2495/2346/2506
f 2500/2349/2509 2496/2348/2508 2499/2350/2510
f 2496/2348/2508 2500/2349/2509 2497/2347/2507
f 2478/2351/2511 2500/2349/2509 2501/2352/2512
f 2501/2352/2512 2477/2328/2488 2478/2351/2511
f 2502/2353/2513 2501/2352/2512 2515/2354/2514
f 2477/2328/2488 2501/2352/2512 2502/2353/2513
f 2503/2324/2485 2502/2353/2513 2506/2355/2515
f 2505/2356/2516 2506/2355/2515 2504/2357/2517
f 2504/2357/2517 2507/2358/2518 2505/2356/2516
f 2470/2321/2482 2507/2358/2518 2508/2359/2519
f 2470/2321/2482 2508/2359/2519 2469/2320/2480
f 2508/2359/2519 2481/2333/2493 2469/2320/2480
f 2509/2360/2520 2499/2350/2510 2491/2344/2503
f 2490/2361/2521 2511/2363/2522 2512/2362/2523
f 2512/2362/2523 2509/2360/2520 2490/2361/2521
f 2512/2362/2523 2499/2350/2510 2509/2360/2520
f 2513/2863/2524 2515/2354/2514 2499/2350/2510
f 2514/2365/2525 2515/2354/2514 2513/2863/2524
f 2516/2366/2526 2515/2354/2514 2514/2365/2525
f 2518/2367/2527 2506/2355/2515 2515/2354/2514
f 2518/2367/2527 2516/2366/2526 2517/2864/2528
f 2504/2357/2517 2518/2367/2527 2517/2864/2528
f 2521/2369/2529 2519/2370/2530 2504/2357/2517
f 2523/2371/2531 2521/2369/2529 2520/2372/2532
f 2519/2370/2530 2521/2369/2529 2523/2371/2531
f 2523/2371/2531 2482/2341/2501 2519/2370/2530
f 2527/2373/2533 2526/2375/2534 2522/2374/2535
f 2524/2376/2536 2527/2373/2533 2528/2377/2537
f 2527/2373/2533 2522/2374/2535 2520/2372/2532
f 2529/2865/2538 2527/2373/2533 2520/2372/2532
f 2523/2371/2531 2489/2340/2500 2482/2341/2501
f 2526/2375/2534 2530/2379/2539 2523/2371/2531
f 2530/2379/2539 2524/2376/2536 2525/2380/2540
f 2530/2379/2539 2487/2339/2499 2489/2340/2500
f 2525/2380/2540 2487/2339/2499 2530/2379/2539
f 2486/2381/2497 2525/2380/2540 2467/2382/2478
f 2487/2383/2499 2525/2380/2540 2486/2381/2497
f 2467/2382/2478 2531/2385/2541 2465/2384/2476
f 2528/2377/2537 2467/2382/2478 2524/2376/2536
f 2462/2386/2475 2531/2385/2541 2532/2387/2542
f 2529/2865/2538 2531/2385/2541 2528/2377/2537
f 2533/2388/2543 2531/2385/2541 2529/2865/2538
f 2529/2865/2538 2534/2866/2544 2533/2388/2543
f 2535/2867/2545 2536/2392/2546 2537/2391/2547
f 2537/2391/2547 2538/2394/2548 2804/2393/2549
f 2803/2395/2550 2538/2394/2548 2802/2396/2551
f 2538/2394/2548 2540/2398/2552 2539/2397/2553
f 2536/2392/2546 2540/2398/2552 2538/2394/2548
f 2539/2397/2553 2541/2400/2554 2452/2399/2463
f 2452/2399/2463 2541/2400/2554 2450/2401/2461
f 2537/2391/2547 2441/2403/2555 2442/2402/2556
f 2542/2404/2557 2537/2391/2547 2442/2402/2556
f 2542/2404/2557 2419/2405/2432 2535/2867/2545
f 2419/2405/2432 2542/2404/2557 2702/2406/2558
f 2419/2405/2432 2543/2407/2559 2535/2867/2545
f 2543/2407/2559 2544/2408/2560 2533/2388/2543
f 2544/2408/2560 2543/2407/2559 2373/2409/2385
f 2544/2408/2560 2545/2410/2561 2532/2387/2542
f 2479/2411/2489 2546/2413/2562 2455/2412/2490
f 2462/2386/2475 2464/2414/2474 2465/2384/2476
f 2548/2415/2563 2370/2416/2382 2455/2412/2490
f 2544/2408/2560 2548/2415/2563 2546/2413/2562
f 2544/2408/2560 2549/2418/2383 2371/2417/2381
f 2373/2409/2385 2549/2418/2383 2544/2408/2560
f 2540/2398/2552 2541/2400/2554 2539/2397/2553
f 2540/2398/2552 2550/2419/2564 2541/2400/2554
f 2450/2401/2461 2550/2419/2564 2449/2420/2460
f 2552/2421/2565 2550/2419/2564 2540/2398/2552
f 2551/2422/2566 2553/2423/2567 2449/2420/2460
f 2553/2423/2567 2551/2422/2566 2552/2421/2565
f 2554/2424/2568 2553/2423/2567 2552/2421/2565
f 2556/2425/2569 2554/2424/2568 2555/2426/2570
f 2558/2427/2571 2557/2428/2572 2555/2426/2570
f 2555/2426/2570 2560/2429/2573 2558/2427/2571
f 2561/2430/2574 2560/2429/2573 2559/2431/2575
f 2561/2430/2574 2559/2431/2575 2563/2432/2576
f 2562/2433/2577 2563/2432/2576 2600/2434/2578
f 2565/2435/2579 2563/2432/2576 2559/2431/2575
f 2600/2434/2578 2565/2435/2579 2564/2436/2580
f 2552/2421/2565 2565/2435/2579 2554/2424/2568
f 2567/2437/2581 2564/2436/2580 2552/2421/2565
f 2553/2423/2567 2568/2438/2582 2449/2420/2460
f 2567/2437/2581 2584/2440/2583 2569/2439/2584
f 2584/2440/2583 2567/2437/2581 2552/2421/2565
f 2571/2441/2585 2569/2439/2584 2570/2442/2586
f 2569/2439/2584 2572/2443/2587 2567/2437/2581
f 2567/2437/2581 2572/2443/2587 2573/2444/2588
f 2572/2443/2587 2575/2445/2589 2573/2444/2588
f 2571/2441/2585 2575/2445/2589 2572/2443/2587
f 2577/2446/2590 2573/2444/2588 2583/2447/2591
f 2578/2448/2592 2513/2863/2524 2512/2362/2523
f 2513/2863/2524 2578/2448/2592 2579/2449/2593
f 2581/2450/2594 2514/2365/2525 2513/2863/2524
f 2582/2451/2595 2581/2450/2594 2580/2452/2596
f 2514/2365/2525 2581/2450/2594 2582/2451/2595
f 2514/2365/2525 2583/2447/2591 2516/2366/2526
f 2583/2447/2591 2582/2451/2595 2577/2446/2590
f 2583/2447/2591 2573/2444/2588 2516/2366/2526
f 2521/2369/2529 2517/2864/2528 2575/2445/2589
f 2520/2372/2532 2521/2369/2529 2575/2445/2589
f 2574/2453/2597 2520/2372/2532 2575/2445/2589
f 2574/2453/2597 2529/2865/2538 2520/2372/2532
f 2574/2453/2597 2571/2441/2585 2534/2866/2544
f 2571/2441/2585 2574/2453/2597 2575/2445/2589
f 2571/2441/2585 2570/2442/2586 2536/2392/2546
f 2536/2392/2546 2584/2440/2583 2540/2398/2552
f 2540/2398/2552 2584/2440/2583 2552/2421/2565
f 2576/2454/2598 2566/2455/2599 2573/2444/2588
f 2566/2455/2599 2587/2457/2600 2585/2456/2601
f 2576/2454/2598 2587/2457/2600 2566/2455/2599
f 2588/2458/2602 2586/2459/2603 2576/2454/2598
f 2591/2460/2604 2588/2458/2602 2589/2461/2605
f 2588/2458/2602 2590/2462/2606 2586/2459/2603
f 2475/2463/2607 2592/2868/2608 2591/2460/2604
f 2580/2452/2596 2592/2868/2608 2577/2446/2590
f 2592/2868/2608 2593/2465/2609 2577/2446/2590
f 2475/2463/2607 2593/2465/2609 2592/2868/2608
f 2473/2466/2486 2593/2465/2609 2475/2463/2607
f 2593/2465/2609 2595/2467/2610 2577/2446/2590
f 2577/2446/2590 2595/2467/2610 2576/2454/2598
f 2595/2467/2610 2588/2458/2602 2576/2454/2598
f 2590/2462/2606 2580/2452/2596 2597/2468/2611
f 2586/2459/2603 2590/2462/2606 2597/2468/2611
f 2597/2468/2611 2587/2457/2600 2586/2459/2603
f 2596/2469/2612 2587/2457/2600 2598/2470/2613
f 2599/2471/2614 2596/2469/2612 2613/2472/2615
f 2613/2472/2615 2596/2469/2612 2598/2470/2613
f 2596/2469/2612 2600/2434/2578 2601/2473/2616
f 2609/2474/2617 2601/2473/2616 2602/2475/2618
f 2604/2476/2619 2601/2473/2616 2564/2436/2580
f 2603/2477/2620 2601/2473/2616 2604/2476/2619
f 2566/2455/2599 2604/2476/2619 2564/2436/2580
f 2605/2478/2621 2604/2476/2619 2566/2455/2599
f 2608/2479/2622 2605/2478/2621 2566/2455/2599
f 2607/2480/2623 2605/2478/2621 2608/2479/2622
f 2605/2478/2621 2607/2480/2623 2606/2481/2624
f 2608/2479/2622 2609/2474/2617 2820/2482/2625
f 2596/2469/2612 2608/2479/2622 2585/2456/2601
f 2820/2482/2625 2609/2474/2617 2602/2475/2618
f 2612/2483/2626 2610/2485/2627 2611/2484/2628
f 2610/2485/2627 2597/2468/2611 2611/2484/2628
f 2613/2472/2615 2598/2470/2613 2610/2485/2627
f 2613/2472/2615 2621/2869/2629 2599/2471/2614
f 2578/2448/2592 2597/2468/2611 2579/2449/2593
f 2611/2484/2628 2578/2448/2592 2614/2487/2630
f 2612/2483/2626 2611/2484/2628 2637/2488/2631
f 2616/2489/2632 2612/2483/2626 2637/2488/2631
f 2615/2490/2633 2610/2485/2627 2612/2483/2626
f 2610/2485/2627 2618/2491/2634 2613/2472/2615
f 2620/2492/2635 2621/2869/2629 2619/2493/2636
f 2623/2494/2637 2622/2495/2638 2620/2492/2635
f 2624/2496/2639 2623/2494/2637 2561/2430/2574
f 2599/2471/2614 2622/2495/2638 2624/2496/2639
f 2624/2496/2639 2562/2433/2577 2599/2471/2614
f 2562/2433/2577 2624/2496/2639 2563/2432/2576
f 2630/2497/2640 2626/2499/2641 2625/2498/2642
f 2630/2497/2640 2631/2501/2643 2627/2500/2644
f 2632/2870/2645 2630/2497/2640 2629/2503/2646
f 2633/2504/2647 2836/2506/2648 2634/2505/2649
f 2631/2501/2643 2632/2870/2645 2633/2504/2647
f 2635/2507/2650 2633/2504/2647 2636/2508/2651
f 2631/2501/2643 2633/2504/2647 2642/2509/2652
f 2636/2508/2651 2633/2504/2647 2634/2505/2649
f 2616/2489/2632 2636/2508/2651 2615/2490/2633
f 2636/2508/2651 2616/2489/2632 2635/2507/2650
f 2637/2488/2631 2635/2507/2650 2616/2489/2632
f 2637/2488/2631 2638/2510/2653 2635/2507/2650
f 2640/2511/2654 2638/2510/2653 2637/2488/2631
f 2639/2512/2655 2510/2513/2656 2638/2510/2653
f 2493/2514/2657 2640/2511/2654 2511/2363/2522
f 2510/2513/2656 2640/2511/2654 2493/2514/2657
f 2511/2363/2522 2640/2511/2654 2614/2487/2630
f 2578/2448/2592 2511/2363/2522 2614/2487/2630
f 2635/2507/2650 2638/2510/2653 2641/2515/2658
f 2641/2515/2658 2642/2509/2652 2635/2507/2650
f 2627/2500/2644 2642/2509/2652 2641/2515/2658
f 2644/2516/2659 2647/2518/2660 2643/2517/2661
f 2644/2516/2659 2646/2519/2662 2647/2518/2660
f 2643/2517/2661 2647/2518/2660 2712/2520/2663
f 2712/2520/2663 2649/2522/2664 2650/2521/2665
f 2650/2521/2665 2651/2524/2666 2644/2523/2659
f 2649/2522/2664 2646/2525/2662 2651/2524/2666
f 2648/2526/2667 2645/2527/2668 2649/2522/2664
f 2646/2519/2662 2648/2526/2667 2647/2518/2660
f 2653/2528/2669 2654/2530/2670 2655/2529/2671
f 2652/2531/2672 2654/2530/2670 2653/2528/2669
f 2653/2528/2669 2657/2533/2673 2656/2532/2674
f 2656/2532/2674 2657/2533/2673 2658/2534/2675
f 2657/2533/2673 2659/2535/2676 2658/2534/2675
f 2655/2529/2671 2659/2536/2676 2657/2533/2673
f 2658/2537/2675 2654/2530/2670 2660/2538/2677
f 2663/2539/2678 2666/2541/2679 2662/2540/2680
f 2661/2542/2681 2665/2543/2682 2666/2541/2679
f 2662/2540/2680 2668/2545/2683 2667/2544/2684
f 2667/2544/2684 2669/2547/2685 2670/2546/2686
f 2670/2546/2686 2661/2549/2681 2663/2548/2678
f 2669/2547/2685 2664/2550/2687 2661/2549/2681
f 2668/2545/2683 2665/2543/2682 2669/2547/2685
f 2665/2543/2682 2668/2545/2683 2666/2541/2679
f 2671/2551/2688 2663/2553/2678 2662/2552/2680
f 2671/2551/2688 2673/2554/2689 2663/2553/2678
f 2673/2554/2689 2671/2551/2688 2679/2555/2690
f 2670/2556/2686 2673/2554/2689 2672/2557/2691
f 2662/2552/2680 2667/2559/2684 2430/2558/2443
f 2667/2559/2684 2431/2560/2441 2430/2558/2443
f 2667/2559/2684 2437/2561/2449 2431/2560/2441
f 2674/2562/2692 2399/2564/2693 2652/2563/2672
f 2643/2565/2661 2399/2564/2693 2674/2562/2692
f 2401/2566/2411 2675/2567/2694 2399/2564/2693
f 2652/2563/2672 2675/2567/2694 2430/2558/2443
f 2675/2567/2694 2676/2568/2413 2430/2558/2443
f 2430/2558/2443 2677/2569/2695 2662/2552/2680
f 2403/2570/2414 2677/2569/2695 2676/2568/2413
f 2352/2571/2358 2677/2569/2695 2403/2570/2414
f 2677/2569/2695 2678/2572/2696 2662/2552/2680
f 2352/2571/2358 2678/2572/2696 2677/2569/2695
f 2678/2572/2696 2671/2551/2688 2662/2552/2680
f 2679/2555/2690 2678/2572/2696 2428/2573/2440
f 2683/2574/2697 2680/2576/2698 2681/2575/2699
f 2682/2871/2700 2683/2574/2697 2686/2872/2701
f 2686/2872/2701 2684/2579/2702 2685/2578/2703
f 2685/2578/2703 2687/2580/2704 2686/2872/2701
f 2682/2871/2700 2687/2580/2704 2688/2581/2705
f 2688/2581/2705 2687/2580/2704 2690/2582/2706
f 2690/2582/2706 2692/2584/2707 2691/2583/2708
f 2692/2584/2707 2693/2585/2709 2691/2583/2708
f 2693/2585/2709 2705/2587/2710 2694/2586/2711
f 2693/2585/2709 2696/2588/2712 2691/2583/2708
f 2694/2586/2711 2695/2589/2713 2693/2585/2709
f 2697/2590/2714 2695/2589/2713 2681/2575/2699
f 2695/2589/2713 2698/2591/2715 2681/2575/2699
f 2681/2575/2699 2684/2579/2702 2683/2574/2697
f 2682/2871/2700 2680/2576/2698 2683/2574/2697
f 2699/2592/2716 2680/2576/2698 2682/2871/2700
f 2688/2581/2705 2699/2592/2716 2682/2871/2700
f 2699/2592/2716 2377/2594/2387 2378/2593/2388
f 2700/2595/2717 2699/2592/2716 2688/2581/2705
f 2701/2596/2718 2690/2582/2706 2691/2583/2708
f 2700/2595/2717 2701/2596/2718 2359/2597/2369
f 2688/2581/2705 2690/2582/2706 2700/2595/2717
f 2701/2596/2718 2361/2598/2372 2359/2597/2369
f 2440/2599/2451 2701/2596/2718 2691/2583/2708
f 2363/2600/2374 2701/2596/2718 2440/2599/2451
f 2691/2583/2708 2702/2602/2558 2442/2601/2556
f 2421/2603/2436 2702/2602/2558 2691/2583/2708
f 2691/2583/2708 2696/2588/2712 2421/2603/2436
f 2421/2603/2436 2703/2605/2719 2424/2604/2434
f 2703/2605/2719 2696/2588/2712 2697/2590/2714
f 2424/2604/2434 2703/2605/2719 2422/2606/2435
f 2703/2605/2719 2704/2607/2720 2422/2606/2435
f 2704/2607/2720 2427/2608/2439 2422/2606/2435
f 2679/2555/2690 2704/2607/2720 2681/2575/2699
f 2428/2573/2440 2704/2607/2720 2679/2555/2690
f 2708/2609/2721 2705/2587/2710 2692/2584/2707
f 2694/2586/2711 2705/2587/2710 2706/2610/2722
f 2694/2586/2711 2706/2610/2722 2698/2591/2715
f 2707/2611/2723 2684/2579/2702 2698/2591/2715
f 2684/2579/2702 2707/2611/2723 2685/2578/2703
f 2337/2612/2345 2687/2580/2704 2685/2578/2703
f 2689/2613/2347 2687/2580/2704 2337/2612/2345
f 2689/2613/2347 2708/2609/2721 2692/2584/2707
f 2699/2592/2716 2709/2614/2724 2672/2557/2691
f 2378/2593/2388 2709/2614/2724 2699/2592/2716
f 2709/2614/2724 2670/2556/2686 2672/2557/2691
f 2710/2615/2725 2709/2614/2724 2384/2616/2395
f 2670/2556/2686 2709/2614/2724 2710/2615/2725
f 2710/2615/2725 2387/2618/2397 2386/2617/2398
f 2710/2615/2725 2437/2561/2449 2670/2556/2686
f 2437/2561/2449 2710/2615/2725 2711/2619/2726
f 2711/2619/2726 2386/2617/2398 2389/2620/2400
f 2656/2621/2674 2711/2619/2726 2389/2620/2400
f 2656/2621/2674 2389/2620/2400 2650/2622/2665
f 2407/2623/2418 2712/2624/2663 2650/2622/2665
f 2713/2625/2727 2407/2623/2418 2406/2626/2419
f 2712/2624/2663 2407/2623/2418 2713/2625/2727
f 2416/2627/2430 2714/2628/2428 2713/2625/2727
f 2713/2625/2727 2714/2628/2428 2712/2624/2663
f 2714/2628/2428 2715/2629/2728 2712/2624/2663
f 2397/2630/2408 2715/2629/2728 2412/2631/2424
f 2715/2629/2728 2716/2632/2729 2712/2624/2663
f 2712/2624/2663 2716/2632/2729 2643/2565/2661
f 2398/2633/2409 2716/2632/2729 2397/2630/2408
f 2674/2562/2692 2644/2634/2659 2643/2565/2661
f 2674/2562/2692 2653/2635/2669 2644/2634/2659
f 2653/2635/2669 2674/2562/2692 2652/2563/2672
f 2650/2622/2665 2653/2635/2669 2656/2621/2674
f 2430/2558/2443 2660/2636/2677 2652/2563/2672
f 2658/2637/2675 2660/2636/2677 2434/2638/2447
f 2658/2637/2675 2434/2638/2447 2656/2621/2674
f 2434/2638/2447 2437/2561/2449 2656/2621/2674
f 2680/2639/2698 2718/2641/2730 2679/2640/2690
f 2718/2641/2730 2720/2643/2731 2719/2642/2732
f 2673/2644/2689 2718/2641/2730 2721/2645/2733
f 2679/2640/2690 2718/2641/2730 2673/2644/2689
f 2673/2644/2689 2722/2647/2734 2672/2646/2691
f 2672/2646/2691 2717/2649/2735 2680/2648/2698
f 2722/2647/2734 2720/2650/2731 2717/2649/2735
f 2719/2642/2732 2721/2645/2733 2718/2641/2730
f 2725/2651/2736 2724/2653/2737 2723/2652/2738
f 2618/2654/2634 2724/2653/2737 2725/2651/2736
f 2725/2651/2736 2726/2655/2739 2618/2654/2634
f 2730/2656/2740 2728/2658/2741 2729/2657/2742
f 2732/2659/2743 2729/2657/2742 2731/2660/2744
f 2734/2661/2745 2733/2663/2746 2735/2662/2747
f 2733/2663/2746 2732/2659/2743 2735/2662/2747
f 2735/2662/2747 2732/2659/2743 2731/2660/2744
f 2737/2664/2505 2738/2666/2748 2736/2665/2749
f 2738/2666/2748 2731/2660/2744 2729/2657/2742
f 2739/2667/2750 2738/2666/2748 2729/2657/2742
f 2736/2665/2749 2741/2669/2751 2492/2668/2502
f 2493/2670/2657 2741/2669/2751 2740/2671/2752
f 2492/2668/2502 2741/2669/2751 2493/2670/2657
f 2493/2670/2657 2740/2671/2752 2510/2672/2656
f 2742/2673/2753 2744/2675/2754 2745/2674/2755
f 2746/2676/2756 2744/2675/2754 2743/2677/2757
f 2745/2674/2755 2744/2675/2754 2747/2678/2758
f 2748/2679/2759 2744/2675/2754 2746/2676/2756
f 2747/2678/2758 2748/2679/2759 2749/2680/2760
f 2749/2680/2760 2751/2681/2761 2747/2678/2758
f 2727/2682/2762 2751/2681/2761 2749/2680/2760
f 2749/2680/2760 2728/2658/2741 2727/2682/2762
f 2739/2667/2750 2752/2684/2763 2753/2683/2764
f 2729/2657/2742 2752/2684/2763 2739/2667/2750
f 2739/2667/2750 2753/2683/2764 2736/2665/2749
f 2754/2685/2765 2741/2669/2751 2736/2665/2749
f 2756/2686/2766 2740/2671/2752 2755/2687/2767
f 2740/2671/2752 2756/2686/2766 2763/2688/2768
f 2641/2689/2658 2510/2672/2656 2763/2688/2768
f 2757/2690/2769 2641/2689/2658 2763/2688/2768
f 2641/2689/2658 2757/2690/2769 2627/2691/2644
f 2760/2692/2770 2755/2687/2767 2759/2693/2771
f 2761/2694/2772 2756/2686/2766 2760/2692/2770
f 2763/2688/2768 2761/2694/2772 2762/2695/2773
f 2756/2686/2766 2761/2694/2772 2763/2688/2768
f 2762/2695/2773 2757/2690/2769 2763/2688/2768
f 2757/2690/2769 2766/2697/2774 2765/2696/2775
f 2776/2698/2776 2766/2697/2774 2762/2695/2773
f 2762/2695/2773 2766/2697/2774 2757/2690/2769
f 2767/2699/2777 2761/2694/2772 2768/2700/2778
f 2769/2701/2779 2761/2694/2772 2760/2692/2770
f 2768/2700/2778 2769/2701/2779 2770/2702/2780
f 2759/2693/2771 2769/2701/2779 2760/2692/2770
f 2769/2701/2779 2759/2693/2771 2758/2703/2781
f 2758/2703/2781 2771/2704/2782 2769/2701/2779
f 2773/2873/2783 2772/2706/2784 2758/2703/2781
f 2746/2676/2756 2772/2706/2784 2773/2873/2783
f 2773/2873/2783 2774/2707/2785 2746/2676/2756
f 2748/2679/2759 2752/2684/2763 2749/2680/2760
f 2749/2680/2760 2752/2684/2763 2728/2658/2741
f 2773/2873/2783 2753/2683/2764 2774/2707/2785
f 2773/2873/2783 2754/2685/2765 2753/2683/2764
f 2758/2703/2781 2754/2685/2765 2773/2873/2783
f 2765/2696/2775 2626/2708/2641 2627/2691/2644
f 2764/2709/2786 2626/2708/2641 2765/2696/2775
f 2626/2708/2641 2764/2709/2786 2628/2710/2787
f 2733/2711/2746 2775/2712/2788 2764/2709/2786
f 2764/2709/2786 2776/2698/2776 2732/2713/2743
f 2776/2698/2776 2730/2714/2740 2732/2713/2743
f 2767/2699/2777 2777/2715/2789 2762/2695/2773
f 2776/2698/2776 2777/2715/2789 2788/2716/2790
f 2777/2715/2789 2778/2874/2791 2788/2716/2790
f 2768/2700/2778 2777/2715/2789 2767/2699/2777
f 2788/2716/2790 2778/2874/2791 2779/2718/2792
f 2778/2874/2791 2780/2875/2793 2779/2718/2792
f 2770/2702/2780 2780/2875/2793 2768/2700/2778
f 2781/2720/2794 2780/2875/2793 2770/2702/2780
f 2783/2721/2795 2770/2702/2780 2769/2701/2779
f 2782/2722/2796 2783/2721/2795 2784/2723/2797
f 2771/2704/2782 2783/2721/2795 2769/2701/2779
f 2784/2723/2797 2771/2704/2782 2772/2706/2784
f 2785/2724/2798 2786/2725/2799 2742/2673/2753
f 2772/2706/2784 2786/2725/2799 2784/2723/2797
f 2746/2676/2756 2743/2677/2757 2772/2706/2784
f 2786/2725/2799 2743/2677/2757 2742/2673/2753
f 2734/2726/2745 2628/2710/2787 2775/2712/2788
f 2776/2698/2776 2788/2716/2790 2730/2714/2740
f 2727/2727/2762 2788/2716/2790 2789/2728/2800
f 2788/2716/2790 2727/2727/2762 2730/2714/2740
f 2779/2718/2792 2789/2728/2800 2788/2716/2790
f 2789/2728/2800 2750/2729/2801 2727/2727/2762
f 2790/2730/2802 2789/2728/2800 2779/2718/2792
f 2790/2730/2802 2780/2875/2793 2781/2720/2794
f 2792/2731/2803 2793/2733/2804 2791/2732/2805
f 2790/2730/2802 2792/2731/2803 2750/2729/2801
f 2781/2720/2794 2793/2733/2804 2790/2730/2802
f 2794/2734/2806 2795/2736/2807 2796/2735/2808
f 2796/2735/2808 2793/2733/2804 2781/2720/2794
f 2782/2722/2796 2796/2735/2808 2781/2720/2794
f 2784/2723/2797 2796/2735/2808 2782/2722/2796
f 2784/2723/2797 2785/2724/2798 2794/2734/2806
f 2797/2737/2809 2452/2739/2463 2798/2738/2810
f 2539/2740/2553 2452/2739/2463 2797/2737/2809
f 2799/2741/2811 2800/2743/2812 2813/2742/2346
f 2801/2744/2813 2800/2743/2812 2799/2741/2811
f 2805/2745/2814 2800/2743/2812 2801/2744/2813
f 2798/2738/2810 2802/2746/2551 2797/2737/2809
f 2805/2745/2814 2801/2744/2813 2798/2738/2810
f 2811/2747/2815 2802/2746/2551 2801/2744/2813
f 2803/2748/2550 2802/2746/2551 2811/2747/2815
f 2807/2749/2816 2805/2751/2814 2806/2750/2817
f 2445/2752/2456 2806/2750/2817 2451/2753/2462
f 2809/2754/2818 2807/2749/2816 2445/2752/2456
f 2808/2755/2819 2807/2749/2816 2809/2754/2818
f 2809/2754/2818 2810/2756/2820 2808/2755/2819
f 2441/2757/2555 2809/2754/2818 2439/2758/2452
f 2537/2759/2547 2809/2754/2818 2441/2757/2555
f 2804/2760/2549 2810/2756/2820 2537/2759/2547
f 2803/2748/2550 2810/2756/2820 2804/2760/2549
f 2808/2755/2819 2811/2747/2815 2817/2761/2821
f 2803/2748/2550 2811/2747/2815 2810/2756/2820
f 2801/2744/2813 2812/2762/2822 2811/2747/2815
f 2799/2741/2811 2812/2762/2822 2801/2744/2813
f 2813/2742/2346 2707/2763/2723 2799/2741/2811
f 2337/2764/2345 2707/2763/2723 2813/2742/2346
f 2815/2765/2823 2814/2767/2824 2706/2766/2722
f 2705/2768/2710 2815/2765/2823 2706/2766/2722
f 2819/2769/2825 2815/2765/2823 2705/2768/2710
f 2705/2768/2710 2708/2770/2721 2819/2769/2825
f 2799/2741/2811 2814/2767/2824 2812/2762/2822
f 2816/2771/2826 2817/2761/2821 2815/2765/2823
f 2808/2755/2819 2818/2772/2827 2807/2749/2816
f 2816/2771/2826 2818/2772/2827 2808/2755/2819
f 2818/2772/2827 2800/2773/2812 2805/2751/2814
f 2338/2185/2348 2336/2181/2344 2818/2772/2827
f 2708/2770/2721 2338/2185/2348 2819/2769/2825
f 2689/2184/2347 2338/2185/2348 2708/2770/2721
f 2556/2774/2569 2557/2776/2572 2568/2775/2582
f 2568/2775/2582 2557/2776/2572 2449/2300/2460
f 2822/2777/2828 2558/2779/2571 2603/2778/2620
f 2449/2300/2460 2557/2776/2572 2822/2777/2828
f 2606/2780/2624 2822/2777/2828 2603/2778/2620
f 2449/2300/2460 2606/2780/2624 2448/2861/2458
f 2606/2780/2624 2823/2781/2829 2448/2861/2458
f 2825/2782/2830 2823/2781/2829 2824/2876/2831
f 2448/2861/2458 2823/2781/2829 2447/2305/2465
f 2823/2781/2829 2471/2322/2481 2447/2305/2465
f 2825/2782/2830 2473/2326/2486 2471/2322/2481
f 2473/2326/2486 2826/2877/2832 2594/2784/2833
f 2825/2782/2830 2824/2876/2831 2826/2877/2832
f 2820/2786/2625 2824/2876/2831 2607/2787/2623
f 2827/2788/2834 2824/2876/2831 2820/2786/2625
f 2827/2788/2834 2820/2786/2625 2821/2789/2835
f 2827/2788/2834 2828/2791/2836 2589/2790/2605
f 2821/2789/2835 2829/2793/2837 2834/2792/2838
f 2834/2792/2838 2829/2793/2837 2832/2794/2839
f 2833/2795/2840 2831/2797/2841 2830/2796/2842
f 2589/2790/2605 2828/2791/2836 2591/2798/2604
f 2591/2798/2604 2828/2791/2836 2475/2799/2607
f 2498/2800/2843 2478/2351/2511 2828/2791/2836
f 2821/2789/2835 2498/2800/2843 2828/2791/2836
f 2498/2800/2843 2834/2792/2838 2495/2346/2506
f 2835/2801/2844 2833/2795/2840 2836/2802/2648
f 2836/2802/2648 2833/2795/2840 2837/2803/2845
f 2726/2655/2739 2833/2795/2840 2838/2804/2846
f 2830/2796/2842 2838/2804/2846 2833/2795/2840
f 2830/2796/2842 2726/2655/2739 2838/2804/2846
f 2618/2654/2634 2726/2655/2739 2830/2796/2842
f 2619/2805/2636 2830/2796/2842 2620/2806/2635
f 2618/2654/2634 2830/2796/2842 2619/2805/2636
f 2620/2806/2635 2829/2793/2837 2821/2789/2835
f 2820/2786/2625 2623/2807/2637 2821/2789/2835
f 2839/2808/2847 2820/2786/2625 2602/2809/2618
f 2839/2808/2847 2602/2809/2618 2603/2778/2620
f 2495/2346/2506 2787/2811/2848 2735/2810/2747
f 2832/2794/2839 2787/2811/2848 2495/2346/2506
f 2787/2811/2848 2734/2812/2745 2735/2810/2747
f 2841/2813/2849 2840/2815/2850 2858/2814/2851
f 2725/2651/2736 2841/2813/2849 2726/2655/2739
f 2617/2816/2852 2841/2813/2849 2858/2814/2851
f 2617/2816/2852 2842/2817/2853 2841/2813/2849
f 2842/2817/2853 2837/2803/2845 2726/2655/2739
f 2837/2803/2845 2842/2817/2853 2634/2878/2649
f 2836/2802/2648 2837/2803/2845 2634/2878/2649
f 2835/2801/2844 2836/2802/2648 2629/2819/2646
f 2625/2820/2642 2835/2801/2844 2629/2819/2646
f 2835/2801/2844 2625/2820/2642 2787/2811/2848
f 2625/2820/2642 2628/2821/2787 2787/2811/2848
f 2843/2822/2854 2844/2824/2855 2845/2823/2856
f 2847/2294/2455 2845/2823/2856 2846/2825/2857
f 2851/2826/2858 2845/2823/2856 2850/2879/2859
f 2851/2826/2858 2843/2822/2854 2845/2823/2856
f 2460/2310/2470 2851/2826/2858 2461/2311/2471
f 2843/2822/2854 2460/2310/2470 2844/2824/2855
f 2368/2828/2377 2460/2310/2470 2457/2307/2467
f 2366/2829/2376 2460/2310/2470 2368/2828/2377
f 2844/2824/2855 2852/2293/2453 2846/2825/2857
f 2364/2290/2373 2844/2824/2855 2366/2829/2376
f 2846/2825/2857 2852/2293/2453 2847/2294/2455
f 2853/2830/2860 2443/2295/2454 2444/2296/2457
f 2853/2830/2860 2849/2832/2861 2848/2831/2862
f 2453/2304/2464 2853/2830/2860 2444/2296/2457
f 2850/2879/2859 2454/2306/2466 2854/2833/2863
f 2454/2306/2466 2849/2832/2861 2453/2304/2464
f 2850/2879/2859 2854/2833/2863 2851/2826/2858
f 2461/2311/2471 2854/2833/2863 2454/2306/2466
f 2367/2834/2378 2368/2828/2377 2457/2307/2467
f 2457/2307/2467 2370/2835/2382 2367/2834/2378
f 2456/2308/2469 2370/2835/2382 2457/2307/2467
f 2370/2835/2382 2456/2308/2469 2455/2329/2490
f 2603/2778/2620 2623/2807/2637 2839/2808/2847
f 2561/2836/2574 2558/2779/2571 2855/2837/2864
f 2603/2778/2620 2558/2779/2571 2623/2807/2637
f 2560/2838/2573 2855/2837/2864 2558/2779/2571
f 2751/2681/2761 2856/2839/2865 2747/2678/2758
f 2750/2840/2801 2856/2839/2865 2751/2681/2761
f 2791/2841/2805 2856/2839/2865 2792/2842/2803
f 2857/2843/2866 2856/2839/2865 2791/2841/2805
f 2742/2844/2753 2745/2845/2755 2857/2843/2866
f 2857/2843/2866 2785/2846/2798 2742/2844/2753
f 2794/2847/2806 2857/2843/2866 2795/2848/2807
f 2724/2849/2737 2858/2851/2851 2840/2850/2850
f 2617/2852/2852 2858/2851/2851 2618/2491/2634
f 1819/2187/1828 1820/2190/1831 1818/2188/1829
f 1824/2189/1830 1822/2191/1832 1821/2207/1848
f 1829/2216/1857 1822/2191/1832 1820/2190/1831
f 1824/2189/1830 1821/2207/1848 1823/2203/1844
f 1823/2203/1844 1825/2200/1841 1824/2189/1830
f 1826/2193/1834 1824/2189/1830 1825/2200/1841
f 1825/2200/1841 1827/2199/1840 1826/2193/1834
f 1828/2192/1833 1826/2193/1834 1827/2199/1840
f 1819/2187/1828 1829/2216/1857 1820/2190/1831
f 1854/2194/1835 1830/2196/1837 1828/2192/1833
f 1825/2200/1841 1833/2197/1838 1827/2199/1840
f 1825/2200/1841 1834/2202/1843 1832/2198/1839
f 1823/2203/1844 1836/2206/1847 1835/2201/1842
f 1838/2204/1845 1840/2208/1849 1839/2209/1850
f 1841/2211/1852 1839/2209/1850 1840/2208/1849
f 1842/2210/1851 1840/2208/1849 1843/2212/1853
f 1822/2191/1832 1846/2215/1856 1843/2212/1853
f 1844/2213/1854 1843/2212/1853 1846/2215/1856
f 1829/2216/1857 1847/2217/1858 1845/2214/1855
f 1848/2219/1860 1845/2214/1855 1847/2217/1858
f 1819/2187/1828 1847/2217/1858 1829/2216/1857
f 1819/2187/1828 2027/2221/1862 1849/2218/1859
f 1856/2225/1866 1836/2206/1847 1855/2224/1865
f 1835/2201/1842 1857/2226/1867 1859/2227/1868
f 1859/2227/1868 1858/2228/1869 1834/2202/1843
f 1859/2227/1868 1863/2233/1874 1866/2236/1877
f 1859/2227/1868 1869/2239/1880 1858/2228/1869
f 1870/2240/1881 1871/2241/1882 1861/2230/1871
f 1874/2244/1885 1871/2241/1882 1873/2243/1884
f 1877/2880/2171 1878/2247/1888 1876/2246/1887
f 1853/2231/1872 1878/2247/1888 1880/2249/1890
f 1879/2248/1889 1878/2247/1888 1877/2880/2171
f 1831/2195/1836 1880/2249/1890 1881/2251/1892
f 2154/2250/1891 1881/2251/1892 1880/2249/1890
f 1868/2238/1879 1882/2252/1893 1869/2239/1880
f 1870/2240/1881 1882/2252/1893 1872/2242/1883
f 1872/2242/1883 1882/2252/1893 1886/2254/1895
f 1883/2253/1894 1882/2252/1893 1868/2238/1879
f 1867/2237/1878 1868/2238/1879 1866/2236/1877
f 1887/2258/1899 1886/2254/1895 1896/2257/1898
f 1884/2256/1897 1886/2254/1895 1883/2253/1894
f 1872/2242/1883 1886/2254/1895 1887/2258/1899
f 1875/2245/1886 1873/2243/1884 1888/2259/1900
f 1875/2245/1886 1888/2259/1900 1890/2261/1902
f 2191/2265/1906 1891/2262/1903 1892/2263/1904
f 1895/2266/1907 2191/2265/1906 1892/2263/1904
f 1887/2258/1899 1896/2257/1898 1889/2260/1901
f 1817/2186/1827 1898/2268/1909 1852/2223/1864
f 1897/2269/1910 1898/2268/1909 1899/2273/1914
f 1899/2273/1914 1901/2270/1911 1902/2272/1913
f 1901/2270/1911 1818/2188/1829 1903/2274/1915
f 1903/2274/1915 1904/2275/1916 1905/2277/1918
f 1904/2275/1916 1830/2196/1837 1906/2276/1917
f 1907/2281/1922 1909/2278/1919 1911/2280/1921
f 1908/2279/1920 1913/2284/1925 1911/2280/1921
f 1912/2283/1924 1914/2286/1927 1913/2284/1925
f 1915/2285/1926 1907/2289/1922 1914/2286/1927
f 1914/2286/1927 1910/2282/1923 1916/2287/1928
f 1910/2282/1923 1913/2284/1925 1916/2287/1928
f 1917/2291/1929 1919/2881/2034 1918/2292/1930
f 1920/2882/2033 1918/2292/1930 1919/2881/2034
f 1917/2291/1929 2329/2293/1931 2324/2294/1932
f 1926/2298/1936 1924/2299/1937 1925/2305/1943
f 1928/2301/1939 1929/2302/1940 1922/2296/1934
f 1922/2296/1934 1929/2302/1940 1923/2297/1935
f 1939/2311/1949 1936/2309/1947 1937/2312/1950
f 1940/2315/1953 1939/2311/1949 1941/2313/1951
f 1963/2335/1973 1946/2319/1957 1944/2317/1955
f 1932/2306/1944 1946/2319/1957 1947/2320/1958
f 1948/2321/1959 1950/2323/1961 1949/2322/1960
f 1949/2322/1960 1950/2323/1961 1951/2326/1964
f 1953/2799/2085 1952/2325/1963 1954/2327/1965
f 1951/2326/1964 1952/2325/1963 1953/2799/2085
f 1956/2351/1989 1954/2327/1965 1955/2328/1966
f 1937/2312/1950 1957/2330/1968 2025/2331/1969
f 1937/2312/1950 1958/2332/1970 1941/2313/1951
f 1946/2319/1957 1962/2336/1974 1961/2334/1972
f 1966/2338/1976 1962/2336/1974 1963/2335/1973
f 1945/2318/1956 1963/2335/1973 1944/2317/1955
f 1966/2338/1976 1965/2339/1977 1967/2340/1978
f 1961/2334/1972 1967/2340/1978 1959/2333/1971
f 1970/2342/1980 1969/2344/1982 1971/2514/2135
f 1968/2361/1999 1971/2514/2135 1969/2344/1982
f 1976/2800/2320 1975/2347/1985 1973/2346/1984
f 1976/2800/2320 1978/2349/1987 1975/2347/1985
f 1977/2350/1988 1978/2349/1987 1979/2352/1990
f 1956/2351/1989 1978/2349/1987 1976/2800/2320
f 1977/2350/1988 1979/2352/1990 1993/2354/1992
f 1993/2354/1992 1980/2353/1991 1984/2355/1993
f 1980/2353/1991 1955/2328/1966 1981/2324/1962
f 1981/2324/1962 1983/2356/1994 1984/2355/1993
f 1950/2323/1961 1983/2356/1994 1981/2324/1962
f 1950/2323/1961 1985/2358/1996 1983/2356/1994
f 1982/2357/1995 1985/2358/1996 1997/2370/2008
f 1997/2370/2008 1985/2358/1996 1986/2359/1997
f 1948/2321/1959 1985/2358/1996 1950/2323/1961
f 1959/2333/1971 1960/2341/1979 1986/2359/1997
f 1997/2370/2008 1986/2359/1997 1960/2341/1979
f 1968/2361/1999 1969/2344/1982 1987/2360/1998
f 1974/2348/1986 1969/2344/1982 1972/2343/1981
f 1974/2348/1986 1977/2350/1988 1969/2344/1982
f 1989/2363/2001 1971/2514/2135 1968/2361/1999
f 1990/2362/2000 1977/2350/1988 1991/2364/2002
f 1994/2366/2004 1993/2354/1992 1996/2367/2005
f 1982/2357/1995 1996/2367/2005 1984/2355/1993
f 1995/2368/2006 1982/2357/1995 1999/2369/2007
f 1998/2372/2010 2001/2371/2009 2000/2374/2012
f 2002/2376/2014 2005/2373/2011 2004/2375/2013
f 2007/2378/2016 2005/2373/2011 2006/2377/2015
f 2000/2374/2012 2001/2371/2009 2004/2375/2013
f 2001/2371/2009 1967/2340/1978 2008/2379/2017
f 2004/2375/2013 2008/2379/2017 2002/2376/2014
f 2002/2376/2014 2003/2380/2018 1945/2382/1956
f 2006/2377/2015 1945/2382/1956 2009/2385/2019
f 1943/2384/1954 1940/2386/1953 2009/2385/2019
f 2011/2388/2021 2009/2385/2019 2010/2387/2020
f 2011/2388/2021 2013/2390/2023 2012/2389/2022
f 2014/2392/2025 2012/2389/2022 2013/2390/2023
f 2015/2391/2024 2016/2394/2027 2014/2392/2025
f 2280/2395/2028 2016/2394/2027 2281/2393/2026
f 2017/2397/2030 2016/2394/2027 2279/2396/2029
f 2013/2390/2023 2020/2404/2035 2015/2391/2024
f 1920/2402/2033 2020/2404/2035 2179/2406/2036
f 1897/2405/1910 2021/2407/2037 1851/2409/1863
f 2011/2388/2021 2021/2407/2037 2013/2390/2023
f 2011/2388/2021 2010/2387/2020 2022/2408/2038
f 2022/2408/2038 2023/2410/2039 2024/2413/2040
f 2023/2410/2039 2025/2883/1969 2024/2413/2040
f 1957/2411/1968 2024/2413/2040 2025/2883/1969
f 2023/2410/2039 1958/2884/1970 2025/2883/1969
f 1958/2884/1970 2023/2410/2039 1940/2386/1953
f 2010/2387/2020 1940/2386/1953 2023/2410/2039
f 1848/2416/1860 1849/2417/1859 2026/2415/2041
f 1933/2412/1967 2026/2415/2041 2024/2413/2040
f 2022/2408/2038 2026/2415/2041 1849/2417/1859
f 1851/2409/1863 2027/2418/1862 1850/2885/1861
f 2019/2400/2032 1928/2401/1939 2028/2419/2042
f 1927/2420/1938 2029/2422/2044 2028/2419/2042
f 2030/2421/2043 2028/2419/2042 2029/2422/2044
f 2031/2423/2045 2034/2425/2047 2032/2424/2046
f 2033/2426/2048 2034/2425/2047 2035/2428/2050
f 2037/2431/2053 2033/2426/2048 2038/2429/2051
f 2039/2430/2052 2038/2429/2051 2332/2886/2341
f 2078/2434/2056 2043/2435/2057 2041/2432/2054
f 2037/2431/2053 2043/2435/2057 2033/2426/2048
f 2030/2421/2043 2043/2435/2057 2042/2436/2058
f 2033/2426/2048 2043/2435/2057 2032/2424/2046
f 2044/2455/2077 2045/2437/2059 2042/2436/2058
f 2034/2425/2047 2031/2423/2045 2046/2438/2060
f 2048/2442/2064 2062/2440/2062 2047/2439/2061
f 2049/2441/2063 2047/2439/2061 2050/2443/2065
f 2055/2446/2068 2051/2444/2066 2054/2454/2076
f 1991/2364/2002 2059/2450/2072 2057/2449/2071
f 2058/2452/2074 2060/2451/2073 2055/2446/2068
f 1992/2365/2003 2061/2447/2069 2060/2451/2073
f 1994/2366/2004 1995/2368/2006 2051/2444/2066
f 2051/2444/2066 1995/2368/2006 2053/2445/2067
f 2052/2453/2075 2007/2378/2016 2012/2389/2022
f 2014/2392/2025 2049/2441/2063 2012/2389/2022
f 2014/2392/2025 2062/2440/2062 2048/2442/2064
f 2045/2437/2059 2044/2455/2077 2051/2444/2066
f 2054/2454/2076 2065/2457/2079 2064/2459/2081
f 2069/2460/2082 2066/2458/2080 2068/2462/2084
f 2058/2452/2074 2070/2464/2086 2068/2462/2084
f 2068/2462/2084 2070/2464/2086 2069/2460/2082
f 2072/2887/2309 2071/2465/2087 2073/2467/2088
f 1951/2466/1964 2071/2465/2087 2072/2887/2309
f 2067/2461/2083 2073/2467/2088 2066/2458/2080
f 2072/2887/2309 2073/2467/2088 2067/2461/2083
f 2074/2469/2090 2065/2457/2079 2063/2456/2078
f 2075/2468/2089 2057/2449/2071 2059/2450/2072
f 2075/2468/2089 2059/2450/2072 2058/2452/2074
f 2075/2468/2089 2065/2457/2079 2076/2470/2091
f 2077/2471/2092 2074/2469/2090 2078/2434/2056
f 2077/2471/2092 2078/2434/2056 2040/2433/2055
f 2042/2436/2058 2078/2434/2056 2079/2473/2094
f 2081/2477/2098 2079/2473/2094 2080/2475/2096
f 2081/2477/2098 2083/2478/2099 2082/2476/2097
f 2084/2481/2102 2083/2478/2099 2081/2477/2098
f 2044/2455/2077 2086/2479/2100 2063/2456/2078
f 2297/2482/2103 2086/2479/2100 2085/2480/2101
f 2074/2469/2090 2086/2479/2100 2087/2474/2095
f 2074/2469/2090 2087/2474/2095 2079/2473/2094
f 2088/2485/2106 2075/2468/2089 2076/2470/2091
f 2097/2493/2114 2091/2472/2093 2099/2486/2107
f 2056/2448/2070 2075/2468/2089 2089/2484/2105
f 2089/2484/2105 2118/2511/2132 2092/2487/2108
f 2115/2488/2109 2118/2511/2132 2089/2484/2105
f 2090/2483/2104 2093/2490/2111 2094/2489/2110
f 2093/2490/2111 2088/2485/2106 2095/2852/2329
f 2088/2485/2106 2096/2491/2112 2095/2852/2329
f 2096/2491/2112 2091/2472/2093 2097/2493/2114
f 2077/2471/2092 2100/2495/2116 2099/2486/2107
f 2098/2492/2113 2099/2486/2107 2100/2495/2116
f 2102/2496/2117 2101/2494/2115 2100/2495/2116
f 2041/2432/2054 2039/2430/2052 2102/2496/2117
f 2106/2888/2264 2104/2499/2120 2103/2498/2119
f 2104/2499/2120 2105/2500/2121 2108/2497/2118
f 2103/2498/2119 2108/2497/2118 2107/2503/2124
f 2110/2502/2123 2108/2497/2118 2109/2501/2122
f 2111/2504/2125 2313/2506/2127 2110/2502/2123
f 2107/2503/2124 2110/2502/2123 2313/2506/2127
f 2113/2507/2128 2111/2504/2125 2120/2509/2130
f 2118/2511/2132 2116/2510/2131 2117/2512/2133
f 1988/2513/2134 2118/2511/2132 2117/2512/2133
f 1990/2362/2000 2056/2448/2070 1989/2363/2001
f 2105/2500/2121 2120/2509/2130 2109/2501/2122
f 2189/2520/2141 2126/2526/2145 2125/2518/2139
f 2189/2520/2141 2127/2522/2143 2126/2526/2145
f 2128/2521/2142 2129/2524/2144 2127/2522/2143
f 2122/2523/2137 2124/2525/2140 2129/2524/2144
f 2127/2522/2143 2124/2525/2140 2123/2527/2146
f 2124/2519/2140 2126/2526/2145 2123/2527/2146
f 2131/2528/2147 2135/2533/2152 2133/2529/2148
f 2133/2529/2148 2137/2536/2154 2132/2530/2149
f 2130/2531/2150 2132/2530/2149 2138/2538/2155
f 2136/2537/2153 2132/2530/2149 2137/2536/2154
f 2141/2539/2156 2144/2541/2158 2139/2542/2159
f 2139/2542/2159 2143/2543/2160 2142/2889/2165
f 2140/2540/2157 2146/2545/2162 2144/2541/2158
f 2145/2544/2161 2147/2547/2164 2146/2545/2162
f 2148/2546/2163 2139/2549/2159 2147/2547/2164
f 2147/2547/2164 2142/2889/2165 2143/2543/2160
f 2141/2553/2156 2148/2556/2163 2151/2554/2167
f 2148/2556/2163 2145/2559/2161 1915/2561/1926
f 2121/2565/2138 1877/2564/2171 1876/2633/1887
f 2130/2563/2150 2153/2567/2172 1877/2564/2171
f 1879/2566/1889 2153/2567/2172 2154/2568/1891
f 2154/2568/1891 1908/2558/1920 2155/2569/2173
f 1830/2571/1837 2156/2572/2174 1906/2573/1917
f 2156/2572/2174 2149/2551/2166 2157/2555/2168
f 2159/2575/2176 2157/2555/2168 2158/2576/2177
f 2161/2574/2175 2160/2577/2178 2162/2579/2180
f 2166/2613/1825 2164/2580/2181 2167/2582/2183
f 2166/2613/1825 2167/2582/2183 2169/2584/2185
f 2169/2584/2185 2170/2585/2186 2182/2587/2188
f 2170/2585/2186 2173/2588/2189 2172/2589/2190
f 2174/2590/2191 2172/2589/2190 2173/2588/2189
f 2171/2586/2187 2172/2589/2190 2175/2591/2192
f 2159/2575/2176 2162/2579/2180 2175/2591/2192
f 2150/2557/2169 2176/2592/2193 2158/2576/2177
f 2176/2592/2193 1855/2594/1865 2177/2595/2194
f 1837/2597/1846 2177/2595/2194 1855/2594/1865
f 2177/2595/2194 2178/2596/2195 2167/2582/2183
f 1841/2600/1852 2178/2596/2195 1839/2598/1850
f 1842/2890/1851 1918/2599/1930 1841/2600/1852
f 2168/2583/2184 1918/2599/1930 1920/2601/2033
f 1897/2891/1910 1899/2603/1914 2179/2602/2036
f 1899/2603/1914 2180/2605/2196 2173/2588/2189
f 2159/2575/2176 2174/2590/2191 2181/2607/2197
f 2180/2605/2196 2181/2607/2197 2174/2590/2191
f 1906/2573/1917 2181/2607/2197 1905/2608/1918
f 2184/2611/2200 2183/2610/2199 2175/2591/2192
f 1815/2612/1824 2184/2611/2200 2163/2578/2179
f 1856/2593/1866 2186/2614/2201 1862/2616/1873
f 1862/2616/1873 2187/2615/2202 1865/2618/1875
f 1864/2617/1876 2187/2615/2202 2188/2619/2203
f 2134/2621/2151 2188/2619/2203 1915/2561/1926
f 1867/2620/1878 2128/2622/2142 1885/2623/1896
f 1884/2626/1897 2190/2625/2204 1894/2627/1908
f 1890/2631/1902 1893/2892/1905 2192/2629/2205
f 2191/2628/1906 2192/2629/2205 1893/2892/1905
f 1875/2630/1886 2192/2629/2205 2193/2632/2206
f 2121/2565/2138 1876/2633/1887 2193/2632/2206
f 2122/2634/2137 2128/2622/2142 2131/2635/2147
f 1912/2638/1924 1908/2558/1920 2138/2636/2155
f 2158/2639/2177 2195/2641/2207 2194/2893/2212
f 2194/2893/2212 2195/2641/2207 2197/2643/2209
f 2151/2644/2167 2199/2647/2211 2198/2645/2210
f 2198/2645/2210 2199/2647/2211 2196/2642/2208
f 2150/2646/2169 2194/2649/2212 2199/2647/2211
f 2199/2647/2211 2197/2650/2209 2196/2642/2208
f 2207/2656/2217 2205/2658/2219 2204/2682/2239
f 2209/2659/2220 2206/2657/2218 2207/2656/2217
f 2212/2662/2223 2214/2664/1983 2208/2660/2221
f 2208/2660/2221 2214/2664/1983 2215/2666/2226
f 2215/2666/2226 2213/2665/2225 2216/2667/2227
f 2232/2687/2244 2218/2669/2228 2217/2671/2229
f 2213/2665/2225 2214/2664/1983 1970/2668/1980
f 2219/2673/2230 2221/2675/2232 2220/2677/2234
f 2224/2678/2235 2225/2679/2236 2221/2675/2232
f 2204/2682/2239 2228/2681/2238 2227/2840/2278
f 2206/2657/2218 2229/2684/2241 2205/2658/2219
f 2213/2665/2225 2231/2685/2242 2230/2683/2240
f 2218/2669/2228 2232/2687/2244 2231/2685/2242
f 2236/2693/2248 2231/2685/2242 2232/2687/2244
f 2240/2688/2245 2217/2671/2229 1988/2672/2134
f 2116/2894/2131 2119/2689/2136 1988/2672/2134
f 2232/2687/2244 2233/2686/2243 2237/2692/2247
f 2105/2691/2121 2242/2696/2251 2234/2690/2246
f 2241/2709/2263 2243/2697/2252 2242/2696/2251
f 2244/2699/2254 2238/2694/2249 2239/2695/2250
f 2245/2700/2255 2246/2701/2256 2238/2694/2249
f 2235/2703/2258 2248/2704/2259 2249/2706/2261
f 2251/2707/2262 2225/2679/2236 2229/2684/2241
f 2223/2676/2233 2225/2679/2236 2251/2707/2262
f 2251/2707/2262 2229/2684/2241 2230/2683/2240
f 2235/2703/2258 2231/2685/2242 2236/2693/2248
f 2106/2710/2264 2252/2712/2265 2241/2709/2263
f 2210/2711/2224 2252/2712/2265 2211/2726/2222
f 2209/2713/2220 2241/2709/2263 2210/2711/2224
f 2241/2709/2263 2253/2698/2253 2243/2697/2252
f 2239/2695/2250 2253/2698/2253 2254/2715/2266
f 2245/2700/2255 2254/2715/2266 2255/2717/2268
f 2245/2700/2255 2255/2717/2268 2257/2719/2270
f 2258/2720/2271 2259/2722/2273 2247/2702/2257
f 2260/2721/2272 2247/2702/2257 2259/2722/2273
f 2261/2723/2274 2248/2704/2259 2260/2721/2272
f 2261/2723/2274 2262/2724/2275 2263/2725/2276
f 2249/2706/2261 2263/2725/2276 2220/2677/2234
f 2211/2726/2222 2106/2710/2264 2264/2895/2325
f 2267/2730/2279 2266/2728/2277 2227/2729/2278
f 2256/2718/2269 2267/2730/2279 2257/2719/2270
f 2267/2730/2279 2269/2731/2280 2270/2733/2282
f 2268/2732/2281 2272/2736/2285 2270/2733/2282
f 2273/2735/2284 2270/2733/2282 2272/2736/2285
f 2261/2723/2274 2273/2735/2284 2271/2734/2283
f 2017/2740/2030 2279/2746/2029 2274/2737/2286
f 2275/2738/2287 2279/2746/2029 2278/2744/2290
f 2275/2896/2287 2282/2751/2291 2283/2750/2294
f 2284/2749/2293 2282/2751/2291 2295/2772/2304
f 2275/2896/2287 2283/2750/2294 1930/2897/1941
f 1930/2897/1941 2283/2750/2294 1929/2753/1940
f 1923/2752/1935 2283/2750/2294 2284/2749/2293
f 1923/2752/1935 2286/2754/2295 1917/2758/1929
f 2015/2759/2024 2286/2754/2295 2287/2756/2297
f 2285/2755/2296 2288/2747/2292 2287/2756/2297
f 2294/2761/2298 2289/2762/2299 2288/2747/2292
f 2183/2766/2199 2184/2763/2200 2291/2767/2301
f 2276/2741/2288 2291/2767/2301 2184/2763/2200
f 2296/2769/2302 2292/2765/2300 2293/2771/2303
f 2289/2762/2299 2294/2761/2298 2291/2767/2301
f 2292/2765/2300 2291/2767/2301 2294/2761/2298
f 2293/2771/2303 2294/2761/2298 2285/2755/2296
f 2293/2771/2303 2295/2772/2304 2296/2769/2302
f 1816/2185/1826 2296/2769/2302 2295/2772/2304
f 2295/2772/2304 2277/2773/2289 1814/2181/1822
f 2290/2182/1823 1814/2181/1822 2277/2773/2289
f 2299/2777/2305 2036/2779/2049 2035/2776/2050
f 1927/2300/1938 2084/2780/2102 2299/2777/2305
f 2301/2783/2308 2084/2780/2102 2300/2781/2306
f 2300/2781/2306 1949/2322/1960 2302/2782/2307
f 2302/2782/2307 1951/2326/1964 2303/2785/2310
f 2072/2784/2309 2301/2783/2308 2303/2785/2310
f 2084/2780/2102 2301/2783/2308 2085/2787/2101
f 2072/2784/2309 2067/2790/2083 2301/2783/2308
f 2304/2788/2311 2301/2783/2308 2067/2790/2083
f 2298/2789/2312 2304/2788/2311 2305/2791/2313
f 2307/2796/2318 2306/2793/2315 2308/2797/2319
f 2309/2794/2316 2308/2797/2319 2306/2793/2315
f 1953/2799/2085 1954/2327/1965 2305/2791/2313
f 2305/2791/2313 1954/2327/1965 1956/2351/1989
f 2298/2789/2312 1976/2800/2320 2311/2792/2314
f 1973/2346/1984 2309/2794/2316 2311/2792/2314
f 2312/2801/2321 2308/2797/2319 2309/2794/2316
f 2312/2801/2321 2310/2795/2317 2308/2797/2319
f 2203/2655/2216 2310/2795/2317 2314/2803/2322
f 2098/2806/2113 2306/2793/2315 2307/2796/2318
f 2298/2789/2312 2098/2806/2113 2101/2807/2115
f 2297/2786/2103 2101/2807/2115 2316/2808/2324
f 1973/2346/1984 2214/2345/1983 2212/2810/2223
f 2312/2801/2321 2309/2794/2316 2264/2811/2325
f 2317/2815/2328 2201/2653/2215 2200/2652/2214
f 2202/2651/2213 2317/2815/2328 2200/2652/2214
f 2202/2651/2213 2318/2813/2326 2317/2815/2328
f 2203/2655/2216 2319/2817/2330 2318/2813/2326
f 2095/2816/2329 2319/2817/2330 2093/2898/2111
f 2112/2818/2126 2114/2899/2129 2319/2817/2330
f 2093/2898/2111 2319/2817/2330 2114/2899/2129
f 2323/2825/2334 2321/2824/2333 2322/2823/2332
f 2322/2823/2332 2325/2831/2338 2324/2294/1932
f 2325/2831/2338 2322/2823/2332 2326/2832/2339
f 2326/2832/2339 2322/2823/2332 2327/2827/2336
f 2320/2822/2331 1938/2310/1948 2328/2826/2335
f 1844/2829/1854 1938/2310/1948 2321/2824/2333
f 1842/2290/1851 2321/2824/2333 2329/2293/1931
f 2325/2831/2338 2330/2830/2337 2324/2294/1932
f 1921/2295/1933 2324/2294/1932 2330/2830/2337
f 1931/2304/1942 2330/2830/2337 2326/2832/2339
f 2327/2827/2336 1932/2306/1944 2326/2832/2339
f 1939/2311/1949 2331/2833/2340 2328/2826/2335
f 2039/2836/2052 2036/2779/2049 2101/2807/2115
f 2227/2840/2278 2333/2839/2342 2269/2842/2280
f 2334/2843/2343 2333/2839/2342 2222/2845/2231
f 2224/2678/2235 2222/2845/2231 2333/2839/2342
f 2268/2841/2281 2334/2843/2343 2272/2848/2285
f 2271/2847/2283 2334/2843/2343 2262/2846/2275
f 2096/2491/2112 2201/2849/2215 2335/2851/2327
f 2341/2187/2351 2340/2188/2350 2342/2190/2354
f 2346/2189/2352 2343/2207/2370 2344/2191/2353
f 2351/2216/2379 2342/2190/2354 2344/2191/2353
f 2346/2189/2352 2345/2203/2366 2343/2207/2370
f 2345/2203/2366 2346/2189/2352 2347/2200/2363
f 2348/2193/2356 2347/2200/2363 2346/2189/2352
f 2347/2200/2363 2348/2193/2356 2349/2199/2362
f 2350/2192/2355 2349/2199/2362 2348/2193/2356
f 2341/2187/2351 2342/2190/2354 2351/2216/2379
f 2376/2194/2357 2350/2192/2355 2352/2196/2358
f 2347/2200/2363 2349/2199/2362 2355/2197/2360
f 2347/2200/2363 2354/2198/2361 2356/2202/2364
f 2345/2203/2366 2357/2201/2365 2358/2206/2368
f 2360/2204/2367 2361/2209/2372 2362/2208/2371
f 2363/2853/2374 2362/2208/2371 2361/2209/2372
f 2364/2210/2373 2365/2212/2375 2362/2208/2371
f 2344/2191/2353 2365/2212/2375 2368/2215/2377
f 2366/2213/2376 2368/2215/2377 2365/2212/2375
f 2351/2216/2379 2367/2214/2378 2369/2217/2380
f 2370/2219/2382 2369/2217/2380 2367/2214/2378
f 2341/2187/2351 2351/2216/2379 2369/2217/2380
f 2341/2187/2351 2371/2854/2381 2549/2221/2383
f 2378/2225/2388 2377/2224/2387 2358/2206/2368
f 2357/2201/2365 2381/2227/2390 2379/2226/2389
f 2381/2227/2390 2356/2202/2364 2380/2228/2391
f 2381/2227/2390 2388/2236/2399 2385/2233/2396
f 2381/2227/2390 2380/2228/2391 2391/2239/2402
f 2392/2240/2403 2383/2230/2393 2393/2241/2404
f 2396/2244/2407 2395/2243/2406 2393/2241/2404
f 2399/2880/2693 2398/2246/2409 2400/2858/2410
f 2375/2855/2394 2402/2249/2412 2400/2858/2410
f 2401/2859/2411 2399/2880/2693 2400/2858/2410
f 2353/2195/2359 2403/2251/2414 2402/2249/2412
f 2676/2250/2413 2402/2249/2412 2403/2251/2414
f 2390/2856/2401 2391/2239/2402 2404/2252/2415
f 2392/2240/2403 2394/2242/2405 2404/2252/2415
f 2394/2242/2405 2408/2254/2417 2404/2252/2415
f 2405/2253/2416 2390/2856/2401 2404/2252/2415
f 2389/2237/2400 2388/2236/2399 2390/2856/2401
f 2409/2258/2421 2418/2257/2420 2408/2254/2417
f 2406/2256/2419 2405/2253/2416 2408/2254/2417
f 2394/2242/2405 2409/2258/2421 2408/2254/2417
f 2397/2857/2408 2410/2259/2422 2395/2243/2406
f 2397/2857/2408 2412/2261/2424 2410/2259/2422
f 2714/2265/2428 2414/2263/2426 2413/2262/2425
f 2417/2266/2429 2414/2263/2426 2714/2265/2428
f 2409/2258/2421 2411/2260/2423 2418/2257/2420
f 2339/2186/2349 2374/2223/2386 2420/2268/2431
f 2419/2269/2432 2421/2273/2436 2420/2268/2431
f 2421/2273/2436 2424/2272/2434 2423/2270/2433
f 2423/2270/2433 2425/2274/2437 2340/2188/2350
f 2425/2274/2437 2427/2277/2439 2426/2275/2438
f 2426/2275/2438 2428/2276/2440 2352/2196/2358
f 2429/2281/2444 2433/2280/2442 2431/2278/2441
f 2430/2279/2443 2433/2280/2442 2435/2284/2446
f 2434/2283/2447 2435/2284/2446 2436/2860/2448
f 2437/2285/2449 2436/2860/2448 2429/2289/2444
f 2436/2860/2448 2438/2287/2450 2432/2282/2445
f 2432/2282/2445 2438/2287/2450 2435/2284/2446
f 2439/2291/2452 2440/2292/2451 2441/2881/2555
f 2442/2882/2556 2441/2881/2555 2440/2292/2451
f 2439/2291/2452 2847/2294/2455 2852/2293/2453
f 2448/2861/2458 2447/2305/2465 2446/2299/2459
f 2450/2301/2461 2444/2296/2457 2451/2302/2462
f 2444/2296/2457 2445/2297/2456 2451/2302/2462
f 2461/2311/2471 2459/2312/2473 2458/2309/2468
f 2462/2315/2475 2463/2313/2472 2461/2311/2471
f 2485/2335/2496 2466/2317/2477 2468/2319/2479
f 2454/2306/2466 2469/2320/2480 2468/2319/2479
f 2470/2321/2482 2471/2322/2481 2472/2862/2483
f 2471/2322/2481 2473/2326/2486 2472/2862/2483
f 2475/2799/2607 2476/2327/2487 2474/2325/2484
f 2473/2326/2486 2475/2799/2607 2474/2325/2484
f 2478/2351/2511 2477/2328/2488 2476/2327/2487
f 2459/2312/2473 2547/2331/2492 2479/2330/2489
f 2459/2312/2473 2463/2313/2472 2480/2332/2491
f 2468/2319/2479 2483/2334/2494 2484/2336/2495
f 2488/2338/2498 2485/2335/2496 2484/2336/2495
f 2467/2318/2478 2466/2317/2477 2485/2335/2496
f 2488/2338/2498 2489/2340/2500 2487/2339/2499
f 2483/2334/2494 2481/2333/2493 2489/2340/2500
f 2492/2342/2502 2493/2514/2657 2491/2344/2503
f 2490/2361/2521 2491/2344/2503 2493/2514/2657
f 2498/2800/2843 2495/2346/2506 2497/2347/2507
f 2498/2800/2843 2497/2347/2507 2500/2349/2509
f 2499/2350/2510 2501/2352/2512 2500/2349/2509
f 2478/2351/2511 2498/2800/2843 2500/2349/2509
f 2499/2350/2510 2515/2354/2514 2501/2352/2512
f 2515/2354/2514 2506/2355/2515 2502/2353/2513
f 2502/2353/2513 2503/2324/2485 2477/2328/2488
f 2503/2324/2485 2506/2355/2515 2505/2356/2516
f 2472/2862/2483 2503/2324/2485 2505/2356/2516
f 2472/2862/2483 2505/2356/2516 2507/2358/2518
f 2504/2357/2517 2519/2370/2530 2507/2358/2518
f 2519/2370/2530 2508/2359/2519 2507/2358/2518
f 2470/2321/2482 2472/2862/2483 2507/2358/2518
f 2481/2333/2493 2508/2359/2519 2482/2341/2501
f 2519/2370/2530 2482/2341/2501 2508/2359/2519
f 2490/2361/2521 2509/2360/2520 2491/2344/2503
f 2496/2348/2508 2494/2343/2504 2491/2344/2503
f 2496/2348/2508 2491/2344/2503 2499/2350/2510
f 2511/2363/2522 2490/2361/2521 2493/2514/2657
f 2512/2362/2523 2513/2863/2524 2499/2350/2510
f 2516/2366/2526 2518/2367/2527 2515/2354/2514
f 2504/2357/2517 2506/2355/2515 2518/2367/2527
f 2517/2864/2528 2521/2369/2529 2504/2357/2517
f 2520/2372/2532 2522/2374/2535 2523/2371/2531
f 2524/2376/2536 2526/2375/2534 2527/2373/2533
f 2529/2865/2538 2528/2377/2537 2527/2373/2533
f 2522/2374/2535 2526/2375/2534 2523/2371/2531
f 2523/2371/2531 2530/2379/2539 2489/2340/2500
f 2526/2375/2534 2524/2376/2536 2530/2379/2539
f 2524/2376/2536 2467/2382/2478 2525/2380/2540
f 2528/2377/2537 2531/2385/2541 2467/2382/2478
f 2465/2384/2476 2531/2385/2541 2462/2386/2475
f 2533/2388/2543 2532/2387/2542 2531/2385/2541
f 2533/2388/2543 2534/2866/2544 2535/2867/2545
f 2536/2392/2546 2535/2867/2545 2534/2866/2544
f 2537/2391/2547 2536/2392/2546 2538/2394/2548
f 2803/2395/2550 2804/2393/2549 2538/2394/2548
f 2539/2397/2553 2802/2396/2551 2538/2394/2548
f 2535/2867/2545 2537/2391/2547 2542/2404/2557
f 2442/2402/2556 2702/2406/2558 2542/2404/2557
f 2419/2405/2432 2373/2409/2385 2543/2407/2559
f 2533/2388/2543 2535/2867/2545 2543/2407/2559
f 2533/2388/2543 2544/2408/2560 2532/2387/2542
f 2544/2408/2560 2546/2413/2562 2545/2410/2561
f 2545/2410/2561 2546/2413/2562 2547/2883/2492
f 2479/2411/2489 2547/2883/2492 2546/2413/2562
f 2545/2410/2561 2547/2883/2492 2480/2884/2491
f 2480/2884/2491 2462/2386/2475 2545/2410/2561
f 2532/2387/2542 2545/2410/2561 2462/2386/2475
f 2370/2416/2382 2548/2415/2563 2371/2417/2381
f 2455/2412/2490 2546/2413/2562 2548/2415/2563
f 2544/2408/2560 2371/2417/2381 2548/2415/2563
f 2373/2409/2385 2372/2885/2384 2549/2418/2383
f 2541/2400/2554 2550/2419/2564 2450/2401/2461
f 2449/2420/2460 2550/2419/2564 2551/2422/2566
f 2552/2421/2565 2551/2422/2566 2550/2419/2564
f 2553/2423/2567 2554/2424/2568 2556/2425/2569
f 2555/2426/2570 2557/2428/2572 2556/2425/2569
f 2559/2431/2575 2560/2429/2573 2555/2426/2570
f 2561/2430/2574 2855/2886/2864 2560/2429/2573
f 2600/2434/2578 2563/2432/2576 2565/2435/2579
f 2559/2431/2575 2555/2426/2570 2565/2435/2579
f 2552/2421/2565 2564/2436/2580 2565/2435/2579
f 2555/2426/2570 2554/2424/2568 2565/2435/2579
f 2566/2455/2599 2564/2436/2580 2567/2437/2581
f 2556/2425/2569 2568/2438/2582 2553/2423/2567
f 2570/2442/2586 2569/2439/2584 2584/2440/2583
f 2571/2441/2585 2572/2443/2587 2569/2439/2584
f 2577/2446/2590 2576/2454/2598 2573/2444/2588
f 2513/2863/2524 2579/2449/2593 2581/2450/2594
f 2580/2452/2596 2577/2446/2590 2582/2451/2595
f 2514/2365/2525 2582/2451/2595 2583/2447/2591
f 2516/2366/2526 2573/2444/2588 2517/2864/2528
f 2573/2444/2588 2575/2445/2589 2517/2864/2528
f 2574/2453/2597 2534/2866/2544 2529/2865/2538
f 2536/2392/2546 2534/2866/2544 2571/2441/2585
f 2536/2392/2546 2570/2442/2586 2584/2440/2583
f 2567/2437/2581 2573/2444/2588 2566/2455/2599
f 2576/2454/2598 2586/2459/2603 2587/2457/2600
f 2591/2460/2604 2590/2462/2606 2588/2458/2602
f 2580/2452/2596 2590/2462/2606 2592/2868/2608
f 2590/2462/2606 2591/2460/2604 2592/2868/2608
f 2594/2887/2833 2595/2467/2610 2593/2465/2609
f 2473/2466/2486 2594/2887/2833 2593/2465/2609
f 2589/2461/2605 2588/2458/2602 2595/2467/2610
f 2594/2887/2833 2589/2461/2605 2595/2467/2610
f 2596/2469/2612 2585/2456/2601 2587/2457/2600
f 2597/2468/2611 2581/2450/2594 2579/2449/2593
f 2597/2468/2611 2580/2452/2596 2581/2450/2594
f 2597/2468/2611 2598/2470/2613 2587/2457/2600
f 2599/2471/2614 2600/2434/2578 2596/2469/2612
f 2599/2471/2614 2562/2433/2577 2600/2434/2578
f 2564/2436/2580 2601/2473/2616 2600/2434/2578
f 2603/2477/2620 2602/2475/2618 2601/2473/2616
f 2603/2477/2620 2604/2476/2619 2605/2478/2621
f 2606/2481/2624 2603/2477/2620 2605/2478/2621
f 2566/2455/2599 2585/2456/2601 2608/2479/2622
f 2820/2482/2625 2607/2480/2623 2608/2479/2622
f 2596/2469/2612 2609/2474/2617 2608/2479/2622
f 2596/2469/2612 2601/2473/2616 2609/2474/2617
f 2610/2485/2627 2598/2470/2613 2597/2468/2611
f 2619/2493/2636 2621/2869/2629 2613/2472/2615
f 2578/2448/2592 2611/2484/2628 2597/2468/2611
f 2611/2484/2628 2614/2487/2630 2640/2511/2654
f 2637/2488/2631 2611/2484/2628 2640/2511/2654
f 2612/2483/2626 2616/2489/2632 2615/2490/2633
f 2615/2490/2633 2617/2852/2852 2610/2485/2627
f 2610/2485/2627 2617/2852/2852 2618/2491/2634
f 2618/2491/2634 2619/2493/2636 2613/2472/2615
f 2599/2471/2614 2621/2869/2629 2622/2495/2638
f 2620/2492/2635 2622/2495/2638 2621/2869/2629
f 2624/2496/2639 2622/2495/2638 2623/2494/2637
f 2563/2432/2576 2624/2496/2639 2561/2430/2574
f 2628/2888/2787 2625/2498/2642 2626/2499/2641
f 2626/2499/2641 2630/2497/2640 2627/2500/2644
f 2625/2498/2642 2629/2503/2646 2630/2497/2640
f 2632/2870/2645 2631/2501/2643 2630/2497/2640
f 2633/2504/2647 2632/2870/2645 2836/2506/2648
f 2629/2503/2646 2836/2506/2648 2632/2870/2645
f 2635/2507/2650 2642/2509/2652 2633/2504/2647
f 2640/2511/2654 2639/2512/2655 2638/2510/2653
f 2510/2513/2656 2639/2512/2655 2640/2511/2654
f 2512/2362/2523 2511/2363/2522 2578/2448/2592
f 2627/2500/2644 2631/2501/2643 2642/2509/2652
f 2712/2520/2663 2647/2518/2660 2648/2526/2667
f 2712/2520/2663 2648/2526/2667 2649/2522/2664
f 2650/2521/2665 2649/2522/2664 2651/2524/2666
f 2644/2523/2659 2651/2524/2666 2646/2525/2662
f 2649/2522/2664 2645/2527/2668 2646/2525/2662
f 2646/2519/2662 2645/2527/2668 2648/2526/2667
f 2653/2528/2669 2655/2529/2671 2657/2533/2673
f 2655/2529/2671 2654/2530/2670 2659/2536/2676
f 2652/2531/2672 2660/2538/2677 2654/2530/2670
f 2658/2537/2675 2659/2536/2676 2654/2530/2670
f 2663/2539/2678 2661/2542/2681 2666/2541/2679
f 2661/2542/2681 2664/2889/2687 2665/2543/2682
f 2662/2540/2680 2666/2541/2679 2668/2545/2683
f 2667/2544/2684 2668/2545/2683 2669/2547/2685
f 2670/2546/2686 2669/2547/2685 2661/2549/2681
f 2669/2547/2685 2665/2543/2682 2664/2889/2687
f 2663/2553/2678 2673/2554/2689 2670/2556/2686
f 2670/2556/2686 2437/2561/2449 2667/2559/2684
f 2643/2565/2661 2398/2633/2409 2399/2564/2693
f 2652/2563/2672 2399/2564/2693 2675/2567/2694
f 2401/2566/2411 2676/2568/2413 2675/2567/2694
f 2676/2568/2413 2677/2569/2695 2430/2558/2443
f 2352/2571/2358 2428/2573/2440 2678/2572/2696
f 2678/2572/2696 2679/2555/2690 2671/2551/2688
f 2681/2575/2699 2680/2576/2698 2679/2555/2690
f 2683/2574/2697 2684/2579/2702 2686/2872/2701
f 2682/2871/2700 2686/2872/2701 2687/2580/2704
f 2689/2613/2347 2690/2582/2706 2687/2580/2704
f 2689/2613/2347 2692/2584/2707 2690/2582/2706
f 2692/2584/2707 2705/2587/2710 2693/2585/2709
f 2693/2585/2709 2695/2589/2713 2696/2588/2712
f 2697/2590/2714 2696/2588/2712 2695/2589/2713
f 2694/2586/2711 2698/2591/2715 2695/2589/2713
f 2681/2575/2699 2698/2591/2715 2684/2579/2702
f 2672/2557/2691 2680/2576/2698 2699/2592/2716
f 2699/2592/2716 2700/2595/2717 2377/2594/2387
f 2359/2597/2369 2377/2594/2387 2700/2595/2717
f 2700/2595/2717 2690/2582/2706 2701/2596/2718
f 2363/2600/2374 2361/2598/2372 2701/2596/2718
f 2364/2890/2373 2363/2600/2374 2440/2599/2451
f 2691/2583/2708 2442/2601/2556 2440/2599/2451
f 2419/2891/2432 2702/2602/2558 2421/2603/2436
f 2421/2603/2436 2696/2588/2712 2703/2605/2719
f 2681/2575/2699 2704/2607/2720 2697/2590/2714
f 2703/2605/2719 2697/2590/2714 2704/2607/2720
f 2428/2573/2440 2427/2608/2439 2704/2607/2720
f 2707/2611/2723 2698/2591/2715 2706/2610/2722
f 2337/2612/2345 2685/2578/2703 2707/2611/2723
f 2378/2593/2388 2384/2616/2395 2709/2614/2724
f 2384/2616/2395 2387/2618/2397 2710/2615/2725
f 2386/2617/2398 2711/2619/2726 2710/2615/2725
f 2656/2621/2674 2437/2561/2449 2711/2619/2726
f 2389/2620/2400 2407/2623/2418 2650/2622/2665
f 2406/2626/2419 2416/2627/2430 2713/2625/2727
f 2412/2631/2424 2715/2629/2728 2415/2892/2427
f 2714/2628/2428 2415/2892/2427 2715/2629/2728
f 2397/2630/2408 2716/2632/2729 2715/2629/2728
f 2643/2565/2661 2716/2632/2729 2398/2633/2409
f 2644/2634/2659 2653/2635/2669 2650/2622/2665
f 2434/2638/2447 2660/2636/2677 2430/2558/2443
f 2680/2639/2698 2717/2893/2735 2718/2641/2730
f 2717/2893/2735 2720/2643/2731 2718/2641/2730
f 2673/2644/2689 2721/2645/2733 2722/2647/2734
f 2721/2645/2733 2719/2642/2732 2722/2647/2734
f 2672/2646/2691 2722/2647/2734 2717/2649/2735
f 2722/2647/2734 2719/2642/2732 2720/2650/2731
f 2730/2656/2740 2727/2682/2762 2728/2658/2741
f 2732/2659/2743 2730/2656/2740 2729/2657/2742
f 2735/2662/2747 2731/2660/2744 2737/2664/2505
f 2731/2660/2744 2738/2666/2748 2737/2664/2505
f 2738/2666/2748 2739/2667/2750 2736/2665/2749
f 2755/2687/2767 2740/2671/2752 2741/2669/2751
f 2736/2665/2749 2492/2668/2502 2737/2664/2505
f 2742/2673/2753 2743/2677/2757 2744/2675/2754
f 2747/2678/2758 2744/2675/2754 2748/2679/2759
f 2727/2682/2762 2750/2840/2801 2751/2681/2761
f 2729/2657/2742 2728/2658/2741 2752/2684/2763
f 2736/2665/2749 2753/2683/2764 2754/2685/2765
f 2741/2669/2751 2754/2685/2765 2755/2687/2767
f 2759/2693/2771 2755/2687/2767 2754/2685/2765
f 2763/2688/2768 2510/2672/2656 2740/2671/2752
f 2638/2894/2653 2510/2672/2656 2641/2689/2658
f 2755/2687/2767 2760/2692/2770 2756/2686/2766
f 2627/2691/2644 2757/2690/2769 2765/2696/2775
f 2764/2709/2786 2765/2696/2775 2766/2697/2774
f 2767/2699/2777 2762/2695/2773 2761/2694/2772
f 2768/2700/2778 2761/2694/2772 2769/2701/2779
f 2758/2703/2781 2772/2706/2784 2771/2704/2782
f 2774/2707/2785 2752/2684/2763 2748/2679/2759
f 2746/2676/2756 2774/2707/2785 2748/2679/2759
f 2774/2707/2785 2753/2683/2764 2752/2684/2763
f 2758/2703/2781 2759/2693/2771 2754/2685/2765
f 2628/2710/2787 2764/2709/2786 2775/2712/2788
f 2733/2711/2746 2734/2726/2745 2775/2712/2788
f 2732/2713/2743 2733/2711/2746 2764/2709/2786
f 2764/2709/2786 2766/2697/2774 2776/2698/2776
f 2762/2695/2773 2777/2715/2789 2776/2698/2776
f 2768/2700/2778 2778/2874/2791 2777/2715/2789
f 2768/2700/2778 2780/2875/2793 2778/2874/2791
f 2781/2720/2794 2770/2702/2780 2782/2722/2796
f 2783/2721/2795 2782/2722/2796 2770/2702/2780
f 2784/2723/2797 2783/2721/2795 2771/2704/2782
f 2784/2723/2797 2786/2725/2799 2785/2724/2798
f 2772/2706/2784 2743/2677/2757 2786/2725/2799
f 2734/2726/2745 2787/2895/2848 2628/2710/2787
f 2790/2730/2802 2750/2729/2801 2789/2728/2800
f 2779/2718/2792 2780/2875/2793 2790/2730/2802
f 2790/2730/2802 2793/2733/2804 2792/2731/2803
f 2791/2732/2805 2793/2733/2804 2795/2736/2807
f 2796/2735/2808 2795/2736/2807 2793/2733/2804
f 2784/2723/2797 2794/2734/2806 2796/2735/2808
f 2539/2740/2553 2797/2737/2809 2802/2746/2551
f 2798/2738/2810 2801/2744/2813 2802/2746/2551
f 2798/2896/2810 2806/2750/2817 2805/2751/2814
f 2807/2749/2816 2818/2772/2827 2805/2751/2814
f 2798/2896/2810 2452/2897/2463 2806/2750/2817
f 2452/2897/2463 2451/2753/2462 2806/2750/2817
f 2445/2752/2456 2807/2749/2816 2806/2750/2817
f 2445/2752/2456 2439/2758/2452 2809/2754/2818
f 2537/2759/2547 2810/2756/2820 2809/2754/2818
f 2808/2755/2819 2810/2756/2820 2811/2747/2815
f 2817/2761/2821 2811/2747/2815 2812/2762/2822
f 2706/2766/2722 2814/2767/2824 2707/2763/2723
f 2799/2741/2811 2707/2763/2723 2814/2767/2824
f 2819/2769/2825 2816/2771/2826 2815/2765/2823
f 2812/2762/2822 2814/2767/2824 2817/2761/2821
f 2815/2765/2823 2817/2761/2821 2814/2767/2824
f 2816/2771/2826 2808/2755/2819 2817/2761/2821
f 2816/2771/2826 2819/2769/2825 2818/2772/2827
f 2338/2185/2348 2818/2772/2827 2819/2769/2825
f 2818/2772/2827 2336/2181/2344 2800/2773/2812
f 2813/2182/2346 2800/2773/2812 2336/2181/2344
f 2822/2777/2828 2557/2776/2572 2558/2779/2571
f 2449/2300/2460 2822/2777/2828 2606/2780/2624
f 2824/2876/2831 2823/2781/2829 2606/2780/2624
f 2823/2781/2829 2825/2782/2830 2471/2322/2481
f 2825/2782/2830 2826/2877/2832 2473/2326/2486
f 2594/2784/2833 2826/2877/2832 2824/2876/2831
f 2606/2780/2624 2607/2787/2623 2824/2876/2831
f 2594/2784/2833 2824/2876/2831 2589/2790/2605
f 2827/2788/2834 2589/2790/2605 2824/2876/2831
f 2821/2789/2835 2828/2791/2836 2827/2788/2834
f 2830/2796/2842 2831/2797/2841 2829/2793/2837
f 2832/2794/2839 2829/2793/2837 2831/2797/2841
f 2475/2799/2607 2828/2791/2836 2476/2327/2487
f 2828/2791/2836 2478/2351/2511 2476/2327/2487
f 2821/2789/2835 2834/2792/2838 2498/2800/2843
f 2495/2346/2506 2834/2792/2838 2832/2794/2839
f 2835/2801/2844 2832/2794/2839 2831/2797/2841
f 2835/2801/2844 2831/2797/2841 2833/2795/2840
f 2726/2655/2739 2837/2803/2845 2833/2795/2840
f 2620/2806/2635 2830/2796/2842 2829/2793/2837
f 2821/2789/2835 2623/2807/2637 2620/2806/2635
f 2820/2786/2625 2839/2808/2847 2623/2807/2637
f 2495/2346/2506 2735/2810/2747 2737/2345/2505
f 2835/2801/2844 2787/2811/2848 2832/2794/2839
f 2840/2815/2850 2723/2652/2738 2724/2653/2737
f 2725/2651/2736 2723/2652/2738 2840/2815/2850
f 2725/2651/2736 2840/2815/2850 2841/2813/2849
f 2726/2655/2739 2841/2813/2849 2842/2817/2853
f 2617/2816/2852 2615/2898/2633 2842/2817/2853
f 2634/2878/2649 2842/2817/2853 2636/2899/2651
f 2615/2898/2633 2636/2899/2651 2842/2817/2853
f 2846/2825/2857 2845/2823/2856 2844/2824/2855
f 2845/2823/2856 2847/2294/2455 2848/2831/2862
f 2848/2831/2862 2849/2832/2861 2845/2823/2856
f 2849/2832/2861 2850/2879/2859 2845/2823/2856
f 2843/2822/2854 2851/2826/2858 2460/2310/2470
f 2366/2829/2376 2844/2824/2855 2460/2310/2470
f 2364/2290/2373 2852/2293/2453 2844/2824/2855
f 2848/2831/2862 2847/2294/2455 2853/2830/2860
f 2443/2295/2454 2853/2830/2860 2847/2294/2455
f 2453/2304/2464 2849/2832/2861 2853/2830/2860
f 2850/2879/2859 2849/2832/2861 2454/2306/2466
f 2461/2311/2471 2851/2826/2858 2854/2833/2863
f 2561/2836/2574 2623/2807/2637 2558/2779/2571
f 2750/2840/2801 2792/2842/2803 2856/2839/2865
f 2857/2843/2866 2745/2845/2755 2856/2839/2865
f 2747/2678/2758 2856/2839/2865 2745/2845/2755
f 2791/2841/2805 2795/2848/2807 2857/2843/2866
f 2794/2847/2806 2785/2846/2798 2857/2843/2866
f 2618/2491/2634 2858/2851/2851 2724/2849/2737
f 1028/1313/955 1011/1347/989 1017/1314/956
f 1012/1316/958 1010/1369/1010 1006/1317/959
f 956/1319/961 955/1533/1019 967/1320/962
f 990/1322/964 998/1406/1046 988/1323/965
f 970/1325/967 971/1340/982 968/1326/968
f 1030/1328/970 1031/1404/1044 997/1329/971
f 1088/1331/973 992/1338/980 991/1332/974
f 1026/1334/976 1025/1443/1079 1036/1335/977
f 1142/1337/979 1138/1399/1039 991/1332/974
f 977/1339/981 972/1393/1034 971/1340/982
f 959/1321/963 1125/1384/1025 958/1341/983
f 1021/1342/984 1023/1512/1073 1037/1343/985
f 1036/1335/977 1025/1443/1079 1038/1345/987
f 1011/1347/989 1028/1313/955 1002/1348/990
f 1005/1349/960 1004/1462/1062 1065/1350/991
f 1106/1352/993 1033/1396/1036 1032/1353/994
f 1024/1355/996 1026/1334/976 1070/1356/997
f 978/1358/999 981/1410/1050 980/1359/1000
f 1041/1360/1001 1043/1372/1013 1042/1361/1002
f 1084/1362/1003 1085/1471/1095 1086/1363/1004
f 1077/1365/1006 1071/1409/1049 1072/1366/1007
f 1009/1368/1009 1011/1347/989 1006/1317/959
f 1045/1370/1011 1046/1455/1088 1044/1371/1012
f 1014/1373/1014 1015/1430/992 1011/1347/989
f 1027/1315/957 1017/1314/956 1020/1374/1015
f 1126/1375/1016 966/1391/1032 963/1376/1017
f 1059/1380/1021 1048/2900/1060 1062/1381/1022
f 1064/1387/1028 1044/1371/1012 1052/1388/1029
f 1069/1390/1031 1070/1356/997 1042/1361/1002
f 973/1392/1033 964/1427/1067 971/1340/982
f 1038/1345/987 1025/1443/1079 1020/1374/1015
f 1106/1352/993 1075/1408/1048 1076/1395/1035
f 982/1400/1040 978/1358/999 974/1397/1037
f 1000/1402/1042 998/1406/1046 990/1322/964
f 1031/1404/1044 995/1412/1052 996/1405/1045
f 998/1406/1046 1000/1402/1042 1001/1407/1047
f 1075/1408/1048 1065/1350/991 1072/1366/1007
f 993/1411/1051 980/1359/1000 981/1410/1050
f 999/1403/1043 1003/1423/1063 1001/1407/1047
f 1033/1396/1036 1076/1395/1035 1080/1416/1056
f 993/1411/1051 1008/1480/1099 994/1417/1057
f 1142/1337/979 992/1338/980 1086/1363/1004
f 1061/1419/1059 1062/2901/1022 1048/1420/1060
f 1004/1422/1062 1002/1348/990 1001/1407/1047
f 1095/1424/1064 1087/1418/1058 1081/1425/1065
f 965/1377/1018 963/1376/1017 964/1427/1067
f 973/1392/1033 975/1398/1038 962/1428/1068
f 1058/1382/1023 1041/1360/1001 1035/1336/978
f 1033/1396/1036 1008/1480/1099 993/1411/1051
f 1054/1440/1076 1053/1458/1091 1050/1441/1077
f 1040/1438/1074 1060/2902/1094 1059/1380/1021
f 1024/1355/996 1020/1374/1015 1025/1443/1079
f 1067/1445/1080 1038/1470/987 1037/1343/985
f 1062/1381/1022 1061/1463/1059 1055/1447/1082
f 1083/1449/1084 1091/1484/1101 1092/1450/1085
f 987/1452/1087 988/1323/965 997/1329/971
f 1047/1442/1078 1050/1441/1077 1049/1453/1061
f 1066/1446/1081 1074/1472/1096 1068/1456/1089
f 964/1427/1067 963/1376/1017 968/1326/968
f 1003/1460/1063 999/1474/1043 1079/1461/1093
f 1064/1387/1028 1042/1361/1002 1043/1372/1013
f 986/1415/1055 996/1405/1045 995/1412/1052
f 1002/1348/990 1029/1439/1075 1007/1330/972
f 985/1413/1053 974/1397/1037 973/1392/1033
f 1081/1425/1065 1087/1418/1058 1086/1363/1004
f 998/1406/1046 1007/1330/972 997/1329/971
f 1067/1445/1080 1068/1456/1089 1063/1389/1030
f 1056/1448/1083 1055/1447/1082 1053/1458/1091
f 1066/1446/1081 1037/1343/985 1015/1351/992
f 976/1477/1098 1080/1416/1056 1076/1395/1035
f 991/1332/974 1138/1399/1039 978/1358/999
f 982/1400/1040 984/1401/1041 983/1414/1054
f 1083/1449/1084 1082/1426/1066 970/1481/967
f 1082/1426/1066 1081/1425/1065 977/1483/981
f 977/1483/981 1081/1425/1065 1080/1416/1056
f 1109/1508/1119 1112/1518/1124 1110/1509/1120
f 1026/1334/976 1035/1336/978 1042/1361/1002
f 979/1333/975 980/1359/1000 994/1417/1057
f 1043/1372/1013 1041/1360/1001 1057/1459/1092
f 1063/1389/1030 1052/1388/1029 1060/1465/1094
f 976/1516/1098 989/1324/966 988/1323/965
f 1125/1384/1025 959/1321/963 966/1391/1032
f 969/1327/969 968/1326/968 967/1320/962
f 1094/1487/1102 1082/1426/1066 1083/1449/1084
f 976/1516/1098 987/1452/1087 972/1393/1034
f 968/1326/968 963/1376/1017 966/1391/1032
f 1039/1346/988 1060/2902/1094 1040/1438/1074
f 987/1452/1087 996/1405/1045 986/1415/1055
f 2996/2903/2867 2993/2904/2868 2991/2905/2869
f 2865/2906/2870 2862/2907/2871 2864/2908/2872
f 2933/2909/2873 2992/2910/2874 3032/2911/2875
f 2859/2912/2876 2861/2913/2877 2862/2907/2871
f 2863/2914/2878 2862/2907/2871 2861/2913/2877
f 2862/2907/2871 2863/2914/2878 2864/2908/2872
f 2864/2908/2872 2866/2915/2879 2865/2906/2870
f 2866/2915/2879 2864/2908/2872 2867/2916/2880
f 2868/2917/2881 2866/2915/2879 2867/2916/2880
f 2867/2918/2880 2864/2908/2872 2869/2919/2882
f 2863/2914/2878 2869/2919/2882 2864/2908/2872
f 2869/2919/2882 2863/2914/2878 2870/2920/2883
f 2863/2914/2878 2871/2921/2884 2870/2920/2883
f 2872/2922/2885 2871/2921/2884 2863/2914/2878
f 2861/2913/2877 2872/2922/2885 2863/2914/2878
f 2872/2922/2885 2861/2913/2877 2873/2923/2886
f 2859/2912/2876 2873/2923/2886 2861/2913/2877
f 2873/2923/2886 2859/2912/2876 3036/2924/2887
f 2874/2925/2888 2866/2915/2879 2868/2917/2881
f 2875/2926/2889 2866/2915/2879 2874/2925/2888
f 2875/2926/2889 2874/2925/2888 2876/2927/2890
f 2877/2928/2891 2875/2926/2889 2876/2927/2890
f 2878/2929/2892 2877/2928/2891 2876/2927/2890
f 2876/2927/2890 2874/2925/2888 2878/2929/2892
f 2878/2929/2892 2874/2925/2888 2879/2930/2893
f 2879/2930/2893 2874/2925/2888 2868/2931/2881
f 2875/2926/2889 2877/2928/2891 2880/2932/2894
f 2881/2933/2895 2882/2934/2896 2883/2935/2897
f 2883/2935/2897 2882/2934/2896 2884/2936/2898
f 2882/2934/2896 2885/2937/2899 2884/2936/2898
f 2882/2934/2896 2886/2938/2900 2885/2937/2899
f 2885/2937/2899 2886/2938/2900 2887/2939/2901
f 2886/2938/2900 2888/2940/2902 2887/2939/2901
f 2886/2938/2900 2879/2930/2893 2888/2940/2902
f 2889/2941/2903 2879/2930/2893 2886/2938/2900
f 2878/2929/2892 2879/2930/2893 2889/2941/2903
f 2890/2942/2904 2878/2929/2892 2889/2941/2903
f 2878/2929/2892 2890/2942/2904 2877/2928/2891
f 2890/2942/2904 2891/2943/2905 2877/2928/2891
f 2891/2943/2905 2880/2932/2894 2877/2928/2891
f 2880/2932/2894 2891/2943/2905 2892/2944/2906
f 2893/2945/2907 2892/2944/2906 2891/2943/2905
f 2891/2943/2905 2894/2946/2908 2893/2945/2907
f 2894/2946/2908 2891/2943/2905 2895/2947/2909
f 2895/2947/2909 2896/2948/2910 2894/2946/2908
f 2891/2943/2905 2890/2942/2904 2895/2947/2909
f 2890/2942/2904 2896/2948/2910 2895/2947/2909
f 2889/2941/2903 2896/2948/2910 2890/2942/2904
f 2896/2948/2910 2889/2941/2903 2897/2949/2911
f 2886/2938/2900 2897/2949/2911 2889/2941/2903
f 2897/2949/2911 2886/2938/2900 2882/2934/2896
f 2882/2934/2896 2898/2950/2912 2897/2949/2911
f 2898/2950/2912 2882/2934/2896 2881/2933/2895
f 2898/2950/2912 2881/2933/2895 2899/2951/2913
f 2899/2951/2913 2881/2933/2895 2900/2952/2914
f 2881/2933/2895 2883/2935/2897 2900/2952/2914
f 2898/2950/2912 2896/2948/2910 2897/2949/2911
f 2896/2948/2910 2898/2950/2912 2894/2946/2908
f 2901/2953/2915 2894/2946/2908 2898/2950/2912
f 2899/2951/2913 2902/2954/2916 2898/2950/2912
f 2899/2951/2913 2903/2955/2917 2902/2954/2916
f 2902/2954/2916 2903/2955/2917 2904/2956/2918
f 2905/2957/2919 2902/2954/2916 2904/2956/2918
f 2898/2950/2912 2902/2954/2916 2905/2957/2919
f 2906/2958/2920 2898/2950/2912 2905/2957/2919
f 2898/2950/2912 2906/2958/2920 2901/2953/2915
f 2906/2958/2921 2907/2959/2922 2901/2953/2923
f 2907/2959/2922 2894/2946/2924 2901/2953/2923
f 2908/2960/2925 2894/2946/2924 2907/2959/2922
f 2894/2946/2924 2908/2960/2925 2893/2945/2926
f 2908/2960/2925 2909/2961/2927 2893/2945/2926
f 2892/2944/2906 2893/2945/2907 2909/2961/2928
f 2910/2962/2929 2892/2944/2906 2909/2961/2928
f 2892/2944/2906 2910/2962/2929 2880/2932/2894
f 2910/2962/2929 2911/2963/2930 2880/2932/2894
f 2911/2963/2930 2875/2926/2889 2880/2932/2894
f 2875/2926/2889 2911/2963/2930 2912/2964/2931
f 2912/2964/2931 2866/2915/2879 2875/2926/2889
f 2913/2965/2932 2911/2963/2930 2910/2962/2929
f 2914/2966/2933 2911/2963/2930 2915/2967/2934
f 2911/2963/2930 2914/2966/2933 2912/2964/2931
f 2916/2968/2935 2913/2965/2936 2917/2969/2937
f 2913/2965/2936 2918/2970/2938 2917/2969/2937
f 2918/2970/2938 2913/2965/2936 2910/2962/2939
f 2910/2962/2939 2919/2971/2940 2918/2970/2938
f 2919/2971/2940 2910/2962/2939 2909/2961/2927
f 2909/2961/2927 2908/2960/2925 2919/2971/2940
f 2991/2905/2869 2977/2972/2941 2964/2973/2942
f 2915/2967/2934 2920/2974/2943 2914/2966/2933
f 2915/2967/2934 2922/2975/2944 2920/2974/2943
f 2922/2975/2944 2915/2967/2934 2911/2963/2930
f 2922/2975/2944 2911/2963/2930 2923/2976/2945
f 2911/2963/2930 2913/2965/2932 2923/2976/2945
f 2924/2977/2946 2923/2976/2945 2913/2965/2932
f 2913/2965/2936 2916/2968/2935 2924/2977/2947
f 2916/2968/2935 2925/2978/2948 2924/2977/2947
f 2925/2978/2948 2916/2968/2935 2926/2979/2949
f 2916/2968/2935 2927/2980/2950 2926/2979/2949
f 2927/2980/2950 2916/2968/2935 2917/2969/2937
f 2917/2969/2937 2928/2981/2951 2927/2980/2950
f 2928/2981/2951 2917/2969/2937 2918/2970/2938
f 2918/2970/2938 2929/2982/2952 2928/2981/2951
f 2929/2982/2952 2918/2970/2938 2919/2971/2940
f 2919/2971/2940 2930/2983/2953 2929/2982/2952
f 2930/2983/2953 2919/2971/2940 2908/2960/2925
f 2908/2960/2925 2931/2984/2954 2930/2983/2953
f 2931/2984/2954 2908/2960/2925 2907/2959/2922
f 2907/2959/2922 2906/2958/2921 2931/2984/2954
f 2932/2985/2955 2922/2975/2944 2923/2976/2945
f 2933/2909/2873 2921/2986/2956 2934/2987/2957
f 2934/2987/2957 2921/2986/2956 2920/2974/2943
f 2920/2974/2943 2922/2975/2944 2934/2987/2957
f 2934/2987/2957 2922/2975/2944 2932/2985/2955
f 2932/2985/2955 2935/2988/2958 2934/2987/2957
f 2935/2988/2958 2932/2985/2955 2936/2989/2959
f 2923/2976/2945 2936/2989/2959 2932/2985/2955
f 2936/2989/2959 2923/2976/2945 2937/2990/2960
f 2937/2990/2960 2923/2976/2945 2924/2977/2946
f 2925/2978/2961 2937/2990/2960 2924/2977/2946
f 2925/2978/2961 2938/2991/2962 2937/2990/2960
f 2934/2987/2957 2939/2992/2963 2933/2909/2873
f 2934/2987/2957 2940/2993/2964 2939/2992/2963
f 2940/2993/2964 2934/2987/2957 2935/2988/2958
f 2935/2988/2958 2941/2994/2965 2940/2993/2964
f 2941/2994/2965 2935/2988/2958 2942/2995/2966
f 2936/2989/2959 2942/2995/2966 2935/2988/2958
f 2942/2995/2966 2936/2989/2959 2943/2996/2967
f 2937/2990/2960 2943/2996/2967 2936/2989/2959
f 2943/2996/2967 2937/2990/2960 2944/2997/2968
f 2938/2991/2962 2944/2997/2968 2937/2990/2960
f 2944/2997/2968 2938/2991/2962 2945/2998/2969
f 2866/2915/2879 2912/2964/2931 2914/2966/2933
f 2914/2966/2933 2865/2906/2870 2866/2915/2879
f 2978/2999/2970 2964/2973/2942 2977/2972/2941
f 2939/3000/2963 2990/3001/2971 2946/3002/2972
f 2920/2974/2943 2921/2986/2956 2914/2966/2933
f 2947/3003/2973 2948/3004/2974 2949/3005/2975
f 2948/3004/2974 2950/3006/2976 2949/3005/2975
f 2904/3007/2918 2950/3006/2976 2948/3004/2974
f 2904/3007/2918 2948/3004/2974 2905/3008/2919
f 2905/3008/2919 2948/3004/2974 2947/3003/2973
f 2947/3003/2973 2906/3009/2920 2905/3008/2919
f 2906/3009/2920 2947/3003/2973 2951/3010/2977
f 2952/3011/2978 2906/3009/2921 2951/3010/2979
f 2953/3012/2980 2952/3011/2978 2951/3010/2979
f 2953/3012/2980 2954/3013/2981 2952/3011/2978
f 2954/3013/2981 2953/3012/2980 2955/3014/2982
f 2956/3015/2983 2954/3013/2981 2955/3014/2982
f 2955/3014/2984 2957/3016/2985 2956/3015/2986
f 2956/3015/2986 2957/3016/2985 2958/3017/2987
f 2959/3018/2988 2958/3017/2987 2957/3016/2985
f 2959/3018/2988 2960/3019/2989 2958/3017/2987
f 2961/3020/2990 2960/3019/2989 2959/3018/2988
f 2960/3019/2989 2961/3020/2990 2962/3021/2991
f 2963/3022/2992 2962/3021/2991 2961/3020/2990
f 2964/2973/2942 2960/3019/2989 2962/3021/2991
f 2960/3019/2989 2964/2973/2942 2965/3023/2993
f 2954/3013/2981 2956/3015/2983 2966/3024/2994
f 2958/3017/2995 2966/3024/2994 2956/3015/2983
f 2966/3024/2994 2958/3017/2995 2967/3025/2996
f 2968/3026/2997 2961/3020/2990 2969/3027/2998
f 2963/3022/2992 2961/3020/2990 2968/3026/2997
f 2963/3022/2992 2968/3026/2997 2970/3028/2999
f 2971/3029/3000 2961/3020/2990 2959/3018/2988
f 2961/3020/2990 2971/3029/3000 2969/3027/2998
f 2971/3029/3000 2972/3030/3001 2969/3027/2998
f 2972/3030/3001 2968/3026/2997 2969/3027/2998
f 2973/3031/3002 2968/3026/2997 2972/3030/3001
f 2970/3032/2999 2968/3026/2997 2973/3031/3002
f 2960/3019/2989 2974/3033/3003 2958/3017/2987
f 2974/3033/3004 2967/3025/2996 2958/3017/2995
f 2967/3025/2996 2974/3033/3004 2975/3034/3005
f 2974/3033/3004 2976/3035/3006 2975/3034/3005
f 2933/2909/2873 2865/2906/2870 2921/2986/2956
f 2964/2973/2942 2978/2999/2970 2965/3023/2993
f 2979/3036/3007 2965/3023/2993 2978/2999/2970
f 2965/3023/2993 2979/3036/3007 2960/3019/2989
f 2980/3037/3008 2960/3019/2989 2979/3036/3007
f 2974/3033/3003 2960/3019/2989 2980/3037/3008
f 2974/3033/3003 2980/3037/3008 2981/3038/3009
f 2976/3035/3006 2974/3033/3004 2981/3038/3010
f 2925/3039/2948 2976/3035/3006 2981/3038/3010
f 2976/3035/3006 2925/3039/2948 2926/3040/2949
f 2927/3041/2950 2976/3035/3006 2926/3040/2949
f 2976/3035/3006 2927/3041/2950 2975/3034/3005
f 2928/3042/2951 2975/3034/3005 2927/3041/2950
f 2975/3034/3005 2928/3042/2951 2967/3025/2996
f 2929/3043/2952 2967/3025/2996 2928/3042/2951
f 2967/3025/2996 2929/3043/2952 2966/3024/2994
f 2930/3044/2953 2966/3024/2994 2929/3043/2952
f 2966/3024/2994 2930/3044/2953 2954/3013/2981
f 2931/3045/2954 2954/3013/2981 2930/3044/2953
f 2954/3013/2981 2931/3045/2954 2952/3011/2978
f 2906/3009/2921 2952/3011/2978 2931/3045/2954
f 2982/3046/3011 2983/3047/3012 2984/3048/3013
f 2984/3048/3013 2985/3049/3014 2982/3046/3011
f 2980/3037/3008 2982/3046/3011 2985/3049/3014
f 2981/3038/3009 2980/3037/3008 2985/3049/3014
f 2981/3038/3009 2985/3049/3014 2925/3039/2961
f 2985/3049/3014 2938/3050/2962 2925/3039/2961
f 2986/3051/3015 2938/3050/2962 2985/3049/3014
f 2938/3050/2962 2986/3051/3015 2945/3052/2969
f 2985/3049/3014 2984/3048/3013 2986/3051/3015
f 2941/3053/2965 2987/3054/3016 2940/3055/2964
f 2987/3054/3016 2941/3053/2965 2983/3047/3012
f 2983/3047/3012 2982/3046/3011 2987/3054/3016
f 2988/3056/3017 2987/3054/3016 2982/3046/3011
f 2982/3046/3011 2980/3037/3008 2988/3056/3017
f 2980/3037/3008 2979/3036/3007 2988/3056/3017
f 2988/3056/3017 2979/3036/3007 2989/3057/3018
f 2989/3057/3018 2979/3036/3007 2978/2999/2970
f 2978/2999/2970 2977/2972/2941 2989/3057/3018
f 2977/2972/2941 2990/3001/2971 2989/3057/3018
f 2939/3000/2963 2989/3057/3018 2990/3001/2971
f 2940/3055/2964 2989/3057/3018 2939/3000/2963
f 2989/3057/3018 2940/3055/2964 2987/3054/3016
f 2987/3054/3016 2988/3056/3017 2989/3057/3018
f 2962/3021/2991 2963/3022/2992 2964/2973/2942
f 2991/2905/2869 2964/2973/2942 2963/3022/2992
f 2865/2906/2870 2914/2966/2933 2921/2986/2956
f 2990/3001/2971 2977/2972/2941 2991/2905/2869
f 2990/3001/2971 2992/3058/2874 2946/3002/2972
f 2933/2909/2873 2939/2992/2963 2946/3059/2972
f 2993/2904/2868 2994/3060/3019 2995/3061/3020
f 2994/3060/3019 2993/2904/2868 2996/2903/2867
f 2992/2910/2874 2933/2909/2873 2946/3059/2972
f 3033/3062/3021 2992/3058/2874 2990/3001/2971
f 2963/3022/2992 2996/2903/2867 2991/2905/2869
f 2996/2903/2867 2963/3022/2992 2998/3063/3022
f 2963/3022/2992 2970/3028/2999 2998/3063/3022
f 2996/2903/2867 2998/3064/3022 2999/3065/3023
f 2999/3065/3023 2994/3060/3019 2996/2903/2867
f 2994/3060/3019 2999/3065/3023 3000/3066/3024
f 3000/3066/3024 3001/3067/3025 2994/3060/3019
f 2994/3060/3019 3001/3067/3025 3002/3068/3026
f 2994/3060/3019 3002/3068/3026 2995/3061/3020
f 3003/3069/3027 2995/3061/3020 3002/3068/3026
f 2995/3061/3020 3003/3069/3027 2997/3070/3028
f 2995/3061/3020 2997/3070/3028 2993/2904/2868
f 3003/3069/3027 2860/3071/3029 3036/3072/2887
f 3003/3073/3027 3002/3074/3026 3001/3075/3025
f 3003/3076/3027 3004/3077/3030 3037/3078/3031
f 3001/3079/3025 3004/3077/3030 3003/3076/3027
f 3005/3080/3032 3004/3081/3030 3001/3075/3025
f 3005/3080/3032 3001/3075/3025 3000/3082/3024
f 3000/3082/3024 3006/3083/3033 3005/3080/3032
f 3006/3083/3033 3000/3082/3024 2999/3084/3023
f 2998/3085/3022 3006/3083/3033 2999/3084/3023
f 2998/3085/3022 3007/3086/3034 3006/3083/3033
f 3007/3086/3034 3005/3080/3032 3006/3083/3033
f 3005/3080/3032 3007/3086/3034 3008/3087/3035
f 3005/3080/3032 3008/3087/3035 3009/3088/3036
f 3009/3088/3036 3008/3087/3035 3010/3089/3037
f 3007/3086/3034 3010/3089/3037 3008/3087/3035
f 3010/3089/3037 3007/3086/3034 3011/3090/3038
f 3009/3091/3036 3012/3092/3039 3005/3080/3032
f 3004/3081/3030 3005/3080/3032 3012/3092/3039
f 3010/3089/3037 3012/3093/3039 3009/3094/3036
f 3012/3093/3039 3010/3089/3037 3004/3095/3030
f 3037/3096/3031 3004/3097/3030 2873/3098/2886
f 2873/3098/2886 3004/3097/3030 2871/3099/2884
f 2871/3100/2884 3004/3095/3030 3010/3089/3037
f 2870/3101/2883 2871/3100/2884 3010/3089/3037
f 3011/3090/3038 2870/3101/2883 3010/3089/3037
f 2870/3101/2883 3011/3090/3038 2869/3102/2882
f 2869/3102/2882 3011/3090/3038 2867/3103/2880
f 3007/3086/3034 2867/3103/2880 3011/3090/3038
f 2867/3103/2880 3007/3086/3034 3013/3104/3040
f 3007/3086/3034 2998/3085/3022 3013/3104/3040
f 2998/3085/3022 3014/3105/3041 3013/3104/3040
f 2998/3085/3022 2970/3106/2999 3014/3105/3041
f 2970/3106/2999 3015/3107/3042 3014/3105/3041
f 3015/3107/3042 2970/3106/2999 2973/3108/3002
f 3016/3109/3043 3015/3107/3042 2973/3108/3002
f 3015/3107/3042 3016/3109/3043 3017/3110/3044
f 3015/3107/3042 3017/3110/3044 3018/3111/3045
f 3015/3107/3042 3018/3111/3045 3019/3112/3046
f 3018/3111/3045 3020/3113/3047 3019/3112/3046
f 2871/3100/2884 2872/3114/2885 2873/3115/2886
f 3014/3105/3041 2867/3103/2880 3013/3104/3040
f 2868/3116/2881 2867/3103/2880 3014/3105/3041
f 3015/3107/3042 2868/3116/2881 3014/3105/3041
f 2868/3116/2881 3015/3107/3042 2879/3117/2893
f 2879/3117/2893 3015/3107/3042 2888/3118/2902
f 2887/3119/2901 2888/3118/2902 3015/3107/3042
f 2885/3120/2899 2887/3119/2901 3015/3107/3042
f 2883/3121/2897 2885/3120/2899 3015/3107/3042
f 2883/3121/2897 2884/3122/2898 2885/3120/2899
f 2900/3123/2914 2883/3121/2897 2899/3124/2913
f 2883/3121/2897 2904/3125/2918 2899/3124/2913
f 2904/3125/2918 2883/3121/2897 3015/3107/3042
f 3019/3112/3046 2904/3125/2918 3015/3107/3042
f 2904/3125/2918 3019/3112/3046 2949/3126/2975
f 2949/3126/2975 3019/3112/3046 3021/3127/3048
f 2904/3125/2918 2903/3128/2917 2899/3124/2913
f 2949/3126/2975 2950/3129/2976 2904/3125/2918
f 3022/3130/3049 3023/3131/3050 2971/3029/3000
f 2959/3018/2988 3022/3130/3049 2971/3029/3000
f 3022/3130/3049 2959/3018/2988 2957/3016/2985
f 2957/3016/2985 2955/3014/2984 3022/3130/3049
f 2953/3012/3051 3022/3130/3049 2955/3014/2984
f 3022/3130/3049 2953/3012/3051 3024/3132/3052
f 2953/3012/3053 3025/3133/3054 3024/3132/3052
f 3024/3132/3052 3025/3133/3054 3023/3131/3050
f 3025/3133/3054 3026/3134/3055 3023/3131/3050
f 3026/3134/3055 3025/3133/3054 3027/3135/3056
f 3025/3133/3054 2947/3003/2973 3027/3135/3056
f 2947/3003/2973 3025/3133/3054 2953/3012/3053
f 2947/3003/2973 2953/3012/3053 2951/3010/2977
f 3023/3131/3050 3022/3130/3049 3024/3132/3052
f 3027/3135/3056 3028/3136/3057 3026/3134/3055
f 3028/3136/3057 3027/3135/3056 3029/3137/3058
f 2947/3003/2973 3029/3137/3058 3027/3135/3056
f 3029/3137/3058 2947/3003/2973 3030/3138/3059
f 3030/3138/3059 2947/3003/2973 2949/3005/2975
f 3021/3139/3048 3030/3138/3059 2949/3005/2975
f 3021/3139/3048 3019/3140/3046 3030/3138/3059
f 3019/3140/3046 3029/3137/3058 3030/3138/3059
f 3020/3141/3047 3029/3137/3058 3019/3140/3046
f 3020/3141/3047 3018/3142/3045 3029/3137/3058
f 3018/3142/3045 3028/3136/3057 3029/3137/3058
f 3017/3143/3044 3028/3136/3057 3018/3142/3045
f 3017/3143/3044 3016/3144/3043 3028/3136/3057
f 2973/3031/3002 3028/3136/3057 3016/3144/3043
f 2973/3031/3002 3026/3134/3055 3028/3136/3057
f 2973/3031/3002 2972/3030/3001 3026/3134/3055
f 2972/3030/3001 3023/3131/3050 3026/3134/3055
f 3023/3131/3050 2972/3030/3001 2971/3029/3000
f 2945/3145/2969 3031/3146/3060 2944/3147/2968
f 2943/3148/2967 2944/3147/2968 3031/3146/3060
f 2943/3148/2967 3031/3146/3060 2942/3149/2966
f 2941/3150/2965 2942/3149/2966 3031/3146/3060
f 3031/3146/3060 2983/3151/3012 2941/3150/2965
f 2983/3151/3012 3031/3146/3060 2984/3152/3013
f 3031/3146/3060 2986/3153/3015 2984/3152/3013
f 2986/3153/3015 3031/3146/3060 2945/3145/2969
f 2991/2905/2869 3033/3062/3021 2990/3001/2971
f 2865/2906/2870 2933/2909/2873 3032/2911/2875
f 2865/2906/2870 3032/2911/2875 2862/2907/2871
f 2862/2907/2871 3032/2911/2875 2859/2912/2876
f 2997/3070/3028 3033/3062/3021 2993/2904/2868
f 3033/3062/3021 2991/2905/2869 2993/2904/2868
f 3033/3062/3021 3034/3154/3061 2992/3058/2874
f 2992/2910/2874 3034/3155/3061 3032/2911/2875
f 3033/3062/3021 3035/3156/3062 3034/3154/3061
f 3034/3155/3061 3035/3157/3062 3032/2911/2875
f 3032/2911/2875 3035/3157/3062 2859/2912/2876
f 2997/3070/3028 3035/3156/3062 3033/3062/3021
f 3035/3157/3062 3036/2924/2887 2859/2912/2876
f 3035/3156/3062 2997/3070/3028 3036/3072/2887
f 3003/3069/3027 3036/3072/2887 2997/3070/3028
f 2873/2923/2886 3036/2924/2887 2860/3158/3029
f 2860/3159/3029 3003/3076/3027 3037/3078/3031
f 2860/3160/3029 3037/3096/3031 2873/3098/2886
